creator,tiktok_video_id,date_posted,product,gross_revenue,sku_orders,cost,roi,video_title
มิ้น,7602199520134368533,2026-02-02,หนังสือ กับดักความรู้สึกผิด (เขียนโดย หมอทานตะวัน),52590.38,151,23096.26,2.28,“มนุษย์ที่เป็นคนดีมักจะรู้สึกผิด” แรงบันดาลใจในการเขียนหนังสือ #กับดักความรู้สึกผิด #หมอทานตะวัน   หนังสือที่ช่วยให้เราเปลี่ยน  “ความรู้สึกผิด” ให้กลายเป็น  พลังที่ทำให้เรา “ไม่กลับมาทำพลาดอีก” :)  #opendurianhowto #เล่มใหม่ #books  
ไม่ระบุ,7604822252533681428,2026-02-09,หนังสือ กับดักความรู้สึกผิด (เขียนโดย หมอทานตะวัน),37756.15,110,10549.07,3.57,หนังสือ กับดักความรู้สึกผิด (เขียนโดย หมอทานตะวัน)
ไม่ระบุ,7615196438942862613,2026-03-09,หนังสือ กับดักความรู้สึกผิด (เขียนโดย หมอทานตะวัน),26537.75,74,8898.97,2.99,❤️‍🩹 เกิดภาวะ “ซึมเศร้า”  เพราะรู้สึกผิดโดยไม่รู้ตัว . . . . 💬 มองตัวเองในแง่ลบเกินไป   💬 มักชอบโทษตัวเองเกินจริง    . 📖 หนังสือเล่มนี้ ที่หมอแนะนำให้เป็นเพื่อนคุณ   จะช่วยให้ได้ดูแลจิตใจตัวเอง และดึงสติ  ให้เราได้กลับมารัก และเมตตาตัวเองอีกครั้ง    . 💬 มาฟังคำแนะนำจากคุณหมอไปพร้อมกัน 👩‍⚕️ ในบทสัมภาษณ์จาก ‘คุณหมอทานตะวัน’ (ผศ.พญ.ทานตะวัน อวิรุทธ์วรกุล) . 🩺 ผศ.ด้านจิตเวชศาสตร์ คณะแพทยศาสตร์ โรงพยาบาลรามาธิบดี มหาวิทยาลัยมหิดล ที่มีประสบการณ์มายาวนานกว่า 20 ปี     . 🩵 เจ้าของเพจ ‘ยิ่งโตยิ่งสุขโดย พญ.ทานตะวัน’ สู่แรงบันดาลใจในการเขียนหนังสือเล่มใหม่ล่าสุด ✨  หนังสือ “กับดักความรู้สึกผิด” 📖 .  ❤️‍🩹 หนังสือเล่มนี้ จะช่วยให้คุณได้เยียวยา  ก้าวข้ามความรู้สึกผิด ปลดล็อกปมในใจ เห็นประตูสู่การให้อภัย และเติบโตอย่างแท้จริง . ⚠️ ผ่านการรวบรวมเรื่องราวสำคัญกว่า 7 บท    🗒️ เนื้อหาอ่านง่าย มาพร้อมภาพประกอบการอธิบาย 🗒️ สอดแทรก Case Studies ตัวอย่างจริงให้เราเข้าใจ . ✔︎ ก้าวข้ามความรู้สึกผิดได้ผ่านแนวคิดจิตวิทยา ✔︎ เข้าใจที่มาและเรียนรู้รับมือกับความรู้สึกผิดได้ถูกวิธี  ✔︎ ปรับความคิดและดูแลใจเมื่อความรู้สึกผิดเกิดขึ้น ✔︎ ปลดล็อกปมในใจ ก้าวสู่การให้อภัยและการเติบโต .  📖 หนังสือ “กับดักความรู้สึกผิด” ⚠️ แถมฟรี ที่คั่นหนังสือ 1 ชิ้น    . 📌 สนใจสั่งซื้อกดตะกร้าหน้าคลิปได้เลย . #กับดักความรู้สึกผิด #TheGuiltTrap #หมอทานตะวัน #opendurianhowto #opendurianbooks 
ริว,7533553000766541074,2025-08-01,หนังสือ Ghostly Brews ยินดีบริการดวงวิญญาณหลังเที่ยงคืน by หมึกซึม,21883.62,72,12735.24,1.72,อยู่คนเดียว…แบบมีความสุขได้ยังไง? #opendurianbooks #opendurianhowto #หนังสือ #หนังสือghostlybrews #GhostlyBrews #ยินดีบริการดวงวิญญาณหลังเที่ยงคืน #หมึกซึม #comic #หนังสือการ์ตูน #หนังสือฮีลใจ #หนังสือพัฒนาตัวเอง 
ริว,7540980278643232018,2025-08-21,[สุดคุ้ม] หนังสือ ปีศาจตัวนั้น คือฉันเอง A Guide to Fight the Demons in My Heart,18286.51,64,8340.82,2.19,📙 ประโยคที่อ่านแล้วจริงมาก ๆ 🫵🏻😤 #opendurianhowto #opendurianbooks #ปีศาจตัวนั้นคือฉันเอง #หนังสือพัฒนาตัวเอง #books
ริว,7571404403677089032,2025-11-11,BOXSET The Witches' Club ชมรมลับเปลี่ยนชีวิต,13281.59,25,10740.62,1.24,30 Boxset สุดท้าย รีบสั่งก่อน sold out ‼️ ที่บอกเลยว่าของแถมเยอะและดีมาก ๆ ทั้งไพ่ทำนายดวง ที่คั่นหนังสือ สติกเกอร์และถุงกำมะหยี่แบบนี้🤩 กับหนังสือฮีลใจเปลี่ยนชีวิต The Witches’ Club 🐱ที่เขาพูดถึงกฎการใช้ชีวิตที่จะทำให้เรามีความสุขได้ด้วยตัวเอง และเปลี่ยนปัญหาที่เราหาทางออกไม่ได้ให้เป็นความสุขเหมือนพลังวิเศษ✨ ซึ่งอ่านแล้วอาจจะทำให้คุณเสียน้ำตา แต่จะทำให้เห็นคุณค่าในตัวเองมากขึ้น บอกเลยว่าต้องมีน้ำตาไหลกันบ้างแหละ รีบสั่งซื้อได้เลยตอนนี้ราคาพิเศษก่อนหมดนะ สนใจพิกัดหน้าคลิปเลยหรือสนใจทักแชตหรือคอมเมนต์สนใจใต้โพสต์ได้เลย🥳🤍 #opendurianhowto #opendurianbooks #หนังสือพัฒนาตัวเอง #books #TheWitchesClub
ริว,7522794467896790280,2025-07-03,[สุดคุ้ม] หนังสือ ปีศาจตัวนั้น คือฉันเอง A Guide to Fight the Demons in My Heart,12499.73,45,5317.05,2.35,วันที่ความกลัวชนะทุกอย่าง…คือวันที่เราหยุดเชื่อว่า การเปลี่ยนแปลงจะพาเราไปเจออะไรที่ดีกว่า 😭 #opendurianhowto #opendurianbooks #หนังสือพัฒนาตัวเอง #หนังสือฮีลใจ #ปีศาจตัวนั้นคือฉันเอง #หนังสือขายดี #MAYI #เมไอ #ฮีลใจ #พัฒนาตัวเอง
ริว,7561394886566628626,2025-10-15,[หนังสือ] ปีศาจตัวนั้น คือฉันเอง 2 A Guide to Overcoming the Return of the Demons,10639.85,37,4399.77,2.42,30 เล่มสุดท้าย รีบสั่งก่อน sold out‼️ กับหนังสือฮีลใจแห่งปี ปีศาจตัวนั้นคือฉันเอง 2 เขาพูดถึงปีศาจที่คอยสร้างพลังลบให้เราอยู่เสมอ แต่จริง ๆ แล้วปีศาจตัวนั้นคือตัวเราเอง ซึ่งอ่านแล้วอาจจะทำให้คุณเสียน้ำตา แต่จะทำให้เห็นคุณค่าในตัวเองมากขึ้น บอกเลยว่าต้องมีน้ำตาไหลกันบ้างแหละ สั่งซื้อได้เลยตอนนี้ราคาพิเศษก่อนหมดนะ สนใจพิกัดหน้าคลิปเลย #OpenDurianHowTo #OpenDurianBooks #ปีศาจตัวนั้นคือฉันเอง2 #MAYI #books 
มิ้น,7549115357982690577,2025-09-12,[หนังสือ] ปีศาจตัวนั้น คือฉันเอง 2 A Guide to Overcoming the Return of the Demons,9360.82,29,1266.15,7.43,ตอบกลับ @RYU   📌ใครอยากรู้ต่างกันยังไง ดูคลิปนี้ได้เลย 🔥 #opendurianhowto #ปีศาจตัวนั้นคือฉันเอง2 #books #หนังสือฮีลใจ #หนังสือพัฒนาตัวเอง 
ไม่ระบุ,7526148650699869461,2025-07-12,หนังสือ Ghostly Brews ยินดีบริการดวงวิญญาณหลังเที่ยงคืน by หมึกซึม,6618.21,24,5816.6,1.13,แด่มนุษย์ที่โดดเดี่ยวและผิดหวัง  :) #opendurianhowto #ghostlybrews #หนังสือฮีลใจ #หมึกซึม #books #opendurianbooks #เล่มใหม่ 
ริว,7577715506006789384,2025-11-28,[หนังสือ] ปีศาจตัวนั้น คือฉันเอง 2 A Guide to Overcoming the Return of the Demons,6380.08,15,3750.4,1.7,คนที่เรารัก ‘แอบไปคุยกับแฟนเก่า‘ ควรรับมือยังไง พิกัดท้ายคลิป #opendurianhowto #opendurianbooks #ปีศาจตัวนั้นคือฉันเอง2 #MAYI #books
ไม่ระบุ,7612281978150292754,2026-03-01,[สุดคุ้ม] หนังสือ ปีศาจตัวนั้น คือฉันเอง A Guide to Fight the Demons in My Heart,5977.18,19,1021.07,5.86,#tiktoklive #livehighlights 
ไม่ระบุ,7550135694962724113,2025-09-15,[หนังสือ] ปีศาจตัวนั้น คือฉันเอง 2 A Guide to Overcoming the Return of the Demons,4714.82,13,2911.09,1.62,📕หนังสือเล่มนี้ทำให้เข้าใจว่า…  “การสูญเสีย มันไม่ได้อยู่เพื่อทำร้ายเราเสมอไป” 😈 #ปีศาจตัวนั้นคือฉันเอง2 #opendurianhowto #books #mayi #หนังสือฮีลใจ 
ริว,7603320113625861397,2026-02-05,หนังสือ กับดักความรู้สึกผิด (เขียนโดย หมอทานตะวัน),4547.36,13,2305.36,1.98,เราจะรักคนอื่น และเมตตาคนอื่นได้ แต่อย่าลืมเมตตาตัวเองด้วย 💭 . 😢 หลายคนที่ได้ยินคำนี้อาจจะร้องไห้  เพราะไม่เคยมองตัวเอง รักตัวเอง และเมตตาตัวเอง .  👩‍⚕️ บทสัมภาษณ์จาก ‘คุณหมอทานตะวัน’ (ผศ.พญ.ทานตะวัน อวิรุทธ์วรกุล) . 🩺 ผศ.ด้านจิตเวชศาสตร์ คณะแพทยศาสตร์ โรงพยาบาลรามาธิบดี มหาวิทยาลัยมหิดล ที่มีประสบการณ์มายาวนานกว่า 20 ปี     . 🩵 เจ้าของเพจ ‘ยิ่งโตยิ่งสุขโดย พญ.ทานตะวัน’ สู่แรงบันดาลใจในการเขียนหนังสือเล่มใหม่ล่าสุด ✨  หนังสือ “กับดักความรู้สึกผิด” 📖 . สิ่งที่ได้รับเมื่ออ่านเล่มนี้ 💬    🚶‍➡️ ก้าวข้ามความรู้สึกผิดได้ผ่านแนวคิดจิตวิทยา 🚶‍➡️ เข้าใจที่มาและเรียนรู้รับมือกับความรู้สึกผิดได้ถูกวิธี  🚶‍➡️ ปรับความคิดและดูแลใจเมื่อความรู้สึกผิดเกิดขึ้น 🚶‍➡️ ปลดล็อกปมในใจ ก้าวสู่การให้อภัยและการเติบโต . 🗒️ เนื้อหาอ่านง่าย มาพร้อมภาพประกอบการอธิบาย 🗒️ สอดแทรก Case Studies ตัวอย่างจริงให้เราเข้าใจ . ⚠️ ผ่านการรวบรวมเรื่องราวสำคัญกว่า 7 บท    • ความรู้สึกผิดหน้าตาเป็นอย่างไร • เหตุแห่งความรู้สึกผิด • อะไรจะเกิดขึ้นหากคุณไม่ได้รู้สึกผิด • ส่งสัญญาณเตือน ความรู้สึกผิดที่เป็นพิษ • วิธีดูแลใจเมื่อความรู้สึกผิดถาโถมใจ • เรื่องราวความรู้สึกผิด กับการปลดล็อกอย่างถูกวิธี • “ความจริงของชีวิต” กับ “ความรู้สึกผิด” . ❤️‍🩹 หนังสือเล่มนี้ จะช่วยให้คุณได้เยียวยา  ก้าวข้ามความรู้สึกผิด ปลดล็อกปมในใจ เห็นประตูสู่การให้อภัย และเติบโตอย่างแท้จริง .  📖 หนังสือ “กับดักความรู้สึกผิด” 📍 ราคาเพียง 359 บาท (ปกติ 399 บาท) ⚠️ แถมฟรี ที่คั่นหนังสือ 1 ชิ้น    . 📌 สนใจสั่งซื้อ ทักแชตได้เลยค่ะ  #กับดักความรู้สึกผิด #TheGuiltTrap #หมอทานตะวัน #opendurianhowto #opendurianbooks 
ริว,7605160478847044884,2026-02-10,หนังสือ กับดักความรู้สึกผิด (เขียนโดย หมอทานตะวัน),4508.29,14,3317.01,1.36,🫂มนุษย์ที่เป็นคนดี มักรู้สึกผิด น่าเสียดายนะ ที่คนคิดถึงคนอื่นเก่งที่สุด กลับเป็นคนที่โทษตัวเองเก่งที่สุดเหมือนกัน เราขอโทษในเรื่องที่ไม่ใช่ความผิด เราฝืนตัวเองเรียกมันว่า “หน้าที่ของคนดี” ความรู้สึกผิดพวกนี้ ไม่ได้ทำให้เราเป็นคนดีขึ้น   . 📘หนังสือ “กับดักความรู้สึกผิด” ไม่ใช่หนังสือสอนให้เลิกเป็นคนดี แต่ช่วยให้คุณเลิกทำร้ายตัวเองจากคำว่า “ต้องเป็นคนดี” . ✨เพราะมันน่าเสียดายเกินไป ถ้าคนดี ต้องเจ็บอยู่คนเดียว การดูแลสุขภาพจิตเริ่มจากการ เลิกเป็นศัตรูกับตัวเองมาอ่านหนังสือเล่มนี้กันนะ ใครสนใจกดสั่งซื้อที่ตะกร้าได้เลย . กับดักความรู้สึกผิด TheGuiltTrap หมอทานตะวัน opendurianhowto opendurianbooks 
ริว,7548767687489375495,2025-09-11,[สุดคุ้ม] หนังสือ ปีศาจตัวนั้น คือฉันเอง A Guide to Fight the Demons in My Heart,4115.34,13,1023.11,4.02,ยังไม่พร้อมที่จะเป็นผู้ใหญ่ แต่ก็อยู่ในวัยที่ทำตัวเป็นเด็กไม่ได้อีกแล้ว👦🏻👨🏻  #opendurianhowto #opendurianbooks #ปีศาจตัวนั้นคือฉันเอง #หนังสือพัฒนาตัวเอง #books
ไม่ระบุ,7506811796737559826,2025-05-21,หนังสือ Ghostly Brews ยินดีบริการดวงวิญญาณหลังเที่ยงคืน by หมึกซึม,4008.9,13,972.35,4.14,…เมื่อคนหมดแพชชัน  ต้องไปเป็นที่ปรึกษา ให้กับดวงวิญญาณ 😱 ที่ร้านกาแฟแห่งหนึ่งที่เปิดตอนเที่ยงคืน 😣 📌สั่งซื้อ #ghostlybrewsยินดีบริการดวงวิญญาณหลังเที่ยงคืน ได้แล้ววันนี้‼️ #opendurianhowto #books #หนังสือฮีลใจ #comic #เรื่องลึกลับ #หนังสือใหม่ #รักตัวเอง #หมึกซึม #ghost #หนังสือพัฒนาตัวเอง 
มิ้น,7567384291366210837,2025-10-31,[หนังสือ] ปีศาจตัวนั้น คือฉันเอง 2 A Guide to Overcoming the Return of the Demons,3990.43,14,1781.21,2.24,✨ 2 ปี กับการเติบโตของหนังสือ  “ปีศาจตัวนั้นคือฉันเอง” 😈  มาฟังความรู้สึกของนักเขียน May-I  ว่ารู้สึกยังไงกันบ้าง 💖 #opendurianhowto #หนังสือฮีลใจ #ปีศาจตัวนั้นคือตัวฉันเอง #books #สัมภาษณ์ 
ริว,7589521979640712469,2025-12-30,BOXSET The Witches' Club ชมรมลับเปลี่ยนชีวิต,3727.99,8,1205.46,3.08,นี่ไม่ใช่แค่ “ไพ่ทำนายดวง” แต่มันคือไพ่ที่ปลอบใจเราได้แม่นมาก ๆ เราลองเปิดมาใบนึงตรงกับใครกันบ้าง 😇✨ #opendurianhowto #opendurianbooks #หนังสือพัฒนาตัวเอง #books #TheWitchesClub
ริว,7531972612533144839,2025-07-28,หนังสือ Ghostly Brews ยินดีบริการดวงวิญญาณหลังเที่ยงคืน by หมึกซึม,3683.08,13,822.56,4.48,รีบสั่งก่อนของหมด‼️ กับหนังสือการ์ตูนฮีลใจที่มาแรงที่สุดในตอนนี้ บอกเลยว่าคุณจะไม่ผิดหวังเพราะอ่านแล้วจะทำให้คุณเห็นคุณค่าในตัวเองแน่นอน #opendurianhowto #opendurianbooks #หนังสือGhostlyBrews #GhostlyBrews #ยินดีบริการดวงวิญญาณหลังเที่ยงคืน #Books #หนังสือฮีลใจ #หนังสือพัฒนาตัวเอง #หนังสือขายดี #หนังสือ 
ริว,7608132464090828053,2026-02-18,[สุดคุ้ม] หนังสือ ปีศาจตัวนั้น คือฉันเอง A Guide to Fight the Demons in My Heart,3118.7,12,1220.99,2.55,เรากลัวไม่ใช่เพราะเราไม่เก่ง  แต่เพราะเราเชื่อว่าเราไม่ดีพอ 💬 . 🙁 เรากลัวเริ่มใหม่ กลัวการเปลี่ยนงาน  กลัวเดินออกจากความสัมพันธ์ ไม่ใช่เพราะเราทำไม่ได้  . แต่เพราะเสียงในหัวคอยบอกว่า …  💭  “แค่นี้ก็ดีแล้ว อย่าไปหวังมาก” และเสียงนั้นไม่ใช่เสียงของใคร  มันคือเสียงที่เราพูดกับตัวเองทุกวัน  . หนังสือ “ปีศาจตัวนั้น คือฉันเอง” 📖  คือหนังสือที่พาเราเผชิญหน้ากับเสียงเหล่านี้   🩹 ไม่ได้บอกให้เราต้องเข้มแข็ง   🩹 ไม่ได้บังคับให้คิดบวก แค่ทำให้เราเห็นว่าเรา  🩹 ไม่จำเป็นต้องดูถูกตัวเองขนาดนั้น  . เล่มนี้เหมาะกับใคร ? 💬 🙁 คนที่รู้สึกเครียด และกดดันจากการใช้ชีวิตทุกวัน 🙁 รู้สึกว่าแบกรับความคาดหวังหนักเกินไป 🙁 รู้สึกกดดัน หรือถูกขัดขวางความสุขในชีวิต 💔 ท้อแท้จากสัมพันธ์ทุกแบบจนไปต่อไม่ได้  . 👤 อ่านแล้วอาจไม่ได้ทำให้ชีวิตดีขึ้นทันที  แต่จะช่วยให้เราหยุดทำร้ายตัวเองด้วยคำพูดในใจ  และค่อย ๆ กล้าเลือกชีวิตที่ไม่กดคุณค่าของตัวเอง . 📌 ถ้าคุณกำลังกลัวและรู้สึกว่าตัวเองยังไม่ดีพอ  เล่มนี้อาจเป็นจุดเริ่มต้นของการกลับมาเชื่อตัวเองอีกครั้ง . “ปีศาจตัวนั้นคือฉันเอง” 📙  แถมฟรี ❗ที่คั่นปีศาจ 1 ชิ้น  . 👇🏻 สนใจสั่งซื้อกดตะกร้าได้เลย . #opendurianhowto #opendurianbooks #ปีศาจตัวนั้นคือฉันเอง #หนังสือพัฒนาตัวเอง #books
มิ้น,7549518655562763536,2025-09-13,BOXSET The Witches' Club ชมรมลับเปลี่ยนชีวิต,2994.97,6,862.03,3.47,✨Unbox Book 📕  #thewitchesclubชมรมลับเปลี่ยนชีวิต  🧙‍♀️🔮 #opendurianhowto #books #หนังสือฮีลใจ #ทํานายดวง  
ริว,7627084425607548181,2026-04-18,หนังสือ กับดักความรู้สึกผิด (เขียนโดย หมอทานตะวัน),2962.78,7,358.38,8.26,ใจดีกับทุกคน… แต่ใจร้ายกับตัวเองที่สุด 🙁💬  . เราปลอบเพื่อนได้เก่ง ให้อภัยคนอื่นได้ง่าย 🫂 👥  เข้าใจความผิดพลาดของทุกคน แต่พอเรื่องตัวเอง  กลับเป็นคนแรกที่โทษตัวเอง พลาดนิดเดียวคิดวนทั้งวัน .  👤 เรื่องเล็กก็เอามาตำหนิตัวเอง ทั้งที่ความจริงแล้ว  คนที่ควรได้รับความใจดีจากเรามากที่สุด ก็คือตัวเราเอง . หนังสือ “กับดักความรู้สึกผิด” ⚠️ พาเราไปทำความเข้าใจ ว่าทำไมบางคนถึงโทษตัวเองง่ายกว่าคนอื่น  และจะเริ่มแยกให้ออกได้ยังไงว่า … 🗣️ อะไรคือ ความรับผิดชอบของเรา อะไรคือความคิดที่ทำร้ายใจเรา . ✔︎ ผ่านแนวคิดจิตวิทยา อ่านง่าย พร้อมตัวอย่างชัดเจน ✔︎ เขียนโดยคุณหมอที่มีประสบการณ์มากกว่า 20 ปี  ✔︎ มีแบบฝึกหัดพัฒนาใจที่ทำให้เราเมตตากับตัวเอง . เพราะมันน่าเสียดายเกินไป ถ้าเราจะใจดีกับทั้งโลก  แต่ … ลืมใจดีกับตัวเอง 💬  . 📖 หนังสือ “กับดักความรู้สึกผิด” ⚠️ แถมฟรี ที่คั่นหนังสือ 1 ชิ้น    . #OpenDurianHowTo #OpenDurianBooks #กับดักความรู้สึกผิด #แพทย์หญิงทานตะวัน  #Books
ริว,7605922991460912404,2026-02-12,หนังสือ กับดักความรู้สึกผิด (เขียนโดย หมอทานตะวัน),2931.71,10,1777.79,1.65,เรา “เป็นคนดี” ที่ไม่มีความสุขหรือเปล่า ? . ทั้งที่ไม่ได้ทำอะไรผิด 💭 แต่เรากลับ “รู้สึกผิด” ที่ปฏิเสธเพื่อน  . เรารู้สึกผิดที่วันนี้ไม่ได้ทำงาน ถึงเราจะเหนื่อยแทบตาย  👤 หรือบางที... เราดันไปรู้สึกผิดแทนคนอื่น . ถ้าวันนี้คุณกำลังใช้ชีวิตแบบขอโทษคนทั้งโลก ยกเว้นตัวเอง นั่นแปลว่าคุณ … กำลังติดกับดักที่มองไม่เห็น 🩹  และมันกำลังสูบพลังชีวิตคุณให้คุณไม่มีความสุข . ถ้าไม่อยากให้ชีวิตถูกโกงความสุขไปมากกว่านี้  อยากให้ลองอ่านเล่มนี้ … 📖 หนังสือ ’กับดักความรู้สึกผิด‘  🖋️ เขียนโดย คุณหมอทานตะวัน  🩺 ผศ.ด้านจิตเวชศาสตร์ คณะแพทยศาสตร์     . ❤️‍🩹 หนังสือเล่มนี้ จะช่วยให้คุณได้เยียวยา  ก้าวข้ามความรู้สึกผิด ปลดล็อกปมในใจ เห็นประตูสู่การให้อภัย และเติบโตอย่างแท้จริง . 🗒️ เนื้อหาอ่านง่าย มาพร้อมภาพประกอบการอธิบาย 🗒️ สอดแทรก Case Studies ตัวอย่างจริงให้เราเข้าใจ . ✔︎ ก้าวข้ามความรู้สึกผิดได้ผ่านแนวคิดจิตวิทยา ✔︎ เข้าใจที่มาและเรียนรู้รับมือกับความรู้สึกผิดได้ถูกวิธี  ✔︎ ปรับความคิดและดูแลใจเมื่อความรู้สึกผิดเกิดขึ้น ✔︎ ปลดล็อกปมในใจ ก้าวสู่การให้อภัยและการเติบโต .  ⚠️ แถมฟรี ที่คั่นหนังสือ 1 ชิ้น    . 📌 สนใจสั่งซื้อกดตะกร้าได้เลย #กับดักความรู้สึกผิด #TheGuiltTrap #หมอทานตะวัน #opendurianhowto #opendurianbooks 
ริว,7558333473291914514,2025-10-07,BOXSET The Witches' Club ชมรมลับเปลี่ยนชีวิต,2884.2,6,197.2,14.56,ไพ่ทำนายด้วยรายวัน🔮 ที่ดูดวงเองได้ไม่ต้องถึงแม่หมอ🤩🥳 รีบกดสั่งซื้อก่อนของหมดนะะ‼️ #o#opendurianhowtoo#opendurianbooksห#หนังสือพัฒนาตัวเองb#booksTheWitchesClub
ไม่ระบุ,7500490477708266773,2025-05-04,BOXSET The Witches' Club ชมรมลับเปลี่ยนชีวิต,2851.05,6,3084.58,0.92,ขอต้อนรับสู่  📌The Witches' Club ชมรมลับเปลี่ยนชีวิต 🔮 ✨เมื่อได้เข้ามาแล้ว คุณจะค้นพบเวทมนตร์ 🔮 ในการเผชิญหน้ากับสารพันปัญหาในชีวิต💖 📌สำหรับใครที่สนใจหนังสือเล่มนี้กดที่ตะกร้าเหลืองได้เลย🔮 #opendurianhowto #books #หนังสือฮีลใจ #หนังสือเล่มโปรด #หนังสือพัฒนาตัวเอง #รักตัวเอง #thewitchesclubชมรมลับเปลี่ยนชีวิต ##ดูดวง #loveyourself 
มิ้น,7623783495139118356,2026-04-01,หนังสือ กับดักความรู้สึกผิด (เขียนโดย หมอทานตะวัน),2640.09,8,922.24,2.86,จิตวิทยาบอกเอาไว้ว่า … การที่คน ๆ นึงไม่ยอมรับความผิดตัวเอง มันไม่ใช่เพราะเขาไม่รู้  แต่เพราะ “อีโก้” มันกำลังปกป้องเขาอยู่ อย่าปล่อยให้อีโก้ ทำให้คุณมองไม่เห็นตัวเอง  เล่มนี้…อาจเป็นทางออกของคุณ :) #กับดักความรู้สึกผิด  #opendurianhowto #books #fyp #ego 
ไม่ระบุ,7619282107294420245,2026-03-21,BOXSET เมื่อโลกทั้งใบซ่อนอยู่ใต้หมวกกันน็อก (Helmet Girl),2605.61,10,1447.22,1.8,เรา “เหนื่อย”  เพราะเราพยายาม แบกทุกอย่างไว้คนเดียว🥲 “พยายามเก่งทุกอย่าง พยายามไม่เป็นภาระใคร พยายามยิ้ม ทั้งที่ข้างในแทบพัง   เราคิดว่า … ถ้าเราแบกได้ มันแปลว่า “เราเข้มแข็ง”  แต่ข้างในแทบ “แตกสลาย” ก็เหมือนหมวกกันน็อกใบนี้ ที่เรากำลังใส่มันไว้ ถอดเท่าไหร่ก็ไม่ออก …   ถ้าคุณรู้สึกอย่างนี้อยู่ “เล่มนี้…เขียนมาเพื่อคุณ” #เมื่อโลกทั้งใบซ่อนอยู่ใต้หมวกกันน็อก  #opendurianhowto #books #รักตัวเอง #fyp  
ริว,7626334442696559893,2026-04-08,หนังสือ กับดักความรู้สึกผิด (เขียนโดย หมอทานตะวัน),2421.61,8,1268.3,1.91,ไซโคพาธ คือคนที่ไม่ค่อยรู้สึกผิด  และไม่ค่อยเห็นอกเห็นใจคนอื่น 🙁💭  . ลองเช็คตัวเองง่าย ๆ ถ้าคุณทำให้ใครเสียใจ  💬 คุณรู้สึกยังไง ถ้าคำตอบคือ … “รู้สึกผิด เสียใจ หรือคิดมากกับมัน”  ส่วนใหญ่แล้ว คุณไม่ใช่ไซโคพาธ 👤 . ในความเป็นจริง คนจำนวนมากกลับอยู่สุดอีกฝั่งหนึ่ง  🩹 คือ รู้สึกผิดง่ายเกินไป เรื่องเล็ก ๆ ก็โทษตัวเอง  🩹 คำพูดของใครบางคน ก็เก็บมาคิดทั้งวัน  ทำให้เรารับผิดชอบในเรื่องที่ ไม่ใช่หน้าที่ของเราเลย .  📖 หนังสือ “กับดักความรู้สึกผิด”  ✔︎ ช่วยแยกให้ออกว่าอะไรคือสิ่งที่เราควรรับผิดชอบ  ✔︎ อะไรคือ ภาระทางใจที่เราไม่จำเป็นต้องแบก ✔︎ อธิบายผ่านแนวคิดจิตวิทยาที่เข้าใจง่าย  ✔︎ พร้อมตัวอย่างเคสจริงจากหมอที่มีประสบการณ์ ✔︎ มีแบบฝึกหัดที่ช่วยให้กลับมาดูความคิดตัวเอง  . 💬 ความคิดแบบไหนกำลังช่วยให้เราเติบโต และความคิดแบบไหนกำลังทำร้ายใจเราอยู่ . เพราะบางครั้งการดูแลสุขภาพจิตของตัวเอง  อาจเริ่มจากการ เลิกโทษตัวเองในทุกเรื่อง 👤  . 📖 หนังสือ “กับดักความรู้สึกผิด” ⚠️ แถมฟรี ที่คั่นหนังสือ 1 ชิ้น    . 📌 สนใจสั่งซื้อกดตะกร้าได้เลย . #กับดักความรู้สึกผิด #TheGuiltTrap #หมอทานตะวัน #opendurianhowto #opendurianbooks 
ไม่ระบุ,7577632440265575700,2025-12-02,หนังสือ MANIFEST GUIDELINE คู่มือฝึก Manifest อย่างเป็นระบบ พร้อมแบบฝึกหัดท้ายบท,2394.3,8,4.31,555.44,Unpack หนังสือเล่มใหม่ #ManifestGuideline คู่มือที่จะเปลี่ยนชีวิตของคุณให้เป็นดั่งที่ฝันไว้ ผ่านการ Manifest ที่เห็นผลจริง #opendurianhowto #manifest #พัฒนาตัวเอง
ไม่ระบุ,7595201261306252565,2026-01-14,หนังสือวันไหนที่ใจแข็งแรง ดอกไม้จะผลิบาน (The Enchanted Garden),2358.08,6,1426.88,1.65,หนังสือ ปีศาจตัวนั้น คือฉันเอง A Guide to Fighting the Demons in My Heart
มิ้น,7595049823410097429,2026-01-14,BOXSET The Witches' Club ชมรมลับเปลี่ยนชีวิต,2315.87,4,490.32,4.74,✨โดนตกเพราะกล่องแล้ว ดันมาแพ้ของแถมข้างใน ก็ซื้อมาเลยสิคะ 🥹 #opendurianhowto #books #2026 #thewitchesclubชมรมลับเปลี่ยนชีวิต #ป้ายยา 
มิ้น,7570934586784468245,2025-11-10,[หนังสือ] ปีศาจตัวนั้น คือฉันเอง 2 A Guide to Overcoming the Return of the Demons,2311.33,9,1542.48,1.49,…การถูกมองข้าม  ไม่ได้ทำให้คุณค่าของความพยายามลดลงเลยสักนิด . บางครั้งเราก็ไม่ได้ต้องการคำชมจากใคร แต่ขอแค่มีใครสักคนที่มองเห็นว่า เรากำลัง “พยายามอยู่” ก็เพียงพอแล้ว :) #opendurianhowto #books #หนังสือฮีลใจ #ปีศาจตัวนั้นคือฉันเอง2 #คําคม  
มิ้น,7543608046119947540,2025-08-28,[หนังสือ] ปีศาจตัวนั้น คือฉันเอง 2 A Guide to Overcoming the Return of the Demons,2304.54,6,1129.51,2.05,| เพราะไม่มีใครจัดการปีศาจในใจ นอกจากตัวเราเอง :)  : Unboxing New Book ✨ เล่มใหม่ล่าสุด #ปีศาจตัวนั้นคือฉันเอง2  #opendurianhowto #opendurianbooks #books #หนังสือฮีลใจ 
มิ้น,7567384291366210837,2025-10-31,[สุดคุ้ม] หนังสือ ปีศาจตัวนั้น คือฉันเอง A Guide to Fight the Demons in My Heart,2254.06,6,347.98,6.48,✨ 2 ปี กับการเติบโตของหนังสือ  “ปีศาจตัวนั้นคือฉันเอง” 😈  มาฟังความรู้สึกของนักเขียน May-I  ว่ารู้สึกยังไงกันบ้าง 💖 #opendurianhowto #หนังสือฮีลใจ #ปีศาจตัวนั้นคือตัวฉันเอง #books #สัมภาษณ์ 
ไม่ระบุ,7622996723803114773,2026-03-30,หนังสือ กับดักความรู้สึกผิด (เขียนโดย หมอทานตะวัน),2237.38,6,733.81,3.05,📌เลิกควบคุมสิ่งที่ควมคุมไม่ได้  . ✨ในทางจิตวิทยาบอกว่าคนที่มีความสุขและประสบความสำเร็จในชีวิตอย่างน้อย 80% ของเวลาจะโฟกัสกับสิ่งที่ “ตัวเองควบคุมได้” แต่หลายคนกลับทำตรงกันข้าม เราเครียดกับความคิดของคนอื่น พยายามควบคุมความรู้สึกของทุกคน โทษตัวเองกับสิ่งที่เราเปลี่ยนไม่ได้ สุดท้าย…เรากำลังแบกความทุกข์ จากเรื่องที่ไม่เคยอยู่ในการควบคุมของเราเลย . 📘หนังสือ “กับดักความรู้สึกผิด” จะช่วยให้เราแยกให้ออกว่า อะไรคือสิ่งที่เราควรรับผิดชอบจริง ๆ และอะไรคือภาระทางใจ ที่เราไม่จำเป็นต้องแบกอีกต่อไป ผ่านแนวคิดจิตวิทยาที่เข้าใจง่ายพร้อมตัวอย่างเคสจริงจากคุณหมอที่มีประสบการณ์มากกว่า 20 ปี ชวนให้ปรับวิธีมองความคิดของตัวเองใหม่ ผ่านแบบฝึกหัดพัฒนาใจที่จะพาเรารู้ว่าความคิดไหนเป็นคุณและความคิดไหนเป็นโทษ  เพราะบางครั้งความสุขในชีวิต ไม่ได้เริ่มจากการควบคุมทุกอย่างให้ได้ แต่อาจเริ่มจากการปล่อยสิ่งที่ไม่เคยอยู่ในการควบคุมของเราเลย . 📌สนใจสั่งซื้อกดตะกร้าได้เลย . #กับดักความรู้สึกผิด #TheGuiltTrap #หมอทานตะวัน #opendurianhowto #opendurianbooks 
ไม่ระบุ,7529391700230327573,2025-07-21,หนังสือ The Witches' Club ชมรมลับเปลี่ยนชีวิต,2219.43,5,1125.75,1.98,✨นี่ไม่ใช่ไพ่ดูดวง🔮 แต่เป็น…  #thewitchesclubชมรมลับเปลี่ยนชีวิต 🐈‍⬛  #opendurianhowto #opendurianbooks #books #ประโยคฮีลใจ #หนังสือฮีลใจ #Mayi #เมไอmayi #รีวิว #หนังสือดัง 
ไม่ระบุ,7608157651100257557,2026-02-18,หนังสือ กับดักความรู้สึกผิด (เขียนโดย หมอทานตะวัน),2114.93,7,291.1,7.3,“คนดี” มักติดอยู่ใน #กับดักความรู้สึกผิด  #รีวิวหนังสือ #peoplepleaser  #หมอทานตะวัน #opendurianhowto  
ไม่ระบุ,7616312565588806932,2026-03-12,หนังสือ ยินดีต้อนรับและขอบคุณที่กลับมา,2083.08,5,345.13,6.04,📌หนังสือฮีลใจ ที่น่ารักที่สุดในโลก😍🌷🌟 #opendurianhowto #OpenDurianBooks #ยินดีต้อนรับและขอบคุณที่กลับมา #หนังสือ #Books
มิ้น,7554025216612076816,2025-09-25,Boxset หนังสือวันไหนที่ใจแข็งแรง ดอกไม้จะผลิบาน (The Enchanted Garden) ฟรีของแถมใน Boxset ทุกเซ็ต,2010.58,4,60.34,33.16,สวนที่มีดินอุดมสมบูรณ์✨ แม้จะยังว่างเปล่า… แต่ยิ่งหมั่นรดน้ำ พรวนดินเท่าไหร่  ดอกไม้ก็ยิ่งมีโอกาส ผลิบานได้มากขึ้นเท่านั้น … หัวใจก็เช่นกัน 🤍 #วันไหนที่ใจแข็งแรงดอกไม้จะผลิบาน #opendurianhowto #books #หนังสือฮีลใจ #unboxing 
ไม่ระบุ,7597654907054787858,2026-01-21,หนังสือ กับดักความรู้สึกผิด (เขียนโดย หมอทานตะวัน),1843.09,6,54.17,34.21,📌เปิดตัวหนังสือเล่มใหม่ ⚠️กับดักความรู้สึกผิด จากคุณหมอทานตะวัน🌻 ✨ ถ้าคุณเคยโทษตัวเองซ้ำ ๆ กับเรื่องราวเดิม ๆ หรือเคยตำหนิตัวเองว่าทำไม่ดีพออยู่บ่อย ๆ ความรู้สึกเหล่านี้อาจเป็นสัญญาณว่าคุณกำลังติดอยู่ในวังวนที่เรียกว่า กับดักความรู้สึกผิด . 💐หนังสือเล่มนี้จะชวนมามองความรู้สึกผิดในมุมที่ต่างออกไป ผ่านแนวคิดทางจิตวิทยาที่ถ่ายทอดโดยจิตแพทย์ผู้เชี่ยวชาญ อธิบายตั้งแต่กลไกของความรู้สึกผิดที่เกิดขึ้นในใจ ผลกระทบที่ซ่อนอยู่ ไปจนถึงวิธีเยียวยาที่ใช้ได้จริง เพื่อพาคุณหลุดออกจากกับดักความรู้สึกผิดที่คอยฉดรั้งคุณเอาไว้พร้อมก้าวเดินต่อไปด้วยความเข้าใจและจิตใจที่เติบโต . #กับดักความรู้สึกผิด #TheGuiltTrap #หมอทานตะวัน #opendurianhowto #opendurianbooks
ริว,7631889187465071892,2026-04-23,หนังสือ Ghostly Brews ยินดีบริการดวงวิญญาณหลังเที่ยงคืน by หมึกซึม,1770.6,7,486.39,3.64,การอยู่คนเดียว คือทักษะที่ดีที่สุด  เมื่อก่อนเราอาจจะเคยคิดว่า … . การอยู่คนเดียวคือความเหงา  ต้องมีใครสักคนอยู่ข้าง ๆ ถึงจะโอเค 🙁  .  แต่พอได้อ่าน 📓 ‘Ghostly Brews’ ของคุณหมึกซึม  ทำให้เราคิดใหม่ เล่มนี้จะเล่าเรื่องผ่านดวงวิญญาณ ที่กลับมาเพราะยังมีบางอย่างค้างคาในใจ   . และสิ่งที่เหมือนกันคือ . . . 🕑 หลายคนไม่เคยได้อยู่กับตัวเองจริง ๆ ตอนยังมีชีวิต  เพราะมัวแต่รอให้คนอื่นเข้าใจ มัวแต่ตามหาความรัก ❤️‍🩹  จากคนอื่น จนลืมไปแล้วเราควรเริ่มจากการรักตัวเองก่อน . 🖋️  อ่านแล้วมันไม่ได้สอนให้อยู่คนเดียว แต่มันทำให้เรา  “อยู่กับตัวเองเป็น” แล้วพอถึงจุดนั้น คุณจะรู้เลยว่า 💭   การอยู่คนเดียวมันไม่ได้น่ากลัว แต่มันคืออิสระแบบหนึ่ง . 🪦 หนังสือ GHOSTLY BREWS  ยินดีบริการดวงวิญญาณหลังเที่ยงคืน  จะทำให้คุณกลับมาเห็นคุณค่าของตัวเองอีกครั้ง  . 🐈‍⬛  ฟรี! ที่คั่น 1 ชิ้น + โปสการ์ด 3 แผ่น   . 📌 สนใจสั่งซื้อกดตะกร้าได้เลย . #opendurianhowto #OpenDurianBooks #GhostlyBrews #หมึกซึม #Books
ริว,7526877560429432072,2025-07-14,BOXSET The Witches' Club ชมรมลับเปลี่ยนชีวิต,1729.1,4,392.23,4.38,ประโยคหนึ่งในหนังสือ…ที่อ่านแล้วเปลี่ยนชีวิตเราไปเลย 🥹🤍✨ #o#opendurianhowtoo#opendurianbooksห#หนังสือพัฒนาตัวเองห#หนังสือฮีลใจห#หนังสือขายดี#T#TheWitchesClubชมรมลับเปลี่ยนชีวิตM#MAYIเ#เมไอฮ#ฮีลใจพัฒนาตัวเอง
มิ้น,7632294711633382677,2026-04-24,หนังสือ กับดักความรู้สึกผิด (เขียนโดย หมอทานตะวัน),1621.26,6,277.71,5.84,ถ้าเรามองเห็นตัวเองในแง่ลบ เราจะเป็นเหมือน “ก้อนทุกข์”  #กับดักความรู้สึกผิด  📚หนังสือเล่มแรกของ “คุณหมอทานตะวัน”👩🏻 ผู้เชี่ยวชาญด้านจิตเวชศาสตร์มากกว่า 20 ปี  #opendurianhowto #books #หนังสือฮีลใจ #ซึมเศร้า 
ไม่ระบุ,7613334290042031380,2026-03-04,[สุดคุ้ม] หนังสือ ปีศาจตัวนั้น คือฉันเอง A Guide to Fight the Demons in My Heart,1606.86,5,845.54,1.91,บทเรียนที่ได้เรียนรู้จากหนังสือเล่มนี้ หนังสือ “ปีศาจตัวนั้นคือฉันเอง” 📙  . หนังสือฮีลใจ พัฒนา Mindset เต็มรูปแบบ  แค่เล่มเดียว ก็พร้อมรับมือได้กับทุกปัญหา ✨ 🖋️ จากนักเขียนนามปากกา “MAY-I” . พร้อมพาคุณไปเผชิญหน้ากับปีศาจทั้ง 10 ตัว  โดยเปรียบเทียบปัญหา = ปีศาจที่อยู่ในใจ  . เล่มนี้เหมาะกับใคร ? 💬 🙁 คนที่รู้สึกเครียด และกดดันจากการใช้ชีวิตทุกวัน 🙁 รู้สึกว่าแบกรับความคาดหวังหนักเกินไป 🙁 รู้สึกกดดัน หรือถูกขัดขวางความสุขในชีวิต 💔 ท้อแท้จากสัมพันธ์ทุกแบบจนไปต่อไม่ได้  . อ่านเล่มนี้แล้วช่วยอะไร ? 💬 ✔︎ ช่วยให้คุณเห็นปัญหาและรับมือกับมันได้  ✔︎ ช่วยพัฒนา Mindset ให้กลายเป็นนักสู้ที่แข็งแกร่ง  ✔︎ ช่วยเปลี่ยนพลังลบในชีวิต ให้กลายเป็นพลังบวก ✔︎ รักตัวเองได้มากขึ้น และเห็นคุณค่าในตัวเอง  . 📖 มาพร้อม Quotes ฮีลใจภาษาอังกฤษแปลไทย  🎯 QR Code สแกนแบบทดสอบค้นหานักสู้ในตัวคุณ  พร้อมวิธีการจัดการอารมณ์ตัวเองให้เหมาะสมที่สุด ✨ . “ปีศาจตัวนั้นคือฉันเอง” 📙  แถมฟรี ❗ที่คั่นปีศาจ 1 ชิ้น  . 📌 เพราะทุกปัญหาเป็นเพียงบททดสอบ  และเราสามารถเปลี่ยนมันให้เป็นพลังได้ด้วยเล่มนี้ . 👇🏻 สนใจสั่งซื้อกดตะกร้าได้เลย . #opendurianhowto #opendurianbooks #ปีศาจตัวนั้นคือฉันเอง #หนังสือพัฒนาตัวเอง #books
ริว,7624091301247520020,2026-04-02,หนังสือ กับดักความรู้สึกผิด (เขียนโดย หมอทานตะวัน),1605.05,4,835.65,1.91,คนเป็นโรคซึมเศร้า มีแนวโน้มจะมองตัวเองในแง่ลบ และรู้สึกผิดง่ายกว่าปกติ … 💬  . บางครั้ง…เรื่องเล็ก ๆ เป็นเรื่องที่เราโทษตัวเองทั้งวัน  คำพูดเล็กน้อยใครบางคน ก็ทำให้เราคิดซ้ำว่าเราแย่ 🗣️🙁 ความรู้สึกผิดแบบนี้ไม่ได้แปลว่าเราอ่อนแอ แต่มันคือ วงจรทางความคิดที่ค่อย ๆ ทำให้ใจเราเหนื่อยโดยไม่รู้ตัว . หนังสือ “กับดักความรู้สึกผิด” 📖✨  🕑 ชวนให้เราเข้าใจกลไกของความรู้สึกผิดว่า …  ทำไมบางคนถึงโทษตัวเองง่าย และแยกให้ออกได้ยังไง  . ✒️ เล่มนี้เขียนโดยแพทย์จิตเวชศาสตร์ ทำให้เราเห็นว่า อะไรคือความรับผิดชอบของเรา และอะไรคือภาระทางใจ ที่เราไม่จำเป็นต้องแบก ❤️‍🩹 . 🩹 ผ่านแนวคิดจิตวิทยา เข้าใจง่าย มีตัวอย่างเคสจริง 🩹 เล่าจากประสบการณ์คุณหมอมากกว่า 20 ปี  🩹 มาพร้อมวิธีดูแลใจตัวเองแบบค่อยเป็นค่อยไป . เพราะบางครั้งการหยุดทำร้ายตัวเองอาจเป็นจุดเริ่มต้น การเยียวยาใจเราเอง ช่วยให้คุณกลับมารักตัวเองอีกครั้ง . 📖 หนังสือ “กับดักความรู้สึกผิด” ⚠️ แถมฟรี ที่คั่นหนังสือ 1 ชิ้น    . 📌 สนใจสั่งซื้อกดตะกร้าได้เลย . #กับดักความรู้สึกผิด #TheGuiltTrap #หมอทานตะวัน #opendurianhowto #opendurianbooks 
ริว,7532816569525619976,2025-07-30,BOXSET The Witches' Club ชมรมลับเปลี่ยนชีวิต,1479.15,3,348.27,4.24,แค่ประโยคเดียวในหนังสือ ที่ทำให้เราไม่กลัวความผิดพลาดอีกต่อไป #opendurianbooks #opendurianhowto ##หนังสือพัฒนาตัวเอง##หนังสือฮีลใจ##หนังสือขายดี##TheWitchesClubชมรมลับเปลี่ยนชีวิต##ฮีลใจ#พัฒนาตัวเอง
ริว,7623720638250749205,2026-04-01,หนังสือ Ghostly Brews ยินดีบริการดวงวิญญาณหลังเที่ยงคืน by หมึกซึม,1450.57,5,875.12,1.66,Chronic Loneliness ภาวะเหงาเรื้อรัง ที่ทำให้เรารู้สึกโดดเดี่ยวอยู่ตลอดเวลา 👥   . ทั้งที่รอบตัวก็ยังมีผู้คนมากมาย หลายคนคิดว่าความเหงา  คือการไม่มีใครอยู่ข้าง ๆ แต่ความจริงแล้ว … 💬  . บางคนอยู่ท่ามกลางผู้คนมากมาย ก็ยังรู้สึกอ้างว้างอยู่ดี  นี่คือ ภาวะเหงาเรื้อรังที่กัดกินหัวใจเงียบ ๆ . 📓 หนังสือ Ghostly Brews มีเรื่องราวดวงวิญญาณ ที่ใช้ชีวิตอยู่กับความรู้สึกแบบนี้ โดดเดี่ยว ไม่กล้าพูด และคิดว่าคงไม่มีใครเข้าใจ จนวันที่ทุกอย่างสายเกินไป  . 💬 เล่มนี้ไม่ได้เล่าเรื่องความตาย แต่กำลังสะท้อนว่า… บางครั้ง คนที่ต้องการการโอบกอดที่สุด อาจเป็นตัวเราเอง ทำให้เราเริ่มถามตัวเองว่า เราดูแลหัวใจตัวเองดีแล้วหรือยัง . Ghostly Brews 🔗 หนังสือจะค่อย ๆ พาคุณกลับมา ฟังหัวใจตัวเองอีกครั้ง หนังสือเล่มนี้เป็นแนวการ์ตูน แนวคอมิกขาวดำ อ่านง่าย สนุก แฝงไปด้วยขอคิด ✨ . 🐈‍⬛  ฟรี! ที่คั่น 1 ชิ้น + โปสการ์ด 3 แผ่น   . 📌 สนใจสั่งซื้อกดตะกร้าได้เลย . #opendurianhowto #OpenDurianBooks #GhostlyBrews #หมึกซึม #books
ไม่ระบุ,7615558178184514837,2026-03-10,หนังสือ กับดักความรู้สึกผิด (เขียนโดย หมอทานตะวัน),1445.36,5,476.53,3.01,เพราะว่าการรักษา “ซึมเศร้า” ไม่ใช่แค่ “เรื่องยา” แต่คือการบำบัดทางใจ 🙂 #opendurianhowto  #books #กับดักความรู้สึกผิด #หมอทานตะวัน #จิตวิทยา 
มิ้น,7565048830723378453,2025-10-25,BOXSET The Witches' Club ชมรมลับเปลี่ยนชีวิต,1436.87,3,303.23,4.74,✨ทำไมลูกค้าถึงเลือกซื้อเล่มนี้ 🔮 #thewitchesclubชมรมลับเปลี่ยนชีวิต   #opendurianhowto #หนังสือฮีลใจ #books #สัมภาษณ์ 
ริว,7562116232783170834,2025-10-17,Boxset หนังสือวันไหนที่ใจแข็งแรง ดอกไม้จะผลิบาน (The Enchanted Garden) ฟรีของแถมใน Boxset ทุกเซ็ต,1410.0,2,29.45,47.59,✨ป้ายยาหนังสือฮีลใจน่ารัก ๆ 🌸 ที่อ่านแล้วบอกเลยว่าอบอุ่นหัวใจไปกับความรักที่มาจากตัวเอง💐🌟 #opendurianhowto #OpenDurianBooks #วันไหนที่ใจแข็งแรงดอกไม้จะผลิบาน #หนังสือ #Books
มิ้น,7545431033676680465,2025-09-02,[สุดคุ้ม] หนังสือ ปีศาจตัวนั้น คือฉันเอง A Guide to Fight the Demons in My Heart,1337.48,5,261.55,5.11,📌รวมประโยค ที่เจ็บทุกดอกแล้วบอกเพื่อนกัน☺️ จากหนังสือ | #ปีศาจตัวนั้นคือฉันเอง  #opendurianhowto #books #หนังสือฮีลใจ #เพื่อน 
ริว,7598500264378682631,2026-01-23,หนังสือ กับดักความรู้สึกผิด (เขียนโดย หมอทานตะวัน),1287.16,3,35.08,36.76,📌หนังสือจากแพทย์ ที่ฮีลใจเหมือนเพื่อน🫂 หนังสือ “กับดักความรู้สึกผิด” ⚠️ เขียนโดย คุณหมอทานตะวัน ผศ.ด้านจิตเวชศาสตร์ 🌻 ✨หนังสือเล่มนี้ จะช่วยให้คุณได้เยียวยา ก้าวข้ามความรู้สึกผิด ปลดล็อกปมในใจ เห็นประตูสู่การให้อภัย และเติบโตอย่างแท้จริง #กับดักความรู้สึกผิด #TheGuiltTrap #หมอทานตะวัน #opendurianhowto #opendurianbooks 
ริว,7551615599957249288,2025-09-19,หนังสือ ยินดีต้อนรับและขอบคุณที่กลับมา,1241.65,4,1411.66,0.88,คุณคือ คนสำคัญและคนพิเศษ ตั้งแต่วันแรกที่คุณกำหนดขึ้นมาบนโลกใบนี้ โปรดแบ่งความรักที่คุณมีให้แก่ตัวคุณเองด้วย เพราะคุณสมควรได้รับความรักที่มีค่าเสมอมา💖🫂 #opendurianhowto #OpenDurianBooks #ยินดีต้อนรับและขอบคุณที่กลับมา #หนังสือ #Books  
มิ้น,7603987920348892436,2026-02-07,หนังสือ กับดักความรู้สึกผิด (เขียนโดย หมอทานตะวัน),1204.0,3,51.84,23.2,แด่ “คนดี” ที่ชอบแบก ความคาดหวังของ (คนอื่น) อีกหนึ่ง “กับดัก” ที่ทำให้เรารู้สึกผิด  และทำให้เราโทษตัวเองบ่อยครั้ง ว่า “ไม่ดีพอ”  #กับดักความรู้สึกผิด #books #หมอทานตะวัน #หนังสือฮีลใจ #แบกไม่ไหว  
ไม่ระบุ,7579839944319896852,2025-12-09,หนังสือ MANIFEST GUIDELINE คู่มือฝึก Manifest อย่างเป็นระบบ พร้อมแบบฝึกหัดท้ายบท,1196.0,4,118.45,10.13,Manifest ชีวิตดี ๆ ได้ตั้งแต่ตอนนี้ ให้ทุกสิ่งที่ “ปรารถนา” กลายเป็นจริงได้ง่าย ๆ ด้วย #ManifestGuideline #opendurianhowto #manifest #พัฒนาตัวเอง
ริว,7543596698761989383,2025-08-28,[หนังสือ] ปีศาจตัวนั้น คือฉันเอง 2 A Guide to Overcoming the Return of the Demons,1185.21,3,331.7,3.59,หนังสือใหม่‼️ “ปีศาจตัวนั้นคือฉันเอง 2” 😈 กลับมาเขย่าต่อมน้ำตาของคุณอีกแล้ววันนี้ บอกเลยว่าเนื้อหาแทงใจดำ 💔 จนร้องไห้ 😭 และรักตัวเองมากขึ้นแบบ 300 % เลย 🫵🏻🤩😱 #opendurianhowto #OpenDurianBooks #ปีศาจตัวนั้นคือฉันเอง2 #MAYI #Books 
ริว,7625593359683325205,2026-04-07,หนังสือ กับดักความรู้สึกผิด (เขียนโดย หมอทานตะวัน),1171.87,4,455.7,2.58,Perfectionism  ความสมบูรณ์แบบที่ทำร้ายเรา 💭  . หลายคนตั้งมาตรฐานสูง พยายามทำทุกอย่างให้ดีที่สุด  แต่เมื่อมันไม่สมบูรณ์แบบอย่างที่คิด 🙁💬    . 📖 เรากลับเป็นคนแรกที่โทษตัวเอง  ความผิดพลาดเล็ก ๆ กลายเป็นเรื่องที่เราคิดวนทั้งวัน  และค่อย ๆ ทำให้เรารู้สึกว่าตัวเองไม่ดีพอ  . 🩹ในทางจิตวิทยาคนที่ยึดติดกับ ‘ความสมบูรณ์’  มากเกินไป มักเป็นคนที่กดดันตัวเองมากที่สุด . หนังสือ “กับดักความรู้สึกผิด” 📖✨ ช่วยให้เราเข้าใจว่า ทำไมความพยายามที่จะ “ดีให้พอ”  ถึงกลายเป็นความรู้สึกผิดกับตัวเองได้  ✔️ เริ่มแยกให้ออกได้ยังไงว่า อะไรคือการพัฒนาตัวเอง ✔️ รู้ว่าอะไรคือความคาดหวังที่กำลังทำร้ายใจเรา  ✔️ ผ่านทฤษฎีจิตวิทยาที่ทำให้เราเข้าใจง่าย   ✔️ เคสตัวอย่างจากประสบการณ์คุณหมอกว่า 20 ปี  ✔️ มาพร้อมแบบฝึกหัดในเล่มที่ช่วยพัฒนาจิตใจ . เพราะชีวิตไม่ได้ต้องการความสมบูรณ์แบบ  แค่ต้องการให้เราอ่อนโยนกับตัวเองมากขึ้น 📖  . ⚠️ แถมฟรี ที่คั่นหนังสือ 1 ชิ้น    . 📌 สนใจสั่งซื้อกดตะกร้าได้เลย . #กับดักความรู้สึกผิด #TheGuiltTrap #หมอทานตะวัน #opendurianhowto #opendurianbooks 
ริว,7543944372937690386,2025-08-29,[หนังสือ] ปีศาจตัวนั้น คือฉันเอง 2 A Guide to Overcoming the Return of the Demons,1151.64,4,134.44,8.6,📙 ปีศาจตัวนั้นคือฉันเอง 2 😈 ชื่อที่น่ากลัวแต่คุณเจอกับมันทุกวัน มาเรียนรู้ปีศาจเหล่านี้กับหนังสือเล่มนี้🤩 ที่จะทำให้เรารักตัวเองและเห็นคุณค่าในตัวเองมากขึ้น 300 % 🫂✨ #opendurianhowto #OpenDurianBooks #ปีศาจตัวนั้นคือฉันเอง2 #MAYI #Books 
ริว,7524281226836987154,2025-07-07,หนังสือ Ghostly Brews ยินดีบริการดวงวิญญาณหลังเที่ยงคืน by หมึกซึม,1108.87,3,19.55,56.99,สวัสดีคุณดวงวิญญาณ…มีอะไรให้เราช่วยไหม 👨🏼‍🦳👩🏻👻 #o#opendurianhowtoO#OpenDurianBooksห#หนังสือห#หนังสือGhostlyBrewsG#GhostlyBrewsย#ยินดีบริการดวงวิญญาณหลังเที่ยงคืนห#หมึกซึมB#Booksห#หนังสือการ์ตูนc#comicห#หนังสือฮีลใจหนังสือพัฒนาตัวเอง
ไม่ระบุ,7615247284023889173,2026-03-09,[สุดคุ้ม] หนังสือ ปีศาจตัวนั้น คือฉันเอง A Guide to Fight the Demons in My Heart,1101.51,3,298.12,3.71,ไม่เคยร้องไห้ให้กับหนังสือ จนมาเจอ 2 เล่มนี้ … 🥲 #books #opendurianhowto #ปีศาจตัวนั้นคือฉันเอง #ปีศาจตัวนั้นคือฉันเอง2 #ร้องไห้หนักมาก 
ไม่ระบุ,7418167374303481089,2024-09-24,โอบกอดความไม่สมบูรณ์แบบของเธอ (Embrace Your Flaws),1099.75,3,14.26,77.74,ยกให้เป็นหนังสือเล่มโปรดในช่วงนี้เลย💖 #opendurianbooks #opendurianhowto #หนังสือฮีลใจ #ฮีลใจ #bkkbooktok #booktok #เทรนด์วันนี้ #สถานีฮีลใจ #โอบกอดความไม่สมบูรณ์แบบของเธอ #รีวิวหนังสือ 
ไม่ระบุ,7484579702896659728,2025-03-22,หนังสือ The Witches' Club ชมรมลับเปลี่ยนชีวิต,1051.38,3,334.99,3.12,✨5 ข้อคิด จากหนังสือ🔮 “The Witches’ Club  ชมรมลับเปลี่ยนชีวิต“  #หนังสือเล่มใหม่ #opendurianhowto #thewitchesclubชมรมลับเปลี่ยนชีวิต #ดูดวง #ข้อคิด #แม่มด #แมว #card #loveyourself #หนังสือฮีลใจ #opendurianbooks #books #ประโยคฮีลใจ 
มิ้น,7555316408528145681,2025-09-29,[หนังสือ] ปีศาจตัวนั้น คือฉันเอง 2 A Guide to Overcoming the Return of the Demons,1006.16,4,83.48,12.0,ปีศาจมันกลับมาอีกแล้ว😱 -ประโยคที่แรงกว่าเดิม 100% -ปีศาจใหม่ที่เพิ่มมาอีก 6 ตัว  #ปีศาจตัวนั้นคือตัวฉันเอง2 #opendurianhowto #books #หนังสือฮีลใจ #หนังสือพัฒนาตัวเอง 
มิ้น,7558118199158492433,2025-10-06,[หนังสือ] ปีศาจตัวนั้น คือฉันเอง 2 A Guide to Overcoming the Return of the Demons,934.04,4,194.59,4.8,📌10 ประโยคที่โคตรฮีลใจ  จากหนังสือ “ปีศาจตัวนั้นคือฉันเอง 2” 😈 #opendurianhowto  #ปีศาจตัวนั้นคือตัวฉันเอง2 #books #mayi #หนังสือฮีลใจ 
มิ้น,7539868906169650452,2025-08-18,[พร้อมส่ง] หนังสือปีศาจตัวนั้น คือฉันเอง A Guide to Fighting the Demons in My Heart,933.0,2,81.59,11.44,: ประโยคที่อ่านแล้วน้ำตาซึม🥲 #ปีศาจตัวนั้นคือฉันเอง  #opendurianhowto #books ###opendurianbook##หนังสือฮีลใจ 
ริว,7627081474621132052,2026-04-16,หนังสือ กับดักความรู้สึกผิด (เขียนโดย หมอทานตะวัน),931.22,3,185.25,5.01,Butterfly Hug ไม่มีใครกอด… เราก็ปลอบใจตัวเองได้ 👤💬  . 🦋 Butterfly Hug คือเทคนิคจิตวิทยาง่าย ๆ  แค่กอดตัวเองเบา ๆ แล้วแตะที่ไหล่สลับซ้าย-ขวาช้า ๆ  เหมือนผีเสื้อกระพือปีก จังหวะนี้ช่วยให้ร่างกายสงบลง 🤍 . 💭 ทำให้เรารู้สึกปลอดภัยมากขึ้น  บางครั้ง… เราอาจกำลังโทษตัวเองอยู่เงียบ ๆ  แต่ความจริงคือ เราก็ปลอบใจตัวเองได้เหมือนกัน 😊 .  📘 หนังสือ “กับดักความรู้สึกผิด”  〰️ พูดถึงอีกด้านหนึ่งของการดูแลใจ 〰️ การเข้าใจว่า ทำไมเราถึงโทษตัวเองง่าย  〰️ จะค่อย ๆ ดูแลความคิดของตัวเองยังไง  〰️ อ่านง่าย ผ่านแนวคิดจิตวิทยาโดยคุณหมอ . 🩺 มีประสบการณ์จากที่ทำงานกับคนไข้กว่า 20 ปี  ✔️ ชวนให้ปรับวิธีมองความคิดของตัวเองใหม่  ✔️ ผ่านแบบฝึกหัดพัฒนาใจที่จะพาเรารู้ว่าความคิด แบบไหนเป็นคุณและความคิดไหนเป็นโทษ .  เพราะบางครั้ง การดูแลสุขภาพจิต  อาจเริ่มจากการ อ่อนโยนกับตัวเองก่อน ✨ . 📖 หนังสือ “กับดักความรู้สึกผิด” ⚠️ แถมฟรี ที่คั่นหนังสือ 1 ชิ้น    . #OpenDurianHowTo #OpenDurianBooks #กับดักความรู้สึกผิด #แพทย์หญิงทานตะวัน  #Books
มิ้น,7571746488326524181,2025-11-12,หนังสือวันไหนที่ใจแข็งแรง ดอกไม้จะผลิบาน (The Enchanted Garden),931.13,3,483.59,1.91,เสน่ห์ของความห่างไกล คือเราจะได้ “คิดถึงกัน” :)  #วันไหนที่ใจแข็งแรงดอกไม้จะผลิบาน #opendurianhowto #books #longdistancerelationship  #รักทางไกล 
ไม่ระบุ,7612593004183932181,2026-03-02,หนังสือ กับดักความรู้สึกผิด (เขียนโดย หมอทานตะวัน),930.81,3,49.78,18.79,❤️‍🩹 เกิดภาวะ “ซึมเศร้า”  เพราะรู้สึกผิดโดยไม่รู้ตัว . . . . 💬 มองตัวเองในแง่ลบเกินไป   💬 มักชอบโทษตัวเองเกินจริง    . 📖 หนังสือเล่มนี้ ที่หมอแนะนำให้เป็นเพื่อนคุณ   จะช่วยให้ได้ดูแลจิตใจตัวเอง และดึงสติ  ให้เราได้กลับมารัก และเมตตาตัวเองอีกครั้ง    . 💬 มาฟังคำแนะนำจากคุณหมอไปพร้อมกัน 👩‍⚕️ ในบทสัมภาษณ์จาก ‘คุณหมอทานตะวัน’ (ผศ.พญ.ทานตะวัน อวิรุทธ์วรกุล) . 🩺 ผศ.ด้านจิตเวชศาสตร์ คณะแพทยศาสตร์ โรงพยาบาลรามาธิบดี มหาวิทยาลัยมหิดล ที่มีประสบการณ์มายาวนานกว่า 20 ปี     . 🩵 เจ้าของเพจ ‘ยิ่งโตยิ่งสุขโดย พญ.ทานตะวัน’ สู่แรงบันดาลใจในการเขียนหนังสือเล่มใหม่ล่าสุด ✨  หนังสือ “กับดักความรู้สึกผิด” 📖 .  ❤️‍🩹 หนังสือเล่มนี้ จะช่วยให้คุณได้เยียวยา  ก้าวข้ามความรู้สึกผิด ปลดล็อกปมในใจ เห็นประตูสู่การให้อภัย และเติบโตอย่างแท้จริง . ⚠️ ผ่านการรวบรวมเรื่องราวสำคัญกว่า 7 บท    🗒️ เนื้อหาอ่านง่าย มาพร้อมภาพประกอบการอธิบาย 🗒️ สอดแทรก Case Studies ตัวอย่างจริงให้เราเข้าใจ . ✔︎ ก้าวข้ามความรู้สึกผิดได้ผ่านแนวคิดจิตวิทยา ✔︎ เข้าใจที่มาและเรียนรู้รับมือกับความรู้สึกผิดได้ถูกวิธี  ✔︎ ปรับความคิดและดูแลใจเมื่อความรู้สึกผิดเกิดขึ้น ✔︎ ปลดล็อกปมในใจ ก้าวสู่การให้อภัยและการเติบโต .  📖 หนังสือ “กับดักความรู้สึกผิด” ⚠️ แถมฟรี ที่คั่นหนังสือ 1 ชิ้น    . 📌 สนใจสั่งซื้อกดตะกร้าหน้าคลิปได้เลยค่ะ . #กับดักความรู้สึกผิด #TheGuiltTrap #หมอทานตะวัน #opendurianhowto #opendurianbooks  
มิ้น,7630682047501126932,2026-04-20,หนังสือ Ghostly Brews ยินดีบริการดวงวิญญาณหลังเที่ยงคืน by หมึกซึม,918.0,4,428.84,2.14,(Love-Hate Relationship) ความสัมพันธ์ที่ทั้งรักและเกลียด รักเขามาก แต่ในขณะเดียวกัน ก็โคตรเกลียดเขาเลย ไม่ใช่เรื่องแปลก แต่มันคือสัญญาณว่า คุณกำลังผูกความสุขตัวเองไว้กับคนคนหนึ่งมากไป   คุณรักเพราะเขาทำให้คุณมีความสุข  แต่คุณเกลียด ที่เขาก็เป็นคนเดียวที่ทำให้คุณเจ็บที่สุด  #opendurianhowto #books  #ทั้งรักและเกลียด #ความรัก #ghostlybrews 
ไม่ระบุ,7617807326027828500,2026-03-16,Boxset หนังสือวันไหนที่ใจแข็งแรง ดอกไม้จะผลิบาน (The Enchanted Garden) ฟรีของแถมใน Boxset ทุกเซ็ต,892.95,1,32.49,27.52,"พยายามรักษาความสัมพันธ์  จนลืมรักษาใจตัวเอง 👤💔  . 🙁 รักใครแล้วรักหมดใจ เผื่อใจไม่เคยเป็น เราให้ความรักเขาไปทั้งหมดของหัวใจได้  แต่ก็ต้องพร้อมรับความผิดหวังให้ได้เช่นกัน . 💭 ในเมื่อเราเชื่อมั่นว่าความรักจะทำให้เรามีความสุข  เราก็ต้องเต็มใจที่จะเสี่ยงกับความทุกข์ที่อาจเกิดขึ้น  . 📗✨ ประโยคจากหนังสือ  “วันไหนที่ใจแข็งแรง ดอกไม้จะผลิบาน”  . 🌻 หนังสือที่เตือนสติเราในวันที่ใจเราอ่อนแอ  เขาจะพูดถึงเรื่องความสัมพันธ์ ความรักต่าง ๆ  ด้วยประโยคที่อบอุ่นและเยียวยาใจเรา  . 💗 เนื้อหาในเล่มอ่านง่าย อ่านได้เพลินมาก ๆ  💗 ทำให้เราได้ข้อคิดจนกลับมารักตัวเอง 100 % . 💐 นอกจากนี้คุณจะได้รู้ความหมายของดอกไม้ต่าง ๆ 📖 ผ่านภาพประกอบสวย ๆ อ่านง่าย และเพลิดเพลิน พร้อมเซฟคำคมน่ารัก ๆ กับภาษาอังกฤษแปลไทย 🖇 . 💗 ราคาพิเศษเพียง 790.-  (ปกติ 1,280.-)   แถมฟรี ✨ ของแถมรวมกว่า 15 ชิ้น  . พิเศษ! ✨ เพียงสแกน QR Code ผ่านในเล่มนี้  มาพร้อมแบบทดสอบ ‘สวนดอกไม้ในจิตใจ’ 📝 〰 ตรวจสอบว่าหัวใจคุณมีสภาพเป็นแบบไหน  〰 ควรได้รับการดูแลอย่างไรให้ถูกวิธี  . พร้อมหรือยัง … ที่จะรักตัวเองได้มากขึ้น  มีความสุข และรับมือกับมันได้ดียิ่งขึ้น 🪻  . พิกัดปลูกดอกไม้ในใจ 📌 ทักแชตได้เลยค่ะ  . #opendurianhowto #OpenDurianBooks #วันไหนที่ใจแข็งแรงดอกไม้จะผลิบาน #หนังสือ #books "
มิ้น,7546909243308264721,2025-09-06,BOXSET The Witches' Club ชมรมลับเปลี่ยนชีวิต,875.75,1,79.38,11.06,📌9.9 นี้หนังสือฮีลใจลดทั้งร้าน💖 -แจกคูปองลดสูงสุด 15%  เพียงซื้อขั้นต่ำ 300 บาท  -ส่งฟรีไม่มีขั้นต่ำ ✨ -ให้แค่ 4 วันเท่านั้น😱 ✨ใครสนใจกดที่ตะกร้าได้เลย  ด่วน ๆ ‼️ #opendurianhowto #books #หนังสือฮีลใจ #หนังสือใหม่ #ลดราคา 
ไม่ระบุ,7579839683740306708,2025-12-08,หนังสือ MANIFEST GUIDELINE คู่มือฝึก Manifest อย่างเป็นระบบ พร้อมแบบฝึกหัดท้ายบท,870.09,3,97.64,8.98,มีทุกสิ่งได้อย่างที่ใจคิดง่าย ๆ เพียงแค่มีตัวช่วยเปลี่ยนชีวิตเล่มนี้ #ManifestGuideline #opendurianhowto #manifest #พัฒนาตัวเอง
ไม่ระบุ,7582568482731003147,2025-12-11,[ขายดี] หนังสือ GHOSTLY REMAINS ปลดพันธนาการดวงวิญญาณหลังความตาย by หมึกซึม,859.08,2,9.23,92.63,GHOSTLY REMAINS โดย หมึกซึม! หนังสือการ์ตูนคอมมิคขาวดำลายเส้นเอกลักษณ์ เรื่องราวของยมทูตที่ช่วยปลดปล่อยวิญญาณ
ริว,7572520560706489607,2025-11-15,หนังสือ ยินดีต้อนรับและขอบคุณที่กลับมา,853.4,3,1586.36,0.54,ไม่เป็นไร ถ้าวันนี้คุณต้องการพักผ่อน อยากเป็นที่ยอมรับ อยากมีชีวิตสุขสบาย งั้นเราต้องขยันและหาอะไรทำตลอด ทั้งที่จริง ๆ เราพบเจออะไรมากมายกว่าจะผ่านไปได้ พักผ่อนบ้าง หยุดบ้างก็ได้ อยู่ในโลกของตัวเองบ้าง หยุดเพื่อคุยกับตัวเองว่า เป็นยังไงบ้าง ยังไหวหรือเปล่า เหนื่อยมากไหม อย่าลืมว่าตัวคุณเองก็สำคัญ หาเวลาให้ตัวเองได้พักและดูแลร่างกายจิตใจตัวเองให้ดี 🫂🤍 📙ประโยคส่วนนึงจากหนังสือ ยินดีต้อนรับและขอบคุณที่กลับมา หนังสือที่ไม่ว่าจะเกิดอะไรขึ้น ก็จะทำให้คุฯรู้สึกปลอดภัยเหมือนอยู่บ้าน ทำให้คุณรู้ว่าเรามีคุณค่าเสมอไม่ว่าจะผิดพลาด ร้องไห้ ก็ตาม และมันจะทำให้เราเข้าใจตัวเองมากขึ้น 😇 📌หนังสือเล่มนี้ใกล้หมดแล้วนะ ใครสนใจกดที่ตะกร้าหน้าคลิปได้เลยหรือจะทักแชตหรือคอมเมนต์สนใจใต้โพสต์เลยนะ #opendurianhowto #OpenDurianBooks #ยินดีต้อนรับและขอบคุณที่กลับมา #หนังสือ #Books
มิ้น,7556190232425581825,2025-10-01,[หนังสือ] ปีศาจตัวนั้น คือฉันเอง 2 A Guide to Overcoming the Return of the Demons,829.54,3,176.43,4.72,📕Unpack : ปีศาจตัวนั้นคือฉันเอง 2 #opendurianhowto #books #ปีศาจตัวนั้นคือตัวฉันเอง2 #unboxing #หนังสือฮีลใจ 
ไม่ระบุ,7473412291304688913,2025-02-20,หนังสือ ฉันจะมีชีวิตที่ดี (นักเขียนนามปากกา คิดมาก),826.85,3,46.95,17.61,3 หนังสือฮีลใจเล่มใหม่💖 ✅ อ่านแล้วรักตัวเอง 1000%  #opendurianhowto #opendurianbooks #หนังสือดีบอกต่อ #หนังสือเล่มโปรด #หนังสือฮีลใจ #ใหม่ล่าสุด #เล่มใหม่ #เธรด #รักตัวเอง #ขอใช้ชีวิตที่เหลือเพื่อตัวเองนะ #ยินดีตอนรับและขอบคุณที่กลับมา #ฉันจะมีชีวิตที่ดี #คิ้วต่ำ #sundayisbliss #คิดมาก #เธรดเศร้า #fyp #vibes 
มิ้น,7623790884135488788,2026-04-01,หนังสือ Ghostly Brews ยินดีบริการดวงวิญญาณหลังเที่ยงคืน by หมึกซึม,816.09,3,48.86,16.71,ก่อนที่คนเราจะตาย  วินาทีนั้นมีค่าขึ้นมาทันที … แต่กลับเสียดายว่า เราคงกลับไปทำมันไม่ได้อีกแล้ว 🥲 #opendurianhowto #books #fyp #ghostlybrews #หนังสือฮีลใจ 
มิ้น,7607413645152242965,2026-02-16,หนังสือ ยินดีต้อนรับและขอบคุณที่กลับมา,796.29,3,331.99,2.4,ประโยคนี้โคตรฮีลใจเราเลย  1000/100 คะแนน ✨📚 #ยินดีต้อนรับและขอบคุณที่กลับมา #opendurianhowto #books #howto #บ้าน 
ไม่ระบุ,7582540833421823288,2025-12-11,[ขายดี] หนังสือ GHOSTLY REMAINS ปลดพันธนาการดวงวิญญาณหลังความตาย by หมึกซึม,764.65,2,8.95,85.5,GHOSTLY REMAINS by หมึกซึม การ์ตูนที่จะพาคุณไปพบยมทูต ช่วยปลดปล่อยวิญญาณที่ติดค้าง ซื้อคู่ยิ่งลด คุ้มมาก!
มิ้น,7546909243308264721,2025-09-06,[หนังสือ] ปีศาจตัวนั้น คือฉันเอง 2 A Guide to Overcoming the Return of the Demons,727.5,3,626.03,1.16,📌9.9 นี้หนังสือฮีลใจลดทั้งร้าน💖 -แจกคูปองลดสูงสุด 15%  เพียงซื้อขั้นต่ำ 300 บาท  -ส่งฟรีไม่มีขั้นต่ำ ✨ -ให้แค่ 4 วันเท่านั้น😱 ✨ใครสนใจกดที่ตะกร้าได้เลย  ด่วน ๆ ‼️ #opendurianhowto #books #หนังสือฮีลใจ #หนังสือใหม่ #ลดราคา 
ไม่ระบุ,7511190790526242055,2025-06-02,หนังสือ Ghostly Brews ยินดีบริการดวงวิญญาณหลังเที่ยงคืน by หมึกซึม,721.0,1,0.4,1806.83,มีใครอ่านแล้วเป็นแบบนี้บ้าง? 🥹 #ghostlybrewsยินดีบริการดวงวิญญาณหลังเที่ยงคืน  #opendurianhowto #books #หนังสือใหม่ #หนังสือฮีลใจ #การ์ตูน #หมึกซึม #comic #booktok #ฮีลใจ #หนังสือพัฒนาตัวเอง 
ไม่ระบุ,7507158074998705429,2025-05-22,หนังสือ Ghostly Brews ยินดีบริการดวงวิญญาณหลังเที่ยงคืน by หมึกซึม,695.62,1,543.6,1.29,📌เปิดตัวแล้ว เล่มใหม่ล่าสุด เจ้าของนามปากกา “หมึกซึม“  Ghostly Brews ☕️ ยินดีบริการดวงวิญญาณหลังเที่ยงคืน 🕰️   สามารถสั่งซื้อได้แล้ววันนี้ 🖤 #opendurianhowto #books #หนังสือเล่มใหม่ #หนังสือใหม่ #หมึกซึม #ghostlybrewsยินดีบริการดวงวิญญาณหลังเที่ยงคืน  #ฮีลใจ #หนังสือฮีลใจ 
มิ้น,7631936223929519380,2026-04-23,หนังสือ Ghostly Brews ยินดีบริการดวงวิญญาณหลังเที่ยงคืน by หมึกซึม,681.66,3,39.31,17.36,มีใครชอบอยู่คนเดียว  เวลาที่ไม่สบายใจไหม?  #opendurianhowto #books  #อยู่คนเดียว #comic #ghostlybrews 
ไม่ระบุ,7623342248024886549,2026-03-31,หนังสือ Ghostly Brews ยินดีบริการดวงวิญญาณหลังเที่ยงคืน by หมึกซึม,658.15,2,178.79,3.71,แด่มนุษย์ทุกคน ที่ใช้ชีวิตอย่างโดดเดี่ยว…🫂 #opendurianhowto #OpenDurianBooks #GhostlyBrews #หมึกซึม #books
มิ้น,7627452982241676564,2026-04-11,หนังสือ Ghostly Brews ยินดีบริการดวงวิญญาณหลังเที่ยงคืน by หมึกซึม,658.0,2,63.05,10.47,แด่มนุษย์ทุกคน ที่ใช้ชีวิตอย่างโดดเดี่ยว :) (ขอให้มีความสุขและเห็นคุณค่าในตัวเอง) #opendurianhowto #books #ghostlybrews #comic #อยู่คนเดียว  
มิ้น,7595147582200892692,2026-01-14,หนังสือ ขอใช้ชีวิตที่เหลือ เพื่อตัวเองนะ,656.29,2,93.2,7.09,ยังคงชอบประโยคที่ว่า… “ลืมไปเลย  ว่าตัวฉันเองก็มีสิ่งที่น่าอิจฉามากมาย บางทีเราก็ควรหันกลับมามอง และชื่นชมตัวเองให้ได้บ้าง”  ประโยคนี้จากหนังสือ #ขอใช้ชีวิตที่เหลือเพื่อตัวเองนะ  #opendurianhowto #หนังสือพัฒนาตัวเอง #books #howto 
ริว,7631894984438238484,2026-04-23,หนังสือ กับดักความรู้สึกผิด (เขียนโดย หมอทานตะวัน),628.0,2,218.69,2.87,ภาวะซึมเศร้าที่ซ่อนอยู่ใต้รอยยิ้ม  Smiling Depression 🎭  . 😊 ข้างนอกดูโอเค ยิ้มเก่ง เป็นพลังบวกของทุกคน 🙁 แต่พออยู่คนเดียว ใจกลับดิ่งลงเหมือนคนละคน   รอยยิ้มบางครั้งไม่ใช่ความสุข แต่มันคือการเอาตัวรอด  . เพราะเรากลัวเป็นภาระ กลัวถูกมองว่าอ่อนแอ  เลยเลือกเก็บทุกอย่างไว้ แล้วบอกตัวเองว่า “ฉันโอเค”  ทั้งที่ลึก ๆ ต้องการความช่วยเหลือ และสิ่งที่เจ็บที่สุด คือเรายังโทษตัวเองซ้ำ ๆ ว่าทำไมแค่นี้ยังไม่ไหว 🙌  .  📘 หนังสือ “กับดักความรู้สึกผิด” จะช่วยให้เข้าใจว่า …  ความรู้สึกผิดมีกลไกอย่างไร และเริ่มแยกให้ออกได้ยังไง ว่าอะไรคือความรับผิดชอบของเรา กับอะไรคือความคิด ที่กำลังทำร้ายใจเราผ่านแนวคิดจิตวิทยาที่เข้าใจง่าย ✨  . 👤 พร้อมตัวอย่างเคสจริง จากประสบการณ์คุณหมอ ที่มากกว่า 20 ปี มีวิธีดูแลใจตัวเองแบบค่อยเป็นค่อยไป  ✍️ ชวนให้ปรับวิธีมองความคิดของตัวเองใหม่   มีแบบฝึกหัดพัฒนาใจรู้ว่าความคิดไหนเป็นคุณเป็นโทษ  . 📖 หนังสือเล่มนี้ จะพาไปสำรวจบาดแผลที่เกิดจาก ความคาดหวัง ทั้งจากตัวเองและคนรอบข้าง  💭 เพื่อให้เห็นว่าความรู้สึกผิดไม่ใช่สิ่งเลวร้ายเสมอไป  แล้วคุณจะรู้ว่า … ไม่จำเป็นต้องสมบูรณ์แบบก็ได้นะ .  📖 หนังสือ “กับดักความรู้สึกผิด” ⚠️ แถมฟรี ที่คั่นหนังสือ 1 ชิ้น    . 📌 สนใจสั่งซื้อกดตะกร้าได้เลย . #OpenDurianHowTo #OpenDurianBooks #กับดักความรู้สึกผิด #แพทย์หญิงทานตะวัน  #Books
ริว,7631887741076131093,2026-04-23,ปีศาจตัวนั้น คือฉันเอง 2 A Guide to Overcoming the Return of the Demons,607.5,3,278.12,2.19,💭 ถ้าวันนั้น ไม่บอกเลิกเขาก่อน  💭 ถ้าวันนั้น ไม่ทำตัวงี่เง่า  💭 ถ้าวันนั้น ไม่เอาแต่ใจ  💭 ถ้าวันนั้น ใส่ใจเขาให้มากกว่านี้  . 👋 หากใครกำลังคิดแบบนี้ ? จงจำไว้ว่า …  อย่าผูกตัวเองไว้กับเงื่อนไขที่เราย้อนกลับไปแก้ไม่ได้  ถึงเราจะเปลี่ยนตอนจบให้กับความรักครั้งเก่าไม่ได้  แต่เราเลือกได้ว่าความสุขในตอนหน้าจะเป็นยังไง ✨  . 📕 ประโยคจากในหนังสือ “ปีศาจตัวนั้น คือฉันเอง 2”  ✔ เนื้อหาจะคอบเตือนสติเราเหมือนเพื่อนที่จริงใจ  ✔ ในเล่มจะพาเราสำรวจปีศาจในใจ ปีศาจเสียงในหัว ที่คอยตำหนิ คอยกดดันจนตัวเราไม่มีความสุข 😈   . 🗒 ผ่าน 135 บทความ แนะนำการรับมือกับปัญหา  📝 135 คำคม ที่อ่านครั้งเดียวแล้วฮีลใจได้เลย        .  🗡️ มาพร้อม QR Code สแกนทำแบบทดสอบ เพื่อค้นหาว่าตัวคุณเป็นนักสู้แบบไหน . 📕 หนังสือ “ปีศาจตัวนั้นคือฉันเอง 2”  📌 แถมฟรี! ที่คั่นปีศาจ 1 ชิ้น . 📌 สนใจสั่งซื้อกดตะกร้าได้เลย . #OpenDurianHowTo  #OpenDurianBooks #ปีศาจตัวนั้นคือฉันเอง2  #ปีศาจตัวนั้นคือฉันเอง  #MAYI
มิ้น,7561807253158907157,2025-10-16,หนังสือ ฉันจะมีชีวิตที่ดี (นักเขียนนามปากกา คิดมาก),587.26,2,17.26,34.2,“ฉันจะมีชีวิตที่ดี” 🪽 📖หนังสือที่รวมข้อคิด… เพื่อให้คุณกลายเป็น “คนที่มีชีวิตที่ดี” ได้จริง ๆ ✨ ผลงานจาก✍🏻 คุณ “ศร” — นามปากกา คิดมาก #opendurianhowto #หนังสือฮีลใจ #ฉันจะมีชีวิตที่ดี #books #ป้ายยา 
มิ้น,7564787635160485141,2025-10-24,หนังสือวันไหนที่ใจแข็งแรง ดอกไม้จะผลิบาน (The Enchanted Garden),579.0,1,86.43,6.75,จะรักใครสักคนได้ยังไง? ในเมื่อเรายังต้องการให้คนอื่น มาเติมเต็มอยู่เลย…    #วันไหนที่ใจแข็งแรงดอกไม้จะผลิบาน  #opendurianhowto  #หนังสือฮีลใจ #books #ป้ายยา 
ไม่ระบุ,7576593061317184786,2025-11-25,หนังสือ MANIFEST GUIDELINE คู่มือฝึก Manifest อย่างเป็นระบบ พร้อมแบบฝึกหัดท้ายบท,571.09,2,312.38,1.85,Manifest ไม่เห็นสักทีผล? บางทีอาจเพราะทำผิดวิธีอยู่! มาฝึก Manifest ให้ถูกทาง กับหนังสือ #ManifestGuideline ที่จะทำให้ทุกความฝันเป็นจริง #opendurianhowto #manifest #พัฒนาตัวเอง
ไม่ระบุ,7604826398405954837,2026-02-09,[พร้อมส่ง] หนังสือถ้าโลกมันแย่ ก็แค่คิดแบบคาปิบาร่า (Think Like a Happybara),570.95,2,25.54,22.13,[พร้อมส่ง] Box set หนังสือถ้าโลกมันแย่ ก็แค่คิดแบบคาปิบาร่า (Think Like a Happybara)
ไม่ระบุ,7618216834852015381,2026-03-17,[สุดคุ้ม] หนังสือ ปีศาจตัวนั้น คือฉันเอง A Guide to Fight the Demons in My Heart,567.84,1,33.76,16.7,จัดอันดับความรู้สึก ให้ตรงกับหนังสือ 📚 ใครไม่รู้จะอ่านเล่มไหน  Save คลิปไว้เลย ✨ #opendurianhowto #books #จัดอันดับ #หนังสือฮีลใจ #fyp 
ไม่ระบุ,7621139386565987605,2026-03-25,หนังสือ กับดักความรู้สึกผิด (เขียนโดย หมอทานตะวัน),563.0,2,498.76,1.12,เวลาที่อาการแพนิคเกิดขึ้น 😕 หลายคนจะรู้สึกเหมือนควบคุมอะไรไม่ได้  . หัวใจเต้นแรง หายใจไม่ทัน รู้สึกเหมือนจะเกิดเรื่องร้าย  แต่มีวิธีที่ช่วยให้เราค่อย ๆ รับมือกับมันได้ ✨  . 💭 1. กลับมาควบคุมลมหายใจของตัวเอง  เวลาร่างกายตื่นตระหนก ระบบประสาทจะทำงานหนัก ลองหายใจช้า ๆ ลึก ๆ นับเข้า 1–4 และค่อย ๆ ผ่อนออก  วิธีนี้ช่วยส่งสัญญาณให้รู้ว่า “ตอนนี้เราปลอดภัย” . 💭 2. เตือนตัวเองว่า “นี่คืออาการแพนิค ไม่ใช่อันตราย”  หลายคนกลัวว่าอาการจะทำให้เป็นอะไรหนัก แต่จริง ๆ  อาการแพนิคจะค่อย ๆ ลดลงเมื่อเวลาผ่านไป การรับรู้ ว่าเกิดอะไรขึ้นกับร่างกาย จะช่วยลดความกลัวลงได้ . 💭 3. ทำความเข้าใจจิตใจของตัวเองมากขึ้น  การอ่านหนังสือด้านจิตวิทยา หรืออธิบายกลไกของ ความคิดและอารมณ์ สามารถช่วยให้เราเข้าใจว่า  ความกลัว ความกังวล หรือความรู้สึกผิด ทำงานยังไง ความเข้าใจเหล่านี้ ช่วยให้เรารับมือกับอาการแพนิคได้ . หนังสือ “กับดักความรู้สึกผิด”  ✔︎ ช่วยอธิบายกลไกของอารมณ์เหล่านี้  ✔︎ ผ่านแนวคิดจิตวิทยาและเคสจริงจากคุณหมอ  ✔︎ เริ่มแยกออกว่า อะไรคือความคิดที่กำลังทำร้ายใจ ✔︎ รับมือกับมันยังไง ผ่านแบบฝึกหัดพัฒนาจิตใจ  . บางครั้ง… การเข้าใจจิตใจตัวเองมากขึ้น  ก็เป็นก้าวเล็ก ๆ ที่ช่วยให้ใจเราสงบขึ้นได้เหมือนกัน . 📖 หนังสือ “กับดักความรู้สึกผิด” ⚠️ แถมฟรี ที่คั่นหนังสือ 1 ชิ้น    . 📌 สนใจสั่งซื้อกดตะกร้าได้เลย . #กับดักความรู้สึกผิด #TheGuiltTrap #หมอทานตะวัน #opendurianhowto #opendurianbooks 
มิ้น,7576601252725837077,2025-11-25,[หนังสือ] ปีศาจตัวนั้น คือฉันเอง 2 A Guide to Overcoming the Return of the Demons,548.17,2,109.69,5.03,ตอบกลับ @bababra48  📌สำหรับใครที่กำลังชั่งใจ  อ่านเล่มไหนก่อนดี ดูคลิปนี้เลย 🤔 #ปีศาจตัวนั้นคือฉันเอง2 #opendurianhowto #books #หนังสือฮีลใจ #ปีศาจตัวนั้นคือฉันเอง 
ไม่ระบุ,7625897672502676757,2026-04-07,หนังสือ The Witches' Club ชมรมลับเปลี่ยนชีวิต,538.0,1,26.03,20.87,หนังสือที่ราคาหลักร้อย   แต่ประโยคดึงสติหลักล้าน ✨ #thewitchesclubชมรมลับเปลี่ยนชีวิต   #opendurianhowto #books #หนังสือฮีลใจ #แนะนําหนังสือ 
มิ้น,7540243106080296213,2025-08-19,BOXSET The Witches' Club ชมรมลับเปลี่ยนชีวิต,519.0,1,131.2,3.96,ปกติเพื่อนดูดวงกันที่ไหน👀 แต่เราดูดวงกันที่นี่… 🔮 #thewitchesclubชมรมลับเปลี่ยนชีวิต  #opendurianhowto #opendurianbooks #books #หนังสือฮีลใจ 
ไม่ระบุ,7618904696476355861,2026-03-19,BOXSET The Witches' Club ชมรมลับเปลี่ยนชีวิต,518.84,1,1831.29,0.29,“จิตวิทยาของการสูญเสียบอกไว้ว่า… ไม่มีใครพร้อมจะเสียคนที่รักไปจริง ๆ” 🙁  . 💭 ไม่มีใครอยากให้วันนั้นมาถึง  วันที่เราต้องยอมรับว่า…เขาจะไม่กลับมาอีกแล้ว . มันไม่ใช่แค่ความเศร้า แต่มันคือความว่างเปล่า ที่อยู่กับเราในทุกวันและสิ่งที่ยากที่สุด… ไม่ใช่การเสียเขาไปแต่คือการใช้ชีวิตต่อ โดยไม่มีเขาอยู่ตรงนี้อีกแล้ว 👤  . แต่จิตวิทยาก็พูดไว้อีกอย่างหนึ่งว่า… 💭✨  “การระลึกถึงคนที่จากไป ไม่ได้หมายความว่า  ต้องจมอยู่กับความเศร้า เธอสามารถจดจำพวกเขาไว้ในใจ  พร้อมกับเปิดใจรับความสุขและสิ่งดี ๆ ที่ยังมีอยู่ได้” . 🔮 หนังสือ The Witches’ Club ชมรมลับเปลี่ยนชีวิต  ✔︎ 50 กฎลับที่แม่มดเขียนไว้ให้คนที่กำลังไม่ไหว ✔︎ สอนเราให้อยู่กับความเจ็บ โดยไม่ต้องทำร้ายตัวเอง ✔︎ เปลี่ยน ‘ความคิดลบ’ ให้กลายเป็นพลังดี ๆ  . 💢 แถมพิเศษเฉพาะแบบ Boxset 💢 . 🔮 ไพ่ทำนายดวง สุ่มหยิบรายวัน 30 ใบ  👝 ถุงกำมะหยี่พรีเมียม 1 ชิ้น  🏷️ ที่คั่นแมวยืน 1 ใบ  🏷️ ที่คั่นแมวถือไม้กวาด 1 ใบ 🧹  📰 สติกเกอร์แมวนำโชค 2 แผ่น  . 🌬️มาค้นหาพลังวิเศษในตัวเองไปด้วยกัน  แล้วคุณจะค้นพบ “ความสุข” ที่แท้จริง 🪄 . 📌 สนใจสั่งซื้อกดตะกร้าได้เลย . #opendurianhowto #opendurianbooks #หนังสือพัฒนาตัวเอง #books #TheWitchesClub
ไม่ระบุ,7582547617163283768,2025-12-11,หนังสือ The Witches' Club ชมรมลับเปลี่ยนชีวิต,518.84,1,213.61,2.44,The Witches' Club ชมรมลับเปลี่ยนชีวิต ชวนค้นพบความสุขที่ซ่อนอยู่ เปลี่ยนวันร้ายๆ ให้เป็นวันที่ดีได้ทุกวัน! ลดพิเศษในไลฟ์นี้
ไม่ระบุ,7286524807137594629,2023-10-05,[พร้อมส่ง] หนังสือปีศาจตัวนั้น คือฉันเอง A Guide to Fighting the Demons in My Heart,486.85,1,0.0,0.0,หนังสือโคตรฮีลใจ พัฒนา Mindset คนรุ่นใหม่ ที่ทนอยู่กับความ Toxic ในการทำงาน ความสัมพันธ์ การเรียน และการใช้ชีวิต ราคาพิเศษช่วงเปิดตัว จากราคาปกติ 590 บาท ลดเหลือ 390 บาทเท่านั้น!! #ปีศาจตัวนั้นคือฉันเอง #opendurianhowto #opendurianbooks #หนังสือพัฒนาตัวเอง #หนังสือฮีลใจ 
ริว,7509069409869188360,2025-05-27,หนังสือ Ghostly Brews ยินดีบริการดวงวิญญาณหลังเที่ยงคืน by หมึกซึม,467.65,2,26.05,18.07,หนังสือฮีลใจที่สะท้อนความเสียดายรู้สึกเสียดาย 🤍👻 #opendurianhowto #OpenDurianBooks #GHOSTLYBREWSยินดีบริการดวงวิญญาณหลังเที่ยงคืน #หมึกซึม #Books #หนังสือการ์ตูน #comic #หนังสือฮีลใจ #หนังสือพัฒนาตัวเอง
ไม่ระบุ,7532693276265106695,2025-07-30,หนังสือ Ghostly Brews ยินดีบริการดวงวิญญาณหลังเที่ยงคืน by หมึกซึม,461.96,2,9.51,48.78,📙Book of the year! ✨ #ghostlybrews #ยินดีบริการดวงวิญญาณหลังเที่ยงคืน ✨สนใจหนังสือกดที่ตะกร้าได้เลย  #comic #การ์ตูน #หนังสือฮีลใจ #books #opendurianbooks #opendurianhowto
ไม่ระบุ,7619285677666061588,2026-03-20,ปีศาจตัวนั้น คือฉันเอง 2 A Guide to Overcoming the Return of the Demons,460.07,2,77.38,5.92,จิตวิทยาบอกเอาไว้ว่า…  ความวิตกกังวล หรือ Anxiety 😔  . ไม่ได้เกิดจากสิ่งที่กำลังจะเกิดขึ้น แต่เกิดจาก “สิ่งที่เราคิดว่ามันอาจจะเกิด” 💬 . เราเลยกลัวในสิ่งที่ยังไม่เกิด เราคิดซ้ำ วนซ้ำ  จนสุดท้าย…ก็ทำร้ายตัวเองด้วยความคิดของตัวเอง . ในหนังสือ “ปีศาจตัวนั้น คือฉันเอง 2” 📕 เขาเรียกสิ่งนี้ว่า “ปีศาจความกังวล” มันไม่ได้น่ากลัว  เพราะมันดัง แต่มันน่ากลัวเพราะมันพูดเหมือนเป็นเรา 👥  . 🗣️ เสียงที่บอกว่า ถ้าพลาดล่ะ ?  🗣️ ถ้าเขาไม่รักล่ะ ?  🗣️ ถ้ามันแย่กว่าที่คิดล่ะ ? . 🧠 หนังสือเล่มนี้ไม่ได้ทำให้ความกังวลหายไป  แต่มันจะทำให้คุณแยกออกว่า อันไหนคือความจริง อันไหนคือเสียงของปีศาจในใจ  . ✏️ หนังสือยังพูดถึงปีศาจอีกมากมาย ที่จะทำให้เรา หยุดตำหนิตัวเองและมองเห็นคุณค่าในตัวเองมากขึ้น .  🩹 ถ้าคุณเป็นคนที่คิดเยอะ เหนื่อยกับความคิดตัวเอง เล่มนี้จะช่วยให้คุณค่อย ๆ เบาขึ้น  . หนังสือ “ปีศาจตัวนั้นคือฉันเอง 2” 📕 📌 แถมฟรี! ที่คั่นปีศาจ 1 ชิ้น   . 📌 สนใจสั่งซื้อกดตะกร้าได้เลย . #opendurianhowto #opendurianbooks #ปีศาจตัวนั้นคือฉันเอง2 #MAYI #books
มิ้น,7631157592894491925,2026-04-21,ปีศาจตัวนั้น คือฉันเอง 2 A Guide to Overcoming the Return of the Demons,455.53,2,66.3,6.85,เพราะเรามีคนเดียวบนโลก เราจึงต้องรักตัวเองให้มาก ๆ :) #ปีศาจตัวนั้นคือฉันเอง2 #opendurianhowto #books #หนังสือฮีลใจ #รักตัวเอง 
ไม่ระบุ,7621540816636448021,2026-03-26,หนังสือ ฉันจะมีชีวิตที่ดี (นักเขียนนามปากกา คิดมาก),445.47,1,1.69,263.72,พามาชมบรรยากาศ✨ งานสัปดาห์หนังสือ ครั้งที่ 54 📚 ที่ศุนย์การประชุมแห่งชาติสิริกิติ์ อย่าลืมแวะมาที่บูธ🥹 📌 OpenDurian How-To (L33)  งานนี้บอกเลยว่าคุ้มมาก  เพราะเขาเสิร์ฟโปรลดแรง✨ ซื้อ 500 บาท ลด 50 บาท ซื้อ 700 บาท ลด 100 บาท หรือจะเหมา ๆ 3 เล่ม จ่ายราคาเดียว แค่ 899 บาท ‼️ ส่วนใครที่ไม่ได้มางานหนังสือก็ไม่เป็นไรน้าา🥹 เพราะซื้อออนไลน์ก็ราคาเท่าหน้างานเหมือนกัน นอกจากนี้มีส่งฟรีให้ด้วยน้าา โปรนี้ให้แค่ 26 มีนาคม ถึง 6 เมษายน 2569 นี้เท่านั้น‼️ สนใจกดสั่งซื้อได้เลย💖 #opendurianhowto #books #งานหนังสือ #หนังสือฮีลใจ #bookfairs 
ไม่ระบุ,7615982072783506708,2026-03-11,BOXSET The Witches' Club ชมรมลับเปลี่ยนชีวิต,441.15,1,75.12,5.87,มีประโยคหนึ่งในหนังสือ✨ ที่อ่านแล้ว … เปลี่ยนชีวิต  จากหนังสือ 🤏🏻📚 #thewitchesclubชมรมลับเปลี่ยนชีวิต   #opendurianhowto #books #mayi #หนังสือฮีลใจ 
ไม่ระบุ,7633388959837539605,2026-04-27,หนังสือ Ghostly Brews ยินดีบริการดวงวิญญาณหลังเที่ยงคืน by หมึกซึม,440.0,2,41.8,10.54,30 เล่มสุดท้าย รีบสั่งก่อน sold out กับหนังสือฮีลใจแห่งปี ghostly Brews ยินดีบริการดวงวิญญาณหลังเที่ยงคืน หนังสือการ์ตูนขาวดำที่อบอุ่นหัวใจมาก ๆ จากคุณหมึกซึม ที่เล่าเรื่องของดวงวิญญาณที่กลับมาเล่าเรื่องสุดท้ายหรือทำสิ่งสุดท้ายก่อนจากไปตลอดกาล เรื่องนี้จะสะท้อนความเสียดายของคนที่มีชีวิตและทำให้เราเห็นความสำคัญของโอกาส #opendurianhowto #OpenDurianBooks #GhostlyBrews #หมึกซึม #books
ไม่ระบุ,7623278539214769415,2026-03-31,BOXSET The Witches' Club ชมรมลับเปลี่ยนชีวิต,439.93,1,61.93,7.14,👀 พาส่องบูธ L33 OpenDurian How-To 📚🔥 หนังสือฮีลใจ ลดแรงแบบไม่เกรงใจใคร ที่งานสัปดาห์หนังสือแห่งชาติ ครั้งที่ 54 . 🏢 ณ ศูนย์การประชุมแห่งชาติสิริกิติ์ 🏷️ ชั้น LG ทางเข้า Hall 5 - 7 (โซนหนังสือทั่วไป) . 📍ใครไม่ได้ไปงานหนังสือ ก็ฮีลใจออนไลน์ได้ 🗓️  โปรโมชันตั้งแต่วันที่ 26 มีนาคม - 6 เมษายน 2569 . #opendurianbooks #opendurianhowto #งานหนังสือ #งานสัปดาห์หนังสือแห่งชาติ 
ไม่ระบุ,7621216877267750151,2026-03-25,หนังสือ Ghostly Brews ยินดีบริการดวงวิญญาณหลังเที่ยงคืน by หมึกซึม,386.69,2,27.35,14.13,#ghostlybrews #tiktoklive #livehighlights 
ไม่ระบุ,7633390049253395732,2026-04-27,BOXSET เมื่อโลกทั้งใบซ่อนอยู่ใต้หมวกกันน็อก (Helmet Girl),347.01,1,180.42,1.92,ถ้าคุณคิดลบเก่งขนาดนี้ คุณกำลังทำร้ายตัวเองเก่งมากเลยนะ… #opendurianhowto #opendurianbooks #เมื่อโลกทั้งใบซ่อนอยู่ใต้หมวกกันน็อก #หนังสือฮีลใจ #books 
ริว,7627078624482872597,2026-04-14,หนังสือ กับดักความรู้สึกผิด (เขียนโดย หมอทานตะวัน),332.75,1,45.22,7.3,5 ข้อคิดปลดล็อก …  “ความรู้สึกผิด” ที่คุณแบกไว้ 📔✨ . 💬 1. อย่าติดอยู่กับความรู้สึกผิดนานเกินไป . 💬 2. การให้อภัยตัวเองเป็นส่วนหนึ่งของการเติบโต . 💬 3. อย่าแบกความผิดของคนอื่นมาเป็นของเรา . 💬 4. ความผิดพลาดเป็นธรรมชาติของมนุษย์ . 💬 5. อย่าอายที่จะยอมรับผิด . 📖 หนังสือ “กับดักความรู้สึกผิด” 🖋️ เขียนโดย คุณหมอทานตะวัน  . ❤️‍🩹 หนังสือเล่มนี้ จะช่วยให้คุณได้เยียวยา  ก้าวข้ามความรู้สึกผิด ปลดล็อกปมในใจ เห็นประตูสู่การให้อภัย และเติบโตอย่างแท้จริง . #OpenDurianHowTo #OpenDurianBooks #กับดักความรู้สึกผิด #แพทย์หญิงทานตะวัน  #Books
ริว,7625591503548599572,2026-04-06,หนังสือ Ghostly Brews ยินดีบริการดวงวิญญาณหลังเที่ยงคืน by หมึกซึม,329.1,1,32.52,10.26,เสียดายที่คนตาย…ไม่ได้อ่านเล่มนี้  #opendurianhowto #OpenDurianBooks #GhostlyBrews #หมึกซึม #books
ริว,7610751003788348693,2026-02-25,หนังสือ กับดักความรู้สึกผิด (เขียนโดย หมอทานตะวัน),329.0,1,99.13,3.35,รักคนอื่นจนลืมรักตัวเอง หลายคนกำลังเป็นแบบนี้อยู่หรือเปล่า…🫂 #กับดักความรู้สึกผิด #TheGuiltTrap #หมอทานตะวัน #opendurianhowto #opendurianbooks
ไม่ระบุ,7473046328247864593,2025-02-19,หนังสือ ขอใช้ชีวิตที่เหลือ เพื่อตัวเองนะ,329.0,1,8.12,39.91,📌3 หนังสือฮีลใจเล่มใหม่ ✅ อ่านแล้วรักตัวเอง1000/100 ✨ #opendurianhowto #opendurianbooks #หนังสือดีบอกต่อ #หนังสือเล่มโปรด #หนังสือฮีลใจ #หนังสือฮีลใจ #เล่มใหม่ #เธรด #รักตัวเอง #ขอใช้ชีวิตที่เหลือเพื่อตัวเองนะ #ยินดีต้อนรับและขอบคุณที่กลับมา #ฉันจะมีชีวิตที่ดี 
มิ้น,7576240177350364437,2025-11-24,[ขายดี] หนังสือ GHOSTLY REMAINS ปลดพันธนาการดวงวิญญาณหลังความตาย by หมึกซึม,328.18,1,0.47,704.9,✨เผื่อใครยังสับสนว่านี่คือ!!! ภาคต่อหนังสือ หนังสือฮีลใจ Comic ที่เรียกน้ำตาแห่งปี #GhostlyBrews ยินดีบริการดวงวิญญาณหลังเที่ยงคืน (1) ✨สู่เล่มนี้… #GhostlyRemains ปลดพันธนาการดวงวิญญาณหลังความตาย(2) ผลงานการเขียน #หมึกซึม  #opendurianhowto #books 
มิ้น,7569618294211235092,2025-11-06,[ขายดี] หนังสือ GHOSTLY REMAINS ปลดพันธนาการดวงวิญญาณหลังความตาย by หมึกซึม,327.41,1,11.28,29.27,ไหนมีใครเคยร้องไห้🥲 เพราะหนังสือ “คุณหมึกซึม” กันบ้าง รายงานตัวหน่อย 🥹  #opendurianhowto  #books #ghostlybrews #ghostlyremains  #ภาคต่อ 
ไม่ระบุ,7527521137438248200,2025-07-16,หนังสือ ยินดีต้อนรับและขอบคุณที่กลับมา,307.0,1,234.85,1.3,ไม่เคยให้กำลังใจตัวเอง  จนมาเจอกับเล่มนี้ 🏠📚  #opendurianhowto #books #หนังสือฮีลใจ #ยินดีต้อนรับและขอบคุณที่กลับมา #เขียนระบาย #เขียน #ไม่ดีพอ #เบาใจ #ให้กำลังใจ #รักตัวเอง 
มิ้น,7561351331470970128,2025-10-15,หนังสือ GHOSTLY REMAINS ปลดพันธนาการดวงวิญญาณหลังความตาย by หมึกซึม,303.66,1,111.71,2.7,📌ป้ายยาหนังสือฮีลใจ ที่ต้องซื้อเก็บไว้อ่าน ต้อนรับฮาโลวีน👻  #opendurianhowto #หนังสือฮีลใจ #ป้ายยา #ฮาโลวีน #ฮิตในtiktok 
ริว,7563238363738721544,2025-10-20,[หนังสือ] ปีศาจตัวนั้น คือฉันเอง 2 A Guide to Overcoming the Return of the Demons,302.41,1,57.53,5.26,การนอกใจ อาจไม่ใช่แค่อารมณ์ชั่ววูบ แต่เป็นความตั้งใจที่บางคนเลือกทำ ทั้ง ๆ ที่เขารู้ดีว่าเราจะเจ็บปวดแค่ไหน 🥲 📙 ประโยคจากหนังสือ ปีศาจตัวนั้นคือฉันเอง 2 😈 ที่ทำให้เราหยุดคิดและมันบอกกลับเราว่า เราไม่จำเป็นต้องอดทน เพื่ออยู่กับคนที่เราก็เห็นแล้วว่า เขาจะทำลายเราอีกเมื่อไหร่ก็ได้ พออ่านแล้วมันจุกอกมาก ๆ #opendurianhowto #opendurianbooks #ปีศาจตัวนั้นคือฉันเอง2 #MAYI #books
มิ้น,7633763672384474388,2026-04-28,หนังสือ The Witches' Club ชมรมลับเปลี่ยนชีวิต,299.69,1,47.17,6.35,ชอบประโยคนี้นะ 📚 “ปัญหาจะไม่หายไป  แต่อยู่ที่ว่าจะเปลี่ยนมันให้กลายเป็นอะไรต่างหาก”     #thewitchesclubชมรมลับเปลี่ยนชีวิต #opendurianhowto #ปัญหา #ประโยคฮีลใจ #books 
ริว,7520164825297652999,2025-06-26,[สุดคุ้ม] หนังสือ ปีศาจตัวนั้น คือฉันเอง A Guide to Fight the Demons in My Heart,299.14,1,220.17,1.37,ทำไมต้องร้องไห้ แค่หนังสือเอง 😭 ##opendurianhowto##opendurianbooks##หนังสือพัฒนาตัวเอง##หนังสือฮีลใจ##ปีศาจตัวนั้นคือฉันเอง##หนังสือขายดี##MAYI##เมไอ##ฮีลใจ#พัฒนาตัวเอง
ไม่ระบุ,7616314181712743701,2026-03-12,หนังสือ The Witches' Club ชมรมลับเปลี่ยนชีวิต,299.0,1,3.73,81.0,ประโยคที่อ่านแล้วโคตรจริงมาก ๆ เขาบอกว่า… #opendurianhowto #opendurianbooks #หนังสือพัฒนาตัวเอง #books #TheWitchesClub
ไม่ระบุ,7577632193795624212,2025-12-01,หนังสือ MANIFEST GUIDELINE คู่มือฝึก Manifest อย่างเป็นระบบ พร้อมแบบฝึกหัดท้ายบท,299.0,1,43.14,6.97,Manifest ให้เห็นผลจริงได้ไม่ต้องรอ! ด้วย 4 Steps ง่าย ๆ จาก #ManifestGuideline หนังสือที่จะช่วยเปลี่ยนสิ่งที่คิดให้กลายเป็นจริง #opendurianhowto #manifest #พัฒนาตัวเอง
ไม่ระบุ,7347917817703877896,2024-03-19,[พร้อมส่ง] หนังสือถ้าโลกมันแย่ ก็แค่คิดแบบคาปิบาร่า (Think Like a Happybara),298.86,1,35.64,8.25,หนังสือฮีลใจเล่มใหม่ จากผู้เขียนหนังสือ 👇 📒 ปีศาจตัวนั้น คือฉันเอง #opendurianhowto #สถานีฮีลใจ #opendurianbooks #ถ้าโลกมันแย่ก็แค่คิดแบบคาปิบาร่า #happybara #หนังสือพัฒนาตัวเอง #หนังสือฮีลใจ 
ไม่ระบุ,7388460941270060295,2024-07-06,[พร้อมส่ง] หนังสือ ปีศาจความรัก มักเลือกฉันเป็นเหยื่อ [How to Fight the Love Demon in My Heart],298.31,1,65.62,4.5,หนังสือที่จะบอกวิธีเอาชนะปีศาจความรัก💖 📌สนใจหนังสือกดตะกร้าได้เลย✨ #opendurianhowto #opendurianbooks #หนังสือพัฒนาตัวเอง #หนังสือฮีลใจ #สถานีฮีลใจ #booktok #รีวิวหนังสือ #ความรัก #เทรนด์วันนี้ #ปีศาจความรักมักเลือกฉันเป็นเหยื่อ 
มิ้น,7629354265915559189,2026-04-16,หนังสือ ยินดีต้อนรับและขอบคุณที่กลับมา,298.26,1,155.01,1.92,รีวิวหนังสือ📒 ที่ทำให้กลับมารักตัวเองอีกครั้ง🏠 #opendurianhowto #books  #ยินดีต้อนรับและขอบคุณที่กลับมา #หนังสือฮีลใจ #รีวิว 
ไม่ระบุ,7634130811737935124,2026-04-29,หนังสือ กับดักความรู้สึกผิด (เขียนโดย หมอทานตะวัน),297.9,1,16.65,17.98,📚หนังสือเล่มนี้ที่เป็นเหมือนจิตแพทย์  จากผู้เชี่ยวชาญด้านจิตเวชศาสตร์  ที่มีประสบการณ์มากกว่า 20 ปี  คุณหมอทานตะวัน อวิรุทธ์วรกุล 👩🏻 ผู้เขียนหนังสือ ‘กับดักความรู้สึกผิด‘ 📍สนใจสั่งซื้อที่ตะกร้าเหลือง #opendurianhowto #books  #กับดักความรู้สึกผิด #หนังสือฮีลใจ #หนังสือจิตวิทยา 
ไม่ระบุ,7577630434180336917,2025-11-28,หนังสือ MANIFEST GUIDELINE คู่มือฝึก Manifest อย่างเป็นระบบ พร้อมแบบฝึกหัดท้ายบท,297.65,1,32.91,9.17,ทุกสิ่งที่คุณฝันไว้เป็นจริงได้ไม่ยาก แค่เริ่ม Manifest ตั้งแต่ตอนนี้กับหนังสือ #ManifestGuideline  แล้วทุกสิ่งที่คุณปรารถจะเกิดขึ้นในชีวิตจริง #opendurianhowto #manifest #พัฒนาตัวเอง
ริว,7624477678938148116,2026-04-03,ปีศาจตัวนั้น คือฉันเอง 2 A Guide to Overcoming the Return of the Demons,293.04,1,91.28,3.21,3 วิธีออกจากการเป็น “มือที่สาม” 💭  . วิธีที่ 1 ❤️‍🩹 หยุดหลอกตัวเองว่าเขาจะเลือกเรา  ถ้าเขายังไม่จบความสัมพันธ์เดิม  นั่นแปลว่า…เขายังเลือกมันอยู่ . วิธีที่ 2 ❤️‍🩹 หยุดอยู่ในความสัมพันธ์ที่ต้องหลบซ่อน  ความรักที่ดี ไม่ควรต้องรู้สึกเหมือนทำอะไรผิดตลอดเวลา . วิธีที่ 3 ❤️‍🩹 กลับมามองคุณค่าของตัวเอง  เพราะคนที่เห็นค่าตัวเองจริง ๆ จะไม่ยอม อยู่ในความสัมพันธ์ที่ต้องแย่งใครมา . 📕 หนังสือ “ปีศาจตัวนั้นคือฉันเอง 2”  😈 เขาพูดถึงปีศาจหลายแบบในใจเรา หนึ่งในนั้นคือ  ปีศาจที่ทำให้เรายอมอยู่ในความสัมพันธ์ที่ทำร้ายตัวเอง . เล่มนี้ไม่ได้แค่ปลอบใจ ☺️ แต่มันจะช่วยให้คุณค่อย ๆ  มองเห็นความจริง และกล้าที่จะเลือกตัวเองอีกครั้ง . ถ้าคุณกำลังติดอยู่ในความสัมพันธ์ที่ไม่ชัดเจน  📕 หนังสือเล่มนี้อาจช่วยให้คุณตัดสินใจได้ง่ายขึ้น . 📌 แถมฟรี! ที่คั่นปีศาจ 1 ชิ้น . 📌 สนใจสั่งซื้อกดตะกร้าได้เลย . #opendurianhowto #opendurianbooks #ปีศาจตัวนั้นคือฉันเอง2 #MAYI #books
ไม่ระบุ,7634128064104090901,2026-04-29,หนังสือ กับดักความรู้สึกผิด (เขียนโดย หมอทานตะวัน),272.09,1,54.89,4.96,โรคจิตหลงผิด (Delusional) . ความเชื่อฝังใจในเรื่องที่ไม่เป็นความจริง! โรคทางจิตเวชที่ผู้ป่วยมีความเชื่อผิด ๆ อย่างฝังใจ ในเรื่องที่ไม่มีอยู่จริง  . - หลงผิดว่าถูกปองร้าย (Persecutory Type) - หลงผิดว่ามีคนมารัก (Erotomanic Type) - หลงผิดว่าตนยิ่งใหญ่ (Grandiose Type) - หลงผิดว่าร่างกายผิดปกติ (Somatic Type) - หลงผิดว่าคู่ครองไม่ซื่อสัตย์ (Jealous Type) . เล่มนี้ จะพาคุณค่อย ๆ กลับมาเข้าใจตัวเอง แยกให้ออกว่าอะไรคือ ‘ความจริง’ และอะไรคือ ‘ความคิดที่กำลังทำร้ายคุณ’ . เพราะบางครั้ง… สิ่งที่คุณต้องทำ ไม่ใช่การแก้ไขทุกอย่างในชีวิต แต่คือการ ‘เลิกโทษตัวเอง’ สักที #กับดักความรู้สึกผิด #หมอทานตะวัน #opendurianhowto #โรคจิตเวช #books 
ไม่ระบุ,7470840012255366416,2025-02-13,โอบกอดความไม่สมบูรณ์แบบของเธอ (Embrace Your Flaws),258.88,1,3.16,81.37,"ยอดขายทะลุ 10,000 เล่มแล้วจ้าา🎉 สำหรับหนังสือเรียกน้ำตา  อย่าง “โอบกอดความไม่สมบูรณ์แบบของเธอ“ เดี๋ยวไปฟังความรู้สึกของคุณมุก Imminimus กันค่ะ  แอบกระซิบ มีของแถมมาให้ด้วยนะ 🥹❤️  #opendurianhowto #opendurianbooks #imminimus #โอบกอดความไม่สมบูรณ์แบบของเธอ #สัมภาษณ์ #นักเขียน #หนังสือฮีลใจ #หนังสือเล่มโปรด #หนังสือดีบอกต่อ #รางวัล "
มิ้น,7607772772269362453,2026-02-17,โอบกอดความไม่สมบูรณ์แบบของเธอ (Embrace Your Flaws),258.28,1,41.33,6.26,บทที่ 8 “เราต่างกันเกินไป” ความสัมพันธ์ที่แรก ๆ เหมือนกัน  หลัง ๆ เหมือนเริ่มจางหายไป  #โอบกอดความไม่สมบูรณ์แบบของเธอ #ความสัมพันธ์ #ความรัก #opendurianhowto 
ริว,7564732153204903176,2025-10-24,[ขายดี] หนังสือ GHOSTLY REMAINS ปลดพันธนาการดวงวิญญาณหลังความตาย by หมึกซึม,256.5,1,9.8,26.28,ป้ายยาหนังสือการ์ตูนที่ภาพสวย เนื้อเรื่องดี และซึมมาก ๆ เพราะเล่มนี้เขียนโดยคุณหมึกซึม หนังสือเล่มนี้ชื่อว่า Ghostly Remains เป็นหนังสือการ์ตูนคอมมิกขาวดำที่ฮีลใจและจะทำให้เราร้องไห้จนเห็นคุณค่าในตัวเองมากขึ้น แล้วด้วยความเป็นหนังสือการ์ตูนมันอ่านง่าย อ่านเพลินมาก ๆ #opendurianhowto #OpenDurianBooks #GhostlyBrews #GhostlyRemains #หมึกซึม 
มิ้น,7602891094413561108,2026-02-04,ปีศาจตัวนั้น คือฉันเอง 2 A Guide to Overcoming the Return of the Demons,255.0,1,42.49,5.94,ตอบกลับ @porwilawan94  เล่ม 2 เน้นอารมณ์กว่าแน่นอน  เล่มแดง ปีศาจแรงกว่าเดิม ถึง 15 ตัวเลยน้าาา 📕  #หนังสือฮีลใจ #ปีศาจตัวนั้นคือฉันเอง2 #books #ประโยคเด็ด #opendurianhowto 
ไม่ระบุ,7618541725795011860,2026-03-18,หนังสือ กับดักความรู้สึกผิด (เขียนโดย หมอทานตะวัน),255.0,1,97.63,2.62,บางครั้งคนที่ทำร้ายเรามากที่สุด อาจจะไม่ใช่ใครที่ไหน  แต่อาจจะเป็น “ตัวเรา”  ที่จัดการความรู้สึกผิดในใจไม่ได้ 🥲 วันนี้เลยอยากจะมาแนะนำหนังสือของคุณหมอทานตะวัน #กับดักความรู้สึกผิด หนังสือจากแพทย์ที่มีประสบการณ์ด้านจิตเวชศาสตร์มามากถึง 20 ปี ✨ หนังสือที่เหมาะกับคนที่เอาแต่โทษตัวเองซ้ำ ๆ จนเกิดความรู้สึกผิดในใจ จนนำเข้าสู่สภาวะอาการเบื้องต้นของ #ซึมเศร้า 🥲 สนใจหนังสือ📚 กดที่พิกัดด้านล่างคลิปได้เลยค่ะ 🙂 #opendurianhowto #books #หนังสือจิตวิทยา  
ริว,7631145397229980949,2026-04-21,[สุดคุ้ม] หนังสือ ปีศาจตัวนั้น คือฉันเอง A Guide to Fight the Demons in My Heart,250.0,1,38.23,6.5,“การกระทำสำคัญกว่าคำพูด” ใคร ๆ ก็พูดได้ว่า “รัก” แต่ไม่ใช่ทุกคนที่จะทำให้เรารู้สึกว่าถูกรักจริง ๆ เขาอาจพูดดี สัญญาเก่ง แต่ถ้าการกระทำไม่เคยตรงกับคำพูดเลย สุดท้าย…คนที่ต้องพยายามเข้าใจอยู่ฝ่ายเดียวก็คือเรา 🫂 #opendurianhowto #opendurianbooks #ปีศาจตัวนั้นคือฉันเอง #หนังสือพัฒนาตัวเอง #books
ริว,7507210403198356744,2025-05-22,หนังสือ Ghostly Brews ยินดีบริการดวงวิญญาณหลังเที่ยงคืน by หมึกซึม,232.05,1,17.6,13.12,👻หนังสือการ์ตูนแนวฮีลใจเล่มใหม่‼️ #opendurianhowto #opendurianbooks #GHOSTLYBREWSยินดีบริการดวงวิญญาณหลังเที่ยงคืน #หมึกซึม#GHOSTLYBREWSยินดีบริการดวงวิญญาณหลังเที่ยงคืนวเอง #comic #Books
ไม่ระบุ,7615990159351418133,2026-03-11,ปีศาจตัวนั้น คือฉันเอง 2 A Guide to Overcoming the Return of the Demons,228.03,1,1.3,175.49,จิตวิทยาบอกเอาไว้ว่า  “ไม่ว่าคุณจะทำดีแค่ไหน  คนที่ไม่ชอบคุณ … ก็ยังจะไม่ชอบคุณอยู่ดี”  #opendurianhowto #books  #จิตวิทยา #ปีศาจตัวนั้นคือฉันเอง2 #mayi 
ไม่ระบุ,7613337511619775764,2026-03-04,หนังสือ Ghostly Brews ยินดีบริการดวงวิญญาณหลังเที่ยงคืน by หมึกซึม,228.03,1,10.67,21.31,ลองจินตนาการดูนะ … 💭  “ถ้าตอนนี้คุณตายไปแล้ว”  ยังมีอะไรที่คุณจะเสียดายอยู่ไหม ?   . คำพูดที่ยังไม่ได้พูด ความฝันที่ยังไม่ได้ทำ  คนที่ยังไม่ได้กอด เรื่องบางเรื่องที่คิดว่าเดี๋ยวค่อยทำ  แต่ความตายมันไม่เคยรอให้เรา “พร้อม” 🪦  . Ghostly Brews คือหนังสือที่หยิบความเสียดาย 〰️ เพื่อขึ้นมาเล่าผ่านเรื่องราวของดวงวิญญาณ  ที่กลับมาเพียงเพื่อพูดสิ่งสุดท้าย ในวันที่… พวกเขาไม่มีโอกาสได้พูดอีกแล้ว 🕑 .  มันไม่ใช่หนังสือผี แต่มันคือกระจกสะท้อนชีวิต ของคนที่ยังอยู่ ให้เราได้ถามตัวเองว่า  👤 เรากำลังใช้โอกาสที่มี…หรือกำลังผลักมันไปเรื่อย ๆ . 🌙 อ่านเล่มนี้แล้ว คุณอาจไม่กลัวความตาย  แต่จะกลัวการมีชีวิตโดยยังไม่ได้พูด ยังไม่ได้บอกรัก และยังไม่ได้ทำสิ่งที่อยากทำในวันที่ยังทำได้ . ⏳ เพราะบางความเสียดาย ไม่ควรต้องรอให้ถึงวันตาย แล้วค่อยรู้ตัว หนังสือจะเป็นแบบการ์ตูนคอมิกขาวดำ  . เขียนจากคุณ “หมึกซึม” ที่จะมาเรียกน้ำตาผู้อ่าน 〰️ ทำให้เราเห็นความสำคัญของเวลา และรักตัวเองมากขึ้น  . 🐈‍⬛  ฟรี! ที่คั่น 1 ชิ้น + โปสการ์ด 3 แผ่น   . 📌 สนใจสั่งซื้อกดตะกร้าได้เลย . #opendurianhowto #OpenDurianBooks #GhostlyBrews #หมึกซึม #books
มิ้น,7537326579794431249,2025-08-11,[สุดคุ้ม] หนังสือ ปีศาจตัวนั้น คือฉันเอง A Guide to Fight the Demons in My Heart,211.71,1,6.19,34.38,ประโยคจากหนังสือดี ๆ จากหนังสือ #ปีศาจตัวนั้นคือฉันเอง ❤️ #opendurianhowto #opendurianbooks #books #หนังสือพัฒนาตัวเอง #ประโยคฮีลใจ #แม่ #วันแม่ #ครอบครัว 
ไม่ระบุ,7435220038929370384,2024-11-09,โอบกอดความไม่สมบูรณ์แบบของเธอ (Embrace Your Flaws),159.0,1,0.0,0.0,2 หนังสือเล่มใหม่ล่าสุด ที่ถูกเขียนด้วยน้ำตา🫂 #opendurianhowto #หนังสือฮีลใจ #หนังสือพัฒนาตัวเอง #หนังสือเล่มใหม่ #imminimus #โอบกอดความไม่สมบูรณ์แบบของเธอ #ชีวิตมีเรื่องให้ขอบคุณมากกว่าเสียใจ #ปูปรุง #ฮีลใจ 
ริว,7564732153204903176,2025-10-24,หนังสือ Ghostly Brews ยินดีบริการดวงวิญญาณหลังเที่ยงคืน by หมึกซึม,137.5,1,95.22,1.45,ป้ายยาหนังสือการ์ตูนที่ภาพสวย เนื้อเรื่องดี และซึมมาก ๆ เพราะเล่มนี้เขียนโดยคุณหมึกซึม หนังสือเล่มนี้ชื่อว่า Ghostly Remains เป็นหนังสือการ์ตูนคอมมิกขาวดำที่ฮีลใจและจะทำให้เราร้องไห้จนเห็นคุณค่าในตัวเองมากขึ้น แล้วด้วยความเป็นหนังสือการ์ตูนมันอ่านง่าย อ่านเพลินมาก ๆ #opendurianhowto #OpenDurianBooks #GhostlyBrews #GhostlyRemains #หมึกซึม 
ไม่ระบุ,7634487766499200277,2026-04-30,หนังสือ กับดักความรู้สึกผิด (เขียนโดย หมอทานตะวัน),0.0,0,10.67,0.0,ก้าวข้ามคำพูดแย่ ๆ ของตัวเอง แล้วใช้ชีวิตให้มีความสุข 🎭  . 🙁 หลายครั้งสิ่งที่ทำร้ายเราที่สุด ไม่ใช่คนอื่น แต่คือคำพูดในหัวเราเอง เสียงที่บอกว่าเรายังไม่ดีพอ ทำไมถึงทำพลาดอีกแล้ว เราน่าจะทำได้ดีกว่านี้นะ . เราพูดกับตัวเองแบบนี้ซ้ำ ๆ จนมันกลายเป็นเสียงที่เชื่อโดยไม่รู้ตัวและสุดท้ายเรากลายเป็นคนที่ดึงตัวเองไม่ให้ไปต่อ🙌  .  📘 หนังสือ “กับดักความรู้สึกผิด” จะช่วยให้เข้าใจว่า …  ความรู้สึกผิดมีกลไกอย่างไร และเริ่มแยกให้ออกได้ยังไง ว่าอะไรคือความรับผิดชอบของเรา กับอะไรคือความคิด ที่กำลังทำร้ายใจเราผ่านแนวคิดจิตวิทยาที่เข้าใจง่าย ✨  . 👤 พร้อมตัวอย่างเคสจริง จากประสบการณ์คุณหมอ ที่มากกว่า 20 ปี มีวิธีดูแลใจตัวเองแบบค่อยเป็นค่อยไป  ✍️ ชวนให้ปรับวิธีมองความคิดของตัวเองใหม่   มีแบบฝึกหัดพัฒนาใจรู้ว่าความคิดไหนเป็นคุณเป็นโทษ  . 📖 หนังสือเล่มนี้ จะพาไปสำรวจบาดแผลที่เกิดจาก ความคาดหวัง ทั้งจากตัวเองและคนรอบข้าง  💭 เพื่อให้เห็นว่าความรู้สึกผิดไม่ใช่สิ่งเลวร้ายเสมอไป  แล้วคุณจะรู้ว่า … ไม่จำเป็นต้องสมบูรณ์แบบก็ได้นะ .  📖 หนังสือ “กับดักความรู้สึกผิด” ⚠️ แถมฟรี ที่คั่นหนังสือ 1 ชิ้น    . 📌 สนใจสั่งซื้อกดตะกร้าได้เลย . #OpenDurianHowTo #OpenDurianBooks #กับดักความรู้สึกผิด #แพทย์หญิงทานตะวัน  #Books
ริว,7634485962344598804,2026-04-30,หนังสือ กับดักความรู้สึกผิด (เขียนโดย หมอทานตะวัน),0.0,0,63.18,0.0,เลิกคิดมาก ถ้าอยากสำเร็จ  หลายคนไปไม่ถึงไหน ไม่ใช่เพราะไม่เก่ง 💭  . แต่เพราะ คิดเยอะจนไม่กล้าเริ่ม กลัวพลาด  กลัวคนมอง สุดท้ายเลยติดอยู่ที่เดิม ลึก ๆ แล้ว มันไม่ใช่แค่ความกลัว แต่มันคือ … 👤  . ความรู้สึกผิดล่วงหน้า เราตำหนิตัวเองไว้ก่อน  ทั้งที่ยังไม่ได้เริ่ม ถ้าอยากปลดล็อกตัวเองจริง ๆ  ต้องเริ่มจาก เข้าใจใจตัวเองก่อน 😊  . 📖 หนังสือ “กับดักความรู้สึกผิด” ช่วยให้เราเข้าใจว่า  ทำไมความพยายามที่จะ “ดีให้พอ” ถึงกลายเป็น ความรู้สึกผิดกับตัวเองได้ และเริ่มแยกให้ออกได้ยังไง  . ❤️‍🩹 อะไรคือการพัฒนาตัวเองกับอะไรคือความคาดหวัง ที่กำลังทำร้ายใจเรา ผ่านทฤษฎีจิตวิทยา ✨  🗒️ เนื้อหาอ่านง่าย มาพร้อมภาพประกอบการอธิบาย 🗒️ สอดแทรก Case Studies ตัวอย่างจริงให้เราเข้าใจ .  ⚠️ แถมฟรี ที่คั่นหนังสือ 1 ชิ้น    . 📌 สนใจสั่งซื้อกดตะกร้าได้เลย . #OpenDurianHowTo #OpenDurianBooks #กับดักความรู้สึกผิด #แพทย์หญิงทานตะวัน  #Books
ริว,7634120694456061205,2026-04-29,ปีศาจตัวนั้น คือฉันเอง 2 A Guide to Overcoming the Return of the Demons,0.0,0,78.31,0.0,Imposter Syndrome  โรคคิดว่าตัวเองไม่เก่ง 🗯️ . คิดว่าทำไมไม่เคยเก่งพอสักที แม้ในวันที่คนทั้งโลก บอกว่าคุณเก่ง แต่ลึก ๆ คุณกลับไม่เคยเชื่อเลยว่า …  ความสำเร็จนั้นมาจากตัวคุณเอง  . คุณคิดว่ามันเป็นแค่โชค ทั้งคุณแค่กำลังถูกเสียงในหัว ค่อย ๆ ทำลายความมั่นใจของตัวเองอยู่เงียบ ๆ 💭 . ถ้าตอนนี้ คุณกำลังสับสนหรือเกิดความรู้สึกแบบนี้  อยากให้ลองอ่านเล่มนี้ 📕 “ปีศาจตัวนั้น คือฉันเอง 2” . เล่มนี้ ไม่ได้แค่บอกให้คุณสู้ แต่จะพาคุณไปสำรวจปีศาจ ที่ทำลายความมั่นใจ ตำหนิตัวเราตลอดเวลา  . ✔︎ ผ่านการทำความเข้าใจต้นตอของความกังวล ✔︎ เข้าใจความเศร้าที่แบกไว้ เพื่อเปลี่ยนมายด์เซ็ตใหม่ ✔︎ เรียนรู้ที่จะไม่ตัดสินตัวเอง แม้วันที่คุณไม่สมบูรณ์แบบ	 . หนังสือ “ปีศาจตัวนั้นคือฉันเอง 2” 📕 💢 ราคาพิเศษเพียง 379.- (ปกติ 390.-)     📌 แถมฟรี! ที่คั่นปีศาจ 1 ชิ้น . 😈 เลือกที่จะ “เลิกฟัง” เสียงของปีศาจ  และ “เลือกเชื่อ” เสียงของตัวเองแทน ✨    . 📌 สนใจสั่งซื้อกดตะกร้าได้เลย . #OpenDurianHowTo  #OpenDurianBooks #ปีศาจตัวนั้นคือฉันเอง2  #ปีศาจตัวนั้นคือฉันเอง  #MAYI
มิ้น,7633765753828707604,2026-04-28,หนังสือ กับดักความรู้สึกผิด (เขียนโดย หมอทานตะวัน),0.0,0,28.3,0.0,นอนไม่หลับเรื้อรัง  (Insomnia) อาการหลับยากจนเริ่มกระทบกับงาน ทุกคืนก่อนวันทำงานจะรู้สึกว่าเป็นฝันร้าย  ส่งผลให้ 1.พักผ่อนไม่เพียงพอ  2.อ่อนเพลียระหว่างวัน  3.ความจำและสมาธิลดลง  สาเหตุหลักอาจมาจากความเครียด  สภาพแวดล้อมรบกวนที่สะสมมานาน  ทำให้เกิดความเครียด ความวิตกกังวล อาจจะเข้าสู่ภาวะซึมเศร้าที่กำลังจะตามมา  …. หนังสือกับดักความรู้สึกผิดเล่มนี้  จะช่วยให้คุณได้เข้าใ จอาการหลาย ๆ อย่าง ความรู้สึกต่าง ๆ ที่นำไปสู่ภาวะซึมเศร้า โดยเฉพาะ ความรู้สึกผิดที่เกิดขึ้นในใจ  📍สนใจหนังสือกดสั่งซื้อที่ตะกร้าเหลือง #opendurianhowto #กับดักความรู้สึกผิด #หมอทานตะวัน #ซึมเศร้า #นอนไม่หลับ 
ริว,7633754178644495636,2026-04-28,หนังสือ The Witches' Club ชมรมลับเปลี่ยนชีวิต,0.0,0,20.74,0.0,มองปัญหาให้เป็นบทเรียน 🧹  เหมือนหนังสือ The Witches’ Club บอกเราว่า … . 🪄 “ความผิดหวังเป็นเพียงบทเรียน  ไม่ใช่บทสรุปของชีวิต จงเรียนรู้จากมัน แล้วก้าวต่อไปอย่างชาญฉลาด”  . 🪄 “ความกังวลก็เป็นเหมือนไฟ  หากใช้เป็นก็มีประโยชน์ หากปล่อยให้ลุกลาม ก็อาจเป็นโทษและทำลายทุกอย่าง” . 📓 หนังสือเล่มนี้ เป็นเหมือนคู่มือเปลี่ยนชีวิต  เปลี่ยนทัศนคติให้เราเปลี่ยนความคิดลบ  มองปัญหาให้กลายเป็นบทเรียน เป็นพลังงานดี ๆ . 🔮  The Witches‘ Club ชมรมลับเปลี่ยนชีวิต  📜  รวม 50 กฎลับ สู่ความสุขที่คุณปรารถนา  ✒️ เขียนโดยปลายปากกา “MAY-I”  ✨  . พลังวิเศษที่คุณจะได้เมื่ออ่านเล่มนี้จบ  🗞️ แนวคิด ในการรับมือกับปัญหาในชีวิต 🗞️ แก้ไขข้อผิดพลาด และเรียนรู้ที่จะรักตัวเอง  🗞️ ปรับ Mindset และเข้าใจชีวิตมากขึ้น   🗞️ เปลี่ยนวันร้าย ๆ ให้มีความสุขในทุกวัน  🔮 มาพร้อมโควทคำคม ฝึกภาษาอังกฤษสอนใจ  . 📍 แถมฟรี! 🏷️ ที่คั่นแมวยืน 1 ใบ   🏷️ ที่คั่นแมวถือไม้กวาด 1 ใบ     📰 สติกเกอร์แมวนำโชค 2 แผ่น   . 📌 สนใจสั่งซื้อกดตะกร้าได้เลย . #opendurianhowto #OpenDurianBooks #TheWitchesClubชมรมลับเปลี่ยนชีวิต #MAYI
ริว,7633746168526474517,2026-04-28,หนังสือ ขอใช้ชีวิตที่เหลือ เพื่อตัวเองนะ,0.0,0,3.58,0.0,5 วิธี ใจดีกับตัวเอง 😊💭 ให้เรากลับมาใจดีกับตัวเองได้อีกครั้ง  . วิธีที่ 1 🪐 อนุญาตให้ตัวเองปฏิเสธบ้าง  อะไรที่ทำแล้วไม่สบายใจ การพูดว่าไม่  ไม่ใช่ความเห็นแก่ตัวนะ แต่มันคือ การรักษาความสุขของตัวเองไว้  . วิธีที่ 2 🪐 เลิกเปรียบเทียบชีวิตกับใคร  ชีวิตไม่ใช่การแข่งขัน ทุกคนมีจังหวะของตัวเอง  ก้าวไปตามความเร็วที่เราไหวก็พอแล้ว  . วิธีที่ 3 🪐 โอบกอดความผิดพลาด  เราไม่จำเป็นต้องสมบูรณ์แบบตลอดเวลาหรอก  ผิดบ้าง พลาดบ้าง ก็แค่เรียนรู้แล้วเริ่มใหม่  . วิธีที่ 4 🪐 เลิกพิสูจน์ตัวเองเพื่อคนอื่น  ความสุขของเรามีค่าเกินกว่าจะรอให้ใคร มาตัดสินว่าเราดีพอหรือยัง  . วิธีที่ 5 🪐 ให้พื้นที่กับความสงบ  ลองวางมือถือลงบ้าง อยู่กับตัวเองเงียบ ๆ  อ่านหนังสือสักเล่ม หรือมองท้องฟ้าสักพัก  . เหมือนที่หนังสือเล่มนี้บอกไว้ …  📖 “ขอใช้ชีวิตที่เหลือ เพื่อตัวเองนะ”  . มันเตือนสติได้ดีมากเลยว่า เราไม่ได้เกิดมา เพื่อแบกความคาดหวังของโลกทั้งใบ ✨  . 🌙 เพราะวันพรุ่งนี้อาจมาไม่ถึง  เราจึงต้อง “มีความสุข” ให้ได้ตั้งแต่วันนี้  🧑🏻‍🚀 พร้อมหรือยังที่จะสร้างพื้นที่ความสุข หายใจและใช้ชีวิตที่เหลือ เพื่อตัวเองอย่างแท้จริง    . 🔖 พร้อมแถมฟรี! ที่คั่นหนังสือ 4 ลาย   . 📌 สนใจสั่งซื้อกดตะกร้าได้เลย 📲  . #opendurianhowto #OpenDurianBooks #ขอใช้ชีวิตที่เหลือเพื่อตัวเองนะ #KIWTUM  #คิ้วต่ำ
มิ้น,7632297922113178900,2026-04-24,Boxset หนังสือวันไหนที่ใจแข็งแรง ดอกไม้จะผลิบาน (The Enchanted Garden) ฟรีของแถมใน Boxset ทุกเซ็ต,0.0,0,68.86,0.0,ผ่านไปจะครึ่งปีแล้ว ตอนนี้สวนหัวใจเป็นยังไงบ้าง?  ยังแข็งแรงดี หรือจริง ๆ แล้ว แค่กำลังรอการดูแลจากใครสักคน  … #วันไหนที่ใจแข็งแรงดอกไม้จะผลิบาน #สวนหัวใจ #opendurianhowto #หนังสือฮีลใจ #ของขวัญ 
ริว,7631897890280967444,2026-04-24,[พร้อมส่ง] Box set หนังสือถ้าโลกมันแย่ ก็แค่คิดแบบคาปิบาร่า (Think Like a Happybara),0.0,0,147.6,0.0,ทำไมคาปิบาร่าไม่โดนจระเข้กิน ? 🐊 เพราะว่ามันไม่พยายามควบคุมทุกอย่าง   . แค่ใช้ชีวิตชิล ๆ แบบที่มันเป็น แต่ลองคิดกลับกัน 🦦 ทำไมเรายังพยายามควบคุมสิ่งที่ควบคุมไม่ได้  ควบคุมความคาดหวัง ควบคุมความคิดคนอื่น  จนสุดท้าย…ก็ควบคุมตัวเองไม่อยู่ 💭  . “ถ้าโลกมันแย่ก็แค่คิดแบบคาปิบาร่า” 🌏 ✍️ เขียนโดยนามปากกา “MAY-I”  . หนังสือเล่มนี้ จะไม่บอกให้คุณสู้ แต่จะสอนให้คุณ …   ✔︎ ปล่อยบางอย่างลง ช่วยลดความคิดมาก ✔︎ ลดการโทษตัวเอง ใจเย็นในวันที่ทุกอย่างไม่เป็นใจ  ✔︎ อ่านง่าย อ่านเพลินและได้ข้อคิดที่ดีและน่ารักมาก ๆ  . ของแถมพิเศษ เฉพาะใน Boxset 🐾  🔖  สติกเกอร์สุดกวน 9 แผ่น  🔖  ที่คั่นหนังสือสุดน่ารัก 3 แผ่น 🔖  คัมภีร์ลับ Happybara 1 เล่ม   . หนังสือเล่มนี้ถ้าได้อ่านมันจะบอกเราว่า … 💬 ไม่ต้องเก่งขึ้นในวันเดียว แค่ใจไม่พังเหมือนเดิมก็คุ้มแล้ว . #opendurianhowto #opendurianbooks #หนังสือพัฒนาตัวเอง #หนังสือฮีลใจ #ถ้าโลกมันแย่ก็แค่คิดแบบคาปิบาร่า
มิ้น,7631524901601725717,2026-04-22,หนังสือ กับดักความรู้สึกผิด (เขียนโดย หมอทานตะวัน),0.0,0,34.4,0.0,หนังสือเล่มนี้จะทำให้คุณ เลิกโทษตัวเองได้จริง ✨📚 #กับความรู้สึกผิด #หมอทานตะวัน #books #opendurianhowto #รีวิว  
ริว,7631516628399754516,2026-04-22,[สุดคุ้ม] หนังสือ ปีศาจตัวนั้น คือฉันเอง A Guide to Fight the Demons in My Heart,0.0,0,101.45,0.0,“ทุกอย่างเป็นสิ่งชั่วคราว”  ความสุขอยู่ไม่นาน แต่ความทุกข์ก็เหมือนกัน 🙁 . 💬 วันที่เราหัวเราะ มันก็ผ่านไป …  💬 วันที่เราร้องไห้หนักสุดท้าย มันก็ผ่านไปเหมือนกัน …  . แต่เรามักจะลืมเรื่องนี้ โดยเฉพาะตอนที่กำลังเจ็บ  เราคิดว่ามันจะอยู่แบบนี้ตลอดไป คิดว่าเราจะไม่ดีขึ้น  เลยยิ่งจมกับความรู้สึกนั้นมากขึ้น  . 📙 “ปีศาจตัวนั้นคือฉันเอง”  หนังสือที่ค่อย ๆ เตือนเรา ว่าความรู้สึกที่หนักอยู่ตอนนี้ มันไม่ได้อยู่กับเราตลอดไป  . เล่มนี้ มันช่วยให้เราอยู่กับความเจ็บปวดและเรียนรู้ โดยไม่ต้องทำร้ายตัวเอง ผ่านการสำรวจปีศาจในใจ ✨ . ❤️‍🩹 ปีศาจความรัก - ปีศาจครอบครัว  👭 ปีศาจมิตรภาพ - ปีศาจการเรียน  🖥 ปีศาจการทำงาน - ปีศาจไม่พัฒนา 🙅‍♀️ ปีศาจไม่รักตัวเอง - ปีศาจธุรกิจ  💸 ปีศาจการเงิน - ปีศาจสังคม . 📖 มาพร้อม Quotes ฮีลใจภาษาอังกฤษแปลไทย  🎯 QR Code สแกนแบบทดสอบค้นหานักสู้ในตัวคุณ  พร้อมวิธีการจัดการอารมณ์ตัวเองให้เหมาะสมที่สุด  . แถมฟรี ❗ที่คั่นปีศาจ 1 ชิ้น  . 📌 เพราะทุกปัญหาเป็นเพียงบททดสอบ  และเราสามารถเปลี่ยนมันให้เป็นพลังได้ด้วยเล่มนี้ . 👇🏻 สนใจสั่งซื้อกดตะกร้าได้เลย #opendurianhowto #opendurianbooks #หนังสือพัฒนาตัวเอง #หนังสือฮีลใจ #ปีศาจตัวนั้นคือฉันเอง
มิ้น,7631162195174346004,2026-04-21,หนังสือ กับดักความรู้สึกผิด (เขียนโดย หมอทานตะวัน),0.0,0,37.24,0.0,โดนนอกใจทำยังไงดี?  คลิปนี้มีตัวช่วยที่ทำให้คุณจัดการอารมณ์ของตัวเองให้มีสติ  โดยที่ไม่ทำอะไรแย่ ๆ ลงไปเสียก่อน  #opendurianhowto #books #กับความรู้สึกผิด #หมอทานตะวัน #นอกใจ  
มิ้น,7630813924249619733,2026-04-20,[ขายดี] หนังสือ GHOSTLY REMAINS ปลดพันธนาการดวงวิญญาณหลังความตาย by หมึกซึม,0.0,0,6.05,0.0,ถ้าอยากเสียน้ำตาต้องอ่านเล่มนี้🥲 #GhostlyRemains  ผลงานภาคต่อเล่ม 2📓 จาก #GhostlyBrews ผลงานการเขียนจาก “หมึกซึม” ✍🏻 ##Comic#books #opendurianhowto  
ริว,7630786515014257940,2026-04-20,หนังสือ The Witches' Club ชมรมลับเปลี่ยนชีวิต,0.0,0,65.22,0.0,ทุกปัญหามีทางออกเสมอ…แต่บางวันเราแค่ไม่มีแรงจะหามัน🤍 #opendurianhowto #opendurianbooks #หนังสือพัฒนาตัวเอง #books #TheWitchesClub
ริว,7630784961481575700,2026-04-20,[ขายดี] หนังสือ GHOSTLY REMAINS ปลดพันธนาการดวงวิญญาณหลังความตาย by หมึกซึม,0.0,0,1.4,0.0,ถ้าคุณจากโลกนี้ไป…ใครจะเป็นคนที่เศร้าที่สุด? #opendurianhowto #OpenDurianBooks #GhostlyRemains #หมึกซึม #Books
มิ้น,7630683527557795093,2026-04-20,หนังสือ Ghostly Brews ยินดีบริการดวงวิญญาณหลังเที่ยงคืน by หมึกซึม,0.0,0,31.75,0.0,แค่หนังสือ Comic ทำไมอ่านแล้วร้องไห้ 🥲 #opendurianhowto #books #comic #ร้องไห้ #ghostlybrews 
มิ้น,7629667992913104149,2026-04-17,[สุดคุ้ม] หนังสือ ปีศาจตัวนั้น คือฉันเอง A Guide to Fight the Demons in My Heart,0.0,0,30.45,0.0,คนไทยเป็นอะไรกับแฟนเก่า‼️ ถ้าแฟนเก่าดีจริง คงไม่เรียกว่า ‘เก่า‘ กำจัดเสียงในหัว สำหรับคนที่ชอบกลับไปหาคนเก่าด้วยหนังสือเล่มนี้ 📚 #ปีศาจตัวนั้นคือตัวฉันเอง #opendurianhowto #แฟนเก่า #คนไทยเป็นอะไรกับคนเก่า #fyp 
มิ้น,7628820189630516500,2026-04-15,หนังสือ Ghostly Brews ยินดีบริการดวงวิญญาณหลังเที่ยงคืน by หมึกซึม,0.0,0,5.14,0.0,คนที่ควรเปิดเล่มนี้อ่าน📓  - คนที่รู้สึกไม่ดีพอกับตัวเอง - คนที่มองไม่เห็นคุณค่าในตัวเอง - คนที่ลืมดูแลใจตัวเอง - คนที่อยากรักตัวเองใหม่อีกครั้ง - คนที่กำลังหมดแพชชัน  #opendurianhowto #books #ghostlybrews #comic #หนังสือฮีลใจ 
มิ้น,7628816336260631829,2026-04-15,[พร้อมส่ง] หนังสือ ปีศาจความรัก มักเลือกฉันเป็นเหยื่อ [How to Fight the Love Demon in My Heart],0.0,0,28.77,0.0,3 วิธี ‼️ ออกจากความสัมพันธ์ ที่มากกว่าเพื่อนแต่ไม่ใช่แฟน #opendurianhowto #books #ปีศาจความรักมักเลือกฉันเป็นเหยื่อ #หนังสือฮีลใจ #มากกว่าเพื่อนแต่ไม่ใช่แฟน 
มิ้น,7627449583227948309,2026-04-11,[สุดคุ้ม] หนังสือ ปีศาจตัวนั้น คือฉันเอง A Guide to Fight the Demons in My Heart,0.0,0,35.37,0.0,เพื่อนที่ดีจะกล้าเตือนคุณ  มีงานวิจัยบอกว่า… “เพื่อนที่ดีเพื่อนที่จริงใจจะพูดความจริงเสมอ แม้ความจริงนั้นจะเจ็บปวด” 🥲 #opendurianhowto #books #ปีศาจตัวนั้นคือตัวฉันเอง #หนังสือฮีลใจ #เพื่อนช่วยเพื่อน  
ริว,7627083482040126740,2026-04-17,[สุดคุ้ม] หนังสือ ปีศาจตัวนั้น คือฉันเอง A Guide to Fight the Demons in My Heart,0.0,0,41.29,0.0,3 วิธีแก้นิสัยผัดวันประกันพรุ่ง! 🙆‍♀️  . 💬 เคยไหม…มีสิ่งที่ต้องทำ  ?  แต่เราบอกตัวเองว่า “เดี๋ยวค่อยทำก็ได้” 😈  ลองเริ่มจาก 3 วิธีง่าย ๆ นี้ เปลี่ยนแปลงตัวเอง . 1. เริ่มจากสิ่งเล็กที่สุด  อย่ารอให้พร้อมทุกอย่าง แค่เริ่มทำเล็ก ๆ ก่อน . 2. ตัดความคิดที่บอกว่า “ยังไม่พร้อม”  เพราะหลายครั้งเราจะไม่มีวันรู้สึกพร้อมจริง ๆ . 3. อย่ากดดันตัวเองเกินไป ยิ่งกดดัน  เราจะยิ่งอยากหนีงานนั้น และถ้าคุณเป็นคนที่ ชอบโทษตัวเอง เวลาทำอะไรไม่ทันหรือไม่สำเร็จ . 📙 หนังสือ “ปีศาจตัวนั้นคือฉันเอง”  จะช่วยให้คุณเข้าใจเสียงในหัวของตัวเองมากขึ้น ✨  เสียงที่คอยกดดัน คอยตำหนิ จนทำให้เรากลัวที่จะเริ่ม  . ✔︎ เล่มนี้ มันจะช่วยให้คุณเลิกใจร้ายกับตัวเอง  ✔︎ ปรับมายด์เซ็ต เริ่มลงมือทำได้ง่ายขึ้นทีละนิด  ✔︎ ในเล่มมีประโยคที่เรียบง่ายแต่ปลุกใจเราได้ดีมาก  หนังสือเล่มนี้ อยากแนะนำให้อ่านมาก ๆ . “ปีศาจตัวนั้นคือฉันเอง” 📙  แถมฟรี ❗ที่คั่นปีศาจ 1 ชิ้น  . #opendurianhowto #opendurianbooks #หนังสือฮีลใจ #ปีศาจตัวนั้นคือฉันเอง #MAYI
ริว,7627082392301309204,2026-04-17,หนังสือ ขอใช้ชีวิตที่เหลือ เพื่อตัวเองนะ,0.0,0,45.7,0.0,อีโก้ไม่ใช่เรื่องแย่  แต่ต้องมีอย่างพอดี  💭 หนังสือเล่มนี้จะทำให้เรามีอีโก้ แต่เป็นอีโก้ที่ดี  อีโก้ที่ทำให้รักตัวเองและไม่ทำให้ใครเดือดร้อน  . ⭐️ เล่มนี้ เหมือนรวมปรัชญาการใช้ชีวิตยังไง ⭐️ ทำให้เรามีความสุข ไม่ทำให้เรากลับมาเสียดาย  ⭐️ ให้ข้อคิดที่ทำให้เรากลับมาโฟกัสตัวเอง  ⭐️ กลับมารักและเห็นคุณค่าในตัวเองอีกครั้ง . เล่มนี้ชื่อ 📘“ขอใช้ชีวิตที่เหลือเพื่อตัวเองนะ”  ✍🏻 เขียนโดย คุณคิ้วต่ำ . หนังสือเล่มนี้อาจทำให้คุณเสียน้ำตา  แต่มันจะเป็นน้ำตาที่ทำให้คุณรู้สึกเบาสบายขึ้น และพร้อมให้คุณได้เริ่มต้นออกเดินทาง กลับสู่หัวใจของตัวเองอย่างแท้จริง 🪐 .  “ขอใช้ชีวิตที่เหลือเพื่อตัวเองนะ” 🔖 พร้อมแถมฟรี! ที่คั่นหนังสือ 4 ลาย   . #opendurianhowto #OpenDurianBooks #ขอใช้ชีวิตที่เหลือเพื่อตัวเองนะ #KIWTUM  #คิ้วต่ำ
ริว,7627079949840616724,2026-04-16,หนังสือ Ghostly Brews ยินดีบริการดวงวิญญาณหลังเที่ยงคืน by หมึกซึม,0.0,0,37.25,0.0,“ถ้าวันหนึ่ง…เรากำลังจะตาย  สิ่งสุดท้ายที่คุณอยากพูดคืออะไร”  . หลายคนอาจอยากบอกรักใครสักคน 💬 บางคนอาจอยากขอโทษในสิ่งที่เคยทำผิด  หรือบางคนอาจแค่อยากบอกว่า “ขอบคุณนะ” . 👤 แต่ปัญหาคือ หลายคำที่สำคัญที่สุดในชีวิต  เรามักเก็บมันไว้พูดทีหลัง หนังสือ Ghostly Brews  เล่าเรื่องวิญญาณที่กลับมาพูดคำสุดท้ายที่ค้างอยู่ในใจ . บางตนอยากบอกรัก บางตนอยากขอโทษ  บางตนแค่อยากให้ใครสักคนเข้าใจ  แต่มันเกิดขึ้น… หลังจากที่สายไปแล้ว 🕞  . 🪦 หนังสือเล่มนี้ไม่ได้เล่าเรื่องความตาย  แต่มันทำให้เราถามตัวเองว่า คำสำคัญในชีวิตของเรา  ทำไมต้องรอจนวันสุดท้ายถึงจะพูด … 💭  . 📓 Ghostly Brews หนังสือที่จะทำให้คุณ อยากกลับไปพูดสิ่งสำคัญในวันที่ยังมีโอกาส  . ☕️  ราคาเพียง 390 บาท ✨ 🐈‍⬛  ฟรี! ที่คั่น 1 ชิ้น + โปสการ์ด 3 แผ่น   . #opendurianhowto #OpenDurianBooks #GhostlyBrews  #ยินดีบริการดวงวิญญาณหลังเที่ยงคืน  #หมึกซึม
ริว,7627077605929356564,2026-04-14,ปีศาจตัวนั้น คือฉันเอง 2 A Guide to Overcoming the Return of the Demons,0.0,0,12.95,0.0,ข้อคิดที่ได้เรียนรู้จากหนังสือเล่มนี้ 📕 . 1. บางเรื่องมันก็แค่ช่วงหนึ่งของชีวิต  เดี๋ยวมันก็ผ่านไป . 2. ถ้าเหนื่อยก็พักได้  ไม่จำเป็นต้องเก่งตลอดเวลา . 3. ไม่ต้องโทษตัวเองกับทุกเรื่อง  บางอย่างมันก็ควบคุมไม่ได้ . 4. คนที่ใช่กับเรา เขาจะไม่ทำให้เรา รู้สึกแย่กับตัวเองตลอดเวลา . 5. ชีวิตไม่ได้แข่งกับใคร  เดินช้าบ้างก็ไม่เป็นไร . หนังสือ “ปีศาจตัวนั้นคือฉันเอง 2” 😈 📖 หนังสือเล่มนี้จึงไม่ใช่เพียงบทความฮีลใจ  #OpenDurianHowTo  #OpenDurianBooks #ปีศาจตัวนั้นคือฉันเอง2  #ปีศาจตัวนั้นคือฉันเอง  #MAYI เมไอ 
มิ้น,7627077452866604309,2026-04-10,[ขายดี] หนังสือ GHOSTLY REMAINS ปลดพันธนาการดวงวิญญาณหลังความตาย by หมึกซึม,0.0,0,9.3,0.0,แด่หมาจรทุกตัวบนโลก 🐶 ขอให้ได้พบกับคนที่เป็นเหมือนครอบครัว  และอยู่เคียงข้างกันอย่างมีความสุขเท่าที่จะเป็นไปได้ :)   #ghostlyremains #comic  #โกฮัง #หมาจร #opendurianhowto  
ริว,7627076843702717716,2026-04-13,BOXSET The Witches' Club ชมรมลับเปลี่ยนชีวิต,0.0,0,57.25,0.0,Boxset ✨ ที่แจกไพ่ทำนายดวง ให้เราดูดวงรายวันได้แบบนี้ … 😍  . กับ Boxset 📚 The witches’ Club ชมรมลับเปลี่ยนชีวิต 🪄 เปลี่ยนชีวิตที่ทาสแมวและสายมูต้องชอบ  🪄 ช่วยพาเราค้นพบความสุขที่ซ่อนอยู่ในตัวคุณ  🪄 ผ่านกฎลับแม่มดที่จะพาเราเห็นคุณค่าในตัวเอง . 🔮คุณจะค้นพบเวทมนตร์   ในการเผชิญหน้ากับสารพันปัญหาในชีวิต    📜 โดยรวบรวม 50 กฎลับ สู่ความสุขที่คุณปรารถนา  พร้อมทำให้ปัญหาของคุณ มลายหายไปในที่สุด    . 💢 แถมพิเศษเฉพาะแบบ Boxset 💢 . 🔮 ไพ่ทำนายดวง สุ่มหยิบรายวัน 30 ใบ  👝 ถุงกำมะหยี่พรีเมียม 1 ชิ้น   🏷️ ที่คั่นแมวยืน 1 ใบ   🏷️ ที่คั่นแมวถือไม้กวาด 1 ใบ  🧹    📰 สติกเกอร์แมวนำโชค 2 แผ่น   #opendurianhowto #OpenDurianBooks #TheWitchesClubชมรมลับเปลี่ยนชีวิต #MAYI #เมไอ
ริว,7627075343870102805,2026-04-11,หนังสือ กับดักความรู้สึกผิด (เขียนโดย หมอทานตะวัน),0.0,0,187.45,0.0,โรคไบโพลาร์ 💬 คือภาวะที่อารมณ์สลับเป็นช่วง ๆ  . 🙁 บางช่วงมีพลังมากผิดปกติ คิดเร็ว ทำเร็ว ตัดสินใจเร็ว แต่เมื่ออารมณ์ดิ่งลง หลายคนจะย้อนกลับมาคิดถึง   สิ่งที่ตัวเองทำไปแล้วเริ่มรู้สึกผิด โทษตัวเอง เสียใจกับมัน  . 👤 ความรู้สึกผิดแบบนี้ ไม่ใช่เรื่องแปลกในทางจิตวิทยา เมื่ออารมณ์เปลี่ยน มุมมองที่มองตัวเองเปลี่ยนตาม . หนังสือ “กับดักความรู้สึกผิด” 📖  ✔︎ ชวนให้เรากลับมามองความคิดของตัวเองให้ชัดขึ้น  ✔︎ เข้าใจความรู้สึกผิดแบบไหน กำลังทำให้เราเติบโต  ✔︎ ความรู้สึกผิดแบบไหน ที่กำลังค่อย ๆ บั่นทอนใจเรา  ✔︎ ผ่านแนวคิด และทฤษฎีจิตวิทยาที่เข้าใจได้ง่าย . 📍 มีเคสตัวอย่างจากประสบการณ์จริงของหมอ 📍 อ่านเข้าใจง่าย เพราะบางครั้งสิ่งที่เราต้องเรียนรู้ 📍 ไม่ใช่แค่การเข้มแข็ง แต่คือการหยุดใจร้ายกับตัวเอง . 📖 หนังสือ “กับดักความรู้สึกผิด” ⚠️ แถมฟรี ที่คั่นหนังสือ 1 ชิ้น    . #OpenDurianHowTo #OpenDurianBooks #กับดักความรู้สึกผิด #แพทย์หญิงทานตะวัน  #Books
มิ้น,7627074130273127700,2026-04-10,[ขายดี] หนังสือ GHOSTLY REMAINS ปลดพันธนาการดวงวิญญาณหลังความตาย by หมึกซึม,0.0,0,4.26,0.0,กฎ Thank you next ที่ช่วยให้เรา…ไม่ต้องเสียใจซ้ำ ๆ กับคนเดิม ;( “บางคนไม่ได้หายไปจากชีวิตเราเพราะเขาไม่ดีนะ แต่เขาหายไป…เพราะเขา  ไม่ใช่ที่ของเราต่างหาก” #books #opendurianhowto #ghostlyremains #thankyounext #fyp  
ริว,7627071358777756949,2026-04-10,Boxset เหนื่อยมากไหม พักก่อนก็ได้นะวันนี้ by MAY-I (เม-ไอ),0.0,0,38.09,0.0,ถ้าวันนี้คุณเหนื่อย…ลองอ่านประโยคนี้ #opendurianhowto #OpenDurianBooks #เหนื่อยมากไหมพักก่อนก็ได้นะวันนี้ #MAYI #เมไอ
ริว,7627070019419032853,2026-04-10,ปีศาจตัวนั้น คือฉันเอง 2 A Guide to Overcoming the Return of the Demons,0.0,0,104.76,0.0,Burnout คือภาวะหมดไฟ 🔥 จากการทำอะไรเดิม ๆ ซ้ำ ๆ นานเกินไป  . จนร่างกายและใจเริ่มล้า สิ่งที่เคยชอบ   ก็กลายเป็นไม่อยากทำ และเริ่มตั้งคำถามว่า ? . 💭 เราทำไปเพื่ออะไร เราอาจฝืนตัวเองมานาน  💭 พยายามเข้มแข็ง พยายามโอเคกับทุกเรื่อง  ทั้งที่ข้างในมันพังไม่ไหวแล้ว  . 📕 ในหนังสือ “ปีศาจตัวนั้นคือฉันเอง 2”  เขาพูดถึงปีศาจที่ทำให้เรากดดันตัวเองตลอดเวลา  จนวันหนึ่ง…ไฟในใจมันก็ดับลง 😈 . 💯 เล่มนี้ ไม่ได้บอกให้คุณต้องลุกขึ้นมาสู้ทันที  แต่มันจะค่อย ๆ พาคุณหยุดพักทบทวนตัวเอง  และค่อย ๆ จุดไฟเล็ก ๆ ในใจขึ้นมาอีกครั้ง  ผ่านถ้อยคำที่อบอุ่นเหมือนโดนกอด   . ถ้าคุณกำลังเหนื่อยกับชีวิต หรือรู้สึกว่ากำลังหมดไฟ  เล่มนี้อาจเป็นสิ่งที่ใจคุณกำลังต้องการ ✨   . หนังสือ “ปีศาจตัวนั้นคือฉันเอง 2” 📕 📌 แถมฟรี! ที่คั่นปีศาจ 1 ชิ้น . 📌 สนใจสั่งซื้อกดตะกร้าได้เลย . #OpenDurianHowTo  #OpenDurianBooks #ปีศาจตัวนั้นคือฉันเอง2  #ปีศาจตัวนั้นคือฉันเอง  #MAYI
มิ้น,7626709477148265748,2026-04-09,[สุดคุ้ม] หนังสือ ปีศาจตัวนั้น คือฉันเอง A Guide to Fight the Demons in My Heart,0.0,0,62.54,0.0,ประโยคนี้โคตรจริง  ที่อ่านแล้วชอบมาก✨ #opendurianhowto #books #หนังสือฮีลใจ #ประโยคเด็ด #ปีศาจนั้นคือฉันเอง 
ริว,7626705545336016149,2026-04-09,Boxset เหนื่อยมากไหม พักก่อนก็ได้นะวันนี้ by MAY-I (เม-ไอ),0.0,0,46.96,0.0,ทำเหมือนไม่เป็นไร… ทั้งที่ข้างในไม่โอเคเลย  ยิ้มได้ คุยได้ ทำงานได้ตามปกติ 💭 . 🩹 แต่ลึก ๆ ข้างในมันเหนื่อย มันว่างเปล่า  เหมือนต้องเข้มแข็งตลอดเวลา  🙁 . 👤 บางทีเราไม่ได้ต้องการคำแนะนำมากมาย  แค่อยากมีใครสักคนบอกว่า ‘ถ้าเหนื่อย…พักก่อนก็ได้นะ’ . 📒 หนังสือ “เหนื่อยมากไหม พักก่อนก็ได้นะวันนี้”  ✔️ พาเรามาสำรวจความรู้สึก ว่าเรากำลังรู้สึกอะไร ✔️ เหมือนเพื่อนที่นั่งข้าง ๆ ในวันที่เราไม่โอเค  ✔️ เหมือนจดหมายสั้น ๆ ที่กอดเราอย่างอ่อนโยน ✔️ เข้าใจว่าการวางบางอย่างลงไม่ใช่ความผิด . ฟรี! Exclusive เฉพาะแบบ Boxset  📒 Life Planner สมุดวางแผนชีวิต 1 เล่ม  👋 โปสการ์ดกันเหนื่อย 3 แผ่น 🐶 ที่คั่นลายพิเศษ 3 ชิ้น  🐾 สติกเกอร์สดใส ถูกใจวัยทำงาน 2 แผ่น . 📌 สนใจสั่งซื้อกดตะกร้าได้เลย . #opendurianbooks #opendurianhowto #เหนื่อยมากไหมพักก่อนก็ได้นะวันนี้ #เธรดความรู้สึก #เธรดเศร้า
มิ้น,7625957520124677396,2026-04-07,[สุดคุ้ม] หนังสือ ปีศาจตัวนั้น คือฉันเอง A Guide to Fight the Demons in My Heart,0.0,0,27.41,0.0,อย่ารับคำวิพากษ์วิจารณ์ จากคนที่เราไม่ได้อยากรับคำแนะนำ ประโยคดึงสติจากหนังสือ 📚 #ปีศาจตัวนั้นคือตัวฉันเอง   #books #หนังสือฮีลใจ #รักตัวเอง #opendurianhowto  
ริว,7625594816566414612,2026-04-07,[สุดคุ้ม] หนังสือ ปีศาจตัวนั้น คือฉันเอง A Guide to Fight the Demons in My Heart,0.0,0,92.54,0.0,สัญญาณเตือนการนอกใจ  บางครั้งมันเริ่มจากความรู้สึกว่า … 💭👤 . 😓 เขาไม่เหมือนเดิมแล้ว ความใส่ใจน้อยลง  คำพูดเปลี่ยนไป และคนที่พยายามอยู่ฝ่ายเดียว ‘คือเรา’  . 💭 หลายครั้งเรารู้สัญญาณพวกนี้ดี แต่เรากลับ เลือกไม่มองมัน เพราะกลัวว่าจะต้องเสียเขาไป . 😈📔 หนังสือ “ปีศาจตัวนั้น คือฉันเอง”  คือหนังสือที่พูดถึงปีศาจในหัวเราทั้งความกลัว  ไม่รักตัวเอง ความคิดที่ทำให้เรายอมทนกับสิ่งที่ทำร้ายใจ . ✔️ ในเล่มมีข้อคิดและประโยคเตือนสติสั้น ๆ อ่านง่าย  ✔️ มีปีศาจอีกมากมาย ทำให้เรากลับมาทบทวนตัวเอง  ✔️ ได้เริ่มกลับมามองเห็นคุณค่าของตัวเองอีกครั้ง . 🫂 เพราะสุดท้ายแล้วความสัมพันธ์ที่ดี ไม่ควรทำให้เราต้องพยายามอยู่ฝ่ายเดียว 😊 . “ปีศาจตัวนั้นคือฉันเอง” 📙  แถมฟรี ❗ที่คั่นปีศาจ 1 ชิ้น  . 👇🏻 สนใจสั่งซื้อกดตะกร้าได้เลย . #opendurianhowto #opendurianbooks #ปีศาจตัวนั้นคือฉันเอง #หนังสือพัฒนาตัวเอง #books
มิ้น,7625593704887160085,2026-04-06,[ขายดี] หนังสือ GHOSTLY REMAINS ปลดพันธนาการดวงวิญญาณหลังความตาย by หมึกซึม,0.0,0,1.89,0.0,5 วิธีปล่อยวางให้ใจสงบ 📚 จากหนังสือ #GhostlyRemains  1.ยอมรับความจริงให้ได้ก่อน  (การปล่อยวาง…ไม่ได้เริ่มจากการ “ปล่อย”แต่มันเริ่มจากการ “ยอมรับ”) 2.โฟกัสแค่สิ่งที่คุณควบคุมได้ (ชีวิตจะเบาขึ้นเยอะ ถ้าคุณเลิกพยายามควบคุมทุกอย่าง) 3.ดึงตัวเองกลับมาอยู่กับปัจจุบัน (พอใจคุณกลับมาอยู่กับปัจจุบัน ความคิดที่วุ่นวายจะค่อย ๆ เบาลง) 4.ไม่จำเป็นต้องเก็บทุกคนไว้ในชีวิต (คนรอบตัวมีผลกับใจเรามากกว่าที่คิด จงเลือกคนที่ทำให้คุณ “เติบโต”) 5.อยู่กับปัจจุบันให้มากขึ้น (ยิ่งอยู่กับปัจจุบันได้มากเท่าไหร่ ใจคุณจะยิ่งไม่ต้องไปแบกอะไรที่ไม่จำเป็น) #opendurianhowto #books #หนังสือฮีลใจ #ปล่อยวาง  
ไม่ระบุ,7624473530540789013,2026-04-03,หนังสือ Ghostly Brews ยินดีบริการดวงวิญญาณหลังเที่ยงคืน by หมึกซึม,0.0,0,7.29,0.0,คงจะเป็นเรื่องจริงของความรัก ที่ยิ่งใกล้กัน ยิ่งห่างไกลกันออกไป ไม่ได้พูดคุยหรือแก้ไข  สุดท้ายกลับมาทำร้ายกันเสียเอง 🥲 #opendurianhowto #books #ghostlybrews #ความรัก #comic 
ริว,7624472428948770069,2026-04-03,หนังสือ ความลับสู่เงินล้านที่โรงเรียนไม่เคยสอน (The Millionaire's Top Secret),0.0,0,106.01,0.0,รายได้เพิ่มขึ้น…แต่เงินเก็บไม่เพิ่มเลย เกิดจากอะไรต้องฟัง⁉️ #opendurianhowto #OpenDurianBooks #ความลับสู่เงินล้านที่โรงเรียนไม่เคยสอน  #หนังสือ #Books
ริว,7624468663546039572,2026-04-03,[พร้อมส่ง] หนังสือปีศาจตัวนั้น คือฉันเอง A Guide to Fighting the Demons in My Heart,0.0,0,52.05,0.0,อกหักดีกว่ารักไม่เป็น…? #opendurianhowto #opendurianbooks #ปีศาจตัวนั้นคือฉันเอง #หนังสือพัฒนาตัวเอง #books
มิ้น,7624395915385769237,2026-04-03,BOXSET The Witches' Club ชมรมลับเปลี่ยนชีวิต,0.0,0,100.83,0.0,กดแชร์ถ้าคุณเห็นคลิปนี้!  นี่คือสิ่งที่จะเกิดขึ้นกับคุณในช่วงนี้✨ #opendurianhowto #books #ดูดวง #คําทํานาย #thewitchesclubชมรมลับเปลี่ยนชีวิต  
มิ้น,7624187339211885845,2026-04-02,หนังสือ ฉันจะมีชีวิตที่ดี (นักเขียนนามปากกา คิดมาก),0.0,0,21.77,0.0,คืนนี้อยากให้คุณ… ได้อ่านหนังสือเล่มนี้ :)  #ฉันจะมีชีวิตที่ดี  #opendurianhowto #books #หนังสือฮีลใจ #ก่อนนอน 
ริว,7624089936815213844,2026-04-02,[ขายดี] หนังสือ GHOSTLY REMAINS ปลดพันธนาการดวงวิญญาณหลังความตาย by หมึกซึม,0.0,0,16.39,0.0,“บางครั้ง…คนที่รอเรากลับบ้านมากที่สุด  อาจเป็นคนที่เราให้เวลาน้อยที่สุด” 🙁  . มีเรื่องหนึ่งในหนังสือ Ghostly Remains เล่าถึงวิญญาณ 🪦 ชายคนหนึ่ง ที่กลับมาหาหมาของตัวเอง  ยังนั่งรอหน้าประตูทุกวัน เหมือนเขายังมีชีวิตอยู่ 🐕   . แต่วิญญาณของเขาทำได้แค่มอง เพราะตอนอยู่ด้วยกัน  เขาไม่เคยมีเวลาเล่นกับมันเลยพอวันที่อยากกอดมัน… อยากเล่นกับมัน แต่มันสายเกินไปแล้ว 🕑  . Ghostly Remains ✒️ คือการ์ตูนฮีลใจจาก ‘หมึกซึม’  🕊 เล่าเรื่องของดวงวิญญาณ และความรู้สึกของมนุษย์ ที่ยังปล่อยวางไม่ได้ อ่านเล่มนี้แล้วแล้วจุก  แต่ก็ทำให้เราอยากกลับไปกอดคนที่เรารักให้มากขึ้น  . ถ้าคุณเคยรู้สึกว่า มีบางอย่างในใจที่ยังวางไม่ลง  หนังสือเล่มนี้…อาจช่วยให้ใจคุณเบาลงได้ ✨ . ฟรี! 🔗 ที่คั่นหนังสือ 1 ชิ้น + โปสการ์ด 3 ใบ    . 📌 สนใจสั่งซื้อกดตะกร้าได้เลย . #opendurianhowto #OpenDurianBooks #GhostlyRemains #หมึกซึม #Books
ไม่ระบุ,7623358893611126037,2026-03-31,[สุดคุ้ม] หนังสือ ปีศาจตัวนั้น คือฉันเอง A Guide to Fight the Demons in My Heart,0.0,0,130.34,0.0,”เลิกอยู่กับคนที่ทำให้เรารู้สึกแย่  อย่าเสียเวลาให้กับคนที่ไม่เห็นค่าของมัน“ 🙂 นี่เป็นประโยคจากหนังสือ 📚 #ปีศาจตัวนั้นคือตัวฉันเอง   #opendurianhowto #books #fyp #หนังสือฮีลใจ 
ไม่ระบุ,7623278539214769415,2026-03-31,หนังสือ กับดักความรู้สึกผิด (เขียนโดย หมอทานตะวัน),0.0,0,19.07,0.0,👀 พาส่องบูธ L33 OpenDurian How-To 📚🔥 หนังสือฮีลใจ ลดแรงแบบไม่เกรงใจใคร ที่งานสัปดาห์หนังสือแห่งชาติ ครั้งที่ 54 . 🏢 ณ ศูนย์การประชุมแห่งชาติสิริกิติ์ 🏷️ ชั้น LG ทางเข้า Hall 5 - 7 (โซนหนังสือทั่วไป) . 📍ใครไม่ได้ไปงานหนังสือ ก็ฮีลใจออนไลน์ได้ 🗓️  โปรโมชันตั้งแต่วันที่ 26 มีนาคม - 6 เมษายน 2569 . #opendurianbooks #opendurianhowto #งานหนังสือ #งานสัปดาห์หนังสือแห่งชาติ 
ไม่ระบุ,7623278539214769415,2026-03-31,[ขายดี] หนังสือ GHOSTLY REMAINS ปลดพันธนาการดวงวิญญาณหลังความตาย by หมึกซึม,0.0,0,4.38,0.0,👀 พาส่องบูธ L33 OpenDurian How-To 📚🔥 หนังสือฮีลใจ ลดแรงแบบไม่เกรงใจใคร ที่งานสัปดาห์หนังสือแห่งชาติ ครั้งที่ 54 . 🏢 ณ ศูนย์การประชุมแห่งชาติสิริกิติ์ 🏷️ ชั้น LG ทางเข้า Hall 5 - 7 (โซนหนังสือทั่วไป) . 📍ใครไม่ได้ไปงานหนังสือ ก็ฮีลใจออนไลน์ได้ 🗓️  โปรโมชันตั้งแต่วันที่ 26 มีนาคม - 6 เมษายน 2569 . #opendurianbooks #opendurianhowto #งานหนังสือ #งานสัปดาห์หนังสือแห่งชาติ 
ไม่ระบุ,7623278539214769415,2026-03-31,ปีศาจตัวนั้น คือฉันเอง 2 A Guide to Overcoming the Return of the Demons,0.0,0,5.18,0.0,👀 พาส่องบูธ L33 OpenDurian How-To 📚🔥 หนังสือฮีลใจ ลดแรงแบบไม่เกรงใจใคร ที่งานสัปดาห์หนังสือแห่งชาติ ครั้งที่ 54 . 🏢 ณ ศูนย์การประชุมแห่งชาติสิริกิติ์ 🏷️ ชั้น LG ทางเข้า Hall 5 - 7 (โซนหนังสือทั่วไป) . 📍ใครไม่ได้ไปงานหนังสือ ก็ฮีลใจออนไลน์ได้ 🗓️  โปรโมชันตั้งแต่วันที่ 26 มีนาคม - 6 เมษายน 2569 . #opendurianbooks #opendurianhowto #งานหนังสือ #งานสัปดาห์หนังสือแห่งชาติ 
ไม่ระบุ,7623278539214769415,2026-03-31,หนังสือ ปีศาจตัวนั้น คือฉันเอง A Guide to Fighting the Demons in My Heart,0.0,0,30.21,0.0,👀 พาส่องบูธ L33 OpenDurian How-To 📚🔥 หนังสือฮีลใจ ลดแรงแบบไม่เกรงใจใคร ที่งานสัปดาห์หนังสือแห่งชาติ ครั้งที่ 54 . 🏢 ณ ศูนย์การประชุมแห่งชาติสิริกิติ์ 🏷️ ชั้น LG ทางเข้า Hall 5 - 7 (โซนหนังสือทั่วไป) . 📍ใครไม่ได้ไปงานหนังสือ ก็ฮีลใจออนไลน์ได้ 🗓️  โปรโมชันตั้งแต่วันที่ 26 มีนาคม - 6 เมษายน 2569 . #opendurianbooks #opendurianhowto #งานหนังสือ #งานสัปดาห์หนังสือแห่งชาติ 
ไม่ระบุ,7623278539214769415,2026-03-31,หนังสือ Ghostly Brews ยินดีบริการดวงวิญญาณหลังเที่ยงคืน by หมึกซึม,0.0,0,2.13,0.0,👀 พาส่องบูธ L33 OpenDurian How-To 📚🔥 หนังสือฮีลใจ ลดแรงแบบไม่เกรงใจใคร ที่งานสัปดาห์หนังสือแห่งชาติ ครั้งที่ 54 . 🏢 ณ ศูนย์การประชุมแห่งชาติสิริกิติ์ 🏷️ ชั้น LG ทางเข้า Hall 5 - 7 (โซนหนังสือทั่วไป) . 📍ใครไม่ได้ไปงานหนังสือ ก็ฮีลใจออนไลน์ได้ 🗓️  โปรโมชันตั้งแต่วันที่ 26 มีนาคม - 6 เมษายน 2569 . #opendurianbooks #opendurianhowto #งานหนังสือ #งานสัปดาห์หนังสือแห่งชาติ 
ไม่ระบุ,7622976710954323221,2026-03-30,หนังสือ กับดักความรู้สึกผิด (เขียนโดย หมอทานตะวัน),0.0,0,71.9,0.0,5 ข้อคิดที่จะได้รับ📚 จากหนังสือ #กับดักความรู้สึกผิด  #opendurianhowto #books #หนังสือฮีลใจ #fyp 
ไม่ระบุ,7622870925444123925,2026-03-30,[สุดคุ้ม] หนังสือ ปีศาจตัวนั้น คือฉันเอง A Guide to Fight the Demons in My Heart,0.0,0,15.75,0.0,✨ประโยคที่เตือนสติ  ที่เราได้มาจากหนังสือนี้ 📚 #ปีศาจตัวนั้นคือตัวฉันเอง  #opendurianhowto #books #หนังสือฮีลใจ #เตือนสติ 
ไม่ระบุ,7621888722946084116,2026-03-27,หนังสือ Ghostly Brews ยินดีบริการดวงวิญญาณหลังเที่ยงคืน by หมึกซึม,0.0,0,3.56,0.0,อย่าปล่อยให้พ่อแม่รอ… #opendurianhowto #OpenDurianBooks #GhostlyBrews #หมึกซึม #books
ไม่ระบุ,7621884746917743893,2026-03-27,ปีศาจตัวนั้น คือฉันเอง 2 A Guide to Overcoming the Return of the Demons,0.0,0,0.28,0.0,อย่าคาดหวัง…จนลืมอยู่กับความจริง #opendurianhowto #opendurianbooks #ปีศาจตัวนั้นคือฉันเอง2 #MAYI #books
ไม่ระบุ,7621540816636448021,2026-03-26,หนังสือ กับดักความรู้สึกผิด (เขียนโดย หมอทานตะวัน),0.0,0,0.33,0.0,พามาชมบรรยากาศ✨ งานสัปดาห์หนังสือ ครั้งที่ 54 📚 ที่ศุนย์การประชุมแห่งชาติสิริกิติ์ อย่าลืมแวะมาที่บูธ🥹 📌 OpenDurian How-To (L33)  งานนี้บอกเลยว่าคุ้มมาก  เพราะเขาเสิร์ฟโปรลดแรง✨ ซื้อ 500 บาท ลด 50 บาท ซื้อ 700 บาท ลด 100 บาท หรือจะเหมา ๆ 3 เล่ม จ่ายราคาเดียว แค่ 899 บาท ‼️ ส่วนใครที่ไม่ได้มางานหนังสือก็ไม่เป็นไรน้าา🥹 เพราะซื้อออนไลน์ก็ราคาเท่าหน้างานเหมือนกัน นอกจากนี้มีส่งฟรีให้ด้วยน้าา โปรนี้ให้แค่ 26 มีนาคม ถึง 6 เมษายน 2569 นี้เท่านั้น‼️ สนใจกดสั่งซื้อได้เลย💖 #opendurianhowto #books #งานหนังสือ #หนังสือฮีลใจ #bookfairs 
ไม่ระบุ,7621540816636448021,2026-03-26,[ขายดี] หนังสือ GHOSTLY REMAINS ปลดพันธนาการดวงวิญญาณหลังความตาย by หมึกซึม,0.0,0,1.74,0.0,พามาชมบรรยากาศ✨ งานสัปดาห์หนังสือ ครั้งที่ 54 📚 ที่ศุนย์การประชุมแห่งชาติสิริกิติ์ อย่าลืมแวะมาที่บูธ🥹 📌 OpenDurian How-To (L33)  งานนี้บอกเลยว่าคุ้มมาก  เพราะเขาเสิร์ฟโปรลดแรง✨ ซื้อ 500 บาท ลด 50 บาท ซื้อ 700 บาท ลด 100 บาท หรือจะเหมา ๆ 3 เล่ม จ่ายราคาเดียว แค่ 899 บาท ‼️ ส่วนใครที่ไม่ได้มางานหนังสือก็ไม่เป็นไรน้าา🥹 เพราะซื้อออนไลน์ก็ราคาเท่าหน้างานเหมือนกัน นอกจากนี้มีส่งฟรีให้ด้วยน้าา โปรนี้ให้แค่ 26 มีนาคม ถึง 6 เมษายน 2569 นี้เท่านั้น‼️ สนใจกดสั่งซื้อได้เลย💖 #opendurianhowto #books #งานหนังสือ #หนังสือฮีลใจ #bookfairs 
ไม่ระบุ,7621540816636448021,2026-03-26,ปีศาจตัวนั้น คือฉันเอง 2 A Guide to Overcoming the Return of the Demons,0.0,0,1.08,0.0,พามาชมบรรยากาศ✨ งานสัปดาห์หนังสือ ครั้งที่ 54 📚 ที่ศุนย์การประชุมแห่งชาติสิริกิติ์ อย่าลืมแวะมาที่บูธ🥹 📌 OpenDurian How-To (L33)  งานนี้บอกเลยว่าคุ้มมาก  เพราะเขาเสิร์ฟโปรลดแรง✨ ซื้อ 500 บาท ลด 50 บาท ซื้อ 700 บาท ลด 100 บาท หรือจะเหมา ๆ 3 เล่ม จ่ายราคาเดียว แค่ 899 บาท ‼️ ส่วนใครที่ไม่ได้มางานหนังสือก็ไม่เป็นไรน้าา🥹 เพราะซื้อออนไลน์ก็ราคาเท่าหน้างานเหมือนกัน นอกจากนี้มีส่งฟรีให้ด้วยน้าา โปรนี้ให้แค่ 26 มีนาคม ถึง 6 เมษายน 2569 นี้เท่านั้น‼️ สนใจกดสั่งซื้อได้เลย💖 #opendurianhowto #books #งานหนังสือ #หนังสือฮีลใจ #bookfairs 
ไม่ระบุ,7621540816636448021,2026-03-26,BOXSET The Witches' Club ชมรมลับเปลี่ยนชีวิต,0.0,0,5.8,0.0,พามาชมบรรยากาศ✨ งานสัปดาห์หนังสือ ครั้งที่ 54 📚 ที่ศุนย์การประชุมแห่งชาติสิริกิติ์ อย่าลืมแวะมาที่บูธ🥹 📌 OpenDurian How-To (L33)  งานนี้บอกเลยว่าคุ้มมาก  เพราะเขาเสิร์ฟโปรลดแรง✨ ซื้อ 500 บาท ลด 50 บาท ซื้อ 700 บาท ลด 100 บาท หรือจะเหมา ๆ 3 เล่ม จ่ายราคาเดียว แค่ 899 บาท ‼️ ส่วนใครที่ไม่ได้มางานหนังสือก็ไม่เป็นไรน้าา🥹 เพราะซื้อออนไลน์ก็ราคาเท่าหน้างานเหมือนกัน นอกจากนี้มีส่งฟรีให้ด้วยน้าา โปรนี้ให้แค่ 26 มีนาคม ถึง 6 เมษายน 2569 นี้เท่านั้น‼️ สนใจกดสั่งซื้อได้เลย💖 #opendurianhowto #books #งานหนังสือ #หนังสือฮีลใจ #bookfairs 
ไม่ระบุ,7621540816636448021,2026-03-26,หนังสือ ขอใช้ชีวิตที่เหลือ เพื่อตัวเองนะ,0.0,0,14.09,0.0,พามาชมบรรยากาศ✨ งานสัปดาห์หนังสือ ครั้งที่ 54 📚 ที่ศุนย์การประชุมแห่งชาติสิริกิติ์ อย่าลืมแวะมาที่บูธ🥹 📌 OpenDurian How-To (L33)  งานนี้บอกเลยว่าคุ้มมาก  เพราะเขาเสิร์ฟโปรลดแรง✨ ซื้อ 500 บาท ลด 50 บาท ซื้อ 700 บาท ลด 100 บาท หรือจะเหมา ๆ 3 เล่ม จ่ายราคาเดียว แค่ 899 บาท ‼️ ส่วนใครที่ไม่ได้มางานหนังสือก็ไม่เป็นไรน้าา🥹 เพราะซื้อออนไลน์ก็ราคาเท่าหน้างานเหมือนกัน นอกจากนี้มีส่งฟรีให้ด้วยน้าา โปรนี้ให้แค่ 26 มีนาคม ถึง 6 เมษายน 2569 นี้เท่านั้น‼️ สนใจกดสั่งซื้อได้เลย💖 #opendurianhowto #books #งานหนังสือ #หนังสือฮีลใจ #bookfairs 
ไม่ระบุ,7621540816636448021,2026-03-26,หนังสือ Ghostly Brews ยินดีบริการดวงวิญญาณหลังเที่ยงคืน by หมึกซึม,0.0,0,0.76,0.0,พามาชมบรรยากาศ✨ งานสัปดาห์หนังสือ ครั้งที่ 54 📚 ที่ศุนย์การประชุมแห่งชาติสิริกิติ์ อย่าลืมแวะมาที่บูธ🥹 📌 OpenDurian How-To (L33)  งานนี้บอกเลยว่าคุ้มมาก  เพราะเขาเสิร์ฟโปรลดแรง✨ ซื้อ 500 บาท ลด 50 บาท ซื้อ 700 บาท ลด 100 บาท หรือจะเหมา ๆ 3 เล่ม จ่ายราคาเดียว แค่ 899 บาท ‼️ ส่วนใครที่ไม่ได้มางานหนังสือก็ไม่เป็นไรน้าา🥹 เพราะซื้อออนไลน์ก็ราคาเท่าหน้างานเหมือนกัน นอกจากนี้มีส่งฟรีให้ด้วยน้าา โปรนี้ให้แค่ 26 มีนาคม ถึง 6 เมษายน 2569 นี้เท่านั้น‼️ สนใจกดสั่งซื้อได้เลย💖 #opendurianhowto #books #งานหนังสือ #หนังสือฮีลใจ #bookfairs 
ไม่ระบุ,7621540816636448021,2026-03-26,โอบกอดความไม่สมบูรณ์แบบของเธอ (Embrace Your Flaws),0.0,0,0.17,0.0,พามาชมบรรยากาศ✨ งานสัปดาห์หนังสือ ครั้งที่ 54 📚 ที่ศุนย์การประชุมแห่งชาติสิริกิติ์ อย่าลืมแวะมาที่บูธ🥹 📌 OpenDurian How-To (L33)  งานนี้บอกเลยว่าคุ้มมาก  เพราะเขาเสิร์ฟโปรลดแรง✨ ซื้อ 500 บาท ลด 50 บาท ซื้อ 700 บาท ลด 100 บาท หรือจะเหมา ๆ 3 เล่ม จ่ายราคาเดียว แค่ 899 บาท ‼️ ส่วนใครที่ไม่ได้มางานหนังสือก็ไม่เป็นไรน้าา🥹 เพราะซื้อออนไลน์ก็ราคาเท่าหน้างานเหมือนกัน นอกจากนี้มีส่งฟรีให้ด้วยน้าา โปรนี้ให้แค่ 26 มีนาคม ถึง 6 เมษายน 2569 นี้เท่านั้น‼️ สนใจกดสั่งซื้อได้เลย💖 #opendurianhowto #books #งานหนังสือ #หนังสือฮีลใจ #bookfairs 
ไม่ระบุ,7621540816636448021,2026-03-26,[สุดคุ้ม] หนังสือ ปีศาจตัวนั้น คือฉันเอง A Guide to Fight the Demons in My Heart,0.0,0,25.14,0.0,พามาชมบรรยากาศ✨ งานสัปดาห์หนังสือ ครั้งที่ 54 📚 ที่ศุนย์การประชุมแห่งชาติสิริกิติ์ อย่าลืมแวะมาที่บูธ🥹 📌 OpenDurian How-To (L33)  งานนี้บอกเลยว่าคุ้มมาก  เพราะเขาเสิร์ฟโปรลดแรง✨ ซื้อ 500 บาท ลด 50 บาท ซื้อ 700 บาท ลด 100 บาท หรือจะเหมา ๆ 3 เล่ม จ่ายราคาเดียว แค่ 899 บาท ‼️ ส่วนใครที่ไม่ได้มางานหนังสือก็ไม่เป็นไรน้าา🥹 เพราะซื้อออนไลน์ก็ราคาเท่าหน้างานเหมือนกัน นอกจากนี้มีส่งฟรีให้ด้วยน้าา โปรนี้ให้แค่ 26 มีนาคม ถึง 6 เมษายน 2569 นี้เท่านั้น‼️ สนใจกดสั่งซื้อได้เลย💖 #opendurianhowto #books #งานหนังสือ #หนังสือฮีลใจ #bookfairs 
ไม่ระบุ,7621540816636448021,2026-03-26,Boxset หนังสือวันไหนที่ใจแข็งแรง ดอกไม้จะผลิบาน (The Enchanted Garden) ฟรีของแถมใน Boxset ทุกเซ็ต,0.0,0,3.05,0.0,พามาชมบรรยากาศ✨ งานสัปดาห์หนังสือ ครั้งที่ 54 📚 ที่ศุนย์การประชุมแห่งชาติสิริกิติ์ อย่าลืมแวะมาที่บูธ🥹 📌 OpenDurian How-To (L33)  งานนี้บอกเลยว่าคุ้มมาก  เพราะเขาเสิร์ฟโปรลดแรง✨ ซื้อ 500 บาท ลด 50 บาท ซื้อ 700 บาท ลด 100 บาท หรือจะเหมา ๆ 3 เล่ม จ่ายราคาเดียว แค่ 899 บาท ‼️ ส่วนใครที่ไม่ได้มางานหนังสือก็ไม่เป็นไรน้าา🥹 เพราะซื้อออนไลน์ก็ราคาเท่าหน้างานเหมือนกัน นอกจากนี้มีส่งฟรีให้ด้วยน้าา โปรนี้ให้แค่ 26 มีนาคม ถึง 6 เมษายน 2569 นี้เท่านั้น‼️ สนใจกดสั่งซื้อได้เลย💖 #opendurianhowto #books #งานหนังสือ #หนังสือฮีลใจ #bookfairs 
ไม่ระบุ,7621217032746421511,2026-03-25,[สุดคุ้ม] หนังสือ ปีศาจตัวนั้น คือฉันเอง A Guide to Fight the Demons in My Heart,0.0,0,29.06,0.0,#ปีศาจตัวนั้นคือฉันเอง #tiktoklive #livehighlights 
ไม่ระบุ,7621216297858174215,2026-03-25,ปีศาจตัวนั้น คือฉันเอง 2 A Guide to Overcoming the Return of the Demons,0.0,0,0.0,0.0,#ปีศาจตัวนั้นคือตัวฉันเอง กับ #ปีศาจตัวนั้นคือฉันเอง2 ต่างกันยังไง ?
ไม่ระบุ,7621216297858174215,2026-03-25,[สุดคุ้ม] หนังสือ ปีศาจตัวนั้น คือฉันเอง A Guide to Fight the Demons in My Heart,0.0,0,77.44,0.0,#ปีศาจตัวนั้นคือตัวฉันเอง กับ #ปีศาจตัวนั้นคือฉันเอง2 ต่างกันยังไง ?
ไม่ระบุ,7621174903856794900,2026-03-25,[ขายดี] หนังสือ GHOSTLY REMAINS ปลดพันธนาการดวงวิญญาณหลังความตาย by หมึกซึม,0.0,0,0.45,0.0,[ขายดี] หนังสือ GHOSTLY REMAINS ปลดพันธนาการดวงวิญญาณหลังความตาย by หมึกซึม
ไม่ระบุ,7621162410715532564,2026-03-25,หนังสือ กับดักความรู้สึกผิด (เขียนโดย หมอทานตะวัน),0.0,0,0.02,0.0,หนังสือ กับดักความรู้สึกผิด (เขียนโดย หมอทานตะวัน)
ไม่ระบุ,7621159218925554964,2026-03-25,หนังสือ กับดักความรู้สึกผิด (เขียนโดย หมอทานตะวัน),0.0,0,2.58,0.0,หนังสือ กับดักความรู้สึกผิด (เขียนโดย หมอทานตะวัน)
ไม่ระบุ,7621140281773018388,2026-03-25,หนังสือ ขอใช้ชีวิตที่เหลือ เพื่อตัวเองนะ,0.0,0,6.56,0.0,3 ประโยค เพิ่มรอยยิ้มให้ตัวเอง ☺️✨ #opendurianhowto #OpenDurianBooks #ขอใช้ชีวิตที่เหลือเพื่อตัวเองนะ #หนังสือ #Books
ไม่ระบุ,7621128820564774164,2026-03-25,หนังสือ Ghostly Brews ยินดีบริการดวงวิญญาณหลังเที่ยงคืน by หมึกซึม,0.0,0,2.72,0.0,การได้พบ “คนใจดี” นับว่าเป็นโชคดีของชีวิต… แต่กับบางคน “ยิ่งเราใจดี” มากเท่าไหร่ ก็อาจกลายเป็นช่องว่าง ให้คนได้เอาเปรียบกัน :) #opendurianhowto #books #ghostlybrews #คนใจดี #comic  
ไม่ระบุ,7621055266703838485,2026-03-25,หนังสือ กับดักความรู้สึกผิด (เขียนโดย หมอทานตะวัน),0.0,0,0.0,0.0,LGBTQ+ 🌈 กับความรู้สึกผิดที่เกิดขึ้นในใจ  ที่ไม่กล้ายอมรับตัวตนของตัวเอง✨ …  หนังสือเล่มนี้อาจเป็นตัวช่วย ที่ทำให้คุณก้าวข้ามความรู้สึกผิด ในใจที่เกิดขึ้นได้  เพราะจริง ๆ แล้ว…  การที่เรายอมรับในตัวเอง เป็นเรื่องที่ดีที่เราจะทำได้ดีกับตัวเองที่สุดแล้ว :)  #opendurianhowto #books #หมอทานตะวัน #กับดักความรู้สึกผิด #LGBTQ  
ไม่ระบุ,7620805993982659861,2026-03-24,[ขายดี] หนังสือ GHOSTLY REMAINS ปลดพันธนาการดวงวิญญาณหลังความตาย by หมึกซึม,0.0,0,0.12,0.0,✨มาพบเจอกับคุณ “หมึกซึม” ได้ที่งานสัปดาห์หนังสือครั้งที่ 54  ณ ศูนย์การประชุมแห่งชาติสิริกิติ์📕 ในวันเสาร์ที่ 28 มีนาคม และ ในวันเสาร์ที่ 4 เมษายน 2569  📌บูธ L33 OpenDurians How-To  #opendurianhowto #books #งานหนังสือ #หมึกซึม #comic 
ไม่ระบุ,7620805993982659861,2026-03-24,หนังสือ Ghostly Brews ยินดีบริการดวงวิญญาณหลังเที่ยงคืน by หมึกซึม,0.0,0,0.0,0.0,✨มาพบเจอกับคุณ “หมึกซึม” ได้ที่งานสัปดาห์หนังสือครั้งที่ 54  ณ ศูนย์การประชุมแห่งชาติสิริกิติ์📕 ในวันเสาร์ที่ 28 มีนาคม และ ในวันเสาร์ที่ 4 เมษายน 2569  📌บูธ L33 OpenDurians How-To  #opendurianhowto #books #งานหนังสือ #หมึกซึม #comic 
ไม่ระบุ,7620735533269912853,2026-03-24,[ขายดี] หนังสือ GHOSTLY REMAINS ปลดพันธนาการดวงวิญญาณหลังความตาย by หมึกซึม,0.0,0,0.13,0.0,📌 ประโยคเตือนสติ ที่ทำให้ใจคุณเบาลง ✨ #opendurianhowto #OpenDurianBooks #GhostlyRemains #หมึกซึม #Books
ไม่ระบุ,7620403444599262485,2026-03-23,หนังสือ กับดักความรู้สึกผิด (เขียนโดย หมอทานตะวัน),0.0,0,0.53,0.0,มาพบเจอกับคุณหมอทานตะวัน👩🏻‍⚕️ ได้ที่งานสัปดาห์หนังสือ📚 📌ณ ศูนย์การประชุมแห่งชาติสิริกิติ์ วันเสาร์ ที่ 28 มีนาคม 2569  ช่วงที่ 1 เวลา 10:00 - 10:50 น.  ณ เวทีกลาง “Author’s Salon” ช่วงที่ 2 เวลา 11:00 - 12:00 น. เข้ามาแจกลายเซ็นที่บูธ L33 OpenDurian How - To อย่าลืมมาเจอกันน้าา 💖 #งานหนังสือ #opendurianhowto #books #หมอทานตะวัน #กับดักความรู้สึกผิด 
ไม่ระบุ,7619281097683373333,2026-03-20,หนังสือ Ghostly Brews ยินดีบริการดวงวิญญาณหลังเที่ยงคืน by หมึกซึม,0.0,0,12.32,0.0,ถ้าคืนนี้เป็นคืนสุดท้ายของชีวิตคุณ … 🙁   . 💭 คุณจะเลือกทำอะไรหรือบอกอะไร กับใครสักคนก่อนที่คุณจะหายไปตลอดกาลไหม . Ghostly Brews ยินดีบริการดวงวิญญาณหลังเที่ยงคืน  📓 หนังสือการ์ตูนฮีลใจ ที่จะทำให้เราเห็นคุณค่าในตัวเอง  . เล่าเรื่องผ่านคำพูดสุดท้ายของเหล่าดวงวิญญาณ  ที่กลับมาเพื่อ “พูดสิ่งที่ไม่ได้พูด” ตอนยังมีชีวิตอยู่ 🕑 เนื้อหาในเล่มนี้โคตรจุกอก แต่กลับฮีลใจได้ดีมาก ๆ  . หนังสืออ่านง่าย อ่านเพลิน อบอุ่น แต่อาจทำให้เสียน้ำตา แต่เป็นน้ำตาที่จะทำให้เราเห็นในคุณค่าในตัวเองมากขึ้น . ✔️ อ่านจบแล้วจะทำให้เรารักตัวเองมากขึ้น ✔️ อยากกลับมาทำเพื่อตัวเองอีกครั้งจริง ๆ  ✔️ เห็นความสำคัญในสิ่งที่ชีวิตเคยมองข้ามไป ✔️ ทำให้ตัวเราได้พูดมันออกมาก็เพียงพอแล้ว . 🗝️ GHOSTLY BREWS  ยินดีบริการดวงวิญญาณหลังเที่ยงคืน  🐈‍⬛  ฟรี! ที่คั่น 1 ชิ้น + โปสการ์ด 3 แผ่น   . 📌 สนใจสั่งซื้อกดตะกร้าได้เลย . #opendurianhowto #OpenDurianBooks #หนังสือ #GhostlyBrews #หมึกซึม
ไม่ระบุ,7619280282419645717,2026-03-21,ปีศาจตัวนั้น คือฉันเอง 2 A Guide to Overcoming the Return of the Demons,0.0,0,41.93,0.0,สิ่งที่ได้เรียนรู้จากหนังสือเล่มนี้…📕  “สิ่งที่สูญเสียไปในวันนั้น  พาให้เรามาเจอสิ่งที่ดีกว่าในวันนี้”   #opendurianhowto #books #ปีศาจตัวนั้นคือฉันเอง2 #สูญเสีย #fyp  
ไม่ระบุ,7619276005806492948,2026-03-20,[ขายดี] หนังสือ GHOSTLY REMAINS ปลดพันธนาการดวงวิญญาณหลังความตาย by หมึกซึม,0.0,0,1.35,0.0,แล้วถ้าวันหนึ่ง แกไม่ได้อยู่บนโลกใบนี้แล้ว  ยังมีอะไรที่ยังเสียดายอยู่ไหม?  #ghostlyremains #opendurianhowto #books #หมึกซึม #วันสุดท้าย  
ไม่ระบุ,7618905779403492629,2026-03-19,[สุดคุ้ม] หนังสือ ปีศาจตัวนั้น คือฉันเอง A Guide to Fight the Demons in My Heart,0.0,0,5.01,0.0,ถ้าลาออกไปเจอบริษัทที่แย่กว่านี้ จะทำยังไงล่ะ ‼️ เลิกคิดแบบนี้ได้แล้ว !!! ไม่งั้นแกจะไม่พัฒนา และก็อยู่แต่ที่เดิม 🥲 เปลี่ยนความคิดเปลี่ยนมุมมองด้วยกัน ด้วยหนังสือเล่มนี้ …  #ปีศาจตัวนั้นคือตัวฉันเอง  #opendurianhowto #books ##ลาออก #fyp
ไม่ระบุ,7618535806071819540,2026-03-18,หนังสือ กว่าจะคิดได้ก็ไม่มีลมหายใจแล้ว (It Is Never Too Late to Love Yourself),0.0,0,0.36,0.0,5 คำเตือนจากยมทูต👹 ที่อยากจะมาเตือนก่อนที่… #กว่าจะคิดได้ก็ไม่มีลมหายใจแล้ว   #opendurianhowto #books #คําเตือน #หนังสือฮีลใจ 
ไม่ระบุ,7618535673531796756,2026-03-18,หนังสือ ขอใช้ชีวิตที่เหลือ เพื่อตัวเองนะ,0.0,0,0.31,0.0,สิ่งที่ทำแล้วชีวิตดีขึ้น 1000 % ✨🌷 #opendurianhowto #OpenDurianBooks #ขอใช้ชีวิตที่เหลือเพื่อตัวเองนะ #หนังสือ #Books
ไม่ระบุ,7618534539316514068,2026-03-18,หนังสือ ฉันจะมีชีวิตที่ดี (นักเขียนนามปากกา คิดมาก),0.0,0,0.23,0.0,“เมื่อเรามีความฝันที่ชัดเจน การมีความฝันที่แตกต่างจากคนอื่นก็ไม่ใช่ปัญหา” ข้อคิดจากหนังสือ ฉันจะมีชีวิตที่ดี ✨ #opendurianhowto #OpenDurianBooks #ฉันจะมีชีวิตที่ดี #หนังสือ #Books
ไม่ระบุ,7618216834852015381,2026-03-17,หนังสือ กับดักความรู้สึกผิด (เขียนโดย หมอทานตะวัน),0.0,0,4.52,0.0,จัดอันดับความรู้สึก ให้ตรงกับหนังสือ 📚 ใครไม่รู้จะอ่านเล่มไหน  Save คลิปไว้เลย ✨ #opendurianhowto #books #จัดอันดับ #หนังสือฮีลใจ #fyp 
ไม่ระบุ,7618216834852015381,2026-03-17,[ขายดี] หนังสือ GHOSTLY REMAINS ปลดพันธนาการดวงวิญญาณหลังความตาย by หมึกซึม,0.0,0,0.0,0.0,จัดอันดับความรู้สึก ให้ตรงกับหนังสือ 📚 ใครไม่รู้จะอ่านเล่มไหน  Save คลิปไว้เลย ✨ #opendurianhowto #books #จัดอันดับ #หนังสือฮีลใจ #fyp 
ไม่ระบุ,7618216834852015381,2026-03-17,ปีศาจตัวนั้น คือฉันเอง 2 A Guide to Overcoming the Return of the Demons,0.0,0,0.84,0.0,จัดอันดับความรู้สึก ให้ตรงกับหนังสือ 📚 ใครไม่รู้จะอ่านเล่มไหน  Save คลิปไว้เลย ✨ #opendurianhowto #books #จัดอันดับ #หนังสือฮีลใจ #fyp 
ไม่ระบุ,7618216834852015381,2026-03-17,BOXSET The Witches' Club ชมรมลับเปลี่ยนชีวิต,0.0,0,8.23,0.0,จัดอันดับความรู้สึก ให้ตรงกับหนังสือ 📚 ใครไม่รู้จะอ่านเล่มไหน  Save คลิปไว้เลย ✨ #opendurianhowto #books #จัดอันดับ #หนังสือฮีลใจ #fyp 
ไม่ระบุ,7618216834852015381,2026-03-17,หนังสือ ขอใช้ชีวิตที่เหลือ เพื่อตัวเองนะ,0.0,0,0.53,0.0,จัดอันดับความรู้สึก ให้ตรงกับหนังสือ 📚 ใครไม่รู้จะอ่านเล่มไหน  Save คลิปไว้เลย ✨ #opendurianhowto #books #จัดอันดับ #หนังสือฮีลใจ #fyp 
ไม่ระบุ,7618216834852015381,2026-03-17,หนังสือ ฉันจะมีชีวิตที่ดี (นักเขียนนามปากกา คิดมาก),0.0,0,5.33,0.0,จัดอันดับความรู้สึก ให้ตรงกับหนังสือ 📚 ใครไม่รู้จะอ่านเล่มไหน  Save คลิปไว้เลย ✨ #opendurianhowto #books #จัดอันดับ #หนังสือฮีลใจ #fyp 
ไม่ระบุ,7618216834852015381,2026-03-17,หนังสือ Ghostly Brews ยินดีบริการดวงวิญญาณหลังเที่ยงคืน by หมึกซึม,0.0,0,1.89,0.0,จัดอันดับความรู้สึก ให้ตรงกับหนังสือ 📚 ใครไม่รู้จะอ่านเล่มไหน  Save คลิปไว้เลย ✨ #opendurianhowto #books #จัดอันดับ #หนังสือฮีลใจ #fyp 
ไม่ระบุ,7618175385989057812,2026-03-17,หนังสือ กับดักความรู้สึกผิด (เขียนโดย หมอทานตะวัน),0.0,0,8.79,0.0,ซึมเศร้าเพราะรู้สึกผิด และโทษตัวเอง… 👤💭 . หนังสือเล่มนี้ จะทำให้เข้าใจความรู้สึกผิด  หนังสือ 📘 “กับดักความรู้สึกผิด” . 🖋️ บทสัมภาษณ์จาก ‘คุณหมอทานตะวัน’  👩‍⚕️ ผศ.ด้านจิตเวชศาสตร์ คณะแพทยศาสตร์ โรงพยาบาลรามาธิบดี มหาวิทยาลัยมหิดล ที่มีประสบการณ์มายาวนานกว่า 20 ปี 🩺  . ผ่านการรวบรวมเรื่องราวสำคัญกว่า 7 บท 📖  ❤️‍🩹 พร้อมจะช่วยให้คุณได้เยียวยาความรู้สึกผิด  ปลดล็อกปมในใจ และช่วยให้ภาวะซึมเศร้าดีขึ้นได้  . 🗒️ เนื้อหาอ่านง่าย มาพร้อมภาพประกอบการอธิบาย 🗒️ สอดแทรก Case Studies ตัวอย่างจริงให้เราเข้าใจ . ✔︎ ก้าวข้ามความรู้สึกผิดได้ผ่านแนวคิดจิตวิทยา ✔︎ เข้าใจที่มาและเรียนรู้รับมือกับความรู้สึกผิดได้ถูกวิธี  ✔︎ ปรับความคิดและดูแลใจเมื่อความรู้สึกผิดเกิดขึ้น ✔︎ ปลดล็อกปมในใจ ก้าวสู่การให้อภัยและการเติบโต . ⚠️ แถมฟรี ที่คั่นหนังสือ 1 ชิ้น  . 📌 สนใจสั่งซื้อกดตะกร้าได้เลยค่ะ  . #OpenDurianHowTo #OpenDurianBooks #กับดักความรู้สึกผิด #แพทย์หญิงทานตะวัน  #Books
ไม่ระบุ,7617806491495451925,2026-03-16,[สุดคุ้ม] หนังสือ ปีศาจตัวนั้น คือฉันเอง A Guide to Fight the Demons in My Heart,0.0,0,16.14,0.0,วันที่ความกลัวชนะทุกอย่าง คือวันที่เราหยุดเชื่อว่า … 💭 . “การเปลี่ยนแปลงจะพาเราไปเจอ อะไรที่ดีกว่า  เราจึงเลือกอยู่ที่เดิม ทั้งที่มันทำให้เราเหนื่อย”  . 🙁 อยู่กับงาน ที่ทำให้หมดแรง  🙁 อยู่กับความสัมพันธ์ ที่ไม่เคยชัดเจน 🙁 อยู่กับชีวิตที่ลึก ๆ แล้วเรารู้ว่า…มันไม่ใช่  . ไม่ใช่เพราะเราทำไม่ได้ แต่เพราะเสียงในหัว คอยบอกว่า ถ้าออกไป…อาจจะแย่กว่าเดิม 🙅‍♀️  . 📙 “ปีศาจตัวนั้น คือฉันเอง” คือหนังสือที่พาเรามองว่า  ปีศาจที่ทำให้เราหยุดอยู่กับที่ ไม่ใช่เพราะใครที่ไหน แต่มันคือความคิดในหัวเราเอง  . 💭 เล่มนี้ไม่ได้บอกให้เลิกกลัว แต่ว่า …  ✔️ ช่วยให้เราไม่ยอมให้ความกลัวตัดสินชีวิตแทนเราอีก ✔️ อ่านแล้วช่วยให้เราหยุดทำร้ายตัวเองด้วยคำพูดในใจ  ✔️ ค่อย ๆ กล้าเลือกชีวิตที่ไม่กดคุณค่าของตัวเอง . ถ้าคุณกำลังกลัวและรู้สึกว่าตัวเองยังไม่ดีพอ 📖  เล่มนี้ อาจเป็นจุดเริ่มต้นของการกลับมาเชื่อตัวเอง ว่าชีวิตเรามีทางที่ดีกว่านี้ได้จริง ๆ  . หนังสือ “ปีศาจตัวนั้นคือฉันเอง” 📙 หนังสือฮีลใจ พัฒนา Mindset เต็มรูปแบบ  แค่เล่มเดียว ก็พร้อมรับมือได้กับทุกปัญหา ✨ . แถมฟรี! ที่คั่นปีศาจ 1 ชิ้น  . 👇🏻 สนใจสั่งซื้อกดตะกร้าได้เลย . #opendurianhowto #opendurianbooks #ปีศาจตัวนั้นคือฉันเอง #หนังสือพัฒนาตัวเอง #books
ไม่ระบุ,7617748828443249940,2026-03-16,[ขายดี] หนังสือ GHOSTLY REMAINS ปลดพันธนาการดวงวิญญาณหลังความตาย by หมึกซึม,0.0,0,0.76,0.0,Ghostly Remains  เล่มนี้คือภาคต่อที่ต้องอ่าน📓  ผลงานการเขียนจาก “หมึกซึม”✍🏻 ภาคต่อจาก Ghostly Brews ยินดีบริการดวงวิญญาณหลังเที่ยงคืน ☕️ #opendurianhowto #books #ghostlyremains #ภาคต่อ #comic  
ไม่ระบุ,7616662544828124437,2026-03-13,หนังสือ ขอใช้ชีวิตที่เหลือ เพื่อตัวเองนะ,0.0,0,2.9,0.0,มีประโยคหนึ่งในหนังสือเล่มนี้  ที่อยากให้คุณได้อ่าน … 💭 . หนังสือที่จะทำให้คุณรักตัวเอง ได้เก่งขึ้นกว่าที่เคย  📘 “ขอใช้ชีวิตที่เหลือเพื่อตัวเองนะ” ✍🏻 จากนักเขียนนามปากกา “คิ้วต่ำ” . 💭 พร้อมถ่ายทอดเรื่องราวในรูปแบบเรื่องสั้น  และบอกเล่าจากประสบการณ์จริงของนักเขียน  ผ่านการเดินทางของชีวิต 3 จุดหลัก ๆ 🛸 . ☁︎ Shut Down ลาก่อนตัวฉันในวันเก่า ☁︎ Upgrade เวอร์ชันที่ฉันสบายใจ ☁︎ Restart การเดินทางเพื่อตัวเอง  . สิ่งที่คุณจะได้รับเมื่ออ่านจบ 💫 ☄️ ได้ปล่อยวางจากความกดดัน และความคาดหวัง  ☄️ ทิ้งสิ่งที่หนักอึ้งในใจ และความสัมพันธ์ที่บั่นทอน ☄️ รักตัวเอง และเรียนรู้ที่จะกล้าปฏิเสธสิ่งที่ทำร้ายใจ  ☄️ มีความสุขได้ด้วยตัวเอง โดยไม่ต้องพึ่งใคร  ☄️  พัฒนาตัวเองสู่เวอร์ชันที่เราสบายใจที่สุด  .  “ขอใช้ชีวิตที่เหลือเพื่อตัวเองนะ” 🔖 พร้อมแถมฟรี! ที่คั่นหนังสือ 4 ลาย   . 📌 สนใจสั่งซื้อกดตะกร้าได้เลยค่ะ 📲 . #opendurianhowto #OpenDurianBooks #ขอใช้ชีวิตที่เหลือเพื่อตัวเองนะ #หนังสือฮีลใจ #หนังสือพัฒนาตัวเอง  
ไม่ระบุ,7616660165592403220,2026-03-13,หนังสือ Ghostly Brews ยินดีบริการดวงวิญญาณหลังเที่ยงคืน by หมึกซึม,0.0,0,0.84,0.0,“ความสุขเล็ก ๆ” เป็นสิ่งที่หลายคนมองข้าม 🙁💭 . 🖋️ ฟังบทสัมภาษณ์จากคุณ “หมึกซึม” เจ้าของผลงานผู้วาดและเขียนหนังสือ 📓 Ghostly Brews & Ghostly Remains   . 📍 ครั้งแรกกับการถ่ายถอดผลงานสุด Exclusive ที่อยากจะสื่อสาร อยากส่งต่อความรู้สึก  ส่งต่อความหมายของภาพอันลึกซึ้งนี้ให้กับนักอ่าน . ☺️ บางทีสิ่งเล็ก ๆ อาจต่อชีวิตเราได้ เพราะผู้คนมักมองข้ามความสุขเล็กไป  แต่อย่าที่จะโฟกัสความสุขเล็ก ๆ ของตัวเอง 🕑  . 🤍 2 ผลงาน การ์ตูนคอมิกฮีลใจขายดี  ภาค1 📓 GHOSTLY BREWS  ยินดีบริการดวงวิญญาณหลังเที่ยงคืน  . ภาค2 📓 GHOSTLY REMAINS ปลดพันธนาการดวงวิญญาณหลังความตาย . หนังสือแห่งปี ที่ิอยากแนะนำให้อ่านสักครั้งในชีวิต!  📍 ฟรี! ที่คั่นหนังสือ 2 ชิ้น + โปสการ์ด 6 ใบ   . 📌 สนใจสั่งซื้อกดตะกร้าได้เลยค่ะ . #opendurianhowto #OpenDurianBooks #GhostlyBrews #GhostlyRemains #หมึกซึม
ไม่ระบุ,7616658236913044757,2026-03-13,ปีศาจตัวนั้น คือฉันเอง 2 A Guide to Overcoming the Return of the Demons,0.0,0,0.0,0.0,คนที่เรารัก แอบกลับไปคุยกันแฟนเก่า มันไม่ใช่แค่การโกหก … 💭  . แต่มันคือการหันหลัง ให้กับปัจจุบันที่เรากำลังสร้างร่วมกัน 💔 ตอนนั้นเราไม่ได้เสียใจเพราะเขาเลือกใคร  แต่เราเสียใจ… เพราะเราเพิ่งรู้ว่า เราต่อสู้แทบตาย  เพื่อคนที่ไม่เคยมองเห็นค่าเราเลย 🙁 . ประโยคหนึ่งจากหนังสือ “ปีศาจตัวนั้นคือฉันเอง 2” 👤 ที่ตีเข้ามาเต็มแรงมาก มันบอกว่า … 💭  . “ถ้าเขายังยึดติดกับอดีต ก็ปล่อยให้เขาอยู่กับมันไปเถอะ” เพราะมันไม่มีประโยชน์อะไรเลย ที่เราจะต้องเสียเวลา 👥 และพยายามไปแทนที่ คนเก่าที่เขาไม่เคยคิดจะลืม   เพราะคนที่ยังจมอยู่กับอดีต  ไม่มีวันพาเราไปถึงอนาคตได้หรอก 🚶‍♀️‍➡️ . เล่มนี้ไม่ได้ปลอบแบบโลกสวย แต่มันพาเราเห็นความจริง ที่เราไม่อยากยอมรับ ว่าบางครั้ง ปีศาจที่บอกว่า  💭 “ทนไปเถอะ เขาอาจจะกลับมาเป็นเหมือนเดิม”  คือ เสียงของเราเองที่เป็นปีศาจตัวนั้น  . หนังสือเล่มนี้จะค่อย ๆ พาเรากลับมารักตัวเองอีกครั้ง ✨  ให้กล้าถอยจากความสัมพันธ์ที่ทำร้าย และเห็นค่า ของหัวใจตัวเองมากกว่าการรอใครบางคน . ✔️ ใครที่กำลังเจอความรู้สึกแบบนี้อยู่ บอกเลยว่าเล่มนี้ คือสิ่งที่คุณควรอ่านที่สุดตอนนี้ และยังมีเรื่องอีกมากมาย ให้ได้อ่านด้วยนอกจากเรื่องความรัก . หนังสือ “ปีศาจตัวนั้นคือฉันเอง 2” 📕 📌 แถมฟรี! ที่คั่นปีศาจ 1 ชิ้น . 📌 สนใจสั่งซื้อกดตะกร้าได้เลย . #opendurianhowto #opendurianbooks #ปีศาจตัวนั้นคือฉันเอง2 #MAYI #books
ไม่ระบุ,7615896225291701525,2026-03-11,หนังสือ กว่าจะคิดได้ก็ไม่มีลมหายใจแล้ว (It Is Never Too Late to Love Yourself),0.0,0,7.14,0.0,หากคุณตายไปแล้ว และต้องมาเฝ้ามอง ชีวิตพัง ๆ ของคนอีก 50 คน … 💭   . เพื่อชดใช้ชีวิตตัวคุณเองตอนไม่รักตัวเอง  คุณจะรับโอกาสนี้เพื่อไปสู่สุคตินะ 🪦  . 📓 นี่คือหนังสือ “กว่าจะคิดได้ก็ไม่มีลมหายใจแล้ว”  เป็นหนังสือแนวข้อคิดชีวิตที่พูดถึงสิ่งที่หลายคนมัก  “มารู้ทีหลัง” ตอนที่เวลาของชีวิตผ่านไปแล้ว  🕑 . 〰️ ผ่านวิญญาณที่ชื่อแสงดาว ที่ตอนมีชีวิตไม่เคยรักตัวเอง จนวันที่ตาย แต่เธอได้รับโอกาสจากยมทูต เพื่อไปสู่สุคติ . เมื่ออ่านจบจะทำให้ตกผลึกได้ว่า… ✔️ การรักตัวเองเป็นสิ่งสำคัญที่ไม่ควรละเลย ✔️ คิดถึงความหมายของการมีชีวิตอย่างมีคุณค่า  ✔️ ใช้ชีวิตอย่างมีความสุขในรูปแบบของตัวเอง  ✔️  ได้ค้นพบหนทางสู่การรักตัวเองได้อีกครั้ง  . แถมฟรี 🪦 ที่คั่น 1 ชิ้น + คู่มือแนะนำการอ่าน 1 แผ่น  . 📲 กดตะกร้าตอนนี้เลย . #opendurianhowto #OpenDurianBooks #กว่าจะคิดได้ก็ไม่มีลมหายใจแล้ว #หนังสือ #Books
ไม่ระบุ,7615575476660227348,2026-03-10,[ขายดี] หนังสือ GHOSTLY REMAINS ปลดพันธนาการดวงวิญญาณหลังความตาย by หมึกซึม,0.0,0,0.0,0.0,เพราะในทุกความเกลียด  ยังมีเศษเสี้ยวของความรักซ่อนอยู่เสมอ 👥  . บางครั้งเราไม่ได้โกรธเขามากขนาดนั้น  แต่เรากำลังเจ็บกับสิ่งที่ครั้งหนึ่งเราเคยรักมากต่างหาก  💭 ยิ่งเคยรักมากเท่าไหร่  พอผิดหวัง… มันก็ยิ่งฝังอยู่ในใจลึกเท่านั้น 💔  . 📓 GHOSTLY REMAINS ปลดพันธนาการดวงวิญญาณหลังความตาย . 🔎 คุณจะได้พบ ‘ยมทูต’ ประจำสำนักงานยมโลก มีหน้าที่พิเศษรับเคสวิญญาณที่ยังติดค้างบางอย่าง  . 🖋️ ถ่ายทอดผ่านลายเส้นของนักเขียน “หมึกซึม”  🔗 ฮีลใจในรูปแบบการ์ตูนคอมิก ผ่านตัวละครสีขาวดำ . ⛓  โดยเล่าเรื่องของดวงวิญญาณ ที่ยังไม่ถูกปลดพันธนาการ ได้กลายร่างเป็น ‘ปีศาจ’  💀 มา ‘ช่วยปลดปล่อย’ ด้วยการฟัง เจรจา   คลี่คลายห่วง ที่ยังมัดไว้แน่นในใจของดวงวิญญาณ ✨  . ✔︎ ทิ้งความทุกข์ที่หนักอึ้ง มองเห็นคำตอบของหัวใจ   ✔︎ กลับมาสำรวจใจตัวเอง และมีพื้นที่หายใจอีกครั้ง ✔︎ ทุกความเสียใจ จะเบาลงได้ เมื่อเราปล่อยวาง . ฟรี! 🔗 ที่คั่นหนังสือ 1 ชิ้น + โปสการ์ด 3 ใบ    . 📌 สนใจสั่งซื้อกดตะกร้าได้เลย . #opendurianhowto #OpenDurianBooks #GhostlyRemains #หมึกซึม #Books
ไม่ระบุ,7615560288967904532,2026-03-10,หนังสือ ทุกความทรงจำคือของขวัญจากวันวาน,0.0,0,0.0,0.0,เมื่อแกได้กลับมาอ่านประโยคหนึ่ง  จากหนังสือเล่มนี้ :)  #ทุกความทรงจำคือของขวัญจากวันวาน #opendurianhowto #books #whenimfeeling #ปล่อยวาง 
ไม่ระบุ,7615550267689422087,2026-03-11,หนังสือ เซียมซีชี้ชะตา ช่วยเสริมพลังใจและให้แนวทางพร้อมข้อคิดในการรับมือกับปัญหาในชีวิตประจำวัน,0.0,0,10.74,0.0,🔮 เปิดลิขิตฟ้ารู้ดวงชะตารายวัน ✨ ด้วย #เซียมซีชี้ชะตา ตัวช่วยสำหรับสายมู ที่ทำให้ทุกการตัดสินใจกลายเป็นเรื่องง่าย! #opendurianhowto
ไม่ระบุ,7614088844710923541,2026-03-06,หนังสือ ความลับสู่เงินล้านที่โรงเรียนไม่เคยสอน (The Millionaire's Top Secret),0.0,0,2.17,0.0,“จงเป็นคนสวย และรวยด้วย” #opendurianhowto #OpenDurianBooks #ความลับสู่เงินล้านที่โรงเรียนไม่เคยสอน #หนังสือ #Books
ไม่ระบุ,7614085564639251733,2026-03-06,Boxset หนังสือวันไหนที่ใจแข็งแรง ดอกไม้จะผลิบาน (The Enchanted Garden) ฟรีของแถมใน Boxset ทุกเซ็ต,0.0,0,5.09,0.0,✨ป้ายยาหนังสือที่น่ารักที่สุดในสามโลก🌷 #วันไหนที่ใจแข็งแรงดอกไม้จะผลิบาน 🤍 หนังสือฮีลใจสุดน่ารัก พร้อมของแพมที่จัดเต็มที่สุดที่เคยมีมา🤗🌟  #opendurianhowto #OpenDurianBooks #หนังสือ #Books
ไม่ระบุ,7613716592773451028,2026-03-07,หนังสือ Ghostly Brews ยินดีบริการดวงวิญญาณหลังเที่ยงคืน by หมึกซึม,0.0,0,0.02,0.0,หยุดด่าตัวเองก่อนที่จะ “รักตัวเอง” :) #ghostlybrews #opendurianhowto #books #หนังสือฮีลใจ #รักตัวเอง 
ไม่ระบุ,7613714425366957332,2026-03-05,[ขายดี] หนังสือ GHOSTLY REMAINS ปลดพันธนาการดวงวิญญาณหลังความตาย by หมึกซึม,0.0,0,0.0,0.0,คือไม่ต้องอ่านให้จบเล่ม‼️ เจอบทน้องหมาไปน้ำตาแตกทุกราย🥲 #ghostlyremains #opendurianhowto #books #หนังสือฮีลใจ #ร้องไห้หนักมาก 
ไม่ระบุ,7613705031774178580,2026-03-06,ปีศาจตัวนั้น คือฉันเอง 2 A Guide to Overcoming the Return of the Demons,0.0,0,0.0,0.0,มีใครเคยดูโฆษณาตัวนี้บ้าง 🥲 “ถึงเราจะดำ แต่ใจเราต้องไม่สกปรก  ต้องเข้มแข็ง ต้องคิดถึงคนอื่น เพราะวันที่เราตาย จะไม่มีใครจำ  ผิว หน้า หรือตาของเรา สิ่งเดียวที่คนจะจำได้ คือสิ่งที่เราทำ” #opendurianhowto #books #หนังสือฮีลใจ #ปีศาจตัวนั้นคือฉันเอง2 #beauty  
ไม่ระบุ,7613699878018993428,2026-03-05,[ขายดี] หนังสือ GHOSTLY REMAINS ปลดพันธนาการดวงวิญญาณหลังความตาย by หมึกซึม,0.0,0,0.0,0.0,ด่วน ‼️เพียง 20 เล่มสุดท้าย ✨ 📓 GHOSTLY REMAINS ภาค2 . 🖋️ หนังสือฮีลใจการ์ตูนคอมิก ผ่านตัวละครสีขาวดำ 🖋️ ถ่ายทอดผ่านลายเส้นของนักเขียน “หมึกซึม”  . ⛓  โดยเล่าเรื่องของดวงวิญญาณ ที่ยังไม่ถูกปลดพันธนาการ ได้กลายร่างเป็น ‘ปีศาจ’  และเขามา ‘ช่วยปลดปล่อย’ ด้วยการฟัง เจรจา   คลี่คลายห่วง ที่ยังมัดไว้แน่นในใจของดวงวิญญาณ ✨  . สิ่งที่ได้รับเมื่ออ่านเล่มนี้จบ 💭 ✔️ เข้่าใจว่าการยึดติด ไม่ได้ช่วยทำให้อะไรดีขึ้น   ✔️ ความเจ็บปวด ไม่ได้มีไว้ให้เราแบกรับตลอดชีวิต   ✔️ กลับมาสำรวจใจตัวเอง และมีพื้นที่หายใจอีกครั้ง ✔️ ทิ้งความทุกข์ที่หนักอึ้ง มองเห็นคำตอบของหัวใจ  ✔️ ทุกความเสียใจ จะเบาลงได้ เมื่อเราปล่อยวาง . ฟรี! 🔗 ที่คั่นหนังสือ 1 ชิ้น + โปสการ์ด 3 ใบ    . 📌 สนใจสั่งซื้อกดตะกร้าได้เลย . #opendurianhowto #OpenDurianBooks #GhostlyRemains #หมึกซึม #Books
ไม่ระบุ,7613699459574238484,2026-03-05,[ขายดี] หนังสือ GHOSTLY REMAINS ปลดพันธนาการดวงวิญญาณหลังความตาย by หมึกซึม,0.0,0,0.0,0.0,ด่วน ‼️เพียง 20 เล่มสุดท้าย ✨ 📓 GHOSTLY REMAINS ภาค2 . 🖋️ หนังสือฮีลใจการ์ตูนคอมิก ผ่านตัวละครสีขาวดำ 🖋️ ถ่ายทอดผ่านลายเส้นของนักเขียน “หมึกซึม”  . ⛓  โดยเล่าเรื่องของดวงวิญญาณ ที่ยังไม่ถูกปลดพันธนาการ ได้กลายร่างเป็น ‘ปีศาจ’  และเขามา ‘ช่วยปลดปล่อย’ ด้วยการฟัง เจรจา   คลี่คลายห่วง ที่ยังมัดไว้แน่นในใจของดวงวิญญาณ ✨  . สิ่งที่ได้รับเมื่ออ่านเล่มนี้จบ 💭 ✔️ เข้่าใจว่าการยึดติด ไม่ได้ช่วยทำให้อะไรดีขึ้น   ✔️ ความเจ็บปวด ไม่ได้มีไว้ให้เราแบกรับตลอดชีวิต   ✔️ กลับมาสำรวจใจตัวเอง และมีพื้นที่หายใจอีกครั้ง ✔️ ทิ้งความทุกข์ที่หนักอึ้ง มองเห็นคำตอบของหัวใจ  ✔️ ทุกความเสียใจ จะเบาลงได้ เมื่อเราปล่อยวาง . ฟรี! 🔗 ที่คั่นหนังสือ 1 ชิ้น + โปสการ์ด 3 ใบ    . 📌 สนใจสั่งซื้อกดตะกร้าได้เลย . #opendurianhowto #OpenDurianBooks #GhostlyRemains #หมึกซึม #Books
ไม่ระบุ,7613335861307919637,2026-03-04,ปีศาจตัวนั้น คือฉันเอง 2 A Guide to Overcoming the Return of the Demons,0.0,0,0.08,0.0,ไม่ว่าจะผิดพลาดแค่ไหน อย่าลืมที่จะเริ่ด ✨💃 . 💬 วันนี้เราพลาด มันไมได้แปลว่าเราแย่  ความผิดพลาดมันเป็นแค่ส่วนหนึ่งที่เกิดขึ้นในชีวิต  เราไม่จำเป็นต้องเอามันมาตัดสินคุณค่าของตัวเองได้  . 💬 หลายคนอยากทำทุกอย่างออกมาดีที่สุด จนเผลอตั้งความคาดหวังไว้สูงมาก ๆ  จนเราเอามาบังคับตัวเราเองว่าห้ามทำผิด  ต้องไม่พลาด ไม่งั้นจะกลายเป็นคนที่แย่ . 💬 แต่จริง ๆ ความผิดพลาดไม่ใช่เรื่องผิด  มันสามารถเกิดขึ้นได้เสมอ  ไม่ว่าเราจะพยายามเต็มที่ที่สุดแล้วมันก็อาจผิดพลาดได้  . 💬 เราไม่ได้แย่เพราะผิดพลาด  เราไม่ได้ล้มเหลวเพราะเราไม่เก่ง ความผิดพลาด มันเลยไม่สามารถตัดสินคุณค่าในตัวเราได้ . 💬 แล้วเราจะปล่อยให้ความผิดพลาดไม่กี่ครั้ง  มาตัดสินตัวเองไปเพื่ออะไร ในเมื่อมันเทียบไม่ได้เลย กับความพยายามที่เราทุ่มเทมาตั้งแต่วันแรกจนถึงวันนี้  . ส่งต่อมายด์เซ็ตเริ่ด ๆ ด้วยหนังสือเล่มนี้เลย  “ปีศาจตัวนั้นคือฉันเอง 2” 📕   ผลงานจากนักเขียนนามปากกา “MAY-I” ✍🏻   . 🙌 เล่มนี้ จะพาคุณสำรวจความรู้สึกด้านลบในชีวิต ทำความเข้าใจด้วยมายด์เซ็ตใหม่ และไม่ตัดสินตัวเอง  🗒 ผ่าน 135 บทความ แนะนำการรับมือกับปัญหา  📝 135 คำคม ที่อ่านครั้งเดียวแล้วฮีลใจได้เลย   . 📖 หนังสือเล่มนี้จึงไม่ใช่เพียงบทความฮีลใจ  แต่คือคู่มือเอาชนะปีศาจ ที่ช่วยให้เราพร้อมรับมือ และก้าวผ่านปัญหาต่าง ๆ ที่เจอในชีวิตได้ ✨       . 📌 แถมฟรี! ที่คั่นปีศาจ 1 ชิ้น มาพร้อม QR Code สแกนทำแบบทดสอบ เพื่อค้นหาว่าตัวคุณเป็นนักสู้แบบไหน 🗡️ . 📌 สนใจสั่งซื้อกดตะกร้าได้เลยค่ะ . #opendurianhowto #opendurianbooks #ปีศาจตัวนั้นคือฉันเอง2 #MAYI #books
ไม่ระบุ,7613329172844334356,2026-03-04,[พร้อมส่ง] Box set หนังสือถ้าโลกมันแย่ ก็แค่คิดแบบคาปิบาร่า (Think Like a Happybara),0.0,0,10.0,0.0,ถ้าคุณกำลังเหนื่อยกับโลก🌍 เหนื่อยกับคน🤦‍♀️ หรือเหนื่อยกับตัวเอง😔 ลองหันมาคิดแบบคาปิบาร่าดูไหม  ด้วยเล่มนี้… #thewitchesclubชมรมลับเปลี่ยนชีวิต #opendurianhowto #books #หนังสือฮีลใจ #คาปิบารา 
มิ้น,7613260764257750292,2026-03-04,[พร้อมส่ง] หนังสือ ปีศาจความรัก มักเลือกฉันเป็นเหยื่อ [How to Fight the Love Demon in My Heart],0.0,0,0.6,0.0,การได้รับความสำคัญ ✨ กับการเป็นตัวสำรอง (มันต่างกัน) #MayI #opendurianhowto #books #หนังสือฮีลใจ #ความรัก 
มิ้น,7613255944113360149,2026-03-04,[ขายดี] หนังสือ GHOSTLY REMAINS ปลดพันธนาการดวงวิญญาณหลังความตาย by หมึกซึม,0.0,0,0.0,0.0,รีวิวอ่าน Ghostly Remains 📚 50 หน้าแรกของเล่มโดยไม่พูด🥲 #opendurianhowto #books #ghostlyremains #เศร้า #ทาสหมา 
ไม่ระบุ,7612606234616810772,2026-03-02,Boxset เหนื่อยมากไหม พักก่อนก็ได้นะวันนี้ by MAY-I (เม-ไอ),0.0,0,0.0,0.0,ถ้าเจอบริษัทแบบนี้ ✅อยู่ต่อหรือลาออก ❌ #opendurianhowto #books  #mayi #หนังสือฮีลใจ #มนุษย์เงินเดือน 
ไม่ระบุ,7612606234616810772,2026-03-02,หนังสือ เหนื่อยมากไหม พักก่อนก็ได้นะวันนี้ by MAY-I (เม-ไอ),0.0,0,0.0,0.0,ถ้าเจอบริษัทแบบนี้ ✅อยู่ต่อหรือลาออก ❌ #opendurianhowto #books  #mayi #หนังสือฮีลใจ #มนุษย์เงินเดือน 
ไม่ระบุ,7612282357206240530,2026-03-01,หนังสือ Ghostly Brews ยินดีบริการดวงวิญญาณหลังเที่ยงคืน by หมึกซึม,0.0,0,0.0,0.0,#tiktoklive #livehighlights 
ไม่ระบุ,7612281888308251912,2026-03-01,หนังสือ Ghostly Brews ยินดีบริการดวงวิญญาณหลังเที่ยงคืน by หมึกซึม,0.0,0,0.0,0.0,#tiktoklive #livehighlights 
ไม่ระบุ,7612281846860156168,2026-03-01,หนังสือ ฉันจะมีชีวิตที่ดี (นักเขียนนามปากกา คิดมาก),0.0,0,0.0,0.0,#tiktoklive #livehighlights 
ไม่ระบุ,7612281813389643015,2026-03-01,หนังสือ The Witches' Club ชมรมลับเปลี่ยนชีวิต,0.0,0,11.87,0.0,#tiktoklive #livehighlights 
ไม่ระบุ,7612281477576854792,2026-03-01,หนังสือ Ghostly Brews ยินดีบริการดวงวิญญาณหลังเที่ยงคืน by หมึกซึม,0.0,0,0.0,0.0,#tiktoklive #livehighlights 
ไม่ระบุ,7612202246138383637,2026-03-01,หนังสือ ความลับสู่เงินล้านที่โรงเรียนไม่เคยสอน (The Millionaire's Top Secret),0.0,0,0.73,0.0,วางแผนการเงินดี = ชีวิตมีความสุข ✨#opendurianhowto #OpenDurianBooks #ความลับสู่เงินล้านที่โรงเรียนไม่เคยสอน #หนังสือ #Books
ริว,7611515494763416853,2026-02-27,หนังสือ กับดักความรู้สึกผิด (เขียนโดย หมอทานตะวัน),0.0,0,0.0,0.0,ความรู้สึกผิด ช่วยทำให้เรา “เติบโตทางใจ” 💭 .  👩‍⚕️ บทสัมภาษณ์จาก ‘คุณหมอทานตะวัน’ (ผศ.พญ.ทานตะวัน อวิรุทธ์วรกุล) . 🩺 ผศ.ด้านจิตเวชศาสตร์ คณะแพทยศาสตร์ โรงพยาบาลรามาธิบดี มหาวิทยาลัยมหิดล ที่มีประสบการณ์มายาวนานกว่า 20 ปี  . 🩵 เจ้าของเพจ ‘ยิ่งโตยิ่งสุขโดย พญ.ทานตะวัน’ สู่แรงบันดาลใจในการเขียนหนังสือเล่มใหม่ล่าสุด ✨  หนังสือ “กับดักความรู้สึกผิด” 📖 . สิ่งที่ได้รับเมื่ออ่านเล่มนี้ 💬  🚶‍➡️ ก้าวข้ามความรู้สึกผิดได้ผ่านแนวคิดจิตวิทยา 🚶‍➡️ เข้าใจที่มาและเรียนรู้รับมือกับความรู้สึกผิดได้ถูกวิธี  🚶‍➡️ ปรับความคิดและดูแลใจเมื่อความรู้สึกผิดเกิดขึ้น 🚶‍➡️ ปลดล็อกปมในใจ ก้าวสู่การให้อภัยและการเติบโต . 🗒️ เนื้อหาอ่านง่าย มาพร้อมภาพประกอบการอธิบาย 🗒️ สอดแทรก Case Studies ตัวอย่างจริงให้เราเข้าใจ . ⚠️ ผ่านการรวบรวมเรื่องราวสำคัญกว่า 7 บท  • ความรู้สึกผิดหน้าตาเป็นอย่างไร • เหตุแห่งความรู้สึกผิด • อะไรจะเกิดขึ้นหากคุณไม่ได้รู้สึกผิด • ส่งสัญญาณเตือน ความรู้สึกผิดที่เป็นพิษ • วิธีดูแลใจเมื่อความรู้สึกผิดถาโถมใจ • เรื่องราวความรู้สึกผิด กับการปลดล็อกอย่างถูกวิธี • “ความจริงของชีวิต” กับ “ความรู้สึกผิด” . ❤️‍🩹 หนังสือเล่มนี้ จะช่วยให้คุณได้เยียวยา  ก้าวข้ามความรู้สึกผิด ปลดล็อกปมในใจ เห็นประตูสู่การให้อภัย และเติบโตอย่างแท้จริง .  📖 หนังสือ “กับดักความรู้สึกผิด” ⚠️ แถมฟรี ที่คั่นหนังสือ 1 ชิ้น  . 📌 สนใจสั่งซื้อกดตะกร้าได้เลยค่ะ  #กับดักความรู้สึกผิด #TheGuiltTrap #หมอทานตะวัน #opendurianhowto #opendurianbooks
มิ้น,7611493339677969684,2026-02-27,BOXSET The Witches' Club ชมรมลับเปลี่ยนชีวิต,0.0,0,0.05,0.0,ปริมาณของ “เพื่อน” ไม่สำคัญเท่าคุณภาพที่มีอยู่ในชีวิตเรา :)  #books #mayi #opendurianhowto #thewitchesclubชมรมลับเปลี่ยนชีวิต #เพื่อน 
ริว,7611110263437151509,2026-02-26,หนังสือ กว่าจะคิดได้ก็ไม่มีลมหายใจแล้ว (It Is Never Too Late to Love Yourself),0.0,0,2.22,0.0,💭 ใจไม่ถึงอย่าอ่าน . . .  คำเตือน ‼️ หนังสือเล่มนี้อาจทำให้คุณเสียน้ำตา  แต่มันจะทำให้เราเข้าใจและเยียวยาใจ  . กับหนังสือ “กว่าจะคิดได้ก็ไม่มีลมหายใจแล้ว”  🪦 จะพาเราเปิดประตูสู่โลกหลังความตาย  ทำความรู้จักวิญญาณที่ไม่รักตัวเองจนหมดลมหายใจ  แต่เธอยังไม่ไปไหน  . 🩻 คุณจะได้พบกับ 50 เรื่องราวสะเทือนใจ ถึงความเจ็บปวดไม่รักตัวเองผ่านดวงวิญญาณ  . ต่อมาคุณจะได้รับคำเตือนบทเรียนจากเรื่องราว ในแต่ละเรื่อง และย้ำว่าอย่าละเลยมันเด็ดขาด ✨ . 📓 สุดท้าย คุณจะรู้ว่าทำไมดวงวิญญาณเฮี้ยน ? ทำไมถึงยังไม่ไปเกิด ?  มาร่วมค้นหาคำตอบได้กับ  หนังสือ “กว่าจะคิดได้ ก็ไม่มีลมหายใจแล้ว” . นอกจากนี้ยังมี 10 คำเตือนจากยมทูต ‼️ บทสรุปที่จะมาเตือนให้ผู้อ่านได้รักตัวเอง ก่อนที่จะสายเกินไป… 🕰️ และไม่มีโอกาสได้กลับมาแก้ไขได้อีก  . แถมฟรี 🪦 ที่คั่นหนังสือ 1 ชิ้น  และคู่มือแนะนำการอ่าน 1 แผ่น  . อย่ารอให้หมดเวลาก่อนจะเห็นคุณค่าของชีวิต 📲 กดตะกร้าตอนนี้เลย #opendurianhowto #OpenDurianBooks #กว่าจะคิดได้ก็ไม่มีลมหายใจแล้ว #หนังสือ #Books หนังสือฮีลใจ
ริว,7611109131168091412,2026-02-26,[ขายดี] หนังสือ GHOSTLY REMAINS ปลดพันธนาการดวงวิญญาณหลังความตาย by หมึกซึม,0.0,0,0.25,0.0,เรียนรู้การปล่อยวาง 💭   เพราะการยึดติดมากเกินไปก็ทำให้เป็นทุกข์ . กับหนังสือเล่มนี้ 📓 Ghostly Remains  ยินดีบริการดวงวิญญาณหลังเที่ยงคืน  . หนังสือการ์ตูนฮีลใจ ที่สะท้อนเรื่องราวของวิญญาณ ที่ยังยึดติดกับความรู้สึก ความสัมพันธ์ต่าง ๆ  จนทำให้ตัวเองและคนที่รักเป็นทุกข์ . 💭 ในเล่มจะเป็นการ์ตูนคอมิกขาวดำ 🖋️ วาดและเขียนโดยคุณ ‘หมึกซึม’  〰️ เรียกน้ำตาคนอ่านและทำให้เห็นคุณค่าในตัวเอง 〰️ อ่านแล้วจะทำให้เราต้องรักตัวมากขึ้นกว่าเดิม . 📓 ในเล่มจะเล่าผ่านยมทูต ที่ทำงานพลาดจนมีคนตาย  และถูกลงโทษให้มาทำงานบนโลกมนุษย์ และได้เจอกับ ดวงวิญญาณที่ยังยึดติดกับความรัก ความแค้น  การไม่ยอมปล่อยวาง และยังต้องมาเจอกับวิญญาณ ที่เขาเคยพรากชีวิตไป ซึ่งมันทำให้เราเข้าใจความหมาย ของการมีชีวิตและการปล่อยวาง 🌕  . สิ่งที่ได้รับเมื่ออ่านเล่มจบ  ✔︎ กลับมาเห็นคุณค่าเรื่องราวที่เคยมองข้ามไป  ✔︎ สัมผัสกับการ ”หยุดฟังตัวเอง“ อีกครั้ง  ✔︎ ทบทวนความรู้สึกที่อาจเคยถูกละเลย  ✔︎ โอบกอดความสุข ความเจ็บปวดได้อย่างสมดุล . 🐈‍⬛  ฟรี! ที่คั่น 1 ชิ้น + โปสการ์ด 3 แผ่น   . 📌 สนใจสั่งซื้อ ทักแชตได้เลย #opendurianhowto #OpenDurianBooks #GhostlyRemains #หมึกซึม #Books
มิ้น,7611104749420629268,2026-02-26,[ขายดี] หนังสือ GHOSTLY REMAINS ปลดพันธนาการดวงวิญญาณหลังความตาย by หมึกซึม,0.0,0,0.0,0.0,ไม่เคยร้องไห้ให้กับหนังสือ จนมาเจอ 2 เล่มนี้ …  #opendurianhowto #books #หนังสือฮีลใจ #จิตวิทยา #howto 
มิ้น,7611104749420629268,2026-02-26,หนังสือ Ghostly Brews ยินดีบริการดวงวิญญาณหลังเที่ยงคืน by หมึกซึม,0.0,0,0.0,0.0,ไม่เคยร้องไห้ให้กับหนังสือ จนมาเจอ 2 เล่มนี้ …  #opendurianhowto #books #หนังสือฮีลใจ #จิตวิทยา #howto 
มิ้น,7610765057516915989,2026-02-25,ปีศาจตัวนั้น คือฉันเอง 2 A Guide to Overcoming the Return of the Demons,0.0,0,0.0,0.0,นี่คือหนังสือ📚 ที่ #ก้อยพิธา ไม่ได้อ่าน ‼️🫣 #ปีศาจตัวนั้นคือตัวฉันเอง2  #opendurianhowto #books #แนะนําหนังสือ 
ริว,7610752338579574036,2026-02-25,Boxset หนังสือวันไหนที่ใจแข็งแรง ดอกไม้จะผลิบาน (The Enchanted Garden) ฟรีของแถมใน Boxset ทุกเซ็ต,0.0,0,10.97,0.0,เสน่ห์ของความห่างไกล คือเราจะได้คิดถึงกัน🫂 . ความห่างไกลเป็นสิ่งที่หลายคนกลัว เพราะเราไม่มีทางรู้เลยว่าอีกฝ่ายกำลังทำอะไรอยู่ เค้าจะไปที่ไหนทำอะไรกับใครเราไม่รู้เลย แต่ความมั่นคงและความเชื่อใจจะเป็นสิ่งที่ทำให้เรารับมือกับความห่างไกลนี้ได้ . มั่นคงกับเขาแม้ว่าความห่างไกลจะทำให้เหงาแค่ไหน เชื่อใจในตัวเขาแม้ว่าเราจะอยู่ไกลกันจนมองไม่เห็น แต่เสน่ห์ความห่างไกลก็มีนะ นั่นก็คือความคิดถึง . #opendurianhowto #OpenDurianBooks #วันไหนที่ใจแข็งแรงดอกไม้จะผลิบาน #หนังสือ #Books
มิ้น,7610399022284639509,2026-02-24,หนังสือ กับดักความรู้สึกผิด (เขียนโดย หมอทานตะวัน),0.0,0,0.0,0.0,"Payday นี้ ฮีลใจส่งฟรีทุกเล่ม 📚  แจกคูปองลดสูงสุดไปเลย 25%  - ส่วนลด 25% ลดสูงสุด 500 บาท ขั้นต่ำ 300 บาท  - ส่วนลด 20% ลดสูงสุด 1,000 บาท ขั้นต่ำ 300 บาท  - ส่วนลด 15% ลดสูงสุด 3,000 บาท ขั้นต่ำ 300 บาท   (หมดเขตวันที่ 27ก.พ. - 6 มี.ค. 2569)  #opendurianhowto #payday #books #หนังสือฮีลใจ #หนังสือพัฒนาตัวเอง  "
มิ้น,7610399022284639509,2026-02-24,[ขายดี] หนังสือ GHOSTLY REMAINS ปลดพันธนาการดวงวิญญาณหลังความตาย by หมึกซึม,0.0,0,0.0,0.0,"Payday นี้ ฮีลใจส่งฟรีทุกเล่ม 📚  แจกคูปองลดสูงสุดไปเลย 25%  - ส่วนลด 25% ลดสูงสุด 500 บาท ขั้นต่ำ 300 บาท  - ส่วนลด 20% ลดสูงสุด 1,000 บาท ขั้นต่ำ 300 บาท  - ส่วนลด 15% ลดสูงสุด 3,000 บาท ขั้นต่ำ 300 บาท   (หมดเขตวันที่ 27ก.พ. - 6 มี.ค. 2569)  #opendurianhowto #payday #books #หนังสือฮีลใจ #หนังสือพัฒนาตัวเอง  "
มิ้น,7610399022284639509,2026-02-24,[หนังสือ] ปีศาจตัวนั้น คือฉันเอง 2 A Guide to Overcoming the Return of the Demons,0.0,0,0.17,0.0,"Payday นี้ ฮีลใจส่งฟรีทุกเล่ม 📚  แจกคูปองลดสูงสุดไปเลย 25%  - ส่วนลด 25% ลดสูงสุด 500 บาท ขั้นต่ำ 300 บาท  - ส่วนลด 20% ลดสูงสุด 1,000 บาท ขั้นต่ำ 300 บาท  - ส่วนลด 15% ลดสูงสุด 3,000 บาท ขั้นต่ำ 300 บาท   (หมดเขตวันที่ 27ก.พ. - 6 มี.ค. 2569)  #opendurianhowto #payday #books #หนังสือฮีลใจ #หนังสือพัฒนาตัวเอง  "
มิ้น,7610399022284639509,2026-02-24,BOXSET The Witches' Club ชมรมลับเปลี่ยนชีวิต,0.0,0,0.0,0.0,"Payday นี้ ฮีลใจส่งฟรีทุกเล่ม 📚  แจกคูปองลดสูงสุดไปเลย 25%  - ส่วนลด 25% ลดสูงสุด 500 บาท ขั้นต่ำ 300 บาท  - ส่วนลด 20% ลดสูงสุด 1,000 บาท ขั้นต่ำ 300 บาท  - ส่วนลด 15% ลดสูงสุด 3,000 บาท ขั้นต่ำ 300 บาท   (หมดเขตวันที่ 27ก.พ. - 6 มี.ค. 2569)  #opendurianhowto #payday #books #หนังสือฮีลใจ #หนังสือพัฒนาตัวเอง  "
มิ้น,7610399022284639509,2026-02-24,หนังสือ ขอใช้ชีวิตที่เหลือ เพื่อตัวเองนะ,0.0,0,0.0,0.0,"Payday นี้ ฮีลใจส่งฟรีทุกเล่ม 📚  แจกคูปองลดสูงสุดไปเลย 25%  - ส่วนลด 25% ลดสูงสุด 500 บาท ขั้นต่ำ 300 บาท  - ส่วนลด 20% ลดสูงสุด 1,000 บาท ขั้นต่ำ 300 บาท  - ส่วนลด 15% ลดสูงสุด 3,000 บาท ขั้นต่ำ 300 บาท   (หมดเขตวันที่ 27ก.พ. - 6 มี.ค. 2569)  #opendurianhowto #payday #books #หนังสือฮีลใจ #หนังสือพัฒนาตัวเอง  "
มิ้น,7610399022284639509,2026-02-24,หนังสือ Ghostly Brews ยินดีบริการดวงวิญญาณหลังเที่ยงคืน by หมึกซึม,0.0,0,0.0,0.0,"Payday นี้ ฮีลใจส่งฟรีทุกเล่ม 📚  แจกคูปองลดสูงสุดไปเลย 25%  - ส่วนลด 25% ลดสูงสุด 500 บาท ขั้นต่ำ 300 บาท  - ส่วนลด 20% ลดสูงสุด 1,000 บาท ขั้นต่ำ 300 บาท  - ส่วนลด 15% ลดสูงสุด 3,000 บาท ขั้นต่ำ 300 บาท   (หมดเขตวันที่ 27ก.พ. - 6 มี.ค. 2569)  #opendurianhowto #payday #books #หนังสือฮีลใจ #หนังสือพัฒนาตัวเอง  "
มิ้น,7610399022284639509,2026-02-24,โอบกอดความไม่สมบูรณ์แบบของเธอ (Embrace Your Flaws),0.0,0,0.0,0.0,"Payday นี้ ฮีลใจส่งฟรีทุกเล่ม 📚  แจกคูปองลดสูงสุดไปเลย 25%  - ส่วนลด 25% ลดสูงสุด 500 บาท ขั้นต่ำ 300 บาท  - ส่วนลด 20% ลดสูงสุด 1,000 บาท ขั้นต่ำ 300 บาท  - ส่วนลด 15% ลดสูงสุด 3,000 บาท ขั้นต่ำ 300 บาท   (หมดเขตวันที่ 27ก.พ. - 6 มี.ค. 2569)  #opendurianhowto #payday #books #หนังสือฮีลใจ #หนังสือพัฒนาตัวเอง  "
มิ้น,7610399022284639509,2026-02-24,[สุดคุ้ม] หนังสือ ปีศาจตัวนั้น คือฉันเอง A Guide to Fight the Demons in My Heart,0.0,0,0.54,0.0,"Payday นี้ ฮีลใจส่งฟรีทุกเล่ม 📚  แจกคูปองลดสูงสุดไปเลย 25%  - ส่วนลด 25% ลดสูงสุด 500 บาท ขั้นต่ำ 300 บาท  - ส่วนลด 20% ลดสูงสุด 1,000 บาท ขั้นต่ำ 300 บาท  - ส่วนลด 15% ลดสูงสุด 3,000 บาท ขั้นต่ำ 300 บาท   (หมดเขตวันที่ 27ก.พ. - 6 มี.ค. 2569)  #opendurianhowto #payday #books #หนังสือฮีลใจ #หนังสือพัฒนาตัวเอง  "
มิ้น,7610399022284639509,2026-02-24,[พร้อมส่ง] Box set หนังสือถ้าโลกมันแย่ ก็แค่คิดแบบคาปิบาร่า (Think Like a Happybara),0.0,0,0.0,0.0,"Payday นี้ ฮีลใจส่งฟรีทุกเล่ม 📚  แจกคูปองลดสูงสุดไปเลย 25%  - ส่วนลด 25% ลดสูงสุด 500 บาท ขั้นต่ำ 300 บาท  - ส่วนลด 20% ลดสูงสุด 1,000 บาท ขั้นต่ำ 300 บาท  - ส่วนลด 15% ลดสูงสุด 3,000 บาท ขั้นต่ำ 300 บาท   (หมดเขตวันที่ 27ก.พ. - 6 มี.ค. 2569)  #opendurianhowto #payday #books #หนังสือฮีลใจ #หนังสือพัฒนาตัวเอง  "
มิ้น,7610399022284639509,2026-02-24,Boxset หนังสือวันไหนที่ใจแข็งแรง ดอกไม้จะผลิบาน (The Enchanted Garden) ฟรีของแถมใน Boxset ทุกเซ็ต,0.0,0,0.0,0.0,"Payday นี้ ฮีลใจส่งฟรีทุกเล่ม 📚  แจกคูปองลดสูงสุดไปเลย 25%  - ส่วนลด 25% ลดสูงสุด 500 บาท ขั้นต่ำ 300 บาท  - ส่วนลด 20% ลดสูงสุด 1,000 บาท ขั้นต่ำ 300 บาท  - ส่วนลด 15% ลดสูงสุด 3,000 บาท ขั้นต่ำ 300 บาท   (หมดเขตวันที่ 27ก.พ. - 6 มี.ค. 2569)  #opendurianhowto #payday #books #หนังสือฮีลใจ #หนังสือพัฒนาตัวเอง  "
มิ้น,7610395498893053205,2026-02-24,[สุดคุ้ม] หนังสือ ปีศาจตัวนั้น คือฉันเอง A Guide to Fight the Demons in My Heart,0.0,0,103.87,0.0,ร้องไห้เป็นสิบ ๆ ครั้ง… ก็ยังใช้ชีวิตต่อได้ ;)  ประโยคหนึ่งจากหนังสือ  #ปีศาจตัวนั้นคือฉันเอง  #opendurianhowto #จิตวิทยา #moveon #books 
ริว,7610360649511619861,2026-02-24,โอบกอดความไม่สมบูรณ์แบบของเธอ (Embrace Your Flaws),0.0,0,0.72,0.0,ในวันที่คุณแตกสลายจนรักตัวเองไม่ไหว อยากให้คุณลองอ่านเล่มนี้สักหนึ่งหน้า… #opendurianhowto #OpenDurianBooks #โอบกอดความไม่สมบูรณ์แบบของเธอ #หนังสือ #Books
มิ้น,7610252451710651669,2026-02-24,หนังสือ กับดักความรู้สึกผิด (เขียนโดย หมอทานตะวัน),0.0,0,6.72,0.0,5 วิธีรับมือกับ “ความรู้สึกผิด” จาก “คุณหมอทานตะวัน” ✨ #opendurianhowto #กับดักความรู้สึกผิด #จิตวิทยา #howto 
ริว,7610003331217362197,2026-02-23,[หนังสือ] ปีศาจตัวนั้น คือฉันเอง 2 A Guide to Overcoming the Return of the Demons,0.0,0,29.57,0.0,คนที่ควรอ่านเล่มนี้…🫂 #opendurianhowto #opendurianbooks #ปีศาจตัวนั้นคือฉันเอง2 #MAYI #books
มิ้น,7609906915358805269,2026-02-23,หนังสือ กับดักความรู้สึกผิด (เขียนโดย หมอทานตะวัน),0.0,0,0.0,0.0,ถ้าคุณมีโอกาสได้เจอ  คุณหมอทานตะวัน  “คุณอยากจะถามอะไร” #กับดักความรู้สึกผิด #opendurianhowto #หมอทานตะวัน #คำถาม #จิตวิทยา 
มิ้น,7609557308783250709,2026-02-22,[ขายดี] หนังสือ GHOSTLY REMAINS ปลดพันธนาการดวงวิญญาณหลังความตาย by หมึกซึม,0.0,0,0.03,0.0,แม่อยากให้ลูก “มั่นคง” แต่เคยถามลูกไหม!! ว่าอยากได้ความมั่นคง อย่างที่แม่ต้องการหรือเปล่า?  #opendurianhowto #ghostlyremains #หนังสือพัฒนาตัวเอง #books #ครอบครัว 
ริว,7608903334010899732,2026-02-20,หนังสือ กับดักความรู้สึกผิด (เขียนโดย หมอทานตะวัน),0.0,0,0.26,0.0,🤱🏻แม่คือคนที่รับผิดชอบในสิ่งที่ตัวเองควบคุมไม่ได้แล้วเรียกมันว่า ‘ความรัก‘🫂 . 🙎🏻‍♀️แม่หลายคนรู้สึกผิดที่ตะคอกใส่ลูก ผิดที่บังคับลูก ผิดที่ออกจากบ้านโดยไม่มีลูก แม้กระทั่งผิดแค่เพราะอยากอยู่เงียบ ๆ คนเดียว เรากลายเป็นคนที่โทษตัวเองเก่งที่สุดและแบกความรู้สึกผิดไว้ทุกคืนทุกครั้งที่ลูกหลับ จากคำว่า “แม่ที่ดี ต้องทำให้ลูกมีความสุข” ค่อย ๆ กลายเป็น “ถ้าลูกไม่โอเค แปลว่าเราเลี้ยงลูกไม่ดี”😭 . 📘หนังสือ กับดักความรู้สึกผิด ไม่ได้สอนให้รักลูกน้อยลง แต่ช่วยให้แม่หยุดทำร้ายตัวเองจากความรู้สึกผิดที่ไม่จำเป็น ผ่านแนวคิดจิตวิทยา และมีตัวอย่างจากเคสที่คุณหมอพบเจอบ่อยที่สุด พร้อมวิธีการเยียวยา เป็นแนวทางทำให้เราได้จัดการความรู้สึกตัวเอง✨ . 🌷เพราะลูกไม่ได้ต้องการแม่ที่รู้สึกผิดตลอดเวลา ลูกแค่ต้องการแม่ที่ยังมีหัวใจเหลือให้ตัวเองและแม่ไม่ควรต้องเจ็บเพื่อพิสูจน์ว่ารักลูก . 📌ใครสนใจสั่งซื้อกดตะกร้าได้เลย  . #กับดักความรู้สึกผิด #TheGuiltTrap #หมอทานตะวัน #opendurianhowto #opendurianbooks 
ริว,7608895312995945749,2026-02-20,[สุดคุ้ม] หนังสือ ปีศาจตัวนั้น คือฉันเอง A Guide to Fight the Demons in My Heart,0.0,0,6.75,0.0,คนที่ควรเปิดอ่านเล่มนี้มากที่สุด…อาจเป็นคุณ🫵🏻 #opendurianhowto #opendurianbooks #ปีศาจตัวนั้นคือฉันเอง #หนังสือพัฒนาตัวเอง #books
มิ้น,7608872572540800276,2026-02-20,หนังสือ Ghostly Brews ยินดีบริการดวงวิญญาณหลังเที่ยงคืน by หมึกซึม,0.0,0,0.0,0.0,บทที่ 2 ความรักแสนบริสุทธิ์  กับเรื่องราวของ “แมวสีหมอก” วิญญาณแมวที่มีเรื่องอยากบอก “เจ้าของ” ก่อนที่จะไปสู่สุคติ 🐈‍⬛ #ghostlybrews #opendurianhowto #books #comic #แมว 
ริว,7608512154173590805,2026-02-19,หนังสือ กับดักความรู้สึกผิด (เขียนโดย หมอทานตะวัน),0.0,0,0.0,0.0,💭 Q&A กับคุณหมอทานตะวัน  . มีคำถามที่อยากปรึกษาคุณหมออยู่ไหม ❓  👇 สามารถคอมเมนต์ไว้ใต้โพสต์นี้ได้เลยนะคะ . 🩹 ไม่ว่าคุณจะกำลังเผชิญปัญหาในด้านใดของชีวิต ทั้งเรื่องความรัก ชีวิตส่วนตัว เพื่อน หรือครอบครัว  . 👩‍⚕️ ผศ.พญ.ทานตะวัน อวิรุทธ์วรกุล  ⭐ พร้อมตอบและให้คำปรึกษาทุกคำถาม ⭐    . 🩺 ด้วยประสบการณ์ดูแลผู้ป่วยด้านสุขภาพจิต จากคณะแพทยศาสตร์ โรงพยาบาลรามาธิบดี  ยาวนานกว่า 20 ปี รวมกว่า 150 เคสที่เคยพบเจอ  . สามารถคอมเมนต์คำถาม ไว้ใต้โพสต์นี้ได้เลยนะคะ 👇 . 📖 หนังสือ “กับดักความรู้สึกผิด”  ❤️‍🩹 หนังสือเล่มนี้ จะช่วยให้คุณได้เยียวยา  ก้าวข้ามความรู้สึกผิด ปลดล็อกปมในใจ เห็นประตูสู่การให้อภัย และเติบโตอย่างแท้จริง . 📌 สอบถามแอดมินเพิ่มเติม  หรือสนใจสั่งซื้อหนังสือ กดตะกร้าได้เลย . #กับดักความรู้สึกผิด #TheGuiltTrap #หมอทานตะวัน #opendurianhowto #OpenDurianBooks 
ริว,7608511412310248725,2026-02-19,หนังสือ Ghostly Brews ยินดีบริการดวงวิญญาณหลังเที่ยงคืน by หมึกซึม,0.0,0,0.0,0.0,👤  อย่ารอให้คนที่เรารักจากไป โดยที่เรายังไม่ได้ขอโทษในสิ่งที่ค้างคา  . ขอโทษที่ไม่ได้บอกรัก ขอโทษที่ทำไม่ดี  ขอโทษที่ยังคิดว่ามีเวลา แต่มันไม่มีอีกแล้ว . 📓 หนังสือ Ghostly Brews  ยินดีบริการดวงวิญญาณหลังเที่ยงคืน  . 🖋️ หนังสือการ์ตูนฮีลใจ จาก ‘คุณหมึกซึม’ ที่จะทำให้ เห็นคุณค่าในตัวเองมากขึ้น ทบทวนความทรงจำ   💭 ความสัมพันธ์และความรู้สึกที่เคยถูกละเลย หรือสิ่งสำคัญที่เคยมองข้ามไป  . 📖 เล่มนี้ จะเป็นเรื่องราวของเด็กหญิงที่เห็นวิญญาณ  และได้มีโอกาสมาทำงานร้านกาแฟ Ghostly Brew  ที่ต้องรับฟังดวงวิญญาณที่มีเรื่องทุกข์ใจหรือค้างคาใจ  . เพื่อให้เหล่าดวงวิญญาณเรานั้นสบายใจ และปล่อยวางจากทุกสิ่งก่อนจากไปตลอดกาล ⭐  . 🩹 หนังสือเล่มนี้ ไม่ได้พูดถึงเรื่องความตาย  แต่เป็นภาพสะท้อนของความเสียดาย 🙁  ทั้งความรู้สึกที่ยังคาใจ ความรักที่ยังไม่ได้พูด ความฝัน ที่ยังไม่ได้ทำ หรือความเข้าใจในวันที่สายไปแล้ว  🕑  . Ghostly Brews แนะนำเลยว่าต้องลองอ่านสักครั้ง 🐈‍⬛  ฟรี! ที่คั่น 1 ชิ้น + โปสการ์ด 3 แผ่น   . 📌 สนใจสั่งซื้อกดตะกร้าได้เลย . #opendurianhowto #OpenDurianBooks #GhostlyBrews #หมึกซึม #books
ริว,7608509903447067925,2026-02-19,หนังสือ ทุกความทรงจำคือของขวัญจากวันวาน,0.0,0,3.31,0.0,ความเปลี่ยนแปลงเป็นส่วนหนึ่งของชีวิต   . ที่สำคัญที่สุดคือการเรียนรู้ที่จะปล่อยวาง และไม่ยึดติดกับคนที่ไม่อยู่ในชีวิตอีกต่อไป ☺️ . การเลือกที่จะก้าวออกมาจากความท็อกซิก 🚶‍♂️‍➡️ เป็นวิธีที่เราบอกรักตัวเองได้ดีที่สุด . สิ่งเดียวที่เราสามารถควบคุมได้ คือ ความคิดของตัวเราเองเท่านั้น ✨  . ประโยคจากในหนังสือ 📗   “ทุกความทรงจำ คือของขวัญจากวันวาน”  . 💭 หนังสือที่จะบันทึกความคิดและเรื่องราวต่าง ๆ  จดบันทึกสิ่งที่เราเจอ บางครั้งเราอาจจะเจออุปสรรคบ้าง  ร้องไห้บ้าง แต่สุดท้ายเรากลับมายิ้มได้เสมอ  . เรื่องทั้งหมดมันจะทำให้เราเติบโตได้ดีขึ้นเสมอ  ✔︎ หนังสือเล่มนี้มันจะทำให้เรารักตัวเองมากขึ้น ✔︎ ได้เข้าใจและยอมรับการเปลี่ยนแปลงของชีวิต ✔︎ เรียนรู้ที่จะให้คุณค่ากับสิ่งสำคัญในชีวิต ✔︎ ได้รับกำลังใจ และพบความสุขมากขึ้นอีกครั้ง  . ฟรี!! ของแถมสุดน่ารัก 3 ชิ้น  💌 ที่คั่นหนังสือ 2 ชิ้น + สติกเกอร์ 1 แผ่น   . 🎁 ส่งต่อความทรงจำ ให้เป็นบทเรียนที่ล้ำค่า  . 📌 สนใจสั่งซื้อกดตะกร้าได้เลย 📲 . #opendurianhowto #OpenDurianBooks #ทุกความทรงจำคือของขวัญจากวันวาน #Whenimfeeeing #Books
ริว,7608129743900232981,2026-02-18,โอบกอดความไม่สมบูรณ์แบบของเธอ (Embrace Your Flaws),0.0,0,0.07,0.0,ทอดทิ้งใครบางคน ไว้ในความทรงจำ🫂 . ใครบางคนอาจเคยทอดทิ้งเราในความทรงจำของเขา ส่วนเราก็อาจเคยทอดทิ้งใครบางคนไว้ในความทรงจำของเราเช่นกัน😭 . #opendurianhowto #opendurianbooks  #โอบกอดความไม่สมบูรณ์แบบของเธอ #หนังสือ  #Books
มิ้น,7607780776427474197,2026-02-17,[หนังสือ] ปีศาจตัวนั้น คือฉันเอง 2 A Guide to Overcoming the Return of the Demons,0.0,0,2.25,0.0,บางครั้งคำพูดของคนที่เรารัก  อาจจะเป็นคำที่เจ็บปวดที่สุด …  #ปีศาจตัวนั้นคือฉันเอง2 #opendurianhowto #ครอบครัว #ความรัก #books 
ริว,7607775945751153940,2026-02-17,BOXSET The Witches' Club ชมรมลับเปลี่ยนชีวิต,0.0,0,0.0,0.0,📌ป้ายยาหนังสือเปลี่ยนชีวิต🌟 เปลี่ยนยังไงดูคลิปให้จบ #opendurianhowto #opendurianbooks #หนังสือพัฒนาตัวเอง #books #TheWitchesClub
ริว,7607766385007054101,2026-02-17,หนังสือ กับดักความรู้สึกผิด (เขียนโดย หมอทานตะวัน),0.0,0,3.47,0.0,มนุษย์ที่เป็นคนดีมักรู้สึกผิด 💭  น่าเสียดายที่คนคิดถึงคนอื่นเก่งที่สุด  กลับเป็นคนที่โทษตัวเองเก่งที่สุดเหมือนกัน 😢 . 👤 เราขอโทษในเรื่องที่ไม่ใช่ความผิด  👤 เราฝืนตัวเองเรียกมันว่า “หน้าที่ของคนดี”  ความรู้สึกผิดพวกนี้ ไม่ได้ทำให้เราเป็นคนดีขึ้น 💬  . 📖 หนังสือ “กับดักความรู้สึกผิด”  ไม่ใช่หนังสือสอนให้เลิกเป็นคนดี แต่ช่วยให้คุณ เลิกทำร้ายตัวเองจากคำว่า “ต้องเป็นคนดี”  . ✔︎ ทำให้เราได้เยียวยาใจตัวเองจากความรู้สึกผิด  ✔︎ รู้จักกับความรู้สึกผิดผ่านแนวคิดจิตวิทยา  ✔︎ มองเห็นสัญญาณที่จะทำให้เรารู้สึกผิด  . 🩹  มีตัวอย่างจากเคสที่คุณหมอพบเจอบ่อยที่สุด  พร้อมวิธีการเยียวยา และบอกสิ่งที่ควรทำและสิ่งที่ไม่ควร  เป็นแนวทางทำให้เราได้จัดการความรู้สึกตัวเอง . 🔎 เพราะมันน่าเสียดายเกินไป ถ้าคนดี …  ต้องเจ็บอยู่คนเดียว การดูแลสุขภาพจิตเริ่มจากการ  เลิกเป็นศัตรูกับตัวเองมาอ่านหนังสือเล่มนี้กันนะ	 . 📖 หนังสือ “กับดักความรู้สึกผิด” ⚠️ แถมฟรี ที่คั่นหนังสือ 1 ชิ้น  . 📌 สนใจสั่งซื้อกดตะกร้าได้เลย . #กับดักความรู้สึกผิด #TheGuiltTrap #หมอทานตะวัน #opendurianhowto #opendurianbooks
มิ้น,7607385811016862996,2026-02-16,[พร้อมส่ง] Box set หนังสือถ้าโลกมันแย่ ก็แค่คิดแบบคาปิบาร่า (Think Like a Happybara),0.0,0,0.0,0.0,#ด้อมส้ม ห้ามพลาด‼️ เพราะนี่คือ Boxset 📚 #ถ้าโลกมันแย่ก็แค่คิดแบบคาปิบาร่า   ที่จะมาเปลี่ยนโลกที่แสนวุ่นวาย ให้กลายเป็นเรื่องที่แสนชิลล์แบบคาปิบาร่า 🐻 #opendurianhowto #books #คาปิบาร่า  
มิ้น,7607336920464624917,2026-02-16,หนังสือ ทุกความทรงจำคือของขวัญจากวันวาน,0.0,0,0.0,0.0,ในวันที่รู้สึกไม่เก่งอะไรเลย  อยากให้กลับมาอ่านประโยคจากหนังสือเล่มนี้  #opendurianhowto #books #หนังสือพัฒนาตัวเอง #ทุกความทรงจำคือของขวัญในวันวาน #howto 
มิ้น,7607314138045484308,2026-02-16,[พร้อมส่ง] หนังสือ ปีศาจความรัก มักเลือกฉันเป็นเหยื่อ [How to Fight the Love Demon in My Heart],0.0,0,0.05,0.0,คิดว่า “การนอกใจ” เป็นเรื่องปกติ?  #ปีศาจความรักมักเลือกฉันเป็นเหยื่อ  #opendurianhowto #books #นอกใจ #ความรัก 
ริว,7606667000068295956,2026-02-14,หนังสือ ฉันจะมีชีวิตที่ดี (นักเขียนนามปากกา คิดมาก),0.0,0,1.68,0.0,หนังสือที่อ่านแล้วทำให้อยากมีชีวิตที่ดีขึ้น 🤗🌷✨ #opendurianhowto #OpenDurianBooks #ฉันจะมีชีวิตที่ดี #หนังสือ #Books
ริว,7606263298538933524,2026-02-13,โอบกอดความไม่สมบูรณ์แบบของเธอ (Embrace Your Flaws),0.0,0,0.0,0.0,คุณเหนื่อยไหม… . เหนื่อยที่ต้องเปรียบเทียบกับคนอื่น เหนื่อยที่ต้องรอบางสิ่ง หรือเหนื่อยที่รักคนที่ไม่รักและเกลียดชังเรา . ถ้าคุณเหนื่อยอยากให้ลองอ่านเล่มนี้… #โอบกอดความไม่สมบูรณ์แบบของเธอ #opendurianhowto #OpenDurianBooks #หนังสือ #Books
ริว,7606257457324707093,2026-02-13,[ขายดี] หนังสือ GHOSTLY REMAINS ปลดพันธนาการดวงวิญญาณหลังความตาย by หมึกซึม,0.0,0,0.0,0.0,ผลงานภาตต่อที่ทุกหัวใจรอคอย🫂 . Ghostly Remains หนังสือการ์ตูนฮีลใจที่เขียนโดยคุณพู่ เจ้าของเพจหมึกซึม ✒️ ที่พึ่งได้รับรางวัลหนังสือยอดเยี่ยมแห่งปีและรางวัลสร้างแรงบันดาลใจแห่งปีจากภาคแรก การันตีคุณภาพสุด ๆ 🏆 . Ghostly Remains เล่มนี้ไม่ได้พูดถึงความตาย แต่สะท้อนให้เห็นว่า “การไม่ยอมปล่อยวาง” จะทำให้เราทุกข์ ทั้งจากความคาดหวังของครอบครัว ความแค้น หรือการยึดติดในความสัมพันธ์ เนื้อหาอ่านแล้วทั้งจุก ทั้งอบอุ่น เหมือนโดนปลอบให้รักตัวเองมากขึ้น และใจเบาลงแบบ 300%✨ #opendurianhowto #OpenDurianBooks #GhostlyRemains #หมึกซึม #Books
มิ้น,7605928840262602004,2026-02-12,Boxset หนังสือวันไหนที่ใจแข็งแรง ดอกไม้จะผลิบาน (The Enchanted Garden) ฟรีของแถมใน Boxset ทุกเซ็ต,0.0,0,0.0,0.0,คุณคิดว่า “รักทางไกล” ส่วนใหญ่ไปกันรอดหรือไม่ 🥲 หรือจริง ๆ แล้ว “ระยะทางไกล” อาจเป็นข้ออ้างของคนจะไป ;( #วันไหนที่ใจแข็งแรงดอกไม้จะผลิบาน #books #opendurianhowto #longdistancerelationship #รักทางไกล  
มิ้น,7605928840262602004,2026-02-12,หนังสือวันไหนที่ใจแข็งแรง ดอกไม้จะผลิบาน (The Enchanted Garden),0.0,0,0.0,0.0,คุณคิดว่า “รักทางไกล” ส่วนใหญ่ไปกันรอดหรือไม่ 🥲 หรือจริง ๆ แล้ว “ระยะทางไกล” อาจเป็นข้ออ้างของคนจะไป ;( #วันไหนที่ใจแข็งแรงดอกไม้จะผลิบาน #books #opendurianhowto #longdistancerelationship #รักทางไกล  
มิ้น,7605922349254233364,2026-02-12,[ขายดี] หนังสือ GHOSTLY REMAINS ปลดพันธนาการดวงวิญญาณหลังความตาย by หมึกซึม,0.0,0,0.0,0.0,2 หนังสือการ์ตูน Comic ฮีลใจ ที่อ่านแล้ว “น้ำตาซึม”  ผลงานจากคุณ “พู่” เจ้าของเพจดัง #หมึกซึม  #opendurianhowto #books #หนังสือฮีลใจ #รีวิว 
มิ้น,7605922349254233364,2026-02-12,หนังสือ Ghostly Brews ยินดีบริการดวงวิญญาณหลังเที่ยงคืน by หมึกซึม,0.0,0,0.0,0.0,2 หนังสือการ์ตูน Comic ฮีลใจ ที่อ่านแล้ว “น้ำตาซึม”  ผลงานจากคุณ “พู่” เจ้าของเพจดัง #หมึกซึม  #opendurianhowto #books #หนังสือฮีลใจ #รีวิว 
ริว,7605540670173941013,2026-02-11,หนังสือ Ghostly Brews ยินดีบริการดวงวิญญาณหลังเที่ยงคืน by หมึกซึม,0.0,0,0.0,0.0,เรื่องราวของแมวจรที่ชื่อ ‘สีหมอก’ ถูกทอดทิ้งอยู่ที่ถังขยะ 🐈💭  . จนวันหนึ่งมีนุดใจดีเก็บเขามาเลี้ยง แต่สุดท้ายเรื่องที่คาดฝันก็ได้เกิดขึ้น …  . เรื่องราวจากหนังสือ GHOSTLY BREWS  ยินดีบริการดวงวิญญาณหลังเที่ยงคืน 📓 . 🖋️ ถ่ายทอดผ่านลายเส้นเอกลักษณ์ของ “หมึกซึม” 🖋️ ฮีลใจในรูปแบบการ์ตูน Comic ตัวละครสีขาวดำ  . 💭 สิ่งที่หนังสือเล่มนี้ต้องการพูดถึงไม่ใช่ความตาย  แต่คือความรู้สึกที่หล่นหายระหว่างทาง  เรื่องราวของวิญญาณแต่ละตนจะค่อย ๆ เตือนให้ผู้อ่าน  หันกลับมาเห็นคุณค่าของตัวเองอีกครั้ง  . ✔︎ สัมผัสกับความหมายการหยุดฟังตัวเองอีกครั้ง  ✔︎ ทบทวนความทรงจำ ความรู้สึกที่อาจเคยถูกละเลย  ✔︎ โอบกอดความสุขและความเจ็บปวดได้อย่างสมดุล ✔︎ พบแสงสว่างของการมีอยู่ และพร้อมก้าวต่อไป . คำเตือน! เล่มนี้อาจทำให้คุณเสียน้ำตา  แต่จะเป็นน้ำตาที่ทำให้คุณกลับมาเห็น “คุณค่าของตัวเอง”   . 🐈‍⬛ ฟรี! ที่คั่นหนังสือ 1 ชิ้น + โปสการ์ด 3 แผ่น   . 📌 สนใจสั่งซื้อที่ตะกร้าได้เลยค่ะ  #opendurianhowto #OpenDurianBooks #GhostlyBrews #หมึกซึม #books
ริว,7605539480895851797,2026-02-11,[สุดคุ้ม] หนังสือ ปีศาจตัวนั้น คือฉันเอง A Guide to Fight the Demons in My Heart,0.0,0,0.0,0.0,คุยกันทุกวันแต่ “ไม่มีสถานะ” แนะนำหนังสือฮีลใจที่ช่วยเตือนสติเล่มนี้เลย …  . หนังสือ “ปีศาจตัวนั้นคือฉันเอง” 📙  หนังสือฮีลใจ พัฒนา Mindset เต็มรูปแบบ  แค่เล่มเดียว ก็พร้อมรับมือได้กับทุกปัญหา ✨ . พร้อมพาคุณไปเผชิญหน้ากับปีศาจทั้ง 10 ตัว 👇 โดยเปรียบเทียบปัญหา = ปีศาจที่อยู่ในใจ ได้แก่ …  ❤️‍🩹 ปีศาจความรัก - ปีศาจครอบครัว  👭 ปีศาจมิตรภาพ - ปีศาจการเรียน  🖥 ปีศาจการทำงาน - ปีศาจไม่พัฒนา 🙅‍♀️ ปีศาจไม่รักตัวเอง - ปีศาจธุรกิจ  💸 ปีศาจการเงิน - ปีศาจสังคม . เล่มนี้เหมาะกับใคร ? 💬 🙁 คนที่รู้สึกเครียด และกดดันจากการใช้ชีวิตทุกวัน 🙁 รู้สึกว่าแบกรับความคาดหวังหนักเกินไป 🙁 รู้สึกกดดัน หรือถูกขัดขวางความสุขในชีวิต 💔 ท้อแท้จากสัมพันธ์ทุกแบบจนไปต่อไม่ได้  . อ่านเล่มนี้แล้วช่วยอะไร ? 💬 ✔︎ ช่วยให้คุณเห็นปัญหาและรับมือกับมันได้  ✔︎ ช่วยพัฒนา Mindset ให้กลายเป็นนักสู้ที่แข็งแกร่ง  ✔︎ ช่วยเปลี่ยนพลังลบในชีวิต ให้กลายเป็นพลังบวก ✔︎ รักตัวเองได้มากขึ้น และเห็นคุณค่าในตัวเอง  . 📖 มาพร้อม Quotes ฮีลใจภาษาอังกฤษแปลไทย  🎯 QR Code สแกนแบบทดสอบค้นหานักสู้ในตัวคุณ  พร้อมวิธีการจัดการอารมณ์ตัวเองให้เหมาะสมที่สุด ✨ . “ปีศาจตัวนั้นคือฉันเอง” 📙  แถมฟรี ❗ที่คั่นปีศาจ 1 ชิ้น  . 📌 เพราะทุกปัญหาเป็นเพียงบททดสอบ  และเราสามารถเปลี่ยนมันให้เป็นพลังได้ด้วยเล่มนี้ . 👇🏻 สนใจสั่งซื้อกดตะกร้าได้เลยค่ะ  #opendurianhowto #opendurianbooks #ปีศาจตัวนั้นคือฉันเอง #หนังสือพัฒนาตัวเอง #books
มิ้น,7605519161762008341,2026-02-11,Boxset หนังสือวันไหนที่ใจแข็งแรง ดอกไม้จะผลิบาน (The Enchanted Garden) ฟรีของแถมใน Boxset ทุกเซ็ต,0.0,0,0.0,0.0,แสดงความรักให้กันทุกวัน  แค่นี้ก็ “พิเศษ” แล้ว :) ❤️ #วันไหนที่ใจแข็งแรงดอกไม้จะผลิบาน #opendurianhowto #books  #valentine #หนังสือฮีลใจ 
มิ้น,7605519161762008341,2026-02-11,หนังสือวันไหนที่ใจแข็งแรง ดอกไม้จะผลิบาน (The Enchanted Garden),0.0,0,0.0,0.0,แสดงความรักให้กันทุกวัน  แค่นี้ก็ “พิเศษ” แล้ว :) ❤️ #วันไหนที่ใจแข็งแรงดอกไม้จะผลิบาน #opendurianhowto #books  #valentine #หนังสือฮีลใจ 
มิ้น,7605495259040173333,2026-02-11,[พร้อมส่ง] หนังสือ ปีศาจความรัก มักเลือกฉันเป็นเหยื่อ [How to Fight the Love Demon in My Heart],0.0,0,3.58,0.0,บางคนยอมที่จะเจ็บปวดเพื่อที่จะรักษาความสัมพันธ์เอาไว้… แต่การรักษาความสัมพันธ์ มันไม่ได้ขึ้นอยู่กับการที่เราต้องปรับอยู่ฝ่ายเดียว :) บางที “แฟนที่ดี” อาจมาในรูปแบบของ “แฟนใหม่”  #ปีศาจความรักมักเลือกฉันเป็นเหยื่อ   #opendurianhowto #books #ความรัก #อกหัก 
มิ้น,7605189004174314773,2026-02-10,หนังสือ กว่าจะคิดได้ก็ไม่มีลมหายใจแล้ว (It Is Never Too Late to Love Yourself),0.0,0,0.94,0.0,นี่ไม่ใช่แค่หนังสือ 📖 แต่เป็นสิ่งที่เตือนสติได้ดี  #กว่าจะคิดได้ก็ไม่มีลมหายใจแล้ว  #opendurianhowto #books #หนังสือฮีลใจ #เตือนสติ 
มิ้น,7605185631215471892,2026-02-10,หนังสือ เหนื่อยมากไหม พักก่อนก็ได้นะวันนี้ by MAY-I (เม-ไอ),0.0,0,0.03,0.0,✨ขอยกเล่มนี้ให้เป็นหนังสือ📚 ที่ทำให้หายเหนื่อยเป็นปลิดทิ้ง 😩 #เหนื่อยมากไหมพักก่อนก็ได้นะวันนี้  #opendurianhowto #books #มนุษย์เงินเดือน #เหนื่อย 
ริว,7605174154341403925,2026-02-10,[หนังสือ] ปีศาจตัวนั้น คือฉันเอง 2 A Guide to Overcoming the Return of the Demons,0.0,0,1.89,0.0,หนังสือสำหรับคนที่ “ไม่มูฟออน” อ่านแล้วโดนใจ จุกอกมาก ๆ โดยเฉพาะหัวข้อเรื่อง “ความรัก” 🫂 อยากแนะนำให้ทุกคนได้อ่านมาก ๆ ✨ #opendurianhowto #opendurianbooks #ปีศาจตัวนั้นคือฉันเอง2 #MAYI #books
ไม่ระบุ,7604845137251880213,2026-02-09,หนังสือ ยินดีต้อนรับและขอบคุณที่กลับมา,0.0,0,1.68,0.0,หนังสือ ยินดีต้อนรับและขอบคุณที่กลับมา
ไม่ระบุ,7604837436681686293,2026-02-09,[ขายดี] หนังสือ GHOSTLY REMAINS ปลดพันธนาการดวงวิญญาณหลังความตาย by หมึกซึม,0.0,0,0.0,0.0,[ขายดี] หนังสือ GHOSTLY REMAINS ปลดพันธนาการดวงวิญญาณหลังความตาย by หมึกซึม
ไม่ระบุ,7604833609475788052,2026-02-09,หนังสือ ยินดีต้อนรับและขอบคุณที่กลับมา,0.0,0,0.39,0.0,หนังสือ ยินดีต้อนรับและขอบคุณที่กลับมา
ไม่ระบุ,7604808991083957525,2026-02-09,หนังสือ เมื่อโลกทั้งใบซ่อนอยู่ใต้หมวกกันน็อก (Helmet Girl),0.0,0,5.76,0.0,BOXSET เมื่อโลกทั้งใบซ่อนอยู่ใต้หมวกกันน็อก (Helmet Girl)
ไม่ระบุ,7604800266030042389,2026-02-09,หนังสือ กับดักความรู้สึกผิด (เขียนโดย หมอทานตะวัน),0.0,0,9.75,0.0,หนังสือ กับดักความรู้สึกผิด (เขียนโดย หมอทานตะวัน)
ริว,7603682002381835540,2026-02-06,หนังสือ The Witches' Club ชมรมลับเปลี่ยนชีวิต,0.0,0,0.0,0.0,"ขอโทษที่ทำให้ผิดหวัง 🙏  เพราะหนังสือฮีลใจเล่มนี้ขายดีถล่มทลาย 🎉 . 💢 ยอดขาย 10,000 เล่ม ภายใน 1 เดือน ✨  กับหนังสือ The Witches' Club ชมรมลับเปลี่ยนชีวิต 🪄 .  🔮คุณจะค้นพบเวทมนตร์  50 กฎลับ  สู่ความสุขที่คุณปรารถนา พร้อมทำให้ปัญมลายหายไป   . 📓 The Witches' Club ชมรมลับเปลี่ยนชีวิต ✒️ เขียนโดยปลายปากกา “MAY-I”    . พลังวิเศษที่คุณจะได้เมื่ออ่านเล่มนี้จบ 📜   🐈‍⬛ ได้พลังแนวคิด ในการรับมือกับปัญหาในชีวิต 🐈‍⬛ ได้พลังแก้ไขข้อผิดพลาด และเรียนรู้ที่จะรักตัวเอง  🪄 ได้พลังการปรับ Mindset และเข้าใจชีวิตมากขึ้น   🐈‍⬛ ได้พลังเปลี่ยนวันร้าย ๆ ให้มีความสุขในทุกวัน  🐈‍⬛ ได้พลังค้นพบความสุขที่แท้จริงจากตัวเราเอง  🔮 มาพร้อมโควทคำคม ฝึกภาษาอังกฤษสอนใจ  . 📍 แถมฟรี! 🏷️ ที่คั่นแมวยืน 1 ใบ   🏷️ ที่คั่นแมวถือไม้กวาด 1 ใบ      📰 สติกเกอร์แมวนำโชค 2 แผ่น   . 📌 สนใจสั่งซื้อกดตะกร้าได้เลย 📲 https://m.me/opendurianhowto . 📖 ช่องทางเพิ่มพลังบวก  Shopee : https://s.shopee.co.th/30dbpU8MRZ IG : https://www.instagram.com/opendurianhowto/ TikTok : www.tiktok.com/@opendurianhowto . . #opendurianhowto #OpenDurianBooks #TheWitchesClubชมรมลับเปลี่ยนชีวิต #MAYI #เมไอ"
ริว,7603678960890842389,2026-02-06,หนังสือ กับดักความรู้สึกผิด (เขียนโดย หมอทานตะวัน),0.0,0,0.0,0.0,แม่หวง ‼️ ไม่อยากให้ “ลูกมีแฟน”  . 😢 ทำให้แม่ไม่พอใจ จนลูกไม่กล้ามีแฟน  คนเป็นลูกเลย “รู้สึกผิด” ที่ทำให้แม่ไม่มีความสุข 🩹 . 💬 หนึ่งใน Topic สำคัญจากบทสัมภาษณ์ โดย ‘คุณหมอทานตะวัน’ 🖋️  หรือผศ.พญ.ทานตะวัน อวิรุทธ์วรกุล . 🩺 ผศ.ด้านจิตเวชศาสตร์ คณะแพทยศาสตร์ โรงพยาบาลรามาธิบดี มหาวิทยาลัยมหิดล ที่มีประสบการณ์มายาวนานกว่า 20 ปี  . 🩵 เจ้าของเพจ ‘ยิ่งโตยิ่งสุขโดย พญ.ทานตะวัน’ สู่แรงบันดาลใจในการเขียนหนังสือเล่มใหม่ล่าสุด ✨  หนังสือ “กับดักความรู้สึกผิด” 📖 . 🗒️ ผ่านการรวบรวมเรื่องราวสำคัญกว่า 7 บท  🗒️ สอดแทรก Case Studies ตัวอย่างจริงให้เราเข้าใจ 🗒️ เนื้อหาอ่านง่าย มาพร้อมภาพประกอบการอธิบาย . ✔️ เข้าใจที่มาและเรียนรู้รับมือกับความรู้สึกผิดได้ถูกวิธี  ✔️ ปรับความคิดและดูแลใจเมื่อความรู้สึกผิดเกิดขึ้น ✔️ มีบทช่วยคนใกล้ตัวเมื่อเขาเผชิญกับความรู้สึกผิด  . ❤️‍🩹 หนังสือเล่มนี้ จะช่วยให้คุณได้เยียวยา  ก้าวข้ามความรู้สึกผิด ปลดล็อกปมในใจ เห็นประตูสู่การให้อภัย และเติบโตอย่างแท้จริง .  📖 หนังสือ “กับดักความรู้สึกผิด” 📍 ราคาเพียง 359 บาท (ปกติ 399 บาท) ⚠️ แถมฟรี ที่คั่นหนังสือ 1 ชิ้น  . 📌 สนใจสั่งซื้อกดตะกร้าได้เลยค่ะ  #กับดักความรู้สึกผิด #TheGuiltTrap #หมอทานตะวัน #opendurianhowto #opendurianbooks
ริว,7603318413070535956,2026-02-05,หนังสือ Ghostly Brews ยินดีบริการดวงวิญญาณหลังเที่ยงคืน by หมึกซึม,0.0,0,0.0,0.0,หนังสือฮีลใจชนะรางวัลแห่งปี 🎉 📓 Ghostly Brews  ยินดีบริการดวงวิญญาณหลังเที่ยงคืน . 🖋️ ผลงานจากนักเขียน ‘หมึกซึม’  🏆 ซึ่งได้รับรางวัลหนังสือแห่งปี 2 รายการ จาก Naiin Readers’ Award 2025 มี 2 ดังนี้ . • รางวัลอันดับ 3 ที่สุดของสร้างแรงบันดาลใจแห่งปี • รางวัลอันดับ 4 ที่สุดของยอดเยี่ยมแห่งปี . เนื้อหาในเล่มนี้ จะทำให้คุณได้ฟังเรื่องเล่า ของดวงวิญญาณ ที่จะทำให้คนอย่างเราคิดได้  และหันกลับมามองตัวเอง ว่าคุณมีค่ามากแค่ไหน . 🖋️ ถ่ายทอดผ่านลายเส้น อันเป็นเอกลักษณ์ 🖋️ ฮีลใจในรูปแบบการ์ตูน Comic ตัวละครสีขาวดำ  . 📓 สิ่งที่หนังสือเล่มนี้ต้องการพูดถึงไม่ใช่ความตาย  แต่คือความรู้สึกที่หล่นหายระหว่างทาง  . สิ่งที่ได้รับเมื่ออ่านเล่มจบ ☽ 🌑 กลับมาเห็นคุณค่าของเรื่องที่เคยมองข้ามไป  🌘 สัมผัสกับการ ”หยุดฟังตัวเอง“ อีกครั้ง  🌗 ทบทวนความรู้สึกที่อาจเคยถูกละเลย  🌖 โอบกอดความสุขด้อย่างสมดุล 🌕 พบแสงสว่างที่แท้จริงของการมีอยู่  . คำเตือน! เล่มนี้อาจทำให้คุณเสียน้ำตา  แต่จะเป็นน้ำตาที่ทำให้คุณกลับมาเห็น “คุณค่าของตัวเอง”   . ☕️ ราคาเพียง 390 บาท ✨ 🐈‍⬛ ฟรี ที่คั่นหนังสือ 1 ชิ้น + โปสการ์ด 3 แผ่น   . 📌 สนใจสั่งซื้อกดตะกร้าได้เลย . #opendurianhowto #OpenDurianBooks #GhostlyBrews #หมึกซึม #books
มิ้น,7603312029696494868,2026-02-05,[ขายดี] หนังสือ GHOSTLY REMAINS ปลดพันธนาการดวงวิญญาณหลังความตาย by หมึกซึม,0.0,0,0.13,0.0,เมื่อลูกคนรวยขับรถชนแล้วหนี‼️ เมื่อความยุติธรรมกลับไม่มีอยู่จริง ในโลกของคนจน… อ่านต่อได้ที่หนังสือ 📖#ghostlyremains #หมึกซึม #opendurianhowto #รีวิวหนังสือ #books 
ไม่ระบุ,7603222818217577736,2026-02-07,หนังสือ My Last Book คู่มือจัดการทุกเรื่องสำคัญในชีวิตก่อนจากไป,0.0,0,0.0,0.0,💸ระวัง! มรดกเมียหลวง อาจตกไปอยู่ในมือของเมียน้อย เพียงเพราะไม่ได้ทำพินัยกรรมไว้!!! 🚨ป้องกันตั้งแต่ตอนนี้ด้วย #mylastbook   คู่มือจัดการมรดก ที่ช่วยปกป้องคนที่คุณรักได้อย่างครอบคลุม  #opendurianhowto
ริว,7602942585308597525,2026-02-04,หนังสือ กับดักความรู้สึกผิด (เขียนโดย หมอทานตะวัน),0.0,0,16.06,0.0,ใช้คำว่า “อกตัญญู”  ควบคุมลูก…จนรู้สึกผิด 💬 .  ไม่ตอนแทน = อกตัญญู ไม่ยอมตามใจ = อกตัญญู   . 👩‍⚕️ บทสัมภาษณ์จาก ‘คุณหมอทานตะวัน’ (ผศ.พญ.ทานตะวัน อวิรุทธ์วรกุล) . 🩺 ผศ.ด้านจิตเวชศาสตร์ คณะแพทยศาสตร์ โรงพยาบาลรามาธิบดี มหาวิทยาลัยมหิดล ที่มีประสบการณ์มายาวนานกว่า 20 ปี     . 🩵 เจ้าของเพจ ‘ยิ่งโตยิ่งสุขโดย พญ.ทานตะวัน’ สู่แรงบันดาลใจในการเขียนหนังสือเล่มใหม่ล่าสุด ✨  หนังสือ “กับดักความรู้สึกผิด” 📖 .  ❤️‍🩹 หนังสือเล่มนี้ จะช่วยให้คุณได้เยียวยา  ก้าวข้ามความรู้สึกผิด ปลดล็อกปมในใจ เห็นประตูสู่การให้อภัย และเติบโตอย่างแท้จริง . ⚠️ ผ่านการรวบรวมเรื่องราวสำคัญกว่า 7 บท    • ความรู้สึกผิดหน้าตาเป็นอย่างไร • เหตุแห่งความรู้สึกผิด • อะไรจะเกิดขึ้นหากคุณไม่ได้รู้สึกผิด • ส่งสัญญาณเตือน ความรู้สึกผิดที่เป็นพิษ • วิธีดูแลใจเมื่อความรู้สึกผิดถาโถมใจ • เรื่องราวความรู้สึกผิด กับการปลดล็อกอย่างถูกวิธี • “ความจริงของชีวิต” กับ “ความรู้สึกผิด” . 🗒️ เนื้อหาอ่านง่าย มาพร้อมภาพประกอบการอธิบาย 🗒️ สอดแทรก Case Studies ตัวอย่างจริงให้เราเข้าใจ . สิ่งที่ได้รับเมื่ออ่านเล่มนี้ 💬    🚶‍➡️ ก้าวข้ามความรู้สึกผิดได้ผ่านแนวคิดจิตวิทยา 🚶‍➡️ เข้าใจที่มาและเรียนรู้รับมือกับความรู้สึกผิดได้ถูกวิธี  🚶‍➡️ ปรับความคิดและดูแลใจเมื่อความรู้สึกผิดเกิดขึ้น 🚶‍➡️ ปลดล็อกปมในใจ ก้าวสู่การให้อภัยและการเติบโต .  📖 หนังสือ “กับดักความรู้สึกผิด” ⚠️ แถมฟรี ที่คั่นหนังสือ 1 ชิ้น   #กับดักความรู้สึกผิด #TheGuiltTrap #หมอทานตะวัน #opendurianhowto #opendurianbooks 
ริว,7602568420537699605,2026-02-03,หนังสือ ปีศาจตัวนั้น คือฉันเอง A Guide to Fighting the Demons in My Heart,0.0,0,0.0,0.0,อย่าคิดไปเองว่าเขาเป็นเพื่อน เพราะถ้าเขาไม่จริงใจ เขาก็ไม่ใช่เพื่อนเราตั้งแต่แรกแล้ว🫂 ความจริงใจเป็นเรื่องที่ควรมีในทุกความสัมพันธ์ อย่าไปเสียดายเวลาที่เคยสนิทกัน เราสนิทกับเขา แต่เขามองว่าเขาสนิทกับเราหรือเปล่า🥹 👹หนังสือปีศาจตัวนั้นคือฉันเอง 🌟หนังสือฮีลใจที่ได้รับรางวัลยอดเยี่ยมแห่งปีและเป็นไวรัลมาก ๆ เขาจะพูดถึงปีศาจในใจเราที่ทำให้เราตำหนิตัวเอง ด่าตัวเองและไม่รักตัวเอง หนังสือเขาจะพาเรามาสำรวจปีศาจเหล่านั้นทั้งเรื่องความรัก เพื่อน ครอบครัว และอีกเยอะมาก ด้วยคำพูดฮีลใจและอบอุ่นที่ทำให้ผู้อ่านตระหนักและได้ข้อคิด คนที่อย่างพัฒนาตัวเอง พัฒนาความคิดและรักตัวเองให้เป็นต้องอ่านเล่มนี้เลย✨ #opendurianhowto #opendurianbooks #ปีศาจตัวนั้นคือฉันเอง #หนังสือพัฒนาตัวเอง #books
มิ้น,7602554278019910933,2026-02-03,หนังสือ กับดักความรู้สึกผิด (เขียนโดย หมอทานตะวัน),0.0,0,0.0,0.0,📖ตัวอย่างจากหนังสือที่เขียนโดย #คิดมาก #ฉันจะมีชีวิตที่ดี  #opendurianhowto #หนังสือฮีลใจ #books 
มิ้น,7602545401530518805,2026-02-03,หนังสือ ปีศาจตัวนั้น คือฉันเอง A Guide to Fighting the Demons in My Heart,0.0,0,0.0,0.0,ส่วนหนึ่งจากหนังสือ 📕 #ปีศาจตัวนั้นคือฉันเอง #opendurianhowto #books  #หนังสือฮีลใจ #จิตวิทยา 
ริว,7602189389006982421,2026-02-02,หนังสือ ยินดีต้อนรับและขอบคุณที่กลับมา,0.0,0,13.32,0.0,✨หนังสือเล่มนี้ไม่ได้น่ารักแค่ปก แต่อ่านแล้วอบอุ่นหัวใจมาก ๆ กับหนังสือเล่มนี้ยินดีต้อนรับแล้วขอบคุณที่กลับมา พอเปิดอ่านแล้วมันให้ความรู้สึกเหมือนได้กลับบ้านอีกครั้ง🫂🏡 #opendurianhowto #OpenDurianBooks #ยินดีต้อนรับและขอบคุณที่กลับมา #หนังสือ #Books
ริว,7602188553635876117,2026-02-02,[พร้อมส่ง] Box set หนังสือถ้าโลกมันแย่ ก็แค่คิดแบบคาปิบาร่า (Think Like a Happybara),0.0,0,0.0,0.0,​​📌หนังสือ ถ้าโลกมันแย่ก็แค่คิดแบบคาปิบาร่า เป็นหนังสือแนวฮีลใจ ที่ทำให้เราปรับมุมมองชีวิต ที่หยิบเอา “คาปิบาร่า” สัตว์ที่ขึ้นชื่อว่าใจเย็นที่สุดในโลก มาเป็นตัวแทนของวิธีคิดแบบไม่ฝืน ไม่เร่ง ไม่แบกโลกทั้งใบไว้คนเดียวและชิลกับทุกสถานการณ์🦦 #opendurianhowto #opendurianbooks #ถ้าโลกมันแย่แค่คิดแบบคาปิบาร่า #หนังสือพัฒนาตัวเอง #books 
มิ้น,7601131990951152917,2026-01-30,หนังสือ กว่าจะคิดได้ก็ไม่มีลมหายใจแล้ว (It Is Never Too Late to Love Yourself),0.0,0,0.7,0.0,5 คำเตือน⛔️  ที่ #กว่าจะคิดได้ก็ไม่มีลมหายใจแล้ว  #books #opendurianhowto #หนังสือฮีลใจ #รักตัวเอง 
ริว,7601048590621871380,2026-01-30,ปีศาจตัวนั้น คือฉันเอง 2 A Guide to Overcoming the Return of the Demons,0.0,0,0.0,0.0,รักตัวเองทั้งในวันที่เราทำสิ่งต่าง ๆ ได้ดี และอย่าลืมรักตัวเองให้มากกว่าเดิม ในวันที่เราผิดพลาดหรือยังไม่ถึงเป้าหมายด้วย เพราะถึงตัวเราในแบบที่เป็นอยู่วันนี้จะไม่ดีที่สุดในสายตาใคร แต่มันก็เป็น ตัวเรา ที่พยายามอย่างเต็มที่ที่สุดแล้ว 🫂 📕ประโยคจากหนังสือ ปีศาจตัวนั้นคือฉันเอง 2 ที่ทำให้เรากลับมารักตัวเองอีกครั้ง หนังสือเล่มนี้จะพาเรามาค่อย ๆ มาสำรวจหัวใจตัวเอง สำรวจปีศาจที่คอยตำหนิ คอยว่าเราและทำให้เรามองว่าตัวเองดีไม่พอ ✨ #opendurianhowto #opendurianbooks #ปีศาจตัวนั้นคือฉันเอง2 #MAYI #books
มิ้น,7601043157148601621,2026-01-30,หนังสือ กับดักความรู้สึกผิด (เขียนโดย หมอทานตะวัน),0.0,0,0.0,0.0,✨คุณเคยโทษตัวเองเรื่องเดิมซ้ำ ๆ  หรือเคยตำหนิตัวเองว่าทำได้ไม่ดีพออยู่บ่อย ๆ หรือเปล่า? ใครที่เป็นแบบนี้อยู่🥺 แนะนำให้อ่านเล่มนี้เลยค่ะ  #กับดักความรู้สึกผิด  #หมอทานตะวัน  #books #หนังสือฮีลใจ #จิตวิทยา 
มิ้น,7601022685572861204,2026-01-30,[ขายดี] หนังสือ GHOSTLY REMAINS ปลดพันธนาการดวงวิญญาณหลังความตาย by หมึกซึม,0.0,0,0.0,0.0,ขอขอบคุณที่ทำให้ “คุณหมึกซึม” ได้รางวัลนี้ด้วยนะคะ ✨ 🥉อันดับที่ 3 ที่สุดของหนังสือสร้างแรงบันดาลใจแห่งปี 📚 🏆 NAIIN READER’S AWARDS 2025  #opendurianhowto #books ##นายอินทร์#ghostlybrews ##หมึกซึม 
มิ้น,7601022685572861204,2026-01-30,หนังสือ Ghostly Brews ยินดีบริการดวงวิญญาณหลังเที่ยงคืน by หมึกซึม,0.0,0,0.0,0.0,ขอขอบคุณที่ทำให้ “คุณหมึกซึม” ได้รางวัลนี้ด้วยนะคะ ✨ 🥉อันดับที่ 3 ที่สุดของหนังสือสร้างแรงบันดาลใจแห่งปี 📚 🏆 NAIIN READER’S AWARDS 2025  #opendurianhowto #books ##นายอินทร์#ghostlybrews ##หมึกซึม 
ริว,7600660106967026964,2026-01-29,โอบกอดความไม่สมบูรณ์แบบของเธอ (Embrace Your Flaws),0.0,0,0.0,0.0,หนังสือแด่คุณ…คนที่ไม่สมบูรณ์แบบ 🫂🤍 #opendurianhowto #OpenDurianBooks #โอบกอดความไม่สมบูรณ์แบบของเธอ #หนังสือ #Books
มิ้น,7600655643262848276,2026-01-29,BOXSET The Witches' Club ชมรมลับเปลี่ยนชีวิต,0.0,0,5.04,0.0,“ความผิดหวัง” เป็นส่วนหนึ่งของชีวิตเราทุกคน แต่เราเลือกได้ว่า  จะจมอยู่กับมันนานแค่ไหน  หรือจะเรียนรู้จากความผิดหวัง  แล้วเปลี่ยนมันให้เป็นสิ่งที่ทำให้เราเติบโต✨ #thewitchesclubชมรมลับเปลี่ยนชีวิต  #opendurianhowto #books #ประโยคเด็ด #ข้อคิดดีดี 
ไม่ระบุ,7600410425720687892,2026-01-28,[ขายดี] หนังสือ GHOSTLY REMAINS ปลดพันธนาการดวงวิญญาณหลังความตาย by หมึกซึม,0.0,0,0.0,0.0,หนังสือ ปีศาจตัวนั้น คือฉันเอง A Guide to Fighting the Demons in My Heart
ไม่ระบุ,7600406516277005589,2026-01-28,หนังสือ ปีศาจตัวนั้น คือฉันเอง A Guide to Fighting the Demons in My Heart,0.0,0,0.0,0.0,หนังสือ กับดักความรู้สึกผิด (เขียนโดย หมอทานตะวัน)
ไม่ระบุ,7600400527620345106,2026-01-28,ปีศาจตัวนั้น คือฉันเอง 2 A Guide to Overcoming the Return of the Demons,0.0,0,48.3,0.0,ปีศาจตัวนั้น คือฉันเอง 2 A Guide to Overcoming the Return of the Demons
ไม่ระบุ,7600397234768809224,2026-01-28,[พร้อมส่ง] Box set หนังสือถ้าโลกมันแย่ ก็แค่คิดแบบคาปิบาร่า (Think Like a Happybara),0.0,0,0.0,0.0,หนังสือ กับดักความรู้สึกผิด (เขียนโดย หมอทานตะวัน)
ไม่ระบุ,7600394589194751250,2026-01-28,BOXSET The Witches' Club ชมรมลับเปลี่ยนชีวิต,0.0,0,1.22,0.0,หนังสือ ปีศาจตัวนั้น คือฉันเอง A Guide to Fighting the Demons in My Heart
ไม่ระบุ,7600391948683185415,2026-01-28,โอบกอดความไม่สมบูรณ์แบบของเธอ (Embrace Your Flaws),0.0,0,0.0,0.0,หนังสือ กับดักความรู้สึกผิด (เขียนโดย หมอทานตะวัน)
ริว,7600263690708897044,2026-01-28,หนังสือ กับดักความรู้สึกผิด (เขียนโดย หมอทานตะวัน),0.0,0,3.81,0.0,สุขภาพจิตพัง เพราะโทษตัวเองซ้ำ ๆ 💔 หลายคนอาจจะไม่รู้ว่าตัวเองเครียด ใครที่ ไม่เคยหยุดตำหนิตัวเอง ใครที่พลาดนิดเดียวก็รู้สึกผิด รู้สึกว่าไม่ดีพอ ความรู้สึกผิดพวกนี้ มันค่อย ๆ กัดกินใจเรา จนสุขภาพจิตแย่ลง โดยที่เราไม่รู้ตัว 🫂 📌หนังสือเล่มนี้ไม่ใช่แค่หนังสือฮีลใจธรรมดาแต่เป็นหนังสือที่ทำให้เราได้ดูแลสุขภาพจิตของเราด้วย เพราะเขียนโดยผู้เชี่ยวชาญด้านจิตเวชศาสตร์ หนังสือ “กับดักความรู้สึกผิด” เพราะบางทีการดูแลสุขภาพจิตเริ่มจากการ เลิกเป็นศัตรูกับตัวเองมาอ่านหนังสือเล่มนี้กันนะ✨ #กับดักความรู้สึกผิด #TheGuiltTrap #หมอทานตะวัน #opendurianhowto #opendurianbooks 
ริว,7600262270546988308,2026-01-28,หนังสือ ฉันจะมีชีวิตที่ดี (นักเขียนนามปากกา คิดมาก),0.0,0,0.0,0.0,ประโยคจากหนังสือ ที่อ่านแล้วเปลี่ยนชีวิต 300 % เขาบอกว่า… #opendurianhowto #OpenDurianBooks #ฉันจะมีชีวิตที่ดี #หนังสือ #Books
มิ้น,7599995668249234709,2026-01-27,ปีศาจตัวนั้น คือฉันเอง 2 A Guide to Overcoming the Return of the Demons,0.0,0,0.0,0.0,✨ประโยคที่โคตรจริงจากหนังสือ📕 #ปีศาจตัวนั้นคือตัวฉันเอง2  #opendurianhowto #books #หนังสือฮีลใจ #จิตวิทยา 
ริว,7599984633639390484,2026-01-27,หนังสือ ปีศาจตัวนั้น คือฉันเอง A Guide to Fighting the Demons in My Heart,0.0,0,0.01,0.0,โลกไม่ได้ทำร้ายคุณเท่าที่คุณทำกับตัวเองทุกวัน…🫂 #opendurianhowto #opendurianbooks #ปีศาจตัวนั้นคือฉันเอง #หนังสือพัฒนาตัวเอง #books
มิ้น,7599933632827936021,2026-01-27,หนังสือ กับดักความรู้สึกผิด (เขียนโดย หมอทานตะวัน),0.0,0,0.0,0.0,✨แนะนำหนังสือเล่มใหม่‼️ อ่านแล้วเหมือนมีหมอเป็นเพื่อนฮีลใจ  #กับดักความรู้สึกผิด #หมอทานตะวัน  #จิตวิทยา #opendurianhowto  #books 
มิ้น,7599664233755708692,2026-01-26,ปีศาจตัวนั้น คือฉันเอง 2 A Guide to Overcoming the Return of the Demons,0.0,0,0.0,0.0,ประโยคดี ๆ จากหนังสือ 📕 #ปีศาจตัวนั้นคือฉันเอง2  #opendurianhowto #opendurianbooks #หนังสือฮีลใจ #books 
ริว,7599613069274205460,2026-01-26,หนังสือ Ghostly Brews ยินดีบริการดวงวิญญาณหลังเที่ยงคืน by หมึกซึม,0.0,0,8.04,0.0,รีสต็อกแล้วแค่ 50 เล่มเท่านั้น‼️ กับหนังสือการ์ตูนฮีลใจเข้าชิงรางวัลแห่งปี Ghostly Brews หนังสือการ์ตูนคอมิกขาวดำจากคุณหมึกซึม ที่จะมาเรียกน้ำตาผู้อ่านและทำให้เราเห็นความสำคัญของเวลาและรักตัวเองมากขึ้นแบบ 3000 % #opendurianhowto #OpenDurianBooks #GhostlyBrews #หมึกซึม #books
ริว,7599611879341804820,2026-01-26,[ขายดี] หนังสือ GHOSTLY REMAINS ปลดพันธนาการดวงวิญญาณหลังความตาย by หมึกซึม,0.0,0,0.0,0.0,✒️ ภาคต่อหนังสือการ์ตูนฮีลใจ Ghostly Remains จากคุณหมึกซึม หนังสือการ์ตูนฮีลใจเล่มใหม่ ที่จะพาเราค่อย ๆ ปล่อยวาง “ความคาดหวัง” ที่อาจกำลังทำร้ายทั้งตัวเองและคนที่เรารัก #opendurianhowto #OpenDurianBooks #GhostlyRemains #หมึกซึม #Books
ริว,7598777151990582536,2026-01-24,หนังสือ เหนื่อยมากไหม พักก่อนก็ได้นะวันนี้ by MAY-I (เม-ไอ),0.0,0,0.0,0.0,ประโยคที่อ่านแล้วหายเหนื่อย… #opendurianbooks #opendurianhowto #เหนื่อยมากไหมพักก่อนก็ได้นะวันนี้ #เธรดความรู้สึก #เธรดเศร้า
ริว,7598503085283052808,2026-01-23,หนังสือ ปีศาจตัวนั้น คือฉันเอง A Guide to Fighting the Demons in My Heart,0.0,0,0.0,0.0,ประโยคที่อ่านแล้วโคตรจริง…‼️🥹 #opendurianhowto #opendurianbooks #ปีศาจตัวนั้นคือฉันเอง #หนังสือพัฒนาตัวเอง #books
มิ้น,7598444470434073877,2026-01-23,หนังสือ กับดักความรู้สึกผิด (เขียนโดย หมอทานตะวัน),0.0,0,0.0,0.0,PAYDAY นี้‼️ ฮีลใจแจกคูปอง✨ ลดสูงสุด 50% ทั้งร้าน 📚 มีส่งฟรีด้วยน้าาา 💖 #opendurianhowto #booktok #books #paydaysale #หนังสือใหม่  
มิ้น,7598444470434073877,2026-01-23,[ขายดี] หนังสือ GHOSTLY REMAINS ปลดพันธนาการดวงวิญญาณหลังความตาย by หมึกซึม,0.0,0,0.3,0.0,PAYDAY นี้‼️ ฮีลใจแจกคูปอง✨ ลดสูงสุด 50% ทั้งร้าน 📚 มีส่งฟรีด้วยน้าาา 💖 #opendurianhowto #booktok #books #paydaysale #หนังสือใหม่  
มิ้น,7598444470434073877,2026-01-23,ปีศาจตัวนั้น คือฉันเอง 2 A Guide to Overcoming the Return of the Demons,0.0,0,0.0,0.0,PAYDAY นี้‼️ ฮีลใจแจกคูปอง✨ ลดสูงสุด 50% ทั้งร้าน 📚 มีส่งฟรีด้วยน้าาา 💖 #opendurianhowto #booktok #books #paydaysale #หนังสือใหม่  
มิ้น,7598444470434073877,2026-01-23,BOXSET The Witches' Club ชมรมลับเปลี่ยนชีวิต,0.0,0,0.0,0.0,PAYDAY นี้‼️ ฮีลใจแจกคูปอง✨ ลดสูงสุด 50% ทั้งร้าน 📚 มีส่งฟรีด้วยน้าาา 💖 #opendurianhowto #booktok #books #paydaysale #หนังสือใหม่  
มิ้น,7598444470434073877,2026-01-23,หนังสือ ปีศาจตัวนั้น คือฉันเอง A Guide to Fighting the Demons in My Heart,0.0,0,0.0,0.0,PAYDAY นี้‼️ ฮีลใจแจกคูปอง✨ ลดสูงสุด 50% ทั้งร้าน 📚 มีส่งฟรีด้วยน้าาา 💖 #opendurianhowto #booktok #books #paydaysale #หนังสือใหม่  
มิ้น,7598444470434073877,2026-01-23,หนังสือ ขอใช้ชีวิตที่เหลือ เพื่อตัวเองนะ,0.0,0,1.89,0.0,PAYDAY นี้‼️ ฮีลใจแจกคูปอง✨ ลดสูงสุด 50% ทั้งร้าน 📚 มีส่งฟรีด้วยน้าาา 💖 #opendurianhowto #booktok #books #paydaysale #หนังสือใหม่  
มิ้น,7598444470434073877,2026-01-23,หนังสือ ความลับสู่เงินล้านที่โรงเรียนไม่เคยสอน (The Millionaire's Top Secret),0.0,0,0.15,0.0,PAYDAY นี้‼️ ฮีลใจแจกคูปอง✨ ลดสูงสุด 50% ทั้งร้าน 📚 มีส่งฟรีด้วยน้าาา 💖 #opendurianhowto #booktok #books #paydaysale #หนังสือใหม่  
มิ้น,7598444470434073877,2026-01-23,หนังสือ Ghostly Brews ยินดีบริการดวงวิญญาณหลังเที่ยงคืน by หมึกซึม,0.0,0,0.38,0.0,PAYDAY นี้‼️ ฮีลใจแจกคูปอง✨ ลดสูงสุด 50% ทั้งร้าน 📚 มีส่งฟรีด้วยน้าาา 💖 #opendurianhowto #booktok #books #paydaysale #หนังสือใหม่  
มิ้น,7598444470434073877,2026-01-23,โอบกอดความไม่สมบูรณ์แบบของเธอ (Embrace Your Flaws),0.0,0,0.0,0.0,PAYDAY นี้‼️ ฮีลใจแจกคูปอง✨ ลดสูงสุด 50% ทั้งร้าน 📚 มีส่งฟรีด้วยน้าาา 💖 #opendurianhowto #booktok #books #paydaysale #หนังสือใหม่  
มิ้น,7598444470434073877,2026-01-23,หนังสือวันไหนที่ใจแข็งแรง ดอกไม้จะผลิบาน (The Enchanted Garden),0.0,0,0.0,0.0,PAYDAY นี้‼️ ฮีลใจแจกคูปอง✨ ลดสูงสุด 50% ทั้งร้าน 📚 มีส่งฟรีด้วยน้าาา 💖 #opendurianhowto #booktok #books #paydaysale #หนังสือใหม่  
มิ้น,7598441848620764436,2026-01-23,หนังสือ ปีศาจตัวนั้น คือฉันเอง A Guide to Fighting the Demons in My Heart,0.0,0,3.22,0.0,ประโยคดี ๆ จากหนังสือ 📕 #ปีศาจตัวนั้นคือตัวฉันเอง   #opendurianhowto #ความรัก #books #เธรด 
มิ้น,7597764824902143252,2026-01-21,หนังสือ ปีศาจตัวนั้น คือฉันเอง A Guide to Fighting the Demons in My Heart,0.0,0,0.0,0.0,“เป็นเพื่อนที่ดีให้ได้”  แล้วจะมีเพื่อนที่ดีเข้ามาในชีวิต :)  ประโยคน่าคิดจากหนังสือ  #ปีศาจตัวนั้นคือฉันเอง  #ข้อคิดดีดี #opendurianhowto #books #เพื่อน  
มิ้น,7597758414466370837,2026-01-21,Boxset หนังสือวันไหนที่ใจแข็งแรง ดอกไม้จะผลิบาน (The Enchanted Garden) ฟรีของแถมใน Boxset ทุกเซ็ต,0.0,0,0.0,0.0,หลายครั้งรักอย่างเดียว “ไม่เพียงพอ” ที่จะใช้ประคับประคองความสัมพันธ์ หลายคู่เลยต้องจำใจปล่อยมือกัน ทั้ง ๆ ที่ยังรักกันมากเหลือเกิน  #opendurianhowto  ##สวนหัวใจ#books ##อกหัก #เธรด 
ริว,7597755750756486418,2026-01-21,หนังสือ ความลับสู่เงินล้านที่โรงเรียนไม่เคยสอน (The Millionaire's Top Secret),0.0,0,39.94,0.0,📌5 เรื่องการเงินที่ถ้ารู้เร็ว ชีวิตจะเปลี่ยนเร็ว💰 1 เงินเดือนอย่างเดียว…ไม่พอให้รวย ถ้ายังมีรายได้ทางเดียว ต่อให้ขยันแค่ไหน ก็เหนื่อยทั้งชีวิต 2 การมีหนี้ไม่ได้น่ากลัวเสมอไป แต่ถ้าแยกไม่ออกว่า “หนี้ดี” กับ “หนี้เสีย” แตกต่างกันยังไง เงินจะหายทุกเดือนโดยไม่รู้ตัว 3 ดอกเบี้ยไม่เคยหยุดทำงาน ถ้าเป็นหนี้ มันจะกินเรา แต่ถ้าเข้าใจการลงทุน มันจะทำเงินให้เราแทน 4 การเงินไม่ใช่เรื่องเก่งเลข แต่คือวินัยเล็ก ๆ ที่คนส่วนใหญ่ไม่เคยมีใครสอน 5 ความรวยไม่ใช่โชค แต่มาจากความรู้ที่ถูกต้อง ✨อยากรู้เรื่องการเงิน ลองอ่านหนังสือ ความลับสู่เงินล้านที่โรงเรียนไม่เคยสอน เล่มนี้จะเปลี่ยน วิธีคิดเรื่องเงิน ของคุณ ให้มองออกว่า เงินควรใช้ตรงไหน ควรหยุดตรงไหน และควรต่อยอดยังไง #opendurianhowto #OpenDurianBooks #ความลับสู่เงินล้านที่โรงเรียนไม่เคยสอน #หนังสือ #Books
ริว,7597693607298075912,2026-01-21,ปีศาจตัวนั้น คือฉันเอง 2 A Guide to Overcoming the Return of the Demons,0.0,0,0.0,0.0,แม้ไม่มีโอกาสได้บอกลา แต่ความรักที่มียังคงอยู่เสมอ… #opendurianhowto #opendurianbooks #ปีศาจตัวนั้นคือฉันเอง2 #MAYI #books
มิ้น,7597438617371430164,2026-01-20,หนังสือ กับดักความรู้สึกผิด (เขียนโดย หมอทานตะวัน),0.0,0,0.0,0.0,5 สิ่งที่ทำได้เลย✨ โดยไม่ต้อง “รู้สึกผิด” จากหนังสือ #กับดักความรู้สึกผิด #opendurianhowto #หนังสือใหม่ #หมอทานตะวัน #ข้อคิดดีดี 
ไม่ระบุ,7597047440507735316,2026-01-19,โอบกอดความไม่สมบูรณ์แบบของเธอ (Embrace Your Flaws),0.0,0,0.0,0.0,อยากมีสักสถานที่  ที่เป็นที่หลับภัย  ที่ที่ไม่มีใครตัดสิน  ที่ที่ไม่มีใครรู้จัก  อยากหายไปสักพัก  ให้หายดีขึ้นหน่อย  แล้วค่อยกลับมา…  #โอบกอดความไม่สมบูรณ์แบบของเธอ #books #opendurianhowto #savezone #หนังสือฮีลใจ 
มิ้น,7597043234346552597,2026-01-19,หนังสือ กับดักความรู้สึกผิด (เขียนโดย หมอทานตะวัน),0.0,0,0.0,0.0,✨Unboxing 🎁  หนังสือเล่มแรกของปี 2026  #กับดักความรู้สึกผิด #แพทย์หญิงทานตะวัน #unboxing #หนังสือใหม่ #2026 
ริว,7597001315973188871,2026-01-19,หนังสือ Ghostly Brews ยินดีบริการดวงวิญญาณหลังเที่ยงคืน by หมึกซึม,0.0,0,0.0,0.0,การมีชีวิตอยู่อย่างโดดเดี่ยวมันมีความสุขได้จริง ๆ เหรอ… #opendurianhowto #OpenDurianBooks #GhostlyBrews #หมึกซึม #books
มิ้น,7596971633340960020,2026-01-19,Boxset หนังสือวันไหนที่ใจแข็งแรง ดอกไม้จะผลิบาน (The Enchanted Garden) ฟรีของแถมใน Boxset ทุกเซ็ต,0.0,0,53.8,0.0,มาเช็คสถานะสวนหัวใจ🌻 กับหนังสือเล่มนี้…  “วันไหนที่ใจแข็งแรงดอกไม้จะผลิบาน” ✨ #OpenDurianHowTo #books #สวนหัวใจ #ของขวัญ #หนังสือฮีลใจ  
ไม่ระบุ,7596929998930464021,2026-01-21,หนังสือ กับดักความรู้สึกผิด (เขียนโดย หมอทานตะวัน),0.0,0,4.24,0.0,ถ้าคุณยังรู้สึกผิด…  “ทั้งที่ไม่มีใครโทษคุณ” บางทีปัญหาอาจไม่ใช่ “สิ่งที่คุณทำ” แต่อาจจะเป็น “เสียงในหัวของคุณ”  #OpenDurianHowTo  #กับดักความรู้สึผิด #แพทย์หญิงทานตะวัน #books #หนังสือจิตวิทยา 
ไม่ระบุ,7596927552212454676,2026-01-20,หนังสือ กับดักความรู้สึกผิด (เขียนโดย หมอทานตะวัน),0.0,0,2.8,0.0,คำพูดแย่ ๆ แค่ครั้งเดียว‼️ อาจทำให้เสียใจไปตลอดชีวิต🥲 #OpenDurianHowTo  #กั#กับดักความรู้สึผิดพ#แพทย์หญิงทานตะวันbooks  
ไม่ระบุ,7596925371421871381,2026-01-19,หนังสือ กับดักความรู้สึกผิด (เขียนโดย หมอทานตะวัน),0.0,0,0.05,0.0,หนังสือ 📘 “กับดักความรู้สึกผิด” 🖋️ เขียนโดย “คุณหมอทานตะวัน” 👩‍⚕️ แพทย์เฉพาะทางสาขาจิตเวชศาสตร์  ที่มีประสบการณ์มายาวนานกว่า 20 ปี  🕹️สนใจหนังสือกดที่ตะกร้าได้เลย #กับดักความรู้สึผิด #แพทย์หญิงทานตะวัน  #Books #หนังสือจิตวิทยา   
ริว,7596630382829767943,2026-01-18,ปีศาจตัวนั้น คือฉันเอง 2 A Guide to Overcoming the Return of the Demons,0.0,0,0.0,0.0,แค่ประโยคเดียวในหนังสือ ที่ทำให้เราจุกอกในใจมาก ๆ เขาบอกว่า… #opendurianhowto #opendurianbooks #ปีศาจตัวนั้นคือฉันเอง2 #MAYI #books
ริว,7595880577983630599,2026-01-16,[ขายดี] หนังสือ GHOSTLY REMAINS ปลดพันธนาการดวงวิญญาณหลังความตาย by หมึกซึม,0.0,0,0.0,0.0,ปล่อยทุกความเจ็บปวด ปล่อยทุกความผิดหวัง ปล่อยทุกความโกรธแค้น ปล่อยทุกเรื่องราวที่ทำให้เธอต้องทุกข์ทรมานลงเถอะนะ ถึงแม้ไม่มีใครเห็นคุณค่าในความรักของเธอ แต่ทุกความรู้สึกของเธอมีค่าสำหรับฉันมากเลยนะ🫂 #opendurianhowto #OpenDurianBooks #GhostlyRemains #หมึกซึม #Books
มิ้น,7595524717574917396,2026-01-15,หนังสือ Ghostly Brews ยินดีบริการดวงวิญญาณหลังเที่ยงคืน by หมึกซึม,0.0,0,0.66,0.0,“บางคนตายไป ทั้งที่ยังไม่เคยใช้ชีวิตของตัวเองเลย”  #ghostlybrews #ยินดีบริการดวงวิญญาณหลังเที่ยงคืน #opendurianhowto #books #2026 
ริว,7595461422037945618,2026-01-15,หนังสือ ฉันจะมีชีวิตที่ดี (นักเขียนนามปากกา คิดมาก),0.0,0,0.0,0.0,ความคิดในทางบวกไม่ใช่การหลอกตัวเอง ว่าทุกอย่างดีเสมอไปแต่เป็นการเลือกที่จะมองหาโอกาสในวิกฤตเป็นการเชื่อว่า ทุกปัญหามีทางออกและทุกความยากลำบากคือ บทเรียนที่ทำให้เราแข็งแกร่งขึ้น🫂 #opendurianhowto #OpenDurianBooks #ฉันจะมีชีวิตที่ดี #หนังสือ #Books
ริว,7595455690496363794,2026-01-15,หนังสือ ยินดีต้อนรับและขอบคุณที่กลับมา,0.0,0,0.0,0.0,🖌️🎨วาดรูประบายสี ตอนคุณเป็นเด็กคุณสามารถวาดภาพลงไปบนกระดาษด้วยความมั่นใจ ไม่ต้องจัดวางองค์ประกอบหรือร่างภาพก่อน โดยที่คุณแทบจะไม่มีความกังวลเลยสักนิด และคุณมักจะชื่นชมและภูมิใจในฝีมือของตัวเอง  👦🏻👩🏻แต่ปัจจุบันถึงจะเป็นโจทย์เดิมคุณกลับใช้เวลามากขึ้นนั่นเป็นเรื่องปกติ เพราะคุณได้พบเจอเรื่องราวและประสบการณ์มากมาย คุณจึงคิดเยอะกว่าเดิมว่าจะทำยังไงให้ออกมาได้ดีที่สุด  ✨เพราะเราต่างโตขึ้น บ่อยครั้งเราจึงกังวลว่า คนรอบข้างจะคิดยังไง ถึงความงามเป็นสิ่งที่แต่ละคนมีมุมมองที่ต่างกัน เราไม่สามารถทำให้ทุกคนเห็นหรือรู้สึกไปในทิศทางเดียวกันกับเรา #opendurianhowto #OpenDurianBooks #ยินดีต้อนรับและขอบคุณที่กลับมา #หนังสือ #Books
มิ้น,7595425551284817172,2026-01-15,BOXSET The Witches' Club ชมรมลับเปลี่ยนชีวิต,0.0,0,8.23,0.0,✨ถ้านี่ไม่ใช่หนังสือฮีลใจ📚 ที่ของแถมเยอะที่สุด‼️ #opendurianhowto #thewitchesclubชมรมลับเปลี่ยนชีวิต #books #2026 
ไม่ระบุ,7595196933879172373,2026-01-14,หนังสือ ขอใช้ชีวิตที่เหลือ เพื่อตัวเองนะ,0.0,0,0.0,0.0,ปีศาจตัวนั้น คือฉันเอง 2 A Guide to Overcoming the Return of the Demons
ไม่ระบุ,7595190678984920340,2026-01-14,หนังสือ ปีศาจตัวนั้น คือฉันเอง A Guide to Fighting the Demons in My Heart,0.0,0,0.0,0.0,ปีศาจตัวนั้น คือฉันเอง 2 A Guide to Overcoming the Return of the Demons
ไม่ระบุ,7595187716372090133,2026-01-14,หนังสือ ปีศาจตัวนั้น คือฉันเอง A Guide to Fighting the Demons in My Heart,0.0,0,0.46,0.0,ปีศาจตัวนั้น คือฉันเอง 2 A Guide to Overcoming the Return of the Demons
ไม่ระบุ,7595183350592163092,2026-01-14,หนังสือ Ghostly Brews ยินดีบริการดวงวิญญาณหลังเที่ยงคืน by หมึกซึม,0.0,0,0.38,0.0,หนังสือ ปีศาจตัวนั้น คือฉันเอง A Guide to Fighting the Demons in My Heart
มิ้น,7594789933345246485,2026-01-13,ปีศาจตัวนั้น คือฉันเอง 2 A Guide to Overcoming the Return of the Demons,0.0,0,0.0,0.0,“ไม่ต้องขออนุญาตใคร เพื่อที่จะใช้ชีวิตในแบบที่เป็นคุณ” #opendurianhowto #ปีศาจตัวนั้นคือฉันเอง2 #books #2026 #ป้ายยา 
ริว,7594426711245065479,2026-01-13,หนังสือ ปีศาจตัวนั้น คือฉันเอง A Guide to Fighting the Demons in My Heart,0.0,0,0.0,0.0,ถ้าจินตนาการถึงมันได้ แสดงว่าคุณทำมันได้✨ #opendurianhowto #opendurianbooks #ปีศาจตัวนั้นคือฉันเอง #หนังสือพัฒนาตัวเอง #books
ริว,7594424592794520839,2026-01-12,หนังสือ Ghostly Brews ยินดีบริการดวงวิญญาณหลังเที่ยงคืน by หมึกซึม,0.0,0,0.0,0.0,🏆หนังสือที่ได้รับการเสนอชื่อเข้าชิงรางวัลหนังสือแห่งปีจาก Naiin Readers’ Award 2025🌟 Ghostly Brews ยินดีบริการดวงวิญญาณหลังเที่ยงคืน ผลงานจากคุณหมึกซึม ที่ได้รับเข้าชิงถึง 3 รายการ  • รางวัลที่สุดของสร้างแรงบันดาลใจแห่งปี • รางวัลที่สุดของยอดเยี่ยมแห่งปี • รางวัลหนังสือปกสวยแห่งปี โหวตได้ตั้งแต่ วันนี้จนถึง 19 มกราคม 2569 💢 สามารถสแกน QR Code หรือกดโหวตได้ที่เว็ปไซต์นายอินทร์  #opendurianhowto #OpenDurianBooks #GhostlyBrews #หมึกซึม #books
ริว,7594422380949146898,2026-01-12,โอบกอดความไม่สมบูรณ์แบบของเธอ (Embrace Your Flaws),0.0,0,0.54,0.0,ทำไมเราต้องแยกย้ายกันไปเติบโต เราเติบโตไปด้วยกันเลยไม่ได้เหรอ… #opendurianhowto #OpenDurianBooks #โอบกอดความไม่สมบูรณ์แบบของเธอ #หนังสือ #books 
มิ้น,7594422013163359509,2026-01-12,หนังสือ ปีศาจตัวนั้น คือฉันเอง A Guide to Fighting the Demons in My Heart,0.0,0,0.0,0.0,#ปีศาจตัวนั้นคือฉันเอง 📚หนังสือเล่มนี้อยากบอกว่า…  #opendurianhowto #books #หนังสือฮีลใจ #ประโยคฮีลใจ 
มิ้น,7593316569124588820,2026-01-09,Boxset หนังสือวันไหนที่ใจแข็งแรง ดอกไม้จะผลิบาน (The Enchanted Garden) ฟรีของแถมใน Boxset ทุกเซ็ต,0.0,0,61.43,0.0,#Boxsetสวนหัวใจ  ✨หนังสือ Boxset น่ารัก ๆ จาก 🎉#opendurianhowto  #books #2026 #วันไหนที่ใจแข็งแรงดอกไม้จะผลิบาน 
มิ้น,7593314827746037013,2026-01-09,หนังสือ ยินดีต้อนรับและขอบคุณที่กลับมา,0.0,0,0.44,0.0,📌แนะนำหนังสือฮีลใจ ที่อ่านแล้วฟีลเหมือนได้กลับบ้าน 🏠 #opendurianhowto #ยินดีต้อนรับและขอบคุณที่กลับมา #books #2026 #หนังสือฮีลใจ 
มิ้น,7593312628890422549,2026-01-09,[ขายดี] หนังสือ GHOSTLY REMAINS ปลดพันธนาการดวงวิญญาณหลังความตาย by หมึกซึม,0.0,0,0.0,0.0,…บางเรื่องในชีิวิต ต่อให้เราพยายามลืมแค่ไหน  ก็ยังคงตามหลอกหลอนเราอยู่ดี 🙂 #opendurianhowto #books #หนังสือฮีลใจ #ghostlyremains #2026 
มิ้น,7593268561066347796,2026-01-09,ปีศาจตัวนั้น คือฉันเอง 2 A Guide to Overcoming the Return of the Demons,0.0,0,0.0,0.0,✨อ่านประโยคนี้แล้ว มีแรงใช้ชีวิตต่อเลย 🙂 #opendurianhowto #ปีศาจตัวนั้นคือฉันเอง2 #books #2026  #หนังสือฮีลใจ 
มิ้น,7593259770979601685,2026-01-09,โอบกอดความไม่สมบูรณ์แบบของเธอ (Embrace Your Flaws),0.0,0,1.25,0.0,ตอบกลับ @Psyche~*  เป็นหนังสือที่เล่มแรก ที่อยากให้อ่านต้นปีเลยอ่ะ 🫂🖤 #โอบกอดความไม่สมบูรณ์แบบของเธอ #opendurianhowto #หนังสือฮีลใจ #books #2026 
มิ้น,7593245239884664084,2026-01-09,หนังสือ ฉันจะมีชีวิตที่ดี (นักเขียนนามปากกา คิดมาก),0.0,0,0.0,0.0,ประโยคที่ทำให้เราเชื่อว่าตัวเราเอง  “ก็มีชีวิตที่ดีขึ้นได้” :)  #opendurianhowto #ฉันจะมีชีวิตที่ดี #คิดมาก #หนังสือฮีลใจ #books 
มิ้น,7593201149499477268,2026-01-09,หนังสือ Ghostly Brews ยินดีบริการดวงวิญญาณหลังเที่ยงคืน by หมึกซึม,0.0,0,1.35,0.0,📌ป้ายยาหนังสือเล่มนี้เลย  อยากให้เก็บไว้อ่านในปี 2026  ✨ #Ghostlybrews #หนังสือฮีลใจ #opendurianhowto #2026 #books 
มิ้น,7593196964750167317,2026-01-09,โอบกอดความไม่สมบูรณ์แบบของเธอ (Embrace Your Flaws),0.0,0,0.0,0.0,บทที่ 21 : เหตุผลที่ใครบางคนหายไปจากชีวิตของเรา :) #opendurianhowto #โอบกอดความไม่สมบูรณ์แบบของเธอ #หนังสือฮีลใจ #imminimus #2026 
มิ้น,7592999759518960916,2026-01-08,[ขายดี] หนังสือ GHOSTLY REMAINS ปลดพันธนาการดวงวิญญาณหลังความตาย by หมึกซึม,0.0,0,3.7,0.0,📌นี่คือหนังสือที่ได้ไปต่อในปี 2026 🎉 #ghostlyremains #opendurianhowto #ป้ายยา #หนังสือฮีลใจ #books 
ริว,7592575407724039442,2026-01-10,โอบกอดความไม่สมบูรณ์แบบของเธอ (Embrace Your Flaws),0.0,0,0.0,0.0,ความสัมพันธ์เป็นพิษ toxic relationship บางคน ยอมทนเจ็บปวด อยู่ในความสัมพันธ์ที่ย่ำแย่ เพียงเพราะคิดว่าเสียดายเวลาที่ผ่านมา เพียงเพื่อแลกกับความสุขที่หลอกตัวเองว่าสุข ทั่ง ๆ ที่ทุกข์มาตลอด #opendurianhowto #OpenDurianBooks #โอบกอดความไม่สมบูรณ์แบบของเธอ #หนังสือ #Books
ริว,7592574437506321671,2026-01-09,BOXSET The Witches' Club ชมรมลับเปลี่ยนชีวิต,0.0,0,0.0,0.0,เวลาทุกคนเครียดทุกคนจัดการกับมันยังไง ส่วนเราใช้วิธีการเปิดไพ่เอา คือพอเปิดแล้วสบายใจขึ้น เพราะเหมือนไม่ได้แค่ดูดวงแต่เหมือนไพ่ที่ปลอบใจเราได้ด้วย #opendurianhowto #opendurianbooks #หนังสือพัฒนาตัวเอง #books #TheWitchesClub
ริว,7592573245522480391,2026-01-08,หนังสือ ยินดีต้อนรับและขอบคุณที่กลับมา,0.0,0,0.0,0.0,ชีวิตไม่ได้เหมือนป้ายเตือน⛔️ #opendurianhowto #OpenDurianBooks #ยินดีต้อนรับและขอบคุณที่กลับมา #หนังสือ #Books
ริว,7592572089803099400,2026-01-07,ปีศาจตัวนั้น คือฉันเอง 2 A Guide to Overcoming the Return of the Demons,0.0,0,0.0,0.0,ไม่ว่าคุณจะทำดีแค่ไหน สุดท้ายผู้คนก็จะตัดสินคุณอยู่ดี เพราะงั้นอย่าใช้ชีวิตเอาใจทุกคน เหมือนที่หนังสือเล่มนี้บอกไว้ว่า… #opendurianhowto #opendurianbooks #ปีศาจตัวนั้นคือฉันเอง2 #MAYI #books
ริว,7592571205081779474,2026-01-07,หนังสือ ขอใช้ชีวิตที่เหลือ เพื่อตัวเองนะ,0.0,0,0.0,0.0,5 คำพูดมงคลต้อนรับปีใหม่ เสริมดวงเปลี่ยนชีวิต✨ #opendurianhowto #OpenDurianBooks #ขอใช้ชีวิตที่เหลือเพื่อตัวเองนะ #หนังสือ #Books
มิ้น,7592508644743580948,2026-01-07,หนังสือ ขอใช้ชีวิตที่เหลือ เพื่อตัวเองนะ,0.0,0,0.0,0.0,เพราะพรุ่งนี้อาจจะมาไม่ถึง เราจึงต้องสุขให้ได้ตั้งแต่วันนี้ :) #opendurianhowto #ขอใช้ชีวิตที่เหลือเพื่อตัวเองนะ #คิ้วต่ำ #books #หนังสือฮีลใจ 
ริว,7592216094589455624,2026-01-06,หนังสือ Ghostly Brews ยินดีบริการดวงวิญญาณหลังเที่ยงคืน by หมึกซึม,0.0,0,0.0,0.0,ถ้าคนที่เรารักนอนอยู่ในโลงตรงหน้า คุณอยากจะบอกอะไรเขาเป็นประโยคสุดท้าย? #opendurianhowto #OpenDurianBooks #GhostlyBrews #หมึกซึม #books
ริว,7592211563415620882,2026-01-06,[ขายดี] หนังสือ GHOSTLY REMAINS ปลดพันธนาการดวงวิญญาณหลังความตาย by หมึกซึม,0.0,0,0.0,0.0,📌 รีวิวหนังสือการ์ตูนฮีลใจ 4/5 ⭐️ แนะนำว่าควรอ่านสักครั้ง หนังสืออ่านง่าย อ่านสนุกให้ข้อคิดดี ๆ เพียบ!! #opendurianhowto #OpenDurianBooks #GhostlyRemains #หมึกซึม #Books
ริว,7592207878518279432,2026-01-06,หนังสือ ปีศาจตัวนั้น คือฉันเอง A Guide to Fighting the Demons in My Heart,0.0,0,0.0,0.0,ประโยคดึงสติ ในวันที่เรากำลังมีความรัก…🤍🫂 #opendurianhowto #opendurianbooks #ปีศาจตัวนั้นคือฉันเอง #หนังสือพัฒนาตัวเอง #books
ไม่ระบุ,7592067617515523349,2026-01-08,หนังสือ My Last Book คู่มือจัดการทุกเรื่องสำคัญในชีวิตก่อนจากไป,0.0,0,0.0,0.0,ถ้าวันนี้คือวันสุดท้ายของชีวิต อย่าลืมดูแลคนที่คุณรักด้วยของขวัญชิ้นสุดท้าย เพื่อให้พวกเขาก้าวต่อไปได้ในวันที่คุณไม่อยู่แล้ว #mylastbook #opendurianhowto
ไม่ระบุ,7592067397067066645,2026-01-09,หนังสือ My Last Book คู่มือจัดการทุกเรื่องสำคัญในชีวิตก่อนจากไป,0.0,0,0.0,0.0,รู้ไหม?  สิทธิประโยชน์ของข้าราชการบางอย่าง สามารถส่งต่อถึงครอบครัวได้ แม้คุณจะจากไปแล้ว!! #mylastbook #opendurianhowto
ริว,7591386979401583893,2026-01-04,หนังสือ เหนื่อยมากไหม พักก่อนก็ได้นะวันนี้ by MAY-I (เม-ไอ),0.0,0,0.0,0.0,ประโยคที่อ่านแล้ว หายเหนื่อยเป็นปลิดทิ้ง… #opendurianbooks #opendurianhowto #เหนื่อยมากไหมพักก่อนก็ได้นะวันนี้ #เธรดความรู้สึก
ริว,7590723938297089300,2026-01-02,ปีศาจตัวนั้น คือฉันเอง 2 A Guide to Overcoming the Return of the Demons,0.0,0,0.0,0.0,ยังไม่พร้อมที่จะเป็นผู้ใหญ่ แต่ก็อยู่ในวัยที่ทำตัวเป็นเด็กไม่ได้อีกแล้ว ##opendurianhowto##opendurianbooks##ปีศาจตัวนั้นคือฉันเอง2##MAYI#books
ริว,7590435348279381269,2026-01-01,[ขายดี] หนังสือ GHOSTLY REMAINS ปลดพันธนาการดวงวิญญาณหลังความตาย by หมึกซึม,0.0,0,0.0,0.0,คุณยังยึดติดกับสิ่งสำคัญในอดีตอยู่ไหม? #opendurianhowto #OpenDurianBooks #GhostlyRemains #หมึกซึม #Books
ริว,7590431684814834964,2026-01-01,โอบกอดความไม่สมบูรณ์แบบของเธอ (Embrace Your Flaws),0.0,0,0.0,0.0,ความตายคือความว่างเปล่า…? #opendurianhowto #OpenDurianBooks #โอบกอดความไม่สมบูรณ์แบบของเธอ #หนังสือ #Books
ริว,7589886751376739605,2025-12-31,หนังสือ ปีศาจตัวนั้น คือฉันเอง A Guide to Fighting the Demons in My Heart,0.0,0,0.0,0.0,เราไม่ได้เจ็บแค่เพราะโลกใจร้าย แต่เพราะเสียงในหัวที่ด่าตัวเองทุกวัน🫂🥲 #opendurianhowto #opendurianbooks #ปีศาจตัวนั้นคือฉันเอง #หนังสือพัฒนาตัวเอง #books
ริว,7589517001777777940,2025-12-30,หนังสือ ปีศาจตัวนั้น คือฉันเอง A Guide to Fighting the Demons in My Heart,0.0,0,0.0,0.0,แค่อ่านหนังสือเล่มนี้ แต่กลับจุกอกจนร้องไห้… #opendurianhowto #opendurianbooks #ปีศาจตัวนั้นคือฉันเอง #หนังสือพัฒนาตัวเอง #books
ริว,7589232197656202517,2025-12-29,หนังสือ Ghostly Brews ยินดีบริการดวงวิญญาณหลังเที่ยงคืน by หมึกซึม,0.0,0,0.0,0.0,พรุ่งนี้…อาจใกล้กับความตายกว่าที่เราคิด คุณยังมีเรื่องที่ไม่ได้พูด หรือยังไม่ได้ทำไหมครับ… #opendurianhowto #OpenDurianBooks #GhostlyBrews #หมึกซึม #books
ริว,7587710949830823189,2025-12-27,[ขายดี] หนังสือ GHOSTLY REMAINS ปลดพันธนาการดวงวิญญาณหลังความตาย by หมึกซึม,0.0,0,0.02,0.0,ป้ายยาหนังสือการ์ตูนเรียกน้ำตาจาก คุณหมึกซึม Ghostly Remains หนังสือการ์ตูนฮีลใจเล่มใหม่ ที่จะมาเรียกน้ำตาคนอ่าน ด้วยเนื้อหาที่อบอุ่น จุกอกและทำให้เราเห็นคุณค่าในตัวเองมากขึ้น เป็นหนังสือการ์ตูนอ่านง่ายที่เป็นเรื่องราวของยมทูตที่ทำงานพลาดจนมีมนุษย์ตาย และงานของเขาต้องเจอกับด้วยวิญญาณที่ยังไม่ปล่อยวางทั้งความรัก ความแค้น ความคาดหวัง ซึ่งบอกเลยว่าตอนจบพีคมากก ใครสนใจกดสั่งซื้อที่ตะกร้าหน้าคลิปได้เลยนะ #opendurianhowto #OpenDurianBooks #GhostlyRemains #หมึกซึม #Books
ริว,7587708177672604949,2025-12-26,หนังสือ ปีศาจตัวนั้น คือฉันเอง A Guide to Fighting the Demons in My Heart,0.0,0,0.0,0.0,“ปีศาจตัวนั้นคือฉันเอง” ชื่ออาจฟังดูน่ากลัว แต่จริง ๆ แล้วไม่ได้พูดถึงปีศาจจากข้างนอกเลย มันคือ “เสียงในหัว” ที่คอยตำหนิเรา ทำให้เรารู้สึกไม่ดีพอในทุก ๆ วัน หนังสือเล่มนี้เป็นหนังสือฮีลใจที่ถูกพูดถึงเยอะมาก ข้างในรวมทั้งข้อคิดและประโยคฮีลใจแบบแน่น ๆ อ่านง่าย ไม่ต้องคิดซับซ้อน แต่โดนใจหลายจุด สิ่งที่ชอบคือ มันเข้าถึงได้ทุกคน พูดถึงทั้งความรัก ครอบครัว เพื่อน การเรียน การใช้ชีวิต โดยเฉพาะเรื่องการไม่รักตัวเอง ค่อย ๆ พาเรากลับมารักตัวเองอีกครั้งในวันที่เราลืมไปว่าตัวเรา…ก็มีค่ามากเหมือนกัน ใครสนใจกดที่ตะกร้าหน้าคลิปได้เลย #opendurianhowto #opendurianbooks #ปีศาจตัวนั้นคือฉันเอง #หนังสือพัฒนาตัวเอง #books
ริว,7587706035536727316,2025-12-26,BOXSET The Witches' Club ชมรมลับเปลี่ยนชีวิต,0.0,0,22.52,0.0,แค่ประโยคเดียวในหนังสือ ที่เปลี่ยนชีวิตเราไปเลย เขาบอกว่า… #opendurianhowto #opendurianbooks #หนังสือพัฒนาตัวเอง #books #TheWitchesClub
ริว,7587704329151253781,2025-12-25,หนังสือ Ghostly Brews ยินดีบริการดวงวิญญาณหลังเที่ยงคืน by หมึกซึม,0.0,0,0.0,0.0,📓 หนังสือการ์ตูนเรียกน้ำตา ที่คนอ่านจะเดาตอนจบไม่ได้สักเรื่อง Ghostly Brews ยินดีบริการดวงวิญญาณหลังเที่ยงคืน หนังสือการ์ตูนฮีลใจจากคุณหมึกซึม ที่จะทำให้คุณเสียน้ำตาและทำให้เราเห็นคุณค่าในตัวเองมากขึ้น 300 % ✨ หนังสือจะเป็นรูปแบบการ์ตูนคอมิกขาวดำ ที่อ่านง่าย อ่านเพลิน แต่เนื้อหาอบอุ่นและจุกอกจนร้องไห้  🫂 ในเล่มจะเป็นเรื่องราวของเด็กหญิงที่หมดแพชชั่นแต่ต้องไปทำงาน ณ ร้านกาแฟแห่งนึงหลังเที่ยงคืน แต่งานที่ต้องทำคือการบริการรับฟังเรื่องราวของดวงวิญญาณที่มีสิ่งที่ยังไม่ได้พูด หรือยังไม่ได้ทำตอนยังมีชีวิต เพื่อให้เหล่าดวงวิญญาณปล่อยวางและไปสู่สุขคติ 📌 หนังสือมันทำให้เราย้อนกลับมาคิด ความรู้สึกเสียดายและความรู้สึกที่ยังค้างคา ที่เราเคยมองข้ามไป ทั้งความรักที่ไม่ได้พูด ความฝันที่ยังไม่ได้ทำ  💗 พออ่านจบแล้วจะทำให้เรารักตัวเองมากขึ้นและอยากทำเพื่อตัวเองอีกครั้งจริง ๆ เพราะบางทีเราอาจไม่ต้องการคนที่เข้าใจเราที่สุด แต่ขอแค่ได้พูดมันออกมา ใครสนใจกดที่ตะกร้าหน้าคลิปได้เลย #opendurianhowto #OpenDurianBooks #GhostlyBrews #หมึกซึม #books
ริว,7587351970197867796,2025-12-24,โอบกอดความไม่สมบูรณ์แบบของเธอ (Embrace Your Flaws),0.0,0,0.0,0.0,🫂 รู้ว่าเธอพยายามแล้ว พยายามรักให้ดี พยายามเป็นคนที่ควรถูกรัก แต่สุดท้าย…กลับเหลือแค่คำถามว่า เราผิดตรงไหน ความรักมันซับซ้อนจนทำให้คนดี ๆ หลายคน เริ่มไม่มั่นใจในคุณค่าของตัวเอง 📌 หนังสือเล่มนี้รวมประโยคฮีลใจและภาพประกอบสวยมาก ๆ อ่านง่าย ได้ข้อคิดเยอะมาก ๆ จะอ่านเองก็ได้จะซื้อให้คนที่เรารักก็ดี ใครสนใจกดสั่งซื้อที่ตะกร้าหน้าคลิปได้เลยนะ #opendurianhowto #OpenDurianBooks #โอบกอดความไม่สมบูรณ์แบบของเธอ #หนังสือ #Books
ริว,7587350774762736916,2025-12-24,[พร้อมส่ง] Box set หนังสือถ้าโลกมันแย่ ก็แค่คิดแบบคาปิบาร่า (Think Like a Happybara),0.0,0,2.09,0.0,📌ป้ายยาหนังสือน่ารัก ๆ ที่อ่านแล้วเปลี่ยนชีวิต กับ Boxset ถ้าโลกมันแย่ก็แค่คิดแบบคาปิบาร่า ที่เขามีของแถมมาเพียบ ทั้งคัมภีร์รวมคำคมส่งพลังบวก สติกเกอร์สุดน่ารักที่ให้มาถึง 9 แผ่น ที่คั่นหนังสือคาปิน่ารัก ๆ อีก 3 อัน คือแถมมาจุก ๆ อะ 📙และที่ขาดไม่ได้คือหนังสือเล่มนี้เลย หนังสือพัฒนาตัวเองที่รวมประโยคและข้อคิดสุดน่ารักที่อ่านแล้วเหมือนได้ละลายอะไรบางอย่างในใจ  🥳เซตนี้ใกล้หมดแล้ว รีบสั่งเลยนะ สนใจกดสั่งซื้อที่ตะกร้าหน้าคลิปได้เลยนะ #opendurianhowto #opendurianbooks #ถ้าโลกมันแย่แค่คิดแบบคาปิบาร่า #หนังสือพัฒนาตัวเอง #books 
ริว,7586988865768918292,2025-12-23,ปีศาจตัวนั้น คือฉันเอง 2 A Guide to Overcoming the Return of the Demons,0.0,0,0.0,0.0,😈วันที่เรากลัวการเปลี่ยนแปลงมากกว่าความเจ็บปวดคือวันที่เรายอมอยู่กับสิ่งที่ทำร้ายเราเพราะความเจ็บมันคุ้นเคย แต่การเปลี่ยนแปลงมันน่ากลัว 📌ถ้าคุณกำลังอยู่ในความสัมพันธ์ที่ต้องแลกศักดิ์ศรีกับคำว่า อย่างน้อยก็ยังมีเขา หนังสือเล่มนี้ อาจเป็นแรงผลักเล็ก ๆ ที่คุณต้องการ 📕ปีศาจตัวนั้นคือฉันเอง 2 หนังสือที่จะค่อย ๆ เปลี่ยนวิธีที่คุณมองตัวเอง และพาคุณออกจากความกลัวอย่างไม่เร่งรีบ ถ้าคุณกำลังเหนื่อย ไม่กล้าก้าวต่อ หรือรู้สึกว่าต้องสู้กับอะไรบางอย่างเพียงลำพัง เล่มนี้จะบอกคุณว่าคุณไม่ได้อยู่คนเดียว สนใจกดสั่งซื้อที่ตะกร้าหน้าคลิปได้เลยนะ #opendurianhowto #opendurianbooks #ปีศาจตัวนั้นคือฉันเอง2 #MAYI #books
ริว,7586523217364372756,2025-12-22,[ขายดี] หนังสือ GHOSTLY REMAINS ปลดพันธนาการดวงวิญญาณหลังความตาย by หมึกซึม,0.0,0,0.0,0.0,📌ภาค 1 ว่าเศร้าแล้ว ภาค 2 กลับมาย้ำให้ช้ำกว่าเดิม กับผลงานภาคต่อที่ทุกหัวใจรอคอยจาก คุณหมึกซึม 🥹 📓 Ghostly Remains หนังสือการ์ตูนฮีลใจเล่มใหม่ ที่จะพาเราค่อย ๆ ปล่อยวาง “ความคาดหวัง” ที่อาจกำลังทำร้ายทั้งตัวเองและคนที่เรารัก ซึ่งอ่านแล้วอาจจะทำให้คุณเสียน้ำตา แต่จะทำให้เห็นคุณค่าในตัวเองมากขึ้น บอกเลยว่าต้องมีน้ำตาไหลกันบ้างแหละ  🌟 สั่งซื้อได้เลยตอนนี้ราคาพิเศษก่อนหมดนะ สนใจกดสั่งซื้อที่ตะกร้าหน้าคลิปได้เลยนะ #opendurianhowto #OpenDurianBooks #GhostlyRemains #หมึกซึม #Books
ริว,7585968909275254037,2025-12-20,หนังสือ เหนื่อยมากไหม พักก่อนก็ได้นะวันนี้ by MAY-I (เม-ไอ),0.0,0,0.0,0.0,ประโยคที่อ่านแล้วหายเหนื่อย และใจเราเบาลง 3000 % จริง ๆ นะแก 😅☺️💖😝 #opendurianbooks #opendurianhowto #เหนื่อยมากไหมพักก่อนก็ได้นะวันนี้ #เธรดความรู้สึก #เธรดเศร้า
ไม่ระบุ,7585521167415528725,2025-12-19,[ขายดี] หนังสือ GHOSTLY REMAINS ปลดพันธนาการดวงวิญญาณหลังความตาย by หมึกซึม,0.0,0,0.0,0.0,📌5 ประโยคเตือนสติ ถึงคนที่คิดถึงแฟนเก่า‼️  #opendurianhowto #opendurianbooks #ปีศาจตัวนั้นคือฉันเอง2 #MAYI #books
ไม่ระบุ,7585521167415528725,2025-12-19,ปีศาจตัวนั้น คือฉันเอง 2 A Guide to Overcoming the Return of the Demons,0.0,0,0.0,0.0,📌5 ประโยคเตือนสติ ถึงคนที่คิดถึงแฟนเก่า‼️  #opendurianhowto #opendurianbooks #ปีศาจตัวนั้นคือฉันเอง2 #MAYI #books
ริว,7585087013515267349,2025-12-18,โอบกอดความไม่สมบูรณ์แบบของเธอ (Embrace Your Flaws),0.0,0,0.0,0.0,ข้อคิดจากหนังสือ โอบกอดความไม่สมบูรณ์ของเธอ ใครสนใจกดสั่งซื้อที่ตะกร้าหน้าคลิปได้เลยนะ #opendurianhowto #OpenDurianBooks #โอบกอดความไม่สมบูรณ์แบบของเธอ #หนังสือ #Books
ริว,7585085783950789908,2025-12-18,[ขายดี] หนังสือ GHOSTLY REMAINS ปลดพันธนาการดวงวิญญาณหลังความตาย by หมึกซึม,0.0,0,0.0,0.0,📌ป้ายยาผลงานภาคต่อที่ทุกหัวใจรอคอยจาก คุณหมึกซึม Ghostly Remains หนังสือการ์ตูนฮีลใจเล่มใหม่ ที่จะพาเราค่อย ๆ ปล่อยวาง “ความคาดหวัง” ที่อาจกำลังทำร้ายทั้งตัวเองและคนที่เรารัก🥲🫂🤍 #opendurianhowto #OpenDurianBooks #GhostlyRemains #หมึกซึม #Books
มิ้น,7585030664504872213,2025-12-28,หนังสือ ยินดีต้อนรับและขอบคุณที่กลับมา,0.0,0,0.0,0.0,มีข้อความจากหนังสือเล่มนี้ …ฝากถึงคุณ ❤️ #opendurianhowto #ป้ายยา #books #ยินดีต้อนรับและขอบคุณที่กลับมา #ประโยคเด็ด 
มิ้น,7585028741043195157,2025-12-19,หนังสือ Ghostly Brews ยินดีบริการดวงวิญญาณหลังเที่ยงคืน by หมึกซึม,0.0,0,0.0,0.0,“อย่ากลัวที่จะโดดเดี่ยว เพราะบางทีความสุขที่แท้จริง อาจจะมาหลังจากที่เราอยู่กับตัวเอง” ประโยคดี ๆ จากหนังสือ #ghostlybrews #opendurianhowto #books #โดดเดี่ยว #ป้ายยา 
มิ้น,7585027727187823892,2025-12-24,[พร้อมส่ง] Box set หนังสือถ้าโลกมันแย่ ก็แค่คิดแบบคาปิบาร่า (Think Like a Happybara),0.0,0,0.0,0.0,✨ส่งสุขท้ายปีด้วย Boxset อารมณ์ดี #คาปิบาร่า 🐻🎉  #opendurianhowto #ถ้าโลกมันแย่ก็แค่คิดแบบคาปิบาร่า #หนังสือฮีลใจ #books 
มิ้น,7585026555340983572,2025-12-19,หนังสือ ปีศาจตัวนั้น คือฉันเอง A Guide to Fighting the Demons in My Heart,0.0,0,0.0,0.0,ถ้าลาออกไปเจอบริษัท ที่แย่กว่านี้จะทำยังไง?  ใครที่มีเสียงในหัวแบบนี้ทุกครั้งที่อยากลาออกจากงาน อยากให้เอาเล่มนี้ไปอ่าน #ปีศาจตัวนั้นคือฉันเอง #opendurianhowto #หนังสือฮีลใจ #books #ป้ายยา  
มิ้น,7585025586116955413,2025-12-27,หนังสือ ชีวิตมีเรื่องให้ขอบคุณมากกว่าเสียใจ,0.0,0,1.41,0.0,เพราะทุกการเปลี่ยนแปลง… ให้อะไรกับชีวิตเสมอ :)  #ชีวิตมีเรื่องให้ขอบคุณมากกว่าเสียใจ #ปูปรุง #opendurianhowto #หนังสือฮีลใจ #books 
มิ้น,7585024799395564821,2025-12-23,หนังสือ ปีศาจตัวนั้น คือฉันเอง A Guide to Fighting the Demons in My Heart,0.0,0,0.0,0.0,“การเปลี่ยนแปลงมันน่ากลัว แต่ความน่าเสียดายมันน่ากลัวกว่า” 📌ประโยคจากหนังสือ #ปีศาจตัวนั้นคือฉันเอง  #opendurianhowto #หนังสือฮีลใจ #books #ป้ายยา 
มิ้น,7585023386212945173,2025-12-23,BOXSET The Witches' Club ชมรมลับเปลี่ยนชีวิต,0.0,0,0.0,0.0,✨แนะนำหนังสือฮีลใจ ที่เหมือนได้คุยกับเพื่อนสนิท  เพิ่มพลังบวกในใจ 100% 💖 #opendurianhowto #หนังสือฮีลใจ #books #thewitchesclubชมรมลับเปลี่ยนชีวิต  #ป้ายยา 
มิ้น,7585022622019243285,2025-12-26,ปีศาจตัวนั้น คือฉันเอง 2 A Guide to Overcoming the Return of the Demons,0.0,0,0.0,0.0,“ชีวิตเบาลงเยอะ” หลังได้อ่านหนังสือเล่มนี้ :) #ปีศาจตัวนั้นคือฉันเอง2 #opendurianhowto #หนังสือฮีลใจ #books #เหนื่อย  
ริว,7584757767387335956,2025-12-17,Boxset หนังสือวันไหนที่ใจแข็งแรง ดอกไม้จะผลิบาน (The Enchanted Garden) ฟรีของแถมใน Boxset ทุกเซ็ต,0.0,0,0.0,0.0,นี่คือ Boxset ที่ให้ของแถมเยอะที่สุดตั้งแต่เคยมีมาเลย‼️ ##opendurianhowto##OpenDurianBooks##วันไหนที่ใจแข็งแรงดอกไม้จะผลิบาน##หนังสือ#Books
ริว,7584037753512381716,2025-12-16,BOXSET The Witches' Club ชมรมลับเปลี่ยนชีวิต,0.0,0,0.0,0.0,นี่คือไพ่ทำนายดวงรายวันที่เราสามารถดูด้วยเองได้ทุกวัน 🤩 และยังมีของแถมอีกเยอะมาก จาก Boxset The witches’ Club หนังสือรวมกฎของแมวเวทมนตร์ที่จะทำให้เราค้นพบความสุขที่ซ่อนอยู่ภายในตัวเรา 📌ไม่ว่าเราจะเจอปัญหาอะไรมาประโยคหรือคำพูดในหนังเล่มนี้มันจะปลอบใจและให้กำลังใจ และทำให้เราได้ข้อคิดบางอย่างที่จะทำให้เราเห็นคุณค่าในตัวเองและรักตัวเองมากขึ้น หนังสือเล่มนี้แนะนำเลยว่าควรอ่านสักครั้งในชีวิต #opendurianhowto #opendurianbooks #หนังสือพัฒนาตัวเอง #books #TheWitchesClub
ริว,7584034412069653781,2025-12-16,หนังสือ ปีศาจตัวนั้น คือฉันเอง A Guide to Fighting the Demons in My Heart,0.0,0,0.0,0.0,ประโยคเตือนสติ ที่อ่านแล้วโคตรจริง!! #opendurianhowto #opendurianbooks #ปีศาจตัวนั้นคือฉันเอง #หนังสือพัฒนาตัวเอง #books
ริว,7584029648984542485,2025-12-15,หนังสือ Ghostly Brews ยินดีบริการดวงวิญญาณหลังเที่ยงคืน by หมึกซึม,0.0,0,0.0,0.0,🔔 ราคาพิเศษรีบก่อนก่อนหมดโปร ‼️หนังสือการ์ตูนฮีลใจ จากคุณหมึกซึม🫂 หนังสือเล่มนี้เป็นการ์ตูนฮีลใจ ที่เล่าเรื่องของเหล่าวิญญาณ…ที่กลับมาเพื่อพูด “สิ่งสุดท้ายที่ยังค้างอยู่ในใจ” บางตนกลับมาเพราะความรักที่ยังไม่ได้พูด บางตนกลับมาเพราะความฝันที่ยังไม่ได้เริ่ม 📓 มันไม่ได้เล่าเรื่องความตาย แต่เล่าเรื่อง “ความเสียดายของคนที่ยังมีชีวิตอยู่”  ทุกตัวละครคือภาพแทนของความรู้สึกในใจเราทั้งความรัก ความพยายาม ความโดดเดี่ยวที่จะค่อย ๆ พาเราย้อนกลับมาฟังหัวใจตัวเอง ก่อนที่วันหนึ่ง…อาจจะสายเกินไป อ่านแล้วทั้งอบอุ่น ทั้งจุก ทั้งน้ำตาคลอ แต่สุดท้ายจะทำให้คุณมองเห็นคุณค่าในตัวเองมากขึ้นจริง ๆ จนอยากกลับมาดูแลหัวใจตัวเองใหม่อีกครั้ง Ghostly Brews หนังสือที่ไม่ได้แค่ปลอบใจ แต่ทำให้คุณ “เข้าใจตัวเอง” มากขึ้นจริง ๆ #opendurianhowto #OpenDurianBooks #GhostlyBrews #หมึกซึม #books 
ริว,7584028756415745301,2025-12-15,หนังสือ Ghostly Brews ยินดีบริการดวงวิญญาณหลังเที่ยงคืน by หมึกซึม,0.0,0,0.0,0.0,🔔 ราคาพิเศษรีบก่อนก่อนหมดโปร ‼️หนังสือการ์ตูนฮีลใจ จากคุณหมึกซึม🫂 หนังสือเล่มนี้เป็นการ์ตูนฮีลใจ ที่เล่าเรื่องของเหล่าวิญญาณ…ที่กลับมาเพื่อพูด “สิ่งสุดท้ายที่ยังค้างอยู่ในใจ” บางตนกลับมาเพราะความรักที่ยังไม่ได้พูด บางตนกลับมาเพราะความฝันที่ยังไม่ได้เริ่ม 📓 มันไม่ได้เล่าเรื่องความตาย แต่เล่าเรื่อง “ความเสียดายของคนที่ยังมีชีวิตอยู่”  ทุกตัวละครคือภาพแทนของความรู้สึกในใจเราทั้งความรัก ความพยายาม ความโดดเดี่ยวที่จะค่อย ๆ พาเราย้อนกลับมาฟังหัวใจตัวเอง ก่อนที่วันหนึ่ง…อาจจะสายเกินไป อ่านแล้วทั้งอบอุ่น ทั้งจุก ทั้งน้ำตาคลอ แต่สุดท้ายจะทำให้คุณมองเห็นคุณค่าในตัวเองมากขึ้นจริง ๆ จนอยากกลับมาดูแลหัวใจตัวเองใหม่อีกครั้ง Ghostly Brews หนังสือที่ไม่ได้แค่ปลอบใจ แต่ทำให้คุณ “เข้าใจตัวเอง” มากขึ้นจริง ๆ #opendurianhowto #OpenDurianBooks #GhostlyBrews #หมึกซึม #books 
ริว,7584026289686760724,2025-12-15,หนังสือ Ghostly Brews ยินดีบริการดวงวิญญาณหลังเที่ยงคืน by หมึกซึม,0.0,0,0.0,0.0,🔔 ราคาพิเศษรีบก่อนก่อนหมดโปร ‼️หนังสือการ์ตูนฮีลใจ จากคุณหมึกซึม🫂 หนังสือเล่มนี้เป็นการ์ตูนฮีลใจ ที่เล่าเรื่องของเหล่าวิญญาณ…ที่กลับมาเพื่อพูด “สิ่งสุดท้ายที่ยังค้างอยู่ในใจ” บางตนกลับมาเพราะความรักที่ยังไม่ได้พูด บางตนกลับมาเพราะความฝันที่ยังไม่ได้เริ่ม 📓 มันไม่ได้เล่าเรื่องความตาย แต่เล่าเรื่อง “ความเสียดายของคนที่ยังมีชีวิตอยู่”  ทุกตัวละครคือภาพแทนของความรู้สึกในใจเราทั้งความรัก ความพยายาม ความโดดเดี่ยวที่จะค่อย ๆ พาเราย้อนกลับมาฟังหัวใจตัวเอง ก่อนที่วันหนึ่ง…อาจจะสายเกินไป อ่านแล้วทั้งอบอุ่น ทั้งจุก ทั้งน้ำตาคลอ แต่สุดท้ายจะทำให้คุณมองเห็นคุณค่าในตัวเองมากขึ้นจริง ๆ จนอยากกลับมาดูแลหัวใจตัวเองใหม่อีกครั้ง Ghostly Brews หนังสือที่ไม่ได้แค่ปลอบใจ แต่ทำให้คุณ “เข้าใจตัวเอง” มากขึ้นจริง ๆ #opendurianhowto #OpenDurianBooks #GhostlyBrews #หมึกซึม #books 
ไม่ระบุ,7582576569059675448,2025-12-11,หนังสือวันไหนที่ใจแข็งแรง ดอกไม้จะผลิบาน (The Enchanted Garden),0.0,0,33.47,0.0,หนังสือวันไหนที่ใจแข็งแรง ดอกไม้จะผลิบาน ซื้อเป็นของขวัญให้คนที่รัก รับรองว่าเขา/เธอจะต้องชอบแน่นอน!
ไม่ระบุ,7582550226095901964,2025-12-11,ปีศาจตัวนั้น คือฉันเอง 2 A Guide to Overcoming the Return of the Demons,0.0,0,0.01,0.0,"หนังสือ ""ปีศาจตัวนั้นคือฉันเอง 2"" ช่วยเข้าใจและรับมือกับปัญหาชีวิต ไม่ตัดสินคุณ พร้อมแบบทดสอบค้นหาปีศาจในใจ!"
ริว,7582490275390541077,2025-12-13,หนังสือ ชีวิตมีเรื่องให้ขอบคุณมากกว่าเสียใจ,0.0,0,8.2,0.0,หนังสือที่อยากให้ทุกคนได้อ่านสักครั้งในชีวิต😇💐💖 #opendurianhowto #OpenDurianBooks #ชีวิตมีเรื่องขอบคุณมากกว่าเสียใจ #หนังสือ #Books
ริว,7582487727606598933,2025-12-11,ปีศาจตัวนั้น คือฉันเอง 2 A Guide to Overcoming the Return of the Demons,0.0,0,0.0,0.0,หนังสือที่เหมาะกับคนที่… 🤍 #opendurianhowto #opendurianbooks #ปีศาจตัวนั้นคือฉันเอง2 #MAYI #books
ริว,7582483123825429781,2025-12-12,หนังสือ Ghostly Brews ยินดีบริการดวงวิญญาณหลังเที่ยงคืน by หมึกซึม,0.0,0,22.47,0.0,📌 โปรพิเศษเฉพาะคนเห็นโพสต์นี้เท่านั้นก่อนหมดสต็อก ราคาพิเศษเพียง 299.- เท่านั้น กับหนังสือ ghostly brews ยินดีบริการดวงวิญญาณหลังเที่ยงคืน หนังสือการ์ตูนฮีลใจ จาก คุณหมึกซึม ที่จะทำให้เห็นคุณค่าในตัวเองมากขึ้น ทบทวนความทรงจำ ความสัมพันธ์และความรู้สึกที่เคยถูกละเลยหรือสิ่งสำคัญที่เคยมองข้ามไป  📓 เล่มนี้จะเป็นเรื่องราวของเด็กหญิงที่เห็นวิญญาณ และได้มีโอกาสมาทำงานร้านกาแฟ Ghostly Brew ที่ต้องรับฟังดวงวิญญาณที่มีเรื่องทุกข์ใจหรือค้างคาใจ เพื่อให้เหล่าดวงวิญญาณเรานั้นสบายใจและปล่อยวางจากทุกสิ่งก่อนไปสู่สุคติ ✨หนังสือมันจะสะท้อนความรู้สึกเสียดาย ไม่ใช่เพื่อย้อนกลับไปเปลี่ยนอดีต แต่เพื่อเข้าใจ “ปัจจุบัน” และมองตัวเองด้วยความอ่อนโยนมากขึ้น เรียนรู้ที่จะโอบกอดความสุขแลความเจ็บปวด เพื่อค้นพบคุณค่าของการมีชีวิตอยู่ บอกเลยว่า Ghostly Brews แนะนำเลยว่าต้องลองอ่านสักครั้ง ใครสนใจกดที่ตะกร้าหน้าคลิปได้เลยนะ  #opendurianhowto #OpenDurianBooks #GhostlyBrews #หมึกซึม #books
ริว,7582165332136168712,2025-12-10,หนังสือ ฉันจะมีชีวิตที่ดี (นักเขียนนามปากกา คิดมาก),0.0,0,0.0,0.0,✨ 8 ข้อคิด manifest ชีวิต  📖 จากหนังสือ ฉันจะมีชีวิตที่ดี เอาไปใช้ได้จริงตลอดชีวิต 🤍 #opendurianhowto #OpenDurianBooks #ฉันจะมีชีวิตที่ดี #หนังสือ #Books
มิ้น,7582117997536349460,2025-12-16,[หนังสือ] ปีศาจตัวนั้น คือฉันเอง 2 A Guide to Overcoming the Return of the Demons,0.0,0,0.0,0.0,…เป็นหนังสือ 📕 ที่อ่านแล้วน้ำตาซึม 3000% 😢 #ปีศาจตัวนั้นคือฉันเอง2  #opendurianhowto  #หนังสือฮีลใจ #books #เธรดเศร้า 
มิ้น,7582085480158678292,2025-12-15,โอบกอดความไม่สมบูรณ์แบบของเธอ (Embrace Your Flaws),0.0,0,0.0,0.0,ตอบกลับ @น้ำหวานที่ชอบลายพราง🫢   อีกไม่กี่วันก็ใกล้จะสิ้นปีแล้ว :) มีเรื่องผ่านมาในชีวิตก็มีมากมาย  มีทั้งเรื่องราวของความสุข ความเศร้า ความเหงา ความคิดถึง …  โอบกอดความไม่สมบูรณ์แบบที่เกิดขึ้นกับชีวิตให้ได้… แม้เรื่องราวเหล่านั้น มันอาจจะไม่ได้สวยงามเหมือนที่เราวาดไว้  จดจำช่วงเวลาที่ผ่านมาไว้เสมอ  ว่าเราเคยผ่านช่วงเวลาร้าย ๆ แค่ไหน… จดจำเรื่องราวดี ๆ  และจะเข้มแข็งขึ้นในปีต่อ ๆ ไป 🫂  #โอบกอดความไม่สมบูรณ์แบบของเธอ #opendurianhowto #books #หนังสือฮีลใจ #เทรนด์วันนี้  
มิ้น,7582070704233811221,2025-12-15,[ขายดี] หนังสือ GHOSTLY REMAINS ปลดพันธนาการดวงวิญญาณหลังความตาย by หมึกซึม,0.0,0,0.0,0.0,ตอบกลับ @vibranium goob and shrimpo  เตรียมทิชชู่ เช็ดน้ำตาได้เลย🥲 ✨เล่มนี้อ่านแล้วฮีลใจ 3000% #opendurianhowto #books #ghostlyremains #ป้ายยา #เทรนด์วันนี้  
มิ้น,7581820219279117589,2025-12-19,BOXSET The Witches' Club ชมรมลับเปลี่ยนชีวิต,0.0,0,6.49,0.0,#เซอร์ไพรส์คับคุณแม่  การ์ดทำนายดวงที่เซอร์ไพรส์ได้ทุกวัน🔮  ของแถมจุก ๆ จาก  📕Boxset หนังสือ…🎁 #TheWitchesClubชมรมลับเปลี่ยนชีวิต #opendurianhowto #books #ไพ่ยิปซี  
ริว,7581819712603032850,2025-12-09,Boxset The Witches' Club ชมรมลับเปลี่ยนชีวิต [2],0.0,0,0.0,0.0,🎁 Boxset ส่งความสุข ส่งท้ายปี กับ Boxset The Witches’ Club เมื่อได้อ่าน คุณจะค้นพบเวทมนตร์แม่มด ที่จะทำให้คุณค้นพบความสุขที่ซ่อนอยู่ในตัวของคุณเอง และสามารถเผชิญหน้ากับสารพันปัญหาในชีวิตโดยเล่มนี้จะรวบรวม 50 กฎลับสู่ความสุขที่คุณต้องการ 🎊 เฉพาะแบบ Boxset นอกจากหนังสือสร้างความสุขแล้ว ยังมีไพ่ทำนายดวง ที่เราสามารถสุ่มหยิบดูดวงเองรายวันได้เลยทุกวัน ถุงกำมะหยี่พรีเมียม ที่คั่นแมวสุดน่ารัก สติกเกอร์แมวนำโชค  🎉 บางครั้งชีวิตที่ดูแย่! บางทีอาจเป็นเพราะเราแค่ไม่รู้ วิธีเปลี่ยนมันเป็น ‘ความสุข’ ก็ได้ มาเปลี่ยนความทุกข์ ด้วย Boxset The Witches’ Club ต้องรีบกดสั่งเลยใครสนใจกดสั่งซื้อที่ตะกร้าหน้าคลิปหรือทักแชตเลย #opendurianhowto #opendurianbooks #หนังสือพัฒนาตัวเอง #books #TheWitchesClub
มิ้น,7581817911031926036,2025-12-13,หนังสือ ทุกความทรงจำคือของขวัญจากวันวาน,0.0,0,0.02,0.0,📕5 ประโยคเตือนใจ …ก่อนถึงสิ้นปี 🎉 2025  #ทุกความทรงจำคือของขวัญจากวันวาน  #books #opendurianhowto #ปีใหม่2026 #ประโยคฮีลใจ  
มิ้น,7581817043784191253,2025-12-12,BOXSET The Witches' Club ชมรมลับเปลี่ยนชีวิต,0.0,0,0.0,0.0,ถ้าคุณเปิด มาเจอคลิปนี้ ‼️ แสดงว่า ดวงเราสมพงษ์กัน 🔮 เพราะนี่ไพ่ทำนายดวงรายวัน   จาก Boxset หนังสือเล่มดัง 🧙‍♀️ #TheWitchesClubชมรมลับเปลี่ยนชีวิต  #opendurianbooks #opendurianhowto #ไพ่ทำนายดวง #books  
ริว,7581816726380154119,2025-12-09,[สุดคุ้ม] หนังสือ ปีศาจตัวนั้น คือฉันเอง A Guide to Fight the Demons in My Heart,0.0,0,7.02,0.0,5 ประโยค ถึง…คนที่โดนนอกใจ 😭🤬💀💔 #opendurianhowto #opendurianbooks #ปีศาจตัวนั้นคือฉันเอง #หนังสือพัฒนาตัวเอง #books
มิ้น,7581815069399403796,2025-12-12,[สุดคุ้ม] หนังสือ ปีศาจตัวนั้น คือฉันเอง A Guide to Fight the Demons in My Heart,0.0,0,0.0,0.0,📌ใครที่มีความคิดแบบนี้อยู่ ? #ปีศาจตัวนั้นนั้นคือฉันเอง  📕เล่มนี้มันจะบอกคุณว่า…  #oprndurianhowto #หนังสือฮีลใจ #books #เธรดเศร้า  
มิ้น,7581812150008696084,2025-12-11,โอบกอดความไม่สมบูรณ์แบบของเธอ (Embrace Your Flaws),0.0,0,0.0,0.0,ถ้าหากคุณเหนื่อยเหมือนกัน อย่าลืมหาความสุขในแบบของตัวเอง ที่ไม่ต้องเปรียบเทียบกับใคร ๆ… #โอบกอดความไม่สมบูรณ์แบบของเธอ  หากคุณกำลังรู้สึกแตกสลาย  เหนื่อยล้า และผิดหวัง ขอให้คุณรู้ไว้ว่า คุณไม่ได้กำลังเผชิญกับความรู้สึกแบบนั้นเพียงลำพัง 🫂 #oprndurianhowto #หนังสือฮีลใจ #books #แตกสลาย  
มิ้น,7581810327457664276,2025-12-11,[ขายดี] หนังสือ GHOSTLY REMAINS ปลดพันธนาการดวงวิญญาณหลังความตาย by หมึกซึม,0.0,0,0.0,0.0,เคยคิดว่า… มีเวลามากพอที่จะกลับมาใส่ใจเขา เคยคิดว่า… ยังมีพรุ่งนี้เสมอสำหรับการเล่นกับเขา เคยคิดว่า… ยังมีเวลาเหลืออีกมากมายที่จะอยู่ด้วยกัน  #สัตว์โลกน่ารัก #ghostlyremains #oprndurianhowto #หมึกซึม #books  
มิ้น,7581807546218859797,2025-12-10,หนังสือ กว่าจะคิดได้ก็ไม่มีลมหายใจแล้ว (It Is Never Too Late to Love Yourself),0.0,0,0.0,0.0,😱เห็นเงาประหลาดในคลิปบ้างมั้ย?  #กว่าจะคิดได้ก็ไม่มีลมหายใจแล้ว  #หนังสือฮีลใจ #oprndurianhowto #ป้ายยา #ผี 
มิ้น,7581804392261635349,2025-12-09,[หนังสือ] ปีศาจตัวนั้น คือฉันเอง 2 A Guide to Overcoming the Return of the Demons,0.0,0,0.0,0.0,ไม่มีใครอยากสูญเสีย คนที่ “ตัวเองรัก” ไป แต่ก็ไม่มีใครห้าม “การสูญเสีย” ได้เช่นกัน 🥲 #ปีศาจตัวนั้นคือฉัน2  #opendurianhowto #หนังสือฮีลใจ #ป้ายยา #การสูญเสีย 
มิ้น,7581452976846310676,2025-12-08,[ขายดี] หนังสือ GHOSTLY REMAINS ปลดพันธนาการดวงวิญญาณหลังความตาย by หมึกซึม,0.0,0,0.0,0.0,"‼️12.12 ฮีลใจลดใหญ่ทุกเล่ม ส่งท้ายปีนี้ แซนดี้ขอแจกคูปองส่วนลดสูงสุด 25% 🤶🏻🎄 (รายละเอียดคูปอง)  ✨ คูปองส่วนลด 25% สูงสุด 500.- ซื้อขั้นต่ำ 300.- ✨ คูปองส่วนลด 20% สูงสุด 1,000.- ซื้อขั้นต่ำ 300.- ✨ คูปองส่วนลด 15% สูงสุด 2,000.- ซื้อขั้นต่ำ 199.- เฉพาะ 12.12 นี้เท่านั้นน้าา 💞 #opendurianhowto  #books #หนังสือฮีลใจ #opendurianbook #ถูกและดีมีอยู่จริง  "
มิ้น,7581452976846310676,2025-12-08,[หนังสือ] ปีศาจตัวนั้น คือฉันเอง 2 A Guide to Overcoming the Return of the Demons,0.0,0,0.0,0.0,"‼️12.12 ฮีลใจลดใหญ่ทุกเล่ม ส่งท้ายปีนี้ แซนดี้ขอแจกคูปองส่วนลดสูงสุด 25% 🤶🏻🎄 (รายละเอียดคูปอง)  ✨ คูปองส่วนลด 25% สูงสุด 500.- ซื้อขั้นต่ำ 300.- ✨ คูปองส่วนลด 20% สูงสุด 1,000.- ซื้อขั้นต่ำ 300.- ✨ คูปองส่วนลด 15% สูงสุด 2,000.- ซื้อขั้นต่ำ 199.- เฉพาะ 12.12 นี้เท่านั้นน้าา 💞 #opendurianhowto  #books #หนังสือฮีลใจ #opendurianbook #ถูกและดีมีอยู่จริง  "
มิ้น,7581452976846310676,2025-12-08,หนังสือ The Witches' Club ชมรมลับเปลี่ยนชีวิต,0.0,0,0.0,0.0,"‼️12.12 ฮีลใจลดใหญ่ทุกเล่ม ส่งท้ายปีนี้ แซนดี้ขอแจกคูปองส่วนลดสูงสุด 25% 🤶🏻🎄 (รายละเอียดคูปอง)  ✨ คูปองส่วนลด 25% สูงสุด 500.- ซื้อขั้นต่ำ 300.- ✨ คูปองส่วนลด 20% สูงสุด 1,000.- ซื้อขั้นต่ำ 300.- ✨ คูปองส่วนลด 15% สูงสุด 2,000.- ซื้อขั้นต่ำ 199.- เฉพาะ 12.12 นี้เท่านั้นน้าา 💞 #opendurianhowto  #books #หนังสือฮีลใจ #opendurianbook #ถูกและดีมีอยู่จริง  "
มิ้น,7581452976846310676,2025-12-08,BOXSET The Witches' Club ชมรมลับเปลี่ยนชีวิต,0.0,0,0.0,0.0,"‼️12.12 ฮีลใจลดใหญ่ทุกเล่ม ส่งท้ายปีนี้ แซนดี้ขอแจกคูปองส่วนลดสูงสุด 25% 🤶🏻🎄 (รายละเอียดคูปอง)  ✨ คูปองส่วนลด 25% สูงสุด 500.- ซื้อขั้นต่ำ 300.- ✨ คูปองส่วนลด 20% สูงสุด 1,000.- ซื้อขั้นต่ำ 300.- ✨ คูปองส่วนลด 15% สูงสุด 2,000.- ซื้อขั้นต่ำ 199.- เฉพาะ 12.12 นี้เท่านั้นน้าา 💞 #opendurianhowto  #books #หนังสือฮีลใจ #opendurianbook #ถูกและดีมีอยู่จริง  "
มิ้น,7581452976846310676,2025-12-08,Boxset เหนื่อยมากไหม พักก่อนก็ได้นะวันนี้ by MAY-I (เม-ไอ),0.0,0,8.65,0.0,"‼️12.12 ฮีลใจลดใหญ่ทุกเล่ม ส่งท้ายปีนี้ แซนดี้ขอแจกคูปองส่วนลดสูงสุด 25% 🤶🏻🎄 (รายละเอียดคูปอง)  ✨ คูปองส่วนลด 25% สูงสุด 500.- ซื้อขั้นต่ำ 300.- ✨ คูปองส่วนลด 20% สูงสุด 1,000.- ซื้อขั้นต่ำ 300.- ✨ คูปองส่วนลด 15% สูงสุด 2,000.- ซื้อขั้นต่ำ 199.- เฉพาะ 12.12 นี้เท่านั้นน้าา 💞 #opendurianhowto  #books #หนังสือฮีลใจ #opendurianbook #ถูกและดีมีอยู่จริง  "
มิ้น,7581452976846310676,2025-12-08,หนังสือ เหนื่อยมากไหม พักก่อนก็ได้นะวันนี้ by MAY-I (เม-ไอ),0.0,0,0.0,0.0,"‼️12.12 ฮีลใจลดใหญ่ทุกเล่ม ส่งท้ายปีนี้ แซนดี้ขอแจกคูปองส่วนลดสูงสุด 25% 🤶🏻🎄 (รายละเอียดคูปอง)  ✨ คูปองส่วนลด 25% สูงสุด 500.- ซื้อขั้นต่ำ 300.- ✨ คูปองส่วนลด 20% สูงสุด 1,000.- ซื้อขั้นต่ำ 300.- ✨ คูปองส่วนลด 15% สูงสุด 2,000.- ซื้อขั้นต่ำ 199.- เฉพาะ 12.12 นี้เท่านั้นน้าา 💞 #opendurianhowto  #books #หนังสือฮีลใจ #opendurianbook #ถูกและดีมีอยู่จริง  "
มิ้น,7581452976846310676,2025-12-08,[ขายดี] หนังสือ Ghostly Brews ยินดีบริการดวงวิญญาณหลังเที่ยงคืน by หมึกซึม,0.0,0,0.0,0.0,"‼️12.12 ฮีลใจลดใหญ่ทุกเล่ม ส่งท้ายปีนี้ แซนดี้ขอแจกคูปองส่วนลดสูงสุด 25% 🤶🏻🎄 (รายละเอียดคูปอง)  ✨ คูปองส่วนลด 25% สูงสุด 500.- ซื้อขั้นต่ำ 300.- ✨ คูปองส่วนลด 20% สูงสุด 1,000.- ซื้อขั้นต่ำ 300.- ✨ คูปองส่วนลด 15% สูงสุด 2,000.- ซื้อขั้นต่ำ 199.- เฉพาะ 12.12 นี้เท่านั้นน้าา 💞 #opendurianhowto  #books #หนังสือฮีลใจ #opendurianbook #ถูกและดีมีอยู่จริง  "
มิ้น,7581452976846310676,2025-12-08,หนังสือ ความลับสู่เงินล้านที่โรงเรียนไม่เคยสอน (The Millionaire's Top Secret),0.0,0,0.0,0.0,"‼️12.12 ฮีลใจลดใหญ่ทุกเล่ม ส่งท้ายปีนี้ แซนดี้ขอแจกคูปองส่วนลดสูงสุด 25% 🤶🏻🎄 (รายละเอียดคูปอง)  ✨ คูปองส่วนลด 25% สูงสุด 500.- ซื้อขั้นต่ำ 300.- ✨ คูปองส่วนลด 20% สูงสุด 1,000.- ซื้อขั้นต่ำ 300.- ✨ คูปองส่วนลด 15% สูงสุด 2,000.- ซื้อขั้นต่ำ 199.- เฉพาะ 12.12 นี้เท่านั้นน้าา 💞 #opendurianhowto  #books #หนังสือฮีลใจ #opendurianbook #ถูกและดีมีอยู่จริง  "
มิ้น,7581452976846310676,2025-12-08,โอบกอดความไม่สมบูรณ์แบบของเธอ (Embrace Your Flaws),0.0,0,0.0,0.0,"‼️12.12 ฮีลใจลดใหญ่ทุกเล่ม ส่งท้ายปีนี้ แซนดี้ขอแจกคูปองส่วนลดสูงสุด 25% 🤶🏻🎄 (รายละเอียดคูปอง)  ✨ คูปองส่วนลด 25% สูงสุด 500.- ซื้อขั้นต่ำ 300.- ✨ คูปองส่วนลด 20% สูงสุด 1,000.- ซื้อขั้นต่ำ 300.- ✨ คูปองส่วนลด 15% สูงสุด 2,000.- ซื้อขั้นต่ำ 199.- เฉพาะ 12.12 นี้เท่านั้นน้าา 💞 #opendurianhowto  #books #หนังสือฮีลใจ #opendurianbook #ถูกและดีมีอยู่จริง  "
มิ้น,7581452976846310676,2025-12-08,[สุดคุ้ม] หนังสือ ปีศาจตัวนั้น คือฉันเอง A Guide to Fight the Demons in My Heart,0.0,0,0.0,0.0,"‼️12.12 ฮีลใจลดใหญ่ทุกเล่ม ส่งท้ายปีนี้ แซนดี้ขอแจกคูปองส่วนลดสูงสุด 25% 🤶🏻🎄 (รายละเอียดคูปอง)  ✨ คูปองส่วนลด 25% สูงสุด 500.- ซื้อขั้นต่ำ 300.- ✨ คูปองส่วนลด 20% สูงสุด 1,000.- ซื้อขั้นต่ำ 300.- ✨ คูปองส่วนลด 15% สูงสุด 2,000.- ซื้อขั้นต่ำ 199.- เฉพาะ 12.12 นี้เท่านั้นน้าา 💞 #opendurianhowto  #books #หนังสือฮีลใจ #opendurianbook #ถูกและดีมีอยู่จริง  "
ริว,7580334160020049159,2025-12-05,Boxset The Witches' Club ชมรมลับเปลี่ยนชีวิต [2],0.0,0,0.0,0.0,Boxset เปลี่ยนความทุกข์ สร้างความสุข กับ Boxset The Witches’ Club เมื่อได้อ่าน คุณจะค้นพบเวทมนตร์แม่มด ในการเผชิญหน้ากับสารพันปัญหาในชีวิตโดยเล่มนี้จะรวบรวม 50 กฎลับสู่ความสุขที่คุณต้องการ #opendurianhowto #opendurianbooks #หนังสือพัฒนาตัวเอง #books #TheWitchesClub
ริว,7580325290321186055,2025-12-05,[สุดคุ้ม] หนังสือ ปีศาจตัวนั้น คือฉันเอง A Guide to Fight the Demons in My Heart,0.0,0,0.01,0.0,การนอกใจ ไม่ได้เริ่มจากความเหงา แต่เริ่มจากใจที่ไม่ซื่อสัตย์มาตั้งแต่แรก เพราะคนที่ซื่อสัตย์จริง ๆ ต่อให้เหงาแค่ไหน เขาก็ไม่ยอมทำสิ่งที่ทำร้ายคนที่รัก #opendurianhowto #opendurianbooks #ปีศาจตัวนั้นคือฉันเอง #หนังสือพัฒนาตัวเอง #books
ริว,7579939786715057426,2025-12-04,หนังสือ Ghostly Brews ยินดีบริการดวงวิญญาณหลังเที่ยงคืน by หมึกซึม,0.0,0,21.79,0.0,กลับมาอีกครั้งหลังจากของหมด‼️ ตอนนี้เติมสต็อกแล้วนะ กับ 📓 หนังสือ ghostly brews ยินดีบริการดวงวิญญาณหลังเที่ยงคืน หนังสือการ์ตูนฮีลใจ จาก คุณหมึกซึม ที่จะทำให้เห็นคุณค่าในตัวเองมากขึ้น ทบทวนความทรงจำ ความสัมพันธ์และความรู้สึกที่เคยถูกละเลยหรือสิ่งสำคัญที่เคยมองข้ามไป 🫂 📌ใครสนใจกดที่ตะกร้าหน้าคลิปได้เลยนะ #opendurianhowto #OpenDurianBooks #GhostlyBrews #หมึกซึม #books
ไม่ระบุ,7579840378451512596,2025-12-10,หนังสือ MANIFEST GUIDELINE คู่มือฝึก Manifest อย่างเป็นระบบ พร้อมแบบฝึกหัดท้ายบท,0.0,0,0.0,0.0,มีเงินแสนได้จริงในเวลาไม่ถึงเดือน!! ด้วยเทคนิคจาก #ManifestGuideline #opendurianhowto #manifest #พัฒนาตัวเอง
ริว,7579568449261751559,2025-12-03,หนังสือ ยินดีต้อนรับและขอบคุณที่กลับมา,0.0,0,1.67,0.0,หนังสือ…ถึงคนไกลบ้าน อ่านแล้วน้ำตาซึมแน่นอน 300% 🥹 #opendurianhowto #OpenDurianBooks #ยินดีต้อนรับและขอบคุณที่กลับมา #หนังสือ #Books
ริว,7579565348534406407,2025-12-03,หนังสือ ขอใช้ชีวิตที่เหลือ เพื่อตัวเองนะ,0.0,0,0.0,0.0,ประโยคที่บอกกับตัวเองทุกเช้าและชีวิตจะดีขึ้น… #opendurianhowto #OpenDurianBooks #ขอใช้ชีวิตที่เหลือเพื่อตัวเองนะ #หนังสือ #Books
ริว,7579197849255120135,2025-12-02,[หนังสือ] ปีศาจตัวนั้น คือฉันเอง 2 A Guide to Overcoming the Return of the Demons,0.0,0,0.0,0.0,แม้ไม่มีโอกาสได้บอกลา แต่ความรักจะยังคงอยู่เสมอ🫂✨ #opendurianhowto #opendurianbooks #ปีศาจตัวนั้นคือฉันเอง2 #MAYI #books
ริว,7578829777243491591,2025-12-01,โอบกอดความไม่สมบูรณ์แบบของเธอ (Embrace Your Flaws),0.0,0,0.0,0.0,เราจะโดนหนังสือเล่มหนึ่งตกจากประโยคหลังปกได้จริงหรอ? จนได้อ่านเล่มนี้… #opendurianhowto #OpenDurianBooks #โอบกอดความไม่สมบูรณ์แบบของเธอ #หนังสือ #Books
ริว,7578828348630043922,2025-12-01,[ขายดี] หนังสือ GHOSTLY REMAINS ปลดพันธนาการดวงวิญญาณหลังความตาย by หมึกซึม,0.0,0,0.0,0.0,แม่อยากให้ลูกมีอนาคตที่ดี แต่ไม่รู้ว่าสิ่งที่ทำ จะทำให้ลูกมองตัวเองว่าดีไม่พอ บางทีการปล่อยให้ลูกได้เติบโตในแบบของเขาเอง อาจเป็นคำว่า “อนาคตที่ดี” ที่ลูกต้องการมากที่สุดก็ได้🫂✨ นี่คือข้อความที่อยากบอกกับพ่อแม่ทุกคน จากการอ่านหนังสือ Ghostly Remains หนังสือการ์ตูนฮีลใจเล่มใหม่จากคุณหมึกซึม ที่จะทำให้เราปล่อยวางความคาดหวังที่เรามีต่อคนอื่นลง ที่อาจจะกำลังทำร้ายตัวเราเองและคนรอบตัวที่รักอยู่ 📙หนังสือเล่มนี้แนะนำเลยว่าต้องลองอ่านสักครั้ง…แล้วคุณจะ “เข้าใจตัวเอง” มากขึ้นใครสนใจกดสั่งซื้อที่ตะกร้าหน้าคลิปได้เลยนะหรือทักแชตหรือคอมเมนต์สนใจใต้โพสต์ได้เลย #opendurianhowto #OpenDurianBooks #GhostlyRemains #หมึกซึม #Books
มิ้น,7578731295480614164,2025-12-01,[ขายดี] หนังสือ GHOSTLY REMAINS ปลดพันธนาการดวงวิญญาณหลังความตาย by หมึกซึม,0.0,0,0.0,0.0,📌เล่มนี้ทำให้ปล่ิอยวาง อะไรหลาย ๆ อย่างได้ดีมาก ๆ  เปิดอ่านคือร้องไห้ตั้งแต่บทแรก🥲 ✨1000/100 ไปเลย #opendurianhowto #books #ghostlyremains #หนังสือฮีลใจ 
มิ้น,7578727664295464213,2025-12-06,Boxset เหนื่อยมากไหม พักก่อนก็ได้นะวันนี้ by MAY-I (เม-ไอ),0.0,0,0.0,0.0,3 เหตุผลที่ควรอ่าน‼️ #เหนื่อยมากไหมพักก่อนก็ได้นะวันนี้  #opendurianhowto #books #เหนื่อย #มนุษย์เงินเดือน 
ริว,7578115380103843080,2025-11-29,หนังสือ ยินดีต้อนรับและขอบคุณที่กลับมา,0.0,0,1.27,0.0,ไม่เป็นไรเลย…ถ้าบางครั้งเราจะขอความช่วยเหลือจากคนอื่นบ้าง😇 #opendurianhowto #opendurianbooks #ยินดีต้อนรับและขอบคุณที่กลับมา #books #หนังสือ 
มิ้น,7577400306892377365,2025-12-05,[หนังสือ] ปีศาจตัวนั้น คือฉันเอง 2 A Guide to Overcoming the Return of the Demons,0.0,0,0.0,0.0,#ปีศาจตัวนั้นคือฉันเอง2 หนังสือเล่มนี้ที่อยากบอกคุณว่า… #opendurianhowto #books #ข้อคิดดีดี #หนังสือฮีลใจ 
มิ้น,7577373714510040341,2025-12-04,โอบกอดความไม่สมบูรณ์แบบของเธอ (Embrace Your Flaws),0.0,0,0.0,0.0,อยากมีสักสถานที่… ที่เป็นที่หลบภัย  อยากหายไปสักพัก ให้ใจเราได้พักแล้วเดินไปต่อ :)  #โอบกอดความไม่สมบูรณ์แบบของเธอ #opendurianhowto #books #เธรดเศร้า #ป้ายยา  
มิ้น,7577372695017327892,2025-12-03,หนังสือวันไหนที่ใจแข็งแรง ดอกไม้จะผลิบาน (The Enchanted Garden),0.0,0,14.01,0.0,อุปสรรคหนึ่งของความรัก  คือ “ระยะทางไกล”  กลัวว่า “ความห่างไกล” จะทำให้เรารักกันน้อยลง 😢 ##วันไหนที่ใจแข็งแรงดอกไม้จะผลิบาน #opendurianhowto #books #ป้ายยา #รักทางไกล  
มิ้น,7577371260921957652,2025-12-02,BOXSET The Witches' Club ชมรมลับเปลี่ยนชีวิต,0.0,0,3.7,0.0,🔮การ์ดทำนายดวงรายวัน ที่สามารถดูดวงได้ทุกวัน✨ จาก Boxset 🎁#thewitchesclubชมรมลับเปลี่ยนชีวิต  #opendurianhowto #books #ป้ายยา #ดูดวง  
มิ้น,7577370079541693716,2025-12-01,[สุดคุ้ม] หนังสือ ปีศาจตัวนั้น คือฉันเอง A Guide to Fight the Demons in My Heart,0.0,0,0.0,0.0,ประโยคที่ยังเตือนสติได้ดีเสมอ📚 📖 #ปีศาจตัวนั้นคือฉันเอง  #opendurianhowto #books #ป้ายยา #ข้อคิดดีดี  
มิ้น,7577348415999315221,2025-11-27,[ขายดี] หนังสือ GHOSTLY REMAINS ปลดพันธนาการดวงวิญญาณหลังความตาย by หมึกซึม,0.0,0,0.0,0.0,✨1000/100 คะแนน💘 เป็นหนังสือแค่เล่มเดียว  ทำน้ำตาซึมไปหลายวันมาก 🥲 #ghostlyremains #opendurianhowto #books #ป้ายยา #comic 
มิ้น,7577347430719507732,2025-11-27,[ขายดี] หนังสือ GHOSTLY REMAINS ปลดพันธนาการดวงวิญญาณหลังความตาย by หมึกซึม,0.0,0,0.0,0.0,✨ประโยคโคตรทัชใจ📖 “เมื่อมีความรักก็ย่อมมีความผิดหวัง เมื่อผิดหวังก็มักจะเผลอรู้สึกเกลียด ซึ่งไม่ใช่ความเกลียด ที่มีต่อคนรัก  แต่เป็นความเกลียด ในสิ่งที่ไม่เป็นไปตามที่หวังก็เท่านั้น”  #ghostlyremains #opendurianhowto #books #ป้ายยา #comic 
มิ้น,7577345362285874453,2025-11-27,[ขายดี] หนังสือ Ghostly Brews ยินดีบริการดวงวิญญาณหลังเที่ยงคืน by หมึกซึม,0.0,0,0.0,0.0,เล่มนี้ทำน้ำตาไหลหนักมาก😢 แต่ฮีลใจเราได้แบบ 3000% … #ghostlybrews  #opendurianhowto #books #ป้ายยา #comic 
มิ้น,7577344512817646868,2025-11-27,[ขายดี] หนังสือ Ghostly Brews ยินดีบริการดวงวิญญาณหลังเที่ยงคืน by หมึกซึม,0.0,0,0.0,0.0,#ghostlybrews  📌หนังสือเล่มนี้เหมาะกับใคร📚 - คนที่หมดแพชชัน - คนที่โทษตัวเองเก่ง - คนที่แกล้งเข้มแข็ง  - คนที่รู้สึกโดดเดี่ยว - คนที่อยากหาที่ระบาย #opendurianhowto #books #ป้ายยา #เธรดเศร้า 
มิ้น,7577342710202256661,2025-11-27,[ขายดี] หนังสือ Ghostly Brews ยินดีบริการดวงวิญญาณหลังเที่ยงคืน by หมึกซึม,0.0,0,0.0,0.0,…อ่านเล่มนี้จบแล้ว โคตรรักตัวเองเลย :) #ghostlybrews #opendurianhowto #books #ป้ายยา #เธรดเศร้า 
มิ้น,7577339290573884693,2025-11-29,หนังสือ กว่าจะคิดได้ก็ไม่มีลมหายใจแล้ว (It Is Never Too Late to Love Yourself),0.0,0,0.0,0.0,อย่าจ้องตาตุ๊กตาตัวนี้ ‼️ ถ้าไม่อยาก…  #กว่าจะคิดได้ก็ไม่มีลมหายใจแล้ว  #opendurianhowto #books #ป้ายยา #หนังสือฮีลใจ 
มิ้น,7577333070622395668,2025-11-28,BOXSET The Witches' Club ชมรมลับเปลี่ยนชีวิต,0.0,0,0.26,0.0,“โลกใจร้ายมามากพอแล้ว  เธอไม่จำเป็นต้องซ้ำเติมตัวเอง ด้วยการจมอยู่กับความรู้สึกลบ ๆ เหล่านั้นอีก“  ประโยคจากหนังสือ 📖#thewitchesclubชมรมลับเปลี่ยนชีวิต   #opendurianhowto #books #ประโยคฮีลใจ #ป้ายยา 
ริว,7577328581357882632,2025-11-27,[ขายดี] หนังสือ GHOSTLY REMAINS ปลดพันธนาการดวงวิญญาณหลังความตาย by หมึกซึม,0.0,0,0.0,0.0,ประโยคจากหนังสือ ​​Ghostly Remains หนังสือการ์ตูนฮีลใจจากคุณหมึกซึม ที่จะทำให้คนอ่านซึม เรื่องนี้ถ่ายทอดเรื่องราวความคาดหวังที่พ่อแม่ไม่เคยถามความต้องการของลูกจนกลายเป็นความทุกข์ เนื้อหาในเล่มยังพูดถึงความรักและความสัมพันธ์หลากหลายมุม อ่านง่าย เพลินตาแบบการ์ตูน แต่เต็มไปด้วยข้อคิดที่สะกิดใจ #opendurianhowto #OpenDurianBooks #GhostlyRemains #หมึกซึม #Books
ริว,7577325380328066312,2025-11-27,โอบกอดความไม่สมบูรณ์แบบของเธอ (Embrace Your Flaws),0.0,0,0.0,0.0,5 ความจริงเกี่ยวกับความรัก 💖  #opendurianhowto #OpenDurianBooks #โอบกอดความไม่สมบูรณ์แบบของเธอ #หนังสือ #Books
มิ้น,7576979267691515156,2025-11-28,[สุดคุ้ม] หนังสือ ปีศาจตัวนั้น คือฉันเอง A Guide to Fight the Demons in My Heart,0.0,0,0.0,0.0,📌5 ประโยคจุกอก💘 📚จากหนังสือเล่มโปรด #ปีศาจตัวนั้นคือฉันเอง  #opendurianhowto #books #ประโยคฮีลใจ #หนังสือฮีลใจ 
มิ้น,7576977586115415316,2025-11-27,[ขายดี] หนังสือ Ghostly Brews ยินดีบริการดวงวิญญาณหลังเที่ยงคืน by หมึกซึม,0.0,0,0.0,0.0,📌หนังสือที่ทำให้ เกิดคำถามกับตัวเองว่า… “สิ่งที่เป็นอยู่”  เรามีความสุขจริงไหม?  #ghostlybrews  #opendurianhowto #หมึกซึม #books #หนังสือฮีลใจ 
ริว,7576977355734781192,2025-11-26,หนังสือวันไหนที่ใจแข็งแรง ดอกไม้จะผลิบาน (The Enchanted Garden),0.0,0,12.47,0.0,ถ้าแฟนเก่ากลับมาง้อ คุณจะกลับไปหาเขาไหม? 👀🫦👅 #opendurianhowto #OpenDurianBooks #วันไหนที่ใจแข็งแรงดอกไม้จะผลิบาน #หนังสือ #Books
มิ้น,7576974750249913621,2025-11-26,หนังสือ ขอใช้ชีวิตที่เหลือ เพื่อตัวเองนะ,0.0,0,0.0,0.0,5 ประโยคที่ควรรู้ ก่อนจะสายเกินไป 📚 #opendurianhowto #books #ขอใช้ชีวิตที่เหลือเพื่อตัวเองนะ #หนังสือฮีลใจ #ข้อคิดดีดี 
ริว,7576601221335633159,2025-11-25,[สุดคุ้ม] หนังสือ ปีศาจตัวนั้น คือฉันเอง A Guide to Fight the Demons in My Heart,0.0,0,0.0,0.0,หลายครั้ง…ที่เราฝืนตัวเองจนตัวเราทุกข์ เพราะเรากลัวว่ามันจะไม่มีอะไรที่ดีกว่านี้ได้อีกแล้ว เรายอม – อยู่ในความสัมพันธ์ที่ไม่เคยชัดเจน – ทนคำพูดที่ด้อยค่า – ทำงานที่กดดันจนเราเครียด – อยู่กับคนรอบตัวที่มีแต่พลังลบ – ยอมเป็นคนที่ “โอเคได้เสมอ” ทั้งที่ในใจอึดอัด 😭 ลองอ่านหนังสือ ปีศาจตัวนั้นคือฉันเอง 😈 หนังสือเล่มนี้เหมือนกระจกที่สะท้อนความจริงอย่างอ่อนโยนที่สุด มันจะบอกคุณว่า “คุณมีค่ามากกว่าที่คุณคิด และคุณสมควรมีความสุข…มากกว่าที่คุณเคยยอมรับ”🫂 #opendurianhowto #opendurianbooks #ปีศาจตัวนั้นคือฉันเอง #หนังสือพัฒนาตัวเอง #books
ริว,7576600931324742919,2025-11-25,BOXSET The Witches' Club ชมรมลับเปลี่ยนชีวิต,0.0,0,0.0,0.0,5 คำพูดเตือนสติ ใช้ชีวิตอย่างมีความสุข #opendurianhowto #opendurianbooks #หนังสือพัฒนาตัวเอง #books #TheWitchesClub
มิ้น,7576218264980688148,2025-11-24,[ขายดี] หนังสือ GHOSTLY REMAINS ปลดพันธนาการดวงวิญญาณหลังความตาย by หมึกซึม,0.0,0,0.0,0.0,"📌PAYDAY นี้หนังสือฮีลใจ📚 แจกคูปองลดทุกเล่มทั้งร้าน😱 - คูปองส่วนลด 25%  สูงสุด 500 (ขั้นต่ำ 399) - คูปองส่วนลด 20%  สูงสุด 1,000 (ขั้นต่ำ 399) - คูปองส่วนลด 15%  สูงสุด 2,000 (ขั้นต่ำ 199) โปรนี้ถึงแค่วันนี้ 28-30 พฤศจิกายน 2568 นี้เท่านั้น‼️"
มิ้น,7576218264980688148,2025-11-24,[หนังสือ] ปีศาจตัวนั้น คือฉันเอง 2 A Guide to Overcoming the Return of the Demons,0.0,0,0.0,0.0,"📌PAYDAY นี้หนังสือฮีลใจ📚 แจกคูปองลดทุกเล่มทั้งร้าน😱 - คูปองส่วนลด 25%  สูงสุด 500 (ขั้นต่ำ 399) - คูปองส่วนลด 20%  สูงสุด 1,000 (ขั้นต่ำ 399) - คูปองส่วนลด 15%  สูงสุด 2,000 (ขั้นต่ำ 199) โปรนี้ถึงแค่วันนี้ 28-30 พฤศจิกายน 2568 นี้เท่านั้น‼️"
มิ้น,7576218264980688148,2025-11-24,หนังสือ The Witches' Club ชมรมลับเปลี่ยนชีวิต,0.0,0,0.0,0.0,"📌PAYDAY นี้หนังสือฮีลใจ📚 แจกคูปองลดทุกเล่มทั้งร้าน😱 - คูปองส่วนลด 25%  สูงสุด 500 (ขั้นต่ำ 399) - คูปองส่วนลด 20%  สูงสุด 1,000 (ขั้นต่ำ 399) - คูปองส่วนลด 15%  สูงสุด 2,000 (ขั้นต่ำ 199) โปรนี้ถึงแค่วันนี้ 28-30 พฤศจิกายน 2568 นี้เท่านั้น‼️"
มิ้น,7576218264980688148,2025-11-24,BOXSET The Witches' Club ชมรมลับเปลี่ยนชีวิต,0.0,0,0.0,0.0,"📌PAYDAY นี้หนังสือฮีลใจ📚 แจกคูปองลดทุกเล่มทั้งร้าน😱 - คูปองส่วนลด 25%  สูงสุด 500 (ขั้นต่ำ 399) - คูปองส่วนลด 20%  สูงสุด 1,000 (ขั้นต่ำ 399) - คูปองส่วนลด 15%  สูงสุด 2,000 (ขั้นต่ำ 199) โปรนี้ถึงแค่วันนี้ 28-30 พฤศจิกายน 2568 นี้เท่านั้น‼️"
มิ้น,7576218264980688148,2025-11-24,Boxset เหนื่อยมากไหม พักก่อนก็ได้นะวันนี้ by MAY-I (เม-ไอ),0.0,0,0.0,0.0,"📌PAYDAY นี้หนังสือฮีลใจ📚 แจกคูปองลดทุกเล่มทั้งร้าน😱 - คูปองส่วนลด 25%  สูงสุด 500 (ขั้นต่ำ 399) - คูปองส่วนลด 20%  สูงสุด 1,000 (ขั้นต่ำ 399) - คูปองส่วนลด 15%  สูงสุด 2,000 (ขั้นต่ำ 199) โปรนี้ถึงแค่วันนี้ 28-30 พฤศจิกายน 2568 นี้เท่านั้น‼️"
มิ้น,7576218264980688148,2025-11-24,หนังสือ เหนื่อยมากไหม พักก่อนก็ได้นะวันนี้ by MAY-I (เม-ไอ),0.0,0,0.0,0.0,"📌PAYDAY นี้หนังสือฮีลใจ📚 แจกคูปองลดทุกเล่มทั้งร้าน😱 - คูปองส่วนลด 25%  สูงสุด 500 (ขั้นต่ำ 399) - คูปองส่วนลด 20%  สูงสุด 1,000 (ขั้นต่ำ 399) - คูปองส่วนลด 15%  สูงสุด 2,000 (ขั้นต่ำ 199) โปรนี้ถึงแค่วันนี้ 28-30 พฤศจิกายน 2568 นี้เท่านั้น‼️"
มิ้น,7576218264980688148,2025-11-24,[ขายดี] หนังสือ Ghostly Brews ยินดีบริการดวงวิญญาณหลังเที่ยงคืน by หมึกซึม,0.0,0,0.0,0.0,"📌PAYDAY นี้หนังสือฮีลใจ📚 แจกคูปองลดทุกเล่มทั้งร้าน😱 - คูปองส่วนลด 25%  สูงสุด 500 (ขั้นต่ำ 399) - คูปองส่วนลด 20%  สูงสุด 1,000 (ขั้นต่ำ 399) - คูปองส่วนลด 15%  สูงสุด 2,000 (ขั้นต่ำ 199) โปรนี้ถึงแค่วันนี้ 28-30 พฤศจิกายน 2568 นี้เท่านั้น‼️"
มิ้น,7576218264980688148,2025-11-24,หนังสือ ความลับสู่เงินล้านที่โรงเรียนไม่เคยสอน (The Millionaire's Top Secret),0.0,0,0.0,0.0,"📌PAYDAY นี้หนังสือฮีลใจ📚 แจกคูปองลดทุกเล่มทั้งร้าน😱 - คูปองส่วนลด 25%  สูงสุด 500 (ขั้นต่ำ 399) - คูปองส่วนลด 20%  สูงสุด 1,000 (ขั้นต่ำ 399) - คูปองส่วนลด 15%  สูงสุด 2,000 (ขั้นต่ำ 199) โปรนี้ถึงแค่วันนี้ 28-30 พฤศจิกายน 2568 นี้เท่านั้น‼️"
มิ้น,7576218264980688148,2025-11-24,โอบกอดความไม่สมบูรณ์แบบของเธอ (Embrace Your Flaws),0.0,0,0.0,0.0,"📌PAYDAY นี้หนังสือฮีลใจ📚 แจกคูปองลดทุกเล่มทั้งร้าน😱 - คูปองส่วนลด 25%  สูงสุด 500 (ขั้นต่ำ 399) - คูปองส่วนลด 20%  สูงสุด 1,000 (ขั้นต่ำ 399) - คูปองส่วนลด 15%  สูงสุด 2,000 (ขั้นต่ำ 199) โปรนี้ถึงแค่วันนี้ 28-30 พฤศจิกายน 2568 นี้เท่านั้น‼️"
มิ้น,7576218264980688148,2025-11-24,[สุดคุ้ม] หนังสือ ปีศาจตัวนั้น คือฉันเอง A Guide to Fight the Demons in My Heart,0.0,0,0.0,0.0,"📌PAYDAY นี้หนังสือฮีลใจ📚 แจกคูปองลดทุกเล่มทั้งร้าน😱 - คูปองส่วนลด 25%  สูงสุด 500 (ขั้นต่ำ 399) - คูปองส่วนลด 20%  สูงสุด 1,000 (ขั้นต่ำ 399) - คูปองส่วนลด 15%  สูงสุด 2,000 (ขั้นต่ำ 199) โปรนี้ถึงแค่วันนี้ 28-30 พฤศจิกายน 2568 นี้เท่านั้น‼️"
มิ้น,7576128954398936341,2025-11-24,BOXSET เมื่อโลกทั้งใบซ่อนอยู่ใต้หมวกกันน็อก (Helmet Girl),0.0,0,0.0,0.0,✨แกะกล่อง Boxset 💖 #เมื่อโลกทั้งใบซ่อนอยู่ใต้หมวกกันน็อก  #opendurianhowto #books #unboxing #ของแถม 
ริว,7575496131606596871,2025-11-22,หนังสือ ทุกความทรงจำคือของขวัญจากวันวาน,0.0,0,0.66,0.0,หนังสือถึง ‘ตัวเราในอนาคต’ ที่ควรซื้ออ่านสักครั้ง 🥺🤍 #opendurianhowto #OpenDurianBooks #ทุกความทรงจำคือของขวัญจากวันวาน #หนังสือ #Books
มิ้น,7575104192822463764,2025-11-21,[หนังสือ] ปีศาจตัวนั้น คือฉันเอง 2 A Guide to Overcoming the Return of the Demons,0.0,0,0.0,0.0,ถ้ารอต่อไปอีกหน่อย เขาอาจจะกลับมาง้อก็ได้นะ :)  #opendurianhowto #ปีศาจตัวนั้นคือฉันเอง2 #books #books #เธรดเศร้า 
มิ้น,7575101933967412500,2025-11-21,[ขายดี] หนังสือ GHOSTLY REMAINS ปลดพันธนาการดวงวิญญาณหลังความตาย by หมึกซึม,0.0,0,0.0,0.0,แด่ทุกความสัมพันธ์… ขอให้ไม่มีเรื่องที่ทำให้เกลียด 🙂 #ghostlyremains #books #opendurianhowto #หนังสือฮีลใจ #ความสัมพันธ์ 
มิ้น,7574806458215304468,2025-11-20,[ขายดี] หนังสือ Ghostly Brews ยินดีบริการดวงวิญญาณหลังเที่ยงคืน by หมึกซึม,0.0,0,0.0,0.0,"น้ำตาซึมแบบ 3,000% อ่านแค่ครึ่งเล่มน้ำตาแตกเลย 🥺 #opendurianhowto #books #ghostlybrews #หนังสือฮีลใจ #เศร้า "
มิ้น,7574799220050316565,2025-11-20,โอบกอดความไม่สมบูรณ์แบบของเธอ (Embrace Your Flaws),0.0,0,0.0,0.0,เพิ่งรู้ว่า… “รักกันแต่ไปต่อด้วยกันไม่ได้ มันเจ็บกว่าการไม่รักกันซะอีก” #โอบกอดความไม่สมบูรณ์แบบของเธอ #opendurianhowto #books #หนังสือฮีลใจ #เศร้า 
ริว,7574747394915536146,2025-11-21,BOXSET The Witches' Club ชมรมลับเปลี่ยนชีวิต,0.0,0,8.49,0.0,วันนี้มาดูกันว่าไพ่อยากบอกอะไรเรา? 🤩  🥰นี่เป็นของแถมจาก Boxset The Witches’ Club หนังสือฮีลใจสุดน่ารัก ที่ของแถมเยอะมาก ทั้งไพ่ทำนายดวงรายวัน ที่สามารถดูเองได้ที่บ้าน แถมปลอบใจเราได้ด้วย งานอาร์ตของเขาคือดูดีมาก และยังมีที่คั่นหนังสือน่ารัก ๆ สติกเกอร์แมวและถุงกำมะหยี่ คือแถมมาจุก ๆ อะ และที่ขาดไม่ได้คือหนังสือเล่มนี้เลย หนังสือรวม 50 กฎแม่มด เป็นกฎที่อ่านแล้วรู้สึกเหมือนได้รับพลังดี ๆ และสามารถใช้ได้จริงในชีวิตประจำวัน ที่จะเปลี่ยนวันแย่ ๆ ให้มีความสุขได้ บางหน้าพออ่านแล้วทำให้เรายิ้มได้และบางหน้าอาจทำให้เราร้องไห้เหมือนได้ละลายอะไรบางอย่างในใจ🫂🤍 📌ถ้าอยากรับพลังงานดี ๆ แบบนี้ เซตนี้ใกล้หมดแล้ว รีบสั่งเลยนะ ใครสนใจกดที่ตะกร้าหน้าคลิปได้เลยหรือจะทักแชตหรือคอมเมนต์สนใจใต้โพสต์ได้เลยนะ รีบไปตำกันเลย #opendurianhowto #opendurianbooks #หนังสือพัฒนาตัวเอง #books #TheWitchesClub
ริว,7574745378881309959,2025-11-21,[สุดคุ้ม] หนังสือ ปีศาจตัวนั้น คือฉันเอง A Guide to Fight the Demons in My Heart,0.0,0,0.0,0.0,ถึงความสัมพันธ์จะไม่มีชื่อเรียก แต่ได้คุยแบบนี้ทุกวันก็ดีอยู่แล้ว แต่ระวังนะบางครั้ง ความสบายใจชั่วคราว อาจทำให้เราลืมไปว่า เรากำลังอยู่ในความสัมพันธ์ที่ไม่มีอนาคต😭🫂 📌 ปีศาจตัวนั้นคือฉันเอง มันจะเปลี่ยน “วิธีที่คุณมองตัวเอง” และเยียวยาเรื่องราวในใจที่ไม่เคยเล่าให้ใครฟัง บอกเลยว่าหนังสือเล่มนี้คือหนังสือฮีลใจแห่งปี ใครสนใจกดที่ตะกร้าหน้าคลิปได้เลยหรือจะทักแชตหรือคอมเมนต์สนใจใต้โพสต์เลยนะ รีบไปตำกันเลย #opendurianhowto #opendurianbooks #ปีศาจตัวนั้นคือฉันเอง #หนังสือพัฒนาตัวเอง #books
ริว,7574743047326436615,2025-11-20,หนังสือ Ghostly Brews ยินดีบริการดวงวิญญาณหลังเที่ยงคืน by หมึกซึม,0.0,0,0.0,0.0,สวัสดีเหล่าดวงวิญญาณ 💀 คุณมีเรื่องที่อยากจะเล่าให้ฟังก่อนจากไปไหม Ghostly Brews ยินดีบริการดวงวิญญาณหลังเที่ยงคืน  📙 หนังสือการ์ตูนฮีลใจ โดยคุณหมึกซึม ที่จะทำให้เราเห็นคุณค่าในตัวเองมากขึ้น  ผ่านบทสนทนาสุดท้ายของเหล่าดวงวิญญาณ ที่กลับมา…เพื่อ “พูดสิ่งที่ไม่ได้พูด”ตอนยังมีชีวิตอยู่ เนื้อหาอ่านแล้วซึ้งมาก แต่กลับฮีลใจได้ดี 100 % 🥺🤍 📌Ghostly Brews หนังสือที่ต้องลองอ่านสักครั้ง แล้วจะทำให้เราเห็นคุณค่าในการมีชีวิตมากขึ้น ใครสนใจกดที่ตะกร้าหน้าคลิปได้เลยหรือจะทักแชตหรือคอมเมนต์สนใจใต้โพสต์เลยนะ รีบไปตำกันเลย  #opendurianhowto #OpenDurianBooks #GhostlyBrews #หมึกซึม #books
มิ้น,7574411080345095444,2025-11-19,[พร้อมส่ง] Box set หนังสือถ้าโลกมันแย่ ก็แค่คิดแบบคาปิบาร่า (Think Like a Happybara),0.0,0,0.06,0.0,📌แปะประโยคดี ๆ จากหนังสือ📚  #ถ้าโลกมันแย่ก็แค่คิดแบบคาปิบาร่า #books #opendurianhowto #หนังสือฮีลใจ #คาปิบาร่า 
มิ้น,7573665926495620373,2025-11-18,[สุดคุ้ม] หนังสือ ปีศาจตัวนั้น คือฉันเอง A Guide to Fight the Demons in My Heart,0.0,0,0.0,0.0,‼️จะจัดการความรู้สึกยังไง? ✨ถ้าเจอคนที่ชอบ…  “กดคนอื่นให้ต่ำลง“ 🙂‍↕️ #opendurianhowto #books #หนังสือฮีลใจ #ปีศาจตัวนั้นคือฉันเอง #ป้ายยา 
มิ้น,7573640147602836757,2025-11-17,[ขายดี] หนังสือ Ghostly Brews ยินดีบริการดวงวิญญาณหลังเที่ยงคืน by หมึกซึม,0.0,0,0.0,0.0,การ “อยู่คนเดียว” เป็นเรื่องยากสำหรับคุณหรือเปล่า ?  #opendurianhowto #books #หนังสือฮีลใจ #GhostlyBrews #อยู่คนเดียว 
ริว,7573638872245062919,2025-11-18,[หนังสือ] ปีศาจตัวนั้น คือฉันเอง 2 A Guide to Overcoming the Return of the Demons,0.0,0,11.44,0.0,ไม่มีเขาแล้ว เราก็แค่ เริ่มใหม่ ไม่มีเขาแล้วเราก็ยังเป็นคนเดิม ประโยคจากหนังสือ ปีศาจตัวนั้นคือฉันเอง 2 ที่ทำให้เราหยุดคิดและมันบอกกลับเราว่า ทุกจุดจบมักจะว่างเปล่าแค่ช่วงหนึ่ง แล้วหลังจากนั้นมันจะกลายเป็นที่ว่าง สำหรับสิ่งดี ๆ ที่กำลังจะเข้ามา พออ่านแล้วมันจุกอกและดีมาก ๆ  #opendurianhowto #opendurianbooks #ปีศาจตัวนั้นคือฉันเอง2 #MAYI #books
ริว,7573634807884795154,2025-11-17,[ขายดี] หนังสือ GHOSTLY REMAINS ปลดพันธนาการดวงวิญญาณหลังความตาย by หมึกซึม,0.0,0,0.0,0.0,🌟บอกเลยว่าหนังสือเล่มนี้คือหนังสือฮีลใจแห่งปี วันนี้เราจะมารีวิวหนังสือเล่มนี้ ชื่อ Ghostly Remains ปลดพันธนาการดวงวิญญาณหลังความตาย หนังสือเล่มนี้เป็นหนังสือฮีลใจใหม่ล่าสุดเลย ที่เขียนและวาดภาพโดยคุณหมึกซึม เขาเป็นแบบหนังสือภาพการ์ตูนคือเหมือนอ่านการ์ตูนเลย แถมภาษาอ่านง่าย คืออ่านได้เพลิน ๆ เลยอะ🥳🤩 บอกเลยว่าหนังสือเล่มนี้คือหนังสือฮีลใจแห่งปี รีบไปตำกันเลย📌💖 #opendurianhowto #OpenDurianBooks #GhostlyRemains #หมึกซึม #Books
ริว,7573631963924319506,2025-11-17,โอบกอดความไม่สมบูรณ์แบบของเธอ (Embrace Your Flaws),0.0,0,0.0,0.0,หนังสือเล่มเดียว ที่ทำให้มีความสุขกับตัวเอง และรักตัวเองในวันที่ไม่สมบูรณ์ 🫂🤍 #opendurianhowto #OpenDurianBooks #โอบกอดความไม่สมบูรณ์แบบของเธอ #หนังสือ #Books
มิ้น,7573521104455716117,2025-11-17,BOXSET The Witches' Club ชมรมลับเปลี่ยนชีวิต,0.0,0,3.79,0.0,5 คำพูดมงคล จากหนังสือ 📚  #thewitchesclubชมรมลับเปลี่ยนชีวิต  #opendurianhowto #books #หนังสือฮีลใจ #คําคม 
มิ้น,7572896463500446996,2025-11-15,หนังสือ กว่าจะคิดได้ก็ไม่มีลมหายใจแล้ว (It Is Never Too Late to Love Yourself),0.0,0,0.0,0.0,🚨อย่าจ้องกระจกเกิน 5 วินาที ‼️ #opendurianhowto #กว่าจะคิดได้ก็ไม่มีลมหายใจแล้ว #books #หนังสือฮีลใจ #ป้ายยา 
มิ้น,7572212262140857621,2025-11-13,[ขายดี] หนังสือ Ghostly Brews ยินดีบริการดวงวิญญาณหลังเที่ยงคืน by หมึกซึม,0.0,0,0.0,0.0,📌สนใจหนังสือเล่มนี้  #GhostlyBrews  กดคลิกที่ตะกร้าได้เลย :)  #opendurianhowto #books #หนังสือฮีลใจ #comic 
ริว,7572142998377516295,2025-11-13,[ขายดี] หนังสือ GHOSTLY REMAINS ปลดพันธนาการดวงวิญญาณหลังความตาย by หมึกซึม,0.0,0,0.0,0.0,หนังสือการ์ตูนฮีลใจเรียกน้ำตา จากคุณหมึกซึม Ghostly Remains หนังสือการ์ตูนฮีลใจเล่มใหม่ ที่จะพาเราค่อย ๆ ปล่อยวาง “ความคาดหวัง” ที่อาจกำลังทำร้ายทั้งตัวเองและคนที่เรารัก เล่มนี้ไม่ได้พูดถึงความตาย แต่สะท้อนให้เห็นว่า “การไม่ยอมปล่อยวาง” ต่างหากที่ทำให้เราทุกข์ ในเล่มจะเล่าทั้งเรื่องความคาดหวังของครอบครัว ความแค้น และการยึดติดในความสัมพันธ์ต่าง ๆ ที่เนื้อหาอ่านแล้วทั้งจุก ทั้งอบอุ่น เหมือนโดนปลอบให้รักตัวเองมากขึ้น และใจเบาลงแบบ 300% 🤍 พออ่านจบแล้วจะค่อย ๆ พาคุณย้อนกลับไปมองหัวใจของตัวเองเพื่อปล่อยวางความทุกข์และมีความสุขหลังจากการแบกความรู้สึกต่าง ๆ เอาไว้ได้ เพราะความสุขของเราอาจจะแค่การปล่อยวางเรื่องบางเรื่องลง หนังสือเล่มนี้แนะนำเลยว่าต้องลองอ่านสักครั้งเดี๋ยว ใครสนใจกดที่ตะกร้าหน้าคลิปได้เลยหรือจะทักแชตหรือคอมเมนต์สนใจใต้โพสต์เลยนะ📌 #opendurianhowto #OpenDurianBooks #GhostlyRemains #หมึกซึม #Books
ริว,7572141481134214418,2025-11-13,โอบกอดความไม่สมบูรณ์แบบของเธอ (Embrace Your Flaws),0.0,0,0.0,0.0,คนเราจะแตกสลายได้กี่ครั้ง ทุกครั้งที่ให้ใจไป ก็เหมือนยื่นมีดให้ใครบางคน ทั้งที่รู้ว่าอาจถูกทำร้ายอีก…แต่ก็ยังยอม เราพยายามเข้มแข็งจนเหนื่อย พยายามยิ้ม ทั้งที่ในใจพังไม่เหลือชิ้นดี แต่รู้ไหม…ต่อให้แตกสลายอีกกี่ครั้ง หัวใจเราก็ยังเลือกจะเต้นต่อไปอยู่ดี 😭 เพราะลึก ๆ แล้วเรายังอยากเชื่อว่าสักวันหนึ่ง จะมีใครเห็นความสวยงาม ในหัวใจที่ผ่านการแตกสลายมานับไม่ถ้วนแบบนี้” หนังสือโอบกอดความไม่สมบูรณ์แบบของเธอ หนังสือที่จะไม่บอกให้เธอ “ลืม” แต่จะสอนให้เธอ “ยอมรับ” ว่าทุกรอยร้าว ก็มีค่าในแบบของมัน เรียนรู้และเติบโตเพื่อคนที่ยังอยู่และคนที่จากไป  เพราะเราต่างไม่มีใครสมบูรณ์ เราเจ็บปวดได้ ร้องไห้ได้ โอบกอบตัวเองไว้เสมอ แม้จะไม่สมบูรณ์แบบก็ตาม ใครสนใจกดที่ตะกร้าหน้าคลิปได้เลยหรือจะทักแชตหรือคอมเมนต์สนใจใต้โพสต์เลยนะ🥳🤍 #opendurianhowto #OpenDurianBooks #โอบกอดความไม่สมบูรณ์แบบของเธอ #หนังสือ #Books
ริว,7571801058754727176,2025-11-12,หนังสือ ขอใช้ชีวิตที่เหลือ เพื่อตัวเองนะ,0.0,0,0.35,0.0,อยากโทรคุยเล่นกับแม่ แต่ด้วยความเหนื่อยเลยเผลอหลับไป จนตอนค่ำมีสายโทรศัพท์โทรเข้ามาบอกว่า แม่ไม่อยู่แล้ว แม่เสียแล้วนะ😭 ตอนนั้นทั้งโลกเงียบลงในพริบตา อยากโทรกลับไปหาแม่อีกสักครั้ง…แต่แม่คงไม่รับอีกแล้ว คิดถึงแม่ คิดถึงคำถามเดิม ๆ ว่า “กินข้าวหรือยังลูก” คิดถึงแม้แต่ความห่วงที่เคยรำคาญตอนนั้น หนูยังไม่ได้เอาความสำเร็จที่ตั้งใจไว้ไปอวดแม่เลย ยังไม่ได้ให้แม่เห็นเลยว่า หนูทำได้แล้วจริง ๆ🥺 เรื่องราวจากในหนังสือ ขอให้ชีวิตที่เหลือเพื่อตัวเองนะ ที่จะคอยบอกเราว่า อยากจะทำอะไรก็ทำเลย เพราะพรุ่งนี้ที่รอ อาจจะมาไม่ถึงแล้วก็ได้ พออ่านแล้วมันดีมาก ๆ  หนังสือเล่มนี้จะรวมข้อคิดและประโยคฮีลใจไว้มากมายที่จะทำให้เราได้หยุดคิดและให้ความสำคัญกับตัวเองได้ใช้ชีวิตในแบบที่ตัวเองอยากใช้และทำให้เราเข้าใจตัวเองมากขึ้น ใครสนใจกดที่ตะกร้าหน้าคลิปได้เลย🫂🤍   #opendurianhowto #OpenDurianBooks #ขอใช้ชีวิตที่เหลือเพื่อตัวเองนะ #หนังสือ #Books
มิ้น,7571431823213956373,2025-11-11,[หนังสือ] ปีศาจตัวนั้น คือฉันเอง 2 A Guide to Overcoming the Return of the Demons,0.0,0,0.91,0.0,คุณคิดว่า “การนอกใจ” เป็นเรื่องปกติ ?  #opendurianhowto #books #นอกใจ #ปีศาจตัวนั้นคือฉันเอง2 #ฮีลใจ  
ริว,7571398242932411666,2025-11-11,[สุดคุ้ม] หนังสือ ปีศาจตัวนั้น คือฉันเอง A Guide to Fight the Demons in My Heart,0.0,0,0.0,0.0,เรายอมลดคุณค่าตัวเองลงทุกวัน เพียงเพราะกลัวว่าถ้าเป็นตัวเองจริง ๆ จะไม่มีใครอยู่ข้างเรา #opendurianhowto #opendurianbooks #ปีศาจตัวนั้นคือฉันเอง #หนังสือพัฒนาตัวเอง #books
มิ้น,7571057324526161173,2025-11-10,โอบกอดความไม่สมบูรณ์แบบของเธอ (Embrace Your Flaws),0.0,0,0.01,0.0,เธอว่า … คนเรา “สามารถแตกสลายได้กี่ครั้งกันนะ”  #opendurianhowto #books #เธรดเศร้า #โอบกอดความไม่สมบูรณ์แบบของเธอ  #imminimus 
มิ้น,7571054111131454740,2025-11-10,[ขายดี] หนังสือ GHOSTLY REMAINS ปลดพันธนาการดวงวิญญาณหลังความตาย by หมึกซึม,0.0,0,0.0,0.0,แด่ทุกความรักที่ยังถูกเก็บซ่อนไว้  ขอให้ยังคงสวยงามในทุกครั้งที่คิดถึง :)   #opendurianhowto #books #เธรดเศร้า #แอบรัก #ghostlyremains 
ริว,7571027555164245255,2025-11-10,หนังสือ Ghostly Brews ยินดีบริการดวงวิญญาณหลังเที่ยงคืน by หมึกซึม,0.0,0,0.0,0.0,ถ้าคืนนี้เป็นคืนสุดท้ายของชีวิตคุณ… คุณจะเลือกทำอะไรหรือบอกอะไรกับใครสักคนก่อนที่คุณจะหายไปตลอดกาลไหม #opendurianhowto #OpenDurianBooks #GhostlyBrews #หมึกซึม #books
ริว,7570282355126963474,2025-11-08,[พร้อมส่ง] Box set หนังสือถ้าโลกมันแย่ ก็แค่คิดแบบคาปิบาร่า (Think Like a Happybara),0.0,0,0.0,0.0,คนไทยทำอะไรกันอยู่ทำไมยังไม่ซื้อสิ่งนี้ ⁉️ หนังสือที่ให้ของแถมมาเยอะขนาดนี้ ไม่มีอีกแล้วววว 🤩 นี่คือ boxset ถ้าโลกมันแย่ก็แค่คิดแบบคาปิบาร่า 🦫ที่แถมสติกเกอร์มาถึง 9 แผ่น ที่คั่นหนังสือ 3 อัน แล้วก็มีคัมภีร์รวมคำพูดฮีลใจ คือแถมมาจุกสุด ๆ 🥳 แล้วที่ขาดไม่ได้คือหนังสือฮีลใจสุดน่ารักที่มีคอนเซปจากความน่ารักของคาปิบาร่า ผ่านครอบครัว Happybara แสนน่ารักที่ใช้ชีวิตแสนชิล ที่ไม่ว่าจะเจอกี่ปัญหา ทั้งเรื่องงาน ชีวิตหรือเรื่องความรักก็ไม่มีอะไรที่ทำร้ายใจเราได้  🤍 #opendurianhowto #opendurianbooks #ถ้าโลกมันแย่แค่คิดแบบคาปิบาร่า #หนังสือพัฒนาตัวเอง #books 
มิ้น,7569933832070106389,2025-11-07,[ขายดี] หนังสือ GHOSTLY REMAINS ปลดพันธนาการดวงวิญญาณหลังความตาย by หมึกซึม,0.0,0,0.0,0.0,✨ลดทั้งร้าน (11.11) นี้ หนังสือฮีลใจจัดโปรรับหน้าหนาว🥶  แจกคูปองส่วนลด แค่วันที่ 11 นี้เท่านั้น กดตะกร้าด่วน ‼️ #opendurianhowto #books #หนังสือฮีลใจ #พักใจ #หนาว 
มิ้น,7569933832070106389,2025-11-07,[หนังสือ] ปีศาจตัวนั้น คือฉันเอง 2 A Guide to Overcoming the Return of the Demons,0.0,0,0.0,0.0,✨ลดทั้งร้าน (11.11) นี้ หนังสือฮีลใจจัดโปรรับหน้าหนาว🥶  แจกคูปองส่วนลด แค่วันที่ 11 นี้เท่านั้น กดตะกร้าด่วน ‼️ #opendurianhowto #books #หนังสือฮีลใจ #พักใจ #หนาว 
มิ้น,7569933832070106389,2025-11-07,หนังสือ The Witches' Club ชมรมลับเปลี่ยนชีวิต,0.0,0,0.0,0.0,✨ลดทั้งร้าน (11.11) นี้ หนังสือฮีลใจจัดโปรรับหน้าหนาว🥶  แจกคูปองส่วนลด แค่วันที่ 11 นี้เท่านั้น กดตะกร้าด่วน ‼️ #opendurianhowto #books #หนังสือฮีลใจ #พักใจ #หนาว 
มิ้น,7569933832070106389,2025-11-07,BOXSET The Witches' Club ชมรมลับเปลี่ยนชีวิต,0.0,0,0.0,0.0,✨ลดทั้งร้าน (11.11) นี้ หนังสือฮีลใจจัดโปรรับหน้าหนาว🥶  แจกคูปองส่วนลด แค่วันที่ 11 นี้เท่านั้น กดตะกร้าด่วน ‼️ #opendurianhowto #books #หนังสือฮีลใจ #พักใจ #หนาว 
มิ้น,7569933832070106389,2025-11-07,Boxset เหนื่อยมากไหม พักก่อนก็ได้นะวันนี้ by MAY-I (เม-ไอ),0.0,0,0.0,0.0,✨ลดทั้งร้าน (11.11) นี้ หนังสือฮีลใจจัดโปรรับหน้าหนาว🥶  แจกคูปองส่วนลด แค่วันที่ 11 นี้เท่านั้น กดตะกร้าด่วน ‼️ #opendurianhowto #books #หนังสือฮีลใจ #พักใจ #หนาว 
มิ้น,7569933832070106389,2025-11-07,หนังสือ เหนื่อยมากไหม พักก่อนก็ได้นะวันนี้ by MAY-I (เม-ไอ),0.0,0,0.0,0.0,✨ลดทั้งร้าน (11.11) นี้ หนังสือฮีลใจจัดโปรรับหน้าหนาว🥶  แจกคูปองส่วนลด แค่วันที่ 11 นี้เท่านั้น กดตะกร้าด่วน ‼️ #opendurianhowto #books #หนังสือฮีลใจ #พักใจ #หนาว 
มิ้น,7569933832070106389,2025-11-07,[ขายดี] หนังสือ Ghostly Brews ยินดีบริการดวงวิญญาณหลังเที่ยงคืน by หมึกซึม,0.0,0,0.0,0.0,✨ลดทั้งร้าน (11.11) นี้ หนังสือฮีลใจจัดโปรรับหน้าหนาว🥶  แจกคูปองส่วนลด แค่วันที่ 11 นี้เท่านั้น กดตะกร้าด่วน ‼️ #opendurianhowto #books #หนังสือฮีลใจ #พักใจ #หนาว 
มิ้น,7569933832070106389,2025-11-07,หนังสือ ความลับสู่เงินล้านที่โรงเรียนไม่เคยสอน (The Millionaire's Top Secret),0.0,0,0.0,0.0,✨ลดทั้งร้าน (11.11) นี้ หนังสือฮีลใจจัดโปรรับหน้าหนาว🥶  แจกคูปองส่วนลด แค่วันที่ 11 นี้เท่านั้น กดตะกร้าด่วน ‼️ #opendurianhowto #books #หนังสือฮีลใจ #พักใจ #หนาว 
มิ้น,7569933832070106389,2025-11-07,โอบกอดความไม่สมบูรณ์แบบของเธอ (Embrace Your Flaws),0.0,0,0.0,0.0,✨ลดทั้งร้าน (11.11) นี้ หนังสือฮีลใจจัดโปรรับหน้าหนาว🥶  แจกคูปองส่วนลด แค่วันที่ 11 นี้เท่านั้น กดตะกร้าด่วน ‼️ #opendurianhowto #books #หนังสือฮีลใจ #พักใจ #หนาว 
มิ้น,7569933832070106389,2025-11-07,[สุดคุ้ม] หนังสือ ปีศาจตัวนั้น คือฉันเอง A Guide to Fight the Demons in My Heart,0.0,0,0.0,0.0,✨ลดทั้งร้าน (11.11) นี้ หนังสือฮีลใจจัดโปรรับหน้าหนาว🥶  แจกคูปองส่วนลด แค่วันที่ 11 นี้เท่านั้น กดตะกร้าด่วน ‼️ #opendurianhowto #books #หนังสือฮีลใจ #พักใจ #หนาว 
ริว,7569555615756848402,2025-11-07,BOXSET The Witches' Club ชมรมลับเปลี่ยนชีวิต,0.0,0,25.87,0.0,📌ป้ายยาหนังสือน่ารัก ๆ ที่อ่านแล้วเปลี่ยนชีวิต🤩 กับ Boxset The witches’ Club ที่เขามีของแถมมาเพียบ ทั้งไพ่ทำนายดวงรายวัน ที่สามารถดูเองได้ที่บ้าน แถมปลอบใจเราได้ด้วย งานอาร์ตของเขาคือดูดีมาก และยังมีที่คั่นหนังสือน่ารัก ๆ สติกเกอร์แมวและถุงกำมะหยี่ คือแถมมาจุก ๆ 🥰 และที่ขาดไม่ได้คือหนังสือเล่มนี้เลย หนังสือรวม 50 กฎแม่มด เป็นกฎที่อ่านแล้วรู้สึกเหมือนได้รับพลังดี ๆ ในวันที่ทุกอย่างมันแย่ไปหมด บางหน้าพออ่านแล้วทำให้เรายิ้มได้และบางหน้าอาจทำให้เราร้องไห้เหมือนได้ละลายอะไรบางอย่างในใจ🥹 เซตนี้สามารถอ่านได้ทุกเวลาที่เรารู้สึกเหนื่อย และมันจะให้กำลังใจที่ทำให้คุณเดินต่อไปไหว ถ้าอยากรับพลังงานดี ๆ แบบนี้ เซตนี้ใกล้หมดแล้ว รีบสั่งเลยนะ เดี๋ยวเราแปะพิกัดไว้หน้าคลิปนะ หรือจะทักแชต หรือคอมเม้นสนใจใต้โพสต์เข้ามาได้เลย🥰💖✨ #opendurianhowto #opendurianbooks #หนังสือพัฒนาตัวเอง #books #TheWitchesClub
ริว,7569553536179129618,2025-11-07,[สุดคุ้ม] หนังสือ ปีศาจตัวนั้น คือฉันเอง A Guide to Fight the Demons in My Heart,0.0,0,0.0,0.0,ก่อนจะรักใคร ต้องรักตัวเองให้ได้เต็มร้อยก่อน ถ้ารักตัวเองมากพอ เราจะมีความสุขด้วยตัวเองได้ เพราะในวันที่เขาเดินจากไป เขาจะได้ไม่เอาความสุขเราไปด้วย 🤍😇 #opendurianhowto #opendurianbooks #ปีศาจตัวนั้นคือฉันเอง #หนังสือพัฒนาตัวเอง #books
ไม่ระบุ,7569443874804976903,2025-11-06,หนังสือ Ghostly Brews ยินดีบริการดวงวิญญาณหลังเที่ยงคืน by หมึกซึม,0.0,0,0.0,0.0,อยู่คนเดียว ไม่ได้แปลว่าเราโดดเดี่ยว แต่อาจแปลว่า เรา ‘กล้าพอ’ ที่จะอยู่กับตัวเองแล้ว”🫂 📙 ประโยคนี้จากใน Ghostly Brews ทำให้ผมเงียบไปเลย เพราะมันพูดถึงความจริงง่าย ๆ ที่หลายคนลืม ว่าเราไม่จำเป็นต้องมีใครอยู่ข้าง ๆ ตลอดเวลา ถึงจะมีความสุข หนังสือเล่มนี้เป็นการ์ตูนฮีลใจ ที่เล่าเรื่องของเหล่าวิญญาณ…ที่กลับมาเพื่อพูด “สิ่งสุดท้ายที่ยังค้างอยู่ในใจ” บางตนกลับมาเพราะความรักที่ยังไม่ได้พูด บางตนกลับมาเพราะความฝันที่ยังไม่ได้เริ่ม 🥹 #opendurianhowto #OpenDurianBooks #GhostlyBrews #หมึกซึม #Books 
มิ้น,7568824536716856597,2025-11-04,[สุดคุ้ม] หนังสือ ปีศาจตัวนั้น คือฉันเอง A Guide to Fight the Demons in My Heart,0.0,0,0.0,0.0,อีก 2 เดือนก็จะปีใหม่แล้ว นี่คงเป็นหนังสือที่อยากให้ทุกคนได้อ่านและเริ่มเปลี่ยนแปลงตัวเอง ก่อนที่จะเริ่มต้นปีใหม่อีกครั้ง :)  #ปีศาจตัวนั้นคือฉันเอง #opendurianhowto #books #ปีใหม่ #ป้ายยา 
มิ้น,7568447145901067540,2025-11-03,[ขายดี] หนังสือ Ghostly Brews ยินดีบริการดวงวิญญาณหลังเที่ยงคืน by หมึกซึม,0.0,0,0.0,0.0,📓สรุป 5 ข้อคิดที่ได้จากหนังสือ.. #ghostlybrews #ยินดีบริการดวงวิญญาณ  #opendurianhowto #books #ป้ายยา 
ริว,7568443981915360519,2025-11-03,[ขายดี] หนังสือ GHOSTLY REMAINS ปลดพันธนาการดวงวิญญาณหลังความตาย by หมึกซึม,0.0,0,0.0,0.0,กลับมาอีกครั้งกับผลงานภาคต่อที่จะเยียวยาทุกหัวใจ 🫂🤍 จากคุณหมึกซึม 📓 Ghostly Remains หนังสือการ์ตูนฮีลใจเล่มใหม่ ที่ทำให้เราค่อย ๆ ปล่อยวาง ‘ความคาดหวัง’ ที่บางทีก็ทำร้ายทั้งตัวเอง…และคนที่เรารัก 😭 #opendurianhowto #OpenDurianBooks #GhostlyRemains #หมึกซึม #Books
ริว,7568432837771234568,2025-11-03,โอบกอดความไม่สมบูรณ์แบบของเธอ (Embrace Your Flaws),0.0,0,0.0,0.0,คำพูดแย่ ๆ ที่เรามักพูดกับตัวเอง🥺 แต่รู้ไหมหนังสือ โอบกอดความไม่สมบูรณ์แบบของเธอ บอกว่าคนที่ล้มเหลว ไม่ใช่คนที่ไม่เก่ง แต่คือคนที่ยัง ‘กล้าพยายาม’ แม้รู้ว่ามันอาจไม่สำเร็จ🥹🤍 #opendurianhowto #OpenDurianBooks #โอบกอดความไม่สมบูรณ์แบบของเธอ #หนังสือ #Books
มิ้น,7568335102770498837,2025-11-03,BOXSET เมื่อโลกทั้งใบซ่อนอยู่ใต้หมวกกันน็อก (Helmet Girl),0.0,0,0.0,0.0,✨ความไม่มั่นใจ เป็นเรื่องปกติที่ใครก็เจอได้ แต่มันไม่ได้หมายความว่า… “เราจะไม่เก่ง ไม่ดีพอ” หรือไม่มีคุณค่าอย่างที่เราคิด #opendurianhowto #helmetgirl #เมื่อโลกทั้งใบซ่อนอยู่ใต้หมวกกันน็อก #books #ป้ายยา 
ริว,7567960271671528712,2025-11-02,BOXSET The Witches' Club ชมรมลับเปลี่ยนชีวิต,0.0,0,1.88,0.0,แค่ประโยคเดียว…ที่ทำให้เรากลับมาเชื่อในตัวเองอีกครั้ง เขาบอกว่า จงรักตัวเองให้มากพอจนไม่ยอมเจ็บเพียงเพื่อรักษาคนที่ไม่เห็นคุณค่าของเรา😭 #opendurianhowto #opendurianbooks #หนังสือพัฒนาตัวเอง #books #TheWitchesClub
มิ้น,7567378504740883732,2025-10-31,[ขายดี] หนังสือ GHOSTLY REMAINS ปลดพันธนาการดวงวิญญาณหลังความตาย by หมึกซึม,0.0,0,0.0,0.0,บางครั้ง “ความรัก ความหวังดี” ที่มากเกินไปของ “พ่อแม่”  ก็อาจสร้างบาดแผลให้ลูกโดยไม่รู้ตัว  #opendurianhowto #ghostremains #ปลดพันธนาการดวงวิญญาณหลังความตาย #ครอบครัว #หนังสือฮีลใจ  
มิ้น,7567014713180114197,2025-10-30,หนังสือ ความลับสู่เงินล้านที่โรงเรียนไม่เคยสอน (The Millionaire's Top Secret),0.0,0,0.0,0.0,📌โตมาถึงจะได้เข้าใจว่า … พอมีปัญหาเรื่องเงิน ไม่มีใครช่วยเราได้นอกจาก “ตัวเราเอง” นั่นคือเรื่องจริง :)  #ความลับสู่เงินล้านที่โรงเรียนไม่เคยสอน #หนังสือการเงิน #opendurianhowto #ป้ายยา #books  
มิ้น,7566993106139204884,2025-10-30,หนังสือ ความลับสู่เงินล้านที่โรงเรียนไม่เคยสอน (The Millionaire's Top Secret),0.0,0,0.0,0.0,อ่านแล่มนี้ถ้าคุณ… - ทำงานหนักแต่ไม่มีเงินเก็บ 🥲 - วางแผนการเงินไม่เป็น 🤑 - พื้นฐานการเงินเป็น 0 😱 - ลงทุนแล้วไม่ได้กำไร 📉 #ความลับสู่เงินล้านที่โรงเรียนไม่เคยสอน #หนังสือการเงิน #opendurianhowto #ป้ายยา 
ริว,7566933900904254738,2025-10-30,หนังสือ ฉันจะมีชีวิตที่ดี (นักเขียนนามปากกา คิดมาก),0.0,0,0.0,0.0,เราใช้เวลาครึ่งชีวิต เพื่อพยายามเป็นคนที่คนอื่นอยากให้เป็น แต่ไม่ค่อยได้ถามตัวเองเลยว่า แล้วเรามีความสุขไหม🥹 บางทีเรารีบใช้ชีวิตจนลืมหยุดคิด ลืมมองกลับมาที่ตัวเอง ว่าเรามีคุณค่าแค่ไหน ทั้งที่ความดี ความพยายาม ความเหนื่อยที่เราผ่านมา มันก็นับเป็น ‘ชีวิตที่ดี’ ได้เหมือนกัน😇✨ 📙หนังสือ ‘ฉันจะมีชีวิตที่ดี’ ไม่ใช่คู่มือการใช้ชีวิต แต่เป็นกระจกอีกบาน ที่ทำให้เราได้เห็น “ตัวเอง” ชัดขึ้น ผ่านเรื่องราวเรียบง่ายแต่จริงจาก “คิดมาก” 📌ใครสนใจกดที่ตะกร้าหน้าคลิปได้เลยนะหรือจะทักแชตหรือคอมเมนต์สนใจใต้โพสต์เลยนะ #opendurianhowto #OpenDurianBooks #ฉันจะมีชีวิตที่ดี #หนังสือ #Books
ริว,7566932931273346312,2025-10-30,หนังสือ ขอใช้ชีวิตที่เหลือ เพื่อตัวเองนะ,0.0,0,502.4,0.0,เพราะพรุ่งนี้อาจมาไม่ถึง สุขให้ได้ในวันนี้จึงดีที่สุด อยากจะทำอะไรก็ทำเลย เพราะพรุ่งนี้ที่รออาจจะมาไม่ถึงแล้วก็ได้ 🥹🫂 📙 ข้อคิดจากหนังสือ ขอใช้ชีวิตที่เหลือเพื่อตัวเองนะ ที่รวมประโยคที่จะทำให้คุณพร้อมกลับมารักตัวเองอีกครั้ง ในเล่มจะมีทั้งประโยคน่ารัก ๆ และภาพการ์ตูนประกอบที่อบอุ่นหัวใจ ถ้าคุณได้อ่านเล่มนี้คุณจะกลับมารักตัวเองมากขึ้นแน่นอน ถ้าใครสนใจกดที่ตะกร้าหน้าคลิปได้เลยนะหรือจะทักแชตหรือคอมเมนต์สนใจใต้โพสต์เลยนะ🤩🥳 #opendurianhowto #OpenDurianBooks #ขอใช้ชีวิตที่เหลือเพื่อตัวเองนะ #หนังสือ #Books
ริว,7566580152868654354,2025-10-29,[ขายดี] หนังสือ GHOSTLY REMAINS ปลดพันธนาการดวงวิญญาณหลังความตาย by หมึกซึม,0.0,0,0.0,0.0,30 เล่มสุดท้าย รีบสั่งก่อน sold out ‼️กับหนังสือฮีลใจแห่งปี Ghostly Remains  ผลงานภาคต่อที่ทุกหัวใจรอคอยจาก คุณหมึกซึม 📓 หนังสือการ์ตูนฮีลใจเล่มใหม่ ที่จะพาเราค่อย ๆ ปล่อยวาง “ความคาดหวัง” ที่อาจกำลังทำร้ายทั้งตัวเองและคนที่เรารัก 🫂ซึ่งอ่านแล้วอาจจะทำให้คุณเสียน้ำตา แต่จะทำให้เห็นคุณค่าในตัวเองมากขึ้น 😭บอกเลยว่าต้องมีน้ำตาไหลกันบ้างแหละ สั่งซื้อได้เลยตอนนี้ราคาพิเศษก่อนหมดนะ สนใจกดที่ตะกร้าหน้าคลิปได้เลยนะหรือจะทักแชตหรือคอมเมนต์สนใจใต้โพสต์เลยนะ🤩 #opendurianhowto #OpenDurianBooks #GhostlyRemains #หมึกซึม #Books
ริว,7566573269101350162,2025-10-29,[หนังสือ] ปีศาจตัวนั้น คือฉันเอง 2 A Guide to Overcoming the Return of the Demons,0.0,0,6.04,0.0,วันที่ความกลัวชนะทุกอย่าง… คือวันที่เราหยุดเชื่อว่า การเปลี่ยนแปลง จะพาเราไปเจออะไรที่ดีกว่า 🫂 📙หนังสือ “ปีศาจตัวนั้นคือฉันเอง 2” 😈มันพูดกับคนที่กำลังรู้สึกแบบนี้ มันเข้าใจ…ว่าเราไม่ได้ไม่เก่ง เราแค่เจอกับปีศาจที่อยู่ในหัวเราทุกวัน ปีศาจที่ชื่อว่า “ความกลัว ความคาดหวัง เสียงตำหนิตัวเอง”😭 #opendurianhowto #opendurianbooks #ปีศาจตัวนั้นคือฉันเอง2 #MAYI #books
มิ้น,7566557802286648596,2025-10-29,โอบกอดความไม่สมบูรณ์แบบของเธอ (Embrace Your Flaws),0.0,0,1.28,0.0,แด่คุณ…ผู้แตกสลาย และไม่สมบูรณ์แบบ ;) … เราต่างเจ็บปวดได้ เราต่างร้องไห้ได้ ความเศร้าไม่ใช่สิ่งที่แย่  เราแค่ต้องเป็นเพื่อนกับความเศร้าให้เป็น  … หากคุณกำลังเศร้า อยากให้คุณรู้ว่า คุณไม่ได้กำลังก้าวผ่านเรื่องราวเหล่านั้น “เพียงลำพัง” เติบโต แตกสลาย  แล้วฟื้นขึ้นมาใหม่ “วนไปอยู่แบบนั้น” #opendurianhowto #โอบกอดความไม่สมบูรณ์แบบของเธอ #imminimus #books #เธรดเศร้า  
มิ้น,7566243598342098196,2025-10-28,BOXSET The Witches' Club ชมรมลับเปลี่ยนชีวิต,0.0,0,0.0,0.0,#thewitchesclubชมรมลับเปลี่ยนชีวิต  ✨ว่าแต่…ใน Boxset นี้ เขาจะมีอะไรมาให้เราบ้างน้าา 🔮 #opendurianhowto #books #ป้ายยา #หนังสือฮีลใจ  
ริว,7566209552299904263,2025-10-28,หนังสือ Ghostly Brews ยินดีบริการดวงวิญญาณหลังเที่ยงคืน by หมึกซึม,0.0,0,0.6,0.0,เราเคยคิดว่าการอยู่คนเดียว คือความเหงา จนได้อ่านหนังสือ Ghostly Brews… #opendurianhowto #OpenDurianBooks #GhostlyBrews #หมึกซึม #books
ริว,7566207267058584839,2025-10-28,Boxset เหนื่อยมากไหม พักก่อนก็ได้นะวันนี้ by MAY-I (เม-ไอ),0.0,0,0.78,0.0,ประโยคที่อ่านแล้วหายเหนื่อย จากหนังสือเล่มนี้เขาบอกว่า… #opendurianbooks #opendurianhowto #เหนื่อยมากไหมพักก่อนก็ได้นะวันนี้ #เธรดความรู้สึก #เธรดเศร้า
ไม่ระบุ,7566202477373181191,2025-10-28,หนังสือ My Last Book คู่มือจัดการทุกเรื่องสำคัญในชีวิตก่อนจากไป,0.0,0,0.0,0.0,อย่าให้สิทธิประโยชน์ในวันที่คุณจากไปต้องสูญเปล่า วางแผนให้ครอบคลุมได้ตั้งแต่วันนี้ด้วย #mylastbook #opendurianhowto  
มิ้น,7565844658589273364,2025-10-27,[ขายดี] หนังสือ GHOSTLY REMAINS ปลดพันธนาการดวงวิญญาณหลังความตาย by หมึกซึม,0.0,0,0.15,0.0,📌2 หนังสือการ์ตูนฮีลใจเรียกน้ำตา จากคุณ “พู่” เจ้าของเพจดัง “หมึกซึม”  ✨ ซื้อครบ 2 เล่มตอนนี้  รับราคาลดพิเศษจากทางสำนักพิมพ์ได้เลย‼️ 📌สนใจหนังสือกดที่พิกัดได้เลย #opendurianhowto #books #หนังสือจิตวิทยา #comic #หมึกซึม 
มิ้น,7565844658589273364,2025-10-27,[ขายดี] หนังสือ Ghostly Brews ยินดีบริการดวงวิญญาณหลังเที่ยงคืน by หมึกซึม,0.0,0,0.0,0.0,📌2 หนังสือการ์ตูนฮีลใจเรียกน้ำตา จากคุณ “พู่” เจ้าของเพจดัง “หมึกซึม”  ✨ ซื้อครบ 2 เล่มตอนนี้  รับราคาลดพิเศษจากทางสำนักพิมพ์ได้เลย‼️ 📌สนใจหนังสือกดที่พิกัดได้เลย #opendurianhowto #books #หนังสือจิตวิทยา #comic #หมึกซึม 
ริว,7565832192727862535,2025-10-27,[สุดคุ้ม] หนังสือ ปีศาจตัวนั้น คือฉันเอง A Guide to Fight the Demons in My Heart,0.0,0,0.0,0.0,ไม่มีความเศร้าไหนเท่าการสูญเสียคนในครอบครัว เมื่อคนที่รักจากไป เหลือเพียงความว่างเปล่าในใจ ที่ไม่มีวันเติมเต็มอีกเลย😭 #opendurianhowto #opendurianbooks #ปีศาจตัวนั้นคือฉันเอง #หนังสือพัฒนาตัวเอง #books
มิ้น,7565828230230379797,2025-10-27,[ขายดี] หนังสือ GHOSTLY REMAINS ปลดพันธนาการดวงวิญญาณหลังความตาย by หมึกซึม,0.0,0,0.0,0.0,📌PAYDAY นี้  หนังสือฮีลใจลดทุกเล่ม! 📖 ให้ส่วนลด 25% ลดสูงสุดถึง 500 บาท😱 (เมื่อซื้อขั้นต่ำ 300 บาทขึ้นไป)✨ | สนใจหนังสือกดที่ตะกร้า 🧺  #opendurianhowto #books #หนังสือฮีลใจ #ป้ายยา #แคปชั่น 
มิ้น,7565828230230379797,2025-10-27,[หนังสือ] ปีศาจตัวนั้น คือฉันเอง 2 A Guide to Overcoming the Return of the Demons,0.0,0,0.0,0.0,📌PAYDAY นี้  หนังสือฮีลใจลดทุกเล่ม! 📖 ให้ส่วนลด 25% ลดสูงสุดถึง 500 บาท😱 (เมื่อซื้อขั้นต่ำ 300 บาทขึ้นไป)✨ | สนใจหนังสือกดที่ตะกร้า 🧺  #opendurianhowto #books #หนังสือฮีลใจ #ป้ายยา #แคปชั่น 
มิ้น,7565828230230379797,2025-10-27,หนังสือ The Witches' Club ชมรมลับเปลี่ยนชีวิต,0.0,0,0.0,0.0,📌PAYDAY นี้  หนังสือฮีลใจลดทุกเล่ม! 📖 ให้ส่วนลด 25% ลดสูงสุดถึง 500 บาท😱 (เมื่อซื้อขั้นต่ำ 300 บาทขึ้นไป)✨ | สนใจหนังสือกดที่ตะกร้า 🧺  #opendurianhowto #books #หนังสือฮีลใจ #ป้ายยา #แคปชั่น 
มิ้น,7565828230230379797,2025-10-27,BOXSET The Witches' Club ชมรมลับเปลี่ยนชีวิต,0.0,0,0.0,0.0,📌PAYDAY นี้  หนังสือฮีลใจลดทุกเล่ม! 📖 ให้ส่วนลด 25% ลดสูงสุดถึง 500 บาท😱 (เมื่อซื้อขั้นต่ำ 300 บาทขึ้นไป)✨ | สนใจหนังสือกดที่ตะกร้า 🧺  #opendurianhowto #books #หนังสือฮีลใจ #ป้ายยา #แคปชั่น 
มิ้น,7565828230230379797,2025-10-27,Boxset เหนื่อยมากไหม พักก่อนก็ได้นะวันนี้ by MAY-I (เม-ไอ),0.0,0,0.0,0.0,📌PAYDAY นี้  หนังสือฮีลใจลดทุกเล่ม! 📖 ให้ส่วนลด 25% ลดสูงสุดถึง 500 บาท😱 (เมื่อซื้อขั้นต่ำ 300 บาทขึ้นไป)✨ | สนใจหนังสือกดที่ตะกร้า 🧺  #opendurianhowto #books #หนังสือฮีลใจ #ป้ายยา #แคปชั่น 
มิ้น,7565828230230379797,2025-10-27,[ขายดี] หนังสือ Ghostly Brews ยินดีบริการดวงวิญญาณหลังเที่ยงคืน by หมึกซึม,0.0,0,0.0,0.0,📌PAYDAY นี้  หนังสือฮีลใจลดทุกเล่ม! 📖 ให้ส่วนลด 25% ลดสูงสุดถึง 500 บาท😱 (เมื่อซื้อขั้นต่ำ 300 บาทขึ้นไป)✨ | สนใจหนังสือกดที่ตะกร้า 🧺  #opendurianhowto #books #หนังสือฮีลใจ #ป้ายยา #แคปชั่น 
มิ้น,7565828230230379797,2025-10-27,หนังสือ ความลับสู่เงินล้านที่โรงเรียนไม่เคยสอน (The Millionaire's Top Secret),0.0,0,0.0,0.0,📌PAYDAY นี้  หนังสือฮีลใจลดทุกเล่ม! 📖 ให้ส่วนลด 25% ลดสูงสุดถึง 500 บาท😱 (เมื่อซื้อขั้นต่ำ 300 บาทขึ้นไป)✨ | สนใจหนังสือกดที่ตะกร้า 🧺  #opendurianhowto #books #หนังสือฮีลใจ #ป้ายยา #แคปชั่น 
มิ้น,7565828230230379797,2025-10-27,โอบกอดความไม่สมบูรณ์แบบของเธอ (Embrace Your Flaws),0.0,0,0.0,0.0,📌PAYDAY นี้  หนังสือฮีลใจลดทุกเล่ม! 📖 ให้ส่วนลด 25% ลดสูงสุดถึง 500 บาท😱 (เมื่อซื้อขั้นต่ำ 300 บาทขึ้นไป)✨ | สนใจหนังสือกดที่ตะกร้า 🧺  #opendurianhowto #books #หนังสือฮีลใจ #ป้ายยา #แคปชั่น 
มิ้น,7565828230230379797,2025-10-27,[สุดคุ้ม] หนังสือ ปีศาจตัวนั้น คือฉันเอง A Guide to Fight the Demons in My Heart,0.0,0,0.0,0.0,📌PAYDAY นี้  หนังสือฮีลใจลดทุกเล่ม! 📖 ให้ส่วนลด 25% ลดสูงสุดถึง 500 บาท😱 (เมื่อซื้อขั้นต่ำ 300 บาทขึ้นไป)✨ | สนใจหนังสือกดที่ตะกร้า 🧺  #opendurianhowto #books #หนังสือฮีลใจ #ป้ายยา #แคปชั่น 
มิ้น,7565812893841739029,2025-10-27,[หนังสือ] ปีศาจตัวนั้น คือฉันเอง 2 A Guide to Overcoming the Return of the Demons,0.0,0,0.0,0.0,คลิกตะกร้าซื้อตอนนี้‼️ มีราคาพิเศษให้ด้วยน้าา📕 #opendurianhowto  #books #ปีศาจตัวนั้นคือตัวฉันเอง2 #ป้ายยา #หนังสือฮีลใจ 
ริว,7565044421998267656,2025-10-25,หนังสือ ทุกความทรงจำคือของขวัญจากวันวาน,0.0,0,0.01,0.0,ทุกความทรงจำคือของขวัญจากวันวาน มันเหมือนจดหมายจากอดีต ส่งถึงเราในปัจจุบัน เมื่อไหร่ที่เราหยิบขึ้นมาอ่าน ก็เหมือนกับได้พูดคุยกับตัวเองอีกครั้ง 🫂 #opendurianhowto #opendurianbooks #หนังสือพัฒนาตัวเอง #books #ทุกความทรงจำคือของขวัญจากวันวาน 
มิ้น,7564412300795415828,2025-10-23,หนังสือ ขอใช้ชีวิตที่เหลือ เพื่อตัวเองนะ,0.0,0,8.81,0.0,เหนื่อยจนไม่รู้ว่า…ที่ทำอยู่ คือ “ความฝัน” ของใคร :) #opendurianhowto #ป้ายยา #ขอใช้ชีวิตที่เหลือเพื่อตัวเองนะ #คิ้วต่ำ #หนังสือฮีลใจ 
มิ้น,7564374655067229461,2025-10-23,[ขายดี] หนังสือ GHOSTLY REMAINS ปลดพันธนาการดวงวิญญาณหลังความตาย by หมึกซึม,0.0,0,0.0,0.0,ป้ายยาหนังสือ “หมึกซึม” 📓 📌ที่อยากให้อ่านสักครั้งในชีวิต  #opendurianhowto #หมึกซึม #ghostlybrews #ghostlyremains #ป้ายยา 
มิ้น,7564374655067229461,2025-10-23,[ขายดี] หนังสือ Ghostly Brews ยินดีบริการดวงวิญญาณหลังเที่ยงคืน by หมึกซึม,0.0,0,0.0,0.0,ป้ายยาหนังสือ “หมึกซึม” 📓 📌ที่อยากให้อ่านสักครั้งในชีวิต  #opendurianhowto #หมึกซึม #ghostlybrews #ghostlyremains #ป้ายยา 
ริว,7564321426291887378,2025-10-23,หนังสือ ฉันจะมีชีวิตที่ดี (นักเขียนนามปากกา คิดมาก),0.0,0,0.0,0.0,ฉันจะมีชีวิตที่ดี ไม่ว่ามีวันที่ดีหรือวันที่แย่ มันก็ไม่ได้กำหนดว่าเราจะมีชีวิตแบบไหน ชีวิตของเราจะถูกกำหนดโดยความเชื่อที่เรามีต่อตัวเอง 🫂 #opendurianhowto #OpenDurianBooks #ฉันจะมีชีวิตที่ดี #หนังสือ #Books
ริว,7563975670192164103,2025-10-22,หนังสือ ความลับสู่เงินล้านที่โรงเรียนไม่เคยสอน (The Millionaire's Top Secret),0.0,0,0.0,0.0,💰 ใครจะเป็นเศรษฐี ฉันน่ะสิ ฉันน่ะสิ แต่โรงเรียนไม่เคยสอน 🤩 เงินเดือนอย่างเดียว ไม่พอให้รวย ต้องรู้จักเก็บ รู้จักลงทุน หนี้ดีใช้ได้ หนี้เสียอย่าแตะ ให้ดอกเบี้ยทบต้น ทำงานแทนเรา เพราะ “เศรษฐี” ไม่ได้เกิดจากโชค แต่เกิดจาก “ความรู้ที่ถูกต้อง” 😎 📙 จากหนังสือ ความลับสู่เงินล้านที่โรงเรียนไม่เคยสอน  #opendurianhowto #OpenDurianBooks #ความลับสู่เงินล้านที่โรงเรียนไม่เคยสอน #เคล็ดลับความสำเร็จ #การเงิน
ไม่ระบุ,7563894463651745032,2025-10-22,หนังสือ My Last Book คู่มือจัดการทุกเรื่องสำคัญในชีวิตก่อนจากไป,0.0,0,0.0,0.0,อย่ารอจนอายุเยอะแล้วค่อยทำพินัยกรรม เพราะคุณไม่มีวันรู้เลยว่าวันนั้นจะมาเมื่อไร เริ่มวางแผนเพื่อดูแลคนที่รักตั้งแต่ตอนนี้ด้วย #mylastbook #opendurianhowto
มิ้น,7563611847866502420,2025-10-21,[ขายดี] หนังสือ GHOSTLY REMAINS ปลดพันธนาการดวงวิญญาณหลังความตาย by หมึกซึม,0.0,0,0.97,0.0,📓| เพราะในทุกความเกลียด ยังมีเศษเสี้ยวของความรัก  ที่เรายังไม่กล้า “วางลง”  #opendurianhowto #books #หนังสือฮีลใจ #ghostlyremains #ความรัก 
ไม่ระบุ,7563601870950894856,2025-10-21,[หนังสือ] ปีศาจตัวนั้น คือฉันเอง 2 A Guide to Overcoming the Return of the Demons,0.0,0,0.0,0.0,การนอกใจ อาจไม่ใช่แค่อารมณ์ชั่ววูบ แต่เป็นความตั้งใจที่บางคนเลือกทำ ทั้ง ๆ ที่เขารู้ดีว่าเราจะเจ็บปวดแค่ไหน😭 📙 ประโยคจากหนังสือ ปีศาจตัวนั้นคือฉันเอง 2 😈 ที่ทำให้เราหยุดคิดและมันบอกกลับเราว่า เราไม่จำเป็นต้อง อดทน เพื่ออยู่กับคนที่เราก็เห็นแล้วว่า เขาจะทำลายเราอีกเมื่อไหร่ก็ได้ พออ่านแล้วมันจุกอกมาก ๆ #opendurianhowto #opendurianbooks #ปีศาจตัวนั้นคือฉันเอง2 #MAYI #books
ริว,7563599126940830984,2025-10-21,BOXSET The Witches' Club ชมรมลับเปลี่ยนชีวิต,0.0,0,0.12,0.0,🌟 ป้ายยาหนังสือฮีลใจน่ารัก ๆ ที่มีน้องแมวคอยให้กำลังใจอยู่ข้าง ๆ เรากับ Boxset The witches’ Club 😸 ที่เขามีของแถมมาเพียบ ทั้งไพ่ทำนายดวงรายวัน ที่สามารถดูเองได้ที่บ้าน แถมปลอบใจเราได้ด้วย มีที่คั่นหนังสือน่ารัก ๆ สติกเกอร์และถุงกำมะหยี่ คือแถมมาจุก ๆ อะ 🤩🥳 #opendurianhowto #opendurianbooks #หนังสือพัฒนาตัวเอง #books #TheWitchesClub
ริว,7563242951187451143,2025-10-20,[ขายดี] หนังสือ GHOSTLY REMAINS ปลดพันธนาการดวงวิญญาณหลังความตาย by หมึกซึม,0.0,0,0.0,0.0,🌟ป้ายยาหนังสือการ์ตูนที่ภาพสวย เนื้อเรื่องดี และซึมมาก ๆ เพราะเล่มนี้เขียนโดยคุณหมึกซึม 📙 หนังสือเล่มนี้ชื่อว่า Ghostly Remains เป็นหนังสือการ์ตูนคอมมิกขาวดำที่ฮีลใจและจะทำให้เราร้องไห้จนเห็นคุณค่าในตัวเองมากขึ้น แล้วด้วยความเป็นหนังสือการ์ตูนมันอ่านง่าย อ่านเพลินมาก ๆ  #opendurianhowto #OpenDurianBooks #GhostlyRemains #หมึกซึม #Books
มิ้น,7563175839005707540,2025-10-20,ปีศาจตัวนั้น คือฉันเอง 2 A Guide to Overcoming the Return of the Demons,0.0,0,0.0,0.0,✨แม่เห้อออ หนังสือคุณ MAY-I  ได้ออกทีวีด้วยน้าา 🥹 #opendurianhowto #ป้ายยา #books #อัมรินทร์ทีวี34 #สัมภาษณ์ 
มิ้น,7563175839005707540,2025-10-20,หนังสือ The Witches' Club ชมรมลับเปลี่ยนชีวิต,0.0,0,0.0,0.0,✨แม่เห้อออ หนังสือคุณ MAY-I  ได้ออกทีวีด้วยน้าา 🥹 #opendurianhowto #ป้ายยา #books #อัมรินทร์ทีวี34 #สัมภาษณ์ 
มิ้น,7563175839005707540,2025-10-20,BOXSET The Witches' Club ชมรมลับเปลี่ยนชีวิต,0.0,0,0.0,0.0,✨แม่เห้อออ หนังสือคุณ MAY-I  ได้ออกทีวีด้วยน้าา 🥹 #opendurianhowto #ป้ายยา #books #อัมรินทร์ทีวี34 #สัมภาษณ์ 
มิ้น,7563175839005707540,2025-10-20,Boxset เหนื่อยมากไหม พักก่อนก็ได้นะวันนี้ by MAY-I (เม-ไอ),0.0,0,0.0,0.0,✨แม่เห้อออ หนังสือคุณ MAY-I  ได้ออกทีวีด้วยน้าา 🥹 #opendurianhowto #ป้ายยา #books #อัมรินทร์ทีวี34 #สัมภาษณ์ 
มิ้น,7563175839005707540,2025-10-20,หนังสือ เหนื่อยมากไหม พักก่อนก็ได้นะวันนี้ by MAY-I (เม-ไอ),0.0,0,0.0,0.0,✨แม่เห้อออ หนังสือคุณ MAY-I  ได้ออกทีวีด้วยน้าา 🥹 #opendurianhowto #ป้ายยา #books #อัมรินทร์ทีวี34 #สัมภาษณ์ 
มิ้น,7563175839005707540,2025-10-20,[สุดคุ้ม] หนังสือ ปีศาจตัวนั้น คือฉันเอง A Guide to Fight the Demons in My Heart,0.0,0,19.33,0.0,✨แม่เห้อออ หนังสือคุณ MAY-I  ได้ออกทีวีด้วยน้าา 🥹 #opendurianhowto #ป้ายยา #books #อัมรินทร์ทีวี34 #สัมภาษณ์ 
มิ้น,7563150072200940820,2025-10-20,หนังสือ ความลับสู่เงินล้านที่โรงเรียนไม่เคยสอน (The Millionaire's Top Secret),0.0,0,0.0,0.0,📌ป้ายยาหนังสือ✨ “ความลับสู่เงินล้านที่โรงเรียนไม่เคยสอน” เป็นหนังสือการเงินที่เน้น“เรื่องที่โรงเรียนไม่เคยสอน” #opendurianhowto #ความลับสู่เงินล้านที่โรงเรียนไม่เคยสอน #ป้ายยา #books #ฮิตในtiktok 
ริว,7562398243892514066,2025-10-18,BOXSET The Witches' Club ชมรมลับเปลี่ยนชีวิต,0.0,0,0.42,0.0,ความผิดพลาด ไม่ใช่ความล้มเหลว แต่เป็นส่วนหนึ่งของเส้นทางในการเป็นคนที่เก่งกว่าเดิม 🤫 ประโยคเตือนสติจากหนังสือ The Witches’ Club  🔮 ที่ทำให้เราคิดว่าได้ว่าความผิดพลาดมันเป็นเรื่องปกติและมันจะทำให้เราพัฒนาตัวเองให้เก่งกว่าเดิม🥳🌟 #opendurianhowto #OpenDurianBooks #TheWitchesClub #books #หนังสือพัฒนาตัวเอง 
ไม่ระบุ,7562013779551194386,2025-10-17,หนังสือ My Last Book คู่มือจัดการทุกเรื่องสำคัญในชีวิตก่อนจากไป,0.0,0,0.0,0.0,เริ่มวางแผนดูแลสัตว์เลี้ยงสุดที่รักตั้งแต่วันนี้ เพื่อให้พวกเขาไม่ต้องถูกทิ้งไว้เพียงลำพังในวันที่เราจากไป #mylastbook #opendurianhowto
มิ้น,7561809381386669332,2025-10-16,ปีศาจตัวนั้น คือฉันเอง 2 A Guide to Overcoming the Return of the Demons,0.0,0,0.0,0.0,📕ถ้ามีปีศาจในตัวเอง😈 ก็สามารถทำลายปีศาจ ได้ด้วย ”ตัวเอง“ :)  #ปีศาจตัวนั้นคือฉันเอง #opendurianhowto #หนังสือฮีลใจ #books #สัมภาษณ์ 
มิ้น,7561809381386669332,2025-10-16,[สุดคุ้ม] หนังสือ ปีศาจตัวนั้น คือฉันเอง A Guide to Fight the Demons in My Heart,0.0,0,0.0,0.0,📕ถ้ามีปีศาจในตัวเอง😈 ก็สามารถทำลายปีศาจ ได้ด้วย ”ตัวเอง“ :)  #ปีศาจตัวนั้นคือฉันเอง #opendurianhowto #หนังสือฮีลใจ #books #สัมภาษณ์ 
ริว,7561761129773452551,2025-10-16,หนังสือ ขอใช้ชีวิตที่เหลือ เพื่อตัวเองนะ,0.0,0,0.0,0.0,เพราะการรักตัวเอง ไม่ใช่การเห็นแก่ตัว ถ้าความรักที่เรามอบให้ตัวเองนั้น ไม่ได้ไปทำให้ใครต้องเจ็บปวด🫂 #opendurianhowto #OpenDurianBooks #ขอใช้ชีวิตที่เหลือเพื่อตัวเองนะ #หนังสือ #Books
ริว,7561389590452505864,2025-10-15,[ขายดี] หนังสือ GHOSTLY REMAINS ปลดพันธนาการดวงวิญญาณหลังความตาย by หมึกซึม,0.0,0,0.0,0.0,มีประโยคนึงในหนังสือที่อ่านแล้ว จุกอกอยู่ในใจ เขาบอกว่า หนักมากไหมลูก ความคาดหวังของแม่ที่อยู่บนบ่า วางมันลงได้แล้วนะ พออ่านประโยคนี้ทำให้เราซึมและคิดทบทวนความรู้สึกตัวเองอีกครั้ง 📓 ประโยคนี้มาจากหนังสือ Ghostly Remains หนังสือการ์ตูนฮีลใจเล่มใหม่จากคุณหมึกซึม ที่จะทำให้เห็นคุณค่าในตัวเองมากขึ้น #OpenDurianHowTo #OpenDurianBooks #GhostlyRemains #หมึกซึม #books 
มิ้น,7561377681615506689,2025-10-15,หนังสือ GHOSTLY REMAINS ปลดพันธนาการดวงวิญญาณหลังความตาย by หมึกซึม,0.0,0,0.0,0.0,“ถ้าวันนี้เป็นวันสุดท้ายของชีวิต อยากจะทำอะไรมากที่สุด” ☕️ #opendurianhowto #หนังสือฮีลใจ ##สัมภาษณ์#ghostlybrews ##ghostlyremains
มิ้น,7561377681615506689,2025-10-15,หนังสือ Ghostly Brews ยินดีบริการดวงวิญญาณหลังเที่ยงคืน by หมึกซึม,0.0,0,0.0,0.0,“ถ้าวันนี้เป็นวันสุดท้ายของชีวิต อยากจะทำอะไรมากที่สุด” ☕️ #opendurianhowto #หนังสือฮีลใจ ##สัมภาษณ์#ghostlybrews ##ghostlyremains
มิ้น,7561351331470970128,2025-10-15,หนังสือ The Witches' Club ชมรมลับเปลี่ยนชีวิต,0.0,0,0.0,0.0,📌ป้ายยาหนังสือฮีลใจ ที่ต้องซื้อเก็บไว้อ่าน ต้อนรับฮาโลวีน👻  #opendurianhowto #หนังสือฮีลใจ #ป้ายยา #ฮาโลวีน #ฮิตในtiktok 
มิ้น,7561351331470970128,2025-10-15,BOXSET The Witches' Club ชมรมลับเปลี่ยนชีวิต,0.0,0,14.41,0.0,📌ป้ายยาหนังสือฮีลใจ ที่ต้องซื้อเก็บไว้อ่าน ต้อนรับฮาโลวีน👻  #opendurianhowto #หนังสือฮีลใจ #ป้ายยา #ฮาโลวีน #ฮิตในtiktok 
มิ้น,7561351331470970128,2025-10-15,หนังสือ Ghostly Brews ยินดีบริการดวงวิญญาณหลังเที่ยงคืน by หมึกซึม,0.0,0,0.1,0.0,📌ป้ายยาหนังสือฮีลใจ ที่ต้องซื้อเก็บไว้อ่าน ต้อนรับฮาโลวีน👻  #opendurianhowto #หนังสือฮีลใจ #ป้ายยา #ฮาโลวีน #ฮิตในtiktok 
มิ้น,7561351331470970128,2025-10-15,หนังสือ กว่าจะคิดได้ก็ไม่มีลมหายใจแล้ว (It Is Never Too Late to Love Yourself),0.0,0,35.14,0.0,📌ป้ายยาหนังสือฮีลใจ ที่ต้องซื้อเก็บไว้อ่าน ต้อนรับฮาโลวีน👻  #opendurianhowto #หนังสือฮีลใจ #ป้ายยา #ฮาโลวีน #ฮิตในtiktok 
มิ้น,7561051398155062529,2025-10-14,หนังสือ GHOSTLY REMAINS ปลดพันธนาการดวงวิญญาณหลังความตาย by หมึกซึม,0.0,0,0.0,0.0,📌สัมภาษณ์ (นักเขียน)  “คุณหมึกซึม” 📓เจ้าของผลงาน #GhostlyBrews #GhostlyRemains   #opendurianhowto #books #หนังสือฮีลใจ 
มิ้น,7561051398155062529,2025-10-14,หนังสือ Ghostly Brews ยินดีบริการดวงวิญญาณหลังเที่ยงคืน by หมึกซึม,0.0,0,0.0,0.0,📌สัมภาษณ์ (นักเขียน)  “คุณหมึกซึม” 📓เจ้าของผลงาน #GhostlyBrews #GhostlyRemains   #opendurianhowto #books #หนังสือฮีลใจ 
ริว,7561030095700266247,2025-10-14,Boxset เหนื่อยมากไหม พักก่อนก็ได้นะวันนี้ by MAY-I (เม-ไอ),0.0,0,0.0,0.0,เหนื่อยมากไหม พักก่อนก็ได้นะวันนี้ เป็นชื่อหนังสือที่อ่านแล้วทำให้เรารู้สึกซึมตั้งแต่อ่านปก เพราะไม่ใช่ทุกคนที่จะพูดกับเราด้วยประโยคนี้ 🫂 #OpenDurianHowTo #OpenDurianBooks ##เหนื่อยมากไหมพักก่อนก็ได้นะวันนี้ #MAYI #books 
ริว,7561027785737784594,2025-10-14,[ขายดี] หนังสือ GHOSTLY REMAINS ปลดพันธนาการดวงวิญญาณหลังความตาย by หมึกซึม,0.0,0,0.0,0.0,อยู่คนเดียว ไม่ได้แปลว่าเราโดดเดี่ยว แต่อาจแปลว่า เรา ‘กล้าพอ’ ที่จะอยู่กับตัวเองแล้ว” 🙂 📓 ประโยคนี้จากใน Ghostly Brews ทำให้ผมเงียบไปเลย เพราะมันพูดถึงความจริงง่าย ๆ ที่หลายคนลืม ว่าเราไม่จำเป็นต้องมีใครอยู่ข้าง ๆ ตลอดเวลา ถึงจะมีความสุข #OpenDurianHowTo #OpenDurianBooks #GhostlyRemains #หมึกซึม #books 
มิ้น,7561025425590340881,2025-10-14,[หนังสือ] ปีศาจตัวนั้น คือฉันเอง 2 A Guide to Overcoming the Return of the Demons,0.0,0,0.0,0.0,✨1000/100 ไปเลยละกัน📕 📕เป็นหนังสือที่อ่านแล้วเจ็บจี๊ด 🥲  ถึงจะเหมือนโดนด่าก็เถอะ แต่ก็อยากจะอ่าน  มันจะคอยบอกว่าเจ็บไปเถอะ เจ็บแล้วจะได้จำ🚨 ขอบอกเลยว่า Ver. 2 คือเจ็บหนักมาก ‼️ #opendurianhowto #ปีศาจตัวนั้นคือตัวฉันเอง2 #books #เมไอ #หนังสือฮีลใจ 
ริว,7561022268067925255,2025-10-14,[หนังสือ] ปีศาจตัวนั้น คือฉันเอง 2 A Guide to Overcoming the Return of the Demons,0.0,0,0.0,0.0,บทสัมภาษณ์สุดพิเศษ  จากใจนักเขียน “MAY-I” 🖊  . 📕 เจ้าของผลงานหนังสือแห่งปี!   รางวัลอันดับ 1 “ปีศาจตัวนั้น คือฉันเอง”  . และผลงานหนังสือเล่มใหม่ล่าสุด  “ปีศาจตัวนั้น คือฉันเอง 2”  . พร้อมเผยความรู้สึกสุด Exclusive!   ที่อยากฝากถึงนักอ่านทุกคน  💌 ใครอยากฮีลใจและสนับสนุนผลงานนักเขียน  . 📍 สามารถสั่งซื้อหนังสือ ทั้งที่หน้างานหนังสือ  หรือผ่านช่องทางออนไลน์ได้เลยนะคะ 😊  . 📌 สนใจสั่งซื้อ ทักแชตได้เลยค่ะ  📲 https://m.me/opendurianhowto . 📖 ช่องทางเพิ่มพลังบวก  Shopee : https://s.shopee.co.th/7fPxF7LjwU IG : https://www.instagram.com/opendurianhowto/ TikTok : www.tiktok.com/@opendurianhowto . . #OpenDurianHowTo  #OpenDurianBooks #ปีศาจตัวนั้นคือฉันเอง2  #MAYI #เมไอ 
ไม่ระบุ,7560995705582570759,2025-10-14,หนังสือ My Last Book คู่มือจัดการทุกเรื่องสำคัญในชีวิตก่อนจากไป,0.0,0,0.0,0.0,เปิดหนังสือ #mylastbook คู่มือที่จะช่วยให้คุณเตรียมพร้อมเพื่อคนที่รัก ให้พวกเขาไม่ต้องลำบากในวันที่คุณต้องจากไป #opendurianhowto 
ริว,7560644366398672135,2025-10-13,[สุดคุ้ม] หนังสือ ปีศาจตัวนั้น คือฉันเอง A Guide to Fight the Demons in My Heart,0.0,0,0.0,0.0,คุณพูดดีกับทุกคน ยกเว้นกับตัวเอง ทำไมต้องใจร้ายกับตัวเองขนาดนั้น? เราทุกคนมี “ปีศาจในหัว” ที่คอยกระซิบว่าเราไม่ดีพอ ไม่คู่ควร และไม่มีค่า🫂 #opendurianhowto #opendurianbooks #ปีศาจตัวนั้นคือฉันเอง #หนังสือพัฒนาตัวเอง #books
ริว,7560547692510956807,2025-10-13,หนังสือ ชีวิตมีเรื่องให้ขอบคุณมากกว่าเสียใจ,0.0,0,0.0,0.0,ถ้าคุณคิดว่าชีวิตไม่มีอะไรดีเลย ผมอยากให้คุณอ่านบรรทัดนี้เขาบอกว่า ไม่จำเป็นที่เราจะต้องพยายามแข็งแกร่งอะไรขนาดนั้น ร้องไห้ออกมาก็ได้ ท้อบ้างก็ไม่ได้แย่ สุข ทุกข์ เป็นเรื่องสามัญธรรมดา✨ 📙ประโยคจากหนังสือ ชีวิตมีเรื่องให้ขอบคุณมากกว่าเสียใจ 🫂 #opendurianhowto #OpenDurianBooks #ชีวิตมีเรื่องให้ขอบคุณมากกว่าเสียใจ #หนังสือ #Books  
มิ้น,7559789633907870992,2025-10-11,หนังสือ ขอใช้ชีวิตที่เหลือ เพื่อตัวเองนะ,0.0,0,0.0,0.0,📕5 ประโยคที่ควรอ่านตอนตื่นนอน  จากหนังสือ #ขอใช้ชีวิตที่เหลือเพื่อตัวเองนะ  #opendurianhowto #หนังสือฮีลใจ #books #คิ้วต่ำ 
มิ้น,7559548047068286224,2025-10-10,ปีศาจตัวนั้น คือฉันเอง 2 A Guide to Overcoming the Return of the Demons,0.0,0,0.0,0.0,…บางครั้งคำพูดจากคนที่  “เรารักมากที่สุด”  กลับเป็นสิ่งที่ทำให้เรารู้สึกเจ็บปวดที่สุดได้เช่นกัน 🥲 📕ประโยคจากหนังสือ | ปีศาจตัวนั้นคือฉันเอง 2  #opendurianhowto #books #หนังสือฮีลใจ #opendurianbooks #ปีศาจตัวนั้นคือตัวฉันเอง2 
มิ้น,7559461425970695441,2025-10-10,หนังสือ GHOSTLY REMAINS ปลดพันธนาการดวงวิญญาณหลังความตาย by หมึกซึม,0.0,0,0.0,0.0,10.10 นี้ ฮีลใจส่งฟรีลดทั้งร้าน📕 📌รับคูปองส่วนลด 25% ลดสูงสุดถึง 1000 บาท😱 #opendurianhowto #books #หนังสือฮีลใจ #opendurianbooks  #ฮิตในtiktok 
มิ้น,7559461425970695441,2025-10-10,ปีศาจตัวนั้น คือฉันเอง 2 A Guide to Overcoming the Return of the Demons,0.0,0,0.0,0.0,10.10 นี้ ฮีลใจส่งฟรีลดทั้งร้าน📕 📌รับคูปองส่วนลด 25% ลดสูงสุดถึง 1000 บาท😱 #opendurianhowto #books #หนังสือฮีลใจ #opendurianbooks  #ฮิตในtiktok 
มิ้น,7559461425970695441,2025-10-10,หนังสือ The Witches' Club ชมรมลับเปลี่ยนชีวิต,0.0,0,0.0,0.0,10.10 นี้ ฮีลใจส่งฟรีลดทั้งร้าน📕 📌รับคูปองส่วนลด 25% ลดสูงสุดถึง 1000 บาท😱 #opendurianhowto #books #หนังสือฮีลใจ #opendurianbooks  #ฮิตในtiktok 
มิ้น,7559461425970695441,2025-10-10,BOXSET The Witches' Club ชมรมลับเปลี่ยนชีวิต,0.0,0,0.0,0.0,10.10 นี้ ฮีลใจส่งฟรีลดทั้งร้าน📕 📌รับคูปองส่วนลด 25% ลดสูงสุดถึง 1000 บาท😱 #opendurianhowto #books #หนังสือฮีลใจ #opendurianbooks  #ฮิตในtiktok 
มิ้น,7559461425970695441,2025-10-10,Boxset เหนื่อยมากไหม พักก่อนก็ได้นะวันนี้ by MAY-I (เม-ไอ),0.0,0,0.0,0.0,10.10 นี้ ฮีลใจส่งฟรีลดทั้งร้าน📕 📌รับคูปองส่วนลด 25% ลดสูงสุดถึง 1000 บาท😱 #opendurianhowto #books #หนังสือฮีลใจ #opendurianbooks  #ฮิตในtiktok 
มิ้น,7559461425970695441,2025-10-10,หนังสือ เหนื่อยมากไหม พักก่อนก็ได้นะวันนี้ by MAY-I (เม-ไอ),0.0,0,0.0,0.0,10.10 นี้ ฮีลใจส่งฟรีลดทั้งร้าน📕 📌รับคูปองส่วนลด 25% ลดสูงสุดถึง 1000 บาท😱 #opendurianhowto #books #หนังสือฮีลใจ #opendurianbooks  #ฮิตในtiktok 
มิ้น,7559461425970695441,2025-10-10,หนังสือ ปีศาจตัวนั้น คือฉันเอง A Guide to Fighting the Demons in My Heart,0.0,0,0.0,0.0,10.10 นี้ ฮีลใจส่งฟรีลดทั้งร้าน📕 📌รับคูปองส่วนลด 25% ลดสูงสุดถึง 1000 บาท😱 #opendurianhowto #books #หนังสือฮีลใจ #opendurianbooks  #ฮิตในtiktok 
มิ้น,7559461425970695441,2025-10-10,หนังสือ ความลับสู่เงินล้านที่โรงเรียนไม่เคยสอน (The Millionaire's Top Secret),0.0,0,0.0,0.0,10.10 นี้ ฮีลใจส่งฟรีลดทั้งร้าน📕 📌รับคูปองส่วนลด 25% ลดสูงสุดถึง 1000 บาท😱 #opendurianhowto #books #หนังสือฮีลใจ #opendurianbooks  #ฮิตในtiktok 
มิ้น,7559461425970695441,2025-10-10,หนังสือ Ghostly Brews ยินดีบริการดวงวิญญาณหลังเที่ยงคืน by หมึกซึม,0.0,0,0.0,0.0,10.10 นี้ ฮีลใจส่งฟรีลดทั้งร้าน📕 📌รับคูปองส่วนลด 25% ลดสูงสุดถึง 1000 บาท😱 #opendurianhowto #books #หนังสือฮีลใจ #opendurianbooks  #ฮิตในtiktok 
มิ้น,7559461425970695441,2025-10-10,โอบกอดความไม่สมบูรณ์แบบของเธอ (Embrace Your Flaws),0.0,0,0.0,0.0,10.10 นี้ ฮีลใจส่งฟรีลดทั้งร้าน📕 📌รับคูปองส่วนลด 25% ลดสูงสุดถึง 1000 บาท😱 #opendurianhowto #books #หนังสือฮีลใจ #opendurianbooks  #ฮิตในtiktok 
ริว,7559171449722801426,2025-10-09,หนังสือ ความลับสู่เงินล้านที่โรงเรียนไม่เคยสอน (The Millionaire's Top Secret),0.0,0,0.0,0.0,เงินอยู่ในอากาศ อยู่ที่ว่าคุณจะคว้ามันได้หรือเปล่า🫵🏻 #opendurianhowto #OpenDurianBooks #ความลับสู่เงินล้านที่โรงเรียนไม่เคยสอน #หนังสือพัฒนา #หนังสือ 
มิ้น,7558784962988739857,2025-10-08,หนังสือ เหนื่อยมากไหม พักก่อนก็ได้นะวันนี้ by MAY-I (เม-ไอ),0.0,0,0.0,0.0,ถ้าวันไหนไม่มีใครเข้าใจความเหนื่อยของคุณ อยากให้เปิดเล่มนี้ขึ้นมาอ่าน 🖤  #opendurianhowto #books #หนังสือฮีลใจ #เหนื่อยมากไหมพักก่อนก็ได้นะวันนี้ #mayi 
ริว,7558778530734132498,2025-10-08,โอบกอดความไม่สมบูรณ์แบบของเธอ (Embrace Your Flaws),0.0,0,0.0,0.0,เราพยายามจะเป็นคนที่สมบูรณ์แบบ จนลืมไปหรือเปล่า ว่าการไม่สมบูรณ์แบบก็เป็นความงดงามแบบหนึ่ง หรือ บางทีความเหนื่อยที่เรารู้สึกอยู่ทุกวัน อาจมาจากการพยายามเป็นในสิ่งที่เราไม่ใช่ #opendurianhowto #OpenDurianBooks #โอบกอดความไม่สมบูรณ์แบบของเธอ #หนังสือ #Books 
ไม่ระบุ,7558423068062829825,2025-10-07,[ขายดี] หนังสือ Ghostly Brews ยินดีบริการดวงวิญญาณหลังเที่ยงคืน by หมึกซึม,0.0,0,0.0,0.0,ครอบครัวเป็นสถานที่ “ที่ปลอดภัยที่สุด” แต่บ่อยครั้งที่มันกลับเป็นสถานที่ที่สร้าง “ความเจ็บปวด” ให้มากที่สุดเช่นกัน 🥲 #books #opendurianhowto #ghostlybrews #ยินดีบริการดวงวิญญาณหลังเที่ยงคืน #หมึกซึม 
มิ้น,7558398285434604801,2025-10-07,หนังสือ ยินดีต้อนรับและขอบคุณที่กลับมา,0.0,0,0.18,0.0,📌หนังสือที่แค่เห็นปกก็ได้ความรู้สึกเหมือนได้กลับบ้าน 🏠 #opendurianhowto #books #ยินดีต้อนรับและขอบคุณที่กลับมา #ประโยคฮีลใจ #sundayisbliss 
ริว,7558044961028066568,2025-10-06,[ขายดี] หนังสือ GHOSTLY REMAINS ปลดพันธนาการดวงวิญญาณหลังความตาย by หมึกซึม,0.0,0,2.52,0.0,ผลงานภาคต่อที่ทุกหัวใจรอคอยจาก คุณหมึกซึม Ghostly Remains 🤩🌟หนังสือการ์ตูนฮีลใจเล่มใหม่ ที่จะพาเราค่อย ๆ ปล่อยวาง “ความคาดหวัง” ที่อาจกำลังทำร้ายทั้งตัวเองและคนที่เรารัก 😭🫂 #opendurianhowto #OpenDurianBooks #GhostlyRemains #หมึกซึม #Books
ริว,7558032704445402376,2025-10-06,[หนังสือ] ปีศาจตัวนั้น คือฉันเอง 2 A Guide to Overcoming the Return of the Demons,0.0,0,0.0,0.0,คุณกำลังถูกปีศาจทำร้ายอยู่หรือเปล่า พยายามแค่ไหน ก็ไม่เคยดี อยู่ไม่ได้ถ้าไม่มีเขา ยอมรับกับความสูญเสียไม่ได้ แต่จริง ๆ ปีศาจเหล่านี้ที่ทำร้ายเรา ก็คือตัวเราเอง #opendurianhowto #opendurianbooks #ปีศาจตัวนั้นคือฉันเอง2 #MAYI #books
มิ้น,7556995188422397201,2025-10-03,[ขายดี] หนังสือ Ghostly Brews ยินดีบริการดวงวิญญาณหลังเที่ยงคืน by หมึกซึม,0.0,0,0.0,0.0,📕 ชอบคนใจดี… เลยพยายามเป็นคนใจดีกับทุกคน เพราะรู้ว่า… ตอนมีคนใจดีด้วย  มันรู้สึกดีมากขนาดไหน :) #opendurianhowto #books #ghostlybrews #ยินดีบริการดวงวิญญาณหลังเที่ยงคืน #ประโยคเด็ด 
มิ้น,7556608728741530881,2025-10-02,[สุดคุ้ม] หนังสือ ปีศาจตัวนั้น คือฉันเอง A Guide to Fight the Demons in My Heart,0.0,0,0.0,0.0,อ่านหนังสือเล่มนี้ถ้าคุณ.. -อยาก Move on ได้ -คิดว่าตัวเองไม่ดีพอ  -ร้องไห้คนเดียว -เหนื่อยกับการคาดหวัง  -อยากรู้จักตัวเองมากขึ้น  #ปีศาจตัวนั้นคือตัวฉันเอง #opendurianhowto #books #หนังสือฮีลใจ #opendurianbooks 
ริว,7556559194070011144,2025-10-02,BOXSET The Witches' Club ชมรมลับเปลี่ยนชีวิต,0.0,0,0.02,0.0,มีประโยคหนึ่งในหนังสือ ที่อ่านแล้วแบบเปลี่ยนชีวิตเราไปเลย เขาบอกว่า การกล้าออกจากความสัมพันธ์แย่ ๆ คือก้าวแรกของการโอบกอดหัวใจตัวเอง 😭 คือแค่ประโยคเดียวนะ แต่มันทำให้เรานั่งเงียบไปนานเลย เพราะเราก็เคยยอมเจ็บเพื่อใครบางคน ทั้ง ๆ ที่สุดท้ายเขาไม่เคยเห็นค่าเราเลย🫂🤍 #opendurianhowto #opendurianbooks #หนังสือพัฒนาตัวเอง #books #TheWitchesClub
ริว,7556505055160061202,2025-10-02,โอบกอดความไม่สมบูรณ์แบบของเธอ (Embrace Your Flaws),0.0,0,0.0,0.0,คนสองคน ต้องเลิกรา ต้องแยกทาง ต้องจากลา มันเป็นเรื่องที่เจ็บปวดมากพออยู่แล้ว 😭 เราแค่อาจจะต้องให้เวลากับตัวเอง ยอมรับ เยียวยา แล้วก้าวเดินต่อไปเหมือนที่ผ่านมา 🫂 #opendurianhowto #OpenDurianBooks #โอบกอดความไม่สมบูรณ์แบบของเธอ #หนังสือ #Books
ไม่ระบุ,7556466930320706824,2025-10-02,[ขายดี] หนังสือ GHOSTLY REMAINS ปลดพันธนาการดวงวิญญาณหลังความตาย by หมึกซึม,0.0,0,0.15,0.0,แม่อยากให้ลูกมั่นคง แต่เคยถามลูกไหมว่าอยากได้ความมั่นคงในแบบที่แม่ต้องการจริงหรือเปล่า? แล้วมันยังจะเรียกว่าความรักอยู่ไหม? ถ้าจริง ๆ ลูกแค่ต้องการ ใช้ชีวิตในแบบที่ตัวเองอยากเป็นเท่านั้นเอง #opendurianhowto #opendurianbooks #GhostlyRemains #หมึกซึม #Books 
ริว,7556169748975766802,2025-10-01,Boxset เหนื่อยมากไหม พักก่อนก็ได้นะวันนี้ by MAY-I (เม-ไอ),0.0,0,0.0,0.0,อย่าลืมนะว่า เสาหลักของบ้าน ก็ต้องการฐานรองรับเหมือนกัน เพราะต่อให้แข็งแรงแค่ไหน ถ้าไร้ที่พักวันหนึ่งก็ร้าวได้ #opendurianbooks #opendurianhowto #เหนื่อยมากไหมพักก่อนก็ได้นะวันนี้ #เธรดความรู้สึก #เธรดเศร้า
มิ้น,7556116991954668801,2025-10-01,[ขายดี] หนังสือ Ghostly Brews ยินดีบริการดวงวิญญาณหลังเที่ยงคืน by หมึกซึม,0.0,0,0.0,0.0,Unpack หนังสือ 📕 : Ghostly Brews  ยินดีบริการดวงวิญญาณหลังเที่ยงคืน ☕️  #opendurianhowto #books #ghostlybrews #comic #หมึกซึม  
ริว,7555830204820638983,2025-09-30,หนังสือ GHOSTLY REMAINS ปลดพันธนาการดวงวิญญาณหลังความตาย by หมึกซึม,0.0,0,0.0,0.0,“หนักมากไหมลูก…ความคาดหวังของแม่ที่อยู่บนบ่าน่ะ” ประโยคพูดของแม่ที่บอกต่อลูก หลังจากได้ข้อคิดบางอย่างที่จะทำให้คนที่อ่านมีความสุข😭 บอกเลยว่าหนังสือการ์ตูนเล่มนี้ดีมาก ๆ อ่านเพลินแถมได้ข้อคิด รีบกดกันเลยยย #opendurianhowto #OpenDurianBooks #GhostlyRemains #หมึกซึม #Books 
ริว,7555829040406400274,2025-09-30,หนังสือ GHOSTLY REMAINS ปลดพันธนาการดวงวิญญาณหลังความตาย by หมึกซึม,0.0,0,0.0,0.0,🌟แนะนำหนังสือการ์ตูนที่ต้องอ่าน‼️ มีเรื่องราวที่สนุกและให้ข้อคิดดีมาก ๆ แต่การันตีว่าดีสุด ๆ ไม่ควรพลาดเลย🥰 #opendurianhowto #OpenDurianBooks #GhostlyRemains #หมึกซึม #Books 
ริว,7555828354033716488,2025-09-30,หนังสือ GHOSTLY REMAINS ปลดพันธนาการดวงวิญญาณหลังความตาย by หมึกซึม,0.0,0,0.0,0.0,แค่ประโยคเดียวในหนังสือ ที่อ่านแล้วทำให้ปล่อยว่างได้ #opendurianhowto #OpenDurianBooks #GhostlyRemains #หมึกซึม #Books
ริว,7555822818861059346,2025-09-30,[พร้อมส่ง] หนังสือถ้าโลกมันแย่ ก็แค่คิดแบบคาปิบาร่า (Think Like a Happybara),0.0,0,0.0,0.0,เป็นธรรมดาที่จะมีทั้งคนที่ชอบและคนที่ไม่ชอบเรา เราทำให้ทุกคนชอบเราไม่ได้หรอก✨ ข้อคิดจากหนังสือ ถ้าโลกมันแย่ก็แค่คิดแบบคาปิบาร่า🦦 หนังสือฮีลใจสุดชิลจากครอบครัว happybara ที่ไม่ว่าจะเจอกี่ปัญหา ก็ไม่มีอะไรทำร้ายพวกเขาได้ มาเรียนรู้วิธีการคิดฉบับคาปิบาร่าได้จากเล่มนี้ “ถ้าโลกมันแย่ ก็แค่คิดแบบคาปิบาร่า” #opendurianhowto #OpenDurianBooks #ถ้าโลกมันแย่ก็แค่คิดแบบคาปิบาร่า #books #หนังสือพัฒนาตัวเอง 
มิ้น,7555819989463223568,2025-09-30,[สุดคุ้ม] หนังสือ ปีศาจตัวนั้น คือฉันเอง A Guide to Fight the Demons in My Heart,0.0,0,0.0,0.0,📕ประโยคที่ชอบจากหนังสือ | #ปีศาจตัวนั้นคือตัวฉันเอง  #opendurianhowto  #books #หนังสือพัฒนาตัวเอง #หนังสือฮีลใจ 
มิ้น,7555719697690381585,2025-09-30,[ขายดี] หนังสือ GHOSTLY REMAINS ปลดพันธนาการดวงวิญญาณหลังความตาย by หมึกซึม,0.0,0,0.0,0.0,คุณยังโทษตัวเองอยู่ไหม! กับสิ่งที่มันจบไปแล้ว ลองอ่านเล่มนี้ แล้วคุณอาจจะ “ปล่อยตัวเอง” ได้เสียที :) #opendurianhowto #books #ghostlyremains #ปลดพันธนาการดวงวิญญาณหลังความตาย #comic  
มิ้น,7555719129290771729,2025-09-30,[ขายดี] หนังสือ GHOSTLY REMAINS ปลดพันธนาการดวงวิญญาณหลังความตาย by หมึกซึม,0.0,0,0.0,0.0,📕ให้เปิดเล่มนี้เตือนสติ🙂 เมื่อคุณ… - รู้สึกไม่ดีพอกับตัวเอง - เก็บทุกอย่างไว้ในใจคนเดียว - มองไม่เห็นคุณค่าของตัวเอง - คิดมากกับทุกเรื่อง - คาดหวังมากเกินไปจนกดดัน - รู้สึกว่างเปล่าในชีวิต #opendurianhowto #books #ghostlyremains #ปลดพันธนาการดวงวิญญาณหลังความตาย #comic 
มิ้น,7555717749130022145,2025-09-30,[ขายดี] หนังสือ GHOSTLY REMAINS ปลดพันธนาการดวงวิญญาณหลังความตาย by หมึกซึม,0.0,0,0.0,0.0,📌คนที่ควรหยิบเล่มนี้มาอ่าน✨ - หาคำตอบในชีวิตตัวเองไม่เจอ - เก็บทุกอย่างไว้คนเดียว - ไม่รู้จักปล่อยวาง ให้อภัย - คิดมากอยู่ตลอดเวลา  - กดดันตัวเองมากเกินไป #opendurianhowto  #books #ghostlyremains #ปลดพันธนาการดวงวิญญาณหลังความตาย #หนังสือฮีลใจ  
ริว,7555469220444769554,2025-09-29,หนังสือ Ghostly Brews ยินดีบริการดวงวิญญาณหลังเที่ยงคืน by หมึกซึม,0.0,0,0.0,0.0,ถ้าวันนี้คือวันสุดท้ายของพ่อแม่ คุณได้มีโอกาสขอบคุณหรือกอดท่านเป็นครั้งสุดท้ายหรือยัง? #opendurianhowto #OpenDurianBooks #GhostlyBrews #หมึกซึม #books
มิ้น,7555432071926156560,2025-09-29,[ขายดี] หนังสือ GHOSTLY REMAINS ปลดพันธนาการดวงวิญญาณหลังความตาย by หมึกซึม,0.0,0,0.0,0.0,📕หนังสือหน้าที่ 48 เขียนเอาไว้ว่า “บางครั้งการรู้สึกปล่อยวาง ก็ไม่จำเป็นต้องลบลืมมันไป คิดถึงบ้างก็ได้ เป็นห่วงบ้างก็ได้ ต่อให้ยังรักอยู่ก็ไม่ได้รู้สึกผิดอะไร”  #ghostlyremains #ปลดพันธนาการดวงวิญญาณหลังความตาย #opendurianhowto #books #หมึกซึม 
ริว,7555428594298785032,2025-09-29,[หนังสือ] ปีศาจตัวนั้น คือฉันเอง 2 A Guide to Overcoming the Return of the Demons,0.0,0,0.0,0.0,เราเติบโตขึ้น แต่พ่อแม่แก่ตัวลงทุกวัน ถึงเราจะรู้ดีว่าการจากลาเป็นสิ่งที่หลีกเลี่ยงไม่ได้ แต่เมื่อมันเกิดขึ้นจริง ๆ ไม่มีใครทำใจได้ง่าย ๆ หรอก🥺 ประโยคเตือนสติจากหนังสือ ‘ปีศาจตัวนั้นคือฉันเอง 2‘👿  #opendurianhowto #opendurianbooks #ปีศาจตัวนั้นคือฉันเอง2 #MAYI #books
มิ้น,7555426399146888449,2025-09-29,[ขายดี] หนังสือ GHOSTLY REMAINS ปลดพันธนาการดวงวิญญาณหลังความตาย by หมึกซึม,0.0,0,0.0,0.0,📌แปะพิกัดหนังสือฮีลใจ 3000%  #ghostlyremains #ปลดพันธนาการดวงวิญญาณหลังความตาย  ผลงานภาคต่อจาก “ #ghostlybrews “ #ยินดีบริการดวงวิญญาณหลังเที่ยงคืน  #opendurianhowto 
ไม่ระบุ,7555320258890910993,2025-09-29,หนังสือ GHOSTLY REMAINS ปลดพันธนาการดวงวิญญาณหลังความตาย by หมึกซึม,0.0,0,0.0,0.0,📌แปะพิกัดหนังสือใหม่📕 ฮีลใจแบบ 3000% ✨ #ghostlyremains #ปลดพันธนาการดวงวิญญาณหลังความตาย #opendurianhowto #พิกัด #books 
ไม่ระบุ,7555319271891488017,2025-09-29,หนังสือ GHOSTLY REMAINS ปลดพันธนาการดวงวิญญาณหลังความตาย by หมึกซึม,0.0,0,0.0,0.0,📕หนังสือหน้าที่ 48 เขียนเอาไว้ว่า :  “บางครั้งการรู้สึกปล่อยวาง ก็ไม่จำเป็นต้องลบลืมมันไป คิดถึงบ้างก็ได้ เป็นห่วงบ้างก็ได้ ต่อให้ยังรักอยู่ก็ไม่ได้รู้สึกผิดอะไร“  #ghostlyremains #ปลดพันธนาการดวงวิญญาณหลังความตาย #opendurianhowto #books #แฟน 
มิ้น,7555312030727638288,2025-09-29,[สุดคุ้ม] หนังสือ ปีศาจตัวนั้น คือฉันเอง A Guide to Fight the Demons in My Heart,0.0,0,0.0,0.0,แปะหนังสือ&พิกัดฮีลใจ❤️ #ปีศาจตัวนั้นคือฉันเอง  #opendurianhowto #books #หนังสือฮีลใจ #หนังสือพัฒนาตัวเอง 
ไม่ระบุ,7554220479700126994,2025-09-26,หนังสือ My Last Book คู่มือจัดการทุกเรื่องสำคัญในชีวิตก่อนจากไป,0.0,0,0.0,0.0,ไม่อยากให้ลูกหลานมีปัญหากันเพราะมรดก เริ่มวางแผนล่วงหน้าได้ตั้งแต่ตอนนี้เลย #mylastbook #opendurianhowto
ริว,7553960743419251976,2025-09-25,[ขายดี] หนังสือ GHOSTLY REMAINS ปลดพันธนาการดวงวิญญาณหลังความตาย by หมึกซึม,0.0,0,0.0,0.0,จะเป็นยังไงถ้ายมทูตทำงานพลาดจนทำให้คนตุย⁉️ #opendurianhowto #OpenDurianBooks #GhostlyRemains #หมึกซึม #Books 
ริว,7553955130224282887,2025-09-25,[ขายดี] หนังสือ GHOSTLY REMAINS ปลดพันธนาการดวงวิญญาณหลังความตาย by หมึกซึม,0.0,0,0.0,0.0,แม่ที่รักลูกย่อมมีความหวังดีต่อลูกนั่นเป็นเรื่องดี แต่คุณไม่ใช่เจ้าของชีวิตใคร 😭 แม้แต่ลูกชายของคุณ ในตอนที่เขาหัดเดินคุณก็ไม่ได้จูงมือเขาตลอด แต่พอโตขึ้นทำไมคุณไม่ปล่อยให้เขาเดินด้วยตัวเอง 🫂✨ 📓 ประโยคเตือนสติจากหนังสือ Ghostly Remains 👿 หนังสือการ์ตูนฮีลใจที่จะทำให้คุณเห็นคุณค่าในตัวเองมากขึ้น ในรูปแบบการ์ตูนคอมมิก บอกเลยว่าอ่านง่าย อ่านเพลินมาก ๆ เดี๋ยวเราจะแปะพิกัดไว้หน้าคลิปนะ หรือจะทักแชตหรือคอมเมนต์สนใจใต้โพสต์ได้เลย 🥳 #opendurianhowto #OpenDurianBooks #GhostlyRemains #หมึกซึม #Books 
ริว,7553954044335688968,2025-09-25,[ขายดี] หนังสือ GHOSTLY REMAINS ปลดพันธนาการดวงวิญญาณหลังความตาย by หมึกซึม,0.0,0,0.0,0.0,แค่หนังสือการ์ตูนทำไมถึงร้องไห้…😭 #opendurianhowto #OpenDurianBooks #GhostlyRemains #หมึกซึม #Books 
ริว,7553953780123913479,2025-09-25,[ขายดี] หนังสือ GHOSTLY REMAINS ปลดพันธนาการดวงวิญญาณหลังความตาย by หมึกซึม,0.0,0,0.0,0.0,หนังสือการ์ตูนที่อ่านแล้วดีต่อใจมาก ๆ เหมือนได้โอบกอดความรู้สึกตัวเองอีกครั้ง🫂✨ #opendurianhowto #OpenDurianBooks #GhostlyRemains #หมึกซึม #Books 
ไม่ระบุ,7553890619530218760,2025-09-25,หนังสือ My Last Book คู่มือจัดการทุกเรื่องสำคัญในชีวิตก่อนจากไป,0.0,0,0.0,0.0,Unpack หนังสือเล่มใหม่ #mylastbook คู่มือที่จะช่วยให้คุณเตรียมพร้อมเพื่อคนที่รัก ให้พวกเขาไม่ต้องลำบากในวันที่คุณต้องจากไป #opendurianhowto
ไม่ระบุ,7553883448411278600,2025-09-25,หนังสือ My Last Book คู่มือจัดการทุกเรื่องสำคัญในชีวิตก่อนจากไป,0.0,0,0.0,0.0,คุณวางแผนชีวิตเผื่อวันที่จากไปไว้หรือยัง? มาวางแผนชีวิตให้ครอบคลุมทุกด้านกับ #mylastbook กัน #opendurianhowto
ริว,7553594172943486216,2025-09-24,หนังสือ Ghostly Brews ยินดีบริการดวงวิญญาณหลังเที่ยงคืน by หมึกซึม,0.0,0,0.0,0.0,การที่เราใช้ชีวิตคนเดี่ยว ไม่ได้แปลว่าเราโดดเดี่ยว เพราะการกินข้าว ดูหนัง หรือไปเที่ยวคนเดียวก็ทำให้เรามีความสุขและสบายใจได้ แต่ทำไมกลับโดนตั้งคำถามมากมายจากคนรอบข้าง? #opendurianhowto #OpenDurianBooks #GhostlyBrews #หมึกซึม #Books 
มิ้น,7553582986004876545,2025-09-24,[หนังสือ] ปีศาจตัวนั้น คือฉันเอง 2 A Guide to Overcoming the Return of the Demons,0.0,0,0.0,0.0,“เพื่อนที่ดีจะพาคุณก้าวไปข้างหน้า ไม่ใช่พาไปหาแต่เรื่องเดือดร้อน”  ประโยคกระตุกจิตกระชากใจ🔥 #ปีศาจตัวนั้นคือตัวฉันเอง2  #opendurianhowto #books #เพื่อน #ประโยคฮีลใจ 
มิ้น,7553578675015257345,2025-09-24,[หนังสือ] ปีศาจตัวนั้น คือฉันเอง 2 A Guide to Overcoming the Return of the Demons,0.0,0,0.0,0.0,มาแล้วววว Shop กันวันเงินออก 🤑 📕ฮีลใจลดสูงสุด 15%  ส่งฟรีทั้งร้าน 😱😱 ✨ผ่อนได้สูงสุด 5 เดือน (ไม่มีขั้นต่ำ) #opendurianhowto #books #ชอปกันวันเงินออก #หนังสือฮีลใจ #opendurianbooks 
มิ้น,7553578675015257345,2025-09-24,หนังสือ The Witches' Club ชมรมลับเปลี่ยนชีวิต,0.0,0,0.0,0.0,มาแล้วววว Shop กันวันเงินออก 🤑 📕ฮีลใจลดสูงสุด 15%  ส่งฟรีทั้งร้าน 😱😱 ✨ผ่อนได้สูงสุด 5 เดือน (ไม่มีขั้นต่ำ) #opendurianhowto #books #ชอปกันวันเงินออก #หนังสือฮีลใจ #opendurianbooks 
มิ้น,7553578675015257345,2025-09-24,BOXSET The Witches' Club ชมรมลับเปลี่ยนชีวิต,0.0,0,0.0,0.0,มาแล้วววว Shop กันวันเงินออก 🤑 📕ฮีลใจลดสูงสุด 15%  ส่งฟรีทั้งร้าน 😱😱 ✨ผ่อนได้สูงสุด 5 เดือน (ไม่มีขั้นต่ำ) #opendurianhowto #books #ชอปกันวันเงินออก #หนังสือฮีลใจ #opendurianbooks 
มิ้น,7553578675015257345,2025-09-24,Boxset เหนื่อยมากไหม พักก่อนก็ได้นะวันนี้ by MAY-I (เม-ไอ),0.0,0,0.0,0.0,มาแล้วววว Shop กันวันเงินออก 🤑 📕ฮีลใจลดสูงสุด 15%  ส่งฟรีทั้งร้าน 😱😱 ✨ผ่อนได้สูงสุด 5 เดือน (ไม่มีขั้นต่ำ) #opendurianhowto #books #ชอปกันวันเงินออก #หนังสือฮีลใจ #opendurianbooks 
มิ้น,7553578675015257345,2025-09-24,หนังสือ เหนื่อยมากไหม พักก่อนก็ได้นะวันนี้ by MAY-I (เม-ไอ),0.0,0,0.0,0.0,มาแล้วววว Shop กันวันเงินออก 🤑 📕ฮีลใจลดสูงสุด 15%  ส่งฟรีทั้งร้าน 😱😱 ✨ผ่อนได้สูงสุด 5 เดือน (ไม่มีขั้นต่ำ) #opendurianhowto #books #ชอปกันวันเงินออก #หนังสือฮีลใจ #opendurianbooks 
มิ้น,7553578675015257345,2025-09-24,หนังสือ ขอใช้ชีวิตที่เหลือ เพื่อตัวเองนะ,0.0,0,0.0,0.0,มาแล้วววว Shop กันวันเงินออก 🤑 📕ฮีลใจลดสูงสุด 15%  ส่งฟรีทั้งร้าน 😱😱 ✨ผ่อนได้สูงสุด 5 เดือน (ไม่มีขั้นต่ำ) #opendurianhowto #books #ชอปกันวันเงินออก #หนังสือฮีลใจ #opendurianbooks 
มิ้น,7553578675015257345,2025-09-24,หนังสือ ความลับสู่เงินล้านที่โรงเรียนไม่เคยสอน (The Millionaire's Top Secret),0.0,0,0.0,0.0,มาแล้วววว Shop กันวันเงินออก 🤑 📕ฮีลใจลดสูงสุด 15%  ส่งฟรีทั้งร้าน 😱😱 ✨ผ่อนได้สูงสุด 5 เดือน (ไม่มีขั้นต่ำ) #opendurianhowto #books #ชอปกันวันเงินออก #หนังสือฮีลใจ #opendurianbooks 
มิ้น,7553578675015257345,2025-09-24,หนังสือ Ghostly Brews ยินดีบริการดวงวิญญาณหลังเที่ยงคืน by หมึกซึม,0.0,0,0.0,0.0,มาแล้วววว Shop กันวันเงินออก 🤑 📕ฮีลใจลดสูงสุด 15%  ส่งฟรีทั้งร้าน 😱😱 ✨ผ่อนได้สูงสุด 5 เดือน (ไม่มีขั้นต่ำ) #opendurianhowto #books #ชอปกันวันเงินออก #หนังสือฮีลใจ #opendurianbooks 
มิ้น,7553578675015257345,2025-09-24,โอบกอดความไม่สมบูรณ์แบบของเธอ (Embrace Your Flaws),0.0,0,0.0,0.0,มาแล้วววว Shop กันวันเงินออก 🤑 📕ฮีลใจลดสูงสุด 15%  ส่งฟรีทั้งร้าน 😱😱 ✨ผ่อนได้สูงสุด 5 เดือน (ไม่มีขั้นต่ำ) #opendurianhowto #books #ชอปกันวันเงินออก #หนังสือฮีลใจ #opendurianbooks 
มิ้น,7553578675015257345,2025-09-24,[สุดคุ้ม] หนังสือ ปีศาจตัวนั้น คือฉันเอง A Guide to Fight the Demons in My Heart,0.0,0,0.0,0.0,มาแล้วววว Shop กันวันเงินออก 🤑 📕ฮีลใจลดสูงสุด 15%  ส่งฟรีทั้งร้าน 😱😱 ✨ผ่อนได้สูงสุด 5 เดือน (ไม่มีขั้นต่ำ) #opendurianhowto #books #ชอปกันวันเงินออก #หนังสือฮีลใจ #opendurianbooks 
ริว,7553557224103152904,2025-09-24,[ขายดี] หนังสือ GHOSTLY REMAINS ปลดพันธนาการดวงวิญญาณหลังความตาย by หมึกซึม,0.0,0,0.0,0.0,⚠️คลิปนี่มีสปอยยยย⁉️ ขอบคุณทุกเสียงคอมเมนต์ที่ช่วยกันโหวตปกหนังสือเล่มใหม่อย่างถล่มทลาย 🤩🙏🏻 และเรายินดีที่จะบอกว่า Ghostly Remains ภาคต่อของหนังสือ Ghostly Brews การ์ตูนฮีลใจติดอันดับขายดีตลอดกาลตั้งแต่เปิดต้นจนถึงตอนนี้🌟 และหนังสือ Ghostly Remains วางขาย 3 ตุลาคมนี้ เตรียมตัวกดสั่งซื้อกันได้เลย🥳 ##opendurianhowto##OpenDurianBooks##GhostlyRemains##หมึกซึม##Books
มิ้น,7553286278356208897,2025-09-23,หนังสือ Ghostly Brews ยินดีบริการดวงวิญญาณหลังเที่ยงคืน by หมึกซึม,0.0,0,0.0,0.0,📕Unbox หนังสือเล่มใหม่ ✨  ภาคต่อของ #ghostlybrews  #opendurianhowto #ghostlyremains #books #หนังสือใหม่ 
ริว,7553224589736742151,2025-09-23,BOXSET The Witches' Club ชมรมลับเปลี่ยนชีวิต,0.0,0,41.61,0.0,🔮 ‘ไพ่ทำนายดวง’ ที่ปลอบใจได้เหมือนอ่านใจเรา 🫂 จาก Boxset The Witches’ Club 🐱🌟 พิกัดอยู่ท้ายคลิป อยากรู้ดียังไงดูคลิปให้จบนะ 🫵🏻💖💐 #opendurianhowto #opendurianbooks #หนังสือพัฒนาตัวเอง #books #TheWitchesClub
ริว,7553212465161456904,2025-09-23,หนังสือ ขอใช้ชีวิตที่เหลือ เพื่อตัวเองนะ,0.0,0,0.0,0.0,5️⃣ ประโยคเปลี่ยนชีวิต ที่อยากให้ทุกคนได้ฟัง🫂✨ จากหนังสือ ‘ขอใช้ชีวิตที่เหลือเพื่อตัวเองนะ‘ 📖💐  #opendurianhowto #OpenDurianBooks #ขอใช้ชีวิตที่เหลือเพื่อตัวเองนะ #หนังสือ #Books
ไม่ระบุ,7553128628100353287,2025-09-23,หนังสือ My Last Book คู่มือจัดการทุกเรื่องสำคัญในชีวิตก่อนจากไป,0.0,0,0.0,0.0,เตรียมพร้อมทุกเรื่องสำคัญให้ลูกหลานก่อนที่จะสายไปได้ครบถ้วนในเล่มเดียว #mylastbook #opendurianhowto
มิ้น,7553117350497733905,2025-09-23,หนังสือ Ghostly Brews ยินดีบริการดวงวิญญาณหลังเที่ยงคืน by หมึกซึม,0.0,0,0.0,0.0,📌ถ้าใครอยากหาหนังสือที่คล้ายกับซีรีส์เรื่องนี้ #hoteldelluna  🔮 ต้องอ่านเล่มนี้เลย🖤 #ghostlybrews  #ยินดีบริการดวงวิญญาณหลังเที่ยงคืน  #opendurianhowto  #books 
ไม่ระบุ,7552867205256416513,2025-09-22,หนังสือ Ghostly Brews ยินดีบริการดวงวิญญาณหลังเที่ยงคืน by หมึกซึม,0.0,0,0.0,0.0,📌ป้ายยาหนังสือมีเนื้อหาคล้ายซีรีส์ #hoteldelluna  ✨🔮 #opendurianhowto #ghostlybrews #ยินดีบริการดวงวิญญาณหลังเที่ยงคืน #books 
มิ้น,7552534354686135553,2025-09-21,[ขายดี] หนังสือ GHOSTLY REMAINS ปลดพันธนาการดวงวิญญาณหลังความตาย by หมึกซึม,0.0,0,0.0,0.0,จะเป็นยังไง เมื่อ “ยมทูต” เลือกช่วยผิดคน จนทำให้ตนต้อง“ซวยเสียเอง” 😱 ไปตามอ่านกันได้จาก #ghostlyremains #หมึกซึม #opendurianhowto #books #commic 
ริว,7552034250279816455,2025-09-20,[ขายดี] หนังสือ GHOSTLY REMAINS ปลดพันธนาการดวงวิญญาณหลังความตาย by หมึกซึม,0.0,0,0.0,0.0,👵🏻แม่อยากให้ลูกมั่นคง แต่เคยถามลูกไหมว่าอยากได้ความมั่นคงในแบบที่แม่ต้องการจริงหรือเปล่า? แล้วมันยังจะเรียกว่าความรักอยู่ไหม? ถ้าจริง ๆ ลูกแค่ต้องการ ใช้ชีวิตในแบบที่ตัวเองอยากเป็นเท่านั้นเอง🫂😭  #opendurianhowto #OpenDurianBooks #GhostlyRemains #หมึกซึม #Books
มิ้น,7551741667838102801,2025-09-19,BOXSET The Witches' Club ชมรมลับเปลี่ยนชีวิต,0.0,0,0.0,0.0,📕Boxset เปลี่ยนความทุกข์ ที่สายมูต้องมี!!🔮 #opendurianhowto #books #thewitchesclubชมรมลับเปลี่ยนชีวิต #ไพ่ทำนายดวง #หนังสือฮีลใจ 
มิ้น,7551386603000827137,2025-09-18,[ขายดี] หนังสือ GHOSTLY REMAINS ปลดพันธนาการดวงวิญญาณหลังความตาย by หมึกซึม,0.0,0,0.0,0.0,🔥Coming soon… ชาว Ghostly สาย Comic ✨ เตรียมตัวให้ดี เพราะเล่มใหม่กำลังจะมาในเร็ว ๆ นี้🖤 #opendurianhowto #books #ghostlybrewremains #ghostlybrews #ภาคต่อ 
ริว,7551363706320342290,2025-09-18,[สุดคุ้ม] หนังสือ ปีศาจตัวนั้น คือฉันเอง A Guide to Fight the Demons in My Heart,0.0,0,0.0,0.0,ปีศาจตัวนั้นคือฉันเอง 😈 หนังสือที่จะเปลี่ยนวิธีที่เรามองตัวเอง ให้เราได้เริ่มเยียวยา แม้แผลในใจยังอยู่🫂🤍 #opendurianhowto #opendurianbooks #ปีศาจตัวนั้นคือฉันเอง #หนังสือพัฒนาตัวเอง #books
มิ้น,7551359449387044112,2025-09-18,[หนังสือ] ปีศาจตัวนั้น คือฉันเอง 2 A Guide to Overcoming the Return of the Demons,0.0,0,0.0,0.0,📌กด Save ให้ตัวเองได้อ่าน 💖 #แคปชั่นภาษาอังกฤษ #opendurianhowto #books #ปีศาจตัวนั้นคือฉันเอง2 #ฮีลใจ 
มิ้น,7551354009378934032,2025-09-18,[หนังสือ] ปีศาจตัวนั้น คือฉันเอง 2 A Guide to Overcoming the Return of the Demons,0.0,0,0.0,0.0,โคตรจะชอบประโยคนี้้เลย :) #save #opendurianhowto #ปีศาจตัวนั้นคือฉันเอง2 #เศร้า #books 
มิ้น,7551351688251051280,2025-09-18,[หนังสือ] ปีศาจตัวนั้น คือฉันเอง 2 A Guide to Overcoming the Return of the Demons,0.0,0,0.0,0.0,“เมื่อรู้สึกไร้ค่า” อยากให้กลับมาอ่านประโยคนี้นะ :) #ปีศาจตัวนั้นคือฉันเอง2  #opendurianhowto #books #ภาษาอังกฤษ #เศร้า  
มิ้น,7551348748324998416,2025-09-18,[หนังสือ] ปีศาจตัวนั้น คือฉันเอง 2 A Guide to Overcoming the Return of the Demons,0.0,0,0.0,0.0,| ประโยคหลังปกจากหนังสือ📕 #ปีศาจตัวนั้นคือฉันเอง2 #opendurianhowto #books #หนังสือฮีลใจ #ปีศาจตัวนั้นคือฉันเอง 
ริว,7550990131956682002,2025-09-17,Boxset เหนื่อยมากไหม พักก่อนก็ได้นะวันนี้ by MAY-I (เม-ไอ),0.0,0,0.0,0.0,1000/10 🌟 แนะนำหนังสือที่มันดีเกินนนนนนน~ ##opendurianbooks##opendurianhowto##เหนื่อยมากไหมพักก่อนก็ได้นะวันนี้##เธรดความรู้สึก#เธรดเศร้า
ริว,7550988947816598792,2025-09-17,Boxset เหนื่อยมากไหม พักก่อนก็ได้นะวันนี้ by MAY-I (เม-ไอ),0.0,0,0.0,0.0,แค่หนังสือเล่มเดียว ทำไมร้องไห้หนักขนาดนี้ 😭 #opendurianbooks #opendurianhowto #เหนื่อยมากไหมพักก่อนก็ได้นะวันนี้ #เธรดความรู้สึก #เธรดเศร้า
ริว,7550988860029783304,2025-09-17,Boxset เหนื่อยมากไหม พักก่อนก็ได้นะวันนี้ by MAY-I (เม-ไอ),0.0,0,0.0,0.0,7 สัญญาณวัยทำงานที่ควรอ่านเล่มนี้ #opendurianbooks #opendurianhowto #เหนื่อยมากไหมพักก่อนก็ได้นะวันนี้ #เธรดความรู้สึก #เธรดเศร้า
ริว,7550988476401880338,2025-09-17,Boxset เหนื่อยมากไหม พักก่อนก็ได้นะวันนี้ by MAY-I (เม-ไอ),0.0,0,0.0,0.0,สัญญาณวัยทำงานที่ควรอ่านเล่มนี้ #opendurianbooks #opendurianhowto #เหนื่อยมากไหมพักก่อนก็ได้นะวันนี้ #เธรดความรู้สึก #เธรดเศร้า
ริว,7550985280023579911,2025-09-17,หนังสือ Ghostly Brews ยินดีบริการดวงวิญญาณหลังเที่ยงคืน by หมึกซึม,0.0,0,0.0,0.0,ถ้าได้ฟังเรื่องราวจากคนที่ไม่มีโอกาสได้ใช้ชีวิตต่อ เขาจะเล่าอะไรให้เราฟัง คำบอกรักที่ไม่ได้บอก ความฝันที่ถูกทิ้งไว้กลางทาง หรือคำขอโทษที่สายเกินไป… 🫂 เรื่องราวทั้งหมดอยู่ในหนังสือ Ghostly Brews ยินดีบริการดวงวิญญาณหลังเที่ยงคืน🪦💀 คือการ์ตูนอบอุ่นที่จะเรียกน้ำตาคุณ และพาเราไปฟังเรื่องราวของวิญญาณในร้านกาแฟแล้วทำให้คนเป็นอย่างเรากลับมามองตัวเองใหม่ ว่าวันนี้เรายังเหลือเรื่องไหนที่ ควรทำก่อนจะสายเกินไป🫂🤍 #opendurianhowto #opendurianbooks #books #GhostlyBrews #หมึกซึม 
ไม่ระบุ,7550883779649293569,2025-09-17,[หนังสือ] ปีศาจตัวนั้น คือฉันเอง 2 A Guide to Overcoming the Return of the Demons,0.0,0,0.0,0.0,“ปีศาจ” ที่เราคิดว่าผ่านมาได้  อาจไม่เคยหายไป …  . มันอาจแค่รอจังหวะ  ที่เราจะเรียกมันกลับมาอีกครั้ง   . 📕 “ปีศาจตัวนั้นคือฉันเอง 2”   ✍🏻  ผลงานจากนักเขียนนามปากกา MAY-I #opendurianhowto #books #หนังสือฮีลใจ #ปีศาจตัวนั้นคือฉันเอง2 #หนังสือพัฒนาตัวเอง 
ไม่ระบุ,7550882250934586625,2025-09-17,[หนังสือ] ปีศาจตัวนั้น คือฉันเอง 2 A Guide to Overcoming the Return of the Demons,0.0,0,0.0,0.0,ใหม่ล่าสุด!!!  📕 “ปีศาจตัวนั้นคือฉันเอง 2”   ✍🏻 ผลงานจากนักเขียนนามปากกา “MAY-I”   📖 หนังสือเล่มนี้ไม่ใช่เพียงบทความฮีลใจ  . แต่คือคู่มือเอาชนะปีศาจ ที่ช่วยให้เราพร้อมรับมือ และก้าวผ่านปัญหาต่าง ๆ ที่เจอในชีวิตได้ ✨  #ปีศาจตัวนั้นคือฉันเอง2 #opendurianhowto #books #หนังสือฮีลใจ #เมไอ 
มิ้น,7550880475682819344,2025-09-17,[สุดคุ้ม] หนังสือ ปีศาจตัวนั้น คือฉันเอง A Guide to Fight the Demons in My Heart,0.0,0,0.0,0.0,…รู้ว่าความสัมพันธ์นี้ Toxic  แต่ทำไมถึงไม่ออกมา 🥲 อาจเป็นเพราะเราเชื่อว่าเขาจะเปลี่ยนมันเพื่อเราได้จริง ๆ… #opendurianhowto  #ปีศาจตัวนั้นคือฉันเอง #books #หนังสือฮีลใจ #เมไอ 
มิ้น,7550694402222542081,2025-09-16,หนังสือ Ghostly Brews ยินดีบริการดวงวิญญาณหลังเที่ยงคืน by หมึกซึม,0.0,0,0.0,0.0,📕หนังสือที่บอกเราว่า… “การมีชีวิตที่โดดเดี่ยวไม่ได้แย่ขนาดนั้น :)”  #opendurianhowto #หนังสือฮีลใจ #ghostlybrews #ยินดีบริการดวงวิญญาณหลังเที่ยงคืน #comic 
ริว,7550615212445961490,2025-09-16,BOXSET The Witches' Club ชมรมลับเปลี่ยนชีวิต,0.0,0,11.67,0.0,โลกใบนี้ก็ใจร้ายสำหรับเราพอแล้ว เราอย่าซ้ำเติมตัวเองเลยนะ 🫂 #opendurianhowto #opendurianbooks #หนังสือพัฒนาตัวเอง #books #TheWitchesClub
ริว,7550594956839128327,2025-09-16,[หนังสือ] ปีศาจตัวนั้น คือฉันเอง 2 A Guide to Overcoming the Return of the Demons,0.0,0,0.56,0.0,เริ่มต้นใหม่กับคุณคนเดิม… 💖💐 #opendurianhowto #OpenDurianBooks #ปีศาจตัวนั้นคือฉันเอง2 #MAYI #Books 
มิ้น,7550311694073990416,2025-09-15,หนังสือ The Witches' Club ชมรมลับเปลี่ยนชีวิต,0.0,0,49.59,0.0,| ประโยคจากหนังสือเล่มโปรด📕 #opendurianhowto #books #thewitchesclubชมรมลับเปลี่ยนชีวิต #หนังสือฮีลใจ #หนังสือพัฒนาตัวเอง 
ริว,7550239246158712072,2025-09-15,หนังสือ Ghostly Brews ยินดีบริการดวงวิญญาณหลังเที่ยงคืน by หมึกซึม,0.0,0,0.0,0.0,ทุกคนว่าโลกหลังความตายมีจริงไหม… 🪦💀 #opendurianhowto #OpenDurianBooks #GhostlyBrews #หมึกซึม #Books
ริว,7549469725135277319,2025-09-13,หนังสือ ความลับสู่เงินล้านที่โรงเรียนไม่เคยสอน (The Millionaire's Top Secret),0.0,0,0.0,0.0,#ความลับสู่เงินล้านที่โรงเรียนไม่เคยสอน 📌 แค่เริ่มต้นลงมือทำการจับเงินล้านก็ไม่ใช่เรื่องยาก🫵🏻🤩 ศึกษาเรื่องการเงินสำหรับคนอยากเรียนรู้และอยากจับเงินก้อน💰💵 ต้องอ่านเล่มนี้เลย‼️🔥 #opendurianhowto #opendurianbooks #หนังสือพัฒนาตัวเอง #howto 
ไม่ระบุ,7549066322571758849,2025-09-12,[หนังสือ] ปีศาจตัวนั้น คือฉันเอง 2 A Guide to Overcoming the Return of the Demons,0.0,0,0.0,0.0,“ปีศาจ” ที่เราคิดว่าผ่านมาได้  อาจไม่เคยหายไป …  . มันอาจแค่รอจังหวะ  ที่เราจะเรียกมันกลับมาอีกครั้ง    #ปีศาจตัวนั้นคือตัวฉันเอง #ปีศาจตัวนั้นคือฉันเอง2 #opendurianhowto #books #หนังสือฮีลใจ 
ริว,7549016175968046344,2025-09-12,หนังสือวันไหนที่ใจแข็งแรง ดอกไม้จะผลิบาน (The Enchanted Garden),0.0,0,0.0,0.0,🔮ทำนายดวงความรักจากชื่อดอกไม้💐 🌸โพลีแอนธัส (Polyanthus) – ความรักที่กำลังจะเริ่มต้น อ่อนโยนและสดใส แต่ยังไม่ชัดเจน ต้องการเวลาในการเติบโต 🌸อะโคไนต์ (Aconite) – ความรักที่ซ่อนเงา ระวังความสัมพันธ์ที่มีความลับหรือความลังเล ควรใช้หัวใจฟังความจริง 🌸แดนดิไลออน (Dandelion) – ความรักที่อิสระ ไม่ผูกมัด อาจมีรักไกลหรือรักที่อยู่แค่ในความฝัน แต่ก็เต็มไปด้วยความหวัง 🌸ทิวลิปสีเหลือง (Yellow Tulip) – รักที่อาจมีความหึงหวงหรือไม่มั่นใจ แต่ถ้าเปิดใจสื่อสาร จะเปลี่ยนเป็นรักที่สดใสได้ 🌸สโนว์ดรอป (Snowdrop) – ความรักที่บริสุทธิ์ อ่อนโยน เป็นรักที่อบอุ่นแบบเพื่อนแท้ ก่อนจะพัฒนาไปเป็นคู่ชีวิต 🌸ไซคลาเมน (Cyclamen) – ความรักที่อาจมีการจากลา หรือความสัมพันธ์ที่ต้องปล่อยวาง เพื่อให้ต่างฝ่ายได้เติบโต 🌸กุหลาบสีแดง (Red Rose) – รักที่เร่าร้อน ลึกซึ้ง และจริงใจ แต่ก็ต้องดูแลให้สมดุล มิฉะนั้นความแรงจะกลายเป็นความหึงหวง 🌸พริมโรส (Primrose) – ความรักแรกพบ หรือรักที่ทำให้หัวใจสดใสเหมือนวัยรุ่น เป็นรักที่ทำให้ยิ้มได้ทุกวัน 🌸โครคัส (Crocus) – รักที่มีการเริ่มใหม่หลังจากผ่านความเศร้า เหมือนแสงอาทิตย์ที่ส่องมาในวันที่หนาวเหน็บ 🌸ยิปโซ (Gypsophila) – ความรักเล็ก ๆ ที่เติมเต็มความสุข เป็นคนรักที่ทำให้ทุกวันดูน่ารัก โรแมนติกในแบบเรียบง่าย 🌸เดซี่ (Daisy) – รักที่ซื่อสัตย์ ไร้เดียงสา เหมือนเด็กน้อยที่จริงใจต่อกัน ไม่มีเล่ห์เหลี่ยม 🌸แกลดิโอลัส (Gladiolus) – ความรักที่มั่นคง แข็งแรง และยืนหยัดเพื่อกันและกัน แม้จะมีอุปสรรค 🌸ทานตะวัน (Sunflower) – ความรักที่ภักดี ซื่อตรง และพร้อมจะยืนเคียงข้างอีกฝ่ายเสมอ เป็นรักที่มีพลังบวกสูง 🌸ไฮยาซินธ์ (Hyacinth) – ความรักที่หวานแต่ก็ซ่อนความเศร้า บางครั้งคือรักที่ต้องเลือกหรือทำใจกับสิ่งที่ไม่สมบูรณ์แบบ 🌸ลิลลี่ออฟเดอะแวลลีย์ (Lily of the Valley) – รักที่อ่อนหวาน ซื่อสัตย์ และจริงใจ พร้อมจะดูแลกันไปนาน ๆ 🌸บลูซัลเวีย (Blue Salvia) – ความรักที่เงียบสงบและลึกซึ้ง เหมือนรักที่ไม่ต้องพูดมาก แต่รับรู้ได้จากการกระทำ 🌸แอสเตอร์ (Aster) – ความรักที่โรแมนติกและฝันใฝ่ อาจมีความรักแบบไกลตัว แต่ก็เต็มไปด้วยความหวังดี ✨อย่าลืมรีโพสต์เพื่อน้อมรับคำทำนายนะ #opendurianhowto #OpenDurianBooks #วันไหนที่ใจแข็งแรงดอกไม้จะผลิบาน #หนังสือ #Books
มิ้น,7548810006502624513,2025-09-11,โอบกอดความไม่สมบูรณ์แบบของเธอ (Embrace Your Flaws),0.0,0,0.0,0.0,คุณเหนื่อยไหม :)  ถ้าคุณเหนื่ิอยกอดตัวเองให้แน่น ๆ นะ 🖤 #opendurianhowto  #books #โอบกอดความไม่สมบูรณ์แบบของเธอ #imminimus #หนังสือฮีลใจ 
มิ้น,7548802772100009217,2025-09-11,หนังสือ Ghostly Brews ยินดีบริการดวงวิญญาณหลังเที่ยงคืน by หมึกซึม,0.0,0,0.0,0.0,หนังสือที่เหมาะกับคนหมดแพชชัน ที่ทำเสียน้ำตาไปเป็นลิตร 1000/100 คะแนนไปเลย 👻 #opendurianhowto #books #ghostlybrews #comic  #หนังสือฮีลใจ 
ไม่ระบุ,7548690327469608209,2025-09-11,[หนังสือ] ปีศาจตัวนั้น คือฉันเอง 2 A Guide to Overcoming the Return of the Demons,0.0,0,0.1,0.0,"ภาคต่อของหนังสือขายดี  ที่ขายไปแล้วกว่า 100,000 เล่ม!  “ปีศาจตัวนั้นคือฉันเอง 2” 📕   . 🙌 การกลับมาของปีศาจตัวเก่าที่แข็งแกร่งขึ้น  รวมถึงปีศาจตัวใหม่ที่โหดร้ายกว่าเดิม  #ปีศาจตัวนั้นคือฉันเอง2 #หนังสือฮีลใจ #opendurianhowto #books #newbook "
มิ้น,7548430340356951312,2025-09-10,หนังสือ เหนื่อยมากไหม พักก่อนก็ได้นะวันนี้ by MAY-I (เม-ไอ),0.0,0,0.0,0.0,เช็กด่วน ‼️ 5 สัญญาณที่บอกว่าเรา “เหนื่อยเกินไป”  😩 #opendurianhowto #books #สัญญาณ #หนังสือพัฒนาตัวเอง #เหนื่อยมากไหมพักก่อนก็ได้นะวันนี้  
ริว,7548401064190496007,2025-09-10,[หนังสือ] ปีศาจตัวนั้น คือฉันเอง 2 A Guide to Overcoming the Return of the Demons,0.0,0,0.0,0.0,เพราะไม่มีความเศร้าไหน เทียบเท่าการสูญเสียคนในครอบครัว ความรู้สึกว่างเปล่า เสียงหัวเราะที่หายไป หรือมื้ออาหารที่ขาดใครบางคน มันจะเป็นปีศาจที่คอยหลอกหลอนเราในทุกวัน😭 มาเผชิญหน้าและกำจัดปีศาจเหล่านี้ได้กับหนังสือ ‘ปีศาจตัวนั้นคือฉันเอง 2‘ 😈 #opendurianhowto #opendurianbooks #ปีศาจตัวนั้นคือฉันเอง2 #MAYI #books
ริว,7548387798202600711,2025-09-10,หนังสือ Ghostly Brews ยินดีบริการดวงวิญญาณหลังเที่ยงคืน by หมึกซึม,0.0,0,0.0,0.0,5 ประโยคเตือนสติจากหนังสือ Ghostly brews 📙🫂 ✨อย่าใช้ชีวิตแบบที่เอาแต่ทำให้ทุกคนพอใจ อย่าลืมดูแลจิตใจของตัวเองให้ดีที่สุดเป็นอันดับแรกเสมอ ✨เพราะว่าความรู้สึก เมื่อมันเสียไปแล้ว ยังไงก็กลับไปเป็นเหมือนเดิมไม่ได้ ✨ถ้ายังพอมีเวลาอีกสักนิด คงดูแลตัวเองให้ดี ก่อนที่จะไปดูแลคนอื่น ✨ถ้ายังยึดติดกับตัวเองในตอนที่ทุกข์ ก็จะมองไม่เห็นตัวเองในเวอร์ชันที่มีความสุข ✨ถ้าเรารักตัวเองมากพอ ก็จะหาความสุขให้ตัวเองได้ โดยไม่ต้องคาดหวังหรือรอรับความจากใคร #opendurianhowto #OpenDurianBooks #GhostlyBrews #หมึกซึม #Books
ไม่ระบุ,7548290074836831489,2025-09-10,ปีศาจตัวนั้น คือฉันเอง 2 A Guide to Overcoming the Return of the Demons,0.0,0,0.0,0.0,เลือกที่จะเลิกฟังเสียงของปีศาจ  และเลือกเชื่อเสียงของตัวเอง   . “ปีศาจตัวนั้นคือฉันเอง 2” 📕   ✍🏻 ผลงานจากนักเขียนนามปากกา “MAY-I”   #opendurianhowto #books #ปีศาจตัวนั้นคือฉันเอง2 #หนังสือฮีลใจ #หนังสือพัฒนาตัวเอง 
มิ้น,7548097235351833873,2025-09-09,หนังสือ ขอใช้ชีวิตที่เหลือ เพื่อตัวเองนะ,0.0,0,0.0,0.0,หนังสือที่ทำให้เรา ได้ทบทวนกับตัวเองว่า…  “ควรใช้ชีวิตที่เหลือเพื่อตัวเองอย่างจริงจังสักครั้งได้แล้ว“ :)  #ขอใช้ชีวิตที่เหลือเพื่อตัวเองนะ #คิ้วต่ำ #opendurianhowto #books #mindset 
มิ้น,7548040296261618960,2025-09-09,ปีศาจตัวนั้น คือฉันเอง 2 A Guide to Overcoming the Return of the Demons,0.0,0,0.0,0.0,ใครที่รู้สึกหมดไฟ🔥 หรือเหนื่อยกับชีวิต 📌อยากให้อ่านหนังสือเล่มนี้ … #ปีศาจตัวนั้นคือฉันเอง2  #opendurianhowto #books ##มนุษย์เงินเดือน  #หมดไฟ 
ริว,7547971985821797639,2025-09-09,หนังสือ The Witches' Club ชมรมลับเปลี่ยนชีวิต,0.0,0,0.0,0.0,การระลึกถึงคนที่จากไป ไม่ใช่การยึดติดกับความเศร้า แต่เป็นการเก็บความรักและความทรงจำดี ๆ ไว้ในใจ🤍 #opendurianhowto #opendurianbooks #หนังสือพัฒนาตัวเอง #books #TheWitchesClub
ไม่ระบุ,7547917686316076305,2025-09-09,[หนังสือ] ปีศาจตัวนั้น คือฉันเอง 2 A Guide to Overcoming the Return of the Demons,0.0,0,0.0,0.0,ประโยคนี้ทำให้เราฉุกคิดได้ว่า  📍 บางที ศัตรูที่ร้ายที่สุดอาจจะไม่ใช่ปีศาจในหัว  แต่เป็นการที่เรายอมแพ้เสียงในหัว ที่คอยลดทอนคุณค่าของเราต่างหาก  #ปีศาจตัวนั้นคือฉันเอง2  #opendurianhowto #opendurianbooks #books #หนังสือฮีลใจ 
มิ้น,7547708000136350993,2025-09-08,[สุดคุ้ม] หนังสือ ปีศาจตัวนั้น คือฉันเอง A Guide to Fight the Demons in My Heart,0.0,0,0.0,0.0,เคยไหม?  แพ้เสียงในหัว “ตัวเอง”  ต่อสู้กับความคิดลบ  เหนื่อยจนแทบหมดแรง 😫  หนังสือ #ปีศาจตัวนั้นคือฉันเอง  เล่มนี้จะช่วยให้คุณได้หันกลับมาทบทวนตัวเองและเข้าใจเสียงในหัวมากขึ้น ❤️ สนใจสั่งซื้อกดที่ตะกร้า :) 
ริว,7547665667986574599,2025-09-08,หนังสือ Ghostly Brews ยินดีบริการดวงวิญญาณหลังเที่ยงคืน by หมึกซึม,0.0,0,0.0,0.0,หรือเขาคงต้องการให้ผมตายถึงได้มัดปากถุงไว้แบบนั้น😿 #opendurianhowto #OpenDurianBooks #GhostlyBrews #หมึกซึม #Books
ริว,7547661722002230536,2025-09-08,BOXSET The Witches' Club ชมรมลับเปลี่ยนชีวิต,0.0,0,7.9,0.0,มีประโยคหนึ่งในหนังสือ…ที่อ่านแล้วอยากลุกขึ้นมาใช้ชีวิตให้มีความสุข เขาบอกว่า… #opendurianhowto #opendurianbooks #หนังสือพัฒนาตัวเอง #books #TheWitchesClub
ไม่ระบุ,7547549571279260945,2025-09-08,[หนังสือ] ปีศาจตัวนั้น คือฉันเอง 2 A Guide to Overcoming the Return of the Demons,0.0,0,0.0,0.0,มีอะไรอยู่ในถุงน้าาา 🤔  ใช่หนังสือ … 📕  “ปีศาจตัวนั้นคือฉันเอง 2” หรือเปล่าน้าาา  #opendurianhowto #ปีศาจตัวนั้นคือฉันเอง2 #books #opendurianbooks #หนังสือฮีลใจ 
มิ้น,7546961894716787984,2025-09-06,หนังสือ Ghostly Brews ยินดีบริการดวงวิญญาณหลังเที่ยงคืน by หมึกซึม,0.0,0,0.0,0.0,บทนี้จากหนังสือ #Ghostlybrews | แด่ทุกคนที่เดินทางตามความฝัน  ขอให้ถูกค้นพบ…ทันเวลา🙂 #ยินดีบริการดวงวิญญาณหลังเที่ยงคืน #opendurianhowto #books #หมึกซึม  
มิ้น,7546910328936779024,2025-09-06,หนังสือ เหนื่อยมากไหม พักก่อนก็ได้นะวันนี้ by MAY-I (เม-ไอ),0.0,0,0.0,0.0,| เลิกงานแล้ว… วันนี้เหนื่อยใช่ไหม… งั้นมาฟังประโยคนี้กัน :)  #เหนื่อยมากไหมพักก่อนก็ได้นะวันนี้  #opendurianhowto #opendurianbooks #books #หนังสือฮีลใจ 
มิ้น,7546909243308264721,2025-09-06,หนังสือ The Witches' Club ชมรมลับเปลี่ยนชีวิต,0.0,0,0.0,0.0,📌9.9 นี้หนังสือฮีลใจลดทั้งร้าน💖 -แจกคูปองลดสูงสุด 15%  เพียงซื้อขั้นต่ำ 300 บาท  -ส่งฟรีไม่มีขั้นต่ำ ✨ -ให้แค่ 4 วันเท่านั้น😱 ✨ใครสนใจกดที่ตะกร้าได้เลย  ด่วน ๆ ‼️ #opendurianhowto #books #หนังสือฮีลใจ #หนังสือใหม่ #ลดราคา 
มิ้น,7546909243308264721,2025-09-06,Boxset เหนื่อยมากไหม พักก่อนก็ได้นะวันนี้ by MAY-I (เม-ไอ),0.0,0,3.17,0.0,📌9.9 นี้หนังสือฮีลใจลดทั้งร้าน💖 -แจกคูปองลดสูงสุด 15%  เพียงซื้อขั้นต่ำ 300 บาท  -ส่งฟรีไม่มีขั้นต่ำ ✨ -ให้แค่ 4 วันเท่านั้น😱 ✨ใครสนใจกดที่ตะกร้าได้เลย  ด่วน ๆ ‼️ #opendurianhowto #books #หนังสือฮีลใจ #หนังสือใหม่ #ลดราคา 
มิ้น,7546909243308264721,2025-09-06,หนังสือ เหนื่อยมากไหม พักก่อนก็ได้นะวันนี้ by MAY-I (เม-ไอ),0.0,0,0.25,0.0,📌9.9 นี้หนังสือฮีลใจลดทั้งร้าน💖 -แจกคูปองลดสูงสุด 15%  เพียงซื้อขั้นต่ำ 300 บาท  -ส่งฟรีไม่มีขั้นต่ำ ✨ -ให้แค่ 4 วันเท่านั้น😱 ✨ใครสนใจกดที่ตะกร้าได้เลย  ด่วน ๆ ‼️ #opendurianhowto #books #หนังสือฮีลใจ #หนังสือใหม่ #ลดราคา 
มิ้น,7546909243308264721,2025-09-06,หนังสือ ขอใช้ชีวิตที่เหลือ เพื่อตัวเองนะ,0.0,0,5.25,0.0,📌9.9 นี้หนังสือฮีลใจลดทั้งร้าน💖 -แจกคูปองลดสูงสุด 15%  เพียงซื้อขั้นต่ำ 300 บาท  -ส่งฟรีไม่มีขั้นต่ำ ✨ -ให้แค่ 4 วันเท่านั้น😱 ✨ใครสนใจกดที่ตะกร้าได้เลย  ด่วน ๆ ‼️ #opendurianhowto #books #หนังสือฮีลใจ #หนังสือใหม่ #ลดราคา 
มิ้น,7546909243308264721,2025-09-06,หนังสือ ความลับสู่เงินล้านที่โรงเรียนไม่เคยสอน (The Millionaire's Top Secret),0.0,0,11.46,0.0,📌9.9 นี้หนังสือฮีลใจลดทั้งร้าน💖 -แจกคูปองลดสูงสุด 15%  เพียงซื้อขั้นต่ำ 300 บาท  -ส่งฟรีไม่มีขั้นต่ำ ✨ -ให้แค่ 4 วันเท่านั้น😱 ✨ใครสนใจกดที่ตะกร้าได้เลย  ด่วน ๆ ‼️ #opendurianhowto #books #หนังสือฮีลใจ #หนังสือใหม่ #ลดราคา 
มิ้น,7546909243308264721,2025-09-06,หนังสือ Ghostly Brews ยินดีบริการดวงวิญญาณหลังเที่ยงคืน by หมึกซึม,0.0,0,0.0,0.0,📌9.9 นี้หนังสือฮีลใจลดทั้งร้าน💖 -แจกคูปองลดสูงสุด 15%  เพียงซื้อขั้นต่ำ 300 บาท  -ส่งฟรีไม่มีขั้นต่ำ ✨ -ให้แค่ 4 วันเท่านั้น😱 ✨ใครสนใจกดที่ตะกร้าได้เลย  ด่วน ๆ ‼️ #opendurianhowto #books #หนังสือฮีลใจ #หนังสือใหม่ #ลดราคา 
มิ้น,7546909243308264721,2025-09-06,โอบกอดความไม่สมบูรณ์แบบของเธอ (Embrace Your Flaws),0.0,0,2.79,0.0,📌9.9 นี้หนังสือฮีลใจลดทั้งร้าน💖 -แจกคูปองลดสูงสุด 15%  เพียงซื้อขั้นต่ำ 300 บาท  -ส่งฟรีไม่มีขั้นต่ำ ✨ -ให้แค่ 4 วันเท่านั้น😱 ✨ใครสนใจกดที่ตะกร้าได้เลย  ด่วน ๆ ‼️ #opendurianhowto #books #หนังสือฮีลใจ #หนังสือใหม่ #ลดราคา 
มิ้น,7546909243308264721,2025-09-06,[สุดคุ้ม] หนังสือ ปีศาจตัวนั้น คือฉันเอง A Guide to Fight the Demons in My Heart,0.0,0,61.27,0.0,📌9.9 นี้หนังสือฮีลใจลดทั้งร้าน💖 -แจกคูปองลดสูงสุด 15%  เพียงซื้อขั้นต่ำ 300 บาท  -ส่งฟรีไม่มีขั้นต่ำ ✨ -ให้แค่ 4 วันเท่านั้น😱 ✨ใครสนใจกดที่ตะกร้าได้เลย  ด่วน ๆ ‼️ #opendurianhowto #books #หนังสือฮีลใจ #หนังสือใหม่ #ลดราคา 
ริว,7546852080753904904,2025-09-06,หนังสือ ยินดีต้อนรับและขอบคุณที่กลับมา,0.0,0,0.0,0.0,อย่าลืมว่าตัวคุณเองก็สมควรได้รับความรักและสิ่งทีดี💐🌟🤍 #opendurianhowto #OpenDurianBooks #ยินดีต้อนรับและขอบคุณที่กลับมา #หนังสือ #Books
ริว,7546827058500996359,2025-09-06,[หนังสือ] ปีศาจตัวนั้น คือฉันเอง 2 A Guide to Overcoming the Return of the Demons,0.0,0,0.0,0.0,📙 หนังสือมาใหม่มาแล้ว‼️ ปีศาจตัวนั้นคือฉันเอง 2 😈 หนังสือฮีลใจภาคต่อที่ไวรัลมาก ๆ เมื่อปีที่แล้ว 🌟 ปีนี้เขากลับมากลับภาคต่อที่เนื้อหาเข้มข้นจากเล่มเดิมมาก ๆ ดูจากสีปกและน่าจะมีปีศาจใหม่ด้วย🔥 #opendurianhowto #opendurianbooks #ปีศาจตัวนั้นคือฉันเอง2 #MAYI #books
ริว,7546422086990925063,2025-09-05,หนังสือ The Witches' Club ชมรมลับเปลี่ยนชีวิต,0.0,0,0.0,0.0,ความผิดพลาด ไม่ใช่ความล้มเหลว หนังสือเล่มนี้บอกกับเราแบบนี้ว่า… 🫵🏻 #opendurianhowto #opendurianbooks #หนังสือพัฒนาตัวเอง #books #TheWitchesClub
มิ้น,7546186882154024209,2025-09-04,หนังสือ Ghostly Brews ยินดีบริการดวงวิญญาณหลังเที่ยงคืน by หมึกซึม,0.0,0,0.0,0.0,| หนังสือเล่มนี้ถูกเขียนขึ้นมา จากนักเขียนที่ไม่เชื่อเรื่อง… (โลกหลังความ Xาย) 👻 #ghostlybrews #ยินดีบริการดวงวิญญาณหลังเที่ยงคืน  #หมึกซึม #opendurianhowto #books 
ริว,7546167531770318088,2025-09-04,หนังสือ The Witches' Club ชมรมลับเปลี่ยนชีวิต,0.0,0,0.0,0.0,✨ คาถา…เหล่านี้ จะเปลี่ยนชีวิตของคุณ 📙 หนังสือ The Witches‘ Club 🔮🐱  #o#opendurianhowtoo#opendurianbooksห#หนังสือพัฒนาตัวเองb#booksTheWitchesClub 
ริว,7546166957763071240,2025-09-04,หนังสือ The Witches' Club ชมรมลับเปลี่ยนชีวิต,0.0,0,0.0,0.0,⭐️ รีวิว 5/5 📙 หนังสือ The Witches‘ Club 🔮🐱  #opendurianhowto #opendurianbooks #หนังสือพัฒนาตัวเอง #books #TheWitchesClub 
ริว,7546166703009369352,2025-09-04,หนังสือ The Witches' Club ชมรมลับเปลี่ยนชีวิต,0.0,0,0.0,0.0,กลับมารักตัวเอง เพราะประโยคเหล่านี้🫂 📙 หนังสือ The Witches‘ Club 🔮🐱  #opendurianhowto #opendurianbooks #หนังสือพัฒนาตัวเอง #books #TheWitchesClub 
ริว,7546166144353176839,2025-09-04,หนังสือ The Witches' Club ชมรมลับเปลี่ยนชีวิต,0.0,0,0.0,0.0,7 สัญญาณที่บอกว่าคุณควรอ่าน 📙 หนังสือ The Witches‘ Club 🔮🐱  #opendurianhowto #opendurianbooks #หนังสือพัฒนาตัวเอง #books #TheWitchesClub 
ริว,7546164321152421138,2025-09-04,หนังสือ The Witches' Club ชมรมลับเปลี่ยนชีวิต,0.0,0,0.0,0.0,ประโยคเตือนสติ‼️ จากหนังสือ The Witches‘ Club 🔮🐱 #opendurianhowto #opendurianbooks #หนังสือพัฒนาตัวเอง #books #TheWitchesClub
ริว,7546135769866423560,2025-09-04,[สุดคุ้ม] หนังสือ ปีศาจตัวนั้น คือฉันเอง A Guide to Fight the Demons in My Heart,0.0,0,0.09,0.0,เหนื่อยวันนี้สบายวันไหน‼️🫵🏻 หนังสือ ‘ปีศาจตัวนั้นคือฉันเอง‘ 😈 หนังสือฮีลใจที่จะทำให้เรารักตัวเองมากขึ้น✨💐🤍 #opendurianhowto #opendurianbooks #ปีศาจตัวนั้นคือฉันเอง #หนังสือพัฒนาตัวเอง #books
มิ้น,7546067797948763409,2025-09-04,BOXSET The Witches' Club ชมรมลับเปลี่ยนชีวิต,0.0,0,0.0,0.0,“อะไรเดิม ๆ อาจจะดีอยู่แล้ว  แต่ไม่ได้แปลว่า มันจะดีกว่านี้ไม่ได้“  📌ประโยคจากหนังสือ  #thewitchesclubชมรมลับเปลี่ยนชีวิต  #opendurianhowto #books #หนังสือฮีลใจ #รักตัวเอง 
ไม่ระบุ,7546062631845629200,2025-09-04,[หนังสือ] ปีศาจตัวนั้น คือฉันเอง 2 A Guide to Overcoming the Return of the Demons,0.0,0,0.0,0.0,| Unpack  ปีศาจตัวนั้นคือฉันเอง 2😈 📌หนังสือเล่มใหม่ล่าสุดจาก MAY-I  #ปีศาจตัวนั้นคือฉันเอง2 #opendurianhowto #books #opendurianbooks #หนังสือฮีลใจ 
มิ้น,7545805302252293377,2025-09-03,[หนังสือ] ปีศาจตัวนั้น คือฉันเอง 2 A Guide to Overcoming the Return of the Demons,0.0,0,0.01,0.0,5 ข้อคิดจากหนังสือใหม่✨ #ปีศาจตัวนั้นคือฉันเอง2   #opendurianhowto  #books #opendurianbooks #หนังสือฮีลใจ 
ริว,7545797365345651975,2025-09-03,หนังสือ Ghostly Brews ยินดีบริการดวงวิญญาณหลังเที่ยงคืน by หมึกซึม,0.0,0,0.0,0.0,ความกลัว การไม่ถูกรัก มันทำให้เราต้องยิ้มให้ทุกคนอยู่เสมอแม้ในวันที่ไม่มีความสุข แต่ต้องทำเพราะกลัวถูกเกลียด…😭 #opendurianhowto #OpenDurianBooks #GhostlyBrews #หมึกซึม #Books
ริว,7545379882524626183,2025-09-02,[หนังสือ] ปีศาจตัวนั้น คือฉันเอง 2 A Guide to Overcoming the Return of the Demons,0.0,0,0.0,0.0,📙ถ้าอ่านแล้วไม่ร้องไห้ได้เกิน 100 คะแนนเลย🫵🏻😭 ‘ปีศาจตัวนั้นคือฉันเอง 2‘ 😈 หนังสือฮีลใจที่อ่านแล้วร้องไห้กับหลาย ๆ บทที่มันตรงกับชีวิตจริงมาก ๆ 🥹ได้ข้อคิดหลายอย่างเลย แนะนำว่าต้องอ่านเลยนะ🫂💐 #opendurianhowto #opendurianbooks #ปีศาจตัวนั้นคือฉันเอง2 #MAYI #books 
ริว,7545379869958360327,2025-09-02,[หนังสือ] ปีศาจตัวนั้น คือฉันเอง 2 A Guide to Overcoming the Return of the Demons,0.0,0,0.0,0.0,เราเติบโตขึ้น พ่อและแม่แก่ตัวลงทุกวัน อย่าลืมโอกาสบางอย่างที่ยังสามารถทำได้ในตอนที่ยังอยู่ด้วยกัน😭 ‘ปีศาจตัวนั้นคือฉันเอง 2‘ หนังสือฮีลใจที่อ่านแล้วได้ข้อคิดเยอะมาก🫂💖✨ #opendurianhowto #opendurianbooks #ปีศาจตัวนั้นคือฉันเอง2 #MAYI #books
ริว,7545378322906172690,2025-09-02,[หนังสือ] ปีศาจตัวนั้น คือฉันเอง 2 A Guide to Overcoming the Return of the Demons,0.0,0,0.0,0.0,📙 หนังสือที่อ่านแล้วเหมือนมีเพื่อนคอยปลอบและให้กำลังใจข้าง ๆ เสมอ ‘ปีศาจตัวนั้นคือฉันเอง 2‘ 😈 ภาคต่อหนังสือที่ไวรัลที่สุดและคู่ควรแก่การอ่านสักครั้ง🫵🏻🌟💖 #opendurianhowto #opendurianbooks #ปีศาจตัวนั้นคือฉันเอง2 #MAYI #books
ริว,7545373054424141064,2025-09-02,[พร้อมส่ง] หนังสือถ้าโลกมันแย่ ก็แค่คิดแบบคาปิบาร่า (Think Like a Happybara),0.0,0,0.0,0.0,“คนรักตัวเอง” กับ “คนเห็นแก่ตัว” ต่างกันนะ… #opendurianhowto #opendurianbooks #ถ้าโลกมันแย่แค่คิดแบบคาปิบาร่า #หนังสือพัฒนาตัวเอง #books 
มิ้น,7545126051798633744,2025-09-01,[ขายดี] หนังสือ Ghostly Brews ยินดีบริการดวงวิญญาณหลังเที่ยงคืน by หมึกซึม,0.0,0,0.0,0.0,| แด่ทุกชีวิต…ที่กำลังต่อสู้และดิ้นรน หนังสือที่อยากให้คุณได้ลองอ่านสักครั้งในชีวิต :)  #ghostlybrews #ยินดีบริการดวงวิญญาณหลังเที่ยงคืน #หมึกซึม #opendurianhowto #books 
มิ้น,7545073990423956753,2025-09-01,Boxset เหนื่อยมากไหม พักก่อนก็ได้นะวันนี้ by MAY-I (เม-ไอ),0.0,0,0.0,0.0,บางวัน เราอาจก้าวได้ไกล บางวัน แค่ยืนอยู่ตรงนี้ให้ไหว…ก็เพียงพอแล้ว :)  #เหนื่อยมากไหมพักก่อนได้นะวันนี้  #opendurianhowto #opendurianbooks #books #หนังสือฮีลใจ 
มิ้น,7545073990423956753,2025-09-01,หนังสือ เหนื่อยมากไหม พักก่อนก็ได้นะวันนี้ by MAY-I (เม-ไอ),0.0,0,0.0,0.0,บางวัน เราอาจก้าวได้ไกล บางวัน แค่ยืนอยู่ตรงนี้ให้ไหว…ก็เพียงพอแล้ว :)  #เหนื่อยมากไหมพักก่อนได้นะวันนี้  #opendurianhowto #opendurianbooks #books #หนังสือฮีลใจ 
ริว,7545060220997881106,2025-09-01,[หนังสือ] ปีศาจตัวนั้น คือฉันเอง 2 A Guide to Overcoming the Return of the Demons,0.0,0,0.0,0.0,📙 ‘ปีศาจตัวนั้นคือฉันเอง 2’😈 ภาคต่อหนังสือฮีลใจที่ได้รับรางวัลปี 2024 ⭐️ วางขายวันที่ 3 กันยายนนี้ เตรียมกดตะกร้าได้เลย🫵🏻🤩 #opendurianhowto #opendurianbooks #ปีศาจตัวนั้นคือฉันเอง2 #MAYI #books
มิ้น,7545001139171872016,2025-09-01,หนังสือ The Witches' Club ชมรมลับเปลี่ยนชีวิต [2],0.0,0,0.0,0.0,| ข้อคิดดี ๆ จากหนังสือ ✨ #thewitchesclubชมรมลับเปลี่ยนชีวิต   #opendurianhowto #opendurianbooks #books #หนังสือฮีลใจ 
มิ้น,7544646432129633556,2025-08-31,[หนังสือ] ปีศาจตัวนั้น คือฉันเอง 2 A Guide to Overcoming the Return of the Demons,0.0,0,0.0,0.0,"#ปีศาจตัวนั้นคือฉันเอง ผลงานจากนักเขียน MAY-I ที่ครองใจใคร ๆ หลาย ๆ คน ขายไปแล้วมากกว่า 100,000 แสนเล่ม  ตอกย้ำความสำเร็จวันนี้กลับมาพร้อมกับ #ปีศาจตัวนั้นคือฉันเอง2 ที่ปีศาจในใจที่แกร่งขึ้นกว่าเดิม และมีปีศาจหน้าใหม่เพิ่มอีก 6 ตัว😱 พร้อมสำรวจปีศาจในใจไปด้วยกัน 😈 #opendurianhowto #opendurianbooks #books  "
ริว,7543957208720084231,2025-08-29,[หนังสือ] ปีศาจตัวนั้น คือฉันเอง 2 A Guide to Overcoming the Return of the Demons,0.0,0,0.0,0.0,คะแนน 100/10 ⭐️ กับหนังสือ ”ปีศาจตัวนั้นคือฉันเอง 2“ 📙 ภาคต่อหนังสือที่ได้รับรางวัลปี 2024 ที่อ่านแล้วจะรักตัวเองมากขึ้น💖 และเห็นคุณค่าในตัวเองมากขึ้น 300 % 🫂✨ #opendurianhowto #OpenDurianBooks #ปีศาจตัวนั้นคือฉันเอง2 #MAYI #Books 
ริว,7543956959989370120,2025-08-29,[หนังสือ] ปีศาจตัวนั้น คือฉันเอง 2 A Guide to Overcoming the Return of the Demons,0.0,0,0.0,0.0,7 สัญญาณที่ควรอ่าน‼️ หนังสือ ”ปีศาจตัวนั้นคือฉันเอง 2“ ภาคต่อหนังสือที่ได้รับรางวัลปี 2024 ⭐️ อ่านแล้วเห็นคุณค่าในตัวเองมากขึ้น 300 % 🫂✨ #opendurianhowto #OpenDurianBooks #ปีศาจตัวนั้นคือฉันเอง2 #MAYI #Books 
ริว,7543956555000073479,2025-08-29,[หนังสือ] ปีศาจตัวนั้น คือฉันเอง 2 A Guide to Overcoming the Return of the Demons,0.0,0,0.0,0.0,แค่หนังสือเล่มเดียว ร้องไห้ทำไม😭 หนังสือ ”ปีศาจตัวนั้นคือฉันเอง 2“ ภาคต่อหนังสือที่ได้รับรางวัลปี 2024 อ่านแล้วเห็นคุณค่าในตัวเองมากขึ้น 300 % 🫂✨ #opendurianhowto #OpenDurianBooks #ปีศาจตัวนั้นคือฉันเอง2 #MAYI #Books 
ริว,7543561028387228936,2025-08-28,หนังสือ ขอใช้ชีวิตที่เหลือ เพื่อตัวเองนะ,0.0,0,0.0,0.0,ลองแคร์แค่สายตา คำพูดและหัวใจของตัวเองดูบ้าง… 🫂🤍✨ #opendurianhowto #OpenDurianBooks #ขอใช้ชีวิตที่เหลือเพื่อตัวเองนะ #หนังสือ #Books
มิ้น,7543208352055135509,2025-08-27,[ขายดี] หนังสือ Ghostly Brews ยินดีบริการดวงวิญญาณหลังเที่ยงคืน by หมึกซึม,0.0,0,0.0,0.0,📌ป้ายยาหนังสือฮีลใจ สไตล์ #comic 🖤 ที่อยากให้ได้อ่านก่อนนอน 🌙 #opendurianhowto #opendurianbooks #GhostlyBrews #ยินดีบริการดวงวิญญาณหลังเที่ยงคืน 
ริว,7543203756356291858,2025-08-27,[หนังสือ] ปีศาจตัวนั้น คือฉันเอง 2 A Guide to Overcoming the Return of the Demons,0.0,0,0.0,0.0,‼️แนะนำหนังสือฮีลใจ 🫂 อ่านแล้วเปลี่ยนมุมมองชีวิต 300 % 💐✨ #opendurianhowto #opendurianbooks #ปีศาจตัวนั้นคือฉันเอง2 #MAYI #books 
ริว,7543203332962340103,2025-08-27,[หนังสือ] ปีศาจตัวนั้น คือฉันเอง 2 A Guide to Overcoming the Return of the Demons,0.0,0,0.0,0.0,สัญญาณที่บ่งบอกว่าควรอ่านเล่มนี้…🥹 #opendurianhowto #opendurianbooks #ปีศาจตัวนั้นคือฉันเอง2 #MAYI #books
ริว,7543203047128730887,2025-08-27,[หนังสือ] ปีศาจตัวนั้น คือฉันเอง 2 A Guide to Overcoming the Return of the Demons,0.0,0,0.0,0.0,ภาคต่อหนังสือรางวัลปี 2024 ⭐️ กับหนังสือ ‘ปีศาจตัวนั้นคือฉันเอง 2‘ 😈 #opendurianhowto #opendurianbooks #ปีศาจตัวนั้นคือฉันเอง2 #MAYI #books
ริว,7543201047913729288,2025-08-27,BOXSET The Witches' Club ชมรมลับเปลี่ยนชีวิต,0.0,0,0.0,0.0,📙 แค่ประโยคเดียวในหนังสือ ที่ทำให้รู้ว่าแม้จะผิดพลาด ก็ไม่ได้แปลว่าเราล้มเหลว เขาบอกว่า… #opendurianhowto #opendurianbooks #หนังสือพัฒนาตัวเอง #books #TheWitchesClub
มิ้น,7543125714036378901,2025-08-27,หนังสือ ปีศาจตัวนั้น คือฉันเอง A Guide to Fighting the Demons in My Heart,0.0,0,0.0,0.0,📌3 สิ่งที่เล่มนี้อยากบอกคุณ✨ จากหนังสือ #ปีศาจตัวนั้นคือฉันเอง  #opendurianhowto #books #หนังสือฮีลใจ #รักตัวเอง 
ริว,7542833840688041223,2025-08-26,หนังสือ ยินดีต้อนรับและขอบคุณที่กลับมา,0.0,0,0.0,0.0,ไม่เป็นไรเลยถ้าวันนี้คุณผิดพลาด เพราะเราสามารถ ‘ผิดพลาดได้นะ‘ 🫂✨ #opendurianhowto #OpenDurianBooks #ยินดีต้อนรับและขอบคุณที่กลับมา #หนังสือ #Books  
มิ้น,7542830588412103956,2025-08-26,โอบกอดความไม่สมบูรณ์แบบของเธอ (Embrace Your Flaws),0.0,0,0.0,0.0,| หากคุณกำลังเศร้า อยากให้คุณลองอ่านเล่มนี้ :)  #โอบกอดความไม่สมบูรณ์แบบของเธอ #opendurianhowto #books #เศร้า #หนังสือฮีลใจ 
ริว,7542723945334623506,2025-08-26,[ขายดี] หนังสือ Ghostly Brews ยินดีบริการดวงวิญญาณหลังเที่ยงคืน by หมึกซึม,0.0,0,0.0,0.0,รู้อยู่แก่ใจว่าถูกเอาเปรียบ…แต่ทำไมถึงยอม? 🥹🫂 #opendurianbooks #opendurianhowto #GhostlyBrews #หมึกซึม #Books 
มิ้น,7542501604021292309,2025-08-25,BOXSET The Witches' Club ชมรมลับเปลี่ยนชีวิต,0.0,0,0.0,0.0,| ประโยคนี้มันกำลังเตือนสติเราว่า… จงอย่าสนใจแต่สิ่งที่ยังทำไม่สำเร็จ จนลืมชื่นชมความสำเร็จที่ผ่านมา และอย่ามัวแต่มองว่า “ตัวเองไม่เก่งเลย” :)  #opendurianhowto #books #thewitchesclubชมรมลับเปลี่ยนชีวิต #หนังสือฮีลใจ #เตือนสติ 
มิ้น,7542501604021292309,2025-08-25,หนังสือ The Witches' Club ชมรมลับเปลี่ยนชีวิต [2],0.0,0,0.0,0.0,| ประโยคนี้มันกำลังเตือนสติเราว่า… จงอย่าสนใจแต่สิ่งที่ยังทำไม่สำเร็จ จนลืมชื่นชมความสำเร็จที่ผ่านมา และอย่ามัวแต่มองว่า “ตัวเองไม่เก่งเลย” :)  #opendurianhowto #books #thewitchesclubชมรมลับเปลี่ยนชีวิต #หนังสือฮีลใจ #เตือนสติ 
มิ้น,7542424851475090709,2025-08-25,[หนังสือ] ปีศาจตัวนั้น คือฉันเอง 2 A Guide to Overcoming the Return of the Demons,0.0,0,0.0,0.0,หนังสือเล่มใหม่❤️ ที่อ่านแล้วน้ำตาซึม แบบ 3000%  #ปีศาจตัวนั้นคือฉันเอง2 #books #opendurianhowto ##หนังสือฮีลใจ##รักตัวเอง 
มิ้น,7542424239228407060,2025-08-25,[หนังสือ] ปีศาจตัวนั้น คือฉันเอง 2 A Guide to Overcoming the Return of the Demons,0.0,0,401.0,0.0,📌ปีศาจตัวนั้นคือฉันเอง 2 เล่มใหม่คือให้ 1000/100 เลย (เพราะดีเกิน) จนต้องเพิ่มอีกเล่ม ✨ #ปีศาจตัวนั้นคือฉันเอง2 #opendurianhowto #books #ใหม่ล่าสุด #หนังสือฮีลใจ 
มิ้น,7542423715502378261,2025-08-25,[หนังสือ] ปีศาจตัวนั้น คือฉันเอง 2 A Guide to Overcoming the Return of the Demons,0.0,0,0.0,0.0,📌คลิปนี้มีสปอยหนังสือเล่มใหม่✨ ใกล้วางขายแล้วน้าาาาทุกคน❤️ #opendurianhowto #ปีศาจตัวนั้นคือฉันเอง #หนังสือฮีลใจ #ใหม่ #books 
มิ้น,7542345387802217729,2025-08-25,BOXSET The Witches' Club ชมรมลับเปลี่ยนชีวิต,0.0,0,0.0,0.0,คลิปนี้ ‼️ มีแจก ธีม #สีม่วง 🔮 ห้ามพลาด 🥹 #opendurianhowto #books #thewitchesclubชมรมลับเปลี่ยนชีวิต #planner 
มิ้น,7542345387802217729,2025-08-25,หนังสือ The Witches' Club ชมรมลับเปลี่ยนชีวิต [2],0.0,0,0.0,0.0,คลิปนี้ ‼️ มีแจก ธีม #สีม่วง 🔮 ห้ามพลาด 🥹 #opendurianhowto #books #thewitchesclubชมรมลับเปลี่ยนชีวิต #planner 
ริว,7541659373991480583,2025-08-23,หนังสือ ความลับสู่เงินล้านที่โรงเรียนไม่เคยสอน (The Millionaire's Top Secret),0.0,0,0.0,0.0,💰5 เรื่องควรรู้เกี่ยวกับ ‘การเงินเบื้องต้น‘ รู้แล้วมีเงินเก็บเพิ่มขึ้นและต่อยอดเงินได้แน่นอน 🤩✨ #opendurianbooks #opendurianhowto #ความลับสู่เงินล้านที่โรงเรียนไม่เคยสอน #การเงิน #รวยๆ 
มิ้น,7541357610025454864,2025-08-22,[ขายดี] หนังสือ Ghostly Brews ยินดีบริการดวงวิญญาณหลังเที่ยงคืน by หมึกซึม,0.0,0,0.0,0.0,😱รีสต็อกแล้ว รีบสั่งก่อนหมด เหลือเพียง 50 เล่มสุดท้าย‼️ #GhostlyBrews  #ยินดีบริการดวงวิญญาณหลังเที่ยงคืน  #หมึกซึม #opendurianhowto #books 
มิ้น,7541352666564185360,2025-08-22,หนังสือ ปีศาจตัวนั้น คือฉันเอง A Guide to Fighting the Demons in My Heart,0.0,0,0.0,0.0,: ปีศาจไม่ได้เกิดจากข้างนอก แต่มันเกิดจากเสียงข้างใน😈  #ปีศาจตัวนั้นคือตัวฉันเอง  #opendurianhowto #books #หนังสือพัฒนาตัวเอง #tiktok 
ริว,7541224903890980104,2025-08-22,หนังสือ เหนื่อยมากไหม พักก่อนก็ได้นะวันนี้ by MAY-I (เม-ไอ),0.0,0,0.0,0.0,ประโยคจากในหนังสือ…ที่อ่านแล้วหายเหนื่อย🫂🤍✨ #opendurianbooks #opendurianhowto #เหนื่อยมากไหมพักก่อนก็ได้นะวันนี้ #เธรดความรู้สึก #เธรดเศร้า
มิ้น,7540954740289457429,2025-08-21,หนังสือ ทุกความทรงจำคือของขวัญจากวันวาน,0.0,0,0.0,0.0,PAYDAY นี้ ✨ เตรียมช็อปฮีลใจ ช้อปกันวันเงินออก -แจกคูปองส่วนลดถึง 25%  -สูงสุดถึง 1000 บาท  -แถมส่งฟรีไม่มีขั้นต่ำ 😱 📌ลดทั้งร้าน ลดทุกเล่มไปเลย🩷 ย้ำอีกครั้งว่าลดและส่งฟรีทุกออเดอร์ ให้แค่เฉพาะ 3 วันเท่านั้น 🤘🏻 ห้ามพลาดเด็ดขาด 📌 กดที่ตะกร้าเลยน้าาาา  #opendurianhowto #books #payday #คูปอง #หนังสือฮีลใจ 
มิ้น,7540954740289457429,2025-08-21,BOXSET The Witches' Club ชมรมลับเปลี่ยนชีวิต,0.0,0,0.0,0.0,PAYDAY นี้ ✨ เตรียมช็อปฮีลใจ ช้อปกันวันเงินออก -แจกคูปองส่วนลดถึง 25%  -สูงสุดถึง 1000 บาท  -แถมส่งฟรีไม่มีขั้นต่ำ 😱 📌ลดทั้งร้าน ลดทุกเล่มไปเลย🩷 ย้ำอีกครั้งว่าลดและส่งฟรีทุกออเดอร์ ให้แค่เฉพาะ 3 วันเท่านั้น 🤘🏻 ห้ามพลาดเด็ดขาด 📌 กดที่ตะกร้าเลยน้าาาา  #opendurianhowto #books #payday #คูปอง #หนังสือฮีลใจ 
มิ้น,7540954740289457429,2025-08-21,หนังสือ เหนื่อยมากไหม พักก่อนก็ได้นะวันนี้ by MAY-I (เม-ไอ),0.0,0,0.0,0.0,PAYDAY นี้ ✨ เตรียมช็อปฮีลใจ ช้อปกันวันเงินออก -แจกคูปองส่วนลดถึง 25%  -สูงสุดถึง 1000 บาท  -แถมส่งฟรีไม่มีขั้นต่ำ 😱 📌ลดทั้งร้าน ลดทุกเล่มไปเลย🩷 ย้ำอีกครั้งว่าลดและส่งฟรีทุกออเดอร์ ให้แค่เฉพาะ 3 วันเท่านั้น 🤘🏻 ห้ามพลาดเด็ดขาด 📌 กดที่ตะกร้าเลยน้าาาา  #opendurianhowto #books #payday #คูปอง #หนังสือฮีลใจ 
มิ้น,7540954740289457429,2025-08-21,หนังสือ ปีศาจตัวนั้น คือฉันเอง A Guide to Fighting the Demons in My Heart,0.0,0,0.0,0.0,PAYDAY นี้ ✨ เตรียมช็อปฮีลใจ ช้อปกันวันเงินออก -แจกคูปองส่วนลดถึง 25%  -สูงสุดถึง 1000 บาท  -แถมส่งฟรีไม่มีขั้นต่ำ 😱 📌ลดทั้งร้าน ลดทุกเล่มไปเลย🩷 ย้ำอีกครั้งว่าลดและส่งฟรีทุกออเดอร์ ให้แค่เฉพาะ 3 วันเท่านั้น 🤘🏻 ห้ามพลาดเด็ดขาด 📌 กดที่ตะกร้าเลยน้าาาา  #opendurianhowto #books #payday #คูปอง #หนังสือฮีลใจ 
มิ้น,7540954740289457429,2025-08-21,หนังสือ ขอใช้ชีวิตที่เหลือ เพื่อตัวเองนะ,0.0,0,0.0,0.0,PAYDAY นี้ ✨ เตรียมช็อปฮีลใจ ช้อปกันวันเงินออก -แจกคูปองส่วนลดถึง 25%  -สูงสุดถึง 1000 บาท  -แถมส่งฟรีไม่มีขั้นต่ำ 😱 📌ลดทั้งร้าน ลดทุกเล่มไปเลย🩷 ย้ำอีกครั้งว่าลดและส่งฟรีทุกออเดอร์ ให้แค่เฉพาะ 3 วันเท่านั้น 🤘🏻 ห้ามพลาดเด็ดขาด 📌 กดที่ตะกร้าเลยน้าาาา  #opendurianhowto #books #payday #คูปอง #หนังสือฮีลใจ 
มิ้น,7540954740289457429,2025-08-21,หนังสือ ยินดีต้อนรับและขอบคุณที่กลับมา,0.0,0,0.0,0.0,PAYDAY นี้ ✨ เตรียมช็อปฮีลใจ ช้อปกันวันเงินออก -แจกคูปองส่วนลดถึง 25%  -สูงสุดถึง 1000 บาท  -แถมส่งฟรีไม่มีขั้นต่ำ 😱 📌ลดทั้งร้าน ลดทุกเล่มไปเลย🩷 ย้ำอีกครั้งว่าลดและส่งฟรีทุกออเดอร์ ให้แค่เฉพาะ 3 วันเท่านั้น 🤘🏻 ห้ามพลาดเด็ดขาด 📌 กดที่ตะกร้าเลยน้าาาา  #opendurianhowto #books #payday #คูปอง #หนังสือฮีลใจ 
มิ้น,7540954740289457429,2025-08-21,[ขายดี] หนังสือ Ghostly Brews ยินดีบริการดวงวิญญาณหลังเที่ยงคืน by หมึกซึม,0.0,0,0.0,0.0,PAYDAY นี้ ✨ เตรียมช็อปฮีลใจ ช้อปกันวันเงินออก -แจกคูปองส่วนลดถึง 25%  -สูงสุดถึง 1000 บาท  -แถมส่งฟรีไม่มีขั้นต่ำ 😱 📌ลดทั้งร้าน ลดทุกเล่มไปเลย🩷 ย้ำอีกครั้งว่าลดและส่งฟรีทุกออเดอร์ ให้แค่เฉพาะ 3 วันเท่านั้น 🤘🏻 ห้ามพลาดเด็ดขาด 📌 กดที่ตะกร้าเลยน้าาาา  #opendurianhowto #books #payday #คูปอง #หนังสือฮีลใจ 
มิ้น,7540954740289457429,2025-08-21,หนังสือ ฉันจะมีชีวิตที่ดี (นักเขียนนามปากกา คิดมาก),0.0,0,0.0,0.0,PAYDAY นี้ ✨ เตรียมช็อปฮีลใจ ช้อปกันวันเงินออก -แจกคูปองส่วนลดถึง 25%  -สูงสุดถึง 1000 บาท  -แถมส่งฟรีไม่มีขั้นต่ำ 😱 📌ลดทั้งร้าน ลดทุกเล่มไปเลย🩷 ย้ำอีกครั้งว่าลดและส่งฟรีทุกออเดอร์ ให้แค่เฉพาะ 3 วันเท่านั้น 🤘🏻 ห้ามพลาดเด็ดขาด 📌 กดที่ตะกร้าเลยน้าาาา  #opendurianhowto #books #payday #คูปอง #หนังสือฮีลใจ 
มิ้น,7540954740289457429,2025-08-21,หนังสือ ความลับสู่เงินล้านที่โรงเรียนไม่เคยสอน (The Millionaire's Top Secret),0.0,0,0.0,0.0,PAYDAY นี้ ✨ เตรียมช็อปฮีลใจ ช้อปกันวันเงินออก -แจกคูปองส่วนลดถึง 25%  -สูงสุดถึง 1000 บาท  -แถมส่งฟรีไม่มีขั้นต่ำ 😱 📌ลดทั้งร้าน ลดทุกเล่มไปเลย🩷 ย้ำอีกครั้งว่าลดและส่งฟรีทุกออเดอร์ ให้แค่เฉพาะ 3 วันเท่านั้น 🤘🏻 ห้ามพลาดเด็ดขาด 📌 กดที่ตะกร้าเลยน้าาาา  #opendurianhowto #books #payday #คูปอง #หนังสือฮีลใจ 
มิ้น,7540954740289457429,2025-08-21,โอบกอดความไม่สมบูรณ์แบบของเธอ (Embrace Your Flaws),0.0,0,0.0,0.0,PAYDAY นี้ ✨ เตรียมช็อปฮีลใจ ช้อปกันวันเงินออก -แจกคูปองส่วนลดถึง 25%  -สูงสุดถึง 1000 บาท  -แถมส่งฟรีไม่มีขั้นต่ำ 😱 📌ลดทั้งร้าน ลดทุกเล่มไปเลย🩷 ย้ำอีกครั้งว่าลดและส่งฟรีทุกออเดอร์ ให้แค่เฉพาะ 3 วันเท่านั้น 🤘🏻 ห้ามพลาดเด็ดขาด 📌 กดที่ตะกร้าเลยน้าาาา  #opendurianhowto #books #payday #คูปอง #หนังสือฮีลใจ 
ไม่ระบุ,7540946352293858568,2025-08-21,หนังสือ เหนื่อยมากไหม พักก่อนก็ได้นะวันนี้ by MAY-I (เม-ไอ),0.0,0,0.0,0.0,เหนื่อยไหม ที่พยายามอยู่ทุกวันนี้ ? 😮‍💨 💭 ลองหยุดพัก แล้วถามตัวเองดูสักครั้งว่า “นี่คือชีวิตแบบที่คุณอยากมีจริงๆ หรือเปล่า” #opendurianhowto #OpenDurianBooks #เหนื่อยมากไหมพักก่อนก็ได้นะวันนี้ #MAYI #เมไอ   
มิ้น,7540658793672166676,2025-08-20,โอบกอดความไม่สมบูรณ์แบบของเธอ (Embrace Your Flaws),0.0,0,0.0,0.0,บทที่ 33 | สุดท้ายก็บอกลากันไป :) #โอบกอดความไม่สมบูรณ์แบบของเธอ  #opendurianhowto #books #หนังสือฮีลใจ #เศร้า 
ไม่ระบุ,7540609019749223687,2025-08-20,[ขายดี] หนังสือ Ghostly Brews ยินดีบริการดวงวิญญาณหลังเที่ยงคืน by หมึกซึม,0.0,0,0.0,0.0,อย่าลืมที่จะรักตัวเองเป็นอันดับแรกเสมอนะ 🤍 #opendurianhowto #opendurianbooks #GhostlyBrews #ยินดีบริการดวงวิญญาณหลังเที่ยงคืน #หมึกซึม 
ริว,7540594936379510034,2025-08-20,BOXSET The Witches' Club ชมรมลับเปลี่ยนชีวิต,0.0,0,84.59,0.0,🔮ไพ่สำรับนี้ไม่ใช่แค่ “ไพ่ทำนายดวง” แต่มันคือไพ่ที่ปลอบใจเราได้แม่นมาก ๆ 🐱⭐️ 📙เราเปิดไพ่จาก Box Set The Witches’ Club ชมรมลับเปลี่ยนชีวิต ไพ่แต่ละใบมันเหมือนอ่านใจเราได้เลย😱🤩🤍 #opendurianhowto #opendurianbooks #หนังสือพัฒนาตัวเอง #books #TheWitchesClub
มิ้น,7540243106080296213,2025-08-19,หนังสือ The Witches' Club ชมรมลับเปลี่ยนชีวิต,0.0,0,0.0,0.0,ปกติเพื่อนดูดวงกันที่ไหน👀 แต่เราดูดวงกันที่นี่… 🔮 #thewitchesclubชมรมลับเปลี่ยนชีวิต  #opendurianhowto #opendurianbooks #books #หนังสือฮีลใจ 
มิ้น,7539884907976199432,2025-08-18,[ขายดี] หนังสือ Ghostly Brews ยินดีบริการดวงวิญญาณหลังเที่ยงคืน by หมึกซึม,0.0,0,0.0,0.0,📌3 เหตุผล ทำไมต้องอ่าน  #ghostlybrews #ยินดีบริการดวงวิญญาณหลังเที่ยงคืน  #opendurianhowto #books #comic 
ริว,7539868704742460679,2025-08-18,BOXSET The Witches' Club ชมรมลับเปลี่ยนชีวิต,0.0,0,0.0,0.0,อะไรแอบมองเราอยู่ คือเจ้าแมวเวทมนตร์นี่เอง🔮🐱 #opendurianhowto #opendurianbooks #หนังสือพัฒนาตัวเอง #books #TheWitchesClub
ริว,7539851630708083986,2025-08-18,Boxset เหนื่อยมากไหม พักก่อนก็ได้นะวันนี้ by MAY-I (เม-ไอ),0.0,0,0.0,0.0,รีวิวหนังสือ ⭐️⭐️⭐️⭐️⭐️/5 ที่คุณควรอ่านสักครั้งในชีวิต📙✨ #opendurianbooks #opendurianhowto #เหนื่อยมากไหมพักก่อนก็ได้นะวันนี้ #เธรดความรู้สึก #เธรดเศร้า
ริว,7539102120197344520,2025-08-16,[หนังสือ] ปีศาจตัวนั้น คือฉันเอง 2 A Guide to Overcoming the Return of the Demons,0.0,0,0.0,0.0,ปีศาจตัวนั้นคือฉันเอง 2 เร็ว ๆ นี้นะ🤩😈🔥 #ปีศาจตัวนั้นคือฉันเอง2 #opendurianhowto #opendurianbooks  #MAYI #Books 
มิ้น,7538774209741245716,2025-08-15,[ขายดี] หนังสือ Ghostly Brews ยินดีบริการดวงวิญญาณหลังเที่ยงคืน by หมึกซึม,0.0,0,0.0,0.0,ข้อความนี้… แด่มนุษย์ที่ใจดีทุกคนบนโลก :) #ghostlybrews #ยินดีบริการดวงวิญญาณหลังเที่ยงคืน #opendurianhowto #books #หนังสือฮีลใจ 
มิ้น,7538758640820358417,2025-08-15,Boxset เหนื่อยมากไหม พักก่อนก็ได้นะวันนี้ by MAY-I (เม-ไอ),0.0,0,0.0,0.0,5 ข้อคิดจากหนังสือ :) #เหนื่อยมากไหมพักก่อนได้นะวันนี้  #opendurianhowto #books #opendurianbooks #ข้อคิด 
มิ้น,7538758640820358417,2025-08-15,หนังสือ เหนื่อยมากไหม พักก่อนก็ได้นะวันนี้ by MAY-I (เม-ไอ),0.0,0,0.0,0.0,5 ข้อคิดจากหนังสือ :) #เหนื่อยมากไหมพักก่อนได้นะวันนี้  #opendurianhowto #books #opendurianbooks #ข้อคิด 
ริว,7538628709335551250,2025-08-15,BOXSET The Witches' Club ชมรมลับเปลี่ยนชีวิต,0.0,0,0.0,0.0,แม้ความสูญเสียจะทำให้เจ็บปวด แต่ถ้าหากให้เวลาตัวเองได้เยียวยา เวลาจะค่อย ๆ รักษาใจให้เจ็บน้อยลง  #opendurianhowto #opendurianbooks #หนังสือพัฒนาตัวเอง #books #TheWitchesClub    
ไม่ระบุ,7538364626166222087,2025-08-14,โอบกอดความไม่สมบูรณ์แบบของเธอ (Embrace Your Flaws),0.0,0,0.0,0.0,กดดันตัวเองมาทั้งชีวิต จนลืมนึกไปว่า… เราเองก็เป็นแค่มนุษย์คนหนึ่ง เราร้องไห้ได้ ผิดพลาดได้ อ่อนแอได้ เหนื่อยได้ ท้อได้ มันก็เรื่องปกติของมนุษย์☺️🫂✨ #opendurianhowto #OpenDurianBooks #โอบกอดความไม่สมบูรณ์แบบของเธอ #หนังสือ #Books  
มิ้น,7538361023032593684,2025-08-14,หนังสือ Ghostly Brews ยินดีบริการดวงวิญญาณหลังเที่ยงคืน by หมึกซึม,0.0,0,0.0,0.0,ไม่เคยคิดว่าชีวิตนี้จะมาร้องไห้กับหนังสือแค่เล่มเดียว 🥹 มีใครอ่านเล่มนี้แล้วเป็นแบบนี้บ้าง? #ghostlybrews #ยินดีบริการดวงวิญญาณหลังเที่ยงคืน #opendurianhowto #books #รีวิว 
ริว,7538342846995221768,2025-08-14,[สุดคุ้ม] หนังสือ ปีศาจตัวนั้น คือฉันเอง A Guide to Fight the Demons in My Heart,0.0,0,0.0,0.0,ไม่ใช่ทุกการเปลี่ยนแปลง ที่จะพาไปเจอสิ่งที่แย่กว่า แต่การไม่กล้าเปลี่ยนอะไรเลย อาจทำให้เราอยู่กับความเศร้าตลอดไป💔  #opendurianhowto #opendurianbooks #หนังสือพัฒนาตัวเอง #หนังสือฮีลใจ #ปีศาจตัวนั้นคือฉันเอง 
มิ้น,7538327655905561876,2025-08-14,[พร้อมส่ง] หนังสือ ปีศาจความรัก มักเลือกฉันเป็นเหยื่อ [How to Fight the Love Demon in My Heart],0.0,0,0.0,0.0,: กระสุนนัดสุดท้าย… “ถ้าเราใช่สำหรับเขาจริง  เขาจะไม่ปล่อยให้เราพยายามคนเดียว” 🥲 #ปีศาจความรักมักเลือกฉันเป็นเหยื่อ  #opendurianhowto #opendurianbooks #หนังสือฮีลใจ #books 
มิ้น,7538049287091997972,2025-08-13,[พร้อมส่ง] หนังสือ ปีศาจความรัก มักเลือกฉันเป็นเหยื่อ [How to Fight the Love Demon in My Heart],0.0,0,0.23,0.0,ประโยคที่คอยดึงสติ เมื่อหยิบหนังสือเล่มนี้ขึ้นมาอ่าน  ทำให้รู้สึกดีขึ้นทุกครั้งและเหมือนได้กลับมาทบทวนตัวเองในเรื่องของความรักได้ดีมาก ๆ อีกเล่มหนึ่งที่เราอยากแนะนำให้ทุกคนได้อ่าน :) #opendurianhowto #opendurianbooks #หนังสือฮีลใจ #ความรัก #ปีศาจความรักมักเลือกฉันเป็นเหยื่อ 
ริว,7537992975545044242,2025-08-13,Boxset เหนื่อยมากไหม พักก่อนก็ได้นะวันนี้ by MAY-I (เม-ไอ),0.0,0,0.0,0.0,ประโยคที่อ่านแล้วหายเหนื่อย 😭🫂🤍✨ #opendurianbooks #opendurianhowto #เหนื่อยมากไหมพักก่อนก็ได้นะวันนี้ #เหนื่อย #วัยทำงาน  
มิ้น,7537909192250690823,2025-08-13,หนังสือ The Witches' Club ชมรมลับเปลี่ยนชีวิต,0.0,0,0.0,0.0,ประโยคนี้แด่คนที่แคร์ทุกคน… ❌ยกเว้น❌ ตัวเอง 🥲 #opendurianhowto #opendurianbooks #books #หนังสือฮีลใจ #thewitchesclubชมรมลับเปลี่ยนชีวิต 
ริว,7537651700472057106,2025-08-12,[หนังสือ] ปีศาจตัวนั้น คือฉันเอง 2 A Guide to Overcoming the Return of the Demons,0.0,0,0.0,0.0,เงาอะไรนะ👀 ใช่เงาปีศาจ จากหนังสือ ‘ปีศาจตัวนั่นคือฉันเอง 2‘ หรือเปล่านะ😈 #ปีศาจตัวนั้นคือฉันเอง2 #opendurianhowto #opendurianbooks  #MAYI 
ริว,7537648568136666375,2025-08-12,[พร้อมส่ง] หนังสือถ้าโลกมันแย่ ก็แค่คิดแบบคาปิบาร่า (Think Like a Happybara),0.0,0,0.0,0.0,หนังสือที่อ่านจบแล้ว เปลี่ยนชีวิตทันที✨ #ถ้าโลกมันแย่แค่คิดแบบคาปิบาร่า #opendurianhowto #opendurianbooks #หนังสือพัฒนาตัวเอง #หนังสือฮีลใจ
มิ้น,7537237901340380437,2025-08-11,Boxset เหนื่อยมากไหม พักก่อนก็ได้นะวันนี้ by MAY-I (เม-ไอ),0.0,0,0.0,0.0,ขอพักใจเที่ยวต่างประเทศครั้งแรก แต่ดันเป็น อินเดีย 🇮🇳 🥹 ทริปนี้พกเล่มนี้มาอ่านด้วยนะ :)  พิกัดที่ตะกร้าเลย  #เหนื่อยมากไหมพักก่อนก็ได้นะวันนี้  #opendurianhowto #opendurianbooks #books #หนังสือพัฒนาตัวเอง #เที่ยวต่างประเทศ #ครั้งแรก #อินเดีย #เที่ยว 
มิ้น,7537237901340380437,2025-08-11,หนังสือ เหนื่อยมากไหม พักก่อนก็ได้นะวันนี้ by MAY-I (เม-ไอ),0.0,0,0.0,0.0,ขอพักใจเที่ยวต่างประเทศครั้งแรก แต่ดันเป็น อินเดีย 🇮🇳 🥹 ทริปนี้พกเล่มนี้มาอ่านด้วยนะ :)  พิกัดที่ตะกร้าเลย  #เหนื่อยมากไหมพักก่อนก็ได้นะวันนี้  #opendurianhowto #opendurianbooks #books #หนังสือพัฒนาตัวเอง #เที่ยวต่างประเทศ #ครั้งแรก #อินเดีย #เที่ยว 
มิ้น,7537235733405306130,2025-08-11,หนังสือ ความลับสู่เงินล้านที่โรงเรียนไม่เคยสอน (The Millionaire's Top Secret),0.0,0,0.0,0.0,ถ้าเจอเล่มนี้เร็วกว่านี้… คงรวยไปนานแล้ว🤑💸  #ความลับสู่เงินล้านที่โรงเรียนไม่เคยสอน  #opendurianhowto #opendurianbooks #books #หนังสือพัฒนาตัวเอง #การเงิน #ความรู้ #เงินล้าน #money 
มิ้น,7537233529978047745,2025-08-11,[สุดคุ้ม] หนังสือ ปีศาจตัวนั้น คือฉันเอง A Guide to Fight the Demons in My Heart,0.0,0,0.0,0.0,ประโยคนี้อ่านแล้วน้ำตาซึม 🥲 แด่คนที่เคยเสียคนในครอบครัวไป… จากหนังสือ #ปีศาจตัวนั้นคือตัวฉันเอง  #opendurianhowto #หนังสือฮีลใจ #opendurianbooks #books #วันแม่ #ครอบครัว #ประโยคฮีลใจ 
มิ้น,7537146695310707989,2025-08-11,[สุดคุ้ม] หนังสือ ปีศาจตัวนั้น คือฉันเอง A Guide to Fight the Demons in My Heart,0.0,0,106.43,0.0,ชีวิตก็เหมือนบุฟเฟต์ หาประสบการณ์ได้ไม่อั้น :) #opendurianbooks #books #หนังสือฮีลใจ #ฮีลใจ #ปีศาจตัวนั้นคือตัวฉันเอง #ประโยคเด็ด #รักตัวเอง 
ริว,7536170044632403208,2025-08-08,Boxset เหนื่อยมากไหม พักก่อนก็ได้นะวันนี้ by MAY-I (เม-ไอ),0.0,0,0.0,0.0,ถ้าจะต้องบอกกับตัวเองในวันที่เหนื่อยและยากลำบากมาก ๆ เล่มนี้ก็คงจะพูดแทนใจเราให้ผ่านช่วงเวลาเหล่านั้นไปได้🥹🫂✨ #opendurianbooks #opendurianhowto #เหนื่อยมากไหมพักก่อนก็ได้นะวันนี้ #เหนื่อย #วัยทำงาน #เธรดความรู้สึก #เธรดเศร้า
ริว,7536151180808883463,2025-08-08,หนังสือ Ghostly Brews ยินดีบริการดวงวิญญาณหลังเที่ยงคืน by หมึกซึม,0.0,0,0.0,0.0,หนังสือการ์ตูนฮีลใจที่จะทำให้เราหยุดคิดและหันกลับมาทบทวนชีวิตของตัวเอง อ่านแล้วร้องไห้แน่นอน😭🫂 #opendurianhowto #OpenDurianBooks #หนังสือ #หนังสือGhostlyBrews #GhostlyBrews #ยินดีบริการดวงวิญญาณหลังเที่ยงคืน #หมึกซึม #Books #หนังสือการ์ตูน #comic #หนังสือฮีลใจ #หนังสือพัฒนาตัวเอง
มิ้น,7536111071375920404,2025-08-08,หนังสือ The Witches' Club ชมรมลับเปลี่ยนชีวิต,0.0,0,0.0,0.0,ส่งคลิปนี้ให้เพื่อนที่ยังไม่ยอมเลิกกับแฟน ✨ #thewitchesclubชมรมลับเปลี่ยนชีวิต #opendurianbooks #books #หนังสือฮีลใจ #ฮีลใจ #เพื่อน #เพื่อนช่วยเพื่อน #เศร้า #เธรด 
มิ้น,7536111071375920404,2025-08-08,Boxset The Witches' Club ชมรมลับเปลี่ยนชีวิต [2],0.0,0,0.0,0.0,ส่งคลิปนี้ให้เพื่อนที่ยังไม่ยอมเลิกกับแฟน ✨ #thewitchesclubชมรมลับเปลี่ยนชีวิต #opendurianbooks #books #หนังสือฮีลใจ #ฮีลใจ #เพื่อน #เพื่อนช่วยเพื่อน #เศร้า #เธรด 
มิ้น,7536109766712495376,2025-08-08,หนังสือ The Witches' Club ชมรมลับเปลี่ยนชีวิต,0.0,0,0.0,0.0,ควรอ่านเล่มนี้ถ้าคุณ… -รู้สึกว่าตัวเองไม่ดีพอ -รู้สึกไม่มั่นใจในตัวเอง -หาทางออกในชีวิตไม่เจอ -มองโลกในแง่ลบบ่อยเกินไป  -อยากเข้าใจตัวเองมากขึ้น  #thewitchesclubชมรมลับเปลี่ยนชีวิต #opendurianbooks #books #ฮีลใจ #หนังสือฮีลใจ 
มิ้น,7536109766712495376,2025-08-08,Boxset The Witches' Club ชมรมลับเปลี่ยนชีวิต [2],0.0,0,0.0,0.0,ควรอ่านเล่มนี้ถ้าคุณ… -รู้สึกว่าตัวเองไม่ดีพอ -รู้สึกไม่มั่นใจในตัวเอง -หาทางออกในชีวิตไม่เจอ -มองโลกในแง่ลบบ่อยเกินไป  -อยากเข้าใจตัวเองมากขึ้น  #thewitchesclubชมรมลับเปลี่ยนชีวิต #opendurianbooks #books #ฮีลใจ #หนังสือฮีลใจ 
มิ้น,7536106651422690580,2025-08-08,หนังสือ The Witches' Club ชมรมลับเปลี่ยนชีวิต,0.0,0,0.0,0.0,ประโยคนี้โคตรจะจริง :)  “คนรอบข้างมีผลต่อชีวิตมากกว่าที่คิด จงคัดสรรให้ดีก่อนที่จะรับใครเข้ามา”  #thewitchesclubชมรมลับเปลี่ยนชีวิต #opendurianbooks #books #ประโยคฮีลใจ #เธรด #ฮีลใจ 
มิ้น,7536106651422690580,2025-08-08,Boxset The Witches' Club ชมรมลับเปลี่ยนชีวิต [2],0.0,0,0.0,0.0,ประโยคนี้โคตรจะจริง :)  “คนรอบข้างมีผลต่อชีวิตมากกว่าที่คิด จงคัดสรรให้ดีก่อนที่จะรับใครเข้ามา”  #thewitchesclubชมรมลับเปลี่ยนชีวิต #opendurianbooks #books #ประโยคฮีลใจ #เธรด #ฮีลใจ 
มิ้น,7535838403099659536,2025-08-07,โอบกอดความไม่สมบูรณ์แบบของเธอ (Embrace Your Flaws),0.0,0,0.0,0.0,บทที่ 2 : ทอดทิ้งใครบางคนไว้ในความทรงจำ :)  #โอบกอดความไม่สมบูรณ์แบบของเธอ  #opendurianbooks #books #opendurianhowto #imminimus #vibes #เธรด #เศร้า 
ริว,7535797773166185746,2025-08-07,BOXSET The Witches' Club ชมรมลับเปลี่ยนชีวิต,0.0,0,0.0,0.0,รีวิวไพ่ดูดวงจาก boxset the witches’club 🔮 คือเซตนี้น่ารักมาก ๆ เพราะมาในธีมน้องแมวเวทมนตร์🐱✨ แถมมีหนังสือฮีลใจที่อ่านแล้วชีวิตดีขึ้นแบบ 300 % 📙 แล้วก็ของแถมอีกเพียบ 🤩บอกเลยว่าสายมูและสายดูดวงห้ามพลาด 💖✨ #opendurianhowto #opendurianbooks #หนังสือพัฒนาตัวเอง #หนังสือฮีลใจ #หนังสือขายดี #TheWitchesClubชมรมลับเปลี่ยนชีวิต #MAYI #เมไอ #ฮีลใจ #พัฒนาตัวเอง #ดูดวง 
ริว,7535786580708019463,2025-08-07,หนังสือ ขอใช้ชีวิตที่เหลือ เพื่อตัวเองนะ,0.0,0,0.0,0.0,หนังสือที่ทำให้เรา ‘เห็นแก่ตัว’ 😊 #opendurianhowto #OpenDurianBooks #ขอใช้ชีวิตที่เหลือเพื่อตัวเองนะ #หนังสือ #Books #หนังสือฮีลใจ #หนังสือพัฒนาตัวเอง #เธรดให้กำลังใจ #เธรดความรู้สึก #เธรดความรัก #ความรู้สึก #ความรัก #ความคิดถึง #กำลังใจ
ริว,7535429716874988818,2025-08-06,หนังสือ Ghostly Brews ยินดีบริการดวงวิญญาณหลังเที่ยงคืน by หมึกซึม,0.0,0,0.0,0.0,ถ้าพรุ่งนี้คุณต้องXายไป คุณยังมีเรื่องที่ไม่ได้พูด หรือยังไม่ได้ทำไหม #opendurianhowto #OpenDurianBooks #หนังสือ #หนังสือGhostlyBrews #GhostlyBrews #ยินดีบริการดวงวิญญาณหลังเที่ยงคืน #หมึกซึม #Books #หนังสือการ์ตูน #comic #หนังสือฮีลใจ #หนังสือพัฒนาตัวเอง
ริว,7535414157877775624,2025-08-06,[สุดคุ้ม] หนังสือ ปีศาจตัวนั้น คือฉันเอง A Guide to Fight the Demons in My Heart,0.0,0,0.0,0.0,หนังสือที่อ่านจบแล้ว Mindset ดีขึ้นแบบ 300 % 🤩💐🌟  #opendurianhowto #opendurianbooks #หนังสือพัฒนาตัวเอง #หนังสือฮีลใจ #ปีศาจตัวนั้นคือฉันเอง #หนังสือขายดี #MAYI #เมไอ #ฮีลใจ #พัฒนาตัวเอง
ริว,7535413466908183815,2025-08-06,[สุดคุ้ม] หนังสือ ปีศาจตัวนั้น คือฉันเอง A Guide to Fight the Demons in My Heart,0.0,0,0.0,0.0,ประโยคที่อ่านแล้ว…จุกอกอยู่ในใจ💔😭 #opendurianhowto #opendurianbooks #หนังสือพัฒนาตัวเอง #หนังสือฮีลใจ #ปีศาจตัวนั้นคือฉันเอง #หนังสือขายดี #MAYI #เมไอ #ฮีลใจ #พัฒนาตัวเอง
ริว,7535412687564508434,2025-08-06,หนังสือ Ghostly Brews ยินดีบริการดวงวิญญาณหลังเที่ยงคืน by หมึกซึม,0.0,0,0.0,0.0,ประโยคที่อ่านแล้ว ‘ยิ้มทั้งน้ำตา‘ 💔🥹 ##opendurianhowto##OpenDurianBooks##หนังสือ##หนังสือGhostlyBrews##GhostlyBrews##ยินดีบริการดวงวิญญาณหลังเที่ยงคืน##หมึกซึม##Books##หนังสือการ์ตูน##comic##หนังสือฮีลใจ#หนังสือพัฒนาตัวเอง
ริว,7535412026730990856,2025-08-06,หนังสือ Ghostly Brews ยินดีบริการดวงวิญญาณหลังเที่ยงคืน by หมึกซึม,0.0,0,0.0,0.0,หนังสือการ์ตูนอะไร‼️ อ่านแล้วร้องไห้😭 #opendurianhowto #OpenDurianBooks #หนังสือ #หนังสือGhostlyBrews #GhostlyBrews #ยินดีบริการดวงวิญญาณหลังเที่ยงคืน #หมึกซึม #Books #หนังสือการ์ตูน #comic #หนังสือฮีลใจ #หนังสือพัฒนาตัวเอง
ริว,7535410251844029703,2025-08-06,[สุดคุ้ม] หนังสือ ปีศาจตัวนั้น คือฉันเอง A Guide to Fight the Demons in My Heart,0.0,0,0.0,0.0,ฝากถึงคนที่ชอบ ‘คิดถึงคนเก่า‘ 🫦🫂 #opendurianhowto #opendurianbooks #หนังสือพัฒนาตัวเอง #หนังสือฮีลใจ #ปีศาจตัวนั้นคือฉันเอง #หนังสือขายดี #MAYI #เมไอ #ฮีลใจ #พัฒนาตัวเอง
มิ้น,7535403651825782036,2025-08-06,หนังสือ Ghostly Brews ยินดีบริการดวงวิญญาณหลังเที่ยงคืน by หมึกซึม,0.0,0,0.0,0.0,มีคนเสียน้ำตาให้กับหนังสือเล่มนี้เยอะมาก🥲 #ghostlybrews #ยินดีบริการดวงวิญญาณหลังเที่ยงคืน #opendurianbooks #books #เธรดเศร้า #pov 
มิ้น,7535391816351239442,2025-08-06,หนังสือ The Witches' Club ชมรมลับเปลี่ยนชีวิต,0.0,0,0.0,0.0,8.8 นี้ไม่ว่าจะอยู่ไหน… ✨ฮีลใจก็ส่งฟรี‼️  จับคู่ 2 เล่ม (เล่มใดก็ได้) 📚 #opendurianhowto #opendurianbooks #books #ghostlybrews #ยินดีบริการดวงวิญญาณหลังเที่ยงคืน #เหนื่อยมากไหมพักก่อนก็ได้นะวันนี้ #ปีศาจตัวนั้นคือตัวฉันเอง #thewitchesclubชมรมลับเปลี่ยนชีวิต 
มิ้น,7535391816351239442,2025-08-06,หนังสือ เหนื่อยมากไหม พักก่อนก็ได้นะวันนี้ by MAY-I (เม-ไอ),0.0,0,0.0,0.0,8.8 นี้ไม่ว่าจะอยู่ไหน… ✨ฮีลใจก็ส่งฟรี‼️  จับคู่ 2 เล่ม (เล่มใดก็ได้) 📚 #opendurianhowto #opendurianbooks #books #ghostlybrews #ยินดีบริการดวงวิญญาณหลังเที่ยงคืน #เหนื่อยมากไหมพักก่อนก็ได้นะวันนี้ #ปีศาจตัวนั้นคือตัวฉันเอง #thewitchesclubชมรมลับเปลี่ยนชีวิต 
มิ้น,7535391816351239442,2025-08-06,หนังสือ Ghostly Brews ยินดีบริการดวงวิญญาณหลังเที่ยงคืน by หมึกซึม,0.0,0,0.0,0.0,8.8 นี้ไม่ว่าจะอยู่ไหน… ✨ฮีลใจก็ส่งฟรี‼️  จับคู่ 2 เล่ม (เล่มใดก็ได้) 📚 #opendurianhowto #opendurianbooks #books #ghostlybrews #ยินดีบริการดวงวิญญาณหลังเที่ยงคืน #เหนื่อยมากไหมพักก่อนก็ได้นะวันนี้ #ปีศาจตัวนั้นคือตัวฉันเอง #thewitchesclubชมรมลับเปลี่ยนชีวิต 
มิ้น,7535391816351239442,2025-08-06,[พร้อมส่ง] หนังสือปีศาจตัวนั้น คือฉันเอง A Guide to Fighting the Demons in My Heart,0.0,0,0.0,0.0,8.8 นี้ไม่ว่าจะอยู่ไหน… ✨ฮีลใจก็ส่งฟรี‼️  จับคู่ 2 เล่ม (เล่มใดก็ได้) 📚 #opendurianhowto #opendurianbooks #books #ghostlybrews #ยินดีบริการดวงวิญญาณหลังเที่ยงคืน #เหนื่อยมากไหมพักก่อนก็ได้นะวันนี้ #ปีศาจตัวนั้นคือตัวฉันเอง #thewitchesclubชมรมลับเปลี่ยนชีวิต 
ริว,7535383185295789330,2025-08-06,BOXSET The Witches' Club ชมรมลับเปลี่ยนชีวิต,0.0,0,0.0,0.0,สัญญาณที่บ่งบอกว่าคุณควรอ่านเล่มนี้ #opendurianhowto #opendurianbooks #หนังสือพัฒนาตัวเอง #หนังสือฮีลใจ #หนังสือขายดี #TheWitchesClubชมรมลับเปลี่ยนชีวิต #MAYI #เมไอ #ฮีลใจ #พัฒนาตัวเอง
ริว,7535382740871515399,2025-08-06,BOXSET The Witches' Club ชมรมลับเปลี่ยนชีวิต,0.0,0,0.0,0.0,แค่อ่านหนัังสือ แต่กลับจุกในอก💔😭  #opendurianhowto #opendurianbooks #หนังสือพัฒนาตัวเอง #หนังสือฮีลใจ #หนังสือขายดี #TheWitchesClubชมรมลับเปลี่ยนชีวิต #MAYI #เมไอ #ฮีลใจ #พัฒนาตัวเอง
ริว,7535382443134864647,2025-08-06,BOXSET The Witches' Club ชมรมลับเปลี่ยนชีวิต,0.0,0,0.0,0.0,11/10 คือเทให้ทั้งใจ🌟 เพราะอ่านแล้วมันดีต่อใจมากกกก ทาสแมวและสายมูคือเลิฟแน่ ต้องไปหาอ่านกันนะ💖🔮 #opendurianhowto #opendurianbooks #หนังสือพัฒนาตัวเอง #หนังสือฮีลใจ #หนังสือขายดี #TheWitchesClubชมรมลับเปลี่ยนชีวิต #MAYI #เมไอ #ฮีลใจ #พัฒนาตัวเอง
ไม่ระบุ,7535354825719024914,2025-08-06,Boxset เหนื่อยมากไหม พักก่อนก็ได้นะวันนี้ by MAY-I (เม-ไอ),0.0,0,0.0,0.0,ถ้าคุณกำลังเหนื่อย และท้อกับชีวิต … 😔 หยุดพักสัก 1 นาที แล้วมาฟังเรื่องราวของ ‘แคร์รี’ กันนะ ⏳ ให้หนังสือเล่มนี้อยู่ข้างคุณในวันที่อ่อนแรง #เหนื่อยมากไหมพักก่อนก็ได้นะวันนี้ #opendurianhowto #OpenDurianBooks #MAYI #เมไอ #ฮีลใจ #เหนื่อย 
มิ้น,7535050494956309780,2025-08-05,Boxset เหนื่อยมากไหม พักก่อนก็ได้นะวันนี้ by MAY-I (เม-ไอ),0.0,0,0.0,0.0,#เหนื่อยมากไหมพักก่อนก็ได้นะวันนี้  เล่มใหม่ล่าสุดจากนักเขียน MAY-I  หนังสือที่เหมาะกับมนุษย์หมดแพชชัน จากปลายปากกาที่บรรจงเขียนออกมาจากความรู้สึกเหนื่อย ที่ไม่สามารถจัดการหรือเล่าความรู้สึกให้ใครฟังได้ แต่หนังสือเล่มนี้จะคอยรับฟังและโอบกอดคุณให้รู้สึกดีขึ้น ✨❤️ #opendurianhowto #opendurianbooks #ประโยคฮีลใจ #books #สัมภาษณ์นักเขียน #หนังสือฮีลใจ #ฮีลใจ #หนังสือเล่มใหม่  
มิ้น,7535050494956309780,2025-08-05,หนังสือ เหนื่อยมากไหม พักก่อนก็ได้นะวันนี้ by MAY-I (เม-ไอ),0.0,0,0.0,0.0,#เหนื่อยมากไหมพักก่อนก็ได้นะวันนี้  เล่มใหม่ล่าสุดจากนักเขียน MAY-I  หนังสือที่เหมาะกับมนุษย์หมดแพชชัน จากปลายปากกาที่บรรจงเขียนออกมาจากความรู้สึกเหนื่อย ที่ไม่สามารถจัดการหรือเล่าความรู้สึกให้ใครฟังได้ แต่หนังสือเล่มนี้จะคอยรับฟังและโอบกอดคุณให้รู้สึกดีขึ้น ✨❤️ #opendurianhowto #opendurianbooks #ประโยคฮีลใจ #books #สัมภาษณ์นักเขียน #หนังสือฮีลใจ #ฮีลใจ #หนังสือเล่มใหม่  
ริว,7535040048043953426,2025-08-05,Boxset เหนื่อยมากไหม พักก่อนก็ได้นะวันนี้ by MAY-I (เม-ไอ),0.0,0,0.0,0.0,วันนี้คุณขอบคุณตัวเองหรือยัง 😊💐 บางครั้งเราตื่นมาใช้ชีวิตต่อทั้งที่ยังเหนื่อย แม้ยังลุกแทบไม่ไหว คำขอบคุณจากเราให้ตัวเอง อาจจะไม่มีอะไรมาก แต่มันมีค่ามาก ๆ เลยนะ  🌟💖 #opendurianbooks #opendurianhowto #เหนื่อยมากไหมพักก่อนก็ได้นะวันนี้ #เหนื่อย #วัยทำงาน #เธรดความรู้สึก #เธรดเศร้า
ริว,7533915642903137543,2025-08-02,หนังสือ เหนื่อยมากไหม พักก่อนก็ได้นะวันนี้ by MAY-I (เม-ไอ),0.0,0,0.43,0.0,แค่ประโยคเดียว…ที่ทำให้เรากลับมาเชื่อในตัวเองอีกครั้ง เขาบอกว่า… #opendurianbooks #opendurianhowto #เหนื่อยมากไหมพักก่อนก็ได้นะวันนี้ #วัยทํางาน #books #เธรดเศร้า #เธรดความรู้สึก 
มิ้น,7533454399868243218,2025-08-01,หนังสือ ขอใช้ชีวิตที่เหลือ เพื่อตัวเองนะ,0.0,0,0.0,0.0,ประโยคฮีลใจจากหนังสือ | ขอใช้ชีวิตที่เหลือเพื่อตัวเองนะ :) #opendurianhowto #opendurianbooks #books #หนังสือฮีลใจ #vibes #ขอใช้ชีวิตที่เหลือเพื่อตัวเองนะ #คิ้วต่ำ #เธรด #ข้อคิดดีดี #ข้อความ
ริว,7533447955735498002,2025-08-01,หนังสือ Ghostly Brews ยินดีบริการดวงวิญญาณหลังเที่ยงคืน by หมึกซึม,0.0,0,0.0,0.0,แค่หนังสือการ์ตูน ทำไมถึงร้องไห้ 🥹 #opendurianhowto #OpenDurianBooks #หนังสือ #หนังสือGhostlyBrews #GhostlyBrews #ยินดีบริการดวงวิญญาณหลังเที่ยงคืน #หมึกซึม #Books #หนังสือการ์ตูน #comic #หนังสือฮีลใจ #หนังสือพัฒนาตัวเอง
ริว,7533447426091306248,2025-08-01,หนังสือ Ghostly Brews ยินดีบริการดวงวิญญาณหลังเที่ยงคืน by หมึกซึม,0.0,0,0.0,0.0,🌟 รีวิวหนังสือการ์ตูนฮีลใจ #opendurianhowto #OpenDurianBooks #หนังสือ #หนังสือGhostlyBrews #GhostlyBrews #ยินดีบริการดวงวิญญาณหลังเที่ยงคืน #หมึกซึม #Books #หนังสือการ์ตูน #comic #หนังสือฮีลใจ #หนังสือพัฒนาตัวเอง
ริว,7533446815044128008,2025-08-01,หนังสือ Ghostly Brews ยินดีบริการดวงวิญญาณหลังเที่ยงคืน by หมึกซึม,0.0,0,0.0,0.0,กลับมารักตัวเองได้ เพราะประโยคเหล่านี้… #opendurianhowto #OpenDurianBooks #หนังสือ #หนังสือGhostlyBrews #GhostlyBrews #ยินดีบริการดวงวิญญาณหลังเที่ยงคืน #หมึกซึม #Books #หนังสือการ์ตูน #comic #หนังสือฮีลใจ #หนังสือพัฒนาตัวเอง
ริว,7533446204999355666,2025-08-01,หนังสือ Ghostly Brews ยินดีบริการดวงวิญญาณหลังเที่ยงคืน by หมึกซึม,0.0,0,0.0,0.0,หนังสือการ์ตูนที่อ่านแล้วรักตัวเองมากขึ้นแบบ 300 % 🤍#opendurianhowto #OpenDurianBooks #หนังสือ #หนังสือGhostlyBrews #GhostlyBrews #ยินดีบริการดวงวิญญาณหลังเที่ยงคืน #หมึกซึม #Books #หนังสือการ์ตูน #comic #หนังสือฮีลใจ #หนังสือพัฒนาตัวเอง
ริว,7533445511697714450,2025-08-01,หนังสือ เหนื่อยมากไหม พักก่อนก็ได้นะวันนี้ by MAY-I (เม-ไอ),0.0,0,0.0,0.0,✨หนังสือที่อ่านจบแล้ว Mindset ดีขึ้นแบบ 300 % #opendurianbooks #opendurianhowto #เหนื่อยมากไหมพักก่อนก็ได้นะวันนี้ #เหนื่อย #วัยทำงาน#วัยทํางานรู้สึก #เธรดเศร้า
ริว,7533444611230928136,2025-08-01,หนังสือ เหนื่อยมากไหม พักก่อนก็ได้นะวันนี้ by MAY-I (เม-ไอ),0.0,0,0.0,0.0,📙หนังสือพัฒนาตัวเองที่ทำให้เราอยากเป็นตัวเองที่ดีขึ้น✨ #opendurianbooks #opendurianhowto #เหนื่อยมากไหมพักก่อนก็ได้นะวันนี้ #เหนื่อย #วัยทำงาน #เธรดความรู้สึก #เธรดเศร้า
ริว,7533441669945937160,2025-08-01,หนังสือ เหนื่อยมากไหม พักก่อนก็ได้นะวันนี้ by MAY-I (เม-ไอ),0.0,0,0.0,0.0,แค่อ่านชื่อหน้าปก ก็เหมือนโดนปลอบละ🫂 #opendurianbooks #opendurianhowto #เหนื่อยมากไหมพักก่อนก็ได้นะวันนี้ #เหนื่อย #วัยทำงาน #เธรดความรู้สึก #เธรดเศร้า
ริว,7533440614138973448,2025-08-01,หนังสือ เหนื่อยมากไหม พักก่อนก็ได้นะวันนี้ by MAY-I (เม-ไอ),0.0,0,0.0,0.0,หนังสือฮีลใจที่ทุกคนควรอ่านสักครั้งในชีวิต 😭🤍 #opendurianbooks #opendurianhowto #เหนื่อยมากไหมพักก่อนก็ได้นะวันนี้ #เหนื่อย #วัยทำงาน #เธรดความรู้สึก #เธรดเศร้า
ริว,7533440039724895495,2025-08-01,หนังสือ เหนื่อยมากไหม พักก่อนก็ได้นะวันนี้ by MAY-I (เม-ไอ),0.0,0,0.0,0.0,📌 รีวิวหนังสือ #วัยทำงาน ควรอ่านเพราะมันจะทำให้เราวางอะไรหลาย ๆ อย่างที่แบกไว้ลงได้ 😭##opendurianbooks#opendurianhowto #เหนื่อยมากไหมพักก่อนก็ได้นะวันนี้ #เหนื่อย #เธรดความรู้สึก #เธรดเศร้า
ริว,7533438535752224008,2025-08-01,หนังสือ เหนื่อยมากไหม พักก่อนก็ได้นะวันนี้ by MAY-I (เม-ไอ),0.0,0,0.0,0.0,7 สัญญาณที่ควรอ่านเลยนี้ ‼️ #opendurianbooks #opendurianhowto #เหนื่อยมากไหมพักก่อนก็ได้นะวันนี้ #เหนื่อย #วัยทำงาน #เธรดความรู้สึก #เธรดเศร้า
ริว,7533437838604504327,2025-08-01,หนังสือ เหนื่อยมากไหม พักก่อนก็ได้นะวันนี้ by MAY-I (เม-ไอ),0.0,0,0.0,0.0,สัญญาณที่บอกว่า ‘คุณต้องพักบ้างนะ‘ 🤍  #opendurianbooks #opendurianhowto #เหนื่อยมากไหมพักก่อนก็ได้นะวันนี้ #เหนื่อย #วัยทำงาน #เธรดความรู้สึก #เธรดเศร้า
ริว,7533435771802356999,2025-08-01,หนังสือ เหนื่อยมากไหม พักก่อนก็ได้นะวันนี้ by MAY-I (เม-ไอ),0.0,0,0.0,0.0,ไม่ว่าชีวิตจะแย่แค่ไหน…😈 #opendurianbooks #opendurianhowto #เหนื่อยมากไหมพักก่อนก็ได้นะวันนี้ #เหนื่อย #วัยทำงาน #เธรดความรู้สึก #เธรดเศร้า
มิ้น,7533432803258535176,2025-08-01,หนังสือ กว่าจะคิดได้ก็ไม่มีลมหายใจแล้ว (It Is Never Too Late to Love Yourself),0.0,0,0.0,0.0,#กว่าจะคิดได้ก็ไม่มีลมหายใจแล้ว หนังสือเล่มนี้อยากบอกคุณว่า… #opendurianhowto #opendurianbooks #books #ประโยคฮีลใจ #หนังสือฮีลใจ #ฮีลใจ #vibes
ริว,7533144067350203656,2025-07-31,[สุดคุ้ม] หนังสือ ปีศาจตัวนั้น คือฉันเอง A Guide to Fight the Demons in My Heart,0.0,0,0.0,0.0,คุณจะมูฟออนได้ยังไง เขากลับมาเดี๋ยวก็ไม่เจอคุณหรอก 😈 #opendurianbooks #opendurianhowto #ปีศาจตัวนั้นคือฉันเอง #หนังสือพัฒนาตัวเอง #หนังสือฮีลใจ #ประโยคฮีลใจ #เธรดเศร้า 
ไม่ระบุ,7533101760219598087,2025-07-31,Boxset หนังสือวันไหนที่ใจแข็งแรง ดอกไม้จะผลิบาน (The Enchanted Garden) ฟรีของแถมใน Boxset ทุกเซ็ต,0.0,0,0.0,0.0,มีประโยคในหนังสือเล่มหนึ่ง…📙 เขาบอกว่า … #opendurianbooks #opendurianhowto #books #วันไหนที่ใจแข็งแรงดอกไม้จะผลิบาน #ประโยคฮีลใจ #หนังสือฮีลใจ
ไม่ระบุ,7533101760219598087,2025-07-31,หนังสือวันไหนที่ใจแข็งแรง ดอกไม้จะผลิบาน (The Enchanted Garden),0.0,0,0.0,0.0,มีประโยคในหนังสือเล่มหนึ่ง…📙 เขาบอกว่า … #opendurianbooks #opendurianhowto #books #วันไหนที่ใจแข็งแรงดอกไม้จะผลิบาน #ประโยคฮีลใจ #หนังสือฮีลใจ
ไม่ระบุ,7533065408270667015,2025-07-31,Boxset เหนื่อยมากไหม พักก่อนก็ได้นะวันนี้ by MAY-I (เม-ไอ),0.0,0,0.0,0.0,ถ้าวันไหนไม่ไหว… แวะมาอ่านเล่มนี้ได้นะ :) | สนใจหนังสือกดที่ตะกร้า| 📙 #เหนื่อยมากไหมพักก่อนก็ได้นะวันนี้ #opendurianbooks #opendurianhowto #books #กําลังใจ #วัยทํางาน #ฮีลใจ
ไม่ระบุ,7533065408270667015,2025-07-31,หนังสือ เหนื่อยมากไหม พักก่อนก็ได้นะวันนี้ by MAY-I (เม-ไอ),0.0,0,0.0,0.0,ถ้าวันไหนไม่ไหว… แวะมาอ่านเล่มนี้ได้นะ :) | สนใจหนังสือกดที่ตะกร้า| 📙 #เหนื่อยมากไหมพักก่อนก็ได้นะวันนี้ #opendurianbooks #opendurianhowto #books #กําลังใจ #วัยทํางาน #ฮีลใจ
ริว,7532796379677134098,2025-07-30,หนังสือ เหนื่อยมากไหม พักก่อนก็ได้นะวันนี้ by MAY-I (เม-ไอ),0.0,0,0.0,0.0,ประโยคหนึ่งในหนังสือ ที่อ่านแล้ว…จุกอกอยู่ในใจ 💔 #opendurianbooks #opendurianhowto #เหนื่อยมากไหมพักก่อนก็ได้นะวันนี้ #เหนื่อย #วัยทำงาน #เธรดความรู้สึก #เธรดเศร้า
ไม่ระบุ,7532752333344673032,2025-07-30,หนังสือ เหนื่อยมากไหม พักก่อนก็ได้นะวันนี้ by MAY-I (เม-ไอ),0.0,0,0.0,0.0,บทที่เรารู้สึกโดนใจเรามากที่สุดคือ “เหนื่อย เพราะชีวิตไม่เป็นไปตามที่หวัง” เพราะเราก็เคยเป็นคนกดดันตัวเองให้ต้องเก่ง ต้องสำเร็จทุกอย่างตามเป้าหมายที่เราวาดไว้ก่อน #opendurianhowto #OpenDurianBooks #เหนื่อยมากไหมพักก่อนก็ได้นะวันนี้ #MAYI #เมไอ #ฮีลใจ #เหนื่อย 
ไม่ระบุ,7532749930851519752,2025-07-30,หนังสือ เหนื่อยมากไหม พักก่อนก็ได้นะวันนี้ by MAY-I (เม-ไอ),0.0,0,17.35,0.0,ไม่เป็นไรเลย ถ้ายังไปไม่ถึงเป้าหมาย เพราะคุณมีสิทธิ์ลองใหม่ได้อีกนับครั้งไม่ถ้วน เพราะทุกครั้งที่ผิดหวังเป็นจุดเริ่มต้นของโอกาส #opendurianhowto #OpenDurianBooks #เหนื่อยมากไหมพักก่อนก็ได้นะวันนี้ #MAYI #เมไอ #ฮีลใจ #เหนื่อย 
ไม่ระบุ,7532742915836153106,2025-07-30,หนังสือ ทุกความทรงจำคือของขวัญจากวันวาน,0.0,0,0.0,0.0,ของขวัญชิ้นสำคัญจากวันวาน  #ทุกความทรงจำคือของขวัญจากวันวาน #whenimfeeeling #opendurianhowto
ไม่ระบุ,7532476793056464136,2025-07-29,[สุดคุ้ม] หนังสือ ปีศาจตัวนั้น คือฉันเอง A Guide to Fight the Demons in My Heart,0.0,0,0.0,0.0,✨สำรวจ 10 ปีศาจที่อาจจะซ่อนอยู่ภายในใจเราไปกับหนังสือ | #ปีศาจตัวนั้นคือตัวฉันเอง #opendurianhowto #opendurianbooks #books #หนังสือฮีลใจ #เตือนสติ #กําลังใจ
ริว,7532455833217633554,2025-07-29,หนังสือ ยินดีต้อนรับและขอบคุณที่กลับมา,0.0,0,0.0,0.0,โดนตกเพราะประโยคหลังปก 😍 #opendurianhowto #OpenDurianBooks #ยินดีต้อนรับและขอบคุณที่กลับมา #หนังสือ #Books #หนังสือฮีลใจ #หนังสือพัฒนาตัวเอง
ริว,7532439574417640711,2025-07-29,[พร้อมส่ง] หนังสือถ้าโลกมันแย่ ก็แค่คิดแบบคาปิบาร่า (Think Like a Happybara),0.0,0,0.0,0.0,เรากำลังคิดมากเกินไปหรือเปล่า ##ถ้าโลกมันแย่แค่คิดแบบคาปิบาร่า##happybara##พิชิตเรื่องแย่จากแนวคิดของคาปิบาร่า##opendurianhowto##opendurianbooks##หนังสือพัฒนาตัวเอง##หนังสือฮีลใจ##หนังสือขายดี##ฮีลใจ#พัฒนาตัวเอง
ไม่ระบุ,7532411169575849223,2025-07-29,Boxset เหนื่อยมากไหม พักก่อนก็ได้นะวันนี้ by MAY-I (เม-ไอ),0.0,0,0.0,0.0,5 ประโยคฮีลใจ #วัยทํางาน 📔 | จากหนังสือ | #เหนื่อยมากไหมพักก่อนก็ได้นะวันนี้ #opendurianhowto #opendurianbooks #books #ประโยคฮีลใจ #หนังสือฮีลใจ #กําลังใจ
ไม่ระบุ,7532411169575849223,2025-07-29,หนังสือ เหนื่อยมากไหม พักก่อนก็ได้นะวันนี้ by MAY-I (เม-ไอ),0.0,0,0.0,0.0,5 ประโยคฮีลใจ #วัยทํางาน 📔 | จากหนังสือ | #เหนื่อยมากไหมพักก่อนก็ได้นะวันนี้ #opendurianhowto #opendurianbooks #books #ประโยคฮีลใจ #หนังสือฮีลใจ #กําลังใจ
ไม่ระบุ,7530851312510979349,2025-07-25,หนังสือ Ghostly Brews ยินดีบริการดวงวิญญาณหลังเที่ยงคืน by หมึกซึม,0.0,0,0.0,0.0,ทุกคนมีวันที่รู้สึกว่า  ทำไมการใช้ชีวิตในแต่ละวัน มันยากเหลือเกินบ้างไหม?  แล้วถ้าเป็นนั้นทุกคนมีวิธีจัดการความรู้สึกตัวเองยังไง?  #opendurianhowto #หนังสือฮีลใจ #หมึกซึม #ghostlybrews #ยินดีบริการดวงวิญญาณหลังเที่ยงคืน #หนังสือพัฒนาตัวเอง #opendurianbooks #howto #จิตวิทยา #comic 
ไม่ระบุ,7530838078240460050,2025-07-25,หนังสือ ทุกความทรงจำคือของขวัญจากวันวาน,0.0,0,0.0,0.0,แค่ได้อ่านหน้านี้จากหนังสือ #ทุกความทรงจำคือของขวัญจากวันวาน ก็เหมือนปลดล็อกบางอย่างในใจได้แล้ว  #whenimfeeeling #opendurianhowto
ริว,7530560672241814791,2025-07-24,หนังสือ Ghostly Brews ยินดีบริการดวงวิญญาณหลังเที่ยงคืน by หมึกซึม,0.0,0,0.0,0.0,หนังสือการ์ตูนที่ควรหาอ่านกันนะ 🤩😭 #opendurianhowto #opendurianbooks #หนังสือGhostlyBrews #GhostlyBrews #ยินดีบริการดวงวิญญาณหลังเที่ยงคืน #Books #หนังสือฮีลใจ #หนังสือพัฒนาตัวเอง 
ริว,7530557785067539720,2025-07-24,หนังสือ Ghostly Brews ยินดีบริการดวงวิญญาณหลังเที่ยงคืน by หมึกซึม,0.0,0,0.0,0.0,อย่าลืมรักตัวเองให้มาก ๆ นะ😊🤍✨ #opendurianhowto #opendurianbooks #หนังสือGhostlyBrews #GhostlyBrews #ยินดีบริการดวงวิญญาณหลังเที่ยงคืน #Books #หนังสือฮีลใจ #หนังสือพัฒนาตัวเอง #หนังสือขายดี
ริว,7530557009498819847,2025-07-24,หนังสือ Ghostly Brews ยินดีบริการดวงวิญญาณหลังเที่ยงคืน by หมึกซึม,0.0,0,0.0,0.0,ทั้งที่เคยเห็นคุณค่าในตัวเองมาตลอด ทำไมถึงเอาตัวเองไปผูกไว้กับคนแบบนั้น #opendurianhowto #opendurianbooks #หนังสือGhostlyBrews #GhostlyBrews #ยินดีบริการดวงวิญญาณหลังเที่ยงคืน #Books #หนังสือฮีลใจ #หนังสือพัฒนาตัวเอง #หนังสือขายดี 
ไม่ระบุ,7530526494901194002,2025-07-24,หนังสือ ทุกความทรงจำคือของขวัญจากวันวาน,0.0,0,0.0,0.0,ความทรงจำที่เคยอยากแก้ไข อาจเป็นสิ่งมีค่ามากที่สุดกับตัวเราในวันนี้  #ทุกความทรงจำคือของขวัญจากวันวาน #whenimfeeeling #opendurianhowto
ริว,7530480984022617362,2025-07-24,หนังสือ เหนื่อยมากไหม พักก่อนก็ได้นะวันนี้ by MAY-I (เม-ไอ),0.0,0,0.0,0.0,เล่มนี้เหมาะกับคนที่… #opendurianhowto #opendurianbooks #หนังสือ #Books #เหนื่อยมากไหมพักก่อนก็ได้นะวันนี้ #หนังสือฮีลใจ #หนังสือพัฒนาตัวเอง #หนังสือขายดี #ฮีลใจ #เหนื่อย 
ริว,7530479750926683399,2025-07-24,หนังสือ เหนื่อยมากไหม พักก่อนก็ได้นะวันนี้ by MAY-I (เม-ไอ),0.0,0,0.0,0.0,ประโยคที่อ่านแล้ว จุกอกอยู่ในใจ🫂🤍 #opendurianhowto #opendurianbooks #หนังสือ #Books #เหนื่อยมากไหมพักก่อนก็ได้นะวันนี้ #หนังสือฮีลใจ #หนังสือพัฒนาตัวเอง #หนังสือขายดี #ฮีลใจ #เหนื่อย 
ริว,7530479286793309448,2025-07-24,หนังสือ เหนื่อยมากไหม พักก่อนก็ได้นะวันนี้ by MAY-I (เม-ไอ),0.0,0,0.0,0.0,ประโยคฮีลใจที่ควรอ่านสักครั้งในชีวิต #opendurianhowto #opendurianbooks #หนังสือ #Books #เหนื่อยมากไหมพักก่อนก็ได้นะวันนี้ #หนังสือฮีลใจ #หนังสือพัฒนาตัวเอง #หนังสือขายดี #ฮีลใจ #เหนื่อย 
ริว,7530477532068564242,2025-07-24,หนังสือ เหนื่อยมากไหม พักก่อนก็ได้นะวันนี้ by MAY-I (เม-ไอ),0.0,0,0.0,0.0,แค่หนังสือเล่มเดียว จะร้องไห้ทำไม…😭 #opendurianhowto #opendurianbooks #หนังสือ #Books #เหนื่อยมากไหมพักก่อนก็ได้นะวันนี้ #MAYI #เมไอ #หนังสือฮีลใจ #หนังสือพัฒนาตัวเอง #หนังสือขายดี #ฮีลใจ #เหนื่อย 
ริว,7530477225540373778,2025-07-24,หนังสือ เหนื่อยมากไหม พักก่อนก็ได้นะวันนี้ by MAY-I (เม-ไอ),0.0,0,0.0,0.0,แค่อ่านชื่อหน้าปก ก็เหมือนโดนปลอบแล้วอะ🫂 #opendurianhowto #opendurianbooks #หนังสือ #Books #เหนื่อยมากไหมพักก่อนก็ได้นะวันนี้ #MAYI #เมไอ #หนังสือฮีลใจ #หนังสือพัฒนาตัวเอง #หนังสือขายดี #ฮีลใจ #เหนื่อย 
ริว,7530476726946696456,2025-07-24,หนังสือ เหนื่อยมากไหม พักก่อนก็ได้นะวันนี้ by MAY-I (เม-ไอ),0.0,0,0.0,0.0,อ่านเล่มนี้จึงรู้ว่า… #opendurianhowto #opendurianbooks #หนังสือ #Books #เหนื่อยมากไหมพักก่อนก็ได้นะวันนี้ #MAYI #เมไอ #หนังสือฮีลใจ #หนังสือพัฒนาตัวเอง #หนังสือขายดี #ฮีลใจ #เหนื่อย 
ริว,7530476294040227079,2025-07-24,หนังสือ เหนื่อยมากไหม พักก่อนก็ได้นะวันนี้ by MAY-I (เม-ไอ),0.0,0,0.0,0.0,หนังสือฮีลใจเล่มใหม่ที่แนะนำให้อ่าน สำหรับคนที่แบกรับทุกอย่างจนตัวเองเหนื่อย 🙃🤍✨ #opendurianhowto #opendurianbooks #หนังสือ #Books #เหนื่อยมากไหมพักก่อนก็ได้นะวันนี้ #MAYI #เมไอ #หนังสือฮีลใจ #หนังสือพัฒนาตัวเอง #หนังสือขายดี #ฮีลใจ #เหนื่อย 
ริว,7530475820956142855,2025-07-24,หนังสือ เหนื่อยมากไหม พักก่อนก็ได้นะวันนี้ by MAY-I (เม-ไอ),0.0,0,0.0,0.0,เล่มนี้เขียนมาเพื่อคุณนะ 🤍💐✨ #opendurianhowto #opendurianbooks #หนังสือ #Books #เหนื่อยมากไหมพักก่อนก็ได้นะวันนี้ #MAYI #เมไอ #หนังสือฮีลใจ #หนังสือพัฒนาตัวเอง #หนังสือขายดี #ฮีลใจ #เหนื่อย 
ริว,7530475515308707079,2025-07-24,หนังสือ เหนื่อยมากไหม พักก่อนก็ได้นะวันนี้ by MAY-I (เม-ไอ),0.0,0,0.0,0.0,อย่าปล่อยความรู้สึกของเราให้เหนื่อยไปกว่าเดิมเลยนะ 🙃 #opendurianhowto #opendurianbooks #หนังสือ #Books #เหนื่อยมากไหมพักก่อนก็ได้นะวันนี้ #MAYI #เมไอ #หนังสือฮีลใจ #หนังสือพัฒนาตัวเอง #หนังสือขายดี #ฮีลใจ #เหนื่อย 
ไม่ระบุ,7530272496231189781,2025-07-23,[พร้อมส่ง] Box set หนังสือถ้าโลกมันแย่ ก็แค่คิดแบบคาปิบาร่า (Think Like a Happybara),0.0,0,0.0,0.0,ถ้าโลกมันแย่ก็แค่คิดแบบคาปิบาร่า | หนังสืออารมณ์ดีเปลี่ยนวันแย่ ๆ🥲 ให้กลายเป็นวันที่แสนชิลล์แบบครอบครัวคาปิบาร่า ✨ 🚨สนใจหนังสือกดที่ตะกร้าได้เลย  #opendurianhowto #opendurianbooks #books #คาปิบาร่า #ถ้าโลกมันแย่ก็แค่คิดแบบคาปิบาร่า #capibara #ประโยคฮีลใจ #หนังสือฮีลใจ 
ไม่ระบุ,7530272496231189781,2025-07-23,[พร้อมส่ง] หนังสือถ้าโลกมันแย่ ก็แค่คิดแบบคาปิบาร่า (Think Like a Happybara),0.0,0,0.0,0.0,ถ้าโลกมันแย่ก็แค่คิดแบบคาปิบาร่า | หนังสืออารมณ์ดีเปลี่ยนวันแย่ ๆ🥲 ให้กลายเป็นวันที่แสนชิลล์แบบครอบครัวคาปิบาร่า ✨ 🚨สนใจหนังสือกดที่ตะกร้าได้เลย  #opendurianhowto #opendurianbooks #books #คาปิบาร่า #ถ้าโลกมันแย่ก็แค่คิดแบบคาปิบาร่า #capibara #ประโยคฮีลใจ #หนังสือฮีลใจ 
ไม่ระบุ,7530237329311632658,2025-07-23,หนังสือ The Witches' Club ชมรมลับเปลี่ยนชีวิต,0.0,0,0.0,0.0,🔮หนังสือว่าฮีลใจแล้ว  แต่ของแถมทำให้ใจฟูไปอีกคูณสอง✨🥰 #opendurianhowto #opendurianbooks #หนังสือพัฒนาตัวเอง #หนังสือขายดี #หนังสือฮีลใจ #thewitchesclubชมรมลับเปลี่ยนชีวิต #mayi #เมไอmayi #ดูดวง #ไอเทมเด็ด #books 
ไม่ระบุ,7530237329311632658,2025-07-23,BOXSET The Witches' Club ชมรมลับเปลี่ยนชีวิต,0.0,0,0.0,0.0,🔮หนังสือว่าฮีลใจแล้ว  แต่ของแถมทำให้ใจฟูไปอีกคูณสอง✨🥰 #opendurianhowto #opendurianbooks #หนังสือพัฒนาตัวเอง #หนังสือขายดี #หนังสือฮีลใจ #thewitchesclubชมรมลับเปลี่ยนชีวิต #mayi #เมไอmayi #ดูดวง #ไอเทมเด็ด #books 
ไม่ระบุ,7530191894702198034,2025-07-23,หนังสือ Ghostly Brews ยินดีบริการดวงวิญญาณหลังเที่ยงคืน by หมึกซึม,0.0,0,0.0,0.0,🎧 ถอดบทเรียนจากหนังสือ Ghostly Brews ยินดีบริการดวงวิญญาณหลังเที่ยงคืน หนังสือเล่มนี้ไม่ได้ต้องการพูดถึงความตาย แต่อยากบอกเล่าความรู้สึกที่หล่นหายระหว่างทาง เขียนโดยนามปากกา หมึกซึม 🖋️ #opendurianhowto #OpenDurianBooks #หนังสือ #หนังสือGhostlyBrews #GhostlyBrews #ยินดีบริการดวงวิญญาณหลังเที่ยงคืน #หมึกซึม     
ไม่ระบุ,7530171537366797588,2025-07-23,หนังสือ Ghostly Brews ยินดีบริการดวงวิญญาณหลังเที่ยงคืน by หมึกซึม,0.0,0,0.0,0.0,ส่วนที่ 3 | ไม่มีความฝันที่เล็กเกินไป และไม่มีความฝันที่ไม่ใหญ่เกินไปเช่นกัน :)  #opendurianhowto #opendurianbooks #หนังสือฮีลใจ #ghostlybrews #ยินดีบริการดวงวิญญาณหลังเที่ยงคืน #หมึกซึม #books #howto #หนังสือจิตวิทยา #podcast #ความฝัน 
ริว,7530166190228983058,2025-07-23,หนังสือ Ghostly Brews ยินดีบริการดวงวิญญาณหลังเที่ยงคืน by หมึกซึม,0.0,0,0.0,0.0,อ่านบทแรกก็เสียน้ำตาแล้ว😭🐱 #opendurianhowto #opendurianbooks ##หนังสือ##หนังสือGhostlyBrews##GhostlyBrews##ยินดีบริการดวงวิญญาณหลังเที่ยงคืน##หมึกซึม##Books##หนังสือการ์ตูน##comic##หนังสือฮีลใจ#หนังสือพัฒนาตัวเอง
ริว,7529859263188012296,2025-07-22,[สุดคุ้ม] หนังสือ ปีศาจตัวนั้น คือฉันเอง A Guide to Fight the Demons in My Heart,0.0,0,0.0,0.0,แค่หนังสือเล่มเดียว…ทำไมถึงร้องไห้ 😭 #opendurianhowto #opendurianbooks #ปีศาจตัวนั้นคือตัวฉันเอง #MAYI #เมไอ #หนังสือพัฒนาตัวเอง #หนังสือฮีลใจ #หนังสือขายดี #ฮีลใจ #พัฒนาตัวเอง 
ริว,7529834051146927367,2025-07-22,Boxset เหนื่อยมากไหม พักก่อนก็ได้นะวันนี้ by MAY-I (เม-ไอ),0.0,0,0.0,0.0,อ่านหนังสือเล่มนี้จึงเข้าใจว่า…เมื่อเข้าสู่วัยทำงาน เหนื่อยก็แค่นอนพัก แต่ความจริงตัวเราแบกความรู้สึกหลายอย่างที่ไม่ใช่แค่ความเหนื่อยกาย แต่มันคือความเหนื่อยใจ 😭 #opendurianhowto #opendurianbooks #เหนื่อยมากไหมพักก่อนก็ได้นะวันนี้ #MAYI #เมไอ #เหนื่อย #เธรดคําพูด #เธรดความรู้สึก #วัยทํางาน 
ไม่ระบุ,7529818752259591444,2025-07-22,หนังสือ ยินดีต้อนรับและขอบคุณที่กลับมา,0.0,0,0.0,0.0,🍪อ่านคุกกี้ทำนาย👇🏻 (หมายเลข 1️⃣)  ที่ผ่านมาคุณทำดีที่สุดแล้ว โปรดจงอย่าเอาแต่เฝ้าโทษตัวเอง (หมายเลข 2️⃣) ฝันที่ไม่กล้าฝัน สิ่งที่ไม่คาดคิดกำลังจะเกิดขึ้น และคุณสมควรได้รับมัน (หมายเลข 3️⃣) อีกไม่นาน พรหลายข้อที่เฝ้าขอ จะเป็นจริงและสมหวังหลาย ๆ สิ่ง (หมายเลข 4️⃣) ของคุณที่เฝ้ารอมานาน ถึงเวลาจะได้พบพานกันเสียที  #opendurianhowto #opendurianbooks #books #หนังสือฮีลใจ #ยินดีต้อนรับและขอบคุณที่กลับมา #คุกกี้ #คําทํานาย #เสี่ยงทาย #คุกกี้เสี่ยงทาย #sundayisbliss 
ไม่ระบุ,7529817198907428117,2025-07-22,BOXSET The Witches' Club ชมรมลับเปลี่ยนชีวิต,0.0,0,0.0,0.0,PAYDAY นี้ ✨ฮีลใจลดทุกเล่ม  เมื่อซื้อขั้นต่ำ 400 บาท 🫶🏻 เอาไปเลยคูปองส่วนลด 60 บาท 😱 ย้ำว่าลดทุกเล่มในร้าน 🥰   #opendurianhowto #opendurianbooks #books #หนังสือเล่มใหม่ #เหนื่อยมากไหมพักก่อนก็ได้นะวันนี้ #หนังสือฮีลใจ #ปีศาจตัวนั้นคือฉันเอง #thewitchesclubชมรมลับเปลี่ยนชีวิต #ghostlybrews #ยินดีบริการดวงวิญญาณหลังเที่ยงคืน 
ไม่ระบุ,7529817198907428117,2025-07-22,Boxset เหนื่อยมากไหม พักก่อนก็ได้นะวันนี้ by MAY-I (เม-ไอ),0.0,0,0.0,0.0,PAYDAY นี้ ✨ฮีลใจลดทุกเล่ม  เมื่อซื้อขั้นต่ำ 400 บาท 🫶🏻 เอาไปเลยคูปองส่วนลด 60 บาท 😱 ย้ำว่าลดทุกเล่มในร้าน 🥰   #opendurianhowto #opendurianbooks #books #หนังสือเล่มใหม่ #เหนื่อยมากไหมพักก่อนก็ได้นะวันนี้ #หนังสือฮีลใจ #ปีศาจตัวนั้นคือฉันเอง #thewitchesclubชมรมลับเปลี่ยนชีวิต #ghostlybrews #ยินดีบริการดวงวิญญาณหลังเที่ยงคืน 
ไม่ระบุ,7529817198907428117,2025-07-22,หนังสือ เหนื่อยมากไหม พักก่อนก็ได้นะวันนี้ by MAY-I (เม-ไอ),0.0,0,0.0,0.0,PAYDAY นี้ ✨ฮีลใจลดทุกเล่ม  เมื่อซื้อขั้นต่ำ 400 บาท 🫶🏻 เอาไปเลยคูปองส่วนลด 60 บาท 😱 ย้ำว่าลดทุกเล่มในร้าน 🥰   #opendurianhowto #opendurianbooks #books #หนังสือเล่มใหม่ #เหนื่อยมากไหมพักก่อนก็ได้นะวันนี้ #หนังสือฮีลใจ #ปีศาจตัวนั้นคือฉันเอง #thewitchesclubชมรมลับเปลี่ยนชีวิต #ghostlybrews #ยินดีบริการดวงวิญญาณหลังเที่ยงคืน 
ไม่ระบุ,7529817198907428117,2025-07-22,หนังสือ ขอใช้ชีวิตที่เหลือ เพื่อตัวเองนะ,0.0,0,0.0,0.0,PAYDAY นี้ ✨ฮีลใจลดทุกเล่ม  เมื่อซื้อขั้นต่ำ 400 บาท 🫶🏻 เอาไปเลยคูปองส่วนลด 60 บาท 😱 ย้ำว่าลดทุกเล่มในร้าน 🥰   #opendurianhowto #opendurianbooks #books #หนังสือเล่มใหม่ #เหนื่อยมากไหมพักก่อนก็ได้นะวันนี้ #หนังสือฮีลใจ #ปีศาจตัวนั้นคือฉันเอง #thewitchesclubชมรมลับเปลี่ยนชีวิต #ghostlybrews #ยินดีบริการดวงวิญญาณหลังเที่ยงคืน 
ไม่ระบุ,7529817198907428117,2025-07-22,หนังสือ ความลับสู่เงินล้านที่โรงเรียนไม่เคยสอน (The Millionaire's Top Secret),0.0,0,0.0,0.0,PAYDAY นี้ ✨ฮีลใจลดทุกเล่ม  เมื่อซื้อขั้นต่ำ 400 บาท 🫶🏻 เอาไปเลยคูปองส่วนลด 60 บาท 😱 ย้ำว่าลดทุกเล่มในร้าน 🥰   #opendurianhowto #opendurianbooks #books #หนังสือเล่มใหม่ #เหนื่อยมากไหมพักก่อนก็ได้นะวันนี้ #หนังสือฮีลใจ #ปีศาจตัวนั้นคือฉันเอง #thewitchesclubชมรมลับเปลี่ยนชีวิต #ghostlybrews #ยินดีบริการดวงวิญญาณหลังเที่ยงคืน 
ไม่ระบุ,7529817198907428117,2025-07-22,หนังสือ Ghostly Brews ยินดีบริการดวงวิญญาณหลังเที่ยงคืน by หมึกซึม,0.0,0,0.0,0.0,PAYDAY นี้ ✨ฮีลใจลดทุกเล่ม  เมื่อซื้อขั้นต่ำ 400 บาท 🫶🏻 เอาไปเลยคูปองส่วนลด 60 บาท 😱 ย้ำว่าลดทุกเล่มในร้าน 🥰   #opendurianhowto #opendurianbooks #books #หนังสือเล่มใหม่ #เหนื่อยมากไหมพักก่อนก็ได้นะวันนี้ #หนังสือฮีลใจ #ปีศาจตัวนั้นคือฉันเอง #thewitchesclubชมรมลับเปลี่ยนชีวิต #ghostlybrews #ยินดีบริการดวงวิญญาณหลังเที่ยงคืน 
ไม่ระบุ,7529817198907428117,2025-07-22,หนังสือ เมื่อโลกทั้งใบซ่อนอยู่ใต้หมวกกันน็อก (Helmet Girl),0.0,0,0.0,0.0,PAYDAY นี้ ✨ฮีลใจลดทุกเล่ม  เมื่อซื้อขั้นต่ำ 400 บาท 🫶🏻 เอาไปเลยคูปองส่วนลด 60 บาท 😱 ย้ำว่าลดทุกเล่มในร้าน 🥰   #opendurianhowto #opendurianbooks #books #หนังสือเล่มใหม่ #เหนื่อยมากไหมพักก่อนก็ได้นะวันนี้ #หนังสือฮีลใจ #ปีศาจตัวนั้นคือฉันเอง #thewitchesclubชมรมลับเปลี่ยนชีวิต #ghostlybrews #ยินดีบริการดวงวิญญาณหลังเที่ยงคืน 
ไม่ระบุ,7529817198907428117,2025-07-22,[สุดคุ้ม] หนังสือ ปีศาจตัวนั้น คือฉันเอง A Guide to Fight the Demons in My Heart,0.0,0,0.0,0.0,PAYDAY นี้ ✨ฮีลใจลดทุกเล่ม  เมื่อซื้อขั้นต่ำ 400 บาท 🫶🏻 เอาไปเลยคูปองส่วนลด 60 บาท 😱 ย้ำว่าลดทุกเล่มในร้าน 🥰   #opendurianhowto #opendurianbooks #books #หนังสือเล่มใหม่ #เหนื่อยมากไหมพักก่อนก็ได้นะวันนี้ #หนังสือฮีลใจ #ปีศาจตัวนั้นคือฉันเอง #thewitchesclubชมรมลับเปลี่ยนชีวิต #ghostlybrews #ยินดีบริการดวงวิญญาณหลังเที่ยงคืน 
ไม่ระบุ,7529817198907428117,2025-07-22,หนังสือวันไหนที่ใจแข็งแรง ดอกไม้จะผลิบาน (The Enchanted Garden),0.0,0,0.0,0.0,PAYDAY นี้ ✨ฮีลใจลดทุกเล่ม  เมื่อซื้อขั้นต่ำ 400 บาท 🫶🏻 เอาไปเลยคูปองส่วนลด 60 บาท 😱 ย้ำว่าลดทุกเล่มในร้าน 🥰   #opendurianhowto #opendurianbooks #books #หนังสือเล่มใหม่ #เหนื่อยมากไหมพักก่อนก็ได้นะวันนี้ #หนังสือฮีลใจ #ปีศาจตัวนั้นคือฉันเอง #thewitchesclubชมรมลับเปลี่ยนชีวิต #ghostlybrews #ยินดีบริการดวงวิญญาณหลังเที่ยงคืน 
ริว,7529815299567127815,2025-07-22,Boxset เหนื่อยมากไหม พักก่อนก็ได้นะวันนี้ by MAY-I (เม-ไอ),0.0,0,0.0,0.0,เหนื่อยมากไหม พักก่อนก็ได้นะวันนี้ 😭 คือแค่ชื่อหนังสือก็เหมือนโดนปลอบแล้วอะ เล่มนี้เป็นหนังสือฮีลใจใหม่ล่าสุดที่ทำมาเพื่อคนที่เป็นสายแบกโดยเฉพาะ ##opendurianhowto##OpenDurianBooks##เหนื่อยมากไหมพักก่อนก็ได้นะวันนี้##MAYI##เมไอ##เหนื่อย#เธรดคำพูด#เธรดคําพูดู้สึก 
ไม่ระบุ,7529786133736181010,2025-07-22,หนังสือ เหนื่อยมากไหม พักก่อนก็ได้นะวันนี้ by MAY-I (เม-ไอ),0.0,0,0.0,0.0,หยุดพักได้ ไม่เป็นไรเลย โลกจะไม่พังเพราะคุณพักหรอก 😔 เหนื่อยกับชีวีตที่วุ่ยวาย จนรู้สึกอยากลาออกจากการเป็นตัวเอง #opendurianhowto #OpenDurianBooks #เหนื่อยมากไหมพักก่อนก็ได้นะวันนี้ #MAYI #เหนื่อย #Books
ไม่ระบุ,7529783334742871304,2025-07-22,Boxset เหนื่อยมากไหม พักก่อนก็ได้นะวันนี้ by MAY-I (เม-ไอ),0.0,0,0.0,0.0,Unpack #หนังสือเล่มใหม่ 📒 “เหนื่อยมากไหม พักก่อนก็ได้นะวันนี้”    🤎 เนื้อหากว่า 79 บทความปลอบโยนใจ  🤎 เพื่อเยียวยาความเหนื่อยล้าผ่านคำคม 2 ภาษา  🖇 พร้อมกิจกรรมฮีลใจให้ผู้อ่านเติมคำ 44 โควท ✍🏻 จากผู้เขียนนามปากกา MAY-I (เม-ไอ)  #opendurianhowto #OpenDurianBooks #เหนื่อยมากไหมพักก่อนก็ได้นะวันนี้ #ฮีลใจ #เหนื่อย #Books
ไม่ระบุ,7529759880882720020,2025-07-22,หนังสือ เหนื่อยมากไหม พักก่อนก็ได้นะวันนี้ by MAY-I (เม-ไอ),0.0,0,0.0,0.0,เช็ค 5 สัญญาณที่บอกว่าเราเครียดเกินไป🚨 #opendurianhowto #opendurianbooks #หนังสือเล่มใหม่ #เหนื่อยมากไหมพักก่อนก็ได้นะวันนี้ #books #เหนื่อย #หนังสือฮีลใจ #ประโยคฮีลใจ #เครียด #สัญญาณ 
ริว,7529478637641403656,2025-07-21,BOXSET The Witches' Club ชมรมลับเปลี่ยนชีวิต,0.0,0,0.0,0.0,🪄🔮 ไพ่สำรับนี่ดูดวงแม่นแถมฮีลใจมาก ๆ 😍🌟 ##opendurianhowto##opendurianbooks##หนังสือพัฒนาตัวเอง##หนังสือฮีลใจ##หนังสือขายดี##TheWitchesClubชมรมลับเปลี่ยนชีวิต##MAYI##เมไอ##ฮีลใจ#พัฒนาตัวเอง
ไม่ระบุ,7529391700230327573,2025-07-21,BOXSET The Witches' Club ชมรมลับเปลี่ยนชีวิต,0.0,0,457.77,0.0,✨นี่ไม่ใช่ไพ่ดูดวง🔮 แต่เป็น…  #thewitchesclubชมรมลับเปลี่ยนชีวิต 🐈‍⬛  #opendurianhowto #opendurianbooks #books #ประโยคฮีลใจ #หนังสือฮีลใจ #Mayi #เมไอmayi #รีวิว #หนังสือดัง 
ไม่ระบุ,7528717234466852103,2025-07-19,หนังสือ Ghostly Brews ยินดีบริการดวงวิญญาณหลังเที่ยงคืน by หมึกซึม,0.0,0,0.0,0.0,🌧️ถึงฝนจะตกแต่หนังสือก็มาถึงอย่างปลอดภัยหายห่วง😌  เพราะสำนักพิมพ์เราใส่ใจและแพ็คส่งถึงมือลูกค้าที่น่ารักทุกคน🥰 ขอบคุณรีวิวจากลูกค้าด้วยนะคะ ❤️ #opendurianhowto  #ghostlybrews #books #ประโยคฮีลใจ #comic #หมึกซึม #หนังสือฮีลใจ #รีวิว #ลูกค้าที่รัก #รีวิวที่จริงใจ 
ริว,7528623884061429000,2025-07-19,Boxset เหนื่อยมากไหม พักก่อนก็ได้นะวันนี้ by MAY-I (เม-ไอ),0.0,0,0.0,0.0,ทุกคนเราได้หนังสือฮีลใจมาใหม่ ‘เหนื่อยมากไหม พักก่อนก็ได้นะวันนี้’ คือแค่ชื่อหนังสือก็เหมือนโดนปลอบแล้วอะ 😊✨ #opendurianhowto #OpenDurianBooks #เหนื่อยมากไหมพักก่อนก็ได้นะวันนี้ #MAYI #เมไอ #เหนื่อย #เธรดคำพูด#เธรดคําพูดู้สึก 
ไม่ระบุ,7528589770553920788,2025-07-19,หนังสือ ขอใช้ชีวิตที่เหลือ เพื่อตัวเองนะ,0.0,0,0.0,0.0,ข้อความแรกของวัน ที่อยากให้คุณได้เปิดอ่าน🙂 จากหนังสือ  #ขอใช้ชีวิตที่เหลือเพื่อตัวเองนะ  #opendurianhowto #books #คิ้วต่ำ #หนังสือฮีลใจ #ให้กำลังใจ #ประโยคฮีลใจ #tiktokbook #ฮีลใจ #รักตัวเอง #ข้อความ 
ไม่ระบุ,7528399798291008776,2025-07-18,หนังสือ เหนื่อยมากไหม พักก่อนก็ได้นะวันนี้ by MAY-I (เม-ไอ),0.0,0,0.28,0.0,วันนี้เหนื่อยมากเลยใช่ไหม?  หนังสือเล่มนี้อยากบอกคุณว่า…  #เหนื่อยมากไหมพักก่อนก็ได้นะวันนี้  #opendurianhowto #books #หนังสือฮีลใจ #เล่มใหม่ #มนุษย์แบก #ให้กำลังใจ #ประโยคฮีลใจ #mayi #รักตัวเอง #เหนื่อย 
ริว,7528363564378098952,2025-07-18,หนังสือ Ghostly Brews ยินดีบริการดวงวิญญาณหลังเที่ยงคืน by หมึกซึม,0.0,0,0.0,0.0,หนังสือใหม่ล่าสุด ghostly brews ยินดีบริการดวงวิญญาณหลังเที่ยงคืน หนังสือการ์ตูนฮีลใจที่จะทำให้เห็นคุณค่าในตัวเองมากขึ้น 🤍✨ ##opendurianhowto##OpenDurianBooks##หนังสือ##หนังสือGhostlyBrews##GhostlyBrews##ยินดีบริการดวงวิญญาณหลังเที่ยงคืน##หมึกซึม##Books##หนังสือการ์ตูน##comic##หนังสือฮีลใจ#หนังสือพัฒนาตัวเอง
ริว,7527988443092241672,2025-07-17,Boxset เหนื่อยมากไหม พักก่อนก็ได้นะวันนี้ by MAY-I (เม-ไอ),0.0,0,0.0,0.0,วันนี้เธอเหนื่อยไหม เธอโอเครึเปล่า ถ้าเหนื่อยกายเธอนอนพักก่อนนะ แต่ถ้าเธอเหนื่อยใจ เราขอเป็นกำลังใจให้นะคนเก่ง เธอจะผ่านมันไปได้ด้วยดีแน่นอน 🤍✨ ##opendurianhowto##OpenDurianBooks##เหนื่อยมากไหมพักก่อนก็ได้นะวันนี้##MAYI##เมไอ##เหนื่อย#เธรดคำพูด#เธรดคําพูดู้สึก 
ไม่ระบุ,7527648085623770388,2025-07-16,Boxset เหนื่อยมากไหม พักก่อนก็ได้นะวันนี้ by MAY-I (เม-ไอ),0.0,0,0.0,0.0,หนังสือฮีลใจใหม่ออกมาอีกแล้ว😱 ผลงานใหม่ล่าสุดจาก MAY-I  เจ้าของผลงาน #ปีศาจตัวนั้นคือฉันเอง 🫶🏻 ✨กับเล่มนี้เลย 📚 #เหนื่อยมากไหมพักก่อนก็ได้นะวันนี้  #opendurianhowto #books #หนังสือฮีลใจ #เหนื่อย #เล่มใหม่ #แบก #ให้กำลังใจ #มนุษย์แบก #มนุษย์เงินเดือน #mayi 
ริว,7527624484405251346,2025-07-16,หนังสือ Ghostly Brews ยินดีบริการดวงวิญญาณหลังเที่ยงคืน by หมึกซึม,0.0,0,0.0,0.0,มีประโยคนึงในหนังสือที่อ่านแล้ว จุกอกอยู่ในใจ เขาบอกว่า… #o#opendurianhowtoO#OpenDurianBooksห#หนังสือห#หนังสือGhostlyBrewsG#GhostlyBrewsย#ยินดีบริการดวงวิญญาณหลังเที่ยงคืนห#หมึกซึมB#Booksห#หนังสือการ์ตูนc#comicห#หนังสือฮีลใจหนังสือพัฒนาตัวเอง
ไม่ระบุ,7527245422373391636,2025-07-15,หนังสือ Ghostly Brews ยินดีบริการดวงวิญญาณหลังเที่ยงคืน by หมึกซึม,0.0,0,0.0,0.0,📌ป้ายยาฮีลใจที่มีเนื้อหาคล้ายกันกับ Ghostly Brews #ยินดีบริการดวงวิญญาณหลังเที่ยงคืน  #ghostlybrews #กว่าจะคิดได้ก็ไม่มีลมหายใจแล้ว  #opendurianhowto #books  #หนังสือฮีลใจ #ผี #วิญญาณ #รีวิว #ป้ายยา #หนังสือเล่มใหม่ 
ไม่ระบุ,7527245422373391636,2025-07-15,หนังสือ กว่าจะคิดได้ก็ไม่มีลมหายใจแล้ว (It Is Never Too Late to Love Yourself),0.0,0,0.0,0.0,📌ป้ายยาฮีลใจที่มีเนื้อหาคล้ายกันกับ Ghostly Brews #ยินดีบริการดวงวิญญาณหลังเที่ยงคืน  #ghostlybrews #กว่าจะคิดได้ก็ไม่มีลมหายใจแล้ว  #opendurianhowto #books  #หนังสือฮีลใจ #ผี #วิญญาณ #รีวิว #ป้ายยา #หนังสือเล่มใหม่ 
ไม่ระบุ,7527232538281020688,2025-07-15,หนังสือ Ghostly Brews ยินดีบริการดวงวิญญาณหลังเที่ยงคืน by หมึกซึม,0.0,0,0.0,0.0,วัดกันไปเลย‼️ ✅เหม็นจริง หรือแกล้ง❌ #ghostlybrews #opendurianhowto #books #หนังสือฮีลใจ #หมึกซึม #หนังสือเล่มใหม่ #กลิ่นแรง #เหม็น #สัมภาษณ์ #ฮาๆ #ตลก #ทีมงานคุณภาพ 
ริว,7527231081385364754,2025-07-15,[พร้อมส่ง] Box set หนังสือถ้าโลกมันแย่ ก็แค่คิดแบบคาปิบาร่า (Think Like a Happybara),0.0,0,0.0,0.0,✨เรียนรู้แนวคิดแบบ ‘คาปิบาร่า‘ ให้มีความสุขในแบบของเรา🤍💐 กับ 5 วิธีคิดให้มีความสุขแบบคาปิบาร่า 1.ใครไม่รักเราก็ช่าง แต่เราต้องรักตัวเองก่อน - คาปิบาร่ามันไม่ได้ทำตัวพิเศษเพื่อให้ใครมารัก แต่คนก็หลงรักมัน เพราะมันเป็นตัวเอง ​​เราไม่จำเป็นต้องเปลี่ยนเป็นคนที่เขาชอบ แค่รักตัวเองให้มากขึ้น ทำตัวเองให้มีความสุข คนที่ใช่จะเข้ามาเอง 2.ไม่ต้องวิ่งแข่งกับใคร -ม้าลายวิ่งเร็วกว่าคาปิบาร่า แต่สุดท้ายคนก็ยังมาหามัน ชีวิตจริงเพื่อนร่วมงานบางคนอาจได้เงินเดือนเยอะกว่า แต่ไม่ต้องเอาตัวเองไปเปรียบเทียบ ทุกคนมีจังหวะของตัวเอง ทำงานให้เต็มที่ในแบบเรา ดีกว่าพยายามเป็นเหมือนคนอื่นแล้วเหนื่อยใจ 3.ไม่ต้องให้ทุกคนรัก แค่ไม่ฝืนตัวเองก็พอ -คาปิบาร่ามันไม่พยายามประจบสัตว์ตัวไหน แต่ก็ยังเป็นที่รัก ชีวิตจริงในที่ทำงานหรือกลุ่มเพื่อน มีคนชอบเราก็ต้องมีคนไม่ชอบเรา ไม่ต้องฝืนเข้ากับทุกคน แค่จริงใจกับคนที่โอเคกับเราพอแล้ว 4.ให้รางวัลตัวเองบ้าง -คาปิบาร่ากินหญ้าอร่อย ๆ ก็แฮปปี้ไปทั้งวัน อย่ารอให้ชีวิตใหญ่โตค่อยฉลอง ทำงานเสร็จหนึ่งงาน ซื้อขนมที่อยากกิน หรือดูหนังที่รอมานาน แค่นี้ก็เติมพลังใจให้ไปต่อได้แล้ว 5.เราไม่ต้องเพอร์เฟ็กต์ไปซะทุกอย่าง -คาปิบาร่าไม่สวย ไม่หรูหรา แต่มันก็ทำให้ทุกคนยิ้มได้ เราไม่ต้องเก่งไปซะทุกอย่าง ไม่ต้องหน้าเป๊ะ หุ่นดี หรือรวยมาก แค่เป็นคนที่จริงใจและรักตัวเองให้เป็น คนที่ใช่จะเห็นคุณค่าเราเอง #ถ้าโลก#ถ้าโลกมันแย่แค่คิดแบบคาปิบาร่าb#happybaraเ#พิชิตเรื่องแย่จากแนวคิดของคาปิบาร่าu#opendurianhowtou#opendurianbooksื#หนังสือพัฒนาตัวเองื#หนังสือฮีลใจื#หนังสือขายดี #พัฒนาตัวเอง
ริว,7527231081385364754,2025-07-15,[พร้อมส่ง] หนังสือถ้าโลกมันแย่ ก็แค่คิดแบบคาปิบาร่า (Think Like a Happybara),0.0,0,0.0,0.0,✨เรียนรู้แนวคิดแบบ ‘คาปิบาร่า‘ ให้มีความสุขในแบบของเรา🤍💐 กับ 5 วิธีคิดให้มีความสุขแบบคาปิบาร่า 1.ใครไม่รักเราก็ช่าง แต่เราต้องรักตัวเองก่อน - คาปิบาร่ามันไม่ได้ทำตัวพิเศษเพื่อให้ใครมารัก แต่คนก็หลงรักมัน เพราะมันเป็นตัวเอง ​​เราไม่จำเป็นต้องเปลี่ยนเป็นคนที่เขาชอบ แค่รักตัวเองให้มากขึ้น ทำตัวเองให้มีความสุข คนที่ใช่จะเข้ามาเอง 2.ไม่ต้องวิ่งแข่งกับใคร -ม้าลายวิ่งเร็วกว่าคาปิบาร่า แต่สุดท้ายคนก็ยังมาหามัน ชีวิตจริงเพื่อนร่วมงานบางคนอาจได้เงินเดือนเยอะกว่า แต่ไม่ต้องเอาตัวเองไปเปรียบเทียบ ทุกคนมีจังหวะของตัวเอง ทำงานให้เต็มที่ในแบบเรา ดีกว่าพยายามเป็นเหมือนคนอื่นแล้วเหนื่อยใจ 3.ไม่ต้องให้ทุกคนรัก แค่ไม่ฝืนตัวเองก็พอ -คาปิบาร่ามันไม่พยายามประจบสัตว์ตัวไหน แต่ก็ยังเป็นที่รัก ชีวิตจริงในที่ทำงานหรือกลุ่มเพื่อน มีคนชอบเราก็ต้องมีคนไม่ชอบเรา ไม่ต้องฝืนเข้ากับทุกคน แค่จริงใจกับคนที่โอเคกับเราพอแล้ว 4.ให้รางวัลตัวเองบ้าง -คาปิบาร่ากินหญ้าอร่อย ๆ ก็แฮปปี้ไปทั้งวัน อย่ารอให้ชีวิตใหญ่โตค่อยฉลอง ทำงานเสร็จหนึ่งงาน ซื้อขนมที่อยากกิน หรือดูหนังที่รอมานาน แค่นี้ก็เติมพลังใจให้ไปต่อได้แล้ว 5.เราไม่ต้องเพอร์เฟ็กต์ไปซะทุกอย่าง -คาปิบาร่าไม่สวย ไม่หรูหรา แต่มันก็ทำให้ทุกคนยิ้มได้ เราไม่ต้องเก่งไปซะทุกอย่าง ไม่ต้องหน้าเป๊ะ หุ่นดี หรือรวยมาก แค่เป็นคนที่จริงใจและรักตัวเองให้เป็น คนที่ใช่จะเห็นคุณค่าเราเอง #ถ้าโลก#ถ้าโลกมันแย่แค่คิดแบบคาปิบาร่าb#happybaraเ#พิชิตเรื่องแย่จากแนวคิดของคาปิบาร่าu#opendurianhowtou#opendurianbooksื#หนังสือพัฒนาตัวเองื#หนังสือฮีลใจื#หนังสือขายดี #พัฒนาตัวเอง
ไม่ระบุ,7527227832448093460,2025-07-15,[สุดคุ้ม] หนังสือ ปีศาจตัวนั้น คือฉันเอง A Guide to Fight the Demons in My Heart,0.0,0,0.0,0.0,อ่านแล้วรู้สึกเหมือน ได้ยกภูเขาออกจากอกเลย  :) #ปีศาจตัวนั้นคือฉันเอง  #opendurianhowto #books #vibes #เศร้า #เบาใจ #ประโยคฮีลใจ #หนังสือฮีลใจ #tiktok #เธรดเศร้า #อ่านตามtiktok 
ริว,7526883231413701896,2025-07-14,หนังสือ ทุกความทรงจำคือของขวัญจากวันวาน,0.0,0,0.0,0.0,🛍️🥳 Mid month โปรลดยกร้าน เฉพาะกรกฎาคมนี้ ซื้อหนังสือฮีลใจเล่มไหนก็ได้ รับคูปองส่วนลด 60 บาท เมื่อซื้อขั้นต่ำ 400 บาท ทุกเล่มในร้าน รีบกดตะกร้าเลยยย🤩‼️✨ ##midmonthช้อปมันส์กลางเดือน##midmonthsale#tiktokmidmonthsale
ริว,7526883231413701896,2025-07-14,หนังสือ The Witches' Club ชมรมลับเปลี่ยนชีวิต,0.0,0,0.0,0.0,🛍️🥳 Mid month โปรลดยกร้าน เฉพาะกรกฎาคมนี้ ซื้อหนังสือฮีลใจเล่มไหนก็ได้ รับคูปองส่วนลด 60 บาท เมื่อซื้อขั้นต่ำ 400 บาท ทุกเล่มในร้าน รีบกดตะกร้าเลยยย🤩‼️✨ ##midmonthช้อปมันส์กลางเดือน##midmonthsale#tiktokmidmonthsale
ริว,7526883231413701896,2025-07-14,BOXSET The Witches' Club ชมรมลับเปลี่ยนชีวิต,0.0,0,0.0,0.0,🛍️🥳 Mid month โปรลดยกร้าน เฉพาะกรกฎาคมนี้ ซื้อหนังสือฮีลใจเล่มไหนก็ได้ รับคูปองส่วนลด 60 บาท เมื่อซื้อขั้นต่ำ 400 บาท ทุกเล่มในร้าน รีบกดตะกร้าเลยยย🤩‼️✨ ##midmonthช้อปมันส์กลางเดือน##midmonthsale#tiktokmidmonthsale
ริว,7526883231413701896,2025-07-14,หนังสือ ขอใช้ชีวิตที่เหลือ เพื่อตัวเองนะ,0.0,0,0.0,0.0,🛍️🥳 Mid month โปรลดยกร้าน เฉพาะกรกฎาคมนี้ ซื้อหนังสือฮีลใจเล่มไหนก็ได้ รับคูปองส่วนลด 60 บาท เมื่อซื้อขั้นต่ำ 400 บาท ทุกเล่มในร้าน รีบกดตะกร้าเลยยย🤩‼️✨ ##midmonthช้อปมันส์กลางเดือน##midmonthsale#tiktokmidmonthsale
ริว,7526883231413701896,2025-07-14,หนังสือ ยินดีต้อนรับและขอบคุณที่กลับมา,0.0,0,0.0,0.0,🛍️🥳 Mid month โปรลดยกร้าน เฉพาะกรกฎาคมนี้ ซื้อหนังสือฮีลใจเล่มไหนก็ได้ รับคูปองส่วนลด 60 บาท เมื่อซื้อขั้นต่ำ 400 บาท ทุกเล่มในร้าน รีบกดตะกร้าเลยยย🤩‼️✨ ##midmonthช้อปมันส์กลางเดือน##midmonthsale#tiktokmidmonthsale
ริว,7526883231413701896,2025-07-14,หนังสือ ฉันจะมีชีวิตที่ดี (นักเขียนนามปากกา คิดมาก),0.0,0,0.0,0.0,🛍️🥳 Mid month โปรลดยกร้าน เฉพาะกรกฎาคมนี้ ซื้อหนังสือฮีลใจเล่มไหนก็ได้ รับคูปองส่วนลด 60 บาท เมื่อซื้อขั้นต่ำ 400 บาท ทุกเล่มในร้าน รีบกดตะกร้าเลยยย🤩‼️✨ ##midmonthช้อปมันส์กลางเดือน##midmonthsale#tiktokmidmonthsale
ริว,7526883231413701896,2025-07-14,หนังสือ ความลับสู่เงินล้านที่โรงเรียนไม่เคยสอน (The Millionaire's Top Secret),0.0,0,0.0,0.0,🛍️🥳 Mid month โปรลดยกร้าน เฉพาะกรกฎาคมนี้ ซื้อหนังสือฮีลใจเล่มไหนก็ได้ รับคูปองส่วนลด 60 บาท เมื่อซื้อขั้นต่ำ 400 บาท ทุกเล่มในร้าน รีบกดตะกร้าเลยยย🤩‼️✨ ##midmonthช้อปมันส์กลางเดือน##midmonthsale#tiktokmidmonthsale
ริว,7526883231413701896,2025-07-14,หนังสือ Ghostly Brews ยินดีบริการดวงวิญญาณหลังเที่ยงคืน by หมึกซึม,0.0,0,0.0,0.0,🛍️🥳 Mid month โปรลดยกร้าน เฉพาะกรกฎาคมนี้ ซื้อหนังสือฮีลใจเล่มไหนก็ได้ รับคูปองส่วนลด 60 บาท เมื่อซื้อขั้นต่ำ 400 บาท ทุกเล่มในร้าน รีบกดตะกร้าเลยยย🤩‼️✨ ##midmonthช้อปมันส์กลางเดือน##midmonthsale#tiktokmidmonthsale
ริว,7526883231413701896,2025-07-14,โอบกอดความไม่สมบูรณ์แบบของเธอ (Embrace Your Flaws),0.0,0,0.0,0.0,🛍️🥳 Mid month โปรลดยกร้าน เฉพาะกรกฎาคมนี้ ซื้อหนังสือฮีลใจเล่มไหนก็ได้ รับคูปองส่วนลด 60 บาท เมื่อซื้อขั้นต่ำ 400 บาท ทุกเล่มในร้าน รีบกดตะกร้าเลยยย🤩‼️✨ ##midmonthช้อปมันส์กลางเดือน##midmonthsale#tiktokmidmonthsale
ริว,7526883231413701896,2025-07-14,[สุดคุ้ม] หนังสือ ปีศาจตัวนั้น คือฉันเอง A Guide to Fight the Demons in My Heart,0.0,0,0.0,0.0,🛍️🥳 Mid month โปรลดยกร้าน เฉพาะกรกฎาคมนี้ ซื้อหนังสือฮีลใจเล่มไหนก็ได้ รับคูปองส่วนลด 60 บาท เมื่อซื้อขั้นต่ำ 400 บาท ทุกเล่มในร้าน รีบกดตะกร้าเลยยย🤩‼️✨ ##midmonthช้อปมันส์กลางเดือน##midmonthsale#tiktokmidmonthsale
ไม่ระบุ,7525823945027669265,2025-07-11,หนังสือ Ghostly Brews ยินดีบริการดวงวิญญาณหลังเที่ยงคืน by หมึกซึม,0.0,0,0.0,0.0,เช็คด่วน ‼️ 5 สัญญาณ🚨 ที่บอกว่าคุณกำลังอยู่ในความสัมพันธ์ Toxic✅ #opendurianhowto #ghostlybrews #หนังสือเล่มใหม่ #หนังสือฮีลใจ #หมึกซึม #Toxic #books 
ริว,7525798377158708498,2025-07-11,BOXSET The Witches' Club ชมรมลับเปลี่ยนชีวิต,0.0,0,0.0,0.0,หนังสือที่ทุกคนควรอ่านสักครั้งในชีวิต แล้วมันจะทำให้ชีวิตของเราเปลี่ยนไป😊🌈 ##opendurianhowto##opendurianbooks##หนังสือพัฒนาตัวเอง##หนังสือฮีลใจ##หนังสือขายดี##TheWitchesClubชมรมลับเปลี่ยนชีวิต##MAYI##เมไอ##ฮีลใจ#พัฒนาตัวเอง
ริว,7525764747443146002,2025-07-11,[พร้อมส่ง] หนังสือ ปีศาจความรัก มักเลือกฉันเป็นเหยื่อ [How to Fight the Love Demon in My Heart],0.0,0,4.79,0.0,อย่าลืมที่จะรักตัวเองจนไม่ยอมเจ็บเพื่อใครนะ เพราะอย่าลืมว่าเราทุกคนสมควรที่จะได้รับความรักและถูกรักด้วยคุณค่าในตัวของเราเอง🤍 #opendurianhowto #opendurianbooks #หนังสือพัฒนาตัวเอง #หนังสือฮีลใจ #ปีศาจความรักมักเลือกฉันเป็นเหยื่อ #หนังสือขายดี #ฮีลใจ #พัฒนาตัวเอง #เธรดความรัก #ความรัก
ไม่ระบุ,7525677416942030101,2025-07-11,หนังสือ The Witches' Club ชมรมลับเปลี่ยนชีวิต,0.0,0,0.0,0.0,กดหยุดการ์ด (STOP) ‼️ เพื่อทำนายดวงของคุณ 🔮 #thewitchesclubชมรมลับเปลี่ยนชีวิต  * พิกัดการ์ดทำนายดวงอยู่ในตะกร้า*  #opendurianhowto #thewitchesclubชมรมลับเปลี่ยนชีวิต #หนังสือเล่มใหม่ #ดูดวง #pickacard #ไพ่ยิปซี #แม่มด #card #loveyourself❤️ #คำทำนาย #books #opendurianbooks #เล่มโปรด #เล่มใหม่ #ดวง  
ไม่ระบุ,7525677416942030101,2025-07-11,BOXSET The Witches' Club ชมรมลับเปลี่ยนชีวิต,0.0,0,0.0,0.0,กดหยุดการ์ด (STOP) ‼️ เพื่อทำนายดวงของคุณ 🔮 #thewitchesclubชมรมลับเปลี่ยนชีวิต  * พิกัดการ์ดทำนายดวงอยู่ในตะกร้า*  #opendurianhowto #thewitchesclubชมรมลับเปลี่ยนชีวิต #หนังสือเล่มใหม่ #ดูดวง #pickacard #ไพ่ยิปซี #แม่มด #card #loveyourself❤️ #คำทำนาย #books #opendurianbooks #เล่มโปรด #เล่มใหม่ #ดวง  
ไม่ระบุ,7525657060449586439,2025-07-11,หนังสือ ยินดีต้อนรับและขอบคุณที่กลับมา,0.0,0,0.0,0.0,"ค่อย ๆ แยกว่า เรื่องไหนเราอยากเก็บ และเรื่องไหนที่เราอยากวางลง ..  ข้อคิดจากหนังสือ ""ยินดีต้อนรับและขอบคุณที่กลับมา"" 🏡 #opendurianhowto #OpenDurianBooks #ยินดีต้อนรับและขอบคุณที่กลับมา #SUNDAYISBLISS #หนังสือฮีลใจ #หนังสือพัฒนาตัวเอง #หนังสืออบอุ่นใจ"
ไม่ระบุ,7525648816205335815,2025-07-11,หนังสือ ทุกความทรงจำคือของขวัญจากวันวาน,0.0,0,0.0,0.0,หนังสือที่สอนให้เรารู้ว่าการพยายามควบคุมทุกอย่าง กลับทำให้เราเหนื่อยเกินจำเป็น  #ทุกความทรงจำคือของขวัญจากวันวาน #whenimfeeeling #opendurianhowto
ไม่ระบุ,7525459778135510273,2025-07-10,หนังสือ The Witches' Club ชมรมลับเปลี่ยนชีวิต,0.0,0,0.0,0.0,ส่งคลิปนี้ #เติมไฟ ให้เพื่อนของคุณ🔥🔥🔥🔥🔥🔥🔥🔥🔥🔥 #opendurianhowto #thewitchesclubชมรมลับเปลี่ยนชีวิต #ประโยคฮีลใจ #books #tiktok 
ริว,7525453291958881554,2025-07-10,หนังสือ Ghostly Brews ยินดีบริการดวงวิญญาณหลังเที่ยงคืน by หมึกซึม,0.0,0,0.0,0.0,👩🏻ฉันชื่อว่าความรัก ฉันมองเห็นผีตั้งแต่เด็ก👻 #opendurianhowto #OpenDurianBooks #หนังสือ #หนังสือGhostlyBrews #GhostlyBrews #ยินดีบริการดวงวิญญาณหลังเที่ยงคืน #หมึกซึม #Books #หนังสือการ์ตูน #comic #หนังสือฮีลใจ #หนังสือพัฒนาตัวเอง
ริว,7525392009788509448,2025-07-10,Boxset หนังสือวันไหนที่ใจแข็งแรง ดอกไม้จะผลิบาน (The Enchanted Garden) ฟรีของแถมใน Boxset ทุกเซ็ต,0.0,0,0.0,0.0,🌸🌼มาปลูกดอกไม้ในจิตใจของเราให้เติบโตและผลิบานอย่างสวยงามกันเถอะ 🌷🌹💐 #opendurianhowto #OpenDurianBooks #วันไหนที่ใจแข็งแรงดอกไม้จะผลิบาน #หนังสือ #Books #หนังสือฮีลใจ #หนังสือพัฒนาตัวเอง
ริว,7525392009788509448,2025-07-10,หนังสือวันไหนที่ใจแข็งแรง ดอกไม้จะผลิบาน (The Enchanted Garden),0.0,0,0.0,0.0,🌸🌼มาปลูกดอกไม้ในจิตใจของเราให้เติบโตและผลิบานอย่างสวยงามกันเถอะ 🌷🌹💐 #opendurianhowto #OpenDurianBooks #วันไหนที่ใจแข็งแรงดอกไม้จะผลิบาน #หนังสือ #Books #หนังสือฮีลใจ #หนังสือพัฒนาตัวเอง
ไม่ระบุ,7525386626084752660,2025-07-10,[พร้อมส่ง] Box set หนังสือถ้าโลกมันแย่ ก็แค่คิดแบบคาปิบาร่า (Think Like a Happybara),0.0,0,0.0,0.0,✨คำคมคาปิบาร่าวันนี้ เสนอคำว่า… …สังคมจะดีขึ้นแน่ ถ้าแต่ละคนยุ่งแค่ ”เรื่องของตัวเอง“ #opendurianhowto #books #หนังสือฮีลใจ #tiktok #รักตัวเอง #คาปิบาร่า 
ไม่ระบุ,7525386626084752660,2025-07-10,[พร้อมส่ง] หนังสือถ้าโลกมันแย่ ก็แค่คิดแบบคาปิบาร่า (Think Like a Happybara),0.0,0,0.0,0.0,✨คำคมคาปิบาร่าวันนี้ เสนอคำว่า… …สังคมจะดีขึ้นแน่ ถ้าแต่ละคนยุ่งแค่ ”เรื่องของตัวเอง“ #opendurianhowto #books #หนังสือฮีลใจ #tiktok #รักตัวเอง #คาปิบาร่า 
ไม่ระบุ,7525032849817308434,2025-07-09,[สุดคุ้ม] หนังสือ ปีศาจตัวนั้น คือฉันเอง A Guide to Fight the Demons in My Heart,0.0,0,0.0,0.0,เดี๋ยวตกเทรนด์ AI ค่ะ  “ขอแปะคำคมฮีลใจสักหน่อย” ❤️ #ไม่ดราม่านะคะ  แต่ถ้าใครสนใจหนังสือกดซื้อได้เลย🫶🏻 #opendurianhowto #books #booktok #หนังสือฮีลใจ #รักตัวเอง #tiktok #ปีศาจตัวนั้นคือตัวฉันเอง #หนังสือขายดี #รักตัวเอง #AI  #คําคม 
ริว,7525028351715659015,2025-07-09,หนังสือ ขอใช้ชีวิตที่เหลือ เพื่อตัวเองนะ,0.0,0,0.0,0.0,การรักตัวเอง ไม่ใช่คนเห็นแก่ตัว 🥹 #opendurianhowto #OpenDurianBooks #ขอใช้ชีวิตที่เหลือเพื่อตัวเองนะ #หนังสือ #Books #หนังสือฮีลใจ #หนังสือพัฒนาตัวเอง
ไม่ระบุ,7524976579668200724,2025-07-09,หนังสือ ยินดีต้อนรับและขอบคุณที่กลับมา,0.0,0,0.0,0.0,หนังสือที่เป็นเหมือนบ้านหลังที่ 2  เมื่อเปิดอ่านทุกครั้ง เล่มนี้จะเป็นที่ปลอดภัยให้คุณเสมอ ❤️  #ยินดีต้อนรับและขอบคุณที่กลับมา #sundayisbliss #บ้าน #หนังสือฮีลใจ #opendurianhowto #books #รักตัวเอง #tiktok 
ไม่ระบุ,7524931717430267143,2025-07-09,หนังสือ ขอใช้ชีวิตที่เหลือ เพื่อตัวเองนะ,0.0,0,0.0,0.0,“พรุ่งนี้ไม่มีจริง”  เรื่องราวการสูญเสียที่ทำให้เข้าใจว่า  “ใจสลาย“ เป็นยังไง #คิ้วต่ำ  #ขอใช้ชีวิตที่เหลือเพื่อตัวเองนะ #opendurianhowto #books #booktok #หนังสือฮีลใจ #tiktokkuni #รักตัวเอง 
ไม่ระบุ,7524725870410353940,2025-07-08,หนังสือ ขอใช้ชีวิตที่เหลือ เพื่อตัวเองนะ,0.0,0,0.0,0.0,#ประโยคก่อนนอน 🌌 ที่อยากให้คุณได้เปิดอ่านจากหนังสือ #ขอใช้ชีวิตที่เหลือเพื่อตัวเองนะ  #opendurianhowto #books #booktok #หนังสือฮีลใจ #tiktok #tiktokkuni #booktok 
ริว,7524653211790118152,2025-07-08,หนังสือ Ghostly Brews ยินดีบริการดวงวิญญาณหลังเที่ยงคืน by หมึกซึม,0.0,0,0.0,0.0,หนังสือที่กระแสตอบรับดีมากกก🌟🌟🌟 #opendurianhowto #OpenDurianBooks #หนังสือ #หนังสือGhostlyBrews #GhostlyBrews #ยินดีบริการดวงวิญญาณหลังเที่ยงคืน #หมึกซึม #Books #หนังสือการ์ตูน #comic #หนังสือฮีลใจ #หนังสือพัฒนาตัวเอง
ไม่ระบุ,7524630267068173575,2025-07-08,หนังสือ ทุกความทรงจำคือของขวัญจากวันวาน,0.0,0,0.0,0.0,ความทรงจำที่ให้เราได้ทบทวนตัวเอง และก้าวต่อไปในอนาคตได้อย่างมั่นคง 🌈 #ทุกความทรงจำคือของขวัญจากวันวาน #whenimfeeeling #opendurianhowto
ไม่ระบุ,7524623365152312597,2025-07-08,หนังสือ Ghostly Brews ยินดีบริการดวงวิญญาณหลังเที่ยงคืน by หมึกซึม,0.0,0,0.0,0.0,ขอรีวิวแบบไม่อวย‼️ 8/10  หนังสือขายดี แต่ดราม่าเพียบ!  ##ghostlybrews ##ยินดีบริการดวงวิญญาณหลังเที่ยง #หมึกซึม #รีวิว #หนังสือฮีลใจ #opendurianhowto #books #รีวิวไม่อวย #หนังสือเล่มโปรด #ดัง #ติดกระแส #tiktok 
ริว,7524575329713769735,2025-07-08,[สุดคุ้ม] หนังสือ ปีศาจตัวนั้น คือฉันเอง A Guide to Fight the Demons in My Heart,0.0,0,16.93,0.0,สมมงหนังสือที่ได้รับรางวัลมาก ๆ 🌟 อ่านแล้วร้องไห้ไปหลายหน้าเลย😭 #opendurianhowto #opendurianbooks #หนังสือพัฒนาตัวเอง #หนังสือฮีลใจ #ปีศาจตัวนั้นคือฉันเอง #หนังสือขายดี #MAYI #เมไอ #ฮีลใจ #พัฒนาตัวเอง
ไม่ระบุ,7524332866554105105,2025-07-07,Boxset หนังสือวันไหนที่ใจแข็งแรง ดอกไม้จะผลิบาน (The Enchanted Garden) ฟรีของแถมใน Boxset ทุกเซ็ต,0.0,0,0.0,0.0,#วันไหนที่ใจแข็งแรงดอกไม้จะผลิบาน  หนังสือที่จะทำให้คุณเข้าใจความสัมพันธ์และรักตัวเองมากขึ้น 🫶🏻 #ประโยคฮีลใจ #opendurianhowto #howto #books #vibes #หนังสือฮีลใจ #หนังสือเล่มโปรด #รักตัวเอง #ดอกไม้ #มินิมอล 
ไม่ระบุ,7524332866554105105,2025-07-07,หนังสือวันไหนที่ใจแข็งแรง ดอกไม้จะผลิบาน (The Enchanted Garden),0.0,0,0.0,0.0,#วันไหนที่ใจแข็งแรงดอกไม้จะผลิบาน  หนังสือที่จะทำให้คุณเข้าใจความสัมพันธ์และรักตัวเองมากขึ้น 🫶🏻 #ประโยคฮีลใจ #opendurianhowto #howto #books #vibes #หนังสือฮีลใจ #หนังสือเล่มโปรด #รักตัวเอง #ดอกไม้ #มินิมอล 
ริว,7523472146673175816,2025-07-05,โอบกอดความไม่สมบูรณ์แบบของเธอ (Embrace Your Flaws),0.0,0,0.0,0.0,เราเป็นมนุษย์…🤍  #opendurianhowto #O#OpenDurianBooksโ#โอบกอดความไม่สมบูรณ์แบบของเธอห#หนังสือB#Booksห#หนังสือฮีลใจหนังสือพัฒนาตัวเอง #เธรดความรู้สึก #เธรดเศร้า #เธรด
ไม่ระบุ,7523089701310319893,2025-07-04,โอบกอดความไม่สมบูรณ์แบบของเธอ (Embrace Your Flaws),0.0,0,0.0,0.0,ถ้าเปรียบหนังสือเล่มหนึ่ง (เหมือนกับทะเล) …ก็คงจะเป็นหนังสือเล่มนี้  #โอบกอดความไม่สมบูรณ์แบบของเธอ  #opendurianhowto #howto #books #vibes #sea #ทะเล #หนังสือฮีลใจ #imminimus #หนังสือเล่มโปรด #รักตัวเอง #ไม่สมบูรณ์แบบ 
ริว,7523028265158692103,2025-07-04,หนังสือ Ghostly Brews ยินดีบริการดวงวิญญาณหลังเที่ยงคืน by หมึกซึม,0.0,0,0.0,0.0,📌 หนังสือฮีลใจแห่งปี #ยอดขายอันดับ1 🌟🌟🌟 #opendurianhowto #OpenDurianBooks #หนังสือ #หนังสือGhostlyBrews #GhostlyBrews #ยินดีบริการดวงวิญญาณหลังเที่ยงคืน #หมึกซึม #Books #หนังสือการ์ตูน #comic #หนังสือฮีลใจ #หนังสือพัฒนาตัวเอง
ริว,7522467106663828743,2025-07-02,หนังสือ ทุกความทรงจำคือของขวัญจากวันวาน,0.0,0,0.0,0.0,📌 7.7 ลดกระหน่ำยกร้าน‼️ ลดสูงสุดถึง 20 % ทุกสินค้าในร้าน✨ รีบกดให้ไว้ก่อนหมดโปร 5-7 ก.ค. 68 😱🥰 #TikTokShop77แบรนด์แท้หั่นราคา #ช้อปก่อนใครที่TikTokShop #TikTokShopTH #opendurianhowto #books #หนังสือฮีลใจ
ริว,7522467106663828743,2025-07-02,หนังสือ The Witches' Club ชมรมลับเปลี่ยนชีวิต,0.0,0,0.0,0.0,📌 7.7 ลดกระหน่ำยกร้าน‼️ ลดสูงสุดถึง 20 % ทุกสินค้าในร้าน✨ รีบกดให้ไว้ก่อนหมดโปร 5-7 ก.ค. 68 😱🥰 #TikTokShop77แบรนด์แท้หั่นราคา #ช้อปก่อนใครที่TikTokShop #TikTokShopTH #opendurianhowto #books #หนังสือฮีลใจ
ริว,7522467106663828743,2025-07-02,BOXSET The Witches' Club ชมรมลับเปลี่ยนชีวิต,0.0,0,0.0,0.0,📌 7.7 ลดกระหน่ำยกร้าน‼️ ลดสูงสุดถึง 20 % ทุกสินค้าในร้าน✨ รีบกดให้ไว้ก่อนหมดโปร 5-7 ก.ค. 68 😱🥰 #TikTokShop77แบรนด์แท้หั่นราคา #ช้อปก่อนใครที่TikTokShop #TikTokShopTH #opendurianhowto #books #หนังสือฮีลใจ
ริว,7522467106663828743,2025-07-02,หนังสือ ขอใช้ชีวิตที่เหลือ เพื่อตัวเองนะ,0.0,0,0.0,0.0,📌 7.7 ลดกระหน่ำยกร้าน‼️ ลดสูงสุดถึง 20 % ทุกสินค้าในร้าน✨ รีบกดให้ไว้ก่อนหมดโปร 5-7 ก.ค. 68 😱🥰 #TikTokShop77แบรนด์แท้หั่นราคา #ช้อปก่อนใครที่TikTokShop #TikTokShopTH #opendurianhowto #books #หนังสือฮีลใจ
ริว,7522467106663828743,2025-07-02,หนังสือ ยินดีต้อนรับและขอบคุณที่กลับมา,0.0,0,0.0,0.0,📌 7.7 ลดกระหน่ำยกร้าน‼️ ลดสูงสุดถึง 20 % ทุกสินค้าในร้าน✨ รีบกดให้ไว้ก่อนหมดโปร 5-7 ก.ค. 68 😱🥰 #TikTokShop77แบรนด์แท้หั่นราคา #ช้อปก่อนใครที่TikTokShop #TikTokShopTH #opendurianhowto #books #หนังสือฮีลใจ
ริว,7522467106663828743,2025-07-02,หนังสือ ฉันจะมีชีวิตที่ดี (นักเขียนนามปากกา คิดมาก),0.0,0,0.0,0.0,📌 7.7 ลดกระหน่ำยกร้าน‼️ ลดสูงสุดถึง 20 % ทุกสินค้าในร้าน✨ รีบกดให้ไว้ก่อนหมดโปร 5-7 ก.ค. 68 😱🥰 #TikTokShop77แบรนด์แท้หั่นราคา #ช้อปก่อนใครที่TikTokShop #TikTokShopTH #opendurianhowto #books #หนังสือฮีลใจ
ริว,7522467106663828743,2025-07-02,หนังสือ ความลับสู่เงินล้านที่โรงเรียนไม่เคยสอน (The Millionaire's Top Secret),0.0,0,0.0,0.0,📌 7.7 ลดกระหน่ำยกร้าน‼️ ลดสูงสุดถึง 20 % ทุกสินค้าในร้าน✨ รีบกดให้ไว้ก่อนหมดโปร 5-7 ก.ค. 68 😱🥰 #TikTokShop77แบรนด์แท้หั่นราคา #ช้อปก่อนใครที่TikTokShop #TikTokShopTH #opendurianhowto #books #หนังสือฮีลใจ
ริว,7522467106663828743,2025-07-02,หนังสือ Ghostly Brews ยินดีบริการดวงวิญญาณหลังเที่ยงคืน by หมึกซึม,0.0,0,0.0,0.0,📌 7.7 ลดกระหน่ำยกร้าน‼️ ลดสูงสุดถึง 20 % ทุกสินค้าในร้าน✨ รีบกดให้ไว้ก่อนหมดโปร 5-7 ก.ค. 68 😱🥰 #TikTokShop77แบรนด์แท้หั่นราคา #ช้อปก่อนใครที่TikTokShop #TikTokShopTH #opendurianhowto #books #หนังสือฮีลใจ
ริว,7522467106663828743,2025-07-02,โอบกอดความไม่สมบูรณ์แบบของเธอ (Embrace Your Flaws),0.0,0,0.0,0.0,📌 7.7 ลดกระหน่ำยกร้าน‼️ ลดสูงสุดถึง 20 % ทุกสินค้าในร้าน✨ รีบกดให้ไว้ก่อนหมดโปร 5-7 ก.ค. 68 😱🥰 #TikTokShop77แบรนด์แท้หั่นราคา #ช้อปก่อนใครที่TikTokShop #TikTokShopTH #opendurianhowto #books #หนังสือฮีลใจ
ริว,7522467106663828743,2025-07-02,[สุดคุ้ม] หนังสือ ปีศาจตัวนั้น คือฉันเอง A Guide to Fight the Demons in My Heart,0.0,0,0.0,0.0,📌 7.7 ลดกระหน่ำยกร้าน‼️ ลดสูงสุดถึง 20 % ทุกสินค้าในร้าน✨ รีบกดให้ไว้ก่อนหมดโปร 5-7 ก.ค. 68 😱🥰 #TikTokShop77แบรนด์แท้หั่นราคา #ช้อปก่อนใครที่TikTokShop #TikTokShopTH #opendurianhowto #books #หนังสือฮีลใจ
ริว,7522421943778249992,2025-07-02,หนังสือ Ghostly Brews ยินดีบริการดวงวิญญาณหลังเที่ยงคืน by หมึกซึม,0.0,0,0.0,0.0,ณ ย่านเมืองเก่าที่มีร้านกาแฟร้านนึงเปิดหลังเที่ยงคืน แต่ลูกค้าในร้านจะไม่พูดอะไรกับคุณเลย 😱#opendurianhowto #OpenDurianBooks #หนังสือ #หนังสือGhostlyBrews #GhostlyBrews #ยินดีบริการดวงวิญญาณหลังเที่ยงคืน #หมึกซึม #Books #หนังสือการ์ตูน #comic #หนังสือฮีลใจ #หนังสือพัฒนาตัวเอง
ไม่ระบุ,7522108386008108309,2025-07-01,หนังสือ กว่าจะคิดได้ก็ไม่มีลมหายใจแล้ว (It Is Never Too Late to Love Yourself),0.0,0,0.0,0.0,5 ข้อห้าม อย่าคิดลบกับตัวเอง ถ้าไม่อยากเสียใจไปตลอดชีวิต… #กว่าจะคิดได้ก็ไม่มีลมหายใจแล้ว  #opendurianhowto #howto #หนังสือเล่มโปรด #หนังสือฮีลใจ #books #รักตัวเอง #ประโยคฮีลใจ  
ริว,7522076211338611976,2025-07-01,หนังสือ ยินดีต้อนรับและขอบคุณที่กลับมา,0.0,0,0.0,0.0,ข้อความถึง ‘คนไกลบ้าน’ 🏠🤍 #opendurianhowto #OpenDurianBooks #ยินดีต้อนรับและขอบคุณที่กลับมา #หนังสือ #Books #หนังสือฮีลใจ #หนังสือพัฒนาตัวเอง
ริว,7522053712739683602,2025-07-01,[พร้อมส่ง] หนังสือถ้าโลกมันแย่ ก็แค่คิดแบบคาปิบาร่า (Think Like a Happybara),0.0,0,0.0,0.0,POV : เพื่อนที่ชอบบ่นว่าอยากมีแฟน 🦫😂 #ถ้าโลกมันแย่แค่คิดแบบคาปิบาร่า #happybara #พิชิตเรื่องแย่จากแนวคิดของคาปิบาร่า #opendurianhowto #opendurianbooks #หนังสือพัฒนาตัวเอง #หนังสือฮีลใจ #หนังสือขายดี #ฮีลใจ #พัฒนาตัวเอง
ไม่ระบุ,7521948440104815893,2025-07-01,[พร้อมส่ง] หนังสือปีศาจตัวนั้น คือฉันเอง A Guide to Fighting the Demons in My Heart,0.0,0,0.0,0.0,คำพูดฮีลใจ #คนไม่มั่นใจในตัวเอง :)  #opendurianhowto #howto #ปีศาจตัวนั้นคือฉันเอง #หนังสือเล่มโปรด #หนังสือฮีลใจ #books #booktok #ไม่มั่นใจในตัวเอง 
ริว,7521927411064163592,2025-07-01,BOXSET The Witches' Club ชมรมลับเปลี่ยนชีวิต,0.0,0,0.0,0.0,ไพ่อยากจะบอกอะไรกับคุณ เลือก 1 ใบที่ใช่สำหรับคุณ🔮🌟 #ดูดวง #ทำนายดวง #opendurianhowto #opendurianbooks #หนังสือพัฒนาตัวเอง #หนังสือฮีลใจ #หนังสือขายดี #TheWitchesClubชมรมลับเปลี่ยนชีวิต #MAYI #เมไอ #ฮีลใจ #พัฒนาตัวเอง
ไม่ระบุ,7520998696146799889,2025-06-28,หนังสือ Ghostly Brews ยินดีบริการดวงวิญญาณหลังเที่ยงคืน by หมึกซึม,0.0,0,0.0,0.0,สิ่งที่หนังสือเล่มนี้อยากพูดถึง คือความรู้สึกที่หล่นหาวระหว่างการเดินทางของชีวิต ☕️ #ghostlybrews #ยินดีบริการดวงวิญญาณหลังเที่ยง #opendurianhowto #books #howto #หนังสือเล่มโปรด #รักตัวเอง #moveon 
ไม่ระบุ,7520631705347099925,2025-06-27,หนังสือ Ghostly Brews ยินดีบริการดวงวิญญาณหลังเที่ยงคืน by หมึกซึม,0.0,0,0.0,0.0,ชอบใครในหนังสือเล่มนี้บ้าง  Comment บอกกันหน่อยน้าาา☕️ #ghostlybrews #ยินดีบริการดวงวิญญาณหลังเที่ยง #opendurianhowto #books #howto #หนังสือเล่มโปรด #ตัวละคร #รักตัวเอง #moveon 
ไม่ระบุ,7520582641012231440,2025-06-27,โอบกอดความไม่สมบูรณ์แบบของเธอ (Embrace Your Flaws),0.0,0,0.0,0.0,บทที่ 24 : อาจไม่มีใครอยากเลิกรา  #โอบกอดความไม่สมบูรณ์แบบของเธอ   #opendurianhowto #books #howto #หนังสือเล่มโปรด #ประโยคฮีลใจ #รักตัวเอง #booktok #หนังสือฮีลใจ 
ริว,7520565125758143751,2025-06-27,BOXSET The Witches' Club ชมรมลับเปลี่ยนชีวิต,0.0,0,0.0,0.0,🔮 สายมู ‘อยากมีชีวิตดี’ หยุดฟัง‼️ #opendurianhowto #opendurianbooks #หนังสือพัฒนาตัวเอง #หนังสือฮีลใจ #หนังสือขายดี #TheWitchesClubชมรมลับเปลี่ยนชีวิต #MAYI #เมไอ #ฮีลใจ #พัฒนาตัวเอง
ริว,7520552246090763528,2025-06-27,หนังสือ ยินดีต้อนรับและขอบคุณที่กลับมา,0.0,0,0.0,0.0,หนังสือที่อ่านแล้ว ‘เหมือนได้กลับบ้าน’ 🤍🏠#opendurianhowto #OpenDurianBooks #ยินดีต้อนรับและขอบคุณที่กลับมา #หนังสือ #Books #หนังสือฮีลใจ #หนังสือพัฒนาตัวเอง
ริว,7520257474801274130,2025-06-26,[สุดคุ้ม] หนังสือ ปีศาจตัวนั้น คือฉันเอง A Guide to Fight the Demons in My Heart,0.0,0,0.0,0.0,ฉันที่อยากลาออก แต่ไม่กล้า 🫦#opendurianhowto #opendurianbooks #หนังสือพัฒนาตัวเอง #หนังสือฮีลใจ #ปีศาจตัวนั้นคือฉันเอง #หนังสือขายดี #MAYI #เมไอ #ฮีลใจ #พัฒนาตัวเอง
ริว,7520227915951361298,2025-06-26,หนังสือ ขอใช้ชีวิตที่เหลือ เพื่อตัวเองนะ,0.0,0,0.0,0.0,ไม่ว่าโลกจะใจร้ายกับเราแค่ไหน… #opendurianhowto #OpenDurianBooks #ขอใช้ชีวิตที่เหลือเพื่อตัวเองนะ #หนังสือ #Books #หนังสือฮีลใจ #หนังสือพัฒนาตัวเอง
ไม่ระบุ,7520226989664406805,2025-06-26,หนังสือ The Witches' Club ชมรมลับเปลี่ยนชีวิต,0.0,0,0.0,0.0,แล้วเพื่อน ๆ ล่ะ 🔮 อ่านแล้วชอบประโยคไหนในหนังสือ #thewitchesclubชมรมลับเปลี่ยนชีวิต   อย่าลืม Comment มาบอกกันน้าา :) #opendurianhowto  #หนังสือเล่มใหม่ #books #opendurianbooks #รักตัวเอง #สัมภาษณ์ #ประโยคฮีลใจ 
ไม่ระบุ,7520226989664406805,2025-06-26,BOXSET The Witches' Club ชมรมลับเปลี่ยนชีวิต,0.0,0,0.0,0.0,แล้วเพื่อน ๆ ล่ะ 🔮 อ่านแล้วชอบประโยคไหนในหนังสือ #thewitchesclubชมรมลับเปลี่ยนชีวิต   อย่าลืม Comment มาบอกกันน้าา :) #opendurianhowto  #หนังสือเล่มใหม่ #books #opendurianbooks #รักตัวเอง #สัมภาษณ์ #ประโยคฮีลใจ 
ไม่ระบุ,7520182141934701844,2025-06-26,หนังสือ ขอใช้ชีวิตที่เหลือ เพื่อตัวเองนะ,0.0,0,0.0,0.0,“อยากจะทำอะไรก็ทำเลย เพราะพรุ่งนี้ที่รออาจจะมาไม่ถึงแล้วก็ได้” :) หนึ่งในประโยคในหนังสือ 📚 #ขอใช้ชีวิตที่เหลือเพื่อตัวเองนะ #คิ้วต่ำ  #opendurianhowto #หนังสือเล่มใหม่ #books #หนังสือเล่มโปรด #opendurianbooks #รักตัวเอง #ประโยคฮีลใจ 
ริว,7519864491295755528,2025-06-25,โอบกอดความไม่สมบูรณ์แบบของเธอ (Embrace Your Flaws),0.0,0,0.0,0.0,รู้สึกว่าดีไม่พอ จนอยากหายไปจากโลกใบนี้😭 #โอบกอดความไม่สมบูรณ์แบบของเธอ #opendurianhowto #OpenDurianBooks #หนังสือ #Books #หนังสือฮีลใจ #หนังสือพัฒนาตัวเอง 
ริว,7519828061630516487,2025-06-25,หนังสือ Ghostly Brews ยินดีบริการดวงวิญญาณหลังเที่ยงคืน by หมึกซึม,0.0,0,0.0,0.0,ถ้าไม่อยากเป็นแบบนี้😭 อย่าอ่านเล่มนี้‼️ #opendurianhowto #OpenDurianBooks #หนังสือ #หนังสือGhostlyBrews #GhostlyBrews #ยินดีบริการดวงวิญญาณหลังเที่ยงคืน #หมึกซึม #Books #หนังสือการ์ตูน #comic #หนังสือฮีลใจ #หนังสือพัฒนาตัวเอง 
ไม่ระบุ,7519718686052125973,2025-06-25,[สุดคุ้ม] หนังสือ ปีศาจตัวนั้น คือฉันเอง A Guide to Fight the Demons in My Heart,0.0,0,0.0,0.0,ปีศาจตัวนั้นคือฉันเอง❤️ หนังสือที่อยากบอกคุณว่า… #opendurianhowto #ปีศาจตัวนั้นคือฉันเอง #booktok #books #หนังสือฮีลใจ #รักตัวเอง #ประโยคฮีลใจ #howto 
ไม่ระบุ,7519717889813843218,2025-06-25,หนังสือ ทุกความทรงจำคือของขวัญจากวันวาน,0.0,0,0.0,0.0,Payday นี้ ฮีลใจลดยกร้าน‼️ ลดสูงสุด 200 บาท (สูงสุด 15%)  *เมื่อซื้อสินค้าขั้นต่ำ 300 บาท*  #GhostlyBrews #opendurianhowto #ยินดีบริการดวงวิญญาณหลังเที่ยงคืน #books #howto #opendurianbooks #หนังสือเล่มใหม่ #หนังสือฮีลใจ #booktok 
ไม่ระบุ,7519717889813843218,2025-06-25,หนังสือ The Witches' Club ชมรมลับเปลี่ยนชีวิต,0.0,0,0.0,0.0,Payday นี้ ฮีลใจลดยกร้าน‼️ ลดสูงสุด 200 บาท (สูงสุด 15%)  *เมื่อซื้อสินค้าขั้นต่ำ 300 บาท*  #GhostlyBrews #opendurianhowto #ยินดีบริการดวงวิญญาณหลังเที่ยงคืน #books #howto #opendurianbooks #หนังสือเล่มใหม่ #หนังสือฮีลใจ #booktok 
ไม่ระบุ,7519717889813843218,2025-06-25,BOXSET The Witches' Club ชมรมลับเปลี่ยนชีวิต,0.0,0,0.0,0.0,Payday นี้ ฮีลใจลดยกร้าน‼️ ลดสูงสุด 200 บาท (สูงสุด 15%)  *เมื่อซื้อสินค้าขั้นต่ำ 300 บาท*  #GhostlyBrews #opendurianhowto #ยินดีบริการดวงวิญญาณหลังเที่ยงคืน #books #howto #opendurianbooks #หนังสือเล่มใหม่ #หนังสือฮีลใจ #booktok 
ไม่ระบุ,7519717889813843218,2025-06-25,หนังสือ ขอใช้ชีวิตที่เหลือ เพื่อตัวเองนะ,0.0,0,0.0,0.0,Payday นี้ ฮีลใจลดยกร้าน‼️ ลดสูงสุด 200 บาท (สูงสุด 15%)  *เมื่อซื้อสินค้าขั้นต่ำ 300 บาท*  #GhostlyBrews #opendurianhowto #ยินดีบริการดวงวิญญาณหลังเที่ยงคืน #books #howto #opendurianbooks #หนังสือเล่มใหม่ #หนังสือฮีลใจ #booktok 
ไม่ระบุ,7519717889813843218,2025-06-25,หนังสือ ยินดีต้อนรับและขอบคุณที่กลับมา,0.0,0,0.0,0.0,Payday นี้ ฮีลใจลดยกร้าน‼️ ลดสูงสุด 200 บาท (สูงสุด 15%)  *เมื่อซื้อสินค้าขั้นต่ำ 300 บาท*  #GhostlyBrews #opendurianhowto #ยินดีบริการดวงวิญญาณหลังเที่ยงคืน #books #howto #opendurianbooks #หนังสือเล่มใหม่ #หนังสือฮีลใจ #booktok 
ไม่ระบุ,7519717889813843218,2025-06-25,หนังสือ ฉันจะมีชีวิตที่ดี (นักเขียนนามปากกา คิดมาก),0.0,0,0.0,0.0,Payday นี้ ฮีลใจลดยกร้าน‼️ ลดสูงสุด 200 บาท (สูงสุด 15%)  *เมื่อซื้อสินค้าขั้นต่ำ 300 บาท*  #GhostlyBrews #opendurianhowto #ยินดีบริการดวงวิญญาณหลังเที่ยงคืน #books #howto #opendurianbooks #หนังสือเล่มใหม่ #หนังสือฮีลใจ #booktok 
ไม่ระบุ,7519717889813843218,2025-06-25,หนังสือ ความลับสู่เงินล้านที่โรงเรียนไม่เคยสอน (The Millionaire's Top Secret),0.0,0,0.0,0.0,Payday นี้ ฮีลใจลดยกร้าน‼️ ลดสูงสุด 200 บาท (สูงสุด 15%)  *เมื่อซื้อสินค้าขั้นต่ำ 300 บาท*  #GhostlyBrews #opendurianhowto #ยินดีบริการดวงวิญญาณหลังเที่ยงคืน #books #howto #opendurianbooks #หนังสือเล่มใหม่ #หนังสือฮีลใจ #booktok 
ไม่ระบุ,7519717889813843218,2025-06-25,หนังสือ Ghostly Brews ยินดีบริการดวงวิญญาณหลังเที่ยงคืน by หมึกซึม,0.0,0,0.0,0.0,Payday นี้ ฮีลใจลดยกร้าน‼️ ลดสูงสุด 200 บาท (สูงสุด 15%)  *เมื่อซื้อสินค้าขั้นต่ำ 300 บาท*  #GhostlyBrews #opendurianhowto #ยินดีบริการดวงวิญญาณหลังเที่ยงคืน #books #howto #opendurianbooks #หนังสือเล่มใหม่ #หนังสือฮีลใจ #booktok 
ไม่ระบุ,7519717889813843218,2025-06-25,โอบกอดความไม่สมบูรณ์แบบของเธอ (Embrace Your Flaws),0.0,0,0.0,0.0,Payday นี้ ฮีลใจลดยกร้าน‼️ ลดสูงสุด 200 บาท (สูงสุด 15%)  *เมื่อซื้อสินค้าขั้นต่ำ 300 บาท*  #GhostlyBrews #opendurianhowto #ยินดีบริการดวงวิญญาณหลังเที่ยงคืน #books #howto #opendurianbooks #หนังสือเล่มใหม่ #หนังสือฮีลใจ #booktok 
ไม่ระบุ,7519717889813843218,2025-06-25,[สุดคุ้ม] หนังสือ ปีศาจตัวนั้น คือฉันเอง A Guide to Fight the Demons in My Heart,0.0,0,0.0,0.0,Payday นี้ ฮีลใจลดยกร้าน‼️ ลดสูงสุด 200 บาท (สูงสุด 15%)  *เมื่อซื้อสินค้าขั้นต่ำ 300 บาท*  #GhostlyBrews #opendurianhowto #ยินดีบริการดวงวิญญาณหลังเที่ยงคืน #books #howto #opendurianbooks #หนังสือเล่มใหม่ #หนังสือฮีลใจ #booktok 
ริว,7519471348750585096,2025-06-24,หนังสือ Ghostly Brews ยินดีบริการดวงวิญญาณหลังเที่ยงคืน by หมึกซึม,0.0,0,0.0,0.0,ถ้าคืนนี้คือคืนสุดท้ายของคุณ ก่อนหายไปตลอดกาล🤍 #opendurianhowto #OpenDurianBooks #หนังสือ #หนังสือGhostlyBrews #GhostlyBrews #ยินดีบริการดวงวิญญาณหลังเที่ยงคืน #หมึกซึม #Books #หนังสือการ์ตูน #comic #หนังสือฮีลใจ #หนังสือพัฒนาตัวเอง 
ไม่ระบุ,7519149540100869397,2025-06-23,หนังสือ Ghostly Brews ยินดีบริการดวงวิญญาณหลังเที่ยงคืน by หมึกซึม,0.0,0,0.0,0.0,หนังสือการ์ตูนฮีลใจเล่มแรกของ ☕️ #opendurianhowto  #GhostlyBrews  #ยินดีบริการดวงวิญญาณหลังเที่ยงคืน #books #howto #หนังสือเล่มโปรด #opendurianbooks #หมึกซึม #ประโยคฮีลใจ #เล่มใหม่ 
ไม่ระบุ,7519098789404167444,2025-06-23,หนังสือ The Witches' Club ชมรมลับเปลี่ยนชีวิต,0.0,0,0.0,0.0,📌แนะนำหนังสือฮีลใจ  ฟีลได้คุยกับกับเพื่อนสนิท  เพิ่มพลังบวก 300% 🔮 #opendurianhowto #หนังสือฮีลใจ #books #howto #รักตัวเอง #หนังสือเล่มโปรด #opendurianbooks #thewitchesclubชมรมลับเปลี่ยนชีวิต 
ไม่ระบุ,7519098789404167444,2025-06-23,BOXSET The Witches' Club ชมรมลับเปลี่ยนชีวิต,0.0,0,0.0,0.0,📌แนะนำหนังสือฮีลใจ  ฟีลได้คุยกับกับเพื่อนสนิท  เพิ่มพลังบวก 300% 🔮 #opendurianhowto #หนังสือฮีลใจ #books #howto #รักตัวเอง #หนังสือเล่มโปรด #opendurianbooks #thewitchesclubชมรมลับเปลี่ยนชีวิต 
ไม่ระบุ,7518976176820358420,2025-06-23,หนังสือ Ghostly Brews ยินดีบริการดวงวิญญาณหลังเที่ยงคืน by หมึกซึม,0.0,0,0.0,0.0,สิ่งที่หนังสือเล่มนี้อยากมอบให้ เมื่อคุณได้เปิดอ่าน… 📚 #ghostlybrews #ยินดีบริการดวงวิญญาณหลังเที่ยงคืน #หมึกซึม #books #หนังสือฮีลใจ 
ไม่ระบุ,7518973272608804117,2025-06-23,หนังสือ ทุกความทรงจำคือของขวัญจากวันวาน,0.0,0,0.0,0.0,หนังสือที่ช่วยให้ชีวิตดีขึ้น 100%  #ทุกความทรงจำคือของขวัญจากวันวาน #whenimfeeeling  #opendurianhowto #เล่มใหม่ #หนังสือฮีลใจ #รักตัวเอง #หนังสือเล่มโปรด #books #หมึกซึม #ประโยคฮีลใจ 
ไม่ระบุ,7518969947066764561,2025-06-23,หนังสือ ทุกความทรงจำคือของขวัญจากวันวาน,0.0,0,0.0,0.0,ถ้าคุณยิ้มได้กับตัวเองมากขึ้น✨ เพราะหนังสือเล่มนี้ #สัญญานะว่าจะยิ้มให้กับตัวเอง  …เราขอให้คุณมาเติมเต็มหัวใจ กับหนังสือเล่มใหม่จาก #whenimfeeeling  #ทุกความทรงจำคือของขวัญจากวันวาน  ##opendurianhowto #เล่มใหม่ #หนังสือฮีลใจ #books #หนังสือเล่มใหม่ #รักตัวเอง 
ริว,7518712582035868935,2025-06-22,[พร้อมส่ง] Box set หนังสือถ้าโลกมันแย่ ก็แค่คิดแบบคาปิบาร่า (Think Like a Happybara),0.0,0,0.0,0.0,✨ไม่ว่าชีวิตจะแย่แค่ไหน แค่คิดแบบคาปิบาร่า🦫 ก็ไม่มีอะไรทำเราได้🥰 #ถ้าโลกมันแย่แค่คิดแบบคาปิบาร่า #happybara #พิชิตเรื่องแย่จากแนวคิดของคาปิบาร่า #opendurianhowto #opendurianbooks #หนังสือพัฒนาตัวเอง #หนังสือฮีลใจ #หนังสือขายดี #ฮีลใจ #พัฒนาตัวเอง
ริว,7518712582035868935,2025-06-22,[พร้อมส่ง] หนังสือถ้าโลกมันแย่ ก็แค่คิดแบบคาปิบาร่า (Think Like a Happybara),0.0,0,0.0,0.0,✨ไม่ว่าชีวิตจะแย่แค่ไหน แค่คิดแบบคาปิบาร่า🦫 ก็ไม่มีอะไรทำเราได้🥰 #ถ้าโลกมันแย่แค่คิดแบบคาปิบาร่า #happybara #พิชิตเรื่องแย่จากแนวคิดของคาปิบาร่า #opendurianhowto #opendurianbooks #หนังสือพัฒนาตัวเอง #หนังสือฮีลใจ #หนังสือขายดี #ฮีลใจ #พัฒนาตัวเอง
ริว,7518340381755411730,2025-06-21,หนังสือ Ghostly Brews ยินดีบริการดวงวิญญาณหลังเที่ยงคืน by หมึกซึม,0.0,0,0.0,0.0,คุณโทษตัวเอง…เพราะแค่คุณเหนื่อยไหม #opendurianhowto #opendurianbooks #หนังสือพัฒนาตัวเอง #หนังสือฮีลใจ #ปีศาจตัวนั้นคือฉันเอง #หนังสือขายดี #MAYI #เมไอ #ฮีลใจ #พัฒนาตัวเอง
ไม่ระบุ,7518045456606317844,2025-06-20,หนังสือ Ghostly Brews ยินดีบริการดวงวิญญาณหลังเที่ยงคืน by หมึกซึม,0.0,0,0.0,0.0,ใครที่ตั้งคำถามกับตัวเอง  ว่าทุกวันนี้ “มีชีวิตอยู่ไปเพื่ออะไร” อยากให้ลองเปิดใจอ่านหนังสือเล่มนี้ดู ☕️ #ghostlybrews #ยินดีบริการดวงวิญญาณหลังเที่ยง #หนังสือเล่มโปรด #เล่มใหม่ #หมึกซึม #หนังสือฮีลใจ #books #opendurianhowto 
ริว,7517970111949458695,2025-06-20,BOXSET The Witches' Club ชมรมลับเปลี่ยนชีวิต,0.0,0,0.0,0.0,ประโยคเดียว…ในหนังสือที่จะ ‘เปลี่ยนชีวิต‘ คุณไปตลอดกาล 🤍 #opendurianhowto #opendurianbooks #หนังสือพัฒนาตัวเอง #หนังสือฮีลใจ #หนังสือขายดี #TheWitchesClubชมรมลับเปลี่ยนชีวิต #MAYI #เมไอ #ฮีลใจ #พัฒนาตัวเอง
ไม่ระบุ,7517549301942209813,2025-06-19,หนังสือ Ghostly Brews ยินดีบริการดวงวิญญาณหลังเที่ยงคืน by หมึกซึม,0.0,0,0.0,0.0,บทแรกทำเอาร้องไห้หนักมาก 🥲 #ทาสแมว ใจบาง ไหนใครร้องไห้กับเรื่องนี้บ้าง🥺 Comment บอกกันหน่อยนะ ;) #opendurianhowto #ghostlybrews #ยินดีบริการดวงวิญญาณหลังเที่ยงคืน #หนังสือฮีลใจ #หนังสือเล่มใหม่ #หมึกซึม #commic #รักตัวเอง #opendurianbooks #Books #รักตัวเอง 
ไม่ระบุ,7517255017645018384,2025-06-18,[สุดคุ้ม] หนังสือ ปีศาจตัวนั้น คือฉันเอง A Guide to Fight the Demons in My Heart,0.0,0,0.0,0.0,✨หนังสือที่ทำให้เรา กลับมาเห็นคุณค่าตัวเองมากขึ้น💖 #ปีศาจตัวนั้นคือฉันเอง #opendurianhowto #รักตัวเอง #หนังสือฮีลใจ #opendurianbooks #books #ประโยคฮีลใจ 
ริว,7517228324637396242,2025-06-18,หนังสือ Ghostly Brews ยินดีบริการดวงวิญญาณหลังเที่ยงคืน by หมึกซึม,0.0,0,0.0,0.0,บทสนทนาของคนที่ไม่มีโอกาสพูดอีกแล้ว…อาจกลายเป็นเสียงที่ทำให้เราฟังหัวใจตัวเองชัดขึ้น 🤍    #opendurianhowto #OpenDurianBooks #หนังสือ #หนังสือGhostlyBrews #GhostlyBrews #ยินดีบริการดวงวิญญาณหลังเที่ยงคืน #หมึกซึม #Books #หนังสือการ์ตูน #comic #หนังสือฮีลใจ #หนังสือพัฒนาตัวเอง
ไม่ระบุ,7517144160458099976,2025-06-18,BOXSET The Witches' Club ชมรมลับเปลี่ยนชีวิต,0.0,0,0.0,0.0,“ไม่ว่าเราจะรู้สึกไม่มั่นใจในตัวเองมากแค่ไหน อย่าบั่นทอนใจด้วยคำพูดแย่ ๆ ที่เกิดขึ้นกับตัวเอง”  :) #opendurianhowto #thewitchesclubชมรมลับเปลี่ยนชีวิต #รักตัวเอง #แมว #ประโยคฮีลใจ #หนังสือฮีลใจ #books #ขึ้นฟีดเถอะ 
ไม่ระบุ,7517144160458099976,2025-06-18,หนังสือ The Witches' Club ชมรมลับเปลี่ยนชีวิต [2],0.0,0,0.0,0.0,“ไม่ว่าเราจะรู้สึกไม่มั่นใจในตัวเองมากแค่ไหน อย่าบั่นทอนใจด้วยคำพูดแย่ ๆ ที่เกิดขึ้นกับตัวเอง”  :) #opendurianhowto #thewitchesclubชมรมลับเปลี่ยนชีวิต #รักตัวเอง #แมว #ประโยคฮีลใจ #หนังสือฮีลใจ #books #ขึ้นฟีดเถอะ 
ริว,7516857881405164808,2025-06-17,หนังสือ Ghostly Brews ยินดีบริการดวงวิญญาณหลังเที่ยงคืน by หมึกซึม,0.0,0,3.2,0.0,ขอยกให้หนังสือเล่มนี้เป็นหนังสือที่เล่นกับใจคนอ่านมากที่สุดเล่มนึงของปีนี้เลย 🥹 #opendurianhowto #OpenDurianBooks #หนังสือ #หนังสือGhostlyBrews #GhostlyBrews #ยินดีบริการดวงวิญญาณหลังเที่ยงคืน #หมึกซึม #Books #หนังสือการ์ตูน #comic #หนังสือฮีลใจ #หนังสือพัฒนาตัวเอง
ไม่ระบุ,7516806308667051284,2025-06-17,BOXSET The Witches' Club ชมรมลับเปลี่ยนชีวิต,0.0,0,0.0,0.0,หลายคนกลัวการเปลี่ยนแปลง  …ทั้ง ๆ ที่มันยังมาไม่ถึง  #opendurianhowto #thewitchesclubชมรมลับเปลี่ยนชีวิต #Books #ประโยคฮีลใจ #โอบกอดตัวเอง #opendurianbooks #รักตัวเอง #แม่มด #แมว 
ไม่ระบุ,7516806308667051284,2025-06-17,หนังสือ The Witches' Club ชมรมลับเปลี่ยนชีวิต [2],0.0,0,0.0,0.0,หลายคนกลัวการเปลี่ยนแปลง  …ทั้ง ๆ ที่มันยังมาไม่ถึง  #opendurianhowto #thewitchesclubชมรมลับเปลี่ยนชีวิต #Books #ประโยคฮีลใจ #โอบกอดตัวเอง #opendurianbooks #รักตัวเอง #แม่มด #แมว 
ไม่ระบุ,7516450549227638037,2025-06-16,[สุดคุ้ม] หนังสือ ปีศาจตัวนั้น คือฉันเอง A Guide to Fight the Demons in My Heart,0.0,0,0.0,0.0,ปีศาจตัวนั้นคือฉันเอง |  ประโยคที่ช่วยโอบกอด ในวันที่ ”ใจพัง“ :)  #opendurianhowto  #ปีศาจตัวนั้นคือฉันเอง #Books #opendurianbooks #รักตัวเอง #ใจพัง #ประโยคฮีลใจ #โอบกอดตัวเอง 
ไม่ระบุ,7516151325671886101,2025-06-15,โอบกอดความไม่สมบูรณ์แบบของเธอ (Embrace Your Flaws),0.0,0,0.0,0.0,“เพื่อน” คือพื้นที่เล็ก ๆ ที่แบ่งปัน  “ความสุขและความทุกข์” :) #opendurianhowto #Books #รักตัวเอง #หนังสือฮีลใจ #โอบกอดความไม่สมบูรณ์แบบของเธอ #books #opendurianbooks #เพื่อน #imminimus #ขึ้นฟีดเถอะ 
ไม่ระบุ,7516045840285306132,2025-06-15,หนังสือ Ghostly Brews ยินดีบริการดวงวิญญาณหลังเที่ยงคืน by หมึกซึม,0.0,0,0.0,0.0,คุณจะเสียดายอะไรมั้ย☕️ ถ้าวันสุดท้าย … กำลังจะมาถึง #ghostlybrews #ยินดีบริการดวงวิญญาณหลังเที่ยงคืน #หมึกซึม #opendurianhowto #Books #รักตัวเอง #หนังสือฮีลใจ #commic 
ริว,7515371514657590535,2025-06-13,หนังสือ Ghostly Brews ยินดีบริการดวงวิญญาณหลังเที่ยงคืน by หมึกซึม,0.0,0,0.0,0.0,ถ้าคืนนี้เป็นคืนสุดท้ายของชีวิต… คุณจะเลือกทำอะไรหรือคุณอยากจะบอกอะไรกับใครสักคนไหมครับ? #opendurianhowto #OpenDurianBooks #หนังสือ #หนังสือGhostlyBrewsh#GhostlyBrew #ยินดีบริการดวงวิญญาณหลังเที่ยงคืน #หมึกซึม #Books #หนังสือการ์ตูน #comic #หนังสือฮีลใจ #หนังสือพัฒนาตัวเอง 
ไม่ระบุ,7515334181371661589,2025-06-13,[สุดคุ้ม] หนังสือ ปีศาจตัวนั้น คือฉันเอง A Guide to Fight the Demons in My Heart,0.0,0,0.0,0.0,"✨Happy 32nd Year  Anniversary, Naiin 📚 ขอให้นายอินทร์เป็นเหมือนบ้านที่อบอุ่น และเป็นพื้นที่แห่งความรู้และความสุขของนักอ่านและนักเขียนทุกคนต่อไปเรื่อย ๆ นะคะ💖 #นายอินทร์ #32ปีนายอินทร์ #ครบรอบ #ปีศาจตัวนั้นคือฉันเอง #opendurianhowto #naiin #Books #หนังสือฮีลใจ #เมไอ #MAYI  #รักตัวเอง #อวยพร  #นักเขียน "
ไม่ระบุ,7515070980377693460,2025-06-12,หนังสือ Ghostly Brews ยินดีบริการดวงวิญญาณหลังเที่ยงคืน by หมึกซึม,0.0,0,0.0,0.0,✨แรงบันดาลใจในการเขียน #ghostlybrews #ยินดีบริการดวงวิญญาณหลังเที่ยงคืน #หมึกซึม ที่เริ่มต้นจากการ “นั่งร้านกาแฟ” ☕️ #opendurianhowto #รักตัวเอง #Books #หนังสือฮีลใจ #opendurianbooks #สัมภาษณ์ #นักเขียน 
ไม่ระบุ,7514671042959314197,2025-06-11,[พร้อมส่ง] Box set หนังสือถ้าโลกมันแย่ ก็แค่คิดแบบคาปิบาร่า (Think Like a Happybara),0.0,0,0.0,0.0,เคยไหม? หงุดหงิดกับเรื่องพวกนี้‼️ (ไม่เคยมีอะไรได้ดั่งใจสักอย่าง) 🥲 มาเปลี่ยน Mindset มองโลกให้มีความสุขมากขึ้น ผ่านหนังสือเล่มนี้📚 #ถ้าโลกมันแย่ก็แค่คิดแบบคาปิบาร่า #boxsetคาปิบาร่า #books #คาปิบาร่า #capibara #หนังสือฮีลใจ #Books #ป้ายยา #รถติด #เกลียดวันจันทร์ #ฝนตก 
ไม่ระบุ,7514671042959314197,2025-06-11,[พร้อมส่ง] หนังสือถ้าโลกมันแย่ ก็แค่คิดแบบคาปิบาร่า (Think Like a Happybara),0.0,0,0.0,0.0,เคยไหม? หงุดหงิดกับเรื่องพวกนี้‼️ (ไม่เคยมีอะไรได้ดั่งใจสักอย่าง) 🥲 มาเปลี่ยน Mindset มองโลกให้มีความสุขมากขึ้น ผ่านหนังสือเล่มนี้📚 #ถ้าโลกมันแย่ก็แค่คิดแบบคาปิบาร่า #boxsetคาปิบาร่า #books #คาปิบาร่า #capibara #หนังสือฮีลใจ #Books #ป้ายยา #รถติด #เกลียดวันจันทร์ #ฝนตก 
ริว,7514629673293221128,2025-06-11,BOXSET The Witches' Club ชมรมลับเปลี่ยนชีวิต,0.0,0,0.0,0.0,✨ ประโยคในหนังสือ...ที่อ่านแล้ว ทำให้เรา 'ไม่รู้สึกแปลก' 🤍 ##opendurianhowto##opendurianbooks##หนังสือพัฒนาตัวเอง##หนังสือฮีลใจ##หนังสือขายดี##TheWitchesClubชมรมลับเปลี่ยนชีวิต##MAYI##เมไอ##ฮีลใจ#พัฒนาตัวเอง
ไม่ระบุ,7514586207943232788,2025-06-11,[สุดคุ้ม] หนังสือ ปีศาจตัวนั้น คือฉันเอง A Guide to Fight the Demons in My Heart,0.0,0,0.0,0.0,✨Happy Naiin 32th Years🎉 Anniversary 🎂🥳  ขอบคุณ ”คุณเมไอ“ เจ้าของผลงาน  #ปีศาจตัวนั้นคือฉันเอง  ที่มาร่วมมาอวยพรให้กับนายอินทร์💖  “ขอให้นายอินทร์ยังคงเป็นพื้นที่ของความรู้ ความฝันและก็ความสุขของทุก ๆ คนแบบนี้ไปอีกนาน ๆ นะคะ”  #opendurianhowto #นายอินทร์ #32ปีนายอินทร์ #แฮปปี้อินทร์นิเวอร์ซารี #ร้านนายอินทร์ #วันเกิด #หนังสือฮีลใจ #books #รักตัวเอง 
ไม่ระบุ,7514314856112114964,2025-06-10,[สุดคุ้ม] หนังสือ ปีศาจตัวนั้น คือฉันเอง A Guide to Fight the Demons in My Heart,0.0,0,79.78,0.0,หนังสือที่อยากให้ทุกคนได้อ่าน📚 #ปีศาจตัวนั้นคือฉันเอง  #opendurianhowto #opendurianbooks #books #หนังสือใหม่ #หนังสือฮีลใจ #หนังสือพัฒนาตัวเอง #รักตัวเอง #ต้องอ่าน #ป้ายยา #นักอ่าน 
ริว,7514259183336754450,2025-06-10,หนังสือ Ghostly Brews ยินดีบริการดวงวิญญาณหลังเที่ยงคืน by หมึกซึม,0.0,0,0.0,0.0,🌟 หนังสือฮีลใจแห่งปี 1000/10 🤍 #opendurianhowto #OpenDurianBooks #หนังสือ #หนังสือGhostlyBrews #GhostlyBrews #ยินดีบริการดวงวิญญาณหลังเที่ยงคืน #หมึกซึม #Books #หนังสือการ์ตูน #comic #หนังสือฮีลใจ #หนังสือพัฒนาตัวเอง
ริว,7513943331643067666,2025-06-09,[สุดคุ้ม] หนังสือ ปีศาจตัวนั้น คือฉันเอง A Guide to Fight the Demons in My Heart,0.0,0,0.0,0.0,💁🏻‍♀️อ่านหนังสือ ‘ปีศาจตัวนั้น คือฉันเอง‘ อ่านแล้วกลายเป็นคนใหม่✨   #opendurianhowto #opendurianbooks #หนังสือพัฒนาตัวเอง #หนังสือฮีลใจ #ปีศาจตัวนั้นคือฉันเอง #หนังสือขายดี #MAYI #เมไอ #ฮีลใจ #พัฒนาตัวเอง
ไม่ระบุ,7513891183840464149,2025-06-09,หนังสือ The Witches' Club ชมรมลับเปลี่ยนชีวิต,0.0,0,0.0,0.0,หนังสือเล่มไหน?  น่าซื้อที่สุดในตอนนี้ 🔮 ยกให้เป็นเล่มนี้เลย #thewitchesclubชมรมลับเปลี่ยนชีวิต   #opendurianhowto  #opendurianbooks #books #หนังสือใหม่ #ไพ่ดูดวง #ฟีดดดシ #หนังสือฮีลใจ 
ไม่ระบุ,7513891183840464149,2025-06-09,BOXSET The Witches' Club ชมรมลับเปลี่ยนชีวิต,0.0,0,0.0,0.0,หนังสือเล่มไหน?  น่าซื้อที่สุดในตอนนี้ 🔮 ยกให้เป็นเล่มนี้เลย #thewitchesclubชมรมลับเปลี่ยนชีวิต   #opendurianhowto  #opendurianbooks #books #หนังสือใหม่ #ไพ่ดูดวง #ฟีดดดシ #หนังสือฮีลใจ 
ไม่ระบุ,7513483165646851348,2025-06-08,หนังสือ The Witches' Club ชมรมลับเปลี่ยนชีวิต,0.0,0,0.0,0.0,ชอบประโยคไหนในหนังสือกันบ้าง ✨comment มาบอกกันหน่อยน้าา 💖 #thewitchesclubชมรมลับเปลี่ยนชีวิต #Books #ฮีลใจ #หนังสือใหม่ #หนังสือฮีลใจ #หนังสือพัฒนาตัวเอง 
ไม่ระบุ,7513483165646851348,2025-06-08,BOXSET The Witches' Club ชมรมลับเปลี่ยนชีวิต,0.0,0,0.0,0.0,ชอบประโยคไหนในหนังสือกันบ้าง ✨comment มาบอกกันหน่อยน้าา 💖 #thewitchesclubชมรมลับเปลี่ยนชีวิต #Books #ฮีลใจ #หนังสือใหม่ #หนังสือฮีลใจ #หนังสือพัฒนาตัวเอง 
ไม่ระบุ,7513217166427082005,2025-06-07,หนังสือ Ghostly Brews ยินดีบริการดวงวิญญาณหลังเที่ยงคืน by หมึกซึม,0.0,0,0.0,0.0,จะเป็นยังไง☕️ เมื่อชายคนหนึ่งดันไปตกหลุมรักผู้หญิงใบ้ และหลังจากที่เขาขอเธอแต่งงานนั้น ก็เปลี่ยนไปเป็นคนละคน😱 #วิวาห์ครั้งสุดท้าย  #หนังสือGhostlyBrews #GhostlyBrews #ยินดีบริการดวงวิญญาณหลังเที่ยงคืน #books #หนังสือใหม่ #หมึกซึม #หนังสือฮีลใจ #หนังสือพัฒนาตัวเอง #OpenDurianBooks #opendurianhowto 
ริว,7513145570727447816,2025-06-07,หนังสือ The Witches' Club ชมรมลับเปลี่ยนชีวิต,0.0,0,0.0,0.0,✨สายมูและทาสแมวต้องชอบเล่มนี้100% 🔮🐱#opendurianhowto #opendurianbooks #หนังสือพัฒนาตัวเอง #หนังสือฮีลใจ #หนังสือขายดี #TheWitchesClubชมรมลับเปลี่ยนชีวิต #MAYI #เมไอ #ฮีลใจ #พัฒนาตัวเอง
ริว,7512789806489816327,2025-06-06,หนังสือ Ghostly Brews ยินดีบริการดวงวิญญาณหลังเที่ยงคืน by หมึกซึม,0.0,0,0.01,0.0,จะเป็นยังไง…ถ้าคุณต้องไปทำงานเป็นที่ปรึกษาให้ดวงวิญญาณ😱 #opendurianhowto #OpenDurianBooks #หนังสือ #หนังสือGhostlyBrews #GhostlyBrews #ยินดีบริการดวงวิญญาณหลังเที่ยงคืน #หมึกซึม #Books #หนังสือการ์ตูน #comic #หนังสือฮีลใจ #หนังสือพัฒนาตัวเอง
ไม่ระบุ,7512094582901951765,2025-06-04,หนังสือ Ghostly Brews ยินดีบริการดวงวิญญาณหลังเที่ยงคืน by หมึกซึม,0.0,0,0.0,0.0,กลิ่นหนังสือใหม่ (หอมมากกก)☕️ #opendurianhowto #OpenDurianBooks #หนังสือ #หนังสือGhostlyBrews #GhostlyBrews #ยินดีบริการดวงวิญญาณหลังเที่ยงคืน #หมึกซึม #Books #หนังสือการ์ตูน #comic #หนังสือฮีลใจ #หนังสือพัฒนาตัวเอง
ริว,7512030760090520850,2025-06-04,[สุดคุ้ม] หนังสือ ปีศาจตัวนั้น คือฉันเอง A Guide to Fight the Demons in My Heart,0.0,0,0.0,0.0,หนังสือเล่มนี้…เขียนถึงคนที่เก่งมากในการยิ้มทั้งที่ไม่ไหว🤍 #opendurianhowto #opendurianbooks #หนังสือพัฒนาตัวเอง #หนังสือฮีลใจ #ปีศาจตัวนั้นคือฉันเอง #หนังสือขายดี #MAYI #เมไอ #ฮีลใจ #พัฒนาตัวเอง
ริว,7511666817618775303,2025-06-03,หนังสือ Ghostly Brews ยินดีบริการดวงวิญญาณหลังเที่ยงคืน by หมึกซึม,0.0,0,0.0,0.0,🙂‍↕️บางเรื่องเราไม่ได้ตั้งใจจะปล่อยให้มันสาย แต่เราก็ไม่ได้ทำอะไร จนกระทั่งไม่มีโอกาสจะทำมันอีกแล้ว 🥹 หนังสือ Ghostly Brews แนะนำเลยว่าต้องลองอ่านสักครั้ง…แล้วคุณจะ “เข้าใจตัวเอง” มากขึ้น🤍 #opendurianhowto #OpenDurianBooks #หนังสือ #หนังสือGhostlyBrews #GhostlyBrews #ยินดีบริการดวงวิญญาณหลังเที่ยงคืน #หมึกซึม #Books #หนังสือการ์ตูน #comic #หนังสือฮีลใจ #หนังสือพัฒนาตัวเอง
ไม่ระบุ,7511359129244437778,2025-06-02,หนังสือ ทุกความทรงจำคือของขวัญจากวันวาน,0.0,0,0.0,0.0,📌6.6 นี้ แจกคูปอง หนังสือฮีลใจ ลดหนักสูงสุดถึง 20% 😱😱 เฉพาะช่องทางนี้เท่านั้น‼️ #opendurianhowto #ปีศาจตัวนั้นคือฉันเอง #หนังสือGhostlybrews #หนังสือฮีลใจ #thewitchesclubชมรมลับเปลี่ยนชีวิต #ฮีลใจ #books #booktok #หนังสือพัฒนาตัวเอง 
ไม่ระบุ,7511359129244437778,2025-06-02,หนังสือ The Witches' Club ชมรมลับเปลี่ยนชีวิต,0.0,0,0.0,0.0,📌6.6 นี้ แจกคูปอง หนังสือฮีลใจ ลดหนักสูงสุดถึง 20% 😱😱 เฉพาะช่องทางนี้เท่านั้น‼️ #opendurianhowto #ปีศาจตัวนั้นคือฉันเอง #หนังสือGhostlybrews #หนังสือฮีลใจ #thewitchesclubชมรมลับเปลี่ยนชีวิต #ฮีลใจ #books #booktok #หนังสือพัฒนาตัวเอง 
ไม่ระบุ,7511359129244437778,2025-06-02,BOXSET The Witches' Club ชมรมลับเปลี่ยนชีวิต,0.0,0,0.0,0.0,📌6.6 นี้ แจกคูปอง หนังสือฮีลใจ ลดหนักสูงสุดถึง 20% 😱😱 เฉพาะช่องทางนี้เท่านั้น‼️ #opendurianhowto #ปีศาจตัวนั้นคือฉันเอง #หนังสือGhostlybrews #หนังสือฮีลใจ #thewitchesclubชมรมลับเปลี่ยนชีวิต #ฮีลใจ #books #booktok #หนังสือพัฒนาตัวเอง 
ไม่ระบุ,7511359129244437778,2025-06-02,หนังสือ ขอใช้ชีวิตที่เหลือ เพื่อตัวเองนะ,0.0,0,0.0,0.0,📌6.6 นี้ แจกคูปอง หนังสือฮีลใจ ลดหนักสูงสุดถึง 20% 😱😱 เฉพาะช่องทางนี้เท่านั้น‼️ #opendurianhowto #ปีศาจตัวนั้นคือฉันเอง #หนังสือGhostlybrews #หนังสือฮีลใจ #thewitchesclubชมรมลับเปลี่ยนชีวิต #ฮีลใจ #books #booktok #หนังสือพัฒนาตัวเอง 
ไม่ระบุ,7511359129244437778,2025-06-02,หนังสือ ยินดีต้อนรับและขอบคุณที่กลับมา,0.0,0,0.0,0.0,📌6.6 นี้ แจกคูปอง หนังสือฮีลใจ ลดหนักสูงสุดถึง 20% 😱😱 เฉพาะช่องทางนี้เท่านั้น‼️ #opendurianhowto #ปีศาจตัวนั้นคือฉันเอง #หนังสือGhostlybrews #หนังสือฮีลใจ #thewitchesclubชมรมลับเปลี่ยนชีวิต #ฮีลใจ #books #booktok #หนังสือพัฒนาตัวเอง 
ไม่ระบุ,7511359129244437778,2025-06-02,หนังสือ ฉันจะมีชีวิตที่ดี (นักเขียนนามปากกา คิดมาก),0.0,0,0.0,0.0,📌6.6 นี้ แจกคูปอง หนังสือฮีลใจ ลดหนักสูงสุดถึง 20% 😱😱 เฉพาะช่องทางนี้เท่านั้น‼️ #opendurianhowto #ปีศาจตัวนั้นคือฉันเอง #หนังสือGhostlybrews #หนังสือฮีลใจ #thewitchesclubชมรมลับเปลี่ยนชีวิต #ฮีลใจ #books #booktok #หนังสือพัฒนาตัวเอง 
ไม่ระบุ,7511359129244437778,2025-06-02,หนังสือ ความลับสู่เงินล้านที่โรงเรียนไม่เคยสอน (The Millionaire's Top Secret),0.0,0,0.0,0.0,📌6.6 นี้ แจกคูปอง หนังสือฮีลใจ ลดหนักสูงสุดถึง 20% 😱😱 เฉพาะช่องทางนี้เท่านั้น‼️ #opendurianhowto #ปีศาจตัวนั้นคือฉันเอง #หนังสือGhostlybrews #หนังสือฮีลใจ #thewitchesclubชมรมลับเปลี่ยนชีวิต #ฮีลใจ #books #booktok #หนังสือพัฒนาตัวเอง 
ไม่ระบุ,7511359129244437778,2025-06-02,หนังสือ Ghostly Brews ยินดีบริการดวงวิญญาณหลังเที่ยงคืน by หมึกซึม,0.0,0,0.0,0.0,📌6.6 นี้ แจกคูปอง หนังสือฮีลใจ ลดหนักสูงสุดถึง 20% 😱😱 เฉพาะช่องทางนี้เท่านั้น‼️ #opendurianhowto #ปีศาจตัวนั้นคือฉันเอง #หนังสือGhostlybrews #หนังสือฮีลใจ #thewitchesclubชมรมลับเปลี่ยนชีวิต #ฮีลใจ #books #booktok #หนังสือพัฒนาตัวเอง 
ไม่ระบุ,7511359129244437778,2025-06-02,โอบกอดความไม่สมบูรณ์แบบของเธอ (Embrace Your Flaws),0.0,0,0.0,0.0,📌6.6 นี้ แจกคูปอง หนังสือฮีลใจ ลดหนักสูงสุดถึง 20% 😱😱 เฉพาะช่องทางนี้เท่านั้น‼️ #opendurianhowto #ปีศาจตัวนั้นคือฉันเอง #หนังสือGhostlybrews #หนังสือฮีลใจ #thewitchesclubชมรมลับเปลี่ยนชีวิต #ฮีลใจ #books #booktok #หนังสือพัฒนาตัวเอง 
ไม่ระบุ,7511359129244437778,2025-06-02,[สุดคุ้ม] หนังสือ ปีศาจตัวนั้น คือฉันเอง A Guide to Fight the Demons in My Heart,0.0,0,0.0,0.0,📌6.6 นี้ แจกคูปอง หนังสือฮีลใจ ลดหนักสูงสุดถึง 20% 😱😱 เฉพาะช่องทางนี้เท่านั้น‼️ #opendurianhowto #ปีศาจตัวนั้นคือฉันเอง #หนังสือGhostlybrews #หนังสือฮีลใจ #thewitchesclubชมรมลับเปลี่ยนชีวิต #ฮีลใจ #books #booktok #หนังสือพัฒนาตัวเอง 
ไม่ระบุ,7511350534029233429,2025-06-02,[สุดคุ้ม] หนังสือ ปีศาจตัวนั้น คือฉันเอง A Guide to Fight the Demons in My Heart,0.0,0,0.0,0.0,หนังสือที่ครองใจของใครหลาย ๆ คน 💖  #ปีศาจตัวนั้นคือฉันเอง #opendurianhowto #books #หนังสือใหม่ #หนังสือฮีลใจ #booktok #ปีศาจ #ขึ้นฟีดเถอะ #สปอย #ป้ายยา 
ริว,7510235910881938706,2025-05-30,หนังสือ Ghostly Brews ยินดีบริการดวงวิญญาณหลังเที่ยงคืน by หมึกซึม,0.0,0,0.0,0.0,📌5 เหตุผลที่ต้องอ่าน #GHOSTLYBREWS 👻🤍 #opendurianhowto #OpenDurianBooks #GHOSTLYBREWSยินดีบริการดวงวิญญาณหลังเที่ยงคืน #หมึกซึม #Books #หนังสือการ์ตูน #comic #หนังสือฮีลใจ #หนังสือพัฒนาตัวเอง
ริว,7510177623964699912,2025-05-30,BOXSET The Witches' Club ชมรมลับเปลี่ยนชีวิต,0.0,0,0.0,0.0,📌หนังสือที่อ่านแล้ว #พลิกชีวิต ให้ดีขึ้นแบบ300 % จากน้องแมวเวทมนตร์🐱🔮 #opendurianhowto #opendurianbooks #หนังสือพัฒนาตัวเอง #หนังสือฮีลใจ #หนังสือขายดี #TheWitchesClubชมรมลับเปลี่ยนชีวิต #MAYI #เมไอ #ฮีลใจ #พัฒนาตัวเอง
ไม่ระบุ,7510077942085586193,2025-05-30,BOXSET The Witches' Club ชมรมลับเปลี่ยนชีวิต,0.0,0,0.0,0.0,The Witches’ Club ชมรมลับเปลี่ยนชีวิต (หนังสือที่ดูดวงได้) 🔮 #opendurianhowto #thewitchesclubชมรมลับเปลี่ยนชีวิต #หนังสือใหม่ #books #ดูดวง #ดวง #ไพ่ยิปซี #หนังสือฮีลใจ #แม่มด #witches #booktok 
ไม่ระบุ,7509833199015496981,2025-05-29,หนังสือ ปีศาจตัวนั้น คือฉันเอง A Guide to Fighting the Demons in My Heart,0.0,0,0.0,0.0,กดได้เล่มนี้ได้ราคาไหนกันบ้าง🥹 #ปีศาจตัวนั้นคือฉันเอง  #opendurianhowto #books #ราคาถูก #ฮีลใจ #หนังสือฮีลใจ #love 
ไม่ระบุ,7509467545347345684,2025-05-28,[สุดคุ้ม] หนังสือ ปีศาจตัวนั้น คือฉันเอง A Guide to Fight the Demons in My Heart,0.0,0,60.38,0.0,✨แนะนำหนังสือ #หนังสือพัฒนาตัวเอง  ที่อยากให้อ่านสักครั้งในชีวิต ❤️ #opendurianhowto #หนังสือฮีลใจ #หนังสือพัฒนาตัวเอง #books #ปีศาจตัวนั้นคือฉันเอง #mayi #ฮีลใจ #รักตัวเอง #love #mindset 
ริว,7509438306912881928,2025-05-28,[สุดคุ้ม] หนังสือ ปีศาจตัวนั้น คือฉันเอง A Guide to Fight the Demons in My Heart,0.0,0,0.0,0.0,หนังสือ #ปีศาจตัวนั้นคือตัวฉันเอง 😈 ไม่ใช่คู่มือแก้ชีวิต แต่มันคือ กระจกที่สะท้อนทำให้เรามองตัวเองในแบบที่อ่อนโยนมากขึ้น มันอาจไม่ทำให้ทุกอย่างดีขึ้นทันที แต่…มันจะทำให้คุณ “อยู่กับตัวเองได้ โดยไม่เกลียดตัวเองอีกต่อไป 👦🏻🤍✨  #opendurianhowto #opendurianbooks #หนังสือพัฒนาตัวเอง #หนังสือฮีลใจ #ปีศาจตัวนั้นคือฉันเอง #หนังสือขายดี #MAYI #เมไอ #ฮีลใจ #พัฒนาตัวเอง
ไม่ระบุ,7509081359097302293,2025-05-27,BOXSET The Witches' Club ชมรมลับเปลี่ยนชีวิต,0.0,0,0.0,0.0,ไม่ต้องเรียนดูดวง “ก็แม่นมาก” 🔮 #thewitchesclubชมรมลับเปลี่ยนชีวิต #opendurianhowto #หนังสือฮีลใจ #รักตัวเอง #ดูดวง #ดวง #แม่มด #witches 
ไม่ระบุ,7508935111694372117,2025-05-27,หนังสือ Ghostly Brews ยินดีบริการดวงวิญญาณหลังเที่ยงคืน by หมึกซึม,0.0,0,0.0,0.0,✨เปิดตัวนักเขียน “หมึกซึม” เจ้าของผลงาน Ghostly Brews  ยินดีบริการดวงวิญญาณหลังเที่ยงคืน ☕️ #opendurianhowto #books #หนังสือพัฒนาตัวเอง #ghostlybrewsยินดีบริการดวงวิญญาณหลังเที่ยงคืน #booktok #รักตัวเอง #หนังสือใหม่ #หมึกซึม #ฮีลใจ #นักเขียน #comicฮีลใจ  
ไม่ระบุ,7508596708788423956,2025-05-26,หนังสือ The Witches' Club ชมรมลับเปลี่ยนชีวิต,0.0,0,0.0,0.0,"จัดแพ็คฉลองยอดขายทะลุ 100,000 กว่าเล่ม🏆 กับหนังสือ #ปีศาจตัวนั้นคือฉันเอง  #books #opendurianhowto  #หนังสือพัฒนาตัวเอง #หนังสือฮีลใจ #รักตัวเอง #booktok #รักตัวเอง #books "
ไม่ระบุ,7508596708788423956,2025-05-26,[สุดคุ้ม] หนังสือ ปีศาจตัวนั้น คือฉันเอง A Guide to Fight the Demons in My Heart,0.0,0,0.0,0.0,"จัดแพ็คฉลองยอดขายทะลุ 100,000 กว่าเล่ม🏆 กับหนังสือ #ปีศาจตัวนั้นคือฉันเอง  #books #opendurianhowto  #หนังสือพัฒนาตัวเอง #หนังสือฮีลใจ #รักตัวเอง #booktok #รักตัวเอง #books "
ไม่ระบุ,7507606388600753425,2025-05-23,หนังสือ The Witches' Club ชมรมลับเปลี่ยนชีวิต,0.0,0,0.0,0.0,ชมรมนี้จะไม่ลับอีกต่อไป  3 เรื่องลับที่คุณยังไม่รู้  #thewitchesclubชมรมลับเปลี่ยนชีวิต   #opendurianhowto #books #secret #หนังสือพัฒนาตัวเอง #หนังสือฮีลใจ #รักตัวเอง #booktok #หนังสือใหม่ 
ไม่ระบุ,7507606388600753425,2025-05-23,BOXSET The Witches' Club ชมรมลับเปลี่ยนชีวิต,0.0,0,0.0,0.0,ชมรมนี้จะไม่ลับอีกต่อไป  3 เรื่องลับที่คุณยังไม่รู้  #thewitchesclubชมรมลับเปลี่ยนชีวิต   #opendurianhowto #books #secret #หนังสือพัฒนาตัวเอง #หนังสือฮีลใจ #รักตัวเอง #booktok #หนังสือใหม่ 
ริว,7507578573247794439,2025-05-23,BOXSET The Witches' Club ชมรมลับเปลี่ยนชีวิต,0.0,0,0.0,0.0,ประโยคในหนังสือ…ที่อ่านแล้วจุกอกในใจ🤍 #opendurianhowto #opendurianbooks #หนังสือฮีลใจ #หนังสือพัฒนาตัวเอง #Books #หนังสือขายดี #TheWitchesClubชมรมลับเปลี่ยนชีวิต #MAYI #เมไอ #ฮีลใจ
ไม่ระบุ,7507236375427550480,2025-05-22,[สุดคุ้ม] หนังสือ ปีศาจตัวนั้น คือฉันเอง A Guide to Fight the Demons in My Heart,0.0,0,0.0,0.0,ถ้าแกพร้อมที่จะรักตัวเอง #ปีศาจตัวนั้นคือฉันเอง   รอแกกลับมาเปิดอ่านอยู่นะ :)  #opendurianhowto #books #หนังสือพัฒนาตัวเอง #หนังสือฮีลใจ #รักตัวเอง #booktok 
ไม่ระบุ,7506902833929719060,2025-05-21,หนังสือ ทุกความทรงจำคือของขวัญจากวันวาน,0.0,0,0.0,0.0,(PAYDAY)💖 OpenDurian How-To x TikTok  หนังสือฮีลใจ แจกคูปอง ลดยกร้าน‼️ 📌ลดสูงสุด 20% เพียงซื้อขั้น 300 บาท (ลดสูงสุด 300.-) 📌ลดสูงสุด 10% ซื้อขั้นต่ำ 300 บาท (ลดสูงสุด 500.-)  #opendurianhowto #books #หนังสือฮีลใจ #หนังสือพัฒนาตัวเอง #payday #รักตัวเอง #ghostlybrewsยินดีบริการดวงวิญญาณหลังเที่ยงคืน #thewitchesclubชมรมลับเปลี่ยนชีวิต #ปีศาจตัวนั้นคือฉันเอง #โอบกอดความไม่สมบูรณ์แบบของเธอ 
ไม่ระบุ,7506902833929719060,2025-05-21,หนังสือ The Witches' Club ชมรมลับเปลี่ยนชีวิต,0.0,0,0.0,0.0,(PAYDAY)💖 OpenDurian How-To x TikTok  หนังสือฮีลใจ แจกคูปอง ลดยกร้าน‼️ 📌ลดสูงสุด 20% เพียงซื้อขั้น 300 บาท (ลดสูงสุด 300.-) 📌ลดสูงสุด 10% ซื้อขั้นต่ำ 300 บาท (ลดสูงสุด 500.-)  #opendurianhowto #books #หนังสือฮีลใจ #หนังสือพัฒนาตัวเอง #payday #รักตัวเอง #ghostlybrewsยินดีบริการดวงวิญญาณหลังเที่ยงคืน #thewitchesclubชมรมลับเปลี่ยนชีวิต #ปีศาจตัวนั้นคือฉันเอง #โอบกอดความไม่สมบูรณ์แบบของเธอ 
ไม่ระบุ,7506902833929719060,2025-05-21,BOXSET The Witches' Club ชมรมลับเปลี่ยนชีวิต,0.0,0,0.0,0.0,(PAYDAY)💖 OpenDurian How-To x TikTok  หนังสือฮีลใจ แจกคูปอง ลดยกร้าน‼️ 📌ลดสูงสุด 20% เพียงซื้อขั้น 300 บาท (ลดสูงสุด 300.-) 📌ลดสูงสุด 10% ซื้อขั้นต่ำ 300 บาท (ลดสูงสุด 500.-)  #opendurianhowto #books #หนังสือฮีลใจ #หนังสือพัฒนาตัวเอง #payday #รักตัวเอง #ghostlybrewsยินดีบริการดวงวิญญาณหลังเที่ยงคืน #thewitchesclubชมรมลับเปลี่ยนชีวิต #ปีศาจตัวนั้นคือฉันเอง #โอบกอดความไม่สมบูรณ์แบบของเธอ 
ไม่ระบุ,7506902833929719060,2025-05-21,หนังสือ ขอใช้ชีวิตที่เหลือ เพื่อตัวเองนะ,0.0,0,0.0,0.0,(PAYDAY)💖 OpenDurian How-To x TikTok  หนังสือฮีลใจ แจกคูปอง ลดยกร้าน‼️ 📌ลดสูงสุด 20% เพียงซื้อขั้น 300 บาท (ลดสูงสุด 300.-) 📌ลดสูงสุด 10% ซื้อขั้นต่ำ 300 บาท (ลดสูงสุด 500.-)  #opendurianhowto #books #หนังสือฮีลใจ #หนังสือพัฒนาตัวเอง #payday #รักตัวเอง #ghostlybrewsยินดีบริการดวงวิญญาณหลังเที่ยงคืน #thewitchesclubชมรมลับเปลี่ยนชีวิต #ปีศาจตัวนั้นคือฉันเอง #โอบกอดความไม่สมบูรณ์แบบของเธอ 
ไม่ระบุ,7506902833929719060,2025-05-21,หนังสือ ยินดีต้อนรับและขอบคุณที่กลับมา,0.0,0,0.0,0.0,(PAYDAY)💖 OpenDurian How-To x TikTok  หนังสือฮีลใจ แจกคูปอง ลดยกร้าน‼️ 📌ลดสูงสุด 20% เพียงซื้อขั้น 300 บาท (ลดสูงสุด 300.-) 📌ลดสูงสุด 10% ซื้อขั้นต่ำ 300 บาท (ลดสูงสุด 500.-)  #opendurianhowto #books #หนังสือฮีลใจ #หนังสือพัฒนาตัวเอง #payday #รักตัวเอง #ghostlybrewsยินดีบริการดวงวิญญาณหลังเที่ยงคืน #thewitchesclubชมรมลับเปลี่ยนชีวิต #ปีศาจตัวนั้นคือฉันเอง #โอบกอดความไม่สมบูรณ์แบบของเธอ 
ไม่ระบุ,7506902833929719060,2025-05-21,หนังสือ ฉันจะมีชีวิตที่ดี (นักเขียนนามปากกา คิดมาก),0.0,0,0.0,0.0,(PAYDAY)💖 OpenDurian How-To x TikTok  หนังสือฮีลใจ แจกคูปอง ลดยกร้าน‼️ 📌ลดสูงสุด 20% เพียงซื้อขั้น 300 บาท (ลดสูงสุด 300.-) 📌ลดสูงสุด 10% ซื้อขั้นต่ำ 300 บาท (ลดสูงสุด 500.-)  #opendurianhowto #books #หนังสือฮีลใจ #หนังสือพัฒนาตัวเอง #payday #รักตัวเอง #ghostlybrewsยินดีบริการดวงวิญญาณหลังเที่ยงคืน #thewitchesclubชมรมลับเปลี่ยนชีวิต #ปีศาจตัวนั้นคือฉันเอง #โอบกอดความไม่สมบูรณ์แบบของเธอ 
ไม่ระบุ,7506902833929719060,2025-05-21,หนังสือ ความลับสู่เงินล้านที่โรงเรียนไม่เคยสอน (The Millionaire's Top Secret),0.0,0,0.0,0.0,(PAYDAY)💖 OpenDurian How-To x TikTok  หนังสือฮีลใจ แจกคูปอง ลดยกร้าน‼️ 📌ลดสูงสุด 20% เพียงซื้อขั้น 300 บาท (ลดสูงสุด 300.-) 📌ลดสูงสุด 10% ซื้อขั้นต่ำ 300 บาท (ลดสูงสุด 500.-)  #opendurianhowto #books #หนังสือฮีลใจ #หนังสือพัฒนาตัวเอง #payday #รักตัวเอง #ghostlybrewsยินดีบริการดวงวิญญาณหลังเที่ยงคืน #thewitchesclubชมรมลับเปลี่ยนชีวิต #ปีศาจตัวนั้นคือฉันเอง #โอบกอดความไม่สมบูรณ์แบบของเธอ 
ไม่ระบุ,7506902833929719060,2025-05-21,หนังสือ Ghostly Brews ยินดีบริการดวงวิญญาณหลังเที่ยงคืน by หมึกซึม,0.0,0,0.0,0.0,(PAYDAY)💖 OpenDurian How-To x TikTok  หนังสือฮีลใจ แจกคูปอง ลดยกร้าน‼️ 📌ลดสูงสุด 20% เพียงซื้อขั้น 300 บาท (ลดสูงสุด 300.-) 📌ลดสูงสุด 10% ซื้อขั้นต่ำ 300 บาท (ลดสูงสุด 500.-)  #opendurianhowto #books #หนังสือฮีลใจ #หนังสือพัฒนาตัวเอง #payday #รักตัวเอง #ghostlybrewsยินดีบริการดวงวิญญาณหลังเที่ยงคืน #thewitchesclubชมรมลับเปลี่ยนชีวิต #ปีศาจตัวนั้นคือฉันเอง #โอบกอดความไม่สมบูรณ์แบบของเธอ 
ไม่ระบุ,7506902833929719060,2025-05-21,โอบกอดความไม่สมบูรณ์แบบของเธอ (Embrace Your Flaws),0.0,0,0.0,0.0,(PAYDAY)💖 OpenDurian How-To x TikTok  หนังสือฮีลใจ แจกคูปอง ลดยกร้าน‼️ 📌ลดสูงสุด 20% เพียงซื้อขั้น 300 บาท (ลดสูงสุด 300.-) 📌ลดสูงสุด 10% ซื้อขั้นต่ำ 300 บาท (ลดสูงสุด 500.-)  #opendurianhowto #books #หนังสือฮีลใจ #หนังสือพัฒนาตัวเอง #payday #รักตัวเอง #ghostlybrewsยินดีบริการดวงวิญญาณหลังเที่ยงคืน #thewitchesclubชมรมลับเปลี่ยนชีวิต #ปีศาจตัวนั้นคือฉันเอง #โอบกอดความไม่สมบูรณ์แบบของเธอ 
ไม่ระบุ,7506902833929719060,2025-05-21,[สุดคุ้ม] หนังสือ ปีศาจตัวนั้น คือฉันเอง A Guide to Fight the Demons in My Heart,0.0,0,0.0,0.0,(PAYDAY)💖 OpenDurian How-To x TikTok  หนังสือฮีลใจ แจกคูปอง ลดยกร้าน‼️ 📌ลดสูงสุด 20% เพียงซื้อขั้น 300 บาท (ลดสูงสุด 300.-) 📌ลดสูงสุด 10% ซื้อขั้นต่ำ 300 บาท (ลดสูงสุด 500.-)  #opendurianhowto #books #หนังสือฮีลใจ #หนังสือพัฒนาตัวเอง #payday #รักตัวเอง #ghostlybrewsยินดีบริการดวงวิญญาณหลังเที่ยงคืน #thewitchesclubชมรมลับเปลี่ยนชีวิต #ปีศาจตัวนั้นคือฉันเอง #โอบกอดความไม่สมบูรณ์แบบของเธอ 
ริว,7506837209471864071,2025-05-21,BOXSET The Witches' Club ชมรมลับเปลี่ยนชีวิต,0.0,0,0.0,0.0,มีประโยคหนึ่ง…ในหนังสือที่เหมือนมีแมวเวทมนตร์มากระซิบ🐱🔮 #opendurianhowto #opendurianbooks #หนังสือพัฒนาตัวเอง #หนังสือฮีลใจ #หนังสือขายดี #TheWitchesClubชมรมลับเปลี่ยนชีวิต #MAYI #เมไอ #ฮีลใจ #พัฒนาตัวเอง
ไม่ระบุ,7506504140290362641,2025-05-20,หนังสือ Ghostly Brews ยินดีบริการดวงวิญญาณหลังเที่ยงคืน by หมึกซึม,0.0,0,0.0,0.0,✨5 ข้อคิด เมื่ออ่าน “Ghostly Brews” ยินดีบริการดวงวิญญาณหลังเที่ยงคืน🤍  #opendurianhowto #books #ghostlybrewsยินดีบริการดวงวิญญาณหลังเที่ยงคืน #หนังสือฮีลใจ #comic #การ์ตูน #หนังสือใหม่ #รักตัวเอง 
ริว,7506464147102567687,2025-05-20,[สุดคุ้ม] หนังสือ ปีศาจตัวนั้น คือฉันเอง A Guide to Fight the Demons in My Heart,0.0,0,65.61,0.0,หนังสือที่จะทำให้คุณกลับมารักตัวเองอีกครั้ง…🤍 #opendurianhowto #opendurianbooks #หนังสือพัฒนาตัวเอง #หนังสือฮีลใจ #ปีศาจตัวนั้นคือฉันเอง #หนังสือขายดี #MAYI #เมไอ #ฮีลใจ #พัฒนาตัวเอง
ไม่ระบุ,7506123992298720532,2025-05-19,หนังสือ Ghostly Brews ยินดีบริการดวงวิญญาณหลังเที่ยงคืน by หมึกซึม,0.0,0,0.01,0.0,หนังสือฮีลใจใหม่มาอีกแล้ว✨ ผลงานการเขียนจาก “หมึกซึม” ที่วาดเอง ออกแบบเอง ทั้งเล่ม📚 เปิดพรีออเดอร์ เริ่มขายแล้ววันนี้ ‼️ #ghostlybrewsยินดีบริการดวงวิญญาณหลังเที่ยงคืน #หมึกซึม #opendurianhowto #books #หนังสือฮีลใจ #comic #การ์ตูน #หนังสือพัฒนาตัวเอง #รักตัวเอง #วิญญาณ #ฮีลใจ #unboxing #หนังสือใหม่ 
ไม่ระบุ,7506083838204955925,2025-05-19,โอบกอดความไม่สมบูรณ์แบบของเธอ (Embrace Your Flaws),0.0,0,0.0,0.0,ขอฝาก “หัวใจของฉัน“ ไว้กับหนังสือเล่มนี้… #โอบกอดความไม่สมบูรณ์แบบของเธอ  #opendurianhowto #books #หนังสือฮีลใจ #หนังสือพัฒนาตัวเอง #imminimus 
ริว,7505655765865090311,2025-05-18,[สุดคุ้ม] หนังสือ ปีศาจตัวนั้น คือฉันเอง A Guide to Fight the Demons in My Heart,0.0,0,0.0,0.0,หนังสือเล่มนี้จะฮีลใจคุณจากสิ่งเหล่านี่…🤍  #opendurianhowto #opendurianbooks #หนังสือพัฒนาตัวเอง #หนังสือฮีลใจ #ปีศาจตัวนั้นคือฉันเอง #หนังสือขายดี #MAYI #เมไอ #ฮีลใจพัฒนาตัวเอง #เธรดความรู้สึก #เธรด #เธรดคําพูด 
ไม่ระบุ,7505037132042472711,2025-05-16,BOXSET The Witches' Club ชมรมลับเปลี่ยนชีวิต,0.0,0,0.0,0.0,✨หนังสือว่าฮีลใจแล้ว 💖 เจอการ์ดดูดวงรายวันจากเล่มนี้ไปฮีลใจขึ้นไปอีก🔮 #opendurianhowto #thewitchesclubชมรมลับเปลี่ยนชีวิต #หนังสือพัฒนาตัวเอง #รักตัวเอง #อ่านตามtiktok #tiktok #loveyourself #booktok #books 
ริว,7504997521274506504,2025-05-16,[พร้อมส่ง] Box set หนังสือถ้าโลกมันแย่ ก็แค่คิดแบบคาปิบาร่า (Think Like a Happybara),0.0,0,0.0,0.0,#ถ้าโลกมันแย่แค่คิดแบบคาปิบาร่า 🦫 ให้ครอบครัว Happybara สุดน่ารักพาคุณมารู้จักแนวคิดดี ๆ ที่ทำให้การใช้ชีวิตของเราชิลขึ้นแบบ 3000% 💆🏻‍♂️💖✨ #happybara #พิชิตเรื่องแย่จากแนวคิดของคาปิบาร่า #opendurianhowto #opendurianbooks #หนังสือพัฒนาตัวเอง #หนังสือฮีลใจ #หนังสือขายดี #ฮีลใจ #พัฒนาตัวเอง
ริว,7504662288926788872,2025-05-15,BOXSET The Witches' Club ชมรมลับเปลี่ยนชีวิต,0.0,0,0.0,0.0,🔮 สายมูชอบดูดวงห้ามพลาด ‼️ เพราะนี้ไม่ใช่แค่ไพ่ทำนายอย่างเดียว แต่ช่วยเยี่ยวยาใจด้วย 🌟💖  #opendurianhowto #opendurianbooks #หนังสือพัฒนาตัวเอง #หนังสือฮีลใจ #ปีศาจตัวนั้นคือฉันเอง #หนังสือขายดี #TheWitchesClubชมรมลับเปลี่ยนชีวิต #MAYI #เมไอ #ฮีลใจ #พัฒนาตัวเอง
ไม่ระบุ,7504609685908049172,2025-05-15,[สุดคุ้ม] หนังสือ ปีศาจตัวนั้น คือฉันเอง A Guide to Fight the Demons in My Heart,0.0,0,0.0,0.0,🪫รู้สึกหมดไฟ… แต่งานกองอยู่เพียบ‼️ จะเอาเวลาที่ไหนไปพักกันล่ะ 😢 #ปีศาจตัวนั้นคือฉันเอง  #opendurianhowto #books #หนังสือพัฒนาตัวเอง #ประโยคฮีลใจ #รักตัวเอง #ทำงาน #วัยทำงาน #มนุษย์เงินเดือน #tiktok #อ่านตามtiktok 
ริว,7504532305508060423,2025-05-15,BOXSET The Witches' Club ชมรมลับเปลี่ยนชีวิต,0.0,0,0.0,0.0,📌 บอกต่อหนังสือที่เหมือนมีเพื่อนสนิทคอยให้คำแนะนำอยู่ข้าง ๆ และช่วยให้เราค้นพบความสุขที่ซ่อนอยู่ในตัวเอง 💁🏻‍♀️💖✨  #opendurianhowto #opendurianbooks #หนังสือพัฒนาตัวเอง #หนังสือฮีลใจ #ปีศาจตัวนั้นคือฉันเอง #หนังสือขายดี #TheWitchesClubชมรมลับเปลี่ยนชีวิต #MAYI #เมไอ #ฮีลใจ #พัฒนาตัวเอง
ไม่ระบุ,7503470573658426625,2025-05-12,BOXSET The Witches' Club ชมรมลับเปลี่ยนชีวิต,0.0,0,0.0,0.0,✨หนังสือที่จะทำให้ปัญหาเหล่านี้หมดไปกับหนังสือ📚 #thewitchesclubชมรมลับเปลี่ยนชีวิต 🔮🐈‍⬛  #opendurianhowto  #หนังสือเล่มโปรด #หนังสือฮีลใจ #เล่มใหม่ #อ่านตามtiktok #books #หนังสือพัฒนาตัวเอง #ประโยคฮีลใจ 
ไม่ระบุ,7503451320297262353,2025-05-12,หนังสือ ทุกความทรงจำคือของขวัญจากวันวาน,0.0,0,0.0,0.0,❤️‍🔥Mid Month โปรยกร้าน  ซื้อหนังสือฮีลใจ ส่งฟรี‼️ ✅ซื้อครบ 500 บาท (ส่งฟรี) ✅ซื้อ 850 บาท ขึ้นไป (ส่งฟรี) ✨แถมลดเพิ่มอีก 10%   เลือกเลยเล่มไหน Box ไหนก็ได้  😱😱😱 #opendurianhowto #หนังสือเล่มโปรด #หนังสือฮีลใจ #เล่มใหม่ #หนังสือฮีลใจ #หนังสือเล่มโปรด #รักตัวเอง #อ่านตามtiktok #หนังสือพัฒนาตัวเอง #ขายดี #ปีศาจตัวนั้นคือฉันเอง #booktok #books #thewitchesclubชมรมลับเปลี่ยนชีวิต #โอบกอดความไม่สมบูรณ์แบบของเธอ 
ไม่ระบุ,7503451320297262353,2025-05-12,หนังสือ ขอใช้ชีวิตที่เหลือ เพื่อตัวเองนะ,0.0,0,0.0,0.0,❤️‍🔥Mid Month โปรยกร้าน  ซื้อหนังสือฮีลใจ ส่งฟรี‼️ ✅ซื้อครบ 500 บาท (ส่งฟรี) ✅ซื้อ 850 บาท ขึ้นไป (ส่งฟรี) ✨แถมลดเพิ่มอีก 10%   เลือกเลยเล่มไหน Box ไหนก็ได้  😱😱😱 #opendurianhowto #หนังสือเล่มโปรด #หนังสือฮีลใจ #เล่มใหม่ #หนังสือฮีลใจ #หนังสือเล่มโปรด #รักตัวเอง #อ่านตามtiktok #หนังสือพัฒนาตัวเอง #ขายดี #ปีศาจตัวนั้นคือฉันเอง #booktok #books #thewitchesclubชมรมลับเปลี่ยนชีวิต #โอบกอดความไม่สมบูรณ์แบบของเธอ 
ไม่ระบุ,7503451320297262353,2025-05-12,หนังสือ ยินดีต้อนรับและขอบคุณที่กลับมา,0.0,0,0.0,0.0,❤️‍🔥Mid Month โปรยกร้าน  ซื้อหนังสือฮีลใจ ส่งฟรี‼️ ✅ซื้อครบ 500 บาท (ส่งฟรี) ✅ซื้อ 850 บาท ขึ้นไป (ส่งฟรี) ✨แถมลดเพิ่มอีก 10%   เลือกเลยเล่มไหน Box ไหนก็ได้  😱😱😱 #opendurianhowto #หนังสือเล่มโปรด #หนังสือฮีลใจ #เล่มใหม่ #หนังสือฮีลใจ #หนังสือเล่มโปรด #รักตัวเอง #อ่านตามtiktok #หนังสือพัฒนาตัวเอง #ขายดี #ปีศาจตัวนั้นคือฉันเอง #booktok #books #thewitchesclubชมรมลับเปลี่ยนชีวิต #โอบกอดความไม่สมบูรณ์แบบของเธอ 
ไม่ระบุ,7503451320297262353,2025-05-12,หนังสือ ฉันจะมีชีวิตที่ดี (นักเขียนนามปากกา คิดมาก),0.0,0,0.0,0.0,❤️‍🔥Mid Month โปรยกร้าน  ซื้อหนังสือฮีลใจ ส่งฟรี‼️ ✅ซื้อครบ 500 บาท (ส่งฟรี) ✅ซื้อ 850 บาท ขึ้นไป (ส่งฟรี) ✨แถมลดเพิ่มอีก 10%   เลือกเลยเล่มไหน Box ไหนก็ได้  😱😱😱 #opendurianhowto #หนังสือเล่มโปรด #หนังสือฮีลใจ #เล่มใหม่ #หนังสือฮีลใจ #หนังสือเล่มโปรด #รักตัวเอง #อ่านตามtiktok #หนังสือพัฒนาตัวเอง #ขายดี #ปีศาจตัวนั้นคือฉันเอง #booktok #books #thewitchesclubชมรมลับเปลี่ยนชีวิต #โอบกอดความไม่สมบูรณ์แบบของเธอ 
ไม่ระบุ,7503451320297262353,2025-05-12,หนังสือ ชีวิตมีเรื่องให้ขอบคุณมากกว่าเสียใจ,0.0,0,0.0,0.0,❤️‍🔥Mid Month โปรยกร้าน  ซื้อหนังสือฮีลใจ ส่งฟรี‼️ ✅ซื้อครบ 500 บาท (ส่งฟรี) ✅ซื้อ 850 บาท ขึ้นไป (ส่งฟรี) ✨แถมลดเพิ่มอีก 10%   เลือกเลยเล่มไหน Box ไหนก็ได้  😱😱😱 #opendurianhowto #หนังสือเล่มโปรด #หนังสือฮีลใจ #เล่มใหม่ #หนังสือฮีลใจ #หนังสือเล่มโปรด #รักตัวเอง #อ่านตามtiktok #หนังสือพัฒนาตัวเอง #ขายดี #ปีศาจตัวนั้นคือฉันเอง #booktok #books #thewitchesclubชมรมลับเปลี่ยนชีวิต #โอบกอดความไม่สมบูรณ์แบบของเธอ 
ไม่ระบุ,7503451320297262353,2025-05-12,หนังสือ กว่าจะคิดได้ก็ไม่มีลมหายใจแล้ว (It Is Never Too Late to Love Yourself),0.0,0,0.0,0.0,❤️‍🔥Mid Month โปรยกร้าน  ซื้อหนังสือฮีลใจ ส่งฟรี‼️ ✅ซื้อครบ 500 บาท (ส่งฟรี) ✅ซื้อ 850 บาท ขึ้นไป (ส่งฟรี) ✨แถมลดเพิ่มอีก 10%   เลือกเลยเล่มไหน Box ไหนก็ได้  😱😱😱 #opendurianhowto #หนังสือเล่มโปรด #หนังสือฮีลใจ #เล่มใหม่ #หนังสือฮีลใจ #หนังสือเล่มโปรด #รักตัวเอง #อ่านตามtiktok #หนังสือพัฒนาตัวเอง #ขายดี #ปีศาจตัวนั้นคือฉันเอง #booktok #books #thewitchesclubชมรมลับเปลี่ยนชีวิต #โอบกอดความไม่สมบูรณ์แบบของเธอ 
ไม่ระบุ,7503451320297262353,2025-05-12,[พร้อมส่ง] หนังสือ ปีศาจความรัก มักเลือกฉันเป็นเหยื่อ [How to Fight the Love Demon in My Heart],0.0,0,0.0,0.0,❤️‍🔥Mid Month โปรยกร้าน  ซื้อหนังสือฮีลใจ ส่งฟรี‼️ ✅ซื้อครบ 500 บาท (ส่งฟรี) ✅ซื้อ 850 บาท ขึ้นไป (ส่งฟรี) ✨แถมลดเพิ่มอีก 10%   เลือกเลยเล่มไหน Box ไหนก็ได้  😱😱😱 #opendurianhowto #หนังสือเล่มโปรด #หนังสือฮีลใจ #เล่มใหม่ #หนังสือฮีลใจ #หนังสือเล่มโปรด #รักตัวเอง #อ่านตามtiktok #หนังสือพัฒนาตัวเอง #ขายดี #ปีศาจตัวนั้นคือฉันเอง #booktok #books #thewitchesclubชมรมลับเปลี่ยนชีวิต #โอบกอดความไม่สมบูรณ์แบบของเธอ 
ไม่ระบุ,7503451320297262353,2025-05-12,Boxset หนังสือวันไหนที่ใจแข็งแรง ดอกไม้จะผลิบาน (The Enchanted Garden) ฟรีของแถมใน Boxset ทุกเซ็ต,0.0,0,0.0,0.0,❤️‍🔥Mid Month โปรยกร้าน  ซื้อหนังสือฮีลใจ ส่งฟรี‼️ ✅ซื้อครบ 500 บาท (ส่งฟรี) ✅ซื้อ 850 บาท ขึ้นไป (ส่งฟรี) ✨แถมลดเพิ่มอีก 10%   เลือกเลยเล่มไหน Box ไหนก็ได้  😱😱😱 #opendurianhowto #หนังสือเล่มโปรด #หนังสือฮีลใจ #เล่มใหม่ #หนังสือฮีลใจ #หนังสือเล่มโปรด #รักตัวเอง #อ่านตามtiktok #หนังสือพัฒนาตัวเอง #ขายดี #ปีศาจตัวนั้นคือฉันเอง #booktok #books #thewitchesclubชมรมลับเปลี่ยนชีวิต #โอบกอดความไม่สมบูรณ์แบบของเธอ 
ไม่ระบุ,7503451320297262353,2025-05-12,หนังสือวันไหนที่ใจแข็งแรง ดอกไม้จะผลิบาน (The Enchanted Garden),0.0,0,0.0,0.0,❤️‍🔥Mid Month โปรยกร้าน  ซื้อหนังสือฮีลใจ ส่งฟรี‼️ ✅ซื้อครบ 500 บาท (ส่งฟรี) ✅ซื้อ 850 บาท ขึ้นไป (ส่งฟรี) ✨แถมลดเพิ่มอีก 10%   เลือกเลยเล่มไหน Box ไหนก็ได้  😱😱😱 #opendurianhowto #หนังสือเล่มโปรด #หนังสือฮีลใจ #เล่มใหม่ #หนังสือฮีลใจ #หนังสือเล่มโปรด #รักตัวเอง #อ่านตามtiktok #หนังสือพัฒนาตัวเอง #ขายดี #ปีศาจตัวนั้นคือฉันเอง #booktok #books #thewitchesclubชมรมลับเปลี่ยนชีวิต #โอบกอดความไม่สมบูรณ์แบบของเธอ 
ไม่ระบุ,7503450233968381192,2025-05-12,หนังสือ The Witches' Club ชมรมลับเปลี่ยนชีวิต,0.0,0,0.0,0.0,❤️‍🔥Mid Month โปรยกร้าน  ซื้อหนังสือฮีลใจ ส่งฟรี‼️ ✅ซื้อครบ 500 บาท (ส่งฟรี) ✅ซื้อ 850 บาท ขึ้นไป (ส่งฟรี) ✨แถมลดเพิ่มอีก 10%   เลือกเลยเล่มไหน Box ไหนก็ได้  😱😱😱 #opendurianhowto #หนังสือเล่มโปรด #หนังสือฮีลใจ #เล่มใหม่ #หนังสือฮีลใจ #หนังสือเล่มโปรด #รักตัวเอง #อ่านตามtiktok #หนังสือพัฒนาตัวเอง #ขายดี #ปีศาจตัวนั้นคือฉันเอง #booktok #books #thewitchesclubชมรมลับเปลี่ยนชีวิต #โอบกอดความไม่สมบูรณ์แบบของเธอ 
ไม่ระบุ,7503450233968381192,2025-05-12,BOXSET The Witches' Club ชมรมลับเปลี่ยนชีวิต,0.0,0,0.0,0.0,❤️‍🔥Mid Month โปรยกร้าน  ซื้อหนังสือฮีลใจ ส่งฟรี‼️ ✅ซื้อครบ 500 บาท (ส่งฟรี) ✅ซื้อ 850 บาท ขึ้นไป (ส่งฟรี) ✨แถมลดเพิ่มอีก 10%   เลือกเลยเล่มไหน Box ไหนก็ได้  😱😱😱 #opendurianhowto #หนังสือเล่มโปรด #หนังสือฮีลใจ #เล่มใหม่ #หนังสือฮีลใจ #หนังสือเล่มโปรด #รักตัวเอง #อ่านตามtiktok #หนังสือพัฒนาตัวเอง #ขายดี #ปีศาจตัวนั้นคือฉันเอง #booktok #books #thewitchesclubชมรมลับเปลี่ยนชีวิต #โอบกอดความไม่สมบูรณ์แบบของเธอ 
ไม่ระบุ,7503450233968381192,2025-05-12,หนังสือ ความลับสู่เงินล้านที่โรงเรียนไม่เคยสอน (The Millionaire's Top Secret),0.0,0,0.0,0.0,❤️‍🔥Mid Month โปรยกร้าน  ซื้อหนังสือฮีลใจ ส่งฟรี‼️ ✅ซื้อครบ 500 บาท (ส่งฟรี) ✅ซื้อ 850 บาท ขึ้นไป (ส่งฟรี) ✨แถมลดเพิ่มอีก 10%   เลือกเลยเล่มไหน Box ไหนก็ได้  😱😱😱 #opendurianhowto #หนังสือเล่มโปรด #หนังสือฮีลใจ #เล่มใหม่ #หนังสือฮีลใจ #หนังสือเล่มโปรด #รักตัวเอง #อ่านตามtiktok #หนังสือพัฒนาตัวเอง #ขายดี #ปีศาจตัวนั้นคือฉันเอง #booktok #books #thewitchesclubชมรมลับเปลี่ยนชีวิต #โอบกอดความไม่สมบูรณ์แบบของเธอ 
ไม่ระบุ,7503450233968381192,2025-05-12,โอบกอดความไม่สมบูรณ์แบบของเธอ (Embrace Your Flaws),0.0,0,0.0,0.0,❤️‍🔥Mid Month โปรยกร้าน  ซื้อหนังสือฮีลใจ ส่งฟรี‼️ ✅ซื้อครบ 500 บาท (ส่งฟรี) ✅ซื้อ 850 บาท ขึ้นไป (ส่งฟรี) ✨แถมลดเพิ่มอีก 10%   เลือกเลยเล่มไหน Box ไหนก็ได้  😱😱😱 #opendurianhowto #หนังสือเล่มโปรด #หนังสือฮีลใจ #เล่มใหม่ #หนังสือฮีลใจ #หนังสือเล่มโปรด #รักตัวเอง #อ่านตามtiktok #หนังสือพัฒนาตัวเอง #ขายดี #ปีศาจตัวนั้นคือฉันเอง #booktok #books #thewitchesclubชมรมลับเปลี่ยนชีวิต #โอบกอดความไม่สมบูรณ์แบบของเธอ 
ไม่ระบุ,7503450233968381192,2025-05-12,BOXSET เมื่อโลกทั้งใบซ่อนอยู่ใต้หมวกกันน็อก (Helmet Girl),0.0,0,0.0,0.0,❤️‍🔥Mid Month โปรยกร้าน  ซื้อหนังสือฮีลใจ ส่งฟรี‼️ ✅ซื้อครบ 500 บาท (ส่งฟรี) ✅ซื้อ 850 บาท ขึ้นไป (ส่งฟรี) ✨แถมลดเพิ่มอีก 10%   เลือกเลยเล่มไหน Box ไหนก็ได้  😱😱😱 #opendurianhowto #หนังสือเล่มโปรด #หนังสือฮีลใจ #เล่มใหม่ #หนังสือฮีลใจ #หนังสือเล่มโปรด #รักตัวเอง #อ่านตามtiktok #หนังสือพัฒนาตัวเอง #ขายดี #ปีศาจตัวนั้นคือฉันเอง #booktok #books #thewitchesclubชมรมลับเปลี่ยนชีวิต #โอบกอดความไม่สมบูรณ์แบบของเธอ 
ไม่ระบุ,7503450233968381192,2025-05-12,หนังสือ เมื่อโลกทั้งใบซ่อนอยู่ใต้หมวกกันน็อก (Helmet Girl),0.0,0,0.0,0.0,❤️‍🔥Mid Month โปรยกร้าน  ซื้อหนังสือฮีลใจ ส่งฟรี‼️ ✅ซื้อครบ 500 บาท (ส่งฟรี) ✅ซื้อ 850 บาท ขึ้นไป (ส่งฟรี) ✨แถมลดเพิ่มอีก 10%   เลือกเลยเล่มไหน Box ไหนก็ได้  😱😱😱 #opendurianhowto #หนังสือเล่มโปรด #หนังสือฮีลใจ #เล่มใหม่ #หนังสือฮีลใจ #หนังสือเล่มโปรด #รักตัวเอง #อ่านตามtiktok #หนังสือพัฒนาตัวเอง #ขายดี #ปีศาจตัวนั้นคือฉันเอง #booktok #books #thewitchesclubชมรมลับเปลี่ยนชีวิต #โอบกอดความไม่สมบูรณ์แบบของเธอ 
ไม่ระบุ,7503450233968381192,2025-05-12,[สุดคุ้ม] หนังสือ ปีศาจตัวนั้น คือฉันเอง A Guide to Fight the Demons in My Heart,0.0,0,0.0,0.0,❤️‍🔥Mid Month โปรยกร้าน  ซื้อหนังสือฮีลใจ ส่งฟรี‼️ ✅ซื้อครบ 500 บาท (ส่งฟรี) ✅ซื้อ 850 บาท ขึ้นไป (ส่งฟรี) ✨แถมลดเพิ่มอีก 10%   เลือกเลยเล่มไหน Box ไหนก็ได้  😱😱😱 #opendurianhowto #หนังสือเล่มโปรด #หนังสือฮีลใจ #เล่มใหม่ #หนังสือฮีลใจ #หนังสือเล่มโปรด #รักตัวเอง #อ่านตามtiktok #หนังสือพัฒนาตัวเอง #ขายดี #ปีศาจตัวนั้นคือฉันเอง #booktok #books #thewitchesclubชมรมลับเปลี่ยนชีวิต #โอบกอดความไม่สมบูรณ์แบบของเธอ 
ไม่ระบุ,7503450233968381192,2025-05-12,[พร้อมส่ง] Box set หนังสือถ้าโลกมันแย่ ก็แค่คิดแบบคาปิบาร่า (Think Like a Happybara),0.0,0,0.0,0.0,❤️‍🔥Mid Month โปรยกร้าน  ซื้อหนังสือฮีลใจ ส่งฟรี‼️ ✅ซื้อครบ 500 บาท (ส่งฟรี) ✅ซื้อ 850 บาท ขึ้นไป (ส่งฟรี) ✨แถมลดเพิ่มอีก 10%   เลือกเลยเล่มไหน Box ไหนก็ได้  😱😱😱 #opendurianhowto #หนังสือเล่มโปรด #หนังสือฮีลใจ #เล่มใหม่ #หนังสือฮีลใจ #หนังสือเล่มโปรด #รักตัวเอง #อ่านตามtiktok #หนังสือพัฒนาตัวเอง #ขายดี #ปีศาจตัวนั้นคือฉันเอง #booktok #books #thewitchesclubชมรมลับเปลี่ยนชีวิต #โอบกอดความไม่สมบูรณ์แบบของเธอ 
ไม่ระบุ,7503450233968381192,2025-05-12,[พร้อมส่ง] หนังสือถ้าโลกมันแย่ ก็แค่คิดแบบคาปิบาร่า (Think Like a Happybara),0.0,0,0.0,0.0,❤️‍🔥Mid Month โปรยกร้าน  ซื้อหนังสือฮีลใจ ส่งฟรี‼️ ✅ซื้อครบ 500 บาท (ส่งฟรี) ✅ซื้อ 850 บาท ขึ้นไป (ส่งฟรี) ✨แถมลดเพิ่มอีก 10%   เลือกเลยเล่มไหน Box ไหนก็ได้  😱😱😱 #opendurianhowto #หนังสือเล่มโปรด #หนังสือฮีลใจ #เล่มใหม่ #หนังสือฮีลใจ #หนังสือเล่มโปรด #รักตัวเอง #อ่านตามtiktok #หนังสือพัฒนาตัวเอง #ขายดี #ปีศาจตัวนั้นคือฉันเอง #booktok #books #thewitchesclubชมรมลับเปลี่ยนชีวิต #โอบกอดความไม่สมบูรณ์แบบของเธอ 
ไม่ระบุ,7502783603143691541,2025-05-10,โอบกอดความไม่สมบูรณ์แบบของเธอ (Embrace Your Flaws),0.0,0,0.0,0.0,ทะเล : ผู้คนเกลียดชัง “ความเศร้า” เพราะความเศร้าทำให้เรา “ไม่มีความสุข” ;( #โอบกอดความไม่สมบูรณ์แบบของเธอ #opendurianhowto #books #หนังสือฮีลใจ #หนังสือเล่มโปรด #เล่มใหม่ #รักตัวเอง #อ่านตามtiktok #หนังสือพัฒนาตัวเอง #หนังสือพัฒนาตัวเอง #ทะเล #เธรด #เศร้า #ความรัก 
ไม่ระบุ,7502422483690163476,2025-05-09,[สุดคุ้ม] หนังสือ ปีศาจตัวนั้น คือฉันเอง A Guide to Fight the Demons in My Heart,0.0,0,0.0,0.0,✨2 หนังสือฮีลใจขายดีที่สุด🫂 ที่อ่านแล้วจะรักตัวเองมากขึ้น 3000% ❤️ #opendurianhowto #ปีศาจตัวนั้นคือฉันเอง #thewitchesclubชมรมลับเปลี่ยนชีวิต #หนังสือฮีลใจ #หนังสือเล่มโปรด #เล่มใหม่ #รักตัวเอง #อ่านตามtiktok #เธรด #หนังสือพัฒนาตัวเอง #ขายดี #tiktok #เธรด 
ไม่ระบุ,7501984808101235989,2025-05-08,BOXSET The Witches' Club ชมรมลับเปลี่ยนชีวิต,0.0,0,0.0,0.0,ใครที่กำลังท้อหรือหมดไฟ🪫 ✨5 ประโยคนี้จะช่วยเติมไฟให้ชีวิต จากหนังสือ #thewitchesclubชมรมลับเปลี่ยนชีวิต   #opendurianhowto #หนังสือฮีลใจ #หนังสือเล่มโปรด #เล่มใหม่ #รักตัวเอง #อ่านตามtiktok #เธรด #หนังสือพัฒนาตัวเอง #ขายดี #ประโยคฮีลใจ 
ไม่ระบุ,7501648546790182164,2025-05-07,[สุดคุ้ม] หนังสือ ปีศาจตัวนั้น คือฉันเอง A Guide to Fight the Demons in My Heart,0.0,0,89.25,0.0,✨ปีศาจที่ทำร้ายเรา… อาจจะเกิดจาก “ตัวเรา” เอง 😈 #ปีศาจตัวนั้นคือฉันเอง  #books #opendurianhowto #หนังสือฮีลใจ #หนังสือเล่มโปรด #เล่มใหม่ #รักตัวเอง #อ่านตามtiktok #เธรด #หนังสือพัฒนาตัวเอง #booktok #loveyourself  #ป้ายยา 
ไม่ระบุ,7501257832558234887,2025-05-06,หนังสือ ขอใช้ชีวิตที่เหลือ เพื่อตัวเองนะ,0.0,0,0.0,0.0,5 เรื่องจริง‼️ จากหนังสือ “ขอใช้ชีวิตที่เหลือเพื่อตัวเองนะ” 🫂 #opendurianhowto #books #หนังสือฮีลใจ #หนังสือเล่มโปรด #เล่มใหม่ #booktok #รักตัวเอง #อ่านตามtiktok #หนังสือพัฒนา #ขอใช้ชีวิตที่เหลือเพื่อตัวเองนะ 
ไม่ระบุ,7500593497112661269,2025-05-04,[พร้อมส่ง] หนังสือปีศาจตัวนั้น คือฉันเอง A Guide to Fighting the Demons in My Heart,0.0,0,0.0,0.0,คิดว่าตัวเอง “ไม่ดีพอ” ต้องอ่านเล่มนี้ …  #ปีศาจตัวนั้นคือฉันเอง  #opendurianhowto #books #เธรด #หนังสือฮีลใจ #หนังสือเล่มโปรด #booktok #หนังสือพัฒนาตัวเอง #รักตัวเอง #fyp #อ่านตามtiktok 
ไม่ระบุ,7499470802715249941,2025-05-01,โอบกอดความไม่สมบูรณ์แบบของเธอ (Embrace Your Flaws),0.0,0,0.0,0.0,หนังสือที่ทำให้เข้าใจว่า… (คนเราไม่ต้อง “สมบูรณ์แบบ”) #opendurianhowto #books #หนังสือฮีลใจ #หนังสือเล่มโปรด #หนังสือพัฒนาตัวเอง #ไม่สมบูรณ์แบบ #ชีวิต #รักตัวเอง #โอบกอดความไม่สมบูรณ์แบบของเธอ #imminimus #booktok 
ไม่ระบุ,7499044589274221842,2025-04-30,BOXSET The Witches' Club ชมรมลับเปลี่ยนชีวิต,0.0,0,0.0,0.0,โปร 5.5 ฮีลใจราคาเดียวแค่ 555.- กับ Boxset ลดราคาพิเศษสุดคุ้ม ‼️  *ราคานี้เฉพาะคลิปนี้เท่านั้น💌 #opendurianhowto #books  ##หนังสือฮีลใจ#หนังสือเล่มโปรด #หนังสือพัฒนา #รักตัวเอง #booktok ##thewitchesclubชมรมลับเปลี่ยนชีวิต  #boxset #คาปิบาร่า #ถ้าโลกมันแย่ก็แค่คิดแบบคาปิบาร่า #สวนหัวใจ #วันไหนที่ใจแข็งแรงดอกไม้จะผลิบาน #หมวกกันน็อก #helmetgirl #mayi #หนังสือพัฒนาตัวเอง #รักตัวเอง 
ไม่ระบุ,7499044589274221842,2025-04-30,BOXSET เมื่อโลกทั้งใบซ่อนอยู่ใต้หมวกกันน็อก (Helmet Girl),0.0,0,0.0,0.0,โปร 5.5 ฮีลใจราคาเดียวแค่ 555.- กับ Boxset ลดราคาพิเศษสุดคุ้ม ‼️  *ราคานี้เฉพาะคลิปนี้เท่านั้น💌 #opendurianhowto #books  ##หนังสือฮีลใจ#หนังสือเล่มโปรด #หนังสือพัฒนา #รักตัวเอง #booktok ##thewitchesclubชมรมลับเปลี่ยนชีวิต  #boxset #คาปิบาร่า #ถ้าโลกมันแย่ก็แค่คิดแบบคาปิบาร่า #สวนหัวใจ #วันไหนที่ใจแข็งแรงดอกไม้จะผลิบาน #หมวกกันน็อก #helmetgirl #mayi #หนังสือพัฒนาตัวเอง #รักตัวเอง 
ไม่ระบุ,7499044589274221842,2025-04-30,[พร้อมส่ง] Box set หนังสือถ้าโลกมันแย่ ก็แค่คิดแบบคาปิบาร่า (Think Like a Happybara),0.0,0,0.0,0.0,โปร 5.5 ฮีลใจราคาเดียวแค่ 555.- กับ Boxset ลดราคาพิเศษสุดคุ้ม ‼️  *ราคานี้เฉพาะคลิปนี้เท่านั้น💌 #opendurianhowto #books  ##หนังสือฮีลใจ#หนังสือเล่มโปรด #หนังสือพัฒนา #รักตัวเอง #booktok ##thewitchesclubชมรมลับเปลี่ยนชีวิต  #boxset #คาปิบาร่า #ถ้าโลกมันแย่ก็แค่คิดแบบคาปิบาร่า #สวนหัวใจ #วันไหนที่ใจแข็งแรงดอกไม้จะผลิบาน #หมวกกันน็อก #helmetgirl #mayi #หนังสือพัฒนาตัวเอง #รักตัวเอง 
ไม่ระบุ,7499044589274221842,2025-04-30,Boxset หนังสือวันไหนที่ใจแข็งแรง ดอกไม้จะผลิบาน (The Enchanted Garden) ฟรีของแถมใน Boxset ทุกเซ็ต,0.0,0,0.0,0.0,โปร 5.5 ฮีลใจราคาเดียวแค่ 555.- กับ Boxset ลดราคาพิเศษสุดคุ้ม ‼️  *ราคานี้เฉพาะคลิปนี้เท่านั้น💌 #opendurianhowto #books  ##หนังสือฮีลใจ#หนังสือเล่มโปรด #หนังสือพัฒนา #รักตัวเอง #booktok ##thewitchesclubชมรมลับเปลี่ยนชีวิต  #boxset #คาปิบาร่า #ถ้าโลกมันแย่ก็แค่คิดแบบคาปิบาร่า #สวนหัวใจ #วันไหนที่ใจแข็งแรงดอกไม้จะผลิบาน #หมวกกันน็อก #helmetgirl #mayi #หนังสือพัฒนาตัวเอง #รักตัวเอง 
ไม่ระบุ,7498674067927485697,2025-04-29,หนังสือ ขอใช้ชีวิตที่เหลือ เพื่อตัวเองนะ,0.0,0,0.0,0.0,✨จากใจนักเขียน “คิ้วต่ำ” 💌 #ขอใช้ชีวิตที่เหลือเพื่อตัวเองนะ #opendurianhowto #books #หนังสือเล่มโปรด #คิ้วต่ำ #kiwtum #หนังสือพัฒนา #ประโยคฮีลใจ #เธรด #หนังสือพัฒนาตัวเอง #รักตัวเอง #tiktok #booktok 
ไม่ระบุ,7498327215487110421,2025-04-28,[พร้อมส่ง] หนังสือปีศาจตัวนั้น คือฉันเอง A Guide to Fighting the Demons in My Heart,0.0,0,0.0,0.0,📌หนังสือเล่มนี้อยากบอกคุณว่า…  #ปีศาจตัวนั้นคือฉันเอง #opendurianhowto #books #หนังสือเล่มโปรด #หนังสือพัฒนา #ความสัมพันธ์ #ความรัก #ประโยคฮีลใจ #มนุษย์เงินเดือน #งาน #pov #fyp #ฮิตในtiktok #ประโยคฮีลใจ 
ไม่ระบุ,7497575172258467080,2025-04-26,โอบกอดความไม่สมบูรณ์แบบของเธอ (Embrace Your Flaws),0.0,0,0.0,0.0,ตอบกลับ @💀Simon Rilly 💀  บทที่ 6 ไม่เป็นไร… เข้าใจ 🙂 #opendurianhowto #โอบกอดความไม่สมบูรณ์แบบของเธอ #books #imminimus #หนังสือเล่มโปรด #หนังสือพัฒนา #ความสัมพันธ์ #ความรัก #ประโยคฮีลใจ #เธรด #ฮิตในtiktok 
ไม่ระบุ,7497180165978606865,2025-04-25,[พร้อมส่ง] หนังสือปีศาจตัวนั้น คือฉันเอง A Guide to Fighting the Demons in My Heart,0.0,0,0.0,0.0,ใครที่ยัง Move On ไม่ได้💔 หนังสือเล่มนี้อยากบอกคุณว่า… #ปีศาจตัวนั้นคือฉันเอง #opendurianhowto #books #moveon #ความรัก #booktok #หนังสือพัฒนาตัวเอง #หนังสือฮีลใจ #เธรด #เศร้า #ประโยคฮีลใจ #รักตัวเอง #mayi #ฮิตในtiktok 
ไม่ระบุ,7497102624710233345,2025-04-25,BOXSET The Witches' Club ชมรมลับเปลี่ยนชีวิต,0.0,0,0.0,0.0,"พุ่งทยานสู่ยอดขาย🎉  10,000 เล่ม‼️ ภายใน 1 เดือน😱 #thewitchesclubชมรมลับเปลี่ยนชีวิต   #opendurianhowto #opendurianbooks #books #หนังสือฮีลใจ #หนังสือพัฒนาตัวเอง #รักตัวเอง #mayi #ฮิตในtiktok #ดูดวง #แมว #ทาสแมว "
ไม่ระบุ,7496451667861196049,2025-04-23,หนังสือ ขอใช้ชีวิตที่เหลือ เพื่อตัวเองนะ,0.0,0,0.0,0.0,หนังสือที่ทำให้อยากใช้ชีวิต “เพื่อตัวเองอีกครั้ง” #opendurianhowto #opendurianbooks #books #หนังสือฮีลใจ #หนังสือพัฒนาตัวเอง #kiwtum #คิ้วต่ํา #ขอใช้ชีวิตที่เหลือเพื่อตัวเองนะ #รักตัวเอง #booktok #fyp 
ไม่ระบุ,7496385428853984513,2025-04-23,BOXSET The Witches' Club ชมรมลับเปลี่ยนชีวิต,0.0,0,0.0,0.0,สุดคุ้ม‼️ Payday  หนังสือฮีลใจส่งฟรี💌  ✅เพียงซื้อตามเงื่อนไขนี้เท่านั้น ✨ #opendurianhowto #opendurianbooks #books #หนังสือฮีลใจ #หนังสือพัฒนาตัวเอง #คุ้มมาก #payday #ฮิตในtiktok 
ไม่ระบุ,7496385428853984513,2025-04-23,หนังสือ ขอใช้ชีวิตที่เหลือ เพื่อตัวเองนะ,0.0,0,0.0,0.0,สุดคุ้ม‼️ Payday  หนังสือฮีลใจส่งฟรี💌  ✅เพียงซื้อตามเงื่อนไขนี้เท่านั้น ✨ #opendurianhowto #opendurianbooks #books #หนังสือฮีลใจ #หนังสือพัฒนาตัวเอง #คุ้มมาก #payday #ฮิตในtiktok 
ไม่ระบุ,7496385428853984513,2025-04-23,หนังสือ ความลับสู่เงินล้านที่โรงเรียนไม่เคยสอน (The Millionaire's Top Secret),0.0,0,0.0,0.0,สุดคุ้ม‼️ Payday  หนังสือฮีลใจส่งฟรี💌  ✅เพียงซื้อตามเงื่อนไขนี้เท่านั้น ✨ #opendurianhowto #opendurianbooks #books #หนังสือฮีลใจ #หนังสือพัฒนาตัวเอง #คุ้มมาก #payday #ฮิตในtiktok 
ไม่ระบุ,7496385428853984513,2025-04-23,หนังสือ ชีวิตมีเรื่องให้ขอบคุณมากกว่าเสียใจ,0.0,0,0.0,0.0,สุดคุ้ม‼️ Payday  หนังสือฮีลใจส่งฟรี💌  ✅เพียงซื้อตามเงื่อนไขนี้เท่านั้น ✨ #opendurianhowto #opendurianbooks #books #หนังสือฮีลใจ #หนังสือพัฒนาตัวเอง #คุ้มมาก #payday #ฮิตในtiktok 
ไม่ระบุ,7496385428853984513,2025-04-23,โอบกอดความไม่สมบูรณ์แบบของเธอ (Embrace Your Flaws),0.0,0,0.0,0.0,สุดคุ้ม‼️ Payday  หนังสือฮีลใจส่งฟรี💌  ✅เพียงซื้อตามเงื่อนไขนี้เท่านั้น ✨ #opendurianhowto #opendurianbooks #books #หนังสือฮีลใจ #หนังสือพัฒนาตัวเอง #คุ้มมาก #payday #ฮิตในtiktok 
ไม่ระบุ,7496385428853984513,2025-04-23,BOXSET เมื่อโลกทั้งใบซ่อนอยู่ใต้หมวกกันน็อก (Helmet Girl),0.0,0,0.0,0.0,สุดคุ้ม‼️ Payday  หนังสือฮีลใจส่งฟรี💌  ✅เพียงซื้อตามเงื่อนไขนี้เท่านั้น ✨ #opendurianhowto #opendurianbooks #books #หนังสือฮีลใจ #หนังสือพัฒนาตัวเอง #คุ้มมาก #payday #ฮิตในtiktok 
ไม่ระบุ,7496385428853984513,2025-04-23,หนังสือ เมื่อโลกทั้งใบซ่อนอยู่ใต้หมวกกันน็อก (Helmet Girl),0.0,0,0.0,0.0,สุดคุ้ม‼️ Payday  หนังสือฮีลใจส่งฟรี💌  ✅เพียงซื้อตามเงื่อนไขนี้เท่านั้น ✨ #opendurianhowto #opendurianbooks #books #หนังสือฮีลใจ #หนังสือพัฒนาตัวเอง #คุ้มมาก #payday #ฮิตในtiktok 
ไม่ระบุ,7496385428853984513,2025-04-23,[พร้อมส่ง] Box set หนังสือถ้าโลกมันแย่ ก็แค่คิดแบบคาปิบาร่า (Think Like a Happybara),0.0,0,0.0,0.0,สุดคุ้ม‼️ Payday  หนังสือฮีลใจส่งฟรี💌  ✅เพียงซื้อตามเงื่อนไขนี้เท่านั้น ✨ #opendurianhowto #opendurianbooks #books #หนังสือฮีลใจ #หนังสือพัฒนาตัวเอง #คุ้มมาก #payday #ฮิตในtiktok 
ไม่ระบุ,7496385428853984513,2025-04-23,Boxset หนังสือวันไหนที่ใจแข็งแรง ดอกไม้จะผลิบาน (The Enchanted Garden) ฟรีของแถมใน Boxset ทุกเซ็ต,0.0,0,0.0,0.0,สุดคุ้ม‼️ Payday  หนังสือฮีลใจส่งฟรี💌  ✅เพียงซื้อตามเงื่อนไขนี้เท่านั้น ✨ #opendurianhowto #opendurianbooks #books #หนังสือฮีลใจ #หนังสือพัฒนาตัวเอง #คุ้มมาก #payday #ฮิตในtiktok 
ไม่ระบุ,7496385428853984513,2025-04-23,[พร้อมส่ง] หนังสือปีศาจตัวนั้น คือฉันเอง A Guide to Fighting the Demons in My Heart,0.0,0,0.0,0.0,สุดคุ้ม‼️ Payday  หนังสือฮีลใจส่งฟรี💌  ✅เพียงซื้อตามเงื่อนไขนี้เท่านั้น ✨ #opendurianhowto #opendurianbooks #books #หนังสือฮีลใจ #หนังสือพัฒนาตัวเอง #คุ้มมาก #payday #ฮิตในtiktok 
ไม่ระบุ,7495775268066381076,2025-04-21,BOXSET The Witches' Club ชมรมลับเปลี่ยนชีวิต,0.0,0,0.0,0.0,✨เติมสต็อกให้แล้ว ✅รีบซื้อ ด่วน‼️ ก่อนพรีออเดอร์  #thewitchesclubชมรมลับเปลี่ยนชีวิต  #opendurianhowto #opendurianbooks #books #booktok #รักตัวเอง #หนังสือฮีลใจ #หนังสือพัฒนาตัวเอง #ดวงวันนี้ #mayi #tiktokkuni #ฮิตในtiktok #คุ้มมาก  
ไม่ระบุ,7495007802440568084,2025-04-19,BOXSET The Witches' Club ชมรมลับเปลี่ยนชีวิต,0.0,0,0.0,0.0,🔮ดวงของคุณวันนี้จะเป็นอย่างไร? #opendurianhowto #thewitchesclubชมรมลับเปลี่ยนชีวิต #books #หนังสือฮีลใจ #booktok #รักตัวเอง #หนังสือพัฒนาตัวเอง #ดวงวันนี้ #เธรดหนังสือ 
ไม่ระบุ,7494686575222197521,2025-04-18,หนังสือ ทุกความทรงจำคือของขวัญจากวันวาน,0.0,0,0.0,0.0,หนังสือเล่มนี้บอกเอาไว้ว่า… #ทุกความทรงจำคือของขวัญจากวันวาน  #opendurianhowto #opendurianbooks #whenimfeeeling #หนังสือพัฒนาตัวเอง #หนังสือฮีลใจ #รักตัวเอง #fyp #books 
ไม่ระบุ,7494279999806033168,2025-04-17,หนังสือ ความลับสู่เงินล้านที่โรงเรียนไม่เคยสอน (The Millionaire's Top Secret),0.0,0,0.0,0.0,✅เงินมาจากไหน สิ่งที่เด็กรุ่นใหม่ต้องต้องคำถาม✨ #opendurianhowto #ความลับสู่เงินล้านที่โรงเรียนไม่เคยสอน #opendurianbooks #books #การเงิน #หนังสือพัฒนาตัวเอง #หนังสือการเงิน #booktok #เธรดหนังสือ #booktok 
ไม่ระบุ,7493908609043025172,2025-04-16,BOXSET The Witches' Club ชมรมลับเปลี่ยนชีวิต,0.0,0,0.0,0.0,✨2 เล่มขายดี📚 จากนักเขียน May-I 💓 #opendurianhowto #opendurianbooks #หนังสือฮีลใจ #ปีศาจตัวนั้นคือฉันเอง #ฮิตในtiktok #tiktokkuni #books #thewitchesclubชมรมลับเปลี่ยนชีวิต #mayi  
ไม่ระบุ,7493908609043025172,2025-04-16,[พร้อมส่ง] หนังสือปีศาจตัวนั้น คือฉันเอง A Guide to Fighting the Demons in My Heart,0.0,0,0.0,0.0,✨2 เล่มขายดี📚 จากนักเขียน May-I 💓 #opendurianhowto #opendurianbooks #หนังสือฮีลใจ #ปีศาจตัวนั้นคือฉันเอง #ฮิตในtiktok #tiktokkuni #books #thewitchesclubชมรมลับเปลี่ยนชีวิต #mayi  
ไม่ระบุ,7493172156906376449,2025-04-14,หนังสือ ขอใช้ชีวิตที่เหลือ เพื่อตัวเองนะ,0.0,0,0.0,0.0,“ก่อนนอน” อยากให้คุณได้อ่านประโยคนี้ จากหนังสือ “ขอใช้ชีวิตที่เหลือเพื่อตัวเองนะ” ❤️ #opendurianhowto #opendurianbooks #หนังสือฮีลใจ #เธรดหนังสือ #ขอใช้ชีวิตที่เหลือเพื่อตัวเองนะ #คิ้วต่ำ #หนังสือใหม่ #books #booktok #tiktokuni #ฮิตในtiktok #รักตัวเอง #loveyourself 
ไม่ระบุ,7492434914869021973,2025-04-12,BOXSET The Witches' Club ชมรมลับเปลี่ยนชีวิต,0.0,0,0.0,0.0,📌ฮีลใจตัวดัง 1000/10✅ กับ The Witches’ Club ชมรมลับเปลี่ยนชีวิต ✨ใครยังไม่มีรีบสั่งซื้อด่วน ‼️เดี๋ยวตกเทรนด์น้าาา 🤏🏻💖 #opendurianhowto #opendurianbooks #หนังสือฮีลใจ #เปลี่ยนมุมมอง #thewitchesclubชมรมลับเปลี่ยนชีวิต #Boxset #แม่มด #books #booktok #tiktokuni #mayi #ฮิตในtiktok #รักตัวเอง 
ไม่ระบุ,7492020857288658194,2025-04-11,[พร้อมส่ง] หนังสือถ้าโลกมันแย่ ก็แค่คิดแบบคาปิบาร่า (Think Like a Happybara),0.0,0,0.0,0.0,แถลงข่าว‼️ นักอ่านจับโป๊ะ ราคาหลังปกหนังสือไม่เท่ากัน .. ทำไมหลังปกมี 2 ราคา ? ทำไมไม่เท่ากัน ต่างกันตรงไหน ? แล้วราคาจริงเท่าไหร่กันแน่ ? 💢 จากกรณีเหตุการณ์ราคาหลังปกหนังสือ “ถ้าโลกมันแย่ก็แค่คิดแบบคาปิบาร่า” ที่เกิดขึ้นในงานสัปดาห์หนังสือที่ผ่านมา ในกรณีนี้ คุณนักเขียน “MAY-I” ผู้เขียนหนังสือ ขออนุญาตเป็นตัวแทน ใช้พื้นที่ชี้แจ้งเรื่องราวที่เกิดขึ้น ผ่านคลิปนี้เพื่อความเข้าใจที่ดีต่อกันนะคะ 😊 🙏🏻 แทนคำขอโทษนักอ่านและแฟนหนังสือสือทุกคน ทางสำนักพิมพ์ OpenDurian How-To ขอมอบส่วนลดราคาพิเศษ สำหรับการซื้อหนังสือเล่มนี้ 🧡 มาพร้อมของแถมสุดน่ารัก 🔖  สติกเกอร์สุดกวน 2 แผ่น 🔖  ที่คั่นหนังสือสุดน่ารัก 2 แผ่น ‍‍‍‍‍‍ #opendurianhowto #opendurianbooks #howto #หนังสือพัฒนาตัวเอง #หนังสือฮีลใจ #หนังสือจิตวิทยา #ถ้าโลกมันแย่ก็แค่คิดแบบคาปิบาร่า #happybara #หนังสือพัฒนาตัวเอง #BKKIBF2025 #งานหนังสือ68 #งานหนังสือ #สัปดาห์หนังสือแห่งชาติครั้งที่53
ไม่ระบุ,7491996475082181904,2025-04-11,สูตรเติมพลังใจ โอบกอดชีวิตที่แตกสลาย (ชีวิตมีเรื่องให้ขอบคุณมากกว่าเสียใจ + โอบกอดความไม่สมบูรณ์แบบของเธอ),0.0,0,0.0,0.0,📌2 เล่มฮีลใจขายดี🥇 ที่ทำให้คนอ่านน้ำตาไหลมากที่สุด🥺  #โอบกอดความไม่สมบูรณ์แบบของเธอ  #ชีวิตมีเรื่องให้ขอบคุณมากกว่าเสียใจ   #opendurianhowto #opendurianbooks #หนังสือฮีลใจ #รักตัวเอง #เปลี่ยนมุมมอง #น้ำตา #books #booktok #tiktokuni #imminimus #ปูปรุง #loveyourself #เธรดหนังสือ #อ่านตามtiktok 
ไม่ระบุ,7491631894702968072,2025-04-10,[พร้อมส่ง] Box set หนังสือถ้าโลกมันแย่ ก็แค่คิดแบบคาปิบาร่า (Think Like a Happybara),0.0,0,0.0,0.0,ตอบกลับ @มีดวงตาเป็นสระอิ ตอบกลับ @มีดวงตาเป็นสระอิ ✨มาแล้วจ้า รอบนี้กดให้ทันน้าาาา  เพราะโปรนี้ลดแรงมาก 🤏🏻‼️ ซื้อ 2 Boxset แค่ 999.- เอง  ✅แถมได้ไดอารี่ฮีลใจด้วย 💖 หรือถ้าอยากได้ Box เดี่ยว ๆ ก็เอาไปเลยแค่ 590 บาทเท่านั้น ‼️ #opendurianhowto #opendurianbooks#opendurianbooksร#รักตัวเองเ#เปลี่ยนมุมมองb#boxsetถ#ถ้าโลกมันแย่ก็แค่คิดแบบคาปิบาร่าt#thewitchesclubชมรมลับเปลี่ยนชีวิตเ#เธรดหนังสือb#booksbooktok 
ไม่ระบุ,7491628528253898005,2025-04-10,BOXSET The Witches' Club ชมรมลับเปลี่ยนชีวิต,0.0,0,0.0,0.0,ตอบกลับ @มีดวงตาเป็นสระอิ ✨มาแล้วจ้า รอบนี้กดให้ทันน้าาาา เพราะโปรนี้ลดแรงมาก 🤏🏻‼️ ซื้อ 2 Boxset แค่ 999.- เอง  แถมได้ไดอารี่ฮีลใจด้วย  หรือถ้าอยากได้ Box เดี่ยว ๆ ก็เอาไปเลยแค่ 590 บาทเท่านั้น ‼️ #opendurianhowto #opendurianbooks #หนังสือฮีลใจ #รักตัวเอง #เปลี่ยนมุมมอง #boxset #ถ้าโลกมันแย่ก็แค่คิดแบบคาปิบาร่า #thewitchesclubชมรมลับเปลี่ยนชีวิต #เธรดหนังสือ #books #booktok 
ไม่ระบุ,7491290736181251348,2025-04-09,หนังสือ กว่าจะคิดได้ก็ไม่มีลมหายใจแล้ว (It Is Never Too Late to Love Yourself),0.0,0,0.0,0.0,✨หนังสือดี ๆ แบบนี้ ก็ต้องซื้อแล้วมั้ย 💖 ✅เพื่อน ๆ ชอบเล่มไหนของ         📌OpenDurian How-To กันบ้าง  Comment บอกกันหน่อยนะ 🥹  #opendurianhowto #หนังสือฮีลใจ #opendurianbooks #tiktokuni #เธรดหนังสือ #สัมภาษณ์ #ปีศาจตัวนั้นคือตัวฉันเอง #กว่าจะคิดได้ก็ไม่มีลมหายใจแล้ว #เปลี่ยนมุมมอง #รักตัวเอง #ลูกค้า 
ไม่ระบุ,7491290736181251348,2025-04-09,[พร้อมส่ง] หนังสือปีศาจตัวนั้น คือฉันเอง A Guide to Fighting the Demons in My Heart,0.0,0,0.0,0.0,✨หนังสือดี ๆ แบบนี้ ก็ต้องซื้อแล้วมั้ย 💖 ✅เพื่อน ๆ ชอบเล่มไหนของ         📌OpenDurian How-To กันบ้าง  Comment บอกกันหน่อยนะ 🥹  #opendurianhowto #หนังสือฮีลใจ #opendurianbooks #tiktokuni #เธรดหนังสือ #สัมภาษณ์ #ปีศาจตัวนั้นคือตัวฉันเอง #กว่าจะคิดได้ก็ไม่มีลมหายใจแล้ว #เปลี่ยนมุมมอง #รักตัวเอง #ลูกค้า 
ไม่ระบุ,7490885467005586709,2025-04-08,หนังสือ ฉันจะมีชีวิตที่ดี (นักเขียนนามปากกา คิดมาก),0.0,0,0.0,0.0,หากคุณมี “ความเชื่อมั่น” ว่าคุณจะ “มีชีวิตที่ดี”  เราก็สามารถที่จะมี “ชีวิตที่ดีได้”  ขอขอบคุณ คุณ “ศร”  เจ้าของเพจ “คิดมาก”  ที่เขียนหนังสือดี ๆ แบบนี้มาให้พวกเราได้อ่านกัน #ฉันจะมีชีวิตที่ดี  #opendurianhowto #หนังสือฮีลใจ #loveyourself #books #booktok #tiktokuni #หนังสือ #เธรด #เธรดหนังสือ #เปลี่ยนมุมมอง #รักตัวเอง #opendurianbooks #คิดมาก #kidmak #อ่านตามtiktok #นักเขียน #สัมภาษณ์ 
ไม่ระบุ,7490572761484561681,2025-04-07,[พร้อมส่ง] Box set หนังสือถ้าโลกมันแย่ ก็แค่คิดแบบคาปิบาร่า (Think Like a Happybara),0.0,0,0.0,0.0,ให้วันจันทร์ของคุณ เป็นวันที่ดีที่สุดของสัปดาห์✨  มาเปลี่ยน Mindset ไปกับเล่มนี้  #ถ้าโลกมันแย่ก็แค่คิดแบบคาปิบาร่า 💖 #opendurianhowto #หนังสือฮีลใจ #loveyourself #วันจันทร์ #monday #books #Boxset #หนังสือ #booktok #bkkbooktok #tiktokuni #เธรดหนังสือ #อ่านตามtiktok #รักตัวเอง #เปลี่ยนมุมมอง #opendurianbooks 
ไม่ระบุ,7490572761484561681,2025-04-07,[พร้อมส่ง] หนังสือถ้าโลกมันแย่ ก็แค่คิดแบบคาปิบาร่า (Think Like a Happybara),0.0,0,0.0,0.0,ให้วันจันทร์ของคุณ เป็นวันที่ดีที่สุดของสัปดาห์✨  มาเปลี่ยน Mindset ไปกับเล่มนี้  #ถ้าโลกมันแย่ก็แค่คิดแบบคาปิบาร่า 💖 #opendurianhowto #หนังสือฮีลใจ #loveyourself #วันจันทร์ #monday #books #Boxset #หนังสือ #booktok #bkkbooktok #tiktokuni #เธรดหนังสือ #อ่านตามtiktok #รักตัวเอง #เปลี่ยนมุมมอง #opendurianbooks 
ไม่ระบุ,7489415787631922452,2025-04-04,หนังสือ ทุกความทรงจำคือของขวัญจากวันวาน,0.0,0,1.41,0.0,ถึง “เมษายน”  เดือนที่เต็มไปด้วยความทรงจำ😊 #opendurianhowto #หนังสือฮีลใจ #ทุกความทรงจำคือของขวัญจากวันวาน #loveyourself #books #tiktokuni #เธรดเศร้า #booktok #bkkbooktok #whenimfeeeling #ความทรงจำ #ไดอารี่ #เธรดหนังสือ #เศร้า #การจากลา 
ไม่ระบุ,7488996071109037333,2025-04-03,หนังสือ ยินดีต้อนรับและขอบคุณที่กลับมา,0.0,0,0.0,0.0,✨บทสัมภาษณ์ “คุณพราว” SUNDAYISBLISS เจ้าของผลงาน #ยินดีต้อนรับและขอบคุณที่กลับมา  ที่งานสัปดาห์หนังสือ ณ ศูนย์การประชุมแห่งชาติสิริกิติ์ 🏠  #opendurianhowto #หนังสือฮีลใจ #หนังสือ #tiktokuni #อ่านตามtiktok #books #home #บ้าน #loveyourself #เธรดหนังสือ #สัมภาษณ์ #นักเขียน #sundayisbliss #bkkbooktok 
ไม่ระบุ,7488653656363978002,2025-04-02,โอบกอดความไม่สมบูรณ์แบบของเธอ (Embrace Your Flaws),0.0,0,0.0,0.0,—ประโยคจากหนังสือ✨  “โอบกอดความไม่สมบูรณ์ของเธอ” เพราะคำว่า “ทำเต็มที่ที่สุด” ของแต่ละคนไม่เท่ากัน :) #opendurianhowto #opendurianbooks #loveyourself #หนังสือฮีลใจ #หนังสือ #tiktokuni #อ่านตามtiktok #booktok #books #bkkbooktok #คําคมสอนใจ #เธรดหนังสือ #เธรดเศร้า #ความสัมพันธ์ #อกหัก #หนังสือแนะนำ #อ่านหนังสือ #ความรัก  
ไม่ระบุ,7488315718967102737,2025-04-01,หนังสือ ทุกความทรงจำคือของขวัญจากวันวาน,0.0,0,0.0,0.0,📌ครั้งแรกเปิดตัวขายที่งานหนังสือ✨ กับ “ทุกความทรงจำคือของขวัญจากวันวาน” 💖 ผลงานใหม่ล่าสุด #whenimfeeeling  #ทุกความทรงจำคือของขวัญจากวันวาน #รักตัวเอง #หนังสือฮีลใจ #opendurianhowto #opendurianbooks #loveyourself #ไดอารี่ #งานหนังสือ2568 #ศูนย์การประชุมแห่งชาติสิริกิติ์ 
ไม่ระบุ,7488277511353175317,2025-04-01,หนังสือ The Witches' Club ชมรมลับเปลี่ยนชีวิต,0.0,0,0.0,0.0,ชมรมลับนี้ จะไม่ลับอีกต่อไป  เปิดตัวขายที่งานหนังสือครั้งแรก เล่มใหม่ล่าสุดกับ  #TheWitchesClubชมรมลับเปลี่ยนชีวิต #mayi #เมไอ #song #opendurianhowto #opendurianbooks #สัมภาษณ์ #หนังสือเล่มใหม่ #หนังสือฮีลใจ #แมว #แม่มด #รักตัวเอง #loveyourself #card #นักเขียน 
ไม่ระบุ,7488277511353175317,2025-04-01,BOXSET The Witches' Club ชมรมลับเปลี่ยนชีวิต,0.0,0,0.0,0.0,ชมรมลับนี้ จะไม่ลับอีกต่อไป  เปิดตัวขายที่งานหนังสือครั้งแรก เล่มใหม่ล่าสุดกับ  #TheWitchesClubชมรมลับเปลี่ยนชีวิต #mayi #เมไอ #song #opendurianhowto #opendurianbooks #สัมภาษณ์ #หนังสือเล่มใหม่ #หนังสือฮีลใจ #แมว #แม่มด #รักตัวเอง #loveyourself #card #นักเขียน 
ไม่ระบุ,7486721098743074069,2025-03-28,หนังสือ ทุกความทรงจำคือของขวัญจากวันวาน,0.0,0,0.0,0.0,✨PAYDAY X งานหนังสือ📚 ซื้อออนไลน์ก็ฮีลใจได้💖 📌รอบนี้ส่งฟรีทุกเล่มทุกออเดอร์ ✅ซื้อ 2 เล่ม ลด 5%  ✅ซื้อ 3 เล่ม ลดอีก 10%  โปรนี้แค่ 10 วันเท่านั้น‼️ ‼️ราคาเท่าหน้างานแน่นอน✨  #opendurianhowto #หนังสือเล่มใหม่ #หนังสือฮีลใจ #opendurianbooks #งานหนังสือ68 #รักตัวเอง #ลดแรง #ส่งฟรี #books #สิ้นเดือน #หนังสือเล่มโปรด  
ไม่ระบุ,7486721098743074069,2025-03-28,หนังสือ The Witches' Club ชมรมลับเปลี่ยนชีวิต,0.0,0,0.0,0.0,✨PAYDAY X งานหนังสือ📚 ซื้อออนไลน์ก็ฮีลใจได้💖 📌รอบนี้ส่งฟรีทุกเล่มทุกออเดอร์ ✅ซื้อ 2 เล่ม ลด 5%  ✅ซื้อ 3 เล่ม ลดอีก 10%  โปรนี้แค่ 10 วันเท่านั้น‼️ ‼️ราคาเท่าหน้างานแน่นอน✨  #opendurianhowto #หนังสือเล่มใหม่ #หนังสือฮีลใจ #opendurianbooks #งานหนังสือ68 #รักตัวเอง #ลดแรง #ส่งฟรี #books #สิ้นเดือน #หนังสือเล่มโปรด  
ไม่ระบุ,7486721098743074069,2025-03-28,หนังสือ ยินดีต้อนรับและขอบคุณที่กลับมา,0.0,0,0.0,0.0,✨PAYDAY X งานหนังสือ📚 ซื้อออนไลน์ก็ฮีลใจได้💖 📌รอบนี้ส่งฟรีทุกเล่มทุกออเดอร์ ✅ซื้อ 2 เล่ม ลด 5%  ✅ซื้อ 3 เล่ม ลดอีก 10%  โปรนี้แค่ 10 วันเท่านั้น‼️ ‼️ราคาเท่าหน้างานแน่นอน✨  #opendurianhowto #หนังสือเล่มใหม่ #หนังสือฮีลใจ #opendurianbooks #งานหนังสือ68 #รักตัวเอง #ลดแรง #ส่งฟรี #books #สิ้นเดือน #หนังสือเล่มโปรด  
ไม่ระบุ,7486721098743074069,2025-03-28,หนังสือ ฉันจะมีชีวิตที่ดี (นักเขียนนามปากกา คิดมาก),0.0,0,0.0,0.0,✨PAYDAY X งานหนังสือ📚 ซื้อออนไลน์ก็ฮีลใจได้💖 📌รอบนี้ส่งฟรีทุกเล่มทุกออเดอร์ ✅ซื้อ 2 เล่ม ลด 5%  ✅ซื้อ 3 เล่ม ลดอีก 10%  โปรนี้แค่ 10 วันเท่านั้น‼️ ‼️ราคาเท่าหน้างานแน่นอน✨  #opendurianhowto #หนังสือเล่มใหม่ #หนังสือฮีลใจ #opendurianbooks #งานหนังสือ68 #รักตัวเอง #ลดแรง #ส่งฟรี #books #สิ้นเดือน #หนังสือเล่มโปรด  
ไม่ระบุ,7486721098743074069,2025-03-28,หนังสือ ความลับสู่เงินล้านที่โรงเรียนไม่เคยสอน (The Millionaire's Top Secret),0.0,0,0.0,0.0,✨PAYDAY X งานหนังสือ📚 ซื้อออนไลน์ก็ฮีลใจได้💖 📌รอบนี้ส่งฟรีทุกเล่มทุกออเดอร์ ✅ซื้อ 2 เล่ม ลด 5%  ✅ซื้อ 3 เล่ม ลดอีก 10%  โปรนี้แค่ 10 วันเท่านั้น‼️ ‼️ราคาเท่าหน้างานแน่นอน✨  #opendurianhowto #หนังสือเล่มใหม่ #หนังสือฮีลใจ #opendurianbooks #งานหนังสือ68 #รักตัวเอง #ลดแรง #ส่งฟรี #books #สิ้นเดือน #หนังสือเล่มโปรด  
ไม่ระบุ,7486721098743074069,2025-03-28,หนังสือ ชีวิตมีเรื่องให้ขอบคุณมากกว่าเสียใจ,0.0,0,0.0,0.0,✨PAYDAY X งานหนังสือ📚 ซื้อออนไลน์ก็ฮีลใจได้💖 📌รอบนี้ส่งฟรีทุกเล่มทุกออเดอร์ ✅ซื้อ 2 เล่ม ลด 5%  ✅ซื้อ 3 เล่ม ลดอีก 10%  โปรนี้แค่ 10 วันเท่านั้น‼️ ‼️ราคาเท่าหน้างานแน่นอน✨  #opendurianhowto #หนังสือเล่มใหม่ #หนังสือฮีลใจ #opendurianbooks #งานหนังสือ68 #รักตัวเอง #ลดแรง #ส่งฟรี #books #สิ้นเดือน #หนังสือเล่มโปรด  
ไม่ระบุ,7486721098743074069,2025-03-28,โอบกอดความไม่สมบูรณ์แบบของเธอ (Embrace Your Flaws),0.0,0,0.0,0.0,✨PAYDAY X งานหนังสือ📚 ซื้อออนไลน์ก็ฮีลใจได้💖 📌รอบนี้ส่งฟรีทุกเล่มทุกออเดอร์ ✅ซื้อ 2 เล่ม ลด 5%  ✅ซื้อ 3 เล่ม ลดอีก 10%  โปรนี้แค่ 10 วันเท่านั้น‼️ ‼️ราคาเท่าหน้างานแน่นอน✨  #opendurianhowto #หนังสือเล่มใหม่ #หนังสือฮีลใจ #opendurianbooks #งานหนังสือ68 #รักตัวเอง #ลดแรง #ส่งฟรี #books #สิ้นเดือน #หนังสือเล่มโปรด  
ไม่ระบุ,7486721098743074069,2025-03-28,หนังสือ เมื่อโลกทั้งใบซ่อนอยู่ใต้หมวกกันน็อก (Helmet Girl),0.0,0,0.0,0.0,✨PAYDAY X งานหนังสือ📚 ซื้อออนไลน์ก็ฮีลใจได้💖 📌รอบนี้ส่งฟรีทุกเล่มทุกออเดอร์ ✅ซื้อ 2 เล่ม ลด 5%  ✅ซื้อ 3 เล่ม ลดอีก 10%  โปรนี้แค่ 10 วันเท่านั้น‼️ ‼️ราคาเท่าหน้างานแน่นอน✨  #opendurianhowto #หนังสือเล่มใหม่ #หนังสือฮีลใจ #opendurianbooks #งานหนังสือ68 #รักตัวเอง #ลดแรง #ส่งฟรี #books #สิ้นเดือน #หนังสือเล่มโปรด  
ไม่ระบุ,7486721098743074069,2025-03-28,[พร้อมส่ง] หนังสือถ้าโลกมันแย่ ก็แค่คิดแบบคาปิบาร่า (Think Like a Happybara),0.0,0,0.0,0.0,✨PAYDAY X งานหนังสือ📚 ซื้อออนไลน์ก็ฮีลใจได้💖 📌รอบนี้ส่งฟรีทุกเล่มทุกออเดอร์ ✅ซื้อ 2 เล่ม ลด 5%  ✅ซื้อ 3 เล่ม ลดอีก 10%  โปรนี้แค่ 10 วันเท่านั้น‼️ ‼️ราคาเท่าหน้างานแน่นอน✨  #opendurianhowto #หนังสือเล่มใหม่ #หนังสือฮีลใจ #opendurianbooks #งานหนังสือ68 #รักตัวเอง #ลดแรง #ส่งฟรี #books #สิ้นเดือน #หนังสือเล่มโปรด  
ไม่ระบุ,7486721098743074069,2025-03-28,[พร้อมส่ง] หนังสือปีศาจตัวนั้น คือฉันเอง A Guide to Fighting the Demons in My Heart,0.0,0,0.0,0.0,✨PAYDAY X งานหนังสือ📚 ซื้อออนไลน์ก็ฮีลใจได้💖 📌รอบนี้ส่งฟรีทุกเล่มทุกออเดอร์ ✅ซื้อ 2 เล่ม ลด 5%  ✅ซื้อ 3 เล่ม ลดอีก 10%  โปรนี้แค่ 10 วันเท่านั้น‼️ ‼️ราคาเท่าหน้างานแน่นอน✨  #opendurianhowto #หนังสือเล่มใหม่ #หนังสือฮีลใจ #opendurianbooks #งานหนังสือ68 #รักตัวเอง #ลดแรง #ส่งฟรี #books #สิ้นเดือน #หนังสือเล่มโปรด  
ไม่ระบุ,7486078369742785808,2025-03-26,หนังสือ The Witches' Club ชมรมลับเปลี่ยนชีวิต,0.0,0,0.0,0.0,…หากรู้สึกไม่ “มั่นใจ“ จงแกล้งทำเป็น ”มั่นใจ“ แล้วมันจะกลายเป็น ”ความมั่นใจ“ จริง ๆ :)  หวังว่าคนที่ดูคลิปนี้แล้ว  คุณจะ ”มั่นใจ“ มากขึ้นนะคะ❤️ #opendurianhowto #หนังสือเล่มใหม่ #thewitchesclubชมรมลับเปลี่ยนชีวิต #หนังสือฮีลใจ #loveyourself #podcast #ความมั่นใจ #รักตัวเอง #เป็นตัวเอง #books #เมไอ #mayi #opendurianbooks  
ไม่ระบุ,7486078369742785808,2025-03-26,BOXSET The Witches' Club ชมรมลับเปลี่ยนชีวิต,0.0,0,0.0,0.0,…หากรู้สึกไม่ “มั่นใจ“ จงแกล้งทำเป็น ”มั่นใจ“ แล้วมันจะกลายเป็น ”ความมั่นใจ“ จริง ๆ :)  หวังว่าคนที่ดูคลิปนี้แล้ว  คุณจะ ”มั่นใจ“ มากขึ้นนะคะ❤️ #opendurianhowto #หนังสือเล่มใหม่ #thewitchesclubชมรมลับเปลี่ยนชีวิต #หนังสือฮีลใจ #loveyourself #podcast #ความมั่นใจ #รักตัวเอง #เป็นตัวเอง #books #เมไอ #mayi #opendurianbooks  
ไม่ระบุ,7485698588207500545,2025-03-25,หนังสือ ทุกความทรงจำคือของขวัญจากวันวาน,0.0,0,0.0,0.0,✨หนังสือแจกฟรีทุกเล่ม!! มี 14 เล่ม เอาไปอ่านให้จุก ๆ กันไปเลย ใครอยากได้ดูคลิปให้จบน้าาา 💖  #opendurianhowto #ทุกความทรงจำคือของขวัญจากวันวาน #หนังสือเล่มใหม่ #หนังสือฮีลใจ #loveyourself #whenimfeeeling #ไดอารี่ #opendurianbooks #รักตัวเอง #แคมเปญ #ความทรงจำทำให้เราเติบโต  
ไม่ระบุ,7485306912053939472,2025-03-24,หนังสือ ทุกความทรงจำคือของขวัญจากวันวาน,0.0,0,0.0,0.0,📌ประโยคหลังปก จากหนังสือ #ทุกความทรงจำคือของขวัญจากวันวาน 💖 #opendurianhowto #หนังสือเล่มใหม่ #loveyourself #หนังสือฮีลใจ #whenimfeeeling #ไดอารี่ #diary #books #opendurianbooks #ประโยคฮีลใจ #รักตัวเอง #fyp 
ไม่ระบุ,7484579702896659728,2025-03-22,BOXSET The Witches' Club ชมรมลับเปลี่ยนชีวิต,0.0,0,28.48,0.0,✨5 ข้อคิด จากหนังสือ🔮 “The Witches’ Club  ชมรมลับเปลี่ยนชีวิต“  #หนังสือเล่มใหม่ #opendurianhowto #thewitchesclubชมรมลับเปลี่ยนชีวิต #ดูดวง #ข้อคิด #แม่มด #แมว #card #loveyourself #หนังสือฮีลใจ #opendurianbooks #books #ประโยคฮีลใจ 
ไม่ระบุ,7484202170615680257,2025-03-21,โอบกอดความไม่สมบูรณ์แบบของเธอ (Embrace Your Flaws),0.0,0,0.0,0.0,บทที่ 25  ขอบคุณสำหรับทุกอย่างที่ผ่านมา… สำหรับบางคน เราทำได้มากที่สุดเพียงคิดถึง สำหรับบางความทรงจำระกว่างกัน เราทำได้มากที่สุดแค่เพียงจดจำ … #opendurianhowto #opendurianbooks #books #โอบกอดความไม่สมบูรณ์แบบของเธอ #imminimus #หนังสือฮีลใจ #ประโยคฮีลใจ #loveyourself #เธรดเศร้า #อกหัก #ความรัก #เธรด #fyp 
ไม่ระบุ,7484164853645528321,2025-03-21,หนังสือ The Witches' Club ชมรมลับเปลี่ยนชีวิต,0.0,0,0.0,0.0,📌กดหยุดการ์ด เพื่อทำนายดวงของคุณ🔮 #thewitchesclubชมรมลับเปลี่ยนชีวิต  *ใครอยากได้การ์ดทำนายดวง แปะพิกัดไว้ให้แล้วน้าาา 💖* #opendurianhowto #thewitchesclubชมรมลับเปลี่ยนชีวิต #หนังสือเล่มใหม่ #ดูดวง #ข้อคิด #ไพ่ยิปซี #แม่มด #card #loveyourself #หนังสือฮีลใจ #opendurianbooks #books #เล่มโปรด #เล่มใหม่ #ดวง #คําทํานาย 
ไม่ระบุ,7484164853645528321,2025-03-21,BOXSET The Witches' Club ชมรมลับเปลี่ยนชีวิต,0.0,0,0.0,0.0,📌กดหยุดการ์ด เพื่อทำนายดวงของคุณ🔮 #thewitchesclubชมรมลับเปลี่ยนชีวิต  *ใครอยากได้การ์ดทำนายดวง แปะพิกัดไว้ให้แล้วน้าาา 💖* #opendurianhowto #thewitchesclubชมรมลับเปลี่ยนชีวิต #หนังสือเล่มใหม่ #ดูดวง #ข้อคิด #ไพ่ยิปซี #แม่มด #card #loveyourself #หนังสือฮีลใจ #opendurianbooks #books #เล่มโปรด #เล่มใหม่ #ดวง #คําทํานาย 
ไม่ระบุ,7483813689187978513,2025-03-20,หนังสือ ทุกความทรงจำคือของขวัญจากวันวาน,0.0,0,0.0,0.0,✨5 ข้อคิดจากหนังสือ💖 #ทุกความทรงจำคือของขวัญจากวันวาน  ผลงานใหม่ล่าสุดจาก✨ #whenimfeeeling  #หนังสือเล่มใหม่ #opendurianhowto #รักตัวเอง #books #ข้อคิด #opendurianbooks #loveyourself #ไดอารี่ #howto #เล่มโปรด 
ไม่ระบุ,7483812656911109393,2025-03-20,หนังสือ ทุกความทรงจำคือของขวัญจากวันวาน,0.0,0,0.0,0.0,📚เปิดตัวนักเขียนหนังสือเล่มใหม่  “ทุกความทรงจำ คือของขวัญจากวันวาน”  กับคุณ “บุ๋ม” เจ้าของนามปากกา #whenimfeeeling   #opendurianhowto  #opendurianbooks  #หนังสือฮีลใจ  #เล่มใหม่ #ใหม่ล่าสุด  #หนังสือพัฒนาตัวเอง  #หนังสือน่าอ่าน  #books #รักตัวเอง  #loveyourself  #ไดอารี่ 
ไม่ระบุ,7483487225569709329,2025-03-19,หนังสือ ขอใช้ชีวิตที่เหลือ เพื่อตัวเองนะ,0.0,0,0.0,0.0,📌ประโยคหลังปก ผลงานใหม่ล่าสุด “คิ้วต่ำ” #ขอใช้ชีวิตที่เหลือเพื่อตัวเองนะ #หนังสือเล่มใหม่ #opendurianhowto #คิ้วต่ํา #kiwtum #รักตัวเอง #books #หนังสือพัฒนาตัวเอง #ฮีลใจ #opendurianbooks #หนังสือน่าอ่าน #loveyourself 
ไม่ระบุ,7483144734874062097,2025-03-18,หนังสือ ทุกความทรงจำคือของขวัญจากวันวาน,0.0,0,0.0,0.0,“การเติบโตไม่ใช่การทิ้งอดีตและเดินหน้าต่อไป แต่คือการเรียนรู้ เข้าใจ และโอบกอดบางสิ่งไว้ในความทรงจำ” #ทุกความทรงจำคือของขวัญจากวันวาน  #หนังสือเล่มใหม่ #opendurianhowto #whenimfeeeling #หนังสือฮีลใจ #books #ไดอารี่ #howto #หนังสือน่าอ่าน  
ไม่ระบุ,7483088424421821712,2025-03-18,หนังสือ ทุกความทรงจำคือของขวัญจากวันวาน,0.0,0,0.0,0.0,Unboxing Newbook ✨ 📌ผลงานเล่มใหม่ล่าสุด จาก “Whenimfeeeling” 💖 #ทุกความทรงจำคือของขวัญจากวันวาน 🤏🏻 #opendurianhowto #opendurianbooks #whenimfeeeling #รักตัวเอง #หนังสือฮีลใจ #ใหม่ #หนังสือเล่มใหม่ #books #ไดอารี่ #howto #หนังสือน่าอ่าน 
ไม่ระบุ,7483053295599242512,2025-03-18,หนังสือ ขอใช้ชีวิตที่เหลือ เพื่อตัวเองนะ,0.0,0,0.0,0.0,เพิ่งเปิดตัวมา ก็กลายเป็นเล่มที่ทุกคนยกให้เป็นเล่มโปรด🥹  ✨สำหรับใครที่อยากได้ลายเซ็น#✨สําหรับใครที่อยากได้ลายเซ็นติม  ต้องห้ามพลาดน้าาา 📌  #opendurianhowto #opendurianbooks #รักตัวเอง #ขอใช้ชีวิตที่เหลือเพื่อตัวเองนะ #หนังสือฮีลใจ #เล่มโปรด #หนังสือพัฒนาตัวเอง #หนังสือน่าอ่าน #รักตัวเอง #loveyourself #คิ้วต่ํา #kiwtum 
ไม่ระบุ,7482721864045956369,2025-03-17,หนังสือ ทุกความทรงจำคือของขวัญจากวันวาน,0.0,0,0.0,0.0,📚เปิดตัวนักเขียนหนังสือเล่มใหม่  “ทุกความทรงจำ คือของขวัญจากวันวาน”  กับคุณ “บุ๋ม” เจ้าของนามปากกา #whenimfeeeling  #opendurianhowto #opendurianbooks #หนังสือฮีลใจ #เล่มใหม่ #ใหม่ล่าสุด #หนังสือพัฒนาตัวเอง #หนังสือน่าอ่าน #books #รักตัวเอง #loveyourself #ไดอารี่ 
ไม่ระบุ,7481983903721360641,2025-03-15,หนังสือ The Witches' Club ชมรมลับเปลี่ยนชีวิต,0.0,0,0.0,0.0,มาดูกันว่า “การ์ดทำนายดวง” อยากบอกอะไรคุณ🤣 #thewitchesclubชมรมลับเปลี่ยนชีวิต  #opendurianhowto #หนังสือฮีลใจ #หนังสือพัฒนาตัวเอง #opendurianbooks #howto #หนังสือจิตวิทยา #หนังสือน่าอ่าน 
ไม่ระบุ,7481983903721360641,2025-03-15,BOXSET The Witches' Club ชมรมลับเปลี่ยนชีวิต,0.0,0,0.0,0.0,มาดูกันว่า “การ์ดทำนายดวง” อยากบอกอะไรคุณ🤣 #thewitchesclubชมรมลับเปลี่ยนชีวิต  #opendurianhowto #หนังสือฮีลใจ #หนังสือพัฒนาตัวเอง #opendurianbooks #howto #หนังสือจิตวิทยา #หนังสือน่าอ่าน 
ไม่ระบุ,7481568158256532753,2025-03-14,หนังสือ ยินดีต้อนรับและขอบคุณที่กลับมา,0.0,0,0.0,0.0,หนังสือที่ทำให้รู้ว่า “ไม่เป็นไร” เป็นคำที่ปลอบใจที่ดีที่สุด❤️  #opendurianbooks #opendurianhowto #ประโยคฮีลใจ #หนังสือฮีลใจ #books #ดังมากในtiktok #sundayisbliss #ยินดีต้อนรับและขอบคุณที่กลับมา #ปลอบใจ #รักตัวเอง #loveyourself 
ไม่ระบุ,7481214734256065809,2025-03-13,หนังสือ The Witches' Club ชมรมลับเปลี่ยนชีวิต,0.0,0,0.0,0.0,✨มาแล้ว Mid Month Sale ‼️ กลางเดือนนี้ ฮีลใจลดทุกเล่ม😱 📌เพียง ซื้อ 2 เล่ม ลด 5% ✅ ซื้อ 3 เล่ม ลดไปเลย 10% ✅ *สนใจกดตะกร้าได้เลย*💖 #opendurianbooks  #opendurianhowto  #ประโยคฮีลใจ #midmonthsale  #หนังสือฮีลใจ  #books  #แนะนำหนังสือ #หนังสือเล่มใหม่  #หนังสือเล่มดัง  #ดังมากในtiktok 
ไม่ระบุ,7481214734256065809,2025-03-13,หนังสือ ขอใช้ชีวิตที่เหลือ เพื่อตัวเองนะ,0.0,0,0.0,0.0,✨มาแล้ว Mid Month Sale ‼️ กลางเดือนนี้ ฮีลใจลดทุกเล่ม😱 📌เพียง ซื้อ 2 เล่ม ลด 5% ✅ ซื้อ 3 เล่ม ลดไปเลย 10% ✅ *สนใจกดตะกร้าได้เลย*💖 #opendurianbooks  #opendurianhowto  #ประโยคฮีลใจ #midmonthsale  #หนังสือฮีลใจ  #books  #แนะนำหนังสือ #หนังสือเล่มใหม่  #หนังสือเล่มดัง  #ดังมากในtiktok 
ไม่ระบุ,7481214734256065809,2025-03-13,หนังสือ ยินดีต้อนรับและขอบคุณที่กลับมา,0.0,0,0.0,0.0,✨มาแล้ว Mid Month Sale ‼️ กลางเดือนนี้ ฮีลใจลดทุกเล่ม😱 📌เพียง ซื้อ 2 เล่ม ลด 5% ✅ ซื้อ 3 เล่ม ลดไปเลย 10% ✅ *สนใจกดตะกร้าได้เลย*💖 #opendurianbooks  #opendurianhowto  #ประโยคฮีลใจ #midmonthsale  #หนังสือฮีลใจ  #books  #แนะนำหนังสือ #หนังสือเล่มใหม่  #หนังสือเล่มดัง  #ดังมากในtiktok 
ไม่ระบุ,7481214734256065809,2025-03-13,หนังสือ ฉันจะมีชีวิตที่ดี (นักเขียนนามปากกา คิดมาก),0.0,0,0.0,0.0,✨มาแล้ว Mid Month Sale ‼️ กลางเดือนนี้ ฮีลใจลดทุกเล่ม😱 📌เพียง ซื้อ 2 เล่ม ลด 5% ✅ ซื้อ 3 เล่ม ลดไปเลย 10% ✅ *สนใจกดตะกร้าได้เลย*💖 #opendurianbooks  #opendurianhowto  #ประโยคฮีลใจ #midmonthsale  #หนังสือฮีลใจ  #books  #แนะนำหนังสือ #หนังสือเล่มใหม่  #หนังสือเล่มดัง  #ดังมากในtiktok 
ไม่ระบุ,7481214734256065809,2025-03-13,หนังสือ ชีวิตมีเรื่องให้ขอบคุณมากกว่าเสียใจ,0.0,0,0.0,0.0,✨มาแล้ว Mid Month Sale ‼️ กลางเดือนนี้ ฮีลใจลดทุกเล่ม😱 📌เพียง ซื้อ 2 เล่ม ลด 5% ✅ ซื้อ 3 เล่ม ลดไปเลย 10% ✅ *สนใจกดตะกร้าได้เลย*💖 #opendurianbooks  #opendurianhowto  #ประโยคฮีลใจ #midmonthsale  #หนังสือฮีลใจ  #books  #แนะนำหนังสือ #หนังสือเล่มใหม่  #หนังสือเล่มดัง  #ดังมากในtiktok 
ไม่ระบุ,7481214734256065809,2025-03-13,โอบกอดความไม่สมบูรณ์แบบของเธอ (Embrace Your Flaws),0.0,0,0.0,0.0,✨มาแล้ว Mid Month Sale ‼️ กลางเดือนนี้ ฮีลใจลดทุกเล่ม😱 📌เพียง ซื้อ 2 เล่ม ลด 5% ✅ ซื้อ 3 เล่ม ลดไปเลย 10% ✅ *สนใจกดตะกร้าได้เลย*💖 #opendurianbooks  #opendurianhowto  #ประโยคฮีลใจ #midmonthsale  #หนังสือฮีลใจ  #books  #แนะนำหนังสือ #หนังสือเล่มใหม่  #หนังสือเล่มดัง  #ดังมากในtiktok 
ไม่ระบุ,7481214734256065809,2025-03-13,หนังสือ เมื่อโลกทั้งใบซ่อนอยู่ใต้หมวกกันน็อก (Helmet Girl),0.0,0,0.0,0.0,✨มาแล้ว Mid Month Sale ‼️ กลางเดือนนี้ ฮีลใจลดทุกเล่ม😱 📌เพียง ซื้อ 2 เล่ม ลด 5% ✅ ซื้อ 3 เล่ม ลดไปเลย 10% ✅ *สนใจกดตะกร้าได้เลย*💖 #opendurianbooks  #opendurianhowto  #ประโยคฮีลใจ #midmonthsale  #หนังสือฮีลใจ  #books  #แนะนำหนังสือ #หนังสือเล่มใหม่  #หนังสือเล่มดัง  #ดังมากในtiktok 
ไม่ระบุ,7481214734256065809,2025-03-13,[พร้อมส่ง] หนังสือ ปีศาจความรัก มักเลือกฉันเป็นเหยื่อ [How to Fight the Love Demon in My Heart],0.0,0,0.0,0.0,✨มาแล้ว Mid Month Sale ‼️ กลางเดือนนี้ ฮีลใจลดทุกเล่ม😱 📌เพียง ซื้อ 2 เล่ม ลด 5% ✅ ซื้อ 3 เล่ม ลดไปเลย 10% ✅ *สนใจกดตะกร้าได้เลย*💖 #opendurianbooks  #opendurianhowto  #ประโยคฮีลใจ #midmonthsale  #หนังสือฮีลใจ  #books  #แนะนำหนังสือ #หนังสือเล่มใหม่  #หนังสือเล่มดัง  #ดังมากในtiktok 
ไม่ระบุ,7481214734256065809,2025-03-13,[พร้อมส่ง] หนังสือถ้าโลกมันแย่ ก็แค่คิดแบบคาปิบาร่า (Think Like a Happybara),0.0,0,0.0,0.0,✨มาแล้ว Mid Month Sale ‼️ กลางเดือนนี้ ฮีลใจลดทุกเล่ม😱 📌เพียง ซื้อ 2 เล่ม ลด 5% ✅ ซื้อ 3 เล่ม ลดไปเลย 10% ✅ *สนใจกดตะกร้าได้เลย*💖 #opendurianbooks  #opendurianhowto  #ประโยคฮีลใจ #midmonthsale  #หนังสือฮีลใจ  #books  #แนะนำหนังสือ #หนังสือเล่มใหม่  #หนังสือเล่มดัง  #ดังมากในtiktok 
ไม่ระบุ,7481214734256065809,2025-03-13,[พร้อมส่ง] หนังสือปีศาจตัวนั้น คือฉันเอง A Guide to Fighting the Demons in My Heart,0.0,0,0.0,0.0,✨มาแล้ว Mid Month Sale ‼️ กลางเดือนนี้ ฮีลใจลดทุกเล่ม😱 📌เพียง ซื้อ 2 เล่ม ลด 5% ✅ ซื้อ 3 เล่ม ลดไปเลย 10% ✅ *สนใจกดตะกร้าได้เลย*💖 #opendurianbooks  #opendurianhowto  #ประโยคฮีลใจ #midmonthsale  #หนังสือฮีลใจ  #books  #แนะนำหนังสือ #หนังสือเล่มใหม่  #หนังสือเล่มดัง  #ดังมากในtiktok 
ไม่ระบุ,7481198855309118737,2025-03-13,โอบกอดความไม่สมบูรณ์แบบของเธอ (Embrace Your Flaws),0.0,0,0.0,0.0,…เราอาจจะเคยซ่อนความรู้สึก ที่เจ็บปวดเอาไว้ภายในใจ #opendurianbooks #opendurianhowto  #ประโยคฮีลใจ #หนังสือฮีลใจ #โอบกอดความไม่สมบูรณ์แบบของเธอ #books #imminimus #เธรดเศร้า #เธรด #ทะเล 
ไม่ระบุ,7480496715015998728,2025-03-11,[พร้อมส่ง] หนังสือปีศาจตัวนั้น คือฉันเอง A Guide to Fighting the Demons in My Heart,0.0,0,0.0,0.0,กะว่าจะเอาหนังสือไปให้เธอ  แต่สมองเบลอ เมื่อเห็นเธอเดินกับเขา 🥲  #opendurianbooks #opendurianhowto #ประโยคฮีลใจ #หนังสือฮีลใจ #อกหัก #ความรัก #ปีศาจตัวนั้นคือตัวฉันเอง #books #ดังมากในtiktok #เธรดเศร้า #pov 
ไม่ระบุ,7480107180025253127,2025-03-10,BOXSET The Witches' Club ชมรมลับเปลี่ยนชีวิต,0.0,0,0.0,0.0,📌บทที่นักอ่านไม่ควรพลาด จากหนังสือ “The Witches’ Club  ชมรมลับเปลี่ยนชีวิต“ 🧙‍♀️ #opendurianbooks #opendurianhowto #books #แนะนำหนังสือ #หนังสือเล่มดัง #thewitchesclubชมรมลับเปลี่ยนชีวิต #หนังสือเล่มใหม่ #mayi #หนังสือฮีลใจ 
ไม่ระบุ,7479706902755020039,2025-03-09,หนังสือ ขอใช้ชีวิตที่เหลือ เพื่อตัวเองนะ,0.0,0,0.39,0.0,📌มีบทความจากหนังสือเล่มหนึ่ง เขาบอกว่า…  #opendurianbooks #opendurianhowto #books #แนะนำหนังสือ #หนังสือเล่มดัง #ขอใช้ชีวิตที่เหลือเพื่อตัวเองนะ #คิ้วต่ำ #หนังสือพัฒนาตัวเอง #ประโยคฮีลใจ #หนังสือเล่มโปรด 
ไม่ระบุ,7479048287241243911,2025-03-07,หนังสือ ขอใช้ชีวิตที่เหลือ เพื่อตัวเองนะ,0.0,0,0.12,0.0,📌ไหนใครตามมาจาก #books  บ้าง มีเล่มไหนถูกใจกันบ้าง ใครอยากได้เราแปะพิกัดให้แล้วน้าา💖 #แนะนำหนังสือ #opendurianbooks #opendurianhowto #books #หนังสือเล่มดัง #รักตัวเอง #loveyourself #หนังสือพัฒนาตัวเอง #ปีศาจตัวนั้นคือฉันเอง #โอบกอดความไม่สมบูรณ์แบบของเธอ #ยินดีต้อนรับและขอบคุณที่กลับมา #ฉันจะมีชีวิตที่ดี #ขอใช้ชีวิตที่เหลือเพื่อตัวเองนะ #คิ้วต่ำ #คิดมาก #imminimus #sundayisbliss #mayi 
ไม่ระบุ,7479048287241243911,2025-03-07,หนังสือ ยินดีต้อนรับและขอบคุณที่กลับมา,0.0,0,0.21,0.0,📌ไหนใครตามมาจาก #books  บ้าง มีเล่มไหนถูกใจกันบ้าง ใครอยากได้เราแปะพิกัดให้แล้วน้าา💖 #แนะนำหนังสือ #opendurianbooks #opendurianhowto #books #หนังสือเล่มดัง #รักตัวเอง #loveyourself #หนังสือพัฒนาตัวเอง #ปีศาจตัวนั้นคือฉันเอง #โอบกอดความไม่สมบูรณ์แบบของเธอ #ยินดีต้อนรับและขอบคุณที่กลับมา #ฉันจะมีชีวิตที่ดี #ขอใช้ชีวิตที่เหลือเพื่อตัวเองนะ #คิ้วต่ำ #คิดมาก #imminimus #sundayisbliss #mayi 
ไม่ระบุ,7479048287241243911,2025-03-07,หนังสือ ฉันจะมีชีวิตที่ดี (นักเขียนนามปากกา คิดมาก),0.0,0,0.02,0.0,📌ไหนใครตามมาจาก #books  บ้าง มีเล่มไหนถูกใจกันบ้าง ใครอยากได้เราแปะพิกัดให้แล้วน้าา💖 #แนะนำหนังสือ #opendurianbooks #opendurianhowto #books #หนังสือเล่มดัง #รักตัวเอง #loveyourself #หนังสือพัฒนาตัวเอง #ปีศาจตัวนั้นคือฉันเอง #โอบกอดความไม่สมบูรณ์แบบของเธอ #ยินดีต้อนรับและขอบคุณที่กลับมา #ฉันจะมีชีวิตที่ดี #ขอใช้ชีวิตที่เหลือเพื่อตัวเองนะ #คิ้วต่ำ #คิดมาก #imminimus #sundayisbliss #mayi 
ไม่ระบุ,7479048287241243911,2025-03-07,โอบกอดความไม่สมบูรณ์แบบของเธอ (Embrace Your Flaws),0.0,0,0.0,0.0,📌ไหนใครตามมาจาก #books  บ้าง มีเล่มไหนถูกใจกันบ้าง ใครอยากได้เราแปะพิกัดให้แล้วน้าา💖 #แนะนำหนังสือ #opendurianbooks #opendurianhowto #books #หนังสือเล่มดัง #รักตัวเอง #loveyourself #หนังสือพัฒนาตัวเอง #ปีศาจตัวนั้นคือฉันเอง #โอบกอดความไม่สมบูรณ์แบบของเธอ #ยินดีต้อนรับและขอบคุณที่กลับมา #ฉันจะมีชีวิตที่ดี #ขอใช้ชีวิตที่เหลือเพื่อตัวเองนะ #คิ้วต่ำ #คิดมาก #imminimus #sundayisbliss #mayi 
ไม่ระบุ,7479048287241243911,2025-03-07,[พร้อมส่ง] หนังสือปีศาจตัวนั้น คือฉันเอง A Guide to Fighting the Demons in My Heart,0.0,0,0.0,0.0,📌ไหนใครตามมาจาก #books  บ้าง มีเล่มไหนถูกใจกันบ้าง ใครอยากได้เราแปะพิกัดให้แล้วน้าา💖 #แนะนำหนังสือ #opendurianbooks #opendurianhowto #books #หนังสือเล่มดัง #รักตัวเอง #loveyourself #หนังสือพัฒนาตัวเอง #ปีศาจตัวนั้นคือฉันเอง #โอบกอดความไม่สมบูรณ์แบบของเธอ #ยินดีต้อนรับและขอบคุณที่กลับมา #ฉันจะมีชีวิตที่ดี #ขอใช้ชีวิตที่เหลือเพื่อตัวเองนะ #คิ้วต่ำ #คิดมาก #imminimus #sundayisbliss #mayi 
ไม่ระบุ,7478586068598590736,2025-03-06,BOXSET The Witches' Club ชมรมลับเปลี่ยนชีวิต,0.0,0,0.0,0.0,✨50 กฎลับ✡️ เปลี่ยนชีวิตให้มีความสุข🧙‍♀️ #thewitchesclubชมรมลับเปลี่ยนชีวิต #opendurianbooks #opendurianhowto #books #หนังสือเล่มใหม่ #newbooks #แม่มด #รักตัวเอง #magic #loveyourself #หนังสือพัฒนาตัวเอง #เล่มใหม่ #หนังสือเล่มโปรด #mayi  
ไม่ระบุ,7478311636466404624,2025-03-05,BOXSET The Witches' Club ชมรมลับเปลี่ยนชีวิต,0.0,0,0.0,0.0,✨สัมภาษณ์นักเขียน “คุณเม” ผู้เขียนหนังสือ The Witches’ Club  ชมรมลับเปลี่ยนชีวิต🧙‍♀️ ✡️ #opendurianbooks #opendurianhowto #books #หนังสือฮีลใจ #หนังสือเล่มใหม่ #newbooks #รักตัวเอง #แม่มด #loveyourself #thewitchesclubชมรมลับเปลี่ยนชีวิต 
ไม่ระบุ,7478262793351826705,2025-03-05,โอบกอดความไม่สมบูรณ์แบบของเธอ (Embrace Your Flaws),0.0,0,0.0,0.0,วันนี้คุณ…เหนื่อยไหม?  หากคุณเหนื่อยเหมือนกัน ให้ลองอ่านเล่มนี้ดู 🫂 #โอบกอดความไม่สมบูรณ์แบบของเธอ   #opendurianbooks #opendurianhowto #books #หนังสือพัฒนาตัวเอง #imminimus #หนังสือฮีลใจ #รักตัวเอง #loveyourself #หนังสือเล่มโปรด 
ไม่ระบุ,7477892548124495105,2025-03-04,BOXSET The Witches' Club ชมรมลับเปลี่ยนชีวิต,0.0,0,0.0,0.0,✨ASMR Unboxing❤️ (May-I) ครั้งแรกกับหนังสือเล่มใหม่ล่าสุด🎉 #opendurianbooks #opendurianhowto #books #หนังสือพัฒนาตัวเอง #asmr #เล่มใหม่ #thewitchesclubชมรมลับเปลี่ยนชีวิต #เมไอ #mayi #หนังสือฮีลใจ #ปรับmindset #รักตัวเอง #หนังสือเล่มโปรด #หนังสือดีบอกต่อ 
ไม่ระบุ,7477559415487417601,2025-03-03,หนังสือ ความลับสู่เงินล้านที่โรงเรียนไม่เคยสอน (The Millionaire's Top Secret),0.0,0,0.0,0.0,✅วางแผนเงินดี  = ชีวิตจะมีความสุข✨ #ความลับสู่เงินล้านที่โรงเรียนไม่เคยสอน #opendurianbooks #opendurianhowto #หนังสือพัฒนาตัวเอง #การเงิน #books #wealthblossoms #ปรับmindset #ออมเงิน #เก็บเงิน #ลงทุน 
ไม่ระบุ,7477123423580212488,2025-03-02,โอบกอดความไม่สมบูรณ์แบบของเธอ (Embrace Your Flaws),0.0,0,0.0,0.0,2 หนังสือขายดี ❤️ ที่คุณต้องมี! #opendurianhowto #opendurianbooks #หนังสือพัฒนาตัวเอง #รักตัวเอง #หนังสือเล่มโปรด #หนังสือฮีลใจ #หนังสือดีบอกต่อ #books #โอบกอดความไม่สมบูรณ์แบบของเธอ #ปีศาจตัวนั้นคือตัวฉันเอง #imminimus 
ไม่ระบุ,7477123423580212488,2025-03-02,[พร้อมส่ง] หนังสือปีศาจตัวนั้น คือฉันเอง A Guide to Fighting the Demons in My Heart,0.0,0,0.0,0.0,2 หนังสือขายดี ❤️ ที่คุณต้องมี! #opendurianhowto #opendurianbooks #หนังสือพัฒนาตัวเอง #รักตัวเอง #หนังสือเล่มโปรด #หนังสือฮีลใจ #หนังสือดีบอกต่อ #books #โอบกอดความไม่สมบูรณ์แบบของเธอ #ปีศาจตัวนั้นคือตัวฉันเอง #imminimus 
ไม่ระบุ,7476394996564839698,2025-02-28,หนังสือ ฉันจะมีชีวิตที่ดี (นักเขียนนามปากกา คิดมาก),0.0,0,0.0,0.0,เพราะสุดท้ายแล้ว  ชีวิตที่ดี คือชีวิตที่ตัวเราเลือกเอง  ขอแค่มีความเชื่อว่า “ตัวเราเอง” ก็มีชีวิตที่ดีได้ ❤️ #opendurianhowto #opendurianbooks #หนังสือพัฒนาตัวเอง #รักตัวเอง #หนังสือเล่มโปรด #หนังสือฮีลใจ #หนังสือดีบอกต่อ #books #ฉันจะมีชีวิตที่ดี #คิดมาก #kidmak #opendurian 
ไม่ระบุ,7475657989605707025,2025-02-26,[พร้อมส่ง] หนังสือปีศาจตัวนั้น คือฉันเอง A Guide to Fighting the Demons in My Heart,0.0,0,0.0,0.0,ความรู้สึกของคุณ “เม”  ผู้เขียนหนังสือ “ปีศาจตัวนั้นคือฉันเอง” ที่ได้รับรางวัลชนะเลิศอันดับ 1 #naiinreadersawards2024  #opendurianhowto #opendurianbooks #หนังสือพัฒนาตัวเอง #ปีศาจตัวนั้นคือฉันเอง #รักตัวเอง #นักเขียน #เมไอ #mayi 
ไม่ระบุ,7475306547778784513,2025-02-25,โอบกอดความไม่สมบูรณ์แบบของเธอ (Embrace Your Flaws),0.0,0,0.0,0.0,ขอบคุณข้อความที่ช่วยฮีลใจ 💖 จากหนังสือ “โอบกอดความไม่สมบูรณ์แบบของเธอ”  #opendurianhowto #opendurianbooks #หนังสือเล่มโปรด #หนังสือฮีลใจ #โอบกอดความไม่สมบูรณ์แบบของเธอ #imminimus #ความรัก #รักตัวเอง 
ไม่ระบุ,7474914631228640517,2025-02-24,หนังสือ ยินดีต้อนรับและขอบคุณที่กลับมา,0.0,0,0.0,0.0,5 เหตุผล✅ ที่หนังสือเล่มนี้ 📌ควรอยู่ข้างกายคุณ🫂 #opendurianhowto #opendurianbooks #หนังสือเล่มโปรด #หนังสือฮีลใจ #ใหม่ล่าสุด #เล่มใหม่ #รักตัวเอง #หนังสือพัฒนาตัวเอง #sundayisbliss #หนังสือดีบอกต่อ #เธรด #loveyourself 
ไม่ระบุ,7473900657590734086,2025-02-21,หนังสือ ขอใช้ชีวิตที่เหลือ เพื่อตัวเองนะ,0.0,0,0.0,0.0,✨บทไหนที่ “คิ้วต่ำ”  อยากแนะนำให้อ่าน🫶🏻  จากหนังสือ #ขอใช้ชีวิตที่เหลือเพื่อตัวเองนะ  #opendurianhowto #opendurianbooks #หนังสือดีบอกต่อ #หนังสือเล่มโปรด #หนังสือฮีลใจ #ใหม่ล่าสุด #เล่มใหม่ #รักตัวเอง #สัมภาษณ์ #นักเขียน 
ไม่ระบุ,7473412291304688913,2025-02-20,หนังสือ ขอใช้ชีวิตที่เหลือ เพื่อตัวเองนะ,0.0,0,27.61,0.0,3 หนังสือฮีลใจเล่มใหม่💖 ✅ อ่านแล้วรักตัวเอง 1000%  #opendurianhowto #opendurianbooks #หนังสือดีบอกต่อ #หนังสือเล่มโปรด #หนังสือฮีลใจ #ใหม่ล่าสุด #เล่มใหม่ #เธรด #รักตัวเอง #ขอใช้ชีวิตที่เหลือเพื่อตัวเองนะ #ยินดีตอนรับและขอบคุณที่กลับมา #ฉันจะมีชีวิตที่ดี #คิ้วต่ำ #sundayisbliss #คิดมาก #เธรดเศร้า #fyp #vibes 
ไม่ระบุ,7473412291304688913,2025-02-20,หนังสือ ยินดีต้อนรับและขอบคุณที่กลับมา,0.0,0,70.68,0.0,3 หนังสือฮีลใจเล่มใหม่💖 ✅ อ่านแล้วรักตัวเอง 1000%  #opendurianhowto #opendurianbooks #หนังสือดีบอกต่อ #หนังสือเล่มโปรด #หนังสือฮีลใจ #ใหม่ล่าสุด #เล่มใหม่ #เธรด #รักตัวเอง #ขอใช้ชีวิตที่เหลือเพื่อตัวเองนะ #ยินดีตอนรับและขอบคุณที่กลับมา #ฉันจะมีชีวิตที่ดี #คิ้วต่ำ #sundayisbliss #คิดมาก #เธรดเศร้า #fyp #vibes 
ไม่ระบุ,7473071596630969601,2025-02-19,หนังสือ ความลับสู่เงินล้านที่โรงเรียนไม่เคยสอน (The Millionaire's Top Secret),0.0,0,0.0,0.0,✨5 เทคนิค Manifest  เสกเงินให้ง่ายกว่าที่คิด💸🤑  #ความลับสู่เงินล้านที่โรงเรียนไม่เคยสอน #opendurianhowto #opendurianbooks #หนังสือดีบอกต่อ #หนังสือเล่มโปรด #หนังสือฮีลใจ #ใหม่ล่าสุด #wealthblossoms #เล่มใหม่ 
ไม่ระบุ,7473046328247864593,2025-02-19,หนังสือ ยินดีต้อนรับและขอบคุณที่กลับมา,0.0,0,149.34,0.0,📌3 หนังสือฮีลใจเล่มใหม่ ✅ อ่านแล้วรักตัวเอง1000/100 ✨ #opendurianhowto #opendurianbooks #หนังสือดีบอกต่อ #หนังสือเล่มโปรด #หนังสือฮีลใจ #หนังสือฮีลใจ #เล่มใหม่ #เธรด #รักตัวเอง #ขอใช้ชีวิตที่เหลือเพื่อตัวเองนะ #ยินดีต้อนรับและขอบคุณที่กลับมา #ฉันจะมีชีวิตที่ดี 
ไม่ระบุ,7473046328247864593,2025-02-19,หนังสือ ฉันจะมีชีวิตที่ดี (นักเขียนนามปากกา คิดมาก),0.0,0,5.73,0.0,📌3 หนังสือฮีลใจเล่มใหม่ ✅ อ่านแล้วรักตัวเอง1000/100 ✨ #opendurianhowto #opendurianbooks #หนังสือดีบอกต่อ #หนังสือเล่มโปรด #หนังสือฮีลใจ #หนังสือฮีลใจ #เล่มใหม่ #เธรด #รักตัวเอง #ขอใช้ชีวิตที่เหลือเพื่อตัวเองนะ #ยินดีต้อนรับและขอบคุณที่กลับมา #ฉันจะมีชีวิตที่ดี 
ไม่ระบุ,7472721057745603841,2025-02-18,หนังสือ ยินดีต้อนรับและขอบคุณที่กลับมา,0.0,0,0.0,0.0,🫶🏻อบอุ่นใจทุกครั้ง ที่หยิบเล่มนี้ขึ้นมาอ่าน🏠 #opendurianhowto #opendurianbooks #หนังสือดีบอกต่อ #หนังสือเล่มโปรด #หนังสือฮีลใจ #ประโยคฮีลใจ #ความรัก #เธรด #มาแรง #ยินดีตอนรับและขอบคุณที่กลับมา #sundayisbliss 
ไม่ระบุ,7472327366140890369,2025-02-17,หนังสือวันไหนที่ใจแข็งแรง ดอกไม้จะผลิบาน (The Enchanted Garden),0.0,0,0.0,0.0,มีบทหนึ่งในหนังสือ (เขาบอกว่า…) #opendurianhowto #opendurianbooks #หนังสือดีบอกต่อ #หนังสือเล่มโปรด #หนังสือฮีลใจ #ประโยคฮีลใจ #วันไหนที่ใจแข็งแรงดอกไม้จะผลิบาน #ดอกไม้ #ความรัก #ความสัมพันธ์ #เธรด 
ไม่ระบุ,7472210083397618945,2025-02-17,หนังสือ ขอใช้ชีวิตที่เหลือ เพื่อตัวเองนะ,0.0,0,0.0,0.0,นี่คือหนังสือเล่มใหม่  ที่ #มาแรง ในตอนนี้  #ขอใช้ชีวิตที่เหลือเพื่อตัวเองนะ #คิ้วต่ํา #opendurianhowto #opendurianbooks #หนังสือดีบอกต่อ #หนังสือเล่มโปรด #เล่มใหม่ #ใหม่ล่าสุด #หนังสือฮีลใจ #kiwtum 
ไม่ระบุ,7471210708202540304,2025-02-14,[พร้อมส่ง] หนังสือถ้าโลกมันแย่ ก็แค่คิดแบบคาปิบาร่า (Think Like a Happybara),0.0,0,0.0,0.0,มาดูกันว่าทำไมหนังสือ 2 เล่มนี้ ถึงได้รางวัลชนะเลิศ 🥇 NAIIN READERS’ AWARDS 2024  #ปีศาจตัวนั้นคือฉันเอง #ถ้าโลกมันแย่ก็แค่คิดแบบคาปิบาร่า #opendurianhowto  #opendurianbooks #naiin #naiinawards2024 #หนังสือฮีลใจ #หนังสือเล่มโปรด #หนังสือดีบอกต่อ 
ไม่ระบุ,7471210708202540304,2025-02-14,[พร้อมส่ง] หนังสือปีศาจตัวนั้น คือฉันเอง A Guide to Fighting the Demons in My Heart,0.0,0,50.57,0.0,มาดูกันว่าทำไมหนังสือ 2 เล่มนี้ ถึงได้รางวัลชนะเลิศ 🥇 NAIIN READERS’ AWARDS 2024  #ปีศาจตัวนั้นคือฉันเอง #ถ้าโลกมันแย่ก็แค่คิดแบบคาปิบาร่า #opendurianhowto  #opendurianbooks #naiin #naiinawards2024 #หนังสือฮีลใจ #หนังสือเล่มโปรด #หนังสือดีบอกต่อ 
ไม่ระบุ,7470126322103160065,2025-02-11,หนังสือ ฉันจะมีชีวิตที่ดี (นักเขียนนามปากกา คิดมาก),0.0,0,0.0,0.0,5 ประโยคเปลี่ยนชีวิต  จากหนังสือ “ฉันจะมีชีวิตที่ดี”  เขียนโดย “คุณคิดมาก”  #opendurianhowto #opendurianbooks #หนังสือพัฒนาตัวเอง #หนังสือฮีลใจ #ฉันจะมีชีวิตที่ดี #คิดมาก #รักตัวเอง #5ข้อคิด #ประโยคฮีลใจ 
ไม่ระบุ,7469731950199115025,2025-02-10,โอบกอดความไม่สมบูรณ์แบบของเธอ (Embrace Your Flaws),0.0,0,0.0,0.0,ส่วนที่ชอบที่สุดในหนังสือ  “โอบกอดความไม่สมบูรณ์แบบของเธอ” จาก “คุณมุก #imminimus ” ผู้เขียนหนังสือ #โอบกอดความไม่สมบูรณ์แบบของเธอ #  #opendurianhowto #opendurianbooks #หนังสือพัฒนาตัวเอง #หนังสือฮีลใจ #รักตัวเอง #loveyourself #เธรดเศร้า #valentinesday #วาเลนไทน์ #เธรด #สัมภาษณ์ #นักเขียน 
ไม่ระบุ,7469393674934291728,2025-02-09,[พร้อมส่ง] หนังสือปีศาจตัวนั้น คือฉันเอง A Guide to Fighting the Demons in My Heart,0.0,0,0.0,0.0,อย่ารอให้คนที่ไม่ใช่  กลายเป็นคนที่ใช่.. #opendurianhowto #opendurianbooks #หนังสือพัฒนาตัวเอง #หนังสือฮีลใจ #รักตัวเอง #loveyourself #ปีศาจตัวนั้นคือตัวฉันเอง #เธรดเศร้า #ความรัก #วาเลนไทน์ #2025 #valentinesday 
ไม่ระบุ,7468599824783330577,2025-02-07,[พร้อมส่ง] หนังสือปีศาจตัวนั้น คือฉันเอง A Guide to Fighting the Demons in My Heart,0.0,0,0.0,0.0,📌สิ่งที่ได้จากหนังสือเล่มนี้เมื่ออ่านจบ🫶🏻 ❤️สนใจหนังสือกดตะกร้าสินค้าในร้าน #opendurianhowto #opendurianbooks #หนังสือพัฒนาตัวเอง #หนังสือฮีลใจ #รักตัวเอง #loveyourself #ปีศาจตัวนั้นคือตัวฉันเอง #เธรดเศร้า #ประโยคฮีลใจ 
ไม่ระบุ,7467869612626005265,2025-02-05,หนังสือ ขอใช้ชีวิตที่เหลือ เพื่อตัวเองนะ,0.0,0,0.0,0.0,ประโยคหลังปกจากหนังสือ  “ขอใช้ชีวิตที่เหลือเพื่อตัวเองนะ” #opendurianhowto #opendurianbooks #หนังสือพัฒนาตัวเอง #หนังสือฮีลใจ #เล่มใหม่ #ขอใช้ชีวิตที่เหลือเพื่อตัวเองนะ #คิ้วต่ํา #kiwtum #ประโยคหลังปก #รักตัวเอง #loveyourself 
ไม่ระบุ,7467504937497316609,2025-02-04,[พร้อมส่ง] หนังสือปีศาจตัวนั้น คือฉันเอง A Guide to Fighting the Demons in My Heart,0.0,0,0.0,0.0,ต้องเสียใจอีกกี่ครั้ง?  ถึงจะเจอ…ความรักที่ดี ❤️ #opendurianhowto #opendurianbooks #หนังสือพัฒนาตัวเอง #หนังสือฮีลใจ #ประโยคฮีลใจ #ปีศาจตัวนั้นคือตัวฉันเอง #เธรด #รักตัวเอง #อกหัก #เศร้า #รักครั้งใหม่ #moveon #ความรัก 
ไม่ระบุ,7467143038431776001,2025-02-03,หนังสือ ขอใช้ชีวิตที่เหลือ เพื่อตัวเองนะ,0.0,0,0.0,0.0,✨คลิปนี้ มา Unboxing หนังสือเล่มใหม่ล่าสุดกันค่ะ ‼️ #opendurianhowto #opendurianbooks #หนังสือพัฒนาตัวเอง #หนังสือฮีลใจ #เล่มใหม่ #ขอใช้ชีวิตที่เหลือเพื่อตัวเองนะ #คิ้วต่ํา #kiwtum #ประโยคฮีลใจ #เธรด #รักตัวเอง #loveyourself 
ไม่ระบุ,7467090990382304530,2025-02-03,หนังสือ ขอใช้ชีวิตที่เหลือ เพื่อตัวเองนะ,0.0,0,0.0,0.0,ตอบกลับ @พอน พอน🇱🇦🌿🇹🇭  “ขอใช้ชีวิตที่เหลือเพื่อตัวเองนะ” ผลงานการเขียน โดยคุณคิ้วต่ำ  📘 หนังสือที่จะทำให้คุณรักตัวเอง ได้เก่งขึ้นกว่าที่เคย 🤍🤍 #open#opendurianhowton#OpenDurianBooksช#ขอใช้ชีวิตที่เหลือเพื่อตัวเองนะT#KIWTUM้วต่ำ#คิ้วต่ําฮีลใจ #หนังสือพัฒนาตัวเอง
ไม่ระบุ,7466761898252389648,2025-02-02,โอบกอดความไม่สมบูรณ์แบบของเธอ (Embrace Your Flaws),0.0,0,0.0,0.0,บทที่ 3 :  คนแปลกหน้าในฐานะคนรู้จัก  #opendurianhowto #opendurianbooks #หนังสือพัฒนาตัวเอง #หนังสือฮีลใจ #imminimus #โอบกอดความไม่สมบูรณ์แบบของเธอ #เธรด #เธรดเศร้า #หนังสือเล่มโปรด #รักตัวเอง 
ไม่ระบุ,7465275644885388545,2025-01-29,หนังสือ ยินดีต้อนรับและขอบคุณที่กลับมา,0.0,0,0.0,0.0,📌แค่ประโยคหลังปก ก็ฮีลใจไปแล้ว 100% 🫂🏠 #opendurianhowto #หนังสือฮีลใจ #เล่มใหม่ #ยินดีต้อนรับและขอบคุณที่กลับมา #sundayisbliss #หนังสือพัฒนาตัวเอง #หนังสือเล่มโปรด #หนังสือที่ควรอ่าน #รักตัวเอง 
ไม่ระบุ,7464903680056200465,2025-01-28,โอบกอดความไม่สมบูรณ์แบบของเธอ (Embrace Your Flaws),0.0,0,0.0,0.0,📌หนังสือ3 เล่มที่อยากแนะนำ📚 ก่อนจะถึงวันวาเลนไทน์💖 #opendurianhowto #หนังสือฮีลใจ #หนังสือจิตวิทยา #หนังสือพัฒนาตัวเอง #หนังสือเล่มโปรด #หนังสือที่ควรอ่าน #2025 #ความรัก #วาเลนไทน์ #เธรดเศร้า #อกหัก #รักตัวเอง 
ไม่ระบุ,7464903680056200465,2025-01-28,[พร้อมส่ง] หนังสือ ปีศาจความรัก มักเลือกฉันเป็นเหยื่อ [How to Fight the Love Demon in My Heart],0.0,0,0.0,0.0,📌หนังสือ3 เล่มที่อยากแนะนำ📚 ก่อนจะถึงวันวาเลนไทน์💖 #opendurianhowto #หนังสือฮีลใจ #หนังสือจิตวิทยา #หนังสือพัฒนาตัวเอง #หนังสือเล่มโปรด #หนังสือที่ควรอ่าน #2025 #ความรัก #วาเลนไทน์ #เธรดเศร้า #อกหัก #รักตัวเอง 
ไม่ระบุ,7464903680056200465,2025-01-28,หนังสือวันไหนที่ใจแข็งแรง ดอกไม้จะผลิบาน (The Enchanted Garden),0.0,0,0.0,0.0,📌หนังสือ3 เล่มที่อยากแนะนำ📚 ก่อนจะถึงวันวาเลนไทน์💖 #opendurianhowto #หนังสือฮีลใจ #หนังสือจิตวิทยา #หนังสือพัฒนาตัวเอง #หนังสือเล่มโปรด #หนังสือที่ควรอ่าน #2025 #ความรัก #วาเลนไทน์ #เธรดเศร้า #อกหัก #รักตัวเอง 
ไม่ระบุ,7463805452514626832,2025-01-25,BOXSET เมื่อโลกทั้งใบซ่อนอยู่ใต้หมวกกันน็อก (Helmet Girl),0.0,0,0.0,0.0,…เดือนแรกของปีกำลังจะผ่านไปแล้วนะ มีใครเริ่มต้นอะไรใหม่ ๆ แล้วหรือยัง?  #opendurianhowto #หนังสือฮีลใจ #หนังสือจิตวิทยา #หนังสือพัฒนาตัวเอง #หนังสือเล่มโปรด #หนังสือที่ควรอ่าน #2025 #หมวกกันน็อก #เมื่อโลกทั้งใบซ่อนอยู่ใต้หมวกกันน็อก #helmet 
ไม่ระบุ,7463805452514626832,2025-01-25,หนังสือ เมื่อโลกทั้งใบซ่อนอยู่ใต้หมวกกันน็อก (Helmet Girl),0.0,0,0.0,0.0,…เดือนแรกของปีกำลังจะผ่านไปแล้วนะ มีใครเริ่มต้นอะไรใหม่ ๆ แล้วหรือยัง?  #opendurianhowto #หนังสือฮีลใจ #หนังสือจิตวิทยา #หนังสือพัฒนาตัวเอง #หนังสือเล่มโปรด #หนังสือที่ควรอ่าน #2025 #หมวกกันน็อก #เมื่อโลกทั้งใบซ่อนอยู่ใต้หมวกกันน็อก #helmet 
ไม่ระบุ,7463049161202568449,2025-01-23,หนังสือ ฉันจะมีชีวิตที่ดี (นักเขียนนามปากกา คิดมาก),0.0,0,0.0,0.0,ทุกคนเคยตั้งคำถามกับตัวเองมั้ย? ว่าเรา “มีชีวิตอยู่ไปเพื่ออะไร”  #opendurianhowto #หนังสือฮีลใจ #หนังสือจิตวิทยา #หนังสือพัฒนาตัวเอง #หนังสือเล่มโปรด #หนังสือที่ควรอ่าน #ฉันจะมีชีวิตที่ดี #คิดมาก #kidmak #เธรด #เศร้า #รักตัวเอง 
ไม่ระบุ,7462688435157962000,2025-01-22,หนังสือ กว่าจะคิดได้ก็ไม่มีลมหายใจแล้ว (It Is Never Too Late to Love Yourself),0.0,0,0.0,0.0,✨ 5 ข้อคิดหลังอ่านเล่มนี้จบ 📚 #opendurianhowto #หนังสือฮีลใจ #หนังสือเล่มโปรด #หนังสือที่ควรอ่าน #2025 #กว่าจะคิดได้ก็ไม่มีลมหายใจแล้ว 
ไม่ระบุ,7462308974394658065,2025-01-21,[พร้อมส่ง] หนังสือปีศาจตัวนั้น คือฉันเอง A Guide to Fighting the Demons in My Heart,0.0,0,0.0,0.0,✨หนังสือเล่มนี้ที่อยากบอกคุณว่า… #opendurianhowto #หนังสือฮีลใจ #หนังสือเล่มโปรด #naiinaward2024 #ปีศาจตัวนั้นคือตัวฉันเอง #2025 #หนังสือที่ควรอ่าน #opendurianbooks 
ไม่ระบุ,7461912722876222736,2025-01-20,หนังสือ ยินดีต้อนรับและขอบคุณที่กลับมา,0.0,0,0.0,0.0,ยินดีต้อนรับกลับสู่พื้นที่ “หัวใจ” 🏠 #ยินดีต้อนรับและขอบคุณที่กลับมา #หนังสือเล่มใหม่ #opendurianhowto #2025 #หนังสือฮีลใจ #sundayisbliss #หนังสือที่ควรอ่าน #opendurianbooks 
ไม่ระบุ,7461190937625070849,2025-01-18,หนังสือ ยินดีต้อนรับและขอบคุณที่กลับมา,0.0,0,0.0,0.0,5 ข้อคิดจากหนังสือ📚 “ยินดีต้อนรับและขอบคุณที่กลับมา” #opendurianhowto #หนังสือเล่มใหม่ #2025 #หนังสือฮีลใจ #sundayisbliss #ยินดีต้อนรับและขอบคุณที่กลับมา #หนังสือที่ควรอ่าน #opendurianbooks 
ไม่ระบุ,7460826582450572561,2025-01-17,หนังสือ ยินดีต้อนรับและขอบคุณที่กลับมา,0.0,0,0.0,0.0,✨Unboxing 💖 หนังสือฮีลใจเล่มใหม่📚 ปี 2025 #opendurianhowto #หนังสือเล่มใหม่ #2025 #หนังสือฮีลใจ #sundayisbliss #ยินดีต้อนรับและขอบคุณที่กลับมา #หนังสือที่ควรอ่าน #unboxing #unbox #opendurianbooks 
ไม่ระบุ,7460078109589622017,2025-01-15,หนังสือ ความลับสู่เงินล้านที่โรงเรียนไม่เคยสอน (The Millionaire's Top Secret),0.0,0,0.0,0.0,✅5 ข้อที่ First Jobber👩‍💼 ❌มักพลาดตอนยื่นภาษีครั้งแรก‼️ #รีบดูก่อนโดนลบ #save #ความลับสู่เงินล้านที่โรงเรียนไม่เคยสอน #2025 #ภาษี #jobber #firstjob #หนังสือที่ควรอ่าน #opendurianhowto #หนังสือเล่มใหม่ #หนังสือพัฒนาตัวเอง 
ไม่ระบุ,7460019489887866129,2025-01-15,หนังสือ ฉันจะมีชีวิตที่ดี (นักเขียนนามปากกา คิดมาก),0.0,0,0.0,0.0,แนะนำ Top 3📚 📌หนังสือฮีลใจ 2025🩵 อ่านแล้วเปลี่ยนมุมมองชีวิต 100%  #opendurianhowto #หนังสือที่ควรอ่าน #2025 #หนังสือเล่มใหม่ #หนังสือฮีลใจ #เธรด #หนังสือที่ควรอ่าน #ฉันจะมีชีวิตที่ดี #โอบกอดความไม่สมบูรณ์แบบของเธอ #วันไหนที่ใจแข็งแรงเอกไม้จะผลิบาน 
ไม่ระบุ,7460019489887866129,2025-01-15,โอบกอดความไม่สมบูรณ์แบบของเธอ (Embrace Your Flaws),0.0,0,0.0,0.0,แนะนำ Top 3📚 📌หนังสือฮีลใจ 2025🩵 อ่านแล้วเปลี่ยนมุมมองชีวิต 100%  #opendurianhowto #หนังสือที่ควรอ่าน #2025 #หนังสือเล่มใหม่ #หนังสือฮีลใจ #เธรด #หนังสือที่ควรอ่าน #ฉันจะมีชีวิตที่ดี #โอบกอดความไม่สมบูรณ์แบบของเธอ #วันไหนที่ใจแข็งแรงเอกไม้จะผลิบาน 
ไม่ระบุ,7460019489887866129,2025-01-15,หนังสือวันไหนที่ใจแข็งแรง ดอกไม้จะผลิบาน (The Enchanted Garden),0.0,0,0.0,0.0,แนะนำ Top 3📚 📌หนังสือฮีลใจ 2025🩵 อ่านแล้วเปลี่ยนมุมมองชีวิต 100%  #opendurianhowto #หนังสือที่ควรอ่าน #2025 #หนังสือเล่มใหม่ #หนังสือฮีลใจ #เธรด #หนังสือที่ควรอ่าน #ฉันจะมีชีวิตที่ดี #โอบกอดความไม่สมบูรณ์แบบของเธอ #วันไหนที่ใจแข็งแรงเอกไม้จะผลิบาน 
ไม่ระบุ,7459587682394508545,2025-01-14,[พร้อมส่ง] Box set หนังสือถ้าโลกมันแย่ ก็แค่คิดแบบคาปิบาร่า (Think Like a Happybara),0.0,0,0.0,0.0,แด่ “มนุษย์เป็ด” ทุกคน 🫂 #opendurianhowto #หนังสือเล่มใหม่ #หนังสือพัฒนาตัวเอง #หนังสือที่ควรอ่าน #ถ้าโลกมันแย่ก็แค่คิดแบบคาปิบาร่า #boxset #2025 #มนุษย์เป็ด #เธรดเศร้า #เธรด #ขึ้นฟีดเถอะ 
ไม่ระบุ,7459587682394508545,2025-01-14,[พร้อมส่ง] หนังสือถ้าโลกมันแย่ ก็แค่คิดแบบคาปิบาร่า (Think Like a Happybara),0.0,0,0.0,0.0,แด่ “มนุษย์เป็ด” ทุกคน 🫂 #opendurianhowto #หนังสือเล่มใหม่ #หนังสือพัฒนาตัวเอง #หนังสือที่ควรอ่าน #ถ้าโลกมันแย่ก็แค่คิดแบบคาปิบาร่า #boxset #2025 #มนุษย์เป็ด #เธรดเศร้า #เธรด #ขึ้นฟีดเถอะ 
ไม่ระบุ,7459330777063443728,2025-01-13,รวมแพ็กจับคู่ฮีลใจ ชีวิตเฮงต้อนรับปีใหม่,0.0,0,0.0,0.0,🎧ตั้งใจฟังให้ดี !  Mid Month Sale นี้ จัดให้‼️ ทุกแพ็ก เหมาคู่ ราคาแค่ 660 บาท #opendurianhowto #หนังสือเล่มใหม่ #หนังสือพัฒนาตัวเอง #หนังสือที่ควรอ่าน #2025 #วันไหนที่ใจแข็งแรงเอกไม้จะผลิบาน #ถ้าโลกมันแย่ก็แค่คิดแบบคาปิบาร่า #เมื่อโลกทั้งใบซ่อนอยู่ใต้หมวกกันน็อก #ปีศาจตัวนั้นคือตัวฉันเอง #ปีศาจความรักมักเลือกฉันเป็นเหยื่อ #กว่าจะคิดได้ก็ไม่มีลมหายใจแล้ว 
ไม่ระบุ,7458229274638617857,2025-01-10,หนังสือ ยินดีต้อนรับและขอบคุณที่กลับมา,0.0,0,0.0,0.0,เขาว่ากันว่า “สถานที่ที่ปลอดภัยที่สุด  คือ ตัวเราเอง” 🏠 #opendurianhowto #หนังสือเล่มใหม่ #หนังสือพัฒนาตัวเอง #หนังสือที่ควรอ่าน #2025 #ยินดีต้อนรับและขอบคุณที่กลับมา #sundayisbliss 
ไม่ระบุ,7458228525871435025,2025-01-10,หนังสือ ยินดีต้อนรับและขอบคุณที่กลับมา,0.0,0,0.0,0.0,บทที่ 4 ว่าด้วย “จดหมายจากดวงจันทร์” จากหนังสือ “ยินดีต้อนรับและขอบคุณที่กลับมา” เป็นบทที่คุณพราว Sundayisbliss อยากแนะนำกับเพื่อน ๆ ทุกคนให้ลองได้อ่านกันค่ะ  #opendurianhowto #หนังสือเล่มใหม่ #หนังสือพัฒนาตัวเอง #หนังสือที่ควรอ่าน #2025 #ยินดีต้อนรับและขอบคุณที่กลับมา #sundayisbliss #ประโยคเด็ด 
ไม่ระบุ,7458224791653338385,2025-01-10,หนังสือ ยินดีต้อนรับและขอบคุณที่กลับมา,0.0,0,0.0,0.0,สัมภาษณ์ “คุณพราว Sundayisbliss”  เจ้าของผลงานหนังสือเล่มใหม่ล่าสุด ”ยินดีต้อนรับและขอบคุณที่กลับมา“ #opendurianhowto #หนังสือเล่มใหม่ #หนังสือพัฒนาตัวเอง #หนังสือที่ควรอ่าน #2025 #ยินดีต้อนรับและขอบคุณที่กลับมา #หนังสือที่ควรอ่าน #sundayisbliss 
ไม่ระบุ,7457506749726149889,2025-01-08,หนังสือ ชีวิตมีเรื่องให้ขอบคุณมากกว่าเสียใจ,0.0,0,0.0,0.0,🫂แด่ทุกการเริ่มต้นใหม่… เพราะทุกความเปลี่ยนแปลง  คือสิ่งที่ชีวิตกำลังมอบโอกาสให้เรา  #opendurianhowto #หนังสือเล่มใหม่ #หนังสือพัฒนาตัวเอง #หนังสือที่ควรอ่าน #2025 #ชีวิตมีเรื่องให้ขอบคุณมากกว่าเสียใจ #ปูปรุง #เธรด #เธรดเศร้า 
ไม่ระบุ,7457116055073262849,2025-01-07,หนังสือ ความลับสู่เงินล้านที่โรงเรียนไม่เคยสอน (The Millionaire's Top Secret),0.0,0,0.0,0.0,📍ปีใหม่นี้จะ Challenge ตัวเอง💸 แชร์วิธีเก็บเงินง่าย ๆ จากหนังสือ… #ความลับสู่เงินล้านที่โรงเรียนไม่เคยสอน  #opendurianhowto #หนังสือเล่มใหม่ #หนังสือการเงิน #หนังสือพัฒนาตัวเอง #2025 #เก็บเงิน #แชร์วิธีเก็บเงิน #เก็บเงิน #ออมเงิน 
ไม่ระบุ,7457098357987740929,2025-01-07,หนังสือ ความลับสู่เงินล้านที่โรงเรียนไม่เคยสอน (The Millionaire's Top Secret),0.0,0,0.0,0.0,📍ปีใหม่นี้จะ Challenge ตัวเอง💸 แชร์วิธีเก็บเงินง่าย ๆ จากหนังสือ… #ความลับสู่เงินล้านที่โรงเรียนไม่เคยสอน  #opendurianhowto #หนังสือเล่มใหม่ #หนังสือการเงิน #หนังสือพัฒนาตัวเอง #2025 #เก็บเงิน #แชร์วิธีเก็บเงิน #เก็บเงิน #ออมเงิน 
ไม่ระบุ,7455532863082073345,2025-01-03,หนังสือ ฉันจะมีชีวิตที่ดี (นักเขียนนามปากกา คิดมาก),0.0,0,0.0,0.0,มีประโยคในหนังสือเล่มหนึ่ง เขาบอกว่า …  #หนังสือฮีลใจ #opendurianhowto #หนังสือเล่มใหม่ #หนังสือพัฒนาตัวเอง #ฉันจะมีชีวิตที่ดี #คิดมาก #kidmak #รักตัวเอง #หนังสือที่ควรอ่าน #2025 #ปีใหม่ 
ไม่ระบุ,7452943081755675921,2024-12-27,หนังสือ ฉันจะมีชีวิตที่ดี (นักเขียนนามปากกา คิดมาก),0.0,0,0.01,0.0,✨หนังสือฮีลใจเล่มใหม่ล่าสุด จาก OpenDurian How-to มาแล้ว “ฉันจะมีชีวิตที่ดี”  #opendurianhowto #หนังสือฮีลใจ #หนังสือเล่มใหม่ #หนังสือพัฒนาตัวเอง #ฉันจะมีชีวิตที่ดี #คิดมาก #kidmak #รักตัวเอง #หนังสือที่ควรอ่าน #2025 
ไม่ระบุ,7452285172814335233,2024-12-25,[พร้อมส่ง] Box set หนังสือถ้าโลกมันแย่ ก็แค่คิดแบบคาปิบาร่า (Think Like a Happybara),0.0,0,0.0,0.0,✨ลดใหญ่ส่งท้ายปี🎄 ไปกับ Boxset คาปิบาร่า🌟 ของแถมเยอะมากก✅  ✨เพียง 590 บาทเท่านั้น‼️ #opendurianhowto #หนังสือฮีลใจ #คาปิบาร่า #Boxsetคาปิบาร่า #ถ้าโลกมันแย่ก็แค่คิดแบบคาปิบาร่า #ลดแรง #ปีใหม่2025 
ไม่ระบุ,7451907504335850768,2024-12-24,หนังสือ ฉันจะมีชีวิตที่ดี (นักเขียนนามปากกา คิดมาก),0.0,0,0.0,0.0,5 ข้อคิด 2024 ที่เลือกแล้วว่า  “ฉันจะมีชีวิตที่ดีขึ้น ในปี 2025 🌟Unboxing Newbook✨ #opendurianhowto #หนังสือฮีลใจ #หนังสือเล่มใหม่ #หนังสือพัฒนาตัวเอง #ฉันจะมีชีวิตที่ดี #คิดมาก #kidmak #ใหม่  
ไม่ระบุ,7450441923388542225,2024-12-20,หนังสือ ฉันจะมีชีวิตที่ดี (นักเขียนนามปากกา คิดมาก),0.0,0,0.0,0.0,…หลายครั้ง ที่เรามักตั้งคำถามกับตัวเอง ”ว่าทำไมชีวิตถึงยากขนาดนี้“ #opendurianhowto #หนังสือฮีลใจ #หนังสือเล่มใหม่ #หนังสือพัฒนาตัวเอง #ฉันจะมีชีวิตที่ดี #คิดมาก #kidmak 
ไม่ระบุ,7450358815100325136,2024-12-20,รวมแพ็กเปลี่ยนตัวเองเป็นคนใหม่ จากนักเขียนคนดัง,0.0,0,0.0,0.0,🎄PAYDAY นี้! 🎅 🎀รวมแพ็กฮีลใจเล่มใหม่📚 🌟พร้อมเริ่มต้นใหม่ในต้นปี🎉 #opendurianhowto #หนังสือฮีลใจ #หนังสือเล่มใหม่ #หนังสือพัฒนาตัวเอง #ชีวิตมีเรื่องให้ขอบคุณมากกว่าเสียใจ #ปูปรุง #โอบกอดความไม่สมบูรณ์แบบของเธอ #imminimus #รักตัวเอง #ฉันจะมีชีวิตที่ดี #คิดมาก #kidmak #ความลับสู่เงินล้านที่โรงเรียนไม่เคยสอน #wealthblossoms #การเงิน #ปีใหม่ #tiktokshopช้อปกันวันเงินออก #ช้อปกันวันเงินออก  #ลดราคาแรง #ไอเดียของขวัญ #โปรโมชั่นสุดคุ้ม
ไม่ระบุ,7450358815100325136,2024-12-20,รวมแพ็กยอดฮิต จากนักเขียนคนดัง,0.0,0,0.0,0.0,🎄PAYDAY นี้! 🎅 🎀รวมแพ็กฮีลใจเล่มใหม่📚 🌟พร้อมเริ่มต้นใหม่ในต้นปี🎉 #opendurianhowto #หนังสือฮีลใจ #หนังสือเล่มใหม่ #หนังสือพัฒนาตัวเอง #ชีวิตมีเรื่องให้ขอบคุณมากกว่าเสียใจ #ปูปรุง #โอบกอดความไม่สมบูรณ์แบบของเธอ #imminimus #รักตัวเอง #ฉันจะมีชีวิตที่ดี #คิดมาก #kidmak #ความลับสู่เงินล้านที่โรงเรียนไม่เคยสอน #wealthblossoms #การเงิน #ปีใหม่ #tiktokshopช้อปกันวันเงินออก #ช้อปกันวันเงินออก  #ลดราคาแรง #ไอเดียของขวัญ #โปรโมชั่นสุดคุ้ม
ไม่ระบุ,7450055345243737361,2024-12-19,สูตรเติมพลังใจ โอบกอดชีวิตที่แตกสลาย (ชีวิตมีเรื่องให้ขอบคุณมากกว่าเสียใจ + โอบกอดความไม่สมบูรณ์แบบของเธอ),0.0,0,0.0,0.0,2 หนังสือฮีลใจ เติมพลังงานบวก ในวันที่คุณรู้สึกแตกสลาย🫂 #opendurianhowto #หนังสือฮีลใจ #หนังสือเล่มใหม่ #หนังสือพัฒนาตัวเอง #ชีวิตมีเรื่องให้ขอบคุณมากกว่าเสียใจ #ปูปรุง #โอบกอดความไม่สมบูรณ์แบบของเธอ #imminimus #รักตัวเอง #เธรด #นักเขียน 
ไม่ระบุ,7450055345243737361,2024-12-19,หนังสือ ชีวิตมีเรื่องให้ขอบคุณมากกว่าเสียใจ,0.0,0,0.0,0.0,2 หนังสือฮีลใจ เติมพลังงานบวก ในวันที่คุณรู้สึกแตกสลาย🫂 #opendurianhowto #หนังสือฮีลใจ #หนังสือเล่มใหม่ #หนังสือพัฒนาตัวเอง #ชีวิตมีเรื่องให้ขอบคุณมากกว่าเสียใจ #ปูปรุง #โอบกอดความไม่สมบูรณ์แบบของเธอ #imminimus #รักตัวเอง #เธรด #นักเขียน 
ไม่ระบุ,7450055345243737361,2024-12-19,โอบกอดความไม่สมบูรณ์แบบของเธอ (Embrace Your Flaws),0.0,0,0.0,0.0,2 หนังสือฮีลใจ เติมพลังงานบวก ในวันที่คุณรู้สึกแตกสลาย🫂 #opendurianhowto #หนังสือฮีลใจ #หนังสือเล่มใหม่ #หนังสือพัฒนาตัวเอง #ชีวิตมีเรื่องให้ขอบคุณมากกว่าเสียใจ #ปูปรุง #โอบกอดความไม่สมบูรณ์แบบของเธอ #imminimus #รักตัวเอง #เธรด #นักเขียน 
ไม่ระบุ,7449705162190392592,2024-12-18,หนังสือ ชีวิตมีเรื่องให้ขอบคุณมากกว่าเสียใจ,0.0,0,0.0,0.0,…ขอบคุณชีวิตที่มีแมวเป็นเพื่อน🐈 #ชีวิตมีเรื่องให้ขอบคุณมากกว่าเสียใจ #opendurianhowto #หนังสือฮีลใจ #แมว #ทาสแมว #ทาสหมาทาสแมว #หนังสือเล่มโปรด #รักตัวเอง #หนังสือพัฒนาตัวเอง 
ไม่ระบุ,7449441455753399568,2024-12-17,หนังสือ ความลับสู่เงินล้านที่โรงเรียนไม่เคยสอน (The Millionaire's Top Secret),0.0,0,0.0,0.0,✨สัมภาษณ์คุณ “ตูน” เจ้าของเพจ Wealth Blossoms กับผลงานหนังสือใหม่ล่าสุด “ความลับสู่เงินล้านที่โรงเรียนไม่เคยสอน” 💸 #opendurianhowto #หนังสือเล่มใหม่ #หนังสือพัฒนาตัวเอง #เจ้าของเพจ #สัมภาษณ์ #ความลับสู่เงินล้านที่โรงเรียนไม่เคยสอน #นักเขียน 
ไม่ระบุ,7448479137506839825,2024-12-15,BOXSET เมื่อโลกทั้งใบซ่อนอยู่ใต้หมวกกันน็อก (Helmet Girl),0.0,0,0.0,0.0,📌แนะนำหนังสือ📚 สำหรับลูกที่พ่อแม่ควรซื้อให้อ่าน🧑‍🧑‍🧒 #opendurianhowto #หนังสือฮีลใจ #หนังสือเล่มโปรด #พ่อแม่ #ลูกมีปัญหา #เด็กมีปัญหา #หนังสือเล่มใหม่ #หมวกกันน็อค #เมื่อโลกทั้งใบซ่อนอยู่ใต้หมวกกันน็อก #mayi #หนังสือพัฒนาตัวเอง 
ไม่ระบุ,7448479137506839825,2024-12-15,หนังสือ เมื่อโลกทั้งใบซ่อนอยู่ใต้หมวกกันน็อก (Helmet Girl),0.0,0,0.0,0.0,📌แนะนำหนังสือ📚 สำหรับลูกที่พ่อแม่ควรซื้อให้อ่าน🧑‍🧑‍🧒 #opendurianhowto #หนังสือฮีลใจ #หนังสือเล่มโปรด #พ่อแม่ #ลูกมีปัญหา #เด็กมีปัญหา #หนังสือเล่มใหม่ #หมวกกันน็อค #เมื่อโลกทั้งใบซ่อนอยู่ใต้หมวกกันน็อก #mayi #หนังสือพัฒนาตัวเอง 
ไม่ระบุ,7447475182400310529,2024-12-12,หนังสือ กว่าจะคิดได้ก็ไม่มีลมหายใจแล้ว (It Is Never Too Late to Love Yourself),0.0,0,0.0,0.0,อยากให้ตัวเองในอนาคตได้อ่านประโยคนี้🫂 #opendurianhowto #หนังสือฮีลใจ #หนังสือเล่มใหม่ #กว่าจะคิดได้ก็ไม่มีลมหายใจแล้ว #เธรดเศร้า #เธรด #แนะนำหนังสือ #รักตัวเอง 
ไม่ระบุ,7447131171739208961,2024-12-11,โอบกอดความไม่สมบูรณ์แบบของเธอ (Embrace Your Flaws),0.0,0,0.0,0.0,5 เหตุผลที่คุณต้องซื้อหนังสือ “โอบกอดความไม่สมบูรณ์แบบของเธอ”🫂 #opendurianhowto #หนังสือฮีลใจ #หนังสือเล่มใหม่ #โอบกอดความไม่สมบูรณ์แบบของเธอ #imminimus #เธรดเศร้า #เธรด #แนะนำหนังสือ 
ไม่ระบุ,7447099520611110161,2024-12-11,หนังสือ ความลับสู่เงินล้านที่โรงเรียนไม่เคยสอน (The Millionaire's Top Secret),0.0,0,0.0,0.0,คุณเคยคิดไหม? ว่าทำไมเราถึงกลายเป็นที่ “ล้มเหลวทางการเงิน”🤑 #opendurianhowto #หนังสือฮีลใจ #หนังสือเล่มใหม่ #ความลับสู่เงินล้านที่โรงเรียนไม่เคยสอน #wealthblossoms #บริหารเงิน #การเงิน #หนังสือพัฒนาตัวเอง 
ไม่ระบุ,7446721840162147601,2024-12-10,หนังสือ ความลับสู่เงินล้านที่โรงเรียนไม่เคยสอน (The Millionaire's Top Secret),0.0,0,0.0,0.0,✨นี่คือหนังสือสรุปการเงินให้เข้าใจง่าย(ฉบับ Gen-Z) 💸 (Unbox) #opendurianhowto #หนังสือฮีลใจ #หนังสือเล่มใหม่ #ความลับสู่เงินล้านที่โรงเรียนไม่เคยสอน #wealthblossoms #บริหารเงิน #genz #การเงิน #หนังสือเล่มใหม่  #unboxing 
ไม่ระบุ,7446249993381399825,2024-12-09,โซนฟื้นฟู โอบกอดหัวใจ (หนังสือ ถ้าโลกมันแย่ ก็แค่คิดแบบคาปิบาร่า + เมื่อโลกทั้งใบซ่อนอยู่ใต้หมวกกันน็อก + ปีศาจความรัก),0.0,0,0.0,0.0,🗓️12.12 นี้ แจกสุขส่งท้ายปี🎉 📍พิเศษให้คุ้มถึง 3 ต่อ🎊 ✅ทั้งหมดนี้ให้แค่เฉพาะซื้อจากคลิปนี้ และโปร 12.12 เท่านั้น❗️ #opendurianhowto #หนังสือพัฒนาตัวเอง #หนังสือฮีลใจ #1212 #รักตัวเอง #หนังสือเล่มใหม่ #tiktokshop1212ลดอลังแห่งปี #ลดอลังแห่งปี #tiktokshop1212th 
ไม่ระบุ,7446249993381399825,2024-12-09,แพ็ก (น่าอ่าน) สูตรฟื้นฟูพัฒนาใจ  (หนังสือปีศาจตัวนั้นคือฉันเอง + ถ้าโลกมันแย่ ก็แค่คิดแบบคาปิบาร่า + Me You Pluto),0.0,0,0.0,0.0,🗓️12.12 นี้ แจกสุขส่งท้ายปี🎉 📍พิเศษให้คุ้มถึง 3 ต่อ🎊 ✅ทั้งหมดนี้ให้แค่เฉพาะซื้อจากคลิปนี้ และโปร 12.12 เท่านั้น❗️ #opendurianhowto #หนังสือพัฒนาตัวเอง #หนังสือฮีลใจ #1212 #รักตัวเอง #หนังสือเล่มใหม่ #tiktokshop1212ลดอลังแห่งปี #ลดอลังแห่งปี #tiktokshop1212th 
ไม่ระบุ,7446249993381399825,2024-12-09,โซนเติมพลัง พักผ่อนใจ (หนังสือ  ปีศาจตัวนั้น + ถ้าโลกมันแย่ ก็แค่คิดแบบคาปิบาร่า + วันไหนที่ใจแข็งแรง ดอกไม้จะผลิบาน),0.0,0,0.0,0.0,🗓️12.12 นี้ แจกสุขส่งท้ายปี🎉 📍พิเศษให้คุ้มถึง 3 ต่อ🎊 ✅ทั้งหมดนี้ให้แค่เฉพาะซื้อจากคลิปนี้ และโปร 12.12 เท่านั้น❗️ #opendurianhowto #หนังสือพัฒนาตัวเอง #หนังสือฮีลใจ #1212 #รักตัวเอง #หนังสือเล่มใหม่ #tiktokshop1212ลดอลังแห่งปี #ลดอลังแห่งปี #tiktokshop1212th 
ไม่ระบุ,7445124290153893136,2024-12-06,หนังสือ ความลับสู่เงินล้านที่โรงเรียนไม่เคยสอน (The Millionaire's Top Secret),0.0,0,0.0,0.0,✨แจกทริค !! บริหารเงินง่าย ๆ💸 ด้วยกฎ 50 30 20 ‼️ #opendurianhowto #หนังสือพัฒนาตัวเอง #การเงิน #กฎ503020 #เก็บเงิน #บริหารเงิน #รวย ##ความลับสู่เงินล้านที่โรงเรียนไม่เคยสอน##การเงิน##wealthblossoms#หนังสือการเงิน 
ไม่ระบุ,7444497145048206609,2024-12-04,Boxset หนังสือวันไหนที่ใจแข็งแรง ดอกไม้จะผลิบาน (The Enchanted Garden) ฟรีของแถมใน Boxset ทุกเซ็ต,0.0,0,0.0,0.0,…สวัสดีธันวาคมเดือนสิบสอง… #opendurianhowto #หนังสือฮีลใจ #หนังสือพัฒนาตัวเอง #สวนดอกไม้ #วันไหนที่ใจแข็งแรงดอกไม้จะผลิบาน #รักตัวเอง #ปีใหม่ #boxset 
ไม่ระบุ,7444497145048206609,2024-12-04,หนังสือวันไหนที่ใจแข็งแรง ดอกไม้จะผลิบาน (The Enchanted Garden),0.0,0,0.0,0.0,…สวัสดีธันวาคมเดือนสิบสอง… #opendurianhowto #หนังสือฮีลใจ #หนังสือพัฒนาตัวเอง #สวนดอกไม้ #วันไหนที่ใจแข็งแรงดอกไม้จะผลิบาน #รักตัวเอง #ปีใหม่ #boxset 
ไม่ระบุ,7444146267585907969,2024-12-03,หนังสือ ความลับสู่เงินล้านที่โรงเรียนไม่เคยสอน (The Millionaire's Top Secret),0.0,0,0.0,0.0,แชร์ 5 เทคนิคเก็บเงินง่าย ๆ💸 📌ที่ได้ผลแน่นอน 100%  (จากคุณตูน เจ้าของเพจ Wealth Blosssoms) 🙏🏻  #ความลับสู่เงินล้านที่โรงเรียนไม่เคยสอน #การเงิน #opendurianhowto #wealthblossoms #หนังสือการเงิน #ทริคเก็บเงิน #หนังสือเล่มใหม่ 
ไม่ระบุ,7444033046493334785,2024-12-03,หนังสือ ความลับสู่เงินล้านที่โรงเรียนไม่เคยสอน (The Millionaire's Top Secret),0.0,0,0.0,0.0,5 เรื่องที่เข้าใจผิด‼️ ที่ขวางเส้นทางสู่เงินล้าน 🤑 #opendurianhowto ##howto #ความลับสู่เงินล้านที่โรงเรียนไม่เคยสอน #การเงิน #เก็บเงิน  #themillionistopsecret #หนังสือเล่มใหม่ #wealthblossoms #หนังสือการเงิน 
ไม่ระบุ,7442656116741360917,2024-11-29,BOXSET เมื่อโลกทั้งใบซ่อนอยู่ใต้หมวกกันน็อก (Helmet Girl),0.0,0,0.0,0.0,🫂Women to Women👩‍💼 (มีอะไรอยากบอกผู้หญิงด้วยกันมั้ย) #opendurianhowto #หนังสือฮีลใจ #หนังสือพัฒนาตัวเอง #helmetgirl #หมวกกันน็อก #รักตัวเอง #womentowomen #ผู้หญิง #เมื่อโลกทั้งใบซ่อนอยู่ใต้หมวกกันน็อก #mayi 
ไม่ระบุ,7442656116741360917,2024-11-29,หนังสือ เมื่อโลกทั้งใบซ่อนอยู่ใต้หมวกกันน็อก (Helmet Girl),0.0,0,0.0,0.0,🫂Women to Women👩‍💼 (มีอะไรอยากบอกผู้หญิงด้วยกันมั้ย) #opendurianhowto #หนังสือฮีลใจ #หนังสือพัฒนาตัวเอง #helmetgirl #หมวกกันน็อก #รักตัวเอง #womentowomen #ผู้หญิง #เมื่อโลกทั้งใบซ่อนอยู่ใต้หมวกกันน็อก #mayi 
ไม่ระบุ,7441921532269563156,2024-11-27,แพ็กคู่ปีศาจ! หนังสือปีศาจตัวนั้นคือฉันเอง + ปีศาจความรัก,0.0,0,0.0,0.0,แนะนำ 2 หนังสือฮีลใจ ที่เหมือนมีเพื่อนให้คำปรึกษา  #opendurianhowto #หนังสือฮีลใจ #หนังสือพัฒนาตัวเอง #หนังสือเล่มใหม่ #ปีศาจความรักมักเลือกฉันเป็นเหยื่อ #ปีศาจตัวนั้นคือตัวฉันเอง #รักตัวเอง 
ไม่ระบุ,7441921532269563156,2024-11-27,[พร้อมส่ง] หนังสือ ปีศาจความรัก มักเลือกฉันเป็นเหยื่อ [How to Fight the Love Demon in My Heart],0.0,0,0.0,0.0,แนะนำ 2 หนังสือฮีลใจ ที่เหมือนมีเพื่อนให้คำปรึกษา  #opendurianhowto #หนังสือฮีลใจ #หนังสือพัฒนาตัวเอง #หนังสือเล่มใหม่ #ปีศาจความรักมักเลือกฉันเป็นเหยื่อ #ปีศาจตัวนั้นคือตัวฉันเอง #รักตัวเอง 
ไม่ระบุ,7441921532269563156,2024-11-27,[พร้อมส่ง] หนังสือปีศาจตัวนั้น คือฉันเอง A Guide to Fighting the Demons in My Heart,0.0,0,0.0,0.0,แนะนำ 2 หนังสือฮีลใจ ที่เหมือนมีเพื่อนให้คำปรึกษา  #opendurianhowto #หนังสือฮีลใจ #หนังสือพัฒนาตัวเอง #หนังสือเล่มใหม่ #ปีศาจความรักมักเลือกฉันเป็นเหยื่อ #ปีศาจตัวนั้นคือตัวฉันเอง #รักตัวเอง 
ไม่ระบุ,7441803442407935253,2024-11-27,หนังสือ กว่าจะคิดได้ก็ไม่มีลมหายใจแล้ว (It Is Never Too Late to Love Yourself),0.0,0,0.0,0.0,5 คำเตือนสุดท้ายของชีวิต …ก่อนจะสายเกินไป #opendurianhowto #หนังสือฮีลใจ #หนังสือพัฒนาตัวเอง #กว่าจะคิดได้ก็ไม่มีลมหายใจแล้ว #หนังสือเล่มใหม่ #รักตัวเอง 
ไม่ระบุ,7441146337502006545,2024-11-25,[พร้อมส่ง] Box set หนังสือถ้าโลกมันแย่ ก็แค่คิดแบบคาปิบาร่า (Think Like a Happybara),0.0,0,0.0,0.0,…ความสมบูรณ์แบบ (ไม่มีอยู่จริง)  ข้อคิดจากคุณแม่คาปิบาร่า จากหนังสือ ถ้าโลกมันแย่ก็แค่คิดแบบตาปิบาร่า 💖 #opendurianhowto #หนังสือฮีลใจ #หนังสือพัฒนาตัวเอง #แนะนำหนังสือ #ถ้าโลกมันแย่ก็แค่คิดแบบคาปิบาร่า #เธรดเศร้า #boxset #ความไม่สมบูรณ์แบบ #รักตัวเอง 
ไม่ระบุ,7441146337502006545,2024-11-25,[พร้อมส่ง] หนังสือถ้าโลกมันแย่ ก็แค่คิดแบบคาปิบาร่า (Think Like a Happybara),0.0,0,0.0,0.0,…ความสมบูรณ์แบบ (ไม่มีอยู่จริง)  ข้อคิดจากคุณแม่คาปิบาร่า จากหนังสือ ถ้าโลกมันแย่ก็แค่คิดแบบตาปิบาร่า 💖 #opendurianhowto #หนังสือฮีลใจ #หนังสือพัฒนาตัวเอง #แนะนำหนังสือ #ถ้าโลกมันแย่ก็แค่คิดแบบคาปิบาร่า #เธรดเศร้า #boxset #ความไม่สมบูรณ์แบบ #รักตัวเอง 
ไม่ระบุ,7440417512077954312,2024-11-23,หนังสือ ชีวิตมีเรื่องให้ขอบคุณมากกว่าเสียใจ,0.0,0,0.0,0.0,5 สิ่งที่ควรขอบคุณในชีวิต💖 จากหนังสือ “ชีวิตมีเรื่องให้ขอบคุณมากกว่าเสียใจ” ที่เขียนโดย “คุณปูปรุง”   #opendurianhowto #หนังสือฮีลใจ #หนังสือพัฒนาตัวเอง #แนะนำหนังสือ #รักตัวเอง #ชีวิตมีเรื่องให้ขอบคุณมากกว่าเสียใจ #ปูปรุง #เธรดเศร้า 
ไม่ระบุ,7440038674835836180,2024-11-22,[พร้อมส่ง] หนังสือปีศาจตัวนั้น คือฉันเอง A Guide to Fighting the Demons in My Heart,0.0,0,0.0,0.0,เงินเดือนก็พอใช้อยู่แล้ว จะหาเรื่องให้ตัวเองเหนื่อยทำไม? #opendurianhowto #หนังสือฮีลใจ #หนังสือพัฒนาตัวเอง #แนะนำหนังสือ #ปีศาจตัวนั้นคือตัวฉันเอง #การเงิน #เก็บเงิน 
ไม่ระบุ,7440038520250502417,2024-11-22,โซนพัฒนาอารมณ์ ดูแลใจ (หนังสือ วันไหนที่ใจแข็งแรง ดอกไม้จะผลิบาน + ปีศาจตัวนั้น คือฉันเอง + ชีวิตมีเรื่องให้ขอบคุณมากกว่าเสียใจ),0.0,0,0.0,0.0,Payday มาแล้ว‼️ จ่าย 1 ได้ถึง 3 เพียง 999.- (📌ราคาเดียวเท่านั้น) คุ้มสุด ๆ *สนใจกดตะกร้าได้เลยน้าาา* ##TikTokShopช้อปกันวันเงินออก#ช้อปกันวันเงินออก #opendurianhowto #หนังสือฮีลใจ #หนังสือพัฒนาตัวเอง #รักตัวเอง #ลดแรง #สิ้นปี #ถูกและดีมีอยู่จริง 
ไม่ระบุ,7440038520250502417,2024-11-22,"โซนพัฒนาจิตใจ สร้างแนวคิด (หนังสือ กว่าจะคิดได้ ก็ไม่มีลมหายใจแล้ว + Me, You, Pluto + โอบกอดความไม่สมบูรณ์แบบของเธอ)",0.0,0,0.0,0.0,Payday มาแล้ว‼️ จ่าย 1 ได้ถึง 3 เพียง 999.- (📌ราคาเดียวเท่านั้น) คุ้มสุด ๆ *สนใจกดตะกร้าได้เลยน้าาา* ##TikTokShopช้อปกันวันเงินออก#ช้อปกันวันเงินออก #opendurianhowto #หนังสือฮีลใจ #หนังสือพัฒนาตัวเอง #รักตัวเอง #ลดแรง #สิ้นปี #ถูกและดีมีอยู่จริง 
ไม่ระบุ,7440038520250502417,2024-11-22,โซนพัฒนาความคิด เติมพลังใจ (หนังสือ กว่าจะคิดได้ ก็ไม่มีลมหายใจแล้ว + ปีศาจตัวนั้น คือฉันเอง + เมื่อโลกทั้งใบซ่อนอยู่ใต้หมวกกันน็อก),0.0,0,0.0,0.0,Payday มาแล้ว‼️ จ่าย 1 ได้ถึง 3 เพียง 999.- (📌ราคาเดียวเท่านั้น) คุ้มสุด ๆ *สนใจกดตะกร้าได้เลยน้าาา* ##TikTokShopช้อปกันวันเงินออก#ช้อปกันวันเงินออก #opendurianhowto #หนังสือฮีลใจ #หนังสือพัฒนาตัวเอง #รักตัวเอง #ลดแรง #สิ้นปี #ถูกและดีมีอยู่จริง 
ไม่ระบุ,7440038520250502417,2024-11-22,โซนพัฒนาใจ ฟื้นฟูชีวิต (หนังสือ วันไหนที่ใจแข็งแรง ดอกไม้จะผลิบาน + ปีศาจความรักมักเลือกฉันเป็นเหยื่อ + โอบกอดความไม่สมบูรณ์แบบของเธอ),0.0,0,0.0,0.0,Payday มาแล้ว‼️ จ่าย 1 ได้ถึง 3 เพียง 999.- (📌ราคาเดียวเท่านั้น) คุ้มสุด ๆ *สนใจกดตะกร้าได้เลยน้าาา* ##TikTokShopช้อปกันวันเงินออก#ช้อปกันวันเงินออก #opendurianhowto #หนังสือฮีลใจ #หนังสือพัฒนาตัวเอง #รักตัวเอง #ลดแรง #สิ้นปี #ถูกและดีมีอยู่จริง 
ไม่ระบุ,7440038520250502417,2024-11-22,โซนพัฒนาชีวิต พิชิตความสุข (หนังสือ วันไหนที่ใจแข็งแรง ดอกไม้จะผลิบาน + ถ้าโลกมันแย่ ก็แค่คิดแบบคาปิบาร่า + ชีวิตมีเรื่องให้ขอบคุณมากกว่าเสียใจ),0.0,0,0.0,0.0,Payday มาแล้ว‼️ จ่าย 1 ได้ถึง 3 เพียง 999.- (📌ราคาเดียวเท่านั้น) คุ้มสุด ๆ *สนใจกดตะกร้าได้เลยน้าาา* ##TikTokShopช้อปกันวันเงินออก#ช้อปกันวันเงินออก #opendurianhowto #หนังสือฮีลใจ #หนังสือพัฒนาตัวเอง #รักตัวเอง #ลดแรง #สิ้นปี #ถูกและดีมีอยู่จริง 
ไม่ระบุ,7440038520250502417,2024-11-22,โซนพัฒนาตัวเอง เติมพลังชีวิต (หนังสือถ้าโลกมันแย่ก็แค่คิดแบบคาปิบาร่า + ปีศาจตัวนั้นคือฉันเอง + เมื่อโลกทั้งใบซ่อนอยู่ใต้หมวกกันน็อก),0.0,0,0.0,0.0,Payday มาแล้ว‼️ จ่าย 1 ได้ถึง 3 เพียง 999.- (📌ราคาเดียวเท่านั้น) คุ้มสุด ๆ *สนใจกดตะกร้าได้เลยน้าาา* ##TikTokShopช้อปกันวันเงินออก#ช้อปกันวันเงินออก #opendurianhowto #หนังสือฮีลใจ #หนังสือพัฒนาตัวเอง #รักตัวเอง #ลดแรง #สิ้นปี #ถูกและดีมีอยู่จริง 
ไม่ระบุ,7440038513321544976,2024-11-22,หนังสือ ชีวิตมีเรื่องให้ขอบคุณมากกว่าเสียใจ,0.0,0,0.0,0.0,Payday มาแล้ว‼️ จ่าย 1 ได้ถึง 3 เพียง 999.- (📌ราคาเดียวเท่านั้น) คุ้มสุด ๆ *สนใจกดตะกร้าได้เลยน้าาา* ##TikTokShopช้อปกันวันเงินออก#ช้อปกันวันเงินออก #opendurianhowto #หนังสือฮีลใจ #หนังสือพัฒนาตัวเอง #รักตัวเอง #ลดแรง #สิ้นปี #ถูกและดีมีอยู่จริง 
ไม่ระบุ,7440038513321544976,2024-11-22,หนังสือ กว่าจะคิดได้ก็ไม่มีลมหายใจแล้ว (It Is Never Too Late to Love Yourself),0.0,0,0.0,0.0,Payday มาแล้ว‼️ จ่าย 1 ได้ถึง 3 เพียง 999.- (📌ราคาเดียวเท่านั้น) คุ้มสุด ๆ *สนใจกดตะกร้าได้เลยน้าาา* ##TikTokShopช้อปกันวันเงินออก#ช้อปกันวันเงินออก #opendurianhowto #หนังสือฮีลใจ #หนังสือพัฒนาตัวเอง #รักตัวเอง #ลดแรง #สิ้นปี #ถูกและดีมีอยู่จริง 
ไม่ระบุ,7440038513321544976,2024-11-22,โอบกอดความไม่สมบูรณ์แบบของเธอ (Embrace Your Flaws),0.0,0,0.0,0.0,Payday มาแล้ว‼️ จ่าย 1 ได้ถึง 3 เพียง 999.- (📌ราคาเดียวเท่านั้น) คุ้มสุด ๆ *สนใจกดตะกร้าได้เลยน้าาา* ##TikTokShopช้อปกันวันเงินออก#ช้อปกันวันเงินออก #opendurianhowto #หนังสือฮีลใจ #หนังสือพัฒนาตัวเอง #รักตัวเอง #ลดแรง #สิ้นปี #ถูกและดีมีอยู่จริง 
ไม่ระบุ,7440038513321544976,2024-11-22,[พร้อมส่ง] หนังสือ ปีศาจความรัก มักเลือกฉันเป็นเหยื่อ [How to Fight the Love Demon in My Heart],0.0,0,0.0,0.0,Payday มาแล้ว‼️ จ่าย 1 ได้ถึง 3 เพียง 999.- (📌ราคาเดียวเท่านั้น) คุ้มสุด ๆ *สนใจกดตะกร้าได้เลยน้าาา* ##TikTokShopช้อปกันวันเงินออก#ช้อปกันวันเงินออก #opendurianhowto #หนังสือฮีลใจ #หนังสือพัฒนาตัวเอง #รักตัวเอง #ลดแรง #สิ้นปี #ถูกและดีมีอยู่จริง 
ไม่ระบุ,7440038513321544976,2024-11-22,[พร้อมส่ง] หนังสือถ้าโลกมันแย่ ก็แค่คิดแบบคาปิบาร่า (Think Like a Happybara),0.0,0,0.0,0.0,Payday มาแล้ว‼️ จ่าย 1 ได้ถึง 3 เพียง 999.- (📌ราคาเดียวเท่านั้น) คุ้มสุด ๆ *สนใจกดตะกร้าได้เลยน้าาา* ##TikTokShopช้อปกันวันเงินออก#ช้อปกันวันเงินออก #opendurianhowto #หนังสือฮีลใจ #หนังสือพัฒนาตัวเอง #รักตัวเอง #ลดแรง #สิ้นปี #ถูกและดีมีอยู่จริง 
ไม่ระบุ,7440038513321544976,2024-11-22,[พร้อมส่ง] หนังสือปีศาจตัวนั้น คือฉันเอง A Guide to Fighting the Demons in My Heart,0.0,0,0.0,0.0,Payday มาแล้ว‼️ จ่าย 1 ได้ถึง 3 เพียง 999.- (📌ราคาเดียวเท่านั้น) คุ้มสุด ๆ *สนใจกดตะกร้าได้เลยน้าาา* ##TikTokShopช้อปกันวันเงินออก#ช้อปกันวันเงินออก #opendurianhowto #หนังสือฮีลใจ #หนังสือพัฒนาตัวเอง #รักตัวเอง #ลดแรง #สิ้นปี #ถูกและดีมีอยู่จริง 
ไม่ระบุ,7439686469075143944,2024-11-21,แพ็กคู่หนังสือขายดี (หนังสือ โอบกอดความไม่สมบูรณ์แบบของเธอ + วันไหนที่ใจแข็งแรงดอกไม้จะผลิบาน),0.0,0,0.0,0.0,…อาจเป็นเพราะ (คงแตกสลาย) ไปมากกว่านี้ไม่ไหวแล้วจริง ๆ #opendurianhowto #หนังสือฮีลใจ #หนังสือพัฒนาตัวเอง #เธรดเศร้า #โอบกอดความไม่สมบูรณ์แบบของเธอ #ฮีลใจ #วันไหนที่ใจแข็งแรงดอกไม้จะผลิบาน #รักตัวเอง #หนังสือเล่มใหม่ #booktok #mayi 
ไม่ระบุ,7439657911862709525,2024-11-21,หนังสือ ชีวิตมีเรื่องให้ขอบคุณมากกว่าเสียใจ,0.0,0,0.0,0.0,เปิดตัวแล้ว ‼️ หนังสือฮีลใจเล่มใหม่จะมีเล่มไหนบ้างน้าาา 💖 📌สนใจหนังสือกดตะกร้าได้เลยนะคะ☺️ #opendurianhowto #หนังสือฮีลใจ #หนังสือพัฒนาตัวเอง #โอบกอดความไม่สมบูรณ์แบบของเธอ #เมื่อโลกทั้งใบซ่อนอยู่ใต้หมวกกันน็อก #ชีวิตมีเรื่องให้ขอบคุณมากกว่าเสียใจ #ปูปรุง #imminimus #mayi #รักตัวเอง #หนังสือเล่มใหม่ 
ไม่ระบุ,7439657911862709525,2024-11-21,โอบกอดความไม่สมบูรณ์แบบของเธอ (Embrace Your Flaws),0.0,0,0.0,0.0,เปิดตัวแล้ว ‼️ หนังสือฮีลใจเล่มใหม่จะมีเล่มไหนบ้างน้าาา 💖 📌สนใจหนังสือกดตะกร้าได้เลยนะคะ☺️ #opendurianhowto #หนังสือฮีลใจ #หนังสือพัฒนาตัวเอง #โอบกอดความไม่สมบูรณ์แบบของเธอ #เมื่อโลกทั้งใบซ่อนอยู่ใต้หมวกกันน็อก #ชีวิตมีเรื่องให้ขอบคุณมากกว่าเสียใจ #ปูปรุง #imminimus #mayi #รักตัวเอง #หนังสือเล่มใหม่ 
ไม่ระบุ,7439657911862709525,2024-11-21,BOXSET เมื่อโลกทั้งใบซ่อนอยู่ใต้หมวกกันน็อก (Helmet Girl),0.0,0,0.0,0.0,เปิดตัวแล้ว ‼️ หนังสือฮีลใจเล่มใหม่จะมีเล่มไหนบ้างน้าาา 💖 📌สนใจหนังสือกดตะกร้าได้เลยนะคะ☺️ #opendurianhowto #หนังสือฮีลใจ #หนังสือพัฒนาตัวเอง #โอบกอดความไม่สมบูรณ์แบบของเธอ #เมื่อโลกทั้งใบซ่อนอยู่ใต้หมวกกันน็อก #ชีวิตมีเรื่องให้ขอบคุณมากกว่าเสียใจ #ปูปรุง #imminimus #mayi #รักตัวเอง #หนังสือเล่มใหม่ 
ไม่ระบุ,7437839166869687568,2024-11-16,สูตรเติมพลังใจ โอบกอดชีวิตที่แตกสลาย (ชีวิตมีเรื่องให้ขอบคุณมากกว่าเสียใจ + โอบกอดความไม่สมบูรณ์แบบของเธอ),0.0,0,0.0,0.0,2 เล่มใหม่ฮีลใจเรียกน้ำตา เพียงซื้อคู่กันลดหนักมาก‼️ (ซื้อผ่านคลิปนี้เท่านั้น) #opendurianhowto #หนังสือฮีลใจ #หนังสือพัฒนาตัวเอง #booktok #ฮีลใจ #หนังสือเล่มใหม่ #ชีวิตมีเรื่องให้ขอบคุณมากกว่าเสียใจ #โอบกอดความไม่สมบูรณ์แบบของเธอ #imminimus #ปูปรุง 
ไม่ระบุ,7437435253133708564,2024-11-15,[พร้อมส่ง] หนังสือปีศาจตัวนั้น คือฉันเอง A Guide to Fighting the Demons in My Heart,0.0,0,0.0,0.0,เมื่อไหร่ที่เรารู้สึกผิดหวังกับชีวิต เราจะหยิบเล่มนี้ขึ้นมาอ่าน… #ปีศาจตัวนั้นคือตัวฉันเอง #opendurianhowto #หนังสือฮีลใจ #หนังสือพัฒนาตัวเอง #booktok #รักตัวเอง #ฮีลใจ #ผิดหวัง #แนะนําหนังสือ #เธรดเศร้า 
ไม่ระบุ,7437071396217408788,2024-11-14,หนังสือ กว่าจะคิดได้ก็ไม่มีลมหายใจแล้ว (It Is Never Too Late to Love Yourself),0.0,0,0.0,0.0,เคยไหม? กลัวความผิดพลาด จนไม่กล้าลงมือทำอะไรเลย… #opendurianhowto #หนังสือฮีลใจ #หนังสือพัฒนาตัวเอง #หนังสือเล่มใหม่ #booktok #รักตัวเอง #loveyourself #กว่าจะคิดได้ก็ไม่มีลมหายใจแล้ว #ฮีลใจ 
ไม่ระบุ,7436695089579134228,2024-11-13,หนังสือ ชีวิตมีเรื่องให้ขอบคุณมากกว่าเสียใจ,0.0,0,0.0,0.0,5 เหตุผล✨ …ทำไมต้องซื้อเล่มนี้ 💖 #ชีวิตมีเรื่องให้ขอบคุณมากกว่าเสียใจ #ปูปรุง #opendurianhowto #หนังสือฮีลใจ #หนังสือพัฒนาตัวเอง #หนังสือเล่มใหม่ #booktok #รักตัวเอง #loveyourself #ฮีลใจ 
ไม่ระบุ,7436320164083256583,2024-11-12,โอบกอดความไม่สมบูรณ์แบบของเธอ (Embrace Your Flaws),0.0,0,0.0,0.0,การแยกย้ายไปเติบโต  = จะไม่ได้เจอกันอีก  (แด่ผู้คนที่หล่นหาย) #opendurianhowto #หนังสือฮีลใจ #หนังสือพัฒนาตัวเอง #หนังสือเล่มใหม่ #โอบกอดความไม่สมบูรณ์แบบของเธอ #เธรดเศร้า #รักตัวเอง #booktok #imminimus 
ไม่ระบุ,7435951058582654224,2024-11-11,BOXSET เมื่อโลกทั้งใบซ่อนอยู่ใต้หมวกกันน็อก (Helmet Girl),0.0,0,0.0,0.0,เคยไหม?  การที่เป็นตัวเองทำให้เรารู้สึก“ไม่มั่นใจ” #opendurianhowto #หนังสือฮีลใจ #หนังสือพัฒนาตัวเอง #helmetgirl #เมื่อโลกทั้งใบซ่อนอยู่ใต้หมวกกันน็อก #boxset #เธรดเศร้า #รักตัวเอง #loveyourself #booktok 
ไม่ระบุ,7435951058582654224,2024-11-11,หนังสือ เมื่อโลกทั้งใบซ่อนอยู่ใต้หมวกกันน็อก (Helmet Girl),0.0,0,0.0,0.0,เคยไหม?  การที่เป็นตัวเองทำให้เรารู้สึก“ไม่มั่นใจ” #opendurianhowto #หนังสือฮีลใจ #หนังสือพัฒนาตัวเอง #helmetgirl #เมื่อโลกทั้งใบซ่อนอยู่ใต้หมวกกันน็อก #boxset #เธรดเศร้า #รักตัวเอง #loveyourself #booktok 
ไม่ระบุ,7435220038929370384,2024-11-09,สูตรเติมพลังใจ โอบกอดชีวิตที่แตกสลาย (ชีวิตมีเรื่องให้ขอบคุณมากกว่าเสียใจ + โอบกอดความไม่สมบูรณ์แบบของเธอ),0.0,0,0.0,0.0,2 หนังสือเล่มใหม่ล่าสุด ที่ถูกเขียนด้วยน้ำตา🫂 #opendurianhowto #หนังสือฮีลใจ #หนังสือพัฒนาตัวเอง #หนังสือเล่มใหม่ #imminimus #โอบกอดความไม่สมบูรณ์แบบของเธอ #ชีวิตมีเรื่องให้ขอบคุณมากกว่าเสียใจ #ปูปรุง #ฮีลใจ 
ไม่ระบุ,7435220038929370384,2024-11-09,หนังสือ ชีวิตมีเรื่องให้ขอบคุณมากกว่าเสียใจ,0.0,0,19.33,0.0,2 หนังสือเล่มใหม่ล่าสุด ที่ถูกเขียนด้วยน้ำตา🫂 #opendurianhowto #หนังสือฮีลใจ #หนังสือพัฒนาตัวเอง #หนังสือเล่มใหม่ #imminimus #โอบกอดความไม่สมบูรณ์แบบของเธอ #ชีวิตมีเรื่องให้ขอบคุณมากกว่าเสียใจ #ปูปรุง #ฮีลใจ 
ไม่ระบุ,7434842038375320849,2024-11-08,โอบกอดความไม่สมบูรณ์แบบของเธอ (Embrace Your Flaws),0.0,0,0.0,0.0,ขอบคุณประโยคหลังปกจากหนังสือ “โอบกอดความสมบูรณ์แบบของเธอ” 🫂 #opendurianhowto #หนังสือฮีลใจ #หนังสือพัฒนาตัวเอง #หนังสือเล่มใหม่ ##imminimus #โอบกอดความไม่สมบูรณ์แบบของเธอ #ฮีลใจ #เธรดเศร้า #เธรด 
ไม่ระบุ,7434366895127530768,2024-11-07,หนังสือ กว่าจะคิดได้ก็ไม่มีลมหายใจแล้ว (It Is Never Too Late to Love Yourself),0.0,0,0.0,0.0,"📢11.11 นี้จัดโปรรับหน้าหนาว🥶 ✨จับคู่ Box Set ฮีลใจ ราคาเดียว แค่ 1,111.- เท่านั้น‼️ #opendurianhowto #หนังสือฮีลใจ #หนังสือพัฒนาตัวเอง #ถ้าโลกมันแย่ก็แค่คิดแบบคาปิบาร่า#เมื่อโลกทั้งใบซ่อนอยู่ใต้หมวกกันน็อก #วันไหนที่ใจแข็งแรงดอกไม้จะผลิบาน#TikTokShop1111TH##TikTokShop1111ลดอลังแห่งปี#ลดอลังแห่งปี"
ไม่ระบุ,7434366895127530768,2024-11-07,BOXSET เมื่อโลกทั้งใบซ่อนอยู่ใต้หมวกกันน็อก (Helmet Girl),0.0,0,0.0,0.0,"📢11.11 นี้จัดโปรรับหน้าหนาว🥶 ✨จับคู่ Box Set ฮีลใจ ราคาเดียว แค่ 1,111.- เท่านั้น‼️ #opendurianhowto #หนังสือฮีลใจ #หนังสือพัฒนาตัวเอง #ถ้าโลกมันแย่ก็แค่คิดแบบคาปิบาร่า#เมื่อโลกทั้งใบซ่อนอยู่ใต้หมวกกันน็อก #วันไหนที่ใจแข็งแรงดอกไม้จะผลิบาน#TikTokShop1111TH##TikTokShop1111ลดอลังแห่งปี#ลดอลังแห่งปี"
ไม่ระบุ,7434366895127530768,2024-11-07,[พร้อมส่ง] Box set หนังสือถ้าโลกมันแย่ ก็แค่คิดแบบคาปิบาร่า (Think Like a Happybara),0.0,0,0.0,0.0,"📢11.11 นี้จัดโปรรับหน้าหนาว🥶 ✨จับคู่ Box Set ฮีลใจ ราคาเดียว แค่ 1,111.- เท่านั้น‼️ #opendurianhowto #หนังสือฮีลใจ #หนังสือพัฒนาตัวเอง #ถ้าโลกมันแย่ก็แค่คิดแบบคาปิบาร่า#เมื่อโลกทั้งใบซ่อนอยู่ใต้หมวกกันน็อก #วันไหนที่ใจแข็งแรงดอกไม้จะผลิบาน#TikTokShop1111TH##TikTokShop1111ลดอลังแห่งปี#ลดอลังแห่งปี"
ไม่ระบุ,7434366895127530768,2024-11-07,Boxset หนังสือวันไหนที่ใจแข็งแรง ดอกไม้จะผลิบาน (The Enchanted Garden) ฟรีของแถมใน Boxset ทุกเซ็ต,0.0,0,0.0,0.0,"📢11.11 นี้จัดโปรรับหน้าหนาว🥶 ✨จับคู่ Box Set ฮีลใจ ราคาเดียว แค่ 1,111.- เท่านั้น‼️ #opendurianhowto #หนังสือฮีลใจ #หนังสือพัฒนาตัวเอง #ถ้าโลกมันแย่ก็แค่คิดแบบคาปิบาร่า#เมื่อโลกทั้งใบซ่อนอยู่ใต้หมวกกันน็อก #วันไหนที่ใจแข็งแรงดอกไม้จะผลิบาน#TikTokShop1111TH##TikTokShop1111ลดอลังแห่งปี#ลดอลังแห่งปี"
ไม่ระบุ,7434366895127530768,2024-11-07,[พร้อมส่ง] หนังสือปีศาจตัวนั้น คือฉันเอง A Guide to Fighting the Demons in My Heart,0.0,0,0.0,0.0,"📢11.11 นี้จัดโปรรับหน้าหนาว🥶 ✨จับคู่ Box Set ฮีลใจ ราคาเดียว แค่ 1,111.- เท่านั้น‼️ #opendurianhowto #หนังสือฮีลใจ #หนังสือพัฒนาตัวเอง #ถ้าโลกมันแย่ก็แค่คิดแบบคาปิบาร่า#เมื่อโลกทั้งใบซ่อนอยู่ใต้หมวกกันน็อก #วันไหนที่ใจแข็งแรงดอกไม้จะผลิบาน#TikTokShop1111TH##TikTokShop1111ลดอลังแห่งปี#ลดอลังแห่งปี"
ไม่ระบุ,7433710831763836176,2024-11-05,หนังสือ กว่าจะคิดได้ก็ไม่มีลมหายใจแล้ว (It Is Never Too Late to Love Yourself),0.0,0,0.0,0.0,✨Unboxหนังสือฮีลใจที่จะทำให้คุณทบทวนและรักตัวเองมากขึ้น! #opendurianhowto #หนังสือฮีลใจ #หนังสือพัฒนาตัวเอง #หนังสือเล่มใหม่ #กว่าจะคิดได้ก็ไม่มีลมหายใจแล้ว #ผี #ฮีลใจ #รักตัวเอง 
ไม่ระบุ,7433630277336878337,2024-11-05,หนังสือ ชีวิตมีเรื่องให้ขอบคุณมากกว่าเสียใจ,0.0,0,0.0,0.0,หนังสือที่ทำให้เราผ่านเรื่องราวต่าง ๆในช่วงชีวิตไปด้วยกัน🫂 #ชีวิตมีเรื่องให้ขอบคุณมากกว่าเสียใจ ##opendurianhowto#หนังสือฮีลใจ #หนังสือพัฒนาตัวเอง #หนังสือเล่มใหม่ #เธรดเศร้า #ปูปรุง 
ไม่ระบุ,7432668415678041360,2024-11-02,หนังสือ กว่าจะคิดได้ก็ไม่มีลมหายใจแล้ว (It Is Never Too Late to Love Yourself),0.0,0,0.0,0.0,เรื่องสั้นสยองขวัญที่หลอนจนวางไม่ลง! #opendurianbooks #opendurianhowto #ฮีลใจ #bkkbooktok #booktok #เทรนด์วันนี้ #รีวิวหนังสือ #รักตัวเอง #กว่าจะคิดได้ก็ไม่มีลมหายใจแล้ว #เรื่องผี 
ไม่ระบุ,7432637699367980305,2024-11-02,หนังสือ ชีวิตมีเรื่องให้ขอบคุณมากกว่าเสียใจ,0.0,0,0.0,0.0,ขอให้คุณได้ใช้ชีวิตอย่างเต็มที่🤍 #opendurianbooks #opendurianhowto #ฮีลใจ #bkkbooktok #booktok #เทรนด์วันนี้ #สถานีฮีลใจ #รีวิวหนังสือ #รักตัวเอง #ชีวิตมีเรื่องให้ขอบคุณมากกว่าเสียใจ 
ไม่ระบุ,7431914551580445953,2024-10-31,หนังสือ กว่าจะคิดได้ก็ไม่มีลมหายใจแล้ว (It Is Never Too Late to Love Yourself),0.0,0,0.0,0.0,👻หนังสือที่ควรอ่านช่วงฮาโลวีน🎃  #opendurianbooks #opendurianhowto #ฮีลใจ #bkkbooktok #booktok #เทรนด์วันนี้ #สถานีฮีลใจ #รีวิวหนังสือ #รักตัวเอง #กว่าจะคิดได้ก็ไม่มีลมหายใจแล้ว #ฮาโลวีน #halloween 
ไม่ระบุ,7431527602558471425,2024-10-30,หนังสือวันไหนที่ใจแข็งแรง ดอกไม้จะผลิบาน (The Enchanted Garden),0.0,0,0.0,0.0,เราชอบประโยคที่อนงค์พูดว่า... #opendurianbooks #opendurianhowto #ฮีลใจ #bkkbooktok #booktok #เทรนด์วันนี้ #สถานีฮีลใจ #รีวิวหนังสือ #รักตัวเอง #วันไหนที่ใจแข็งแรงดอกไม้จะผลิบาน #หนึ่งในร้อย 
ไม่ระบุ,7431129346955316496,2024-10-29,[พร้อมส่ง] หนังสือ ปีศาจความรัก มักเลือกฉันเป็นเหยื่อ [How to Fight the Love Demon in My Heart],0.0,0,0.0,0.0,✨อาจเป็นเพราะ “ความรัก” เป็นสิ่งที่หอมหวานและใช้คำล่อลวงใจของมนุษย์ให้ลุ่มหลงได้มากที่สุด💔 #opendurianhowto #หนังสือฮีลใจ #หนังสือพัฒนาตัวเอง #ปีศาจความรักมักเลือกฉันเป็นเหยื่อ #เธรดเศร้า #รักตัวเอง #อกหัก 
ไม่ระบุ,7430051447460465937,2024-10-26,หนังสือ กว่าจะคิดได้ก็ไม่มีลมหายใจแล้ว (It Is Never Too Late to Love Yourself),0.0,0,0.0,0.0,5 คำเตือนสุดท้ายของชีวิต... #opendurianbooks #opendurianhowto #ฮีลใจ #bkkbooktok #booktok #เทรนด์วันนี้ #สถานีฮีลใจ #รีวิวหนังสือ #รักตัวเอง #กว่าจะคิดได้ก็ไม่มีลมหายใจแล้ว 
ไม่ระบุ,7429698889013300497,2024-10-25,[พร้อมส่ง] Box set หนังสือถ้าโลกมันแย่ ก็แค่คิดแบบคาปิบาร่า (Think Like a Happybara),0.0,0,0.0,0.0,ข่าวด่วน!! ซื้อวันนี้แถมฟรี “ฮีลใจไดอารี่” ไปเลยย✨ #opendurianbooks #opendurianhowto #ฮีลใจ #bkkbooktok #booktok #เทรนด์วันนี้ #สถานีฮีลใจ #รีวิวหนังสือ #รักตัวเอง #ถ้าโลกมันแย่ก็แค่คิดแบบคาปิบาร่า #หนังสือฮีลใจ 
ไม่ระบุ,7429657647609089297,2024-10-25,หนังสือ กว่าจะคิดได้ก็ไม่มีลมหายใจแล้ว (It Is Never Too Late to Love Yourself),0.0,0,0.0,0.0,หนังสือเรื่องสั้นสยองขวัญที่ให้ข้อคิด ฮีลใจได้แบบมิติใหม่✨ 📌กับฟีเจอร์ที่ไม่เคยที่ไหนมาก่อน อยากสัมผัสการอ่านเรื่องสยองแบบใหม่👻 ✅กดสั่งซื้อเลยยย #opendurianbooks #opendurianhowto #หนังสือฮีลใจ #สถานีฮีลใจ #ฮีลใจ #พัฒนาตัวเอง #booktok #bkkbooktok #เรื่องผี #รักตัวเอง #กว่าจะคิดได้ก็ไม่มีลมหายใจแล้ว 
ไม่ระบุ,7429326517680884993,2024-10-24,หนังสือ กว่าจะคิดได้ก็ไม่มีลมหายใจแล้ว (It Is Never Too Late to Love Yourself),0.0,0,0.0,0.0,📌ครั้งแรก!! เปิดตัวนักเขียนหนังสือตัวดัง✨ “ปีศาจตัวนั้นคือฉันเอง” #opendurianbooks #opendurianhowto #ฮีลใจ #bkkbooktok #booktok #เทรนด์วันนี้ #สถานีฮีลใจ #รีวิวหนังสือ #รักตัวเอง #ปีศาจตัวนั้นคือตัวฉันเอง #ปีศาจความรักมักเลือกฉันเป็นเหยื่อ #ถ้าโลกมันแย่ก็แค่คิดแบบคาปิบาร่า #เมื่อโลกทั้งใบซ่อนอยู่ใต้หมวกกันน็อก #หนังสือฮีลใจ #กว่าจะคิดได้ก็ไม่มีลมหายใจแล้ว #วันไหนที่ใจแข็งแรงดอกไม้จะผลิบาน 
ไม่ระบุ,7429326517680884993,2024-10-24,หนังสือ เมื่อโลกทั้งใบซ่อนอยู่ใต้หมวกกันน็อก (Helmet Girl),0.0,0,0.0,0.0,📌ครั้งแรก!! เปิดตัวนักเขียนหนังสือตัวดัง✨ “ปีศาจตัวนั้นคือฉันเอง” #opendurianbooks #opendurianhowto #ฮีลใจ #bkkbooktok #booktok #เทรนด์วันนี้ #สถานีฮีลใจ #รีวิวหนังสือ #รักตัวเอง #ปีศาจตัวนั้นคือตัวฉันเอง #ปีศาจความรักมักเลือกฉันเป็นเหยื่อ #ถ้าโลกมันแย่ก็แค่คิดแบบคาปิบาร่า #เมื่อโลกทั้งใบซ่อนอยู่ใต้หมวกกันน็อก #หนังสือฮีลใจ #กว่าจะคิดได้ก็ไม่มีลมหายใจแล้ว #วันไหนที่ใจแข็งแรงดอกไม้จะผลิบาน 
ไม่ระบุ,7429326517680884993,2024-10-24,[พร้อมส่ง] หนังสือ ปีศาจความรัก มักเลือกฉันเป็นเหยื่อ [How to Fight the Love Demon in My Heart],0.0,0,0.0,0.0,📌ครั้งแรก!! เปิดตัวนักเขียนหนังสือตัวดัง✨ “ปีศาจตัวนั้นคือฉันเอง” #opendurianbooks #opendurianhowto #ฮีลใจ #bkkbooktok #booktok #เทรนด์วันนี้ #สถานีฮีลใจ #รีวิวหนังสือ #รักตัวเอง #ปีศาจตัวนั้นคือตัวฉันเอง #ปีศาจความรักมักเลือกฉันเป็นเหยื่อ #ถ้าโลกมันแย่ก็แค่คิดแบบคาปิบาร่า #เมื่อโลกทั้งใบซ่อนอยู่ใต้หมวกกันน็อก #หนังสือฮีลใจ #กว่าจะคิดได้ก็ไม่มีลมหายใจแล้ว #วันไหนที่ใจแข็งแรงดอกไม้จะผลิบาน 
ไม่ระบุ,7429326517680884993,2024-10-24,[พร้อมส่ง] หนังสือถ้าโลกมันแย่ ก็แค่คิดแบบคาปิบาร่า (Think Like a Happybara),0.0,0,0.0,0.0,📌ครั้งแรก!! เปิดตัวนักเขียนหนังสือตัวดัง✨ “ปีศาจตัวนั้นคือฉันเอง” #opendurianbooks #opendurianhowto #ฮีลใจ #bkkbooktok #booktok #เทรนด์วันนี้ #สถานีฮีลใจ #รีวิวหนังสือ #รักตัวเอง #ปีศาจตัวนั้นคือตัวฉันเอง #ปีศาจความรักมักเลือกฉันเป็นเหยื่อ #ถ้าโลกมันแย่ก็แค่คิดแบบคาปิบาร่า #เมื่อโลกทั้งใบซ่อนอยู่ใต้หมวกกันน็อก #หนังสือฮีลใจ #กว่าจะคิดได้ก็ไม่มีลมหายใจแล้ว #วันไหนที่ใจแข็งแรงดอกไม้จะผลิบาน 
ไม่ระบุ,7429326517680884993,2024-10-24,หนังสือวันไหนที่ใจแข็งแรง ดอกไม้จะผลิบาน (The Enchanted Garden),0.0,0,0.0,0.0,📌ครั้งแรก!! เปิดตัวนักเขียนหนังสือตัวดัง✨ “ปีศาจตัวนั้นคือฉันเอง” #opendurianbooks #opendurianhowto #ฮีลใจ #bkkbooktok #booktok #เทรนด์วันนี้ #สถานีฮีลใจ #รีวิวหนังสือ #รักตัวเอง #ปีศาจตัวนั้นคือตัวฉันเอง #ปีศาจความรักมักเลือกฉันเป็นเหยื่อ #ถ้าโลกมันแย่ก็แค่คิดแบบคาปิบาร่า #เมื่อโลกทั้งใบซ่อนอยู่ใต้หมวกกันน็อก #หนังสือฮีลใจ #กว่าจะคิดได้ก็ไม่มีลมหายใจแล้ว #วันไหนที่ใจแข็งแรงดอกไม้จะผลิบาน 
ไม่ระบุ,7429326517680884993,2024-10-24,[พร้อมส่ง] หนังสือปีศาจตัวนั้น คือฉันเอง A Guide to Fighting the Demons in My Heart,0.0,0,0.0,0.0,📌ครั้งแรก!! เปิดตัวนักเขียนหนังสือตัวดัง✨ “ปีศาจตัวนั้นคือฉันเอง” #opendurianbooks #opendurianhowto #ฮีลใจ #bkkbooktok #booktok #เทรนด์วันนี้ #สถานีฮีลใจ #รีวิวหนังสือ #รักตัวเอง #ปีศาจตัวนั้นคือตัวฉันเอง #ปีศาจความรักมักเลือกฉันเป็นเหยื่อ #ถ้าโลกมันแย่ก็แค่คิดแบบคาปิบาร่า #เมื่อโลกทั้งใบซ่อนอยู่ใต้หมวกกันน็อก #หนังสือฮีลใจ #กว่าจะคิดได้ก็ไม่มีลมหายใจแล้ว #วันไหนที่ใจแข็งแรงดอกไม้จะผลิบาน 
ไม่ระบุ,7429282756426747137,2024-10-24,แพ็กกำจัดสารพัดผีร้าย หนังสือปีศาจตัวนั้น + ปีศาจความรัก + กว่าจะคิดได้ ก็ไม่มีลมหายใจแล้ว,0.0,0,0.0,0.0,✨Payday นี้‼️  …พิเศษต้อนรับวันฮาโลวีน เทโปรแรง จนขนลุกซู่👻 #opendurianhowto  #หนังสือฮีลใจ  #สถานีฮีลใจ #หนังสือพัฒนาตัวเอง  #payday  #ฮาโลวีน  #halloween  #โปรด่วน #สิ้นเดือน  #TikTokShopช้อปกันวันเงินออก #ช้อปกันวันเงินออก
ไม่ระบุ,7429282756426747137,2024-10-24,โซนพัฒนาตัวเอง เติมพลังชีวิต (หนังสือถ้าโลกมันแย่ก็แค่คิดแบบคาปิบาร่า + ปีศาจตัวนั้นคือฉันเอง + เมื่อโลกทั้งใบซ่อนอยู่ใต้หมวกกันน็อก),0.0,0,0.0,0.0,✨Payday นี้‼️  …พิเศษต้อนรับวันฮาโลวีน เทโปรแรง จนขนลุกซู่👻 #opendurianhowto  #หนังสือฮีลใจ  #สถานีฮีลใจ #หนังสือพัฒนาตัวเอง  #payday  #ฮาโลวีน  #halloween  #โปรด่วน #สิ้นเดือน  #TikTokShopช้อปกันวันเงินออก #ช้อปกันวันเงินออก
ไม่ระบุ,7429282756426747137,2024-10-24,โซนเติมพลัง พักผ่อนใจ (หนังสือ  ปีศาจตัวนั้น + ถ้าโลกมันแย่ ก็แค่คิดแบบคาปิบาร่า + วันไหนที่ใจแข็งแรง ดอกไม้จะผลิบาน),0.0,0,0.0,0.0,✨Payday นี้‼️  …พิเศษต้อนรับวันฮาโลวีน เทโปรแรง จนขนลุกซู่👻 #opendurianhowto  #หนังสือฮีลใจ  #สถานีฮีลใจ #หนังสือพัฒนาตัวเอง  #payday  #ฮาโลวีน  #halloween  #โปรด่วน #สิ้นเดือน  #TikTokShopช้อปกันวันเงินออก #ช้อปกันวันเงินออก
ไม่ระบุ,7429258092988075280,2024-10-24,หนังสือ ชีวิตมีเรื่องให้ขอบคุณมากกว่าเสียใจ,0.0,0,0.0,0.0,✨Payday นี้‼️  …พิเศษต้อนรับวันฮาโลวีน เทโปรแรง จนขนลุกซู่👻 #opendurianhowto  #หนังสือฮีลใจ #สถานีฮีลใจ #หนังสือพัฒนาตัวเอง #payday #ฮาโลวีน  #halloween #โปรด่วน #สิ้นเดือน  #TikTokShopช้อปกันวันเงินออก #ช้อปกันวันเงินออก 
ไม่ระบุ,7429258092988075280,2024-10-24,หนังสือ กว่าจะคิดได้ก็ไม่มีลมหายใจแล้ว (It Is Never Too Late to Love Yourself),0.0,0,0.0,0.0,✨Payday นี้‼️  …พิเศษต้อนรับวันฮาโลวีน เทโปรแรง จนขนลุกซู่👻 #opendurianhowto  #หนังสือฮีลใจ #สถานีฮีลใจ #หนังสือพัฒนาตัวเอง #payday #ฮาโลวีน  #halloween #โปรด่วน #สิ้นเดือน  #TikTokShopช้อปกันวันเงินออก #ช้อปกันวันเงินออก 
ไม่ระบุ,7429258092988075280,2024-10-24,โอบกอดความไม่สมบูรณ์แบบของเธอ (Embrace Your Flaws),0.0,0,0.0,0.0,✨Payday นี้‼️  …พิเศษต้อนรับวันฮาโลวีน เทโปรแรง จนขนลุกซู่👻 #opendurianhowto  #หนังสือฮีลใจ #สถานีฮีลใจ #หนังสือพัฒนาตัวเอง #payday #ฮาโลวีน  #halloween #โปรด่วน #สิ้นเดือน  #TikTokShopช้อปกันวันเงินออก #ช้อปกันวันเงินออก 
ไม่ระบุ,7429258092988075280,2024-10-24,หนังสือ เมื่อโลกทั้งใบซ่อนอยู่ใต้หมวกกันน็อก (Helmet Girl),0.0,0,0.0,0.0,✨Payday นี้‼️  …พิเศษต้อนรับวันฮาโลวีน เทโปรแรง จนขนลุกซู่👻 #opendurianhowto  #หนังสือฮีลใจ #สถานีฮีลใจ #หนังสือพัฒนาตัวเอง #payday #ฮาโลวีน  #halloween #โปรด่วน #สิ้นเดือน  #TikTokShopช้อปกันวันเงินออก #ช้อปกันวันเงินออก 
ไม่ระบุ,7429258092988075280,2024-10-24,[พร้อมส่ง] หนังสือ ปีศาจความรัก มักเลือกฉันเป็นเหยื่อ [How to Fight the Love Demon in My Heart],0.0,0,0.0,0.0,✨Payday นี้‼️  …พิเศษต้อนรับวันฮาโลวีน เทโปรแรง จนขนลุกซู่👻 #opendurianhowto  #หนังสือฮีลใจ #สถานีฮีลใจ #หนังสือพัฒนาตัวเอง #payday #ฮาโลวีน  #halloween #โปรด่วน #สิ้นเดือน  #TikTokShopช้อปกันวันเงินออก #ช้อปกันวันเงินออก 
ไม่ระบุ,7429258092988075280,2024-10-24,[พร้อมส่ง] หนังสือถ้าโลกมันแย่ ก็แค่คิดแบบคาปิบาร่า (Think Like a Happybara),0.0,0,0.0,0.0,✨Payday นี้‼️  …พิเศษต้อนรับวันฮาโลวีน เทโปรแรง จนขนลุกซู่👻 #opendurianhowto  #หนังสือฮีลใจ #สถานีฮีลใจ #หนังสือพัฒนาตัวเอง #payday #ฮาโลวีน  #halloween #โปรด่วน #สิ้นเดือน  #TikTokShopช้อปกันวันเงินออก #ช้อปกันวันเงินออก 
ไม่ระบุ,7429258092988075280,2024-10-24,หนังสือวันไหนที่ใจแข็งแรง ดอกไม้จะผลิบาน (The Enchanted Garden),0.0,0,0.0,0.0,✨Payday นี้‼️  …พิเศษต้อนรับวันฮาโลวีน เทโปรแรง จนขนลุกซู่👻 #opendurianhowto  #หนังสือฮีลใจ #สถานีฮีลใจ #หนังสือพัฒนาตัวเอง #payday #ฮาโลวีน  #halloween #โปรด่วน #สิ้นเดือน  #TikTokShopช้อปกันวันเงินออก #ช้อปกันวันเงินออก 
ไม่ระบุ,7429258092988075280,2024-10-24,[พร้อมส่ง] หนังสือปีศาจตัวนั้น คือฉันเอง A Guide to Fighting the Demons in My Heart,0.0,0,0.0,0.0,✨Payday นี้‼️  …พิเศษต้อนรับวันฮาโลวีน เทโปรแรง จนขนลุกซู่👻 #opendurianhowto  #หนังสือฮีลใจ #สถานีฮีลใจ #หนังสือพัฒนาตัวเอง #payday #ฮาโลวีน  #halloween #โปรด่วน #สิ้นเดือน  #TikTokShopช้อปกันวันเงินออก #ช้อปกันวันเงินออก 
ไม่ระบุ,7429255923400559888,2024-10-24,Payday บุฟเฟ่ต์เหมาทั้งหมด,0.0,0,0.0,0.0,✨Payday นี้‼️  …พิเศษต้อนรับวันฮาโลวีน เทโปรแรง จนขนลุกซู่👻 #opendurianhowto #หนังสือฮีลใจ #สถานีฮีลใจ #หนังสือพัฒนาตัวเอง #payday #ฮาโลวีน #halloween #โปรด่วน #สิ้นเดือน #TikTokShopช้อปกันวันเงินออก #ช้อปกันวันเงินออก 
ไม่ระบุ,7429255923400559888,2024-10-24,แพ็กกำจัดสารพัดผีร้าย หนังสือปีศาจตัวนั้น + ปีศาจความรัก + กว่าจะคิดได้ ก็ไม่มีลมหายใจแล้ว,0.0,0,0.0,0.0,✨Payday นี้‼️  …พิเศษต้อนรับวันฮาโลวีน เทโปรแรง จนขนลุกซู่👻 #opendurianhowto #หนังสือฮีลใจ #สถานีฮีลใจ #หนังสือพัฒนาตัวเอง #payday #ฮาโลวีน #halloween #โปรด่วน #สิ้นเดือน #TikTokShopช้อปกันวันเงินออก #ช้อปกันวันเงินออก 
ไม่ระบุ,7429255923400559888,2024-10-24,โซนพัฒนาตัวเอง เติมพลังชีวิต (หนังสือถ้าโลกมันแย่ก็แค่คิดแบบคาปิบาร่า + ปีศาจตัวนั้นคือฉันเอง + เมื่อโลกทั้งใบซ่อนอยู่ใต้หมวกกันน็อก),0.0,0,0.0,0.0,✨Payday นี้‼️  …พิเศษต้อนรับวันฮาโลวีน เทโปรแรง จนขนลุกซู่👻 #opendurianhowto #หนังสือฮีลใจ #สถานีฮีลใจ #หนังสือพัฒนาตัวเอง #payday #ฮาโลวีน #halloween #โปรด่วน #สิ้นเดือน #TikTokShopช้อปกันวันเงินออก #ช้อปกันวันเงินออก 
ไม่ระบุ,7429255923400559888,2024-10-24,โซนเติมพลัง พักผ่อนใจ (หนังสือ  ปีศาจตัวนั้น + ถ้าโลกมันแย่ ก็แค่คิดแบบคาปิบาร่า + วันไหนที่ใจแข็งแรง ดอกไม้จะผลิบาน),0.0,0,0.0,0.0,✨Payday นี้‼️  …พิเศษต้อนรับวันฮาโลวีน เทโปรแรง จนขนลุกซู่👻 #opendurianhowto #หนังสือฮีลใจ #สถานีฮีลใจ #หนังสือพัฒนาตัวเอง #payday #ฮาโลวีน #halloween #โปรด่วน #สิ้นเดือน #TikTokShopช้อปกันวันเงินออก #ช้อปกันวันเงินออก 
ไม่ระบุ,7428929521098689809,2024-10-23,หนังสือ กว่าจะคิดได้ก็ไม่มีลมหายใจแล้ว (It Is Never Too Late to Love Yourself),0.0,0,0.0,0.0,นี่ใช่หนังสือฮีลใจแน่หรอ?! มิติใหม่ของหนังสือฮีลใจมากก #opendurianbooks #opendurianhowto #หนังสือฮีลใจ #สถานีฮีลใจ #ฮีลใจ #พัฒนาตัวเอง #booktok #bkkbooktok #รักตัวเอง #เรื่องผี #กว่าจะคิดได้ก็ไม่มีลมหายใจแล้ว 
ไม่ระบุ,7428193351364644113,2024-10-21,หนังสือ ชีวิตมีเรื่องให้ขอบคุณมากกว่าเสียใจ,0.0,0,0.0,0.0,✨หนังสือเล่มใหม่ ที่โดนตกจากประประโยคหลังปก “ชีวิตมีเรื่องให้ขอบคุณมากกว่าเสียใจ” #opendurianhowto #หนังสือฮีลใจ #เล่มใหม่ #เธรดเศร้า #สถานีฮีลใจ #bkkbooktok #booktok #เทรนด์วันนี้ #หนังสือพัฒนาตัวเอง #รักตัวเอง #ชีวิตมีเรื่องให้ขอบคุณมากกว่าเสียใจ #ปูปรุง 
ไม่ระบุ,7427454346020850960,2024-10-19,โอบกอดความไม่สมบูรณ์แบบของเธอ (Embrace Your Flaws),0.0,0,0.0,0.0,ใครที่อ่านเล่มนี้แล้วเป็นยังไงบ้าง บอกเราหน่อยนะ😊 #opendurianbooks #opendurianhowto #ฮีลใจ #bkkbooktok #booktok #เทรนด์วันนี้ #สถานีฮีลใจ #รีวิวหนังสือ #รักตัวเอง #โอบกอดความไม่สมบูรณ์แบบของเธอ #งานมหกรรมหนังสือระดับชาติครั้งที่29 
ไม่ระบุ,7426701967692549377,2024-10-17,[พร้อมส่ง] หนังสือ ปีศาจความรัก มักเลือกฉันเป็นเหยื่อ [How to Fight the Love Demon in My Heart],0.0,0,0.0,0.0,ทำไมใคร ๆ ก็อ่านหนังสือปีศาจ 2 เล่มนี้🤔 #opendurianbooks #opendurianhowto #ฮีลใจ #bkkbooktok #booktok #เทรนด์วันนี้ #สถานีฮีลใจ #รีวิวหนังสือ #รักตัวเอง #ปีศาจตัวนั้นคือตัวฉันเอง #ปีศาจความรักมักเลือกฉันเป็นเหยื่อ #ความรัก 
ไม่ระบุ,7426701967692549377,2024-10-17,[พร้อมส่ง] หนังสือปีศาจตัวนั้น คือฉันเอง A Guide to Fighting the Demons in My Heart,0.0,0,0.0,0.0,ทำไมใคร ๆ ก็อ่านหนังสือปีศาจ 2 เล่มนี้🤔 #opendurianbooks #opendurianhowto #ฮีลใจ #bkkbooktok #booktok #เทรนด์วันนี้ #สถานีฮีลใจ #รีวิวหนังสือ #รักตัวเอง #ปีศาจตัวนั้นคือตัวฉันเอง #ปีศาจความรักมักเลือกฉันเป็นเหยื่อ #ความรัก 
ไม่ระบุ,7426323368162430224,2024-10-16,โอบกอดความไม่สมบูรณ์แบบของเธอ (Embrace Your Flaws),0.0,0,0.0,0.0,“คุณมุก Imminimus”ผู้เขียนหนังสือ #โอบกอดความไม่สมบูรณ์แบบของเธอ 🫂🌅 #opendurianhowto #หนังสือฮีลใจ #เล่มใหม่ #เธรดเศร้า #ความไม่สมบูรณ์แบบ #งานมหกรรมหนังสือระดับชาติครั้งที่29 #สัมภาษณ์ #imminimustory #นักเขียน 
ไม่ระบุ,7425932752437988625,2024-10-15,หนังสือ กว่าจะคิดได้ก็ไม่มีลมหายใจแล้ว (It Is Never Too Late to Love Yourself),0.0,0,0.0,0.0,“กว่าจะคิดได้ก็ไม่มีลมหายใจแล้ว” หนังสือที่จะเขย่าตัวเราแรง ๆ  ให้หันกลับมาดูตัวเราเอง ว่ากำลังใช้ชีวิตที่จะมาเสียดายทีหลังรึเปล่า… #opendurianbooks #opendurianhowto #หนังสือฮีลใจ #สถานีฮีลใจ #ฮีลใจ #พัฒนาตัวเอง #booktok #bkkbooktok #รักตัวเอง #เรื่องผี #กว่าจะคิดได้ก็ไม่มีลมหายใจแล้ว 
ไม่ระบุ,7425569872219852049,2024-10-14,หนังสือ ชีวิตมีเรื่องให้ขอบคุณมากกว่าเสียใจ,0.0,0,0.0,0.0,จากใจ “คุณปูปรุง” ผู้เขียนหนังสือ  “ชีวิตมีเรื่องให้ขอบคุณมากกว่าเสียใจ”  #หนังสือเล่มใหม่ #หนังสือฮีลใจ #opendurianhowto #ชีวิตมีเรื่องให้ขอบคุณมากกว่าเสียใจ #ปูปรุง #นักเขียน #งานหนังสือ #opendurian 
ไม่ระบุ,7424101717723073799,2024-10-10,หนังสือ ชีวิตมีเรื่องให้ขอบคุณมากกว่าเสียใจ,0.0,0,0.0,0.0,ขอบคุณที่ได้เจอเล่มนี้ หนังสือเล่มใหม่ล่าสุด “ชีวิตมีเรื่องให้ขอบคุณมากกว่าเสียใจ” #opendurianbooks #opendurianhowto #ฮีลใจ #bkkbooktok #booktok #เทรนด์วันนี้ #สถานีฮีลใจ #รีวิวหนังสือ #ชีวิตมีเรื่องให้ขอบคุณมากกว่าเสียใจ 
ไม่ระบุ,7424003478906883348,2024-10-10,หนังสือ กว่าจะคิดได้ก็ไม่มีลมหายใจแล้ว (It Is Never Too Late to Love Yourself),0.0,0,0.0,0.0,📌10.10 x งานหนังสือ📚 เลือกเองได้เลย 3 เล่ม แค่ 999.-‼️ พิเศษ! รับทันที “ฮีลใจไดอารี่” ✅ส่งฟรี มีเก็บเงินปลายทาง #opendurianbooks #opendurianhowto #หนังสือฮีลใจ #สถานีฮีลใจ #ฮีลใจ #พัฒนาตัวเอง #booktok #bkkbooktok #รักตัวเอง #เมื่อโลกทั้งใบซ่อนอยู่ใต้หมวกกันน็อก #ปีศาจตัวนั้นคือตัวฉันเอง #ปีศาจความรักมักเลือกฉันเป็นเหยื่อ #ถ้าโลกมันแย่ก็แค่คิดแบบคาปิบาร่า #วันไหนที่ใจแข็งแรงดอกไม้จะผลิบาน #กว่าจะคิดได้ก็ไม่มีลมหายใจแล้ว #งานมหกรรมหนังสือระดับชาติครั้งที่29 
ไม่ระบุ,7424003478906883348,2024-10-10,หนังสือ เมื่อโลกทั้งใบซ่อนอยู่ใต้หมวกกันน็อก (Helmet Girl),0.0,0,0.0,0.0,📌10.10 x งานหนังสือ📚 เลือกเองได้เลย 3 เล่ม แค่ 999.-‼️ พิเศษ! รับทันที “ฮีลใจไดอารี่” ✅ส่งฟรี มีเก็บเงินปลายทาง #opendurianbooks #opendurianhowto #หนังสือฮีลใจ #สถานีฮีลใจ #ฮีลใจ #พัฒนาตัวเอง #booktok #bkkbooktok #รักตัวเอง #เมื่อโลกทั้งใบซ่อนอยู่ใต้หมวกกันน็อก #ปีศาจตัวนั้นคือตัวฉันเอง #ปีศาจความรักมักเลือกฉันเป็นเหยื่อ #ถ้าโลกมันแย่ก็แค่คิดแบบคาปิบาร่า #วันไหนที่ใจแข็งแรงดอกไม้จะผลิบาน #กว่าจะคิดได้ก็ไม่มีลมหายใจแล้ว #งานมหกรรมหนังสือระดับชาติครั้งที่29 
ไม่ระบุ,7424003478906883348,2024-10-10,[พร้อมส่ง] หนังสือ ปีศาจความรัก มักเลือกฉันเป็นเหยื่อ [How to Fight the Love Demon in My Heart],0.0,0,0.0,0.0,📌10.10 x งานหนังสือ📚 เลือกเองได้เลย 3 เล่ม แค่ 999.-‼️ พิเศษ! รับทันที “ฮีลใจไดอารี่” ✅ส่งฟรี มีเก็บเงินปลายทาง #opendurianbooks #opendurianhowto #หนังสือฮีลใจ #สถานีฮีลใจ #ฮีลใจ #พัฒนาตัวเอง #booktok #bkkbooktok #รักตัวเอง #เมื่อโลกทั้งใบซ่อนอยู่ใต้หมวกกันน็อก #ปีศาจตัวนั้นคือตัวฉันเอง #ปีศาจความรักมักเลือกฉันเป็นเหยื่อ #ถ้าโลกมันแย่ก็แค่คิดแบบคาปิบาร่า #วันไหนที่ใจแข็งแรงดอกไม้จะผลิบาน #กว่าจะคิดได้ก็ไม่มีลมหายใจแล้ว #งานมหกรรมหนังสือระดับชาติครั้งที่29 
ไม่ระบุ,7424003478906883348,2024-10-10,[พร้อมส่ง] หนังสือถ้าโลกมันแย่ ก็แค่คิดแบบคาปิบาร่า (Think Like a Happybara),0.0,0,0.0,0.0,📌10.10 x งานหนังสือ📚 เลือกเองได้เลย 3 เล่ม แค่ 999.-‼️ พิเศษ! รับทันที “ฮีลใจไดอารี่” ✅ส่งฟรี มีเก็บเงินปลายทาง #opendurianbooks #opendurianhowto #หนังสือฮีลใจ #สถานีฮีลใจ #ฮีลใจ #พัฒนาตัวเอง #booktok #bkkbooktok #รักตัวเอง #เมื่อโลกทั้งใบซ่อนอยู่ใต้หมวกกันน็อก #ปีศาจตัวนั้นคือตัวฉันเอง #ปีศาจความรักมักเลือกฉันเป็นเหยื่อ #ถ้าโลกมันแย่ก็แค่คิดแบบคาปิบาร่า #วันไหนที่ใจแข็งแรงดอกไม้จะผลิบาน #กว่าจะคิดได้ก็ไม่มีลมหายใจแล้ว #งานมหกรรมหนังสือระดับชาติครั้งที่29 
ไม่ระบุ,7424003478906883348,2024-10-10,หนังสือวันไหนที่ใจแข็งแรง ดอกไม้จะผลิบาน (The Enchanted Garden),0.0,0,0.0,0.0,📌10.10 x งานหนังสือ📚 เลือกเองได้เลย 3 เล่ม แค่ 999.-‼️ พิเศษ! รับทันที “ฮีลใจไดอารี่” ✅ส่งฟรี มีเก็บเงินปลายทาง #opendurianbooks #opendurianhowto #หนังสือฮีลใจ #สถานีฮีลใจ #ฮีลใจ #พัฒนาตัวเอง #booktok #bkkbooktok #รักตัวเอง #เมื่อโลกทั้งใบซ่อนอยู่ใต้หมวกกันน็อก #ปีศาจตัวนั้นคือตัวฉันเอง #ปีศาจความรักมักเลือกฉันเป็นเหยื่อ #ถ้าโลกมันแย่ก็แค่คิดแบบคาปิบาร่า #วันไหนที่ใจแข็งแรงดอกไม้จะผลิบาน #กว่าจะคิดได้ก็ไม่มีลมหายใจแล้ว #งานมหกรรมหนังสือระดับชาติครั้งที่29 
ไม่ระบุ,7424003478906883348,2024-10-10,[พร้อมส่ง] หนังสือปีศาจตัวนั้น คือฉันเอง A Guide to Fighting the Demons in My Heart,0.0,0,0.0,0.0,📌10.10 x งานหนังสือ📚 เลือกเองได้เลย 3 เล่ม แค่ 999.-‼️ พิเศษ! รับทันที “ฮีลใจไดอารี่” ✅ส่งฟรี มีเก็บเงินปลายทาง #opendurianbooks #opendurianhowto #หนังสือฮีลใจ #สถานีฮีลใจ #ฮีลใจ #พัฒนาตัวเอง #booktok #bkkbooktok #รักตัวเอง #เมื่อโลกทั้งใบซ่อนอยู่ใต้หมวกกันน็อก #ปีศาจตัวนั้นคือตัวฉันเอง #ปีศาจความรักมักเลือกฉันเป็นเหยื่อ #ถ้าโลกมันแย่ก็แค่คิดแบบคาปิบาร่า #วันไหนที่ใจแข็งแรงดอกไม้จะผลิบาน #กว่าจะคิดได้ก็ไม่มีลมหายใจแล้ว #งานมหกรรมหนังสือระดับชาติครั้งที่29 
ไม่ระบุ,7424001913470881044,2024-10-10,แพ็กกำจัดสารพัดผีร้าย หนังสือปีศาจตัวนั้น + ปีศาจความรัก + กว่าจะคิดได้ ก็ไม่มีลมหายใจแล้ว,0.0,0,0.0,0.0,📌10.10 x งานหนังสือ📚 คุ้ม 3 เด้ง!!  หนังสือ 3 เล่ม + ฮีลใจไดอารี่ แค่ 999.-‼️  #opendurianbooks #opendurianhowto #หนังสือฮีลใจ #สถานีฮีลใจ #ฮีลใจ #พัฒนาตัวเอง #booktok #bkkbooktok #รักตัวเอง #เมื่อโลกทั้งใบซ่อนอยู่ใต้หมวกกันน็อก #ปีศาจตัวนั้นคือตัวฉันเอง #ปีศาจความรักมักเลือกฉันเป็นเหยื่อ #ถ้าโลกมันแย่ก็แค่คิดแบบคาปิบาร่า #วันไหนที่ใจแข็งแรงดอกไม้จะผลิบาน #กว่าจะคิดได้ก็ไม่มีลมหายใจแล้ว #งานมหกรรมหนังสือระดับชาติครั้งที่29 
ไม่ระบุ,7424001913470881044,2024-10-10,โซนพัฒนาตัวเอง เติมพลังชีวิต (หนังสือถ้าโลกมันแย่ก็แค่คิดแบบคาปิบาร่า + ปีศาจตัวนั้นคือฉันเอง + เมื่อโลกทั้งใบซ่อนอยู่ใต้หมวกกันน็อก),0.0,0,0.0,0.0,📌10.10 x งานหนังสือ📚 คุ้ม 3 เด้ง!!  หนังสือ 3 เล่ม + ฮีลใจไดอารี่ แค่ 999.-‼️  #opendurianbooks #opendurianhowto #หนังสือฮีลใจ #สถานีฮีลใจ #ฮีลใจ #พัฒนาตัวเอง #booktok #bkkbooktok #รักตัวเอง #เมื่อโลกทั้งใบซ่อนอยู่ใต้หมวกกันน็อก #ปีศาจตัวนั้นคือตัวฉันเอง #ปีศาจความรักมักเลือกฉันเป็นเหยื่อ #ถ้าโลกมันแย่ก็แค่คิดแบบคาปิบาร่า #วันไหนที่ใจแข็งแรงดอกไม้จะผลิบาน #กว่าจะคิดได้ก็ไม่มีลมหายใจแล้ว #งานมหกรรมหนังสือระดับชาติครั้งที่29 
ไม่ระบุ,7424001913470881044,2024-10-10,โซนเติมพลัง พักผ่อนใจ (หนังสือ  ปีศาจตัวนั้น + ถ้าโลกมันแย่ ก็แค่คิดแบบคาปิบาร่า + วันไหนที่ใจแข็งแรง ดอกไม้จะผลิบาน),0.0,0,0.0,0.0,📌10.10 x งานหนังสือ📚 คุ้ม 3 เด้ง!!  หนังสือ 3 เล่ม + ฮีลใจไดอารี่ แค่ 999.-‼️  #opendurianbooks #opendurianhowto #หนังสือฮีลใจ #สถานีฮีลใจ #ฮีลใจ #พัฒนาตัวเอง #booktok #bkkbooktok #รักตัวเอง #เมื่อโลกทั้งใบซ่อนอยู่ใต้หมวกกันน็อก #ปีศาจตัวนั้นคือตัวฉันเอง #ปีศาจความรักมักเลือกฉันเป็นเหยื่อ #ถ้าโลกมันแย่ก็แค่คิดแบบคาปิบาร่า #วันไหนที่ใจแข็งแรงดอกไม้จะผลิบาน #กว่าจะคิดได้ก็ไม่มีลมหายใจแล้ว #งานมหกรรมหนังสือระดับชาติครั้งที่29 
ไม่ระบุ,7422990070560427284,2024-10-07,[พร้อมส่ง] Box set หนังสือถ้าโลกมันแย่ ก็แค่คิดแบบคาปิบาร่า (Think Like a Happybara),0.0,0,0.0,0.0,📔คัมภีร์แฮปปี้บาร่าจะบอกอะไรกับคุณ🔮 #opendurianbooks #opendurianhowto #หนังสือฮีลใจ #ฮีลใจ #bkkbooktok #booktok #เทรนด์วันนี้ #สถานีฮีลใจ #รีวิวหนังสือ #ถ้าโลกมันแย่ก็แค่คิดแบบคาปิบาร่า #คาปิบาร่า 
ไม่ระบุ,7422232659637570833,2024-10-05,[พร้อมส่ง] Box set หนังสือถ้าโลกมันแย่ ก็แค่คิดแบบคาปิบาร่า (Think Like a Happybara),0.0,0,0.0,0.0,✨ถึงหมูเด้งจะดังแล้ว.. …แต่อย่าลืม⁉️ #opendurianhowto #หนังสือฮีลใจ #แนะนำ #คาปิบาร่า #capibara  #boxset #ถ้าโลกมันแย่ก็แค่คิดแบบคาปิบาร่า #รักตัวเอง #ชอบ 
ไม่ระบุ,7421891263181360405,2024-10-04,BOXSET เมื่อโลกทั้งใบซ่อนอยู่ใต้หมวกกันน็อก (Helmet Girl),0.0,0,0.0,0.0,มาทำเช็กลิสต์เพิ่มความมั่นใจไปด้วยกัน💖  #opendurianbooks #opendurianhowto #หนังสือฮีลใจ #ฮีลใจ #bkkbooktok #booktok #เทรนด์วันนี้ #สถานีฮีลใจ #รีวิวหนังสือ #helmetgirl #เมื่อโลกทั้งใบซ่อนอยู่ใต้หมวกกันน็อก #เช็กลิสต์ 
ไม่ระบุ,7421891263181360405,2024-10-04,หนังสือ เมื่อโลกทั้งใบซ่อนอยู่ใต้หมวกกันน็อก (Helmet Girl),0.0,0,0.0,0.0,มาทำเช็กลิสต์เพิ่มความมั่นใจไปด้วยกัน💖  #opendurianbooks #opendurianhowto #หนังสือฮีลใจ #ฮีลใจ #bkkbooktok #booktok #เทรนด์วันนี้ #สถานีฮีลใจ #รีวิวหนังสือ #helmetgirl #เมื่อโลกทั้งใบซ่อนอยู่ใต้หมวกกันน็อก #เช็กลิสต์ 
ไม่ระบุ,7421514930727292177,2024-10-03,โอบกอดความไม่สมบูรณ์แบบของเธอ (Embrace Your Flaws),0.0,0,0.0,0.0,ทุกภาพมีข้อความซ่อนอยู่🫂 #opendurianbooks #opendurianhowto #หนังสือฮีลใจ #ฮีลใจ #bkkbooktok #booktok #เทรนด์วันนี้ #สถานีฮีลใจ #รีวิวหนังสือ #โอบกอดความไม่สมบูรณ์แบบของเธอ 
ไม่ระบุ,7421140261176216833,2024-10-02,หนังสือ กว่าจะคิดได้ก็ไม่มีลมหายใจแล้ว (It Is Never Too Late to Love Yourself),0.0,0,0.0,0.0,ฟีเจอร์ที่ไม่เคยเจอที่ไหน✨ #opendurianbooks #opendurianhowto #หนังสือฮีลใจ #ฮีลใจ #bkkbooktok #booktok #เทรนด์วันนี้ #สถานีฮีลใจ #รีวิวหนังสือ #กว่าจะคิดได้ก็ไม่มีลมหายใจแล้ว #รักตัวเอง #เรื่องผี 
ไม่ระบุ,7420736455737232656,2024-10-01,[พร้อมส่ง] หนังสือปีศาจตัวนั้น คือฉันเอง A Guide to Fighting the Demons in My Heart,0.0,0,0.0,0.0,…ทุกครั้งที่เรารู้สึกเฟลกับชีวิต  อยากให้ลองหยิบเล่มนี้มาอ่านดูนะ💖 #opendurianhowto #หนังสือฮีลใจ #ปีศาจตัวนั้นคือตัวฉันเอง #แนะนำ #เธรดคําพูด #เธรด 
ไม่ระบุ,7419658819237694741,2024-09-28,[พร้อมส่ง] หนังสือปีศาจตัวนั้น คือฉันเอง A Guide to Fighting the Demons in My Heart,0.0,0,0.0,0.0,สนใจคนอื่นให้น้อยลง หันมาโฟกัสสิ่งที่ทำอยู่ให้มากขึ้น #opendurianbooks #opendurianhowto #หนังสือฮีลใจ #ฮีลใจ #bkkbooktok #booktok #เทรนด์วันนี้ #สถานีฮีลใจ #รีวิวหนังสือ #ปีศาจตัวนั้นคือฉันเอง 
ไม่ระบุ,7418495474736385296,2024-09-25,โซนฟื้นฟู โอบกอดหัวใจ (หนังสือ ถ้าโลกมันแย่ ก็แค่คิดแบบคาปิบาร่า + เมื่อโลกทั้งใบซ่อนอยู่ใต้หมวกกันน็อก + ปีศาจความรัก),0.0,0,0.0,0.0,🎉สิ้นเดือนนี้ให้ PAYDAY ดามใจ พิเศษ 3 เล่มเพียง ✨999.-  ราคาเดียวเท่านั้น‼️ #opendurianhowto #หนังสือฮีลใจ ##TikTokShopช้อปกันวันเงินออก#ช้อปกันวันเงินออก #โปรโมชั่น #สุดคุ้ม #รักตัวเอง 
ไม่ระบุ,7418495474736385296,2024-09-25,โซนพัฒนาตัวเอง เติมพลังชีวิต (หนังสือถ้าโลกมันแย่ก็แค่คิดแบบคาปิบาร่า + ปีศาจตัวนั้นคือฉันเอง + เมื่อโลกทั้งใบซ่อนอยู่ใต้หมวกกันน็อก),0.0,0,0.0,0.0,🎉สิ้นเดือนนี้ให้ PAYDAY ดามใจ พิเศษ 3 เล่มเพียง ✨999.-  ราคาเดียวเท่านั้น‼️ #opendurianhowto #หนังสือฮีลใจ ##TikTokShopช้อปกันวันเงินออก#ช้อปกันวันเงินออก #โปรโมชั่น #สุดคุ้ม #รักตัวเอง 
ไม่ระบุ,7418495474736385296,2024-09-25,โซนเติมพลัง พักผ่อนใจ (หนังสือ  ปีศาจตัวนั้น + ถ้าโลกมันแย่ ก็แค่คิดแบบคาปิบาร่า + วันไหนที่ใจแข็งแรง ดอกไม้จะผลิบาน),0.0,0,0.0,0.0,🎉สิ้นเดือนนี้ให้ PAYDAY ดามใจ พิเศษ 3 เล่มเพียง ✨999.-  ราคาเดียวเท่านั้น‼️ #opendurianhowto #หนังสือฮีลใจ ##TikTokShopช้อปกันวันเงินออก#ช้อปกันวันเงินออก #โปรโมชั่น #สุดคุ้ม #รักตัวเอง 
ไม่ระบุ,7417777942375206160,2024-09-23,โอบกอดความไม่สมบูรณ์แบบของเธอ (Embrace Your Flaws),0.0,0,0.0,0.0,..หนังสือแด่คุณ (ผู้แตกสลาย)🫂 และความไม่สมบูร… #opendurianhowto #เล่มใหม่ #เธรด #หนังสือฮีลใจ #เธรดเศร้า  #โอบกอดความไม่สมบูรณ์แบบของเธอ 
ไม่ระบุ,7417416664385326357,2024-09-22,[พร้อมส่ง] Box set หนังสือถ้าโลกมันแย่ ก็แค่คิดแบบคาปิบาร่า (Think Like a Happybara),0.0,0,0.0,0.0,รีวิว Boxset คาปิบาร่า จากผู้ใช้จริง✨ ภายใน 1 นาที⏰ #opendurianbooks #opendurianhowto #หนังสือฮีลใจ #ฮีลใจ #bkkbooktok #booktok #เทรนด์วันนี้ #สถานีฮีลใจ #ถ้าโลกมันแย่ก็แค่คิดแบบคาปิบาร่า #คาปิบาร่า 
ไม่ระบุ,7417086630932008208,2024-09-21,BOXSET เมื่อโลกทั้งใบซ่อนอยู่ใต้หมวกกันน็อก (Helmet Girl),0.0,0,0.0,0.0,✨จากเรื่องราวไม่รักตัวเองของคุณ May-I สู่หนังสือ #เมื่อโลกทั้งใบซ่อนอยู่ใต้หมวกกันน็อก 🫂   #นักเขียน #mayi #รักตัวเอง #หนังสือฮีลใจ #opendurianhowto #helmetgirl #เธรด #ฮีลใจ #เล่มใหม่ #สัมภาษณ์ 
ไม่ระบุ,7417086630932008208,2024-09-21,หนังสือ เมื่อโลกทั้งใบซ่อนอยู่ใต้หมวกกันน็อก (Helmet Girl),0.0,0,0.0,0.0,✨จากเรื่องราวไม่รักตัวเองของคุณ May-I สู่หนังสือ #เมื่อโลกทั้งใบซ่อนอยู่ใต้หมวกกันน็อก 🫂   #นักเขียน #mayi #รักตัวเอง #หนังสือฮีลใจ #opendurianhowto #helmetgirl #เธรด #ฮีลใจ #เล่มใหม่ #สัมภาษณ์ 
ไม่ระบุ,7416678440465730817,2024-09-20,Boxset หนังสือวันไหนที่ใจแข็งแรง ดอกไม้จะผลิบาน (The Enchanted Garden) ฟรีของแถมใน Boxset ทุกเซ็ต,0.0,0,0.0,0.0,…บางครั้งของขวัญที่ดีที่สุด อาจไม่ต้องเป็นของที่มีค่า🌻 #opendurianhowto #opendurian #หนังสือฮีลใจ #หนังสือเล่มใหม่ #เธรดหนังสือ #เธรดเศร้า #วันไหนที่ใจแข็งแรงดอกไม้จะผลิบาน #สวนดอกไม้ #รับปริญญา #ของขวัญ #gift #ของขวัญรับปริญญา 
ไม่ระบุ,7416678440465730817,2024-09-20,หนังสือวันไหนที่ใจแข็งแรง ดอกไม้จะผลิบาน (The Enchanted Garden),0.0,0,0.0,0.0,…บางครั้งของขวัญที่ดีที่สุด อาจไม่ต้องเป็นของที่มีค่า🌻 #opendurianhowto #opendurian #หนังสือฮีลใจ #หนังสือเล่มใหม่ #เธรดหนังสือ #เธรดเศร้า #วันไหนที่ใจแข็งแรงดอกไม้จะผลิบาน #สวนดอกไม้ #รับปริญญา #ของขวัญ #gift #ของขวัญรับปริญญา 
ไม่ระบุ,7416311784128171284,2024-09-19,[พร้อมส่ง] หนังสือปีศาจตัวนั้น คือฉันเอง A Guide to Fighting the Demons in My Heart,0.0,0,0.0,0.0,💖ฮีลใจด้วย เก่งอังกฤษด้วย✨ #opendurianbooks #opendurianhowto #หนังสือฮีลใจ #ฮีลใจ #bkkbooktok #booktok #เทรนด์วันนี้ #สถานีฮีลใจ #ปีศาจตัวนั้นคือฉันเอง 
ไม่ระบุ,7414054925023350036,2024-09-13,แพ็กคู่ปีศาจ! หนังสือปีศาจตัวนั้นคือฉันเอง + ปีศาจความรัก,0.0,0,0.0,0.0,🎉โปรฉลองครบรอบ 1 ปี หนังสือปีศาจตัวนั้นคือฉันเอง✨ 📌รับทันที หนังสือปีศาจความรัก พร้อมของแถมอีกเพียบ เพียงจ่ายเพิ่ม 300.-✅ #opendurianbooks #opendurianhowto #หนังสือฮีลใจ #สถานีฮีลใจ #ฮีลใจ #พัฒนาตัวเอง #booktok #bkkbooktok #ปีศาจตัวนั้นคือตัวฉันเอง #ปีศาจความรักมักเลือกฉันเป็นเหยื่อ 
ไม่ระบุ,7414054925023350036,2024-09-13,[พร้อมส่ง] หนังสือ ปีศาจความรัก มักเลือกฉันเป็นเหยื่อ [How to Fight the Love Demon in My Heart],0.0,0,0.0,0.0,🎉โปรฉลองครบรอบ 1 ปี หนังสือปีศาจตัวนั้นคือฉันเอง✨ 📌รับทันที หนังสือปีศาจความรัก พร้อมของแถมอีกเพียบ เพียงจ่ายเพิ่ม 300.-✅ #opendurianbooks #opendurianhowto #หนังสือฮีลใจ #สถานีฮีลใจ #ฮีลใจ #พัฒนาตัวเอง #booktok #bkkbooktok #ปีศาจตัวนั้นคือตัวฉันเอง #ปีศาจความรักมักเลือกฉันเป็นเหยื่อ 
ไม่ระบุ,7414054925023350036,2024-09-13,[พร้อมส่ง] หนังสือปีศาจตัวนั้น คือฉันเอง A Guide to Fighting the Demons in My Heart,0.0,0,0.0,0.0,🎉โปรฉลองครบรอบ 1 ปี หนังสือปีศาจตัวนั้นคือฉันเอง✨ 📌รับทันที หนังสือปีศาจความรัก พร้อมของแถมอีกเพียบ เพียงจ่ายเพิ่ม 300.-✅ #opendurianbooks #opendurianhowto #หนังสือฮีลใจ #สถานีฮีลใจ #ฮีลใจ #พัฒนาตัวเอง #booktok #bkkbooktok #ปีศาจตัวนั้นคือตัวฉันเอง #ปีศาจความรักมักเลือกฉันเป็นเหยื่อ 
ไม่ระบุ,7413772942334561556,2024-09-12,แพ็กคู่ปีศาจ! หนังสือปีศาจตัวนั้นคือฉันเอง + ปีศาจความรัก,0.0,0,0.0,0.0,ฉลองครบรอบ 1 ปี ปีศาจตัวนั้นคือฉันเอง✨  #opendurianbooks #opendurianhowto #หนังสือฮีลใจ #ฮีลใจ #bkkbooktok #booktok #เทรนด์วันนี้ #สถานีฮีลใจ #รักตัวเอง #ปีศาจตัวนั้นคือฉันเอง #ปีศาจความรักมักเลือกฉันเป็นเหยื่อ 
ไม่ระบุ,7413772942334561556,2024-09-12,[พร้อมส่ง] หนังสือ ปีศาจความรัก มักเลือกฉันเป็นเหยื่อ [How to Fight the Love Demon in My Heart],0.0,0,0.0,0.0,ฉลองครบรอบ 1 ปี ปีศาจตัวนั้นคือฉันเอง✨  #opendurianbooks #opendurianhowto #หนังสือฮีลใจ #ฮีลใจ #bkkbooktok #booktok #เทรนด์วันนี้ #สถานีฮีลใจ #รักตัวเอง #ปีศาจตัวนั้นคือฉันเอง #ปีศาจความรักมักเลือกฉันเป็นเหยื่อ 
ไม่ระบุ,7413772942334561556,2024-09-12,[พร้อมส่ง] หนังสือปีศาจตัวนั้น คือฉันเอง A Guide to Fighting the Demons in My Heart,0.0,0,0.0,0.0,ฉลองครบรอบ 1 ปี ปีศาจตัวนั้นคือฉันเอง✨  #opendurianbooks #opendurianhowto #หนังสือฮีลใจ #ฮีลใจ #bkkbooktok #booktok #เทรนด์วันนี้ #สถานีฮีลใจ #รักตัวเอง #ปีศาจตัวนั้นคือฉันเอง #ปีศาจความรักมักเลือกฉันเป็นเหยื่อ 
ไม่ระบุ,7411865055962074384,2024-09-07,[พร้อมส่ง] หนังสือ ปีศาจความรัก มักเลือกฉันเป็นเหยื่อ [How to Fight the Love Demon in My Heart],0.0,0,0.0,0.0,2 เล่มนี้ต่างกันยังไง? ดูจบตัดสินใจได้เลย✨ #opendurianbooks #opendurianhowto #หนังสือฮีลใจ #ฮีลใจ #bkkbooktok #booktok #เทรนด์วันนี้ #สถานีฮีลใจ #หนังสือพัฒนาตัวเอง #รักตัวเอง #ปีศาจตัวนั้นคือฉันเอง #ปีศาจความรักมักเลือกฉันเป็นเหยื่อ 
ไม่ระบุ,7411865055962074384,2024-09-07,[พร้อมส่ง] หนังสือปีศาจตัวนั้น คือฉันเอง A Guide to Fighting the Demons in My Heart,0.0,0,0.0,0.0,2 เล่มนี้ต่างกันยังไง? ดูจบตัดสินใจได้เลย✨ #opendurianbooks #opendurianhowto #หนังสือฮีลใจ #ฮีลใจ #bkkbooktok #booktok #เทรนด์วันนี้ #สถานีฮีลใจ #หนังสือพัฒนาตัวเอง #รักตัวเอง #ปีศาจตัวนั้นคือฉันเอง #ปีศาจความรักมักเลือกฉันเป็นเหยื่อ 
ไม่ระบุ,7411485461236993281,2024-09-06,โอบกอดความไม่สมบูรณ์แบบของเธอ (Embrace Your Flaws),0.0,0,0.0,0.0,หนังสือเล่มใหม่✨ที่โดนตกจากประโยคบนปกหลัง “โอบกอดความไม่สมบูรณ์แบบของเธอ”  #opendurianbooks #opendurianhowto #หนังสือฮีลใจ #ฮีลใจ #bkkbooktok #booktok #เทรนด์วันนี้ #สถานีฮีลใจ #หนังสือพัฒนาตัวเอง #รักตัวเอง #โอบกอดความไม่สมบูรณ์แบบของเธอ 
ไม่ระบุ,7411092396093623553,2024-09-05,BOXSET เมื่อโลกทั้งใบซ่อนอยู่ใต้หมวกกันน็อก (Helmet Girl),0.0,0,0.0,0.0,📌ข้อคิดที่จะทำให้เรารักตัวเอง จากหนังสือเมื่อโลกทั้งใบซ่อนอยู่ใต้หมวกกันน็อก✨  #opendurianbooks #opendurianhowto #หนังสือฮีลใจ #ฮีลใจ #bkkbooktok #booktok #เทรนด์วันนี้ #สถานีฮีลใจ #หนังสือพัฒนาตัวเอง #รักตัวเอง #เมื่อโลกทั้งใบซ่อนอยู่ใต้หมวกกันน็อก #helmetgirl 
ไม่ระบุ,7411092396093623553,2024-09-05,หนังสือ เมื่อโลกทั้งใบซ่อนอยู่ใต้หมวกกันน็อก (Helmet Girl),0.0,0,0.0,0.0,📌ข้อคิดที่จะทำให้เรารักตัวเอง จากหนังสือเมื่อโลกทั้งใบซ่อนอยู่ใต้หมวกกันน็อก✨  #opendurianbooks #opendurianhowto #หนังสือฮีลใจ #ฮีลใจ #bkkbooktok #booktok #เทรนด์วันนี้ #สถานีฮีลใจ #หนังสือพัฒนาตัวเอง #รักตัวเอง #เมื่อโลกทั้งใบซ่อนอยู่ใต้หมวกกันน็อก #helmetgirl 
ไม่ระบุ,7411062089495743760,2024-09-05,BOXSET เมื่อโลกทั้งใบซ่อนอยู่ใต้หมวกกันน็อก (Helmet Girl),0.0,0,0.0,0.0,📍9.9 นี้ มัดรวม 2 Boxset  ขายดีมาให้ ในราคาพิเศษ  เพียง 999.- เท่านั้น‼️ (ให้สิทธิ์แค่ 9.9 นี้เท่านั้น💖) #opendurianbooks #opendurianhowto  ##TikTokShop99วันไลฟ์แห่งชาติ#99วันไลฟ์แห่งชาติ #หมวกกันน็อค  #คาปิบาร่า #ถูกมาก #คุ้มมาก 
ไม่ระบุ,7410742660073409809,2024-09-04,[พร้อมส่ง] Box set หนังสือถ้าโลกมันแย่ ก็แค่คิดแบบคาปิบาร่า (Think Like a Happybara),0.0,0,0.0,0.0,“เราไม่ได้เกิดมาใช้ชีวิตเพื่อใคร” #opendurianbooks #opendurianhowto #หนังสือฮีลใจ #ฮีลใจ #bkkbooktok #booktok #เทรนด์วันนี้ #สถานีฮีลใจ #หนังสือพัฒนาตัวเอง #รักตัวเอง #ถ้าโลกมันแย่ก็แค่คิดแบบคาปิบาร่า #เธรดความรู้สึก 
ไม่ระบุ,7410742660073409809,2024-09-04,[พร้อมส่ง] หนังสือถ้าโลกมันแย่ ก็แค่คิดแบบคาปิบาร่า (Think Like a Happybara),0.0,0,0.0,0.0,“เราไม่ได้เกิดมาใช้ชีวิตเพื่อใคร” #opendurianbooks #opendurianhowto #หนังสือฮีลใจ #ฮีลใจ #bkkbooktok #booktok #เทรนด์วันนี้ #สถานีฮีลใจ #หนังสือพัฒนาตัวเอง #รักตัวเอง #ถ้าโลกมันแย่ก็แค่คิดแบบคาปิบาร่า #เธรดความรู้สึก 
ไม่ระบุ,7410019384955079943,2024-09-02,BOXSET เมื่อโลกทั้งใบซ่อนอยู่ใต้หมวกกันน็อก (Helmet Girl),0.0,0,0.0,0.0,อย่าเป็นตัวเองเลย ไม่มีใครชอบหรอก☹️ #opendurianbooks #opendurianhowto #หนังสือฮีลใจ #ฮีลใจ #bkkbooktok #หนังสือพัฒนาตัวเอง #booktok #เทรนด์วันนี้ #สถานีฮีลใจ #เมื่อโลกทั้งใบซ่อนอยู่ใต้หมวกกันน็อก #helmetgirl 
ไม่ระบุ,7409293650775067912,2024-08-31,BOXSET เมื่อโลกทั้งใบซ่อนอยู่ใต้หมวกกันน็อก (Helmet Girl),0.0,0,0.0,0.0,มีความจริงในโลกอยู่ข้อนึงที่ว่า...  “เราคือรักแท้ของตัวเอง” #opendurianbooks #opendurianhowto #หนังสือฮีลใจ #ฮีลใจ #bkkbooktok #หนังสือพัฒนาตัวเอง #booktok #เทรนด์วันนี้ #สถานีฮีลใจ #เมื่อโลกทั้งใบซ่อนอยู่ใต้หมวกกันน็อก #helmetgirl #รักตัวเอง 
ไม่ระบุ,7409293650775067912,2024-08-31,หนังสือ เมื่อโลกทั้งใบซ่อนอยู่ใต้หมวกกันน็อก (Helmet Girl),0.0,0,0.0,0.0,มีความจริงในโลกอยู่ข้อนึงที่ว่า...  “เราคือรักแท้ของตัวเอง” #opendurianbooks #opendurianhowto #หนังสือฮีลใจ #ฮีลใจ #bkkbooktok #หนังสือพัฒนาตัวเอง #booktok #เทรนด์วันนี้ #สถานีฮีลใจ #เมื่อโลกทั้งใบซ่อนอยู่ใต้หมวกกันน็อก #helmetgirl #รักตัวเอง 
ไม่ระบุ,7409264164884991250,2024-08-31,Boxset หนังสือวันไหนที่ใจแข็งแรง ดอกไม้จะผลิบาน (The Enchanted Garden) ฟรีของแถมใน Boxset ทุกเซ็ต,0.0,0,0.0,0.0,เราเป็นคนปลูก แต่ทำไมเขาถึงได้ไปครอบครอง #opendurianbooks #opendurianhowto #หนังสือฮีลใจ #ฮีลใจ #bkkbooktok #หนังสือพัฒนาตัวเอง #booktok #เทรนด์วันนี้ #วันไหนที่ใจแข็งแรงดอกไม้จะผลิบาน 
ไม่ระบุ,7409264164884991250,2024-08-31,หนังสือวันไหนที่ใจแข็งแรง ดอกไม้จะผลิบาน (The Enchanted Garden),0.0,0,0.0,0.0,เราเป็นคนปลูก แต่ทำไมเขาถึงได้ไปครอบครอง #opendurianbooks #opendurianhowto #หนังสือฮีลใจ #ฮีลใจ #bkkbooktok #หนังสือพัฒนาตัวเอง #booktok #เทรนด์วันนี้ #วันไหนที่ใจแข็งแรงดอกไม้จะผลิบาน 
ไม่ระบุ,7408502132518751495,2024-08-29,BOXSET เมื่อโลกทั้งใบซ่อนอยู่ใต้หมวกกันน็อก (Helmet Girl),0.0,0,0.0,0.0,✨เช็ค 5 ข้อ 📍คุณคิดลบกับตัวเองหรือไม่? #opendurianbooks #opendurianhowto #หนังสือฮีลใจ #เทรนด์วันนี้ #พัฒนาตัวเอง #หมวกกันน็อค #หนังสือฮีลใจเล่มใหม่ #helmetgirl #รักตัวเอง #คิดลบ 
ไม่ระบุ,7408502132518751495,2024-08-29,หนังสือ เมื่อโลกทั้งใบซ่อนอยู่ใต้หมวกกันน็อก (Helmet Girl),0.0,0,0.0,0.0,✨เช็ค 5 ข้อ 📍คุณคิดลบกับตัวเองหรือไม่? #opendurianbooks #opendurianhowto #หนังสือฮีลใจ #เทรนด์วันนี้ #พัฒนาตัวเอง #หมวกกันน็อค #หนังสือฮีลใจเล่มใหม่ #helmetgirl #รักตัวเอง #คิดลบ 
ไม่ระบุ,7408146903709306130,2024-08-28,[พร้อมส่ง] หนังสือถ้าโลกมันแย่ ก็แค่คิดแบบคาปิบาร่า (Think Like a Happybara),0.0,0,0.0,0.0,ทำไมต้องรู้สึกผิดที่ “ลางาน”  #opendurianhowto #opendurianbooks #หนังสือฮีลใจ #ฮีลใจ #bkkbooktok #หนังสือพัฒนาตัวเอง #booktok #เทรนด์วันนี้ #ถ้าโลกมันแย่ก็แค่คิดแบบคาปิบาร่า 
ไม่ระบุ,7407764133682220308,2024-08-27,[พร้อมส่ง] หนังสือปีศาจตัวนั้น คือฉันเอง A Guide to Fighting the Demons in My Heart,0.0,0,0.0,0.0,✨ประโยคดี ๆ ที่ควรอ่าน “ปีศาจตัวนั้นคือฉันเอง”😈  #opendurianbooks #opendurianhowto #หนังสือฮีลใจ #เทรนด์วันนี้ #พัฒนาตัวเอง #ปีศาจตัวนั้นคือตัวฉันเอง  #รักตัวเอง 
ไม่ระบุ,7407383796284230932,2024-08-26,Boxset หนังสือวันไหนที่ใจแข็งแรง ดอกไม้จะผลิบาน (The Enchanted Garden) ฟรีของแถมใน Boxset ทุกเซ็ต,0.0,0,0.0,0.0,✨น้ำหยดลงหินทุกวัน หิน…? #opendurianbooks #opendurianhowto #หนังสือฮีลใจ #boxset #เทรนด์วันนี้ #วันไหนที่ใจแข็งแรงดอกไม้จะผลิบาน #สวนหัวใจ #จีบ #ความรัก 
ไม่ระบุ,7407383796284230932,2024-08-26,หนังสือวันไหนที่ใจแข็งแรง ดอกไม้จะผลิบาน (The Enchanted Garden),0.0,0,0.0,0.0,✨น้ำหยดลงหินทุกวัน หิน…? #opendurianbooks #opendurianhowto #หนังสือฮีลใจ #boxset #เทรนด์วันนี้ #วันไหนที่ใจแข็งแรงดอกไม้จะผลิบาน #สวนหัวใจ #จีบ #ความรัก 
ไม่ระบุ,7406668590738345224,2024-08-24,[พร้อมส่ง] หนังสือปีศาจตัวนั้น คือฉันเอง A Guide to Fighting the Demons in My Heart,0.0,0,0.0,0.0,ขอโทษที่เจอหนังสือเล่มนี้ช้าไป...  📌สนใจหนังสือกดที่ตะกร้า✨ #opendurianhowto #opendurianbooks #หนังสือฮีลใจ #ฮีลใจ #bkkbooktok #หนังสือพัฒนาตัวเอง #booktok #เทรนด์วันนี้ #สถานีฮีลใจ #ปีศาจตัวนั้นคือฉันเอง 
ไม่ระบุ,7406292578565360903,2024-08-23,BOXSET เมื่อโลกทั้งใบซ่อนอยู่ใต้หมวกกันน็อก (Helmet Girl),0.0,0,0.0,0.0,Replying to @🖤 ต่างกันยังไง เดี๋ยวจะเล่าให้ฟัง✨  📌สนใจหนังสือกดตะกร้าได้เลย✅  #opendurianhowto #opendurianbooks #หนังสือฮีลใจ #ฮีลใจ #bkkbooktok #หนังสือฮีลใจ #หนังสือพัฒนาตัวเอง #booktok #เทรนด์วันนี้ #สถานีฮีลใจ #เมื่อโลกทั้งใบซ่อนอยู่ใต้หมวกกันน็อก #helmetgirl 
ไม่ระบุ,7406292578565360903,2024-08-23,หนังสือ เมื่อโลกทั้งใบซ่อนอยู่ใต้หมวกกันน็อก (Helmet Girl),0.0,0,0.0,0.0,Replying to @🖤 ต่างกันยังไง เดี๋ยวจะเล่าให้ฟัง✨  📌สนใจหนังสือกดตะกร้าได้เลย✅  #opendurianhowto #opendurianbooks #หนังสือฮีลใจ #ฮีลใจ #bkkbooktok #หนังสือฮีลใจ #หนังสือพัฒนาตัวเอง #booktok #เทรนด์วันนี้ #สถานีฮีลใจ #เมื่อโลกทั้งใบซ่อนอยู่ใต้หมวกกันน็อก #helmetgirl 
ไม่ระบุ,7405895333722574101,2024-08-22,[พร้อมส่ง] Box set หนังสือถ้าโลกมันแย่ ก็แค่คิดแบบคาปิบาร่า (Think Like a Happybara),0.0,0,0.0,0.0,✨คุณคิดยังไงกับคำว่า… “ต้องทนแทนบุญคุณพ่อแม่” #opendurianbooks #opendurianhowto #หนังสือฮีลใจ #คาปิบาร่า #boxset #ถ้าโลกมันแย่ก็แค่คิดแบบคาปิบาร่า #เทรนด์วันนี้ 
ไม่ระบุ,7405895333722574101,2024-08-22,[พร้อมส่ง] หนังสือถ้าโลกมันแย่ ก็แค่คิดแบบคาปิบาร่า (Think Like a Happybara),0.0,0,0.0,0.0,✨คุณคิดยังไงกับคำว่า… “ต้องทนแทนบุญคุณพ่อแม่” #opendurianbooks #opendurianhowto #หนังสือฮีลใจ #คาปิบาร่า #boxset #ถ้าโลกมันแย่ก็แค่คิดแบบคาปิบาร่า #เทรนด์วันนี้ 
ไม่ระบุ,7405533375861132551,2024-08-21,BOXSET เมื่อโลกทั้งใบซ่อนอยู่ใต้หมวกกันน็อก (Helmet Girl),0.0,0,0.0,0.0,✨ในร่างกายคุณไม่ชอบส่วนไหนมากที่สุด! #opendurianbooks #opendurianhowto #หมวกกันน็อค #ร่างกาย #หนังสือฮีลใจเล่มใหม่ #หนังสือฮีลใจ #เทรนด์วันนี้ #พัฒนาตัวเอง #รักตัวเอง 
ไม่ระบุ,7405183276341562642,2024-08-20,BOXSET เมื่อโลกทั้งใบซ่อนอยู่ใต้หมวกกันน็อก (Helmet Girl),0.0,0,0.0,0.0,🎁ของขวัญสำหรับคนพิเศษ ก็ต้องตั้งใจเลือกเป็นพิเศษ💖  📌สนใจหนังสือกดที่ตะกร้าได้เลย✨ #opendurianhowto #opendurianbooks #หนังสือฮีลใจ #ฮีลใจ #หนังสือพัฒนาตัวเอง #bkkbooktok #booktok #เทรนด์วันนี้ #สถานีฮีลใจ #วันไหนที่ใจแข็งแรงดอกไม้จะผลิบาน #เมื่อโลกทั้งใบซ่อนอยู่ใต้หมวกกันน็อก #helmetgirl #ถ้าโลกมันแย่ก็แค่คิดแบบคาปิบาร่า #ของขวัญ 
ไม่ระบุ,7405183276341562642,2024-08-20,[พร้อมส่ง] Box set หนังสือถ้าโลกมันแย่ ก็แค่คิดแบบคาปิบาร่า (Think Like a Happybara),0.0,0,0.0,0.0,🎁ของขวัญสำหรับคนพิเศษ ก็ต้องตั้งใจเลือกเป็นพิเศษ💖  📌สนใจหนังสือกดที่ตะกร้าได้เลย✨ #opendurianhowto #opendurianbooks #หนังสือฮีลใจ #ฮีลใจ #หนังสือพัฒนาตัวเอง #bkkbooktok #booktok #เทรนด์วันนี้ #สถานีฮีลใจ #วันไหนที่ใจแข็งแรงดอกไม้จะผลิบาน #เมื่อโลกทั้งใบซ่อนอยู่ใต้หมวกกันน็อก #helmetgirl #ถ้าโลกมันแย่ก็แค่คิดแบบคาปิบาร่า #ของขวัญ 
ไม่ระบุ,7405183276341562642,2024-08-20,Boxset หนังสือวันไหนที่ใจแข็งแรง ดอกไม้จะผลิบาน (The Enchanted Garden) ฟรีของแถมใน Boxset ทุกเซ็ต,0.0,0,0.0,0.0,🎁ของขวัญสำหรับคนพิเศษ ก็ต้องตั้งใจเลือกเป็นพิเศษ💖  📌สนใจหนังสือกดที่ตะกร้าได้เลย✨ #opendurianhowto #opendurianbooks #หนังสือฮีลใจ #ฮีลใจ #หนังสือพัฒนาตัวเอง #bkkbooktok #booktok #เทรนด์วันนี้ #สถานีฮีลใจ #วันไหนที่ใจแข็งแรงดอกไม้จะผลิบาน #เมื่อโลกทั้งใบซ่อนอยู่ใต้หมวกกันน็อก #helmetgirl #ถ้าโลกมันแย่ก็แค่คิดแบบคาปิบาร่า #ของขวัญ 
ไม่ระบุ,7404459192423042321,2024-08-18,BOXSET เมื่อโลกทั้งใบซ่อนอยู่ใต้หมวกกันน็อก (Helmet Girl),0.0,0,0.0,0.0,📍แนะนำหนังสือฮีลใจ เล่มใหม่ล่าสุดในตอนนี้💖 #opendurianhowto #opendurianbooks #หนังสือฮีลใจ #แนะนำหนังสือฮีลใจ #หมวกกันน็อก #หนังสือใหม่ #เมื่อโลกทั้งใบซ่อนอยู่ใต้หมวกกันน็อก #helmetgirl 
ไม่ระบุ,7404459192423042321,2024-08-18,หนังสือ เมื่อโลกทั้งใบซ่อนอยู่ใต้หมวกกันน็อก (Helmet Girl),0.0,0,0.0,0.0,📍แนะนำหนังสือฮีลใจ เล่มใหม่ล่าสุดในตอนนี้💖 #opendurianhowto #opendurianbooks #หนังสือฮีลใจ #แนะนำหนังสือฮีลใจ #หมวกกันน็อก #หนังสือใหม่ #เมื่อโลกทั้งใบซ่อนอยู่ใต้หมวกกันน็อก #helmetgirl 
ไม่ระบุ,7403691491312389384,2024-08-16,[พร้อมส่ง] Box set หนังสือถ้าโลกมันแย่ ก็แค่คิดแบบคาปิบาร่า (Think Like a Happybara),0.0,0,0.0,0.0,🌧️ฝนตกดีกว่าฝนแล้ง จริงไหม? 📌สนใจหนังสือกดที่ตะกร้าได้เลย✨  #opendurianhowto #opendurianbooks #หนังสือฮีลใจ #ฮีลใจ #หนังสือพัฒนาตัวเอง #booktok #bkkbooktok #สถานีฮีลใจ #เทรนด์วันนี้ #ฝนตก 
ไม่ระบุ,7403691491312389384,2024-08-16,[พร้อมส่ง] หนังสือถ้าโลกมันแย่ ก็แค่คิดแบบคาปิบาร่า (Think Like a Happybara),0.0,0,0.0,0.0,🌧️ฝนตกดีกว่าฝนแล้ง จริงไหม? 📌สนใจหนังสือกดที่ตะกร้าได้เลย✨  #opendurianhowto #opendurianbooks #หนังสือฮีลใจ #ฮีลใจ #หนังสือพัฒนาตัวเอง #booktok #bkkbooktok #สถานีฮีลใจ #เทรนด์วันนี้ #ฝนตก 
ไม่ระบุ,7402939124291882261,2024-08-14,[พร้อมส่ง] หนังสือปีศาจตัวนั้น คือฉันเอง A Guide to Fighting the Demons in My Heart,0.0,0,0.0,0.0,…เหนื่อยแค่ไหนก็ฮีลใจตัวเองเป็น ด้วยเล่มนีเลยค่ะ💞 #ปีศาจตัวนั้นคือตัวฉันเอง  #opendurianhowto #opendurianbooks #หนังสือฮีลใจ #ประโยคฮีลใจ #ความรัก #เธรด #moveon #เทรนด์วันนี้ 
ไม่ระบุ,7401812251944013076,2024-08-11,[พร้อมส่ง] หนังสือ ปีศาจความรัก มักเลือกฉันเป็นเหยื่อ [How to Fight the Love Demon in My Heart],0.0,0,0.0,0.0,5 ข้อคิดดึงสติจากความรัก 📍ประโยคจากหนังสือ  #ปีศาจความรักมักเลือกฉันเป็นเหยื่อ   #opendurianhowto #opendurianbooks #หนังสือฮีลใจ #ประโยคฮีลใจ #ดึงสติ #ความรัก #เธรด #moveon 
ไม่ระบุ,7401480790871117063,2024-08-10,[พร้อมส่ง] Box set หนังสือถ้าโลกมันแย่ ก็แค่คิดแบบคาปิบาร่า (Think Like a Happybara),0.0,0,0.01,0.0,ใครกำลังหาของขวัญให้คนสำคัญ🎁 📌เขียนการ์ดอวยพรให้ด้วยน้าา✨  📍สนใจหนังสือกดที่ตะกร้าได้เลย #opendurianhowto #opendurianbooks #หนังสือฮีลใจ #ฮีลใจ #หนังสือพัฒนาตัวเอง #booktok #bkkbooktok #ถ้าโลกมันแย่ก็แค่คิดแบบคาปิบาร่า #ของขวัญ 
ไม่ระบุ,7401480790871117063,2024-08-10,[พร้อมส่ง] หนังสือถ้าโลกมันแย่ ก็แค่คิดแบบคาปิบาร่า (Think Like a Happybara),0.0,0,0.01,0.0,ใครกำลังหาของขวัญให้คนสำคัญ🎁 📌เขียนการ์ดอวยพรให้ด้วยน้าา✨  📍สนใจหนังสือกดที่ตะกร้าได้เลย #opendurianhowto #opendurianbooks #หนังสือฮีลใจ #ฮีลใจ #หนังสือพัฒนาตัวเอง #booktok #bkkbooktok #ถ้าโลกมันแย่ก็แค่คิดแบบคาปิบาร่า #ของขวัญ 
ไม่ระบุ,7401092226744405255,2024-08-09,[พร้อมส่ง] หนังสือ ปีศาจความรัก มักเลือกฉันเป็นเหยื่อ [How to Fight the Love Demon in My Heart],0.0,0,0.0,0.0,❤️‍🩹ไม่ว่าสถานะไหนก็ก้าวข้ามได้ ด้วยหนังสือเล่มนี้✨ 📌สนใจหนังสือกดตะกร้าได้เลย✨ #opendurianhowto #opendurianbooks #หนังสือฮีลใจ #ฮีลใจ #หนังสือพัฒนาตัวเอง #ปีศาจความรักมักเลือกฉันเป็นเหยื่อ #booktok #bkkbooktok #ความรัก #แฟนเก่า #ไม่มีสถานะ #toxicrelationship 
ไม่ระบุ,7400698060256333077,2024-08-08,[พร้อมส่ง] Box set หนังสือถ้าโลกมันแย่ ก็แค่คิดแบบคาปิบาร่า (Think Like a Happybara),0.0,0,0.0,0.0,✨อยากมีคาปิบาร่า เป็นของตัวเองแบบนี้บ้าง🐻 #opendurianhowto #opendurianbooks #เทรนด์วันนี้ #คาปิบาร่า #ถ้าโลกมันแย่ก็แค่คิดแบบคาปิบาร่า #Boxset #happybara #หนังสือฮีลใจ #ของขวัญ #สติ๊กเกอร์ 
ไม่ระบุ,7400376342962801940,2024-08-07,Boxset หนังสือวันไหนที่ใจแข็งแรง ดอกไม้จะผลิบาน (The Enchanted Garden) ฟรีของแถมใน Boxset ทุกเซ็ต,0.0,0,0.0,0.0,✨ใกล้วันแม่แล้วนะคะ👩🏻 มาเขียนโปสการ์ดส่งให้แม่ด้วย Boxset สวนหัวใจ กันรึยังน้าา🌻 #opendurianhowto #opendurianbooks #หนังสือพัฒนาตัวเอง #ประโยคฮีลใจ #วันแม่แห่งชาติ #วันไหนที่ใจแข็งแรงดอกไม้จะผลิบาน #TheEnchantedGarden #เซตสวนหัวใจ #เทรนด์วันนี้ #ของขวัญ #โปสการ์ด #vlog 
ไม่ระบุ,7400347079299616005,2024-08-07,[พร้อมส่ง] หนังสือปีศาจตัวนั้น คือฉันเอง A Guide to Fighting the Demons in My Heart,0.0,0,0.0,0.0,แค่เปลี่ยนความคิด ชีวิตก็ดีขึ้นได้💯 ขอบคุณข้อคิดดี ๆ จาก 📌หนังสือปีศาจตัวนั้นคือฉันเอง✨ #opendurianbooks #opendurianhowto #หนังสือฮีลใจ #สถานีฮีลใจ #ฮีลใจ #พัฒนาตัวเอง #booktok #bkkbooktok #ปีศาจตัวนั้นคือตัวฉันเอง 
ไม่ระบุ,7399142609232481542,2024-08-04,[พร้อมส่ง] Box set หนังสือถ้าโลกมันแย่ ก็แค่คิดแบบคาปิบาร่า (Think Like a Happybara),0.0,0,0.0,0.0,คุณเชื่อใน MBTI ไหม?  📌สนใจหนังสือกดที่ตะกร้าได้เลย✨ #opendurianhowto #opendurianbooks #หนังสือฮีลใจ #ฮีลใจ #หนังสือพัฒนาตัวเอง #สถานีฮีลใจ #booktok #bkkbooktok #เทรนด์วันนี้ #ถ้าโลกมันแย่ก็แค่คิดแบบคาปิบาร่า 
ไม่ระบุ,7398755684596190484,2024-08-03,แพ็ก (น่าอ่าน) สูตรฟื้นฟูพัฒนาใจ  (หนังสือปีศาจตัวนั้นคือฉันเอง + ถ้าโลกมันแย่ ก็แค่คิดแบบคาปิบาร่า + Me You Pluto),0.0,0,0.0,0.0,8.8 นี้‼️ มากับบุฟเฟต์หนังสือฮีลใจ  เพียงเลือกเล่มไหนก็ได้ 3 เล่ม🌻 ✨ราคาเดียว แค่ 888.-  เท่านั้น‼️ 📍สนใจกดตะกร้าเลยน้าา💖 #opendurianhowto #opendurianbooks #หนังสือพัฒนาตัวเอง #ประโยคฮีลใจ #ปีศาจตัวนั้นคือตัวฉันเอง #ปีศาจความรักมักเลือกฉันเป็นเหยื่อ #วันไหนที่ใจแข็งแรงดอกไม้จะผลิบาน #meyoupluto #ลดแรง #บุฟเฟ่ต์  #88ดีลลดเดือด #tiktokshop88th #สิงหามาแล้ว 
ไม่ระบุ,7398755684596190484,2024-08-03,แพ็ก (แนะนำ) สูตรลัดรักษาใจ หนังสือปีศาจตัวนั้นคือฉันเอง ปีศาจความรัก และ วันไหนที่ใจแข็งแรง ดอกไม้จะผลิบาน,0.0,0,0.0,0.0,8.8 นี้‼️ มากับบุฟเฟต์หนังสือฮีลใจ  เพียงเลือกเล่มไหนก็ได้ 3 เล่ม🌻 ✨ราคาเดียว แค่ 888.-  เท่านั้น‼️ 📍สนใจกดตะกร้าเลยน้าา💖 #opendurianhowto #opendurianbooks #หนังสือพัฒนาตัวเอง #ประโยคฮีลใจ #ปีศาจตัวนั้นคือตัวฉันเอง #ปีศาจความรักมักเลือกฉันเป็นเหยื่อ #วันไหนที่ใจแข็งแรงดอกไม้จะผลิบาน #meyoupluto #ลดแรง #บุฟเฟ่ต์  #88ดีลลดเดือด #tiktokshop88th #สิงหามาแล้ว 
ไม่ระบุ,7398755684596190484,2024-08-03,โซนเติมพลัง พักผ่อนใจ (หนังสือ  ปีศาจตัวนั้น + ถ้าโลกมันแย่ ก็แค่คิดแบบคาปิบาร่า + วันไหนที่ใจแข็งแรง ดอกไม้จะผลิบาน),0.0,0,0.0,0.0,8.8 นี้‼️ มากับบุฟเฟต์หนังสือฮีลใจ  เพียงเลือกเล่มไหนก็ได้ 3 เล่ม🌻 ✨ราคาเดียว แค่ 888.-  เท่านั้น‼️ 📍สนใจกดตะกร้าเลยน้าา💖 #opendurianhowto #opendurianbooks #หนังสือพัฒนาตัวเอง #ประโยคฮีลใจ #ปีศาจตัวนั้นคือตัวฉันเอง #ปีศาจความรักมักเลือกฉันเป็นเหยื่อ #วันไหนที่ใจแข็งแรงดอกไม้จะผลิบาน #meyoupluto #ลดแรง #บุฟเฟ่ต์  #88ดีลลดเดือด #tiktokshop88th #สิงหามาแล้ว 
ไม่ระบุ,7398496995905735943,2024-08-02,Boxset หนังสือวันไหนที่ใจแข็งแรง ดอกไม้จะผลิบาน (The Enchanted Garden) ฟรีของแถมใน Boxset ทุกเซ็ต,0.0,0,0.0,0.0,อย่าให้เพื่อนต้องหม่ำอาหารหมา🐶 📌สนใจหนังสือกดที่ตะกร้าได้เลย✨  #opendurianhowto #opendurianbooks #หนังสือฮีลใจ #ฮีลใจ #หนังสือพัฒนาตัวเอง #สถานีฮีลใจ #booktok #bkkbooktok #เทรนด์วันนี้ #วันไหนที่ใจแข็งแรงดอกไม้จะผลิบาน #ความรัก 
ไม่ระบุ,7398101226166193414,2024-08-01,[พร้อมส่ง] หนังสือปีศาจตัวนั้น คือฉันเอง A Guide to Fighting the Demons in My Heart,0.0,0,0.0,0.0,ยกเล่มนี้ให้เป็นหนังสือในดวงใจ💖  #ปีศาจตัวนั้นคือตัวฉันเอง  #opendurianhowto #opendurianbooks #หนังสือพัฒนาตัวเอง #ประโยคฮีลใจ #เธรด #เทรนด์วันนี้ 
ไม่ระบุ,7397755687293586695,2024-07-31,[พร้อมส่ง] Box set หนังสือถ้าโลกมันแย่ ก็แค่คิดแบบคาปิบาร่า (Think Like a Happybara),0.0,0,0.0,0.0,❌เก่งไม่สุดสักอย่าง ✅ทำได้ตั้งหลายอย่าง  📌สนใจหนังสือกดตะกร้าได้เลย #opendurianhowto #opendurianbooks #หนังสือฮีลใจ #ฮีลใจ #หนังสือพัฒนาตัวเอง #สถานีฮีลใจ #booktok #bkkbooktok #เทรนด์วันนี้ #ถ้าโลกมันแย่ก็แค่คิดแบบคาปิบาร่า #รีวิวหนังสือ #มนุษย์เป็ด 
ไม่ระบุ,7396283606282423570,2024-07-27,[พร้อมส่ง] หนังสือปีศาจตัวนั้น คือฉันเอง A Guide to Fighting the Demons in My Heart,0.0,0,0.0,0.0,⏱️รีบใช้เวลาด้วยกัน ในวันที่เขายังอยู่💖 📌สนใจหนังสือกดที่ตะกร้าได้เลย✨ #opendurianhowto #opendurianbooks #หนังสือฮีลใจ #ฮีลใจ #หนังสือพัฒนาตัวเอง #สถานีฮีลใจ #booktok #bkkbooktok #เทรนด์วันนี้ #ปีศาจตัวนั้นคือฉันเอง 
ไม่ระบุ,7395896975113325831,2024-07-26,[พร้อมส่ง] หนังสือ ปีศาจความรัก มักเลือกฉันเป็นเหยื่อ [How to Fight the Love Demon in My Heart],0.0,0,0.0,0.0,ไม้ขีดไฟกับดอกทานตะวัน🔥🌻 📍เป็นเพลงโปรดของใครบ้าง✨ 📌สนใจหนังสือกดที่ตะกร้าได้เลย #opendurianhowto #opendurianbooks #หนังสือฮีลใจ #ฮีลใจ #หนังสือพัฒนาตัวเอง #สถานีฮีลใจ #booktok #bkkbooktok #เทรนด์วันนี้ #ปีศาจความรักมักเลือกฉันเป็นเหยื่อ #ความรัก #เพลง 
ไม่ระบุ,7395507425194904837,2024-07-25,แพ็กคู่ยอดฮิต Box set หนังสือถ้าโลกมันแย่ ก็แค่คิดแบบคาปิบาร่า และ Boxset เซทสวนของหัวใจ แถมฟรี  ตุ๊กตาคาปิบาร่า ทุกออเดอร์,0.0,0,0.0,0.0,ถ้าคีบไม่ได้ มันมีวิธีง่ายกว่านั้น!!  ✅แค่ซื้อแพ็กคู่ฮีลใจสุดคุ้ม รับทันทีตุ๊กตาคาปิบาร่า 1 ตัว💖 #opendurianbooks #opendurianhowto #หนังสือฮีลใจ #สถานีฮีลใจ #ฮีลใจ #พัฒนาตัวเอง #booktok #ช้อปกันวันเงินออก #tiktokshopช้อปกันวันเงินออก  #bkkbooktok #ถ้าโลกมันแย่ก็แค่คิดแบบคาปิบาร่า #วันไหนที่ใจแข็งแรงดอกไม้จะผลิบาน #คาปิบาร่า #ความรัก 
ไม่ระบุ,7395490902900329735,2024-07-25,แพ็กคู่ยอดฮิต Box set หนังสือถ้าโลกมันแย่ ก็แค่คิดแบบคาปิบาร่า และ Boxset เซทสวนของหัวใจ แถมฟรี  ตุ๊กตาคาปิบาร่า ทุกออเดอร์,0.0,0,0.0,0.0,…เพื่อนใครชอบเทกันแบบนี้บ้าง🥺 📍สายโดนเทรวมตัวทางนี้ด่วน‼️ #opendurianhowto #หนังสือพัฒนาตัวเอง #opendurianbooks #วันไหนที่ใจแข็งแรงดอกไม้จะผลิบาน #TheEnchantedGarden #คาปิบาร่า #ถ้าโลกมันแย่ก็แค่คิดแบบคาปิบาร่า #happybara #พิชิตเรื่องแย่จากแนวคิดของคาปิบาร่า #ประโยคฮีลใจ #อย่าปิดการมองเห็น #ขึ้นฟีดเถอะ  #tiktokshopช้อปกันวันเงินออก #ช้อปกันวันเงินออก
ไม่ระบุ,7395490902900329735,2024-07-25,[พร้อมส่ง] Box set หนังสือถ้าโลกมันแย่ ก็แค่คิดแบบคาปิบาร่า (Think Like a Happybara),0.0,0,0.0,0.0,…เพื่อนใครชอบเทกันแบบนี้บ้าง🥺 📍สายโดนเทรวมตัวทางนี้ด่วน‼️ #opendurianhowto #หนังสือพัฒนาตัวเอง #opendurianbooks #วันไหนที่ใจแข็งแรงดอกไม้จะผลิบาน #TheEnchantedGarden #คาปิบาร่า #ถ้าโลกมันแย่ก็แค่คิดแบบคาปิบาร่า #happybara #พิชิตเรื่องแย่จากแนวคิดของคาปิบาร่า #ประโยคฮีลใจ #อย่าปิดการมองเห็น #ขึ้นฟีดเถอะ  #tiktokshopช้อปกันวันเงินออก #ช้อปกันวันเงินออก
ไม่ระบุ,7395490902900329735,2024-07-25,Boxset หนังสือวันไหนที่ใจแข็งแรง ดอกไม้จะผลิบาน (The Enchanted Garden) ฟรีของแถมใน Boxset ทุกเซ็ต,0.0,0,0.0,0.0,…เพื่อนใครชอบเทกันแบบนี้บ้าง🥺 📍สายโดนเทรวมตัวทางนี้ด่วน‼️ #opendurianhowto #หนังสือพัฒนาตัวเอง #opendurianbooks #วันไหนที่ใจแข็งแรงดอกไม้จะผลิบาน #TheEnchantedGarden #คาปิบาร่า #ถ้าโลกมันแย่ก็แค่คิดแบบคาปิบาร่า #happybara #พิชิตเรื่องแย่จากแนวคิดของคาปิบาร่า #ประโยคฮีลใจ #อย่าปิดการมองเห็น #ขึ้นฟีดเถอะ  #tiktokshopช้อปกันวันเงินออก #ช้อปกันวันเงินออก
ไม่ระบุ,7394769218874494228,2024-07-23,Boxset หนังสือวันไหนที่ใจแข็งแรง ดอกไม้จะผลิบาน (The Enchanted Garden) ฟรีของแถมใน Boxset ทุกเซ็ต,0.0,0,0.0,0.0,✨ต่อให้เก่งสักแค่ไหน ก็อยากมีใครสักคนไว้พักใจ “เวลาเหนื่อย”⏳ #opendurianhowto #หนังสือพัฒนาตัวเอง #opendurianbooks #วันไหนที่ใจแข็งแรงดอกไม้จะผลิบาน #TheEnchantedGarden #ดูแลหัวใจให้รักผลิบาน #ประโยคฮีลใจ #ขึ้นฟีดเถอะ #ความรัก #เธรด #อย่าปิดการมองเห็น 
ไม่ระบุ,7393700072560528660,2024-07-20,[พร้อมส่ง] Box set หนังสือถ้าโลกมันแย่ ก็แค่คิดแบบคาปิบาร่า (Think Like a Happybara),0.0,0,0.0,0.0,…ทำไมเราถึงชอบเอา“ตัวเอง” มาเปรียบเทียบ “คนอื่น”  📍สิ่งที่ดีที่สุด  คือการเป็นแม่พิมพ์ (จริง ๆเหรอ??) #opendurianhowto #opendurianbooks  #ประโยคฮีลใจ #หนังสือฮีลใจ #ถ้าโลกมันแย่ก็แค่คิดแบบคาปิบาร่า #คาปิบาร่า #happybra #capibara #ขึ้นฟีดเถอะ #อย่าปิดการมองเห็น 
ไม่ระบุ,7393299896989732114,2024-07-19,[พร้อมส่ง] หนังสือ ปีศาจความรัก มักเลือกฉันเป็นเหยื่อ [How to Fight the Love Demon in My Heart],0.0,0,0.0,0.0,💔ลืมแฟนเก่าไม่ได้สักที ทำยังไงดี? 📌สนใจหนังสือกดที่ตะกร้าได้เลย✨ #opendurianhowto #opendurianbooks #หนังสือฮีลใจ #ฮีลใจ #หนังสือพัฒนาตัวเอง #booktok #สถานีฮีลใจ #bkkbooktok #เทรนด์วันนี้ #ปีศาจความรักมักเลือกฉันเป็นเหยื่อ #ความรัก #แฟนเก่า 
ไม่ระบุ,7393188427677650183,2024-07-19,[พร้อมส่ง] Box set หนังสือถ้าโลกมันแย่ ก็แค่คิดแบบคาปิบาร่า (Think Like a Happybara),0.0,0,0.0,0.0,หนังสือที่เหมือนมีเพื่อนคอยให้คำปรึกษาในทุกด้านของชีวิต💜 #ถ้าโลกมันแย่ก็แค่คิดแบบคาปิบาร่า #opendurianhowto #หนังสือฮีลใจ 
ไม่ระบุ,7393188427677650183,2024-07-19,[พร้อมส่ง] หนังสือถ้าโลกมันแย่ ก็แค่คิดแบบคาปิบาร่า (Think Like a Happybara),0.0,0,0.0,0.0,หนังสือที่เหมือนมีเพื่อนคอยให้คำปรึกษาในทุกด้านของชีวิต💜 #ถ้าโลกมันแย่ก็แค่คิดแบบคาปิบาร่า #opendurianhowto #หนังสือฮีลใจ 
ไม่ระบุ,7393165754897583367,2024-07-19,[พร้อมส่ง] หนังสือปีศาจตัวนั้น คือฉันเอง A Guide to Fighting the Demons in My Heart,0.0,0,0.0,0.0,ทุกวันนี้หันไปทางไหนก็เจอแต่เรื่องเครียด❤️‍🩹 📌สนใจหนังสือกดที่ตะกร้าได้เลย✨ #opendurianhowto #opendurianbooks #หนังสือฮีลใจ #ฮีลใจ #หนังสือพัฒนาตัวเอง #ปีศาจตัวนั้นคือฉันเอง #booktok #สถานีฮีลใจ #bkkbooktok #เทรนด์วันนี้ 
ไม่ระบุ,7392539338594209045,2024-07-17,Boxset หนังสือวันไหนที่ใจแข็งแรง ดอกไม้จะผลิบาน (The Enchanted Garden) ฟรีของแถมใน Boxset ทุกเซ็ต,0.0,0,0.0,0.0,…ทำไมความรัก ถึงเปรียบเหมือนกับดอกไม้? (🌻)  #opendurianhowto #opendurianbooks #สวนดอกไม้ #วันไหนที่ใจแข็งแรงดอกไม้จะผลิบาน #หนังสือฮีลใจ #ประโยคฮีลใจ  #เธรดเศร้า #ดอกไม้ #ทานตะวัน #tiktok #ขึ้นฟีดเถอะ #อย่าปิดการมองเห็น 
ไม่ระบุ,7392197936022703378,2024-07-16,[พร้อมส่ง] Box set หนังสือถ้าโลกมันแย่ ก็แค่คิดแบบคาปิบาร่า (Think Like a Happybara),0.0,0,0.0,0.0,📌จะมีความฝันเล็ก ๆ หรือความฝันที่ยิ่งใหญ่ ...หรือจะไม่มีฝันเลย ก็ไม่เป็นไร  ✅แค่ใช้ชีวิตให้มีความสุขก็พอ✨ 📍สนใจหนังสือกดที่ตะกร้าได้เลย #opendurianhowto #opendurianbooks #หนังสือพัฒนาตัวเอง #หนังสือฮีลใจ #สถานีฮีลใจ #booktok #รีวิวหนังสือ #เทรนด์วันนี้ #ถ้าโลกมันแย่ก็แค่คิดแบบคาปิบาร่า #คาปิบาร่า #ฮีลใจ 
ไม่ระบุ,7391074317192137992,2024-07-13,[พร้อมส่ง] หนังสือ ปีศาจความรัก มักเลือกฉันเป็นเหยื่อ [How to Fight the Love Demon in My Heart],0.0,0,0.0,0.0,💖คุณเป็นคนรักแบบไหน? มาลองทำแบบทดสอบกัน✨  📌สนใจหนังสือกดที่ตะกร้าได้เลย✨  #opendurianhowto #opendurianbooks #หนังสือพัฒนาตัวเอง #หนังสือฮีลใจ #สถานีฮีลใจ #booktok #รีวิวหนังสือ #เทรนด์วันนี้ #ปีศาจความรักมักเลือกฉันเป็นเหยื่อ #ความรัก 
ไม่ระบุ,7390669148709293333,2024-07-12,[พร้อมส่ง] Box set หนังสือถ้าโลกมันแย่ ก็แค่คิดแบบคาปิบาร่า (Think Like a Happybara),0.0,0,0.0,0.0,เป็น Boxset ที่เกินไปมากจริง ๆ‼️ หมายถึง … #น่ารักเกินไปแล้ววว💖 📍สนใจสินค้าทักแชตหรือกดตะกร้าได้เลยนะ 🐻 #opendurianhowto #opendurianbooks #หนังสือพัฒนาตัวเอง #ถ้าโลกมันแย่ก็แค่คิดแบบคาปิบาร่า #ขึ้นฟีดเถอะ #happybara #ประโยคฮีลใจ #คาปิบาร่า 
ไม่ระบุ,7390598777033215238,2024-07-12,[พร้อมส่ง] หนังสือ ปีศาจความรัก มักเลือกฉันเป็นเหยื่อ [How to Fight the Love Demon in My Heart],0.0,0,0.0,0.0,ถึงเวลารึยัง? ที่จะกลับมาฮีลใจตัวเอง❤️‍🩹 📌ฮีลใจได้ในราคาพิเศษ แค่ 669.- ได้หนังสือฮีลใจ 2 เล่ม✨ ✅แถมยังแลกซื้อไดอารี่สุด Cute💖 เพียง 99.-‼️ 📍สนใจกดที่ตะกร้าได้เลย✨ #opendurianbooks #opendurianhowto #หนังสือฮีลใจ #สถานีฮีลใจ #ฮีลใจ #พัฒนาตัวเอง #ปีศาจตัวนั้นคือตัวฉันเอง #ปีศาจความรักมักเลือกฉันเป็นเหยื่อ #ความรัก #booktok #tiktokshopmidmonthsale #ช้อปมันส์กลางเดือน #bkkbooktok 
ไม่ระบุ,7390598777033215238,2024-07-12,[พร้อมส่ง] หนังสือปีศาจตัวนั้น คือฉันเอง A Guide to Fighting the Demons in My Heart,0.0,0,0.0,0.0,ถึงเวลารึยัง? ที่จะกลับมาฮีลใจตัวเอง❤️‍🩹 📌ฮีลใจได้ในราคาพิเศษ แค่ 669.- ได้หนังสือฮีลใจ 2 เล่ม✨ ✅แถมยังแลกซื้อไดอารี่สุด Cute💖 เพียง 99.-‼️ 📍สนใจกดที่ตะกร้าได้เลย✨ #opendurianbooks #opendurianhowto #หนังสือฮีลใจ #สถานีฮีลใจ #ฮีลใจ #พัฒนาตัวเอง #ปีศาจตัวนั้นคือตัวฉันเอง #ปีศาจความรักมักเลือกฉันเป็นเหยื่อ #ความรัก #booktok #tiktokshopmidmonthsale #ช้อปมันส์กลางเดือน #bkkbooktok 
ไม่ระบุ,7390291322021760277,2024-07-11,[พร้อมส่ง] หนังสือปีศาจตัวนั้น คือฉันเอง A Guide to Fighting the Demons in My Heart,0.0,0,0.0,0.0,…หนังสือฮีลใจที่ต้องมีสักเล่ม💖  📍ต้องยกให้เล่มนี้เลยค่ะ #ปีศาจตัวนั้นคือตัวฉันเอง  (สนใจสินค้ากดตะกร้าได้น้าา🎀) #opendurianhowto #opendurianbooks #tiktok #หนังสือฮีลใจ #fyp #หนังสือพัฒนาตัวเอง #หนังสือเล่มโปรด #อย่าปิดการมองเห็น #ขึ้นฟีดเถอะ 
ไม่ระบุ,7389961666588462354,2024-07-10,Boxset หนังสือวันไหนที่ใจแข็งแรง ดอกไม้จะผลิบาน (The Enchanted Garden) ฟรีของแถมใน Boxset ทุกเซ็ต,0.0,0,0.0,0.0,🎧ASMR Unbox Box Set สวนของหัวใจ💖 📌สนใจหนังสือกดที่ตะกร้าได้เลย✨ #opendurianhowto #opendurianbooks #หนังสือพัฒนาตัวเอง #หนังสือฮีลใจ #สถานีฮีลใจ #booktok #รีวิวหนังสือ #เทรนด์วันนี้ #วันไหนที่ใจแข็งแรงดอกไม้จะผลิบาน #asmr 
ไม่ระบุ,7388071262410591496,2024-07-05,Boxset หนังสือวันไหนที่ใจแข็งแรง ดอกไม้จะผลิบาน (The Enchanted Garden) ฟรีของแถมใน Boxset ทุกเซ็ต,0.0,0,0.0,0.0,…ใครที่กำลังหาของขวัญดี ๆ 🎀 💖ให้กับคนพิเศษ  📍แนะนำเซตนี้เลยค่ะ  “เซตสวนของหัวใจ”🌻 ✅หนังสือเนื้อหาอบอุ่นใจ ✅ของแถมจุก ๆ(บอกเลยว่าน่ารักมาก‼️) #opendurianhowto #opendurianbooks #tiktok #วันไหนที่ใจแข็งแรงดอกไม้จะผลิบาน #boxset #ประโยคฮีลใจ #ความรัก #unbox #หนังสือพัฒนาตัวเอง #สวนหัวใจ 
ไม่ระบุ,7387745701842799890,2024-07-04,[พร้อมส่ง] หนังสือ ปีศาจความรัก มักเลือกฉันเป็นเหยื่อ [How to Fight the Love Demon in My Heart],0.0,0,0.0,0.0,ถ้าไม่มีสถานะ จะยังอยู่ต่อหรือพอแค่นี้💔 📌สนใจหนังสือกดที่ตะกร้าได้เลย✨ #opendurianhowto #opendurianbooks #หนังสือพัฒนาตัวเอง #หนังสือฮีลใจ #สถานีฮีลใจ #booktok #รีวิวหนังสือ #สถานะ #ความรัก #เทรนด์วันนี้ 
ไม่ระบุ,7387667946002189576,2024-07-04,แพ็กคู่ยอดฮิต Box set หนังสือถ้าโลกมันแย่ ก็แค่คิดแบบคาปิบาร่า และ Boxset เซทสวนของหัวใจ แถมฟรี กล่องน้องคาปิบาร่า 1 กล่องเล็ก ทุกออเดอร์,0.0,0,0.0,0.0,ของขวัญที่ทำเอาเราเสียน้ำตา🥹 ✨หนังสือฮีลใจที่เป็นมากกว่าหนังสือ  แต่เป็นเหมือนเพื่อนที่คอยอยู่ข้าง ๆ ในวันที่เสียใจ💖  📌สนใจหนังสือรีบกดสั่งซื้อเลย ลดราคา 3 วันเท่านั้น!! #opendurianhowto #opendurianbooks #หนังสือพัฒนาตัวเอง #หนังสือฮีลใจ #สถานีฮีลใจ #booktok #รีวิวหนังสือ #วันไหนที่ใจแข็งแรงดอกไม้จะผลิบาน #ถ้าโลกมันแย่ก็แค่คิดแบบคาปิบาร่า #กล่องสุ่ม 
ไม่ระบุ,7387667946002189576,2024-07-04,[พร้อมส่ง] Box set หนังสือถ้าโลกมันแย่ ก็แค่คิดแบบคาปิบาร่า (Think Like a Happybara),0.0,0,0.0,0.0,ของขวัญที่ทำเอาเราเสียน้ำตา🥹 ✨หนังสือฮีลใจที่เป็นมากกว่าหนังสือ  แต่เป็นเหมือนเพื่อนที่คอยอยู่ข้าง ๆ ในวันที่เสียใจ💖  📌สนใจหนังสือรีบกดสั่งซื้อเลย ลดราคา 3 วันเท่านั้น!! #opendurianhowto #opendurianbooks #หนังสือพัฒนาตัวเอง #หนังสือฮีลใจ #สถานีฮีลใจ #booktok #รีวิวหนังสือ #วันไหนที่ใจแข็งแรงดอกไม้จะผลิบาน #ถ้าโลกมันแย่ก็แค่คิดแบบคาปิบาร่า #กล่องสุ่ม 
ไม่ระบุ,7387667946002189576,2024-07-04,Boxset หนังสือวันไหนที่ใจแข็งแรง ดอกไม้จะผลิบาน (The Enchanted Garden) ฟรีของแถมใน Boxset ทุกเซ็ต,0.0,0,0.0,0.0,ของขวัญที่ทำเอาเราเสียน้ำตา🥹 ✨หนังสือฮีลใจที่เป็นมากกว่าหนังสือ  แต่เป็นเหมือนเพื่อนที่คอยอยู่ข้าง ๆ ในวันที่เสียใจ💖  📌สนใจหนังสือรีบกดสั่งซื้อเลย ลดราคา 3 วันเท่านั้น!! #opendurianhowto #opendurianbooks #หนังสือพัฒนาตัวเอง #หนังสือฮีลใจ #สถานีฮีลใจ #booktok #รีวิวหนังสือ #วันไหนที่ใจแข็งแรงดอกไม้จะผลิบาน #ถ้าโลกมันแย่ก็แค่คิดแบบคาปิบาร่า #กล่องสุ่ม 
ไม่ระบุ,7387323920556363029,2024-07-03,แพ็กคู่ยอดฮิต Box set หนังสือถ้าโลกมันแย่ ก็แค่คิดแบบคาปิบาร่า และ Boxset เซทสวนของหัวใจ แถมฟรี กล่องน้องคาปิบาร่า 1 กล่องเล็ก ทุกออเดอร์,0.0,0,0.0,0.0,7.7 นี้ หนังสือฮีลใจสุดฮิต ลดราคาครั้งแรก มาปรับเปลี่ยนมุมมองความคิดไปกับหนังสือดีๆกันเถอะ💖  #ถ้าโลกมันแย่ก็แค่คิดแบบคาปิบาร่า #วันไหนที่ใจแข็งแรงดอกไม้จะผลิบาน 
ไม่ระบุ,7387323920556363029,2024-07-03,[พร้อมส่ง] Box set หนังสือถ้าโลกมันแย่ ก็แค่คิดแบบคาปิบาร่า (Think Like a Happybara),0.0,0,0.0,0.0,7.7 นี้ หนังสือฮีลใจสุดฮิต ลดราคาครั้งแรก มาปรับเปลี่ยนมุมมองความคิดไปกับหนังสือดีๆกันเถอะ💖  #ถ้าโลกมันแย่ก็แค่คิดแบบคาปิบาร่า #วันไหนที่ใจแข็งแรงดอกไม้จะผลิบาน 
ไม่ระบุ,7387323920556363029,2024-07-03,Boxset หนังสือวันไหนที่ใจแข็งแรง ดอกไม้จะผลิบาน (The Enchanted Garden) ฟรีของแถมใน Boxset ทุกเซ็ต,0.0,0,0.0,0.0,7.7 นี้ หนังสือฮีลใจสุดฮิต ลดราคาครั้งแรก มาปรับเปลี่ยนมุมมองความคิดไปกับหนังสือดีๆกันเถอะ💖  #ถ้าโลกมันแย่ก็แค่คิดแบบคาปิบาร่า #วันไหนที่ใจแข็งแรงดอกไม้จะผลิบาน 
ไม่ระบุ,7386983537662119186,2024-07-02,[พร้อมส่ง] หนังสือ ปีศาจความรัก มักเลือกฉันเป็นเหยื่อ [How to Fight the Love Demon in My Heart],0.0,0,0.0,0.0,ปล่อยให้ตัวเองร้องไห้ออกมาบ้างก็ได้นะ 🫂 #ปีศาจความรักมักเลือกฉันเป็นเหยื่อ  #หนังสือเล่มโปรด #ประโยคฮีลใจ #opendurianhowto #opendurianbooks #ความรัก #tiktok #fyp #เธรด 
ไม่ระบุ,7386872029682666772,2024-07-02,Boxset หนังสือวันไหนที่ใจแข็งแรง ดอกไม้จะผลิบาน (The Enchanted Garden) ฟรีของแถมใน Boxset ทุกเซ็ต,0.0,0,0.0,0.0,เพราะเราคือคนพิเศษ ที่มีเพียงคนเดียวในโลกมาดูแลหัวใจตัวเองให้พิเศษที่สุดกันเถอะนะ❤️‍🩹  #วันไหนที่ใจแข็งแรงดอกไม้จะผลิบาน #opendurianhowto #หนังสือฮีลใจ 
ไม่ระบุ,7386872029682666772,2024-07-02,หนังสือวันไหนที่ใจแข็งแรง ดอกไม้จะผลิบาน (The Enchanted Garden),0.0,0,0.0,0.0,เพราะเราคือคนพิเศษ ที่มีเพียงคนเดียวในโลกมาดูแลหัวใจตัวเองให้พิเศษที่สุดกันเถอะนะ❤️‍🩹  #วันไหนที่ใจแข็งแรงดอกไม้จะผลิบาน #opendurianhowto #หนังสือฮีลใจ 
ไม่ระบุ,7386863503434468629,2024-07-02,Boxset หนังสือวันไหนที่ใจแข็งแรง ดอกไม้จะผลิบาน (The Enchanted Garden) ฟรีของแถมใน Boxset ทุกเซ็ต,0.0,0,0.0,0.0,หนังสือที่จะทำให้คุณรักตัวเองมากขึ้นเข้าใจทุกความสัมพันธ์ที่ผ่านเข้ามาและรับมือกับมันได้ดียิ่งขึ้น..💖  #วันไหนที่ใจแข็งแรงดอกไม้จะผลิบาน #opendurianhowto #หนังสือฮีลใจ 
ไม่ระบุ,7386863503434468629,2024-07-02,หนังสือวันไหนที่ใจแข็งแรง ดอกไม้จะผลิบาน (The Enchanted Garden),0.0,0,0.0,0.0,หนังสือที่จะทำให้คุณรักตัวเองมากขึ้นเข้าใจทุกความสัมพันธ์ที่ผ่านเข้ามาและรับมือกับมันได้ดียิ่งขึ้น..💖  #วันไหนที่ใจแข็งแรงดอกไม้จะผลิบาน #opendurianhowto #หนังสือฮีลใจ 
ไม่ระบุ,7386604184772168968,2024-07-01,[พร้อมส่ง] Box set หนังสือถ้าโลกมันแย่ ก็แค่คิดแบบคาปิบาร่า (Think Like a Happybara),0.0,0,0.0,0.0,เตือน‼️ดูคลิปนี้ระวัง โดนหลอก❌ โดนตก ✅ #ถ้าโลกมันแย่ก็แค่คิดแบบคาปิบาร่า #happybara #พิชิตเรื่องแย่จากแนวคิดของคาปิบาร่า #หนังสือเล่มโปรด #unbox #หนังสือพัฒนาตัวเอง #ประโยคฮีลใจ #หนังสือฮีลใจ 
ไม่ระบุ,7385914432234261767,2024-06-29,[พร้อมส่ง] หนังสือปีศาจตัวนั้น คือฉันเอง A Guide to Fighting the Demons in My Heart,0.0,0,0.0,0.0,ลองสังเกตดูนะ ว่าคุณมีปีศาจในตัวรึเปล่า? 📌สนใจหนังสือกดตะกร้าได้เลย✨ #opendurianhowto #opendurianbooks #หนังสือพัฒนาตัวเอง #หนังสือฮีลใจ #สถานีฮีลใจ #booktok #ปีศาจตัวนั้นคือฉันเอง #รีวิวหนังสือ 
ไม่ระบุ,7385497399231384850,2024-06-28,[พร้อมส่ง] Box set หนังสือถ้าโลกมันแย่ ก็แค่คิดแบบคาปิบาร่า (Think Like a Happybara),0.0,0,0.0,0.0,✨มัดรวมหนังสือฮีลใจมาให้แล้วว💖 📍เล่มไหนเหมาะกับใคร ลองไปฟังกันน🌻 📌สนใจหนังสือกดที่ตะกร้าได้เลย ราคาพิเศษด้วยนะ #opendurianhowto #opendurianbooks #หนังสือพัฒนาตัวเอง #หนังสือฮีลใจ #สถานีฮีลใจ #วันไหนที่ใจแข็งแรงดอกไม้จะผลิบาน #booktok #ปีศาจตัวนั้นคือฉันเอง #รีวิวหนังสือ #ถ้าโลกมันแย่ก็แค่คิดแบบคาปิบาร่า #คาปิบาร่า 
ไม่ระบุ,7385497399231384850,2024-06-28,[พร้อมส่ง] หนังสือถ้าโลกมันแย่ ก็แค่คิดแบบคาปิบาร่า (Think Like a Happybara),0.0,0,0.0,0.0,✨มัดรวมหนังสือฮีลใจมาให้แล้วว💖 📍เล่มไหนเหมาะกับใคร ลองไปฟังกันน🌻 📌สนใจหนังสือกดที่ตะกร้าได้เลย ราคาพิเศษด้วยนะ #opendurianhowto #opendurianbooks #หนังสือพัฒนาตัวเอง #หนังสือฮีลใจ #สถานีฮีลใจ #วันไหนที่ใจแข็งแรงดอกไม้จะผลิบาน #booktok #ปีศาจตัวนั้นคือฉันเอง #รีวิวหนังสือ #ถ้าโลกมันแย่ก็แค่คิดแบบคาปิบาร่า #คาปิบาร่า 
ไม่ระบุ,7385497399231384850,2024-06-28,Boxset หนังสือวันไหนที่ใจแข็งแรง ดอกไม้จะผลิบาน (The Enchanted Garden) ฟรีของแถมใน Boxset ทุกเซ็ต,0.0,0,0.0,0.0,✨มัดรวมหนังสือฮีลใจมาให้แล้วว💖 📍เล่มไหนเหมาะกับใคร ลองไปฟังกันน🌻 📌สนใจหนังสือกดที่ตะกร้าได้เลย ราคาพิเศษด้วยนะ #opendurianhowto #opendurianbooks #หนังสือพัฒนาตัวเอง #หนังสือฮีลใจ #สถานีฮีลใจ #วันไหนที่ใจแข็งแรงดอกไม้จะผลิบาน #booktok #ปีศาจตัวนั้นคือฉันเอง #รีวิวหนังสือ #ถ้าโลกมันแย่ก็แค่คิดแบบคาปิบาร่า #คาปิบาร่า 
ไม่ระบุ,7385497399231384850,2024-06-28,หนังสือวันไหนที่ใจแข็งแรง ดอกไม้จะผลิบาน (The Enchanted Garden),0.0,0,0.0,0.0,✨มัดรวมหนังสือฮีลใจมาให้แล้วว💖 📍เล่มไหนเหมาะกับใคร ลองไปฟังกันน🌻 📌สนใจหนังสือกดที่ตะกร้าได้เลย ราคาพิเศษด้วยนะ #opendurianhowto #opendurianbooks #หนังสือพัฒนาตัวเอง #หนังสือฮีลใจ #สถานีฮีลใจ #วันไหนที่ใจแข็งแรงดอกไม้จะผลิบาน #booktok #ปีศาจตัวนั้นคือฉันเอง #รีวิวหนังสือ #ถ้าโลกมันแย่ก็แค่คิดแบบคาปิบาร่า #คาปิบาร่า 
ไม่ระบุ,7385497399231384850,2024-06-28,[พร้อมส่ง] หนังสือปีศาจตัวนั้น คือฉันเอง A Guide to Fighting the Demons in My Heart,0.0,0,0.0,0.0,✨มัดรวมหนังสือฮีลใจมาให้แล้วว💖 📍เล่มไหนเหมาะกับใคร ลองไปฟังกันน🌻 📌สนใจหนังสือกดที่ตะกร้าได้เลย ราคาพิเศษด้วยนะ #opendurianhowto #opendurianbooks #หนังสือพัฒนาตัวเอง #หนังสือฮีลใจ #สถานีฮีลใจ #วันไหนที่ใจแข็งแรงดอกไม้จะผลิบาน #booktok #ปีศาจตัวนั้นคือฉันเอง #รีวิวหนังสือ #ถ้าโลกมันแย่ก็แค่คิดแบบคาปิบาร่า #คาปิบาร่า 
ไม่ระบุ,7384783141581425938,2024-06-26,หนังสือวันไหนที่ใจแข็งแรง ดอกไม้จะผลิบาน (The Enchanted Garden),0.0,0,0.0,0.0,“ดอกไม้บางดอก อาจไม่ได้ผลิบานอย่างที่เราต้องการ🥀” 📍สนใจหนังสือกดที่ตะกร้าได้เลย #opendurianhowto #opendurianbooks #หนังสือพัฒนาตัวเอง #หนังสือฮีลใจ #สถานีฮีลใจ #วันไหนที่ใจแข็งแรงดอกไม้จะผลิบาน #booktok 
ไม่ระบุ,7384406791662144784,2024-06-25,[พร้อมส่ง] Box set หนังสือถ้าโลกมันแย่ ก็แค่คิดแบบคาปิบาร่า (Think Like a Happybara),0.0,0,0.0,0.0,5 ประโยคฮีลใจ เลิกคิดมาก 100%💯 📒 ถ้าโลกมันแย่ก็แค่คิดแบบคาปิบาร่า🐻 . 💻 ทักแชตตอนนี้เลย :  https://m.me/opendurianhowto 📕 ช่องทางเพิ่มพลัง➕ FB : OpenDurian How-To จิตวิทยาพัฒนาตัวเอง IG : https://www.instagram.com/opendurianhowto/ TikTok : www.tiktok.com/@opendurianhowto  ‍‍‍‍‍‍ ▬▬▬▬▬▬▬▬▬▬▬▬▬▬  ‍‍‍‍‍‍  ‍‍‍‍‍#ปีศาจตัวนั้นคือฉันเอง #opendurianhowto #รีวิวหนังสือ #opendurianbooks #หนังสือพัฒนาตัวเอง  #ถ้าโลกมันแย่ก็แค่คิดแบบคาปิบาร่า  #happybara #พิชิตเรื่องแย่จากแนวคิดของคาปิบาร่า 
ไม่ระบุ,7384406791662144784,2024-06-25,[พร้อมส่ง] หนังสือถ้าโลกมันแย่ ก็แค่คิดแบบคาปิบาร่า (Think Like a Happybara),0.0,0,0.0,0.0,5 ประโยคฮีลใจ เลิกคิดมาก 100%💯 📒 ถ้าโลกมันแย่ก็แค่คิดแบบคาปิบาร่า🐻 . 💻 ทักแชตตอนนี้เลย :  https://m.me/opendurianhowto 📕 ช่องทางเพิ่มพลัง➕ FB : OpenDurian How-To จิตวิทยาพัฒนาตัวเอง IG : https://www.instagram.com/opendurianhowto/ TikTok : www.tiktok.com/@opendurianhowto  ‍‍‍‍‍‍ ▬▬▬▬▬▬▬▬▬▬▬▬▬▬  ‍‍‍‍‍‍  ‍‍‍‍‍#ปีศาจตัวนั้นคือฉันเอง #opendurianhowto #รีวิวหนังสือ #opendurianbooks #หนังสือพัฒนาตัวเอง  #ถ้าโลกมันแย่ก็แค่คิดแบบคาปิบาร่า  #happybara #พิชิตเรื่องแย่จากแนวคิดของคาปิบาร่า 
ไม่ระบุ,7384333163910237441,2024-06-25,[พร้อมส่ง] หนังสือ ปีศาจความรัก มักเลือกฉันเป็นเหยื่อ [How to Fight the Love Demon in My Heart],0.0,0,0.0,0.0,…ประโยคนี้อ่านกี่ทีก็ชอบ🤍 📍จากปีศาจความรักมักเลือกฉันเป็นเหยื่อ😈  #opendurianhowto #opendurianbooks #หนังสือพัฒนาตัวเอง #หนังสือเล่มโปรด #ความรัก #ประโยคฮีลใจ #ปีศาจความรักมักเลือกฉันเป็นเหยื่อ #fyp #เธรด #เธรดเศร้า 
ไม่ระบุ,7383973944782638352,2024-06-24,Boxset หนังสือวันไหนที่ใจแข็งแรง ดอกไม้จะผลิบาน (The Enchanted Garden) ฟรีของแถมใน Boxset ทุกเซ็ต,0.0,0,0.0,0.0,✨หนังสือสวยแบบนี้💖 มีขายตามร้านหนังสือชั้นนำแล้วนะ🫣 #วันไหนที่ใจแข็งแรงดอกไม้จะผลิบาน #opendurianhowto #opendurianbooks #หนังสือฮีลใจ #รีวิวหนังสือ #หนังสือพัฒนาตัวเอง #หนังสือเล่มโปรด 
ไม่ระบุ,7383973944782638352,2024-06-24,หนังสือวันไหนที่ใจแข็งแรง ดอกไม้จะผลิบาน (The Enchanted Garden),0.0,0,0.0,0.0,✨หนังสือสวยแบบนี้💖 มีขายตามร้านหนังสือชั้นนำแล้วนะ🫣 #วันไหนที่ใจแข็งแรงดอกไม้จะผลิบาน #opendurianhowto #opendurianbooks #หนังสือฮีลใจ #รีวิวหนังสือ #หนังสือพัฒนาตัวเอง #หนังสือเล่มโปรด 
ไม่ระบุ,7383632953680678152,2024-06-23,[พร้อมส่ง] หนังสือ ปีศาจความรัก มักเลือกฉันเป็นเหยื่อ [How to Fight the Love Demon in My Heart],0.0,0,0.0,0.0,ถ้าจับได้ว่าแฟนนอกใจ คุณจะ “ให้โอกาส” หรือ “บอกเลิก”  📍สนใจหนังสือกดที่ตะกร้าได้เลย #ปีศาจตัวนั้นคือฉันเอง #opendurianhowto #opendurianbooks #หนังสือพัฒนาตัวเอง #ไม่ขอตกเป็นเหยื่อปีศาจความรักอีกต่อไป #มีรักดีต่อใจไม่ TOXIC #รีวิวหนังสือ #หนังสือพัฒนาตัวเอง #หนังสือฮีลใจ 
ไม่ระบุ,7383265590938586375,2024-06-22,[พร้อมส่ง] หนังสือ ปีศาจความรัก มักเลือกฉันเป็นเหยื่อ [How to Fight the Love Demon in My Heart],0.0,0,0.0,0.0,📌5 ประโยคที่จะปลดล็อคคุณ🔓 ให้ออกจากการรับบท “เหยื่อ” ของความรัก❤️ 📍สนใจหนังสือ กดตะกร้าได้เลย✨ #ปีศาจตัวนั้นคือฉันเอง #opendurianhowto #opendurianbooks #หนังสือพัฒนาตัวเอง #ไม่ขอตกเป็นเหยื่อปีศาจความรักอีกต่อไป #มีรักดีต่อใจไม่TOXIC #รีวิวหนังสือ #หนังสือพัฒนาตัวเอง #หนังสือฮีลใจ 
ไม่ระบุ,7382173666097761554,2024-06-19,[พร้อมส่ง] หนังสือถ้าโลกมันแย่ ก็แค่คิดแบบคาปิบาร่า (Think Like a Happybara),0.0,0,0.0,0.0,📌มาแชร์แนวคิด ที่จะทำให้ชีวิตคุณง่ายขึ้น✨  มาลองมองโลกในมุมของคาปิบาร่ากันน💖  #opendurianhowto #opendurianbooks #สถานีฮีลใจ #หนังสือฮีลใจ #หนังสือพัฒนาตัวเอง #ถ้าโลกมันแย่ก็แค่คิดแบบคาปิบาร่า #ถ้าโลกมันแย่ก็แค่คิดแบบคาปิบาร่า #happybara 
ไม่ระบุ,7382045896395050256,2024-06-19,Boxset หนังสือวันไหนที่ใจแข็งแรง ดอกไม้จะผลิบาน (The Enchanted Garden) ฟรีของแถมใน Boxset ทุกเซ็ต,0.0,0,0.0,0.0,🗣️วันนี้จะมาพูดถึง  ✨5 ประโยคเปลี่ยนมุมมอง💡 ความคิดในเรื่องความสัมพันธ์💖 📍สนใจกดตะกร้าได้เลยน้าา✨ #opendurianhowto #opendurianbooks #หนังสือพัฒนาตัวเอง #หนังสือฮีลใจ #วันไหนที่ใจแข็งแรงดอกไม้จะผลิบาน  #ประโยคฮีลใจ #หนังสือ #หนังสือเล่มโปรด #ความรัก  
ไม่ระบุ,7382045896395050256,2024-06-19,หนังสือวันไหนที่ใจแข็งแรง ดอกไม้จะผลิบาน (The Enchanted Garden),0.0,0,0.0,0.0,🗣️วันนี้จะมาพูดถึง  ✨5 ประโยคเปลี่ยนมุมมอง💡 ความคิดในเรื่องความสัมพันธ์💖 📍สนใจกดตะกร้าได้เลยน้าา✨ #opendurianhowto #opendurianbooks #หนังสือพัฒนาตัวเอง #หนังสือฮีลใจ #วันไหนที่ใจแข็งแรงดอกไม้จะผลิบาน  #ประโยคฮีลใจ #หนังสือ #หนังสือเล่มโปรด #ความรัก  
ไม่ระบุ,7380684598499347720,2024-06-15,[พร้อมส่ง] หนังสือปีศาจตัวนั้น คือฉันเอง A Guide to Fighting the Demons in My Heart,0.0,0,0.0,0.0,ประโยคดี ๆ ที่ชีวิตนี้ควรได้อ่าน🫧 #opendurianhowto #opendurianbooks #ปีศาจตัวนั้นคือตัวฉันเอง #สถานีฮีลใจ #หนังสือฮีลใจ #หนังสือพัฒนาตัวเอง 
ไม่ระบุ,7380200321173261586,2024-06-14,[พร้อมส่ง] หนังสือ ปีศาจความรัก มักเลือกฉันเป็นเหยื่อ [How to Fight the Love Demon in My Heart],0.0,0,0.0,0.0,หนังสือปีศาจ 2 เล่มนี้ต่างกันยังไง⁉️ ใครที่กำลังเผชิญกับปัญหาชีวิต หาทางออกยังไม่ได้ ต้องมีคู่นี้..แพ็กคู่ 2ปีศาจ แพ็กที่จะช่วยให้คุณรักตัวเองมากขึ้น💖 #ปีศาจความรักมักเลือกฉันเป็นเหยื่อ #ปีศาจตัวนั้นคือตัวฉันเอง #opendurianhowto #หนังสือฮีลใจ 
ไม่ระบุ,7380200321173261586,2024-06-14,[พร้อมส่ง] หนังสือปีศาจตัวนั้น คือฉันเอง A Guide to Fighting the Demons in My Heart,0.0,0,0.0,0.0,หนังสือปีศาจ 2 เล่มนี้ต่างกันยังไง⁉️ ใครที่กำลังเผชิญกับปัญหาชีวิต หาทางออกยังไม่ได้ ต้องมีคู่นี้..แพ็กคู่ 2ปีศาจ แพ็กที่จะช่วยให้คุณรักตัวเองมากขึ้น💖 #ปีศาจความรักมักเลือกฉันเป็นเหยื่อ #ปีศาจตัวนั้นคือตัวฉันเอง #opendurianhowto #หนังสือฮีลใจ 
ไม่ระบุ,7380196307215912210,2024-06-14,[พร้อมส่ง] หนังสือ ปีศาจความรัก มักเลือกฉันเป็นเหยื่อ [How to Fight the Love Demon in My Heart],0.0,0,0.0,0.0,ทำไมผู้ถูกเลือกให้ผิดหวังในความรักต้องเป็นเราตลอดเลยนะ..💔 #ปีศาจความรักมักเลือกฉันเป็นเหยื่อ #opendurianhowto #หนังสือฮีลใจ 
ไม่ระบุ,7380193170958667016,2024-06-14,[พร้อมส่ง] หนังสือ ปีศาจความรัก มักเลือกฉันเป็นเหยื่อ [How to Fight the Love Demon in My Heart],0.0,0,0.0,0.0,💔 “เพราะยังทำดีกับเขาไม่พอหรือเปล่า เขาเลยไม่รักเรา” จริงๆ มันไม่ใช่แบบนั้น ความรักจะดีได้ ต้องดีด้วยตัวเอง 💖 💬 และไม่หลงอยู่ในวังวนของรัก TOXIC ‍‍‍‍‍#ปีศาจความรักมักเลือกฉันเป็นเหยื่อ #opendurianhowto #หนังสือพัฒนาตัวเอง #หนังสือฮีลใจ
ไม่ระบุ,7379951805460974856,2024-06-13,[พร้อมส่ง] Box set หนังสือถ้าโลกมันแย่ ก็แค่คิดแบบคาปิบาร่า (Think Like a Happybara),0.0,0,0.0,0.0,กรี๊ดดด🚨คาปิบาร่าบุกร้านหนังสือชั้นนำแล้ววว✨ แต่สั่งซื้อออนไลน์ก็ได้เหมือนกันน้าา~ #opendurianhowto #คาปิบาร่า #ถ้าโลกมันแย่ก็แค่คิดแบบคาปิบาร่า #happybara #opendurianbooks 
ไม่ระบุ,7379903155221384449,2024-06-13,[พร้อมส่ง] หนังสือ ปีศาจความรัก มักเลือกฉันเป็นเหยื่อ [How to Fight the Love Demon in My Heart],0.0,0,0.0,0.0,ปีศาจ 2 เล่มใหม่ ต่างกันยังไง ✨ วันนี้จะมาคลายข้อสงสัยกัน  🫵. 📍 เล่มเก่าและเล่มใหม่ แตกต่างกันอย่างไร ? หนังสือปีศาจเล่มใหม่  📌 เน้นแก้ไขปัญหาด้านความรัก 📌 แนะนำการออกจากปัญหา 📌 เน้นเตือนสติให้ผู้อ่านคิดได้  ✅เล่มนี้ราคา 379 บาท . หนังสือปีศาจเล่มเก่า  📌 แบ่งปัญหาครบทุกหมวดในชีวิต  📌 แชร์วิธีคิดและการฮีลใจ 📌 เน้นการสู้กับตัวเองเป็นหลัก  ✅เล่มนี้ราคา 379 บาท  แต่ ๆ ถ้าซื้อสองเล่มรวมกันคุ้มกว่า ราคาแค่ 679 บาท เท่านั้น‼️ สนใจหนังสือเล่มไหน 🫶 🗣️สามารถสอบถามกับทางแอดมินได้เลยนะ!!  ‍‍‍‍‍‍  ‍‍‍‍‍#ปีศาจตัวนั้นคือฉันเอง #opendurianhowto #รีวิวหนังสือ #ปีศาจความรักมักเลือกฉันเป็นเหยื่อ  #opendurianbooks #หนังสือพัฒนาตัวเอง  #ถ้าโลกมันแย่ก็แค่คิดแบบคาปิบาร่า  #happybara #พิชิตเรื่องแย่จากแนวคิดของคาปิบาร่า  #หนังสือพัฒนาตัวเอง #หนังสือฮีลใจ
ไม่ระบุ,7379182421507411207,2024-06-11,[พร้อมส่ง] หนังสือ ปีศาจความรัก มักเลือกฉันเป็นเหยื่อ [How to Fight the Love Demon in My Heart],0.0,0,0.0,0.0,หนังสือที่ต้องอ่านในวันที่เราไม่รักตัวเอง ปรับ Mindset ด้านความรักและวิธีรับมือกับความรู้สึกพังๆ💔  #ปีศาจความรักมักเลือกฉันเป็นเหยื่อ #opendurianhowto 
ไม่ระบุ,7376945212196801809,2024-06-05,[พร้อมส่ง] หนังสือ ปีศาจความรัก มักเลือกฉันเป็นเหยื่อ [How to Fight the Love Demon in My Heart],0.0,0,0.0,0.0,🗣️เขาว่ากันว่า “ความรัก”  ก็คงเหมือน ผี หรือ ปีศาจ 😈 บางครั้งก็มาดี บางครั้งก็มาหลอก  และเราก็เชื่อ… จน “พัง” ไม่มีชิ้นดี 😢 🎉เปิดตัวแล้ว‼️ กับเล่มใหม่ล่าสุดจากสำนักพิมพ์ Opendurian❣️ “หนังสือปีศาจความรัก มักเลือกฉันเป็นเหยื่อ”ที่ถูกขยี้เนื้อหา และเรื่องราวความรักจากหนังสือ “ปีศาจตัวนั้นคือฉันเอง” ❤️‍🩹 ที่เขียนแยกออกมาเล่าเนื้อหาในมุมมองของความรัก💖 ที่หลายคนยากที่จะก้าวออกมา💔 📍มาฮีลใจและกำจัดปีศาจความรักไปพร้อมกันเถอะ🫂 #หนังสือฮีลใจ #ปีศาจความรักมักเลือกฉันเป็นเหยื่อ #ปีศาจตัวนั้นคือตัวฉันเอง #หนังสือเล่มใหม่ #opendurianbooks #opendurianhowto #รีวิวหนังสือ #อกหัก #ความรัก #เปิดตัว 
ไม่ระบุ,7376945212196801809,2024-06-05,[พร้อมส่ง] หนังสือปีศาจตัวนั้น คือฉันเอง A Guide to Fighting the Demons in My Heart,0.0,0,0.0,0.0,🗣️เขาว่ากันว่า “ความรัก”  ก็คงเหมือน ผี หรือ ปีศาจ 😈 บางครั้งก็มาดี บางครั้งก็มาหลอก  และเราก็เชื่อ… จน “พัง” ไม่มีชิ้นดี 😢 🎉เปิดตัวแล้ว‼️ กับเล่มใหม่ล่าสุดจากสำนักพิมพ์ Opendurian❣️ “หนังสือปีศาจความรัก มักเลือกฉันเป็นเหยื่อ”ที่ถูกขยี้เนื้อหา และเรื่องราวความรักจากหนังสือ “ปีศาจตัวนั้นคือฉันเอง” ❤️‍🩹 ที่เขียนแยกออกมาเล่าเนื้อหาในมุมมองของความรัก💖 ที่หลายคนยากที่จะก้าวออกมา💔 📍มาฮีลใจและกำจัดปีศาจความรักไปพร้อมกันเถอะ🫂 #หนังสือฮีลใจ #ปีศาจความรักมักเลือกฉันเป็นเหยื่อ #ปีศาจตัวนั้นคือตัวฉันเอง #หนังสือเล่มใหม่ #opendurianbooks #opendurianhowto #รีวิวหนังสือ #อกหัก #ความรัก #เปิดตัว 
ไม่ระบุ,7376854006787771666,2024-06-05,[พร้อมส่ง] หนังสือ ปีศาจความรัก มักเลือกฉันเป็นเหยื่อ [How to Fight the Love Demon in My Heart],0.0,0,0.0,0.0,ภาคต่อของหนังสือฮีลใจสุดฮิต 📕 ปีศาจตัวนั้นคือฉันเอง กับหนังสือเล่มใหม่ ✨ . 📖 ปีศาจความรักมักเลือกฉันเป็นเหยื่อ [How to Fight the Love Demon in My Heart] . 📕 หนังสือฮีลใจเล่มใหม่ ที่จะพาทุกคน #ไม่ขอตกเป็นเหยื่อปีศาจความรักอีกต่อไป และ #มีรักดีต่อใจไม่ TOXIC #ปีศาจความรักมักเลือกฉันเป็นเหยื่อ 
ไม่ระบุ,7376854006787771666,2024-06-05,[พร้อมส่ง] หนังสือปีศาจตัวนั้น คือฉันเอง A Guide to Fighting the Demons in My Heart,0.0,0,0.0,0.0,ภาคต่อของหนังสือฮีลใจสุดฮิต 📕 ปีศาจตัวนั้นคือฉันเอง กับหนังสือเล่มใหม่ ✨ . 📖 ปีศาจความรักมักเลือกฉันเป็นเหยื่อ [How to Fight the Love Demon in My Heart] . 📕 หนังสือฮีลใจเล่มใหม่ ที่จะพาทุกคน #ไม่ขอตกเป็นเหยื่อปีศาจความรักอีกต่อไป และ #มีรักดีต่อใจไม่ TOXIC #ปีศาจความรักมักเลือกฉันเป็นเหยื่อ 
ไม่ระบุ,7376850847054957842,2024-06-05,[พร้อมส่ง] Box set หนังสือถ้าโลกมันแย่ ก็แค่คิดแบบคาปิบาร่า (Think Like a Happybara),0.0,0,0.0,0.0,อ่านแพ็กไหนก็ใจฟู ราคาเดียวสุดคุ้ม เพียง 866.- เท่านั้น‼️
ไม่ระบุ,7376583899956120848,2024-06-04,[พร้อมส่ง] หนังสือ ปีศาจความรัก มักเลือกฉันเป็นเหยื่อ [How to Fight the Love Demon in My Heart],0.0,0,0.0,0.0,"ดีจนต้องทำภาคต่อ… 🎉 กับหนังสือ “ปีศาจตัวนั้นคือฉันเอง” 🎀สู่เล่มใหม่ล่าสุด🎀 “ปีศาจความรักมักเลือกฉันเป็นเหยื่อ” ที่ถูกขยี้เนื้อหาจากบทที่ 1  (ปีศาจความรัก) ที่เนื้อหาในเล่มทิ่มแทงใจ💔 เล่าในมุมมองของความรักที่ทำให้เรากลายเป็นเหยื่อของปีศาจ❤️‍🩹  ❣️มาฮีลใจและกำจัดปีศาจความรักไปด้วยกัน✨ พิเศษ !! เปิดจองล็อตแรก สิทธิแค่ 3,000 เล่มเท่านั้น🎊 ในราคาเพียง 379 บาท รีบจองด่วน สินค้ามีจำนวนจำกัด ‼️ #หนังสือฮีลใจ #ปีศาจความรักมักเลือกฉันเป็นเหยื่อ #ปีศาจตัวนั้นคือตัวฉันเอง #หนังสือเล่มใหม่ #opendurianbooks #opendurianhowto #เปิดตัว #รีวิวหนังสือ #อกหัก #ความรัก #หนังสือ "
ไม่ระบุ,7376231905332595969,2024-06-03,[พร้อมส่ง] Box set หนังสือถ้าโลกมันแย่ ก็แค่คิดแบบคาปิบาร่า (Think Like a Happybara),0.0,0,0.0,0.0,”บางครั้งความผิดพลาด ก็อาจสอนอะไรบางอย่างกับเรา ทำให้เราเติบโตและเป็นคนที่ดีขึ้น“ กับหนังสือ “ถ้าโลกมันแย่ก็แค่คิดแบบคาปิบาร่า”🐻 เล่มนี้จะเล่าเรื่องราวสถานการณ์ ต่าง ๆ ที่เราพบเจอในชีวิต💖 เช่น ความรักที่แย่ สังคมที่ทำงานไม่ดี เจอคน Toxic บ่อย ๆ🫨 แต่ว่าสมาชิกครอบครัวคาปิบาร่า ทั้ง 6 คนเนี่ย จะมีแนวคิดที่ทำให้เราเนี่ย  ผ่านเรื่องราวแย่ ๆ นั้นไปได้ 🫂🐻 #หนังสือฮีลใจ #happybara #ถ้าโลกมันแย่ก็แค่คิดแบบคาปิบาร่า #tiktokshop66ลดร้อนแรง #opendurianbooks #opendurianhowto #หนังสือเล่มใหม่ #หนังสือพัฒนาตัวเอง #รีวิวหนังสือ 
ไม่ระบุ,7376231905332595969,2024-06-03,[พร้อมส่ง] หนังสือถ้าโลกมันแย่ ก็แค่คิดแบบคาปิบาร่า (Think Like a Happybara),0.0,0,0.0,0.0,”บางครั้งความผิดพลาด ก็อาจสอนอะไรบางอย่างกับเรา ทำให้เราเติบโตและเป็นคนที่ดีขึ้น“ กับหนังสือ “ถ้าโลกมันแย่ก็แค่คิดแบบคาปิบาร่า”🐻 เล่มนี้จะเล่าเรื่องราวสถานการณ์ ต่าง ๆ ที่เราพบเจอในชีวิต💖 เช่น ความรักที่แย่ สังคมที่ทำงานไม่ดี เจอคน Toxic บ่อย ๆ🫨 แต่ว่าสมาชิกครอบครัวคาปิบาร่า ทั้ง 6 คนเนี่ย จะมีแนวคิดที่ทำให้เราเนี่ย  ผ่านเรื่องราวแย่ ๆ นั้นไปได้ 🫂🐻 #หนังสือฮีลใจ #happybara #ถ้าโลกมันแย่ก็แค่คิดแบบคาปิบาร่า #tiktokshop66ลดร้อนแรง #opendurianbooks #opendurianhowto #หนังสือเล่มใหม่ #หนังสือพัฒนาตัวเอง #รีวิวหนังสือ 
ไม่ระบุ,7374333096885292305,2024-05-29,[พร้อมส่ง] Box set หนังสือถ้าโลกมันแย่ ก็แค่คิดแบบคาปิบาร่า (Think Like a Happybara),0.0,0,0.0,0.0,📌6.6 นี้ น้องคาปิบาร่าใจดีสุด ๆ🐻 รวมมาให้แล้วกับแพ็คหนังสือฮีลใจ 💖 เพียงซื้อ Boxset คาปิบาร่า + เล่มไหนก็ได้  😍ราคาแค่ 866 บาท🌻  ‼️พิเศษเฉพาะแค่ 6.6 นี้เท่านั้น‼️ 📍รีบคลิกก่อนหมดน้าา📌  #หนังสือฮีลใจ #happybara #ถ้าโลกมันแย่ก็แค่คิดแบบคาปิบาร่า#พิชิตเรื่องแย่จากแนวคิดของคาปิบาร่า #tiktokshop66ลดร้อนแรง#วันเกิดช้อปแห่งชาติ #TikTokShop66 #opendurianhowto#opendurianbooks #วันไหนที่ใจแข็งแรงดอกไม้จะผลิบาน#ปีศาจตัวนั้นคือตัวฉันเอง #meyoupluto #ปีศาจความรัก#หนังสือเล่มใหม่
ไม่ระบุ,7372194441341242631,2024-05-23,[พร้อมส่ง] หนังสือปีศาจตัวนั้น คือฉันเอง A Guide to Fighting the Demons in My Heart,0.0,0,0.0,0.0,ส่งต่อคำฮีลใจจากหนังสือ #ปีศาจตัวนั้นคือฉันเอง สนใจคลิกที่ตะกร้าได้เลย‼️
ไม่ระบุ,7372142139502759176,2024-05-23,[พร้อมส่ง] หนังสือถ้าโลกมันแย่ ก็แค่คิดแบบคาปิบาร่า (Think Like a Happybara),0.0,0,0.0,0.0,💖 มาดูกันทำไมคนถึงซื้อหนังสือฮีลใจเล่มใหม่ นอกจากจะน่ารักแล้ว ยังมีอะไรดีอีกบ้าง  . 📣 เปิดตัวใหม่สุดปังเมื่องานหนังสือที่ผ่านมา ใครๆ ก็เดินมาจับจองกลับบ้านทันที ⚡
ไม่ระบุ,7372132476476476689,2024-05-23,[พร้อมส่ง] Box set หนังสือถ้าโลกมันแย่ ก็แค่คิดแบบคาปิบาร่า (Think Like a Happybara),0.0,0,0.0,0.0,หนังสืออารมณ์ดี ที่อัดแน่นประโยคฮีลใจ💖 จากหนังสือเล่มนี้ “ถ้าโลกนี้มันแย่ก็แค่คิดแบบคาปิบาร่า” 🐻 ทุกครั้งที่รู้สึกแย่หรือเครียดกับงาน พออ่านเล่มนี้แล้วทำให้เรารู้สึกดีขึ้นมาก หนังสือเล่มนี้มันช่วยปรับมุมมองให้เรารับมือและมองโลกให้มันอยู่ง่ายขึ้น และมีความสุขในการใช้ชีวิตมากขึ้น🌻🫂 ใครที่สนใจก็ลองกดไปสั่งได้นะ แปะไว้ให้แล้ว !!📌📍 #happybara #หนังสือฮีลใจ #ถ้าโลกมันแย่ก็แค่คิดแบบคาปิบาร่า #พิชิตเรื่องแย่จากแนวคิดของคาปิบาร่า #รีวิวหนังสือ #หนังสือพัฒนาตัวเอง #opendurianhowto #opendurianbooks  
ไม่ระบุ,7372132476476476689,2024-05-23,[พร้อมส่ง] หนังสือถ้าโลกมันแย่ ก็แค่คิดแบบคาปิบาร่า (Think Like a Happybara),0.0,0,0.0,0.0,หนังสืออารมณ์ดี ที่อัดแน่นประโยคฮีลใจ💖 จากหนังสือเล่มนี้ “ถ้าโลกนี้มันแย่ก็แค่คิดแบบคาปิบาร่า” 🐻 ทุกครั้งที่รู้สึกแย่หรือเครียดกับงาน พออ่านเล่มนี้แล้วทำให้เรารู้สึกดีขึ้นมาก หนังสือเล่มนี้มันช่วยปรับมุมมองให้เรารับมือและมองโลกให้มันอยู่ง่ายขึ้น และมีความสุขในการใช้ชีวิตมากขึ้น🌻🫂 ใครที่สนใจก็ลองกดไปสั่งได้นะ แปะไว้ให้แล้ว !!📌📍 #happybara #หนังสือฮีลใจ #ถ้าโลกมันแย่ก็แค่คิดแบบคาปิบาร่า #พิชิตเรื่องแย่จากแนวคิดของคาปิบาร่า #รีวิวหนังสือ #หนังสือพัฒนาตัวเอง #opendurianhowto #opendurianbooks  
ไม่ระบุ,7372125708849597713,2024-05-23,Boxset หนังสือวันไหนที่ใจแข็งแรง ดอกไม้จะผลิบาน (The Enchanted Garden) ฟรีของแถมใน Boxset ทุกเซ็ต,0.0,0,0.0,0.0,ลองอ่านเล่มนี้ดู คุณจะรักตัวเองมากขึ้นจริง ๆ นะ 💖 หนังสือเล่มนี้จะทำให้คุณโดนโอบกอด ปลอบประโลมด้วยสวนหัวใจ ให้คุณได้สำรวจตัวเองและรับมือกับทุกความสัมพันธ์ที่เข้ามาในชีวิต🫂 ซึ่งก่อนจะเข้าเนื้อหาในเล่ม จะมีแบบทดสอบว่าสวนดอกไม้ในจิตใจของเราเนี่ยมีสภาพแบบไหน  ซึ่งเราว่ามันดีมาก ๆ เลยนะ เพราะเราก็จะรู้ว่าสภาพจิตใจและการดูแลหัวใจของเราเป็นยังไง💟 อยากให้ทุกคนได้ลองอ่านเล่มนี้ดู แล้วหัวใจคุณจะอบอุ่นขึ้น เหมือนมีสวนดอกไม้ฟู ๆ ในหัวใจ 🌻 #สวนหัวใจ #opendurianhowto  #opendurianbooks #วันไหนที่ใจแข็งแรงดอกไม้จะผลิบาน #หนังสือพัฒนาตัวเอง #รีวิวหนังสือ #หนังสือฮีลใจ 
ไม่ระบุ,7372125708849597713,2024-05-23,หนังสือวันไหนที่ใจแข็งแรง ดอกไม้จะผลิบาน (The Enchanted Garden),0.0,0,0.0,0.0,ลองอ่านเล่มนี้ดู คุณจะรักตัวเองมากขึ้นจริง ๆ นะ 💖 หนังสือเล่มนี้จะทำให้คุณโดนโอบกอด ปลอบประโลมด้วยสวนหัวใจ ให้คุณได้สำรวจตัวเองและรับมือกับทุกความสัมพันธ์ที่เข้ามาในชีวิต🫂 ซึ่งก่อนจะเข้าเนื้อหาในเล่ม จะมีแบบทดสอบว่าสวนดอกไม้ในจิตใจของเราเนี่ยมีสภาพแบบไหน  ซึ่งเราว่ามันดีมาก ๆ เลยนะ เพราะเราก็จะรู้ว่าสภาพจิตใจและการดูแลหัวใจของเราเป็นยังไง💟 อยากให้ทุกคนได้ลองอ่านเล่มนี้ดู แล้วหัวใจคุณจะอบอุ่นขึ้น เหมือนมีสวนดอกไม้ฟู ๆ ในหัวใจ 🌻 #สวนหัวใจ #opendurianhowto  #opendurianbooks #วันไหนที่ใจแข็งแรงดอกไม้จะผลิบาน #หนังสือพัฒนาตัวเอง #รีวิวหนังสือ #หนังสือฮีลใจ 
ไม่ระบุ,7364725291433987335,2024-05-03,[Happy Pack] แถมฟรี! พวงกุญแจตุ๊กตาคาปิบาร่า ทุกออเดอร์ กับ Box set หนังสือถ้าโลกมันแย่ ก็แค่คิดแบบคาปิบาร่า (Think Like a Happybara),0.0,0,0.0,0.0,โปร 5.5 🎉 น้องตุ๊กตาคาปิบาร่า มาแบบปึ้ง❗️ อ่านหนังสือฮีลใจได้แบบไม่เหงาอีกต่อไป เพราะมีน้องไปอยู่เคียงข้าง 💝 #ถ้าโลกมันแย่ก็แค่คิดแบบคาปิบาร่า #happybara #พิชิตเรื่องแย่จากแนวคิดของคาปิบาร่า #opendurianbooks #opendurianhowto #สถานีฮีลใจ #หนังสือปีศาจตัวนั้นคือฉันเอง #ปีศาจตัวนั้นคือตัวฉันเอง #วันไหนที่ใจแข็งแรงดอกไม้จะผลิบาน 
ไม่ระบุ,7359517876493012231,2024-04-19,[พร้อมส่ง] Box set หนังสือถ้าโลกมันแย่ ก็แค่คิดแบบคาปิบาร่า (Think Like a Happybara),0.0,0,0.0,0.0,🪄 หนังสือฮีลใจเล่มใหม่ พัฒนา Mindset  พิชิตเรื่องแย่ๆ 🫶 ไปกับครอบครัวคาปิบาร่า ยอดขายอันดับ 1 ที่งานหนังสือที่ผ่านมา ‼️ #ถ้าโลกมันแย่ก็แค่คิดแบบคาปิบาร่า #happybara #พิชิตเรื่องแย่จากแนวคิดของคาปิบาร่า #opendurianbooks #opendurianhowto #สถานีฮีลใจ 
ไม่ระบุ,7359517876493012231,2024-04-19,[พร้อมส่ง] หนังสือถ้าโลกมันแย่ ก็แค่คิดแบบคาปิบาร่า (Think Like a Happybara),0.0,0,0.0,0.0,🪄 หนังสือฮีลใจเล่มใหม่ พัฒนา Mindset  พิชิตเรื่องแย่ๆ 🫶 ไปกับครอบครัวคาปิบาร่า ยอดขายอันดับ 1 ที่งานหนังสือที่ผ่านมา ‼️ #ถ้าโลกมันแย่ก็แค่คิดแบบคาปิบาร่า #happybara #พิชิตเรื่องแย่จากแนวคิดของคาปิบาร่า #opendurianbooks #opendurianhowto #สถานีฮีลใจ 
ไม่ระบุ,7359143484051295495,2024-04-18,[พร้อมส่ง] Box set หนังสือถ้าโลกมันแย่ ก็แค่คิดแบบคาปิบาร่า (Think Like a Happybara),0.0,0,0.0,0.0,👏 เพราะโดนน้องตก เลยต้องมาตำเล่มนี้ 👍 หนังสือฮีลใจไปกับครอบครัวคาปิบาร่า 🌟 เล่มใหม่ เปิดตัวปัง อันดับ 🥇 ในงานหนังสือ  #ถ้าโลกมันแย่ก็แค่คิดแบบคาปิบาร่า #happybara #พิชิตเรื่องแย่จากแนวคิดของคาปิบาร่า #opendurianhowto #สถานีฮีลใจ #opendurianbooks #หนังสือพัฒนาตัวเอง 
ไม่ระบุ,7359143484051295495,2024-04-18,[พร้อมส่ง] หนังสือถ้าโลกมันแย่ ก็แค่คิดแบบคาปิบาร่า (Think Like a Happybara),0.0,0,0.0,0.0,👏 เพราะโดนน้องตก เลยต้องมาตำเล่มนี้ 👍 หนังสือฮีลใจไปกับครอบครัวคาปิบาร่า 🌟 เล่มใหม่ เปิดตัวปัง อันดับ 🥇 ในงานหนังสือ  #ถ้าโลกมันแย่ก็แค่คิดแบบคาปิบาร่า #happybara #พิชิตเรื่องแย่จากแนวคิดของคาปิบาร่า #opendurianhowto #สถานีฮีลใจ #opendurianbooks #หนังสือพัฒนาตัวเอง 
ไม่ระบุ,7358763695922531591,2024-04-17,[พร้อมส่ง] หนังสือปีศาจตัวนั้น คือฉันเอง A Guide to Fighting the Demons in My Heart,0.0,0,0.0,0.0,🤔 ทำไมต้องอ่านหนังสือเล่มนี้สักครั้ง? ออกมานานแล้วทำไมถึงยังขายดี? ลองไปดูเหตุผลของทุกคนที่มาซื้อกัน 💝 #หนังสือปีศาจตัวนั้นคือฉันเอง #ปีศาจตัวนั้นคือตัวฉันเอง #รีวิวหนังสือ #หนังสือฮีลใจ #opendurianhowto #สถานีฮีลใจ #opendurianbooks #หนังสือพัฒนาตัวเอง  
ไม่ระบุ,7356132946375380232,2024-04-10,Boxset หนังสือวันไหนที่ใจแข็งแรง ดอกไม้จะผลิบาน (The Enchanted Garden) ฟรีของแถมใน Boxset ทุกเซ็ต,0.0,0,0.0,0.0,🤔 ทำไมถึงซื้อเซตสวน ฮีลใจได้จริงไหม? ทำไมต้องมาตำที่งานหนังสือที่ผ่านมา 🌟 ลองหาคำตอบได้ในคลิปนี้ได้เลย 👏 #วันไหนที่ใจแข็งแรงดอกไม้จะผลิบาน #หนังสือที่ช่วยรับมือกับทุกความสัมพันธ์ #TheEnchantedGarden #opendurianhowto #opendurianbooks #สถานีฮีลใจ 
ไม่ระบุ,7356132946375380232,2024-04-10,หนังสือวันไหนที่ใจแข็งแรง ดอกไม้จะผลิบาน (The Enchanted Garden),0.0,0,0.0,0.0,🤔 ทำไมถึงซื้อเซตสวน ฮีลใจได้จริงไหม? ทำไมต้องมาตำที่งานหนังสือที่ผ่านมา 🌟 ลองหาคำตอบได้ในคลิปนี้ได้เลย 👏 #วันไหนที่ใจแข็งแรงดอกไม้จะผลิบาน #หนังสือที่ช่วยรับมือกับทุกความสัมพันธ์ #TheEnchantedGarden #opendurianhowto #opendurianbooks #สถานีฮีลใจ 
ไม่ระบุ,7354319427359280402,2024-04-05,[พร้อมส่ง] Box set หนังสือถ้าโลกมันแย่ ก็แค่คิดแบบคาปิบาร่า (Think Like a Happybara),0.0,0,0.0,0.0,📣 ทำไมมางานหนังสือต้องซื้อเล่ม “คาปิบาร่า”  บางคนหยิบเลย บางคนก็มาโดนตกที่งาน 🤗 เล่มนี้มีดียังไง 🫶 ลองมาดูเหตุผลได้ในคลิปนี้! #ถ้าโลกมันแย่ก็แค่คิดแบบคาปิบาร่า #opendurianhowto #happybara #พิชิตเรื่องแย่จากแนวคิดของคาปิบาร่า #หนังสือพัฒนาตัวเอง #หนังสือฮีลใจ #opendurianbooks 
ไม่ระบุ,7354319427359280402,2024-04-05,[พร้อมส่ง] หนังสือถ้าโลกมันแย่ ก็แค่คิดแบบคาปิบาร่า (Think Like a Happybara),0.0,0,0.0,0.0,📣 ทำไมมางานหนังสือต้องซื้อเล่ม “คาปิบาร่า”  บางคนหยิบเลย บางคนก็มาโดนตกที่งาน 🤗 เล่มนี้มีดียังไง 🫶 ลองมาดูเหตุผลได้ในคลิปนี้! #ถ้าโลกมันแย่ก็แค่คิดแบบคาปิบาร่า #opendurianhowto #happybara #พิชิตเรื่องแย่จากแนวคิดของคาปิบาร่า #หนังสือพัฒนาตัวเอง #หนังสือฮีลใจ #opendurianbooks 
ไม่ระบุ,7354280708782689543,2024-04-05,[พร้อมส่ง] หนังสือถ้าโลกมันแย่ ก็แค่คิดแบบคาปิบาร่า (Think Like a Happybara),0.0,0,0.0,0.0,10 แนวคิดพิชิตเรื่องแย่ๆ จากครอบครัว happybara จากหนังสือ 📒 ถ้าโลกมันแย่ก็แค่คิดแบบคาปิบาร่า  หนังสือที่จะพาคุณพัฒนา Mindset และจัดการปัญหา ที่เข้ามาในแต่ละวัน จากการปรับแนวคิดไปในทางบวก 💕 #ถ้าโลกมันแย่ก็แค่คิดแบบคาปิบาร่า #opendurianhowto #happybara #พิชิตเรื่องแย่จากแนวคิดของคาปิบาร่า #หนังสือพัฒนาตัวเอง #หนังสือฮีลใจ #opendurianbooks 
ไม่ระบุ,7354276123397688584,2024-04-05,[พร้อมส่ง] Box set หนังสือถ้าโลกมันแย่ ก็แค่คิดแบบคาปิบาร่า (Think Like a Happybara),0.0,0,0.0,0.0,😥 วันๆ เรื่องแย่ๆ เข้ามาไม่หยุด  มันทำอะไรไม่ได้หรอก อย่าไปโทษใครเลย รับมือกับเรื่องแย่ๆ แค่ลองอ่านเล่มนี้เลย 📒 ถ้าโลกมันแย่ก็แค่คิดแบบคาปิบาร่า #ถ้าโลกมันแย่ก็แค่คิดแบบคาปิบาร่า #opendurianhowto #happybara #พิชิตเรื่องแย่จากแนวคิดของคาปิบาร่า #หนังสือพัฒนาตัวเอง #หนังสือฮีลใจ #opendurianbooks #สถานีฮีลใจ 
ไม่ระบุ,7353929585504963848,2024-04-04,Boxset หนังสือวันไหนที่ใจแข็งแรง ดอกไม้จะผลิบาน (The Enchanted Garden) ฟรีของแถมใน Boxset ทุกเซ็ต,0.0,0,0.0,0.0,🥲 ช่วงนี้ใครกำลังอกหัก  หรืออยากพัฒนาคสพ.กับคนคุย  🫶 ต้อง 📒 วันไหนที่ใจแข็งแรง ดอกไม้จะผลิบาน พัฒนาจิตใจให้พร้อมรับมือทุกความสัมพันธ์ 💖 #bkkbooktok #งานหนังสือopendurian #opendurianhowto #หนังสือฮีลใจ #วันไหนที่ใจแข็งแรงดอกไม้จะผลิบาน #opendurianbooks #หนังสือที่ช่วยรับมือกับทุกความสัมพันธ์ #TheEnchantedGarden 
ไม่ระบุ,7353602624249253128,2024-04-03,Boxset หนังสือวันไหนที่ใจแข็งแรง ดอกไม้จะผลิบาน (The Enchanted Garden) ฟรีของแถมใน Boxset ทุกเซ็ต,0.0,0,0.0,0.0,📣 มางานหนังสือแล้วอย่าลืมมาที่บูธ H12 ⛽ ที่สถานีฮีลใจ มีกิจกรรมให้คุณได้เล่นเพียบ #bkkbooktok #งานหนังสือopendurian #ถ้าโลกมันแย่ก็แค่คิดแบบคาปิบาร่า #งานหนังสือ #opendurianhowto #หนังสือฮีลใจ #opendurianbooks #สถานีฮีลใจ #อ่านตามtiktok #ปีศาจตัวนั้นคือฉันเอง #วันไหนที่ใจแข็งแรงดอกไม้จะผลิบาน 
ไม่ระบุ,7353602624249253128,2024-04-03,[พร้อมส่ง] หนังสือปีศาจตัวนั้น คือฉันเอง A Guide to Fighting the Demons in My Heart,0.0,0,0.0,0.0,📣 มางานหนังสือแล้วอย่าลืมมาที่บูธ H12 ⛽ ที่สถานีฮีลใจ มีกิจกรรมให้คุณได้เล่นเพียบ #bkkbooktok #งานหนังสือopendurian #ถ้าโลกมันแย่ก็แค่คิดแบบคาปิบาร่า #งานหนังสือ #opendurianhowto #หนังสือฮีลใจ #opendurianbooks #สถานีฮีลใจ #อ่านตามtiktok #ปีศาจตัวนั้นคือฉันเอง #วันไหนที่ใจแข็งแรงดอกไม้จะผลิบาน 
ไม่ระบุ,7353157693680422152,2024-04-02,[พร้อมส่ง] Box set หนังสือถ้าโลกมันแย่ ก็แค่คิดแบบคาปิบาร่า (Think Like a Happybara),0.0,0,0.0,0.0,❓รู้จักน้องคาปิบาร่ากันไหม❓ หนูยักษ์สุดชิล เข้าได้กับทุกคน ที่จะพาคุณผ่านพ้นเรื่องแย่ๆ 😵‍💫 ไปใน 📒 #ถ้าโลกมันแย่ก็แค่คิดแบบคาปิบาร่า  #bkkbooktok #งานหนังสือopendurian #งานหนังสือ #opendurianhowto #รีวิวหนังสือ #หนังสือฮีลใจ #happybara #พิชิตเรื่องแย่จากแนวคิดของคาปิบาร่า  
ไม่ระบุ,7353157693680422152,2024-04-02,[พร้อมส่ง] หนังสือถ้าโลกมันแย่ ก็แค่คิดแบบคาปิบาร่า (Think Like a Happybara),0.0,0,0.0,0.0,❓รู้จักน้องคาปิบาร่ากันไหม❓ หนูยักษ์สุดชิล เข้าได้กับทุกคน ที่จะพาคุณผ่านพ้นเรื่องแย่ๆ 😵‍💫 ไปใน 📒 #ถ้าโลกมันแย่ก็แค่คิดแบบคาปิบาร่า  #bkkbooktok #งานหนังสือopendurian #งานหนังสือ #opendurianhowto #รีวิวหนังสือ #หนังสือฮีลใจ #happybara #พิชิตเรื่องแย่จากแนวคิดของคาปิบาร่า  
ไม่ระบุ,7351697870375881992,2024-03-29,[พร้อมส่ง] Box set หนังสือถ้าโลกมันแย่ ก็แค่คิดแบบคาปิบาร่า (Think Like a Happybara),0.0,0,0.0,0.0,🎊 เปิดตัวปัง ทำไมใครๆ ถึงมาซื้อเล่มนี้ 📒 ถ้าโลกมันแย่ก็แค่คิดแบบคาปิบาร่า แวะเวียนมาจับเล่มจริงที่งานหนังสือ หรือกดตะกร้าก็ได้น้าา  #ถ้าโลกมันแย่ก็แค่คิดแบบคาปิบาร่า #opendurianhowto #หนังสือพัฒนาตัวเอง #opendurianbooks #happybara #หนังสือฮีลใจ #งานหนังสือ #อ่านตามtiktok 
ไม่ระบุ,7351697870375881992,2024-03-29,[พร้อมส่ง] หนังสือถ้าโลกมันแย่ ก็แค่คิดแบบคาปิบาร่า (Think Like a Happybara),0.0,0,0.0,0.0,🎊 เปิดตัวปัง ทำไมใครๆ ถึงมาซื้อเล่มนี้ 📒 ถ้าโลกมันแย่ก็แค่คิดแบบคาปิบาร่า แวะเวียนมาจับเล่มจริงที่งานหนังสือ หรือกดตะกร้าก็ได้น้าา  #ถ้าโลกมันแย่ก็แค่คิดแบบคาปิบาร่า #opendurianhowto #หนังสือพัฒนาตัวเอง #opendurianbooks #happybara #หนังสือฮีลใจ #งานหนังสือ #อ่านตามtiktok 
ไม่ระบุ,7351680681036074258,2024-03-29,[พร้อมส่ง] Box set หนังสือถ้าโลกมันแย่ ก็แค่คิดแบบคาปิบาร่า (Think Like a Happybara),0.0,0,0.0,0.0,🎊 เปิดตัวหนังสือใหม่ ที่งานหนังสือแห่งชาติ โลกมีแต่เรื่องแย่ แต่แค่ปรับ Mindset ไปกับครอบครัว Happybara สุดน่ารัก 💖 🌟 รับประกันโลกจะสดใสขึ้นชัวร์แน่นอน #ถ้าโลกมันแย่ก็แค่คิดแบบคาปิบาร่า #opendurianhowto #หนังสือพัฒนาตัวเอง #หนังสือพัฒนาตัวเอง #opendurianbooks #happybara 
ไม่ระบุ,7351680681036074258,2024-03-29,[พร้อมส่ง] หนังสือถ้าโลกมันแย่ ก็แค่คิดแบบคาปิบาร่า (Think Like a Happybara),0.0,0,0.0,0.0,🎊 เปิดตัวหนังสือใหม่ ที่งานหนังสือแห่งชาติ โลกมีแต่เรื่องแย่ แต่แค่ปรับ Mindset ไปกับครอบครัว Happybara สุดน่ารัก 💖 🌟 รับประกันโลกจะสดใสขึ้นชัวร์แน่นอน #ถ้าโลกมันแย่ก็แค่คิดแบบคาปิบาร่า #opendurianhowto #หนังสือพัฒนาตัวเอง #หนังสือพัฒนาตัวเอง #opendurianbooks #happybara 
ไม่ระบุ,7351314301853928711,2024-03-28,[พร้อมส่ง] Box set หนังสือถ้าโลกมันแย่ ก็แค่คิดแบบคาปิบาร่า (Think Like a Happybara),0.0,0,0.0,0.0,🌟ถ้าโลกมันแย่ ก็แค่ปล่อยจอยกันแบบ ครอบครัว Happybara ทั้ง 6 ตัวสุดคิ้วต์ 💖  จัดการปัญหารายวันแบบสไตล์เจ้าหนูยักษ์  #opendurianhowto #ถ้าโลกมันแย่ก็แค่คิดแบบคาปิบาร่า #หนังสือพัฒนาตัวเอง #หนังสือฮีลใจ #opendurianbooks #happybara #สถานีฮีลใจ 
ไม่ระบุ,7350230097086926098,2024-03-25,[พร้อมส่ง] Box set หนังสือถ้าโลกมันแย่ ก็แค่คิดแบบคาปิบาร่า (Think Like a Happybara),0.0,0,0.0,0.0,🥲 เรื่องราวนับล้านถาโถมเข้ามาไม่หยุด พวกเราทั้ง 5 จะพาคุณพัฒนา Mindset เอง ✨ กับครอบครัว Happybara สุดน่าร๊ากกกก 👏 #opendurianhowto #หนังสือพัฒนาตัวเอง #หนังสือฮีลใจ #opendurianbooks #ถ้าโลกมันแย่ก็แค่คิดแบบคาปิบาร่า #happybara #สถานีฮีลใจ 
ไม่ระบุ,7350229633729645832,2024-03-25,[พร้อมส่ง] หนังสือถ้าโลกมันแย่ ก็แค่คิดแบบคาปิบาร่า (Think Like a Happybara),0.0,0,0.0,0.0,📤 แกะกล่องหนังสือเล่มใหม่ฮีลใจ พัฒนา Mindset พาคุณผ่านพ้นเรื่องราวแย่ๆ ✨ แค่ลองคิดแบบ เจ้าตัวคาปิบาร่าสุดชิล สุดน่าร๊ากกก ทั้ง 5 ตัว 🩷  #opendurianhowto #หนังสือพัฒนาตัวเอง #หนังสือฮีลใจ #opendurianbooks #ถ้าโลกมันแย่ก็แค่คิดแบบคาปิบาร่า #happybara #สถานีฮีลใจ 
ไม่ระบุ,7350171323441728775,2024-03-25,[พร้อมส่ง] หนังสือปีศาจตัวนั้น คือฉันเอง A Guide to Fighting the Demons in My Heart,0.0,0,0.0,0.0,พัฒนา Mindset เปิดมุมมองชีวิตให้กว้างขึ้น หนังสือที่จะช่วยจัดการปีศาจที่เกิดขึ้นในจิตใจ พร้อมเปลี่ยนตัวเองเป็นคนใหม่ 💝 หลังอ่านเล่มนี้ #หนังสือปีศาจตัวนั้นคือฉันเอง #ปีศาจตัวนั้นคือตัวฉันเอง #opendurianhowto #หนังสือพัฒนาตัวเอง #หนังสือฮีลใจ #opendurianbooks #สถานีฮีลใจ 
ไม่ระบุ,7350169890709425416,2024-03-25,[พร้อมส่ง] หนังสือปีศาจตัวนั้น คือฉันเอง A Guide to Fighting the Demons in My Heart,0.0,0,0.0,0.0,ปัญหาใหญ่ขนาดไหนก็ไม่ต้องกลัว  เพียงแค่รู้วิธีการจัดการกับปัญหา  #หนังสือปีศาจตัวนั้นคือฉันเอง #ปีศาจตัวนั้นคือตัวฉันเอง #opendurianhowto #หนังสือพัฒนาตัวเอง #หนังสือฮีลใจ #งานหนังสือ #อ่านตามtiktok #tiktokuni #สถานีฮีลใจ #opendurianbooks 
ไม่ระบุ,7347918842817039623,2024-03-19,[พร้อมส่ง] หนังสือถ้าโลกมันแย่ ก็แค่คิดแบบคาปิบาร่า (Think Like a Happybara),0.0,0,0.0,0.0,เหนื่อยจัง ทำไมต้องเป็นฉันที่เจอเรื่องแย่ๆ 🥲 ใครที่กำลังมีความรู้สึกแบบนี้อยู่ อยากให้ลองอ่าน #ถ้าโลกมันแย่ก็แค่คิดแบบคาปิบาร่า   #opendurianhowto  #หนังสือพัฒนาตัวเอง  #หนังสือฮีลใจ  #งานหนังสือ  #อ่านตามtiktok  #tiktokuni 
ไม่ระบุ,7333427998416293138,2024-02-09,หนังสือวันไหนที่ใจแข็งแรง ดอกไม้จะผลิบาน (The Enchanted Garden),0.0,0,0.0,0.0,โปรวาเลนไทน์ 💝 ซื้อ 1 ได้ถึง 3 ขอแถมเฉพาะช่วงนี้เท่านั้น รีบเลยก่อนหมดโปร!  #opendurianhowto #สถานีฮีลใจ #หนังสือที่ช่วยรับมือกับทุกความสัมพันธ์ #วันไหนที่ใจแข็งแรงดอกไม้จะผลิบาน #หนังสือฮีลใจ #ปีศาจตัวนั้นคือตัวฉันเอง #หนังสือพัฒนาตัวเอง #opendurianbooks 
ไม่ระบุ,7333427998416293138,2024-02-09,[พร้อมส่ง] หนังสือปีศาจตัวนั้น คือฉันเอง A Guide to Fighting the Demons in My Heart,0.0,0,0.0,0.0,โปรวาเลนไทน์ 💝 ซื้อ 1 ได้ถึง 3 ขอแถมเฉพาะช่วงนี้เท่านั้น รีบเลยก่อนหมดโปร!  #opendurianhowto #สถานีฮีลใจ #หนังสือที่ช่วยรับมือกับทุกความสัมพันธ์ #วันไหนที่ใจแข็งแรงดอกไม้จะผลิบาน #หนังสือฮีลใจ #ปีศาจตัวนั้นคือตัวฉันเอง #หนังสือพัฒนาตัวเอง #opendurianbooks 
ไม่ระบุ,7330934715597212946,2024-02-02,[พร้อมส่ง] หนังสือปีศาจตัวนั้น คือฉันเอง A Guide to Fighting the Demons in My Heart,0.0,0,0.0,0.0,🌷💕 วาเลนไทน์นี้ฮีลใจตัวเองให้ไม่พังด้วย #หนังสือปีศาจตัวนั้นคือฉันเอง  หนังสือฮีลใจสุดปัง ✨ เติมพลังบวกในจิตใจ #ปีศาจตัวนั้นคือตัวฉันเอง #หนังสือฮีลใจ #หนังสือพัฒนาตัวเอง #opendurianhowto #opendurianbooks 
ไม่ระบุ,7330910910048931080,2024-02-02,หนังสือวันไหนที่ใจแข็งแรง ดอกไม้จะผลิบาน (The Enchanted Garden),0.0,0,0.0,0.0,🥀 หัวใจของเราก็เปรียบเสมือนสวนดอกไม้ วาเลนไทน์นี้มาพัฒนาหัวใจไปกับเล่มนี้กันนะ 🩷 #หนังสือที่ช่วยรับมือกับทุกความสัมพันธ์ #วันไหนที่ใจแข็งแรงดอกไม้จะผลิบาน #TheEnchantedGarden #opendurianhowto #opendurianbooks #หนังสือฮีลใจ 
ไม่ระบุ,7330577258115058952,2024-02-01,หนังสือวันไหนที่ใจแข็งแรง ดอกไม้จะผลิบาน (The Enchanted Garden),0.0,0,0.0,0.0,ไม่ว่าจะอยู่ในความสัมพันธ์แบบไหน ก็รับมือได้เป็นอย่างดี เพราะเรามีเล่มนี้ 📔#หนังสือที่ช่วยรับมือกับทุกความสัมพันธ์ #วันไหนที่ใจแข็งแรงดอกไม้จะผลิบาน #TheEnchantedGarden #opendurianhowto #opendurianbooks #หนังสือพัฒนาตัวเอง #หนังสือฮีลใจ   
ไม่ระบุ,7330201531150650631,2024-01-31,"Gift Box กล่องฮีลใจ Limited Edition 2023 ประกอบไปด้วย หนังสือปีศาจตัวนั้นคือฉันเอง,สมุด HelloMyMind,สติ๊กเกอร์ปีศาจตัวนั้นคือฉันเอง,โปสการ์ด",0.0,0,0.0,0.0,วาเลนไทน์นี้ 💕 ส่งต่อความสุขด้วย Giftbox กล่องฮีลใจ 🎁 เซทฮีลใจทุกคน พร้อมรักตัวเองได้มากกว่าที่เคย #opendurianhowto #ปีศาจตัวนั้นคือตัวฉันเอง #หนังสือปีศาจตัวนั้นคือฉันเอง #กล่องฮีลใจ #opendurianbooks 
ไม่ระบุ,7329777018327944456,2024-01-30,Boxset หนังสือวันไหนที่ใจแข็งแรง ดอกไม้จะผลิบาน (The Enchanted Garden) ฟรีของแถมใน Boxset ทุกเซ็ต,0.0,0,0.0,0.0,โปรวันวาเลนไทน์ 🌷✨ มอบความรักให้คนสำคัญด้วย “สวนของหัวใจ” ส่งต่อเซตนี้ ราคาพิเศษเฉพาะวันพิเศษนี้เท่านั้น ! 💝 #วันไหนที่ใจแข็งแรงดอกไม้จะผลิบาน #หนังสือที่ช่วยรับมือกับทุกความสัมพันธ์ #TheEnchantedGarden #เซทสวนของหัวใจ #opendurianhowto #opendurianbooks  
ไม่ระบุ,7329480119293136146,2024-01-29,หนังสือวันไหนที่ใจแข็งแรง ดอกไม้จะผลิบาน (The Enchanted Garden),0.0,0,0.0,0.0,โปรวาเลนไทน์ มากำจัดปีศาจร้ายในหัวใจด้วยกันนะ 💝 #ป#ปีศาจตัวนั้นคือตัวฉันเองห#หนังสือฮีลใจห#หนังสือปีศาจตัวนั้นคือฉันเองก#กล่องฮีลใจว#วันไหนที่ใจแข็งแรงดอกไม้จะผลิบานห#หนังสือที่ช่วยรับมือกับทุกความสัมพันธ์ห#หนังสือพัฒนาตัวเองo#opendurianhowto
ไม่ระบุ,7329480119293136146,2024-01-29,"Gift Box กล่องฮีลใจ Limited Edition 2023 ประกอบไปด้วย หนังสือปีศาจตัวนั้นคือฉันเอง,สมุด HelloMyMind,สติ๊กเกอร์ปีศาจตัวนั้นคือฉันเอง,โปสการ์ด",0.0,0,0.0,0.0,โปรวาเลนไทน์ มากำจัดปีศาจร้ายในหัวใจด้วยกันนะ 💝 #ป#ปีศาจตัวนั้นคือตัวฉันเองห#หนังสือฮีลใจห#หนังสือปีศาจตัวนั้นคือฉันเองก#กล่องฮีลใจว#วันไหนที่ใจแข็งแรงดอกไม้จะผลิบานห#หนังสือที่ช่วยรับมือกับทุกความสัมพันธ์ห#หนังสือพัฒนาตัวเองo#opendurianhowto
ไม่ระบุ,7329480119293136146,2024-01-29,[พร้อมส่ง] หนังสือปีศาจตัวนั้น คือฉันเอง A Guide to Fighting the Demons in My Heart,0.0,0,0.0,0.0,โปรวาเลนไทน์ มากำจัดปีศาจร้ายในหัวใจด้วยกันนะ 💝 #ป#ปีศาจตัวนั้นคือตัวฉันเองห#หนังสือฮีลใจห#หนังสือปีศาจตัวนั้นคือฉันเองก#กล่องฮีลใจว#วันไหนที่ใจแข็งแรงดอกไม้จะผลิบานห#หนังสือที่ช่วยรับมือกับทุกความสัมพันธ์ห#หนังสือพัฒนาตัวเองo#opendurianhowto
ไม่ระบุ,7329479161012178183,2024-01-29,Boxset หนังสือวันไหนที่ใจแข็งแรง ดอกไม้จะผลิบาน (The Enchanted Garden) ฟรีของแถมใน Boxset ทุกเซ็ต,0.0,0,0.0,0.0,โปรนี้สีชมพู อยากให้ยูนั้นมีใจ 💕 พร้อมรับมือกับทุกความสัมพันธ์ที่จะเกิดขึ้น ให้มีความสุขกับวันวาเลนไทน์ 🫶🏻   #หน#หนังสือที่ช่วยรับมือกับทุกความสัมพันธ์ั#วันไหนที่ใจแข็งแรงดอกไม้จะผลิบานh#TheEnchantedGardenซ#เซทสวนของหัวใจี#ปีศาจตัวนั้นคือตัวฉันเองp#opendurianhowto
ไม่ระบุ,7329479161012178183,2024-01-29,หนังสือวันไหนที่ใจแข็งแรง ดอกไม้จะผลิบาน (The Enchanted Garden),0.0,0,0.0,0.0,โปรนี้สีชมพู อยากให้ยูนั้นมีใจ 💕 พร้อมรับมือกับทุกความสัมพันธ์ที่จะเกิดขึ้น ให้มีความสุขกับวันวาเลนไทน์ 🫶🏻   #หน#หนังสือที่ช่วยรับมือกับทุกความสัมพันธ์ั#วันไหนที่ใจแข็งแรงดอกไม้จะผลิบานh#TheEnchantedGardenซ#เซทสวนของหัวใจี#ปีศาจตัวนั้นคือตัวฉันเองp#opendurianhowto
ไม่ระบุ,7329479161012178183,2024-01-29,[พร้อมส่ง] หนังสือปีศาจตัวนั้น คือฉันเอง A Guide to Fighting the Demons in My Heart,0.0,0,0.0,0.0,โปรนี้สีชมพู อยากให้ยูนั้นมีใจ 💕 พร้อมรับมือกับทุกความสัมพันธ์ที่จะเกิดขึ้น ให้มีความสุขกับวันวาเลนไทน์ 🫶🏻   #หน#หนังสือที่ช่วยรับมือกับทุกความสัมพันธ์ั#วันไหนที่ใจแข็งแรงดอกไม้จะผลิบานh#TheEnchantedGardenซ#เซทสวนของหัวใจี#ปีศาจตัวนั้นคือตัวฉันเองp#opendurianhowto
ไม่ระบุ,7328368149038992658,2024-01-26,หนังสือวันไหนที่ใจแข็งแรง ดอกไม้จะผลิบาน (The Enchanted Garden),0.0,0,0.0,0.0,แด่“เพื่อนรัก”ที่...มูฟออนเป็นวงกลม!! ให้เล่มนี้ช่วยปลอบเพื่อนคุณอีกแรง... #วันไหนที่ใจแข็งแรงดอกไม้จะผลิบาน #TheEnchantedGarden #หนังสือที่ช่วยรับมือกับทุกความสัมพันธ์ #หนังสือพัฒนาตัวเอง #หนังสือฮีลใจ #opendurianhowto 
ไม่ระบุ,7328367477925154055,2024-01-26,[พร้อมส่ง] หนังสือปีศาจตัวนั้น คือฉันเอง A Guide to Fighting the Demons in My Heart,0.0,0,0.0,0.0,แด่เพื่อนรักที่...อยากจัดการกับความรู้สึกแย่ๆ ให้เล่มนี้ช่วยกำจัดปีศาจในจิตใจ พร้อมรับมือกับทุกปัญหาที่เกิดขึ้น ##ปีศาจตัวนั้นคือตัวฉันเอง##หนังสือพัฒนาตัวเอง##หนังสือพัฒนาตัวเอง##หนังสือฮีลใจ##opendurianbooks
ไม่ระบุ,7328366799152631047,2024-01-26,"Gift Box กล่องฮีลใจ Limited Edition 2023 ประกอบไปด้วย หนังสือปีศาจตัวนั้นคือฉันเอง,สมุด HelloMyMind,สติ๊กเกอร์ปีศาจตัวนั้นคือฉันเอง,โปสการ์ด",0.0,0,0.0,0.0,แด่ “เพื่อนรัก” ที่...อยากจัดการความรู้สึกแย่ๆ ##ปีศาจตัวนั้นคือตัวฉันเอง##opendurianhowto##หนังสือพัฒนาตัวเอง##หนังสือฮีลใจ##opendurianbooks##กล่องฮีลใจ
ไม่ระบุ,7328363092356648199,2024-01-26,หนังสือวันไหนที่ใจแข็งแรง ดอกไม้จะผลิบาน (The Enchanted Garden),0.0,0,0.0,0.0,ให้หัวใจที่เบิกบาน เป็นสัญญาณของการ“เริ่มต้น” ##วันไหนที่ใจแข็งแรงดอกไม้จะผลิบาน##ปีศาจตัวนั้นคือตัวฉันเอง##หนังสือพัฒนาตัวเอง##หนังสือฮีลใจ##opendurianhowto##opendurianbooks
ไม่ระบุ,7328362783844683015,2024-01-26,หนังสือวันไหนที่ใจแข็งแรง ดอกไม้จะผลิบาน (The Enchanted Garden),0.0,0,0.0,0.0,แนะนำหนังสือ ที่คนซื้อให้เพื่อนมากที่สุด เหมาะกับเพื่อนที่ไม่ยอม Move on ไม่กล้าออกจากความสัมพันธ์ที่ Toxic ช่วยรับมือกับปัญหาที่เกิดขึ้นในชีวิตในทุกๆ ความสัมพันธ์  ##วันไหนที่ใจแข็งแรงดอกไม้จะผลิบาน##ปีศาจตัวนั้นคือตัวฉันเอง##หนังสือพัฒนาตัวเอง##หนังสือฮีลใจ##opendurianhowto##opendurianbooks
ไม่ระบุ,7328360916007898376,2024-01-26,หนังสือวันไหนที่ใจแข็งแรง ดอกไม้จะผลิบาน (The Enchanted Garden),0.0,0,0.0,0.0,วาเลนไทน์นี้ มีคู่รึยัง?! คู่ไหนเริ่ด คู่ไหนปัง เลือกเลย ✅ #วันไหนที่ใจแข็งแรงดอกไม้จะผลิบาน #ปีศาจตัวนั้นคือตัวฉันเอง #meyouandpluto #หนังสือฮีลใจ #หนังสือพัฒนาตัวเอง #opendurianhowto #opendurianbooks 
ไม่ระบุ,7328360916007898376,2024-01-26,[พร้อมส่ง] หนังสือปีศาจตัวนั้น คือฉันเอง A Guide to Fighting the Demons in My Heart,0.0,0,0.0,0.0,วาเลนไทน์นี้ มีคู่รึยัง?! คู่ไหนเริ่ด คู่ไหนปัง เลือกเลย ✅ #วันไหนที่ใจแข็งแรงดอกไม้จะผลิบาน #ปีศาจตัวนั้นคือตัวฉันเอง #meyouandpluto #หนังสือฮีลใจ #หนังสือพัฒนาตัวเอง #opendurianhowto #opendurianbooks 
ไม่ระบุ,7328348947834047751,2024-01-26,Boxset หนังสือวันไหนที่ใจแข็งแรง ดอกไม้จะผลิบาน (The Enchanted Garden) ฟรีของแถมใน Boxset ทุกเซ็ต,0.0,0,0.0,0.0,ส่งต่อความรักให้คนที่สำคัญของใจได้มากยิ่งขึ้น ด้วยเซต “สวนของหัวใจ”  (Blossoms of the Soul's Garden) ✨ #หนังสือที่ช่วยรับมือกับทุกความสัมพันธ์ #วันไหนที่ใจแข็งแรงดอกไม้จะผลิบาน #TheEnchantedGarden #เซทสวนของหัวใจ #opendurianhowto #opendurianbooks 
ไม่ระบุ,7328348947834047751,2024-01-26,หนังสือวันไหนที่ใจแข็งแรง ดอกไม้จะผลิบาน (The Enchanted Garden),0.0,0,0.0,0.0,ส่งต่อความรักให้คนที่สำคัญของใจได้มากยิ่งขึ้น ด้วยเซต “สวนของหัวใจ”  (Blossoms of the Soul's Garden) ✨ #หนังสือที่ช่วยรับมือกับทุกความสัมพันธ์ #วันไหนที่ใจแข็งแรงดอกไม้จะผลิบาน #TheEnchantedGarden #เซทสวนของหัวใจ #opendurianhowto #opendurianbooks 
ไม่ระบุ,7326810746401148165,2024-01-22,หนังสือวันไหนที่ใจแข็งแรง ดอกไม้จะผลิบาน (The Enchanted Garden),0.0,0,0.0,0.0,🫂 การรับมือในทุกๆความสัมพันธ์ ไม่ใช่เรื่องง่ายเลย ถ้าเราไม่เข้าใจตัวเองก่อน แล้วจะเริ่มเดินต่อไปได้ยังไง หนังสือเล่มนี้จะช่วยให้คุณรักตัวเองมากขึ้น 💗🌻 #วันไหนที่ใจแข็งแรงดอกไม้จะผลิบาน #TheEnchantedGarden #opendurianhowto #หนังสือที่ช่วยรับมือกับทุกความสัมพันธ์ #opendurianbooks 
ไม่ระบุ,7326810333526494470,2024-01-22,หนังสือวันไหนที่ใจแข็งแรง ดอกไม้จะผลิบาน (The Enchanted Garden),0.0,0,0.0,0.0,🥲 มีใครกำลังรู้สึกแบบนี้อยู่มั้ยน้าา❓  คนที่มีความสัมพันธ์กลืนไม่เข้าคายไม่ออก หรือไม่กล้าออกจากความสัมพันธ์ไม่ชัดเจน 🥀 #วันไหนที่ใจแข็งแรงดอกไม้จะผลิบาน #TheEnchantedGarden #opendurianhowto #หนังสือที่ช่วยรับมือกับทุกความสัมพันธ์ #opendurianbooks 
ไม่ระบุ,7326808971581361413,2024-01-22,หนังสือวันไหนที่ใจแข็งแรง ดอกไม้จะผลิบาน (The Enchanted Garden),0.0,0,0.0,0.0,👩‍❤️‍💋‍👨 แด่ ทุกสถานะ และทุกความสัมพันธ์ ที่…🫂 พร้อมรับมือความสัมพันธ์ที่ผ่านเข้ามาได้อย่างมีสติ  ...ให้หนังสือดอกไม้เล่มนี้ช่วยฮีลใจคุณ 🌻💗  #วันไหนที่ใจแข็งแรงดอกไม้จะผลิบาน #TheEnchantedGarden #opendurianhowto #หนังสือที่ช่วยรับมือกับทุกความสัมพันธ์ #opendurianbooks 
ไม่ระบุ,7326494829419056390,2024-01-21,หนังสือวันไหนที่ใจแข็งแรง ดอกไม้จะผลิบาน (The Enchanted Garden),0.0,0,0.0,0.0,ในวันที่หัวใจอ่อนแอและหาทางออกไม่ได้ 💔 ให้หนังสือเล่มนี้ #ดูแลหัวใจของคุณ  📔 หนังสือ วันไหนที่ใจแข็งแรง ดอกไม้จะผลิบาน (The Enchanted Garden)💐 หนังสือเล่มใหม่ล่าสุด จาก OpenDurian✨  ‍‍‍‍‍‍ #opendurianhowto #TheEnchantedGarden #วันไหนที่ใจแข็งแรงดอกไม้จะผลิบาน  #หนังสือที่ช่วยรับมือกับทุกความสัมพันธ์  #ดูแลหัวใจให้รักผลิบาน #ส่งต่อรักจากสวนของใจ #หนังสือพัฒนาตัวเอง #หนังสือฮีลใจ 
ไม่ระบุ,7325382322348428552,2024-01-18,หนังสือวันไหนที่ใจแข็งแรง ดอกไม้จะผลิบาน (The Enchanted Garden),0.0,0,0.0,0.0,ทำไมการให้ดอกไม้ถึงเป็นสัญลักษณ์ของการมอบความรัก ติดตามต่อได้ในคลิปนี้เลย… #opendurianhowto #วันไหนที่ใจแข็งแรงดอกไม้จะผลิบาน #TheEnchantedGarden #หนังสือที่ช่วยรับมือกับทุกความสัมพันธ์ #ดูแลหัวใจให้รักผลิบาน 
ไม่ระบุ,7324647314189208838,2024-01-16,หนังสือวันไหนที่ใจแข็งแรง ดอกไม้จะผลิบาน (The Enchanted Garden),0.0,0,0.0,0.0,ไม่มีความสุข แต่ไม่อยากเลิก ไม่รู้ทำไม? ลองดูคลิปนี้นะ 💔 ##opendurianhowto##วันไหนที่ใจแข็งแรงดอกไม้จะผลิบาน ##TheEnchantedGarden##หนังสือฮีลใจ##หนังสือพัฒนาตัวเอง##opendurianbooks
ไม่ระบุ,7323901068323097862,2024-01-14,หนังสือวันไหนที่ใจแข็งแรง ดอกไม้จะผลิบาน (The Enchanted Garden),0.0,0,0.0,0.0,ที่ยัง Move on ไม่ได้ เพราะไม่รู้วิธี Move on จริงๆ หรือเปล่า? ให้หนังสือเล่มนี้คอยเป็นผู้ช่วยคุณ 💐✨ #TheEnchantedGarden #วันไหนที่ใจแข็งแรงดอกไม้จะผลิบาน #opendurianhowto #หนังสือฮีลใจ #หนังสือพัฒนาตัวเอง #opendurianbooks #สถานีฮีลใจ 
ไม่ระบุ,7322789981511109894,2024-01-11,หนังสือวันไหนที่ใจแข็งแรง ดอกไม้จะผลิบาน (The Enchanted Garden),0.0,0,0.0,0.0,เพราะมีแค่เราที่ดูแลหัวใจตัวเองได้ดีที่สุด  มาเริ่มดูแลหัวใจของเรา ให้แข็งแรงกันเถอะ 💐✨ ##opendurianhowto##สถานีฮีลใจ##TheEnchantedGarden##วันไหนที่ใจแข็งแรงดอกไม้จะผลิบาน##ดูแลหัวใจให้รักผลิบาน##ส่งต่อรักจากสวนของใจ##หนังสือพัฒนาตัวเอง##หนังสือฮีลใจ
ไม่ระบุ,7322375646548708613,2024-01-10,[พร้อมส่ง] หนังสือปีศาจตัวนั้น คือฉันเอง A Guide to Fighting the Demons in My Heart,0.0,0,0.0,0.0,Step การใช้งาน Gift Box กล่องฮีลใจ สุดคิ้วต์ 💝 เปิดใช้เองก็ดีต่อใจ ให้เป็นของขวัญก็ดีต่อความสัมพันธ์นะคะ 😍 #opendurianhowto #สถานีฮีลใจ #ปีศาจตัวนั้นคือตัวฉันเอง #หนังสือปีศาจตัวนั้นคือฉันเอง #หนังสือพัฒนาตัวเอง #หนังสือฮีลใจ #กล่องฮีลใจ 
ไม่ระบุ,7321993325634931973,2024-01-09,หนังสือวันไหนที่ใจแข็งแรง ดอกไม้จะผลิบาน (The Enchanted Garden),0.0,0,0.0,0.0,หนังสือวันไหนที่ใจแข็งแรง ดอกไม้จะผลิบาน (The Enchanted Garden)💐✨ #opendurianhowto #สถานีฮีลใจ  #TheEnchantedGarden #วันไหนที่ใจแข็งแรงดอกไม้จะผลิบาน  #ดูแลหัวใจให้รักผลิบาน #ส่งต่อรักจากสวนของใจ #หนังสือพัฒนาตัวเอง #หนังสือฮีลใจ
ไม่ระบุ,7321991781359291654,2024-01-09,[พร้อมส่ง] หนังสือปีศาจตัวนั้น คือฉันเอง A Guide to Fighting the Demons in My Heart,0.0,0,0.0,0.0,หนังสือปีศาจตัวนั้นคือฉันเอง 📒 หนังสือที่จะทำให้คุณรู้จักตัวเองให้มากขึ้น จัดการกับอารมณ์ของตัวเองได้ดี #opendurianhowto #สถานีฮีลใจ #ปีศาจตัวนั้นคือตัวฉันเอง #หนังสือปีศาจตัวนั้นคือฉันเอง #หนังสือฮีลใจ #หนังสือพัฒนาตัวเอง 
ไม่ระบุ,7321990749573205253,2024-01-09,[พร้อมส่ง] หนังสือปีศาจตัวนั้น คือฉันเอง A Guide to Fighting the Demons in My Heart,0.0,0,0.0,0.0,💖 Gift Box กล่องฮีลใจ ปีใหม่นี้ต้องเปลี่ยนเป็นคนที่ดีกว่าเดิม  #opendurianhowto #สถานีฮีลใจ #ปีศาจตัวนั้นคือตัวฉันเอง #หนังสือปีศาจตัวนั้นคือฉันเอง #หนังสือฮีลใจ #หนังสือพัฒนาตัวเอง #กล่องฮีลใจ 
ไม่ระบุ,7321675735150644485,2024-01-08,[พร้อมส่ง] หนังสือปีศาจตัวนั้น คือฉันเอง A Guide to Fighting the Demons in My Heart,0.0,0,0.0,0.0,ตั้งเป้าหมายปี 2024 ไปกับหนังสือเล่มนี้ ปีศาจตัวนั้น คือฉันเอง 👹 มาเป็นคนใหม่กันนะคะ  #opendurianhowto #สถานีฮีลใจ #ปีศาจตัวนั้นคือตัวฉันเอง #หนังสือปีศาจตัวนั้นคือฉันเอง #หนังสือฮีลใจ #หนังสือพัฒนาตัวเอง 
ไม่ระบุ,7320561573108485381,2024-01-05,[พร้อมส่ง] หนังสือปีศาจตัวนั้น คือฉันเอง A Guide to Fighting the Demons in My Heart,0.0,0,0.0,0.0,New Year New Me ปีใหม่แล้ว มาเป็นคนใหม่กันนะคะ 🎆 #opendurianhowto #สถานีฮีลใจ #ปีศาจตัวนั้นคือตัวฉันเอง #หนังสือปีศาจตัวนั้นคือฉันเอง #หนังสือพัฒนาตัวเอง #หนังสือฮีลใจ 
ไม่ระบุ,7317990289900260614,2023-12-29,[พร้อมส่ง] หนังสือปีศาจตัวนั้น คือฉันเอง A Guide to Fighting the Demons in My Heart,0.0,0,0.0,0.0,ของขวัญอะไรที่อยากได้ในวันปีใหม่นี้ ของขวัญอะไรที่จะสุขใจทั้งผู้ให้และผู้รับ 💝🎁 #opendurianhowto #สถานีฮีลใจ #หนังสือปีศาจตัวนั้นคือฉันเอง #ปีศาจตัวนั้นคือฉันเอง #หนังสือพัฒนาตัวเอง #หนังสือฮีลใจ 
ไม่ระบุ,7315737299688426758,2023-12-23,[พร้อมส่ง] หนังสือปีศาจตัวนั้น คือฉันเอง A Guide to Fighting the Demons in My Heart,0.0,0,0.0,0.0,แชร์กัน 💗 ประโยคไหน? ที่ฟังแล้วฮีลใจเรามากที่สุด  #opendurianhowto #สถานีฮีลใจ #ปีศาจตัวนั้นคือฉันเอง #หนังสือปีศาจตัวนั้นคือฉันเอง #หนังสือพัฒนาตัวเอง #หนังสือฮีลใจ 
ไม่ระบุ,7314898806951251205,2023-12-21,[พร้อมส่ง] หนังสือปีศาจตัวนั้น คือฉันเอง A Guide to Fighting the Demons in My Heart,0.0,0,0.0,0.0,พร้อมส่ง Gift Box ฮีลใจ ❤️‍🩹 #opendurianhowto #สถานีฮีลใจ #ปีศาจตัวนั้นคือฉันเอง #หนังสือปีศาจตัวนั้นคือฉันเอง #หนังสือพัฒนาตัวเอง #หนังสือฮีลใจ 
ไม่ระบุ,7314629965155192070,2023-12-20,[พร้อมส่ง] หนังสือปีศาจตัวนั้น คือฉันเอง A Guide to Fighting the Demons in My Heart,0.0,0,0.0,0.0,จัดการความเครียดได้เก่งขึ้น 🫶🏻 เพราะรู้วิธีการติดตามอารมณ์ พร้อมวางแผนกิจกรรม เพิ่มความ Productive ให้ชีวิต📖 ด้วยสมุด Hello My Mind พร้อม Gift Box ฮีลใจ 🎁 #opendurianhowto #สถานีฮีลใจ #ปีศาจตัวนั้นคือฉันเอง #หนังสือปีศาจตัวนั้นคือฉันเอง #หนังสือพัฒนาตัวเอง #หนังสือฮีลใจ 
ไม่ระบุ,7313878418234363141,2023-12-18,[พร้อมส่ง] หนังสือปีศาจตัวนั้น คือฉันเอง A Guide to Fighting the Demons in My Heart,0.0,0,0.0,0.0,Unbox Giftbox ฮีลใจ สุดน่ารัก 😍 #opendurianhowto #สถานีฮีลใจ #ปีศาจตัวนั้นคือฉันเอง #หนังสือปีศาจตัวนั้นคือฉันเอง #หนังสือพัฒนาตัวเอง #หนังสือฮีลใจ 
ไม่ระบุ,7311653531365231877,2023-12-12,[พร้อมส่ง] หนังสือปีศาจตัวนั้น คือฉันเอง A Guide to Fighting the Demons in My Heart,0.0,0,0.0,0.0,160 Quote ฮีลใจ ได้ฝึกทั้งภาษาอังกฤษ และได้ฮีลใจตัวเอง  #opendurianhowto #สถานีฮีลใจ #ปีศาจตัวนั้นคือฉันเอง #หนังสือปีศาจตัวนั้นคือฉันเอง #หนังสือพัฒนาตัวเอง #หนังสือฮีลใจ #รีวิวหนังสือ #opendurianbooks #เล่มนี้ดี 
ไม่ระบุ,7310911633780395269,2023-12-10,[พร้อมส่ง] หนังสือปีศาจตัวนั้น คือฉันเอง A Guide to Fighting the Demons in My Heart,0.0,0,0.0,0.0,ประโยคฮีลใจเปลี่ยนชีวิตจากหนังสือปีศาจตัวนั้น คือฉันเอง 👹 อ่านแล้วอยากส่งต่อ 📖 #opendurianhowto #สถานีฮีลใจ #ปีศาจตัวนั้นคือฉันเอง #หนังสือปีศาจตัวนั้นคือฉันเอง #หนังสือพัฒนาตัวเอง #หนังสือฮีลใจ #รีวิวหนังสือ 
ไม่ระบุ,7309820187073678597,2023-12-07,[พร้อมส่ง] หนังสือปีศาจตัวนั้น คือฉันเอง A Guide to Fighting the Demons in My Heart,0.0,0,0.0,0.0,"🎄 12.12  🎄 ฮีลใจให้ตัวเองและคนที่รักส่งท้ายปี ด้วยหนังสือสุดฮิต ขายไปแล้วกว่า 10,000 เล่ม💖 เริ่มต้นฮีลใจด้วยหนังสือปีศาจตัวนั้นคือฉันเอง  หรือฮีลใจแบบจัดใหญ่ด้วย Gift Box ฮีลใจ ✨ #opendurianhowto #ปีศาจตัวนั้นคือฉันเอง #หนังสือปีศาจตัวนั้นคือฉันเอง #หนังสือพัฒนาตัวเอง #หนังสือฮีลใจ #รีวิวหนังสือ #opendurianbooks #booktok #เล่มนี้ดี #moodtracker #planner #hellomymindสบายดีไหมตัวฉัน #สู้ดิวะ "
ไม่ระบุ,7309782940945222917,2023-12-07,[พร้อมส่ง] หนังสือปีศาจตัวนั้น คือฉันเอง A Guide to Fighting the Demons in My Heart,0.0,0,0.0,0.0,12.12  🎄ฮีลใจส่งท้ายปี ราคาพิเศษ กดตะกร้าเลย! #ปีศาจตัวนั้นคือฉันเอง #opendurianhowto #รีวิวหนังสือ #opendurianbooks #หนังสือพัฒนาตัวเอง #หนังสือฮีลใจ
ไม่ระบุ,7309781483747593477,2023-12-07,[พร้อมส่ง] หนังสือปีศาจตัวนั้น คือฉันเอง A Guide to Fighting the Demons in My Heart,0.0,0,0.0,0.0,12.12 🎄Gift Box กล่องฮีลใจ ของมีจำนวนจำกัด กดตะกร้าเลย! #ปีศาจตัวนั้นคือฉันเอง #opendurianhowto #รีวิวหนังสือ #opendurianbooks #หนังสือพัฒนาตัวเอง #หนังสือฮีลใจ
ไม่ระบุ,7308318863865810181,2023-12-03,[พร้อมส่ง] หนังสือปีศาจตัวนั้น คือฉันเอง A Guide to Fighting the Demons in My Heart,0.0,0,0.0,0.0,จังหวะชีวิตของคนเรามันสำคัญนะ เตรียมตัวให้พร้อม พัฒนาตัวเอง เพื่อรอเวลาที่จังหวะชีวิตนั้นเป็นของเรา ✌🏻 #opendurianhowto #สถานีฮีลใจ #หนังสือปีศาจตัวนั้นคือฉันเอง #ปีศาจตัวนั้นคือฉันเอง #หนังสือพัฒนาตัวเอง #หนังสือฮีลใจ 
ไม่ระบุ,7307622539591716102,2023-12-01,[พร้อมส่ง] หนังสือปีศาจตัวนั้น คือฉันเอง A Guide to Fighting the Demons in My Heart,0.0,0,0.0,0.0,อยู่คนเดียวได้ แบบมีความสุข 💖 ด้วย #หนังสือปีศาจตัวนั้นคือฉันเอง #ปีศาจตัวนั้นคือฉันเอง #opendurianhowto #สถานีฮีลใจ #หนังสือพัฒนาตัวเอง #หนังสือฮีลใจ 
ไม่ระบุ,7306456445011234054,2023-11-28,[พร้อมส่ง] หนังสือปีศาจตัวนั้น คือฉันเอง A Guide to Fighting the Demons in My Heart,0.0,0,0.0,0.0,แพ็กคู่หนังสือปีศาจตัวนั้นคือฉันเอง 👹หนังสือพัฒนา Mindset พร้อมรับมือกับทุกปัญหา และหนังสือสู้ดิวะ 💪🏻 หนังสือสร้างพลังใจ ให้ค้นพบความหมายของการมีชีวิตอยู่ 💖 #ปีศาจตัวนั้นคือฉันเอง #หนังสือปีศาจตัวนั้นคือฉันเอง #opendurianhowto #สถานีฮีลใจ #หนังสือพัฒนาตัวเอง #หนังสือฮีลใจ #สู้ดิวะ #เล่มนี้ดี #รีวิวหนังสือ #booktok #ที่สุดแห่งปี 
ไม่ระบุ,7305719360520326406,2023-11-26,[พร้อมส่ง] หนังสือปีศาจตัวนั้น คือฉันเอง A Guide to Fighting the Demons in My Heart,0.0,0,0.0,0.0,วันหยุดทุกคนทำอะไรกัน? ใครเป็นสายพักผ่อน 🙌🏻 อยากพักผ่อนเยอะๆ เพราะช่วงวันทำงานเราเต็มที่ เราเหนื่อยมากแล้ว ก็อยากให้พักผ่อนชาร์จพลัง 🪫🔋 เก็บแรงมาเพื่อสู้ต่อนะคะ // หรือใครที่เป็นสายขยัน 📚 ก็สู้ๆ ค่ะ อนาคตสดใสแน่นอน 😍 #ปีศาจตัวนั้นคือฉันเอง #หนังสือปีศาจตัวนั้นคือฉันเอง #opendurianhowto #สถานีฮีลใจ #หนังสือพัฒนาตัวเอง #หนังสือฮีลใจ #เล่มนี้ดี #รีวิวหนังสือ #ที่สุดแห่งปี #booktok
ไม่ระบุ,7304979453354986758,2023-11-24,[พร้อมส่ง] หนังสือปีศาจตัวนั้น คือฉันเอง A Guide to Fighting the Demons in My Heart,0.0,0,0.0,0.0,มีเป้าหมายชีวิต มีแรงฮึบ มีความ Productive สูง 💼 พร้อมชิงชัยในทุกความสำเร็จ และรู้จักจัดการอารมณ์ของตัวเอง ด้วยแพ็กคู่ฮีลใจคูณ2 🎖️ #ปีศาจตัวนั้นคือฉันเอง #หนังสือปีศาจตัวนั้นคือฉันเอง #opendurianhowto #สถานีฮีลใจ #หนังสือพัฒนาตัวเอง #หนังสือฮีลใจ #hellomymindสบายดีไหมตัวฉัน #planner #moodtracker #เล่มนี้ดี #รีวิวหนังสือ #booktok #ที่สุดแห่งปี 
ไม่ระบุ,7303521146501106950,2023-11-20,[พร้อมส่ง] หนังสือปีศาจตัวนั้น คือฉันเอง A Guide to Fighting the Demons in My Heart,0.0,0,0.0,0.0,ประโยคไหนกันนะ ที่อ่านแล้วทัชใจคุณ 💕 #ปีศาจตัวนั้นคือฉันเอง #หนังสือปีศาจตัวนั้นคือฉันเอง #opendurianhowto #สถานีฮีลใจ #หนังสือฮีลใจ #หนังสือพัฒนาตัวเอง 
ไม่ระบุ,7302366811335445765,2023-11-17,[พร้อมส่ง] หนังสือปีศาจตัวนั้น คือฉันเอง A Guide to Fighting the Demons in My Heart,0.0,0,0.0,0.0,เหตุเกิดจากความเหงา อยู่ที่ว่าเราจะอยู่กับมันอย่างไร ชีวิตตอนนั้นโฟกัสอะไรอยู่ จะหาแฟนดีมั้ย? หรือให้หนังสือเล่มนี้อยู่เป็นเพื่อนคุณ 💕 . #opendurianhowto #สถานีฮีลใจ #หนังสือปีศาจตัวนั้นคือฉันเอง #ปีศาจตัวนั้นคือฉันเอง #หนังสือฮีลใจ #หนังสือพัฒนาตัวเอง #สัมภาษณ์ #podcast 
ไม่ระบุ,7301905660923481349,2023-11-16,[พร้อมส่ง] หนังสือปีศาจตัวนั้น คือฉันเอง A Guide to Fighting the Demons in My Heart,0.0,0,0.0,0.0,รีวิวแน่น หนังสือฮีลใจสุดฮิต 💖✨ หนังสือปีศาจตัวนั้นคือฉันเอง พร้อมส่งแล้วน้า รอบนี้มีจำนวนจำกัด คลิกที่ตะกร้าเลย 👇🏻
ไม่ระบุ,7300158257652354310,2023-11-11,[พร้อมส่ง] หนังสือปีศาจตัวนั้น คือฉันเอง A Guide to Fighting the Demons in My Heart,0.0,0,0.0,0.0,ภาวะหมดไฟในการทำงาน เป็นภาวะที่บุคคลเกิดความเหนื่อยล้าทางอารมณ์ที่สะสมต่อเนื่องกัน อันเป็นผลพวงมาจากความเครียดและความกดดันในที่ทำงาน 🖥️ 👨‍👩‍👦‍👦 🚌 ให้ #หนังสือปีศาจตัวนั้นคือฉันเอง ช่วย #หนังสือฮีลใจ คุณ 💖 #ปีศาจตัวนั้นคือฉันเอง #opendurianhowto #สถานีฮีลใจ #หนังสือพัฒนาตัวเอง #opendurianbooks 
ไม่ระบุ,7299722436755328262,2023-11-10,[พร้อมส่ง] หนังสือปีศาจตัวนั้น คือฉันเอง A Guide to Fighting the Demons in My Heart,0.0,0,0.0,0.0,โปร 11.11 หนังสือปีศาจตัวนั้น คือฉันเอง พร้อมเปิดตัว Hello My Mind ที่เป็นทั้ง Planner และสมุดบันทึกอารมณ์ #ปีศาจตัวนั้นคือฉันเอง #opendurianhowto #สถานีฮีลใจ #หนังสือปีศาจตัวนั้นคือฉันเอง #หนังสือฮีลใจ #หนังสือพัฒนาตัวเอง #opendurianbooks 
ไม่ระบุ,7298665763664088326,2023-11-07,[พร้อมส่ง] หนังสือปีศาจตัวนั้น คือฉันเอง A Guide to Fighting the Demons in My Heart,0.0,0,0.0,0.0,11.11 นี้เท่านั้น 💖✨ หนังสือปีศาจตัวนั้นคือฉันเอง พร้อมส่งแล้วน้า รอบนี้มีจำนวนจำกัด คลิกที่ตะกร้าเลย 👇🏻
ไม่ระบุ,7297929070963199237,2023-11-05,[พร้อมส่ง] หนังสือปีศาจตัวนั้น คือฉันเอง A Guide to Fighting the Demons in My Heart,0.0,0,0.0,0.0,บางครั้งการเรียน อาจจะเป็นสมบัติเดียวที่พ่อแม่สามารถให้กับลูกได้ แต่ก็อย่าลืมความสุขของลูกด้วยหล่ะ 👨‍👩‍👧 💕  ‍‍‍‍‍‍ ‍‍ ‍‍ ‍‍ ‍‍‍‍‍‍ ‍‍‍‍‍‍ ‍‍ ‍‍ ‍‍ ‍‍‍‍‍‍ ‍‍‍‍‍‍ #ปีศาจตัวนั้นคือฉันเอง #opendurianhowto #opendurianbooks #หนังสือพัฒนาตัวเอง #หนังสือฮีลใจ 
ไม่ระบุ,7296817764931554565,2023-11-02,[พร้อมส่ง] หนังสือปีศาจตัวนั้น คือฉันเอง A Guide to Fighting the Demons in My Heart,0.0,0,0.0,0.0,ปกติทุกคนฮีลใจตัวเองตอนเศร้ายังไง?  #opendurianhowto #สถานีฮีลใจ #ปีศาจตัวนั้นคือฉันเอง #หนังสือปีศาจตัวนั้นคือฉันเอง #opendurian 
ไม่ระบุ,7295678094021545222,2023-10-30,[พร้อมส่ง] หนังสือปีศาจตัวนั้น คือฉันเอง A Guide to Fighting the Demons in My Heart,0.0,0,0.0,0.0,ทัศนคติดี ใครๆ ก็อยากอยู่ใกล้ เปิดมุมมองตัวคุณให้กว้างขึ้น ด้วยหนังสือ #ปีศาจตัวนั้นคือฉันเอง #opendurianhowto #สถานีฮีลใจ #opendurian #อ่านตามtiktok
ไม่ระบุ,7295677596463877382,2023-10-30,[พร้อมส่ง] หนังสือปีศาจตัวนั้น คือฉันเอง A Guide to Fighting the Demons in My Heart,0.0,0,0.0,0.0,หนังสือฮีลใจ ที่ทุกคนเลือก #ปีศาจตัวนั้นคือฉันเอง #หนังสือปีศาจตัวนั้นคือฉันเอง #opendurianhowto #opendurian #หนังสือฮีลใจ #อ่านตามtiktok 
ไม่ระบุ,7295677438149889285,2023-10-30,[พร้อมส่ง] หนังสือปีศาจตัวนั้น คือฉันเอง A Guide to Fighting the Demons in My Heart,0.0,0,0.0,0.0,ในวันที่เราพบเจอกับปัญหา เราจะเลือกเผชิญหน้ากับมันอย่างไร ให้หนังสือเล่มนี้อยู่เป็นเพื่อนคุณ #ปีศาจตัวนั้นคือฉันเอง #หนังสือปีศาจตัวนั้นคือฉันเอง #opendurianhowto #opendurian 
ไม่ระบุ,7294244879654194438,2023-10-26,[พร้อมส่ง] หนังสือปีศาจตัวนั้น คือฉันเอง A Guide to Fighting the Demons in My Heart,0.0,0,0.0,0.0,หนังสือฮีลใจ ที่ทุกคนเลือก  #ปีศาจตัวนั้นคือฉันเอง #หนังสือปีศาจตัวนั้นคือฉันเอง #opendurianhowto #opendurian #หนังสือฮีลใจ #อ่านตามtiktok 
ไม่ระบุ,7292356357024386309,2023-10-21,[พร้อมส่ง] หนังสือปีศาจตัวนั้น คือฉันเอง A Guide to Fighting the Demons in My Heart,0.0,0,0.0,0.0,ในวันที่เราพบเจอกับปัญหา เราจะเลือกเผชิญหน้ากับมันอย่างไร ให้หนังสือเล่มนี้อยู่เป็นเพื่อนคุณ #ปีศาจตัวนั้นคือฉันเอง #หนังสือปีศาจตัวนั้นคือฉันเอง #opendurianhowto #opendurian 
ไม่ระบุ,7290821808553512198,2023-10-17,[พร้อมส่ง] หนังสือปีศาจตัวนั้น คือฉันเอง A Guide to Fighting the Demons in My Heart,0.0,0,0.0,0.0,หนังสือฮีลใจ 150 ประโยค ที่พร้อมอยู่เป็นเพื่อนเคียงข้างคุณ #ปีศาจตัวนั้นคือฉันเอง  #หนังสือปีศาจตัวนั้นคือฉันเอง  #งานหนังสือopendurian  #opendurianhowto  #opendurianbooks  #opendurian 
ไม่ระบุ,7289701678515850501,2023-10-14,[พร้อมส่ง] หนังสือปีศาจตัวนั้น คือฉันเอง A Guide to Fighting the Demons in My Heart,0.0,0,0.0,0.0,โปรโมชั่นงานหนังสือ หนังสือปีศาจตัวนั้นคือฉันเอง ลดราคาเหลือเพียง 325 บาทเท่านั้น!! จากปกติ 590 บาท หรือใครมางานหนังสือ เจอกันที่บูธ A38 Hall 5 ได้เลยนะคะ 😊 #ปีศาจตัวนั้นคือฉันเอง #คําคม #คําคมความรู้สึก #opendurianhowto #opendurianbooks 
