Product,Sub Product,Ads Cost,Ads FB MSG,Ads FB Salepage,Ads Tiktok Ads,Ads Tiktok Aff,Ads Shopify,Ads Shopee,Ads Lazada,Ads Website,Ads Instagram,Ads Line,Sale Total,Sale FB MSG,Sale FB Salepage,Sale Tiktok,Sale Tiktok Aff,Sale Shopee,Sale Lazada,Sale Shopify,Sale Line,Sale Instagram,Sale Website,% Ads,% Ads FB MSG,% Ads FB Salepage,% Ads Tiktok Ads,% Ads Tiktok Aff,% Ads Shopify,% Ads Shopee,% Ads Lazada,% Ads Website,% Ads Instagram,% Ads Line,วันที่
[หนังสือ] ถ้าโลกมันแย่ ก็แค่คิดแบบคาปิบาร่า THINK LIKE A HAPPYBARA,[หนังสือ] ถ้าโลกมันแย่ ก็แค่คิดแบบคาปิบาร่า THINK LIKE A HAPPYBARA,527.1,0,0,172.23,354.87,0,0,0,0,0,0,668,0,0,351,0,317,0,0,0,0,0,78.91,0,0,49.07,0,0,0,0,0,0,0,2026-02-23
[หนังสือ] ถ้าโลกมันแย่ ก็แค่คิดแบบคาปิบาร่า THINK LIKE A HAPPYBARA,[หนังสือ] BOXSET ถ้าโลกมันแย่ ก็แค่คิดแบบคาปิบาร่า THINK LIKE A HAPPYBARA,0,0,0,0,0,0,0,0,0,0,0,0,0,0,0,0,0,0,0,0,0,0,0,0,0,0,0,0,0,0,0,0,0,2026-02-23
[หนังสือ] เมื่อโลกทั้งใบซ่อนอยู่ใต้หมวกกันน็อก (HELMET GIRL),[หนังสือ] เมื่อโลกทั้งใบซ่อนอยู่ใต้หมวกกันน็อก (HELMET GIRL),0,0,0,0,0,0,0,0,0,0,0,0,0,0,0,0,0,0,0,0,0,0,0,0,0,0,0,0,0,0,0,0,0,2026-02-23
[หนังสือ] เมื่อโลกทั้งใบซ่อนอยู่ใต้หมวกกันน็อก (HELMET GIRL),*OPD [E-BOOK] เมื่อโลกทั้งใบซ่อนอยู่ใต้หมวกกันน็อก (HELMET GIRL),0,0,0,0,0,0,0,0,0,0,0,179,179,0,0,0,0,0,0,0,0,0,0,0,0,0,0,0,0,0,0,0,0,2026-02-23
[หนังสือ] เมื่อโลกทั้งใบซ่อนอยู่ใต้หมวกกันน็อก (HELMET GIRL),[หนังสือ] BOXSET เมื่อโลกทั้งใบซ่อนอยู่ใต้หมวกกันน็อก (HELMET GIRL),0,0,0,0,0,0,0,0,0,0,0,0,0,0,0,0,0,0,0,0,0,0,0,0,0,0,0,0,0,0,0,0,0,2026-02-23
[หนังสือ] วันไหนที่ใจแข็งแรง ดอกไม้จะผลิบาน THE ENCHANTED GARDEN,[หนังสือ] วันไหนที่ใจแข็งแรง ดอกไม้จะผลิบาน THE ENCHANTED GARDEN,670.98,0,0,181.11,489.87,0,0,0,0,0,0,2027,0,0,651,1376,0,0,0,0,0,0,33.1,0,0,27.82,35.6,0,0,0,0,0,0,2026-02-23
[หนังสือ] วันไหนที่ใจแข็งแรง ดอกไม้จะผลิบาน THE ENCHANTED GARDEN,*OPD [E-BOOK] วันไหนที่ใจแข็งแรง ดอกไม้จะผลิบาน THE ENCHANTED GARDEN,0,0,0,0,0,0,0,0,0,0,0,0,0,0,0,0,0,0,0,0,0,0,0,0,0,0,0,0,0,0,0,0,0,2026-02-23
[หนังสือ] วันไหนที่ใจแข็งแรง ดอกไม้จะผลิบาน THE ENCHANTED GARDEN,[หนังสือ] สวนของหัวใจ BLOSSOMS OF THE SOUL’S GARDEN,0,0,0,0,0,0,0,0,0,0,0,621,0,0,0,621,0,0,0,0,0,0,0,0,0,0,0,0,0,0,0,0,0,2026-02-23
[หนังสือ] ยินดีต้อนรับและขอบคุณที่กลับมา,[หนังสือ] ยินดีต้อนรับและขอบคุณที่กลับมา,306.78,0,0,265.19,41.59,0,0,0,0,0,0,0,0,0,0,0,0,0,0,0,0,0,0,0,0,0,0,0,0,0,0,0,0,2026-02-23
[หนังสือ] ถ้าโลกมันแย่ ก็แค่คิดแบบคาปิบาร่า THINK LIKE A HAPPYBARA,*OPD [E-BOOK] ถ้าโลกมันแย่ ก็แค่คิดแบบคาปิบาร่า THINK LIKE A HAPPYBARA,0,0,0,0,0,0,0,0,0,0,0,0,0,0,0,0,0,0,0,0,0,0,0,0,0,0,0,0,0,0,0,0,0,2026-02-23
[หนังสือ] ยินดีต้อนรับและขอบคุณที่กลับมา,*OPD [E-BOOK] ยินดีต้อนรับและขอบคุณที่กลับมา,0,0,0,0,0,0,0,0,0,0,0,157,157,0,0,0,0,0,0,0,0,0,0,0,0,0,0,0,0,0,0,0,0,2026-02-23
[หนังสือ] ปีศาจตัวนั้น คือฉันเอง A GUIDE TO FIGHT THE DEMONS IN MY HEART,*OPD [E-BOOK] ปีศาจตัวนั้น คือฉันเอง A GUIDE TO FIGHTING THE DEMONS IN MY HEART,0,0,0,0,0,0,0,0,0,0,0,0,0,0,0,0,0,0,0,0,0,0,0,0,0,0,0,0,0,0,0,0,0,2026-02-23
[หนังสือ] ปีศาจตัวนั้น คือฉันเอง A GUIDE TO FIGHT THE DEMONS IN MY HEART,*[E-BOOK] ปีศาจตัวนั้น คือฉันเอง A GUIDE TO FIGHTING THE DEMONS IN MY HEART,0,0,0,0,0,0,0,0,0,0,0,0,0,0,0,0,0,0,0,0,0,0,0,0,0,0,0,0,0,0,0,0,0,2026-02-23
[หนังสือ] ปีศาจตัวนั้น คือฉันเอง A GUIDE TO FIGHT THE DEMONS IN MY HEART,[หนังสือ] ปีศาจตัวนั้น คือฉันเอง A GUIDE TO FIGHTING THE DEMONS IN MY HEART,0,0,0,0,0,0,0,0,0,0,0,32903,250,0,8904,20458,3291,0,0,0,0,0,0,0,0,0,0,0,0,0,0,0,0,2026-02-23
[หนังสือ] ปีศาจตัวนั้น คือฉันเอง 2 A GUIDE TO OVERCOMING THE RETURN OF THE DEMONS,[หนังสือ] ปีศาจตัวนั้น คือฉันเอง 2 A GUIDE TO OVERCOMING THE RETURN OF THE DEMONS,2147.33,0,0,105.17,1894.06,0,148.1,0,0,0,0,7300,251,0,584,4845,1320,0,0,0,300,0,29.42,0,0,18.01,39.09,0,11.22,0,0,0,0,2026-02-23
[หนังสือ] ปีศาจตัวนั้น คือฉันเอง 2 A GUIDE TO OVERCOMING THE RETURN OF THE DEMONS,*OPD [E-BOOK] ปีศาจตัวนั้น คือฉันเอง 2 A GUIDE TO OVERCOMING THE RETURN OF THE DEMONS,0,0,0,0,0,0,0,0,0,0,0,0,0,0,0,0,0,0,0,0,0,0,0,0,0,0,0,0,0,0,0,0,0,2026-02-23
[หนังสือ] ปีศาจความรักมักเลือกฉันเป็นเหยื่อ HOW TO FIGHT THE LOVE DEMON IN MY HEART,[หนังสือ] ปีศาจความรักมักเลือกฉันเป็นเหยื่อ HOW TO FIGHT THE LOVE DEMON IN MY HEART,588.11,0,0,31.83,556.28,0,0,0,0,0,0,1995,0,0,0,1995,0,0,0,0,0,0,29.48,0,0,0,27.88,0,0,0,0,0,0,2026-02-23
[หนังสือ] ปีศาจความรักมักเลือกฉันเป็นเหยื่อ HOW TO FIGHT THE LOVE DEMON IN MY HEART,*OPD [E-BOOK] ปีศาจความรักมักเลือกฉันเป็นเหยื่อ HOW TO FIGHT THE LOVE DEMON IN MY HEART,0,0,0,0,0,0,0,0,0,0,0,0,0,0,0,0,0,0,0,0,0,0,0,0,0,0,0,0,0,0,0,0,0,2026-02-23
[หนังสือ] ทุกความทรงจำคือของขวัญจากวันวาน,[หนังสือ] ทุกความทรงจำคือของขวัญจากวันวาน,0,0,0,0,0,0,0,0,0,0,0,1713,529,0,296,592,296,0,0,0,0,0,0,0,0,0,0,0,0,0,0,0,0,2026-02-23
[หนังสือ] ปีศาจตัวนั้น คือฉันเอง A GUIDE TO FIGHT THE DEMONS IN MY HEART,[หนังสือ] ปีศาจตัวนั้น คือฉันเอง A GUIDE TO FIGHT THE DEMONS IN MY HEART,9712.88,0,0,2957.39,6555.49,0,200,0,0,0,0,0,0,0,0,0,0,0,0,0,0,0,0,0,0,0,0,0,0,0,0,0,0,2026-02-23
[หนังสือ] ทุกความทรงจำคือของขวัญจากวันวาน,*OPD [E-BOOK] ทุกความทรงจำคือของขวัญจากวันวาน,0,0,0,0,0,0,0,0,0,0,0,0,0,0,0,0,0,0,0,0,0,0,0,0,0,0,0,0,0,0,0,0,0,2026-02-23
[หนังสือ] โอบกอดความไม่สมบูรณ์แบบของเธอ (EMBRACE YOUR FLAWS),[หนังสือ] โอบกอดความไม่สมบูรณ์แบบของเธอ (EMBRACE YOUR FLAWS),3512.91,163.55,0,70.6,3278.76,0,0,0,0,0,0,11307,558,0,809,9661,279,0,0,0,0,0,31.07,29.31,0,8.73,33.94,0,0,0,0,0,0,2026-02-23
[หนังสือ] โอบกอดความไม่สมบูรณ์แบบของเธอ (EMBRACE YOUR FLAWS),*OPD [E-BOOK] โอบกอดความไม่สมบูรณ์แบบของเธอ (EMBRACE YOUR FLAWS),0,0,0,0,0,0,0,0,0,0,0,0,0,0,0,0,0,0,0,0,0,0,0,0,0,0,0,0,0,0,0,0,0,2026-02-23
[หนังสือ] ฉันจะมีชีวิตที่ดี,*OPD [E-BOOK] ฉันจะมีชีวิตที่ดี,0,0,0,0,0,0,0,0,0,0,0,0,0,0,0,0,0,0,0,0,0,0,0,0,0,0,0,0,0,0,0,0,0,2026-02-23
[หนังสือ] ความลับสู่เงินล้านที่โรงเรียนไม่เคยสอน (THE MILLIONAIRE'S TOP SECRET),[หนังสือ] ความลับสู่เงินล้านที่โรงเรียนไม่เคยสอน (THE MILLIONAIRE'S TOP SECRET),627.84,0,0,48,579.84,0,0,0,0,0,0,1776,0,0,0,1480,296,0,0,0,0,0,35.35,0,0,0,39.18,0,0,0,0,0,0,2026-02-23
[หนังสือ] ความลับสู่เงินล้านที่โรงเรียนไม่เคยสอน (THE MILLIONAIRE'S TOP SECRET),*OPD [E-BOOK] ความลับสู่เงินล้านที่โรงเรียนไม่เคยสอน (THE MILLIONAIRE'S TOP SECRET),0,0,0,0,0,0,0,0,0,0,0,142,142,0,0,0,0,0,0,0,0,0,0,0,0,0,0,0,0,0,0,0,0,2026-02-23
[หนังสือ] ขอใช้ชีวิตที่เหลือ เพื่อตัวเองนะ,[หนังสือ] ขอใช้ชีวิตที่เหลือ เพื่อตัวเองนะ,2033.64,1668.39,0,55.97,309.28,0,0,0,0,0,0,4075,2250,0,-296,1859,262,0,0,0,0,0,49.91,74.15,0,-18.91,16.64,0,0,0,0,0,0,2026-02-23
[หนังสือ] ขอใช้ชีวิตที่เหลือ เพื่อตัวเองนะ,*OPD [E-BOOK] ขอใช้ชีวิตที่เหลือ เพื่อตัวเองนะ,0,0,0,0,0,0,0,0,0,0,0,0,0,0,0,0,0,0,0,0,0,0,0,0,0,0,0,0,0,0,0,0,0,2026-02-23
[หนังสือ] กับดักความรู้สึกผิด,[หนังสือ] กับดักความรู้สึกผิด,17897.6,12933.11,0,2751.16,1522.15,472.67,218.51,0,0,0,0,55329,16226,0,4029,4716,28364,0,1635,0,359,0,32.35,79.71,0,68.28,32.28,28.91,0.77,0,0,0,0,2026-02-23
[หนังสือ] กับดักความรู้สึกผิด,*OPD [E-BOOK] กับดักความรู้สึกผิด,0,0,0,0,0,0,0,0,0,0,0,180,180,0,0,0,0,0,0,0,0,0,0,0,0,0,0,0,0,0,0,0,0,2026-02-23
[หนังสือ] THE WITCHES' CLUB ชมรมลับเปลี่ยนชีวิต,[หนังสือ] THE WITCHES' CLUB ชมรมลับเปลี่ยนชีวิต,1765.74,833.56,0,332.23,499.95,0,100,0,0,0,0,1308,0,0,957,0,351,0,0,0,0,0,135,0,0,34.72,0,0,28.49,0,0,0,0,2026-02-23
[หนังสือ] ฉันจะมีชีวิตที่ดี,[หนังสือ] ฉันจะมีชีวิตที่ดี,884.69,262.1,0,54.08,568.51,0,0,0,0,0,0,1960,590,0,0,809,266,0,0,295,0,0,45.14,44.42,0,0,70.27,0,0,0,0,0,0,2026-02-23
[หนังสือ] THE WITCHES' CLUB ชมรมลับเปลี่ยนชีวิต,*OPD [E-BOOK] THE WITCHES' CLUB ชมรมลับเปลี่ยนชีวิต,0,0,0,0,0,0,0,0,0,0,0,0,0,0,0,0,0,0,0,0,0,0,0,0,0,0,0,0,0,0,0,0,0,2026-02-23
[หนังสือ] THE WITCHES' CLUB ชมรมลับเปลี่ยนชีวิต,[หนังสือ] BOXSET THE WITCHES' CLUB ชมรมลับเปลี่ยนชีวิต,0,0,0,0,0,0,0,0,0,0,0,3465,899,0,529,0,2037,0,0,0,0,0,0,0,0,0,0,0,0,0,0,0,0,2026-02-23
[หนังสือ] GHOSTLY REMAINS ปลดพันธนาการดวงวิญญาณหลังความตาย,[หนังสือ] GHOSTLY REMAINS ปลดพันธนาการดวงวิญญาณหลังความตาย,1437.82,453.77,0,492.62,491.43,0,0,0,0,0,0,2577,769,0,598,219,991,0,0,0,0,0,55.79,59.01,0,82.38,224.4,0,0,0,0,0,0,2026-02-23
[หนังสือ] GHOSTLY BREWS ยินดีบริการดวงวิญญาณหลังเที่ยงคืน,[หนังสือ] GHOSTLY BREWS ยินดีบริการดวงวิญญาณหลังเที่ยงคืน,3577.13,879.22,0,427.8,2041.09,167.16,61.86,0,0,0,0,6016,1659,0,2323,-5,2039,0,0,0,0,0,59.46,53,0,18.42,-40821.8,0,3.03,0,0,0,0,2026-02-23
[หนังสือ] GHOSTLY BREWS ยินดีบริการดวงวิญญาณหลังเที่ยงคืน,*OPD [E-BOOK] GHOSTLY BREWS ยินดีบริการดวงวิญญาณหลังเที่ยงคืน,0,0,0,0,0,0,0,0,0,0,0,0,0,0,0,0,0,0,0,0,0,0,0,0,0,0,0,0,0,0,0,0,0,2026-02-23
[หนังสือ] GHOSTLY BREWS ยินดีบริการดวงวิญญาณหลังเที่ยงคืน,*[E-BOOK] GHOSTLY BREWS ยินดีบริการดวงวิญญาณหลังเที่ยงคืน,0,0,0,0,0,0,0,0,0,0,0,0,0,0,0,0,0,0,0,0,0,0,0,0,0,0,0,0,0,0,0,0,0,2026-02-23
[หนังสือ] เหนื่อยมากไหม พักก่อนก็ได้นะวันนี้,[หนังสือ] เหนื่อยมากไหม พักก่อนก็ได้นะวันนี้,185.43,185.43,0,0,0,0,0,0,0,0,0,667,0,0,0,350,317,0,0,0,0,0,27.8,0,0,0,0,0,0,0,0,0,0,2026-02-23
[หนังสือ] เหนื่อยมากไหม พักก่อนก็ได้นะวันนี้,*OPD [E-BOOK] เหนื่อยมากไหม พักก่อนก็ได้นะวันนี้,0,0,0,0,0,0,0,0,0,0,0,0,0,0,0,0,0,0,0,0,0,0,0,0,0,0,0,0,0,0,0,0,0,2026-02-23
[หนังสือ] เหนื่อยมากไหม พักก่อนก็ได้นะวันนี้,[หนังสือ] BOXSET เหนื่อยมากไหม พักก่อนก็ได้นะวันนี้,0,0,0,0,0,0,0,0,0,0,0,449,0,0,0,0,449,0,0,0,0,0,0,0,0,0,0,0,0,0,0,0,0,2026-02-23
[หนังสือ] THE WITCHES' CLUB ชมรมลับเปลี่ยนชีวิต,*[E-BOOK] THE WITCHES' CLUB ชมรมลับเปลี่ยนชีวิต,0,0,0,0,0,0,0,0,0,0,0,0,0,0,0,0,0,0,0,0,0,0,0,0,0,0,0,0,0,0,0,0,0,2026-02-23
[หนังสือ] ฉันจะมีชีวิตที่ดี,[หนังสือ] ฉันจะมีชีวิตที่ดี,4932.47,288.67,0,99.57,4544.23,0,0,0,0,0,0,8176,590,0,295,7025,266,0,0,0,0,0,60.33,48.93,0,33.75,64.69,0,0,0,0,0,0,2026-02-24
[หนังสือ] วันไหนที่ใจแข็งแรง ดอกไม้จะผลิบาน THE ENCHANTED GARDEN,[หนังสือ] วันไหนที่ใจแข็งแรง ดอกไม้จะผลิบาน THE ENCHANTED GARDEN,696.28,0,0,78.73,617.55,0,0,0,0,0,0,1266,0,0,305,610,351,0,0,0,0,0,55,0,0,25.81,101.24,0,0,0,0,0,0,2026-02-24
[หนังสือ] วันไหนที่ใจแข็งแรง ดอกไม้จะผลิบาน THE ENCHANTED GARDEN,*OPD [E-BOOK] วันไหนที่ใจแข็งแรง ดอกไม้จะผลิบาน THE ENCHANTED GARDEN,0,0,0,0,0,0,0,0,0,0,0,0,0,0,0,0,0,0,0,0,0,0,0,0,0,0,0,0,0,0,0,0,0,2026-02-24
[หนังสือ] วันไหนที่ใจแข็งแรง ดอกไม้จะผลิบาน THE ENCHANTED GARDEN,[หนังสือ] สวนของหัวใจ BLOSSOMS OF THE SOUL’S GARDEN,0,0,0,0,0,0,0,0,0,0,0,1242,0,0,0,621,621,0,0,0,0,0,0,0,0,0,0,0,0,0,0,0,0,2026-02-24
[หนังสือ] ยินดีต้อนรับและขอบคุณที่กลับมา,[หนังสือ] ยินดีต้อนรับและขอบคุณที่กลับมา,300.6,0,0,267.58,33.02,0,0,0,0,0,0,723,400,0,0,0,323,0,0,0,0,0,41.58,0,0,0,0,0,0,0,0,0,0,2026-02-24
[หนังสือ] ยินดีต้อนรับและขอบคุณที่กลับมา,*OPD [E-BOOK] ยินดีต้อนรับและขอบคุณที่กลับมา,0,0,0,0,0,0,0,0,0,0,0,0,0,0,0,0,0,0,0,0,0,0,0,0,0,0,0,0,0,0,0,0,0,2026-02-24
[หนังสือ] ปีศาจตัวนั้น คือฉันเอง A GUIDE TO FIGHT THE DEMONS IN MY HEART,[หนังสือ] ปีศาจตัวนั้น คือฉันเอง A GUIDE TO FIGHT THE DEMONS IN MY HEART,9418.46,0,0,1252.5,7965.96,0,200,0,0,0,0,0,0,0,0,0,0,0,0,0,0,0,0,0,0,0,0,0,0,0,0,0,0,2026-02-24
[หนังสือ] ปีศาจตัวนั้น คือฉันเอง A GUIDE TO FIGHT THE DEMONS IN MY HEART,*OPD [E-BOOK] ปีศาจตัวนั้น คือฉันเอง A GUIDE TO FIGHTING THE DEMONS IN MY HEART,0,0,0,0,0,0,0,0,0,0,0,0,0,0,0,0,0,0,0,0,0,0,0,0,0,0,0,0,0,0,0,0,0,2026-02-24
[หนังสือ] ปีศาจตัวนั้น คือฉันเอง A GUIDE TO FIGHT THE DEMONS IN MY HEART,*[E-BOOK] ปีศาจตัวนั้น คือฉันเอง A GUIDE TO FIGHTING THE DEMONS IN MY HEART,0,0,0,0,0,0,0,0,0,0,0,0,0,0,0,0,0,0,0,0,0,0,0,0,0,0,0,0,0,0,0,0,0,2026-02-24
[หนังสือ] ฉันจะมีชีวิตที่ดี,*OPD [E-BOOK] ฉันจะมีชีวิตที่ดี,0,0,0,0,0,0,0,0,0,0,0,0,0,0,0,0,0,0,0,0,0,0,0,0,0,0,0,0,0,0,0,0,0,2026-02-24
[หนังสือ] ปีศาจตัวนั้น คือฉันเอง A GUIDE TO FIGHT THE DEMONS IN MY HEART,[หนังสือ] ปีศาจตัวนั้น คือฉันเอง A GUIDE TO FIGHTING THE DEMONS IN MY HEART,0,0,0,0,0,0,0,0,0,0,0,36040.33,300,0,4241,26001,5186,312.33,0,0,0,0,0,0,0,0,0,0,0,0,0,0,0,2026-02-24
[หนังสือ] ปีศาจตัวนั้น คือฉันเอง 2 A GUIDE TO OVERCOMING THE RETURN OF THE DEMONS,*OPD [E-BOOK] ปีศาจตัวนั้น คือฉันเอง 2 A GUIDE TO OVERCOMING THE RETURN OF THE DEMONS,0,0,0,0,0,0,0,0,0,0,0,0,0,0,0,0,0,0,0,0,0,0,0,0,0,0,0,0,0,0,0,0,0,2026-02-24
[หนังสือ] ปีศาจความรักมักเลือกฉันเป็นเหยื่อ HOW TO FIGHT THE LOVE DEMON IN MY HEART,[หนังสือ] ปีศาจความรักมักเลือกฉันเป็นเหยื่อ HOW TO FIGHT THE LOVE DEMON IN MY HEART,324.44,0,0,9.86,314.58,0,0,0,0,0,0,1004,0,0,0,678,326,0,0,0,0,0,32.31,0,0,0,46.4,0,0,0,0,0,0,2026-02-24
[หนังสือ] ปีศาจความรักมักเลือกฉันเป็นเหยื่อ HOW TO FIGHT THE LOVE DEMON IN MY HEART,*OPD [E-BOOK] ปีศาจความรักมักเลือกฉันเป็นเหยื่อ HOW TO FIGHT THE LOVE DEMON IN MY HEART,0,0,0,0,0,0,0,0,0,0,0,0,0,0,0,0,0,0,0,0,0,0,0,0,0,0,0,0,0,0,0,0,0,2026-02-24
[หนังสือ] ทุกความทรงจำคือของขวัญจากวันวาน,[หนังสือ] ทุกความทรงจำคือของขวัญจากวันวาน,0,0,0,0,0,0,0,0,0,0,0,921,329,0,0,296,296,0,0,0,0,0,0,0,0,0,0,0,0,0,0,0,0,2026-02-24
[หนังสือ] ทุกความทรงจำคือของขวัญจากวันวาน,*OPD [E-BOOK] ทุกความทรงจำคือของขวัญจากวันวาน,0,0,0,0,0,0,0,0,0,0,0,0,0,0,0,0,0,0,0,0,0,0,0,0,0,0,0,0,0,0,0,0,0,2026-02-24
[หนังสือ] ถ้าโลกมันแย่ ก็แค่คิดแบบคาปิบาร่า THINK LIKE A HAPPYBARA,[หนังสือ] ถ้าโลกมันแย่ ก็แค่คิดแบบคาปิบาร่า THINK LIKE A HAPPYBARA,376.66,0,0,98.27,278.39,0,0,0,0,0,0,1019,0,0,351,351,317,0,0,0,0,0,36.96,0,0,28,79.31,0,0,0,0,0,0,2026-02-24
[หนังสือ] ถ้าโลกมันแย่ ก็แค่คิดแบบคาปิบาร่า THINK LIKE A HAPPYBARA,*OPD [E-BOOK] ถ้าโลกมันแย่ ก็แค่คิดแบบคาปิบาร่า THINK LIKE A HAPPYBARA,0,0,0,0,0,0,0,0,0,0,0,0,0,0,0,0,0,0,0,0,0,0,0,0,0,0,0,0,0,0,0,0,0,2026-02-24
[หนังสือ] ถ้าโลกมันแย่ ก็แค่คิดแบบคาปิบาร่า THINK LIKE A HAPPYBARA,[หนังสือ] BOXSET ถ้าโลกมันแย่ ก็แค่คิดแบบคาปิบาร่า THINK LIKE A HAPPYBARA,0,0,0,0,0,0,0,0,0,0,0,1062,0,0,0,0,1062,0,0,0,0,0,0,0,0,0,0,0,0,0,0,0,0,2026-02-24
[หนังสือ] ปีศาจตัวนั้น คือฉันเอง 2 A GUIDE TO OVERCOMING THE RETURN OF THE DEMONS,[หนังสือ] ปีศาจตัวนั้น คือฉันเอง 2 A GUIDE TO OVERCOMING THE RETURN OF THE DEMONS,3089.75,0,0,131.77,2857.97,0,100,0.01,0,0,0,13776,940,0,2074,7720,3042,0,0,0,0,0,22.43,0,0,6.35,37.02,0,3.29,0,0,0,0,2026-02-24
[หนังสือ] เหนื่อยมากไหม พักก่อนก็ได้นะวันนี้,[หนังสือ] เหนื่อยมากไหม พักก่อนก็ได้นะวันนี้,133.54,133.54,0,0,0,0,0,0,0,0,0,1739,390,0,702,329,318,0,0,0,0,0,7.68,34.24,0,0,0,0,0,0,0,0,0,2026-02-24
[หนังสือ] เหนื่อยมากไหม พักก่อนก็ได้นะวันนี้,*OPD [E-BOOK] เหนื่อยมากไหม พักก่อนก็ได้นะวันนี้,0,0,0,0,0,0,0,0,0,0,0,0,0,0,0,0,0,0,0,0,0,0,0,0,0,0,0,0,0,0,0,0,0,2026-02-24
[หนังสือ] เหนื่อยมากไหม พักก่อนก็ได้นะวันนี้,[หนังสือ] BOXSET เหนื่อยมากไหม พักก่อนก็ได้นะวันนี้,0,0,0,0,0,0,0,0,0,0,0,0,0,0,0,0,0,0,0,0,0,0,0,0,0,0,0,0,0,0,0,0,0,2026-02-24
[หนังสือ] โอบกอดความไม่สมบูรณ์แบบของเธอ (EMBRACE YOUR FLAWS),*OPD [E-BOOK] โอบกอดความไม่สมบูรณ์แบบของเธอ (EMBRACE YOUR FLAWS),0,0,0,0,0,0,0,0,0,0,0,0,0,0,0,0,0,0,0,0,0,0,0,0,0,0,0,0,0,0,0,0,0,2026-02-24
[หนังสือ] ขอใช้ชีวิตที่เหลือ เพื่อตัวเองนะ,[หนังสือ] ขอใช้ชีวิตที่เหลือ เพื่อตัวเองนะ,2253.56,1239.93,0,94.8,918.83,0,0,0,0,0,0,5362,3290,0,296,1480,296,0,0,0,0,0,42.03,37.69,0,32.03,62.08,0,0,0,0,0,0,2026-02-24
[หนังสือ] ขอใช้ชีวิตที่เหลือ เพื่อตัวเองนะ,*OPD [E-BOOK] ขอใช้ชีวิตที่เหลือ เพื่อตัวเองนะ,0,0,0,0,0,0,0,0,0,0,0,179,179,0,0,0,0,0,0,0,0,0,0,0,0,0,0,0,0,0,0,0,0,2026-02-24
[หนังสือ] กับดักความรู้สึกผิด,[หนังสือ] กับดักความรู้สึกผิด,14016.96,10704.1,0,1848.83,940.64,423.39,100,0,0,0,0,43308,12427,0,4427,1699,23756,0,999,0,0,0,32.37,86.14,0,41.76,55.36,42.38,0.42,0,0,0,0,2026-02-24
[หนังสือ] กับดักความรู้สึกผิด,*OPD [E-BOOK] กับดักความรู้สึกผิด,0,0,0,0,0,0,0,0,0,0,0,180,180,0,0,0,0,0,0,0,0,0,0,0,0,0,0,0,0,0,0,0,0,2026-02-24
[หนังสือ] กว่าจะคิดได้ ก็ไม่มีลมหายใจแล้ว (IT IS NEVER TOO LATE TO LOVE YOURSELF),[หนังสือ] กว่าจะคิดได้ ก็ไม่มีลมหายใจแล้ว (IT IS NEVER TOO LATE TO LOVE YOURSELF),0,0,0,0,0,0,0,0,0,0,0,379,0,0,379,0,0,0,0,0,0,0,0,0,0,0,0,0,0,0,0,0,0,2026-02-24
[หนังสือ] กว่าจะคิดได้ ก็ไม่มีลมหายใจแล้ว (IT IS NEVER TOO LATE TO LOVE YOURSELF),*OPD [E-BOOK] กว่าจะคิดได้ ก็ไม่มีลมหายใจแล้ว (IT IS NEVER TOO LATE TO LOVE YOURSELF),0,0,0,0,0,0,0,0,0,0,0,0,0,0,0,0,0,0,0,0,0,0,0,0,0,0,0,0,0,0,0,0,0,2026-02-24
[หนังสือ] THE WITCHES' CLUB ชมรมลับเปลี่ยนชีวิต,[หนังสือ] THE WITCHES' CLUB ชมรมลับเปลี่ยนชีวิต,2130.99,1201.5,0,297.59,556.08,0,75.82,0,0,0,0,2235,0,0,0,1298,937,0,0,0,0,0,95.35,0,0,0,42.84,0,8.09,0,0,0,0,2026-02-24
[หนังสือ] โอบกอดความไม่สมบูรณ์แบบของเธอ (EMBRACE YOUR FLAWS),[หนังสือ] โอบกอดความไม่สมบูรณ์แบบของเธอ (EMBRACE YOUR FLAWS),1634.78,660.74,0,42.57,931.47,0,0,0,0,0,0,7070,2232,0,809,3481,548,0,0,0,0,0,23.12,29.6,0,5.26,26.76,0,0,0,0,0,0,2026-02-24
[หนังสือ] THE WITCHES' CLUB ชมรมลับเปลี่ยนชีวิต,*OPD [E-BOOK] THE WITCHES' CLUB ชมรมลับเปลี่ยนชีวิต,0,0,0,0,0,0,0,0,0,0,0,0,0,0,0,0,0,0,0,0,0,0,0,0,0,0,0,0,0,0,0,0,0,2026-02-24
[หนังสือ] THE WITCHES' CLUB ชมรมลับเปลี่ยนชีวิต,[หนังสือ] BOXSET THE WITCHES' CLUB ชมรมลับเปลี่ยนชีวิต,0,0,0,0,0,0,0,0,0,0,0,4619,1497,0,0,1038,2084,0,0,0,0,0,0,0,0,0,0,0,0,0,0,0,0,2026-02-24
[หนังสือ] MY LAST BOOK (A GENTLE GUIDE AND PREPARATION FOR LIFE’S FINAL CHAPTER),[หนังสือ] MY LAST BOOK (A GENTLE GUIDE AND PREPARATION FOR LIFE’S FINAL CHAPTER),0,0,0,0,0,0,0,0,0,0,0,399,399,0,0,0,0,0,0,0,0,0,0,0,0,0,0,0,0,0,0,0,0,2026-02-24
[หนังสือ] GHOSTLY REMAINS ปลดพันธนาการดวงวิญญาณหลังความตาย,[หนังสือ] GHOSTLY REMAINS ปลดพันธนาการดวงวิญญาณหลังความตาย,1467.43,537.34,0,472.59,457.5,0,0,0,0,0,0,5163,390,0,299,988,3486,0,0,0,0,0,28.42,137.78,0,158.06,46.31,0,0,0,0,0,0,2026-02-24
[หนังสือ] GHOSTLY BREWS ยินดีบริการดวงวิญญาณหลังเที่ยงคืน,[หนังสือ] GHOSTLY BREWS ยินดีบริการดวงวิญญาณหลังเที่ยงคืน,5217.02,1325.1,0,1317.82,2184.75,289.35,100,0,0,0,0,14022,1929,0,2309,4727,5057,0,0,0,0,0,37.21,68.69,0,57.07,46.22,0,1.98,0,0,0,0,2026-02-24
[หนังสือ] GHOSTLY BREWS ยินดีบริการดวงวิญญาณหลังเที่ยงคืน,*OPD [E-BOOK] GHOSTLY BREWS ยินดีบริการดวงวิญญาณหลังเที่ยงคืน,0,0,0,0,0,0,0,0,0,0,0,0,0,0,0,0,0,0,0,0,0,0,0,0,0,0,0,0,0,0,0,0,0,2026-02-24
[หนังสือ] GHOSTLY BREWS ยินดีบริการดวงวิญญาณหลังเที่ยงคืน,*[E-BOOK] GHOSTLY BREWS ยินดีบริการดวงวิญญาณหลังเที่ยงคืน,0,0,0,0,0,0,0,0,0,0,0,0,0,0,0,0,0,0,0,0,0,0,0,0,0,0,0,0,0,0,0,0,0,2026-02-24
[หนังสือ] ความลับสู่เงินล้านที่โรงเรียนไม่เคยสอน (THE MILLIONAIRE'S TOP SECRET),[หนังสือ] ความลับสู่เงินล้านที่โรงเรียนไม่เคยสอน (THE MILLIONAIRE'S TOP SECRET),962.44,0,0,52.75,909.69,0,0,0,0,0,0,3684,658,0,1217,1809,0,0,0,0,0,0,26.12,0,0,4.33,50.29,0,0,0,0,0,0,2026-02-24
[หนังสือ] ความลับสู่เงินล้านที่โรงเรียนไม่เคยสอน (THE MILLIONAIRE'S TOP SECRET),*OPD [E-BOOK] ความลับสู่เงินล้านที่โรงเรียนไม่เคยสอน (THE MILLIONAIRE'S TOP SECRET),0,0,0,0,0,0,0,0,0,0,0,0,0,0,0,0,0,0,0,0,0,0,0,0,0,0,0,0,0,0,0,0,0,2026-02-24
[หนังสือ] THE WITCHES' CLUB ชมรมลับเปลี่ยนชีวิต,*[E-BOOK] THE WITCHES' CLUB ชมรมลับเปลี่ยนชีวิต,0,0,0,0,0,0,0,0,0,0,0,0,0,0,0,0,0,0,0,0,0,0,0,0,0,0,0,0,0,0,0,0,0,2026-02-24
[หนังสือ] ฉันจะมีชีวิตที่ดี,[หนังสือ] ฉันจะมีชีวิตที่ดี,1031.08,349.77,0,80.11,601.2,0,0,0,0,0,0,1654,0,0,561,532,561,0,0,0,0,0,62.34,0,0,14.28,113.01,0,0,0,0,0,0,2026-02-25
[หนังสือ] ฉันจะมีชีวิตที่ดี,*OPD [E-BOOK] ฉันจะมีชีวิตที่ดี,0,0,0,0,0,0,0,0,0,0,0,0,0,0,0,0,0,0,0,0,0,0,0,0,0,0,0,0,0,0,0,0,0,2026-02-25
[หนังสือ] วันไหนที่ใจแข็งแรง ดอกไม้จะผลิบาน THE ENCHANTED GARDEN,[หนังสือ] วันไหนที่ใจแข็งแรง ดอกไม้จะผลิบาน THE ENCHANTED GARDEN,1018.71,0,0,103.58,915.13,0,0,0,0,0,0,2617,0,0,656,1676,285,0,0,0,0,0,38.93,0,0,15.79,54.6,0,0,0,0,0,0,2026-02-25
[หนังสือ] วันไหนที่ใจแข็งแรง ดอกไม้จะผลิบาน THE ENCHANTED GARDEN,*OPD [E-BOOK] วันไหนที่ใจแข็งแรง ดอกไม้จะผลิบาน THE ENCHANTED GARDEN,0,0,0,0,0,0,0,0,0,0,0,0,0,0,0,0,0,0,0,0,0,0,0,0,0,0,0,0,0,0,0,0,0,2026-02-25
[หนังสือ] วันไหนที่ใจแข็งแรง ดอกไม้จะผลิบาน THE ENCHANTED GARDEN,[หนังสือ] สวนของหัวใจ BLOSSOMS OF THE SOUL’S GARDEN,0,0,0,0,0,0,0,0,0,0,0,621,0,0,0,621,0,0,0,0,0,0,0,0,0,0,0,0,0,0,0,0,0,2026-02-25
[หนังสือ] ยินดีต้อนรับและขอบคุณที่กลับมา,[หนังสือ] ยินดีต้อนรับและขอบคุณที่กลับมา,401.12,0,0,326.01,75.11,0,0,0,0,0,0,1258,0,0,646,323,289,0,0,0,0,0,31.89,0,0,50.47,23.25,0,0,0,0,0,0,2026-02-25
[หนังสือ] ยินดีต้อนรับและขอบคุณที่กลับมา,*OPD [E-BOOK] ยินดีต้อนรับและขอบคุณที่กลับมา,0,0,0,0,0,0,0,0,0,0,0,0,0,0,0,0,0,0,0,0,0,0,0,0,0,0,0,0,0,0,0,0,0,2026-02-25
[หนังสือ] ปีศาจตัวนั้น คือฉันเอง A GUIDE TO FIGHT THE DEMONS IN MY HEART,[หนังสือ] ปีศาจตัวนั้น คือฉันเอง A GUIDE TO FIGHT THE DEMONS IN MY HEART,7769.49,0,0,1527.95,6041.54,0,200,0,0,0,0,0,0,0,0,0,0,0,0,0,0,0,0,0,0,0,0,0,0,0,0,0,0,2026-02-25
[หนังสือ] ปีศาจตัวนั้น คือฉันเอง A GUIDE TO FIGHT THE DEMONS IN MY HEART,*OPD [E-BOOK] ปีศาจตัวนั้น คือฉันเอง A GUIDE TO FIGHTING THE DEMONS IN MY HEART,0,0,0,0,0,0,0,0,0,0,0,359,0,0,0,0,359,0,0,0,0,0,0,0,0,0,0,0,0,0,0,0,0,2026-02-25
[หนังสือ] ถ้าโลกมันแย่ ก็แค่คิดแบบคาปิบาร่า THINK LIKE A HAPPYBARA,[หนังสือ] BOXSET ถ้าโลกมันแย่ ก็แค่คิดแบบคาปิบาร่า THINK LIKE A HAPPYBARA,0,0,0,0,0,0,0,0,0,0,0,0,0,0,0,0,0,0,0,0,0,0,0,0,0,0,0,0,0,0,0,0,0,2026-02-25
[หนังสือ] โอบกอดความไม่สมบูรณ์แบบของเธอ (EMBRACE YOUR FLAWS),[หนังสือ] โอบกอดความไม่สมบูรณ์แบบของเธอ (EMBRACE YOUR FLAWS),1208.87,0,0,59.34,1149.53,0,0,0,0,0,0,3910,0,0,530,2873,507,0,0,0,0,0,30.92,0,0,11.2,40.01,0,0,0,0,0,0,2026-02-25
[หนังสือ] ปีศาจตัวนั้น คือฉันเอง 2 A GUIDE TO OVERCOMING THE RETURN OF THE DEMONS,[หนังสือ] ปีศาจตัวนั้น คือฉันเอง 2 A GUIDE TO OVERCOMING THE RETURN OF THE DEMONS,3830.5,0,0,181.78,3548.71,0,100,0.01,0,0,0,12030,368,0,1425,8900,1337,0,0,0,0,0,31.84,0,0,12.76,39.87,0,7.48,0,0,0,0,2026-02-25
[หนังสือ] ปีศาจตัวนั้น คือฉันเอง 2 A GUIDE TO OVERCOMING THE RETURN OF THE DEMONS,*OPD [E-BOOK] ปีศาจตัวนั้น คือฉันเอง 2 A GUIDE TO OVERCOMING THE RETURN OF THE DEMONS,0,0,0,0,0,0,0,0,0,0,0,0,0,0,0,0,0,0,0,0,0,0,0,0,0,0,0,0,0,0,0,0,0,2026-02-25
[หนังสือ] ปีศาจความรักมักเลือกฉันเป็นเหยื่อ HOW TO FIGHT THE LOVE DEMON IN MY HEART,[หนังสือ] ปีศาจความรักมักเลือกฉันเป็นเหยื่อ HOW TO FIGHT THE LOVE DEMON IN MY HEART,855.1,0,0,29.35,825.75,0,0,0,0,0,0,2315,0,0,339,1017,959,0,0,0,0,0,36.94,0,0,8.66,81.19,0,0,0,0,0,0,2026-02-25
[หนังสือ] ปีศาจความรักมักเลือกฉันเป็นเหยื่อ HOW TO FIGHT THE LOVE DEMON IN MY HEART,*OPD [E-BOOK] ปีศาจความรักมักเลือกฉันเป็นเหยื่อ HOW TO FIGHT THE LOVE DEMON IN MY HEART,0,0,0,0,0,0,0,0,0,0,0,0,0,0,0,0,0,0,0,0,0,0,0,0,0,0,0,0,0,0,0,0,0,2026-02-25
[หนังสือ] ทุกความทรงจำคือของขวัญจากวันวาน,[หนังสือ] ทุกความทรงจำคือของขวัญจากวันวาน,0,0,0,0,0,0,0,0,0,0,0,1446,0,0,0,888,558,0,0,0,0,0,0,0,0,0,0,0,0,0,0,0,0,2026-02-25
[หนังสือ] ทุกความทรงจำคือของขวัญจากวันวาน,*OPD [E-BOOK] ทุกความทรงจำคือของขวัญจากวันวาน,0,0,0,0,0,0,0,0,0,0,0,0,0,0,0,0,0,0,0,0,0,0,0,0,0,0,0,0,0,0,0,0,0,2026-02-25
[หนังสือ] ถ้าโลกมันแย่ ก็แค่คิดแบบคาปิบาร่า THINK LIKE A HAPPYBARA,[หนังสือ] ถ้าโลกมันแย่ ก็แค่คิดแบบคาปิบาร่า THINK LIKE A HAPPYBARA,374.64,0,0,84.63,290.01,0,0,0,0,0,0,1385,0,0,351,683,351,0,0,0,0,0,27.05,0,0,24.11,42.46,0,0,0,0,0,0,2026-02-25
[หนังสือ] ถ้าโลกมันแย่ ก็แค่คิดแบบคาปิบาร่า THINK LIKE A HAPPYBARA,*OPD [E-BOOK] ถ้าโลกมันแย่ ก็แค่คิดแบบคาปิบาร่า THINK LIKE A HAPPYBARA,0,0,0,0,0,0,0,0,0,0,0,0,0,0,0,0,0,0,0,0,0,0,0,0,0,0,0,0,0,0,0,0,0,2026-02-25
[หนังสือ] ปีศาจตัวนั้น คือฉันเอง A GUIDE TO FIGHT THE DEMONS IN MY HEART,*[E-BOOK] ปีศาจตัวนั้น คือฉันเอง A GUIDE TO FIGHTING THE DEMONS IN MY HEART,0,0,0,0,0,0,0,0,0,0,0,0,0,0,0,0,0,0,0,0,0,0,0,0,0,0,0,0,0,0,0,0,0,2026-02-25
[หนังสือ] ปีศาจตัวนั้น คือฉันเอง A GUIDE TO FIGHT THE DEMONS IN MY HEART,[หนังสือ] ปีศาจตัวนั้น คือฉันเอง A GUIDE TO FIGHTING THE DEMONS IN MY HEART,0,0,0,0,0,0,0,0,0,0,0,29511,1001,0,3546,21499,3465,0,0,0,0,0,0,0,0,0,0,0,0,0,0,0,0,2026-02-25
[หนังสือ] โอบกอดความไม่สมบูรณ์แบบของเธอ (EMBRACE YOUR FLAWS),*OPD [E-BOOK] โอบกอดความไม่สมบูรณ์แบบของเธอ (EMBRACE YOUR FLAWS),0,0,0,0,0,0,0,0,0,0,0,0,0,0,0,0,0,0,0,0,0,0,0,0,0,0,0,0,0,0,0,0,0,2026-02-25
[หนังสือ] THE WITCHES' CLUB ชมรมลับเปลี่ยนชีวิต,*[E-BOOK] THE WITCHES' CLUB ชมรมลับเปลี่ยนชีวิต,0,0,0,0,0,0,0,0,0,0,0,0,0,0,0,0,0,0,0,0,0,0,0,0,0,0,0,0,0,0,0,0,0,2026-02-25
[หนังสือ] ความลับสู่เงินล้านที่โรงเรียนไม่เคยสอน (THE MILLIONAIRE'S TOP SECRET),*OPD [E-BOOK] ความลับสู่เงินล้านที่โรงเรียนไม่เคยสอน (THE MILLIONAIRE'S TOP SECRET),0,0,0,0,0,0,0,0,0,0,0,299,0,0,0,0,299,0,0,0,0,0,0,0,0,0,0,0,0,0,0,0,0,2026-02-25
[หนังสือ] ขอใช้ชีวิตที่เหลือ เพื่อตัวเองนะ,[หนังสือ] ขอใช้ชีวิตที่เหลือ เพื่อตัวเองนะ,2692.69,692.2,0,212.63,1787.86,0,0,0,0,0,0,5427,987,0,296,4144,0,0,0,0,0,0,49.62,70.13,0,71.83,43.14,0,0,0,0,0,0,2026-02-25
[หนังสือ] ขอใช้ชีวิตที่เหลือ เพื่อตัวเองนะ,*OPD [E-BOOK] ขอใช้ชีวิตที่เหลือ เพื่อตัวเองนะ,0,0,0,0,0,0,0,0,0,0,0,0,0,0,0,0,0,0,0,0,0,0,0,0,0,0,0,0,0,0,0,0,0,2026-02-25
[หนังสือ] กับดักความรู้สึกผิด,[หนังสือ] กับดักความรู้สึกผิด,13631.12,11823.43,0,863.96,344.41,399.78,199.54,0,0,0,0,34100.33,8652,0,1017,678,20911,766.33,999,0,1077,0,39.97,136.66,0,84.95,50.8,40.02,0.95,0,0,0,0,2026-02-25
[หนังสือ] กับดักความรู้สึกผิด,*OPD [E-BOOK] กับดักความรู้สึกผิด,0,0,0,0,0,0,0,0,0,0,0,180,180,0,0,0,0,0,0,0,0,0,0,0,0,0,0,0,0,0,0,0,0,2026-02-25
[หนังสือ] กว่าจะคิดได้ ก็ไม่มีลมหายใจแล้ว (IT IS NEVER TOO LATE TO LOVE YOURSELF),[หนังสือ] กว่าจะคิดได้ ก็ไม่มีลมหายใจแล้ว (IT IS NEVER TOO LATE TO LOVE YOURSELF),0,0,0,0,0,0,0,0,0,0,0,379,0,0,379,0,0,0,0,0,0,0,0,0,0,0,0,0,0,0,0,0,0,2026-02-25
[หนังสือ] กว่าจะคิดได้ ก็ไม่มีลมหายใจแล้ว (IT IS NEVER TOO LATE TO LOVE YOURSELF),*OPD [E-BOOK] กว่าจะคิดได้ ก็ไม่มีลมหายใจแล้ว (IT IS NEVER TOO LATE TO LOVE YOURSELF),0,0,0,0,0,0,0,0,0,0,0,0,0,0,0,0,0,0,0,0,0,0,0,0,0,0,0,0,0,0,0,0,0,2026-02-25
[หนังสือ] THE WITCHES' CLUB ชมรมลับเปลี่ยนชีวิต,[หนังสือ] THE WITCHES' CLUB ชมรมลับเปลี่ยนชีวิต,2023.68,679.46,0,330.35,832.07,0,181.8,0,0,0,0,644,0,0,0,0,644,0,0,0,0,0,314.24,0,0,0,0,0,28.23,0,0,0,0,2026-02-25
[หนังสือ] ความลับสู่เงินล้านที่โรงเรียนไม่เคยสอน (THE MILLIONAIRE'S TOP SECRET),[หนังสือ] ความลับสู่เงินล้านที่โรงเรียนไม่เคยสอน (THE MILLIONAIRE'S TOP SECRET),838.84,0,0,52.24,786.6,0,0,0,0,0,0,3416,0,0,296,2072,1048,0,0,0,0,0,24.56,0,0,17.65,37.96,0,0,0,0,0,0,2026-02-25
[หนังสือ] THE WITCHES' CLUB ชมรมลับเปลี่ยนชีวิต,[หนังสือ] BOXSET THE WITCHES' CLUB ชมรมลับเปลี่ยนชีวิต,0,0,0,0,0,0,0,0,0,0,0,2625,0,0,1038,529,1058,0,0,0,0,0,0,0,0,0,0,0,0,0,0,0,0,2026-02-25
[หนังสือ] GHOSTLY REMAINS ปลดพันธนาการดวงวิญญาณหลังความตาย,[หนังสือ] GHOSTLY REMAINS ปลดพันธนาการดวงวิญญาณหลังความตาย,1111.09,265.88,0,487.92,357.29,0,0,0,0,0,0,4063,1249,0,2034,0,780,0,0,0,0,0,27.35,21.29,0,23.99,0,0,0,0,0,0,0,2026-02-25
[หนังสือ] GHOSTLY BREWS ยินดีบริการดวงวิญญาณหลังเที่ยงคืน,[หนังสือ] GHOSTLY BREWS ยินดีบริการดวงวิญญาณหลังเที่ยงคืน,4291.1,890.06,0,541.45,2508.22,251.37,100,0,0,0,0,9856,1449,0,3519,2812,1764,0,312,0,0,0,43.54,61.43,0,15.39,89.2,80.57,5.67,0,0,0,0,2026-02-25
[หนังสือ] GHOSTLY BREWS ยินดีบริการดวงวิญญาณหลังเที่ยงคืน,*OPD [E-BOOK] GHOSTLY BREWS ยินดีบริการดวงวิญญาณหลังเที่ยงคืน,0,0,0,0,0,0,0,0,0,0,0,179,179,0,0,0,0,0,0,0,0,0,0,0,0,0,0,0,0,0,0,0,0,2026-02-25
[หนังสือ] GHOSTLY BREWS ยินดีบริการดวงวิญญาณหลังเที่ยงคืน,*[E-BOOK] GHOSTLY BREWS ยินดีบริการดวงวิญญาณหลังเที่ยงคืน,0,0,0,0,0,0,0,0,0,0,0,0,0,0,0,0,0,0,0,0,0,0,0,0,0,0,0,0,0,0,0,0,0,2026-02-25
[หนังสือ] เหนื่อยมากไหม พักก่อนก็ได้นะวันนี้,[หนังสือ] เหนื่อยมากไหม พักก่อนก็ได้นะวันนี้,158.51,158.51,0,0,0,0,0,0,0,0,0,708,390,0,0,0,318,0,0,0,0,0,22.39,40.64,0,0,0,0,0,0,0,0,0,2026-02-25
[หนังสือ] เหนื่อยมากไหม พักก่อนก็ได้นะวันนี้,*OPD [E-BOOK] เหนื่อยมากไหม พักก่อนก็ได้นะวันนี้,0,0,0,0,0,0,0,0,0,0,0,0,0,0,0,0,0,0,0,0,0,0,0,0,0,0,0,0,0,0,0,0,0,2026-02-25
[หนังสือ] เหนื่อยมากไหม พักก่อนก็ได้นะวันนี้,[หนังสือ] BOXSET เหนื่อยมากไหม พักก่อนก็ได้นะวันนี้,0,0,0,0,0,0,0,0,0,0,0,0,0,0,0,0,0,0,0,0,0,0,0,0,0,0,0,0,0,0,0,0,0,2026-02-25
[หนังสือ] THE WITCHES' CLUB ชมรมลับเปลี่ยนชีวิต,*OPD [E-BOOK] THE WITCHES' CLUB ชมรมลับเปลี่ยนชีวิต,0,0,0,0,0,0,0,0,0,0,0,0,0,0,0,0,0,0,0,0,0,0,0,0,0,0,0,0,0,0,0,0,0,2026-02-25
[หนังสือ] GHOSTLY BREWS ยินดีบริการดวงวิญญาณหลังเที่ยงคืน,[หนังสือ] GHOSTLY BREWS ยินดีบริการดวงวิญญาณหลังเที่ยงคืน,2542.06,598.51,0,558.75,1171.36,48.94,164.5,0,0,0,0,4908,645,0,2577,598,1088,0,0,0,0,0,51.79,92.79,0,21.68,195.88,0,15.12,0,0,0,0,2026-02-26
[หนังสือ] GHOSTLY BREWS ยินดีบริการดวงวิญญาณหลังเที่ยงคืน,*OPD [E-BOOK] GHOSTLY BREWS ยินดีบริการดวงวิญญาณหลังเที่ยงคืน,0,0,0,0,0,0,0,0,0,0,0,0,0,0,0,0,0,0,0,0,0,0,0,0,0,0,0,0,0,0,0,0,0,2026-02-26
[หนังสือ] GHOSTLY BREWS ยินดีบริการดวงวิญญาณหลังเที่ยงคืน,*[E-BOOK] GHOSTLY BREWS ยินดีบริการดวงวิญญาณหลังเที่ยงคืน,0,0,0,0,0,0,0,0,0,0,0,0,0,0,0,0,0,0,0,0,0,0,0,0,0,0,0,0,0,0,0,0,0,2026-02-26
[หนังสือ] GHOSTLY REMAINS ปลดพันธนาการดวงวิญญาณหลังความตาย,[หนังสือ] GHOSTLY REMAINS ปลดพันธนาการดวงวิญญาณหลังความตาย,643.9,156.21,0,190.41,297.28,0,0,0,0,0,0,1703,682,0,379,0,642,0,0,0,0,0,37.81,22.9,0,50.24,0,0,0,0,0,0,0,2026-02-26
[หนังสือ] THE WITCHES' CLUB ชมรมลับเปลี่ยนชีวิต,[หนังสือ] THE WITCHES' CLUB ชมรมลับเปลี่ยนชีวิต,2675.27,750.1,0,581.41,1243.76,0,100,0,0,0,0,947,0,0,349,598,0,0,0,0,0,0,282.5,0,0,166.59,207.99,0,0,0,0,0,0,2026-02-26
[หนังสือ] THE WITCHES' CLUB ชมรมลับเปลี่ยนชีวิต,*OPD [E-BOOK] THE WITCHES' CLUB ชมรมลับเปลี่ยนชีวิต,0,0,0,0,0,0,0,0,0,0,0,0,0,0,0,0,0,0,0,0,0,0,0,0,0,0,0,0,0,0,0,0,0,2026-02-26
[หนังสือ] THE WITCHES' CLUB ชมรมลับเปลี่ยนชีวิต,*[E-BOOK] THE WITCHES' CLUB ชมรมลับเปลี่ยนชีวิต,0,0,0,0,0,0,0,0,0,0,0,0,0,0,0,0,0,0,0,0,0,0,0,0,0,0,0,0,0,0,0,0,0,2026-02-26
[หนังสือ] THE WITCHES' CLUB ชมรมลับเปลี่ยนชีวิต,[หนังสือ] BOXSET THE WITCHES' CLUB ชมรมลับเปลี่ยนชีวิต,0,0,0,0,0,0,0,0,0,0,0,4173,998,0,1058,529,0,0,590,0,998,0,0,0,0,0,0,0,0,0,0,0,0,2026-02-26
[หนังสือ] ถ้าโลกมันแย่ ก็แค่คิดแบบคาปิบาร่า THINK LIKE A HAPPYBARA,*OPD [E-BOOK] ถ้าโลกมันแย่ ก็แค่คิดแบบคาปิบาร่า THINK LIKE A HAPPYBARA,0,0,0,0,0,0,0,0,0,0,0,0,0,0,0,0,0,0,0,0,0,0,0,0,0,0,0,0,0,0,0,0,0,2026-02-26
[หนังสือ] ถ้าโลกมันแย่ ก็แค่คิดแบบคาปิบาร่า THINK LIKE A HAPPYBARA,[หนังสือ] BOXSET ถ้าโลกมันแย่ ก็แค่คิดแบบคาปิบาร่า THINK LIKE A HAPPYBARA,0,0,0,0,0,0,0,0,0,0,0,0,0,0,0,0,0,0,0,0,0,0,0,0,0,0,0,0,0,0,0,0,0,2026-02-26
[หนังสือ] ขอใช้ชีวิตที่เหลือ เพื่อตัวเองนะ,[หนังสือ] ขอใช้ชีวิตที่เหลือ เพื่อตัวเองนะ,2101.65,862.38,0,167.68,1071.59,0,0,0,0,0,0,3959,1587,0,888,888,296,0,300,0,0,0,53.09,54.34,0,18.88,120.67,0,0,0,0,0,0,2026-02-26
[หนังสือ] ขอใช้ชีวิตที่เหลือ เพื่อตัวเองนะ,*OPD [E-BOOK] ขอใช้ชีวิตที่เหลือ เพื่อตัวเองนะ,0,0,0,0,0,0,0,0,0,0,0,0,0,0,0,0,0,0,0,0,0,0,0,0,0,0,0,0,0,0,0,0,0,2026-02-26
[หนังสือ] ความลับสู่เงินล้านที่โรงเรียนไม่เคยสอน (THE MILLIONAIRE'S TOP SECRET),[หนังสือ] ความลับสู่เงินล้านที่โรงเรียนไม่เคยสอน (THE MILLIONAIRE'S TOP SECRET),1308.1,0,0,66.1,1242,0,0,0,0,0,0,2993,0,0,1513,1480,0,0,0,0,0,0,43.71,0,0,4.37,83.92,0,0,0,0,0,0,2026-02-26
[หนังสือ] ความลับสู่เงินล้านที่โรงเรียนไม่เคยสอน (THE MILLIONAIRE'S TOP SECRET),*OPD [E-BOOK] ความลับสู่เงินล้านที่โรงเรียนไม่เคยสอน (THE MILLIONAIRE'S TOP SECRET),0,0,0,0,0,0,0,0,0,0,0,0,0,0,0,0,0,0,0,0,0,0,0,0,0,0,0,0,0,0,0,0,0,2026-02-26
[หนังสือ] ฉันจะมีชีวิตที่ดี,[หนังสือ] ฉันจะมีชีวิตที่ดี,1910.1,406.04,0,86.93,1417.13,0,0,0,0,0,0,2521,590,0,1104,532,295,0,0,0,0,0,75.77,68.82,0,7.87,266.38,0,0,0,0,0,0,2026-02-26
[หนังสือ] ฉันจะมีชีวิตที่ดี,*OPD [E-BOOK] ฉันจะมีชีวิตที่ดี,0,0,0,0,0,0,0,0,0,0,0,0,0,0,0,0,0,0,0,0,0,0,0,0,0,0,0,0,0,0,0,0,0,2026-02-26
[หนังสือ] ถ้าโลกมันแย่ ก็แค่คิดแบบคาปิบาร่า THINK LIKE A HAPPYBARA,[หนังสือ] ถ้าโลกมันแย่ ก็แค่คิดแบบคาปิบาร่า THINK LIKE A HAPPYBARA,1099.36,0,0,152.43,946.93,0,0,0,0,0,0,1670,0,0,351,702,617,0,0,0,0,0,65.83,0,0,43.43,134.89,0,0,0,0,0,0,2026-02-26
[หนังสือ] กับดักความรู้สึกผิด,[หนังสือ] กับดักความรู้สึกผิด,10703.51,7874.04,0,1672.05,621.8,412.52,123.1,0,0,0,0,22137,2838,0,4407,678,12563,359,1292,0,0,0,48.35,277.45,0,37.94,91.71,31.93,0.98,0,0,0,0,2026-02-26
[หนังสือ] กับดักความรู้สึกผิด,*OPD [E-BOOK] กับดักความรู้สึกผิด,0,0,0,0,0,0,0,0,0,0,0,180,180,0,0,0,0,0,0,0,0,0,0,0,0,0,0,0,0,0,0,0,0,2026-02-26
[หนังสือ] ปีศาจความรักมักเลือกฉันเป็นเหยื่อ HOW TO FIGHT THE LOVE DEMON IN MY HEART,[หนังสือ] ปีศาจความรักมักเลือกฉันเป็นเหยื่อ HOW TO FIGHT THE LOVE DEMON IN MY HEART,505.27,0,0,26.93,449.44,0,28.9,0,0,0,0,1182,200,0,0,0,682,0,300,0,0,0,42.75,0,0,0,0,0,4.24,0,0,0,0,2026-02-26
[หนังสือ] วันไหนที่ใจแข็งแรง ดอกไม้จะผลิบาน THE ENCHANTED GARDEN,[หนังสือ] วันไหนที่ใจแข็งแรง ดอกไม้จะผลิบาน THE ENCHANTED GARDEN,1244.12,0,0,166.71,1018.81,0,58.6,0,0,0,0,1387,0,0,1036,351,0,0,0,0,0,0,89.7,0,0,16.09,290.26,0,0,0,0,0,0,2026-02-26
[หนังสือ] ปีศาจตัวนั้น คือฉันเอง 2 A GUIDE TO OVERCOMING THE RETURN OF THE DEMONS,[หนังสือ] ปีศาจตัวนั้น คือฉันเอง 2 A GUIDE TO OVERCOMING THE RETURN OF THE DEMONS,4511.1,0,0,368.33,4042.76,0,100,0.01,0,0,0,10237.62,361,0,4025,4625,935,291.62,0,0,0,0,44.06,0,0,9.15,87.41,0,10.7,0,0,0,0,2026-02-26
[หนังสือ] ปีศาจตัวนั้น คือฉันเอง 2 A GUIDE TO OVERCOMING THE RETURN OF THE DEMONS,*OPD [E-BOOK] ปีศาจตัวนั้น คือฉันเอง 2 A GUIDE TO OVERCOMING THE RETURN OF THE DEMONS,0,0,0,0,0,0,0,0,0,0,0,179,179,0,0,0,0,0,0,0,0,0,0,0,0,0,0,0,0,0,0,0,0,2026-02-26
[หนังสือ] ปีศาจตัวนั้น คือฉันเอง A GUIDE TO FIGHT THE DEMONS IN MY HEART,[หนังสือ] ปีศาจตัวนั้น คือฉันเอง A GUIDE TO FIGHT THE DEMONS IN MY HEART,11964.03,142.41,0,3370.15,8251.47,0,200,0,0,0,0,0,0,0,0,0,0,0,0,0,0,0,0,0,0,0,0,0,0,0,0,0,0,2026-02-26
[หนังสือ] ปีศาจตัวนั้น คือฉันเอง A GUIDE TO FIGHT THE DEMONS IN MY HEART,*OPD [E-BOOK] ปีศาจตัวนั้น คือฉันเอง A GUIDE TO FIGHTING THE DEMONS IN MY HEART,0,0,0,0,0,0,0,0,0,0,0,179,179,0,0,0,0,0,0,0,0,0,0,0,0,0,0,0,0,0,0,0,0,2026-02-26
[หนังสือ] ปีศาจตัวนั้น คือฉันเอง A GUIDE TO FIGHT THE DEMONS IN MY HEART,*[E-BOOK] ปีศาจตัวนั้น คือฉันเอง A GUIDE TO FIGHTING THE DEMONS IN MY HEART,0,0,0,0,0,0,0,0,0,0,0,0,0,0,0,0,0,0,0,0,0,0,0,0,0,0,0,0,0,0,0,0,0,2026-02-26
[หนังสือ] ปีศาจตัวนั้น คือฉันเอง A GUIDE TO FIGHT THE DEMONS IN MY HEART,[หนังสือ] ปีศาจตัวนั้น คือฉันเอง A GUIDE TO FIGHTING THE DEMONS IN MY HEART,0,0,0,0,0,0,0,0,0,0,0,19247.33,326,0,8260,8939,1410,312.33,0,0,0,0,0,0,0,0,0,0,0,0,0,0,0,2026-02-26
[หนังสือ] ยินดีต้อนรับและขอบคุณที่กลับมา,[หนังสือ] ยินดีต้อนรับและขอบคุณที่กลับมา,388.36,0,0,341.07,47.29,0,0,0,0,0,0,323,0,0,0,323,0,0,0,0,0,0,120.24,0,0,0,14.64,0,0,0,0,0,0,2026-02-26
[หนังสือ] ปีศาจความรักมักเลือกฉันเป็นเหยื่อ HOW TO FIGHT THE LOVE DEMON IN MY HEART,*OPD [E-BOOK] ปีศาจความรักมักเลือกฉันเป็นเหยื่อ HOW TO FIGHT THE LOVE DEMON IN MY HEART,0,0,0,0,0,0,0,0,0,0,0,0,0,0,0,0,0,0,0,0,0,0,0,0,0,0,0,0,0,0,0,0,0,2026-02-26
[หนังสือ] วันไหนที่ใจแข็งแรง ดอกไม้จะผลิบาน THE ENCHANTED GARDEN,*OPD [E-BOOK] วันไหนที่ใจแข็งแรง ดอกไม้จะผลิบาน THE ENCHANTED GARDEN,0,0,0,0,0,0,0,0,0,0,0,0,0,0,0,0,0,0,0,0,0,0,0,0,0,0,0,0,0,0,0,0,0,2026-02-26
[หนังสือ] วันไหนที่ใจแข็งแรง ดอกไม้จะผลิบาน THE ENCHANTED GARDEN,[หนังสือ] สวนของหัวใจ BLOSSOMS OF THE SOUL’S GARDEN,0,0,0,0,0,0,0,0,0,0,0,1054,0,0,0,0,1054,0,0,0,0,0,0,0,0,0,0,0,0,0,0,0,0,2026-02-26
[หนังสือ] เหนื่อยมากไหม พักก่อนก็ได้นะวันนี้,[หนังสือ] เหนื่อยมากไหม พักก่อนก็ได้นะวันนี้,119.83,119.83,0,0,0,0,0,0,0,0,0,1057,390,0,350,0,317,0,0,0,0,0,11.34,30.73,0,0,0,0,0,0,0,0,0,2026-02-26
[หนังสือ] เหนื่อยมากไหม พักก่อนก็ได้นะวันนี้,*OPD [E-BOOK] เหนื่อยมากไหม พักก่อนก็ได้นะวันนี้,0,0,0,0,0,0,0,0,0,0,0,180,180,0,0,0,0,0,0,0,0,0,0,0,0,0,0,0,0,0,0,0,0,2026-02-26
[หนังสือ] เหนื่อยมากไหม พักก่อนก็ได้นะวันนี้,[หนังสือ] BOXSET เหนื่อยมากไหม พักก่อนก็ได้นะวันนี้,0,0,0,0,0,0,0,0,0,0,0,1468.38,0,0,0,0,951,517.38,0,0,0,0,0,0,0,0,0,0,0,0,0,0,0,2026-02-26
[หนังสือ] โอบกอดความไม่สมบูรณ์แบบของเธอ (EMBRACE YOUR FLAWS),[หนังสือ] โอบกอดความไม่สมบูรณ์แบบของเธอ (EMBRACE YOUR FLAWS),1139.09,0,0,55.65,1083.44,0,0,0,0,0,0,2856,279,0,1573,1004,0,0,0,0,0,0,39.88,0,0,3.54,107.91,0,0,0,0,0,0,2026-02-26
[หนังสือ] โอบกอดความไม่สมบูรณ์แบบของเธอ (EMBRACE YOUR FLAWS),*OPD [E-BOOK] โอบกอดความไม่สมบูรณ์แบบของเธอ (EMBRACE YOUR FLAWS),0,0,0,0,0,0,0,0,0,0,0,0,0,0,0,0,0,0,0,0,0,0,0,0,0,0,0,0,0,0,0,0,0,2026-02-26
[หนังสือ] ยินดีต้อนรับและขอบคุณที่กลับมา,*OPD [E-BOOK] ยินดีต้อนรับและขอบคุณที่กลับมา,0,0,0,0,0,0,0,0,0,0,0,0,0,0,0,0,0,0,0,0,0,0,0,0,0,0,0,0,0,0,0,0,0,2026-02-26
[หนังสือ] ชีวิตมีเรื่องให้ขอบคุณมากกว่าเสียใจ,[หนังสือ] ชีวิตมีเรื่องให้ขอบคุณมากกว่าเสียใจ,3.02,0,0,2.92,0.1,0,0,0,0,0,0,0,0,0,0,0,0,0,0,0,0,0,0,0,0,0,0,0,0,0,0,0,0,2026-02-27
[หนังสือ] เมื่อโลกทั้งใบซ่อนอยู่ใต้หมวกกันน็อก (HELMET GIRL),[หนังสือ] เมื่อโลกทั้งใบซ่อนอยู่ใต้หมวกกันน็อก (HELMET GIRL),0,0,0,0,0,0,0,0,0,0,0,298.35,0,0,0,298.35,0,0,0,0,0,0,0,0,0,0,0,0,0,0,0,0,0,2026-02-27
[หนังสือ] เมื่อโลกทั้งใบซ่อนอยู่ใต้หมวกกันน็อก (HELMET GIRL),*OPD [E-BOOK] เมื่อโลกทั้งใบซ่อนอยู่ใต้หมวกกันน็อก (HELMET GIRL),0,0,0,0,0,0,0,0,0,0,0,0,0,0,0,0,0,0,0,0,0,0,0,0,0,0,0,0,0,0,0,0,0,2026-02-27
[หนังสือ] เมื่อโลกทั้งใบซ่อนอยู่ใต้หมวกกันน็อก (HELMET GIRL),[หนังสือ] BOXSET เมื่อโลกทั้งใบซ่อนอยู่ใต้หมวกกันน็อก (HELMET GIRL),0,0,0,0,0,0,0,0,0,0,0,1902,0,0,1128,774,0,0,0,0,0,0,0,0,0,0,0,0,0,0,0,0,0,2026-02-27
[หนังสือ] วันไหนที่ใจแข็งแรง ดอกไม้จะผลิบาน THE ENCHANTED GARDEN,[หนังสือ] วันไหนที่ใจแข็งแรง ดอกไม้จะผลิบาน THE ENCHANTED GARDEN,7434.02,0,0,2776.03,4657.99,0,0,0,0,0,0,14377.05,0,0,2703.89,11673.16,0,0,0,0,0,0,51.71,0,0,102.67,39.9,0,0,0,0,0,0,2026-02-27
[หนังสือ] วันไหนที่ใจแข็งแรง ดอกไม้จะผลิบาน THE ENCHANTED GARDEN,*OPD [E-BOOK] วันไหนที่ใจแข็งแรง ดอกไม้จะผลิบาน THE ENCHANTED GARDEN,0,0,0,0,0,0,0,0,0,0,0,0,0,0,0,0,0,0,0,0,0,0,0,0,0,0,0,0,0,0,0,0,0,2026-02-27
[หนังสือ] วันไหนที่ใจแข็งแรง ดอกไม้จะผลิบาน THE ENCHANTED GARDEN,[หนังสือ] สวนของหัวใจ BLOSSOMS OF THE SOUL’S GARDEN,0,0,0,0,0,0,0,0,0,0,0,4812,0,0,2802,2010,0,0,0,0,0,0,0,0,0,0,0,0,0,0,0,0,0,2026-02-27
[หนังสือ] ยินดีต้อนรับและขอบคุณที่กลับมา,[หนังสือ] ยินดีต้อนรับและขอบคุณที่กลับมา,270.83,0,0,233.07,37.76,0,0,0,0,0,0,1310,0,0,928,382,0,0,0,0,0,0,20.67,0,0,25.12,9.88,0,0,0,0,0,0,2026-02-27
[หนังสือ] ยินดีต้อนรับและขอบคุณที่กลับมา,*OPD [E-BOOK] ยินดีต้อนรับและขอบคุณที่กลับมา,0,0,0,0,0,0,0,0,0,0,0,0,0,0,0,0,0,0,0,0,0,0,0,0,0,0,0,0,0,0,0,0,0,2026-02-27
[หนังสือ] ปีศาจตัวนั้น คือฉันเอง A GUIDE TO FIGHT THE DEMONS IN MY HEART,[หนังสือ] ปีศาจตัวนั้น คือฉันเอง A GUIDE TO FIGHT THE DEMONS IN MY HEART,15722.47,0,0,2035.79,13486.68,0,200,0,0,0,0,300,300,0,0,0,0,0,0,0,0,0,5240.82,0,0,0,0,0,0,0,0,0,0,2026-02-27
[หนังสือ] ชีวิตมีเรื่องให้ขอบคุณมากกว่าเสียใจ,*OPD [E-BOOK] ชีวิตมีเรื่องให้ขอบคุณมากกว่าเสียใจ,0,0,0,0,0,0,0,0,0,0,0,0,0,0,0,0,0,0,0,0,0,0,0,0,0,0,0,0,0,0,0,0,0,2026-02-27
[หนังสือ] ปีศาจตัวนั้น คือฉันเอง A GUIDE TO FIGHT THE DEMONS IN MY HEART,*OPD [E-BOOK] ปีศาจตัวนั้น คือฉันเอง A GUIDE TO FIGHTING THE DEMONS IN MY HEART,0,0,0,0,0,0,0,0,0,0,0,0,0,0,0,0,0,0,0,0,0,0,0,0,0,0,0,0,0,0,0,0,0,2026-02-27
[หนังสือ] ปีศาจตัวนั้น คือฉันเอง A GUIDE TO FIGHT THE DEMONS IN MY HEART,[หนังสือ] ปีศาจตัวนั้น คือฉันเอง A GUIDE TO FIGHTING THE DEMONS IN MY HEART,0,0,0,0,0,0,0,0,0,0,0,55516.9,300,0,10186.77,40583.57,4177,269.56,0,0,0,0,0,0,0,0,0,0,0,0,0,0,0,2026-02-27
[หนังสือ] ปีศาจตัวนั้น คือฉันเอง 2 A GUIDE TO OVERCOMING THE RETURN OF THE DEMONS,[หนังสือ] ปีศาจตัวนั้น คือฉันเอง 2 A GUIDE TO OVERCOMING THE RETURN OF THE DEMONS,4241.62,0,0,328.96,3812.66,0,100,0,0,0,0,15305.19,300,0,2595.35,9237.84,3172,0,0,0,0,0,27.71,0,0,12.67,41.27,0,3.15,0,0,0,0,2026-02-27
[หนังสือ] ปีศาจตัวนั้น คือฉันเอง 2 A GUIDE TO OVERCOMING THE RETURN OF THE DEMONS,*OPD [E-BOOK] ปีศาจตัวนั้น คือฉันเอง 2 A GUIDE TO OVERCOMING THE RETURN OF THE DEMONS,0,0,0,0,0,0,0,0,0,0,0,539,180,0,0,0,359,0,0,0,0,0,0,0,0,0,0,0,0,0,0,0,0,2026-02-27
[หนังสือ] ปีศาจความรักมักเลือกฉันเป็นเหยื่อ HOW TO FIGHT THE LOVE DEMON IN MY HEART,[หนังสือ] ปีศาจความรักมักเลือกฉันเป็นเหยื่อ HOW TO FIGHT THE LOVE DEMON IN MY HEART,1327.39,0,0,64.77,1262.62,0,0,0,0,0,0,5349.95,0,0,1380.75,3267.2,702,0,0,0,0,0,24.81,0,0,4.69,38.65,0,0,0,0,0,0,2026-02-27
[หนังสือ] ปีศาจความรักมักเลือกฉันเป็นเหยื่อ HOW TO FIGHT THE LOVE DEMON IN MY HEART,*OPD [E-BOOK] ปีศาจความรักมักเลือกฉันเป็นเหยื่อ HOW TO FIGHT THE LOVE DEMON IN MY HEART,0,0,0,0,0,0,0,0,0,0,0,359,0,0,0,0,359,0,0,0,0,0,0,0,0,0,0,0,0,0,0,0,0,2026-02-27
[หนังสือ] ทุกความทรงจำคือของขวัญจากวันวาน,[หนังสือ] ทุกความทรงจำคือของขวัญจากวันวาน,0,0,0,0,0,0,0,0,0,0,0,2024,329,0,400,982,313,0,0,0,0,0,0,0,0,0,0,0,0,0,0,0,0,2026-02-27
[หนังสือ] ทุกความทรงจำคือของขวัญจากวันวาน,*OPD [E-BOOK] ทุกความทรงจำคือของขวัญจากวันวาน,0,0,0,0,0,0,0,0,0,0,0,0,0,0,0,0,0,0,0,0,0,0,0,0,0,0,0,0,0,0,0,0,0,2026-02-27
[หนังสือ] ถ้าโลกมันแย่ ก็แค่คิดแบบคาปิบาร่า THINK LIKE A HAPPYBARA,[หนังสือ] ถ้าโลกมันแย่ ก็แค่คิดแบบคาปิบาร่า THINK LIKE A HAPPYBARA,3721.05,0,0,410.13,3310.92,0,0,0,0,0,0,7017,0,0,1310,5354,353,0,0,0,0,0,53.03,0,0,31.31,61.84,0,0,0,0,0,0,2026-02-27
[หนังสือ] ถ้าโลกมันแย่ ก็แค่คิดแบบคาปิบาร่า THINK LIKE A HAPPYBARA,*OPD [E-BOOK] ถ้าโลกมันแย่ ก็แค่คิดแบบคาปิบาร่า THINK LIKE A HAPPYBARA,0,0,0,0,0,0,0,0,0,0,0,180,180,0,0,0,0,0,0,0,0,0,0,0,0,0,0,0,0,0,0,0,0,2026-02-27
[หนังสือ] ปีศาจตัวนั้น คือฉันเอง A GUIDE TO FIGHT THE DEMONS IN MY HEART,*[E-BOOK] ปีศาจตัวนั้น คือฉันเอง A GUIDE TO FIGHTING THE DEMONS IN MY HEART,0,0,0,0,0,0,0,0,0,0,0,0,0,0,0,0,0,0,0,0,0,0,0,0,0,0,0,0,0,0,0,0,0,2026-02-27
[หนังสือ] ถ้าโลกมันแย่ ก็แค่คิดแบบคาปิบาร่า THINK LIKE A HAPPYBARA,[หนังสือ] BOXSET ถ้าโลกมันแย่ ก็แค่คิดแบบคาปิบาร่า THINK LIKE A HAPPYBARA,0,0,0,0,0,0,0,0,0,0,0,4896,0,0,1311,3585,0,0,0,0,0,0,0,0,0,0,0,0,0,0,0,0,0,2026-02-27
[หนังสือ] โอบกอดความไม่สมบูรณ์แบบของเธอ (EMBRACE YOUR FLAWS),[หนังสือ] โอบกอดความไม่สมบูรณ์แบบของเธอ (EMBRACE YOUR FLAWS),8523.92,178.33,0,145.06,8200.53,0,0,0,0,0,0,14230.32,0,0,2534.68,11137.64,558,0,0,0,0,0,59.9,0,0,5.72,73.63,0,0,0,0,0,0,2026-02-27
[หนังสือ] โอบกอดความไม่สมบูรณ์แบบของเธอ (EMBRACE YOUR FLAWS),*OPD [E-BOOK] โอบกอดความไม่สมบูรณ์แบบของเธอ (EMBRACE YOUR FLAWS),0,0,0,0,0,0,0,0,0,0,0,438,179,0,0,0,259,0,0,0,0,0,0,0,0,0,0,0,0,0,0,0,0,2026-02-27
[หนังสือ] ฉันจะมีชีวิตที่ดี,*OPD [E-BOOK] ฉันจะมีชีวิตที่ดี,0,0,0,0,0,0,0,0,0,0,0,0,0,0,0,0,0,0,0,0,0,0,0,0,0,0,0,0,0,0,0,0,0,2026-02-27
[หนังสือ] ความลับสู่เงินล้านที่โรงเรียนไม่เคยสอน (THE MILLIONAIRE'S TOP SECRET),[หนังสือ] ความลับสู่เงินล้านที่โรงเรียนไม่เคยสอน (THE MILLIONAIRE'S TOP SECRET),788.41,0,0,64.15,724.26,0,0,0,0,0,0,2205,0,0,0,1910,295,0,0,0,0,0,35.76,0,0,0,37.92,0,0,0,0,0,0,2026-02-27
[หนังสือ] ความลับสู่เงินล้านที่โรงเรียนไม่เคยสอน (THE MILLIONAIRE'S TOP SECRET),*OPD [E-BOOK] ความลับสู่เงินล้านที่โรงเรียนไม่เคยสอน (THE MILLIONAIRE'S TOP SECRET),0,0,0,0,0,0,0,0,0,0,0,0,0,0,0,0,0,0,0,0,0,0,0,0,0,0,0,0,0,0,0,0,0,2026-02-27
[หนังสือ] ขอใช้ชีวิตที่เหลือ เพื่อตัวเองนะ,[หนังสือ] ขอใช้ชีวิตที่เหลือ เพื่อตัวเองนะ,1261.7,523.36,0,161.48,576.86,0,0,0,0,0,0,4662,1316,0,0,2425,921,0,0,0,0,0,27.06,39.77,0,0,23.79,0,0,0,0,0,0,2026-02-27
[หนังสือ] ขอใช้ชีวิตที่เหลือ เพื่อตัวเองนะ,*OPD [E-BOOK] ขอใช้ชีวิตที่เหลือ เพื่อตัวเองนะ,0,0,0,0,0,0,0,0,0,0,0,179,179,0,0,0,0,0,0,0,0,0,0,0,0,0,0,0,0,0,0,0,0,2026-02-27
[หนังสือ] กับดักความรู้สึกผิด,[หนังสือ] กับดักความรู้สึกผิด,12955.14,10427.83,0,1555.04,487.57,322.75,161.95,0,0,0,0,30949.61,11070,0,4240.97,2026.64,12535,359,0,0,718,0,41.86,94.2,0,36.67,24.06,0,1.29,0,0,0,0,2026-02-27
[หนังสือ] กับดักความรู้สึกผิด,*OPD [E-BOOK] กับดักความรู้สึกผิด,0,0,0,0,0,0,0,0,0,0,0,0,0,0,0,0,0,0,0,0,0,0,0,0,0,0,0,0,0,0,0,0,0,2026-02-27
[หนังสือ] กว่าจะคิดได้ ก็ไม่มีลมหายใจแล้ว (IT IS NEVER TOO LATE TO LOVE YOURSELF),[หนังสือ] กว่าจะคิดได้ ก็ไม่มีลมหายใจแล้ว (IT IS NEVER TOO LATE TO LOVE YOURSELF),0,0,0,0,0,0,0,0,0,0,0,838.08,0,0,0,838.08,0,0,0,0,0,0,0,0,0,0,0,0,0,0,0,0,0,2026-02-27
[หนังสือ] กว่าจะคิดได้ ก็ไม่มีลมหายใจแล้ว (IT IS NEVER TOO LATE TO LOVE YOURSELF),*OPD [E-BOOK] กว่าจะคิดได้ ก็ไม่มีลมหายใจแล้ว (IT IS NEVER TOO LATE TO LOVE YOURSELF),0,0,0,0,0,0,0,0,0,0,0,0,0,0,0,0,0,0,0,0,0,0,0,0,0,0,0,0,0,0,0,0,0,2026-02-27
[หนังสือ] ฉันจะมีชีวิตที่ดี,[หนังสือ] ฉันจะมีชีวิตที่ดี,1913.19,227.2,0,149.1,1536.89,0,0,0,0,0,0,5378.2,590,0,618.24,3889.96,280,0,0,0,0,0,35.57,38.51,0,24.12,39.51,0,0,0,0,0,0,2026-02-27
[หนังสือ] THE WITCHES' CLUB ชมรมลับเปลี่ยนชีวิต,[หนังสือ] THE WITCHES' CLUB ชมรมลับเปลี่ยนชีวิต,24305.3,337.4,0,13121.7,10746.2,0,100,0,0,0,0,3003,0,0,540,2092,371,0,0,0,0,0,809.37,0,0,2429.94,513.68,0,26.95,0,0,0,0,2026-02-27
[หนังสือ] THE WITCHES' CLUB ชมรมลับเปลี่ยนชีวิต,*[E-BOOK] THE WITCHES' CLUB ชมรมลับเปลี่ยนชีวิต,0,0,0,0,0,0,0,0,0,0,0,0,0,0,0,0,0,0,0,0,0,0,0,0,0,0,0,0,0,0,0,0,0,2026-02-27
[หนังสือ] THE WITCHES' CLUB ชมรมลับเปลี่ยนชีวิต,[หนังสือ] BOXSET THE WITCHES' CLUB ชมรมลับเปลี่ยนชีวิต,0,0,0,0,0,0,0,0,0,0,0,69149.24,499,0,37706.24,29261,1683,0,0,0,0,0,0,0,0,0,0,0,0,0,0,0,0,2026-02-27
[หนังสือ] GHOSTLY REMAINS ปลดพันธนาการดวงวิญญาณหลังความตาย,[หนังสือ] GHOSTLY REMAINS ปลดพันธนาการดวงวิญญาณหลังความตาย,686.81,356.37,0,108.64,221.8,0,0,0,0,0,0,2755.44,359,0,792.72,1603.72,0,0,0,0,0,0,24.93,99.27,0,13.7,13.83,0,0,0,0,0,0,2026-02-27
[หนังสือ] GHOSTLY BREWS ยินดีบริการดวงวิญญาณหลังเที่ยงคืน,[หนังสือ] GHOSTLY BREWS ยินดีบริการดวงวิญญาณหลังเที่ยงคืน,1966.15,633.08,0,959.68,278.48,0,94.91,0,0,0,0,7564.22,300,0,3395.21,3167.01,702,0,0,0,0,0,25.99,211.03,0,28.27,8.79,0,13.52,0,0,0,0,2026-02-27
[หนังสือ] GHOSTLY BREWS ยินดีบริการดวงวิญญาณหลังเที่ยงคืน,*OPD [E-BOOK] GHOSTLY BREWS ยินดีบริการดวงวิญญาณหลังเที่ยงคืน,0,0,0,0,0,0,0,0,0,0,0,719,360,0,0,0,359,0,0,0,0,0,0,0,0,0,0,0,0,0,0,0,0,2026-02-27
[หนังสือ] GHOSTLY BREWS ยินดีบริการดวงวิญญาณหลังเที่ยงคืน,*[E-BOOK] GHOSTLY BREWS ยินดีบริการดวงวิญญาณหลังเที่ยงคืน,0,0,0,0,0,0,0,0,0,0,0,0,0,0,0,0,0,0,0,0,0,0,0,0,0,0,0,0,0,0,0,0,0,2026-02-27
[หนังสือ] เหนื่อยมากไหม พักก่อนก็ได้นะวันนี้,[หนังสือ] เหนื่อยมากไหม พักก่อนก็ได้นะวันนี้,157.81,157.81,0,0,0,0,0,0,0,0,0,3226,1091,0,546,1589,0,0,0,0,0,0,4.89,14.46,0,0,0,0,0,0,0,0,0,2026-02-27
[หนังสือ] เหนื่อยมากไหม พักก่อนก็ได้นะวันนี้,*OPD [E-BOOK] เหนื่อยมากไหม พักก่อนก็ได้นะวันนี้,0,0,0,0,0,0,0,0,0,0,0,179,179,0,0,0,0,0,0,0,0,0,0,0,0,0,0,0,0,0,0,0,0,2026-02-27
[หนังสือ] เหนื่อยมากไหม พักก่อนก็ได้นะวันนี้,[หนังสือ] BOXSET เหนื่อยมากไหม พักก่อนก็ได้นะวันนี้,0,0,0,0,0,0,0,0,0,0,0,2999.28,0,0,1428,1571.28,0,0,0,0,0,0,0,0,0,0,0,0,0,0,0,0,0,2026-02-27
[หนังสือ] THE WITCHES' CLUB ชมรมลับเปลี่ยนชีวิต,*OPD [E-BOOK] THE WITCHES' CLUB ชมรมลับเปลี่ยนชีวิต,0,0,0,0,0,0,0,0,0,0,0,179,179,0,0,0,0,0,0,0,0,0,0,0,0,0,0,0,0,0,0,0,0,2026-02-27
[หนังสือ] ชีวิตมีเรื่องให้ขอบคุณมากกว่าเสียใจ,[หนังสือ] ชีวิตมีเรื่องให้ขอบคุณมากกว่าเสียใจ,12.24,0,0,11.61,0.63,0,0,0,0,0,0,0,0,0,0,0,0,0,0,0,0,0,0,0,0,0,0,0,0,0,0,0,0,2026-02-28
[หนังสือ] เมื่อโลกทั้งใบซ่อนอยู่ใต้หมวกกันน็อก (HELMET GIRL),[หนังสือ] เมื่อโลกทั้งใบซ่อนอยู่ใต้หมวกกันน็อก (HELMET GIRL),0,0,0,0,0,0,0,0,0,0,0,353,0,0,0,0,353,0,0,0,0,0,0,0,0,0,0,0,0,0,0,0,0,2026-02-28
[หนังสือ] เมื่อโลกทั้งใบซ่อนอยู่ใต้หมวกกันน็อก (HELMET GIRL),*OPD [E-BOOK] เมื่อโลกทั้งใบซ่อนอยู่ใต้หมวกกันน็อก (HELMET GIRL),0,0,0,0,0,0,0,0,0,0,0,0,0,0,0,0,0,0,0,0,0,0,0,0,0,0,0,0,0,0,0,0,0,2026-02-28
[หนังสือ] เมื่อโลกทั้งใบซ่อนอยู่ใต้หมวกกันน็อก (HELMET GIRL),[หนังสือ] BOXSET เมื่อโลกทั้งใบซ่อนอยู่ใต้หมวกกันน็อก (HELMET GIRL),0,0,0,0,0,0,0,0,0,0,0,1611,0,0,1311,300,0,0,0,0,0,0,0,0,0,0,0,0,0,0,0,0,0,2026-02-28
[หนังสือ] วันไหนที่ใจแข็งแรง ดอกไม้จะผลิบาน THE ENCHANTED GARDEN,[หนังสือ] วันไหนที่ใจแข็งแรง ดอกไม้จะผลิบาน THE ENCHANTED GARDEN,2779.05,0,0,1081.2,1697.85,0,0,0,0,0,0,7151,0,0,1092,5354,705,0,0,0,0,0,38.86,0,0,99.01,31.71,0,0,0,0,0,0,2026-02-28
[หนังสือ] วันไหนที่ใจแข็งแรง ดอกไม้จะผลิบาน THE ENCHANTED GARDEN,*OPD [E-BOOK] วันไหนที่ใจแข็งแรง ดอกไม้จะผลิบาน THE ENCHANTED GARDEN,0,0,0,0,0,0,0,0,0,0,0,0,0,0,0,0,0,0,0,0,0,0,0,0,0,0,0,0,0,0,0,0,0,2026-02-28
[หนังสือ] วันไหนที่ใจแข็งแรง ดอกไม้จะผลิบาน THE ENCHANTED GARDEN,[หนังสือ] สวนของหัวใจ BLOSSOMS OF THE SOUL’S GARDEN,0,0,0,0,0,0,0,0,0,0,0,1193,0,0,273,264,656,0,0,0,0,0,0,0,0,0,0,0,0,0,0,0,0,2026-02-28
[หนังสือ] ยินดีต้อนรับและขอบคุณที่กลับมา,[หนังสือ] ยินดีต้อนรับและขอบคุณที่กลับมา,389.87,0,0,328.85,61.02,0,0,0,0,0,0,1110,200,0,910,0,0,0,0,0,0,0,35.12,0,0,36.14,0,0,0,0,0,0,0,2026-02-28
[หนังสือ] ยินดีต้อนรับและขอบคุณที่กลับมา,*OPD [E-BOOK] ยินดีต้อนรับและขอบคุณที่กลับมา,0,0,0,0,0,0,0,0,0,0,0,0,0,0,0,0,0,0,0,0,0,0,0,0,0,0,0,0,0,0,0,0,0,2026-02-28
[หนังสือ] ปีศาจตัวนั้น คือฉันเอง A GUIDE TO FIGHT THE DEMONS IN MY HEART,[หนังสือ] ปีศาจตัวนั้น คือฉันเอง A GUIDE TO FIGHT THE DEMONS IN MY HEART,12733.36,0,0,1172.58,11360.78,0,200,0,0,0,0,300,300,0,0,0,0,0,0,0,0,0,4244.45,0,0,0,0,0,0,0,0,0,0,2026-02-28
[หนังสือ] ชีวิตมีเรื่องให้ขอบคุณมากกว่าเสียใจ,*OPD [E-BOOK] ชีวิตมีเรื่องให้ขอบคุณมากกว่าเสียใจ,0,0,0,0,0,0,0,0,0,0,0,0,0,0,0,0,0,0,0,0,0,0,0,0,0,0,0,0,0,0,0,0,0,2026-02-28
[หนังสือ] ปีศาจตัวนั้น คือฉันเอง A GUIDE TO FIGHT THE DEMONS IN MY HEART,*OPD [E-BOOK] ปีศาจตัวนั้น คือฉันเอง A GUIDE TO FIGHTING THE DEMONS IN MY HEART,0,0,0,0,0,0,0,0,0,0,0,0,0,0,0,0,0,0,0,0,0,0,0,0,0,0,0,0,0,0,0,0,0,2026-02-28
[หนังสือ] ปีศาจตัวนั้น คือฉันเอง A GUIDE TO FIGHT THE DEMONS IN MY HEART,[หนังสือ] ปีศาจตัวนั้น คือฉันเอง A GUIDE TO FIGHTING THE DEMONS IN MY HEART,0,0,0,0,0,0,0,0,0,0,0,40383.76,300,0,4340.42,33340.34,2403,0,0,0,0,0,0,0,0,0,0,0,0,0,0,0,0,2026-02-28
[หนังสือ] ปีศาจตัวนั้น คือฉันเอง 2 A GUIDE TO OVERCOMING THE RETURN OF THE DEMONS,[หนังสือ] ปีศาจตัวนั้น คือฉันเอง 2 A GUIDE TO OVERCOMING THE RETURN OF THE DEMONS,1771,0,0,202.15,1468.85,0,100,0,0,0,0,9242.2,0,0,2298.56,5874.64,1069,0,0,0,0,0,19.16,0,0,8.79,25,0,9.35,0,0,0,0,2026-02-28
[หนังสือ] ปีศาจตัวนั้น คือฉันเอง 2 A GUIDE TO OVERCOMING THE RETURN OF THE DEMONS,*OPD [E-BOOK] ปีศาจตัวนั้น คือฉันเอง 2 A GUIDE TO OVERCOMING THE RETURN OF THE DEMONS,0,0,0,0,0,0,0,0,0,0,0,179,179,0,0,0,0,0,0,0,0,0,0,0,0,0,0,0,0,0,0,0,0,2026-02-28
[หนังสือ] ปีศาจความรักมักเลือกฉันเป็นเหยื่อ HOW TO FIGHT THE LOVE DEMON IN MY HEART,[หนังสือ] ปีศาจความรักมักเลือกฉันเป็นเหยื่อ HOW TO FIGHT THE LOVE DEMON IN MY HEART,289.83,0,0,30.54,259.29,0,0,0,0,0,0,2622,1000,0,710,552,360,0,0,0,0,0,11.05,0,0,4.3,46.97,0,0,0,0,0,0,2026-02-28
[หนังสือ] ปีศาจความรักมักเลือกฉันเป็นเหยื่อ HOW TO FIGHT THE LOVE DEMON IN MY HEART,*OPD [E-BOOK] ปีศาจความรักมักเลือกฉันเป็นเหยื่อ HOW TO FIGHT THE LOVE DEMON IN MY HEART,0,0,0,0,0,0,0,0,0,0,0,180,180,0,0,0,0,0,0,0,0,0,0,0,0,0,0,0,0,0,0,0,0,2026-02-28
[หนังสือ] ทุกความทรงจำคือของขวัญจากวันวาน,[หนังสือ] ทุกความทรงจำคือของขวัญจากวันวาน,0,0,0,0,0,0,0,0,0,0,0,913,400,0,0,200,313,0,0,0,0,0,0,0,0,0,0,0,0,0,0,0,0,2026-02-28
[หนังสือ] ทุกความทรงจำคือของขวัญจากวันวาน,*OPD [E-BOOK] ทุกความทรงจำคือของขวัญจากวันวาน,0,0,0,0,0,0,0,0,0,0,0,0,0,0,0,0,0,0,0,0,0,0,0,0,0,0,0,0,0,0,0,0,0,2026-02-28
[หนังสือ] ถ้าโลกมันแย่ ก็แค่คิดแบบคาปิบาร่า THINK LIKE A HAPPYBARA,[หนังสือ] ถ้าโลกมันแย่ ก็แค่คิดแบบคาปิบาร่า THINK LIKE A HAPPYBARA,3547.31,0,0,565.42,2981.89,0,0,0,0,0,0,3624,0,0,376,2948,300,0,0,0,0,0,97.88,0,0,150.38,101.15,0,0,0,0,0,0,2026-02-28
[หนังสือ] ถ้าโลกมันแย่ ก็แค่คิดแบบคาปิบาร่า THINK LIKE A HAPPYBARA,*OPD [E-BOOK] ถ้าโลกมันแย่ ก็แค่คิดแบบคาปิบาร่า THINK LIKE A HAPPYBARA,0,0,0,0,0,0,0,0,0,0,0,0,0,0,0,0,0,0,0,0,0,0,0,0,0,0,0,0,0,0,0,0,0,2026-02-28
[หนังสือ] ปีศาจตัวนั้น คือฉันเอง A GUIDE TO FIGHT THE DEMONS IN MY HEART,*[E-BOOK] ปีศาจตัวนั้น คือฉันเอง A GUIDE TO FIGHTING THE DEMONS IN MY HEART,0,0,0,0,0,0,0,0,0,0,0,0,0,0,0,0,0,0,0,0,0,0,0,0,0,0,0,0,0,0,0,0,0,2026-02-28
[หนังสือ] ถ้าโลกมันแย่ ก็แค่คิดแบบคาปิบาร่า THINK LIKE A HAPPYBARA,[หนังสือ] BOXSET ถ้าโลกมันแย่ ก็แค่คิดแบบคาปิบาร่า THINK LIKE A HAPPYBARA,0,0,0,0,0,0,0,0,0,0,0,4770,0,0,1593,3177,0,0,0,0,0,0,0,0,0,0,0,0,0,0,0,0,0,2026-02-28
[หนังสือ] โอบกอดความไม่สมบูรณ์แบบของเธอ (EMBRACE YOUR FLAWS),[หนังสือ] โอบกอดความไม่สมบูรณ์แบบของเธอ (EMBRACE YOUR FLAWS),2925.1,167.3,0,173.74,2584.06,0,0,0,0,0,0,11650.08,0,0,1785.48,9129.6,735,0,0,0,0,0,25.11,0,0,9.73,28.3,0,0,0,0,0,0,2026-02-28
[หนังสือ] โอบกอดความไม่สมบูรณ์แบบของเธอ (EMBRACE YOUR FLAWS),*OPD [E-BOOK] โอบกอดความไม่สมบูรณ์แบบของเธอ (EMBRACE YOUR FLAWS),0,0,0,0,0,0,0,0,0,0,0,0,0,0,0,0,0,0,0,0,0,0,0,0,0,0,0,0,0,0,0,0,0,2026-02-28
[หนังสือ] ฉันจะมีชีวิตที่ดี,*OPD [E-BOOK] ฉันจะมีชีวิตที่ดี,0,0,0,0,0,0,0,0,0,0,0,0,0,0,0,0,0,0,0,0,0,0,0,0,0,0,0,0,0,0,0,0,0,2026-02-28
[หนังสือ] ความลับสู่เงินล้านที่โรงเรียนไม่เคยสอน (THE MILLIONAIRE'S TOP SECRET),[หนังสือ] ความลับสู่เงินล้านที่โรงเรียนไม่เคยสอน (THE MILLIONAIRE'S TOP SECRET),504.65,0,0,52.17,452.48,0,0,0,0,0,0,2041.48,329,0,760.48,690,262,0,0,0,0,0,24.72,0,0,6.86,65.58,0,0,0,0,0,0,2026-02-28
[หนังสือ] ความลับสู่เงินล้านที่โรงเรียนไม่เคยสอน (THE MILLIONAIRE'S TOP SECRET),*OPD [E-BOOK] ความลับสู่เงินล้านที่โรงเรียนไม่เคยสอน (THE MILLIONAIRE'S TOP SECRET),0,0,0,0,0,0,0,0,0,0,0,537,537,0,0,0,0,0,0,0,0,0,0,0,0,0,0,0,0,0,0,0,0,2026-02-28
[หนังสือ] ขอใช้ชีวิตที่เหลือ เพื่อตัวเองนะ,[หนังสือ] ขอใช้ชีวิตที่เหลือ เพื่อตัวเองนะ,2035.42,724.89,0,193.95,1116.58,0,0,0,0,0,0,6177.44,2516,0,993.94,2667.5,0,0,0,0,0,0,32.95,28.81,0,19.51,41.86,0,0,0,0,0,0,2026-02-28
[หนังสือ] ขอใช้ชีวิตที่เหลือ เพื่อตัวเองนะ,*OPD [E-BOOK] ขอใช้ชีวิตที่เหลือ เพื่อตัวเองนะ,0,0,0,0,0,0,0,0,0,0,0,0,0,0,0,0,0,0,0,0,0,0,0,0,0,0,0,0,0,0,0,0,0,2026-02-28
[หนังสือ] กับดักความรู้สึกผิด,[หนังสือ] กับดักความรู้สึกผิด,18451.67,15522.74,0,1561.89,779.2,426.59,161.25,0,0,0,0,52148.5,16794,0,5902.26,2857.24,23843,0,2034,0,718,0,35.38,92.43,0,26.46,27.27,20.97,0.68,0,0,0,0,2026-02-28
[หนังสือ] กับดักความรู้สึกผิด,*OPD [E-BOOK] กับดักความรู้สึกผิด,0,0,0,0,0,0,0,0,0,0,0,360,360,0,0,0,0,0,0,0,0,0,0,0,0,0,0,0,0,0,0,0,0,2026-02-28
[หนังสือ] กว่าจะคิดได้ ก็ไม่มีลมหายใจแล้ว (IT IS NEVER TOO LATE TO LOVE YOURSELF),[หนังสือ] กว่าจะคิดได้ ก็ไม่มีลมหายใจแล้ว (IT IS NEVER TOO LATE TO LOVE YOURSELF),0,0,0,0,0,0,0,0,0,0,0,1183.32,0,0,288,572.32,323,0,0,0,0,0,0,0,0,0,0,0,0,0,0,0,0,2026-02-28
[หนังสือ] กว่าจะคิดได้ ก็ไม่มีลมหายใจแล้ว (IT IS NEVER TOO LATE TO LOVE YOURSELF),*OPD [E-BOOK] กว่าจะคิดได้ ก็ไม่มีลมหายใจแล้ว (IT IS NEVER TOO LATE TO LOVE YOURSELF),0,0,0,0,0,0,0,0,0,0,0,0,0,0,0,0,0,0,0,0,0,0,0,0,0,0,0,0,0,0,0,0,0,2026-02-28
[หนังสือ] ฉันจะมีชีวิตที่ดี,[หนังสือ] ฉันจะมีชีวิตที่ดี,1983.34,398.21,0,98.98,1486.15,0,0,0,0,0,0,4565.72,590,0,1412.08,1988.64,575,0,0,0,0,0,43.44,67.49,0,7.01,74.73,0,0,0,0,0,0,2026-02-28
[หนังสือ] THE WITCHES' CLUB ชมรมลับเปลี่ยนชีวิต,[หนังสือ] THE WITCHES' CLUB ชมรมลับเปลี่ยนชีวิต,18571.22,463.08,0,9439.84,8568.3,0,100,0,0,0,0,7376,0,0,2203,4802,371,0,0,0,0,0,251.78,0,0,428.5,178.43,0,26.95,0,0,0,0,2026-02-28
[หนังสือ] THE WITCHES' CLUB ชมรมลับเปลี่ยนชีวิต,*[E-BOOK] THE WITCHES' CLUB ชมรมลับเปลี่ยนชีวิต,0,0,0,0,0,0,0,0,0,0,0,0,0,0,0,0,0,0,0,0,0,0,0,0,0,0,0,0,0,0,0,0,0,2026-02-28
[หนังสือ] THE WITCHES' CLUB ชมรมลับเปลี่ยนชีวิต,[หนังสือ] BOXSET THE WITCHES' CLUB ชมรมลับเปลี่ยนชีวิต,0,0,0,0,0,0,0,0,0,0,0,11093,800,0,5241,3930,1122,0,0,0,0,0,0,0,0,0,0,0,0,0,0,0,0,2026-02-28
[หนังสือ] GHOSTLY REMAINS ปลดพันธนาการดวงวิญญาณหลังความตาย,[หนังสือ] GHOSTLY REMAINS ปลดพันธนาการดวงวิญญาณหลังความตาย,960.48,354,0,143.39,463.09,0,0,0,0,0,0,3474.72,740,0,538.72,675,1521,0,0,0,0,0,27.64,47.84,0,26.62,68.61,0,0,0,0,0,0,2026-02-28
[หนังสือ] GHOSTLY BREWS ยินดีบริการดวงวิญญาณหลังเที่ยงคืน,[หนังสือ] GHOSTLY BREWS ยินดีบริการดวงวิญญาณหลังเที่ยงคืน,2300.18,779.28,0,836.84,518.16,0,165.9,0,0,0,0,8690.55,1348,0,2589.98,2694.57,1758,0,0,0,300,0,26.47,57.81,0,32.31,19.23,0,9.44,0,0,0,0,2026-02-28
[หนังสือ] GHOSTLY BREWS ยินดีบริการดวงวิญญาณหลังเที่ยงคืน,*OPD [E-BOOK] GHOSTLY BREWS ยินดีบริการดวงวิญญาณหลังเที่ยงคืน,0,0,0,0,0,0,0,0,0,0,0,179,179,0,0,0,0,0,0,0,0,0,0,0,0,0,0,0,0,0,0,0,0,2026-02-28
[หนังสือ] GHOSTLY BREWS ยินดีบริการดวงวิญญาณหลังเที่ยงคืน,*[E-BOOK] GHOSTLY BREWS ยินดีบริการดวงวิญญาณหลังเที่ยงคืน,0,0,0,0,0,0,0,0,0,0,0,0,0,0,0,0,0,0,0,0,0,0,0,0,0,0,0,0,0,0,0,0,0,2026-02-28
[หนังสือ] เหนื่อยมากไหม พักก่อนก็ได้นะวันนี้,[หนังสือ] เหนื่อยมากไหม พักก่อนก็ได้นะวันนี้,170.71,170.71,0,0,0,0,0,0,0,0,0,2006,0,0,1274,732,0,0,0,0,0,0,8.51,0,0,0,0,0,0,0,0,0,0,2026-02-28
[หนังสือ] เหนื่อยมากไหม พักก่อนก็ได้นะวันนี้,*OPD [E-BOOK] เหนื่อยมากไหม พักก่อนก็ได้นะวันนี้,0,0,0,0,0,0,0,0,0,0,0,0,0,0,0,0,0,0,0,0,0,0,0,0,0,0,0,0,0,0,0,0,0,2026-02-28
[หนังสือ] เหนื่อยมากไหม พักก่อนก็ได้นะวันนี้,[หนังสือ] BOXSET เหนื่อยมากไหม พักก่อนก็ได้นะวันนี้,0,0,0,0,0,0,0,0,0,0,0,1890,400,0,537,600,353,0,0,0,0,0,0,0,0,0,0,0,0,0,0,0,0,2026-02-28
[หนังสือ] THE WITCHES' CLUB ชมรมลับเปลี่ยนชีวิต,*OPD [E-BOOK] THE WITCHES' CLUB ชมรมลับเปลี่ยนชีวิต,0,0,0,0,0,0,0,0,0,0,0,0,0,0,0,0,0,0,0,0,0,0,0,0,0,0,0,0,0,0,0,0,0,2026-02-28
[หนังสือ] ชีวิตมีเรื่องให้ขอบคุณมากกว่าเสียใจ,[หนังสือ] ชีวิตมีเรื่องให้ขอบคุณมากกว่าเสียใจ,54.2,0,0,49.06,5.14,0,0,0,0,0,0,0,0,0,0,0,0,0,0,0,0,0,0,0,0,0,0,0,0,0,0,0,0,2026-03-01
[หนังสือ] เมื่อโลกทั้งใบซ่อนอยู่ใต้หมวกกันน็อก (HELMET GIRL),[หนังสือ] เมื่อโลกทั้งใบซ่อนอยู่ใต้หมวกกันน็อก (HELMET GIRL),0,0,0,0,0,0,0,0,0,0,0,0,0,0,0,0,0,0,0,0,0,0,0,0,0,0,0,0,0,0,0,0,0,2026-03-01
[หนังสือ] เมื่อโลกทั้งใบซ่อนอยู่ใต้หมวกกันน็อก (HELMET GIRL),*OPD [E-BOOK] เมื่อโลกทั้งใบซ่อนอยู่ใต้หมวกกันน็อก (HELMET GIRL),0,0,0,0,0,0,0,0,0,0,0,0,0,0,0,0,0,0,0,0,0,0,0,0,0,0,0,0,0,0,0,0,0,2026-03-01
[หนังสือ] เมื่อโลกทั้งใบซ่อนอยู่ใต้หมวกกันน็อก (HELMET GIRL),[หนังสือ] BOXSET เมื่อโลกทั้งใบซ่อนอยู่ใต้หมวกกันน็อก (HELMET GIRL),0,0,0,0,0,0,0,0,0,0,0,433,0,0,0,0,433,0,0,0,0,0,0,0,0,0,0,0,0,0,0,0,0,2026-03-01
[หนังสือ] วันไหนที่ใจแข็งแรง ดอกไม้จะผลิบาน THE ENCHANTED GARDEN,[หนังสือ] วันไหนที่ใจแข็งแรง ดอกไม้จะผลิบาน THE ENCHANTED GARDEN,589.19,0,0,220.42,368.77,0,0,0,0,0,0,1747,0,0,0,0,1747,0,0,0,0,0,33.73,0,0,0,0,0,0,0,0,0,0,2026-03-01
[หนังสือ] วันไหนที่ใจแข็งแรง ดอกไม้จะผลิบาน THE ENCHANTED GARDEN,*OPD [E-BOOK] วันไหนที่ใจแข็งแรง ดอกไม้จะผลิบาน THE ENCHANTED GARDEN,0,0,0,0,0,0,0,0,0,0,0,179,179,0,0,0,0,0,0,0,0,0,0,0,0,0,0,0,0,0,0,0,0,2026-03-01
[หนังสือ] วันไหนที่ใจแข็งแรง ดอกไม้จะผลิบาน THE ENCHANTED GARDEN,[หนังสือ] สวนของหัวใจ BLOSSOMS OF THE SOUL’S GARDEN,0,0,0,0,0,0,0,0,0,0,0,734,400,0,0,0,334,0,0,0,0,0,0,0,0,0,0,0,0,0,0,0,0,2026-03-01
[หนังสือ] ยินดีต้อนรับและขอบคุณที่กลับมา,[หนังสือ] ยินดีต้อนรับและขอบคุณที่กลับมา,266,0,0,219.05,46.95,0,0,0,0,0,0,0,0,0,0,0,0,0,0,0,0,0,0,0,0,0,0,0,0,0,0,0,0,2026-03-01
[หนังสือ] ยินดีต้อนรับและขอบคุณที่กลับมา,*OPD [E-BOOK] ยินดีต้อนรับและขอบคุณที่กลับมา,0,0,0,0,0,0,0,0,0,0,0,0,0,0,0,0,0,0,0,0,0,0,0,0,0,0,0,0,0,0,0,0,0,2026-03-01
[หนังสือ] ปีศาจตัวนั้น คือฉันเอง A GUIDE TO FIGHT THE DEMONS IN MY HEART,[หนังสือ] ปีศาจตัวนั้น คือฉันเอง A GUIDE TO FIGHT THE DEMONS IN MY HEART,11615.18,0,0,1173.54,10241.64,0,200,0,0,0,0,0,0,0,0,0,0,0,0,0,0,0,0,0,0,0,0,0,0,0,0,0,0,2026-03-01
[หนังสือ] ชีวิตมีเรื่องให้ขอบคุณมากกว่าเสียใจ,*OPD [E-BOOK] ชีวิตมีเรื่องให้ขอบคุณมากกว่าเสียใจ,0,0,0,0,0,0,0,0,0,0,0,0,0,0,0,0,0,0,0,0,0,0,0,0,0,0,0,0,0,0,0,0,0,2026-03-01
[หนังสือ] ปีศาจตัวนั้น คือฉันเอง A GUIDE TO FIGHT THE DEMONS IN MY HEART,*OPD [E-BOOK] ปีศาจตัวนั้น คือฉันเอง A GUIDE TO FIGHTING THE DEMONS IN MY HEART,0,0,0,0,0,0,0,0,0,0,0,179,179,0,0,0,0,0,0,0,0,0,0,0,0,0,0,0,0,0,0,0,0,2026-03-01
[หนังสือ] ปีศาจตัวนั้น คือฉันเอง A GUIDE TO FIGHT THE DEMONS IN MY HEART,[หนังสือ] ปีศาจตัวนั้น คือฉันเอง A GUIDE TO FIGHTING THE DEMONS IN MY HEART,0,0,0,0,0,0,0,0,0,0,0,15919.52,2190,0,936.24,6981.72,4869,269.56,373,0,300,0,0,0,0,0,0,0,0,0,0,0,0,2026-03-01
[หนังสือ] ปีศาจตัวนั้น คือฉันเอง 2 A GUIDE TO OVERCOMING THE RETURN OF THE DEMONS,[หนังสือ] ปีศาจตัวนั้น คือฉันเอง 2 A GUIDE TO OVERCOMING THE RETURN OF THE DEMONS,1604.55,0,0,140.28,1364.27,0,100,0,0,0,0,5463.24,1509,0,966,2638.24,350,0,0,0,0,0,29.37,0,0,14.52,51.71,0,28.57,0,0,0,0,2026-03-01
[หนังสือ] ปีศาจตัวนั้น คือฉันเอง 2 A GUIDE TO OVERCOMING THE RETURN OF THE DEMONS,*OPD [E-BOOK] ปีศาจตัวนั้น คือฉันเอง 2 A GUIDE TO OVERCOMING THE RETURN OF THE DEMONS,0,0,0,0,0,0,0,0,0,0,0,180,180,0,0,0,0,0,0,0,0,0,0,0,0,0,0,0,0,0,0,0,0,2026-03-01
[หนังสือ] ปีศาจความรักมักเลือกฉันเป็นเหยื่อ HOW TO FIGHT THE LOVE DEMON IN MY HEART,[หนังสือ] ปีศาจความรักมักเลือกฉันเป็นเหยื่อ HOW TO FIGHT THE LOVE DEMON IN MY HEART,264.94,0,0,51.54,213.4,0,0,0,0,0,0,806,200,0,0,0,606,0,0,0,0,0,32.87,0,0,0,0,0,0,0,0,0,0,2026-03-01
[หนังสือ] ปีศาจความรักมักเลือกฉันเป็นเหยื่อ HOW TO FIGHT THE LOVE DEMON IN MY HEART,*OPD [E-BOOK] ปีศาจความรักมักเลือกฉันเป็นเหยื่อ HOW TO FIGHT THE LOVE DEMON IN MY HEART,0,0,0,0,0,0,0,0,0,0,0,0,0,0,0,0,0,0,0,0,0,0,0,0,0,0,0,0,0,0,0,0,0,2026-03-01
[หนังสือ] ทุกความทรงจำคือของขวัญจากวันวาน,[หนังสือ] ทุกความทรงจำคือของขวัญจากวันวาน,0,0,0,0,0,0,0,0,0,0,0,200,200,0,0,0,0,0,0,0,0,0,0,0,0,0,0,0,0,0,0,0,0,2026-03-01
[หนังสือ] ทุกความทรงจำคือของขวัญจากวันวาน,*OPD [E-BOOK] ทุกความทรงจำคือของขวัญจากวันวาน,0,0,0,0,0,0,0,0,0,0,0,0,0,0,0,0,0,0,0,0,0,0,0,0,0,0,0,0,0,0,0,0,0,2026-03-01
[หนังสือ] ถ้าโลกมันแย่ ก็แค่คิดแบบคาปิบาร่า THINK LIKE A HAPPYBARA,[หนังสือ] ถ้าโลกมันแย่ ก็แค่คิดแบบคาปิบาร่า THINK LIKE A HAPPYBARA,608.14,0,0,148.13,460.01,0,0,0,0,0,0,1308,0,0,0,0,1008,0,300,0,0,0,46.49,0,0,0,0,0,0,0,0,0,0,2026-03-01
[หนังสือ] ถ้าโลกมันแย่ ก็แค่คิดแบบคาปิบาร่า THINK LIKE A HAPPYBARA,*OPD [E-BOOK] ถ้าโลกมันแย่ ก็แค่คิดแบบคาปิบาร่า THINK LIKE A HAPPYBARA,0,0,0,0,0,0,0,0,0,0,0,0,0,0,0,0,0,0,0,0,0,0,0,0,0,0,0,0,0,0,0,0,0,2026-03-01
[หนังสือ] ปีศาจตัวนั้น คือฉันเอง A GUIDE TO FIGHT THE DEMONS IN MY HEART,*[E-BOOK] ปีศาจตัวนั้น คือฉันเอง A GUIDE TO FIGHTING THE DEMONS IN MY HEART,0,0,0,0,0,0,0,0,0,0,0,0,0,0,0,0,0,0,0,0,0,0,0,0,0,0,0,0,0,0,0,0,0,2026-03-01
[หนังสือ] ถ้าโลกมันแย่ ก็แค่คิดแบบคาปิบาร่า THINK LIKE A HAPPYBARA,[หนังสือ] BOXSET ถ้าโลกมันแย่ ก็แค่คิดแบบคาปิบาร่า THINK LIKE A HAPPYBARA,0,0,0,0,0,0,0,0,0,0,0,1492,400,0,0,590,502,0,0,0,0,0,0,0,0,0,0,0,0,0,0,0,0,2026-03-01
[หนังสือ] โอบกอดความไม่สมบูรณ์แบบของเธอ (EMBRACE YOUR FLAWS),[หนังสือ] โอบกอดความไม่สมบูรณ์แบบของเธอ (EMBRACE YOUR FLAWS),2000.46,0,0,133.15,1867.31,0,0,0,0,0,0,3878,558,0,212,2332,776,0,0,0,0,0,51.58,0,0,62.81,80.07,0,0,0,0,0,0,2026-03-01
[หนังสือ] โอบกอดความไม่สมบูรณ์แบบของเธอ (EMBRACE YOUR FLAWS),*OPD [E-BOOK] โอบกอดความไม่สมบูรณ์แบบของเธอ (EMBRACE YOUR FLAWS),0,0,0,0,0,0,0,0,0,0,0,179,179,0,0,0,0,0,0,0,0,0,0,0,0,0,0,0,0,0,0,0,0,2026-03-01
[หนังสือ] ฉันจะมีชีวิตที่ดี,*OPD [E-BOOK] ฉันจะมีชีวิตที่ดี,0,0,0,0,0,0,0,0,0,0,0,179,179,0,0,0,0,0,0,0,0,0,0,0,0,0,0,0,0,0,0,0,0,2026-03-01
[หนังสือ] ความลับสู่เงินล้านที่โรงเรียนไม่เคยสอน (THE MILLIONAIRE'S TOP SECRET),[หนังสือ] ความลับสู่เงินล้านที่โรงเรียนไม่เคยสอน (THE MILLIONAIRE'S TOP SECRET),243.6,0,0,26.04,217.56,0,0,0,0,0,0,0,0,0,0,0,0,0,0,0,0,0,0,0,0,0,0,0,0,0,0,0,0,2026-03-01
[หนังสือ] ความลับสู่เงินล้านที่โรงเรียนไม่เคยสอน (THE MILLIONAIRE'S TOP SECRET),*OPD [E-BOOK] ความลับสู่เงินล้านที่โรงเรียนไม่เคยสอน (THE MILLIONAIRE'S TOP SECRET),0,0,0,0,0,0,0,0,0,0,0,0,0,0,0,0,0,0,0,0,0,0,0,0,0,0,0,0,0,0,0,0,0,2026-03-01
[หนังสือ] ขอใช้ชีวิตที่เหลือ เพื่อตัวเองนะ,[หนังสือ] ขอใช้ชีวิตที่เหลือ เพื่อตัวเองนะ,931,351.67,0,124.91,454.42,0,0,0,0,0,0,800,800,0,0,0,0,0,0,0,0,0,116.38,43.96,0,0,0,0,0,0,0,0,0,2026-03-01
[หนังสือ] ขอใช้ชีวิตที่เหลือ เพื่อตัวเองนะ,*OPD [E-BOOK] ขอใช้ชีวิตที่เหลือ เพื่อตัวเองนะ,0,0,0,0,0,0,0,0,0,0,0,0,0,0,0,0,0,0,0,0,0,0,0,0,0,0,0,0,0,0,0,0,0,2026-03-01
[หนังสือ] กับดักความรู้สึกผิด,[หนังสือ] กับดักความรู้สึกผิด,32599.9,27525.46,0,3701.54,716.25,556.65,100,0,0,0,0,86577.08,41245,0,1497.08,329,39617,359,1017,0,2513,0,37.65,66.74,0,247.25,217.71,54.73,0.25,0,0,0,0,2026-03-01
[หนังสือ] กับดักความรู้สึกผิด,*OPD [E-BOOK] กับดักความรู้สึกผิด,0,0,0,0,0,0,0,0,0,0,0,720,720,0,0,0,0,0,0,0,0,0,0,0,0,0,0,0,0,0,0,0,0,2026-03-01
[หนังสือ] กว่าจะคิดได้ ก็ไม่มีลมหายใจแล้ว (IT IS NEVER TOO LATE TO LOVE YOURSELF),[หนังสือ] กว่าจะคิดได้ ก็ไม่มีลมหายใจแล้ว (IT IS NEVER TOO LATE TO LOVE YOURSELF),0,0,0,0,0,0,0,0,0,0,0,1662.1,400,0,0,616.1,646,0,0,0,0,0,0,0,0,0,0,0,0,0,0,0,0,2026-03-01
[หนังสือ] กว่าจะคิดได้ ก็ไม่มีลมหายใจแล้ว (IT IS NEVER TOO LATE TO LOVE YOURSELF),*OPD [E-BOOK] กว่าจะคิดได้ ก็ไม่มีลมหายใจแล้ว (IT IS NEVER TOO LATE TO LOVE YOURSELF),0,0,0,0,0,0,0,0,0,0,0,0,0,0,0,0,0,0,0,0,0,0,0,0,0,0,0,0,0,0,0,0,0,2026-03-01
[หนังสือ] ฉันจะมีชีวิตที่ดี,[หนังสือ] ฉันจะมีชีวิตที่ดี,1072.45,154.36,0,65.28,852.81,0,0,0,0,0,0,1740,295,0,0,590,855,0,0,0,0,0,61.64,52.33,0,0,144.54,0,0,0,0,0,0,2026-03-01
[หนังสือ] THE WITCHES' CLUB ชมรมลับเปลี่ยนชีวิต,[หนังสือ] THE WITCHES' CLUB ชมรมลับเปลี่ยนชีวิต,4756.07,2011,0,1465.62,1179.45,0,100,0,0,0,0,1474,390,0,0,0,1084,0,0,0,0,0,322.66,515.64,0,0,0,0,9.23,0,0,0,0,2026-03-01
[หนังสือ] THE WITCHES' CLUB ชมรมลับเปลี่ยนชีวิต,*[E-BOOK] THE WITCHES' CLUB ชมรมลับเปลี่ยนชีวิต,0,0,0,0,0,0,0,0,0,0,0,0,0,0,0,0,0,0,0,0,0,0,0,0,0,0,0,0,0,0,0,0,0,2026-03-01
[หนังสือ] THE WITCHES' CLUB ชมรมลับเปลี่ยนชีวิต,[หนังสือ] BOXSET THE WITCHES' CLUB ชมรมลับเปลี่ยนชีวิต,0,0,0,0,0,0,0,0,0,0,0,7726,4376,0,0,0,2950,0,0,0,400,0,0,0,0,0,0,0,0,0,0,0,0,2026-03-01
[หนังสือ] GHOSTLY REMAINS ปลดพันธนาการดวงวิญญาณหลังความตาย,[หนังสือ] GHOSTLY REMAINS ปลดพันธนาการดวงวิญญาณหลังความตาย,988.05,302.77,0,111.73,573.55,0,0,0,0,0,0,2896,1069,0,390,0,1437,0,0,0,0,0,34.12,28.32,0,28.65,0,0,0,0,0,0,0,2026-03-01
[หนังสือ] GHOSTLY BREWS ยินดีบริการดวงวิญญาณหลังเที่ยงคืน,[หนังสือ] GHOSTLY BREWS ยินดีบริการดวงวิญญาณหลังเที่ยงคืน,1942.85,735.48,0,627.35,488.1,0,91.92,0,0,0,0,4494.36,369,0,861.36,1043,2221,0,0,0,0,0,43.23,199.32,0,72.83,46.8,0,4.14,0,0,0,0,2026-03-01
[หนังสือ] GHOSTLY BREWS ยินดีบริการดวงวิญญาณหลังเที่ยงคืน,*OPD [E-BOOK] GHOSTLY BREWS ยินดีบริการดวงวิญญาณหลังเที่ยงคืน,0,0,0,0,0,0,0,0,0,0,0,359,0,0,0,0,359,0,0,0,0,0,0,0,0,0,0,0,0,0,0,0,0,2026-03-01
[หนังสือ] GHOSTLY BREWS ยินดีบริการดวงวิญญาณหลังเที่ยงคืน,*[E-BOOK] GHOSTLY BREWS ยินดีบริการดวงวิญญาณหลังเที่ยงคืน,0,0,0,0,0,0,0,0,0,0,0,0,0,0,0,0,0,0,0,0,0,0,0,0,0,0,0,0,0,0,0,0,0,2026-03-01
[หนังสือ] เหนื่อยมากไหม พักก่อนก็ได้นะวันนี้,[หนังสือ] เหนื่อยมากไหม พักก่อนก็ได้นะวันนี้,191.28,191.28,0,0,0,0,0,0,0,0,0,780,780,0,0,0,0,0,0,0,0,0,24.52,24.52,0,0,0,0,0,0,0,0,0,2026-03-01
[หนังสือ] เหนื่อยมากไหม พักก่อนก็ได้นะวันนี้,*OPD [E-BOOK] เหนื่อยมากไหม พักก่อนก็ได้นะวันนี้,0,0,0,0,0,0,0,0,0,0,0,0,0,0,0,0,0,0,0,0,0,0,0,0,0,0,0,0,0,0,0,0,0,2026-03-01
[หนังสือ] เหนื่อยมากไหม พักก่อนก็ได้นะวันนี้,[หนังสือ] BOXSET เหนื่อยมากไหม พักก่อนก็ได้นะวันนี้,0,0,0,0,0,0,0,0,0,0,0,1880,1490,0,0,0,390,0,0,0,0,0,0,0,0,0,0,0,0,0,0,0,0,2026-03-01
[หนังสือ] THE WITCHES' CLUB ชมรมลับเปลี่ยนชีวิต,*OPD [E-BOOK] THE WITCHES' CLUB ชมรมลับเปลี่ยนชีวิต,0,0,0,0,0,0,0,0,0,0,0,0,0,0,0,0,0,0,0,0,0,0,0,0,0,0,0,0,0,0,0,0,0,2026-03-01
[หนังสือ] ชีวิตมีเรื่องให้ขอบคุณมากกว่าเสียใจ,[หนังสือ] ชีวิตมีเรื่องให้ขอบคุณมากกว่าเสียใจ,36.34,0,0,33.44,2.9,0,0,0,0,0,0,0,0,0,0,0,0,0,0,0,0,0,0,0,0,0,0,0,0,0,0,0,0,2026-03-02
[หนังสือ] ชีวิตมีเรื่องให้ขอบคุณมากกว่าเสียใจ,*OPD [E-BOOK] ชีวิตมีเรื่องให้ขอบคุณมากกว่าเสียใจ,0,0,0,0,0,0,0,0,0,0,0,0,0,0,0,0,0,0,0,0,0,0,0,0,0,0,0,0,0,0,0,0,0,2026-03-02
[หนังสือ] วันไหนที่ใจแข็งแรง ดอกไม้จะผลิบาน THE ENCHANTED GARDEN,[หนังสือ] วันไหนที่ใจแข็งแรง ดอกไม้จะผลิบาน THE ENCHANTED GARDEN,659.43,0,0,230.68,428.75,0,0,0,0,0,0,1133,0,0,0,390,743,0,0,0,0,0,58.2,0,0,0,109.94,0,0,0,0,0,0,2026-03-02
[หนังสือ] วันไหนที่ใจแข็งแรง ดอกไม้จะผลิบาน THE ENCHANTED GARDEN,*OPD [E-BOOK] วันไหนที่ใจแข็งแรง ดอกไม้จะผลิบาน THE ENCHANTED GARDEN,0,0,0,0,0,0,0,0,0,0,0,179,179,0,0,0,0,0,0,0,0,0,0,0,0,0,0,0,0,0,0,0,0,2026-03-02
[หนังสือ] วันไหนที่ใจแข็งแรง ดอกไม้จะผลิบาน THE ENCHANTED GARDEN,[หนังสือ] สวนของหัวใจ BLOSSOMS OF THE SOUL’S GARDEN,0,0,0,0,0,0,0,0,0,0,0,0,0,0,0,0,0,0,0,0,0,0,0,0,0,0,0,0,0,0,0,0,0,2026-03-02
[หนังสือ] ยินดีต้อนรับและขอบคุณที่กลับมา,[หนังสือ] ยินดีต้อนรับและขอบคุณที่กลับมา,259.86,0,0,218.68,41.18,0,0,0,0,0,0,359,0,0,0,0,359,0,0,0,0,0,72.38,0,0,0,0,0,0,0,0,0,0,2026-03-02
[หนังสือ] ยินดีต้อนรับและขอบคุณที่กลับมา,*OPD [E-BOOK] ยินดีต้อนรับและขอบคุณที่กลับมา,0,0,0,0,0,0,0,0,0,0,0,0,0,0,0,0,0,0,0,0,0,0,0,0,0,0,0,0,0,0,0,0,0,2026-03-02
[หนังสือ] ปีศาจตัวนั้น คือฉันเอง A GUIDE TO FIGHT THE DEMONS IN MY HEART,[หนังสือ] ปีศาจตัวนั้น คือฉันเอง A GUIDE TO FIGHT THE DEMONS IN MY HEART,14478.18,0,0,2851.07,11473.05,0,154.06,0,0,0,0,0,0,0,0,0,0,0,0,0,0,0,0,0,0,0,0,0,0,0,0,0,0,2026-03-02
[หนังสือ] ปีศาจตัวนั้น คือฉันเอง A GUIDE TO FIGHT THE DEMONS IN MY HEART,*OPD [E-BOOK] ปีศาจตัวนั้น คือฉันเอง A GUIDE TO FIGHTING THE DEMONS IN MY HEART,0,0,0,0,0,0,0,0,0,0,0,0,0,0,0,0,0,0,0,0,0,0,0,0,0,0,0,0,0,0,0,0,0,2026-03-02
[หนังสือ] ปีศาจตัวนั้น คือฉันเอง A GUIDE TO FIGHT THE DEMONS IN MY HEART,*[E-BOOK] ปีศาจตัวนั้น คือฉันเอง A GUIDE TO FIGHTING THE DEMONS IN MY HEART,0,0,0,0,0,0,0,0,0,0,0,0,0,0,0,0,0,0,0,0,0,0,0,0,0,0,0,0,0,0,0,0,0,2026-03-02
[หนังสือ] ปีศาจตัวนั้น คือฉันเอง A GUIDE TO FIGHT THE DEMONS IN MY HEART,[หนังสือ] ปีศาจตัวนั้น คือฉันเอง A GUIDE TO FIGHTING THE DEMONS IN MY HEART,0,0,0,0,0,0,0,0,0,0,0,13365.84,1224,0,390.59,8670.25,2722,359,0,0,0,0,0,0,0,0,0,0,0,0,0,0,0,2026-03-02
[หนังสือ] ปีศาจตัวนั้น คือฉันเอง 2 A GUIDE TO OVERCOMING THE RETURN OF THE DEMONS,[หนังสือ] ปีศาจตัวนั้น คือฉันเอง 2 A GUIDE TO OVERCOMING THE RETURN OF THE DEMONS,2451.45,0,0,239.09,2112.36,0,100,0,0,0,0,4934.24,600,0,951.04,1927.2,1456,0,0,0,0,0,49.68,0,0,25.14,109.61,0,6.87,0,0,0,0,2026-03-02
[หนังสือ] ปีศาจตัวนั้น คือฉันเอง 2 A GUIDE TO OVERCOMING THE RETURN OF THE DEMONS,*OPD [E-BOOK] ปีศาจตัวนั้น คือฉันเอง 2 A GUIDE TO OVERCOMING THE RETURN OF THE DEMONS,0,0,0,0,0,0,0,0,0,0,0,0,0,0,0,0,0,0,0,0,0,0,0,0,0,0,0,0,0,0,0,0,0,2026-03-02
[หนังสือ] ปีศาจความรักมักเลือกฉันเป็นเหยื่อ HOW TO FIGHT THE LOVE DEMON IN MY HEART,[หนังสือ] ปีศาจความรักมักเลือกฉันเป็นเหยื่อ HOW TO FIGHT THE LOVE DEMON IN MY HEART,254.03,0,0,53.85,200.18,0,0,0,0,0,0,779,200,0,0,0,379,0,0,0,200,0,32.61,0,0,0,0,0,0,0,0,0,0,2026-03-02
[หนังสือ] ปีศาจความรักมักเลือกฉันเป็นเหยื่อ HOW TO FIGHT THE LOVE DEMON IN MY HEART,*OPD [E-BOOK] ปีศาจความรักมักเลือกฉันเป็นเหยื่อ HOW TO FIGHT THE LOVE DEMON IN MY HEART,0,0,0,0,0,0,0,0,0,0,0,179,179,0,0,0,0,0,0,0,0,0,0,0,0,0,0,0,0,0,0,0,0,2026-03-02
[หนังสือ] ทุกความทรงจำคือของขวัญจากวันวาน,[หนังสือ] ทุกความทรงจำคือของขวัญจากวันวาน,0,0,0,0,0,0,0,0,0,0,0,200,0,0,0,0,0,0,0,0,200,0,0,0,0,0,0,0,0,0,0,0,0,2026-03-02
[หนังสือ] ทุกความทรงจำคือของขวัญจากวันวาน,*OPD [E-BOOK] ทุกความทรงจำคือของขวัญจากวันวาน,0,0,0,0,0,0,0,0,0,0,0,0,0,0,0,0,0,0,0,0,0,0,0,0,0,0,0,0,0,0,0,0,0,2026-03-02
[หนังสือ] ถ้าโลกมันแย่ ก็แค่คิดแบบคาปิบาร่า THINK LIKE A HAPPYBARA,[หนังสือ] ถ้าโลกมันแย่ ก็แค่คิดแบบคาปิบาร่า THINK LIKE A HAPPYBARA,944.66,0,0,168.35,776.31,0,0,0,0,0,0,0,0,0,0,0,0,0,0,0,0,0,0,0,0,0,0,0,0,0,0,0,0,2026-03-02
[หนังสือ] ถ้าโลกมันแย่ ก็แค่คิดแบบคาปิบาร่า THINK LIKE A HAPPYBARA,*OPD [E-BOOK] ถ้าโลกมันแย่ ก็แค่คิดแบบคาปิบาร่า THINK LIKE A HAPPYBARA,0,0,0,0,0,0,0,0,0,0,0,0,0,0,0,0,0,0,0,0,0,0,0,0,0,0,0,0,0,0,0,0,0,2026-03-02
[หนังสือ] ถ้าโลกมันแย่ ก็แค่คิดแบบคาปิบาร่า THINK LIKE A HAPPYBARA,[หนังสือ] BOXSET ถ้าโลกมันแย่ ก็แค่คิดแบบคาปิบาร่า THINK LIKE A HAPPYBARA,0,0,0,0,0,0,0,0,0,0,0,1416,0,0,0,590,826,0,0,0,0,0,0,0,0,0,0,0,0,0,0,0,0,2026-03-02
[หนังสือ] เหนื่อยมากไหม พักก่อนก็ได้นะวันนี้,[หนังสือ] เหนื่อยมากไหม พักก่อนก็ได้นะวันนี้,157.19,157.19,0,0,0,0,0,0,0,0,0,1015,0,0,350,0,345,0,320,0,0,0,15.49,0,0,0,0,0,0,0,0,0,0,2026-03-02
[หนังสือ] เหนื่อยมากไหม พักก่อนก็ได้นะวันนี้,*OPD [E-BOOK] เหนื่อยมากไหม พักก่อนก็ได้นะวันนี้,0,0,0,0,0,0,0,0,0,0,0,0,0,0,0,0,0,0,0,0,0,0,0,0,0,0,0,0,0,0,0,0,0,2026-03-02
[หนังสือ] เหนื่อยมากไหม พักก่อนก็ได้นะวันนี้,[หนังสือ] BOXSET เหนื่อยมากไหม พักก่อนก็ได้นะวันนี้,0,0,0,0,0,0,0,0,0,0,0,840,0,0,450,0,390,0,0,0,0,0,0,0,0,0,0,0,0,0,0,0,0,2026-03-02
[หนังสือ] โอบกอดความไม่สมบูรณ์แบบของเธอ (EMBRACE YOUR FLAWS),[หนังสือ] โอบกอดความไม่สมบูรณ์แบบของเธอ (EMBRACE YOUR FLAWS),2831.42,0,0,104.35,2727.07,0,0,0,0,0,0,3330,0,0,212,2611,507,0,0,0,0,0,85.03,0,0,49.22,104.45,0,0,0,0,0,0,2026-03-02
[หนังสือ] โอบกอดความไม่สมบูรณ์แบบของเธอ (EMBRACE YOUR FLAWS),*OPD [E-BOOK] โอบกอดความไม่สมบูรณ์แบบของเธอ (EMBRACE YOUR FLAWS),0,0,0,0,0,0,0,0,0,0,0,0,0,0,0,0,0,0,0,0,0,0,0,0,0,0,0,0,0,0,0,0,0,2026-03-02
[หนังสือ] ความลับสู่เงินล้านที่โรงเรียนไม่เคยสอน (THE MILLIONAIRE'S TOP SECRET),[หนังสือ] ความลับสู่เงินล้านที่โรงเรียนไม่เคยสอน (THE MILLIONAIRE'S TOP SECRET),306.75,0,0,54.45,252.3,0,0,0,0,0,0,954,0,0,0,0,954,0,0,0,0,0,32.15,0,0,0,0,0,0,0,0,0,0,2026-03-02
[หนังสือ] ความลับสู่เงินล้านที่โรงเรียนไม่เคยสอน (THE MILLIONAIRE'S TOP SECRET),*OPD [E-BOOK] ความลับสู่เงินล้านที่โรงเรียนไม่เคยสอน (THE MILLIONAIRE'S TOP SECRET),0,0,0,0,0,0,0,0,0,0,0,0,0,0,0,0,0,0,0,0,0,0,0,0,0,0,0,0,0,0,0,0,0,2026-03-02
[หนังสือ] ขอใช้ชีวิตที่เหลือ เพื่อตัวเองนะ,[หนังสือ] ขอใช้ชีวิตที่เหลือ เพื่อตัวเองนะ,1253.77,774.26,0,94.89,384.62,0,0,0,0,0,0,1987,1987,0,0,0,0,0,0,0,0,0,63.1,38.97,0,0,0,0,0,0,0,0,0,2026-03-02
[หนังสือ] ขอใช้ชีวิตที่เหลือ เพื่อตัวเองนะ,*OPD [E-BOOK] ขอใช้ชีวิตที่เหลือ เพื่อตัวเองนะ,0,0,0,0,0,0,0,0,0,0,0,0,0,0,0,0,0,0,0,0,0,0,0,0,0,0,0,0,0,0,0,0,0,2026-03-02
[หนังสือ] กับดักความรู้สึกผิด,[หนังสือ] กับดักความรู้สึกผิด,21483.69,17532.71,0,2773.57,669.93,407.48,100,0,0,0,0,63429.79,26011,0,2355.64,878.59,29174,725.56,1373,0,2513,399,33.87,67.4,0,117.74,76.25,29.68,0.34,0,0,0,0,2026-03-02
[หนังสือ] กับดักความรู้สึกผิด,*OPD [E-BOOK] กับดักความรู้สึกผิด,0,0,0,0,0,0,0,0,0,0,0,899,899,0,0,0,0,0,0,0,0,0,0,0,0,0,0,0,0,0,0,0,0,2026-03-02
[หนังสือ] กว่าจะคิดได้ ก็ไม่มีลมหายใจแล้ว (IT IS NEVER TOO LATE TO LOVE YOURSELF),[หนังสือ] กว่าจะคิดได้ ก็ไม่มีลมหายใจแล้ว (IT IS NEVER TOO LATE TO LOVE YOURSELF),0,0,0,0,0,0,0,0,0,0,0,1025,0,0,0,379,646,0,0,0,0,0,0,0,0,0,0,0,0,0,0,0,0,2026-03-02
[หนังสือ] กว่าจะคิดได้ ก็ไม่มีลมหายใจแล้ว (IT IS NEVER TOO LATE TO LOVE YOURSELF),*OPD [E-BOOK] กว่าจะคิดได้ ก็ไม่มีลมหายใจแล้ว (IT IS NEVER TOO LATE TO LOVE YOURSELF),0,0,0,0,0,0,0,0,0,0,0,0,0,0,0,0,0,0,0,0,0,0,0,0,0,0,0,0,0,0,0,0,0,2026-03-02
[หนังสือ] THE WITCHES' CLUB ชมรมลับเปลี่ยนชีวิต,[หนังสือ] THE WITCHES' CLUB ชมรมลับเปลี่ยนชีวิต,2187.81,604.66,0,859.26,623.89,0,100,0,0,0,0,1089,0,0,0,350,739,0,0,0,0,0,200.9,0,0,0,178.25,0,13.53,0,0,0,0,2026-03-02
[หนังสือ] THE WITCHES' CLUB ชมรมลับเปลี่ยนชีวิต,*OPD [E-BOOK] THE WITCHES' CLUB ชมรมลับเปลี่ยนชีวิต,0,0,0,0,0,0,0,0,0,0,0,179,179,0,0,0,0,0,0,0,0,0,0,0,0,0,0,0,0,0,0,0,0,2026-03-02
[หนังสือ] THE WITCHES' CLUB ชมรมลับเปลี่ยนชีวิต,*[E-BOOK] THE WITCHES' CLUB ชมรมลับเปลี่ยนชีวิต,0,0,0,0,0,0,0,0,0,0,0,0,0,0,0,0,0,0,0,0,0,0,0,0,0,0,0,0,0,0,0,0,0,2026-03-02
[หนังสือ] THE WITCHES' CLUB ชมรมลับเปลี่ยนชีวิต,[หนังสือ] BOXSET THE WITCHES' CLUB ชมรมลับเปลี่ยนชีวิต,0,0,0,0,0,0,0,0,0,0,0,5569.57,400,0,2428.65,976.92,1764,0,0,0,0,0,0,0,0,0,0,0,0,0,0,0,0,2026-03-02
[หนังสือ] GHOSTLY REMAINS ปลดพันธนาการดวงวิญญาณหลังความตาย,[หนังสือ] GHOSTLY REMAINS ปลดพันธนาการดวงวิญญาณหลังความตาย,603.32,238.41,0,100.3,264.61,0,0,0,0,0,0,952.36,334,0,0,269.36,349,0,0,0,0,0,63.35,71.38,0,0,98.24,0,0,0,0,0,0,2026-03-02
[หนังสือ] GHOSTLY BREWS ยินดีบริการดวงวิญญาณหลังเที่ยงคืน,[หนังสือ] GHOSTLY BREWS ยินดีบริการดวงวิญญาณหลังเที่ยงคืน,2835.28,676.26,0,324.64,1734.38,0,100,0,0,0,0,1929,0,0,592,249,1088,0,0,0,0,0,146.98,0,0,54.84,696.54,0,9.19,0,0,0,0,2026-03-02
[หนังสือ] GHOSTLY BREWS ยินดีบริการดวงวิญญาณหลังเที่ยงคืน,*OPD [E-BOOK] GHOSTLY BREWS ยินดีบริการดวงวิญญาณหลังเที่ยงคืน,0,0,0,0,0,0,0,0,0,0,0,0,0,0,0,0,0,0,0,0,0,0,0,0,0,0,0,0,0,0,0,0,0,2026-03-02
[หนังสือ] GHOSTLY BREWS ยินดีบริการดวงวิญญาณหลังเที่ยงคืน,*[E-BOOK] GHOSTLY BREWS ยินดีบริการดวงวิญญาณหลังเที่ยงคืน,0,0,0,0,0,0,0,0,0,0,0,0,0,0,0,0,0,0,0,0,0,0,0,0,0,0,0,0,0,0,0,0,0,2026-03-02
[หนังสือ] ฉันจะมีชีวิตที่ดี,[หนังสือ] ฉันจะมีชีวิตที่ดี,1085.97,446.16,0,59.75,580.06,0,0,0,0,0,0,885,590,0,0,295,0,0,0,0,0,0,122.71,75.62,0,0,196.63,0,0,0,0,0,0,2026-03-02
[หนังสือ] ฉันจะมีชีวิตที่ดี,*OPD [E-BOOK] ฉันจะมีชีวิตที่ดี,0,0,0,0,0,0,0,0,0,0,0,0,0,0,0,0,0,0,0,0,0,0,0,0,0,0,0,0,0,0,0,0,0,2026-03-02
[หนังสือ] ชีวิตมีเรื่องให้ขอบคุณมากกว่าเสียใจ,[หนังสือ] ชีวิตมีเรื่องให้ขอบคุณมากกว่าเสียใจ,30.36,0,0,28.51,1.85,0,0,0,0,0,0,0,0,0,0,0,0,0,0,0,0,0,0,0,0,0,0,0,0,0,0,0,0,2026-03-03
[หนังสือ] เมื่อโลกทั้งใบซ่อนอยู่ใต้หมวกกันน็อก (HELMET GIRL),[หนังสือ] เมื่อโลกทั้งใบซ่อนอยู่ใต้หมวกกันน็อก (HELMET GIRL),0,0,0,0,0,0,0,0,0,0,0,0,0,0,0,0,0,0,0,0,0,0,0,0,0,0,0,0,0,0,0,0,0,2026-03-03
[หนังสือ] เมื่อโลกทั้งใบซ่อนอยู่ใต้หมวกกันน็อก (HELMET GIRL),*OPD [E-BOOK] เมื่อโลกทั้งใบซ่อนอยู่ใต้หมวกกันน็อก (HELMET GIRL),0,0,0,0,0,0,0,0,0,0,0,0,0,0,0,0,0,0,0,0,0,0,0,0,0,0,0,0,0,0,0,0,0,2026-03-03
[หนังสือ] เมื่อโลกทั้งใบซ่อนอยู่ใต้หมวกกันน็อก (HELMET GIRL),[หนังสือ] BOXSET เมื่อโลกทั้งใบซ่อนอยู่ใต้หมวกกันน็อก (HELMET GIRL),0,0,0,0,0,0,0,0,0,0,0,400,0,0,0,0,0,0,0,0,400,0,0,0,0,0,0,0,0,0,0,0,0,2026-03-03
[หนังสือ] วันไหนที่ใจแข็งแรง ดอกไม้จะผลิบาน THE ENCHANTED GARDEN,[หนังสือ] วันไหนที่ใจแข็งแรง ดอกไม้จะผลิบาน THE ENCHANTED GARDEN,621.08,0,0,116.95,504.13,0,0,0,0,0,0,981,0,0,0,0,981,0,0,0,0,0,63.31,0,0,0,0,0,0,0,0,0,0,2026-03-03
[หนังสือ] วันไหนที่ใจแข็งแรง ดอกไม้จะผลิบาน THE ENCHANTED GARDEN,*OPD [E-BOOK] วันไหนที่ใจแข็งแรง ดอกไม้จะผลิบาน THE ENCHANTED GARDEN,0,0,0,0,0,0,0,0,0,0,0,0,0,0,0,0,0,0,0,0,0,0,0,0,0,0,0,0,0,0,0,0,0,2026-03-03
[หนังสือ] วันไหนที่ใจแข็งแรง ดอกไม้จะผลิบาน THE ENCHANTED GARDEN,[หนังสือ] สวนของหัวใจ BLOSSOMS OF THE SOUL’S GARDEN,0,0,0,0,0,0,0,0,0,0,0,668,0,0,0,0,668,0,0,0,0,0,0,0,0,0,0,0,0,0,0,0,0,2026-03-03
[หนังสือ] ยินดีต้อนรับและขอบคุณที่กลับมา,[หนังสือ] ยินดีต้อนรับและขอบคุณที่กลับมา,193.2,0,0,163.17,30.03,0,0,0,0,0,0,646,0,0,0,0,646,0,0,0,0,0,29.91,0,0,0,0,0,0,0,0,0,0,2026-03-03
[หนังสือ] ยินดีต้อนรับและขอบคุณที่กลับมา,*OPD [E-BOOK] ยินดีต้อนรับและขอบคุณที่กลับมา,0,0,0,0,0,0,0,0,0,0,0,0,0,0,0,0,0,0,0,0,0,0,0,0,0,0,0,0,0,0,0,0,0,2026-03-03
[หนังสือ] ปีศาจตัวนั้น คือฉันเอง A GUIDE TO FIGHT THE DEMONS IN MY HEART,[หนังสือ] ปีศาจตัวนั้น คือฉันเอง A GUIDE TO FIGHT THE DEMONS IN MY HEART,13681.59,0,0,3984.95,9496.64,0,200,0,0,0,0,0,0,0,0,0,0,0,0,0,0,0,0,0,0,0,0,0,0,0,0,0,0,2026-03-03
[หนังสือ] ชีวิตมีเรื่องให้ขอบคุณมากกว่าเสียใจ,*OPD [E-BOOK] ชีวิตมีเรื่องให้ขอบคุณมากกว่าเสียใจ,0,0,0,0,0,0,0,0,0,0,0,0,0,0,0,0,0,0,0,0,0,0,0,0,0,0,0,0,0,0,0,0,0,2026-03-03
[หนังสือ] ปีศาจตัวนั้น คือฉันเอง A GUIDE TO FIGHT THE DEMONS IN MY HEART,*OPD [E-BOOK] ปีศาจตัวนั้น คือฉันเอง A GUIDE TO FIGHTING THE DEMONS IN MY HEART,0,0,0,0,0,0,0,0,0,0,0,599,0,0,0,0,599,0,0,0,0,0,0,0,0,0,0,0,0,0,0,0,0,2026-03-03
[หนังสือ] ปีศาจตัวนั้น คือฉันเอง A GUIDE TO FIGHT THE DEMONS IN MY HEART,[หนังสือ] ปีศาจตัวนั้น คือฉันเอง A GUIDE TO FIGHTING THE DEMONS IN MY HEART,0,0,0,0,0,0,0,0,0,0,0,8610,600,0,0,0,7691,0,319,0,0,0,0,0,0,0,0,0,0,0,0,0,0,2026-03-03
[หนังสือ] ปีศาจตัวนั้น คือฉันเอง 2 A GUIDE TO OVERCOMING THE RETURN OF THE DEMONS,[หนังสือ] ปีศาจตัวนั้น คือฉันเอง 2 A GUIDE TO OVERCOMING THE RETURN OF THE DEMONS,3173.16,0,0,292.82,2780.34,0,100,0,0,0,0,4949,931,0,0,0,4018,0,0,0,0,0,64.12,0,0,0,0,0,2.49,0,0,0,0,2026-03-03
[หนังสือ] ปีศาจตัวนั้น คือฉันเอง 2 A GUIDE TO OVERCOMING THE RETURN OF THE DEMONS,*OPD [E-BOOK] ปีศาจตัวนั้น คือฉันเอง 2 A GUIDE TO OVERCOMING THE RETURN OF THE DEMONS,0,0,0,0,0,0,0,0,0,0,0,0,0,0,0,0,0,0,0,0,0,0,0,0,0,0,0,0,0,0,0,0,0,2026-03-03
[หนังสือ] ปีศาจความรักมักเลือกฉันเป็นเหยื่อ HOW TO FIGHT THE LOVE DEMON IN MY HEART,[หนังสือ] ปีศาจความรักมักเลือกฉันเป็นเหยื่อ HOW TO FIGHT THE LOVE DEMON IN MY HEART,306.11,0,0,33.49,272.62,0,0,0,0,0,0,909,0,0,0,0,909,0,0,0,0,0,33.68,0,0,0,0,0,0,0,0,0,0,2026-03-03
[หนังสือ] ปีศาจความรักมักเลือกฉันเป็นเหยื่อ HOW TO FIGHT THE LOVE DEMON IN MY HEART,*OPD [E-BOOK] ปีศาจความรักมักเลือกฉันเป็นเหยื่อ HOW TO FIGHT THE LOVE DEMON IN MY HEART,0,0,0,0,0,0,0,0,0,0,0,1077,0,0,0,0,1077,0,0,0,0,0,0,0,0,0,0,0,0,0,0,0,0,2026-03-03
[หนังสือ] ทุกความทรงจำคือของขวัญจากวันวาน,[หนังสือ] ทุกความทรงจำคือของขวัญจากวันวาน,0,0,0,0,0,0,0,0,0,0,0,329,0,0,0,0,329,0,0,0,0,0,0,0,0,0,0,0,0,0,0,0,0,2026-03-03
[หนังสือ] ทุกความทรงจำคือของขวัญจากวันวาน,*OPD [E-BOOK] ทุกความทรงจำคือของขวัญจากวันวาน,0,0,0,0,0,0,0,0,0,0,0,0,0,0,0,0,0,0,0,0,0,0,0,0,0,0,0,0,0,0,0,0,0,2026-03-03
[หนังสือ] ถ้าโลกมันแย่ ก็แค่คิดแบบคาปิบาร่า THINK LIKE A HAPPYBARA,[หนังสือ] ถ้าโลกมันแย่ ก็แค่คิดแบบคาปิบาร่า THINK LIKE A HAPPYBARA,711.23,0,0,207.49,503.74,0,0,0,0,0,0,390,0,0,0,0,390,0,0,0,0,0,182.37,0,0,0,0,0,0,0,0,0,0,2026-03-03
[หนังสือ] ถ้าโลกมันแย่ ก็แค่คิดแบบคาปิบาร่า THINK LIKE A HAPPYBARA,*OPD [E-BOOK] ถ้าโลกมันแย่ ก็แค่คิดแบบคาปิบาร่า THINK LIKE A HAPPYBARA,0,0,0,0,0,0,0,0,0,0,0,0,0,0,0,0,0,0,0,0,0,0,0,0,0,0,0,0,0,0,0,0,0,2026-03-03
[หนังสือ] ปีศาจตัวนั้น คือฉันเอง A GUIDE TO FIGHT THE DEMONS IN MY HEART,*[E-BOOK] ปีศาจตัวนั้น คือฉันเอง A GUIDE TO FIGHTING THE DEMONS IN MY HEART,0,0,0,0,0,0,0,0,0,0,0,0,0,0,0,0,0,0,0,0,0,0,0,0,0,0,0,0,0,0,0,0,0,2026-03-03
[หนังสือ] ถ้าโลกมันแย่ ก็แค่คิดแบบคาปิบาร่า THINK LIKE A HAPPYBARA,[หนังสือ] BOXSET ถ้าโลกมันแย่ ก็แค่คิดแบบคาปิบาร่า THINK LIKE A HAPPYBARA,0,0,0,0,0,0,0,0,0,0,0,2614,400,0,0,0,2214,0,0,0,0,0,0,0,0,0,0,0,0,0,0,0,0,2026-03-03
[หนังสือ] โอบกอดความไม่สมบูรณ์แบบของเธอ (EMBRACE YOUR FLAWS),[หนังสือ] โอบกอดความไม่สมบูรณ์แบบของเธอ (EMBRACE YOUR FLAWS),1157.84,0,0,101.71,1056.13,0,0,0,0,0,0,2525,837,0,0,0,1688,0,0,0,0,0,45.86,0,0,0,0,0,0,0,0,0,0,2026-03-03
[หนังสือ] โอบกอดความไม่สมบูรณ์แบบของเธอ (EMBRACE YOUR FLAWS),*OPD [E-BOOK] โอบกอดความไม่สมบูรณ์แบบของเธอ (EMBRACE YOUR FLAWS),0,0,0,0,0,0,0,0,0,0,0,0,0,0,0,0,0,0,0,0,0,0,0,0,0,0,0,0,0,0,0,0,0,2026-03-03
[หนังสือ] ฉันจะมีชีวิตที่ดี,*OPD [E-BOOK] ฉันจะมีชีวิตที่ดี,0,0,0,0,0,0,0,0,0,0,0,0,0,0,0,0,0,0,0,0,0,0,0,0,0,0,0,0,0,0,0,0,0,2026-03-03
[หนังสือ] ความลับสู่เงินล้านที่โรงเรียนไม่เคยสอน (THE MILLIONAIRE'S TOP SECRET),[หนังสือ] ความลับสู่เงินล้านที่โรงเรียนไม่เคยสอน (THE MILLIONAIRE'S TOP SECRET),269.79,0,0,38.11,231.68,0,0,0,0,0,0,921,0,0,0,0,921,0,0,0,0,0,29.29,0,0,0,0,0,0,0,0,0,0,2026-03-03
[หนังสือ] ความลับสู่เงินล้านที่โรงเรียนไม่เคยสอน (THE MILLIONAIRE'S TOP SECRET),*OPD [E-BOOK] ความลับสู่เงินล้านที่โรงเรียนไม่เคยสอน (THE MILLIONAIRE'S TOP SECRET),0,0,0,0,0,0,0,0,0,0,0,0,0,0,0,0,0,0,0,0,0,0,0,0,0,0,0,0,0,0,0,0,0,2026-03-03
[หนังสือ] ขอใช้ชีวิตที่เหลือ เพื่อตัวเองนะ,[หนังสือ] ขอใช้ชีวิตที่เหลือ เพื่อตัวเองนะ,2159.32,867.85,0,288.85,1002.62,0,0,0,0,0,0,2379,1392,0,0,0,987,0,0,0,0,0,90.77,62.35,0,0,0,0,0,0,0,0,0,2026-03-03
[หนังสือ] ขอใช้ชีวิตที่เหลือ เพื่อตัวเองนะ,*OPD [E-BOOK] ขอใช้ชีวิตที่เหลือ เพื่อตัวเองนะ,0,0,0,0,0,0,0,0,0,0,0,0,0,0,0,0,0,0,0,0,0,0,0,0,0,0,0,0,0,0,0,0,0,2026-03-03
[หนังสือ] กับดักความรู้สึกผิด,[หนังสือ] กับดักความรู้สึกผิด,25961.42,22789.09,0,1897.97,918.06,256.3,100,0,0,0,0,86866.46,25629,0,0,0,54877,1773.46,1017,0,3570,0,29.89,88.92,0,0,0,25.2,0.18,0,0,0,0,2026-03-03
[หนังสือ] กับดักความรู้สึกผิด,*OPD [E-BOOK] กับดักความรู้สึกผิด,0,0,0,0,0,0,0,0,0,0,0,360,360,0,0,0,0,0,0,0,0,0,0,0,0,0,0,0,0,0,0,0,0,2026-03-03
[หนังสือ] กว่าจะคิดได้ ก็ไม่มีลมหายใจแล้ว (IT IS NEVER TOO LATE TO LOVE YOURSELF),[หนังสือ] กว่าจะคิดได้ ก็ไม่มีลมหายใจแล้ว (IT IS NEVER TOO LATE TO LOVE YOURSELF),0,0,0,0,0,0,0,0,0,0,0,800,800,0,0,0,0,0,0,0,0,0,0,0,0,0,0,0,0,0,0,0,0,2026-03-03
[หนังสือ] กว่าจะคิดได้ ก็ไม่มีลมหายใจแล้ว (IT IS NEVER TOO LATE TO LOVE YOURSELF),*OPD [E-BOOK] กว่าจะคิดได้ ก็ไม่มีลมหายใจแล้ว (IT IS NEVER TOO LATE TO LOVE YOURSELF),0,0,0,0,0,0,0,0,0,0,0,0,0,0,0,0,0,0,0,0,0,0,0,0,0,0,0,0,0,0,0,0,0,2026-03-03
[หนังสือ] ฉันจะมีชีวิตที่ดี,[หนังสือ] ฉันจะมีชีวิตที่ดี,709.43,263.94,0,56.95,388.54,0,0,0,0,0,0,1740,0,0,0,0,1445,0,0,0,295,0,40.77,0,0,0,0,0,0,0,0,0,0,2026-03-03
[หนังสือ] THE WITCHES' CLUB ชมรมลับเปลี่ยนชีวิต,[หนังสือ] THE WITCHES' CLUB ชมรมลับเปลี่ยนชีวิต,2605.88,1308.33,0,753.32,444.23,0,100,0,0,0,0,0,0,0,0,0,0,0,0,0,0,0,0,0,0,0,0,0,0,0,0,0,0,2026-03-03
[หนังสือ] THE WITCHES' CLUB ชมรมลับเปลี่ยนชีวิต,*[E-BOOK] THE WITCHES' CLUB ชมรมลับเปลี่ยนชีวิต,0,0,0,0,0,0,0,0,0,0,0,0,0,0,0,0,0,0,0,0,0,0,0,0,0,0,0,0,0,0,0,0,0,2026-03-03
[หนังสือ] THE WITCHES' CLUB ชมรมลับเปลี่ยนชีวิต,[หนังสือ] BOXSET THE WITCHES' CLUB ชมรมลับเปลี่ยนชีวิต,0,0,0,0,0,0,0,0,0,0,0,8247.3,2009,0,0,0,5666,572.3,0,0,0,0,0,0,0,0,0,0,0,0,0,0,0,2026-03-03
[หนังสือ] GHOSTLY REMAINS ปลดพันธนาการดวงวิญญาณหลังความตาย,[หนังสือ] GHOSTLY REMAINS ปลดพันธนาการดวงวิญญาณหลังความตาย,1082.01,330.55,0,189.07,562.39,0,0,0,0,0,0,2629,330,0,0,0,2299,0,0,0,0,0,41.16,100.17,0,0,0,0,0,0,0,0,0,2026-03-03
[หนังสือ] GHOSTLY BREWS ยินดีบริการดวงวิญญาณหลังเที่ยงคืน,[หนังสือ] GHOSTLY BREWS ยินดีบริการดวงวิญญาณหลังเที่ยงคืน,3988.42,888.48,0,791.95,2207.99,0,100,0,0,0,0,3136,600,0,0,0,2536,0,0,0,0,0,127.18,148.08,0,0,0,0,3.94,0,0,0,0,2026-03-03
[หนังสือ] GHOSTLY BREWS ยินดีบริการดวงวิญญาณหลังเที่ยงคืน,*OPD [E-BOOK] GHOSTLY BREWS ยินดีบริการดวงวิญญาณหลังเที่ยงคืน,0,0,0,0,0,0,0,0,0,0,0,0,0,0,0,0,0,0,0,0,0,0,0,0,0,0,0,0,0,0,0,0,0,2026-03-03
[หนังสือ] GHOSTLY BREWS ยินดีบริการดวงวิญญาณหลังเที่ยงคืน,*[E-BOOK] GHOSTLY BREWS ยินดีบริการดวงวิญญาณหลังเที่ยงคืน,0,0,0,0,0,0,0,0,0,0,0,0,0,0,0,0,0,0,0,0,0,0,0,0,0,0,0,0,0,0,0,0,0,2026-03-03
[หนังสือ] เหนื่อยมากไหม พักก่อนก็ได้นะวันนี้,[หนังสือ] เหนื่อยมากไหม พักก่อนก็ได้นะวันนี้,162.2,162.2,0,0,0,0,0,0,0,0,0,1877,0,0,0,0,1877,0,0,0,0,0,8.64,0,0,0,0,0,0,0,0,0,0,2026-03-03
[หนังสือ] เหนื่อยมากไหม พักก่อนก็ได้นะวันนี้,*OPD [E-BOOK] เหนื่อยมากไหม พักก่อนก็ได้นะวันนี้,0,0,0,0,0,0,0,0,0,0,0,0,0,0,0,0,0,0,0,0,0,0,0,0,0,0,0,0,0,0,0,0,0,2026-03-03
[หนังสือ] เหนื่อยมากไหม พักก่อนก็ได้นะวันนี้,[หนังสือ] BOXSET เหนื่อยมากไหม พักก่อนก็ได้นะวันนี้,0,0,0,0,0,0,0,0,0,0,0,902,400,0,0,0,502,0,0,0,0,0,0,0,0,0,0,0,0,0,0,0,0,2026-03-03
[หนังสือ] THE WITCHES' CLUB ชมรมลับเปลี่ยนชีวิต,*OPD [E-BOOK] THE WITCHES' CLUB ชมรมลับเปลี่ยนชีวิต,0,0,0,0,0,0,0,0,0,0,0,0,0,0,0,0,0,0,0,0,0,0,0,0,0,0,0,0,0,0,0,0,0,2026-03-03
[หนังสือ] ถ้าโลกมันแย่ ก็แค่คิดแบบคาปิบาร่า THINK LIKE A HAPPYBARA,[หนังสือ] ถ้าโลกมันแย่ ก็แค่คิดแบบคาปิบาร่า THINK LIKE A HAPPYBARA,809.54,0,0,142.97,666.57,0,0,0,0,0,0,1329,0,0,0,0,1009,0,320,0,0,0,60.91,0,0,0,0,0,0,0,0,0,0,2026-03-04
[หนังสือ] ถ้าโลกมันแย่ ก็แค่คิดแบบคาปิบาร่า THINK LIKE A HAPPYBARA,*OPD [E-BOOK] ถ้าโลกมันแย่ ก็แค่คิดแบบคาปิบาร่า THINK LIKE A HAPPYBARA,0,0,0,0,0,0,0,0,0,0,0,0,0,0,0,0,0,0,0,0,0,0,0,0,0,0,0,0,0,0,0,0,0,2026-03-04
[หนังสือ] ถ้าโลกมันแย่ ก็แค่คิดแบบคาปิบาร่า THINK LIKE A HAPPYBARA,[หนังสือ] BOXSET ถ้าโลกมันแย่ ก็แค่คิดแบบคาปิบาร่า THINK LIKE A HAPPYBARA,0,0,0,0,0,0,0,0,0,0,0,902,0,0,0,0,502,0,0,0,400,0,0,0,0,0,0,0,0,0,0,0,0,2026-03-04
[หนังสือ] เมื่อโลกทั้งใบซ่อนอยู่ใต้หมวกกันน็อก (HELMET GIRL),[หนังสือ] เมื่อโลกทั้งใบซ่อนอยู่ใต้หมวกกันน็อก (HELMET GIRL),0,0,0,0,0,0,0,0,0,0,0,390,0,0,0,0,390,0,0,0,0,0,0,0,0,0,0,0,0,0,0,0,0,2026-03-04
[หนังสือ] เมื่อโลกทั้งใบซ่อนอยู่ใต้หมวกกันน็อก (HELMET GIRL),*OPD [E-BOOK] เมื่อโลกทั้งใบซ่อนอยู่ใต้หมวกกันน็อก (HELMET GIRL),0,0,0,0,0,0,0,0,0,0,0,0,0,0,0,0,0,0,0,0,0,0,0,0,0,0,0,0,0,0,0,0,0,2026-03-04
[หนังสือ] เมื่อโลกทั้งใบซ่อนอยู่ใต้หมวกกันน็อก (HELMET GIRL),[หนังสือ] BOXSET เมื่อโลกทั้งใบซ่อนอยู่ใต้หมวกกันน็อก (HELMET GIRL),0,0,0,0,0,0,0,0,0,0,0,0,0,0,0,0,0,0,0,0,0,0,0,0,0,0,0,0,0,0,0,0,0,2026-03-04
"[หนังสือ] สะกดคำ 1,200 คำ BY ครูพี่วัน","[หนังสือ] สะกดคำ 1,200 คำ BY ครูพี่วัน",0,0,0,0,0,0,0,0,0,0,0,399,0,0,0,399,0,0,0,0,0,0,0,0,0,0,0,0,0,0,0,0,0,2026-03-04
[หนังสือ] วันไหนที่ใจแข็งแรง ดอกไม้จะผลิบาน THE ENCHANTED GARDEN,[หนังสือ] วันไหนที่ใจแข็งแรง ดอกไม้จะผลิบาน THE ENCHANTED GARDEN,312.54,0,0,71.15,241.39,0,0,0,0,0,0,741,0,0,0,0,741,0,0,0,0,0,42.18,0,0,0,0,0,0,0,0,0,0,2026-03-04
[หนังสือ] วันไหนที่ใจแข็งแรง ดอกไม้จะผลิบาน THE ENCHANTED GARDEN,*OPD [E-BOOK] วันไหนที่ใจแข็งแรง ดอกไม้จะผลิบาน THE ENCHANTED GARDEN,0,0,0,0,0,0,0,0,0,0,0,0,0,0,0,0,0,0,0,0,0,0,0,0,0,0,0,0,0,0,0,0,0,2026-03-04
[หนังสือ] วันไหนที่ใจแข็งแรง ดอกไม้จะผลิบาน THE ENCHANTED GARDEN,[หนังสือ] สวนของหัวใจ BLOSSOMS OF THE SOUL’S GARDEN,0,0,0,0,0,0,0,0,0,0,0,334,0,0,0,0,334,0,0,0,0,0,0,0,0,0,0,0,0,0,0,0,0,2026-03-04
[หนังสือ] ยินดีต้อนรับและขอบคุณที่กลับมา,[หนังสือ] ยินดีต้อนรับและขอบคุณที่กลับมา,204.6,0,0,172.14,32.46,0,0,0,0,0,0,0,0,0,0,0,0,0,0,0,0,0,0,0,0,0,0,0,0,0,0,0,0,2026-03-04
[หนังสือ] ยินดีต้อนรับและขอบคุณที่กลับมา,*OPD [E-BOOK] ยินดีต้อนรับและขอบคุณที่กลับมา,0,0,0,0,0,0,0,0,0,0,0,0,0,0,0,0,0,0,0,0,0,0,0,0,0,0,0,0,0,0,0,0,0,2026-03-04
[หนังสือ] ปีศาจตัวนั้น คือฉันเอง A GUIDE TO FIGHT THE DEMONS IN MY HEART,[หนังสือ] ปีศาจตัวนั้น คือฉันเอง A GUIDE TO FIGHT THE DEMONS IN MY HEART,14843.03,0,0,5291.28,9351.75,0,200,0,0,0,0,0,0,0,0,0,0,0,0,0,0,0,0,0,0,0,0,0,0,0,0,0,0,2026-03-04
[หนังสือ] ปีศาจตัวนั้น คือฉันเอง A GUIDE TO FIGHT THE DEMONS IN MY HEART,*OPD [E-BOOK] ปีศาจตัวนั้น คือฉันเอง A GUIDE TO FIGHTING THE DEMONS IN MY HEART,0,0,0,0,0,0,0,0,0,0,0,0,0,0,0,0,0,0,0,0,0,0,0,0,0,0,0,0,0,0,0,0,0,2026-03-04
[หนังสือ] ปีศาจตัวนั้น คือฉันเอง A GUIDE TO FIGHT THE DEMONS IN MY HEART,*[E-BOOK] ปีศาจตัวนั้น คือฉันเอง A GUIDE TO FIGHTING THE DEMONS IN MY HEART,0,0,0,0,0,0,0,0,0,0,0,0,0,0,0,0,0,0,0,0,0,0,0,0,0,0,0,0,0,0,0,0,0,2026-03-04
[หนังสือ] ปีศาจตัวนั้น คือฉันเอง A GUIDE TO FIGHT THE DEMONS IN MY HEART,[หนังสือ] ปีศาจตัวนั้น คือฉันเอง A GUIDE TO FIGHTING THE DEMONS IN MY HEART,0,0,0,0,0,0,0,0,0,0,0,4475,600,0,0,0,3875,0,0,0,0,0,0,0,0,0,0,0,0,0,0,0,0,2026-03-04
[หนังสือ] ปีศาจตัวนั้น คือฉันเอง 2 A GUIDE TO OVERCOMING THE RETURN OF THE DEMONS,[หนังสือ] ปีศาจตัวนั้น คือฉันเอง 2 A GUIDE TO OVERCOMING THE RETURN OF THE DEMONS,3975.5,0,0,157.07,3718.41,0,100,0.02,0,0,0,3570,600,0,0,0,2970,0,0,0,0,0,111.36,0,0,0,0,0,3.37,0,0,0,0,2026-03-04
[หนังสือ] ปีศาจตัวนั้น คือฉันเอง 2 A GUIDE TO OVERCOMING THE RETURN OF THE DEMONS,*OPD [E-BOOK] ปีศาจตัวนั้น คือฉันเอง 2 A GUIDE TO OVERCOMING THE RETURN OF THE DEMONS,0,0,0,0,0,0,0,0,0,0,0,0,0,0,0,0,0,0,0,0,0,0,0,0,0,0,0,0,0,0,0,0,0,2026-03-04
[หนังสือ] ปีศาจความรักมักเลือกฉันเป็นเหยื่อ HOW TO FIGHT THE LOVE DEMON IN MY HEART,[หนังสือ] ปีศาจความรักมักเลือกฉันเป็นเหยื่อ HOW TO FIGHT THE LOVE DEMON IN MY HEART,221.46,0,0,34.99,186.47,0,0,0,0,0,0,909,0,0,0,0,909,0,0,0,0,0,24.36,0,0,0,0,0,0,0,0,0,0,2026-03-04
[หนังสือ] ปีศาจความรักมักเลือกฉันเป็นเหยื่อ HOW TO FIGHT THE LOVE DEMON IN MY HEART,*OPD [E-BOOK] ปีศาจความรักมักเลือกฉันเป็นเหยื่อ HOW TO FIGHT THE LOVE DEMON IN MY HEART,0,0,0,0,0,0,0,0,0,0,0,0,0,0,0,0,0,0,0,0,0,0,0,0,0,0,0,0,0,0,0,0,0,2026-03-04
[หนังสือ] ทุกความทรงจำคือของขวัญจากวันวาน,[หนังสือ] ทุกความทรงจำคือของขวัญจากวันวาน,0,0,0,0,0,0,0,0,0,0,0,319.13,0,0,0,0,0,319.13,0,0,0,0,0,0,0,0,0,0,0,0,0,0,0,2026-03-04
[หนังสือ] ทุกความทรงจำคือของขวัญจากวันวาน,*OPD [E-BOOK] ทุกความทรงจำคือของขวัญจากวันวาน,0,0,0,0,0,0,0,0,0,0,0,0,0,0,0,0,0,0,0,0,0,0,0,0,0,0,0,0,0,0,0,0,0,2026-03-04
[หนังสือ] เหนื่อยมากไหม พักก่อนก็ได้นะวันนี้,[หนังสือ] เหนื่อยมากไหม พักก่อนก็ได้นะวันนี้,305.21,305.21,0,0,0,0,0,0,0,0,0,1428,0,0,0,0,1428,0,0,0,0,0,21.37,0,0,0,0,0,0,0,0,0,0,2026-03-04
[หนังสือ] เหนื่อยมากไหม พักก่อนก็ได้นะวันนี้,*OPD [E-BOOK] เหนื่อยมากไหม พักก่อนก็ได้นะวันนี้,0,0,0,0,0,0,0,0,0,0,0,0,0,0,0,0,0,0,0,0,0,0,0,0,0,0,0,0,0,0,0,0,0,2026-03-04
[หนังสือ] เหนื่อยมากไหม พักก่อนก็ได้นะวันนี้,[หนังสือ] BOXSET เหนื่อยมากไหม พักก่อนก็ได้นะวันนี้,0,0,0,0,0,0,0,0,0,0,0,0,0,0,0,0,0,0,0,0,0,0,0,0,0,0,0,0,0,0,0,0,0,2026-03-04
[หนังสือ] โอบกอดความไม่สมบูรณ์แบบของเธอ (EMBRACE YOUR FLAWS),[หนังสือ] โอบกอดความไม่สมบูรณ์แบบของเธอ (EMBRACE YOUR FLAWS),2034.8,96.31,0,134.56,1803.93,0,0,0,0,0,0,507,0,0,0,0,228,279,0,0,0,0,401.34,0,0,0,0,0,0,0,0,0,0,2026-03-04
[หนังสือ] โอบกอดความไม่สมบูรณ์แบบของเธอ (EMBRACE YOUR FLAWS),*OPD [E-BOOK] โอบกอดความไม่สมบูรณ์แบบของเธอ (EMBRACE YOUR FLAWS),0,0,0,0,0,0,0,0,0,0,0,0,0,0,0,0,0,0,0,0,0,0,0,0,0,0,0,0,0,0,0,0,0,2026-03-04
[หนังสือ] ฉันจะมีชีวิตที่ดี,[หนังสือ] ฉันจะมีชีวิตที่ดี,401.89,121.52,0,29.6,250.77,0,0,0,0,0,0,295,0,0,0,0,295,0,0,0,0,0,136.23,0,0,0,0,0,0,0,0,0,0,2026-03-04
[หนังสือ] ฉันจะมีชีวิตที่ดี,*OPD [E-BOOK] ฉันจะมีชีวิตที่ดี,0,0,0,0,0,0,0,0,0,0,0,259,0,0,0,0,259,0,0,0,0,0,0,0,0,0,0,0,0,0,0,0,0,2026-03-04
[หนังสือ] ความลับสู่เงินล้านที่โรงเรียนไม่เคยสอน (THE MILLIONAIRE'S TOP SECRET),[หนังสือ] ความลับสู่เงินล้านที่โรงเรียนไม่เคยสอน (THE MILLIONAIRE'S TOP SECRET),376.27,0,0,37.17,339.1,0,0,0,0,0,0,625,0,0,0,0,625,0,0,0,0,0,60.2,0,0,0,0,0,0,0,0,0,0,2026-03-04
[หนังสือ] ความลับสู่เงินล้านที่โรงเรียนไม่เคยสอน (THE MILLIONAIRE'S TOP SECRET),*OPD [E-BOOK] ความลับสู่เงินล้านที่โรงเรียนไม่เคยสอน (THE MILLIONAIRE'S TOP SECRET),0,0,0,0,0,0,0,0,0,0,0,179,179,0,0,0,0,0,0,0,0,0,0,0,0,0,0,0,0,0,0,0,0,2026-03-04
[หนังสือ] ขอใช้ชีวิตที่เหลือ เพื่อตัวเองนะ,[หนังสือ] ขอใช้ชีวิตที่เหลือ เพื่อตัวเองนะ,787.79,319.27,0,67.41,401.11,0,0,0,0,0,0,200,200,0,0,0,0,0,0,0,0,0,393.89,159.63,0,0,0,0,0,0,0,0,0,2026-03-04
[หนังสือ] ขอใช้ชีวิตที่เหลือ เพื่อตัวเองนะ,*OPD [E-BOOK] ขอใช้ชีวิตที่เหลือ เพื่อตัวเองนะ,0,0,0,0,0,0,0,0,0,0,0,0,0,0,0,0,0,0,0,0,0,0,0,0,0,0,0,0,0,0,0,0,0,2026-03-04
[หนังสือ] กับดักความรู้สึกผิด,[หนังสือ] กับดักความรู้สึกผิด,16916.58,14629.31,0,890.39,665.26,547.34,184.28,0,0,0,0,41185.95,14679,0,0,0,22711,986.95,1373,0,1436,0,41.07,99.66,0,0,0,39.86,0.81,0,0,0,0,2026-03-04
[หนังสือ] กับดักความรู้สึกผิด,*OPD [E-BOOK] กับดักความรู้สึกผิด,0,0,0,0,0,0,0,0,0,0,0,180,180,0,0,0,0,0,0,0,0,0,0,0,0,0,0,0,0,0,0,0,0,2026-03-04
[หนังสือ] กว่าจะคิดได้ ก็ไม่มีลมหายใจแล้ว (IT IS NEVER TOO LATE TO LOVE YOURSELF),[หนังสือ] กว่าจะคิดได้ ก็ไม่มีลมหายใจแล้ว (IT IS NEVER TOO LATE TO LOVE YOURSELF),0,0,0,0,0,0,0,0,0,0,0,378,0,0,0,0,378,0,0,0,0,0,0,0,0,0,0,0,0,0,0,0,0,2026-03-04
[หนังสือ] กว่าจะคิดได้ ก็ไม่มีลมหายใจแล้ว (IT IS NEVER TOO LATE TO LOVE YOURSELF),*OPD [E-BOOK] กว่าจะคิดได้ ก็ไม่มีลมหายใจแล้ว (IT IS NEVER TOO LATE TO LOVE YOURSELF),0,0,0,0,0,0,0,0,0,0,0,0,0,0,0,0,0,0,0,0,0,0,0,0,0,0,0,0,0,0,0,0,0,2026-03-04
[หนังสือ] THE WITCHES' CLUB ชมรมลับเปลี่ยนชีวิต,[หนังสือ] THE WITCHES' CLUB ชมรมลับเปลี่ยนชีวิต,1694.41,540.49,0,513.67,448.95,0,191.3,0,0,0,0,0,0,0,0,0,0,0,0,0,0,0,0,0,0,0,0,0,0,0,0,0,0,2026-03-04
[หนังสือ] THE WITCHES' CLUB ชมรมลับเปลี่ยนชีวิต,*OPD [E-BOOK] THE WITCHES' CLUB ชมรมลับเปลี่ยนชีวิต,0,0,0,0,0,0,0,0,0,0,0,0,0,0,0,0,0,0,0,0,0,0,0,0,0,0,0,0,0,0,0,0,0,2026-03-04
[หนังสือ] THE WITCHES' CLUB ชมรมลับเปลี่ยนชีวิต,*[E-BOOK] THE WITCHES' CLUB ชมรมลับเปลี่ยนชีวิต,0,0,0,0,0,0,0,0,0,0,0,0,0,0,0,0,0,0,0,0,0,0,0,0,0,0,0,0,0,0,0,0,0,2026-03-04
[หนังสือ] THE WITCHES' CLUB ชมรมลับเปลี่ยนชีวิต,[หนังสือ] BOXSET THE WITCHES' CLUB ชมรมลับเปลี่ยนชีวิต,0,0,0,0,0,0,0,0,0,0,0,2760,400,0,0,0,2360,0,0,0,0,0,0,0,0,0,0,0,0,0,0,0,0,2026-03-04
[หนังสือ] GHOSTLY REMAINS ปลดพันธนาการดวงวิญญาณหลังความตาย,[หนังสือ] GHOSTLY REMAINS ปลดพันธนาการดวงวิญญาณหลังความตาย,703.62,184.78,0,128.2,390.64,0,0,0,0,0,0,1470,300,0,0,0,1170,0,0,0,0,0,47.87,61.59,0,0,0,0,0,0,0,0,0,2026-03-04
[หนังสือ] GHOSTLY BREWS ยินดีบริการดวงวิญญาณหลังเที่ยงคืน,[หนังสือ] GHOSTLY BREWS ยินดีบริการดวงวิญญาณหลังเที่ยงคืน,1538.79,354.49,0,317.59,766.69,0,100,0.02,0,0,0,1035,0,0,0,0,1035,0,0,0,0,0,148.68,0,0,0,0,0,9.66,0,0,0,0,2026-03-04
[หนังสือ] GHOSTLY BREWS ยินดีบริการดวงวิญญาณหลังเที่ยงคืน,*OPD [E-BOOK] GHOSTLY BREWS ยินดีบริการดวงวิญญาณหลังเที่ยงคืน,0,0,0,0,0,0,0,0,0,0,0,0,0,0,0,0,0,0,0,0,0,0,0,0,0,0,0,0,0,0,0,0,0,2026-03-04
[หนังสือ] GHOSTLY BREWS ยินดีบริการดวงวิญญาณหลังเที่ยงคืน,*[E-BOOK] GHOSTLY BREWS ยินดีบริการดวงวิญญาณหลังเที่ยงคืน,0,0,0,0,0,0,0,0,0,0,0,0,0,0,0,0,0,0,0,0,0,0,0,0,0,0,0,0,0,0,0,0,0,2026-03-04
[หนังสือ] ชีวิตมีเรื่องให้ขอบคุณมากกว่าเสียใจ,[หนังสือ] ชีวิตมีเรื่องให้ขอบคุณมากกว่าเสียใจ,30.51,0,0,29.08,1.43,0,0,0,0,0,0,0,0,0,0,0,0,0,0,0,0,0,0,0,0,0,0,0,0,0,0,0,0,2026-03-04
[หนังสือ] ชีวิตมีเรื่องให้ขอบคุณมากกว่าเสียใจ,*OPD [E-BOOK] ชีวิตมีเรื่องให้ขอบคุณมากกว่าเสียใจ,0,0,0,0,0,0,0,0,0,0,0,0,0,0,0,0,0,0,0,0,0,0,0,0,0,0,0,0,0,0,0,0,0,2026-03-04
[หนังสือ] ชีวิตมีเรื่องให้ขอบคุณมากกว่าเสียใจ,[หนังสือ] ชีวิตมีเรื่องให้ขอบคุณมากกว่าเสียใจ,86.12,0,0,82.05,4.07,0,0,0,0,0,0,279,0,0,279,0,0,0,0,0,0,0,30.87,0,0,29.41,0,0,0,0,0,0,0,2026-03-05
[หนังสือ] เมื่อโลกทั้งใบซ่อนอยู่ใต้หมวกกันน็อก (HELMET GIRL),[หนังสือ] เมื่อโลกทั้งใบซ่อนอยู่ใต้หมวกกันน็อก (HELMET GIRL),0,0,0,0,0,0,0,0,0,0,0,0,0,0,0,0,0,0,0,0,0,0,0,0,0,0,0,0,0,0,0,0,0,2026-03-05
[หนังสือ] เมื่อโลกทั้งใบซ่อนอยู่ใต้หมวกกันน็อก (HELMET GIRL),*OPD [E-BOOK] เมื่อโลกทั้งใบซ่อนอยู่ใต้หมวกกันน็อก (HELMET GIRL),0,0,0,0,0,0,0,0,0,0,0,0,0,0,0,0,0,0,0,0,0,0,0,0,0,0,0,0,0,0,0,0,0,2026-03-05
[หนังสือ] เมื่อโลกทั้งใบซ่อนอยู่ใต้หมวกกันน็อก (HELMET GIRL),[หนังสือ] BOXSET เมื่อโลกทั้งใบซ่อนอยู่ใต้หมวกกันน็อก (HELMET GIRL),0,0,0,0,0,0,0,0,0,0,0,1023,590,0,0,0,433,0,0,0,0,0,0,0,0,0,0,0,0,0,0,0,0,2026-03-05
[หนังสือ] วันไหนที่ใจแข็งแรง ดอกไม้จะผลิบาน THE ENCHANTED GARDEN,[หนังสือ] วันไหนที่ใจแข็งแรง ดอกไม้จะผลิบาน THE ENCHANTED GARDEN,381.8,0,0,74.74,307.06,0,0,0,0,0,0,1256,0,0,905,0,351,0,0,0,0,0,30.4,0,0,8.26,0,0,0,0,0,0,0,2026-03-05
[หนังสือ] วันไหนที่ใจแข็งแรง ดอกไม้จะผลิบาน THE ENCHANTED GARDEN,*OPD [E-BOOK] วันไหนที่ใจแข็งแรง ดอกไม้จะผลิบาน THE ENCHANTED GARDEN,0,0,0,0,0,0,0,0,0,0,0,0,0,0,0,0,0,0,0,0,0,0,0,0,0,0,0,0,0,0,0,0,0,2026-03-05
[หนังสือ] วันไหนที่ใจแข็งแรง ดอกไม้จะผลิบาน THE ENCHANTED GARDEN,[หนังสือ] สวนของหัวใจ BLOSSOMS OF THE SOUL’S GARDEN,0,0,0,0,0,0,0,0,0,0,0,0,0,0,0,0,0,0,0,0,0,0,0,0,0,0,0,0,0,0,0,0,0,2026-03-05
[หนังสือ] ยินดีต้อนรับและขอบคุณที่กลับมา,[หนังสือ] ยินดีต้อนรับและขอบคุณที่กลับมา,191.81,0,0,171.62,20.19,0,0,0,0,0,0,800,800,0,0,0,0,0,0,0,0,0,23.98,0,0,0,0,0,0,0,0,0,0,2026-03-05
[หนังสือ] ยินดีต้อนรับและขอบคุณที่กลับมา,*OPD [E-BOOK] ยินดีต้อนรับและขอบคุณที่กลับมา,0,0,0,0,0,0,0,0,0,0,0,0,0,0,0,0,0,0,0,0,0,0,0,0,0,0,0,0,0,0,0,0,0,2026-03-05
[หนังสือ] ปีศาจตัวนั้น คือฉันเอง A GUIDE TO FIGHT THE DEMONS IN MY HEART,[หนังสือ] ปีศาจตัวนั้น คือฉันเอง A GUIDE TO FIGHT THE DEMONS IN MY HEART,13382.94,0,0,2604.3,10694.1,0,84.54,0,0,0,0,0,0,0,0,0,0,0,0,0,0,0,0,0,0,0,0,0,0,0,0,0,0,2026-03-05
[หนังสือ] ชีวิตมีเรื่องให้ขอบคุณมากกว่าเสียใจ,*OPD [E-BOOK] ชีวิตมีเรื่องให้ขอบคุณมากกว่าเสียใจ,0,0,0,0,0,0,0,0,0,0,0,0,0,0,0,0,0,0,0,0,0,0,0,0,0,0,0,0,0,0,0,0,0,2026-03-05
[หนังสือ] ปีศาจตัวนั้น คือฉันเอง A GUIDE TO FIGHT THE DEMONS IN MY HEART,*OPD [E-BOOK] ปีศาจตัวนั้น คือฉันเอง A GUIDE TO FIGHTING THE DEMONS IN MY HEART,0,0,0,0,0,0,0,0,0,0,0,180,180,0,0,0,0,0,0,0,0,0,0,0,0,0,0,0,0,0,0,0,0,2026-03-05
[หนังสือ] ปีศาจตัวนั้น คือฉันเอง A GUIDE TO FIGHT THE DEMONS IN MY HEART,[หนังสือ] ปีศาจตัวนั้น คือฉันเอง A GUIDE TO FIGHTING THE DEMONS IN MY HEART,0,0,0,0,0,0,0,0,0,0,0,43654.9,300,0,23460.15,13843.95,5385,665.8,0,0,0,0,0,0,0,0,0,0,0,0,0,0,0,2026-03-05
[หนังสือ] ปีศาจตัวนั้น คือฉันเอง 2 A GUIDE TO OVERCOMING THE RETURN OF THE DEMONS,[หนังสือ] ปีศาจตัวนั้น คือฉันเอง 2 A GUIDE TO OVERCOMING THE RETURN OF THE DEMONS,2146.28,0,0,148.97,1897.31,0,100,0,0,0,0,14705.18,300,0,6537.31,3827.87,3661,0,0,379,0,0,14.6,0,0,2.28,49.57,0,2.73,0,0,0,0,2026-03-05
[หนังสือ] ปีศาจตัวนั้น คือฉันเอง 2 A GUIDE TO OVERCOMING THE RETURN OF THE DEMONS,*OPD [E-BOOK] ปีศาจตัวนั้น คือฉันเอง 2 A GUIDE TO OVERCOMING THE RETURN OF THE DEMONS,0,0,0,0,0,0,0,0,0,0,0,0,0,0,0,0,0,0,0,0,0,0,0,0,0,0,0,0,0,0,0,0,0,2026-03-05
[หนังสือ] ปีศาจความรักมักเลือกฉันเป็นเหยื่อ HOW TO FIGHT THE LOVE DEMON IN MY HEART,[หนังสือ] ปีศาจความรักมักเลือกฉันเป็นเหยื่อ HOW TO FIGHT THE LOVE DEMON IN MY HEART,424.73,0,0,153.47,271.26,0,0,0,0,0,0,2185,200,0,700,300,985,0,0,0,0,0,19.44,0,0,21.92,90.42,0,0,0,0,0,0,2026-03-05
[หนังสือ] ปีศาจความรักมักเลือกฉันเป็นเหยื่อ HOW TO FIGHT THE LOVE DEMON IN MY HEART,*OPD [E-BOOK] ปีศาจความรักมักเลือกฉันเป็นเหยื่อ HOW TO FIGHT THE LOVE DEMON IN MY HEART,0,0,0,0,0,0,0,0,0,0,0,0,0,0,0,0,0,0,0,0,0,0,0,0,0,0,0,0,0,0,0,0,0,2026-03-05
[หนังสือ] ทุกความทรงจำคือของขวัญจากวันวาน,[หนังสือ] ทุกความทรงจำคือของขวัญจากวันวาน,0,0,0,0,0,0,0,0,0,0,0,945,0,0,325,0,296,0,0,324,0,0,0,0,0,0,0,0,0,0,0,0,0,2026-03-05
[หนังสือ] ทุกความทรงจำคือของขวัญจากวันวาน,*OPD [E-BOOK] ทุกความทรงจำคือของขวัญจากวันวาน,0,0,0,0,0,0,0,0,0,0,0,0,0,0,0,0,0,0,0,0,0,0,0,0,0,0,0,0,0,0,0,0,0,2026-03-05
[หนังสือ] ถ้าโลกมันแย่ ก็แค่คิดแบบคาปิบาร่า THINK LIKE A HAPPYBARA,[หนังสือ] ถ้าโลกมันแย่ ก็แค่คิดแบบคาปิบาร่า THINK LIKE A HAPPYBARA,635.38,0,0,111,524.38,0,0,0,0,0,0,0,0,0,0,0,0,0,0,0,0,0,0,0,0,0,0,0,0,0,0,0,0,2026-03-05
[หนังสือ] ถ้าโลกมันแย่ ก็แค่คิดแบบคาปิบาร่า THINK LIKE A HAPPYBARA,*OPD [E-BOOK] ถ้าโลกมันแย่ ก็แค่คิดแบบคาปิบาร่า THINK LIKE A HAPPYBARA,0,0,0,0,0,0,0,0,0,0,0,0,0,0,0,0,0,0,0,0,0,0,0,0,0,0,0,0,0,0,0,0,0,2026-03-05
[หนังสือ] ปีศาจตัวนั้น คือฉันเอง A GUIDE TO FIGHT THE DEMONS IN MY HEART,*[E-BOOK] ปีศาจตัวนั้น คือฉันเอง A GUIDE TO FIGHTING THE DEMONS IN MY HEART,0,0,0,0,0,0,0,0,0,0,0,0,0,0,0,0,0,0,0,0,0,0,0,0,0,0,0,0,0,0,0,0,0,2026-03-05
[หนังสือ] ถ้าโลกมันแย่ ก็แค่คิดแบบคาปิบาร่า THINK LIKE A HAPPYBARA,[หนังสือ] BOXSET ถ้าโลกมันแย่ ก็แค่คิดแบบคาปิบาร่า THINK LIKE A HAPPYBARA,0,0,0,0,0,0,0,0,0,0,0,2511,800,0,1121,590,0,0,0,0,0,0,0,0,0,0,0,0,0,0,0,0,0,2026-03-05
[หนังสือ] โอบกอดความไม่สมบูรณ์แบบของเธอ (EMBRACE YOUR FLAWS),[หนังสือ] โอบกอดความไม่สมบูรณ์แบบของเธอ (EMBRACE YOUR FLAWS),1039.98,73.04,0,80.23,886.71,0,0,0,0,0,0,7106.15,0,0,4343.15,2042,721,0,0,0,0,0,14.63,0,0,1.85,43.42,0,0,0,0,0,0,2026-03-05
[หนังสือ] โอบกอดความไม่สมบูรณ์แบบของเธอ (EMBRACE YOUR FLAWS),*OPD [E-BOOK] โอบกอดความไม่สมบูรณ์แบบของเธอ (EMBRACE YOUR FLAWS),0,0,0,0,0,0,0,0,0,0,0,0,0,0,0,0,0,0,0,0,0,0,0,0,0,0,0,0,0,0,0,0,0,2026-03-05
[หนังสือ] ฉันจะมีชีวิตที่ดี,*OPD [E-BOOK] ฉันจะมีชีวิตที่ดี,0,0,0,0,0,0,0,0,0,0,0,0,0,0,0,0,0,0,0,0,0,0,0,0,0,0,0,0,0,0,0,0,0,2026-03-05
[หนังสือ] ความลับสู่เงินล้านที่โรงเรียนไม่เคยสอน (THE MILLIONAIRE'S TOP SECRET),[หนังสือ] ความลับสู่เงินล้านที่โรงเรียนไม่เคยสอน (THE MILLIONAIRE'S TOP SECRET),266.55,0,0,43.18,223.37,0,0,0,0,0,0,885.48,0,0,589.48,0,296,0,0,0,0,0,30.1,0,0,7.33,0,0,0,0,0,0,0,2026-03-05
[หนังสือ] ความลับสู่เงินล้านที่โรงเรียนไม่เคยสอน (THE MILLIONAIRE'S TOP SECRET),*OPD [E-BOOK] ความลับสู่เงินล้านที่โรงเรียนไม่เคยสอน (THE MILLIONAIRE'S TOP SECRET),0,0,0,0,0,0,0,0,0,0,0,0,0,0,0,0,0,0,0,0,0,0,0,0,0,0,0,0,0,0,0,0,0,2026-03-05
[หนังสือ] ขอใช้ชีวิตที่เหลือ เพื่อตัวเองนะ,[หนังสือ] ขอใช้ชีวิตที่เหลือ เพื่อตัวเองนะ,815.92,448.17,0,76.12,291.63,0,0,0,0,0,0,2329,1058,0,650,325,296,0,0,0,0,0,35.03,42.36,0,11.71,89.73,0,0,0,0,0,0,2026-03-05
[หนังสือ] ขอใช้ชีวิตที่เหลือ เพื่อตัวเองนะ,*OPD [E-BOOK] ขอใช้ชีวิตที่เหลือ เพื่อตัวเองนะ,0,0,0,0,0,0,0,0,0,0,0,0,0,0,0,0,0,0,0,0,0,0,0,0,0,0,0,0,0,0,0,0,0,2026-03-05
[หนังสือ] กับดักความรู้สึกผิด,[หนังสือ] กับดักความรู้สึกผิด,17971.1,15807.07,0,1098.49,470.5,445.04,150,0,0,0,0,47402.18,13562,0,4096.18,0,26571,718,339,341,1775,0,37.91,116.55,0,26.82,0,131.28,0.56,0,0,0,0,2026-03-05
[หนังสือ] กับดักความรู้สึกผิด,*OPD [E-BOOK] กับดักความรู้สึกผิด,0,0,0,0,0,0,0,0,0,0,0,180,180,0,0,0,0,0,0,0,0,0,0,0,0,0,0,0,0,0,0,0,0,2026-03-05
[หนังสือ] กว่าจะคิดได้ ก็ไม่มีลมหายใจแล้ว (IT IS NEVER TOO LATE TO LOVE YOURSELF),[หนังสือ] กว่าจะคิดได้ ก็ไม่มีลมหายใจแล้ว (IT IS NEVER TOO LATE TO LOVE YOURSELF),0,0,0,0,0,0,0,0,0,0,0,579,200,0,0,0,379,0,0,0,0,0,0,0,0,0,0,0,0,0,0,0,0,2026-03-05
[หนังสือ] กว่าจะคิดได้ ก็ไม่มีลมหายใจแล้ว (IT IS NEVER TOO LATE TO LOVE YOURSELF),*OPD [E-BOOK] กว่าจะคิดได้ ก็ไม่มีลมหายใจแล้ว (IT IS NEVER TOO LATE TO LOVE YOURSELF),0,0,0,0,0,0,0,0,0,0,0,0,0,0,0,0,0,0,0,0,0,0,0,0,0,0,0,0,0,0,0,0,0,2026-03-05
[หนังสือ] ฉันจะมีชีวิตที่ดี,[หนังสือ] ฉันจะมีชีวิตที่ดี,583.63,106.04,0,38.41,439.18,0,0,0,0,0,0,1180,0,0,590,0,590,0,0,0,0,0,49.46,0,0,6.51,0,0,0,0,0,0,0,2026-03-05
[หนังสือ] THE WITCHES' CLUB ชมรมลับเปลี่ยนชีวิต,[หนังสือ] THE WITCHES' CLUB ชมรมลับเปลี่ยนชีวิต,2157.09,1180.61,0,595.61,280.87,0,100,0,0,0,0,999,0,0,999,0,0,0,0,0,0,0,215.92,0,0,59.62,0,0,0,0,0,0,0,2026-03-05
[หนังสือ] THE WITCHES' CLUB ชมรมลับเปลี่ยนชีวิต,*[E-BOOK] THE WITCHES' CLUB ชมรมลับเปลี่ยนชีวิต,0,0,0,0,0,0,0,0,0,0,0,0,0,0,0,0,0,0,0,0,0,0,0,0,0,0,0,0,0,0,0,0,0,2026-03-05
[หนังสือ] THE WITCHES' CLUB ชมรมลับเปลี่ยนชีวิต,[หนังสือ] BOXSET THE WITCHES' CLUB ชมรมลับเปลี่ยนชีวิต,0,0,0,0,0,0,0,0,0,0,0,3449,1679,0,0,0,1770,0,0,0,0,0,0,0,0,0,0,0,0,0,0,0,0,2026-03-05
[หนังสือ] GHOSTLY REMAINS ปลดพันธนาการดวงวิญญาณหลังความตาย,[หนังสือ] GHOSTLY REMAINS ปลดพันธนาการดวงวิญญาณหลังความตาย,846.05,328.41,0,136.45,381.19,0,0,0,0,0,0,3364.05,780,0,866.05,255,739,390,0,334,0,0,25.15,42.1,0,15.76,149.49,0,0,0,0,0,0,2026-03-05
[หนังสือ] GHOSTLY BREWS ยินดีบริการดวงวิญญาณหลังเที่ยงคืน,[หนังสือ] GHOSTLY BREWS ยินดีบริการดวงวิญญาณหลังเที่ยงคืน,1733.7,902.48,0,174.92,556.56,0,99.74,0,0,0,0,6750.68,1727,0,2876.63,481.05,1066,0,0,0,600,0,25.68,52.26,0,6.08,115.7,0,9.36,0,0,0,0,2026-03-05
[หนังสือ] GHOSTLY BREWS ยินดีบริการดวงวิญญาณหลังเที่ยงคืน,*OPD [E-BOOK] GHOSTLY BREWS ยินดีบริการดวงวิญญาณหลังเที่ยงคืน,0,0,0,0,0,0,0,0,0,0,0,0,0,0,0,0,0,0,0,0,0,0,0,0,0,0,0,0,0,0,0,0,0,2026-03-05
[หนังสือ] GHOSTLY BREWS ยินดีบริการดวงวิญญาณหลังเที่ยงคืน,*[E-BOOK] GHOSTLY BREWS ยินดีบริการดวงวิญญาณหลังเที่ยงคืน,0,0,0,0,0,0,0,0,0,0,0,0,0,0,0,0,0,0,0,0,0,0,0,0,0,0,0,0,0,0,0,0,0,2026-03-05
[หนังสือ] เหนื่อยมากไหม พักก่อนก็ได้นะวันนี้,[หนังสือ] เหนื่อยมากไหม พักก่อนก็ได้นะวันนี้,414.89,414.89,0,0,0,0,0,0,0,0,0,1520,390,0,740,0,390,0,0,0,0,0,27.3,106.38,0,0,0,0,0,0,0,0,0,2026-03-05
[หนังสือ] เหนื่อยมากไหม พักก่อนก็ได้นะวันนี้,*OPD [E-BOOK] เหนื่อยมากไหม พักก่อนก็ได้นะวันนี้,0,0,0,0,0,0,0,0,0,0,0,179,179,0,0,0,0,0,0,0,0,0,0,0,0,0,0,0,0,0,0,0,0,2026-03-05
[หนังสือ] เหนื่อยมากไหม พักก่อนก็ได้นะวันนี้,[หนังสือ] BOXSET เหนื่อยมากไหม พักก่อนก็ได้นะวันนี้,0,0,0,0,0,0,0,0,0,0,0,1321,400,0,531,0,390,0,0,0,0,0,0,0,0,0,0,0,0,0,0,0,0,2026-03-05
[หนังสือ] THE WITCHES' CLUB ชมรมลับเปลี่ยนชีวิต,*OPD [E-BOOK] THE WITCHES' CLUB ชมรมลับเปลี่ยนชีวิต,0,0,0,0,0,0,0,0,0,0,0,0,0,0,0,0,0,0,0,0,0,0,0,0,0,0,0,0,0,0,0,0,0,2026-03-05
[หนังสือ] ชีวิตมีเรื่องให้ขอบคุณมากกว่าเสียใจ,[หนังสือ] ชีวิตมีเรื่องให้ขอบคุณมากกว่าเสียใจ,173.3,0,0,162.94,10.36,0,0,0,0,0,0,0,0,0,0,0,0,0,0,0,0,0,0,0,0,0,0,0,0,0,0,0,0,2026-03-06
[หนังสือ] ชีวิตมีเรื่องให้ขอบคุณมากกว่าเสียใจ,*OPD [E-BOOK] ชีวิตมีเรื่องให้ขอบคุณมากกว่าเสียใจ,0,0,0,0,0,0,0,0,0,0,0,0,0,0,0,0,0,0,0,0,0,0,0,0,0,0,0,0,0,0,0,0,0,2026-03-06
[หนังสือ] วันไหนที่ใจแข็งแรง ดอกไม้จะผลิบาน THE ENCHANTED GARDEN,[หนังสือ] วันไหนที่ใจแข็งแรง ดอกไม้จะผลิบาน THE ENCHANTED GARDEN,517.2,0,0,107.43,380.87,0,28.9,0,0,0,0,1989,0,0,300,1300,389,0,0,0,0,0,26,0,0,35.81,29.3,0,7.43,0,0,0,0,2026-03-06
[หนังสือ] วันไหนที่ใจแข็งแรง ดอกไม้จะผลิบาน THE ENCHANTED GARDEN,*OPD [E-BOOK] วันไหนที่ใจแข็งแรง ดอกไม้จะผลิบาน THE ENCHANTED GARDEN,0,0,0,0,0,0,0,0,0,0,0,0,0,0,0,0,0,0,0,0,0,0,0,0,0,0,0,0,0,0,0,0,0,2026-03-06
[หนังสือ] วันไหนที่ใจแข็งแรง ดอกไม้จะผลิบาน THE ENCHANTED GARDEN,[หนังสือ] สวนของหัวใจ BLOSSOMS OF THE SOUL’S GARDEN,0,0,0,0,0,0,0,0,0,0,0,1812,400,0,0,0,622,0,0,0,790,0,0,0,0,0,0,0,0,0,0,0,0,2026-03-06
[หนังสือ] ยินดีต้อนรับและขอบคุณที่กลับมา,[หนังสือ] ยินดีต้อนรับและขอบคุณที่กลับมา,188.19,0,0,162.61,25.58,0,0,0,0,0,0,0,0,0,0,0,0,0,0,0,0,0,0,0,0,0,0,0,0,0,0,0,0,2026-03-06
[หนังสือ] ยินดีต้อนรับและขอบคุณที่กลับมา,*OPD [E-BOOK] ยินดีต้อนรับและขอบคุณที่กลับมา,0,0,0,0,0,0,0,0,0,0,0,0,0,0,0,0,0,0,0,0,0,0,0,0,0,0,0,0,0,0,0,0,0,2026-03-06
[หนังสือ] ปีศาจตัวนั้น คือฉันเอง A GUIDE TO FIGHT THE DEMONS IN MY HEART,[หนังสือ] ปีศาจตัวนั้น คือฉันเอง A GUIDE TO FIGHT THE DEMONS IN MY HEART,6769.96,0,0,2362.67,4207.29,0,200,0,0,0,0,0,0,0,0,0,0,0,0,0,0,0,0,0,0,0,0,0,0,0,0,0,0,2026-03-06
[หนังสือ] ปีศาจตัวนั้น คือฉันเอง A GUIDE TO FIGHT THE DEMONS IN MY HEART,*OPD [E-BOOK] ปีศาจตัวนั้น คือฉันเอง A GUIDE TO FIGHTING THE DEMONS IN MY HEART,0,0,0,0,0,0,0,0,0,0,0,179,179,0,0,0,0,0,0,0,0,0,0,0,0,0,0,0,0,0,0,0,0,2026-03-06
[หนังสือ] ปีศาจตัวนั้น คือฉันเอง A GUIDE TO FIGHT THE DEMONS IN MY HEART,*[E-BOOK] ปีศาจตัวนั้น คือฉันเอง A GUIDE TO FIGHTING THE DEMONS IN MY HEART,0,0,0,0,0,0,0,0,0,0,0,0,0,0,0,0,0,0,0,0,0,0,0,0,0,0,0,0,0,0,0,0,0,2026-03-06
[หนังสือ] ปีศาจตัวนั้น คือฉันเอง A GUIDE TO FIGHT THE DEMONS IN MY HEART,[หนังสือ] ปีศาจตัวนั้น คือฉันเอง A GUIDE TO FIGHTING THE DEMONS IN MY HEART,0,0,0,0,0,0,0,0,0,0,0,21531,600,0,5044,14145,1742,0,0,0,0,0,0,0,0,0,0,0,0,0,0,0,0,2026-03-06
[หนังสือ] ปีศาจตัวนั้น คือฉันเอง 2 A GUIDE TO OVERCOMING THE RETURN OF THE DEMONS,[หนังสือ] ปีศาจตัวนั้น คือฉันเอง 2 A GUIDE TO OVERCOMING THE RETURN OF THE DEMONS,1836.65,0,0,125.81,1610.84,0,100,0,0,0,0,8617,333,0,1546,4232,2187,0,319,0,0,0,21.31,0,0,8.14,38.06,0,4.57,0,0,0,0,2026-03-06
[หนังสือ] ปีศาจตัวนั้น คือฉันเอง 2 A GUIDE TO OVERCOMING THE RETURN OF THE DEMONS,*OPD [E-BOOK] ปีศาจตัวนั้น คือฉันเอง 2 A GUIDE TO OVERCOMING THE RETURN OF THE DEMONS,0,0,0,0,0,0,0,0,0,0,0,180,180,0,0,0,0,0,0,0,0,0,0,0,0,0,0,0,0,0,0,0,0,2026-03-06
[หนังสือ] ปีศาจความรักมักเลือกฉันเป็นเหยื่อ HOW TO FIGHT THE LOVE DEMON IN MY HEART,[หนังสือ] ปีศาจความรักมักเลือกฉันเป็นเหยื่อ HOW TO FIGHT THE LOVE DEMON IN MY HEART,252.62,0,0,50.57,202.05,0,0,0,0,0,0,1954,0,0,0,1058,896,0,0,0,0,0,12.93,0,0,0,19.1,0,0,0,0,0,0,2026-03-06
[หนังสือ] ปีศาจความรักมักเลือกฉันเป็นเหยื่อ HOW TO FIGHT THE LOVE DEMON IN MY HEART,*OPD [E-BOOK] ปีศาจความรักมักเลือกฉันเป็นเหยื่อ HOW TO FIGHT THE LOVE DEMON IN MY HEART,0,0,0,0,0,0,0,0,0,0,0,0,0,0,0,0,0,0,0,0,0,0,0,0,0,0,0,0,0,0,0,0,0,2026-03-06
[หนังสือ] ทุกความทรงจำคือของขวัญจากวันวาน,[หนังสือ] ทุกความทรงจำคือของขวัญจากวันวาน,0,0,0,0,0,0,0,0,0,0,0,622,293,0,0,0,329,0,0,0,0,0,0,0,0,0,0,0,0,0,0,0,0,2026-03-06
[หนังสือ] ทุกความทรงจำคือของขวัญจากวันวาน,*OPD [E-BOOK] ทุกความทรงจำคือของขวัญจากวันวาน,0,0,0,0,0,0,0,0,0,0,0,0,0,0,0,0,0,0,0,0,0,0,0,0,0,0,0,0,0,0,0,0,0,2026-03-06
[หนังสือ] ถ้าโลกมันแย่ ก็แค่คิดแบบคาปิบาร่า THINK LIKE A HAPPYBARA,[หนังสือ] ถ้าโลกมันแย่ ก็แค่คิดแบบคาปิบาร่า THINK LIKE A HAPPYBARA,1051.28,0,0,139.79,911.49,0,0,0,0,0,0,1170,0,0,0,390,780,0,0,0,0,0,89.85,0,0,0,233.72,0,0,0,0,0,0,2026-03-06
[หนังสือ] ถ้าโลกมันแย่ ก็แค่คิดแบบคาปิบาร่า THINK LIKE A HAPPYBARA,*OPD [E-BOOK] ถ้าโลกมันแย่ ก็แค่คิดแบบคาปิบาร่า THINK LIKE A HAPPYBARA,0,0,0,0,0,0,0,0,0,0,0,179,179,0,0,0,0,0,0,0,0,0,0,0,0,0,0,0,0,0,0,0,0,2026-03-06
[หนังสือ] ถ้าโลกมันแย่ ก็แค่คิดแบบคาปิบาร่า THINK LIKE A HAPPYBARA,[หนังสือ] BOXSET ถ้าโลกมันแย่ ก็แค่คิดแบบคาปิบาร่า THINK LIKE A HAPPYBARA,0,0,0,0,0,0,0,0,0,0,0,2081,400,0,1091,0,590,0,0,0,0,0,0,0,0,0,0,0,0,0,0,0,0,2026-03-06
[หนังสือ] เหนื่อยมากไหม พักก่อนก็ได้นะวันนี้,[หนังสือ] เหนื่อยมากไหม พักก่อนก็ได้นะวันนี้,215.4,215.4,0,0,0,0,0,0,0,0,0,1640,333,0,0,740,567,0,0,0,0,0,13.13,64.68,0,0,0,0,0,0,0,0,0,2026-03-06
[หนังสือ] เหนื่อยมากไหม พักก่อนก็ได้นะวันนี้,*OPD [E-BOOK] เหนื่อยมากไหม พักก่อนก็ได้นะวันนี้,0,0,0,0,0,0,0,0,0,0,0,0,0,0,0,0,0,0,0,0,0,0,0,0,0,0,0,0,0,0,0,0,0,2026-03-06
[หนังสือ] เหนื่อยมากไหม พักก่อนก็ได้นะวันนี้,[หนังสือ] BOXSET เหนื่อยมากไหม พักก่อนก็ได้นะวันนี้,0,0,0,0,0,0,0,0,0,0,0,1300,400,0,900,0,0,0,0,0,0,0,0,0,0,0,0,0,0,0,0,0,0,2026-03-06
[หนังสือ] โอบกอดความไม่สมบูรณ์แบบของเธอ (EMBRACE YOUR FLAWS),[หนังสือ] โอบกอดความไม่สมบูรณ์แบบของเธอ (EMBRACE YOUR FLAWS),993.08,163.14,0,79.24,750.7,0,0,0,0,0,0,3059,0,0,0,2790,0,0,0,0,0,269,32.46,0,0,0,26.91,0,0,0,0,0,0,2026-03-06
[หนังสือ] โอบกอดความไม่สมบูรณ์แบบของเธอ (EMBRACE YOUR FLAWS),*OPD [E-BOOK] โอบกอดความไม่สมบูรณ์แบบของเธอ (EMBRACE YOUR FLAWS),0,0,0,0,0,0,0,0,0,0,0,0,0,0,0,0,0,0,0,0,0,0,0,0,0,0,0,0,0,0,0,0,0,2026-03-06
[หนังสือ] ความลับสู่เงินล้านที่โรงเรียนไม่เคยสอน (THE MILLIONAIRE'S TOP SECRET),[หนังสือ] ความลับสู่เงินล้านที่โรงเรียนไม่เคยสอน (THE MILLIONAIRE'S TOP SECRET),977.89,0,0,56.44,921.45,0,0,0,0,0,0,2632,0,0,0,2632,0,0,0,0,0,0,37.15,0,0,0,35.01,0,0,0,0,0,0,2026-03-06
[หนังสือ] ความลับสู่เงินล้านที่โรงเรียนไม่เคยสอน (THE MILLIONAIRE'S TOP SECRET),*OPD [E-BOOK] ความลับสู่เงินล้านที่โรงเรียนไม่เคยสอน (THE MILLIONAIRE'S TOP SECRET),0,0,0,0,0,0,0,0,0,0,0,0,0,0,0,0,0,0,0,0,0,0,0,0,0,0,0,0,0,0,0,0,0,2026-03-06
[หนังสือ] ขอใช้ชีวิตที่เหลือ เพื่อตัวเองนะ,[หนังสือ] ขอใช้ชีวิตที่เหลือ เพื่อตัวเองนะ,601.54,334.39,0,46.9,220.25,0,0,0,0,0,0,1187,858,0,0,0,329,0,0,0,0,0,50.68,38.97,0,0,0,0,0,0,0,0,0,2026-03-06
[หนังสือ] ขอใช้ชีวิตที่เหลือ เพื่อตัวเองนะ,*OPD [E-BOOK] ขอใช้ชีวิตที่เหลือ เพื่อตัวเองนะ,0,0,0,0,0,0,0,0,0,0,0,0,0,0,0,0,0,0,0,0,0,0,0,0,0,0,0,0,0,0,0,0,0,2026-03-06
[หนังสือ] กับดักความรู้สึกผิด,[หนังสือ] กับดักความรู้สึกผิด,22872.71,19858.99,0,1627.29,737.72,338.67,310.04,0,0,0,0,55605,21962,0,5149,1033,21963,389,1356,0,3753,0,41.13,90.42,0,31.6,71.42,24.98,1.41,0,0,0,0,2026-03-06
[หนังสือ] กับดักความรู้สึกผิด,*OPD [E-BOOK] กับดักความรู้สึกผิด,0,0,0,0,0,0,0,0,0,0,0,180,180,0,0,0,0,0,0,0,0,0,0,0,0,0,0,0,0,0,0,0,0,2026-03-06
[หนังสือ] กว่าจะคิดได้ ก็ไม่มีลมหายใจแล้ว (IT IS NEVER TOO LATE TO LOVE YOURSELF),[หนังสือ] กว่าจะคิดได้ ก็ไม่มีลมหายใจแล้ว (IT IS NEVER TOO LATE TO LOVE YOURSELF),0,0,0,0,0,0,0,0,0,0,0,1411,354,0,0,1057,0,0,0,0,0,0,0,0,0,0,0,0,0,0,0,0,0,2026-03-06
[หนังสือ] กว่าจะคิดได้ ก็ไม่มีลมหายใจแล้ว (IT IS NEVER TOO LATE TO LOVE YOURSELF),*OPD [E-BOOK] กว่าจะคิดได้ ก็ไม่มีลมหายใจแล้ว (IT IS NEVER TOO LATE TO LOVE YOURSELF),0,0,0,0,0,0,0,0,0,0,0,0,0,0,0,0,0,0,0,0,0,0,0,0,0,0,0,0,0,0,0,0,0,2026-03-06
[หนังสือ] THE WITCHES' CLUB ชมรมลับเปลี่ยนชีวิต,[หนังสือ] THE WITCHES' CLUB ชมรมลับเปลี่ยนชีวิต,3010.48,643.39,0,1477.81,789.28,0,100,0,0,0,0,931,333,0,299,299,0,0,0,0,0,0,323.36,193.21,0,494.25,263.97,0,0,0,0,0,0,2026-03-06
[หนังสือ] THE WITCHES' CLUB ชมรมลับเปลี่ยนชีวิต,*OPD [E-BOOK] THE WITCHES' CLUB ชมรมลับเปลี่ยนชีวิต,0,0,0,0,0,0,0,0,0,0,0,179,179,0,0,0,0,0,0,0,0,0,0,0,0,0,0,0,0,0,0,0,0,2026-03-06
[หนังสือ] THE WITCHES' CLUB ชมรมลับเปลี่ยนชีวิต,*[E-BOOK] THE WITCHES' CLUB ชมรมลับเปลี่ยนชีวิต,0,0,0,0,0,0,0,0,0,0,0,0,0,0,0,0,0,0,0,0,0,0,0,0,0,0,0,0,0,0,0,0,0,2026-03-06
[หนังสือ] THE WITCHES' CLUB ชมรมลับเปลี่ยนชีวิต,[หนังสือ] BOXSET THE WITCHES' CLUB ชมรมลับเปลี่ยนชีวิต,0,0,0,0,0,0,0,0,0,0,0,5680,0,0,3503,1587,590,0,0,0,0,0,0,0,0,0,0,0,0,0,0,0,0,2026-03-06
[หนังสือ] GHOSTLY REMAINS ปลดพันธนาการดวงวิญญาณหลังความตาย,[หนังสือ] GHOSTLY REMAINS ปลดพันธนาการดวงวิญญาณหลังความตาย,590,262.48,0,72.04,255.48,0,0,0,0,0,0,1860,300,0,0,0,1560,0,0,0,0,0,31.72,87.49,0,0,0,0,0,0,0,0,0,2026-03-06
[หนังสือ] GHOSTLY BREWS ยินดีบริการดวงวิญญาณหลังเที่ยงคืน,[หนังสือ] GHOSTLY BREWS ยินดีบริการดวงวิญญาณหลังเที่ยงคืน,1866.96,946.41,0,162.66,636.2,0,100,21.69,0,0,0,5962,1258,0,628,1226,2538,0,312,0,0,0,31.31,75.23,0,25.9,51.89,0,3.94,0,0,0,0,2026-03-06
[หนังสือ] GHOSTLY BREWS ยินดีบริการดวงวิญญาณหลังเที่ยงคืน,*OPD [E-BOOK] GHOSTLY BREWS ยินดีบริการดวงวิญญาณหลังเที่ยงคืน,0,0,0,0,0,0,0,0,0,0,0,0,0,0,0,0,0,0,0,0,0,0,0,0,0,0,0,0,0,0,0,0,0,2026-03-06
[หนังสือ] GHOSTLY BREWS ยินดีบริการดวงวิญญาณหลังเที่ยงคืน,*[E-BOOK] GHOSTLY BREWS ยินดีบริการดวงวิญญาณหลังเที่ยงคืน,0,0,0,0,0,0,0,0,0,0,0,0,0,0,0,0,0,0,0,0,0,0,0,0,0,0,0,0,0,0,0,0,0,2026-03-06
[หนังสือ] ฉันจะมีชีวิตที่ดี,[หนังสือ] ฉันจะมีชีวิตที่ดี,930.84,151.76,0,47.58,731.5,0,0,0,0,0,0,3245,590,0,0,2360,295,0,0,0,0,0,28.69,25.72,0,0,31,0,0,0,0,0,0,2026-03-06
[หนังสือ] ฉันจะมีชีวิตที่ดี,*OPD [E-BOOK] ฉันจะมีชีวิตที่ดี,0,0,0,0,0,0,0,0,0,0,0,0,0,0,0,0,0,0,0,0,0,0,0,0,0,0,0,0,0,0,0,0,0,2026-03-06
[หนังสือ] ชีวิตมีเรื่องให้ขอบคุณมากกว่าเสียใจ,[หนังสือ] ชีวิตมีเรื่องให้ขอบคุณมากกว่าเสียใจ,780.31,0,0,698.76,81.55,0,0,0,0,0,0,1152,0,0,873,279,0,0,0,0,0,0,67.74,0,0,80.04,29.23,0,0,0,0,0,0,2026-03-07
[หนังสือ] ชีวิตมีเรื่องให้ขอบคุณมากกว่าเสียใจ,*OPD [E-BOOK] ชีวิตมีเรื่องให้ขอบคุณมากกว่าเสียใจ,0,0,0,0,0,0,0,0,0,0,0,0,0,0,0,0,0,0,0,0,0,0,0,0,0,0,0,0,0,0,0,0,0,2026-03-07
[หนังสือ] เมื่อโลกทั้งใบซ่อนอยู่ใต้หมวกกันน็อก (HELMET GIRL),[หนังสือ] เมื่อโลกทั้งใบซ่อนอยู่ใต้หมวกกันน็อก (HELMET GIRL),0,0,0,0,0,0,0,0,0,0,0,637,338,0,0,299,0,0,0,0,0,0,0,0,0,0,0,0,0,0,0,0,0,2026-03-07
[หนังสือ] เมื่อโลกทั้งใบซ่อนอยู่ใต้หมวกกันน็อก (HELMET GIRL),*OPD [E-BOOK] เมื่อโลกทั้งใบซ่อนอยู่ใต้หมวกกันน็อก (HELMET GIRL),0,0,0,0,0,0,0,0,0,0,0,0,0,0,0,0,0,0,0,0,0,0,0,0,0,0,0,0,0,0,0,0,0,2026-03-07
[หนังสือ] เมื่อโลกทั้งใบซ่อนอยู่ใต้หมวกกันน็อก (HELMET GIRL),[หนังสือ] BOXSET เมื่อโลกทั้งใบซ่อนอยู่ใต้หมวกกันน็อก (HELMET GIRL),0,0,0,0,0,0,0,0,0,0,0,0,0,0,0,0,0,0,0,0,0,0,0,0,0,0,0,0,0,0,0,0,0,2026-03-07
[หนังสือ] วันไหนที่ใจแข็งแรง ดอกไม้จะผลิบาน THE ENCHANTED GARDEN,[หนังสือ] วันไหนที่ใจแข็งแรง ดอกไม้จะผลิบาน THE ENCHANTED GARDEN,634.71,0,0,146.24,488.47,0,0,0,0,0,0,1113,0,0,723,390,0,0,0,0,0,0,57.03,0,0,20.23,125.25,0,0,0,0,0,0,2026-03-07
[หนังสือ] วันไหนที่ใจแข็งแรง ดอกไม้จะผลิบาน THE ENCHANTED GARDEN,*OPD [E-BOOK] วันไหนที่ใจแข็งแรง ดอกไม้จะผลิบาน THE ENCHANTED GARDEN,0,0,0,0,0,0,0,0,0,0,0,0,0,0,0,0,0,0,0,0,0,0,0,0,0,0,0,0,0,0,0,0,0,2026-03-07
[หนังสือ] วันไหนที่ใจแข็งแรง ดอกไม้จะผลิบาน THE ENCHANTED GARDEN,[หนังสือ] สวนของหัวใจ BLOSSOMS OF THE SOUL’S GARDEN,0,0,0,0,0,0,0,0,0,0,0,0,0,0,0,0,0,0,0,0,0,0,0,0,0,0,0,0,0,0,0,0,0,2026-03-07
[หนังสือ] ยินดีต้อนรับและขอบคุณที่กลับมา,[หนังสือ] ยินดีต้อนรับและขอบคุณที่กลับมา,171.84,0,0,148.16,23.68,0,0,0,0,0,0,0,0,0,0,0,0,0,0,0,0,0,0,0,0,0,0,0,0,0,0,0,0,2026-03-07
[หนังสือ] ยินดีต้อนรับและขอบคุณที่กลับมา,*OPD [E-BOOK] ยินดีต้อนรับและขอบคุณที่กลับมา,0,0,0,0,0,0,0,0,0,0,0,0,0,0,0,0,0,0,0,0,0,0,0,0,0,0,0,0,0,0,0,0,0,2026-03-07
[หนังสือ] ปีศาจตัวนั้น คือฉันเอง A GUIDE TO FIGHT THE DEMONS IN MY HEART,[หนังสือ] ปีศาจตัวนั้น คือฉันเอง A GUIDE TO FIGHT THE DEMONS IN MY HEART,7087.56,0,0,2714.74,4172.82,0,200,0,0,0,0,0,0,0,0,0,0,0,0,0,0,0,0,0,0,0,0,0,0,0,0,0,0,2026-03-07
[หนังสือ] ปีศาจตัวนั้น คือฉันเอง A GUIDE TO FIGHT THE DEMONS IN MY HEART,*[E-BOOK] ปีศาจตัวนั้น คือฉันเอง A GUIDE TO FIGHTING THE DEMONS IN MY HEART,0,0,0,0,0,0,0,0,0,0,0,0,0,0,0,0,0,0,0,0,0,0,0,0,0,0,0,0,0,0,0,0,0,2026-03-07
[หนังสือ] ปีศาจตัวนั้น คือฉันเอง A GUIDE TO FIGHT THE DEMONS IN MY HEART,[หนังสือ] ปีศาจตัวนั้น คือฉันเอง A GUIDE TO FIGHTING THE DEMONS IN MY HEART,0,0,0,0,0,0,0,0,0,0,0,15774,0,0,4157,9152,2465,0,0,0,0,0,0,0,0,0,0,0,0,0,0,0,0,2026-03-07
[หนังสือ] ปีศาจตัวนั้น คือฉันเอง 2 A GUIDE TO OVERCOMING THE RETURN OF THE DEMONS,[หนังสือ] ปีศาจตัวนั้น คือฉันเอง 2 A GUIDE TO OVERCOMING THE RETURN OF THE DEMONS,1449.76,0,0,138.05,1211.71,0,100,0,0,0,0,6377,0,0,1197,4471,709,0,0,0,0,0,22.73,0,0,11.53,27.1,0,14.1,0,0,0,0,2026-03-07
[หนังสือ] ปีศาจตัวนั้น คือฉันเอง 2 A GUIDE TO OVERCOMING THE RETURN OF THE DEMONS,*OPD [E-BOOK] ปีศาจตัวนั้น คือฉันเอง 2 A GUIDE TO OVERCOMING THE RETURN OF THE DEMONS,0,0,0,0,0,0,0,0,0,0,0,0,0,0,0,0,0,0,0,0,0,0,0,0,0,0,0,0,0,0,0,0,0,2026-03-07
[หนังสือ] ปีศาจความรักมักเลือกฉันเป็นเหยื่อ HOW TO FIGHT THE LOVE DEMON IN MY HEART,[หนังสือ] ปีศาจความรักมักเลือกฉันเป็นเหยื่อ HOW TO FIGHT THE LOVE DEMON IN MY HEART,197.32,0,0,47.9,149.42,0,0,0,0,0,0,1827,200,0,321,700,606,0,0,0,0,0,10.8,0,0,14.92,21.35,0,0,0,0,0,0,2026-03-07
[หนังสือ] ปีศาจความรักมักเลือกฉันเป็นเหยื่อ HOW TO FIGHT THE LOVE DEMON IN MY HEART,*OPD [E-BOOK] ปีศาจความรักมักเลือกฉันเป็นเหยื่อ HOW TO FIGHT THE LOVE DEMON IN MY HEART,0,0,0,0,0,0,0,0,0,0,0,0,0,0,0,0,0,0,0,0,0,0,0,0,0,0,0,0,0,0,0,0,0,2026-03-07
[หนังสือ] ถ้าโลกมันแย่ ก็แค่คิดแบบคาปิบาร่า THINK LIKE A HAPPYBARA,[หนังสือ] ถ้าโลกมันแย่ ก็แค่คิดแบบคาปิบาร่า THINK LIKE A HAPPYBARA,447.06,0,0,73.92,373.14,0,0,0,0,0,0,1170,0,0,390,0,780,0,0,0,0,0,38.21,0,0,18.95,0,0,0,0,0,0,0,2026-03-07
[หนังสือ] ถ้าโลกมันแย่ ก็แค่คิดแบบคาปิบาร่า THINK LIKE A HAPPYBARA,*OPD [E-BOOK] ถ้าโลกมันแย่ ก็แค่คิดแบบคาปิบาร่า THINK LIKE A HAPPYBARA,0,0,0,0,0,0,0,0,0,0,0,179,179,0,0,0,0,0,0,0,0,0,0,0,0,0,0,0,0,0,0,0,0,2026-03-07
[หนังสือ] ถ้าโลกมันแย่ ก็แค่คิดแบบคาปิบาร่า THINK LIKE A HAPPYBARA,[หนังสือ] BOXSET ถ้าโลกมันแย่ ก็แค่คิดแบบคาปิบาร่า THINK LIKE A HAPPYBARA,0,0,0,0,0,0,0,0,0,0,0,0,0,0,0,0,0,0,0,0,0,0,0,0,0,0,0,0,0,0,0,0,0,2026-03-07
[หนังสือ] เหนื่อยมากไหม พักก่อนก็ได้นะวันนี้,[หนังสือ] เหนื่อยมากไหม พักก่อนก็ได้นะวันนี้,319.39,319.39,0,0,0,0,0,0,0,0,0,1469,729,0,350,0,390,0,0,0,0,0,21.74,43.81,0,0,0,0,0,0,0,0,0,2026-03-07
[หนังสือ] ปีศาจตัวนั้น คือฉันเอง A GUIDE TO FIGHT THE DEMONS IN MY HEART,*OPD [E-BOOK] ปีศาจตัวนั้น คือฉันเอง A GUIDE TO FIGHTING THE DEMONS IN MY HEART,0,0,0,0,0,0,0,0,0,0,0,0,0,0,0,0,0,0,0,0,0,0,0,0,0,0,0,0,0,0,0,0,0,2026-03-07
[หนังสือ] เหนื่อยมากไหม พักก่อนก็ได้นะวันนี้,*OPD [E-BOOK] เหนื่อยมากไหม พักก่อนก็ได้นะวันนี้,0,0,0,0,0,0,0,0,0,0,0,0,0,0,0,0,0,0,0,0,0,0,0,0,0,0,0,0,0,0,0,0,0,2026-03-07
[หนังสือ] โอบกอดความไม่สมบูรณ์แบบของเธอ (EMBRACE YOUR FLAWS),[หนังสือ] โอบกอดความไม่สมบูรณ์แบบของเธอ (EMBRACE YOUR FLAWS),1871.33,170.19,0,122.78,1578.36,0,0,0,0,0,0,5794,0,0,214,5301,279,0,0,0,0,0,32.3,0,0,57.37,29.77,0,0,0,0,0,0,2026-03-07
[หนังสือ] โอบกอดความไม่สมบูรณ์แบบของเธอ (EMBRACE YOUR FLAWS),*OPD [E-BOOK] โอบกอดความไม่สมบูรณ์แบบของเธอ (EMBRACE YOUR FLAWS),0,0,0,0,0,0,0,0,0,0,0,0,0,0,0,0,0,0,0,0,0,0,0,0,0,0,0,0,0,0,0,0,0,2026-03-07
[หนังสือ] ความลับสู่เงินล้านที่โรงเรียนไม่เคยสอน (THE MILLIONAIRE'S TOP SECRET),[หนังสือ] ความลับสู่เงินล้านที่โรงเรียนไม่เคยสอน (THE MILLIONAIRE'S TOP SECRET),695.82,0,0,56.39,639.43,0,0,0,0,0,0,1974,0,0,0,1645,329,0,0,0,0,0,35.25,0,0,0,38.87,0,0,0,0,0,0,2026-03-07
[หนังสือ] ความลับสู่เงินล้านที่โรงเรียนไม่เคยสอน (THE MILLIONAIRE'S TOP SECRET),*OPD [E-BOOK] ความลับสู่เงินล้านที่โรงเรียนไม่เคยสอน (THE MILLIONAIRE'S TOP SECRET),0,0,0,0,0,0,0,0,0,0,0,0,0,0,0,0,0,0,0,0,0,0,0,0,0,0,0,0,0,0,0,0,0,2026-03-07
[หนังสือ] ขอใช้ชีวิตที่เหลือ เพื่อตัวเองนะ,[หนังสือ] ขอใช้ชีวิตที่เหลือ เพื่อตัวเองนะ,665.71,311.1,0,65.01,289.6,0,0,0,0,0,0,1695,729,0,0,704,0,262,0,0,0,0,39.27,42.67,0,0,41.14,0,0,0,0,0,0,2026-03-07
[หนังสือ] ขอใช้ชีวิตที่เหลือ เพื่อตัวเองนะ,*OPD [E-BOOK] ขอใช้ชีวิตที่เหลือ เพื่อตัวเองนะ,0,0,0,0,0,0,0,0,0,0,0,0,0,0,0,0,0,0,0,0,0,0,0,0,0,0,0,0,0,0,0,0,0,2026-03-07
[หนังสือ] กับดักความรู้สึกผิด,[หนังสือ] กับดักความรู้สึกผิด,19692.81,17297.75,0,1479.07,534.96,211.29,169.74,0,0,0,0,54909,26011,0,4167,2000,18552,748,2713,0,718,0,35.86,66.5,0,35.49,26.75,7.79,0.91,0,0,0,0,2026-03-07
[หนังสือ] กับดักความรู้สึกผิด,*OPD [E-BOOK] กับดักความรู้สึกผิด,0,0,0,0,0,0,0,0,0,0,0,180,180,0,0,0,0,0,0,0,0,0,0,0,0,0,0,0,0,0,0,0,0,2026-03-07
[หนังสือ] กว่าจะคิดได้ ก็ไม่มีลมหายใจแล้ว (IT IS NEVER TOO LATE TO LOVE YOURSELF),[หนังสือ] กว่าจะคิดได้ ก็ไม่มีลมหายใจแล้ว (IT IS NEVER TOO LATE TO LOVE YOURSELF),0,0,0,0,0,0,0,0,0,0,0,598,0,0,0,598,0,0,0,0,0,0,0,0,0,0,0,0,0,0,0,0,0,2026-03-07
[หนังสือ] กว่าจะคิดได้ ก็ไม่มีลมหายใจแล้ว (IT IS NEVER TOO LATE TO LOVE YOURSELF),*OPD [E-BOOK] กว่าจะคิดได้ ก็ไม่มีลมหายใจแล้ว (IT IS NEVER TOO LATE TO LOVE YOURSELF),0,0,0,0,0,0,0,0,0,0,0,0,0,0,0,0,0,0,0,0,0,0,0,0,0,0,0,0,0,0,0,0,0,2026-03-07
[หนังสือ] เหนื่อยมากไหม พักก่อนก็ได้นะวันนี้,[หนังสือ] BOXSET เหนื่อยมากไหม พักก่อนก็ได้นะวันนี้,0,0,0,0,0,0,0,0,0,0,0,0,0,0,0,0,0,0,0,0,0,0,0,0,0,0,0,0,0,0,0,0,0,2026-03-07
[หนังสือ] THE WITCHES' CLUB ชมรมลับเปลี่ยนชีวิต,[หนังสือ] THE WITCHES' CLUB ชมรมลับเปลี่ยนชีวิต,2127.09,982.25,0,543.47,451.07,0,150.3,0,0,0,0,2345,0,0,299,2046,0,0,0,0,0,0,90.71,0,0,181.76,22.05,0,0,0,0,0,0,2026-03-07
[หนังสือ] THE WITCHES' CLUB ชมรมลับเปลี่ยนชีวิต,*OPD [E-BOOK] THE WITCHES' CLUB ชมรมลับเปลี่ยนชีวิต,0,0,0,0,0,0,0,0,0,0,0,0,0,0,0,0,0,0,0,0,0,0,0,0,0,0,0,0,0,0,0,0,0,2026-03-07
[หนังสือ] THE WITCHES' CLUB ชมรมลับเปลี่ยนชีวิต,*[E-BOOK] THE WITCHES' CLUB ชมรมลับเปลี่ยนชีวิต,0,0,0,0,0,0,0,0,0,0,0,0,0,0,0,0,0,0,0,0,0,0,0,0,0,0,0,0,0,0,0,0,0,2026-03-07
[หนังสือ] THE WITCHES' CLUB ชมรมลับเปลี่ยนชีวิต,[หนังสือ] BOXSET THE WITCHES' CLUB ชมรมลับเปลี่ยนชีวิต,0,0,0,0,0,0,0,0,0,0,0,5673,1897,0,529,1567,1680,0,0,0,0,0,0,0,0,0,0,0,0,0,0,0,0,2026-03-07
[หนังสือ] GHOSTLY REMAINS ปลดพันธนาการดวงวิญญาณหลังความตาย,[หนังสือ] GHOSTLY REMAINS ปลดพันธนาการดวงวิญญาณหลังความตาย,1109.66,667.7,0,105.89,336.07,0,0,0,0,0,0,2550,864,0,0,598,1088,0,0,0,0,0,43.52,77.28,0,0,56.2,0,0,0,0,0,0,2026-03-07
[หนังสือ] GHOSTLY BREWS ยินดีบริการดวงวิญญาณหลังเที่ยงคืน,[หนังสือ] GHOSTLY BREWS ยินดีบริการดวงวิญญาณหลังเที่ยงคืน,1825.79,722.74,0,501.15,493.59,0,100,8.31,0,0,0,6679,1584,0,1645,1317,1431,390,312,0,0,0,27.34,45.63,0,30.47,37.48,0,6.99,2.13,0,0,0,2026-03-07
[หนังสือ] GHOSTLY BREWS ยินดีบริการดวงวิญญาณหลังเที่ยงคืน,*OPD [E-BOOK] GHOSTLY BREWS ยินดีบริการดวงวิญญาณหลังเที่ยงคืน,0,0,0,0,0,0,0,0,0,0,0,0,0,0,0,0,0,0,0,0,0,0,0,0,0,0,0,0,0,0,0,0,0,2026-03-07
[หนังสือ] GHOSTLY BREWS ยินดีบริการดวงวิญญาณหลังเที่ยงคืน,*[E-BOOK] GHOSTLY BREWS ยินดีบริการดวงวิญญาณหลังเที่ยงคืน,0,0,0,0,0,0,0,0,0,0,0,0,0,0,0,0,0,0,0,0,0,0,0,0,0,0,0,0,0,0,0,0,0,2026-03-07
[หนังสือ] ฉันจะมีชีวิตที่ดี,[หนังสือ] ฉันจะมีชีวิตที่ดี,1197.09,123.29,0,25.22,1048.58,0,0,0,0,0,0,1430,0,0,0,885,295,0,250,0,0,0,83.71,0,0,0,118.48,0,0,0,0,0,0,2026-03-07
[หนังสือ] ฉันจะมีชีวิตที่ดี,*OPD [E-BOOK] ฉันจะมีชีวิตที่ดี,0,0,0,0,0,0,0,0,0,0,0,0,0,0,0,0,0,0,0,0,0,0,0,0,0,0,0,0,0,0,0,0,0,2026-03-07
[หนังสือ] ชีวิตมีเรื่องให้ขอบคุณมากกว่าเสียใจ,[หนังสือ] ชีวิตมีเรื่องให้ขอบคุณมากกว่าเสียใจ,387.73,0,0,295.3,92.43,0,0,0,0,0,0,279,0,0,279,0,0,0,0,0,0,0,138.97,0,0,105.84,0,0,0,0,0,0,0,2026-03-08
[หนังสือ] ชีวิตมีเรื่องให้ขอบคุณมากกว่าเสียใจ,*OPD [E-BOOK] ชีวิตมีเรื่องให้ขอบคุณมากกว่าเสียใจ,0,0,0,0,0,0,0,0,0,0,0,0,0,0,0,0,0,0,0,0,0,0,0,0,0,0,0,0,0,0,0,0,0,2026-03-08
[หนังสือ] วันไหนที่ใจแข็งแรง ดอกไม้จะผลิบาน THE ENCHANTED GARDEN,[หนังสือ] วันไหนที่ใจแข็งแรง ดอกไม้จะผลิบาน THE ENCHANTED GARDEN,1166.74,0,0,106.87,1059.87,0,0,0,0,0,0,1950,0,0,0,1170,780,0,0,0,0,0,59.83,0,0,0,90.59,0,0,0,0,0,0,2026-03-08
[หนังสือ] วันไหนที่ใจแข็งแรง ดอกไม้จะผลิบาน THE ENCHANTED GARDEN,*OPD [E-BOOK] วันไหนที่ใจแข็งแรง ดอกไม้จะผลิบาน THE ENCHANTED GARDEN,0,0,0,0,0,0,0,0,0,0,0,0,0,0,0,0,0,0,0,0,0,0,0,0,0,0,0,0,0,0,0,0,0,2026-03-08
[หนังสือ] วันไหนที่ใจแข็งแรง ดอกไม้จะผลิบาน THE ENCHANTED GARDEN,[หนังสือ] สวนของหัวใจ BLOSSOMS OF THE SOUL’S GARDEN,0,0,0,0,0,0,0,0,0,0,0,1773,0,0,0,1281,492,0,0,0,0,0,0,0,0,0,0,0,0,0,0,0,0,2026-03-08
[หนังสือ] ยินดีต้อนรับและขอบคุณที่กลับมา,[หนังสือ] ยินดีต้อนรับและขอบคุณที่กลับมา,501.98,0,0,347.25,154.73,0,0,0,0,0,0,1247,0,0,299,948,0,0,0,0,0,0,40.26,0,0,116.14,16.32,0,0,0,0,0,0,2026-03-08
[หนังสือ] ยินดีต้อนรับและขอบคุณที่กลับมา,*OPD [E-BOOK] ยินดีต้อนรับและขอบคุณที่กลับมา,0,0,0,0,0,0,0,0,0,0,0,0,0,0,0,0,0,0,0,0,0,0,0,0,0,0,0,0,0,0,0,0,0,2026-03-08
[หนังสือ] ปีศาจตัวนั้น คือฉันเอง A GUIDE TO FIGHT THE DEMONS IN MY HEART,[หนังสือ] ปีศาจตัวนั้น คือฉันเอง A GUIDE TO FIGHT THE DEMONS IN MY HEART,8073.26,0,0,3926.1,3950.68,0,196.48,0,0,0,0,0,0,0,0,0,0,0,0,0,0,0,0,0,0,0,0,0,0,0,0,0,0,2026-03-08
[หนังสือ] ปีศาจตัวนั้น คือฉันเอง A GUIDE TO FIGHT THE DEMONS IN MY HEART,*OPD [E-BOOK] ปีศาจตัวนั้น คือฉันเอง A GUIDE TO FIGHTING THE DEMONS IN MY HEART,0,0,0,0,0,0,0,0,0,0,0,0,0,0,0,0,0,0,0,0,0,0,0,0,0,0,0,0,0,0,0,0,0,2026-03-08
[หนังสือ] ปีศาจตัวนั้น คือฉันเอง A GUIDE TO FIGHT THE DEMONS IN MY HEART,*[E-BOOK] ปีศาจตัวนั้น คือฉันเอง A GUIDE TO FIGHTING THE DEMONS IN MY HEART,0,0,0,0,0,0,0,0,0,0,0,0,0,0,0,0,0,0,0,0,0,0,0,0,0,0,0,0,0,0,0,0,0,2026-03-08
[หนังสือ] ปีศาจตัวนั้น คือฉันเอง A GUIDE TO FIGHT THE DEMONS IN MY HEART,[หนังสือ] ปีศาจตัวนั้น คือฉันเอง A GUIDE TO FIGHTING THE DEMONS IN MY HEART,0,0,0,0,0,0,0,0,0,0,0,21332,0,0,8603,10423,1947,359,0,0,0,0,0,0,0,0,0,0,0,0,0,0,0,2026-03-08
[หนังสือ] ปีศาจตัวนั้น คือฉันเอง 2 A GUIDE TO OVERCOMING THE RETURN OF THE DEMONS,[หนังสือ] ปีศาจตัวนั้น คือฉันเอง 2 A GUIDE TO OVERCOMING THE RETURN OF THE DEMONS,1643.25,0,0,105.71,1437.54,0,100,0,0,0,0,5790,600,0,635,3041,1514,0,0,0,0,0,28.38,0,0,16.65,47.27,0,6.61,0,0,0,0,2026-03-08
[หนังสือ] ปีศาจตัวนั้น คือฉันเอง 2 A GUIDE TO OVERCOMING THE RETURN OF THE DEMONS,*OPD [E-BOOK] ปีศาจตัวนั้น คือฉันเอง 2 A GUIDE TO OVERCOMING THE RETURN OF THE DEMONS,0,0,0,0,0,0,0,0,0,0,0,0,0,0,0,0,0,0,0,0,0,0,0,0,0,0,0,0,0,0,0,0,0,2026-03-08
[หนังสือ] ปีศาจความรักมักเลือกฉันเป็นเหยื่อ HOW TO FIGHT THE LOVE DEMON IN MY HEART,[หนังสือ] ปีศาจความรักมักเลือกฉันเป็นเหยื่อ HOW TO FIGHT THE LOVE DEMON IN MY HEART,315.81,0,0,51.39,264.42,0,0,0,0,0,0,3150,600,0,0,758,1792,0,0,0,0,0,10.03,0,0,0,34.88,0,0,0,0,0,0,2026-03-08
[หนังสือ] ปีศาจความรักมักเลือกฉันเป็นเหยื่อ HOW TO FIGHT THE LOVE DEMON IN MY HEART,*OPD [E-BOOK] ปีศาจความรักมักเลือกฉันเป็นเหยื่อ HOW TO FIGHT THE LOVE DEMON IN MY HEART,0,0,0,0,0,0,0,0,0,0,0,0,0,0,0,0,0,0,0,0,0,0,0,0,0,0,0,0,0,0,0,0,0,2026-03-08
[หนังสือ] ทุกความทรงจำคือของขวัญจากวันวาน,[หนังสือ] ทุกความทรงจำคือของขวัญจากวันวาน,0,0,0,0,0,0,0,0,0,0,0,329,0,0,0,0,329,0,0,0,0,0,0,0,0,0,0,0,0,0,0,0,0,2026-03-08
[หนังสือ] ทุกความทรงจำคือของขวัญจากวันวาน,*OPD [E-BOOK] ทุกความทรงจำคือของขวัญจากวันวาน,0,0,0,0,0,0,0,0,0,0,0,0,0,0,0,0,0,0,0,0,0,0,0,0,0,0,0,0,0,0,0,0,0,2026-03-08
[หนังสือ] ถ้าโลกมันแย่ ก็แค่คิดแบบคาปิบาร่า THINK LIKE A HAPPYBARA,[หนังสือ] ถ้าโลกมันแย่ ก็แค่คิดแบบคาปิบาร่า THINK LIKE A HAPPYBARA,1236.43,0,0,97.18,1139.25,0,0,0,0,0,0,1560,0,0,0,1170,390,0,0,0,0,0,79.26,0,0,0,97.37,0,0,0,0,0,0,2026-03-08
[หนังสือ] ถ้าโลกมันแย่ ก็แค่คิดแบบคาปิบาร่า THINK LIKE A HAPPYBARA,*OPD [E-BOOK] ถ้าโลกมันแย่ ก็แค่คิดแบบคาปิบาร่า THINK LIKE A HAPPYBARA,0,0,0,0,0,0,0,0,0,0,0,0,0,0,0,0,0,0,0,0,0,0,0,0,0,0,0,0,0,0,0,0,0,2026-03-08
[หนังสือ] ถ้าโลกมันแย่ ก็แค่คิดแบบคาปิบาร่า THINK LIKE A HAPPYBARA,[หนังสือ] BOXSET ถ้าโลกมันแย่ ก็แค่คิดแบบคาปิบาร่า THINK LIKE A HAPPYBARA,0,0,0,0,0,0,0,0,0,0,0,2242,0,0,1121,1121,0,0,0,0,0,0,0,0,0,0,0,0,0,0,0,0,0,2026-03-08
[หนังสือ] เหนื่อยมากไหม พักก่อนก็ได้นะวันนี้,[หนังสือ] เหนื่อยมากไหม พักก่อนก็ได้นะวันนี้,112.67,112.67,0,0,0,0,0,0,0,0,0,780,0,0,0,390,390,0,0,0,0,0,14.44,0,0,0,0,0,0,0,0,0,0,2026-03-08
[หนังสือ] เหนื่อยมากไหม พักก่อนก็ได้นะวันนี้,*OPD [E-BOOK] เหนื่อยมากไหม พักก่อนก็ได้นะวันนี้,0,0,0,0,0,0,0,0,0,0,0,179,179,0,0,0,0,0,0,0,0,0,0,0,0,0,0,0,0,0,0,0,0,2026-03-08
[หนังสือ] เหนื่อยมากไหม พักก่อนก็ได้นะวันนี้,[หนังสือ] BOXSET เหนื่อยมากไหม พักก่อนก็ได้นะวันนี้,0,0,0,0,0,0,0,0,0,0,0,850,400,0,0,450,0,0,0,0,0,0,0,0,0,0,0,0,0,0,0,0,0,2026-03-08
[หนังสือ] โอบกอดความไม่สมบูรณ์แบบของเธอ (EMBRACE YOUR FLAWS),[หนังสือ] โอบกอดความไม่สมบูรณ์แบบของเธอ (EMBRACE YOUR FLAWS),766.31,148.85,0,62.31,508.85,0,46.3,0,0,0,0,3565,558,0,558,1640,809,0,0,0,0,0,21.5,26.68,0,11.17,31.03,0,5.72,0,0,0,0,2026-03-08
[หนังสือ] โอบกอดความไม่สมบูรณ์แบบของเธอ (EMBRACE YOUR FLAWS),*OPD [E-BOOK] โอบกอดความไม่สมบูรณ์แบบของเธอ (EMBRACE YOUR FLAWS),0,0,0,0,0,0,0,0,0,0,0,0,0,0,0,0,0,0,0,0,0,0,0,0,0,0,0,0,0,0,0,0,0,2026-03-08
[หนังสือ] ความลับสู่เงินล้านที่โรงเรียนไม่เคยสอน (THE MILLIONAIRE'S TOP SECRET),[หนังสือ] ความลับสู่เงินล้านที่โรงเรียนไม่เคยสอน (THE MILLIONAIRE'S TOP SECRET),488.63,0,0,77.29,411.34,0,0,0,0,0,0,1645,0,0,0,1645,0,0,0,0,0,0,29.7,0,0,0,25.01,0,0,0,0,0,0,2026-03-08
[หนังสือ] ความลับสู่เงินล้านที่โรงเรียนไม่เคยสอน (THE MILLIONAIRE'S TOP SECRET),*OPD [E-BOOK] ความลับสู่เงินล้านที่โรงเรียนไม่เคยสอน (THE MILLIONAIRE'S TOP SECRET),0,0,0,0,0,0,0,0,0,0,0,0,0,0,0,0,0,0,0,0,0,0,0,0,0,0,0,0,0,0,0,0,0,2026-03-08
[หนังสือ] ขอใช้ชีวิตที่เหลือ เพื่อตัวเองนะ,[หนังสือ] ขอใช้ชีวิตที่เหลือ เพื่อตัวเองนะ,808.78,425.26,0,61.35,322.17,0,0,0,0,0,0,1854,1529,0,0,325,0,0,0,0,0,0,43.62,27.81,0,0,99.13,0,0,0,0,0,0,2026-03-08
[หนังสือ] ขอใช้ชีวิตที่เหลือ เพื่อตัวเองนะ,*OPD [E-BOOK] ขอใช้ชีวิตที่เหลือ เพื่อตัวเองนะ,0,0,0,0,0,0,0,0,0,0,0,0,0,0,0,0,0,0,0,0,0,0,0,0,0,0,0,0,0,0,0,0,0,2026-03-08
[หนังสือ] กับดักความรู้สึกผิด,[หนังสือ] กับดักความรู้สึกผิด,23680.09,21603.01,0,941.48,484.46,457.2,193.94,0,0,0,0,60135.4,28823,0,1326,2373,20018,774.4,4407,0,2414,0,39.38,74.95,0,71,20.42,10.37,0.97,0,0,0,0,2026-03-08
[หนังสือ] กับดักความรู้สึกผิด,*OPD [E-BOOK] กับดักความรู้สึกผิด,0,0,0,0,0,0,0,0,0,0,0,180,180,0,0,0,0,0,0,0,0,0,0,0,0,0,0,0,0,0,0,0,0,2026-03-08
[หนังสือ] กว่าจะคิดได้ ก็ไม่มีลมหายใจแล้ว (IT IS NEVER TOO LATE TO LOVE YOURSELF),[หนังสือ] กว่าจะคิดได้ ก็ไม่มีลมหายใจแล้ว (IT IS NEVER TOO LATE TO LOVE YOURSELF),0,0,0,0,0,0,0,0,0,0,0,958,200,0,0,0,758,0,0,0,0,0,0,0,0,0,0,0,0,0,0,0,0,2026-03-08
[หนังสือ] กว่าจะคิดได้ ก็ไม่มีลมหายใจแล้ว (IT IS NEVER TOO LATE TO LOVE YOURSELF),*OPD [E-BOOK] กว่าจะคิดได้ ก็ไม่มีลมหายใจแล้ว (IT IS NEVER TOO LATE TO LOVE YOURSELF),0,0,0,0,0,0,0,0,0,0,0,0,0,0,0,0,0,0,0,0,0,0,0,0,0,0,0,0,0,0,0,0,0,2026-03-08
[หนังสือ] THE WITCHES' CLUB ชมรมลับเปลี่ยนชีวิต,[หนังสือ] THE WITCHES' CLUB ชมรมลับเปลี่ยนชีวิต,2987.19,1094.09,0,962.33,784.27,0,146.5,0,0,0,0,700,0,0,350,350,0,0,0,0,0,0,426.74,0,0,274.95,224.08,0,0,0,0,0,0,2026-03-08
[หนังสือ] THE WITCHES' CLUB ชมรมลับเปลี่ยนชีวิต,*OPD [E-BOOK] THE WITCHES' CLUB ชมรมลับเปลี่ยนชีวิต,0,0,0,0,0,0,0,0,0,0,0,0,0,0,0,0,0,0,0,0,0,0,0,0,0,0,0,0,0,0,0,0,0,2026-03-08
[หนังสือ] THE WITCHES' CLUB ชมรมลับเปลี่ยนชีวิต,*[E-BOOK] THE WITCHES' CLUB ชมรมลับเปลี่ยนชีวิต,0,0,0,0,0,0,0,0,0,0,0,0,0,0,0,0,0,0,0,0,0,0,0,0,0,0,0,0,0,0,0,0,0,2026-03-08
[หนังสือ] THE WITCHES' CLUB ชมรมลับเปลี่ยนชีวิต,[หนังสือ] BOXSET THE WITCHES' CLUB ชมรมลับเปลี่ยนชีวิต,0,0,0,0,0,0,0,0,0,0,0,11076,1996,0,3135,1996,3450,0,0,0,499,0,0,0,0,0,0,0,0,0,0,0,0,2026-03-08
[หนังสือ] GHOSTLY REMAINS ปลดพันธนาการดวงวิญญาณหลังความตาย,[หนังสือ] GHOSTLY REMAINS ปลดพันธนาการดวงวิญญาณหลังความตาย,756.89,362.31,0,90.66,303.92,0,0,0,0,0,0,2065,379,0,0,598,1088,0,0,0,0,0,36.65,95.6,0,0,50.82,0,0,0,0,0,0,2026-03-08
[หนังสือ] GHOSTLY BREWS ยินดีบริการดวงวิญญาณหลังเที่ยงคืน,[หนังสือ] GHOSTLY BREWS ยินดีบริการดวงวิญญาณหลังเที่ยงคืน,1740.69,777.64,0,498.16,363.55,0,100,1.34,0,0,0,1974,299,0,628,0,1047,0,0,0,0,0,88.18,260.08,0,79.32,0,0,9.55,0,0,0,0,2026-03-08
[หนังสือ] GHOSTLY BREWS ยินดีบริการดวงวิญญาณหลังเที่ยงคืน,*OPD [E-BOOK] GHOSTLY BREWS ยินดีบริการดวงวิญญาณหลังเที่ยงคืน,0,0,0,0,0,0,0,0,0,0,0,538,179,0,0,0,359,0,0,0,0,0,0,0,0,0,0,0,0,0,0,0,0,2026-03-08
[หนังสือ] GHOSTLY BREWS ยินดีบริการดวงวิญญาณหลังเที่ยงคืน,*[E-BOOK] GHOSTLY BREWS ยินดีบริการดวงวิญญาณหลังเที่ยงคืน,0,0,0,0,0,0,0,0,0,0,0,0,0,0,0,0,0,0,0,0,0,0,0,0,0,0,0,0,0,0,0,0,0,2026-03-08
[หนังสือ] ฉันจะมีชีวิตที่ดี,[หนังสือ] ฉันจะมีชีวิตที่ดี,642.89,119.48,0,28.05,495.36,0,0,0,0,0,0,1144,0,0,0,1144,0,0,0,0,0,0,56.2,0,0,0,43.3,0,0,0,0,0,0,2026-03-08
[หนังสือ] ฉันจะมีชีวิตที่ดี,*OPD [E-BOOK] ฉันจะมีชีวิตที่ดี,0,0,0,0,0,0,0,0,0,0,0,0,0,0,0,0,0,0,0,0,0,0,0,0,0,0,0,0,0,0,0,0,0,2026-03-08
[หนังสือ] ชีวิตมีเรื่องให้ขอบคุณมากกว่าเสียใจ,[หนังสือ] ชีวิตมีเรื่องให้ขอบคุณมากกว่าเสียใจ,315.36,0,0,238.56,76.8,0,0,0,0,0,0,214,0,0,0,214,0,0,0,0,0,0,147.36,0,0,0,35.89,0,0,0,0,0,0,2026-03-09
[หนังสือ] ชีวิตมีเรื่องให้ขอบคุณมากกว่าเสียใจ,*OPD [E-BOOK] ชีวิตมีเรื่องให้ขอบคุณมากกว่าเสียใจ,0,0,0,0,0,0,0,0,0,0,0,0,0,0,0,0,0,0,0,0,0,0,0,0,0,0,0,0,0,0,0,0,0,2026-03-09
[หนังสือ] เมื่อโลกทั้งใบซ่อนอยู่ใต้หมวกกันน็อก (HELMET GIRL),[หนังสือ] เมื่อโลกทั้งใบซ่อนอยู่ใต้หมวกกันน็อก (HELMET GIRL),0,0,0,0,0,0,0,0,0,0,0,780,0,0,0,0,780,0,0,0,0,0,0,0,0,0,0,0,0,0,0,0,0,2026-03-09
[หนังสือ] เมื่อโลกทั้งใบซ่อนอยู่ใต้หมวกกันน็อก (HELMET GIRL),*OPD [E-BOOK] เมื่อโลกทั้งใบซ่อนอยู่ใต้หมวกกันน็อก (HELMET GIRL),0,0,0,0,0,0,0,0,0,0,0,359,0,0,0,0,359,0,0,0,0,0,0,0,0,0,0,0,0,0,0,0,0,2026-03-09
[หนังสือ] เมื่อโลกทั้งใบซ่อนอยู่ใต้หมวกกันน็อก (HELMET GIRL),[หนังสือ] BOXSET เมื่อโลกทั้งใบซ่อนอยู่ใต้หมวกกันน็อก (HELMET GIRL),0,0,0,0,0,0,0,0,0,0,0,0,0,0,0,0,0,0,0,0,0,0,0,0,0,0,0,0,0,0,0,0,0,2026-03-09
[หนังสือ] วันไหนที่ใจแข็งแรง ดอกไม้จะผลิบาน THE ENCHANTED GARDEN,[หนังสือ] วันไหนที่ใจแข็งแรง ดอกไม้จะผลิบาน THE ENCHANTED GARDEN,785.81,0,0,102.86,616.65,0,66.3,0,0,0,0,1946,0,0,300,1646,0,0,0,0,0,0,40.38,0,0,34.29,37.46,0,0,0,0,0,0,2026-03-09
[หนังสือ] วันไหนที่ใจแข็งแรง ดอกไม้จะผลิบาน THE ENCHANTED GARDEN,*OPD [E-BOOK] วันไหนที่ใจแข็งแรง ดอกไม้จะผลิบาน THE ENCHANTED GARDEN,0,0,0,0,0,0,0,0,0,0,0,179,179,0,0,0,0,0,0,0,0,0,0,0,0,0,0,0,0,0,0,0,0,2026-03-09
[หนังสือ] วันไหนที่ใจแข็งแรง ดอกไม้จะผลิบาน THE ENCHANTED GARDEN,[หนังสือ] สวนของหัวใจ BLOSSOMS OF THE SOUL’S GARDEN,0,0,0,0,0,0,0,0,0,0,0,1480,0,0,0,0,1480,0,0,0,0,0,0,0,0,0,0,0,0,0,0,0,0,2026-03-09
[หนังสือ] ยินดีต้อนรับและขอบคุณที่กลับมา,[หนังสือ] ยินดีต้อนรับและขอบคุณที่กลับมา,222.24,0,0,139.63,82.61,0,0,0,0,0,0,299,0,0,299,0,0,0,0,0,0,0,74.33,0,0,46.7,0,0,0,0,0,0,0,2026-03-09
[หนังสือ] ยินดีต้อนรับและขอบคุณที่กลับมา,*OPD [E-BOOK] ยินดีต้อนรับและขอบคุณที่กลับมา,0,0,0,0,0,0,0,0,0,0,0,0,0,0,0,0,0,0,0,0,0,0,0,0,0,0,0,0,0,0,0,0,0,2026-03-09
[หนังสือ] ปีศาจตัวนั้น คือฉันเอง A GUIDE TO FIGHT THE DEMONS IN MY HEART,[หนังสือ] ปีศาจตัวนั้น คือฉันเอง A GUIDE TO FIGHT THE DEMONS IN MY HEART,7144.8,0,0,2672.5,4216,0,256.3,0,0,0,0,0,0,0,0,0,0,0,0,0,0,0,0,0,0,0,0,0,0,0,0,0,0,2026-03-09
[หนังสือ] ปีศาจตัวนั้น คือฉันเอง A GUIDE TO FIGHT THE DEMONS IN MY HEART,*OPD [E-BOOK] ปีศาจตัวนั้น คือฉันเอง A GUIDE TO FIGHTING THE DEMONS IN MY HEART,0,0,0,0,0,0,0,0,0,0,0,0,0,0,0,0,0,0,0,0,0,0,0,0,0,0,0,0,0,0,0,0,0,2026-03-09
[หนังสือ] ปีศาจตัวนั้น คือฉันเอง A GUIDE TO FIGHT THE DEMONS IN MY HEART,*[E-BOOK] ปีศาจตัวนั้น คือฉันเอง A GUIDE TO FIGHTING THE DEMONS IN MY HEART,0,0,0,0,0,0,0,0,0,0,0,0,0,0,0,0,0,0,0,0,0,0,0,0,0,0,0,0,0,0,0,0,0,2026-03-09
[หนังสือ] ปีศาจตัวนั้น คือฉันเอง A GUIDE TO FIGHT THE DEMONS IN MY HEART,[หนังสือ] ปีศาจตัวนั้น คือฉันเอง A GUIDE TO FIGHTING THE DEMONS IN MY HEART,0,0,0,0,0,0,0,0,0,0,0,21375,600,0,6112,12592,1771,0,0,0,300,0,0,0,0,0,0,0,0,0,0,0,0,2026-03-09
[หนังสือ] ปีศาจตัวนั้น คือฉันเอง 2 A GUIDE TO OVERCOMING THE RETURN OF THE DEMONS,[หนังสือ] ปีศาจตัวนั้น คือฉันเอง 2 A GUIDE TO OVERCOMING THE RETURN OF THE DEMONS,3266.78,0,0,172.25,2994.53,0,100,0,0,0,0,10032,300,0,2124,6170,1438,0,0,0,0,0,32.56,0,0,8.11,48.53,0,6.95,0,0,0,0,2026-03-09
[หนังสือ] ปีศาจตัวนั้น คือฉันเอง 2 A GUIDE TO OVERCOMING THE RETURN OF THE DEMONS,*OPD [E-BOOK] ปีศาจตัวนั้น คือฉันเอง 2 A GUIDE TO OVERCOMING THE RETURN OF THE DEMONS,0,0,0,0,0,0,0,0,0,0,0,179,179,0,0,0,0,0,0,0,0,0,0,0,0,0,0,0,0,0,0,0,0,2026-03-09
[หนังสือ] ปีศาจความรักมักเลือกฉันเป็นเหยื่อ HOW TO FIGHT THE LOVE DEMON IN MY HEART,[หนังสือ] ปีศาจความรักมักเลือกฉันเป็นเหยื่อ HOW TO FIGHT THE LOVE DEMON IN MY HEART,244.96,0,0,35.11,209.85,0,0,0,0,0,0,521,0,0,0,321,0,0,0,0,200,0,47.02,0,0,0,65.37,0,0,0,0,0,0,2026-03-09
[หนังสือ] ปีศาจความรักมักเลือกฉันเป็นเหยื่อ HOW TO FIGHT THE LOVE DEMON IN MY HEART,*OPD [E-BOOK] ปีศาจความรักมักเลือกฉันเป็นเหยื่อ HOW TO FIGHT THE LOVE DEMON IN MY HEART,0,0,0,0,0,0,0,0,0,0,0,0,0,0,0,0,0,0,0,0,0,0,0,0,0,0,0,0,0,0,0,0,0,2026-03-09
[หนังสือ] ทุกความทรงจำคือของขวัญจากวันวาน,[หนังสือ] ทุกความทรงจำคือของขวัญจากวันวาน,0,0,0,0,0,0,0,0,0,0,0,1227,0,0,0,598,329,0,300,0,0,0,0,0,0,0,0,0,0,0,0,0,0,2026-03-09
[หนังสือ] ทุกความทรงจำคือของขวัญจากวันวาน,*OPD [E-BOOK] ทุกความทรงจำคือของขวัญจากวันวาน,0,0,0,0,0,0,0,0,0,0,0,0,0,0,0,0,0,0,0,0,0,0,0,0,0,0,0,0,0,0,0,0,0,2026-03-09
[หนังสือ] ถ้าโลกมันแย่ ก็แค่คิดแบบคาปิบาร่า THINK LIKE A HAPPYBARA,[หนังสือ] ถ้าโลกมันแย่ ก็แค่คิดแบบคาปิบาร่า THINK LIKE A HAPPYBARA,560.64,0,0,79.55,481.09,0,0,0,0,0,0,1077,311,0,0,766,0,0,0,0,0,0,52.06,0,0,0,62.81,0,0,0,0,0,0,2026-03-09
[หนังสือ] ถ้าโลกมันแย่ ก็แค่คิดแบบคาปิบาร่า THINK LIKE A HAPPYBARA,*OPD [E-BOOK] ถ้าโลกมันแย่ ก็แค่คิดแบบคาปิบาร่า THINK LIKE A HAPPYBARA,0,0,0,0,0,0,0,0,0,0,0,0,0,0,0,0,0,0,0,0,0,0,0,0,0,0,0,0,0,0,0,0,0,2026-03-09
[หนังสือ] ถ้าโลกมันแย่ ก็แค่คิดแบบคาปิบาร่า THINK LIKE A HAPPYBARA,[หนังสือ] BOXSET ถ้าโลกมันแย่ ก็แค่คิดแบบคาปิบาร่า THINK LIKE A HAPPYBARA,0,0,0,0,0,0,0,0,0,0,0,1770,0,0,0,0,1770,0,0,0,0,0,0,0,0,0,0,0,0,0,0,0,0,2026-03-09
[หนังสือ] เหนื่อยมากไหม พักก่อนก็ได้นะวันนี้,[หนังสือ] เหนื่อยมากไหม พักก่อนก็ได้นะวันนี้,161.84,161.84,0,0,0,0,0,0,0,0,0,3344,1141,0,1113,1090,0,0,0,0,0,0,4.84,14.18,0,0,0,0,0,0,0,0,0,2026-03-09
[หนังสือ] เหนื่อยมากไหม พักก่อนก็ได้นะวันนี้,*OPD [E-BOOK] เหนื่อยมากไหม พักก่อนก็ได้นะวันนี้,0,0,0,0,0,0,0,0,0,0,0,179,179,0,0,0,0,0,0,0,0,0,0,0,0,0,0,0,0,0,0,0,0,2026-03-09
[หนังสือ] เหนื่อยมากไหม พักก่อนก็ได้นะวันนี้,[หนังสือ] BOXSET เหนื่อยมากไหม พักก่อนก็ได้นะวันนี้,0,0,0,0,0,0,0,0,0,0,0,1921,400,0,590,531,0,0,0,0,400,0,0,0,0,0,0,0,0,0,0,0,0,2026-03-09
[หนังสือ] โอบกอดความไม่สมบูรณ์แบบของเธอ (EMBRACE YOUR FLAWS),[หนังสือ] โอบกอดความไม่สมบูรณ์แบบของเธอ (EMBRACE YOUR FLAWS),1257.37,135.26,0,64.9,1057.21,0,0,0,0,0,0,5881,279,0,558,4221,544,0,279,0,0,0,21.38,48.48,0,11.63,25.05,0,0,0,0,0,0,2026-03-09
[หนังสือ] โอบกอดความไม่สมบูรณ์แบบของเธอ (EMBRACE YOUR FLAWS),*OPD [E-BOOK] โอบกอดความไม่สมบูรณ์แบบของเธอ (EMBRACE YOUR FLAWS),0,0,0,0,0,0,0,0,0,0,0,0,0,0,0,0,0,0,0,0,0,0,0,0,0,0,0,0,0,0,0,0,0,2026-03-09
[หนังสือ] ความลับสู่เงินล้านที่โรงเรียนไม่เคยสอน (THE MILLIONAIRE'S TOP SECRET),[หนังสือ] ความลับสู่เงินล้านที่โรงเรียนไม่เคยสอน (THE MILLIONAIRE'S TOP SECRET),341.54,0,0,27.16,314.38,0,0,0,0,0,0,2303,329,0,0,987,987,0,0,0,0,0,14.83,0,0,0,31.85,0,0,0,0,0,0,2026-03-09
[หนังสือ] ความลับสู่เงินล้านที่โรงเรียนไม่เคยสอน (THE MILLIONAIRE'S TOP SECRET),*OPD [E-BOOK] ความลับสู่เงินล้านที่โรงเรียนไม่เคยสอน (THE MILLIONAIRE'S TOP SECRET),0,0,0,0,0,0,0,0,0,0,0,0,0,0,0,0,0,0,0,0,0,0,0,0,0,0,0,0,0,0,0,0,0,2026-03-09
[หนังสือ] ขอใช้ชีวิตที่เหลือ เพื่อตัวเองนะ,[หนังสือ] ขอใช้ชีวิตที่เหลือ เพื่อตัวเองนะ,1302.56,1003.17,0,48.52,250.87,0,0,0,0,0,0,3195,2545,0,0,650,0,0,0,0,0,0,40.77,39.42,0,0,38.6,0,0,0,0,0,0,2026-03-09
[หนังสือ] ขอใช้ชีวิตที่เหลือ เพื่อตัวเองนะ,*OPD [E-BOOK] ขอใช้ชีวิตที่เหลือ เพื่อตัวเองนะ,0,0,0,0,0,0,0,0,0,0,0,0,0,0,0,0,0,0,0,0,0,0,0,0,0,0,0,0,0,0,0,0,0,2026-03-09
[หนังสือ] กับดักความรู้สึกผิด,[หนังสือ] กับดักความรู้สึกผิด,32612.27,29875.14,0,1652.3,581.06,267.72,236.05,0,0,0,0,71732,38006,0,3828,3047,20317,0,3741,0,2793,0,45.46,78.61,0,43.16,19.07,7.16,1.16,0,0,0,0,2026-03-09
[หนังสือ] กับดักความรู้สึกผิด,*OPD [E-BOOK] กับดักความรู้สึกผิด,0,0,0,0,0,0,0,0,0,0,0,540,540,0,0,0,0,0,0,0,0,0,0,0,0,0,0,0,0,0,0,0,0,2026-03-09
[หนังสือ] กว่าจะคิดได้ ก็ไม่มีลมหายใจแล้ว (IT IS NEVER TOO LATE TO LOVE YOURSELF),[หนังสือ] กว่าจะคิดได้ ก็ไม่มีลมหายใจแล้ว (IT IS NEVER TOO LATE TO LOVE YOURSELF),0,0,0,0,0,0,0,0,0,0,0,1575,0,0,0,1196,0,0,0,379,0,0,0,0,0,0,0,0,0,0,0,0,0,2026-03-09
[หนังสือ] กว่าจะคิดได้ ก็ไม่มีลมหายใจแล้ว (IT IS NEVER TOO LATE TO LOVE YOURSELF),*OPD [E-BOOK] กว่าจะคิดได้ ก็ไม่มีลมหายใจแล้ว (IT IS NEVER TOO LATE TO LOVE YOURSELF),0,0,0,0,0,0,0,0,0,0,0,0,0,0,0,0,0,0,0,0,0,0,0,0,0,0,0,0,0,0,0,0,0,2026-03-09
[หนังสือ] THE WITCHES' CLUB ชมรมลับเปลี่ยนชีวิต,[หนังสือ] THE WITCHES' CLUB ชมรมลับเปลี่ยนชีวิต,2602.88,949.79,0,939.27,569.02,0,144.8,0,0,0,0,299,0,0,299,0,0,0,0,0,0,0,870.53,0,0,314.14,0,0,0,0,0,0,0,2026-03-09
[หนังสือ] THE WITCHES' CLUB ชมรมลับเปลี่ยนชีวิต,*OPD [E-BOOK] THE WITCHES' CLUB ชมรมลับเปลี่ยนชีวิต,0,0,0,0,0,0,0,0,0,0,0,0,0,0,0,0,0,0,0,0,0,0,0,0,0,0,0,0,0,0,0,0,0,2026-03-09
[หนังสือ] THE WITCHES' CLUB ชมรมลับเปลี่ยนชีวิต,*[E-BOOK] THE WITCHES' CLUB ชมรมลับเปลี่ยนชีวิต,0,0,0,0,0,0,0,0,0,0,0,0,0,0,0,0,0,0,0,0,0,0,0,0,0,0,0,0,0,0,0,0,0,2026-03-09
[หนังสือ] THE WITCHES' CLUB ชมรมลับเปลี่ยนชีวิต,[หนังสือ] BOXSET THE WITCHES' CLUB ชมรมลับเปลี่ยนชีวิต,0,0,0,0,0,0,0,0,0,0,0,6204,1390,0,1587,1547,1680,0,0,0,0,0,0,0,0,0,0,0,0,0,0,0,0,2026-03-09
[หนังสือ] MY LAST BOOK (A GENTLE GUIDE AND PREPARATION FOR LIFE’S FINAL CHAPTER),[หนังสือ] MY LAST BOOK (A GENTLE GUIDE AND PREPARATION FOR LIFE’S FINAL CHAPTER),0,0,0,0,0,0,0,0,0,0,0,349,349,0,0,0,0,0,0,0,0,0,0,0,0,0,0,0,0,0,0,0,0,2026-03-09
[หนังสือ] GHOSTLY REMAINS ปลดพันธนาการดวงวิญญาณหลังความตาย,[หนังสือ] GHOSTLY REMAINS ปลดพันธนาการดวงวิญญาณหลังความตาย,940.86,622.46,0,84.52,233.88,0,0,0,0,0,0,1818,0,0,0,299,1129,0,0,390,0,0,51.75,0,0,0,78.22,0,0,0,0,0,0,2026-03-09
[หนังสือ] GHOSTLY BREWS ยินดีบริการดวงวิญญาณหลังเที่ยงคืน,[หนังสือ] GHOSTLY BREWS ยินดีบริการดวงวิญญาณหลังเที่ยงคืน,1556.55,937.04,0,268.48,251.03,0,100,0,0,0,0,5632,1018,0,329,689,2538,390,0,369,299,0,27.64,92.05,0,81.6,36.43,0,3.94,0,0,0,0,2026-03-09
[หนังสือ] GHOSTLY BREWS ยินดีบริการดวงวิญญาณหลังเที่ยงคืน,*OPD [E-BOOK] GHOSTLY BREWS ยินดีบริการดวงวิญญาณหลังเที่ยงคืน,0,0,0,0,0,0,0,0,0,0,0,0,0,0,0,0,0,0,0,0,0,0,0,0,0,0,0,0,0,0,0,0,0,2026-03-09
[หนังสือ] GHOSTLY BREWS ยินดีบริการดวงวิญญาณหลังเที่ยงคืน,*[E-BOOK] GHOSTLY BREWS ยินดีบริการดวงวิญญาณหลังเที่ยงคืน,0,0,0,0,0,0,0,0,0,0,0,0,0,0,0,0,0,0,0,0,0,0,0,0,0,0,0,0,0,0,0,0,0,2026-03-09
[หนังสือ] ฉันจะมีชีวิตที่ดี,[หนังสือ] ฉันจะมีชีวิตที่ดี,517.57,79.32,0,15.86,422.39,0,0,0,0,0,0,885,0,0,295,590,0,0,0,0,0,0,58.48,0,0,5.38,71.59,0,0,0,0,0,0,2026-03-09
[หนังสือ] ฉันจะมีชีวิตที่ดี,*OPD [E-BOOK] ฉันจะมีชีวิตที่ดี,0,0,0,0,0,0,0,0,0,0,0,0,0,0,0,0,0,0,0,0,0,0,0,0,0,0,0,0,0,0,0,0,0,2026-03-09
[หนังสือ] ฉันจะมีชีวิตที่ดี,[หนังสือ] ฉันจะมีชีวิตที่ดี,1079.43,175.6,0,24.72,879.11,0,0,0,0,0,0,4130,590,0,295,2655,295,0,0,0,295,0,26.14,29.76,0,8.38,33.11,0,0,0,0,0,0,2026-03-10
[หนังสือ] ฉันจะมีชีวิตที่ดี,*OPD [E-BOOK] ฉันจะมีชีวิตที่ดี,0,0,0,0,0,0,0,0,0,0,0,0,0,0,0,0,0,0,0,0,0,0,0,0,0,0,0,0,0,0,0,0,0,2026-03-10
[หนังสือ] วันไหนที่ใจแข็งแรง ดอกไม้จะผลิบาน THE ENCHANTED GARDEN,[หนังสือ] วันไหนที่ใจแข็งแรง ดอกไม้จะผลิบาน THE ENCHANTED GARDEN,353.83,0,0,37.95,315.88,0,0,0,0,0,0,1775,0,0,300,305,1170,0,0,0,0,0,19.93,0,0,12.65,103.57,0,0,0,0,0,0,2026-03-10
[หนังสือ] วันไหนที่ใจแข็งแรง ดอกไม้จะผลิบาน THE ENCHANTED GARDEN,*OPD [E-BOOK] วันไหนที่ใจแข็งแรง ดอกไม้จะผลิบาน THE ENCHANTED GARDEN,0,0,0,0,0,0,0,0,0,0,0,0,0,0,0,0,0,0,0,0,0,0,0,0,0,0,0,0,0,0,0,0,0,2026-03-10
[หนังสือ] วันไหนที่ใจแข็งแรง ดอกไม้จะผลิบาน THE ENCHANTED GARDEN,[หนังสือ] สวนของหัวใจ BLOSSOMS OF THE SOUL’S GARDEN,0,0,0,0,0,0,0,0,0,0,0,690,0,0,0,0,690,0,0,0,0,0,0,0,0,0,0,0,0,0,0,0,0,2026-03-10
[หนังสือ] ยินดีต้อนรับและขอบคุณที่กลับมา,[หนังสือ] ยินดีต้อนรับและขอบคุณที่กลับมา,233.63,0,0,163.31,70.32,0,0,0,0,0,0,499,200,0,0,299,0,0,0,0,0,0,46.82,0,0,0,23.52,0,0,0,0,0,0,2026-03-10
[หนังสือ] ยินดีต้อนรับและขอบคุณที่กลับมา,*OPD [E-BOOK] ยินดีต้อนรับและขอบคุณที่กลับมา,0,0,0,0,0,0,0,0,0,0,0,0,0,0,0,0,0,0,0,0,0,0,0,0,0,0,0,0,0,0,0,0,0,2026-03-10
[หนังสือ] ปีศาจตัวนั้น คือฉันเอง A GUIDE TO FIGHT THE DEMONS IN MY HEART,[หนังสือ] ปีศาจตัวนั้น คือฉันเอง A GUIDE TO FIGHT THE DEMONS IN MY HEART,9828.07,0,0,2460.88,7167.19,0,200,0,0,0,0,0,0,0,0,0,0,0,0,0,0,0,0,0,0,0,0,0,0,0,0,0,0,2026-03-10
[หนังสือ] ปีศาจตัวนั้น คือฉันเอง A GUIDE TO FIGHT THE DEMONS IN MY HEART,*OPD [E-BOOK] ปีศาจตัวนั้น คือฉันเอง A GUIDE TO FIGHTING THE DEMONS IN MY HEART,0,0,0,0,0,0,0,0,0,0,0,0,0,0,0,0,0,0,0,0,0,0,0,0,0,0,0,0,0,0,0,0,0,2026-03-10
[หนังสือ] ปีศาจตัวนั้น คือฉันเอง A GUIDE TO FIGHT THE DEMONS IN MY HEART,*[E-BOOK] ปีศาจตัวนั้น คือฉันเอง A GUIDE TO FIGHTING THE DEMONS IN MY HEART,0,0,0,0,0,0,0,0,0,0,0,0,0,0,0,0,0,0,0,0,0,0,0,0,0,0,0,0,0,0,0,0,0,2026-03-10
[หนังสือ] ปีศาจตัวนั้น คือฉันเอง A GUIDE TO FIGHT THE DEMONS IN MY HEART,[หนังสือ] ปีศาจตัวนั้น คือฉันเอง A GUIDE TO FIGHTING THE DEMONS IN MY HEART,0,0,0,0,0,0,0,0,0,0,0,31301,1520,0,5449,19636,4277,419,0,0,0,0,0,0,0,0,0,0,0,0,0,0,0,2026-03-10
[หนังสือ] ปีศาจตัวนั้น คือฉันเอง 2 A GUIDE TO OVERCOMING THE RETURN OF THE DEMONS,*OPD [E-BOOK] ปีศาจตัวนั้น คือฉันเอง 2 A GUIDE TO OVERCOMING THE RETURN OF THE DEMONS,0,0,0,0,0,0,0,0,0,0,0,359,0,0,0,0,359,0,0,0,0,0,0,0,0,0,0,0,0,0,0,0,0,2026-03-10
[หนังสือ] ปีศาจความรักมักเลือกฉันเป็นเหยื่อ HOW TO FIGHT THE LOVE DEMON IN MY HEART,[หนังสือ] ปีศาจความรักมักเลือกฉันเป็นเหยื่อ HOW TO FIGHT THE LOVE DEMON IN MY HEART,272.2,0,0,29.59,242.61,0,0,0,0,0,0,1967,0,0,300,379,1288,0,0,0,0,0,13.84,0,0,9.86,64.01,0,0,0,0,0,0,2026-03-10
[หนังสือ] ปีศาจความรักมักเลือกฉันเป็นเหยื่อ HOW TO FIGHT THE LOVE DEMON IN MY HEART,*OPD [E-BOOK] ปีศาจความรักมักเลือกฉันเป็นเหยื่อ HOW TO FIGHT THE LOVE DEMON IN MY HEART,0,0,0,0,0,0,0,0,0,0,0,0,0,0,0,0,0,0,0,0,0,0,0,0,0,0,0,0,0,0,0,0,0,2026-03-10
[หนังสือ] ทุกความทรงจำคือของขวัญจากวันวาน,[หนังสือ] ทุกความทรงจำคือของขวัญจากวันวาน,0,0,0,0,0,0,0,0,0,0,0,529,200,0,0,0,329,0,0,0,0,0,0,0,0,0,0,0,0,0,0,0,0,2026-03-10
[หนังสือ] ทุกความทรงจำคือของขวัญจากวันวาน,*OPD [E-BOOK] ทุกความทรงจำคือของขวัญจากวันวาน,0,0,0,0,0,0,0,0,0,0,0,0,0,0,0,0,0,0,0,0,0,0,0,0,0,0,0,0,0,0,0,0,0,2026-03-10
[หนังสือ] ถ้าโลกมันแย่ ก็แค่คิดแบบคาปิบาร่า THINK LIKE A HAPPYBARA,[หนังสือ] ถ้าโลกมันแย่ ก็แค่คิดแบบคาปิบาร่า THINK LIKE A HAPPYBARA,291.59,0,0,40.7,250.89,0,0,0,0,0,0,300,0,0,0,300,0,0,0,0,0,0,97.2,0,0,0,83.63,0,0,0,0,0,0,2026-03-10
[หนังสือ] ถ้าโลกมันแย่ ก็แค่คิดแบบคาปิบาร่า THINK LIKE A HAPPYBARA,*OPD [E-BOOK] ถ้าโลกมันแย่ ก็แค่คิดแบบคาปิบาร่า THINK LIKE A HAPPYBARA,0,0,0,0,0,0,0,0,0,0,0,359,0,0,0,0,359,0,0,0,0,0,0,0,0,0,0,0,0,0,0,0,0,2026-03-10
[หนังสือ] ถ้าโลกมันแย่ ก็แค่คิดแบบคาปิบาร่า THINK LIKE A HAPPYBARA,[หนังสือ] BOXSET ถ้าโลกมันแย่ ก็แค่คิดแบบคาปิบาร่า THINK LIKE A HAPPYBARA,0,0,0,0,0,0,0,0,0,0,0,1980,800,0,0,590,590,0,0,0,0,0,0,0,0,0,0,0,0,0,0,0,0,2026-03-10
[หนังสือ] ชีวิตมีเรื่องให้ขอบคุณมากกว่าเสียใจ,[หนังสือ] ชีวิตมีเรื่องให้ขอบคุณมากกว่าเสียใจ,751.16,0,0,342.06,409.1,0,0,0,0,0,0,1395,0,0,837,558,0,0,0,0,0,0,53.85,0,0,40.87,73.32,0,0,0,0,0,0,2026-03-10
[หนังสือ] ชีวิตมีเรื่องให้ขอบคุณมากกว่าเสียใจ,*OPD [E-BOOK] ชีวิตมีเรื่องให้ขอบคุณมากกว่าเสียใจ,0,0,0,0,0,0,0,0,0,0,0,0,0,0,0,0,0,0,0,0,0,0,0,0,0,0,0,0,0,0,0,0,0,2026-03-10
[หนังสือ] ปีศาจตัวนั้น คือฉันเอง 2 A GUIDE TO OVERCOMING THE RETURN OF THE DEMONS,[หนังสือ] ปีศาจตัวนั้น คือฉันเอง 2 A GUIDE TO OVERCOMING THE RETURN OF THE DEMONS,1799,0,0,87.91,1611.09,0,100,0,0,0,0,9303,620,0,1549,4299,2156,350,329,0,0,0,19.34,0,0,5.68,37.48,0,4.64,0,0,0,0,2026-03-10
[หนังสือ] โอบกอดความไม่สมบูรณ์แบบของเธอ (EMBRACE YOUR FLAWS),[หนังสือ] โอบกอดความไม่สมบูรณ์แบบของเธอ (EMBRACE YOUR FLAWS),574.86,185.27,0,35.17,354.42,0,0,0,0,0,0,3858,510,0,837,2511,0,0,0,0,0,0,14.9,36.33,0,4.2,14.11,0,0,0,0,0,0,2026-03-10
[หนังสือ] ความลับสู่เงินล้านที่โรงเรียนไม่เคยสอน (THE MILLIONAIRE'S TOP SECRET),[หนังสือ] ความลับสู่เงินล้านที่โรงเรียนไม่เคยสอน (THE MILLIONAIRE'S TOP SECRET),343.1,0,0,20.5,322.6,0,0,0,0,0,0,1316,0,0,329,329,658,0,0,0,0,0,26.07,0,0,6.23,98.05,0,0,0,0,0,0,2026-03-10
[หนังสือ] ความลับสู่เงินล้านที่โรงเรียนไม่เคยสอน (THE MILLIONAIRE'S TOP SECRET),*OPD [E-BOOK] ความลับสู่เงินล้านที่โรงเรียนไม่เคยสอน (THE MILLIONAIRE'S TOP SECRET),0,0,0,0,0,0,0,0,0,0,0,179,179,0,0,0,0,0,0,0,0,0,0,0,0,0,0,0,0,0,0,0,0,2026-03-10
[หนังสือ] ขอใช้ชีวิตที่เหลือ เพื่อตัวเองนะ,[หนังสือ] ขอใช้ชีวิตที่เหลือ เพื่อตัวเองนะ,608.34,350.1,0,33.86,224.38,0,0,0,0,0,0,2574,1916,0,0,0,658,0,0,0,0,0,23.63,18.27,0,0,0,0,0,0,0,0,0,2026-03-10
[หนังสือ] ขอใช้ชีวิตที่เหลือ เพื่อตัวเองนะ,*OPD [E-BOOK] ขอใช้ชีวิตที่เหลือ เพื่อตัวเองนะ,0,0,0,0,0,0,0,0,0,0,0,0,0,0,0,0,0,0,0,0,0,0,0,0,0,0,0,0,0,0,0,0,0,2026-03-10
[หนังสือ] กับดักความรู้สึกผิด,[หนังสือ] กับดักความรู้สึกผิด,34631.35,32827.1,0,1042.61,366.91,168.15,226.58,0,0,0,0,76050.33,35244,0,2567,674,32196,1125.33,1392,0,2852,0,45.54,93.14,0,40.62,54.44,12.08,0.7,0,0,0,0,2026-03-10
[หนังสือ] กับดักความรู้สึกผิด,*OPD [E-BOOK] กับดักความรู้สึกผิด,0,0,0,0,0,0,0,0,0,0,0,180,180,0,0,0,0,0,0,0,0,0,0,0,0,0,0,0,0,0,0,0,0,2026-03-10
[หนังสือ] กว่าจะคิดได้ ก็ไม่มีลมหายใจแล้ว (IT IS NEVER TOO LATE TO LOVE YOURSELF),[หนังสือ] กว่าจะคิดได้ ก็ไม่มีลมหายใจแล้ว (IT IS NEVER TOO LATE TO LOVE YOURSELF),0,0,0,0,0,0,0,0,0,0,0,3170,379,0,299,2492,0,0,0,0,0,0,0,0,0,0,0,0,0,0,0,0,0,2026-03-10
[หนังสือ] กว่าจะคิดได้ ก็ไม่มีลมหายใจแล้ว (IT IS NEVER TOO LATE TO LOVE YOURSELF),*OPD [E-BOOK] กว่าจะคิดได้ ก็ไม่มีลมหายใจแล้ว (IT IS NEVER TOO LATE TO LOVE YOURSELF),0,0,0,0,0,0,0,0,0,0,0,0,0,0,0,0,0,0,0,0,0,0,0,0,0,0,0,0,0,0,0,0,0,2026-03-10
[หนังสือ] THE WITCHES' CLUB ชมรมลับเปลี่ยนชีวิต,[หนังสือ] THE WITCHES' CLUB ชมรมลับเปลี่ยนชีวิต,1975.85,504.24,0,777.62,593.99,0,100,0,0,0,0,931,315,0,0,299,0,317,0,0,0,0,212.23,160.08,0,0,198.66,0,0,0,0,0,0,2026-03-10
[หนังสือ] THE WITCHES' CLUB ชมรมลับเปลี่ยนชีวิต,*OPD [E-BOOK] THE WITCHES' CLUB ชมรมลับเปลี่ยนชีวิต,0,0,0,0,0,0,0,0,0,0,0,0,0,0,0,0,0,0,0,0,0,0,0,0,0,0,0,0,0,0,0,0,0,2026-03-10
[หนังสือ] โอบกอดความไม่สมบูรณ์แบบของเธอ (EMBRACE YOUR FLAWS),*OPD [E-BOOK] โอบกอดความไม่สมบูรณ์แบบของเธอ (EMBRACE YOUR FLAWS),0,0,0,0,0,0,0,0,0,0,0,0,0,0,0,0,0,0,0,0,0,0,0,0,0,0,0,0,0,0,0,0,0,2026-03-10
[หนังสือ] THE WITCHES' CLUB ชมรมลับเปลี่ยนชีวิต,*[E-BOOK] THE WITCHES' CLUB ชมรมลับเปลี่ยนชีวิต,0,0,0,0,0,0,0,0,0,0,0,0,0,0,0,0,0,0,0,0,0,0,0,0,0,0,0,0,0,0,0,0,0,2026-03-10
[หนังสือ] THE WITCHES' CLUB ชมรมลับเปลี่ยนชีวิต,[หนังสือ] BOXSET THE WITCHES' CLUB ชมรมลับเปลี่ยนชีวิต,0,0,0,0,0,0,0,0,0,0,0,2727,499,0,529,0,1699,0,0,0,0,0,0,0,0,0,0,0,0,0,0,0,0,2026-03-10
[หนังสือ] MY LAST BOOK (A GENTLE GUIDE AND PREPARATION FOR LIFE’S FINAL CHAPTER),[หนังสือ] MY LAST BOOK (A GENTLE GUIDE AND PREPARATION FOR LIFE’S FINAL CHAPTER),0,0,0,0,0,0,0,0,0,0,0,300,300,0,0,0,0,0,0,0,0,0,0,0,0,0,0,0,0,0,0,0,0,2026-03-10
[หนังสือ] GHOSTLY REMAINS ปลดพันธนาการดวงวิญญาณหลังความตาย,[หนังสือ] GHOSTLY REMAINS ปลดพันธนาการดวงวิญญาณหลังความตาย,1493.05,358.8,0,74.37,1059.88,0,0,0,0,0,0,3294,629,0,598,1677,390,0,0,0,0,0,45.33,57.04,0,12.44,63.2,0,0,0,0,0,0,2026-03-10
[หนังสือ] GHOSTLY BREWS ยินดีบริการดวงวิญญาณหลังเที่ยงคืน,[หนังสือ] GHOSTLY BREWS ยินดีบริการดวงวิญญาณหลังเที่ยงคืน,1899.89,1000.04,0,386.39,412.63,0,100,0.83,0,0,0,3134,1558,0,629,598,349,0,0,0,0,0,60.62,64.19,0,61.43,69,0,28.65,0,0,0,0,2026-03-10
[หนังสือ] GHOSTLY BREWS ยินดีบริการดวงวิญญาณหลังเที่ยงคืน,*OPD [E-BOOK] GHOSTLY BREWS ยินดีบริการดวงวิญญาณหลังเที่ยงคืน,0,0,0,0,0,0,0,0,0,0,0,0,0,0,0,0,0,0,0,0,0,0,0,0,0,0,0,0,0,0,0,0,0,2026-03-10
[หนังสือ] GHOSTLY BREWS ยินดีบริการดวงวิญญาณหลังเที่ยงคืน,*[E-BOOK] GHOSTLY BREWS ยินดีบริการดวงวิญญาณหลังเที่ยงคืน,0,0,0,0,0,0,0,0,0,0,0,0,0,0,0,0,0,0,0,0,0,0,0,0,0,0,0,0,0,0,0,0,0,2026-03-10
[หนังสือ] เหนื่อยมากไหม พักก่อนก็ได้นะวันนี้,[หนังสือ] เหนื่อยมากไหม พักก่อนก็ได้นะวันนี้,2053.58,2053.58,0,0,0,0,0,0,0,0,0,6200,4171,0,390,992,647,0,0,0,0,0,33.12,49.23,0,0,0,0,0,0,0,0,0,2026-03-10
[หนังสือ] เหนื่อยมากไหม พักก่อนก็ได้นะวันนี้,*OPD [E-BOOK] เหนื่อยมากไหม พักก่อนก็ได้นะวันนี้,0,0,0,0,0,0,0,0,0,0,0,0,0,0,0,0,0,0,0,0,0,0,0,0,0,0,0,0,0,0,0,0,0,2026-03-10
[หนังสือ] เหนื่อยมากไหม พักก่อนก็ได้นะวันนี้,[หนังสือ] BOXSET เหนื่อยมากไหม พักก่อนก็ได้นะวันนี้,0,0,0,0,0,0,0,0,0,0,0,1230,0,0,0,0,1230,0,0,0,0,0,0,0,0,0,0,0,0,0,0,0,0,2026-03-10
[หนังสือ] ชีวิตมีเรื่องให้ขอบคุณมากกว่าเสียใจ,[หนังสือ] ชีวิตมีเรื่องให้ขอบคุณมากกว่าเสียใจ,269.83,0,0,76.73,193.1,0,0,0,0,0,0,279,0,0,0,279,0,0,0,0,0,0,96.71,0,0,0,69.21,0,0,0,0,0,0,2026-03-11
[หนังสือ] เมื่อโลกทั้งใบซ่อนอยู่ใต้หมวกกันน็อก (HELMET GIRL),[หนังสือ] เมื่อโลกทั้งใบซ่อนอยู่ใต้หมวกกันน็อก (HELMET GIRL),0,0,0,0,0,0,0,0,0,0,0,0,0,0,0,0,0,0,0,0,0,0,0,0,0,0,0,0,0,0,0,0,0,2026-03-11
[หนังสือ] เมื่อโลกทั้งใบซ่อนอยู่ใต้หมวกกันน็อก (HELMET GIRL),*OPD [E-BOOK] เมื่อโลกทั้งใบซ่อนอยู่ใต้หมวกกันน็อก (HELMET GIRL),0,0,0,0,0,0,0,0,0,0,0,0,0,0,0,0,0,0,0,0,0,0,0,0,0,0,0,0,0,0,0,0,0,2026-03-11
[หนังสือ] เมื่อโลกทั้งใบซ่อนอยู่ใต้หมวกกันน็อก (HELMET GIRL),[หนังสือ] BOXSET เมื่อโลกทั้งใบซ่อนอยู่ใต้หมวกกันน็อก (HELMET GIRL),0,0,0,0,0,0,0,0,0,0,0,0,0,0,0,0,0,0,0,0,0,0,0,0,0,0,0,0,0,0,0,0,0,2026-03-11
[หนังสือ] วันไหนที่ใจแข็งแรง ดอกไม้จะผลิบาน THE ENCHANTED GARDEN,[หนังสือ] วันไหนที่ใจแข็งแรง ดอกไม้จะผลิบาน THE ENCHANTED GARDEN,371.33,0,0,43.64,327.69,0,0,0,0,0,0,724,0,0,0,724,0,0,0,0,0,0,51.29,0,0,0,45.26,0,0,0,0,0,0,2026-03-11
[หนังสือ] วันไหนที่ใจแข็งแรง ดอกไม้จะผลิบาน THE ENCHANTED GARDEN,*OPD [E-BOOK] วันไหนที่ใจแข็งแรง ดอกไม้จะผลิบาน THE ENCHANTED GARDEN,0,0,0,0,0,0,0,0,0,0,0,0,0,0,0,0,0,0,0,0,0,0,0,0,0,0,0,0,0,0,0,0,0,2026-03-11
[หนังสือ] วันไหนที่ใจแข็งแรง ดอกไม้จะผลิบาน THE ENCHANTED GARDEN,[หนังสือ] สวนของหัวใจ BLOSSOMS OF THE SOUL’S GARDEN,0,0,0,0,0,0,0,0,0,0,0,1140,400,0,740,0,0,0,0,0,0,0,0,0,0,0,0,0,0,0,0,0,0,2026-03-11
[หนังสือ] ยินดีต้อนรับและขอบคุณที่กลับมา,[หนังสือ] ยินดีต้อนรับและขอบคุณที่กลับมา,279.62,0,0,221.17,58.45,0,0,0,0,0,0,902,304,0,299,299,0,0,0,0,0,0,31,0,0,73.97,19.55,0,0,0,0,0,0,2026-03-11
[หนังสือ] ยินดีต้อนรับและขอบคุณที่กลับมา,*OPD [E-BOOK] ยินดีต้อนรับและขอบคุณที่กลับมา,0,0,0,0,0,0,0,0,0,0,0,0,0,0,0,0,0,0,0,0,0,0,0,0,0,0,0,0,0,0,0,0,0,2026-03-11
[หนังสือ] ปีศาจตัวนั้น คือฉันเอง A GUIDE TO FIGHT THE DEMONS IN MY HEART,[หนังสือ] ปีศาจตัวนั้น คือฉันเอง A GUIDE TO FIGHT THE DEMONS IN MY HEART,8936.94,0,0,3885.5,4829.24,0,222.2,0,0,0,0,0,0,0,0,0,0,0,0,0,0,0,0,0,0,0,0,0,0,0,0,0,0,2026-03-11
[หนังสือ] ชีวิตมีเรื่องให้ขอบคุณมากกว่าเสียใจ,*OPD [E-BOOK] ชีวิตมีเรื่องให้ขอบคุณมากกว่าเสียใจ,0,0,0,0,0,0,0,0,0,0,0,0,0,0,0,0,0,0,0,0,0,0,0,0,0,0,0,0,0,0,0,0,0,2026-03-11
[หนังสือ] ปีศาจตัวนั้น คือฉันเอง A GUIDE TO FIGHT THE DEMONS IN MY HEART,*OPD [E-BOOK] ปีศาจตัวนั้น คือฉันเอง A GUIDE TO FIGHTING THE DEMONS IN MY HEART,0,0,0,0,0,0,0,0,0,0,0,358,358,0,0,0,0,0,0,0,0,0,0,0,0,0,0,0,0,0,0,0,0,2026-03-11
[หนังสือ] ปีศาจตัวนั้น คือฉันเอง A GUIDE TO FIGHT THE DEMONS IN MY HEART,[หนังสือ] ปีศาจตัวนั้น คือฉันเอง A GUIDE TO FIGHTING THE DEMONS IN MY HEART,0,0,0,0,0,0,0,0,0,0,0,26915,300,0,8945,14749,2203,718,0,0,0,0,0,0,0,0,0,0,0,0,0,0,0,2026-03-11
[หนังสือ] ปีศาจตัวนั้น คือฉันเอง 2 A GUIDE TO OVERCOMING THE RETURN OF THE DEMONS,[หนังสือ] ปีศาจตัวนั้น คือฉันเอง 2 A GUIDE TO OVERCOMING THE RETURN OF THE DEMONS,1109.55,0,0,126.03,883.81,0,97.33,2.38,0,0,0,5979,901,0,649,3341,1088,0,0,0,0,0,18.56,0,0,19.42,26.45,0,8.95,0,0,0,0,2026-03-11
[หนังสือ] ปีศาจตัวนั้น คือฉันเอง 2 A GUIDE TO OVERCOMING THE RETURN OF THE DEMONS,*OPD [E-BOOK] ปีศาจตัวนั้น คือฉันเอง 2 A GUIDE TO OVERCOMING THE RETURN OF THE DEMONS,0,0,0,0,0,0,0,0,0,0,0,0,0,0,0,0,0,0,0,0,0,0,0,0,0,0,0,0,0,0,0,0,0,2026-03-11
[หนังสือ] ปีศาจความรักมักเลือกฉันเป็นเหยื่อ HOW TO FIGHT THE LOVE DEMON IN MY HEART,[หนังสือ] ปีศาจความรักมักเลือกฉันเป็นเหยื่อ HOW TO FIGHT THE LOVE DEMON IN MY HEART,216.41,0,0,36.99,179.42,0,0,0,0,0,0,200,200,0,0,0,0,0,0,0,0,0,108.2,0,0,0,0,0,0,0,0,0,0,2026-03-11
[หนังสือ] ปีศาจความรักมักเลือกฉันเป็นเหยื่อ HOW TO FIGHT THE LOVE DEMON IN MY HEART,*OPD [E-BOOK] ปีศาจความรักมักเลือกฉันเป็นเหยื่อ HOW TO FIGHT THE LOVE DEMON IN MY HEART,0,0,0,0,0,0,0,0,0,0,0,0,0,0,0,0,0,0,0,0,0,0,0,0,0,0,0,0,0,0,0,0,0,2026-03-11
[หนังสือ] ทุกความทรงจำคือของขวัญจากวันวาน,[หนังสือ] ทุกความทรงจำคือของขวัญจากวันวาน,0,0,0,0,0,0,0,0,0,0,0,828,529,0,299,0,0,0,0,0,0,0,0,0,0,0,0,0,0,0,0,0,0,2026-03-11
[หนังสือ] ทุกความทรงจำคือของขวัญจากวันวาน,*OPD [E-BOOK] ทุกความทรงจำคือของขวัญจากวันวาน,0,0,0,0,0,0,0,0,0,0,0,179,179,0,0,0,0,0,0,0,0,0,0,0,0,0,0,0,0,0,0,0,0,2026-03-11
[หนังสือ] ถ้าโลกมันแย่ ก็แค่คิดแบบคาปิบาร่า THINK LIKE A HAPPYBARA,[หนังสือ] ถ้าโลกมันแย่ ก็แค่คิดแบบคาปิบาร่า THINK LIKE A HAPPYBARA,594.74,0,0,64.18,530.56,0,0,0,0,0,0,1943,0,0,0,1163,780,0,0,0,0,0,30.61,0,0,0,45.62,0,0,0,0,0,0,2026-03-11
[หนังสือ] ถ้าโลกมันแย่ ก็แค่คิดแบบคาปิบาร่า THINK LIKE A HAPPYBARA,*OPD [E-BOOK] ถ้าโลกมันแย่ ก็แค่คิดแบบคาปิบาร่า THINK LIKE A HAPPYBARA,0,0,0,0,0,0,0,0,0,0,0,0,0,0,0,0,0,0,0,0,0,0,0,0,0,0,0,0,0,0,0,0,0,2026-03-11
[หนังสือ] ปีศาจตัวนั้น คือฉันเอง A GUIDE TO FIGHT THE DEMONS IN MY HEART,*[E-BOOK] ปีศาจตัวนั้น คือฉันเอง A GUIDE TO FIGHTING THE DEMONS IN MY HEART,0,0,0,0,0,0,0,0,0,0,0,0,0,0,0,0,0,0,0,0,0,0,0,0,0,0,0,0,0,0,0,0,0,2026-03-11
[หนังสือ] ถ้าโลกมันแย่ ก็แค่คิดแบบคาปิบาร่า THINK LIKE A HAPPYBARA,[หนังสือ] BOXSET ถ้าโลกมันแย่ ก็แค่คิดแบบคาปิบาร่า THINK LIKE A HAPPYBARA,0,0,0,0,0,0,0,0,0,0,0,990,400,0,0,0,590,0,0,0,0,0,0,0,0,0,0,0,0,0,0,0,0,2026-03-11
[หนังสือ] โอบกอดความไม่สมบูรณ์แบบของเธอ (EMBRACE YOUR FLAWS),[หนังสือ] โอบกอดความไม่สมบูรณ์แบบของเธอ (EMBRACE YOUR FLAWS),870.62,525,0,21.82,323.8,0,0,0,0,0,0,2218,279,0,0,1674,265,0,0,0,0,0,39.25,188.17,0,0,19.34,0,0,0,0,0,0,2026-03-11
[หนังสือ] โอบกอดความไม่สมบูรณ์แบบของเธอ (EMBRACE YOUR FLAWS),*OPD [E-BOOK] โอบกอดความไม่สมบูรณ์แบบของเธอ (EMBRACE YOUR FLAWS),0,0,0,0,0,0,0,0,0,0,0,0,0,0,0,0,0,0,0,0,0,0,0,0,0,0,0,0,0,0,0,0,0,2026-03-11
[หนังสือ] ฉันจะมีชีวิตที่ดี,*OPD [E-BOOK] ฉันจะมีชีวิตที่ดี,0,0,0,0,0,0,0,0,0,0,0,0,0,0,0,0,0,0,0,0,0,0,0,0,0,0,0,0,0,0,0,0,0,2026-03-11
[หนังสือ] ความลับสู่เงินล้านที่โรงเรียนไม่เคยสอน (THE MILLIONAIRE'S TOP SECRET),[หนังสือ] ความลับสู่เงินล้านที่โรงเรียนไม่เคยสอน (THE MILLIONAIRE'S TOP SECRET),454.23,0,0,22.52,431.71,0,0,0,0,0,0,1230.37,0,0,0,987,0,243.37,0,0,0,0,36.92,0,0,0,43.74,0,0,0,0,0,0,2026-03-11
[หนังสือ] ความลับสู่เงินล้านที่โรงเรียนไม่เคยสอน (THE MILLIONAIRE'S TOP SECRET),*OPD [E-BOOK] ความลับสู่เงินล้านที่โรงเรียนไม่เคยสอน (THE MILLIONAIRE'S TOP SECRET),0,0,0,0,0,0,0,0,0,0,0,0,0,0,0,0,0,0,0,0,0,0,0,0,0,0,0,0,0,0,0,0,0,2026-03-11
[หนังสือ] ขอใช้ชีวิตที่เหลือ เพื่อตัวเองนะ,[หนังสือ] ขอใช้ชีวิตที่เหลือ เพื่อตัวเองนะ,800.9,408.95,0,70.93,321.02,0,0,0,0,0,0,854,529,0,325,0,0,0,0,0,0,0,93.78,77.31,0,21.82,0,0,0,0,0,0,0,2026-03-11
[หนังสือ] ขอใช้ชีวิตที่เหลือ เพื่อตัวเองนะ,*OPD [E-BOOK] ขอใช้ชีวิตที่เหลือ เพื่อตัวเองนะ,0,0,0,0,0,0,0,0,0,0,0,0,0,0,0,0,0,0,0,0,0,0,0,0,0,0,0,0,0,0,0,0,0,2026-03-11
[หนังสือ] กับดักความรู้สึกผิด,[หนังสือ] กับดักความรู้สึกผิด,37034.87,33289.34,0,2536.25,730.63,146.28,332.37,0,0,0,0,77000.33,43218,0,7168,2030,18492,1125.33,3132,0,1436,399,48.1,77.03,0,35.38,35.99,4.67,1.8,0,0,0,0,2026-03-11
[หนังสือ] กับดักความรู้สึกผิด,*OPD [E-BOOK] กับดักความรู้สึกผิด,0,0,0,0,0,0,0,0,0,0,0,899,899,0,0,0,0,0,0,0,0,0,0,0,0,0,0,0,0,0,0,0,0,2026-03-11
[หนังสือ] กว่าจะคิดได้ ก็ไม่มีลมหายใจแล้ว (IT IS NEVER TOO LATE TO LOVE YOURSELF),[หนังสือ] กว่าจะคิดได้ ก็ไม่มีลมหายใจแล้ว (IT IS NEVER TOO LATE TO LOVE YOURSELF),0,0,0,0,0,0,0,0,0,0,0,658,359,0,0,299,0,0,0,0,0,0,0,0,0,0,0,0,0,0,0,0,0,2026-03-11
[หนังสือ] กว่าจะคิดได้ ก็ไม่มีลมหายใจแล้ว (IT IS NEVER TOO LATE TO LOVE YOURSELF),*OPD [E-BOOK] กว่าจะคิดได้ ก็ไม่มีลมหายใจแล้ว (IT IS NEVER TOO LATE TO LOVE YOURSELF),0,0,0,0,0,0,0,0,0,0,0,0,0,0,0,0,0,0,0,0,0,0,0,0,0,0,0,0,0,0,0,0,0,2026-03-11
[หนังสือ] ฉันจะมีชีวิตที่ดี,[หนังสือ] ฉันจะมีชีวิตที่ดี,1920.51,454.07,0,32.76,1433.68,0,0,0,0,0,0,3835,590,0,0,2950,295,0,0,0,0,0,50.08,76.96,0,0,48.6,0,0,0,0,0,0,2026-03-11
[หนังสือ] THE WITCHES' CLUB ชมรมลับเปลี่ยนชีวิต,[หนังสือ] THE WITCHES' CLUB ชมรมลับเปลี่ยนชีวิต,3345.89,590.5,0,1614.39,1059.2,0,81.8,0,0,0,0,299,0,0,0,299,0,0,0,0,0,0,1119.03,0,0,0,354.25,0,0,0,0,0,0,2026-03-11
[หนังสือ] THE WITCHES' CLUB ชมรมลับเปลี่ยนชีวิต,*[E-BOOK] THE WITCHES' CLUB ชมรมลับเปลี่ยนชีวิต,0,0,0,0,0,0,0,0,0,0,0,0,0,0,0,0,0,0,0,0,0,0,0,0,0,0,0,0,0,0,0,0,0,2026-03-11
[หนังสือ] THE WITCHES' CLUB ชมรมลับเปลี่ยนชีวิต,[หนังสือ] BOXSET THE WITCHES' CLUB ชมรมลับเปลี่ยนชีวิต,0,0,0,0,0,0,0,0,0,0,0,7589,0,0,2116,3703,1770,0,0,0,0,0,0,0,0,0,0,0,0,0,0,0,0,2026-03-11
[หนังสือ] GHOSTLY REMAINS ปลดพันธนาการดวงวิญญาณหลังความตาย,[หนังสือ] GHOSTLY REMAINS ปลดพันธนาการดวงวิญญาณหลังความตาย,563.09,153.57,0,41.83,367.69,0,0,0,0,0,0,2336,690,0,0,977,369,0,0,0,300,0,24.1,22.26,0,0,37.63,0,0,0,0,0,0,2026-03-11
[หนังสือ] GHOSTLY BREWS ยินดีบริการดวงวิญญาณหลังเที่ยงคืน,[หนังสือ] GHOSTLY BREWS ยินดีบริการดวงวิญญาณหลังเที่ยงคืน,1590.17,856.39,0,254.45,386.24,0,91.2,1.89,0,0,0,6401,1688,0,1645,1241,1827,0,0,0,0,0,24.84,50.73,0,15.47,31.12,0,4.99,0,0,0,0,2026-03-11
[หนังสือ] GHOSTLY BREWS ยินดีบริการดวงวิญญาณหลังเที่ยงคืน,*OPD [E-BOOK] GHOSTLY BREWS ยินดีบริการดวงวิญญาณหลังเที่ยงคืน,0,0,0,0,0,0,0,0,0,0,0,0,0,0,0,0,0,0,0,0,0,0,0,0,0,0,0,0,0,0,0,0,0,2026-03-11
[หนังสือ] GHOSTLY BREWS ยินดีบริการดวงวิญญาณหลังเที่ยงคืน,*[E-BOOK] GHOSTLY BREWS ยินดีบริการดวงวิญญาณหลังเที่ยงคืน,0,0,0,0,0,0,0,0,0,0,0,0,0,0,0,0,0,0,0,0,0,0,0,0,0,0,0,0,0,0,0,0,0,2026-03-11
[หนังสือ] เหนื่อยมากไหม พักก่อนก็ได้นะวันนี้,[หนังสือ] เหนื่อยมากไหม พักก่อนก็ได้นะวันนี้,1211.26,1211.26,0,0,0,0,0,0,0,0,0,4467,2730,0,0,740,997,0,0,0,0,0,27.12,44.37,0,0,0,0,0,0,0,0,0,2026-03-11
[หนังสือ] เหนื่อยมากไหม พักก่อนก็ได้นะวันนี้,*OPD [E-BOOK] เหนื่อยมากไหม พักก่อนก็ได้นะวันนี้,0,0,0,0,0,0,0,0,0,0,0,0,0,0,0,0,0,0,0,0,0,0,0,0,0,0,0,0,0,0,0,0,0,2026-03-11
[หนังสือ] เหนื่อยมากไหม พักก่อนก็ได้นะวันนี้,[หนังสือ] BOXSET เหนื่อยมากไหม พักก่อนก็ได้นะวันนี้,0,0,0,0,0,0,0,0,0,0,0,1200,1200,0,0,0,0,0,0,0,0,0,0,0,0,0,0,0,0,0,0,0,0,2026-03-11
[หนังสือ] THE WITCHES' CLUB ชมรมลับเปลี่ยนชีวิต,*OPD [E-BOOK] THE WITCHES' CLUB ชมรมลับเปลี่ยนชีวิต,0,0,0,0,0,0,0,0,0,0,0,0,0,0,0,0,0,0,0,0,0,0,0,0,0,0,0,0,0,0,0,0,0,2026-03-11
[หนังสือ] ชีวิตมีเรื่องให้ขอบคุณมากกว่าเสียใจ,[หนังสือ] ชีวิตมีเรื่องให้ขอบคุณมากกว่าเสียใจ,1351.51,0,0,142.49,1209.02,0,0,0,0,0,0,1989,0,0,594,1395,0,0,0,0,0,0,67.95,0,0,23.99,86.67,0,0,0,0,0,0,2026-03-12
[หนังสือ] เมื่อโลกทั้งใบซ่อนอยู่ใต้หมวกกันน็อก (HELMET GIRL),[หนังสือ] เมื่อโลกทั้งใบซ่อนอยู่ใต้หมวกกันน็อก (HELMET GIRL),0,0,0,0,0,0,0,0,0,0,0,1024,344,0,680,0,0,0,0,0,0,0,0,0,0,0,0,0,0,0,0,0,0,2026-03-12
[หนังสือ] เมื่อโลกทั้งใบซ่อนอยู่ใต้หมวกกันน็อก (HELMET GIRL),*OPD [E-BOOK] เมื่อโลกทั้งใบซ่อนอยู่ใต้หมวกกันน็อก (HELMET GIRL),0,0,0,0,0,0,0,0,0,0,0,0,0,0,0,0,0,0,0,0,0,0,0,0,0,0,0,0,0,0,0,0,0,2026-03-12
[หนังสือ] เมื่อโลกทั้งใบซ่อนอยู่ใต้หมวกกันน็อก (HELMET GIRL),[หนังสือ] BOXSET เมื่อโลกทั้งใบซ่อนอยู่ใต้หมวกกันน็อก (HELMET GIRL),0,0,0,0,0,0,0,0,0,0,0,400,400,0,0,0,0,0,0,0,0,0,0,0,0,0,0,0,0,0,0,0,0,2026-03-12
[หนังสือ] วันไหนที่ใจแข็งแรง ดอกไม้จะผลิบาน THE ENCHANTED GARDEN,[หนังสือ] วันไหนที่ใจแข็งแรง ดอกไม้จะผลิบาน THE ENCHANTED GARDEN,1533.34,0,0,122.8,1364.04,0,46.5,0,0,0,0,2677,0,0,302,1470,905,0,0,0,0,0,57.28,0,0,40.66,92.79,0,5.14,0,0,0,0,2026-03-12
[หนังสือ] วันไหนที่ใจแข็งแรง ดอกไม้จะผลิบาน THE ENCHANTED GARDEN,*OPD [E-BOOK] วันไหนที่ใจแข็งแรง ดอกไม้จะผลิบาน THE ENCHANTED GARDEN,0,0,0,0,0,0,0,0,0,0,0,0,0,0,0,0,0,0,0,0,0,0,0,0,0,0,0,0,0,0,0,0,0,2026-03-12
[หนังสือ] วันไหนที่ใจแข็งแรง ดอกไม้จะผลิบาน THE ENCHANTED GARDEN,[หนังสือ] สวนของหัวใจ BLOSSOMS OF THE SOUL’S GARDEN,0,0,0,0,0,0,0,0,0,0,0,1942,0,0,0,1242,700,0,0,0,0,0,0,0,0,0,0,0,0,0,0,0,0,2026-03-12
[หนังสือ] ยินดีต้อนรับและขอบคุณที่กลับมา,[หนังสือ] ยินดีต้อนรับและขอบคุณที่กลับมา,182.94,0,0,161.69,21.25,0,0,0,0,0,0,200,200,0,0,0,0,0,0,0,0,0,91.47,0,0,0,0,0,0,0,0,0,0,2026-03-12
[หนังสือ] ยินดีต้อนรับและขอบคุณที่กลับมา,*OPD [E-BOOK] ยินดีต้อนรับและขอบคุณที่กลับมา,0,0,0,0,0,0,0,0,0,0,0,0,0,0,0,0,0,0,0,0,0,0,0,0,0,0,0,0,0,0,0,0,0,2026-03-12
[หนังสือ] ปีศาจตัวนั้น คือฉันเอง A GUIDE TO FIGHT THE DEMONS IN MY HEART,[หนังสือ] ปีศาจตัวนั้น คือฉันเอง A GUIDE TO FIGHT THE DEMONS IN MY HEART,9495.49,0,0,3220.36,6075.13,0,200,0,0,0,0,0,0,0,0,0,0,0,0,0,0,0,0,0,0,0,0,0,0,0,0,0,0,2026-03-12
[หนังสือ] ชีวิตมีเรื่องให้ขอบคุณมากกว่าเสียใจ,*OPD [E-BOOK] ชีวิตมีเรื่องให้ขอบคุณมากกว่าเสียใจ,0,0,0,0,0,0,0,0,0,0,0,0,0,0,0,0,0,0,0,0,0,0,0,0,0,0,0,0,0,0,0,0,0,2026-03-12
[หนังสือ] ปีศาจตัวนั้น คือฉันเอง A GUIDE TO FIGHT THE DEMONS IN MY HEART,*OPD [E-BOOK] ปีศาจตัวนั้น คือฉันเอง A GUIDE TO FIGHTING THE DEMONS IN MY HEART,0,0,0,0,0,0,0,0,0,0,0,0,0,0,0,0,0,0,0,0,0,0,0,0,0,0,0,0,0,0,0,0,0,2026-03-12
[หนังสือ] ปีศาจตัวนั้น คือฉันเอง A GUIDE TO FIGHT THE DEMONS IN MY HEART,[หนังสือ] ปีศาจตัวนั้น คือฉันเอง A GUIDE TO FIGHTING THE DEMONS IN MY HEART,0,0,0,0,0,0,0,0,0,0,0,30346,1212,0,6819,18545,3473,0,297,0,0,0,0,0,0,0,0,0,0,0,0,0,0,2026-03-12
[หนังสือ] ปีศาจตัวนั้น คือฉันเอง 2 A GUIDE TO OVERCOMING THE RETURN OF THE DEMONS,[หนังสือ] ปีศาจตัวนั้น คือฉันเอง 2 A GUIDE TO OVERCOMING THE RETURN OF THE DEMONS,1341.48,0,0,183.57,1060.74,0,96.77,0.4,0,0,0,6057,943,0,350,3326,1438,0,0,0,0,0,22.15,0,0,52.45,31.89,0,6.73,0,0,0,0,2026-03-12
[หนังสือ] ปีศาจตัวนั้น คือฉันเอง 2 A GUIDE TO OVERCOMING THE RETURN OF THE DEMONS,*OPD [E-BOOK] ปีศาจตัวนั้น คือฉันเอง 2 A GUIDE TO OVERCOMING THE RETURN OF THE DEMONS,0,0,0,0,0,0,0,0,0,0,0,0,0,0,0,0,0,0,0,0,0,0,0,0,0,0,0,0,0,0,0,0,0,2026-03-12
[หนังสือ] ปีศาจความรักมักเลือกฉันเป็นเหยื่อ HOW TO FIGHT THE LOVE DEMON IN MY HEART,[หนังสือ] ปีศาจความรักมักเลือกฉันเป็นเหยื่อ HOW TO FIGHT THE LOVE DEMON IN MY HEART,224.27,0,0,24.93,199.34,0,0,0,0,0,0,892,0,0,0,379,513,0,0,0,0,0,25.14,0,0,0,52.6,0,0,0,0,0,0,2026-03-12
[หนังสือ] ปีศาจความรักมักเลือกฉันเป็นเหยื่อ HOW TO FIGHT THE LOVE DEMON IN MY HEART,*OPD [E-BOOK] ปีศาจความรักมักเลือกฉันเป็นเหยื่อ HOW TO FIGHT THE LOVE DEMON IN MY HEART,0,0,0,0,0,0,0,0,0,0,0,0,0,0,0,0,0,0,0,0,0,0,0,0,0,0,0,0,0,0,0,0,0,2026-03-12
[หนังสือ] ทุกความทรงจำคือของขวัญจากวันวาน,[หนังสือ] ทุกความทรงจำคือของขวัญจากวันวาน,0,0,0,0,0,0,0,0,0,0,0,798,200,0,299,299,0,0,0,0,0,0,0,0,0,0,0,0,0,0,0,0,0,2026-03-12
[หนังสือ] ทุกความทรงจำคือของขวัญจากวันวาน,*OPD [E-BOOK] ทุกความทรงจำคือของขวัญจากวันวาน,0,0,0,0,0,0,0,0,0,0,0,0,0,0,0,0,0,0,0,0,0,0,0,0,0,0,0,0,0,0,0,0,0,2026-03-12
[หนังสือ] ถ้าโลกมันแย่ ก็แค่คิดแบบคาปิบาร่า THINK LIKE A HAPPYBARA,[หนังสือ] ถ้าโลกมันแย่ ก็แค่คิดแบบคาปิบาร่า THINK LIKE A HAPPYBARA,1019.68,0,0,142.23,877.45,0,0,0,0,0,0,2549,0,0,0,1170,1379,0,0,0,0,0,40,0,0,0,75,0,0,0,0,0,0,2026-03-12
[หนังสือ] ถ้าโลกมันแย่ ก็แค่คิดแบบคาปิบาร่า THINK LIKE A HAPPYBARA,*OPD [E-BOOK] ถ้าโลกมันแย่ ก็แค่คิดแบบคาปิบาร่า THINK LIKE A HAPPYBARA,0,0,0,0,0,0,0,0,0,0,0,0,0,0,0,0,0,0,0,0,0,0,0,0,0,0,0,0,0,0,0,0,0,2026-03-12
[หนังสือ] ปีศาจตัวนั้น คือฉันเอง A GUIDE TO FIGHT THE DEMONS IN MY HEART,*[E-BOOK] ปีศาจตัวนั้น คือฉันเอง A GUIDE TO FIGHTING THE DEMONS IN MY HEART,0,0,0,0,0,0,0,0,0,0,0,0,0,0,0,0,0,0,0,0,0,0,0,0,0,0,0,0,0,0,0,0,0,2026-03-12
[หนังสือ] ถ้าโลกมันแย่ ก็แค่คิดแบบคาปิบาร่า THINK LIKE A HAPPYBARA,[หนังสือ] BOXSET ถ้าโลกมันแย่ ก็แค่คิดแบบคาปิบาร่า THINK LIKE A HAPPYBARA,0,0,0,0,0,0,0,0,0,0,0,1439,400,0,0,1039,0,0,0,0,0,0,0,0,0,0,0,0,0,0,0,0,0,2026-03-12
[หนังสือ] โอบกอดความไม่สมบูรณ์แบบของเธอ (EMBRACE YOUR FLAWS),[หนังสือ] โอบกอดความไม่สมบูรณ์แบบของเธอ (EMBRACE YOUR FLAWS),924.06,525,0,14.01,385.05,0,0,0,0,0,0,3004,279,0,493,1674,558,0,0,0,0,0,30.76,188.17,0,2.84,23,0,0,0,0,0,0,2026-03-12
[หนังสือ] โอบกอดความไม่สมบูรณ์แบบของเธอ (EMBRACE YOUR FLAWS),*OPD [E-BOOK] โอบกอดความไม่สมบูรณ์แบบของเธอ (EMBRACE YOUR FLAWS),0,0,0,0,0,0,0,0,0,0,0,0,0,0,0,0,0,0,0,0,0,0,0,0,0,0,0,0,0,0,0,0,0,2026-03-12
[หนังสือ] ฉันจะมีชีวิตที่ดี,*OPD [E-BOOK] ฉันจะมีชีวิตที่ดี,0,0,0,0,0,0,0,0,0,0,0,0,0,0,0,0,0,0,0,0,0,0,0,0,0,0,0,0,0,0,0,0,0,2026-03-12
[หนังสือ] ความลับสู่เงินล้านที่โรงเรียนไม่เคยสอน (THE MILLIONAIRE'S TOP SECRET),[หนังสือ] ความลับสู่เงินล้านที่โรงเรียนไม่เคยสอน (THE MILLIONAIRE'S TOP SECRET),353.67,0,0,13.89,339.78,0,0,0,0,0,0,329,0,0,329,0,0,0,0,0,0,0,107.5,0,0,4.22,0,0,0,0,0,0,0,2026-03-12
[หนังสือ] ความลับสู่เงินล้านที่โรงเรียนไม่เคยสอน (THE MILLIONAIRE'S TOP SECRET),*OPD [E-BOOK] ความลับสู่เงินล้านที่โรงเรียนไม่เคยสอน (THE MILLIONAIRE'S TOP SECRET),0,0,0,0,0,0,0,0,0,0,0,0,0,0,0,0,0,0,0,0,0,0,0,0,0,0,0,0,0,0,0,0,0,2026-03-12
[หนังสือ] ขอใช้ชีวิตที่เหลือ เพื่อตัวเองนะ,[หนังสือ] ขอใช้ชีวิตที่เหลือ เพื่อตัวเองนะ,852.44,451.22,0,79.21,322.01,0,0,0,0,0,0,1678,400,0,325,325,628,0,0,0,0,0,50.8,112.81,0,24.37,99.08,0,0,0,0,0,0,2026-03-12
[หนังสือ] ขอใช้ชีวิตที่เหลือ เพื่อตัวเองนะ,*OPD [E-BOOK] ขอใช้ชีวิตที่เหลือ เพื่อตัวเองนะ,0,0,0,0,0,0,0,0,0,0,0,0,0,0,0,0,0,0,0,0,0,0,0,0,0,0,0,0,0,0,0,0,0,2026-03-12
[หนังสือ] กับดักความรู้สึกผิด,[หนังสือ] กับดักความรู้สึกผิด,29980.15,27787.62,0,1266.81,395.58,250.13,280.01,0,0,0,0,80434,42223,0,2373,2708,26092,389,4535,0,2114,0,37.27,65.81,0,53.38,14.61,5.52,1.07,0,0,0,0,2026-03-12
[หนังสือ] กับดักความรู้สึกผิด,*OPD [E-BOOK] กับดักความรู้สึกผิด,0,0,0,0,0,0,0,0,0,0,0,180,180,0,0,0,0,0,0,0,0,0,0,0,0,0,0,0,0,0,0,0,0,2026-03-12
[หนังสือ] กว่าจะคิดได้ ก็ไม่มีลมหายใจแล้ว (IT IS NEVER TOO LATE TO LOVE YOURSELF),[หนังสือ] กว่าจะคิดได้ ก็ไม่มีลมหายใจแล้ว (IT IS NEVER TOO LATE TO LOVE YOURSELF),0,0,0,0,0,0,0,0,0,0,0,938,400,0,0,299,239,0,0,0,0,0,0,0,0,0,0,0,0,0,0,0,0,2026-03-12
[หนังสือ] กว่าจะคิดได้ ก็ไม่มีลมหายใจแล้ว (IT IS NEVER TOO LATE TO LOVE YOURSELF),*OPD [E-BOOK] กว่าจะคิดได้ ก็ไม่มีลมหายใจแล้ว (IT IS NEVER TOO LATE TO LOVE YOURSELF),0,0,0,0,0,0,0,0,0,0,0,0,0,0,0,0,0,0,0,0,0,0,0,0,0,0,0,0,0,0,0,0,0,2026-03-12
[หนังสือ] ฉันจะมีชีวิตที่ดี,[หนังสือ] ฉันจะมีชีวิตที่ดี,532.34,135.62,0,37.29,359.43,0,0,0,0,0,0,2065,590,0,0,1180,295,0,0,0,0,0,25.78,22.99,0,0,30.46,0,0,0,0,0,0,2026-03-12
[หนังสือ] THE WITCHES' CLUB ชมรมลับเปลี่ยนชีวิต,[หนังสือ] THE WITCHES' CLUB ชมรมลับเปลี่ยนชีวิต,1756.83,567.97,0,626.08,490.91,0,71.87,0,0,0,0,1586,390,0,0,598,598,0,0,0,0,0,110.77,145.63,0,0,82.09,0,12.02,0,0,0,0,2026-03-12
[หนังสือ] THE WITCHES' CLUB ชมรมลับเปลี่ยนชีวิต,*[E-BOOK] THE WITCHES' CLUB ชมรมลับเปลี่ยนชีวิต,0,0,0,0,0,0,0,0,0,0,0,0,0,0,0,0,0,0,0,0,0,0,0,0,0,0,0,0,0,0,0,0,0,2026-03-12
[หนังสือ] THE WITCHES' CLUB ชมรมลับเปลี่ยนชีวิต,[หนังสือ] BOXSET THE WITCHES' CLUB ชมรมลับเปลี่ยนชีวิต,0,0,0,0,0,0,0,0,0,0,0,4907,1200,0,1567,0,1740,0,0,0,400,0,0,0,0,0,0,0,0,0,0,0,0,2026-03-12
[หนังสือ] GHOSTLY REMAINS ปลดพันธนาการดวงวิญญาณหลังความตาย,[หนังสือ] GHOSTLY REMAINS ปลดพันธนาการดวงวิญญาณหลังความตาย,998.52,132,0,79.36,787.16,0,0,0,0,0,0,3137,679,0,390,988,780,0,0,0,300,0,31.83,19.44,0,20.35,79.67,0,0,0,0,0,0,2026-03-12
[หนังสือ] GHOSTLY BREWS ยินดีบริการดวงวิญญาณหลังเที่ยงคืน,[หนังสือ] GHOSTLY BREWS ยินดีบริการดวงวิญญาณหลังเที่ยงคืน,1700.22,892.76,0,363.14,382.7,0,61.62,0,0,0,0,6298,1438,0,628,2453,1450,0,0,0,329,0,27,62.08,0,57.82,15.6,0,4.25,0,0,0,0,2026-03-12
[หนังสือ] GHOSTLY BREWS ยินดีบริการดวงวิญญาณหลังเที่ยงคืน,*OPD [E-BOOK] GHOSTLY BREWS ยินดีบริการดวงวิญญาณหลังเที่ยงคืน,0,0,0,0,0,0,0,0,0,0,0,0,0,0,0,0,0,0,0,0,0,0,0,0,0,0,0,0,0,0,0,0,0,2026-03-12
[หนังสือ] GHOSTLY BREWS ยินดีบริการดวงวิญญาณหลังเที่ยงคืน,*[E-BOOK] GHOSTLY BREWS ยินดีบริการดวงวิญญาณหลังเที่ยงคืน,0,0,0,0,0,0,0,0,0,0,0,0,0,0,0,0,0,0,0,0,0,0,0,0,0,0,0,0,0,0,0,0,0,2026-03-12
[หนังสือ] เหนื่อยมากไหม พักก่อนก็ได้นะวันนี้,[หนังสือ] เหนื่อยมากไหม พักก่อนก็ได้นะวันนี้,957.24,957.24,0,0,0,0,0,0,0,0,0,2313,1170,0,0,0,1143,0,0,0,0,0,41.39,81.82,0,0,0,0,0,0,0,0,0,2026-03-12
[หนังสือ] เหนื่อยมากไหม พักก่อนก็ได้นะวันนี้,*OPD [E-BOOK] เหนื่อยมากไหม พักก่อนก็ได้นะวันนี้,0,0,0,0,0,0,0,0,0,0,0,0,0,0,0,0,0,0,0,0,0,0,0,0,0,0,0,0,0,0,0,0,0,2026-03-12
[หนังสือ] เหนื่อยมากไหม พักก่อนก็ได้นะวันนี้,[หนังสือ] BOXSET เหนื่อยมากไหม พักก่อนก็ได้นะวันนี้,0,0,0,0,0,0,0,0,0,0,0,1250,800,0,0,450,0,0,0,0,0,0,0,0,0,0,0,0,0,0,0,0,0,2026-03-12
[หนังสือ] THE WITCHES' CLUB ชมรมลับเปลี่ยนชีวิต,*OPD [E-BOOK] THE WITCHES' CLUB ชมรมลับเปลี่ยนชีวิต,0,0,0,0,0,0,0,0,0,0,0,179,179,0,0,0,0,0,0,0,0,0,0,0,0,0,0,0,0,0,0,0,0,2026-03-12
[หนังสือ] ชีวิตมีเรื่องให้ขอบคุณมากกว่าเสียใจ,[หนังสือ] ชีวิตมีเรื่องให้ขอบคุณมากกว่าเสียใจ,450.36,0,0,64.97,385.39,0,0,0,0,0,0,873,0,0,0,873,0,0,0,0,0,0,51.59,0,0,0,44.15,0,0,0,0,0,0,2026-03-13
[หนังสือ] ชีวิตมีเรื่องให้ขอบคุณมากกว่าเสียใจ,*OPD [E-BOOK] ชีวิตมีเรื่องให้ขอบคุณมากกว่าเสียใจ,0,0,0,0,0,0,0,0,0,0,0,0,0,0,0,0,0,0,0,0,0,0,0,0,0,0,0,0,0,0,0,0,0,2026-03-13
[หนังสือ] เมื่อโลกทั้งใบซ่อนอยู่ใต้หมวกกันน็อก (HELMET GIRL),[หนังสือ] เมื่อโลกทั้งใบซ่อนอยู่ใต้หมวกกันน็อก (HELMET GIRL),0,0,0,0,0,0,0,0,0,0,0,0,0,0,0,0,0,0,0,0,0,0,0,0,0,0,0,0,0,0,0,0,0,2026-03-13
[หนังสือ] เมื่อโลกทั้งใบซ่อนอยู่ใต้หมวกกันน็อก (HELMET GIRL),*OPD [E-BOOK] เมื่อโลกทั้งใบซ่อนอยู่ใต้หมวกกันน็อก (HELMET GIRL),0,0,0,0,0,0,0,0,0,0,0,207,207,0,0,0,0,0,0,0,0,0,0,0,0,0,0,0,0,0,0,0,0,2026-03-13
[หนังสือ] เมื่อโลกทั้งใบซ่อนอยู่ใต้หมวกกันน็อก (HELMET GIRL),[หนังสือ] BOXSET เมื่อโลกทั้งใบซ่อนอยู่ใต้หมวกกันน็อก (HELMET GIRL),0,0,0,0,0,0,0,0,0,0,0,0,0,0,0,0,0,0,0,0,0,0,0,0,0,0,0,0,0,0,0,0,0,2026-03-13
[หนังสือ] วันไหนที่ใจแข็งแรง ดอกไม้จะผลิบาน THE ENCHANTED GARDEN,[หนังสือ] วันไหนที่ใจแข็งแรง ดอกไม้จะผลิบาน THE ENCHANTED GARDEN,940.37,0,0,80.89,859.48,0,0,0,0,0,0,780,0,0,0,390,390,0,0,0,0,0,120.56,0,0,0,220.38,0,0,0,0,0,0,2026-03-13
[หนังสือ] วันไหนที่ใจแข็งแรง ดอกไม้จะผลิบาน THE ENCHANTED GARDEN,*OPD [E-BOOK] วันไหนที่ใจแข็งแรง ดอกไม้จะผลิบาน THE ENCHANTED GARDEN,0,0,0,0,0,0,0,0,0,0,0,0,0,0,0,0,0,0,0,0,0,0,0,0,0,0,0,0,0,0,0,0,0,2026-03-13
[หนังสือ] วันไหนที่ใจแข็งแรง ดอกไม้จะผลิบาน THE ENCHANTED GARDEN,[หนังสือ] สวนของหัวใจ BLOSSOMS OF THE SOUL’S GARDEN,0,0,0,0,0,0,0,0,0,0,0,0,0,0,0,0,0,0,0,0,0,0,0,0,0,0,0,0,0,0,0,0,0,2026-03-13
[หนังสือ] ยินดีต้อนรับและขอบคุณที่กลับมา,[หนังสือ] ยินดีต้อนรับและขอบคุณที่กลับมา,168.8,0,0,126.86,41.94,0,0,0,0,0,0,777,0,0,0,299,478,0,0,0,0,0,21.72,0,0,0,14.03,0,0,0,0,0,0,2026-03-13
[หนังสือ] ยินดีต้อนรับและขอบคุณที่กลับมา,*OPD [E-BOOK] ยินดีต้อนรับและขอบคุณที่กลับมา,0,0,0,0,0,0,0,0,0,0,0,0,0,0,0,0,0,0,0,0,0,0,0,0,0,0,0,0,0,0,0,0,0,2026-03-13
[หนังสือ] ปีศาจตัวนั้น คือฉันเอง A GUIDE TO FIGHT THE DEMONS IN MY HEART,[หนังสือ] ปีศาจตัวนั้น คือฉันเอง A GUIDE TO FIGHT THE DEMONS IN MY HEART,9316.02,0,0,3061.8,6127.37,0,126.85,0,0,0,0,0,0,0,0,0,0,0,0,0,0,0,0,0,0,0,0,0,0,0,0,0,0,2026-03-13
[หนังสือ] ปีศาจตัวนั้น คือฉันเอง A GUIDE TO FIGHT THE DEMONS IN MY HEART,*OPD [E-BOOK] ปีศาจตัวนั้น คือฉันเอง A GUIDE TO FIGHTING THE DEMONS IN MY HEART,0,0,0,0,0,0,0,0,0,0,0,0,0,0,0,0,0,0,0,0,0,0,0,0,0,0,0,0,0,0,0,0,0,2026-03-13
[หนังสือ] ปีศาจตัวนั้น คือฉันเอง A GUIDE TO FIGHT THE DEMONS IN MY HEART,*[E-BOOK] ปีศาจตัวนั้น คือฉันเอง A GUIDE TO FIGHTING THE DEMONS IN MY HEART,0,0,0,0,0,0,0,0,0,0,0,0,0,0,0,0,0,0,0,0,0,0,0,0,0,0,0,0,0,0,0,0,0,2026-03-13
[หนังสือ] ปีศาจตัวนั้น คือฉันเอง A GUIDE TO FIGHT THE DEMONS IN MY HEART,[หนังสือ] ปีศาจตัวนั้น คือฉันเอง A GUIDE TO FIGHTING THE DEMONS IN MY HEART,0,0,0,0,0,0,0,0,0,0,0,28217,920,0,7713,18169,1415,0,0,0,0,0,0,0,0,0,0,0,0,0,0,0,0,2026-03-13
[หนังสือ] ปีศาจตัวนั้น คือฉันเอง 2 A GUIDE TO OVERCOMING THE RETURN OF THE DEMONS,[หนังสือ] ปีศาจตัวนั้น คือฉันเอง 2 A GUIDE TO OVERCOMING THE RETURN OF THE DEMONS,1495.85,0,0,145.62,1264.93,0,85.19,0.11,0,0,0,7558,920,0,2443,3428,767,0,0,0,0,0,19.79,0,0,5.96,36.9,0,11.11,0,0,0,0,2026-03-13
[หนังสือ] ปีศาจตัวนั้น คือฉันเอง 2 A GUIDE TO OVERCOMING THE RETURN OF THE DEMONS,*OPD [E-BOOK] ปีศาจตัวนั้น คือฉันเอง 2 A GUIDE TO OVERCOMING THE RETURN OF THE DEMONS,0,0,0,0,0,0,0,0,0,0,0,0,0,0,0,0,0,0,0,0,0,0,0,0,0,0,0,0,0,0,0,0,0,2026-03-13
[หนังสือ] ปีศาจความรักมักเลือกฉันเป็นเหยื่อ HOW TO FIGHT THE LOVE DEMON IN MY HEART,[หนังสือ] ปีศาจความรักมักเลือกฉันเป็นเหยื่อ HOW TO FIGHT THE LOVE DEMON IN MY HEART,242.17,0,0,50.07,192.1,0,0,0,0,0,0,606,0,0,0,0,606,0,0,0,0,0,39.96,0,0,0,0,0,0,0,0,0,0,2026-03-13
[หนังสือ] ปีศาจความรักมักเลือกฉันเป็นเหยื่อ HOW TO FIGHT THE LOVE DEMON IN MY HEART,*OPD [E-BOOK] ปีศาจความรักมักเลือกฉันเป็นเหยื่อ HOW TO FIGHT THE LOVE DEMON IN MY HEART,0,0,0,0,0,0,0,0,0,0,0,0,0,0,0,0,0,0,0,0,0,0,0,0,0,0,0,0,0,0,0,0,0,2026-03-13
[หนังสือ] ทุกความทรงจำคือของขวัญจากวันวาน,[หนังสือ] ทุกความทรงจำคือของขวัญจากวันวาน,0,0,0,0,0,0,0,0,0,0,0,299,0,0,0,299,0,0,0,0,0,0,0,0,0,0,0,0,0,0,0,0,0,2026-03-13
[หนังสือ] ทุกความทรงจำคือของขวัญจากวันวาน,*OPD [E-BOOK] ทุกความทรงจำคือของขวัญจากวันวาน,0,0,0,0,0,0,0,0,0,0,0,179,179,0,0,0,0,0,0,0,0,0,0,0,0,0,0,0,0,0,0,0,0,2026-03-13
[หนังสือ] ถ้าโลกมันแย่ ก็แค่คิดแบบคาปิบาร่า THINK LIKE A HAPPYBARA,[หนังสือ] ถ้าโลกมันแย่ ก็แค่คิดแบบคาปิบาร่า THINK LIKE A HAPPYBARA,393.64,0,0,71.9,321.74,0,0,0,0,0,0,390,0,0,0,390,0,0,0,0,0,0,100.93,0,0,0,82.5,0,0,0,0,0,0,2026-03-13
[หนังสือ] ถ้าโลกมันแย่ ก็แค่คิดแบบคาปิบาร่า THINK LIKE A HAPPYBARA,*OPD [E-BOOK] ถ้าโลกมันแย่ ก็แค่คิดแบบคาปิบาร่า THINK LIKE A HAPPYBARA,0,0,0,0,0,0,0,0,0,0,0,0,0,0,0,0,0,0,0,0,0,0,0,0,0,0,0,0,0,0,0,0,0,2026-03-13
[หนังสือ] ถ้าโลกมันแย่ ก็แค่คิดแบบคาปิบาร่า THINK LIKE A HAPPYBARA,[หนังสือ] BOXSET ถ้าโลกมันแย่ ก็แค่คิดแบบคาปิบาร่า THINK LIKE A HAPPYBARA,0,0,0,0,0,0,0,0,0,0,0,590,0,0,0,590,0,0,0,0,0,0,0,0,0,0,0,0,0,0,0,0,0,2026-03-13
[หนังสือ] เหนื่อยมากไหม พักก่อนก็ได้นะวันนี้,[หนังสือ] เหนื่อยมากไหม พักก่อนก็ได้นะวันนี้,357.7,357.7,0,0,0,0,0,0,0,0,0,390,0,0,0,390,0,0,0,0,0,0,91.72,0,0,0,0,0,0,0,0,0,0,2026-03-13
[หนังสือ] เหนื่อยมากไหม พักก่อนก็ได้นะวันนี้,*OPD [E-BOOK] เหนื่อยมากไหม พักก่อนก็ได้นะวันนี้,0,0,0,0,0,0,0,0,0,0,0,179,179,0,0,0,0,0,0,0,0,0,0,0,0,0,0,0,0,0,0,0,0,2026-03-13
[หนังสือ] เหนื่อยมากไหม พักก่อนก็ได้นะวันนี้,[หนังสือ] BOXSET เหนื่อยมากไหม พักก่อนก็ได้นะวันนี้,0,0,0,0,0,0,0,0,0,0,0,450,0,0,0,450,0,0,0,0,0,0,0,0,0,0,0,0,0,0,0,0,0,2026-03-13
[หนังสือ] โอบกอดความไม่สมบูรณ์แบบของเธอ (EMBRACE YOUR FLAWS),[หนังสือ] โอบกอดความไม่สมบูรณ์แบบของเธอ (EMBRACE YOUR FLAWS),613.21,149.17,0,21.03,421.81,0,21.2,0,0,0,0,1037,0,0,279,493,265,0,0,0,0,0,59.13,0,0,7.54,85.56,0,8,0,0,0,0,2026-03-13
[หนังสือ] โอบกอดความไม่สมบูรณ์แบบของเธอ (EMBRACE YOUR FLAWS),*OPD [E-BOOK] โอบกอดความไม่สมบูรณ์แบบของเธอ (EMBRACE YOUR FLAWS),0,0,0,0,0,0,0,0,0,0,0,0,0,0,0,0,0,0,0,0,0,0,0,0,0,0,0,0,0,0,0,0,0,2026-03-13
[หนังสือ] ความลับสู่เงินล้านที่โรงเรียนไม่เคยสอน (THE MILLIONAIRE'S TOP SECRET),[หนังสือ] ความลับสู่เงินล้านที่โรงเรียนไม่เคยสอน (THE MILLIONAIRE'S TOP SECRET),408.71,0,0,28.09,380.62,0,0,0,0,0,0,2043,398,0,329,987,329,0,0,0,0,0,20.01,0,0,8.54,38.56,0,0,0,0,0,0,2026-03-13
[หนังสือ] ความลับสู่เงินล้านที่โรงเรียนไม่เคยสอน (THE MILLIONAIRE'S TOP SECRET),*OPD [E-BOOK] ความลับสู่เงินล้านที่โรงเรียนไม่เคยสอน (THE MILLIONAIRE'S TOP SECRET),0,0,0,0,0,0,0,0,0,0,0,0,0,0,0,0,0,0,0,0,0,0,0,0,0,0,0,0,0,0,0,0,0,2026-03-13
[หนังสือ] ขอใช้ชีวิตที่เหลือ เพื่อตัวเองนะ,[หนังสือ] ขอใช้ชีวิตที่เหลือ เพื่อตัวเองนะ,820.46,589.22,0,46.41,184.83,0,0,0,0,0,0,1885,1257,0,0,0,628,0,0,0,0,0,43.53,46.88,0,0,0,0,0,0,0,0,0,2026-03-13
[หนังสือ] ขอใช้ชีวิตที่เหลือ เพื่อตัวเองนะ,*OPD [E-BOOK] ขอใช้ชีวิตที่เหลือ เพื่อตัวเองนะ,0,0,0,0,0,0,0,0,0,0,0,0,0,0,0,0,0,0,0,0,0,0,0,0,0,0,0,0,0,0,0,0,0,2026-03-13
[หนังสือ] กับดักความรู้สึกผิด,[หนังสือ] กับดักความรู้สึกผิด,25507.68,23634.73,0,901.04,422.31,198.4,351.2,0,0,0,0,61654,30574,0,3340,678,24686,0,1678,0,698,0,41.37,77.3,0,26.98,62.29,11.82,1.42,0,0,0,0,2026-03-13
[หนังสือ] กับดักความรู้สึกผิด,*OPD [E-BOOK] กับดักความรู้สึกผิด,0,0,0,0,0,0,0,0,0,0,0,731,731,0,0,0,0,0,0,0,0,0,0,0,0,0,0,0,0,0,0,0,0,2026-03-13
[หนังสือ] กว่าจะคิดได้ ก็ไม่มีลมหายใจแล้ว (IT IS NEVER TOO LATE TO LOVE YOURSELF),[หนังสือ] กว่าจะคิดได้ ก็ไม่มีลมหายใจแล้ว (IT IS NEVER TOO LATE TO LOVE YOURSELF),0,0,0,0,0,0,0,0,0,0,0,239,0,0,0,0,239,0,0,0,0,0,0,0,0,0,0,0,0,0,0,0,0,2026-03-13
[หนังสือ] กว่าจะคิดได้ ก็ไม่มีลมหายใจแล้ว (IT IS NEVER TOO LATE TO LOVE YOURSELF),*OPD [E-BOOK] กว่าจะคิดได้ ก็ไม่มีลมหายใจแล้ว (IT IS NEVER TOO LATE TO LOVE YOURSELF),0,0,0,0,0,0,0,0,0,0,0,0,0,0,0,0,0,0,0,0,0,0,0,0,0,0,0,0,0,0,0,0,0,2026-03-13
[หนังสือ] THE WITCHES' CLUB ชมรมลับเปลี่ยนชีวิต,[หนังสือ] THE WITCHES' CLUB ชมรมลับเปลี่ยนชีวิต,3011.82,913.16,0,1387.63,638.98,0,72.05,0,0,0,0,897,0,0,0,299,598,0,0,0,0,0,335.77,0,0,0,213.71,0,12.05,0,0,0,0,2026-03-13
[หนังสือ] THE WITCHES' CLUB ชมรมลับเปลี่ยนชีวิต,*OPD [E-BOOK] THE WITCHES' CLUB ชมรมลับเปลี่ยนชีวิต,0,0,0,0,0,0,0,0,0,0,0,180,180,0,0,0,0,0,0,0,0,0,0,0,0,0,0,0,0,0,0,0,0,2026-03-13
[หนังสือ] THE WITCHES' CLUB ชมรมลับเปลี่ยนชีวิต,*[E-BOOK] THE WITCHES' CLUB ชมรมลับเปลี่ยนชีวิต,0,0,0,0,0,0,0,0,0,0,0,0,0,0,0,0,0,0,0,0,0,0,0,0,0,0,0,0,0,0,0,0,0,2026-03-13
[หนังสือ] THE WITCHES' CLUB ชมรมลับเปลี่ยนชีวิต,[หนังสือ] BOXSET THE WITCHES' CLUB ชมรมลับเปลี่ยนชีวิต,0,0,0,0,0,0,0,0,0,0,0,6230,2087,0,2116,1467,560,0,0,0,0,0,0,0,0,0,0,0,0,0,0,0,0,2026-03-13
[หนังสือ] MY LAST BOOK (A GENTLE GUIDE AND PREPARATION FOR LIFE’S FINAL CHAPTER),[หนังสือ] MY LAST BOOK (A GENTLE GUIDE AND PREPARATION FOR LIFE’S FINAL CHAPTER),0,0,0,0,0,0,0,0,0,0,0,600,600,0,0,0,0,0,0,0,0,0,0,0,0,0,0,0,0,0,0,0,0,2026-03-13
[หนังสือ] GHOSTLY REMAINS ปลดพันธนาการดวงวิญญาณหลังความตาย,[หนังสือ] GHOSTLY REMAINS ปลดพันธนาการดวงวิญญาณหลังความตาย,571.3,211.12,0,58.91,301.27,0,0,0,0,0,0,1777,0,0,0,299,1088,0,390,0,0,0,32.15,0,0,0,100.76,0,0,0,0,0,0,2026-03-13
[หนังสือ] GHOSTLY BREWS ยินดีบริการดวงวิญญาณหลังเที่ยงคืน,[หนังสือ] GHOSTLY BREWS ยินดีบริการดวงวิญญาณหลังเที่ยงคืน,1291.06,695.21,0,217.21,346.52,0,32.12,0,0,0,0,3032,987,0,658,689,698,0,0,0,0,0,42.58,70.44,0,33.01,50.29,0,4.6,0,0,0,0,2026-03-13
[หนังสือ] GHOSTLY BREWS ยินดีบริการดวงวิญญาณหลังเที่ยงคืน,*OPD [E-BOOK] GHOSTLY BREWS ยินดีบริการดวงวิญญาณหลังเที่ยงคืน,0,0,0,0,0,0,0,0,0,0,0,0,0,0,0,0,0,0,0,0,0,0,0,0,0,0,0,0,0,0,0,0,0,2026-03-13
[หนังสือ] GHOSTLY BREWS ยินดีบริการดวงวิญญาณหลังเที่ยงคืน,*[E-BOOK] GHOSTLY BREWS ยินดีบริการดวงวิญญาณหลังเที่ยงคืน,0,0,0,0,0,0,0,0,0,0,0,0,0,0,0,0,0,0,0,0,0,0,0,0,0,0,0,0,0,0,0,0,0,2026-03-13
[หนังสือ] ฉันจะมีชีวิตที่ดี,[หนังสือ] ฉันจะมีชีวิตที่ดี,1457.97,204.76,0,39.67,1213.54,0,0,0,0,0,0,3444,1180,0,0,2065,0,0,0,0,199,0,42.33,17.35,0,0,58.77,0,0,0,0,0,0,2026-03-13
[หนังสือ] ฉันจะมีชีวิตที่ดี,*OPD [E-BOOK] ฉันจะมีชีวิตที่ดี,0,0,0,0,0,0,0,0,0,0,0,0,0,0,0,0,0,0,0,0,0,0,0,0,0,0,0,0,0,0,0,0,0,2026-03-13
[หนังสือ] ชีวิตมีเรื่องให้ขอบคุณมากกว่าเสียใจ,[หนังสือ] ชีวิตมีเรื่องให้ขอบคุณมากกว่าเสียใจ,301,0,0,57.41,243.59,0,0,0,0,0,0,0,0,0,0,0,0,0,0,0,0,0,0,0,0,0,0,0,0,0,0,0,0,2026-03-14
[หนังสือ] เมื่อโลกทั้งใบซ่อนอยู่ใต้หมวกกันน็อก (HELMET GIRL),[หนังสือ] เมื่อโลกทั้งใบซ่อนอยู่ใต้หมวกกันน็อก (HELMET GIRL),0,0,0,0,0,0,0,0,0,0,0,689,0,0,0,299,390,0,0,0,0,0,0,0,0,0,0,0,0,0,0,0,0,2026-03-14
[หนังสือ] เมื่อโลกทั้งใบซ่อนอยู่ใต้หมวกกันน็อก (HELMET GIRL),*OPD [E-BOOK] เมื่อโลกทั้งใบซ่อนอยู่ใต้หมวกกันน็อก (HELMET GIRL),0,0,0,0,0,0,0,0,0,0,0,0,0,0,0,0,0,0,0,0,0,0,0,0,0,0,0,0,0,0,0,0,0,2026-03-14
[หนังสือ] เมื่อโลกทั้งใบซ่อนอยู่ใต้หมวกกันน็อก (HELMET GIRL),[หนังสือ] BOXSET เมื่อโลกทั้งใบซ่อนอยู่ใต้หมวกกันน็อก (HELMET GIRL),0,0,0,0,0,0,0,0,0,0,0,0,0,0,0,0,0,0,0,0,0,0,0,0,0,0,0,0,0,0,0,0,0,2026-03-14
[หนังสือ] วันไหนที่ใจแข็งแรง ดอกไม้จะผลิบาน THE ENCHANTED GARDEN,[หนังสือ] วันไหนที่ใจแข็งแรง ดอกไม้จะผลิบาน THE ENCHANTED GARDEN,615.85,0,0,63.65,552.2,0,0,0,0,0,0,988,0,0,0,0,988,0,0,0,0,0,62.33,0,0,0,0,0,0,0,0,0,0,2026-03-14
[หนังสือ] วันไหนที่ใจแข็งแรง ดอกไม้จะผลิบาน THE ENCHANTED GARDEN,*OPD [E-BOOK] วันไหนที่ใจแข็งแรง ดอกไม้จะผลิบาน THE ENCHANTED GARDEN,0,0,0,0,0,0,0,0,0,0,0,0,0,0,0,0,0,0,0,0,0,0,0,0,0,0,0,0,0,0,0,0,0,2026-03-14
[หนังสือ] วันไหนที่ใจแข็งแรง ดอกไม้จะผลิบาน THE ENCHANTED GARDEN,[หนังสือ] สวนของหัวใจ BLOSSOMS OF THE SOUL’S GARDEN,0,0,0,0,0,0,0,0,0,0,0,0,0,0,0,0,0,0,0,0,0,0,0,0,0,0,0,0,0,0,0,0,0,2026-03-14
[หนังสือ] ยินดีต้อนรับและขอบคุณที่กลับมา,[หนังสือ] ยินดีต้อนรับและขอบคุณที่กลับมา,149.7,0,0,93.69,56.01,0,0,0,0,0,0,200,200,0,0,0,0,0,0,0,0,0,74.85,0,0,0,0,0,0,0,0,0,0,2026-03-14
[หนังสือ] ยินดีต้อนรับและขอบคุณที่กลับมา,*OPD [E-BOOK] ยินดีต้อนรับและขอบคุณที่กลับมา,0,0,0,0,0,0,0,0,0,0,0,0,0,0,0,0,0,0,0,0,0,0,0,0,0,0,0,0,0,0,0,0,0,2026-03-14
[หนังสือ] ปีศาจตัวนั้น คือฉันเอง A GUIDE TO FIGHT THE DEMONS IN MY HEART,[หนังสือ] ปีศาจตัวนั้น คือฉันเอง A GUIDE TO FIGHT THE DEMONS IN MY HEART,6887.03,0,0,2055.95,4747.58,0,83.5,0,0,0,0,0,0,0,0,0,0,0,0,0,0,0,0,0,0,0,0,0,0,0,0,0,0,2026-03-14
[หนังสือ] ชีวิตมีเรื่องให้ขอบคุณมากกว่าเสียใจ,*OPD [E-BOOK] ชีวิตมีเรื่องให้ขอบคุณมากกว่าเสียใจ,0,0,0,0,0,0,0,0,0,0,0,0,0,0,0,0,0,0,0,0,0,0,0,0,0,0,0,0,0,0,0,0,0,2026-03-14
[หนังสือ] ปีศาจตัวนั้น คือฉันเอง A GUIDE TO FIGHT THE DEMONS IN MY HEART,*OPD [E-BOOK] ปีศาจตัวนั้น คือฉันเอง A GUIDE TO FIGHTING THE DEMONS IN MY HEART,0,0,0,0,0,0,0,0,0,0,0,0,0,0,0,0,0,0,0,0,0,0,0,0,0,0,0,0,0,0,0,0,0,2026-03-14
[หนังสือ] ปีศาจตัวนั้น คือฉันเอง A GUIDE TO FIGHT THE DEMONS IN MY HEART,[หนังสือ] ปีศาจตัวนั้น คือฉันเอง A GUIDE TO FIGHTING THE DEMONS IN MY HEART,0,0,0,0,0,0,0,0,0,0,0,12317,679,0,2934,5481,2507,419,297,0,0,0,0,0,0,0,0,0,0,0,0,0,0,2026-03-14
[หนังสือ] ปีศาจตัวนั้น คือฉันเอง 2 A GUIDE TO OVERCOMING THE RETURN OF THE DEMONS,[หนังสือ] ปีศาจตัวนั้น คือฉันเอง 2 A GUIDE TO OVERCOMING THE RETURN OF THE DEMONS,792.06,0,0,83.68,640.44,0,67.94,0,0,0,0,1947,0,0,299,948,350,350,0,0,0,0,40.68,0,0,27.99,67.56,0,19.41,0,0,0,0,2026-03-14
[หนังสือ] ปีศาจตัวนั้น คือฉันเอง 2 A GUIDE TO OVERCOMING THE RETURN OF THE DEMONS,*OPD [E-BOOK] ปีศาจตัวนั้น คือฉันเอง 2 A GUIDE TO OVERCOMING THE RETURN OF THE DEMONS,0,0,0,0,0,0,0,0,0,0,0,359,0,0,0,0,359,0,0,0,0,0,0,0,0,0,0,0,0,0,0,0,0,2026-03-14
[หนังสือ] ปีศาจความรักมักเลือกฉันเป็นเหยื่อ HOW TO FIGHT THE LOVE DEMON IN MY HEART,[หนังสือ] ปีศาจความรักมักเลือกฉันเป็นเหยื่อ HOW TO FIGHT THE LOVE DEMON IN MY HEART,254.51,0,0,19.6,234.91,0,0,0,0,0,0,303,0,0,0,0,303,0,0,0,0,0,84,0,0,0,0,0,0,0,0,0,0,2026-03-14
[หนังสือ] ปีศาจความรักมักเลือกฉันเป็นเหยื่อ HOW TO FIGHT THE LOVE DEMON IN MY HEART,*OPD [E-BOOK] ปีศาจความรักมักเลือกฉันเป็นเหยื่อ HOW TO FIGHT THE LOVE DEMON IN MY HEART,0,0,0,0,0,0,0,0,0,0,0,0,0,0,0,0,0,0,0,0,0,0,0,0,0,0,0,0,0,0,0,0,0,2026-03-14
[หนังสือ] ทุกความทรงจำคือของขวัญจากวันวาน,[หนังสือ] ทุกความทรงจำคือของขวัญจากวันวาน,0,0,0,0,0,0,0,0,0,0,0,200,200,0,0,0,0,0,0,0,0,0,0,0,0,0,0,0,0,0,0,0,0,2026-03-14
[หนังสือ] ทุกความทรงจำคือของขวัญจากวันวาน,*OPD [E-BOOK] ทุกความทรงจำคือของขวัญจากวันวาน,0,0,0,0,0,0,0,0,0,0,0,0,0,0,0,0,0,0,0,0,0,0,0,0,0,0,0,0,0,0,0,0,0,2026-03-14
[หนังสือ] ถ้าโลกมันแย่ ก็แค่คิดแบบคาปิบาร่า THINK LIKE A HAPPYBARA,[หนังสือ] ถ้าโลกมันแย่ ก็แค่คิดแบบคาปิบาร่า THINK LIKE A HAPPYBARA,427.09,0,0,74.03,353.06,0,0,0,0,0,0,390,0,0,0,0,390,0,0,0,0,0,109.51,0,0,0,0,0,0,0,0,0,0,2026-03-14
[หนังสือ] ถ้าโลกมันแย่ ก็แค่คิดแบบคาปิบาร่า THINK LIKE A HAPPYBARA,*OPD [E-BOOK] ถ้าโลกมันแย่ ก็แค่คิดแบบคาปิบาร่า THINK LIKE A HAPPYBARA,0,0,0,0,0,0,0,0,0,0,0,0,0,0,0,0,0,0,0,0,0,0,0,0,0,0,0,0,0,0,0,0,0,2026-03-14
[หนังสือ] ปีศาจตัวนั้น คือฉันเอง A GUIDE TO FIGHT THE DEMONS IN MY HEART,*[E-BOOK] ปีศาจตัวนั้น คือฉันเอง A GUIDE TO FIGHTING THE DEMONS IN MY HEART,0,0,0,0,0,0,0,0,0,0,0,0,0,0,0,0,0,0,0,0,0,0,0,0,0,0,0,0,0,0,0,0,0,2026-03-14
[หนังสือ] ถ้าโลกมันแย่ ก็แค่คิดแบบคาปิบาร่า THINK LIKE A HAPPYBARA,[หนังสือ] BOXSET ถ้าโลกมันแย่ ก็แค่คิดแบบคาปิบาร่า THINK LIKE A HAPPYBARA,0,0,0,0,0,0,0,0,0,0,0,400,400,0,0,0,0,0,0,0,0,0,0,0,0,0,0,0,0,0,0,0,0,2026-03-14
[หนังสือ] โอบกอดความไม่สมบูรณ์แบบของเธอ (EMBRACE YOUR FLAWS),[หนังสือ] โอบกอดความไม่สมบูรณ์แบบของเธอ (EMBRACE YOUR FLAWS),1157.44,838.02,0,28.47,290.95,0,0,0,0,0,0,1643,558,0,0,820,265,0,0,0,0,0,70.45,150.18,0,0,35.48,0,0,0,0,0,0,2026-03-14
[หนังสือ] โอบกอดความไม่สมบูรณ์แบบของเธอ (EMBRACE YOUR FLAWS),*OPD [E-BOOK] โอบกอดความไม่สมบูรณ์แบบของเธอ (EMBRACE YOUR FLAWS),0,0,0,0,0,0,0,0,0,0,0,0,0,0,0,0,0,0,0,0,0,0,0,0,0,0,0,0,0,0,0,0,0,2026-03-14
[หนังสือ] ฉันจะมีชีวิตที่ดี,*OPD [E-BOOK] ฉันจะมีชีวิตที่ดี,0,0,0,0,0,0,0,0,0,0,0,179,179,0,0,0,0,0,0,0,0,0,0,0,0,0,0,0,0,0,0,0,0,2026-03-14
[หนังสือ] ความลับสู่เงินล้านที่โรงเรียนไม่เคยสอน (THE MILLIONAIRE'S TOP SECRET),[หนังสือ] ความลับสู่เงินล้านที่โรงเรียนไม่เคยสอน (THE MILLIONAIRE'S TOP SECRET),710.96,0,0,34.6,676.36,0,0,0,0,0,0,1316,0,0,329,987,0,0,0,0,0,0,54.02,0,0,10.52,68.53,0,0,0,0,0,0,2026-03-14
[หนังสือ] ความลับสู่เงินล้านที่โรงเรียนไม่เคยสอน (THE MILLIONAIRE'S TOP SECRET),*OPD [E-BOOK] ความลับสู่เงินล้านที่โรงเรียนไม่เคยสอน (THE MILLIONAIRE'S TOP SECRET),0,0,0,0,0,0,0,0,0,0,0,0,0,0,0,0,0,0,0,0,0,0,0,0,0,0,0,0,0,0,0,0,0,2026-03-14
[หนังสือ] ขอใช้ชีวิตที่เหลือ เพื่อตัวเองนะ,[หนังสือ] ขอใช้ชีวิตที่เหลือ เพื่อตัวเองนะ,680.35,264.78,0,66.49,349.08,0,0,0,0,0,0,1379,729,0,0,650,0,0,0,0,0,0,49.34,36.32,0,0,53.7,0,0,0,0,0,0,2026-03-14
[หนังสือ] ขอใช้ชีวิตที่เหลือ เพื่อตัวเองนะ,*OPD [E-BOOK] ขอใช้ชีวิตที่เหลือ เพื่อตัวเองนะ,0,0,0,0,0,0,0,0,0,0,0,0,0,0,0,0,0,0,0,0,0,0,0,0,0,0,0,0,0,0,0,0,0,2026-03-14
[หนังสือ] กับดักความรู้สึกผิด,[หนังสือ] กับดักความรู้สึกผิด,24350.72,22994.95,0,677.74,331.69,146.34,200,0,0,0,0,60418,35224,0,0,678,20437,0,3361,0,718,0,40.3,65.28,0,0,48.92,4.35,0.98,0,0,0,0,2026-03-14
[หนังสือ] กับดักความรู้สึกผิด,*OPD [E-BOOK] กับดักความรู้สึกผิด,0,0,0,0,0,0,0,0,0,0,0,180,180,0,0,0,0,0,0,0,0,0,0,0,0,0,0,0,0,0,0,0,0,2026-03-14
[หนังสือ] กว่าจะคิดได้ ก็ไม่มีลมหายใจแล้ว (IT IS NEVER TOO LATE TO LOVE YOURSELF),[หนังสือ] กว่าจะคิดได้ ก็ไม่มีลมหายใจแล้ว (IT IS NEVER TOO LATE TO LOVE YOURSELF),0,0,0,0,0,0,0,0,0,0,0,439,200,0,0,0,239,0,0,0,0,0,0,0,0,0,0,0,0,0,0,0,0,2026-03-14
[หนังสือ] กว่าจะคิดได้ ก็ไม่มีลมหายใจแล้ว (IT IS NEVER TOO LATE TO LOVE YOURSELF),*OPD [E-BOOK] กว่าจะคิดได้ ก็ไม่มีลมหายใจแล้ว (IT IS NEVER TOO LATE TO LOVE YOURSELF),0,0,0,0,0,0,0,0,0,0,0,0,0,0,0,0,0,0,0,0,0,0,0,0,0,0,0,0,0,0,0,0,0,2026-03-14
[หนังสือ] ฉันจะมีชีวิตที่ดี,[หนังสือ] ฉันจะมีชีวิตที่ดี,1031.71,151.64,0,38.93,841.14,0,0,0,0,0,0,1362,200,0,295,867,0,0,0,0,0,0,75.75,75.82,0,13.2,97.02,0,0,0,0,0,0,2026-03-14
[หนังสือ] THE WITCHES' CLUB ชมรมลับเปลี่ยนชีวิต,[หนังสือ] THE WITCHES' CLUB ชมรมลับเปลี่ยนชีวิต,3595.86,1295.45,0,1518.29,690.05,0,92.07,0,0,0,0,299,0,0,299,0,0,0,0,0,0,0,1202.63,0,0,507.79,0,0,0,0,0,0,0,2026-03-14
[หนังสือ] THE WITCHES' CLUB ชมรมลับเปลี่ยนชีวิต,*[E-BOOK] THE WITCHES' CLUB ชมรมลับเปลี่ยนชีวิต,0,0,0,0,0,0,0,0,0,0,0,0,0,0,0,0,0,0,0,0,0,0,0,0,0,0,0,0,0,0,0,0,0,2026-03-14
[หนังสือ] THE WITCHES' CLUB ชมรมลับเปลี่ยนชีวิต,[หนังสือ] BOXSET THE WITCHES' CLUB ชมรมลับเปลี่ยนชีวิต,0,0,0,0,0,0,0,0,0,0,0,2778,1679,0,509,0,0,0,590,0,0,0,0,0,0,0,0,0,0,0,0,0,0,2026-03-14
[หนังสือ] GHOSTLY REMAINS ปลดพันธนาการดวงวิญญาณหลังความตาย,[หนังสือ] GHOSTLY REMAINS ปลดพันธนาการดวงวิญญาณหลังความตาย,744.56,390.81,0,26.53,327.22,0,0,0,0,0,0,1768,379,0,0,299,759,0,331,0,0,0,42.11,103.12,0,0,109.44,0,0,0,0,0,0,2026-03-14
[หนังสือ] GHOSTLY BREWS ยินดีบริการดวงวิญญาณหลังเที่ยงคืน,[หนังสือ] GHOSTLY BREWS ยินดีบริการดวงวิญญาณหลังเที่ยงคืน,1684.71,1001.68,0,230.68,395.59,0,56.76,0,0,0,0,3425,1258,0,0,1079,1088,0,0,0,0,0,49.19,79.62,0,0,36.66,0,5.22,0,0,0,0,2026-03-14
[หนังสือ] GHOSTLY BREWS ยินดีบริการดวงวิญญาณหลังเที่ยงคืน,*OPD [E-BOOK] GHOSTLY BREWS ยินดีบริการดวงวิญญาณหลังเที่ยงคืน,0,0,0,0,0,0,0,0,0,0,0,179,179,0,0,0,0,0,0,0,0,0,0,0,0,0,0,0,0,0,0,0,0,2026-03-14
[หนังสือ] GHOSTLY BREWS ยินดีบริการดวงวิญญาณหลังเที่ยงคืน,*[E-BOOK] GHOSTLY BREWS ยินดีบริการดวงวิญญาณหลังเที่ยงคืน,0,0,0,0,0,0,0,0,0,0,0,0,0,0,0,0,0,0,0,0,0,0,0,0,0,0,0,0,0,0,0,0,0,2026-03-14
[หนังสือ] เหนื่อยมากไหม พักก่อนก็ได้นะวันนี้,[หนังสือ] เหนื่อยมากไหม พักก่อนก็ได้นะวันนี้,0,0,0,0,0,0,0,0,0,0,0,1462,0,0,0,0,1462,0,0,0,0,0,0,0,0,0,0,0,0,0,0,0,0,2026-03-14
[หนังสือ] เหนื่อยมากไหม พักก่อนก็ได้นะวันนี้,*OPD [E-BOOK] เหนื่อยมากไหม พักก่อนก็ได้นะวันนี้,0,0,0,0,0,0,0,0,0,0,0,0,0,0,0,0,0,0,0,0,0,0,0,0,0,0,0,0,0,0,0,0,0,2026-03-14
[หนังสือ] เหนื่อยมากไหม พักก่อนก็ได้นะวันนี้,[หนังสือ] BOXSET เหนื่อยมากไหม พักก่อนก็ได้นะวันนี้,0,0,0,0,0,0,0,0,0,0,0,1590,800,0,0,0,390,0,0,0,400,0,0,0,0,0,0,0,0,0,0,0,0,2026-03-14
[หนังสือ] THE WITCHES' CLUB ชมรมลับเปลี่ยนชีวิต,*OPD [E-BOOK] THE WITCHES' CLUB ชมรมลับเปลี่ยนชีวิต,0,0,0,0,0,0,0,0,0,0,0,180,180,0,0,0,0,0,0,0,0,0,0,0,0,0,0,0,0,0,0,0,0,2026-03-14
[หนังสือ] ฉันจะมีชีวิตที่ดี,[หนังสือ] ฉันจะมีชีวิตที่ดี,915.94,143.44,0,68.14,704.36,0,0,0,0,0,0,3230,398,0,1375,277,885,0,0,0,295,0,28.36,36.04,0,4.96,254.28,0,0,0,0,0,0,2026-03-15
[หนังสือ] ฉันจะมีชีวิตที่ดี,*OPD [E-BOOK] ฉันจะมีชีวิตที่ดี,0,0,0,0,0,0,0,0,0,0,0,0,0,0,0,0,0,0,0,0,0,0,0,0,0,0,0,0,0,0,0,0,0,2026-03-15
[หนังสือ] วันไหนที่ใจแข็งแรง ดอกไม้จะผลิบาน THE ENCHANTED GARDEN,[หนังสือ] วันไหนที่ใจแข็งแรง ดอกไม้จะผลิบาน THE ENCHANTED GARDEN,726.44,0,0,88.75,637.69,0,0,0,0,0,0,2425,0,0,1437,0,988,0,0,0,0,0,29.96,0,0,6.18,0,0,0,0,0,0,0,2026-03-15
[หนังสือ] วันไหนที่ใจแข็งแรง ดอกไม้จะผลิบาน THE ENCHANTED GARDEN,*OPD [E-BOOK] วันไหนที่ใจแข็งแรง ดอกไม้จะผลิบาน THE ENCHANTED GARDEN,0,0,0,0,0,0,0,0,0,0,0,0,0,0,0,0,0,0,0,0,0,0,0,0,0,0,0,0,0,0,0,0,0,2026-03-15
[หนังสือ] วันไหนที่ใจแข็งแรง ดอกไม้จะผลิบาน THE ENCHANTED GARDEN,[หนังสือ] สวนของหัวใจ BLOSSOMS OF THE SOUL’S GARDEN,0,0,0,0,0,0,0,0,0,0,0,1671,400,0,571,0,700,0,0,0,0,0,0,0,0,0,0,0,0,0,0,0,0,2026-03-15
[หนังสือ] ยินดีต้อนรับและขอบคุณที่กลับมา,[หนังสือ] ยินดีต้อนรับและขอบคุณที่กลับมา,199.04,0,0,97.86,101.18,0,0,0,0,0,0,0,0,0,0,0,0,0,0,0,0,0,0,0,0,0,0,0,0,0,0,0,0,2026-03-15
[หนังสือ] ยินดีต้อนรับและขอบคุณที่กลับมา,*OPD [E-BOOK] ยินดีต้อนรับและขอบคุณที่กลับมา,0,0,0,0,0,0,0,0,0,0,0,0,0,0,0,0,0,0,0,0,0,0,0,0,0,0,0,0,0,0,0,0,0,2026-03-15
[หนังสือ] ปีศาจตัวนั้น คือฉันเอง A GUIDE TO FIGHT THE DEMONS IN MY HEART,[หนังสือ] ปีศาจตัวนั้น คือฉันเอง A GUIDE TO FIGHT THE DEMONS IN MY HEART,10856.06,0,0,2966.58,7726.72,0,162.76,0,0,0,0,0,0,0,0,0,0,0,0,0,0,0,0,0,0,0,0,0,0,0,0,0,0,2026-03-15
[หนังสือ] ปีศาจตัวนั้น คือฉันเอง A GUIDE TO FIGHT THE DEMONS IN MY HEART,*OPD [E-BOOK] ปีศาจตัวนั้น คือฉันเอง A GUIDE TO FIGHTING THE DEMONS IN MY HEART,0,0,0,0,0,0,0,0,0,0,0,359,0,0,0,0,0,0,0,0,0,359,0,0,0,0,0,0,0,0,0,0,0,2026-03-15
[หนังสือ] ปีศาจตัวนั้น คือฉันเอง A GUIDE TO FIGHT THE DEMONS IN MY HEART,*[E-BOOK] ปีศาจตัวนั้น คือฉันเอง A GUIDE TO FIGHTING THE DEMONS IN MY HEART,0,0,0,0,0,0,0,0,0,0,0,0,0,0,0,0,0,0,0,0,0,0,0,0,0,0,0,0,0,0,0,0,0,2026-03-15
[หนังสือ] ปีศาจตัวนั้น คือฉันเอง A GUIDE TO FIGHT THE DEMONS IN MY HEART,[หนังสือ] ปีศาจตัวนั้น คือฉันเอง A GUIDE TO FIGHTING THE DEMONS IN MY HEART,0,0,0,0,0,0,0,0,0,0,0,31680,600,0,26861,1179,2740,0,0,0,300,0,0,0,0,0,0,0,0,0,0,0,0,2026-03-15
[หนังสือ] ปีศาจตัวนั้น คือฉันเอง 2 A GUIDE TO OVERCOMING THE RETURN OF THE DEMONS,*OPD [E-BOOK] ปีศาจตัวนั้น คือฉันเอง 2 A GUIDE TO OVERCOMING THE RETURN OF THE DEMONS,0,0,0,0,0,0,0,0,0,0,0,0,0,0,0,0,0,0,0,0,0,0,0,0,0,0,0,0,0,0,0,0,0,2026-03-15
[หนังสือ] ปีศาจความรักมักเลือกฉันเป็นเหยื่อ HOW TO FIGHT THE LOVE DEMON IN MY HEART,[หนังสือ] ปีศาจความรักมักเลือกฉันเป็นเหยื่อ HOW TO FIGHT THE LOVE DEMON IN MY HEART,226.52,0,0,48.95,177.57,0,0,0,0,0,0,1574,0,0,0,0,1574,0,0,0,0,0,14.39,0,0,0,0,0,0,0,0,0,0,2026-03-15
[หนังสือ] ปีศาจความรักมักเลือกฉันเป็นเหยื่อ HOW TO FIGHT THE LOVE DEMON IN MY HEART,*OPD [E-BOOK] ปีศาจความรักมักเลือกฉันเป็นเหยื่อ HOW TO FIGHT THE LOVE DEMON IN MY HEART,0,0,0,0,0,0,0,0,0,0,0,0,0,0,0,0,0,0,0,0,0,0,0,0,0,0,0,0,0,0,0,0,0,2026-03-15
[หนังสือ] ทุกความทรงจำคือของขวัญจากวันวาน,[หนังสือ] ทุกความทรงจำคือของขวัญจากวันวาน,0,0,0,0,0,0,0,0,0,0,0,867,0,0,299,0,568,0,0,0,0,0,0,0,0,0,0,0,0,0,0,0,0,2026-03-15
[หนังสือ] ทุกความทรงจำคือของขวัญจากวันวาน,*OPD [E-BOOK] ทุกความทรงจำคือของขวัญจากวันวาน,0,0,0,0,0,0,0,0,0,0,0,0,0,0,0,0,0,0,0,0,0,0,0,0,0,0,0,0,0,0,0,0,0,2026-03-15
[หนังสือ] ถ้าโลกมันแย่ ก็แค่คิดแบบคาปิบาร่า THINK LIKE A HAPPYBARA,[หนังสือ] ถ้าโลกมันแย่ ก็แค่คิดแบบคาปิบาร่า THINK LIKE A HAPPYBARA,593.76,0,0,93.26,500.5,0,0,0,0,0,0,2979,0,0,1510,390,1079,0,0,0,0,0,19.93,0,0,6.18,128.33,0,0,0,0,0,0,2026-03-15
[หนังสือ] ถ้าโลกมันแย่ ก็แค่คิดแบบคาปิบาร่า THINK LIKE A HAPPYBARA,*OPD [E-BOOK] ถ้าโลกมันแย่ ก็แค่คิดแบบคาปิบาร่า THINK LIKE A HAPPYBARA,0,0,0,0,0,0,0,0,0,0,0,0,0,0,0,0,0,0,0,0,0,0,0,0,0,0,0,0,0,0,0,0,0,2026-03-15
[หนังสือ] ถ้าโลกมันแย่ ก็แค่คิดแบบคาปิบาร่า THINK LIKE A HAPPYBARA,[หนังสือ] BOXSET ถ้าโลกมันแย่ ก็แค่คิดแบบคาปิบาร่า THINK LIKE A HAPPYBARA,0,0,0,0,0,0,0,0,0,0,0,2079,400,0,1180,0,499,0,0,0,0,0,0,0,0,0,0,0,0,0,0,0,0,2026-03-15
[หนังสือ] ชีวิตมีเรื่องให้ขอบคุณมากกว่าเสียใจ,[หนังสือ] ชีวิตมีเรื่องให้ขอบคุณมากกว่าเสียใจ,324.86,0,0,41.94,282.92,0,0,0,0,0,0,0,0,0,0,0,0,0,0,0,0,0,0,0,0,0,0,0,0,0,0,0,0,2026-03-15
[หนังสือ] ชีวิตมีเรื่องให้ขอบคุณมากกว่าเสียใจ,*OPD [E-BOOK] ชีวิตมีเรื่องให้ขอบคุณมากกว่าเสียใจ,0,0,0,0,0,0,0,0,0,0,0,0,0,0,0,0,0,0,0,0,0,0,0,0,0,0,0,0,0,0,0,0,0,2026-03-15
[หนังสือ] ปีศาจตัวนั้น คือฉันเอง 2 A GUIDE TO OVERCOMING THE RETURN OF THE DEMONS,[หนังสือ] ปีศาจตัวนั้น คือฉันเอง 2 A GUIDE TO OVERCOMING THE RETURN OF THE DEMONS,1683.79,0,0,175.83,1418.08,0,89.88,0,0,0,0,8159,600,0,4455,948,2156,0,0,0,0,0,20.64,0,0,3.95,149.59,0,4.17,0,0,0,0,2026-03-15
[หนังสือ] โอบกอดความไม่สมบูรณ์แบบของเธอ (EMBRACE YOUR FLAWS),[หนังสือ] โอบกอดความไม่สมบูรณ์แบบของเธอ (EMBRACE YOUR FLAWS),2090.73,511.23,0,63.84,1515.66,0,0,0,0,0,0,5807,0,0,4722,262,823,0,0,0,0,0,36,0,0,1.35,578.5,0,0,0,0,0,0,2026-03-15
[หนังสือ] ความลับสู่เงินล้านที่โรงเรียนไม่เคยสอน (THE MILLIONAIRE'S TOP SECRET),[หนังสือ] ความลับสู่เงินล้านที่โรงเรียนไม่เคยสอน (THE MILLIONAIRE'S TOP SECRET),281.46,0,0,15.14,266.32,0,0,0,0,0,0,1186,199,0,329,0,658,0,0,0,0,0,23.73,0,0,4.6,0,0,0,0,0,0,0,2026-03-15
[หนังสือ] ความลับสู่เงินล้านที่โรงเรียนไม่เคยสอน (THE MILLIONAIRE'S TOP SECRET),*OPD [E-BOOK] ความลับสู่เงินล้านที่โรงเรียนไม่เคยสอน (THE MILLIONAIRE'S TOP SECRET),0,0,0,0,0,0,0,0,0,0,0,0,0,0,0,0,0,0,0,0,0,0,0,0,0,0,0,0,0,0,0,0,0,2026-03-15
[หนังสือ] ขอใช้ชีวิตที่เหลือ เพื่อตัวเองนะ,[หนังสือ] ขอใช้ชีวิตที่เหลือ เพื่อตัวเองนะ,624.35,357.93,0,62.45,203.97,0,0,0,0,0,0,1511,528,0,325,0,658,0,0,0,0,0,41.32,67.79,0,19.22,0,0,0,0,0,0,0,2026-03-15
[หนังสือ] ขอใช้ชีวิตที่เหลือ เพื่อตัวเองนะ,*OPD [E-BOOK] ขอใช้ชีวิตที่เหลือ เพื่อตัวเองนะ,0,0,0,0,0,0,0,0,0,0,0,0,0,0,0,0,0,0,0,0,0,0,0,0,0,0,0,0,0,0,0,0,0,2026-03-15
[หนังสือ] กับดักความรู้สึกผิด,[หนังสือ] กับดักความรู้สึกผิด,25814.98,23138,0,1378.7,560.85,537.43,200,0,0,0,0,86110,29957,0,4396,289,44494,389,4790,0,1795,0,29.98,77.24,0,31.36,194.07,11.22,0.45,0,0,0,0,2026-03-15
[หนังสือ] กับดักความรู้สึกผิด,*OPD [E-BOOK] กับดักความรู้สึกผิด,0,0,0,0,0,0,0,0,0,0,0,180,180,0,0,0,0,0,0,0,0,0,0,0,0,0,0,0,0,0,0,0,0,2026-03-15
[หนังสือ] กว่าจะคิดได้ ก็ไม่มีลมหายใจแล้ว (IT IS NEVER TOO LATE TO LOVE YOURSELF),[หนังสือ] กว่าจะคิดได้ ก็ไม่มีลมหายใจแล้ว (IT IS NEVER TOO LATE TO LOVE YOURSELF),0,0,0,0,0,0,0,0,0,0,0,1616,400,0,598,0,618,0,0,0,0,0,0,0,0,0,0,0,0,0,0,0,0,2026-03-15
[หนังสือ] กว่าจะคิดได้ ก็ไม่มีลมหายใจแล้ว (IT IS NEVER TOO LATE TO LOVE YOURSELF),*OPD [E-BOOK] กว่าจะคิดได้ ก็ไม่มีลมหายใจแล้ว (IT IS NEVER TOO LATE TO LOVE YOURSELF),0,0,0,0,0,0,0,0,0,0,0,0,0,0,0,0,0,0,0,0,0,0,0,0,0,0,0,0,0,0,0,0,0,2026-03-15
[หนังสือ] THE WITCHES' CLUB ชมรมลับเปลี่ยนชีวิต,[หนังสือ] THE WITCHES' CLUB ชมรมลับเปลี่ยนชีวิต,2917.14,825.43,0,1279.22,712.49,0,100,0,0,0,0,1261,0,0,572,0,689,0,0,0,0,0,231.34,0,0,223.64,0,0,14.51,0,0,0,0,2026-03-15
[หนังสือ] THE WITCHES' CLUB ชมรมลับเปลี่ยนชีวิต,*OPD [E-BOOK] THE WITCHES' CLUB ชมรมลับเปลี่ยนชีวิต,0,0,0,0,0,0,0,0,0,0,0,179,179,0,0,0,0,0,0,0,0,0,0,0,0,0,0,0,0,0,0,0,0,2026-03-15
[หนังสือ] โอบกอดความไม่สมบูรณ์แบบของเธอ (EMBRACE YOUR FLAWS),*OPD [E-BOOK] โอบกอดความไม่สมบูรณ์แบบของเธอ (EMBRACE YOUR FLAWS),0,0,0,0,0,0,0,0,0,0,0,0,0,0,0,0,0,0,0,0,0,0,0,0,0,0,0,0,0,0,0,0,0,2026-03-15
[หนังสือ] THE WITCHES' CLUB ชมรมลับเปลี่ยนชีวิต,*[E-BOOK] THE WITCHES' CLUB ชมรมลับเปลี่ยนชีวิต,0,0,0,0,0,0,0,0,0,0,0,0,0,0,0,0,0,0,0,0,0,0,0,0,0,0,0,0,0,0,0,0,0,2026-03-15
[หนังสือ] THE WITCHES' CLUB ชมรมลับเปลี่ยนชีวิต,[หนังสือ] BOXSET THE WITCHES' CLUB ชมรมลับเปลี่ยนชีวิต,0,0,0,0,0,0,0,0,0,0,0,7499,899,0,4860,0,1150,0,590,0,0,0,0,0,0,0,0,0,0,0,0,0,0,2026-03-15
[หนังสือ] MY LAST BOOK (A GENTLE GUIDE AND PREPARATION FOR LIFE’S FINAL CHAPTER),[หนังสือ] MY LAST BOOK (A GENTLE GUIDE AND PREPARATION FOR LIFE’S FINAL CHAPTER),0,0,0,0,0,0,0,0,0,0,0,699,699,0,0,0,0,0,0,0,0,0,0,0,0,0,0,0,0,0,0,0,0,2026-03-15
[หนังสือ] GHOSTLY REMAINS ปลดพันธนาการดวงวิญญาณหลังความตาย,[หนังสือ] GHOSTLY REMAINS ปลดพันธนาการดวงวิญญาณหลังความตาย,819.91,298.72,0,50.28,470.91,0,0,0,0,0,0,2921,300,0,390,0,1909,0,322,0,0,0,28.07,99.57,0,12.89,0,0,0,0,0,0,0,2026-03-15
[หนังสือ] GHOSTLY BREWS ยินดีบริการดวงวิญญาณหลังเที่ยงคืน,[หนังสือ] GHOSTLY BREWS ยินดีบริการดวงวิญญาณหลังเที่ยงคืน,1702.27,1028.37,0,261.9,312,0,100,0,0,0,0,7628,1319,0,2477,299,2875,0,0,0,658,0,22.32,77.97,0,10.57,104.35,0,3.48,0,0,0,0,2026-03-15
[หนังสือ] GHOSTLY BREWS ยินดีบริการดวงวิญญาณหลังเที่ยงคืน,*OPD [E-BOOK] GHOSTLY BREWS ยินดีบริการดวงวิญญาณหลังเที่ยงคืน,0,0,0,0,0,0,0,0,0,0,0,179,179,0,0,0,0,0,0,0,0,0,0,0,0,0,0,0,0,0,0,0,0,2026-03-15
[หนังสือ] GHOSTLY BREWS ยินดีบริการดวงวิญญาณหลังเที่ยงคืน,*[E-BOOK] GHOSTLY BREWS ยินดีบริการดวงวิญญาณหลังเที่ยงคืน,0,0,0,0,0,0,0,0,0,0,0,0,0,0,0,0,0,0,0,0,0,0,0,0,0,0,0,0,0,0,0,0,0,2026-03-15
[หนังสือ] เหนื่อยมากไหม พักก่อนก็ได้นะวันนี้,[หนังสือ] เหนื่อยมากไหม พักก่อนก็ได้นะวันนี้,0,0,0,0,0,0,0,0,0,0,0,1019,0,0,700,0,319,0,0,0,0,0,0,0,0,0,0,0,0,0,0,0,0,2026-03-15
[หนังสือ] เหนื่อยมากไหม พักก่อนก็ได้นะวันนี้,*OPD [E-BOOK] เหนื่อยมากไหม พักก่อนก็ได้นะวันนี้,0,0,0,0,0,0,0,0,0,0,0,0,0,0,0,0,0,0,0,0,0,0,0,0,0,0,0,0,0,0,0,0,0,2026-03-15
[หนังสือ] เหนื่อยมากไหม พักก่อนก็ได้นะวันนี้,[หนังสือ] BOXSET เหนื่อยมากไหม พักก่อนก็ได้นะวันนี้,0,0,0,0,0,0,0,0,0,0,0,0,0,0,0,0,0,0,0,0,0,0,0,0,0,0,0,0,0,0,0,0,0,2026-03-15
[หนังสือ] ชีวิตมีเรื่องให้ขอบคุณมากกว่าเสียใจ,[หนังสือ] ชีวิตมีเรื่องให้ขอบคุณมากกว่าเสียใจ,284.85,0,0,82.02,202.83,0,0,0,0,0,0,0,0,0,0,0,0,0,0,0,0,0,0,0,0,0,0,0,0,0,0,0,0,2026-03-16
[หนังสือ] เมื่อโลกทั้งใบซ่อนอยู่ใต้หมวกกันน็อก (HELMET GIRL),[หนังสือ] เมื่อโลกทั้งใบซ่อนอยู่ใต้หมวกกันน็อก (HELMET GIRL),0,0,0,0,0,0,0,0,0,0,0,0,0,0,0,0,0,0,0,0,0,0,0,0,0,0,0,0,0,0,0,0,0,2026-03-16
[หนังสือ] เมื่อโลกทั้งใบซ่อนอยู่ใต้หมวกกันน็อก (HELMET GIRL),*OPD [E-BOOK] เมื่อโลกทั้งใบซ่อนอยู่ใต้หมวกกันน็อก (HELMET GIRL),0,0,0,0,0,0,0,0,0,0,0,0,0,0,0,0,0,0,0,0,0,0,0,0,0,0,0,0,0,0,0,0,0,2026-03-16
[หนังสือ] เมื่อโลกทั้งใบซ่อนอยู่ใต้หมวกกันน็อก (HELMET GIRL),[หนังสือ] BOXSET เมื่อโลกทั้งใบซ่อนอยู่ใต้หมวกกันน็อก (HELMET GIRL),0,0,0,0,0,0,0,0,0,0,0,0,0,0,0,0,0,0,0,0,0,0,0,0,0,0,0,0,0,0,0,0,0,2026-03-16
[หนังสือ] วันไหนที่ใจแข็งแรง ดอกไม้จะผลิบาน THE ENCHANTED GARDEN,[หนังสือ] วันไหนที่ใจแข็งแรง ดอกไม้จะผลิบาน THE ENCHANTED GARDEN,1189.74,0,0,109.7,1080.04,0,0,0,0,0,0,2876,0,0,780,1560,216,0,320,0,0,0,41.37,0,0,14.06,69.23,0,0,0,0,0,0,2026-03-16
[หนังสือ] วันไหนที่ใจแข็งแรง ดอกไม้จะผลิบาน THE ENCHANTED GARDEN,*OPD [E-BOOK] วันไหนที่ใจแข็งแรง ดอกไม้จะผลิบาน THE ENCHANTED GARDEN,0,0,0,0,0,0,0,0,0,0,0,0,0,0,0,0,0,0,0,0,0,0,0,0,0,0,0,0,0,0,0,0,0,2026-03-16
[หนังสือ] วันไหนที่ใจแข็งแรง ดอกไม้จะผลิบาน THE ENCHANTED GARDEN,[หนังสือ] สวนของหัวใจ BLOSSOMS OF THE SOUL’S GARDEN,0,0,0,0,0,0,0,0,0,0,0,1321,0,0,0,621,700,0,0,0,0,0,0,0,0,0,0,0,0,0,0,0,0,2026-03-16
[หนังสือ] ยินดีต้อนรับและขอบคุณที่กลับมา,[หนังสือ] ยินดีต้อนรับและขอบคุณที่กลับมา,212.79,0,0,125.39,87.4,0,0,0,0,0,0,1245.56,199,0,299,0,478,269.56,0,0,0,0,17.08,0,0,41.94,0,0,0,0,0,0,0,2026-03-16
[หนังสือ] ยินดีต้อนรับและขอบคุณที่กลับมา,*OPD [E-BOOK] ยินดีต้อนรับและขอบคุณที่กลับมา,0,0,0,0,0,0,0,0,0,0,0,299,0,0,0,0,299,0,0,0,0,0,0,0,0,0,0,0,0,0,0,0,0,2026-03-16
[หนังสือ] ปีศาจตัวนั้น คือฉันเอง A GUIDE TO FIGHT THE DEMONS IN MY HEART,[หนังสือ] ปีศาจตัวนั้น คือฉันเอง A GUIDE TO FIGHT THE DEMONS IN MY HEART,11739.98,0,0,1472.75,10067.23,0,200,0,0,0,0,0,0,0,0,0,0,0,0,0,0,0,0,0,0,0,0,0,0,0,0,0,0,2026-03-16
[หนังสือ] ชีวิตมีเรื่องให้ขอบคุณมากกว่าเสียใจ,*OPD [E-BOOK] ชีวิตมีเรื่องให้ขอบคุณมากกว่าเสียใจ,0,0,0,0,0,0,0,0,0,0,0,0,0,0,0,0,0,0,0,0,0,0,0,0,0,0,0,0,0,0,0,0,0,2026-03-16
[หนังสือ] ปีศาจตัวนั้น คือฉันเอง A GUIDE TO FIGHT THE DEMONS IN MY HEART,*OPD [E-BOOK] ปีศาจตัวนั้น คือฉันเอง A GUIDE TO FIGHTING THE DEMONS IN MY HEART,0,0,0,0,0,0,0,0,0,0,0,0,0,0,0,0,0,0,0,0,0,0,0,0,0,0,0,0,0,0,0,0,0,2026-03-16
[หนังสือ] ปีศาจตัวนั้น คือฉันเอง A GUIDE TO FIGHT THE DEMONS IN MY HEART,[หนังสือ] ปีศาจตัวนั้น คือฉันเอง A GUIDE TO FIGHTING THE DEMONS IN MY HEART,0,0,0,0,0,0,0,0,0,0,0,34095,900,0,4361,23936,4479,419,0,0,0,0,0,0,0,0,0,0,0,0,0,0,0,2026-03-16
[หนังสือ] ปีศาจตัวนั้น คือฉันเอง 2 A GUIDE TO OVERCOMING THE RETURN OF THE DEMONS,[หนังสือ] ปีศาจตัวนั้น คือฉันเอง 2 A GUIDE TO OVERCOMING THE RETURN OF THE DEMONS,1001.7,0,0,93.78,807.92,0,100,0,0,0,0,5543,600,0,1247,1532,1514,350,0,0,300,0,18.07,0,0,7.52,52.74,0,6.61,0,0,0,0,2026-03-16
[หนังสือ] ปีศาจตัวนั้น คือฉันเอง 2 A GUIDE TO OVERCOMING THE RETURN OF THE DEMONS,*OPD [E-BOOK] ปีศาจตัวนั้น คือฉันเอง 2 A GUIDE TO OVERCOMING THE RETURN OF THE DEMONS,0,0,0,0,0,0,0,0,0,0,0,0,0,0,0,0,0,0,0,0,0,0,0,0,0,0,0,0,0,0,0,0,0,2026-03-16
[หนังสือ] ปีศาจความรักมักเลือกฉันเป็นเหยื่อ HOW TO FIGHT THE LOVE DEMON IN MY HEART,[หนังสือ] ปีศาจความรักมักเลือกฉันเป็นเหยื่อ HOW TO FIGHT THE LOVE DEMON IN MY HEART,228.72,0,0,29.14,199.58,0,0,0,0,0,0,1168,200,0,0,379,589,0,0,0,0,0,19.58,0,0,0,52.66,0,0,0,0,0,0,2026-03-16
[หนังสือ] ปีศาจความรักมักเลือกฉันเป็นเหยื่อ HOW TO FIGHT THE LOVE DEMON IN MY HEART,*OPD [E-BOOK] ปีศาจความรักมักเลือกฉันเป็นเหยื่อ HOW TO FIGHT THE LOVE DEMON IN MY HEART,0,0,0,0,0,0,0,0,0,0,0,0,0,0,0,0,0,0,0,0,0,0,0,0,0,0,0,0,0,0,0,0,0,2026-03-16
[หนังสือ] ทุกความทรงจำคือของขวัญจากวันวาน,[หนังสือ] ทุกความทรงจำคือของขวัญจากวันวาน,0,0,0,0,0,0,0,0,0,0,0,199,199,0,0,0,0,0,0,0,0,0,0,0,0,0,0,0,0,0,0,0,0,2026-03-16
[หนังสือ] ทุกความทรงจำคือของขวัญจากวันวาน,*OPD [E-BOOK] ทุกความทรงจำคือของขวัญจากวันวาน,0,0,0,0,0,0,0,0,0,0,0,299,0,0,0,0,299,0,0,0,0,0,0,0,0,0,0,0,0,0,0,0,0,2026-03-16
[หนังสือ] ถ้าโลกมันแย่ ก็แค่คิดแบบคาปิบาร่า THINK LIKE A HAPPYBARA,[หนังสือ] ถ้าโลกมันแย่ ก็แค่คิดแบบคาปิบาร่า THINK LIKE A HAPPYBARA,450.86,0,0,56.16,354.8,0,39.9,0,0,0,0,1860,0,0,0,1170,690,0,0,0,0,0,24.24,0,0,0,30.32,0,5.78,0,0,0,0,2026-03-16
[หนังสือ] ถ้าโลกมันแย่ ก็แค่คิดแบบคาปิบาร่า THINK LIKE A HAPPYBARA,*OPD [E-BOOK] ถ้าโลกมันแย่ ก็แค่คิดแบบคาปิบาร่า THINK LIKE A HAPPYBARA,0,0,0,0,0,0,0,0,0,0,0,0,0,0,0,0,0,0,0,0,0,0,0,0,0,0,0,0,0,0,0,0,0,2026-03-16
[หนังสือ] ปีศาจตัวนั้น คือฉันเอง A GUIDE TO FIGHT THE DEMONS IN MY HEART,*[E-BOOK] ปีศาจตัวนั้น คือฉันเอง A GUIDE TO FIGHTING THE DEMONS IN MY HEART,0,0,0,0,0,0,0,0,0,0,0,0,0,0,0,0,0,0,0,0,0,0,0,0,0,0,0,0,0,0,0,0,0,2026-03-16
[หนังสือ] ถ้าโลกมันแย่ ก็แค่คิดแบบคาปิบาร่า THINK LIKE A HAPPYBARA,[หนังสือ] BOXSET ถ้าโลกมันแย่ ก็แค่คิดแบบคาปิบาร่า THINK LIKE A HAPPYBARA,0,0,0,0,0,0,0,0,0,0,0,2289,1200,0,0,0,1089,0,0,0,0,0,0,0,0,0,0,0,0,0,0,0,0,2026-03-16
[หนังสือ] โอบกอดความไม่สมบูรณ์แบบของเธอ (EMBRACE YOUR FLAWS),[หนังสือ] โอบกอดความไม่สมบูรณ์แบบของเธอ (EMBRACE YOUR FLAWS),845.42,543.88,0,20.92,280.62,0,0,0,0,0,0,2725,0,0,0,1953,493,0,0,0,279,0,31.02,0,0,0,14.37,0,0,0,0,0,0,2026-03-16
[หนังสือ] โอบกอดความไม่สมบูรณ์แบบของเธอ (EMBRACE YOUR FLAWS),*OPD [E-BOOK] โอบกอดความไม่สมบูรณ์แบบของเธอ (EMBRACE YOUR FLAWS),0,0,0,0,0,0,0,0,0,0,0,0,0,0,0,0,0,0,0,0,0,0,0,0,0,0,0,0,0,0,0,0,0,2026-03-16
[หนังสือ] ฉันจะมีชีวิตที่ดี,*OPD [E-BOOK] ฉันจะมีชีวิตที่ดี,0,0,0,0,0,0,0,0,0,0,0,0,0,0,0,0,0,0,0,0,0,0,0,0,0,0,0,0,0,0,0,0,0,2026-03-16
[หนังสือ] ความลับสู่เงินล้านที่โรงเรียนไม่เคยสอน (THE MILLIONAIRE'S TOP SECRET),[หนังสือ] ความลับสู่เงินล้านที่โรงเรียนไม่เคยสอน (THE MILLIONAIRE'S TOP SECRET),463.42,0,0,16.78,446.64,0,0,0,0,0,0,2502,199,0,658,1645,0,0,0,0,0,0,18.52,0,0,2.55,27.15,0,0,0,0,0,0,2026-03-16
[หนังสือ] ความลับสู่เงินล้านที่โรงเรียนไม่เคยสอน (THE MILLIONAIRE'S TOP SECRET),*OPD [E-BOOK] ความลับสู่เงินล้านที่โรงเรียนไม่เคยสอน (THE MILLIONAIRE'S TOP SECRET),0,0,0,0,0,0,0,0,0,0,0,0,0,0,0,0,0,0,0,0,0,0,0,0,0,0,0,0,0,0,0,0,0,2026-03-16
[หนังสือ] ขอใช้ชีวิตที่เหลือ เพื่อตัวเองนะ,[หนังสือ] ขอใช้ชีวิตที่เหลือ เพื่อตัวเองนะ,453.19,266.11,0,35.38,151.7,0,0,0,0,0,0,1252,598,0,0,325,329,0,0,0,0,0,36.2,44.5,0,0,46.68,0,0,0,0,0,0,2026-03-16
[หนังสือ] ขอใช้ชีวิตที่เหลือ เพื่อตัวเองนะ,*OPD [E-BOOK] ขอใช้ชีวิตที่เหลือ เพื่อตัวเองนะ,0,0,0,0,0,0,0,0,0,0,0,0,0,0,0,0,0,0,0,0,0,0,0,0,0,0,0,0,0,0,0,0,0,2026-03-16
[หนังสือ] กับดักความรู้สึกผิด,[หนังสือ] กับดักความรู้สึกผิด,32918.92,31135.36,0,727.97,450.26,363.47,241.86,0,0,0,0,70593,35086,0,1356,1356,25344,359,4184,0,2908,0,46.63,88.74,0,53.69,33.21,8.69,0.95,0,0,0,0,2026-03-16
[หนังสือ] กับดักความรู้สึกผิด,*OPD [E-BOOK] กับดักความรู้สึกผิด,0,0,0,0,0,0,0,0,0,0,0,719,360,0,0,0,0,0,0,0,359,0,0,0,0,0,0,0,0,0,0,0,0,2026-03-16
[หนังสือ] กว่าจะคิดได้ ก็ไม่มีลมหายใจแล้ว (IT IS NEVER TOO LATE TO LOVE YOURSELF),[หนังสือ] กว่าจะคิดได้ ก็ไม่มีลมหายใจแล้ว (IT IS NEVER TOO LATE TO LOVE YOURSELF),0,0,0,0,0,0,0,0,0,0,0,1407,200,0,0,350,857,0,0,0,0,0,0,0,0,0,0,0,0,0,0,0,0,2026-03-16
[หนังสือ] กว่าจะคิดได้ ก็ไม่มีลมหายใจแล้ว (IT IS NEVER TOO LATE TO LOVE YOURSELF),*OPD [E-BOOK] กว่าจะคิดได้ ก็ไม่มีลมหายใจแล้ว (IT IS NEVER TOO LATE TO LOVE YOURSELF),0,0,0,0,0,0,0,0,0,0,0,359,0,0,0,0,359,0,0,0,0,0,0,0,0,0,0,0,0,0,0,0,0,2026-03-16
[หนังสือ] ฉันจะมีชีวิตที่ดี,[หนังสือ] ฉันจะมีชีวิตที่ดี,453.15,155.53,0,32.38,265.24,0,0,0,0,0,0,1873,693,0,295,0,885,0,0,0,0,0,24.19,22.44,0,10.98,0,0,0,0,0,0,0,2026-03-16
[หนังสือ] THE WITCHES' CLUB ชมรมลับเปลี่ยนชีวิต,[หนังสือ] THE WITCHES' CLUB ชมรมลับเปลี่ยนชีวิต,2463.16,724.16,0,1051.78,557.13,0,130.09,0,0,0,0,349,0,0,0,349,0,0,0,0,0,0,705.78,0,0,0,159.64,0,0,0,0,0,0,2026-03-16
[หนังสือ] THE WITCHES' CLUB ชมรมลับเปลี่ยนชีวิต,*[E-BOOK] THE WITCHES' CLUB ชมรมลับเปลี่ยนชีวิต,0,0,0,0,0,0,0,0,0,0,0,0,0,0,0,0,0,0,0,0,0,0,0,0,0,0,0,0,0,0,0,0,0,2026-03-16
[หนังสือ] THE WITCHES' CLUB ชมรมลับเปลี่ยนชีวิต,[หนังสือ] BOXSET THE WITCHES' CLUB ชมรมลับเปลี่ยนชีวิต,0,0,0,0,0,0,0,0,0,0,0,5401,1398,0,2445,0,560,0,0,0,998,0,0,0,0,0,0,0,0,0,0,0,0,2026-03-16
[หนังสือ] GHOSTLY REMAINS ปลดพันธนาการดวงวิญญาณหลังความตาย,[หนังสือ] GHOSTLY REMAINS ปลดพันธนาการดวงวิญญาณหลังความตาย,559.2,276.82,0,39.53,242.85,0,0,0,0,0,0,3498,1770,0,0,299,1129,0,0,0,300,0,15.99,15.64,0,0,81.22,0,0,0,0,0,0,2026-03-16
[หนังสือ] GHOSTLY BREWS ยินดีบริการดวงวิญญาณหลังเที่ยงคืน,[หนังสือ] GHOSTLY BREWS ยินดีบริการดวงวิญญาณหลังเที่ยงคืน,3649.47,3014.13,0,333.76,201.29,0,100,0.29,0,0,0,6033,2994,0,329,598,1783,0,0,0,329,0,60.49,100.67,0,101.45,33.66,0,5.61,0,0,0,0,2026-03-16
[หนังสือ] GHOSTLY BREWS ยินดีบริการดวงวิญญาณหลังเที่ยงคืน,*OPD [E-BOOK] GHOSTLY BREWS ยินดีบริการดวงวิญญาณหลังเที่ยงคืน,0,0,0,0,0,0,0,0,0,0,0,179,179,0,0,0,0,0,0,0,0,0,0,0,0,0,0,0,0,0,0,0,0,2026-03-16
[หนังสือ] GHOSTLY BREWS ยินดีบริการดวงวิญญาณหลังเที่ยงคืน,*[E-BOOK] GHOSTLY BREWS ยินดีบริการดวงวิญญาณหลังเที่ยงคืน,0,0,0,0,0,0,0,0,0,0,0,0,0,0,0,0,0,0,0,0,0,0,0,0,0,0,0,0,0,0,0,0,0,2026-03-16
[หนังสือ] เหนื่อยมากไหม พักก่อนก็ได้นะวันนี้,[หนังสือ] เหนื่อยมากไหม พักก่อนก็ได้นะวันนี้,0,0,0,0,0,0,0,0,0,0,0,700,0,0,0,700,0,0,0,0,0,0,0,0,0,0,0,0,0,0,0,0,0,2026-03-16
[หนังสือ] เหนื่อยมากไหม พักก่อนก็ได้นะวันนี้,*OPD [E-BOOK] เหนื่อยมากไหม พักก่อนก็ได้นะวันนี้,0,0,0,0,0,0,0,0,0,0,0,538,179,0,0,0,359,0,0,0,0,0,0,0,0,0,0,0,0,0,0,0,0,2026-03-16
[หนังสือ] เหนื่อยมากไหม พักก่อนก็ได้นะวันนี้,[หนังสือ] BOXSET เหนื่อยมากไหม พักก่อนก็ได้นะวันนี้,0,0,0,0,0,0,0,0,0,0,0,1890,0,0,900,590,0,0,0,0,400,0,0,0,0,0,0,0,0,0,0,0,0,2026-03-16
[หนังสือ] THE WITCHES' CLUB ชมรมลับเปลี่ยนชีวิต,*OPD [E-BOOK] THE WITCHES' CLUB ชมรมลับเปลี่ยนชีวิต,0,0,0,0,0,0,0,0,0,0,0,0,0,0,0,0,0,0,0,0,0,0,0,0,0,0,0,0,0,0,0,0,0,2026-03-16
[หนังสือ] ชีวิตมีเรื่องให้ขอบคุณมากกว่าเสียใจ,[หนังสือ] ชีวิตมีเรื่องให้ขอบคุณมากกว่าเสียใจ,296.44,0,0,52.01,244.43,0,0,0,0,0,0,493,0,0,0,493,0,0,0,0,0,0,60.13,0,0,0,49.58,0,0,0,0,0,0,2026-03-17
[หนังสือ] ชีวิตมีเรื่องให้ขอบคุณมากกว่าเสียใจ,*OPD [E-BOOK] ชีวิตมีเรื่องให้ขอบคุณมากกว่าเสียใจ,0,0,0,0,0,0,0,0,0,0,0,0,0,0,0,0,0,0,0,0,0,0,0,0,0,0,0,0,0,0,0,0,0,2026-03-17
[หนังสือ] เมื่อโลกทั้งใบซ่อนอยู่ใต้หมวกกันน็อก (HELMET GIRL),[หนังสือ] เมื่อโลกทั้งใบซ่อนอยู่ใต้หมวกกันน็อก (HELMET GIRL),0,0,0,0,0,0,0,0,0,0,0,0,0,0,0,0,0,0,0,0,0,0,0,0,0,0,0,0,0,0,0,0,0,2026-03-17
[หนังสือ] เมื่อโลกทั้งใบซ่อนอยู่ใต้หมวกกันน็อก (HELMET GIRL),*OPD [E-BOOK] เมื่อโลกทั้งใบซ่อนอยู่ใต้หมวกกันน็อก (HELMET GIRL),0,0,0,0,0,0,0,0,0,0,0,0,0,0,0,0,0,0,0,0,0,0,0,0,0,0,0,0,0,0,0,0,0,2026-03-17
[หนังสือ] เมื่อโลกทั้งใบซ่อนอยู่ใต้หมวกกันน็อก (HELMET GIRL),[หนังสือ] BOXSET เมื่อโลกทั้งใบซ่อนอยู่ใต้หมวกกันน็อก (HELMET GIRL),0,0,0,0,0,0,0,0,0,0,0,545,0,0,0,0,545,0,0,0,0,0,0,0,0,0,0,0,0,0,0,0,0,2026-03-17
[หนังสือ] วันไหนที่ใจแข็งแรง ดอกไม้จะผลิบาน THE ENCHANTED GARDEN,[หนังสือ] วันไหนที่ใจแข็งแรง ดอกไม้จะผลิบาน THE ENCHANTED GARDEN,545.43,0,0,86.31,459.12,0,0,0,0,0,0,780,0,0,0,390,390,0,0,0,0,0,69.93,0,0,0,117.72,0,0,0,0,0,0,2026-03-17
[หนังสือ] วันไหนที่ใจแข็งแรง ดอกไม้จะผลิบาน THE ENCHANTED GARDEN,*OPD [E-BOOK] วันไหนที่ใจแข็งแรง ดอกไม้จะผลิบาน THE ENCHANTED GARDEN,0,0,0,0,0,0,0,0,0,0,0,0,0,0,0,0,0,0,0,0,0,0,0,0,0,0,0,0,0,0,0,0,0,2026-03-17
[หนังสือ] วันไหนที่ใจแข็งแรง ดอกไม้จะผลิบาน THE ENCHANTED GARDEN,[หนังสือ] สวนของหัวใจ BLOSSOMS OF THE SOUL’S GARDEN,0,0,0,0,0,0,0,0,0,0,0,1114,0,0,0,0,1114,0,0,0,0,0,0,0,0,0,0,0,0,0,0,0,0,2026-03-17
[หนังสือ] ยินดีต้อนรับและขอบคุณที่กลับมา,[หนังสือ] ยินดีต้อนรับและขอบคุณที่กลับมา,203.01,0,0,75.36,127.65,0,0,0,0,0,0,200,200,0,0,0,0,0,0,0,0,0,101.5,0,0,0,0,0,0,0,0,0,0,2026-03-17
[หนังสือ] ยินดีต้อนรับและขอบคุณที่กลับมา,*OPD [E-BOOK] ยินดีต้อนรับและขอบคุณที่กลับมา,0,0,0,0,0,0,0,0,0,0,0,0,0,0,0,0,0,0,0,0,0,0,0,0,0,0,0,0,0,0,0,0,0,2026-03-17
[หนังสือ] ปีศาจตัวนั้น คือฉันเอง A GUIDE TO FIGHT THE DEMONS IN MY HEART,[หนังสือ] ปีศาจตัวนั้น คือฉันเอง A GUIDE TO FIGHT THE DEMONS IN MY HEART,9167.43,0,0,1072.54,7968.83,0,126.06,0,0,0,0,0,0,0,0,0,0,0,0,0,0,0,0,0,0,0,0,0,0,0,0,0,0,2026-03-17
[หนังสือ] ปีศาจตัวนั้น คือฉันเอง A GUIDE TO FIGHT THE DEMONS IN MY HEART,*OPD [E-BOOK] ปีศาจตัวนั้น คือฉันเอง A GUIDE TO FIGHTING THE DEMONS IN MY HEART,0,0,0,0,0,0,0,0,0,0,0,538,179,0,0,0,359,0,0,0,0,0,0,0,0,0,0,0,0,0,0,0,0,2026-03-17
[หนังสือ] ปีศาจตัวนั้น คือฉันเอง A GUIDE TO FIGHT THE DEMONS IN MY HEART,*[E-BOOK] ปีศาจตัวนั้น คือฉันเอง A GUIDE TO FIGHTING THE DEMONS IN MY HEART,0,0,0,0,0,0,0,0,0,0,0,0,0,0,0,0,0,0,0,0,0,0,0,0,0,0,0,0,0,0,0,0,0,2026-03-17
[หนังสือ] ปีศาจตัวนั้น คือฉันเอง A GUIDE TO FIGHT THE DEMONS IN MY HEART,[หนังสือ] ปีศาจตัวนั้น คือฉันเอง A GUIDE TO FIGHTING THE DEMONS IN MY HEART,0,0,0,0,0,0,0,0,0,0,0,30528,0,0,4692,21272,4235,0,329,0,0,0,0,0,0,0,0,0,0,0,0,0,0,2026-03-17
[หนังสือ] ปีศาจตัวนั้น คือฉันเอง 2 A GUIDE TO OVERCOMING THE RETURN OF THE DEMONS,[หนังสือ] ปีศาจตัวนั้น คือฉันเอง 2 A GUIDE TO OVERCOMING THE RETURN OF THE DEMONS,1767.99,0,0,480.8,1186.87,0,100,0.32,0,0,0,6502,300,0,1794,3312,767,0,329,0,0,0,27.19,0,0,26.8,35.84,0,13.04,0,0,0,0,2026-03-17
[หนังสือ] ปีศาจตัวนั้น คือฉันเอง 2 A GUIDE TO OVERCOMING THE RETURN OF THE DEMONS,*OPD [E-BOOK] ปีศาจตัวนั้น คือฉันเอง 2 A GUIDE TO OVERCOMING THE RETURN OF THE DEMONS,0,0,0,0,0,0,0,0,0,0,0,0,0,0,0,0,0,0,0,0,0,0,0,0,0,0,0,0,0,0,0,0,0,2026-03-17
[หนังสือ] ปีศาจความรักมักเลือกฉันเป็นเหยื่อ HOW TO FIGHT THE LOVE DEMON IN MY HEART,[หนังสือ] ปีศาจความรักมักเลือกฉันเป็นเหยื่อ HOW TO FIGHT THE LOVE DEMON IN MY HEART,192.09,0,0,26.12,165.97,0,0,0,0,0,0,1196,0,0,0,300,896,0,0,0,0,0,16.06,0,0,0,55.32,0,0,0,0,0,0,2026-03-17
[หนังสือ] ปีศาจความรักมักเลือกฉันเป็นเหยื่อ HOW TO FIGHT THE LOVE DEMON IN MY HEART,*OPD [E-BOOK] ปีศาจความรักมักเลือกฉันเป็นเหยื่อ HOW TO FIGHT THE LOVE DEMON IN MY HEART,0,0,0,0,0,0,0,0,0,0,0,0,0,0,0,0,0,0,0,0,0,0,0,0,0,0,0,0,0,0,0,0,0,2026-03-17
[หนังสือ] ทุกความทรงจำคือของขวัญจากวันวาน,[หนังสือ] ทุกความทรงจำคือของขวัญจากวันวาน,0,0,0,0,0,0,0,0,0,0,0,329,0,0,0,0,329,0,0,0,0,0,0,0,0,0,0,0,0,0,0,0,0,2026-03-17
[หนังสือ] ทุกความทรงจำคือของขวัญจากวันวาน,*OPD [E-BOOK] ทุกความทรงจำคือของขวัญจากวันวาน,0,0,0,0,0,0,0,0,0,0,0,0,0,0,0,0,0,0,0,0,0,0,0,0,0,0,0,0,0,0,0,0,0,2026-03-17
[หนังสือ] ถ้าโลกมันแย่ ก็แค่คิดแบบคาปิบาร่า THINK LIKE A HAPPYBARA,[หนังสือ] ถ้าโลกมันแย่ ก็แค่คิดแบบคาปิบาร่า THINK LIKE A HAPPYBARA,350.66,0,0,40.04,310.62,0,0,0,0,0,0,690,0,0,300,390,0,0,0,0,0,0,50.82,0,0,13.35,79.65,0,0,0,0,0,0,2026-03-17
[หนังสือ] ถ้าโลกมันแย่ ก็แค่คิดแบบคาปิบาร่า THINK LIKE A HAPPYBARA,*OPD [E-BOOK] ถ้าโลกมันแย่ ก็แค่คิดแบบคาปิบาร่า THINK LIKE A HAPPYBARA,0,0,0,0,0,0,0,0,0,0,0,0,0,0,0,0,0,0,0,0,0,0,0,0,0,0,0,0,0,0,0,0,0,2026-03-17
[หนังสือ] ถ้าโลกมันแย่ ก็แค่คิดแบบคาปิบาร่า THINK LIKE A HAPPYBARA,[หนังสือ] BOXSET ถ้าโลกมันแย่ ก็แค่คิดแบบคาปิบาร่า THINK LIKE A HAPPYBARA,0,0,0,0,0,0,0,0,0,0,0,1725,0,0,0,590,1135,0,0,0,0,0,0,0,0,0,0,0,0,0,0,0,0,2026-03-17
[หนังสือ] เหนื่อยมากไหม พักก่อนก็ได้นะวันนี้,[หนังสือ] เหนื่อยมากไหม พักก่อนก็ได้นะวันนี้,405.39,405.39,0,0,0,0,0,0,0,0,0,390,0,0,0,0,390,0,0,0,0,0,103.95,0,0,0,0,0,0,0,0,0,0,2026-03-17
[หนังสือ] เหนื่อยมากไหม พักก่อนก็ได้นะวันนี้,*OPD [E-BOOK] เหนื่อยมากไหม พักก่อนก็ได้นะวันนี้,0,0,0,0,0,0,0,0,0,0,0,0,0,0,0,0,0,0,0,0,0,0,0,0,0,0,0,0,0,0,0,0,0,2026-03-17
[หนังสือ] เหนื่อยมากไหม พักก่อนก็ได้นะวันนี้,[หนังสือ] BOXSET เหนื่อยมากไหม พักก่อนก็ได้นะวันนี้,0,0,0,0,0,0,0,0,0,0,0,790,400,0,0,0,390,0,0,0,0,0,0,0,0,0,0,0,0,0,0,0,0,2026-03-17
[หนังสือ] โอบกอดความไม่สมบูรณ์แบบของเธอ (EMBRACE YOUR FLAWS),[หนังสือ] โอบกอดความไม่สมบูรณ์แบบของเธอ (EMBRACE YOUR FLAWS),713.3,531.23,0,19.69,162.38,0,0,0,0,0,0,3091,837,0,558,1431,265,0,0,0,0,0,23.08,63.47,0,3.53,11.35,0,0,0,0,0,0,2026-03-17
[หนังสือ] โอบกอดความไม่สมบูรณ์แบบของเธอ (EMBRACE YOUR FLAWS),*OPD [E-BOOK] โอบกอดความไม่สมบูรณ์แบบของเธอ (EMBRACE YOUR FLAWS),0,0,0,0,0,0,0,0,0,0,0,0,0,0,0,0,0,0,0,0,0,0,0,0,0,0,0,0,0,0,0,0,0,2026-03-17
[หนังสือ] ความลับสู่เงินล้านที่โรงเรียนไม่เคยสอน (THE MILLIONAIRE'S TOP SECRET),[หนังสือ] ความลับสู่เงินล้านที่โรงเรียนไม่เคยสอน (THE MILLIONAIRE'S TOP SECRET),272.6,0,0,19.82,252.78,0,0,0,0,0,0,398,398,0,0,0,0,0,0,0,0,0,68.49,0,0,0,0,0,0,0,0,0,0,2026-03-17
[หนังสือ] ความลับสู่เงินล้านที่โรงเรียนไม่เคยสอน (THE MILLIONAIRE'S TOP SECRET),*OPD [E-BOOK] ความลับสู่เงินล้านที่โรงเรียนไม่เคยสอน (THE MILLIONAIRE'S TOP SECRET),0,0,0,0,0,0,0,0,0,0,0,0,0,0,0,0,0,0,0,0,0,0,0,0,0,0,0,0,0,0,0,0,0,2026-03-17
[หนังสือ] ขอใช้ชีวิตที่เหลือ เพื่อตัวเองนะ,[หนังสือ] ขอใช้ชีวิตที่เหลือ เพื่อตัวเองนะ,804.83,545.49,0,53.52,205.82,0,0,0,0,0,0,2561,1586,0,650,325,0,0,0,0,0,0,31.43,34.39,0,8.23,63.33,0,0,0,0,0,0,2026-03-17
[หนังสือ] ขอใช้ชีวิตที่เหลือ เพื่อตัวเองนะ,*OPD [E-BOOK] ขอใช้ชีวิตที่เหลือ เพื่อตัวเองนะ,0,0,0,0,0,0,0,0,0,0,0,0,0,0,0,0,0,0,0,0,0,0,0,0,0,0,0,0,0,0,0,0,0,2026-03-17
[หนังสือ] กับดักความรู้สึกผิด,[หนังสือ] กับดักความรู้สึกผิด,30898.68,28433.83,0,1433.25,271.32,445.13,315.15,0,0,0,0,74861.33,36718,0,3749,1009,25314,766.33,4872,0,2433,0,41.27,77.44,0,38.23,26.89,9.14,1.24,0,0,0,0,2026-03-17
[หนังสือ] กับดักความรู้สึกผิด,*OPD [E-BOOK] กับดักความรู้สึกผิด,0,0,0,0,0,0,0,0,0,0,0,360,360,0,0,0,0,0,0,0,0,0,0,0,0,0,0,0,0,0,0,0,0,2026-03-17
[หนังสือ] กว่าจะคิดได้ ก็ไม่มีลมหายใจแล้ว (IT IS NEVER TOO LATE TO LOVE YOURSELF),[หนังสือ] กว่าจะคิดได้ ก็ไม่มีลมหายใจแล้ว (IT IS NEVER TOO LATE TO LOVE YOURSELF),0,0,0,0,0,0,0,0,0,0,0,1357,579,0,379,399,0,0,0,0,0,0,0,0,0,0,0,0,0,0,0,0,0,2026-03-17
[หนังสือ] กว่าจะคิดได้ ก็ไม่มีลมหายใจแล้ว (IT IS NEVER TOO LATE TO LOVE YOURSELF),*OPD [E-BOOK] กว่าจะคิดได้ ก็ไม่มีลมหายใจแล้ว (IT IS NEVER TOO LATE TO LOVE YOURSELF),0,0,0,0,0,0,0,0,0,0,0,0,0,0,0,0,0,0,0,0,0,0,0,0,0,0,0,0,0,0,0,0,0,2026-03-17
[หนังสือ] THE WITCHES' CLUB ชมรมลับเปลี่ยนชีวิต,[หนังสือ] THE WITCHES' CLUB ชมรมลับเปลี่ยนชีวิต,2259.95,531.07,0,1041.39,615.1,0,72.39,0,0,0,0,948,0,0,299,299,350,0,0,0,0,0,238.39,0,0,348.29,205.72,0,20.68,0,0,0,0,2026-03-17
[หนังสือ] THE WITCHES' CLUB ชมรมลับเปลี่ยนชีวิต,*OPD [E-BOOK] THE WITCHES' CLUB ชมรมลับเปลี่ยนชีวิต,0,0,0,0,0,0,0,0,0,0,0,0,0,0,0,0,0,0,0,0,0,0,0,0,0,0,0,0,0,0,0,0,0,2026-03-17
[หนังสือ] THE WITCHES' CLUB ชมรมลับเปลี่ยนชีวิต,*[E-BOOK] THE WITCHES' CLUB ชมรมลับเปลี่ยนชีวิต,0,0,0,0,0,0,0,0,0,0,0,0,0,0,0,0,0,0,0,0,0,0,0,0,0,0,0,0,0,0,0,0,0,2026-03-17
[หนังสือ] THE WITCHES' CLUB ชมรมลับเปลี่ยนชีวิต,[หนังสือ] BOXSET THE WITCHES' CLUB ชมรมลับเปลี่ยนชีวิต,0,0,0,0,0,0,0,0,0,0,0,5382,1089,0,2645,1058,590,0,0,0,0,0,0,0,0,0,0,0,0,0,0,0,0,2026-03-17
[หนังสือ] MY LAST BOOK (A GENTLE GUIDE AND PREPARATION FOR LIFE’S FINAL CHAPTER),[หนังสือ] MY LAST BOOK (A GENTLE GUIDE AND PREPARATION FOR LIFE’S FINAL CHAPTER),0,0,0,0,0,0,0,0,0,0,0,699,699,0,0,0,0,0,0,0,0,0,0,0,0,0,0,0,0,0,0,0,0,2026-03-17
[หนังสือ] GHOSTLY REMAINS ปลดพันธนาการดวงวิญญาณหลังความตาย,[หนังสือ] GHOSTLY REMAINS ปลดพันธนาการดวงวิญญาณหลังความตาย,858.69,347.89,0,45.74,465.06,0,0,0,0,0,0,2643,329,0,299,897,739,0,0,0,379,0,32.49,105.74,0,15.3,51.85,0,0,0,0,0,0,2026-03-17
[หนังสือ] GHOSTLY BREWS ยินดีบริการดวงวิญญาณหลังเที่ยงคืน,[หนังสือ] GHOSTLY BREWS ยินดีบริการดวงวิญญาณหลังเที่ยงคืน,2138.55,1428.41,0,278.9,331.24,0,100,0,0,0,0,2538,300,0,649,897,692,0,0,0,0,0,84.26,476.14,0,42.97,36.93,0,14.45,0,0,0,0,2026-03-17
[หนังสือ] GHOSTLY BREWS ยินดีบริการดวงวิญญาณหลังเที่ยงคืน,*OPD [E-BOOK] GHOSTLY BREWS ยินดีบริการดวงวิญญาณหลังเที่ยงคืน,0,0,0,0,0,0,0,0,0,0,0,0,0,0,0,0,0,0,0,0,0,0,0,0,0,0,0,0,0,0,0,0,0,2026-03-17
[หนังสือ] GHOSTLY BREWS ยินดีบริการดวงวิญญาณหลังเที่ยงคืน,*[E-BOOK] GHOSTLY BREWS ยินดีบริการดวงวิญญาณหลังเที่ยงคืน,0,0,0,0,0,0,0,0,0,0,0,0,0,0,0,0,0,0,0,0,0,0,0,0,0,0,0,0,0,0,0,0,0,2026-03-17
[หนังสือ] ฉันจะมีชีวิตที่ดี,[หนังสือ] ฉันจะมีชีวิตที่ดี,665.73,140.84,0,30.36,494.53,0,0,0,0,0,0,1084,199,0,0,590,295,0,0,0,0,0,61.41,70.77,0,0,83.82,0,0,0,0,0,0,2026-03-17
[หนังสือ] ฉันจะมีชีวิตที่ดี,*OPD [E-BOOK] ฉันจะมีชีวิตที่ดี,0,0,0,0,0,0,0,0,0,0,0,259,0,0,0,0,259,0,0,0,0,0,0,0,0,0,0,0,0,0,0,0,0,2026-03-17
[หนังสือ] ฉันจะมีชีวิตที่ดี,[หนังสือ] ฉันจะมีชีวิตที่ดี,730.33,383.17,0,18.06,329.1,0,0,0,0,0,0,1180,295,0,0,590,295,0,0,0,0,0,61.89,129.89,0,0,55.78,0,0,0,0,0,0,2026-03-18
[หนังสือ] ฉันจะมีชีวิตที่ดี,*OPD [E-BOOK] ฉันจะมีชีวิตที่ดี,0,0,0,0,0,0,0,0,0,0,0,0,0,0,0,0,0,0,0,0,0,0,0,0,0,0,0,0,0,0,0,0,0,2026-03-18
[หนังสือ] เมื่อโลกทั้งใบซ่อนอยู่ใต้หมวกกันน็อก (HELMET GIRL),[หนังสือ] เมื่อโลกทั้งใบซ่อนอยู่ใต้หมวกกันน็อก (HELMET GIRL),0,0,0,0,0,0,0,0,0,0,0,299,0,0,0,299,0,0,0,0,0,0,0,0,0,0,0,0,0,0,0,0,0,2026-03-18
[หนังสือ] เมื่อโลกทั้งใบซ่อนอยู่ใต้หมวกกันน็อก (HELMET GIRL),*OPD [E-BOOK] เมื่อโลกทั้งใบซ่อนอยู่ใต้หมวกกันน็อก (HELMET GIRL),0,0,0,0,0,0,0,0,0,0,0,0,0,0,0,0,0,0,0,0,0,0,0,0,0,0,0,0,0,0,0,0,0,2026-03-18
[หนังสือ] เมื่อโลกทั้งใบซ่อนอยู่ใต้หมวกกันน็อก (HELMET GIRL),[หนังสือ] BOXSET เมื่อโลกทั้งใบซ่อนอยู่ใต้หมวกกันน็อก (HELMET GIRL),0,0,0,0,0,0,0,0,0,0,0,0,0,0,0,0,0,0,0,0,0,0,0,0,0,0,0,0,0,0,0,0,0,2026-03-18
[หนังสือ] วันไหนที่ใจแข็งแรง ดอกไม้จะผลิบาน THE ENCHANTED GARDEN,[หนังสือ] วันไหนที่ใจแข็งแรง ดอกไม้จะผลิบาน THE ENCHANTED GARDEN,537.03,0,0,64.13,472.9,0,0,0,0,0,0,1080,0,0,0,690,390,0,0,0,0,0,49.72,0,0,0,68.54,0,0,0,0,0,0,2026-03-18
[หนังสือ] วันไหนที่ใจแข็งแรง ดอกไม้จะผลิบาน THE ENCHANTED GARDEN,*OPD [E-BOOK] วันไหนที่ใจแข็งแรง ดอกไม้จะผลิบาน THE ENCHANTED GARDEN,0,0,0,0,0,0,0,0,0,0,0,0,0,0,0,0,0,0,0,0,0,0,0,0,0,0,0,0,0,0,0,0,0,2026-03-18
[หนังสือ] วันไหนที่ใจแข็งแรง ดอกไม้จะผลิบาน THE ENCHANTED GARDEN,[หนังสือ] สวนของหัวใจ BLOSSOMS OF THE SOUL’S GARDEN,0,0,0,0,0,0,0,0,0,0,0,590,590,0,0,0,0,0,0,0,0,0,0,0,0,0,0,0,0,0,0,0,0,2026-03-18
[หนังสือ] ยินดีต้อนรับและขอบคุณที่กลับมา,[หนังสือ] ยินดีต้อนรับและขอบคุณที่กลับมา,166.72,0,0,59.72,107,0,0,0,0,0,0,359,0,0,0,0,359,0,0,0,0,0,46.44,0,0,0,0,0,0,0,0,0,0,2026-03-18
[หนังสือ] ยินดีต้อนรับและขอบคุณที่กลับมา,*OPD [E-BOOK] ยินดีต้อนรับและขอบคุณที่กลับมา,0,0,0,0,0,0,0,0,0,0,0,0,0,0,0,0,0,0,0,0,0,0,0,0,0,0,0,0,0,0,0,0,0,2026-03-18
[หนังสือ] ปีศาจตัวนั้น คือฉันเอง A GUIDE TO FIGHT THE DEMONS IN MY HEART,[หนังสือ] ปีศาจตัวนั้น คือฉันเอง A GUIDE TO FIGHT THE DEMONS IN MY HEART,6129.15,0,0,1689.42,4307.04,0,132.69,0,0,0,0,0,0,0,0,0,0,0,0,0,0,0,0,0,0,0,0,0,0,0,0,0,0,2026-03-18
[หนังสือ] ปีศาจตัวนั้น คือฉันเอง A GUIDE TO FIGHT THE DEMONS IN MY HEART,*OPD [E-BOOK] ปีศาจตัวนั้น คือฉันเอง A GUIDE TO FIGHTING THE DEMONS IN MY HEART,0,0,0,0,0,0,0,0,0,0,0,0,0,0,0,0,0,0,0,0,0,0,0,0,0,0,0,0,0,0,0,0,0,2026-03-18
[หนังสือ] ปีศาจตัวนั้น คือฉันเอง A GUIDE TO FIGHT THE DEMONS IN MY HEART,[หนังสือ] ปีศาจตัวนั้น คือฉันเอง A GUIDE TO FIGHTING THE DEMONS IN MY HEART,0,0,0,0,0,0,0,0,0,0,0,19249,1200,0,3260,13519,1270,0,0,0,0,0,0,0,0,0,0,0,0,0,0,0,0,2026-03-18
[หนังสือ] ปีศาจตัวนั้น คือฉันเอง 2 A GUIDE TO OVERCOMING THE RETURN OF THE DEMONS,[หนังสือ] ปีศาจตัวนั้น คือฉันเอง 2 A GUIDE TO OVERCOMING THE RETURN OF THE DEMONS,1526.4,0,0,319.09,1107.31,0,100,0,0,0,0,5506,1200,0,598,3349,359,0,0,0,0,0,27.72,0,0,53.36,33.06,0,27.86,0,0,0,0,2026-03-18
[หนังสือ] ปีศาจตัวนั้น คือฉันเอง 2 A GUIDE TO OVERCOMING THE RETURN OF THE DEMONS,*OPD [E-BOOK] ปีศาจตัวนั้น คือฉันเอง 2 A GUIDE TO OVERCOMING THE RETURN OF THE DEMONS,0,0,0,0,0,0,0,0,0,0,0,0,0,0,0,0,0,0,0,0,0,0,0,0,0,0,0,0,0,0,0,0,0,2026-03-18
[หนังสือ] ปีศาจความรักมักเลือกฉันเป็นเหยื่อ HOW TO FIGHT THE LOVE DEMON IN MY HEART,[หนังสือ] ปีศาจความรักมักเลือกฉันเป็นเหยื่อ HOW TO FIGHT THE LOVE DEMON IN MY HEART,306.7,0,0,34.24,272.46,0,0,0,0,0,0,2655,314,0,379,321,1641,0,0,0,0,0,11.55,0,0,9.03,84.88,0,0,0,0,0,0,2026-03-18
[หนังสือ] ปีศาจความรักมักเลือกฉันเป็นเหยื่อ HOW TO FIGHT THE LOVE DEMON IN MY HEART,*OPD [E-BOOK] ปีศาจความรักมักเลือกฉันเป็นเหยื่อ HOW TO FIGHT THE LOVE DEMON IN MY HEART,0,0,0,0,0,0,0,0,0,0,0,0,0,0,0,0,0,0,0,0,0,0,0,0,0,0,0,0,0,0,0,0,0,2026-03-18
[หนังสือ] ทุกความทรงจำคือของขวัญจากวันวาน,[หนังสือ] ทุกความทรงจำคือของขวัญจากวันวาน,0,0,0,0,0,0,0,0,0,0,0,329,329,0,0,0,0,0,0,0,0,0,0,0,0,0,0,0,0,0,0,0,0,2026-03-18
[หนังสือ] ทุกความทรงจำคือของขวัญจากวันวาน,*OPD [E-BOOK] ทุกความทรงจำคือของขวัญจากวันวาน,0,0,0,0,0,0,0,0,0,0,0,0,0,0,0,0,0,0,0,0,0,0,0,0,0,0,0,0,0,0,0,0,0,2026-03-18
[หนังสือ] ถ้าโลกมันแย่ ก็แค่คิดแบบคาปิบาร่า THINK LIKE A HAPPYBARA,[หนังสือ] ถ้าโลกมันแย่ ก็แค่คิดแบบคาปิบาร่า THINK LIKE A HAPPYBARA,308.07,0,0,35.85,272.22,0,0,0,0,0,0,390,0,0,0,0,390,0,0,0,0,0,78.99,0,0,0,0,0,0,0,0,0,0,2026-03-18
[หนังสือ] ถ้าโลกมันแย่ ก็แค่คิดแบบคาปิบาร่า THINK LIKE A HAPPYBARA,*OPD [E-BOOK] ถ้าโลกมันแย่ ก็แค่คิดแบบคาปิบาร่า THINK LIKE A HAPPYBARA,0,0,0,0,0,0,0,0,0,0,0,0,0,0,0,0,0,0,0,0,0,0,0,0,0,0,0,0,0,0,0,0,0,2026-03-18
[หนังสือ] ถ้าโลกมันแย่ ก็แค่คิดแบบคาปิบาร่า THINK LIKE A HAPPYBARA,[หนังสือ] BOXSET ถ้าโลกมันแย่ ก็แค่คิดแบบคาปิบาร่า THINK LIKE A HAPPYBARA,0,0,0,0,0,0,0,0,0,0,0,501,0,0,0,501,0,0,0,0,0,0,0,0,0,0,0,0,0,0,0,0,0,2026-03-18
[หนังสือ] ชีวิตมีเรื่องให้ขอบคุณมากกว่าเสียใจ,[หนังสือ] ชีวิตมีเรื่องให้ขอบคุณมากกว่าเสียใจ,310.25,0,0,33.75,276.5,0,0,0,0,0,0,493,0,0,0,493,0,0,0,0,0,0,62.93,0,0,0,56.09,0,0,0,0,0,0,2026-03-18
[หนังสือ] ปีศาจตัวนั้น คือฉันเอง A GUIDE TO FIGHT THE DEMONS IN MY HEART,*[E-BOOK] ปีศาจตัวนั้น คือฉันเอง A GUIDE TO FIGHTING THE DEMONS IN MY HEART,0,0,0,0,0,0,0,0,0,0,0,0,0,0,0,0,0,0,0,0,0,0,0,0,0,0,0,0,0,0,0,0,0,2026-03-18
[หนังสือ] ชีวิตมีเรื่องให้ขอบคุณมากกว่าเสียใจ,*OPD [E-BOOK] ชีวิตมีเรื่องให้ขอบคุณมากกว่าเสียใจ,0,0,0,0,0,0,0,0,0,0,0,0,0,0,0,0,0,0,0,0,0,0,0,0,0,0,0,0,0,0,0,0,0,2026-03-18
[หนังสือ] โอบกอดความไม่สมบูรณ์แบบของเธอ (EMBRACE YOUR FLAWS),*OPD [E-BOOK] โอบกอดความไม่สมบูรณ์แบบของเธอ (EMBRACE YOUR FLAWS),0,0,0,0,0,0,0,0,0,0,0,0,0,0,0,0,0,0,0,0,0,0,0,0,0,0,0,0,0,0,0,0,0,2026-03-18
[หนังสือ] ความลับสู่เงินล้านที่โรงเรียนไม่เคยสอน (THE MILLIONAIRE'S TOP SECRET),[หนังสือ] ความลับสู่เงินล้านที่โรงเรียนไม่เคยสอน (THE MILLIONAIRE'S TOP SECRET),293.11,0,0,14.89,278.22,0,0,0,0,0,0,858,200,0,0,658,0,0,0,0,0,0,34.16,0,0,0,42.28,0,0,0,0,0,0,2026-03-18
[หนังสือ] ความลับสู่เงินล้านที่โรงเรียนไม่เคยสอน (THE MILLIONAIRE'S TOP SECRET),*OPD [E-BOOK] ความลับสู่เงินล้านที่โรงเรียนไม่เคยสอน (THE MILLIONAIRE'S TOP SECRET),0,0,0,0,0,0,0,0,0,0,0,0,0,0,0,0,0,0,0,0,0,0,0,0,0,0,0,0,0,0,0,0,0,2026-03-18
[หนังสือ] ขอใช้ชีวิตที่เหลือ เพื่อตัวเองนะ,[หนังสือ] ขอใช้ชีวิตที่เหลือ เพื่อตัวเองนะ,1364.8,950.06,0,66.3,348.44,0,0,0,0,0,0,2687,1058,0,0,1300,329,0,0,0,0,0,50.79,89.8,0,0,26.8,0,0,0,0,0,0,2026-03-18
[หนังสือ] ขอใช้ชีวิตที่เหลือ เพื่อตัวเองนะ,*OPD [E-BOOK] ขอใช้ชีวิตที่เหลือ เพื่อตัวเองนะ,0,0,0,0,0,0,0,0,0,0,0,0,0,0,0,0,0,0,0,0,0,0,0,0,0,0,0,0,0,0,0,0,0,2026-03-18
[หนังสือ] กับดักความรู้สึกผิด,[หนังสือ] กับดักความรู้สึกผิด,22797.04,20071.39,0,1842.9,271.48,410.5,200.77,0,0,0,0,53081,26954,0,3690,1356,16547,0,3836,0,698,0,42.95,74.47,0,49.94,20.02,10.7,1.21,0,0,0,0,2026-03-18
[หนังสือ] กับดักความรู้สึกผิด,*OPD [E-BOOK] กับดักความรู้สึกผิด,0,0,0,0,0,0,0,0,0,0,0,180,180,0,0,0,0,0,0,0,0,0,0,0,0,0,0,0,0,0,0,0,0,2026-03-18
[หนังสือ] กว่าจะคิดได้ ก็ไม่มีลมหายใจแล้ว (IT IS NEVER TOO LATE TO LOVE YOURSELF),[หนังสือ] กว่าจะคิดได้ ก็ไม่มีลมหายใจแล้ว (IT IS NEVER TOO LATE TO LOVE YOURSELF),0,0,0,0,0,0,0,0,0,0,0,897,0,0,0,897,0,0,0,0,0,0,0,0,0,0,0,0,0,0,0,0,0,2026-03-18
[หนังสือ] กว่าจะคิดได้ ก็ไม่มีลมหายใจแล้ว (IT IS NEVER TOO LATE TO LOVE YOURSELF),*OPD [E-BOOK] กว่าจะคิดได้ ก็ไม่มีลมหายใจแล้ว (IT IS NEVER TOO LATE TO LOVE YOURSELF),0,0,0,0,0,0,0,0,0,0,0,0,0,0,0,0,0,0,0,0,0,0,0,0,0,0,0,0,0,0,0,0,0,2026-03-18
[หนังสือ] THE WITCHES' CLUB ชมรมลับเปลี่ยนชีวิต,[หนังสือ] THE WITCHES' CLUB ชมรมลับเปลี่ยนชีวิต,3410.6,2086.77,0,644.55,579.28,0,100,0,0,0,0,1536,0,0,847,299,390,0,0,0,0,0,222.04,0,0,76.1,193.74,0,25.64,0,0,0,0,2026-03-18
[หนังสือ] THE WITCHES' CLUB ชมรมลับเปลี่ยนชีวิต,*OPD [E-BOOK] THE WITCHES' CLUB ชมรมลับเปลี่ยนชีวิต,0,0,0,0,0,0,0,0,0,0,0,179,179,0,0,0,0,0,0,0,0,0,0,0,0,0,0,0,0,0,0,0,0,2026-03-18
[หนังสือ] โอบกอดความไม่สมบูรณ์แบบของเธอ (EMBRACE YOUR FLAWS),[หนังสือ] โอบกอดความไม่สมบูรณ์แบบของเธอ (EMBRACE YOUR FLAWS),1925.94,0,0,63.45,1862.49,0,0,0,0,0,0,9061,279,0,318,8106,358,0,0,0,0,0,21.26,0,0,19.95,22.98,0,0,0,0,0,0,2026-03-18
[หนังสือ] THE WITCHES' CLUB ชมรมลับเปลี่ยนชีวิต,*[E-BOOK] THE WITCHES' CLUB ชมรมลับเปลี่ยนชีวิต,0,0,0,0,0,0,0,0,0,0,0,0,0,0,0,0,0,0,0,0,0,0,0,0,0,0,0,0,0,0,0,0,0,2026-03-18
[หนังสือ] THE WITCHES' CLUB ชมรมลับเปลี่ยนชีวิต,[หนังสือ] BOXSET THE WITCHES' CLUB ชมรมลับเปลี่ยนชีวิต,0,0,0,0,0,0,0,0,0,0,0,5455,2178,0,0,1567,1710,0,0,0,0,0,0,0,0,0,0,0,0,0,0,0,0,2026-03-18
[หนังสือ] SPEAK ENG WITH P'ONE รัวอิ้งฉ่ำ ถามตอบมันส์เว่อร์,[หนังสือ] SPEAK ENG WITH P'ONE รัวอิ้งฉ่ำ ถามตอบมันส์เว่อร์,0,0,0,0,0,0,0,0,0,0,0,329,329,0,0,0,0,0,0,0,0,0,0,0,0,0,0,0,0,0,0,0,0,2026-03-18
[หนังสือ] MY LAST BOOK (A GENTLE GUIDE AND PREPARATION FOR LIFE’S FINAL CHAPTER),[หนังสือ] MY LAST BOOK (A GENTLE GUIDE AND PREPARATION FOR LIFE’S FINAL CHAPTER),0,0,0,0,0,0,0,0,0,0,0,300,300,0,0,0,0,0,0,0,0,0,0,0,0,0,0,0,0,0,0,0,0,2026-03-18
[หนังสือ] GHOSTLY REMAINS ปลดพันธนาการดวงวิญญาณหลังความตาย,[หนังสือ] GHOSTLY REMAINS ปลดพันธนาการดวงวิญญาณหลังความตาย,379.01,129.6,0,35.62,213.79,0,0,0,0,0,0,3118,1291,0,449,598,390,390,0,0,0,0,12.16,10.04,0,7.93,35.75,0,0,0,0,0,0,2026-03-18
[หนังสือ] GHOSTLY BREWS ยินดีบริการดวงวิญญาณหลังเที่ยงคืน,[หนังสือ] GHOSTLY BREWS ยินดีบริการดวงวิญญาณหลังเที่ยงคืน,1449.06,781.36,0,332.62,199.45,0,132.25,3.38,0,0,0,4455,1449,0,329,897,1390,390,0,0,0,0,32.53,53.92,0,101.1,22.24,0,9.51,0.87,0,0,0,2026-03-18
[หนังสือ] GHOSTLY BREWS ยินดีบริการดวงวิญญาณหลังเที่ยงคืน,*OPD [E-BOOK] GHOSTLY BREWS ยินดีบริการดวงวิญญาณหลังเที่ยงคืน,0,0,0,0,0,0,0,0,0,0,0,0,0,0,0,0,0,0,0,0,0,0,0,0,0,0,0,0,0,0,0,0,0,2026-03-18
[หนังสือ] GHOSTLY BREWS ยินดีบริการดวงวิญญาณหลังเที่ยงคืน,*[E-BOOK] GHOSTLY BREWS ยินดีบริการดวงวิญญาณหลังเที่ยงคืน,0,0,0,0,0,0,0,0,0,0,0,0,0,0,0,0,0,0,0,0,0,0,0,0,0,0,0,0,0,0,0,0,0,2026-03-18
[หนังสือ] เหนื่อยมากไหม พักก่อนก็ได้นะวันนี้,[หนังสือ] เหนื่อยมากไหม พักก่อนก็ได้นะวันนี้,407.13,381.03,0,0,0,0,26.1,0,0,0,0,1490,780,0,0,0,390,0,320,0,0,0,27.32,48.85,0,0,0,0,6.69,0,0,0,0,2026-03-18
[หนังสือ] เหนื่อยมากไหม พักก่อนก็ได้นะวันนี้,*OPD [E-BOOK] เหนื่อยมากไหม พักก่อนก็ได้นะวันนี้,0,0,0,0,0,0,0,0,0,0,0,0,0,0,0,0,0,0,0,0,0,0,0,0,0,0,0,0,0,0,0,0,0,2026-03-18
[หนังสือ] เหนื่อยมากไหม พักก่อนก็ได้นะวันนี้,[หนังสือ] BOXSET เหนื่อยมากไหม พักก่อนก็ได้นะวันนี้,0,0,0,0,0,0,0,0,0,0,0,590,590,0,0,0,0,0,0,0,0,0,0,0,0,0,0,0,0,0,0,0,0,2026-03-18
[หนังสือ] ชีวิตมีเรื่องให้ขอบคุณมากกว่าเสียใจ,[หนังสือ] ชีวิตมีเรื่องให้ขอบคุณมากกว่าเสียใจ,1004.52,0,0,95.84,908.68,0,0,0,0,0,0,2381,0,0,1674,707,0,0,0,0,0,0,42.19,0,0,5.73,128.53,0,0,0,0,0,0,2026-03-19
[หนังสือ] เมื่อโลกทั้งใบซ่อนอยู่ใต้หมวกกันน็อก (HELMET GIRL),[หนังสือ] เมื่อโลกทั้งใบซ่อนอยู่ใต้หมวกกันน็อก (HELMET GIRL),0,0,0,0,0,0,0,0,0,0,0,299,0,0,299,0,0,0,0,0,0,0,0,0,0,0,0,0,0,0,0,0,0,2026-03-19
[หนังสือ] เมื่อโลกทั้งใบซ่อนอยู่ใต้หมวกกันน็อก (HELMET GIRL),*OPD [E-BOOK] เมื่อโลกทั้งใบซ่อนอยู่ใต้หมวกกันน็อก (HELMET GIRL),0,0,0,0,0,0,0,0,0,0,0,0,0,0,0,0,0,0,0,0,0,0,0,0,0,0,0,0,0,0,0,0,0,2026-03-19
[หนังสือ] เมื่อโลกทั้งใบซ่อนอยู่ใต้หมวกกันน็อก (HELMET GIRL),[หนังสือ] BOXSET เมื่อโลกทั้งใบซ่อนอยู่ใต้หมวกกันน็อก (HELMET GIRL),0,0,0,0,0,0,0,0,0,0,0,0,0,0,0,0,0,0,0,0,0,0,0,0,0,0,0,0,0,0,0,0,0,2026-03-19
[หนังสือ] วันไหนที่ใจแข็งแรง ดอกไม้จะผลิบาน THE ENCHANTED GARDEN,[หนังสือ] วันไหนที่ใจแข็งแรง ดอกไม้จะผลิบาน THE ENCHANTED GARDEN,546.86,0,0,74.36,472.5,0,0,0,0,0,0,780,0,0,390,390,0,0,0,0,0,0,70.11,0,0,19.07,121.15,0,0,0,0,0,0,2026-03-19
[หนังสือ] วันไหนที่ใจแข็งแรง ดอกไม้จะผลิบาน THE ENCHANTED GARDEN,*OPD [E-BOOK] วันไหนที่ใจแข็งแรง ดอกไม้จะผลิบาน THE ENCHANTED GARDEN,0,0,0,0,0,0,0,0,0,0,0,0,0,0,0,0,0,0,0,0,0,0,0,0,0,0,0,0,0,0,0,0,0,2026-03-19
[หนังสือ] วันไหนที่ใจแข็งแรง ดอกไม้จะผลิบาน THE ENCHANTED GARDEN,[หนังสือ] สวนของหัวใจ BLOSSOMS OF THE SOUL’S GARDEN,0,0,0,0,0,0,0,0,0,0,0,0,0,0,0,0,0,0,0,0,0,0,0,0,0,0,0,0,0,0,0,0,0,2026-03-19
[หนังสือ] ยินดีต้อนรับและขอบคุณที่กลับมา,[หนังสือ] ยินดีต้อนรับและขอบคุณที่กลับมา,207.57,0,0,186.46,21.11,0,0,0,0,0,0,1256,359,0,897,0,0,0,0,0,0,0,16.53,0,0,20.79,0,0,0,0,0,0,0,2026-03-19
[หนังสือ] ยินดีต้อนรับและขอบคุณที่กลับมา,*OPD [E-BOOK] ยินดีต้อนรับและขอบคุณที่กลับมา,0,0,0,0,0,0,0,0,0,0,0,0,0,0,0,0,0,0,0,0,0,0,0,0,0,0,0,0,0,0,0,0,0,2026-03-19
[หนังสือ] ปีศาจตัวนั้น คือฉันเอง A GUIDE TO FIGHT THE DEMONS IN MY HEART,[หนังสือ] ปีศาจตัวนั้น คือฉันเอง A GUIDE TO FIGHT THE DEMONS IN MY HEART,4396.12,0,0,2002.58,2343.19,0,50.35,0,0,0,0,0,0,0,0,0,0,0,0,0,0,0,0,0,0,0,0,0,0,0,0,0,0,2026-03-19
[หนังสือ] ชีวิตมีเรื่องให้ขอบคุณมากกว่าเสียใจ,*OPD [E-BOOK] ชีวิตมีเรื่องให้ขอบคุณมากกว่าเสียใจ,0,0,0,0,0,0,0,0,0,0,0,0,0,0,0,0,0,0,0,0,0,0,0,0,0,0,0,0,0,0,0,0,0,2026-03-19
[หนังสือ] ปีศาจตัวนั้น คือฉันเอง A GUIDE TO FIGHT THE DEMONS IN MY HEART,*OPD [E-BOOK] ปีศาจตัวนั้น คือฉันเอง A GUIDE TO FIGHTING THE DEMONS IN MY HEART,0,0,0,0,0,0,0,0,0,0,0,0,0,0,0,0,0,0,0,0,0,0,0,0,0,0,0,0,0,0,0,0,0,2026-03-19
[หนังสือ] ปีศาจตัวนั้น คือฉันเอง A GUIDE TO FIGHT THE DEMONS IN MY HEART,[หนังสือ] ปีศาจตัวนั้น คือฉันเอง A GUIDE TO FIGHTING THE DEMONS IN MY HEART,0,0,0,0,0,0,0,0,0,0,0,12755,900,0,7384,3543,639,289,0,0,0,0,0,0,0,0,0,0,0,0,0,0,0,2026-03-19
[หนังสือ] ปีศาจตัวนั้น คือฉันเอง 2 A GUIDE TO OVERCOMING THE RETURN OF THE DEMONS,[หนังสือ] ปีศาจตัวนั้น คือฉันเอง 2 A GUIDE TO OVERCOMING THE RETURN OF THE DEMONS,1171.31,0,0,592.92,507.34,0,66.69,4.36,0,0,0,3753,300,0,2407,299,747,0,0,0,0,0,31.21,0,0,24.63,169.68,0,8.93,0,0,0,0,2026-03-19
[หนังสือ] ปีศาจตัวนั้น คือฉันเอง 2 A GUIDE TO OVERCOMING THE RETURN OF THE DEMONS,*OPD [E-BOOK] ปีศาจตัวนั้น คือฉันเอง 2 A GUIDE TO OVERCOMING THE RETURN OF THE DEMONS,0,0,0,0,0,0,0,0,0,0,0,0,0,0,0,0,0,0,0,0,0,0,0,0,0,0,0,0,0,0,0,0,0,2026-03-19
[หนังสือ] ปีศาจความรักมักเลือกฉันเป็นเหยื่อ HOW TO FIGHT THE LOVE DEMON IN MY HEART,[หนังสือ] ปีศาจความรักมักเลือกฉันเป็นเหยื่อ HOW TO FIGHT THE LOVE DEMON IN MY HEART,251.63,0,0,25.16,226.47,0,0,0,0,0,0,1023,0,0,379,0,303,0,0,341,0,0,24.6,0,0,6.64,0,0,0,0,0,0,0,2026-03-19
[หนังสือ] ปีศาจความรักมักเลือกฉันเป็นเหยื่อ HOW TO FIGHT THE LOVE DEMON IN MY HEART,*OPD [E-BOOK] ปีศาจความรักมักเลือกฉันเป็นเหยื่อ HOW TO FIGHT THE LOVE DEMON IN MY HEART,0,0,0,0,0,0,0,0,0,0,0,0,0,0,0,0,0,0,0,0,0,0,0,0,0,0,0,0,0,0,0,0,0,2026-03-19
[หนังสือ] ทุกความทรงจำคือของขวัญจากวันวาน,[หนังสือ] ทุกความทรงจำคือของขวัญจากวันวาน,0,0,0,0,0,0,0,0,0,0,0,997,399,0,299,299,0,0,0,0,0,0,0,0,0,0,0,0,0,0,0,0,0,2026-03-19
[หนังสือ] ทุกความทรงจำคือของขวัญจากวันวาน,*OPD [E-BOOK] ทุกความทรงจำคือของขวัญจากวันวาน,0,0,0,0,0,0,0,0,0,0,0,0,0,0,0,0,0,0,0,0,0,0,0,0,0,0,0,0,0,0,0,0,0,2026-03-19
[หนังสือ] ถ้าโลกมันแย่ ก็แค่คิดแบบคาปิบาร่า THINK LIKE A HAPPYBARA,[หนังสือ] ถ้าโลกมันแย่ ก็แค่คิดแบบคาปิบาร่า THINK LIKE A HAPPYBARA,503.58,0,0,99.91,403.67,0,0,0,0,0,0,383,0,0,383,0,0,0,0,0,0,0,131.48,0,0,26.09,0,0,0,0,0,0,0,2026-03-19
[หนังสือ] ถ้าโลกมันแย่ ก็แค่คิดแบบคาปิบาร่า THINK LIKE A HAPPYBARA,*OPD [E-BOOK] ถ้าโลกมันแย่ ก็แค่คิดแบบคาปิบาร่า THINK LIKE A HAPPYBARA,0,0,0,0,0,0,0,0,0,0,0,718,359,0,0,0,0,0,0,0,0,359,0,0,0,0,0,0,0,0,0,0,0,2026-03-19
[หนังสือ] ปีศาจตัวนั้น คือฉันเอง A GUIDE TO FIGHT THE DEMONS IN MY HEART,*[E-BOOK] ปีศาจตัวนั้น คือฉันเอง A GUIDE TO FIGHTING THE DEMONS IN MY HEART,0,0,0,0,0,0,0,0,0,0,0,0,0,0,0,0,0,0,0,0,0,0,0,0,0,0,0,0,0,0,0,0,0,2026-03-19
[หนังสือ] ถ้าโลกมันแย่ ก็แค่คิดแบบคาปิบาร่า THINK LIKE A HAPPYBARA,[หนังสือ] BOXSET ถ้าโลกมันแย่ ก็แค่คิดแบบคาปิบาร่า THINK LIKE A HAPPYBARA,0,0,0,0,0,0,0,0,0,0,0,400,400,0,0,0,0,0,0,0,0,0,0,0,0,0,0,0,0,0,0,0,0,2026-03-19
[หนังสือ] โอบกอดความไม่สมบูรณ์แบบของเธอ (EMBRACE YOUR FLAWS),[หนังสือ] โอบกอดความไม่สมบูรณ์แบบของเธอ (EMBRACE YOUR FLAWS),1985.35,0,0,88.02,1897.33,0,0,0,0,0,0,11367,558,0,6402,3054,1353,0,0,0,0,0,17.47,0,0,1.37,62.13,0,0,0,0,0,0,2026-03-19
[หนังสือ] โอบกอดความไม่สมบูรณ์แบบของเธอ (EMBRACE YOUR FLAWS),*OPD [E-BOOK] โอบกอดความไม่สมบูรณ์แบบของเธอ (EMBRACE YOUR FLAWS),0,0,0,0,0,0,0,0,0,0,0,0,0,0,0,0,0,0,0,0,0,0,0,0,0,0,0,0,0,0,0,0,0,2026-03-19
[หนังสือ] ฉันจะมีชีวิตที่ดี,*OPD [E-BOOK] ฉันจะมีชีวิตที่ดี,0,0,0,0,0,0,0,0,0,0,0,0,0,0,0,0,0,0,0,0,0,0,0,0,0,0,0,0,0,0,0,0,0,2026-03-19
[หนังสือ] ความลับสู่เงินล้านที่โรงเรียนไม่เคยสอน (THE MILLIONAIRE'S TOP SECRET),[หนังสือ] ความลับสู่เงินล้านที่โรงเรียนไม่เคยสอน (THE MILLIONAIRE'S TOP SECRET),294.79,0,0,37.62,257.17,0,0,0,0,0,0,658,0,0,329,0,0,0,0,329,0,0,44.8,0,0,11.43,0,0,0,0,0,0,0,2026-03-19
[หนังสือ] ความลับสู่เงินล้านที่โรงเรียนไม่เคยสอน (THE MILLIONAIRE'S TOP SECRET),*OPD [E-BOOK] ความลับสู่เงินล้านที่โรงเรียนไม่เคยสอน (THE MILLIONAIRE'S TOP SECRET),0,0,0,0,0,0,0,0,0,0,0,299,0,0,0,0,299,0,0,0,0,0,0,0,0,0,0,0,0,0,0,0,0,2026-03-19
[หนังสือ] ขอใช้ชีวิตที่เหลือ เพื่อตัวเองนะ,[หนังสือ] ขอใช้ชีวิตที่เหลือ เพื่อตัวเองนะ,616.8,421.85,0,49.08,145.87,0,0,0,0,0,0,2412,1429,0,0,325,329,0,0,329,0,0,25.57,29.52,0,0,44.88,0,0,0,0,0,0,2026-03-19
[หนังสือ] ขอใช้ชีวิตที่เหลือ เพื่อตัวเองนะ,*OPD [E-BOOK] ขอใช้ชีวิตที่เหลือ เพื่อตัวเองนะ,0,0,0,0,0,0,0,0,0,0,0,0,0,0,0,0,0,0,0,0,0,0,0,0,0,0,0,0,0,0,0,0,0,2026-03-19
[หนังสือ] กับดักความรู้สึกผิด,[หนังสือ] กับดักความรู้สึกผิด,21685.71,19299.08,0,1604.56,191,391.07,200,0,0,0,0,44672,26205,0,2912,339,12388,359,1392,0,1077,0,48.54,73.65,0,55.1,56.34,28.09,1.61,0,0,0,0,2026-03-19
[หนังสือ] กับดักความรู้สึกผิด,*OPD [E-BOOK] กับดักความรู้สึกผิด,0,0,0,0,0,0,0,0,0,0,0,0,0,0,0,0,0,0,0,0,0,0,0,0,0,0,0,0,0,0,0,0,0,2026-03-19
[หนังสือ] กว่าจะคิดได้ ก็ไม่มีลมหายใจแล้ว (IT IS NEVER TOO LATE TO LOVE YOURSELF),[หนังสือ] กว่าจะคิดได้ ก็ไม่มีลมหายใจแล้ว (IT IS NEVER TOO LATE TO LOVE YOURSELF),0,0,0,0,0,0,0,0,0,0,0,299,0,0,299,0,0,0,0,0,0,0,0,0,0,0,0,0,0,0,0,0,0,2026-03-19
[หนังสือ] กว่าจะคิดได้ ก็ไม่มีลมหายใจแล้ว (IT IS NEVER TOO LATE TO LOVE YOURSELF),*OPD [E-BOOK] กว่าจะคิดได้ ก็ไม่มีลมหายใจแล้ว (IT IS NEVER TOO LATE TO LOVE YOURSELF),0,0,0,0,0,0,0,0,0,0,0,0,0,0,0,0,0,0,0,0,0,0,0,0,0,0,0,0,0,0,0,0,0,2026-03-19
[หนังสือ] ฉันจะมีชีวิตที่ดี,[หนังสือ] ฉันจะมีชีวิตที่ดี,736.28,324.72,0,24.33,387.23,0,0,0,0,0,0,2655,590,0,1180,0,885,0,0,0,0,0,27.73,55.04,0,2.06,0,0,0,0,0,0,0,2026-03-19
[หนังสือ] THE WITCHES' CLUB ชมรมลับเปลี่ยนชีวิต,[หนังสือ] THE WITCHES' CLUB ชมรมลับเปลี่ยนชีวิต,1585,713.18,0,552.83,277.45,0,41.54,0,0,0,0,689,390,0,299,0,0,0,0,0,0,0,230.04,182.87,0,184.89,0,0,0,0,0,0,0,2026-03-19
[หนังสือ] THE WITCHES' CLUB ชมรมลับเปลี่ยนชีวิต,*[E-BOOK] THE WITCHES' CLUB ชมรมลับเปลี่ยนชีวิต,0,0,0,0,0,0,0,0,0,0,0,0,0,0,0,0,0,0,0,0,0,0,0,0,0,0,0,0,0,0,0,0,0,2026-03-19
[หนังสือ] THE WITCHES' CLUB ชมรมลับเปลี่ยนชีวิต,[หนังสือ] BOXSET THE WITCHES' CLUB ชมรมลับเปลี่ยนชีวิต,0,0,0,0,0,0,0,0,0,0,0,499,499,0,0,0,0,0,0,0,0,0,0,0,0,0,0,0,0,0,0,0,0,2026-03-19
[หนังสือ] GHOSTLY REMAINS ปลดพันธนาการดวงวิญญาณหลังความตาย,[หนังสือ] GHOSTLY REMAINS ปลดพันธนาการดวงวิญญาณหลังความตาย,346.27,131.49,0,38.03,176.75,0,0,0,0,0,0,1052,723,0,329,0,0,0,0,0,0,0,32.92,18.19,0,11.56,0,0,0,0,0,0,0,2026-03-19
[หนังสือ] GHOSTLY BREWS ยินดีบริการดวงวิญญาณหลังเที่ยงคืน,[หนังสือ] GHOSTLY BREWS ยินดีบริการดวงวิญญาณหลังเที่ยงคืน,1598.07,844.58,0,93.91,622.77,0,36.81,0,0,0,0,4886,1031,0,2962,503,390,0,0,0,0,0,32.71,81.92,0,3.17,123.81,0,9.44,0,0,0,0,2026-03-19
[หนังสือ] GHOSTLY BREWS ยินดีบริการดวงวิญญาณหลังเที่ยงคืน,*OPD [E-BOOK] GHOSTLY BREWS ยินดีบริการดวงวิญญาณหลังเที่ยงคืน,0,0,0,0,0,0,0,0,0,0,0,0,0,0,0,0,0,0,0,0,0,0,0,0,0,0,0,0,0,0,0,0,0,2026-03-19
[หนังสือ] GHOSTLY BREWS ยินดีบริการดวงวิญญาณหลังเที่ยงคืน,*[E-BOOK] GHOSTLY BREWS ยินดีบริการดวงวิญญาณหลังเที่ยงคืน,0,0,0,0,0,0,0,0,0,0,0,0,0,0,0,0,0,0,0,0,0,0,0,0,0,0,0,0,0,0,0,0,0,2026-03-19
[หนังสือ] เหนื่อยมากไหม พักก่อนก็ได้นะวันนี้,[หนังสือ] เหนื่อยมากไหม พักก่อนก็ได้นะวันนี้,1145.4,1145.4,0,0,0,0,0,0,0,0,0,3860,2340,0,780,740,0,0,0,0,0,0,29.67,48.95,0,0,0,0,0,0,0,0,0,2026-03-19
[หนังสือ] เหนื่อยมากไหม พักก่อนก็ได้นะวันนี้,*OPD [E-BOOK] เหนื่อยมากไหม พักก่อนก็ได้นะวันนี้,0,0,0,0,0,0,0,0,0,0,0,0,0,0,0,0,0,0,0,0,0,0,0,0,0,0,0,0,0,0,0,0,0,2026-03-19
[หนังสือ] เหนื่อยมากไหม พักก่อนก็ได้นะวันนี้,[หนังสือ] BOXSET เหนื่อยมากไหม พักก่อนก็ได้นะวันนี้,0,0,0,0,0,0,0,0,0,0,0,590,590,0,0,0,0,0,0,0,0,0,0,0,0,0,0,0,0,0,0,0,0,2026-03-19
[หนังสือ] THE WITCHES' CLUB ชมรมลับเปลี่ยนชีวิต,*OPD [E-BOOK] THE WITCHES' CLUB ชมรมลับเปลี่ยนชีวิต,0,0,0,0,0,0,0,0,0,0,0,0,0,0,0,0,0,0,0,0,0,0,0,0,0,0,0,0,0,0,0,0,0,2026-03-19
[หนังสือ] ชีวิตมีเรื่องให้ขอบคุณมากกว่าเสียใจ,[หนังสือ] ชีวิตมีเรื่องให้ขอบคุณมากกว่าเสียใจ,201.43,0,0,32.8,168.63,0,0,0,0,0,0,279,0,0,0,279,0,0,0,0,0,0,72.2,0,0,0,60.44,0,0,0,0,0,0,2026-03-20
[หนังสือ] ชีวิตมีเรื่องให้ขอบคุณมากกว่าเสียใจ,*OPD [E-BOOK] ชีวิตมีเรื่องให้ขอบคุณมากกว่าเสียใจ,0,0,0,0,0,0,0,0,0,0,0,0,0,0,0,0,0,0,0,0,0,0,0,0,0,0,0,0,0,0,0,0,0,2026-03-20
[หนังสือ] เมื่อโลกทั้งใบซ่อนอยู่ใต้หมวกกันน็อก (HELMET GIRL),[หนังสือ] เมื่อโลกทั้งใบซ่อนอยู่ใต้หมวกกันน็อก (HELMET GIRL),0,0,0,0,0,0,0,0,0,0,0,0,0,0,0,0,0,0,0,0,0,0,0,0,0,0,0,0,0,0,0,0,0,2026-03-20
[หนังสือ] เมื่อโลกทั้งใบซ่อนอยู่ใต้หมวกกันน็อก (HELMET GIRL),*OPD [E-BOOK] เมื่อโลกทั้งใบซ่อนอยู่ใต้หมวกกันน็อก (HELMET GIRL),0,0,0,0,0,0,0,0,0,0,0,0,0,0,0,0,0,0,0,0,0,0,0,0,0,0,0,0,0,0,0,0,0,2026-03-20
[หนังสือ] เมื่อโลกทั้งใบซ่อนอยู่ใต้หมวกกันน็อก (HELMET GIRL),[หนังสือ] BOXSET เมื่อโลกทั้งใบซ่อนอยู่ใต้หมวกกันน็อก (HELMET GIRL),0,0,0,0,0,0,0,0,0,0,0,0,0,0,0,0,0,0,0,0,0,0,0,0,0,0,0,0,0,0,0,0,0,2026-03-20
[หนังสือ] วันไหนที่ใจแข็งแรง ดอกไม้จะผลิบาน THE ENCHANTED GARDEN,[หนังสือ] วันไหนที่ใจแข็งแรง ดอกไม้จะผลิบาน THE ENCHANTED GARDEN,614.91,0,0,52.41,562.5,0,0,0,0,0,0,723,0,0,0,723,0,0,0,0,0,0,85.05,0,0,0,77.8,0,0,0,0,0,0,2026-03-20
[หนังสือ] วันไหนที่ใจแข็งแรง ดอกไม้จะผลิบาน THE ENCHANTED GARDEN,*OPD [E-BOOK] วันไหนที่ใจแข็งแรง ดอกไม้จะผลิบาน THE ENCHANTED GARDEN,0,0,0,0,0,0,0,0,0,0,0,0,0,0,0,0,0,0,0,0,0,0,0,0,0,0,0,0,0,0,0,0,0,2026-03-20
[หนังสือ] วันไหนที่ใจแข็งแรง ดอกไม้จะผลิบาน THE ENCHANTED GARDEN,[หนังสือ] สวนของหัวใจ BLOSSOMS OF THE SOUL’S GARDEN,0,0,0,0,0,0,0,0,0,0,0,0,0,0,0,0,0,0,0,0,0,0,0,0,0,0,0,0,0,0,0,0,0,2026-03-20
[หนังสือ] ยินดีต้อนรับและขอบคุณที่กลับมา,[หนังสือ] ยินดีต้อนรับและขอบคุณที่กลับมา,204.2,0,0,202.22,1.98,0,0,0,0,0,0,359,359,0,0,0,0,0,0,0,0,0,56.88,0,0,0,0,0,0,0,0,0,0,2026-03-20
[หนังสือ] ยินดีต้อนรับและขอบคุณที่กลับมา,*OPD [E-BOOK] ยินดีต้อนรับและขอบคุณที่กลับมา,0,0,0,0,0,0,0,0,0,0,0,0,0,0,0,0,0,0,0,0,0,0,0,0,0,0,0,0,0,0,0,0,0,2026-03-20
[หนังสือ] ปีศาจตัวนั้น คือฉันเอง A GUIDE TO FIGHT THE DEMONS IN MY HEART,[หนังสือ] ปีศาจตัวนั้น คือฉันเอง A GUIDE TO FIGHT THE DEMONS IN MY HEART,4248.58,0,0,811.3,3251.88,0,185.4,0,0,0,0,0,0,0,0,0,0,0,0,0,0,0,0,0,0,0,0,0,0,0,0,0,0,2026-03-20
[หนังสือ] ปีศาจตัวนั้น คือฉันเอง A GUIDE TO FIGHT THE DEMONS IN MY HEART,*[E-BOOK] ปีศาจตัวนั้น คือฉันเอง A GUIDE TO FIGHTING THE DEMONS IN MY HEART,0,0,0,0,0,0,0,0,0,0,0,0,0,0,0,0,0,0,0,0,0,0,0,0,0,0,0,0,0,0,0,0,0,2026-03-20
[หนังสือ] ปีศาจตัวนั้น คือฉันเอง A GUIDE TO FIGHT THE DEMONS IN MY HEART,[หนังสือ] ปีศาจตัวนั้น คือฉันเอง A GUIDE TO FIGHTING THE DEMONS IN MY HEART,0,0,0,0,0,0,0,0,0,0,0,13913.56,300,0,1765,9827,1752,269.56,0,0,0,0,0,0,0,0,0,0,0,0,0,0,0,2026-03-20
[หนังสือ] ปีศาจตัวนั้น คือฉันเอง 2 A GUIDE TO OVERCOMING THE RETURN OF THE DEMONS,[หนังสือ] ปีศาจตัวนั้น คือฉันเอง 2 A GUIDE TO OVERCOMING THE RETURN OF THE DEMONS,1183.52,0,0,352.41,731.11,0,100,0,0,0,0,5755,600,0,897,1676,2582,0,0,0,0,0,20.57,0,0,39.29,43.62,0,3.87,0,0,0,0,2026-03-20
[หนังสือ] ปีศาจตัวนั้น คือฉันเอง 2 A GUIDE TO OVERCOMING THE RETURN OF THE DEMONS,*OPD [E-BOOK] ปีศาจตัวนั้น คือฉันเอง 2 A GUIDE TO OVERCOMING THE RETURN OF THE DEMONS,0,0,0,0,0,0,0,0,0,0,0,0,0,0,0,0,0,0,0,0,0,0,0,0,0,0,0,0,0,0,0,0,0,2026-03-20
[หนังสือ] ปีศาจความรักมักเลือกฉันเป็นเหยื่อ HOW TO FIGHT THE LOVE DEMON IN MY HEART,[หนังสือ] ปีศาจความรักมักเลือกฉันเป็นเหยื่อ HOW TO FIGHT THE LOVE DEMON IN MY HEART,226.41,0,0,18.85,207.56,0,0,0,0,0,0,503,200,0,0,0,303,0,0,0,0,0,45.01,0,0,0,0,0,0,0,0,0,0,2026-03-20
[หนังสือ] ปีศาจความรักมักเลือกฉันเป็นเหยื่อ HOW TO FIGHT THE LOVE DEMON IN MY HEART,*OPD [E-BOOK] ปีศาจความรักมักเลือกฉันเป็นเหยื่อ HOW TO FIGHT THE LOVE DEMON IN MY HEART,0,0,0,0,0,0,0,0,0,0,0,0,0,0,0,0,0,0,0,0,0,0,0,0,0,0,0,0,0,0,0,0,0,2026-03-20
[หนังสือ] ถ้าโลกมันแย่ ก็แค่คิดแบบคาปิบาร่า THINK LIKE A HAPPYBARA,[หนังสือ] ถ้าโลกมันแย่ ก็แค่คิดแบบคาปิบาร่า THINK LIKE A HAPPYBARA,263.54,0,0,27.3,236.24,0,0,0,0,0,0,0,0,0,0,0,0,0,0,0,0,0,0,0,0,0,0,0,0,0,0,0,0,2026-03-20
[หนังสือ] ถ้าโลกมันแย่ ก็แค่คิดแบบคาปิบาร่า THINK LIKE A HAPPYBARA,*OPD [E-BOOK] ถ้าโลกมันแย่ ก็แค่คิดแบบคาปิบาร่า THINK LIKE A HAPPYBARA,0,0,0,0,0,0,0,0,0,0,0,0,0,0,0,0,0,0,0,0,0,0,0,0,0,0,0,0,0,0,0,0,0,2026-03-20
[หนังสือ] ถ้าโลกมันแย่ ก็แค่คิดแบบคาปิบาร่า THINK LIKE A HAPPYBARA,[หนังสือ] BOXSET ถ้าโลกมันแย่ ก็แค่คิดแบบคาปิบาร่า THINK LIKE A HAPPYBARA,0,0,0,0,0,0,0,0,0,0,0,0,0,0,0,0,0,0,0,0,0,0,0,0,0,0,0,0,0,0,0,0,0,2026-03-20
[หนังสือ] เหนื่อยมากไหม พักก่อนก็ได้นะวันนี้,[หนังสือ] เหนื่อยมากไหม พักก่อนก็ได้นะวันนี้,815.61,815.61,0,0,0,0,0,0,0,0,0,997,390,0,0,350,257,0,0,0,0,0,81.81,209.13,0,0,0,0,0,0,0,0,0,2026-03-20
[หนังสือ] ปีศาจตัวนั้น คือฉันเอง A GUIDE TO FIGHT THE DEMONS IN MY HEART,*OPD [E-BOOK] ปีศาจตัวนั้น คือฉันเอง A GUIDE TO FIGHTING THE DEMONS IN MY HEART,0,0,0,0,0,0,0,0,0,0,0,0,0,0,0,0,0,0,0,0,0,0,0,0,0,0,0,0,0,0,0,0,0,2026-03-20
[หนังสือ] เหนื่อยมากไหม พักก่อนก็ได้นะวันนี้,*OPD [E-BOOK] เหนื่อยมากไหม พักก่อนก็ได้นะวันนี้,0,0,0,0,0,0,0,0,0,0,0,179,179,0,0,0,0,0,0,0,0,0,0,0,0,0,0,0,0,0,0,0,0,2026-03-20
[หนังสือ] โอบกอดความไม่สมบูรณ์แบบของเธอ (EMBRACE YOUR FLAWS),[หนังสือ] โอบกอดความไม่สมบูรณ์แบบของเธอ (EMBRACE YOUR FLAWS),2326.91,0,0,106.42,2190.09,0,30.4,0,0,0,0,14890,0,0,1113,12603,1174,0,0,0,0,0,15.63,0,0,9.56,17.38,0,2.59,0,0,0,0,2026-03-20
[หนังสือ] โอบกอดความไม่สมบูรณ์แบบของเธอ (EMBRACE YOUR FLAWS),*OPD [E-BOOK] โอบกอดความไม่สมบูรณ์แบบของเธอ (EMBRACE YOUR FLAWS),0,0,0,0,0,0,0,0,0,0,0,0,0,0,0,0,0,0,0,0,0,0,0,0,0,0,0,0,0,0,0,0,0,2026-03-20
[หนังสือ] ความลับสู่เงินล้านที่โรงเรียนไม่เคยสอน (THE MILLIONAIRE'S TOP SECRET),[หนังสือ] ความลับสู่เงินล้านที่โรงเรียนไม่เคยสอน (THE MILLIONAIRE'S TOP SECRET),291.53,0,0,16.56,274.97,0,0,0,0,0,0,987,0,0,0,329,658,0,0,0,0,0,29.54,0,0,0,83.58,0,0,0,0,0,0,2026-03-20
[หนังสือ] ความลับสู่เงินล้านที่โรงเรียนไม่เคยสอน (THE MILLIONAIRE'S TOP SECRET),*OPD [E-BOOK] ความลับสู่เงินล้านที่โรงเรียนไม่เคยสอน (THE MILLIONAIRE'S TOP SECRET),0,0,0,0,0,0,0,0,0,0,0,0,0,0,0,0,0,0,0,0,0,0,0,0,0,0,0,0,0,0,0,0,0,2026-03-20
[หนังสือ] ขอใช้ชีวิตที่เหลือ เพื่อตัวเองนะ,[หนังสือ] ขอใช้ชีวิตที่เหลือ เพื่อตัวเองนะ,748.11,560.97,0,33.54,153.6,0,0,0,0,0,0,658,658,0,0,0,0,0,0,0,0,0,113.69,85.25,0,0,0,0,0,0,0,0,0,2026-03-20
[หนังสือ] ขอใช้ชีวิตที่เหลือ เพื่อตัวเองนะ,*OPD [E-BOOK] ขอใช้ชีวิตที่เหลือ เพื่อตัวเองนะ,0,0,0,0,0,0,0,0,0,0,0,0,0,0,0,0,0,0,0,0,0,0,0,0,0,0,0,0,0,0,0,0,0,2026-03-20
[หนังสือ] กับดักความรู้สึกผิด,[หนังสือ] กับดักความรู้สึกผิด,21003.63,19279.93,0,927.02,233.23,363.45,200,0,0,0,0,36707.66,18370,0,2034,882,12238,1113.66,1392,0,678,0,57.22,104.95,0,45.58,26.44,26.11,1.63,0,0,0,0,2026-03-20
[หนังสือ] กับดักความรู้สึกผิด,*OPD [E-BOOK] กับดักความรู้สึกผิด,0,0,0,0,0,0,0,0,0,0,0,180,180,0,0,0,0,0,0,0,0,0,0,0,0,0,0,0,0,0,0,0,0,2026-03-20
[หนังสือ] กว่าจะคิดได้ ก็ไม่มีลมหายใจแล้ว (IT IS NEVER TOO LATE TO LOVE YOURSELF),[หนังสือ] กว่าจะคิดได้ ก็ไม่มีลมหายใจแล้ว (IT IS NEVER TOO LATE TO LOVE YOURSELF),0,0,0,0,0,0,0,0,0,0,0,299,0,0,299,0,0,0,0,0,0,0,0,0,0,0,0,0,0,0,0,0,0,2026-03-20
[หนังสือ] กว่าจะคิดได้ ก็ไม่มีลมหายใจแล้ว (IT IS NEVER TOO LATE TO LOVE YOURSELF),*OPD [E-BOOK] กว่าจะคิดได้ ก็ไม่มีลมหายใจแล้ว (IT IS NEVER TOO LATE TO LOVE YOURSELF),0,0,0,0,0,0,0,0,0,0,0,0,0,0,0,0,0,0,0,0,0,0,0,0,0,0,0,0,0,0,0,0,0,2026-03-20
[หนังสือ] เหนื่อยมากไหม พักก่อนก็ได้นะวันนี้,[หนังสือ] BOXSET เหนื่อยมากไหม พักก่อนก็ได้นะวันนี้,0,0,0,0,0,0,0,0,0,0,0,1339,990,0,0,0,349,0,0,0,0,0,0,0,0,0,0,0,0,0,0,0,0,2026-03-20
[หนังสือ] THE WITCHES' CLUB ชมรมลับเปลี่ยนชีวิต,[หนังสือ] THE WITCHES' CLUB ชมรมลับเปลี่ยนชีวิต,2786.24,885.48,0,822.38,958.38,0,120,0,0,0,0,1057,0,0,0,299,758,0,0,0,0,0,263.6,0,0,0,320.53,0,15.83,0,0,0,0,2026-03-20
[หนังสือ] THE WITCHES' CLUB ชมรมลับเปลี่ยนชีวิต,*OPD [E-BOOK] THE WITCHES' CLUB ชมรมลับเปลี่ยนชีวิต,0,0,0,0,0,0,0,0,0,0,0,0,0,0,0,0,0,0,0,0,0,0,0,0,0,0,0,0,0,0,0,0,0,2026-03-20
[หนังสือ] THE WITCHES' CLUB ชมรมลับเปลี่ยนชีวิต,*[E-BOOK] THE WITCHES' CLUB ชมรมลับเปลี่ยนชีวิต,0,0,0,0,0,0,0,0,0,0,0,0,0,0,0,0,0,0,0,0,0,0,0,0,0,0,0,0,0,0,0,0,0,2026-03-20
[หนังสือ] THE WITCHES' CLUB ชมรมลับเปลี่ยนชีวิต,[หนังสือ] BOXSET THE WITCHES' CLUB ชมรมลับเปลี่ยนชีวิต,0,0,0,0,0,0,0,0,0,0,0,9170,1679,0,3174,1567,2750,0,0,0,0,0,0,0,0,0,0,0,0,0,0,0,0,2026-03-20
[หนังสือ] GHOSTLY REMAINS ปลดพันธนาการดวงวิญญาณหลังความตาย,[หนังสือ] GHOSTLY REMAINS ปลดพันธนาการดวงวิญญาณหลังความตาย,547.43,297.09,0,27.8,222.54,0,0,0,0,0,0,2415,679,0,0,299,1437,0,0,0,0,0,22.67,43.75,0,0,74.43,0,0,0,0,0,0,2026-03-20
[หนังสือ] GHOSTLY BREWS ยินดีบริการดวงวิญญาณหลังเที่ยงคืน,[หนังสือ] GHOSTLY BREWS ยินดีบริการดวงวิญญาณหลังเที่ยงคืน,1385.48,502.71,0,174.16,612.99,0,79.23,16.39,0,0,0,2574,600,0,329,598,1047,0,0,0,0,0,53.83,83.78,0,52.94,102.51,0,7.57,0,0,0,0,2026-03-20
[หนังสือ] GHOSTLY BREWS ยินดีบริการดวงวิญญาณหลังเที่ยงคืน,*OPD [E-BOOK] GHOSTLY BREWS ยินดีบริการดวงวิญญาณหลังเที่ยงคืน,0,0,0,0,0,0,0,0,0,0,0,0,0,0,0,0,0,0,0,0,0,0,0,0,0,0,0,0,0,0,0,0,0,2026-03-20
[หนังสือ] GHOSTLY BREWS ยินดีบริการดวงวิญญาณหลังเที่ยงคืน,*[E-BOOK] GHOSTLY BREWS ยินดีบริการดวงวิญญาณหลังเที่ยงคืน,0,0,0,0,0,0,0,0,0,0,0,0,0,0,0,0,0,0,0,0,0,0,0,0,0,0,0,0,0,0,0,0,0,2026-03-20
[หนังสือ] ฉันจะมีชีวิตที่ดี,[หนังสือ] ฉันจะมีชีวิตที่ดี,970.99,333.26,0,33.69,604.04,0,0,0,0,0,0,2360,885,0,0,1475,0,0,0,0,0,0,41.14,37.66,0,0,40.95,0,0,0,0,0,0,2026-03-20
[หนังสือ] ฉันจะมีชีวิตที่ดี,*OPD [E-BOOK] ฉันจะมีชีวิตที่ดี,0,0,0,0,0,0,0,0,0,0,0,0,0,0,0,0,0,0,0,0,0,0,0,0,0,0,0,0,0,0,0,0,0,2026-03-20
[หนังสือ] ฉันจะมีชีวิตที่ดี,[หนังสือ] ฉันจะมีชีวิตที่ดี,883.73,314.98,0,19.07,549.68,0,0,0,0,0,0,1475,0,0,0,1180,295,0,0,0,0,0,59.91,0,0,0,46.58,0,0,0,0,0,0,2026-03-21
[หนังสือ] ฉันจะมีชีวิตที่ดี,*OPD [E-BOOK] ฉันจะมีชีวิตที่ดี,0,0,0,0,0,0,0,0,0,0,0,0,0,0,0,0,0,0,0,0,0,0,0,0,0,0,0,0,0,0,0,0,0,2026-03-21
[หนังสือ] เมื่อโลกทั้งใบซ่อนอยู่ใต้หมวกกันน็อก (HELMET GIRL),[หนังสือ] เมื่อโลกทั้งใบซ่อนอยู่ใต้หมวกกันน็อก (HELMET GIRL),0,0,0,0,0,0,0,0,0,0,0,326,0,0,0,0,326,0,0,0,0,0,0,0,0,0,0,0,0,0,0,0,0,2026-03-21
[หนังสือ] เมื่อโลกทั้งใบซ่อนอยู่ใต้หมวกกันน็อก (HELMET GIRL),*OPD [E-BOOK] เมื่อโลกทั้งใบซ่อนอยู่ใต้หมวกกันน็อก (HELMET GIRL),0,0,0,0,0,0,0,0,0,0,0,0,0,0,0,0,0,0,0,0,0,0,0,0,0,0,0,0,0,0,0,0,0,2026-03-21
[หนังสือ] เมื่อโลกทั้งใบซ่อนอยู่ใต้หมวกกันน็อก (HELMET GIRL),[หนังสือ] BOXSET เมื่อโลกทั้งใบซ่อนอยู่ใต้หมวกกันน็อก (HELMET GIRL),0,0,0,0,0,0,0,0,0,0,0,0,0,0,0,0,0,0,0,0,0,0,0,0,0,0,0,0,0,0,0,0,0,2026-03-21
[หนังสือ] วันไหนที่ใจแข็งแรง ดอกไม้จะผลิบาน THE ENCHANTED GARDEN,[หนังสือ] วันไหนที่ใจแข็งแรง ดอกไม้จะผลิบาน THE ENCHANTED GARDEN,531.05,0,0,43.06,487.99,0,0,0,0,0,0,390,0,0,0,0,390,0,0,0,0,0,136.17,0,0,0,0,0,0,0,0,0,0,2026-03-21
[หนังสือ] วันไหนที่ใจแข็งแรง ดอกไม้จะผลิบาน THE ENCHANTED GARDEN,*OPD [E-BOOK] วันไหนที่ใจแข็งแรง ดอกไม้จะผลิบาน THE ENCHANTED GARDEN,0,0,0,0,0,0,0,0,0,0,0,0,0,0,0,0,0,0,0,0,0,0,0,0,0,0,0,0,0,0,0,0,0,2026-03-21
[หนังสือ] วันไหนที่ใจแข็งแรง ดอกไม้จะผลิบาน THE ENCHANTED GARDEN,[หนังสือ] สวนของหัวใจ BLOSSOMS OF THE SOUL’S GARDEN,0,0,0,0,0,0,0,0,0,0,0,1021,400,0,0,621,0,0,0,0,0,0,0,0,0,0,0,0,0,0,0,0,0,2026-03-21
[หนังสือ] ยินดีต้อนรับและขอบคุณที่กลับมา,[หนังสือ] ยินดีต้อนรับและขอบคุณที่กลับมา,223.08,0,0,216.83,6.25,0,0,0,0,0,0,499,200,0,299,0,0,0,0,0,0,0,44.71,0,0,72.52,0,0,0,0,0,0,0,2026-03-21
[หนังสือ] ยินดีต้อนรับและขอบคุณที่กลับมา,*OPD [E-BOOK] ยินดีต้อนรับและขอบคุณที่กลับมา,0,0,0,0,0,0,0,0,0,0,0,179,179,0,0,0,0,0,0,0,0,0,0,0,0,0,0,0,0,0,0,0,0,2026-03-21
[หนังสือ] ปีศาจตัวนั้น คือฉันเอง A GUIDE TO FIGHT THE DEMONS IN MY HEART,[หนังสือ] ปีศาจตัวนั้น คือฉันเอง A GUIDE TO FIGHT THE DEMONS IN MY HEART,3677.83,0,0,1348.28,2201.52,0,128.03,0,0,0,0,0,0,0,0,0,0,0,0,0,0,0,0,0,0,0,0,0,0,0,0,0,0,2026-03-21
[หนังสือ] ปีศาจตัวนั้น คือฉันเอง A GUIDE TO FIGHT THE DEMONS IN MY HEART,*OPD [E-BOOK] ปีศาจตัวนั้น คือฉันเอง A GUIDE TO FIGHTING THE DEMONS IN MY HEART,0,0,0,0,0,0,0,0,0,0,0,0,0,0,0,0,0,0,0,0,0,0,0,0,0,0,0,0,0,0,0,0,0,2026-03-21
[หนังสือ] ปีศาจตัวนั้น คือฉันเอง A GUIDE TO FIGHT THE DEMONS IN MY HEART,*[E-BOOK] ปีศาจตัวนั้น คือฉันเอง A GUIDE TO FIGHTING THE DEMONS IN MY HEART,0,0,0,0,0,0,0,0,0,0,0,0,0,0,0,0,0,0,0,0,0,0,0,0,0,0,0,0,0,0,0,0,0,2026-03-21
[หนังสือ] ปีศาจตัวนั้น คือฉันเอง A GUIDE TO FIGHT THE DEMONS IN MY HEART,[หนังสือ] ปีศาจตัวนั้น คือฉันเอง A GUIDE TO FIGHTING THE DEMONS IN MY HEART,0,0,0,0,0,0,0,0,0,0,0,10421,0,0,3233,5752,1436,0,0,0,0,0,0,0,0,0,0,0,0,0,0,0,0,2026-03-21
[หนังสือ] ปีศาจตัวนั้น คือฉันเอง 2 A GUIDE TO OVERCOMING THE RETURN OF THE DEMONS,[หนังสือ] ปีศาจตัวนั้น คือฉันเอง 2 A GUIDE TO OVERCOMING THE RETURN OF THE DEMONS,1138.98,0,0,515.74,564.69,0,58.55,0,0,0,0,1481,0,0,299,1182,0,0,0,0,0,0,76.91,0,0,172.49,47.77,0,0,0,0,0,0,2026-03-21
[หนังสือ] ปีศาจตัวนั้น คือฉันเอง 2 A GUIDE TO OVERCOMING THE RETURN OF THE DEMONS,*OPD [E-BOOK] ปีศาจตัวนั้น คือฉันเอง 2 A GUIDE TO OVERCOMING THE RETURN OF THE DEMONS,0,0,0,0,0,0,0,0,0,0,0,0,0,0,0,0,0,0,0,0,0,0,0,0,0,0,0,0,0,0,0,0,0,2026-03-21
[หนังสือ] ปีศาจความรักมักเลือกฉันเป็นเหยื่อ HOW TO FIGHT THE LOVE DEMON IN MY HEART,[หนังสือ] ปีศาจความรักมักเลือกฉันเป็นเหยื่อ HOW TO FIGHT THE LOVE DEMON IN MY HEART,322.23,0,0,18.62,303.61,0,0,0,0,0,0,2425,0,0,0,1137,1288,0,0,0,0,0,13.29,0,0,0,26.7,0,0,0,0,0,0,2026-03-21
[หนังสือ] ปีศาจความรักมักเลือกฉันเป็นเหยื่อ HOW TO FIGHT THE LOVE DEMON IN MY HEART,*OPD [E-BOOK] ปีศาจความรักมักเลือกฉันเป็นเหยื่อ HOW TO FIGHT THE LOVE DEMON IN MY HEART,0,0,0,0,0,0,0,0,0,0,0,0,0,0,0,0,0,0,0,0,0,0,0,0,0,0,0,0,0,0,0,0,0,2026-03-21
[หนังสือ] ถ้าโลกมันแย่ ก็แค่คิดแบบคาปิบาร่า THINK LIKE A HAPPYBARA,[หนังสือ] ถ้าโลกมันแย่ ก็แค่คิดแบบคาปิบาร่า THINK LIKE A HAPPYBARA,239.67,0,0,19.83,219.84,0,0,0,0,0,0,992,300,0,0,0,692,0,0,0,0,0,24.16,0,0,0,0,0,0,0,0,0,0,2026-03-21
[หนังสือ] ถ้าโลกมันแย่ ก็แค่คิดแบบคาปิบาร่า THINK LIKE A HAPPYBARA,*OPD [E-BOOK] ถ้าโลกมันแย่ ก็แค่คิดแบบคาปิบาร่า THINK LIKE A HAPPYBARA,0,0,0,0,0,0,0,0,0,0,0,0,0,0,0,0,0,0,0,0,0,0,0,0,0,0,0,0,0,0,0,0,0,2026-03-21
[หนังสือ] ถ้าโลกมันแย่ ก็แค่คิดแบบคาปิบาร่า THINK LIKE A HAPPYBARA,[หนังสือ] BOXSET ถ้าโลกมันแย่ ก็แค่คิดแบบคาปิบาร่า THINK LIKE A HAPPYBARA,0,0,0,0,0,0,0,0,0,0,0,400,400,0,0,0,0,0,0,0,0,0,0,0,0,0,0,0,0,0,0,0,0,2026-03-21
[หนังสือ] เหนื่อยมากไหม พักก่อนก็ได้นะวันนี้,[หนังสือ] เหนื่อยมากไหม พักก่อนก็ได้นะวันนี้,330.5,330.5,0,0,0,0,0,0,0,0,0,0,0,0,0,0,0,0,0,0,0,0,0,0,0,0,0,0,0,0,0,0,0,2026-03-21
[หนังสือ] เหนื่อยมากไหม พักก่อนก็ได้นะวันนี้,*OPD [E-BOOK] เหนื่อยมากไหม พักก่อนก็ได้นะวันนี้,0,0,0,0,0,0,0,0,0,0,0,0,0,0,0,0,0,0,0,0,0,0,0,0,0,0,0,0,0,0,0,0,0,2026-03-21
[หนังสือ] เหนื่อยมากไหม พักก่อนก็ได้นะวันนี้,[หนังสือ] BOXSET เหนื่อยมากไหม พักก่อนก็ได้นะวันนี้,0,0,0,0,0,0,0,0,0,0,0,450,0,0,450,0,0,0,0,0,0,0,0,0,0,0,0,0,0,0,0,0,0,2026-03-21
[หนังสือ] โอบกอดความไม่สมบูรณ์แบบของเธอ (EMBRACE YOUR FLAWS),[หนังสือ] โอบกอดความไม่สมบูรณ์แบบของเธอ (EMBRACE YOUR FLAWS),2427.38,0,0,150.38,2277,0,0,0,0,0,0,14283,0,0,636,12483,1164,0,0,0,0,0,16.99,0,0,23.64,18.24,0,0,0,0,0,0,2026-03-21
[หนังสือ] โอบกอดความไม่สมบูรณ์แบบของเธอ (EMBRACE YOUR FLAWS),*OPD [E-BOOK] โอบกอดความไม่สมบูรณ์แบบของเธอ (EMBRACE YOUR FLAWS),0,0,0,0,0,0,0,0,0,0,0,0,0,0,0,0,0,0,0,0,0,0,0,0,0,0,0,0,0,0,0,0,0,2026-03-21
[หนังสือ] ขอใช้ชีวิตที่เหลือ เพื่อตัวเองนะ,[หนังสือ] ขอใช้ชีวิตที่เหลือ เพื่อตัวเองนะ,859.48,680.79,0,30.31,148.38,0,0,0,0,0,0,2224,1845,0,0,379,0,0,0,0,0,0,38.65,36.9,0,0,39.15,0,0,0,0,0,0,2026-03-21
[หนังสือ] ขอใช้ชีวิตที่เหลือ เพื่อตัวเองนะ,*OPD [E-BOOK] ขอใช้ชีวิตที่เหลือ เพื่อตัวเองนะ,0,0,0,0,0,0,0,0,0,0,0,0,0,0,0,0,0,0,0,0,0,0,0,0,0,0,0,0,0,0,0,0,0,2026-03-21
[หนังสือ] กับดักความรู้สึกผิด,[หนังสือ] กับดักความรู้สึกผิด,15459.67,13525.83,0,1148.09,218.59,345.39,221.77,0,0,0,0,28916.33,16155,0,2682,987,7660,377.33,696,0,359,0,53.46,83.73,0,42.81,22.15,49.62,2.9,0,0,0,0,2026-03-21
[หนังสือ] กับดักความรู้สึกผิด,*OPD [E-BOOK] กับดักความรู้สึกผิด,0,0,0,0,0,0,0,0,0,0,0,180,180,0,0,0,0,0,0,0,0,0,0,0,0,0,0,0,0,0,0,0,0,2026-03-21
[หนังสือ] กว่าจะคิดได้ ก็ไม่มีลมหายใจแล้ว (IT IS NEVER TOO LATE TO LOVE YOURSELF),[หนังสือ] กว่าจะคิดได้ ก็ไม่มีลมหายใจแล้ว (IT IS NEVER TOO LATE TO LOVE YOURSELF),0,0,0,0,0,0,0,0,0,0,0,0,0,0,0,0,0,0,0,0,0,0,0,0,0,0,0,0,0,0,0,0,0,2026-03-21
[หนังสือ] กว่าจะคิดได้ ก็ไม่มีลมหายใจแล้ว (IT IS NEVER TOO LATE TO LOVE YOURSELF),*OPD [E-BOOK] กว่าจะคิดได้ ก็ไม่มีลมหายใจแล้ว (IT IS NEVER TOO LATE TO LOVE YOURSELF),0,0,0,0,0,0,0,0,0,0,0,0,0,0,0,0,0,0,0,0,0,0,0,0,0,0,0,0,0,0,0,0,0,2026-03-21
[หนังสือ] THE WITCHES' CLUB ชมรมลับเปลี่ยนชีวิต,[หนังสือ] THE WITCHES' CLUB ชมรมลับเปลี่ยนชีวิต,3659.79,851.38,0,1367.84,1372.47,0,68.1,0,0,0,0,0,0,0,0,0,0,0,0,0,0,0,0,0,0,0,0,0,0,0,0,0,0,2026-03-21
[หนังสือ] THE WITCHES' CLUB ชมรมลับเปลี่ยนชีวิต,*OPD [E-BOOK] THE WITCHES' CLUB ชมรมลับเปลี่ยนชีวิต,0,0,0,0,0,0,0,0,0,0,0,0,0,0,0,0,0,0,0,0,0,0,0,0,0,0,0,0,0,0,0,0,0,2026-03-21
[หนังสือ] THE WITCHES' CLUB ชมรมลับเปลี่ยนชีวิต,*[E-BOOK] THE WITCHES' CLUB ชมรมลับเปลี่ยนชีวิต,0,0,0,0,0,0,0,0,0,0,0,0,0,0,0,0,0,0,0,0,0,0,0,0,0,0,0,0,0,0,0,0,0,2026-03-21
[หนังสือ] THE WITCHES' CLUB ชมรมลับเปลี่ยนชีวิต,[หนังสือ] BOXSET THE WITCHES' CLUB ชมรมลับเปลี่ยนชีวิต,0,0,0,0,0,0,0,0,0,0,0,11363,2388,0,5231,3154,590,0,0,0,0,0,0,0,0,0,0,0,0,0,0,0,0,2026-03-21
[หนังสือ] MY LAST BOOK (A GENTLE GUIDE AND PREPARATION FOR LIFE’S FINAL CHAPTER),[หนังสือ] MY LAST BOOK (A GENTLE GUIDE AND PREPARATION FOR LIFE’S FINAL CHAPTER),0,0,0,0,0,0,0,0,0,0,0,300,300,0,0,0,0,0,0,0,0,0,0,0,0,0,0,0,0,0,0,0,0,2026-03-21
[หนังสือ] GHOSTLY REMAINS ปลดพันธนาการดวงวิญญาณหลังความตาย,[หนังสือ] GHOSTLY REMAINS ปลดพันธนาการดวงวิญญาณหลังความตาย,516.26,274.6,0,42.5,199.16,0,0,0,0,0,0,1017,1017,0,0,0,0,0,0,0,0,0,50.76,27,0,0,0,0,0,0,0,0,0,2026-03-21
[หนังสือ] GHOSTLY BREWS ยินดีบริการดวงวิญญาณหลังเที่ยงคืน,[หนังสือ] GHOSTLY BREWS ยินดีบริการดวงวิญญาณหลังเที่ยงคืน,2115.76,1311.75,0,332.91,413.95,0,56.4,0.75,0,0,0,3219,1529,0,628,299,763,0,0,0,0,0,65.73,85.79,0,53.01,138.44,0,7.39,0,0,0,0,2026-03-21
[หนังสือ] GHOSTLY BREWS ยินดีบริการดวงวิญญาณหลังเที่ยงคืน,*OPD [E-BOOK] GHOSTLY BREWS ยินดีบริการดวงวิญญาณหลังเที่ยงคืน,0,0,0,0,0,0,0,0,0,0,0,0,0,0,0,0,0,0,0,0,0,0,0,0,0,0,0,0,0,0,0,0,0,2026-03-21
[หนังสือ] GHOSTLY BREWS ยินดีบริการดวงวิญญาณหลังเที่ยงคืน,*[E-BOOK] GHOSTLY BREWS ยินดีบริการดวงวิญญาณหลังเที่ยงคืน,0,0,0,0,0,0,0,0,0,0,0,0,0,0,0,0,0,0,0,0,0,0,0,0,0,0,0,0,0,0,0,0,0,2026-03-21
[หนังสือ] ความลับสู่เงินล้านที่โรงเรียนไม่เคยสอน (THE MILLIONAIRE'S TOP SECRET),[หนังสือ] ความลับสู่เงินล้านที่โรงเรียนไม่เคยสอน (THE MILLIONAIRE'S TOP SECRET),351.47,0,0,21.45,330.02,0,0,0,0,0,0,987,0,0,0,987,0,0,0,0,0,0,35.61,0,0,0,33.44,0,0,0,0,0,0,2026-03-21
[หนังสือ] ความลับสู่เงินล้านที่โรงเรียนไม่เคยสอน (THE MILLIONAIRE'S TOP SECRET),*OPD [E-BOOK] ความลับสู่เงินล้านที่โรงเรียนไม่เคยสอน (THE MILLIONAIRE'S TOP SECRET),0,0,0,0,0,0,0,0,0,0,0,598,0,0,0,0,0,0,0,0,0,598,0,0,0,0,0,0,0,0,0,0,0,2026-03-21
[หนังสือ] ความลับสู่เงินล้านที่โรงเรียนไม่เคยสอน (THE MILLIONAIRE'S TOP SECRET),[หนังสือ] ความลับสู่เงินล้านที่โรงเรียนไม่เคยสอน (THE MILLIONAIRE'S TOP SECRET),397.03,0,0,24.68,372.35,0,0,0,0,0,0,1316,0,0,658,0,658,0,0,0,0,0,30.17,0,0,3.75,0,0,0,0,0,0,0,2026-03-22
[หนังสือ] ความลับสู่เงินล้านที่โรงเรียนไม่เคยสอน (THE MILLIONAIRE'S TOP SECRET),*OPD [E-BOOK] ความลับสู่เงินล้านที่โรงเรียนไม่เคยสอน (THE MILLIONAIRE'S TOP SECRET),0,0,0,0,0,0,0,0,0,0,0,0,0,0,0,0,0,0,0,0,0,0,0,0,0,0,0,0,0,0,0,0,0,2026-03-22
[หนังสือ] วันไหนที่ใจแข็งแรง ดอกไม้จะผลิบาน THE ENCHANTED GARDEN,[หนังสือ] วันไหนที่ใจแข็งแรง ดอกไม้จะผลิบาน THE ENCHANTED GARDEN,638.24,0,0,61.85,576.39,0,0,0,0,0,0,780,0,0,390,390,0,0,0,0,0,0,81.83,0,0,15.86,147.79,0,0,0,0,0,0,2026-03-22
[หนังสือ] วันไหนที่ใจแข็งแรง ดอกไม้จะผลิบาน THE ENCHANTED GARDEN,*OPD [E-BOOK] วันไหนที่ใจแข็งแรง ดอกไม้จะผลิบาน THE ENCHANTED GARDEN,0,0,0,0,0,0,0,0,0,0,0,0,0,0,0,0,0,0,0,0,0,0,0,0,0,0,0,0,0,0,0,0,0,2026-03-22
[หนังสือ] วันไหนที่ใจแข็งแรง ดอกไม้จะผลิบาน THE ENCHANTED GARDEN,[หนังสือ] สวนของหัวใจ BLOSSOMS OF THE SOUL’S GARDEN,0,0,0,0,0,0,0,0,0,0,0,0,0,0,0,0,0,0,0,0,0,0,0,0,0,0,0,0,0,0,0,0,0,2026-03-22
[หนังสือ] ยินดีต้อนรับและขอบคุณที่กลับมา,[หนังสือ] ยินดีต้อนรับและขอบคุณที่กลับมา,218.15,0,0,216.31,1.84,0,0,0,0,0,0,658,0,0,299,0,359,0,0,0,0,0,33.15,0,0,72.34,0,0,0,0,0,0,0,2026-03-22
[หนังสือ] ยินดีต้อนรับและขอบคุณที่กลับมา,*OPD [E-BOOK] ยินดีต้อนรับและขอบคุณที่กลับมา,0,0,0,0,0,0,0,0,0,0,0,179,179,0,0,0,0,0,0,0,0,0,0,0,0,0,0,0,0,0,0,0,0,2026-03-22
[หนังสือ] ปีศาจตัวนั้น คือฉันเอง A GUIDE TO FIGHT THE DEMONS IN MY HEART,[หนังสือ] ปีศาจตัวนั้น คือฉันเอง A GUIDE TO FIGHT THE DEMONS IN MY HEART,10561.14,0,0,867.93,9574.89,0,118.32,0,0,0,0,0,0,0,0,0,0,0,0,0,0,0,0,0,0,0,0,0,0,0,0,0,0,2026-03-22
[หนังสือ] ปีศาจตัวนั้น คือฉันเอง A GUIDE TO FIGHT THE DEMONS IN MY HEART,*OPD [E-BOOK] ปีศาจตัวนั้น คือฉันเอง A GUIDE TO FIGHTING THE DEMONS IN MY HEART,0,0,0,0,0,0,0,0,0,0,0,0,0,0,0,0,0,0,0,0,0,0,0,0,0,0,0,0,0,0,0,0,0,2026-03-22
[หนังสือ] ปีศาจตัวนั้น คือฉันเอง A GUIDE TO FIGHT THE DEMONS IN MY HEART,*[E-BOOK] ปีศาจตัวนั้น คือฉันเอง A GUIDE TO FIGHTING THE DEMONS IN MY HEART,0,0,0,0,0,0,0,0,0,0,0,0,0,0,0,0,0,0,0,0,0,0,0,0,0,0,0,0,0,0,0,0,0,2026-03-22
[หนังสือ] ปีศาจตัวนั้น คือฉันเอง 2 A GUIDE TO OVERCOMING THE RETURN OF THE DEMONS,[หนังสือ] ปีศาจตัวนั้น คือฉันเอง 2 A GUIDE TO OVERCOMING THE RETURN OF THE DEMONS,1310.89,0,0,481.89,728.32,0,94.6,6.08,0,0,0,4704.43,300,0,2691,598,709,406.43,0,0,0,0,27.87,0,0,17.91,121.79,0,13.34,1.5,0,0,0,2026-03-22
[หนังสือ] ปีศาจตัวนั้น คือฉันเอง 2 A GUIDE TO OVERCOMING THE RETURN OF THE DEMONS,*OPD [E-BOOK] ปีศาจตัวนั้น คือฉันเอง 2 A GUIDE TO OVERCOMING THE RETURN OF THE DEMONS,0,0,0,0,0,0,0,0,0,0,0,0,0,0,0,0,0,0,0,0,0,0,0,0,0,0,0,0,0,0,0,0,0,2026-03-22
[หนังสือ] ปีศาจความรักมักเลือกฉันเป็นเหยื่อ HOW TO FIGHT THE LOVE DEMON IN MY HEART,[หนังสือ] ปีศาจความรักมักเลือกฉันเป็นเหยื่อ HOW TO FIGHT THE LOVE DEMON IN MY HEART,259.08,0,0,11.86,247.22,0,0,0,0,0,0,1448.03,0,0,758,0,303,387.03,0,0,0,0,17.89,0,0,1.56,0,0,0,0,0,0,0,2026-03-22
[หนังสือ] ปีศาจความรักมักเลือกฉันเป็นเหยื่อ HOW TO FIGHT THE LOVE DEMON IN MY HEART,*OPD [E-BOOK] ปีศาจความรักมักเลือกฉันเป็นเหยื่อ HOW TO FIGHT THE LOVE DEMON IN MY HEART,0,0,0,0,0,0,0,0,0,0,0,359,0,0,0,0,359,0,0,0,0,0,0,0,0,0,0,0,0,0,0,0,0,2026-03-22
[หนังสือ] ถ้าโลกมันแย่ ก็แค่คิดแบบคาปิบาร่า THINK LIKE A HAPPYBARA,[หนังสือ] ถ้าโลกมันแย่ ก็แค่คิดแบบคาปิบาร่า THINK LIKE A HAPPYBARA,446.63,0,0,56.79,389.84,0,0,0,0,0,0,390,0,0,390,0,0,0,0,0,0,0,114.52,0,0,14.56,0,0,0,0,0,0,0,2026-03-22
[หนังสือ] ถ้าโลกมันแย่ ก็แค่คิดแบบคาปิบาร่า THINK LIKE A HAPPYBARA,*OPD [E-BOOK] ถ้าโลกมันแย่ ก็แค่คิดแบบคาปิบาร่า THINK LIKE A HAPPYBARA,0,0,0,0,0,0,0,0,0,0,0,0,0,0,0,0,0,0,0,0,0,0,0,0,0,0,0,0,0,0,0,0,0,2026-03-22
[หนังสือ] ถ้าโลกมันแย่ ก็แค่คิดแบบคาปิบาร่า THINK LIKE A HAPPYBARA,[หนังสือ] BOXSET ถ้าโลกมันแย่ ก็แค่คิดแบบคาปิบาร่า THINK LIKE A HAPPYBARA,0,0,0,0,0,0,0,0,0,0,0,1180,0,0,590,0,590,0,0,0,0,0,0,0,0,0,0,0,0,0,0,0,0,2026-03-22
[หนังสือ] ฉันจะมีชีวิตที่ดี,[หนังสือ] ฉันจะมีชีวิตที่ดี,833.7,510.75,0,24.45,298.5,0,0,0,0,0,0,2360,1180,0,0,0,885,295,0,0,0,0,35.33,43.28,0,0,0,0,0,0,0,0,0,2026-03-22
[หนังสือ] ฉันจะมีชีวิตที่ดี,*OPD [E-BOOK] ฉันจะมีชีวิตที่ดี,0,0,0,0,0,0,0,0,0,0,0,0,0,0,0,0,0,0,0,0,0,0,0,0,0,0,0,0,0,0,0,0,0,2026-03-22
[หนังสือ] ปีศาจตัวนั้น คือฉันเอง A GUIDE TO FIGHT THE DEMONS IN MY HEART,[หนังสือ] ปีศาจตัวนั้น คือฉันเอง A GUIDE TO FIGHTING THE DEMONS IN MY HEART,0,0,0,0,0,0,0,0,0,0,0,8548,300,0,5424,1370,1095,359,0,0,0,0,0,0,0,0,0,0,0,0,0,0,0,2026-03-22
[หนังสือ] โอบกอดความไม่สมบูรณ์แบบของเธอ (EMBRACE YOUR FLAWS),[หนังสือ] โอบกอดความไม่สมบูรณ์แบบของเธอ (EMBRACE YOUR FLAWS),4451.62,0,0,183.38,4268.24,0,0,0,0,0,0,24017,279,0,18210,3459,2069,0,0,0,0,0,18.54,0,0,1.01,123.4,0,0,0,0,0,0,2026-03-22
[หนังสือ] ขอใช้ชีวิตที่เหลือ เพื่อตัวเองนะ,[หนังสือ] ขอใช้ชีวิตที่เหลือ เพื่อตัวเองนะ,789.95,600.99,0,39.13,149.83,0,0,0,0,0,0,1175,200,0,975,0,0,0,0,0,0,0,67.23,300.5,0,4.01,0,0,0,0,0,0,0,2026-03-22
[หนังสือ] ขอใช้ชีวิตที่เหลือ เพื่อตัวเองนะ,*OPD [E-BOOK] ขอใช้ชีวิตที่เหลือ เพื่อตัวเองนะ,0,0,0,0,0,0,0,0,0,0,0,0,0,0,0,0,0,0,0,0,0,0,0,0,0,0,0,0,0,0,0,0,0,2026-03-22
[หนังสือ] กับดักความรู้สึกผิด,[หนังสือ] กับดักความรู้สึกผิด,19859.64,18355.17,0,647.72,169.01,487.74,200,0,0,0,0,40846.63,21780,0,1695,0,13824,654.63,1740,0,1153,0,48.62,84.28,0,38.21,0,28.03,1.45,0,0,0,0,2026-03-22
[หนังสือ] กับดักความรู้สึกผิด,*OPD [E-BOOK] กับดักความรู้สึกผิด,0,0,0,0,0,0,0,0,0,0,0,180,180,0,0,0,0,0,0,0,0,0,0,0,0,0,0,0,0,0,0,0,0,2026-03-22
[หนังสือ] กว่าจะคิดได้ ก็ไม่มีลมหายใจแล้ว (IT IS NEVER TOO LATE TO LOVE YOURSELF),[หนังสือ] กว่าจะคิดได้ ก็ไม่มีลมหายใจแล้ว (IT IS NEVER TOO LATE TO LOVE YOURSELF),0,0,0,0,0,0,0,0,0,0,0,598,0,0,598,0,0,0,0,0,0,0,0,0,0,0,0,0,0,0,0,0,0,2026-03-22
[หนังสือ] กว่าจะคิดได้ ก็ไม่มีลมหายใจแล้ว (IT IS NEVER TOO LATE TO LOVE YOURSELF),*OPD [E-BOOK] กว่าจะคิดได้ ก็ไม่มีลมหายใจแล้ว (IT IS NEVER TOO LATE TO LOVE YOURSELF),0,0,0,0,0,0,0,0,0,0,0,0,0,0,0,0,0,0,0,0,0,0,0,0,0,0,0,0,0,0,0,0,0,2026-03-22
[หนังสือ] THE WITCHES' CLUB ชมรมลับเปลี่ยนชีวิต,[หนังสือ] THE WITCHES' CLUB ชมรมลับเปลี่ยนชีวิต,2411.13,750.65,0,733.69,898.13,0,28.66,0,0,0,0,998,0,0,608,0,390,0,0,0,0,0,241.6,0,0,120.67,0,0,7.35,0,0,0,0,2026-03-22
[หนังสือ] THE WITCHES' CLUB ชมรมลับเปลี่ยนชีวิต,*OPD [E-BOOK] THE WITCHES' CLUB ชมรมลับเปลี่ยนชีวิต,0,0,0,0,0,0,0,0,0,0,0,0,0,0,0,0,0,0,0,0,0,0,0,0,0,0,0,0,0,0,0,0,0,2026-03-22
[หนังสือ] THE WITCHES' CLUB ชมรมลับเปลี่ยนชีวิต,*[E-BOOK] THE WITCHES' CLUB ชมรมลับเปลี่ยนชีวิต,0,0,0,0,0,0,0,0,0,0,0,0,0,0,0,0,0,0,0,0,0,0,0,0,0,0,0,0,0,0,0,0,0,2026-03-22
[หนังสือ] โอบกอดความไม่สมบูรณ์แบบของเธอ (EMBRACE YOUR FLAWS),*OPD [E-BOOK] โอบกอดความไม่สมบูรณ์แบบของเธอ (EMBRACE YOUR FLAWS),0,0,0,0,0,0,0,0,0,0,0,0,0,0,0,0,0,0,0,0,0,0,0,0,0,0,0,0,0,0,0,0,0,2026-03-22
[หนังสือ] THE WITCHES' CLUB ชมรมลับเปลี่ยนชีวิต,[หนังสือ] BOXSET THE WITCHES' CLUB ชมรมลับเปลี่ยนชีวิต,0,0,0,0,0,0,0,0,0,0,0,3564,499,0,1976,0,590,0,0,0,499,0,0,0,0,0,0,0,0,0,0,0,0,2026-03-22
[หนังสือ] MY LAST BOOK (A GENTLE GUIDE AND PREPARATION FOR LIFE’S FINAL CHAPTER),[หนังสือ] MY LAST BOOK (A GENTLE GUIDE AND PREPARATION FOR LIFE’S FINAL CHAPTER),0,0,0,0,0,0,0,0,0,0,0,798,798,0,0,0,0,0,0,0,0,0,0,0,0,0,0,0,0,0,0,0,0,2026-03-22
[หนังสือ] GHOSTLY REMAINS ปลดพันธนาการดวงวิญญาณหลังความตาย,[หนังสือ] GHOSTLY REMAINS ปลดพันธนาการดวงวิญญาณหลังความตาย,884.81,641.2,0,45.62,197.99,0,0,0,0,0,0,1232,659,0,204,0,369,0,0,0,0,0,71.82,97.3,0,22.36,0,0,0,0,0,0,0,2026-03-22
[หนังสือ] GHOSTLY BREWS ยินดีบริการดวงวิญญาณหลังเที่ยงคืน,[หนังสือ] GHOSTLY BREWS ยินดีบริการดวงวิญญาณหลังเที่ยงคืน,1840.82,1056.65,0,350.5,396.31,0,37.36,0,0,0,0,4020,957,0,1646,329,1088,0,0,0,0,0,45.79,110.41,0,21.29,120.46,0,3.43,0,0,0,0,2026-03-22
[หนังสือ] GHOSTLY BREWS ยินดีบริการดวงวิญญาณหลังเที่ยงคืน,*OPD [E-BOOK] GHOSTLY BREWS ยินดีบริการดวงวิญญาณหลังเที่ยงคืน,0,0,0,0,0,0,0,0,0,0,0,0,0,0,0,0,0,0,0,0,0,0,0,0,0,0,0,0,0,0,0,0,0,2026-03-22
[หนังสือ] GHOSTLY BREWS ยินดีบริการดวงวิญญาณหลังเที่ยงคืน,*[E-BOOK] GHOSTLY BREWS ยินดีบริการดวงวิญญาณหลังเที่ยงคืน,0,0,0,0,0,0,0,0,0,0,0,0,0,0,0,0,0,0,0,0,0,0,0,0,0,0,0,0,0,0,0,0,0,2026-03-22
[หนังสือ] เหนื่อยมากไหม พักก่อนก็ได้นะวันนี้,[หนังสือ] เหนื่อยมากไหม พักก่อนก็ได้นะวันนี้,340.88,340.88,0,0,0,0,0,0,0,0,0,0,0,0,0,0,0,0,0,0,0,0,0,0,0,0,0,0,0,0,0,0,0,2026-03-22
[หนังสือ] เหนื่อยมากไหม พักก่อนก็ได้นะวันนี้,*OPD [E-BOOK] เหนื่อยมากไหม พักก่อนก็ได้นะวันนี้,0,0,0,0,0,0,0,0,0,0,0,0,0,0,0,0,0,0,0,0,0,0,0,0,0,0,0,0,0,0,0,0,0,2026-03-22
[หนังสือ] เหนื่อยมากไหม พักก่อนก็ได้นะวันนี้,[หนังสือ] BOXSET เหนื่อยมากไหม พักก่อนก็ได้นะวันนี้,0,0,0,0,0,0,0,0,0,0,0,1040,590,0,450,0,0,0,0,0,0,0,0,0,0,0,0,0,0,0,0,0,0,2026-03-22
[หนังสือ] ฉันจะมีชีวิตที่ดี,[หนังสือ] ฉันจะมีชีวิตที่ดี,668.59,370.01,0,38.18,260.4,0,0,0,0,0,0,572,0,0,277,0,295,0,0,0,0,0,116.89,0,0,13.78,0,0,0,0,0,0,0,2026-03-23
[หนังสือ] ฉันจะมีชีวิตที่ดี,*OPD [E-BOOK] ฉันจะมีชีวิตที่ดี,0,0,0,0,0,0,0,0,0,0,0,0,0,0,0,0,0,0,0,0,0,0,0,0,0,0,0,0,0,0,0,0,0,2026-03-23
[หนังสือ] เมื่อโลกทั้งใบซ่อนอยู่ใต้หมวกกันน็อก (HELMET GIRL),[หนังสือ] เมื่อโลกทั้งใบซ่อนอยู่ใต้หมวกกันน็อก (HELMET GIRL),0,0,0,0,0,0,0,0,0,0,0,689,0,0,0,299,390,0,0,0,0,0,0,0,0,0,0,0,0,0,0,0,0,2026-03-23
[หนังสือ] เมื่อโลกทั้งใบซ่อนอยู่ใต้หมวกกันน็อก (HELMET GIRL),*OPD [E-BOOK] เมื่อโลกทั้งใบซ่อนอยู่ใต้หมวกกันน็อก (HELMET GIRL),0,0,0,0,0,0,0,0,0,0,0,0,0,0,0,0,0,0,0,0,0,0,0,0,0,0,0,0,0,0,0,0,0,2026-03-23
[หนังสือ] เมื่อโลกทั้งใบซ่อนอยู่ใต้หมวกกันน็อก (HELMET GIRL),[หนังสือ] BOXSET เมื่อโลกทั้งใบซ่อนอยู่ใต้หมวกกันน็อก (HELMET GIRL),0,0,0,0,0,0,0,0,0,0,0,0,0,0,0,0,0,0,0,0,0,0,0,0,0,0,0,0,0,0,0,0,0,2026-03-23
[หนังสือ] วันไหนที่ใจแข็งแรง ดอกไม้จะผลิบาน THE ENCHANTED GARDEN,[หนังสือ] วันไหนที่ใจแข็งแรง ดอกไม้จะผลิบาน THE ENCHANTED GARDEN,1060.25,0,0,72.13,988.12,0,0,0,0,0,0,1080,0,0,690,390,0,0,0,0,0,0,98.17,0,0,10.45,253.36,0,0,0,0,0,0,2026-03-23
[หนังสือ] วันไหนที่ใจแข็งแรง ดอกไม้จะผลิบาน THE ENCHANTED GARDEN,*OPD [E-BOOK] วันไหนที่ใจแข็งแรง ดอกไม้จะผลิบาน THE ENCHANTED GARDEN,0,0,0,0,0,0,0,0,0,0,0,0,0,0,0,0,0,0,0,0,0,0,0,0,0,0,0,0,0,0,0,0,0,2026-03-23
[หนังสือ] วันไหนที่ใจแข็งแรง ดอกไม้จะผลิบาน THE ENCHANTED GARDEN,[หนังสือ] สวนของหัวใจ BLOSSOMS OF THE SOUL’S GARDEN,0,0,0,0,0,0,0,0,0,0,0,1242,0,0,0,1242,0,0,0,0,0,0,0,0,0,0,0,0,0,0,0,0,0,2026-03-23
[หนังสือ] ยินดีต้อนรับและขอบคุณที่กลับมา,[หนังสือ] ยินดีต้อนรับและขอบคุณที่กลับมา,244.55,0,0,212.13,32.42,0,0,0,0,0,0,699,400,0,299,0,0,0,0,0,0,0,34.99,0,0,70.95,0,0,0,0,0,0,0,2026-03-23
[หนังสือ] ยินดีต้อนรับและขอบคุณที่กลับมา,*OPD [E-BOOK] ยินดีต้อนรับและขอบคุณที่กลับมา,0,0,0,0,0,0,0,0,0,0,0,0,0,0,0,0,0,0,0,0,0,0,0,0,0,0,0,0,0,0,0,0,0,2026-03-23
[หนังสือ] ถ้าโลกมันแย่ ก็แค่คิดแบบคาปิบาร่า THINK LIKE A HAPPYBARA,*OPD [E-BOOK] ถ้าโลกมันแย่ ก็แค่คิดแบบคาปิบาร่า THINK LIKE A HAPPYBARA,0,0,0,0,0,0,0,0,0,0,0,0,0,0,0,0,0,0,0,0,0,0,0,0,0,0,0,0,0,0,0,0,0,2026-03-23
[หนังสือ] ถ้าโลกมันแย่ ก็แค่คิดแบบคาปิบาร่า THINK LIKE A HAPPYBARA,[หนังสือ] BOXSET ถ้าโลกมันแย่ ก็แค่คิดแบบคาปิบาร่า THINK LIKE A HAPPYBARA,0,0,0,0,0,0,0,0,0,0,0,400,400,0,0,0,0,0,0,0,0,0,0,0,0,0,0,0,0,0,0,0,0,2026-03-23
[หนังสือ] ปีศาจตัวนั้น คือฉันเอง A GUIDE TO FIGHT THE DEMONS IN MY HEART,*[E-BOOK] ปีศาจตัวนั้น คือฉันเอง A GUIDE TO FIGHTING THE DEMONS IN MY HEART,0,0,0,0,0,0,0,0,0,0,0,0,0,0,0,0,0,0,0,0,0,0,0,0,0,0,0,0,0,0,0,0,0,2026-03-23
[หนังสือ] ปีศาจตัวนั้น คือฉันเอง A GUIDE TO FIGHT THE DEMONS IN MY HEART,[หนังสือ] ปีศาจตัวนั้น คือฉันเอง A GUIDE TO FIGHTING THE DEMONS IN MY HEART,0,0,0,0,0,0,0,0,0,0,0,33129,0,0,4195,26080,2435,419,0,0,0,0,0,0,0,0,0,0,0,0,0,0,0,2026-03-23
[หนังสือ] ปีศาจตัวนั้น คือฉันเอง 2 A GUIDE TO OVERCOMING THE RETURN OF THE DEMONS,[หนังสือ] ปีศาจตัวนั้น คือฉันเอง 2 A GUIDE TO OVERCOMING THE RETURN OF THE DEMONS,2294.22,0,0,1454.98,738.71,0,100,0.53,0,0,0,8079,0,0,3936,2288,1126,350,379,0,0,0,28.4,0,0,36.97,32.29,0,8.88,0.15,0,0,0,2026-03-23
[หนังสือ] ปีศาจตัวนั้น คือฉันเอง 2 A GUIDE TO OVERCOMING THE RETURN OF THE DEMONS,*OPD [E-BOOK] ปีศาจตัวนั้น คือฉันเอง 2 A GUIDE TO OVERCOMING THE RETURN OF THE DEMONS,0,0,0,0,0,0,0,0,0,0,0,179,179,0,0,0,0,0,0,0,0,0,0,0,0,0,0,0,0,0,0,0,0,2026-03-23
[หนังสือ] ปีศาจความรักมักเลือกฉันเป็นเหยื่อ HOW TO FIGHT THE LOVE DEMON IN MY HEART,[หนังสือ] ปีศาจความรักมักเลือกฉันเป็นเหยื่อ HOW TO FIGHT THE LOVE DEMON IN MY HEART,226.47,0,0,24.77,201.7,0,0,0,0,0,0,873,0,0,0,583,290,0,0,0,0,0,25.94,0,0,0,34.6,0,0,0,0,0,0,2026-03-23
[หนังสือ] ปีศาจความรักมักเลือกฉันเป็นเหยื่อ HOW TO FIGHT THE LOVE DEMON IN MY HEART,*OPD [E-BOOK] ปีศาจความรักมักเลือกฉันเป็นเหยื่อ HOW TO FIGHT THE LOVE DEMON IN MY HEART,0,0,0,0,0,0,0,0,0,0,0,0,0,0,0,0,0,0,0,0,0,0,0,0,0,0,0,0,0,0,0,0,0,2026-03-23
[หนังสือ] ทุกความทรงจำคือของขวัญจากวันวาน,[หนังสือ] ทุกความทรงจำคือของขวัญจากวันวาน,0,0,0,0,0,0,0,0,0,0,0,1097,0,0,598,299,0,0,0,0,200,0,0,0,0,0,0,0,0,0,0,0,0,2026-03-23
[หนังสือ] ทุกความทรงจำคือของขวัญจากวันวาน,*OPD [E-BOOK] ทุกความทรงจำคือของขวัญจากวันวาน,0,0,0,0,0,0,0,0,0,0,0,0,0,0,0,0,0,0,0,0,0,0,0,0,0,0,0,0,0,0,0,0,0,2026-03-23
[หนังสือ] ถ้าโลกมันแย่ ก็แค่คิดแบบคาปิบาร่า THINK LIKE A HAPPYBARA,[หนังสือ] ถ้าโลกมันแย่ ก็แค่คิดแบบคาปิบาร่า THINK LIKE A HAPPYBARA,282.77,0,0,72.87,209.9,0,0,0,0,0,0,0,0,0,0,0,0,0,0,0,0,0,0,0,0,0,0,0,0,0,0,0,0,2026-03-23
[หนังสือ] ปีศาจตัวนั้น คือฉันเอง A GUIDE TO FIGHT THE DEMONS IN MY HEART,[หนังสือ] ปีศาจตัวนั้น คือฉันเอง A GUIDE TO FIGHT THE DEMONS IN MY HEART,14673.22,0,0,1090.07,13474.12,0,109.03,0,0,0,0,0,0,0,0,0,0,0,0,0,0,0,0,0,0,0,0,0,0,0,0,0,0,2026-03-23
[หนังสือ] ปีศาจตัวนั้น คือฉันเอง A GUIDE TO FIGHT THE DEMONS IN MY HEART,*OPD [E-BOOK] ปีศาจตัวนั้น คือฉันเอง A GUIDE TO FIGHTING THE DEMONS IN MY HEART,0,0,0,0,0,0,0,0,0,0,0,0,0,0,0,0,0,0,0,0,0,0,0,0,0,0,0,0,0,0,0,0,0,2026-03-23
[หนังสือ] โอบกอดความไม่สมบูรณ์แบบของเธอ (EMBRACE YOUR FLAWS),[หนังสือ] โอบกอดความไม่สมบูรณ์แบบของเธอ (EMBRACE YOUR FLAWS),2982.63,0,0,190.43,2779.3,0,12.9,0,0,0,0,20326,0,0,1336,15747,2964,0,0,0,279,0,14.67,0,0,14.25,17.65,0,0.44,0,0,0,0,2026-03-23
[หนังสือ] THE WITCHES' CLUB ชมรมลับเปลี่ยนชีวิต,*[E-BOOK] THE WITCHES' CLUB ชมรมลับเปลี่ยนชีวิต,0,0,0,0,0,0,0,0,0,0,0,0,0,0,0,0,0,0,0,0,0,0,0,0,0,0,0,0,0,0,0,0,0,2026-03-23
[หนังสือ] ความลับสู่เงินล้านที่โรงเรียนไม่เคยสอน (THE MILLIONAIRE'S TOP SECRET),[หนังสือ] ความลับสู่เงินล้านที่โรงเรียนไม่เคยสอน (THE MILLIONAIRE'S TOP SECRET),447.8,0,0,32.74,415.06,0,0,0,0,0,0,1316,0,0,0,1316,0,0,0,0,0,0,34.03,0,0,0,31.54,0,0,0,0,0,0,2026-03-23
[หนังสือ] ความลับสู่เงินล้านที่โรงเรียนไม่เคยสอน (THE MILLIONAIRE'S TOP SECRET),*OPD [E-BOOK] ความลับสู่เงินล้านที่โรงเรียนไม่เคยสอน (THE MILLIONAIRE'S TOP SECRET),0,0,0,0,0,0,0,0,0,0,0,0,0,0,0,0,0,0,0,0,0,0,0,0,0,0,0,0,0,0,0,0,0,2026-03-23
[หนังสือ] ขอใช้ชีวิตที่เหลือ เพื่อตัวเองนะ,[หนังสือ] ขอใช้ชีวิตที่เหลือ เพื่อตัวเองนะ,1302.2,386.59,0,74.82,840.79,0,0,0,0,0,0,2079,1100,0,0,650,329,0,0,0,0,0,62.64,35.14,0,0,129.35,0,0,0,0,0,0,2026-03-23
[หนังสือ] ขอใช้ชีวิตที่เหลือ เพื่อตัวเองนะ,*OPD [E-BOOK] ขอใช้ชีวิตที่เหลือ เพื่อตัวเองนะ,0,0,0,0,0,0,0,0,0,0,0,0,0,0,0,0,0,0,0,0,0,0,0,0,0,0,0,0,0,0,0,0,0,2026-03-23
[หนังสือ] กับดักความรู้สึกผิด,[หนังสือ] กับดักความรู้สึกผิด,25803.29,23387.62,0,1369.87,388.88,431.79,225.13,0,0,0,0,47124.33,26905,0,2708,2708,12388,377.33,1679,0,359,0,54.76,86.93,0,50.59,14.36,25.72,1.82,0,0,0,0,2026-03-23
[หนังสือ] กับดักความรู้สึกผิด,*OPD [E-BOOK] กับดักความรู้สึกผิด,0,0,0,0,0,0,0,0,0,0,0,180,180,0,0,0,0,0,0,0,0,0,0,0,0,0,0,0,0,0,0,0,0,2026-03-23
[หนังสือ] กว่าจะคิดได้ ก็ไม่มีลมหายใจแล้ว (IT IS NEVER TOO LATE TO LOVE YOURSELF),[หนังสือ] กว่าจะคิดได้ ก็ไม่มีลมหายใจแล้ว (IT IS NEVER TOO LATE TO LOVE YOURSELF),0,0,0,0,0,0,0,0,0,0,0,0,0,0,0,0,0,0,0,0,0,0,0,0,0,0,0,0,0,0,0,0,0,2026-03-23
[หนังสือ] กว่าจะคิดได้ ก็ไม่มีลมหายใจแล้ว (IT IS NEVER TOO LATE TO LOVE YOURSELF),*OPD [E-BOOK] กว่าจะคิดได้ ก็ไม่มีลมหายใจแล้ว (IT IS NEVER TOO LATE TO LOVE YOURSELF),0,0,0,0,0,0,0,0,0,0,0,0,0,0,0,0,0,0,0,0,0,0,0,0,0,0,0,0,0,0,0,0,0,2026-03-23
[หนังสือ] THE WITCHES' CLUB ชมรมลับเปลี่ยนชีวิต,[หนังสือ] THE WITCHES' CLUB ชมรมลับเปลี่ยนชีวิต,2366.6,608.37,0,1012.68,709.91,0,35.64,0,0,0,0,350,0,0,350,0,0,0,0,0,0,0,676.17,0,0,289.34,0,0,0,0,0,0,0,2026-03-23
[หนังสือ] โอบกอดความไม่สมบูรณ์แบบของเธอ (EMBRACE YOUR FLAWS),*OPD [E-BOOK] โอบกอดความไม่สมบูรณ์แบบของเธอ (EMBRACE YOUR FLAWS),0,0,0,0,0,0,0,0,0,0,0,0,0,0,0,0,0,0,0,0,0,0,0,0,0,0,0,0,0,0,0,0,0,2026-03-23
[หนังสือ] THE WITCHES' CLUB ชมรมลับเปลี่ยนชีวิต,[หนังสือ] BOXSET THE WITCHES' CLUB ชมรมลับเปลี่ยนชีวิต,0,0,0,0,0,0,0,0,0,0,0,4103,400,0,2645,1058,0,0,0,0,0,0,0,0,0,0,0,0,0,0,0,0,0,2026-03-23
[หนังสือ] MY LAST BOOK (A GENTLE GUIDE AND PREPARATION FOR LIFE’S FINAL CHAPTER),[หนังสือ] MY LAST BOOK (A GENTLE GUIDE AND PREPARATION FOR LIFE’S FINAL CHAPTER),0,0,0,0,0,0,0,0,0,0,0,1998,1998,0,0,0,0,0,0,0,0,0,0,0,0,0,0,0,0,0,0,0,0,2026-03-23
[หนังสือ] GHOSTLY REMAINS ปลดพันธนาการดวงวิญญาณหลังความตาย,[หนังสือ] GHOSTLY REMAINS ปลดพันธนาการดวงวิญญาณหลังความตาย,789.51,471.93,0,44.9,235.77,0,36.91,0,0,0,0,1679,990,0,299,0,390,0,0,0,0,0,47.02,47.67,0,15.02,0,0,9.46,0,0,0,0,2026-03-23
[หนังสือ] GHOSTLY BREWS ยินดีบริการดวงวิญญาณหลังเที่ยงคืน,[หนังสือ] GHOSTLY BREWS ยินดีบริการดวงวิญญาณหลังเที่ยงคืน,1452.89,804.95,0,426.47,168.71,0,52.76,0,0,0,0,4194,1027,0,598,1555,692,0,322,0,0,0,34.64,78.38,0,71.32,10.85,0,7.62,0,0,0,0,2026-03-23
[หนังสือ] GHOSTLY BREWS ยินดีบริการดวงวิญญาณหลังเที่ยงคืน,*OPD [E-BOOK] GHOSTLY BREWS ยินดีบริการดวงวิญญาณหลังเที่ยงคืน,0,0,0,0,0,0,0,0,0,0,0,180,180,0,0,0,0,0,0,0,0,0,0,0,0,0,0,0,0,0,0,0,0,2026-03-23
[หนังสือ] GHOSTLY BREWS ยินดีบริการดวงวิญญาณหลังเที่ยงคืน,*[E-BOOK] GHOSTLY BREWS ยินดีบริการดวงวิญญาณหลังเที่ยงคืน,0,0,0,0,0,0,0,0,0,0,0,0,0,0,0,0,0,0,0,0,0,0,0,0,0,0,0,0,0,0,0,0,0,2026-03-23
[หนังสือ] เหนื่อยมากไหม พักก่อนก็ได้นะวันนี้,[หนังสือ] เหนื่อยมากไหม พักก่อนก็ได้นะวันนี้,503.88,503.88,0,0,0,0,0,0,0,0,0,1170,780,0,0,390,0,0,0,0,0,0,43.07,64.6,0,0,0,0,0,0,0,0,0,2026-03-23
[หนังสือ] เหนื่อยมากไหม พักก่อนก็ได้นะวันนี้,*OPD [E-BOOK] เหนื่อยมากไหม พักก่อนก็ได้นะวันนี้,0,0,0,0,0,0,0,0,0,0,0,0,0,0,0,0,0,0,0,0,0,0,0,0,0,0,0,0,0,0,0,0,0,2026-03-23
[หนังสือ] เหนื่อยมากไหม พักก่อนก็ได้นะวันนี้,[หนังสือ] BOXSET เหนื่อยมากไหม พักก่อนก็ได้นะวันนี้,0,0,0,0,0,0,0,0,0,0,0,0,0,0,0,0,0,0,0,0,0,0,0,0,0,0,0,0,0,0,0,0,0,2026-03-23
[หนังสือ] THE WITCHES' CLUB ชมรมลับเปลี่ยนชีวิต,*OPD [E-BOOK] THE WITCHES' CLUB ชมรมลับเปลี่ยนชีวิต,0,0,0,0,0,0,0,0,0,0,0,0,0,0,0,0,0,0,0,0,0,0,0,0,0,0,0,0,0,0,0,0,0,2026-03-23
[หนังสือ] ถ้าโลกมันแย่ ก็แค่คิดแบบคาปิบาร่า THINK LIKE A HAPPYBARA,[หนังสือ] ถ้าโลกมันแย่ ก็แค่คิดแบบคาปิบาร่า THINK LIKE A HAPPYBARA,903.66,0,0,107.29,796.37,0,0,0,0,0,0,594,0,0,594,0,0,0,0,0,0,0,152.13,0,0,18.06,0,0,0,0,0,0,0,2026-03-24
[หนังสือ] ถ้าโลกมันแย่ ก็แค่คิดแบบคาปิบาร่า THINK LIKE A HAPPYBARA,*OPD [E-BOOK] ถ้าโลกมันแย่ ก็แค่คิดแบบคาปิบาร่า THINK LIKE A HAPPYBARA,0,0,0,0,0,0,0,0,0,0,0,0,0,0,0,0,0,0,0,0,0,0,0,0,0,0,0,0,0,0,0,0,0,2026-03-24
[หนังสือ] ถ้าโลกมันแย่ ก็แค่คิดแบบคาปิบาร่า THINK LIKE A HAPPYBARA,[หนังสือ] BOXSET ถ้าโลกมันแย่ ก็แค่คิดแบบคาปิบาร่า THINK LIKE A HAPPYBARA,0,0,0,0,0,0,0,0,0,0,0,3268,800,0,499,590,1379,0,0,0,0,0,0,0,0,0,0,0,0,0,0,0,0,2026-03-24
[หนังสือ] เมื่อโลกทั้งใบซ่อนอยู่ใต้หมวกกันน็อก (HELMET GIRL),[หนังสือ] เมื่อโลกทั้งใบซ่อนอยู่ใต้หมวกกันน็อก (HELMET GIRL),0,0,0,0,0,0,0,0,0,0,0,299,0,0,0,0,299,0,0,0,0,0,0,0,0,0,0,0,0,0,0,0,0,2026-03-24
[หนังสือ] เมื่อโลกทั้งใบซ่อนอยู่ใต้หมวกกันน็อก (HELMET GIRL),*OPD [E-BOOK] เมื่อโลกทั้งใบซ่อนอยู่ใต้หมวกกันน็อก (HELMET GIRL),0,0,0,0,0,0,0,0,0,0,0,0,0,0,0,0,0,0,0,0,0,0,0,0,0,0,0,0,0,0,0,0,0,2026-03-24
[หนังสือ] เมื่อโลกทั้งใบซ่อนอยู่ใต้หมวกกันน็อก (HELMET GIRL),[หนังสือ] BOXSET เมื่อโลกทั้งใบซ่อนอยู่ใต้หมวกกันน็อก (HELMET GIRL),0,0,0,0,0,0,0,0,0,0,0,400,400,0,0,0,0,0,0,0,0,0,0,0,0,0,0,0,0,0,0,0,0,2026-03-24
[หนังสือ] วันไหนที่ใจแข็งแรง ดอกไม้จะผลิบาน THE ENCHANTED GARDEN,[หนังสือ] วันไหนที่ใจแข็งแรง ดอกไม้จะผลิบาน THE ENCHANTED GARDEN,506.38,0,0,54.51,451.87,0,0,0,0,0,0,2257,0,0,1029,0,1228,0,0,0,0,0,22.44,0,0,5.3,0,0,0,0,0,0,0,2026-03-24
[หนังสือ] วันไหนที่ใจแข็งแรง ดอกไม้จะผลิบาน THE ENCHANTED GARDEN,*OPD [E-BOOK] วันไหนที่ใจแข็งแรง ดอกไม้จะผลิบาน THE ENCHANTED GARDEN,0,0,0,0,0,0,0,0,0,0,0,0,0,0,0,0,0,0,0,0,0,0,0,0,0,0,0,0,0,0,0,0,0,2026-03-24
[หนังสือ] วันไหนที่ใจแข็งแรง ดอกไม้จะผลิบาน THE ENCHANTED GARDEN,[หนังสือ] สวนของหัวใจ BLOSSOMS OF THE SOUL’S GARDEN,0,0,0,0,0,0,0,0,0,0,0,0,0,0,0,0,0,0,0,0,0,0,0,0,0,0,0,0,0,0,0,0,0,2026-03-24
[หนังสือ] ยินดีต้อนรับและขอบคุณที่กลับมา,[หนังสือ] ยินดีต้อนรับและขอบคุณที่กลับมา,226.28,0,0,173.68,52.6,0,0,0,0,0,0,598,0,0,0,0,598,0,0,0,0,0,37.84,0,0,0,0,0,0,0,0,0,0,2026-03-24
[หนังสือ] ยินดีต้อนรับและขอบคุณที่กลับมา,*OPD [E-BOOK] ยินดีต้อนรับและขอบคุณที่กลับมา,0,0,0,0,0,0,0,0,0,0,0,0,0,0,0,0,0,0,0,0,0,0,0,0,0,0,0,0,0,0,0,0,0,2026-03-24
[หนังสือ] ปีศาจตัวนั้น คือฉันเอง A GUIDE TO FIGHT THE DEMONS IN MY HEART,*OPD [E-BOOK] ปีศาจตัวนั้น คือฉันเอง A GUIDE TO FIGHTING THE DEMONS IN MY HEART,0,0,0,0,0,0,0,0,0,0,0,0,0,0,0,0,0,0,0,0,0,0,0,0,0,0,0,0,0,0,0,0,0,2026-03-24
[หนังสือ] ปีศาจตัวนั้น คือฉันเอง A GUIDE TO FIGHT THE DEMONS IN MY HEART,*[E-BOOK] ปีศาจตัวนั้น คือฉันเอง A GUIDE TO FIGHTING THE DEMONS IN MY HEART,0,0,0,0,0,0,0,0,0,0,0,0,0,0,0,0,0,0,0,0,0,0,0,0,0,0,0,0,0,0,0,0,0,2026-03-24
[หนังสือ] ปีศาจตัวนั้น คือฉันเอง A GUIDE TO FIGHT THE DEMONS IN MY HEART,[หนังสือ] ปีศาจตัวนั้น คือฉันเอง A GUIDE TO FIGHTING THE DEMONS IN MY HEART,0,0,0,0,0,0,0,0,0,0,0,21016,320,0,14538,3843,1956,0,359,0,0,0,0,0,0,0,0,0,0,0,0,0,0,2026-03-24
[หนังสือ] ปีศาจตัวนั้น คือฉันเอง 2 A GUIDE TO OVERCOMING THE RETURN OF THE DEMONS,[หนังสือ] ปีศาจตัวนั้น คือฉันเอง 2 A GUIDE TO OVERCOMING THE RETURN OF THE DEMONS,2293.28,0,0,509.15,1672.29,0,100,11.84,0,0,0,6391,688,0,3938,299,1466,0,0,0,0,0,35.88,0,0,12.93,559.29,0,6.82,0,0,0,0,2026-03-24
[หนังสือ] ปีศาจตัวนั้น คือฉันเอง 2 A GUIDE TO OVERCOMING THE RETURN OF THE DEMONS,*OPD [E-BOOK] ปีศาจตัวนั้น คือฉันเอง 2 A GUIDE TO OVERCOMING THE RETURN OF THE DEMONS,0,0,0,0,0,0,0,0,0,0,0,0,0,0,0,0,0,0,0,0,0,0,0,0,0,0,0,0,0,0,0,0,0,2026-03-24
[หนังสือ] ปีศาจความรักมักเลือกฉันเป็นเหยื่อ HOW TO FIGHT THE LOVE DEMON IN MY HEART,[หนังสือ] ปีศาจความรักมักเลือกฉันเป็นเหยื่อ HOW TO FIGHT THE LOVE DEMON IN MY HEART,262.09,0,0,84.42,136.87,0,40.8,0,0,0,0,1225,200,0,302,0,723,0,0,0,0,0,21.4,0,0,27.95,0,0,5.64,0,0,0,0,2026-03-24
[หนังสือ] ปีศาจความรักมักเลือกฉันเป็นเหยื่อ HOW TO FIGHT THE LOVE DEMON IN MY HEART,*OPD [E-BOOK] ปีศาจความรักมักเลือกฉันเป็นเหยื่อ HOW TO FIGHT THE LOVE DEMON IN MY HEART,0,0,0,0,0,0,0,0,0,0,0,0,0,0,0,0,0,0,0,0,0,0,0,0,0,0,0,0,0,0,0,0,0,2026-03-24
[หนังสือ] ทุกความทรงจำคือของขวัญจากวันวาน,[หนังสือ] ทุกความทรงจำคือของขวัญจากวันวาน,0,0,0,0,0,0,0,0,0,0,0,329,0,0,0,0,329,0,0,0,0,0,0,0,0,0,0,0,0,0,0,0,0,2026-03-24
[หนังสือ] ทุกความทรงจำคือของขวัญจากวันวาน,*OPD [E-BOOK] ทุกความทรงจำคือของขวัญจากวันวาน,0,0,0,0,0,0,0,0,0,0,0,0,0,0,0,0,0,0,0,0,0,0,0,0,0,0,0,0,0,0,0,0,0,2026-03-24
[หนังสือ] เหนื่อยมากไหม พักก่อนก็ได้นะวันนี้,[หนังสือ] เหนื่อยมากไหม พักก่อนก็ได้นะวันนี้,447.24,447.24,0,0,0,0,0,0,0,0,0,1170,390,0,390,0,390,0,0,0,0,0,38.23,114.68,0,0,0,0,0,0,0,0,0,2026-03-24
[หนังสือ] ปีศาจตัวนั้น คือฉันเอง A GUIDE TO FIGHT THE DEMONS IN MY HEART,[หนังสือ] ปีศาจตัวนั้น คือฉันเอง A GUIDE TO FIGHT THE DEMONS IN MY HEART,10715.88,0,0,1308.99,9243.21,0,163.68,0,0,0,0,0,0,0,0,0,0,0,0,0,0,0,0,0,0,0,0,0,0,0,0,0,0,2026-03-24
[หนังสือ] เหนื่อยมากไหม พักก่อนก็ได้นะวันนี้,*OPD [E-BOOK] เหนื่อยมากไหม พักก่อนก็ได้นะวันนี้,0,0,0,0,0,0,0,0,0,0,0,179,179,0,0,0,0,0,0,0,0,0,0,0,0,0,0,0,0,0,0,0,0,2026-03-24
[หนังสือ] โอบกอดความไม่สมบูรณ์แบบของเธอ (EMBRACE YOUR FLAWS),[หนังสือ] โอบกอดความไม่สมบูรณ์แบบของเธอ (EMBRACE YOUR FLAWS),1231.8,0,0,85.17,1128.73,0,17.9,0,0,0,0,8881,0,0,5163,2544,1174,0,0,0,0,0,13.87,0,0,1.65,44.37,0,1.52,0,0,0,0,2026-03-24
[หนังสือ] โอบกอดความไม่สมบูรณ์แบบของเธอ (EMBRACE YOUR FLAWS),*OPD [E-BOOK] โอบกอดความไม่สมบูรณ์แบบของเธอ (EMBRACE YOUR FLAWS),0,0,0,0,0,0,0,0,0,0,0,0,0,0,0,0,0,0,0,0,0,0,0,0,0,0,0,0,0,0,0,0,0,2026-03-24
[หนังสือ] ความลับสู่เงินล้านที่โรงเรียนไม่เคยสอน (THE MILLIONAIRE'S TOP SECRET),[หนังสือ] ความลับสู่เงินล้านที่โรงเรียนไม่เคยสอน (THE MILLIONAIRE'S TOP SECRET),227.22,0,0,15.92,211.3,0,0,0,0,0,0,617,288,0,329,0,0,0,0,0,0,0,36.83,0,0,4.84,0,0,0,0,0,0,0,2026-03-24
[หนังสือ] ความลับสู่เงินล้านที่โรงเรียนไม่เคยสอน (THE MILLIONAIRE'S TOP SECRET),*OPD [E-BOOK] ความลับสู่เงินล้านที่โรงเรียนไม่เคยสอน (THE MILLIONAIRE'S TOP SECRET),0,0,0,0,0,0,0,0,0,0,0,0,0,0,0,0,0,0,0,0,0,0,0,0,0,0,0,0,0,0,0,0,0,2026-03-24
[หนังสือ] ขอใช้ชีวิตที่เหลือ เพื่อตัวเองนะ,[หนังสือ] ขอใช้ชีวิตที่เหลือ เพื่อตัวเองนะ,1647.22,527.92,0,79.64,1039.66,0,0,0,0,0,0,2528,600,0,1300,0,628,0,0,0,0,0,65.16,87.99,0,6.13,0,0,0,0,0,0,0,2026-03-24
[หนังสือ] ขอใช้ชีวิตที่เหลือ เพื่อตัวเองนะ,*OPD [E-BOOK] ขอใช้ชีวิตที่เหลือ เพื่อตัวเองนะ,0,0,0,0,0,0,0,0,0,0,0,0,0,0,0,0,0,0,0,0,0,0,0,0,0,0,0,0,0,0,0,0,0,2026-03-24
[หนังสือ] กับดักความรู้สึกผิด,[หนังสือ] กับดักความรู้สึกผิด,14456.27,12803.86,0,660.04,256.9,427.32,308.15,0,0,0,0,25972,10808,0,2363,0,10772,0,2029,0,0,0,55.66,118.47,0,27.93,0,21.06,2.86,0,0,0,0,2026-03-24
[หนังสือ] กับดักความรู้สึกผิด,*OPD [E-BOOK] กับดักความรู้สึกผิด,0,0,0,0,0,0,0,0,0,0,0,180,180,0,0,0,0,0,0,0,0,0,0,0,0,0,0,0,0,0,0,0,0,2026-03-24
[หนังสือ] กว่าจะคิดได้ ก็ไม่มีลมหายใจแล้ว (IT IS NEVER TOO LATE TO LOVE YOURSELF),[หนังสือ] กว่าจะคิดได้ ก็ไม่มีลมหายใจแล้ว (IT IS NEVER TOO LATE TO LOVE YOURSELF),0,0,0,0,0,0,0,0,0,0,0,478,0,0,0,0,478,0,0,0,0,0,0,0,0,0,0,0,0,0,0,0,0,2026-03-24
[หนังสือ] กว่าจะคิดได้ ก็ไม่มีลมหายใจแล้ว (IT IS NEVER TOO LATE TO LOVE YOURSELF),*OPD [E-BOOK] กว่าจะคิดได้ ก็ไม่มีลมหายใจแล้ว (IT IS NEVER TOO LATE TO LOVE YOURSELF),0,0,0,0,0,0,0,0,0,0,0,0,0,0,0,0,0,0,0,0,0,0,0,0,0,0,0,0,0,0,0,0,0,2026-03-24
[หนังสือ] เหนื่อยมากไหม พักก่อนก็ได้นะวันนี้,[หนังสือ] BOXSET เหนื่อยมากไหม พักก่อนก็ได้นะวันนี้,0,0,0,0,0,0,0,0,0,0,0,0,0,0,0,0,0,0,0,0,0,0,0,0,0,0,0,0,0,0,0,0,0,2026-03-24
[หนังสือ] THE WITCHES' CLUB ชมรมลับเปลี่ยนชีวิต,[หนังสือ] THE WITCHES' CLUB ชมรมลับเปลี่ยนชีวิต,2796.09,588.43,0,1046.32,1024.98,0,136.36,0,0,0,0,1069,0,0,719,350,0,0,0,0,0,0,261.56,0,0,145.52,292.85,0,0,0,0,0,0,2026-03-24
[หนังสือ] THE WITCHES' CLUB ชมรมลับเปลี่ยนชีวิต,*OPD [E-BOOK] THE WITCHES' CLUB ชมรมลับเปลี่ยนชีวิต,0,0,0,0,0,0,0,0,0,0,0,0,0,0,0,0,0,0,0,0,0,0,0,0,0,0,0,0,0,0,0,0,0,2026-03-24
[หนังสือ] THE WITCHES' CLUB ชมรมลับเปลี่ยนชีวิต,*[E-BOOK] THE WITCHES' CLUB ชมรมลับเปลี่ยนชีวิต,0,0,0,0,0,0,0,0,0,0,0,0,0,0,0,0,0,0,0,0,0,0,0,0,0,0,0,0,0,0,0,0,0,2026-03-24
[หนังสือ] THE WITCHES' CLUB ชมรมลับเปลี่ยนชีวิต,[หนังสือ] BOXSET THE WITCHES' CLUB ชมรมลับเปลี่ยนชีวิต,0,0,0,0,0,0,0,0,0,0,0,5662,899,0,3114,529,1120,0,0,0,0,0,0,0,0,0,0,0,0,0,0,0,0,2026-03-24
[หนังสือ] GHOSTLY REMAINS ปลดพันธนาการดวงวิญญาณหลังความตาย,[หนังสือ] GHOSTLY REMAINS ปลดพันธนาการดวงวิญญาณหลังความตาย,680.17,371.14,0,33.49,175.54,0,100,0,0,0,0,2399,961,0,299,0,780,0,0,0,359,0,28.35,38.62,0,11.2,0,0,12.82,0,0,0,0,2026-03-24
[หนังสือ] GHOSTLY BREWS ยินดีบริการดวงวิญญาณหลังเที่ยงคืน,[หนังสือ] GHOSTLY BREWS ยินดีบริการดวงวิญญาณหลังเที่ยงคืน,1594.59,864.77,0,415.64,214.18,0,100,0,0,0,0,3700,1452,0,1256,0,692,0,0,0,300,0,43.1,59.56,0,33.09,0,0,14.45,0,0,0,0,2026-03-24
[หนังสือ] GHOSTLY BREWS ยินดีบริการดวงวิญญาณหลังเที่ยงคืน,*OPD [E-BOOK] GHOSTLY BREWS ยินดีบริการดวงวิญญาณหลังเที่ยงคืน,0,0,0,0,0,0,0,0,0,0,0,0,0,0,0,0,0,0,0,0,0,0,0,0,0,0,0,0,0,0,0,0,0,2026-03-24
[หนังสือ] GHOSTLY BREWS ยินดีบริการดวงวิญญาณหลังเที่ยงคืน,*[E-BOOK] GHOSTLY BREWS ยินดีบริการดวงวิญญาณหลังเที่ยงคืน,0,0,0,0,0,0,0,0,0,0,0,0,0,0,0,0,0,0,0,0,0,0,0,0,0,0,0,0,0,0,0,0,0,2026-03-24
[หนังสือ] ฉันจะมีชีวิตที่ดี,[หนังสือ] ฉันจะมีชีวิตที่ดี,1712.96,555.53,0,21.98,1135.45,0,0,0,0,0,0,3781,590,0,2306,0,885,0,0,0,0,0,45.3,94.16,0,0.95,0,0,0,0,0,0,0,2026-03-24
[หนังสือ] ฉันจะมีชีวิตที่ดี,*OPD [E-BOOK] ฉันจะมีชีวิตที่ดี,0,0,0,0,0,0,0,0,0,0,0,0,0,0,0,0,0,0,0,0,0,0,0,0,0,0,0,0,0,0,0,0,0,2026-03-24
[หนังสือ] ถ้าโลกมันแย่ ก็แค่คิดแบบคาปิบาร่า THINK LIKE A HAPPYBARA,[หนังสือ] ถ้าโลกมันแย่ ก็แค่คิดแบบคาปิบาร่า THINK LIKE A HAPPYBARA,1137.88,0,0,134.28,1003.6,0,0,0,0,0,0,5423.99,0,0,3780.99,0,1643,0,0,0,0,0,20.98,0,0,3.55,0,0,0,0,0,0,0,2026-03-25
[หนังสือ] ถ้าโลกมันแย่ ก็แค่คิดแบบคาปิบาร่า THINK LIKE A HAPPYBARA,*OPD [E-BOOK] ถ้าโลกมันแย่ ก็แค่คิดแบบคาปิบาร่า THINK LIKE A HAPPYBARA,0,0,0,0,0,0,0,0,0,0,0,0,0,0,0,0,0,0,0,0,0,0,0,0,0,0,0,0,0,0,0,0,0,2026-03-25
[หนังสือ] ถ้าโลกมันแย่ ก็แค่คิดแบบคาปิบาร่า THINK LIKE A HAPPYBARA,[หนังสือ] BOXSET ถ้าโลกมันแย่ ก็แค่คิดแบบคาปิบาร่า THINK LIKE A HAPPYBARA,0,0,0,0,0,0,0,0,0,0,0,855.95,0,0,855.95,0,0,0,0,0,0,0,0,0,0,0,0,0,0,0,0,0,0,2026-03-25
[หนังสือ] เมื่อโลกทั้งใบซ่อนอยู่ใต้หมวกกันน็อก (HELMET GIRL),[หนังสือ] เมื่อโลกทั้งใบซ่อนอยู่ใต้หมวกกันน็อก (HELMET GIRL),0,0,0,0,0,0,0,0,0,0,0,1312,0,0,714,0,598,0,0,0,0,0,0,0,0,0,0,0,0,0,0,0,0,2026-03-25
[หนังสือ] เมื่อโลกทั้งใบซ่อนอยู่ใต้หมวกกันน็อก (HELMET GIRL),*OPD [E-BOOK] เมื่อโลกทั้งใบซ่อนอยู่ใต้หมวกกันน็อก (HELMET GIRL),0,0,0,0,0,0,0,0,0,0,0,0,0,0,0,0,0,0,0,0,0,0,0,0,0,0,0,0,0,0,0,0,0,2026-03-25
[หนังสือ] เมื่อโลกทั้งใบซ่อนอยู่ใต้หมวกกันน็อก (HELMET GIRL),[หนังสือ] BOXSET เมื่อโลกทั้งใบซ่อนอยู่ใต้หมวกกันน็อก (HELMET GIRL),0,0,0,0,0,0,0,0,0,0,0,264,0,0,264,0,0,0,0,0,0,0,0,0,0,0,0,0,0,0,0,0,0,2026-03-25
[หนังสือ] วันไหนที่ใจแข็งแรง ดอกไม้จะผลิบาน THE ENCHANTED GARDEN,[หนังสือ] วันไหนที่ใจแข็งแรง ดอกไม้จะผลิบาน THE ENCHANTED GARDEN,524.08,0,0,69.74,454.34,0,0,0,0,0,0,1836.29,0,0,936.29,0,900,0,0,0,0,0,28.54,0,0,7.45,0,0,0,0,0,0,0,2026-03-25
[หนังสือ] วันไหนที่ใจแข็งแรง ดอกไม้จะผลิบาน THE ENCHANTED GARDEN,*OPD [E-BOOK] วันไหนที่ใจแข็งแรง ดอกไม้จะผลิบาน THE ENCHANTED GARDEN,0,0,0,0,0,0,0,0,0,0,0,0,0,0,0,0,0,0,0,0,0,0,0,0,0,0,0,0,0,0,0,0,0,2026-03-25
[หนังสือ] วันไหนที่ใจแข็งแรง ดอกไม้จะผลิบาน THE ENCHANTED GARDEN,[หนังสือ] สวนของหัวใจ BLOSSOMS OF THE SOUL’S GARDEN,0,0,0,0,0,0,0,0,0,0,0,2303.23,0,0,2102.23,0,201,0,0,0,0,0,0,0,0,0,0,0,0,0,0,0,0,2026-03-25
[หนังสือ] ยินดีต้อนรับและขอบคุณที่กลับมา,[หนังสือ] ยินดีต้อนรับและขอบคุณที่กลับมา,292.96,0,0,228.71,64.25,0,0,0,0,0,0,907.99,200,0,707.99,0,0,0,0,0,0,0,32.26,0,0,32.3,0,0,0,0,0,0,0,2026-03-25
[หนังสือ] ยินดีต้อนรับและขอบคุณที่กลับมา,*OPD [E-BOOK] ยินดีต้อนรับและขอบคุณที่กลับมา,0,0,0,0,0,0,0,0,0,0,0,0,0,0,0,0,0,0,0,0,0,0,0,0,0,0,0,0,0,0,0,0,0,2026-03-25
[หนังสือ] ปีศาจตัวนั้น คือฉันเอง A GUIDE TO FIGHT THE DEMONS IN MY HEART,*OPD [E-BOOK] ปีศาจตัวนั้น คือฉันเอง A GUIDE TO FIGHTING THE DEMONS IN MY HEART,0,0,0,0,0,0,0,0,0,0,0,180,180,0,0,0,0,0,0,0,0,0,0,0,0,0,0,0,0,0,0,0,0,2026-03-25
[หนังสือ] ปีศาจตัวนั้น คือฉันเอง A GUIDE TO FIGHT THE DEMONS IN MY HEART,*[E-BOOK] ปีศาจตัวนั้น คือฉันเอง A GUIDE TO FIGHTING THE DEMONS IN MY HEART,0,0,0,0,0,0,0,0,0,0,0,0,0,0,0,0,0,0,0,0,0,0,0,0,0,0,0,0,0,0,0,0,0,2026-03-25
[หนังสือ] ปีศาจตัวนั้น คือฉันเอง A GUIDE TO FIGHT THE DEMONS IN MY HEART,[หนังสือ] ปีศาจตัวนั้น คือฉันเอง A GUIDE TO FIGHTING THE DEMONS IN MY HEART,0,0,0,0,0,0,0,0,0,0,0,37580.47,656,0,34418.47,0,2087,419,0,0,0,0,0,0,0,0,0,0,0,0,0,0,0,2026-03-25
[หนังสือ] ปีศาจตัวนั้น คือฉันเอง 2 A GUIDE TO OVERCOMING THE RETURN OF THE DEMONS,[หนังสือ] ปีศาจตัวนั้น คือฉันเอง 2 A GUIDE TO OVERCOMING THE RETURN OF THE DEMONS,3793.33,0,0,814.42,2878.3,0,100,0.61,0,0,0,15415.86,0,0,14706.86,0,359,350,0,0,0,0,24.61,0,0,5.54,0,0,27.86,0.17,0,0,0,2026-03-25
[หนังสือ] ปีศาจตัวนั้น คือฉันเอง 2 A GUIDE TO OVERCOMING THE RETURN OF THE DEMONS,*OPD [E-BOOK] ปีศาจตัวนั้น คือฉันเอง 2 A GUIDE TO OVERCOMING THE RETURN OF THE DEMONS,0,0,0,0,0,0,0,0,0,0,0,179,179,0,0,0,0,0,0,0,0,0,0,0,0,0,0,0,0,0,0,0,0,2026-03-25
[หนังสือ] ปีศาจความรักมักเลือกฉันเป็นเหยื่อ HOW TO FIGHT THE LOVE DEMON IN MY HEART,[หนังสือ] ปีศาจความรักมักเลือกฉันเป็นเหยื่อ HOW TO FIGHT THE LOVE DEMON IN MY HEART,1150.87,0,0,218.63,932.24,0,0,0,0,0,0,5380.2,0,0,4169.2,0,1211,0,0,0,0,0,21.39,0,0,5.24,0,0,0,0,0,0,0,2026-03-25
[หนังสือ] ปีศาจความรักมักเลือกฉันเป็นเหยื่อ HOW TO FIGHT THE LOVE DEMON IN MY HEART,*OPD [E-BOOK] ปีศาจความรักมักเลือกฉันเป็นเหยื่อ HOW TO FIGHT THE LOVE DEMON IN MY HEART,0,0,0,0,0,0,0,0,0,0,0,0,0,0,0,0,0,0,0,0,0,0,0,0,0,0,0,0,0,0,0,0,0,2026-03-25
[หนังสือ] ทุกความทรงจำคือของขวัญจากวันวาน,[หนังสือ] ทุกความทรงจำคือของขวัญจากวันวาน,0,0,0,0,0,0,0,0,0,0,0,299,0,0,299,0,0,0,0,0,0,0,0,0,0,0,0,0,0,0,0,0,0,2026-03-25
[หนังสือ] ทุกความทรงจำคือของขวัญจากวันวาน,*OPD [E-BOOK] ทุกความทรงจำคือของขวัญจากวันวาน,0,0,0,0,0,0,0,0,0,0,0,0,0,0,0,0,0,0,0,0,0,0,0,0,0,0,0,0,0,0,0,0,0,2026-03-25
[หนังสือ] เหนื่อยมากไหม พักก่อนก็ได้นะวันนี้,[หนังสือ] เหนื่อยมากไหม พักก่อนก็ได้นะวันนี้,512.3,512.3,0,0,0,0,0,0,0,0,0,4003.53,393,0,2222.53,0,1388,0,0,0,0,0,12.8,130.36,0,0,0,0,0,0,0,0,0,2026-03-25
[หนังสือ] ปีศาจตัวนั้น คือฉันเอง A GUIDE TO FIGHT THE DEMONS IN MY HEART,[หนังสือ] ปีศาจตัวนั้น คือฉันเอง A GUIDE TO FIGHT THE DEMONS IN MY HEART,12382.59,0,0,1700.85,10481.74,0,200,0,0,0,0,0,0,0,0,0,0,0,0,0,0,0,0,0,0,0,0,0,0,0,0,0,0,2026-03-25
[หนังสือ] เหนื่อยมากไหม พักก่อนก็ได้นะวันนี้,*OPD [E-BOOK] เหนื่อยมากไหม พักก่อนก็ได้นะวันนี้,0,0,0,0,0,0,0,0,0,0,0,0,0,0,0,0,0,0,0,0,0,0,0,0,0,0,0,0,0,0,0,0,0,2026-03-25
[หนังสือ] โอบกอดความไม่สมบูรณ์แบบของเธอ (EMBRACE YOUR FLAWS),[หนังสือ] โอบกอดความไม่สมบูรณ์แบบของเธอ (EMBRACE YOUR FLAWS),1536.2,0,0,102.4,1433.8,0,0,0,0,0,0,15550.75,0,0,14713.75,0,837,0,0,0,0,0,9.88,0,0,0.7,0,0,0,0,0,0,0,2026-03-25
[หนังสือ] โอบกอดความไม่สมบูรณ์แบบของเธอ (EMBRACE YOUR FLAWS),*OPD [E-BOOK] โอบกอดความไม่สมบูรณ์แบบของเธอ (EMBRACE YOUR FLAWS),0,0,0,0,0,0,0,0,0,0,0,0,0,0,0,0,0,0,0,0,0,0,0,0,0,0,0,0,0,0,0,0,0,2026-03-25
[หนังสือ] ความลับสู่เงินล้านที่โรงเรียนไม่เคยสอน (THE MILLIONAIRE'S TOP SECRET),[หนังสือ] ความลับสู่เงินล้านที่โรงเรียนไม่เคยสอน (THE MILLIONAIRE'S TOP SECRET),849.36,0,0,55.52,793.84,0,0,0,0,0,0,3163.41,0,0,3163.41,0,0,0,0,0,0,0,26.85,0,0,1.76,0,0,0,0,0,0,0,2026-03-25
[หนังสือ] ความลับสู่เงินล้านที่โรงเรียนไม่เคยสอน (THE MILLIONAIRE'S TOP SECRET),*OPD [E-BOOK] ความลับสู่เงินล้านที่โรงเรียนไม่เคยสอน (THE MILLIONAIRE'S TOP SECRET),0,0,0,0,0,0,0,0,0,0,0,0,0,0,0,0,0,0,0,0,0,0,0,0,0,0,0,0,0,0,0,0,0,2026-03-25
[หนังสือ] ขอใช้ชีวิตที่เหลือ เพื่อตัวเองนะ,[หนังสือ] ขอใช้ชีวิตที่เหลือ เพื่อตัวเองนะ,1230.07,535.2,0,93.88,600.99,0,0,0,0,0,0,3925.53,729,0,3196.53,0,0,0,0,0,0,0,31.34,73.42,0,2.94,0,0,0,0,0,0,0,2026-03-25
[หนังสือ] ขอใช้ชีวิตที่เหลือ เพื่อตัวเองนะ,*OPD [E-BOOK] ขอใช้ชีวิตที่เหลือ เพื่อตัวเองนะ,0,0,0,0,0,0,0,0,0,0,0,179,179,0,0,0,0,0,0,0,0,0,0,0,0,0,0,0,0,0,0,0,0,2026-03-25
[หนังสือ] กับดักความรู้สึกผิด,[หนังสือ] กับดักความรู้สึกผิด,19881.18,16553.18,0,2185.73,564.84,377.43,200,0,0,0,0,46473.25,19226,0,10666.25,0,13764,0,1740,0,1077,0,42.78,86.1,0,20.49,0,21.69,1.45,0,0,0,0,2026-03-25
[หนังสือ] กับดักความรู้สึกผิด,*OPD [E-BOOK] กับดักความรู้สึกผิด,0,0,0,0,0,0,0,0,0,0,0,180,180,0,0,0,0,0,0,0,0,0,0,0,0,0,0,0,0,0,0,0,0,2026-03-25
[หนังสือ] กว่าจะคิดได้ ก็ไม่มีลมหายใจแล้ว (IT IS NEVER TOO LATE TO LOVE YOURSELF),[หนังสือ] กว่าจะคิดได้ ก็ไม่มีลมหายใจแล้ว (IT IS NEVER TOO LATE TO LOVE YOURSELF),0,0,0,0,0,0,0,0,0,0,0,1954,0,0,1336,0,618,0,0,0,0,0,0,0,0,0,0,0,0,0,0,0,0,2026-03-25
[หนังสือ] กว่าจะคิดได้ ก็ไม่มีลมหายใจแล้ว (IT IS NEVER TOO LATE TO LOVE YOURSELF),*OPD [E-BOOK] กว่าจะคิดได้ ก็ไม่มีลมหายใจแล้ว (IT IS NEVER TOO LATE TO LOVE YOURSELF),0,0,0,0,0,0,0,0,0,0,0,0,0,0,0,0,0,0,0,0,0,0,0,0,0,0,0,0,0,0,0,0,0,2026-03-25
[หนังสือ] เหนื่อยมากไหม พักก่อนก็ได้นะวันนี้,[หนังสือ] BOXSET เหนื่อยมากไหม พักก่อนก็ได้นะวันนี้,0,0,0,0,0,0,0,0,0,0,0,296.65,0,0,296.65,0,0,0,0,0,0,0,0,0,0,0,0,0,0,0,0,0,0,2026-03-25
[หนังสือ] THE WITCHES' CLUB ชมรมลับเปลี่ยนชีวิต,[หนังสือ] THE WITCHES' CLUB ชมรมลับเปลี่ยนชีวิต,9143.97,802.91,0,2892.25,5346.5,0,102.31,0,0,0,0,4987.53,0,0,4207.53,0,780,0,0,0,0,0,183.34,0,0,68.74,0,0,13.12,0,0,0,0,2026-03-25
[หนังสือ] THE WITCHES' CLUB ชมรมลับเปลี่ยนชีวิต,*OPD [E-BOOK] THE WITCHES' CLUB ชมรมลับเปลี่ยนชีวิต,0,0,0,0,0,0,0,0,0,0,0,0,0,0,0,0,0,0,0,0,0,0,0,0,0,0,0,0,0,0,0,0,0,2026-03-25
[หนังสือ] THE WITCHES' CLUB ชมรมลับเปลี่ยนชีวิต,*[E-BOOK] THE WITCHES' CLUB ชมรมลับเปลี่ยนชีวิต,0,0,0,0,0,0,0,0,0,0,0,0,0,0,0,0,0,0,0,0,0,0,0,0,0,0,0,0,0,0,0,0,0,2026-03-25
[หนังสือ] THE WITCHES' CLUB ชมรมลับเปลี่ยนชีวิต,[หนังสือ] BOXSET THE WITCHES' CLUB ชมรมลับเปลี่ยนชีวิต,0,0,0,0,0,0,0,0,0,0,0,26064.33,0,0,25005.33,0,560,0,0,0,499,0,0,0,0,0,0,0,0,0,0,0,0,2026-03-25
[หนังสือ] GHOSTLY REMAINS ปลดพันธนาการดวงวิญญาณหลังความตาย,[หนังสือ] GHOSTLY REMAINS ปลดพันธนาการดวงวิญญาณหลังความตาย,1153.59,806.25,0,66.02,181.32,0,100,0,0,0,0,4513.29,780,0,2604.29,0,1129,0,0,0,0,0,25.56,103.37,0,2.54,0,0,8.86,0,0,0,0,2026-03-25
[หนังสือ] GHOSTLY BREWS ยินดีบริการดวงวิญญาณหลังเที่ยงคืน,[หนังสือ] GHOSTLY BREWS ยินดีบริการดวงวิญญาณหลังเที่ยงคืน,4177.87,1413.77,0,621.18,2030.37,0,100,12.55,0,0,0,9263.83,1396,0,6376.83,0,1491,0,0,0,0,0,45.1,101.27,0,9.74,0,0,6.71,0,0,0,0,2026-03-25
[หนังสือ] GHOSTLY BREWS ยินดีบริการดวงวิญญาณหลังเที่ยงคืน,*OPD [E-BOOK] GHOSTLY BREWS ยินดีบริการดวงวิญญาณหลังเที่ยงคืน,0,0,0,0,0,0,0,0,0,0,0,0,0,0,0,0,0,0,0,0,0,0,0,0,0,0,0,0,0,0,0,0,0,2026-03-25
[หนังสือ] GHOSTLY BREWS ยินดีบริการดวงวิญญาณหลังเที่ยงคืน,*[E-BOOK] GHOSTLY BREWS ยินดีบริการดวงวิญญาณหลังเที่ยงคืน,0,0,0,0,0,0,0,0,0,0,0,0,0,0,0,0,0,0,0,0,0,0,0,0,0,0,0,0,0,0,0,0,0,2026-03-25
[หนังสือ] ฉันจะมีชีวิตที่ดี,[หนังสือ] ฉันจะมีชีวิตที่ดี,1640.09,157.26,0,50.74,1432.09,0,0,0,0,0,0,4918.65,0,0,4310.65,0,295,0,0,0,313,0,33.34,0,0,1.18,0,0,0,0,0,0,0,2026-03-25
[หนังสือ] ฉันจะมีชีวิตที่ดี,*OPD [E-BOOK] ฉันจะมีชีวิตที่ดี,0,0,0,0,0,0,0,0,0,0,0,0,0,0,0,0,0,0,0,0,0,0,0,0,0,0,0,0,0,0,0,0,0,2026-03-25
[หนังสือ] ฉันจะมีชีวิตที่ดี,[หนังสือ] ฉันจะมีชีวิตที่ดี,467.01,0,0,38.36,428.65,0,0,0,0,0,0,1700,0,0,1405,0,295,0,0,0,0,0,27.47,0,0,2.73,0,0,0,0,0,0,0,2026-03-26
[หนังสือ] ฉันจะมีชีวิตที่ดี,*OPD [E-BOOK] ฉันจะมีชีวิตที่ดี,0,0,0,0,0,0,0,0,0,0,0,0,0,0,0,0,0,0,0,0,0,0,0,0,0,0,0,0,0,0,0,0,0,2026-03-26
[หนังสือ] เมื่อโลกทั้งใบซ่อนอยู่ใต้หมวกกันน็อก (HELMET GIRL),[หนังสือ] เมื่อโลกทั้งใบซ่อนอยู่ใต้หมวกกันน็อก (HELMET GIRL),0,0,0,0,0,0,0,0,0,0,0,934,0,0,934,0,0,0,0,0,0,0,0,0,0,0,0,0,0,0,0,0,0,2026-03-26
[หนังสือ] เมื่อโลกทั้งใบซ่อนอยู่ใต้หมวกกันน็อก (HELMET GIRL),*OPD [E-BOOK] เมื่อโลกทั้งใบซ่อนอยู่ใต้หมวกกันน็อก (HELMET GIRL),0,0,0,0,0,0,0,0,0,0,0,0,0,0,0,0,0,0,0,0,0,0,0,0,0,0,0,0,0,0,0,0,0,2026-03-26
[หนังสือ] เมื่อโลกทั้งใบซ่อนอยู่ใต้หมวกกันน็อก (HELMET GIRL),[หนังสือ] BOXSET เมื่อโลกทั้งใบซ่อนอยู่ใต้หมวกกันน็อก (HELMET GIRL),0,0,0,0,0,0,0,0,0,0,0,0,0,0,0,0,0,0,0,0,0,0,0,0,0,0,0,0,0,0,0,0,0,2026-03-26
"[หนังสือ] สะกดคำ 1,200 คำ BY ครูพี่วัน","[หนังสือ] สะกดคำ 1,200 คำ BY ครูพี่วัน",0,0,0,0,0,0,0,0,0,0,0,300,300,0,0,0,0,0,0,0,0,0,0,0,0,0,0,0,0,0,0,0,0,2026-03-26
[หนังสือ] วันไหนที่ใจแข็งแรง ดอกไม้จะผลิบาน THE ENCHANTED GARDEN,[หนังสือ] วันไหนที่ใจแข็งแรง ดอกไม้จะผลิบาน THE ENCHANTED GARDEN,851.31,0,0,76.33,774.98,0,0,0,0,0,0,1250.4,0,0,951.4,0,299,0,0,0,0,0,68.08,0,0,8.02,0,0,0,0,0,0,0,2026-03-26
[หนังสือ] วันไหนที่ใจแข็งแรง ดอกไม้จะผลิบาน THE ENCHANTED GARDEN,*OPD [E-BOOK] วันไหนที่ใจแข็งแรง ดอกไม้จะผลิบาน THE ENCHANTED GARDEN,0,0,0,0,0,0,0,0,0,0,0,0,0,0,0,0,0,0,0,0,0,0,0,0,0,0,0,0,0,0,0,0,0,2026-03-26
[หนังสือ] วันไหนที่ใจแข็งแรง ดอกไม้จะผลิบาน THE ENCHANTED GARDEN,[หนังสือ] สวนของหัวใจ BLOSSOMS OF THE SOUL’S GARDEN,0,0,0,0,0,0,0,0,0,0,0,1180,0,0,1180,0,0,0,0,0,0,0,0,0,0,0,0,0,0,0,0,0,0,2026-03-26
[หนังสือ] ยินดีต้อนรับและขอบคุณที่กลับมา,[หนังสือ] ยินดีต้อนรับและขอบคุณที่กลับมา,245.94,0,0,203.72,42.22,0,0,0,0,0,0,1668.09,559,0,870.09,0,239,0,0,0,0,0,14.74,0,0,23.41,0,0,0,0,0,0,0,2026-03-26
[หนังสือ] ยินดีต้อนรับและขอบคุณที่กลับมา,*OPD [E-BOOK] ยินดีต้อนรับและขอบคุณที่กลับมา,0,0,0,0,0,0,0,0,0,0,0,0,0,0,0,0,0,0,0,0,0,0,0,0,0,0,0,0,0,0,0,0,0,2026-03-26
[หนังสือ] ปีศาจตัวนั้น คือฉันเอง A GUIDE TO FIGHT THE DEMONS IN MY HEART,[หนังสือ] ปีศาจตัวนั้น คือฉันเอง A GUIDE TO FIGHT THE DEMONS IN MY HEART,9289.53,0,0,1770.63,7421.12,0,97.78,0,0,0,0,0,0,0,0,0,0,0,0,0,0,0,0,0,0,0,0,0,0,0,0,0,0,2026-03-26
[หนังสือ] ปีศาจตัวนั้น คือฉันเอง A GUIDE TO FIGHT THE DEMONS IN MY HEART,*OPD [E-BOOK] ปีศาจตัวนั้น คือฉันเอง A GUIDE TO FIGHTING THE DEMONS IN MY HEART,0,0,0,0,0,0,0,0,0,0,0,0,0,0,0,0,0,0,0,0,0,0,0,0,0,0,0,0,0,0,0,0,0,2026-03-26
[หนังสือ] ปีศาจตัวนั้น คือฉันเอง A GUIDE TO FIGHT THE DEMONS IN MY HEART,*[E-BOOK] ปีศาจตัวนั้น คือฉันเอง A GUIDE TO FIGHTING THE DEMONS IN MY HEART,0,0,0,0,0,0,0,0,0,0,0,0,0,0,0,0,0,0,0,0,0,0,0,0,0,0,0,0,0,0,0,0,0,2026-03-26
[หนังสือ] ปีศาจตัวนั้น คือฉันเอง A GUIDE TO FIGHT THE DEMONS IN MY HEART,[หนังสือ] ปีศาจตัวนั้น คือฉันเอง A GUIDE TO FIGHTING THE DEMONS IN MY HEART,0,0,0,0,0,0,0,0,0,0,0,22981.87,300,0,20381.87,0,2300,0,0,0,0,0,0,0,0,0,0,0,0,0,0,0,0,2026-03-26
[หนังสือ] ปีศาจตัวนั้น คือฉันเอง 2 A GUIDE TO OVERCOMING THE RETURN OF THE DEMONS,[หนังสือ] ปีศาจตัวนั้น คือฉันเอง 2 A GUIDE TO OVERCOMING THE RETURN OF THE DEMONS,3125.81,0,0,807.63,2218.18,0,100,0,0,0,0,13279.8,0,0,12920.8,0,359,0,0,0,0,0,23.54,0,0,6.25,0,0,27.86,0,0,0,0,2026-03-26
[หนังสือ] ปีศาจตัวนั้น คือฉันเอง 2 A GUIDE TO OVERCOMING THE RETURN OF THE DEMONS,*OPD [E-BOOK] ปีศาจตัวนั้น คือฉันเอง 2 A GUIDE TO OVERCOMING THE RETURN OF THE DEMONS,0,0,0,0,0,0,0,0,0,0,0,0,0,0,0,0,0,0,0,0,0,0,0,0,0,0,0,0,0,0,0,0,0,2026-03-26
[หนังสือ] ปีศาจความรักมักเลือกฉันเป็นเหยื่อ HOW TO FIGHT THE LOVE DEMON IN MY HEART,[หนังสือ] ปีศาจความรักมักเลือกฉันเป็นเหยื่อ HOW TO FIGHT THE LOVE DEMON IN MY HEART,259.92,0,0,60.67,199.25,0,0,0,0,0,0,913,200,0,200,0,513,0,0,0,0,0,28.47,0,0,30.34,0,0,0,0,0,0,0,2026-03-26
[หนังสือ] ปีศาจความรักมักเลือกฉันเป็นเหยื่อ HOW TO FIGHT THE LOVE DEMON IN MY HEART,*OPD [E-BOOK] ปีศาจความรักมักเลือกฉันเป็นเหยื่อ HOW TO FIGHT THE LOVE DEMON IN MY HEART,0,0,0,0,0,0,0,0,0,0,0,0,0,0,0,0,0,0,0,0,0,0,0,0,0,0,0,0,0,0,0,0,0,2026-03-26
[หนังสือ] ทุกความทรงจำคือของขวัญจากวันวาน,[หนังสือ] ทุกความทรงจำคือของขวัญจากวันวาน,0,0,0,0,0,0,0,0,0,0,0,200,200,0,0,0,0,0,0,0,0,0,0,0,0,0,0,0,0,0,0,0,0,2026-03-26
[หนังสือ] ทุกความทรงจำคือของขวัญจากวันวาน,*OPD [E-BOOK] ทุกความทรงจำคือของขวัญจากวันวาน,0,0,0,0,0,0,0,0,0,0,0,0,0,0,0,0,0,0,0,0,0,0,0,0,0,0,0,0,0,0,0,0,0,2026-03-26
[หนังสือ] ถ้าโลกมันแย่ ก็แค่คิดแบบคาปิบาร่า THINK LIKE A HAPPYBARA,[หนังสือ] ถ้าโลกมันแย่ ก็แค่คิดแบบคาปิบาร่า THINK LIKE A HAPPYBARA,1509.6,0,0,120.46,1389.14,0,0,0,0,0,0,3491.04,0,0,3192.04,0,299,0,0,0,0,0,43.24,0,0,3.77,0,0,0,0,0,0,0,2026-03-26
[หนังสือ] ถ้าโลกมันแย่ ก็แค่คิดแบบคาปิบาร่า THINK LIKE A HAPPYBARA,*OPD [E-BOOK] ถ้าโลกมันแย่ ก็แค่คิดแบบคาปิบาร่า THINK LIKE A HAPPYBARA,0,0,0,0,0,0,0,0,0,0,0,0,0,0,0,0,0,0,0,0,0,0,0,0,0,0,0,0,0,0,0,0,0,2026-03-26
[หนังสือ] ถ้าโลกมันแย่ ก็แค่คิดแบบคาปิบาร่า THINK LIKE A HAPPYBARA,[หนังสือ] BOXSET ถ้าโลกมันแย่ ก็แค่คิดแบบคาปิบาร่า THINK LIKE A HAPPYBARA,0,0,0,0,0,0,0,0,0,0,0,2410,0,0,501,0,1909,0,0,0,0,0,0,0,0,0,0,0,0,0,0,0,0,2026-03-26
[หนังสือ] โอบกอดความไม่สมบูรณ์แบบของเธอ (EMBRACE YOUR FLAWS),[หนังสือ] โอบกอดความไม่สมบูรณ์แบบของเธอ (EMBRACE YOUR FLAWS),2294.24,0,0,108.97,2185.27,0,0,0,0,0,0,18684.3,0,0,17568.3,0,1116,0,0,0,0,0,12.28,0,0,0.62,0,0,0,0,0,0,0,2026-03-26
[หนังสือ] โอบกอดความไม่สมบูรณ์แบบของเธอ (EMBRACE YOUR FLAWS),*OPD [E-BOOK] โอบกอดความไม่สมบูรณ์แบบของเธอ (EMBRACE YOUR FLAWS),0,0,0,0,0,0,0,0,0,0,0,0,0,0,0,0,0,0,0,0,0,0,0,0,0,0,0,0,0,0,0,0,0,2026-03-26
[หนังสือ] ความลับสู่เงินล้านที่โรงเรียนไม่เคยสอน (THE MILLIONAIRE'S TOP SECRET),[หนังสือ] ความลับสู่เงินล้านที่โรงเรียนไม่เคยสอน (THE MILLIONAIRE'S TOP SECRET),506.71,0,0,42.43,464.28,0,0,0,0,0,0,1582,0,0,1582,0,0,0,0,0,0,0,32.03,0,0,2.68,0,0,0,0,0,0,0,2026-03-26
[หนังสือ] ความลับสู่เงินล้านที่โรงเรียนไม่เคยสอน (THE MILLIONAIRE'S TOP SECRET),*OPD [E-BOOK] ความลับสู่เงินล้านที่โรงเรียนไม่เคยสอน (THE MILLIONAIRE'S TOP SECRET),0,0,0,0,0,0,0,0,0,0,0,0,0,0,0,0,0,0,0,0,0,0,0,0,0,0,0,0,0,0,0,0,0,2026-03-26
[หนังสือ] ขอใช้ชีวิตที่เหลือ เพื่อตัวเองนะ,[หนังสือ] ขอใช้ชีวิตที่เหลือ เพื่อตัวเองนะ,1136.23,573.37,0,85.47,477.39,0,0,0,0,0,0,3680,2116,0,1564,0,0,0,0,0,0,0,30.88,27.1,0,5.46,0,0,0,0,0,0,0,2026-03-26
[หนังสือ] ขอใช้ชีวิตที่เหลือ เพื่อตัวเองนะ,*OPD [E-BOOK] ขอใช้ชีวิตที่เหลือ เพื่อตัวเองนะ,0,0,0,0,0,0,0,0,0,0,0,0,0,0,0,0,0,0,0,0,0,0,0,0,0,0,0,0,0,0,0,0,0,2026-03-26
[หนังสือ] กับดักความรู้สึกผิด,[หนังสือ] กับดักความรู้สึกผิด,19211.92,13640.87,0,3926.76,1062.12,382.17,200,0,0,0,0,35002,12126,0,11609,0,8857,0,1392,0,1018,0,54.89,112.49,0,33.83,0,27.45,2.26,0,0,0,0,2026-03-26
[หนังสือ] กับดักความรู้สึกผิด,*OPD [E-BOOK] กับดักความรู้สึกผิด,0,0,0,0,0,0,0,0,0,0,0,0,0,0,0,0,0,0,0,0,0,0,0,0,0,0,0,0,0,0,0,0,0,2026-03-26
[หนังสือ] กว่าจะคิดได้ ก็ไม่มีลมหายใจแล้ว (IT IS NEVER TOO LATE TO LOVE YOURSELF),[หนังสือ] กว่าจะคิดได้ ก็ไม่มีลมหายใจแล้ว (IT IS NEVER TOO LATE TO LOVE YOURSELF),0,0,0,0,0,0,0,0,0,0,0,1100,500,0,600,0,0,0,0,0,0,0,0,0,0,0,0,0,0,0,0,0,0,2026-03-26
[หนังสือ] กว่าจะคิดได้ ก็ไม่มีลมหายใจแล้ว (IT IS NEVER TOO LATE TO LOVE YOURSELF),*OPD [E-BOOK] กว่าจะคิดได้ ก็ไม่มีลมหายใจแล้ว (IT IS NEVER TOO LATE TO LOVE YOURSELF),0,0,0,0,0,0,0,0,0,0,0,0,0,0,0,0,0,0,0,0,0,0,0,0,0,0,0,0,0,0,0,0,0,2026-03-26
[หนังสือ] THE WITCHES' CLUB ชมรมลับเปลี่ยนชีวิต,[หนังสือ] THE WITCHES' CLUB ชมรมลับเปลี่ยนชีวิต,2492.84,611.23,0,904.98,856.63,0,120,0,0,0,0,1378,780,0,0,0,598,0,0,0,0,0,180.9,78.36,0,0,0,0,20.07,0,0,0,0,2026-03-26
[หนังสือ] THE WITCHES' CLUB ชมรมลับเปลี่ยนชีวิต,*OPD [E-BOOK] THE WITCHES' CLUB ชมรมลับเปลี่ยนชีวิต,0,0,0,0,0,0,0,0,0,0,0,0,0,0,0,0,0,0,0,0,0,0,0,0,0,0,0,0,0,0,0,0,0,2026-03-26
[หนังสือ] THE WITCHES' CLUB ชมรมลับเปลี่ยนชีวิต,*[E-BOOK] THE WITCHES' CLUB ชมรมลับเปลี่ยนชีวิต,0,0,0,0,0,0,0,0,0,0,0,0,0,0,0,0,0,0,0,0,0,0,0,0,0,0,0,0,0,0,0,0,0,2026-03-26
[หนังสือ] THE WITCHES' CLUB ชมรมลับเปลี่ยนชีวิต,[หนังสือ] BOXSET THE WITCHES' CLUB ชมรมลับเปลี่ยนชีวิต,0,0,0,0,0,0,0,0,0,0,0,5530.1,1089,0,2733.1,0,1708,0,0,0,0,0,0,0,0,0,0,0,0,0,0,0,0,2026-03-26
[หนังสือ] SPEAK ENG WITH P'ONE รัวอิ้งฉ่ำ ถามตอบมันส์เว่อร์,[หนังสือ] SPEAK ENG WITH P'ONE รัวอิ้งฉ่ำ ถามตอบมันส์เว่อร์,0,0,0,0,0,0,0,0,0,0,0,300,300,0,0,0,0,0,0,0,0,0,0,0,0,0,0,0,0,0,0,0,0,2026-03-26
[หนังสือ] MY LAST BOOK (A GENTLE GUIDE AND PREPARATION FOR LIFE’S FINAL CHAPTER),[หนังสือ] MY LAST BOOK (A GENTLE GUIDE AND PREPARATION FOR LIFE’S FINAL CHAPTER),0,0,0,0,0,0,0,0,0,0,0,600,600,0,0,0,0,0,0,0,0,0,0,0,0,0,0,0,0,0,0,0,0,2026-03-26
[หนังสือ] GHOSTLY REMAINS ปลดพันธนาการดวงวิญญาณหลังความตาย,[หนังสือ] GHOSTLY REMAINS ปลดพันธนาการดวงวิญญาณหลังความตาย,566.14,219.77,0,81,222.23,0,43.14,0,0,0,0,3485.3,1049,0,2114.3,0,0,0,322,0,0,0,16.24,20.95,0,3.83,0,0,0,0,0,0,0,2026-03-26
[หนังสือ] GHOSTLY BREWS ยินดีบริการดวงวิญญาณหลังเที่ยงคืน,[หนังสือ] GHOSTLY BREWS ยินดีบริการดวงวิญญาณหลังเที่ยงคืน,3422.63,1061.21,0,827.26,1505.45,0,28.71,0,0,0,0,8740.1,1656,0,6735.1,0,349,0,0,0,0,0,39.16,64.08,0,12.28,0,0,8.23,0,0,0,0,2026-03-26
[หนังสือ] GHOSTLY BREWS ยินดีบริการดวงวิญญาณหลังเที่ยงคืน,*OPD [E-BOOK] GHOSTLY BREWS ยินดีบริการดวงวิญญาณหลังเที่ยงคืน,0,0,0,0,0,0,0,0,0,0,0,718,0,0,0,0,718,0,0,0,0,0,0,0,0,0,0,0,0,0,0,0,0,2026-03-26
[หนังสือ] GHOSTLY BREWS ยินดีบริการดวงวิญญาณหลังเที่ยงคืน,*[E-BOOK] GHOSTLY BREWS ยินดีบริการดวงวิญญาณหลังเที่ยงคืน,0,0,0,0,0,0,0,0,0,0,0,0,0,0,0,0,0,0,0,0,0,0,0,0,0,0,0,0,0,0,0,0,0,2026-03-26
[หนังสือ] เหนื่อยมากไหม พักก่อนก็ได้นะวันนี้,[หนังสือ] เหนื่อยมากไหม พักก่อนก็ได้นะวันนี้,256.56,256.56,0,0,0,0,0,0,0,0,0,1739.34,0,0,1349.34,0,390,0,0,0,0,0,14.75,0,0,0,0,0,0,0,0,0,0,2026-03-26
[หนังสือ] เหนื่อยมากไหม พักก่อนก็ได้นะวันนี้,*OPD [E-BOOK] เหนื่อยมากไหม พักก่อนก็ได้นะวันนี้,0,0,0,0,0,0,0,0,0,0,0,0,0,0,0,0,0,0,0,0,0,0,0,0,0,0,0,0,0,0,0,0,0,2026-03-26
[หนังสือ] เหนื่อยมากไหม พักก่อนก็ได้นะวันนี้,[หนังสือ] BOXSET เหนื่อยมากไหม พักก่อนก็ได้นะวันนี้,0,0,0,0,0,0,0,0,0,0,0,1490,590,0,900,0,0,0,0,0,0,0,0,0,0,0,0,0,0,0,0,0,0,2026-03-26
[หนังสือ] ฉันจะมีชีวิตที่ดี,[หนังสือ] ฉันจะมีชีวิตที่ดี,498.36,0,0,52.13,446.23,0,0,0,0,0,0,1253,0,0,1253,0,0,0,0,0,0,0,39.77,0,0,4.16,0,0,0,0,0,0,0,2026-03-27
[หนังสือ] ฉันจะมีชีวิตที่ดี,*OPD [E-BOOK] ฉันจะมีชีวิตที่ดี,0,0,0,0,0,0,0,0,0,0,0,134,134,0,0,0,0,0,0,0,0,0,0,0,0,0,0,0,0,0,0,0,0,2026-03-27
[หนังสือ] เมื่อโลกทั้งใบซ่อนอยู่ใต้หมวกกันน็อก (HELMET GIRL),[หนังสือ] เมื่อโลกทั้งใบซ่อนอยู่ใต้หมวกกันน็อก (HELMET GIRL),0,0,0,0,0,0,0,0,0,0,0,1176,0,0,1176,0,0,0,0,0,0,0,0,0,0,0,0,0,0,0,0,0,0,2026-03-27
[หนังสือ] เมื่อโลกทั้งใบซ่อนอยู่ใต้หมวกกันน็อก (HELMET GIRL),*OPD [E-BOOK] เมื่อโลกทั้งใบซ่อนอยู่ใต้หมวกกันน็อก (HELMET GIRL),0,0,0,0,0,0,0,0,0,0,0,0,0,0,0,0,0,0,0,0,0,0,0,0,0,0,0,0,0,0,0,0,0,2026-03-27
[หนังสือ] เมื่อโลกทั้งใบซ่อนอยู่ใต้หมวกกันน็อก (HELMET GIRL),[หนังสือ] BOXSET เมื่อโลกทั้งใบซ่อนอยู่ใต้หมวกกันน็อก (HELMET GIRL),0,0,0,0,0,0,0,0,0,0,0,3777,0,0,3777,0,0,0,0,0,0,0,0,0,0,0,0,0,0,0,0,0,0,2026-03-27
[หนังสือ] วันไหนที่ใจแข็งแรง ดอกไม้จะผลิบาน THE ENCHANTED GARDEN,[หนังสือ] วันไหนที่ใจแข็งแรง ดอกไม้จะผลิบาน THE ENCHANTED GARDEN,708.22,0,0,98.38,609.84,0,0,0,0,0,0,1379.73,0,0,840.73,0,539,0,0,0,0,0,51.33,0,0,11.7,0,0,0,0,0,0,0,2026-03-27
[หนังสือ] วันไหนที่ใจแข็งแรง ดอกไม้จะผลิบาน THE ENCHANTED GARDEN,*OPD [E-BOOK] วันไหนที่ใจแข็งแรง ดอกไม้จะผลิบาน THE ENCHANTED GARDEN,0,0,0,0,0,0,0,0,0,0,0,0,0,0,0,0,0,0,0,0,0,0,0,0,0,0,0,0,0,0,0,0,0,2026-03-27
[หนังสือ] วันไหนที่ใจแข็งแรง ดอกไม้จะผลิบาน THE ENCHANTED GARDEN,[หนังสือ] สวนของหัวใจ BLOSSOMS OF THE SOUL’S GARDEN,0,0,0,0,0,0,0,0,0,0,0,994,0,0,994,0,0,0,0,0,0,0,0,0,0,0,0,0,0,0,0,0,0,2026-03-27
[หนังสือ] ยินดีต้อนรับและขอบคุณที่กลับมา,[หนังสือ] ยินดีต้อนรับและขอบคุณที่กลับมา,186.28,0,0,159.93,26.35,0,0,0,0,0,0,239,0,0,0,0,239,0,0,0,0,0,77.94,0,0,0,0,0,0,0,0,0,0,2026-03-27
[หนังสือ] ยินดีต้อนรับและขอบคุณที่กลับมา,*OPD [E-BOOK] ยินดีต้อนรับและขอบคุณที่กลับมา,0,0,0,0,0,0,0,0,0,0,0,165,165,0,0,0,0,0,0,0,0,0,0,0,0,0,0,0,0,0,0,0,0,2026-03-27
[หนังสือ] ถ้าโลกมันแย่ ก็แค่คิดแบบคาปิบาร่า THINK LIKE A HAPPYBARA,*OPD [E-BOOK] ถ้าโลกมันแย่ ก็แค่คิดแบบคาปิบาร่า THINK LIKE A HAPPYBARA,0,0,0,0,0,0,0,0,0,0,0,0,0,0,0,0,0,0,0,0,0,0,0,0,0,0,0,0,0,0,0,0,0,2026-03-27
[หนังสือ] ถ้าโลกมันแย่ ก็แค่คิดแบบคาปิบาร่า THINK LIKE A HAPPYBARA,[หนังสือ] BOXSET ถ้าโลกมันแย่ ก็แค่คิดแบบคาปิบาร่า THINK LIKE A HAPPYBARA,0,0,0,0,0,0,0,0,0,0,0,2907.12,590,0,439.12,0,1878,0,0,0,0,0,0,0,0,0,0,0,0,0,0,0,0,2026-03-27
[หนังสือ] ปีศาจตัวนั้น คือฉันเอง A GUIDE TO FIGHT THE DEMONS IN MY HEART,*[E-BOOK] ปีศาจตัวนั้น คือฉันเอง A GUIDE TO FIGHTING THE DEMONS IN MY HEART,0,0,0,0,0,0,0,0,0,0,0,0,0,0,0,0,0,0,0,0,0,0,0,0,0,0,0,0,0,0,0,0,0,2026-03-27
[หนังสือ] ปีศาจตัวนั้น คือฉันเอง A GUIDE TO FIGHT THE DEMONS IN MY HEART,[หนังสือ] ปีศาจตัวนั้น คือฉันเอง A GUIDE TO FIGHTING THE DEMONS IN MY HEART,0,0,0,0,0,0,0,0,0,0,0,30792.32,300,0,28381.32,0,1393,359,359,0,0,0,0,0,0,0,0,0,0,0,0,0,0,2026-03-27
[หนังสือ] ปีศาจตัวนั้น คือฉันเอง 2 A GUIDE TO OVERCOMING THE RETURN OF THE DEMONS,[หนังสือ] ปีศาจตัวนั้น คือฉันเอง 2 A GUIDE TO OVERCOMING THE RETURN OF THE DEMONS,2827.81,0,0,694.81,2052.11,0,71.76,9.13,0,0,0,9561.24,0,0,9561.24,0,0,0,0,0,0,0,29.58,0,0,7.27,0,0,0,0,0,0,0,2026-03-27
[หนังสือ] ปีศาจตัวนั้น คือฉันเอง 2 A GUIDE TO OVERCOMING THE RETURN OF THE DEMONS,*OPD [E-BOOK] ปีศาจตัวนั้น คือฉันเอง 2 A GUIDE TO OVERCOMING THE RETURN OF THE DEMONS,0,0,0,0,0,0,0,0,0,0,0,0,0,0,0,0,0,0,0,0,0,0,0,0,0,0,0,0,0,0,0,0,0,2026-03-27
[หนังสือ] ปีศาจความรักมักเลือกฉันเป็นเหยื่อ HOW TO FIGHT THE LOVE DEMON IN MY HEART,[หนังสือ] ปีศาจความรักมักเลือกฉันเป็นเหยื่อ HOW TO FIGHT THE LOVE DEMON IN MY HEART,380.58,0,0,39.22,341.36,0,0,0,0,0,0,2088.69,0,0,1878.69,0,210,0,0,0,0,0,18.22,0,0,2.09,0,0,0,0,0,0,0,2026-03-27
[หนังสือ] ปีศาจความรักมักเลือกฉันเป็นเหยื่อ HOW TO FIGHT THE LOVE DEMON IN MY HEART,*OPD [E-BOOK] ปีศาจความรักมักเลือกฉันเป็นเหยื่อ HOW TO FIGHT THE LOVE DEMON IN MY HEART,0,0,0,0,0,0,0,0,0,0,0,0,0,0,0,0,0,0,0,0,0,0,0,0,0,0,0,0,0,0,0,0,0,2026-03-27
[หนังสือ] ทุกความทรงจำคือของขวัญจากวันวาน,[หนังสือ] ทุกความทรงจำคือของขวัญจากวันวาน,0,0,0,0,0,0,0,0,0,0,0,200,200,0,0,0,0,0,0,0,0,0,0,0,0,0,0,0,0,0,0,0,0,2026-03-27
[หนังสือ] ทุกความทรงจำคือของขวัญจากวันวาน,*OPD [E-BOOK] ทุกความทรงจำคือของขวัญจากวันวาน,0,0,0,0,0,0,0,0,0,0,0,0,0,0,0,0,0,0,0,0,0,0,0,0,0,0,0,0,0,0,0,0,0,2026-03-27
[หนังสือ] ถ้าโลกมันแย่ ก็แค่คิดแบบคาปิบาร่า THINK LIKE A HAPPYBARA,[หนังสือ] ถ้าโลกมันแย่ ก็แค่คิดแบบคาปิบาร่า THINK LIKE A HAPPYBARA,2168.26,0,0,106.75,2061.51,0,0,0,0,0,0,4334.07,0,0,4334.07,0,0,0,0,0,0,0,50.03,0,0,2.46,0,0,0,0,0,0,0,2026-03-27
[หนังสือ] ปีศาจตัวนั้น คือฉันเอง A GUIDE TO FIGHT THE DEMONS IN MY HEART,[หนังสือ] ปีศาจตัวนั้น คือฉันเอง A GUIDE TO FIGHT THE DEMONS IN MY HEART,12731.89,0,0,991.77,11632.26,0,107.86,0,0,0,0,0,0,0,0,0,0,0,0,0,0,0,0,0,0,0,0,0,0,0,0,0,0,2026-03-27
[หนังสือ] ปีศาจตัวนั้น คือฉันเอง A GUIDE TO FIGHT THE DEMONS IN MY HEART,*OPD [E-BOOK] ปีศาจตัวนั้น คือฉันเอง A GUIDE TO FIGHTING THE DEMONS IN MY HEART,0,0,0,0,0,0,0,0,0,0,0,359,0,0,0,0,359,0,0,0,0,0,0,0,0,0,0,0,0,0,0,0,0,2026-03-27
[หนังสือ] โอบกอดความไม่สมบูรณ์แบบของเธอ (EMBRACE YOUR FLAWS),[หนังสือ] โอบกอดความไม่สมบูรณ์แบบของเธอ (EMBRACE YOUR FLAWS),1995.06,0,0,104.51,1890.55,0,0,0,0,0,0,16187.29,0,0,15643.29,0,544,0,0,0,0,0,12.32,0,0,0.67,0,0,0,0,0,0,0,2026-03-27
[หนังสือ] THE WITCHES' CLUB ชมรมลับเปลี่ยนชีวิต,*[E-BOOK] THE WITCHES' CLUB ชมรมลับเปลี่ยนชีวิต,0,0,0,0,0,0,0,0,0,0,0,0,0,0,0,0,0,0,0,0,0,0,0,0,0,0,0,0,0,0,0,0,0,2026-03-27
[หนังสือ] ความลับสู่เงินล้านที่โรงเรียนไม่เคยสอน (THE MILLIONAIRE'S TOP SECRET),[หนังสือ] ความลับสู่เงินล้านที่โรงเรียนไม่เคยสอน (THE MILLIONAIRE'S TOP SECRET),454.34,0,0,34.53,419.81,0,0,0,0,0,0,1546,0,0,1546,0,0,0,0,0,0,0,29.39,0,0,2.23,0,0,0,0,0,0,0,2026-03-27
[หนังสือ] ความลับสู่เงินล้านที่โรงเรียนไม่เคยสอน (THE MILLIONAIRE'S TOP SECRET),*OPD [E-BOOK] ความลับสู่เงินล้านที่โรงเรียนไม่เคยสอน (THE MILLIONAIRE'S TOP SECRET),0,0,0,0,0,0,0,0,0,0,0,0,0,0,0,0,0,0,0,0,0,0,0,0,0,0,0,0,0,0,0,0,0,2026-03-27
[หนังสือ] ขอใช้ชีวิตที่เหลือ เพื่อตัวเองนะ,[หนังสือ] ขอใช้ชีวิตที่เหลือ เพื่อตัวเองนะ,1624.96,608.07,0,109.51,907.38,0,0,0,0,0,0,3728,400,0,3328,0,0,0,0,0,0,0,43.59,152.02,0,3.29,0,0,0,0,0,0,0,2026-03-27
[หนังสือ] ขอใช้ชีวิตที่เหลือ เพื่อตัวเองนะ,*OPD [E-BOOK] ขอใช้ชีวิตที่เหลือ เพื่อตัวเองนะ,0,0,0,0,0,0,0,0,0,0,0,0,0,0,0,0,0,0,0,0,0,0,0,0,0,0,0,0,0,0,0,0,0,2026-03-27
[หนังสือ] กับดักความรู้สึกผิด,[หนังสือ] กับดักความรู้สึกผิด,17182.95,14347.85,0,1704.19,548.67,382.24,200,0,0,0,0,27625.24,13882,0,6635.24,0,5386,389,1333,0,0,0,62.2,103.36,0,25.68,0,28.68,3.71,0,0,0,0,2026-03-27
[หนังสือ] กับดักความรู้สึกผิด,*OPD [E-BOOK] กับดักความรู้สึกผิด,0,0,0,0,0,0,0,0,0,0,0,0,0,0,0,0,0,0,0,0,0,0,0,0,0,0,0,0,0,0,0,0,0,2026-03-27
[หนังสือ] กว่าจะคิดได้ ก็ไม่มีลมหายใจแล้ว (IT IS NEVER TOO LATE TO LOVE YOURSELF),[หนังสือ] กว่าจะคิดได้ ก็ไม่มีลมหายใจแล้ว (IT IS NEVER TOO LATE TO LOVE YOURSELF),0,0,0,0,0,0,0,0,0,0,0,722,0,0,722,0,0,0,0,0,0,0,0,0,0,0,0,0,0,0,0,0,0,2026-03-27
[หนังสือ] กว่าจะคิดได้ ก็ไม่มีลมหายใจแล้ว (IT IS NEVER TOO LATE TO LOVE YOURSELF),*OPD [E-BOOK] กว่าจะคิดได้ ก็ไม่มีลมหายใจแล้ว (IT IS NEVER TOO LATE TO LOVE YOURSELF),0,0,0,0,0,0,0,0,0,0,0,0,0,0,0,0,0,0,0,0,0,0,0,0,0,0,0,0,0,0,0,0,0,2026-03-27
[หนังสือ] THE WITCHES' CLUB ชมรมลับเปลี่ยนชีวิต,[หนังสือ] THE WITCHES' CLUB ชมรมลับเปลี่ยนชีวิต,2866.52,949.53,0,767.9,1029.09,0,120,0,0,0,0,203.12,0,0,203.12,0,0,0,0,0,0,0,1411.24,0,0,378.05,0,0,0,0,0,0,0,2026-03-27
[หนังสือ] โอบกอดความไม่สมบูรณ์แบบของเธอ (EMBRACE YOUR FLAWS),*OPD [E-BOOK] โอบกอดความไม่สมบูรณ์แบบของเธอ (EMBRACE YOUR FLAWS),0,0,0,0,0,0,0,0,0,0,0,0,0,0,0,0,0,0,0,0,0,0,0,0,0,0,0,0,0,0,0,0,0,2026-03-27
[หนังสือ] THE WITCHES' CLUB ชมรมลับเปลี่ยนชีวิต,[หนังสือ] BOXSET THE WITCHES' CLUB ชมรมลับเปลี่ยนชีวิต,0,0,0,0,0,0,0,0,0,0,0,8679.2,499,0,5884.2,0,2296,0,0,0,0,0,0,0,0,0,0,0,0,0,0,0,0,2026-03-27
[หนังสือ] MY LAST BOOK (A GENTLE GUIDE AND PREPARATION FOR LIFE’S FINAL CHAPTER),[หนังสือ] MY LAST BOOK (A GENTLE GUIDE AND PREPARATION FOR LIFE’S FINAL CHAPTER),0,0,0,0,0,0,0,0,0,0,0,300,300,0,0,0,0,0,0,0,0,0,0,0,0,0,0,0,0,0,0,0,0,2026-03-27
[หนังสือ] GHOSTLY REMAINS ปลดพันธนาการดวงวิญญาณหลังความตาย,[หนังสือ] GHOSTLY REMAINS ปลดพันธนาการดวงวิญญาณหลังความตาย,718.1,234.37,0,91.34,349.17,0,43.22,0,0,0,0,3180.05,1159,0,1631.05,0,390,0,0,0,0,0,22.58,20.22,0,5.6,0,0,11.08,0,0,0,0,2026-03-27
[หนังสือ] GHOSTLY BREWS ยินดีบริการดวงวิญญาณหลังเที่ยงคืน,[หนังสือ] GHOSTLY BREWS ยินดีบริการดวงวิญญาณหลังเที่ยงคืน,2535.97,965.67,0,486.96,982.65,0,100,0.69,0,0,0,6693.55,738,0,4540.55,0,1415,0,0,0,0,0,37.89,130.85,0,10.72,0,0,7.07,0,0,0,0,2026-03-27
[หนังสือ] GHOSTLY BREWS ยินดีบริการดวงวิญญาณหลังเที่ยงคืน,*OPD [E-BOOK] GHOSTLY BREWS ยินดีบริการดวงวิญญาณหลังเที่ยงคืน,0,0,0,0,0,0,0,0,0,0,0,0,0,0,0,0,0,0,0,0,0,0,0,0,0,0,0,0,0,0,0,0,0,2026-03-27
[หนังสือ] GHOSTLY BREWS ยินดีบริการดวงวิญญาณหลังเที่ยงคืน,*[E-BOOK] GHOSTLY BREWS ยินดีบริการดวงวิญญาณหลังเที่ยงคืน,0,0,0,0,0,0,0,0,0,0,0,0,0,0,0,0,0,0,0,0,0,0,0,0,0,0,0,0,0,0,0,0,0,2026-03-27
[หนังสือ] เหนื่อยมากไหม พักก่อนก็ได้นะวันนี้,[หนังสือ] เหนื่อยมากไหม พักก่อนก็ได้นะวันนี้,266.68,266.68,0,0,0,0,0,0,0,0,0,2928.53,0,0,2538.53,0,390,0,0,0,0,0,9.11,0,0,0,0,0,0,0,0,0,0,2026-03-27
[หนังสือ] เหนื่อยมากไหม พักก่อนก็ได้นะวันนี้,*OPD [E-BOOK] เหนื่อยมากไหม พักก่อนก็ได้นะวันนี้,0,0,0,0,0,0,0,0,0,0,0,0,0,0,0,0,0,0,0,0,0,0,0,0,0,0,0,0,0,0,0,0,0,2026-03-27
[หนังสือ] เหนื่อยมากไหม พักก่อนก็ได้นะวันนี้,[หนังสือ] BOXSET เหนื่อยมากไหม พักก่อนก็ได้นะวันนี้,0,0,0,0,0,0,0,0,0,0,0,450,0,0,450,0,0,0,0,0,0,0,0,0,0,0,0,0,0,0,0,0,0,2026-03-27
[หนังสือ] THE WITCHES' CLUB ชมรมลับเปลี่ยนชีวิต,*OPD [E-BOOK] THE WITCHES' CLUB ชมรมลับเปลี่ยนชีวิต,0,0,0,0,0,0,0,0,0,0,0,0,0,0,0,0,0,0,0,0,0,0,0,0,0,0,0,0,0,0,0,0,0,2026-03-27
[หนังสือ] ชีวิตมีเรื่องให้ขอบคุณมากกว่าเสียใจ,[หนังสือ] ชีวิตมีเรื่องให้ขอบคุณมากกว่าเสียใจ,265.58,0,0,56.78,208.8,0,0,0,0,0,0,0,0,0,0,0,0,0,0,0,0,0,0,0,0,0,0,0,0,0,0,0,0,2026-03-28
[หนังสือ] ชีวิตมีเรื่องให้ขอบคุณมากกว่าเสียใจ,*OPD [E-BOOK] ชีวิตมีเรื่องให้ขอบคุณมากกว่าเสียใจ,0,0,0,0,0,0,0,0,0,0,0,0,0,0,0,0,0,0,0,0,0,0,0,0,0,0,0,0,0,0,0,0,0,2026-03-28
[หนังสือ] เมื่อโลกทั้งใบซ่อนอยู่ใต้หมวกกันน็อก (HELMET GIRL),[หนังสือ] เมื่อโลกทั้งใบซ่อนอยู่ใต้หมวกกันน็อก (HELMET GIRL),0,0,0,0,0,0,0,0,0,0,0,200,0,0,200,0,0,0,0,0,0,0,0,0,0,0,0,0,0,0,0,0,0,2026-03-28
[หนังสือ] เมื่อโลกทั้งใบซ่อนอยู่ใต้หมวกกันน็อก (HELMET GIRL),*OPD [E-BOOK] เมื่อโลกทั้งใบซ่อนอยู่ใต้หมวกกันน็อก (HELMET GIRL),0,0,0,0,0,0,0,0,0,0,0,0,0,0,0,0,0,0,0,0,0,0,0,0,0,0,0,0,0,0,0,0,0,2026-03-28
[หนังสือ] เมื่อโลกทั้งใบซ่อนอยู่ใต้หมวกกันน็อก (HELMET GIRL),[หนังสือ] BOXSET เมื่อโลกทั้งใบซ่อนอยู่ใต้หมวกกันน็อก (HELMET GIRL),0,0,0,0,0,0,0,0,0,0,0,519,0,0,519,0,0,0,0,0,0,0,0,0,0,0,0,0,0,0,0,0,0,2026-03-28
[หนังสือ] วันไหนที่ใจแข็งแรง ดอกไม้จะผลิบาน THE ENCHANTED GARDEN,[หนังสือ] วันไหนที่ใจแข็งแรง ดอกไม้จะผลิบาน THE ENCHANTED GARDEN,659.16,0,0,102.74,556.42,0,0,0,0,0,0,340,0,0,340,0,0,0,0,0,0,0,193.87,0,0,30.22,0,0,0,0,0,0,0,2026-03-28
[หนังสือ] วันไหนที่ใจแข็งแรง ดอกไม้จะผลิบาน THE ENCHANTED GARDEN,*OPD [E-BOOK] วันไหนที่ใจแข็งแรง ดอกไม้จะผลิบาน THE ENCHANTED GARDEN,0,0,0,0,0,0,0,0,0,0,0,0,0,0,0,0,0,0,0,0,0,0,0,0,0,0,0,0,0,0,0,0,0,2026-03-28
[หนังสือ] วันไหนที่ใจแข็งแรง ดอกไม้จะผลิบาน THE ENCHANTED GARDEN,[หนังสือ] สวนของหัวใจ BLOSSOMS OF THE SOUL’S GARDEN,0,0,0,0,0,0,0,0,0,0,0,0,0,0,0,0,0,0,0,0,0,0,0,0,0,0,0,0,0,0,0,0,0,2026-03-28
[หนังสือ] ยินดีต้อนรับและขอบคุณที่กลับมา,[หนังสือ] ยินดีต้อนรับและขอบคุณที่กลับมา,206.64,0,0,169.4,37.24,0,0,0,0,0,0,0,0,0,0,0,0,0,0,0,0,0,0,0,0,0,0,0,0,0,0,0,0,2026-03-28
[หนังสือ] ยินดีต้อนรับและขอบคุณที่กลับมา,*OPD [E-BOOK] ยินดีต้อนรับและขอบคุณที่กลับมา,0,0,0,0,0,0,0,0,0,0,0,0,0,0,0,0,0,0,0,0,0,0,0,0,0,0,0,0,0,0,0,0,0,2026-03-28
[หนังสือ] ปีศาจตัวนั้น คือฉันเอง A GUIDE TO FIGHT THE DEMONS IN MY HEART,[หนังสือ] ปีศาจตัวนั้น คือฉันเอง A GUIDE TO FIGHT THE DEMONS IN MY HEART,14138.13,0,0,1825.64,12178.99,0,133.5,0,0,0,0,0,0,0,0,0,0,0,0,0,0,0,0,0,0,0,0,0,0,0,0,0,0,2026-03-28
[หนังสือ] ปีศาจตัวนั้น คือฉันเอง A GUIDE TO FIGHT THE DEMONS IN MY HEART,*OPD [E-BOOK] ปีศาจตัวนั้น คือฉันเอง A GUIDE TO FIGHTING THE DEMONS IN MY HEART,0,0,0,0,0,0,0,0,0,0,0,0,0,0,0,0,0,0,0,0,0,0,0,0,0,0,0,0,0,0,0,0,0,2026-03-28
[หนังสือ] ปีศาจตัวนั้น คือฉันเอง A GUIDE TO FIGHT THE DEMONS IN MY HEART,*[E-BOOK] ปีศาจตัวนั้น คือฉันเอง A GUIDE TO FIGHTING THE DEMONS IN MY HEART,0,0,0,0,0,0,0,0,0,0,0,0,0,0,0,0,0,0,0,0,0,0,0,0,0,0,0,0,0,0,0,0,0,2026-03-28
[หนังสือ] ปีศาจตัวนั้น คือฉันเอง A GUIDE TO FIGHT THE DEMONS IN MY HEART,[หนังสือ] ปีศาจตัวนั้น คือฉันเอง A GUIDE TO FIGHTING THE DEMONS IN MY HEART,0,0,0,0,0,0,0,0,0,0,0,16085.47,600,0,14434.47,0,753,0,0,0,298,0,0,0,0,0,0,0,0,0,0,0,0,2026-03-28
[หนังสือ] ปีศาจตัวนั้น คือฉันเอง 2 A GUIDE TO OVERCOMING THE RETURN OF THE DEMONS,[หนังสือ] ปีศาจตัวนั้น คือฉันเอง 2 A GUIDE TO OVERCOMING THE RETURN OF THE DEMONS,5289.77,0,0,755.09,4469.31,0,63.21,2.16,0,0,0,7540.88,0,0,6822.88,0,718,0,0,0,0,0,70.15,0,0,11.07,0,0,8.8,0,0,0,0,2026-03-28
[หนังสือ] ปีศาจตัวนั้น คือฉันเอง 2 A GUIDE TO OVERCOMING THE RETURN OF THE DEMONS,*OPD [E-BOOK] ปีศาจตัวนั้น คือฉันเอง 2 A GUIDE TO OVERCOMING THE RETURN OF THE DEMONS,0,0,0,0,0,0,0,0,0,0,0,180,180,0,0,0,0,0,0,0,0,0,0,0,0,0,0,0,0,0,0,0,0,2026-03-28
[หนังสือ] ปีศาจความรักมักเลือกฉันเป็นเหยื่อ HOW TO FIGHT THE LOVE DEMON IN MY HEART,[หนังสือ] ปีศาจความรักมักเลือกฉันเป็นเหยื่อ HOW TO FIGHT THE LOVE DEMON IN MY HEART,553.88,0,0,43.07,480.51,0,30.3,0,0,0,0,485,0,0,182,0,303,0,0,0,0,0,114.2,0,0,23.66,0,0,10,0,0,0,0,2026-03-28
[หนังสือ] ปีศาจความรักมักเลือกฉันเป็นเหยื่อ HOW TO FIGHT THE LOVE DEMON IN MY HEART,*OPD [E-BOOK] ปีศาจความรักมักเลือกฉันเป็นเหยื่อ HOW TO FIGHT THE LOVE DEMON IN MY HEART,0,0,0,0,0,0,0,0,0,0,0,0,0,0,0,0,0,0,0,0,0,0,0,0,0,0,0,0,0,0,0,0,0,2026-03-28
[หนังสือ] ทุกความทรงจำคือของขวัญจากวันวาน,[หนังสือ] ทุกความทรงจำคือของขวัญจากวันวาน,0,0,0,0,0,0,0,0,0,0,0,0,0,0,0,0,0,0,0,0,0,0,0,0,0,0,0,0,0,0,0,0,0,2026-03-28
[หนังสือ] ทุกความทรงจำคือของขวัญจากวันวาน,*OPD [E-BOOK] ทุกความทรงจำคือของขวัญจากวันวาน,0,0,0,0,0,0,0,0,0,0,0,0,0,0,0,0,0,0,0,0,0,0,0,0,0,0,0,0,0,0,0,0,0,2026-03-28
[หนังสือ] ถ้าโลกมันแย่ ก็แค่คิดแบบคาปิบาร่า THINK LIKE A HAPPYBARA,[หนังสือ] ถ้าโลกมันแย่ ก็แค่คิดแบบคาปิบาร่า THINK LIKE A HAPPYBARA,791.88,0,0,63.07,728.81,0,0,0,0,0,0,982,0,0,982,0,0,0,0,0,0,0,80.64,0,0,6.42,0,0,0,0,0,0,0,2026-03-28
[หนังสือ] ถ้าโลกมันแย่ ก็แค่คิดแบบคาปิบาร่า THINK LIKE A HAPPYBARA,*OPD [E-BOOK] ถ้าโลกมันแย่ ก็แค่คิดแบบคาปิบาร่า THINK LIKE A HAPPYBARA,0,0,0,0,0,0,0,0,0,0,0,0,0,0,0,0,0,0,0,0,0,0,0,0,0,0,0,0,0,0,0,0,0,2026-03-28
[หนังสือ] ถ้าโลกมันแย่ ก็แค่คิดแบบคาปิบาร่า THINK LIKE A HAPPYBARA,[หนังสือ] BOXSET ถ้าโลกมันแย่ ก็แค่คิดแบบคาปิบาร่า THINK LIKE A HAPPYBARA,0,0,0,0,0,0,0,0,0,0,0,1089,590,0,0,0,499,0,0,0,0,0,0,0,0,0,0,0,0,0,0,0,0,2026-03-28
[หนังสือ] เหนื่อยมากไหม พักก่อนก็ได้นะวันนี้,[หนังสือ] เหนื่อยมากไหม พักก่อนก็ได้นะวันนี้,241.59,241.59,0,0,0,0,0,0,0,0,0,200,0,0,200,0,0,0,0,0,0,0,120.8,0,0,0,0,0,0,0,0,0,0,2026-03-28
[หนังสือ] เหนื่อยมากไหม พักก่อนก็ได้นะวันนี้,*OPD [E-BOOK] เหนื่อยมากไหม พักก่อนก็ได้นะวันนี้,0,0,0,0,0,0,0,0,0,0,0,0,0,0,0,0,0,0,0,0,0,0,0,0,0,0,0,0,0,0,0,0,0,2026-03-28
[หนังสือ] เหนื่อยมากไหม พักก่อนก็ได้นะวันนี้,[หนังสือ] BOXSET เหนื่อยมากไหม พักก่อนก็ได้นะวันนี้,0,0,0,0,0,0,0,0,0,0,0,450,0,0,450,0,0,0,0,0,0,0,0,0,0,0,0,0,0,0,0,0,0,2026-03-28
[หนังสือ] โอบกอดความไม่สมบูรณ์แบบของเธอ (EMBRACE YOUR FLAWS),[หนังสือ] โอบกอดความไม่สมบูรณ์แบบของเธอ (EMBRACE YOUR FLAWS),2220.44,0,0,114.37,2106.07,0,0,0,0,0,0,6868,0,0,6324,0,544,0,0,0,0,0,32.33,0,0,1.81,0,0,0,0,0,0,0,2026-03-28
[หนังสือ] โอบกอดความไม่สมบูรณ์แบบของเธอ (EMBRACE YOUR FLAWS),*OPD [E-BOOK] โอบกอดความไม่สมบูรณ์แบบของเธอ (EMBRACE YOUR FLAWS),0,0,0,0,0,0,0,0,0,0,0,0,0,0,0,0,0,0,0,0,0,0,0,0,0,0,0,0,0,0,0,0,0,2026-03-28
[หนังสือ] ความลับสู่เงินล้านที่โรงเรียนไม่เคยสอน (THE MILLIONAIRE'S TOP SECRET),[หนังสือ] ความลับสู่เงินล้านที่โรงเรียนไม่เคยสอน (THE MILLIONAIRE'S TOP SECRET),382.88,0,0,32.6,350.28,0,0,0,0,0,0,911,329,0,582,0,0,0,0,0,0,0,42.03,0,0,5.6,0,0,0,0,0,0,0,2026-03-28
[หนังสือ] ความลับสู่เงินล้านที่โรงเรียนไม่เคยสอน (THE MILLIONAIRE'S TOP SECRET),*OPD [E-BOOK] ความลับสู่เงินล้านที่โรงเรียนไม่เคยสอน (THE MILLIONAIRE'S TOP SECRET),0,0,0,0,0,0,0,0,0,0,0,0,0,0,0,0,0,0,0,0,0,0,0,0,0,0,0,0,0,0,0,0,0,2026-03-28
[หนังสือ] ขอใช้ชีวิตที่เหลือ เพื่อตัวเองนะ,[หนังสือ] ขอใช้ชีวิตที่เหลือ เพื่อตัวเองนะ,1542.6,857.07,0,83.73,601.8,0,0,0,0,0,0,2069,200,0,1540,0,329,0,0,0,0,0,74.56,428.54,0,5.44,0,0,0,0,0,0,0,2026-03-28
[หนังสือ] ขอใช้ชีวิตที่เหลือ เพื่อตัวเองนะ,*OPD [E-BOOK] ขอใช้ชีวิตที่เหลือ เพื่อตัวเองนะ,0,0,0,0,0,0,0,0,0,0,0,0,0,0,0,0,0,0,0,0,0,0,0,0,0,0,0,0,0,0,0,0,0,2026-03-28
[หนังสือ] กับดักความรู้สึกผิด,[หนังสือ] กับดักความรู้สึกผิด,14998.16,12399.24,0,1482.13,553.28,298.34,265.17,0,0,0,0,28058.04,12904,0,1010.04,0,12777,0,696,0,671,0,53.45,96.09,0,146.74,0,42.86,2.08,0,0,0,0,2026-03-28
[หนังสือ] กับดักความรู้สึกผิด,*OPD [E-BOOK] กับดักความรู้สึกผิด,0,0,0,0,0,0,0,0,0,0,0,0,0,0,0,0,0,0,0,0,0,0,0,0,0,0,0,0,0,0,0,0,0,2026-03-28
[หนังสือ] กว่าจะคิดได้ ก็ไม่มีลมหายใจแล้ว (IT IS NEVER TOO LATE TO LOVE YOURSELF),[หนังสือ] กว่าจะคิดได้ ก็ไม่มีลมหายใจแล้ว (IT IS NEVER TOO LATE TO LOVE YOURSELF),0,0,0,0,0,0,0,0,0,0,0,579,0,0,340,0,239,0,0,0,0,0,0,0,0,0,0,0,0,0,0,0,0,2026-03-28
[หนังสือ] กว่าจะคิดได้ ก็ไม่มีลมหายใจแล้ว (IT IS NEVER TOO LATE TO LOVE YOURSELF),*OPD [E-BOOK] กว่าจะคิดได้ ก็ไม่มีลมหายใจแล้ว (IT IS NEVER TOO LATE TO LOVE YOURSELF),0,0,0,0,0,0,0,0,0,0,0,0,0,0,0,0,0,0,0,0,0,0,0,0,0,0,0,0,0,0,0,0,0,2026-03-28
[หนังสือ] THE WITCHES' CLUB ชมรมลับเปลี่ยนชีวิต,[หนังสือ] THE WITCHES' CLUB ชมรมลับเปลี่ยนชีวิต,3275.64,980.18,0,1105.62,1139.09,0,50.75,0,0,0,0,991,0,0,0,0,649,0,342,0,0,0,330.54,0,0,0,0,0,7.82,0,0,0,0,2026-03-28
[หนังสือ] THE WITCHES' CLUB ชมรมลับเปลี่ยนชีวิต,*OPD [E-BOOK] THE WITCHES' CLUB ชมรมลับเปลี่ยนชีวิต,0,0,0,0,0,0,0,0,0,0,0,0,0,0,0,0,0,0,0,0,0,0,0,0,0,0,0,0,0,0,0,0,0,2026-03-28
[หนังสือ] THE WITCHES' CLUB ชมรมลับเปลี่ยนชีวิต,*[E-BOOK] THE WITCHES' CLUB ชมรมลับเปลี่ยนชีวิต,0,0,0,0,0,0,0,0,0,0,0,0,0,0,0,0,0,0,0,0,0,0,0,0,0,0,0,0,0,0,0,0,0,2026-03-28
[หนังสือ] THE WITCHES' CLUB ชมรมลับเปลี่ยนชีวิต,[หนังสือ] BOXSET THE WITCHES' CLUB ชมรมลับเปลี่ยนชีวิต,0,0,0,0,0,0,0,0,0,0,0,2214.42,0,0,1654.42,0,560,0,0,0,0,0,0,0,0,0,0,0,0,0,0,0,0,2026-03-28
[หนังสือ] MY LAST BOOK (A GENTLE GUIDE AND PREPARATION FOR LIFE’S FINAL CHAPTER),[หนังสือ] MY LAST BOOK (A GENTLE GUIDE AND PREPARATION FOR LIFE’S FINAL CHAPTER),0,0,0,0,0,0,0,0,0,0,0,300,300,0,0,0,0,0,0,0,0,0,0,0,0,0,0,0,0,0,0,0,0,2026-03-28
[หนังสือ] GHOSTLY REMAINS ปลดพันธนาการดวงวิญญาณหลังความตาย,[หนังสือ] GHOSTLY REMAINS ปลดพันธนาการดวงวิญญาณหลังความตาย,1297.18,520.64,0,70.81,635.87,0,69.86,0,0,0,0,883.65,0,0,144.65,0,739,0,0,0,0,0,146.8,0,0,48.95,0,0,9.45,0,0,0,0,2026-03-28
[หนังสือ] GHOSTLY BREWS ยินดีบริการดวงวิญญาณหลังเที่ยงคืน,[หนังสือ] GHOSTLY BREWS ยินดีบริการดวงวิญญาณหลังเที่ยงคืน,3114.23,1108.48,0,1039.66,880.66,0,85.43,0,0,0,0,2535.05,0,0,1516.05,0,368,0,322,0,329,0,122.85,0,0,68.58,0,0,23.21,0,0,0,0,2026-03-28
[หนังสือ] GHOSTLY BREWS ยินดีบริการดวงวิญญาณหลังเที่ยงคืน,*OPD [E-BOOK] GHOSTLY BREWS ยินดีบริการดวงวิญญาณหลังเที่ยงคืน,0,0,0,0,0,0,0,0,0,0,0,179,179,0,0,0,0,0,0,0,0,0,0,0,0,0,0,0,0,0,0,0,0,2026-03-28
[หนังสือ] GHOSTLY BREWS ยินดีบริการดวงวิญญาณหลังเที่ยงคืน,*[E-BOOK] GHOSTLY BREWS ยินดีบริการดวงวิญญาณหลังเที่ยงคืน,0,0,0,0,0,0,0,0,0,0,0,0,0,0,0,0,0,0,0,0,0,0,0,0,0,0,0,0,0,0,0,0,0,2026-03-28
[หนังสือ] ฉันจะมีชีวิตที่ดี,[หนังสือ] ฉันจะมีชีวิตที่ดี,1128.32,0,0,53.13,1075.19,0,0,0,0,0,0,1354,295,0,1059,0,0,0,0,0,0,0,83.33,0,0,5.02,0,0,0,0,0,0,0,2026-03-28
[หนังสือ] ฉันจะมีชีวิตที่ดี,*OPD [E-BOOK] ฉันจะมีชีวิตที่ดี,0,0,0,0,0,0,0,0,0,0,0,0,0,0,0,0,0,0,0,0,0,0,0,0,0,0,0,0,0,0,0,0,0,2026-03-28
[หนังสือ] ชีวิตมีเรื่องให้ขอบคุณมากกว่าเสียใจ,[หนังสือ] ชีวิตมีเรื่องให้ขอบคุณมากกว่าเสียใจ,225.9,0,0,56.86,169.04,0,0,0,0,0,0,214,0,0,214,0,0,0,0,0,0,0,105.56,0,0,26.57,0,0,0,0,0,0,0,2026-03-29
[หนังสือ] เมื่อโลกทั้งใบซ่อนอยู่ใต้หมวกกันน็อก (HELMET GIRL),[หนังสือ] เมื่อโลกทั้งใบซ่อนอยู่ใต้หมวกกันน็อก (HELMET GIRL),0,0,0,0,0,0,0,0,0,0,0,696,0,0,370,0,326,0,0,0,0,0,0,0,0,0,0,0,0,0,0,0,0,2026-03-29
[หนังสือ] เมื่อโลกทั้งใบซ่อนอยู่ใต้หมวกกันน็อก (HELMET GIRL),*OPD [E-BOOK] เมื่อโลกทั้งใบซ่อนอยู่ใต้หมวกกันน็อก (HELMET GIRL),0,0,0,0,0,0,0,0,0,0,0,0,0,0,0,0,0,0,0,0,0,0,0,0,0,0,0,0,0,0,0,0,0,2026-03-29
[หนังสือ] เมื่อโลกทั้งใบซ่อนอยู่ใต้หมวกกันน็อก (HELMET GIRL),[หนังสือ] BOXSET เมื่อโลกทั้งใบซ่อนอยู่ใต้หมวกกันน็อก (HELMET GIRL),0,0,0,0,0,0,0,0,0,0,0,2256,0,0,1875,0,381,0,0,0,0,0,0,0,0,0,0,0,0,0,0,0,0,2026-03-29
[หนังสือ] วันไหนที่ใจแข็งแรง ดอกไม้จะผลิบาน THE ENCHANTED GARDEN,[หนังสือ] วันไหนที่ใจแข็งแรง ดอกไม้จะผลิบาน THE ENCHANTED GARDEN,542.58,0,0,82.26,460.32,0,0,0,0,0,0,870,0,0,0,0,870,0,0,0,0,0,62.37,0,0,0,0,0,0,0,0,0,0,2026-03-29
[หนังสือ] วันไหนที่ใจแข็งแรง ดอกไม้จะผลิบาน THE ENCHANTED GARDEN,*OPD [E-BOOK] วันไหนที่ใจแข็งแรง ดอกไม้จะผลิบาน THE ENCHANTED GARDEN,0,0,0,0,0,0,0,0,0,0,0,0,0,0,0,0,0,0,0,0,0,0,0,0,0,0,0,0,0,0,0,0,0,2026-03-29
[หนังสือ] วันไหนที่ใจแข็งแรง ดอกไม้จะผลิบาน THE ENCHANTED GARDEN,[หนังสือ] สวนของหัวใจ BLOSSOMS OF THE SOUL’S GARDEN,0,0,0,0,0,0,0,0,0,0,0,402,0,0,0,0,402,0,0,0,0,0,0,0,0,0,0,0,0,0,0,0,0,2026-03-29
[หนังสือ] ยินดีต้อนรับและขอบคุณที่กลับมา,[หนังสือ] ยินดีต้อนรับและขอบคุณที่กลับมา,230.78,0,0,181.28,49.5,0,0,0,0,0,0,538,0,0,299,0,239,0,0,0,0,0,42.9,0,0,60.63,0,0,0,0,0,0,0,2026-03-29
[หนังสือ] ยินดีต้อนรับและขอบคุณที่กลับมา,*OPD [E-BOOK] ยินดีต้อนรับและขอบคุณที่กลับมา,0,0,0,0,0,0,0,0,0,0,0,0,0,0,0,0,0,0,0,0,0,0,0,0,0,0,0,0,0,0,0,0,0,2026-03-29
[หนังสือ] ปีศาจตัวนั้น คือฉันเอง A GUIDE TO FIGHT THE DEMONS IN MY HEART,[หนังสือ] ปีศาจตัวนั้น คือฉันเอง A GUIDE TO FIGHT THE DEMONS IN MY HEART,14692.99,0,0,1570.52,12922.47,0,200,0,0,0,0,0,0,0,0,0,0,0,0,0,0,0,0,0,0,0,0,0,0,0,0,0,0,2026-03-29
[หนังสือ] ชีวิตมีเรื่องให้ขอบคุณมากกว่าเสียใจ,*OPD [E-BOOK] ชีวิตมีเรื่องให้ขอบคุณมากกว่าเสียใจ,0,0,0,0,0,0,0,0,0,0,0,0,0,0,0,0,0,0,0,0,0,0,0,0,0,0,0,0,0,0,0,0,0,2026-03-29
[หนังสือ] ปีศาจตัวนั้น คือฉันเอง A GUIDE TO FIGHT THE DEMONS IN MY HEART,*OPD [E-BOOK] ปีศาจตัวนั้น คือฉันเอง A GUIDE TO FIGHTING THE DEMONS IN MY HEART,0,0,0,0,0,0,0,0,0,0,0,0,0,0,0,0,0,0,0,0,0,0,0,0,0,0,0,0,0,0,0,0,0,2026-03-29
[หนังสือ] ปีศาจตัวนั้น คือฉันเอง A GUIDE TO FIGHT THE DEMONS IN MY HEART,[หนังสือ] ปีศาจตัวนั้น คือฉันเอง A GUIDE TO FIGHTING THE DEMONS IN MY HEART,0,0,0,0,0,0,0,0,0,0,0,36222.82,300,0,33842.82,0,2080,0,0,0,0,0,0,0,0,0,0,0,0,0,0,0,0,2026-03-29
[หนังสือ] ปีศาจตัวนั้น คือฉันเอง 2 A GUIDE TO OVERCOMING THE RETURN OF THE DEMONS,[หนังสือ] ปีศาจตัวนั้น คือฉันเอง 2 A GUIDE TO OVERCOMING THE RETURN OF THE DEMONS,3170.27,0,0,1219.88,1850.26,0,100,0.13,0,0,0,9932.85,0,0,9223.85,0,709,0,0,0,0,0,31.92,0,0,13.23,0,0,14.1,0,0,0,0,2026-03-29
[หนังสือ] ปีศาจตัวนั้น คือฉันเอง 2 A GUIDE TO OVERCOMING THE RETURN OF THE DEMONS,*OPD [E-BOOK] ปีศาจตัวนั้น คือฉันเอง 2 A GUIDE TO OVERCOMING THE RETURN OF THE DEMONS,0,0,0,0,0,0,0,0,0,0,0,0,0,0,0,0,0,0,0,0,0,0,0,0,0,0,0,0,0,0,0,0,0,2026-03-29
[หนังสือ] ปีศาจความรักมักเลือกฉันเป็นเหยื่อ HOW TO FIGHT THE LOVE DEMON IN MY HEART,[หนังสือ] ปีศาจความรักมักเลือกฉันเป็นเหยื่อ HOW TO FIGHT THE LOVE DEMON IN MY HEART,702.31,0,0,20.16,682.15,0,0,0,0,0,0,800,0,0,800,0,0,0,0,0,0,0,87.79,0,0,2.52,0,0,0,0,0,0,0,2026-03-29
[หนังสือ] ปีศาจความรักมักเลือกฉันเป็นเหยื่อ HOW TO FIGHT THE LOVE DEMON IN MY HEART,*OPD [E-BOOK] ปีศาจความรักมักเลือกฉันเป็นเหยื่อ HOW TO FIGHT THE LOVE DEMON IN MY HEART,0,0,0,0,0,0,0,0,0,0,0,0,0,0,0,0,0,0,0,0,0,0,0,0,0,0,0,0,0,0,0,0,0,2026-03-29
[หนังสือ] ทุกความทรงจำคือของขวัญจากวันวาน,[หนังสือ] ทุกความทรงจำคือของขวัญจากวันวาน,0,0,0,0,0,0,0,0,0,0,0,239,0,0,0,0,239,0,0,0,0,0,0,0,0,0,0,0,0,0,0,0,0,2026-03-29
[หนังสือ] ทุกความทรงจำคือของขวัญจากวันวาน,*OPD [E-BOOK] ทุกความทรงจำคือของขวัญจากวันวาน,0,0,0,0,0,0,0,0,0,0,0,0,0,0,0,0,0,0,0,0,0,0,0,0,0,0,0,0,0,0,0,0,0,2026-03-29
[หนังสือ] ถ้าโลกมันแย่ ก็แค่คิดแบบคาปิบาร่า THINK LIKE A HAPPYBARA,[หนังสือ] ถ้าโลกมันแย่ ก็แค่คิดแบบคาปิบาร่า THINK LIKE A HAPPYBARA,617.01,0,0,67.41,549.6,0,0,0,0,0,0,2092,0,0,1400,0,692,0,0,0,0,0,29.49,0,0,4.81,0,0,0,0,0,0,0,2026-03-29
[หนังสือ] ถ้าโลกมันแย่ ก็แค่คิดแบบคาปิบาร่า THINK LIKE A HAPPYBARA,*OPD [E-BOOK] ถ้าโลกมันแย่ ก็แค่คิดแบบคาปิบาร่า THINK LIKE A HAPPYBARA,0,0,0,0,0,0,0,0,0,0,0,0,0,0,0,0,0,0,0,0,0,0,0,0,0,0,0,0,0,0,0,0,0,2026-03-29
[หนังสือ] ปีศาจตัวนั้น คือฉันเอง A GUIDE TO FIGHT THE DEMONS IN MY HEART,*[E-BOOK] ปีศาจตัวนั้น คือฉันเอง A GUIDE TO FIGHTING THE DEMONS IN MY HEART,0,0,0,0,0,0,0,0,0,0,0,0,0,0,0,0,0,0,0,0,0,0,0,0,0,0,0,0,0,0,0,0,0,2026-03-29
[หนังสือ] ถ้าโลกมันแย่ ก็แค่คิดแบบคาปิบาร่า THINK LIKE A HAPPYBARA,[หนังสือ] BOXSET ถ้าโลกมันแย่ ก็แค่คิดแบบคาปิบาร่า THINK LIKE A HAPPYBARA,0,0,0,0,0,0,0,0,0,0,0,1229.28,0,0,467.28,0,762,0,0,0,0,0,0,0,0,0,0,0,0,0,0,0,0,2026-03-29
[หนังสือ] โอบกอดความไม่สมบูรณ์แบบของเธอ (EMBRACE YOUR FLAWS),[หนังสือ] โอบกอดความไม่สมบูรณ์แบบของเธอ (EMBRACE YOUR FLAWS),2069.72,0,0,138.14,1931.58,0,0,0,0,0,0,14012.86,0,0,13733.86,0,279,0,0,0,0,0,14.77,0,0,1.01,0,0,0,0,0,0,0,2026-03-29
[หนังสือ] โอบกอดความไม่สมบูรณ์แบบของเธอ (EMBRACE YOUR FLAWS),*OPD [E-BOOK] โอบกอดความไม่สมบูรณ์แบบของเธอ (EMBRACE YOUR FLAWS),0,0,0,0,0,0,0,0,0,0,0,0,0,0,0,0,0,0,0,0,0,0,0,0,0,0,0,0,0,0,0,0,0,2026-03-29
[หนังสือ] ฉันจะมีชีวิตที่ดี,*OPD [E-BOOK] ฉันจะมีชีวิตที่ดี,0,0,0,0,0,0,0,0,0,0,0,0,0,0,0,0,0,0,0,0,0,0,0,0,0,0,0,0,0,0,0,0,0,2026-03-29
[หนังสือ] ความลับสู่เงินล้านที่โรงเรียนไม่เคยสอน (THE MILLIONAIRE'S TOP SECRET),[หนังสือ] ความลับสู่เงินล้านที่โรงเรียนไม่เคยสอน (THE MILLIONAIRE'S TOP SECRET),639.94,0,0,53.14,586.8,0,0,0,0,0,0,2162,0,0,1564,0,598,0,0,0,0,0,29.6,0,0,3.4,0,0,0,0,0,0,0,2026-03-29
[หนังสือ] ความลับสู่เงินล้านที่โรงเรียนไม่เคยสอน (THE MILLIONAIRE'S TOP SECRET),*OPD [E-BOOK] ความลับสู่เงินล้านที่โรงเรียนไม่เคยสอน (THE MILLIONAIRE'S TOP SECRET),0,0,0,0,0,0,0,0,0,0,0,0,0,0,0,0,0,0,0,0,0,0,0,0,0,0,0,0,0,0,0,0,0,2026-03-29
[หนังสือ] ขอใช้ชีวิตที่เหลือ เพื่อตัวเองนะ,[หนังสือ] ขอใช้ชีวิตที่เหลือ เพื่อตัวเองนะ,1068.03,690.73,0,30.92,346.38,0,0,0,0,0,0,1721,329,0,1093,0,299,0,0,0,0,0,62.06,209.95,0,2.83,0,0,0,0,0,0,0,2026-03-29
[หนังสือ] ขอใช้ชีวิตที่เหลือ เพื่อตัวเองนะ,*OPD [E-BOOK] ขอใช้ชีวิตที่เหลือ เพื่อตัวเองนะ,0,0,0,0,0,0,0,0,0,0,0,0,0,0,0,0,0,0,0,0,0,0,0,0,0,0,0,0,0,0,0,0,0,2026-03-29
[หนังสือ] กับดักความรู้สึกผิด,[หนังสือ] กับดักความรู้สึกผิด,14425.04,10831.6,0,2369.35,516.23,507.86,200,0,0,0,0,32714.43,9216,0,8234.1,0,13136,377.33,1392,0,359,0,44.09,117.53,0,28.77,0,36.48,1.52,0,0,0,0,2026-03-29
[หนังสือ] กับดักความรู้สึกผิด,*OPD [E-BOOK] กับดักความรู้สึกผิด,0,0,0,0,0,0,0,0,0,0,0,0,0,0,0,0,0,0,0,0,0,0,0,0,0,0,0,0,0,0,0,0,0,2026-03-29
[หนังสือ] กว่าจะคิดได้ ก็ไม่มีลมหายใจแล้ว (IT IS NEVER TOO LATE TO LOVE YOURSELF),[หนังสือ] กว่าจะคิดได้ ก็ไม่มีลมหายใจแล้ว (IT IS NEVER TOO LATE TO LOVE YOURSELF),0,0,0,0,0,0,0,0,0,0,0,686,0,0,686,0,0,0,0,0,0,0,0,0,0,0,0,0,0,0,0,0,0,2026-03-29
[หนังสือ] กว่าจะคิดได้ ก็ไม่มีลมหายใจแล้ว (IT IS NEVER TOO LATE TO LOVE YOURSELF),*OPD [E-BOOK] กว่าจะคิดได้ ก็ไม่มีลมหายใจแล้ว (IT IS NEVER TOO LATE TO LOVE YOURSELF),0,0,0,0,0,0,0,0,0,0,0,0,0,0,0,0,0,0,0,0,0,0,0,0,0,0,0,0,0,0,0,0,0,2026-03-29
[หนังสือ] ฉันจะมีชีวิตที่ดี,[หนังสือ] ฉันจะมีชีวิตที่ดี,930.75,0,0,55.07,875.68,0,0,0,0,0,0,2999,0,0,2999,0,0,0,0,0,0,0,31.04,0,0,1.84,0,0,0,0,0,0,0,2026-03-29
[หนังสือ] THE WITCHES' CLUB ชมรมลับเปลี่ยนชีวิต,[หนังสือ] THE WITCHES' CLUB ชมรมลับเปลี่ยนชีวิต,3355.96,1252.49,0,995.27,1001.18,0,107.02,0,0,0,0,999,0,0,700,0,299,0,0,0,0,0,335.93,0,0,142.18,0,0,35.79,0,0,0,0,2026-03-29
[หนังสือ] THE WITCHES' CLUB ชมรมลับเปลี่ยนชีวิต,*[E-BOOK] THE WITCHES' CLUB ชมรมลับเปลี่ยนชีวิต,0,0,0,0,0,0,0,0,0,0,0,0,0,0,0,0,0,0,0,0,0,0,0,0,0,0,0,0,0,0,0,0,0,2026-03-29
[หนังสือ] THE WITCHES' CLUB ชมรมลับเปลี่ยนชีวิต,[หนังสือ] BOXSET THE WITCHES' CLUB ชมรมลับเปลี่ยนชีวิต,0,0,0,0,0,0,0,0,0,0,0,5388.94,590,0,3689.94,0,1109,0,0,0,0,0,0,0,0,0,0,0,0,0,0,0,0,2026-03-29
[หนังสือ] GHOSTLY REMAINS ปลดพันธนาการดวงวิญญาณหลังความตาย,[หนังสือ] GHOSTLY REMAINS ปลดพันธนาการดวงวิญญาณหลังความตาย,695.03,286.49,0,57.07,251.47,0,100,0,0,0,0,2044,300,0,1354,0,390,0,0,0,0,0,34,95.5,0,4.21,0,0,25.64,0,0,0,0,2026-03-29
[หนังสือ] GHOSTLY BREWS ยินดีบริการดวงวิญญาณหลังเที่ยงคืน,[หนังสือ] GHOSTLY BREWS ยินดีบริการดวงวิญญาณหลังเที่ยงคืน,2696.07,1252.97,0,841.23,526.01,0,75.86,0,0,0,0,4894.03,329,0,3873.03,0,692,0,0,0,0,0,55.09,380.84,0,21.72,0,0,10.96,0,0,0,0,2026-03-29
[หนังสือ] GHOSTLY BREWS ยินดีบริการดวงวิญญาณหลังเที่ยงคืน,*OPD [E-BOOK] GHOSTLY BREWS ยินดีบริการดวงวิญญาณหลังเที่ยงคืน,0,0,0,0,0,0,0,0,0,0,0,0,0,0,0,0,0,0,0,0,0,0,0,0,0,0,0,0,0,0,0,0,0,2026-03-29
[หนังสือ] GHOSTLY BREWS ยินดีบริการดวงวิญญาณหลังเที่ยงคืน,*[E-BOOK] GHOSTLY BREWS ยินดีบริการดวงวิญญาณหลังเที่ยงคืน,0,0,0,0,0,0,0,0,0,0,0,0,0,0,0,0,0,0,0,0,0,0,0,0,0,0,0,0,0,0,0,0,0,2026-03-29
[หนังสือ] เหนื่อยมากไหม พักก่อนก็ได้นะวันนี้,[หนังสือ] เหนื่อยมากไหม พักก่อนก็ได้นะวันนี้,309.88,309.88,0,0,0,0,0,0,0,0,0,722,0,0,722,0,0,0,0,0,0,0,42.92,0,0,0,0,0,0,0,0,0,0,2026-03-29
[หนังสือ] เหนื่อยมากไหม พักก่อนก็ได้นะวันนี้,*OPD [E-BOOK] เหนื่อยมากไหม พักก่อนก็ได้นะวันนี้,0,0,0,0,0,0,0,0,0,0,0,0,0,0,0,0,0,0,0,0,0,0,0,0,0,0,0,0,0,0,0,0,0,2026-03-29
[หนังสือ] เหนื่อยมากไหม พักก่อนก็ได้นะวันนี้,[หนังสือ] BOXSET เหนื่อยมากไหม พักก่อนก็ได้นะวันนี้,0,0,0,0,0,0,0,0,0,0,0,922.29,0,0,472.29,0,450,0,0,0,0,0,0,0,0,0,0,0,0,0,0,0,0,2026-03-29
[หนังสือ] THE WITCHES' CLUB ชมรมลับเปลี่ยนชีวิต,*OPD [E-BOOK] THE WITCHES' CLUB ชมรมลับเปลี่ยนชีวิต,0,0,0,0,0,0,0,0,0,0,0,0,0,0,0,0,0,0,0,0,0,0,0,0,0,0,0,0,0,0,0,0,0,2026-03-29
[หนังสือ] ชีวิตมีเรื่องให้ขอบคุณมากกว่าเสียใจ,[หนังสือ] ชีวิตมีเรื่องให้ขอบคุณมากกว่าเสียใจ,280.75,0,0,43.61,237.14,0,0,0,0,0,0,558,0,0,279,279,0,0,0,0,0,0,50.31,0,0,15.63,85,0,0,0,0,0,0,2026-03-30
[หนังสือ] เมื่อโลกทั้งใบซ่อนอยู่ใต้หมวกกันน็อก (HELMET GIRL),[หนังสือ] เมื่อโลกทั้งใบซ่อนอยู่ใต้หมวกกันน็อก (HELMET GIRL),0,0,0,0,0,0,0,0,0,0,0,170,0,0,170,0,0,0,0,0,0,0,0,0,0,0,0,0,0,0,0,0,0,2026-03-30
[หนังสือ] เมื่อโลกทั้งใบซ่อนอยู่ใต้หมวกกันน็อก (HELMET GIRL),*OPD [E-BOOK] เมื่อโลกทั้งใบซ่อนอยู่ใต้หมวกกันน็อก (HELMET GIRL),0,0,0,0,0,0,0,0,0,0,0,0,0,0,0,0,0,0,0,0,0,0,0,0,0,0,0,0,0,0,0,0,0,2026-03-30
[หนังสือ] เมื่อโลกทั้งใบซ่อนอยู่ใต้หมวกกันน็อก (HELMET GIRL),[หนังสือ] BOXSET เมื่อโลกทั้งใบซ่อนอยู่ใต้หมวกกันน็อก (HELMET GIRL),0,0,0,0,0,0,0,0,0,0,0,1848,0,0,774,1074,0,0,0,0,0,0,0,0,0,0,0,0,0,0,0,0,0,2026-03-30
[หนังสือ] วันไหนที่ใจแข็งแรง ดอกไม้จะผลิบาน THE ENCHANTED GARDEN,[หนังสือ] วันไหนที่ใจแข็งแรง ดอกไม้จะผลิบาน THE ENCHANTED GARDEN,749.49,0,0,160.24,589.25,0,0,0,0,0,0,2359,0,0,799,1560,0,0,0,0,0,0,31.77,0,0,20.06,37.77,0,0,0,0,0,0,2026-03-30
[หนังสือ] วันไหนที่ใจแข็งแรง ดอกไม้จะผลิบาน THE ENCHANTED GARDEN,*OPD [E-BOOK] วันไหนที่ใจแข็งแรง ดอกไม้จะผลิบาน THE ENCHANTED GARDEN,0,0,0,0,0,0,0,0,0,0,0,0,0,0,0,0,0,0,0,0,0,0,0,0,0,0,0,0,0,0,0,0,0,2026-03-30
[หนังสือ] วันไหนที่ใจแข็งแรง ดอกไม้จะผลิบาน THE ENCHANTED GARDEN,[หนังสือ] สวนของหัวใจ BLOSSOMS OF THE SOUL’S GARDEN,0,0,0,0,0,0,0,0,0,0,0,590,0,0,0,590,0,0,0,0,0,0,0,0,0,0,0,0,0,0,0,0,0,2026-03-30
[หนังสือ] ยินดีต้อนรับและขอบคุณที่กลับมา,[หนังสือ] ยินดีต้อนรับและขอบคุณที่กลับมา,184.38,0,0,133.05,51.33,0,0,0,0,0,0,0,0,0,0,0,0,0,0,0,0,0,0,0,0,0,0,0,0,0,0,0,0,2026-03-30
[หนังสือ] ยินดีต้อนรับและขอบคุณที่กลับมา,*OPD [E-BOOK] ยินดีต้อนรับและขอบคุณที่กลับมา,0,0,0,0,0,0,0,0,0,0,0,0,0,0,0,0,0,0,0,0,0,0,0,0,0,0,0,0,0,0,0,0,0,2026-03-30
[หนังสือ] ปีศาจตัวนั้น คือฉันเอง A GUIDE TO FIGHT THE DEMONS IN MY HEART,[หนังสือ] ปีศาจตัวนั้น คือฉันเอง A GUIDE TO FIGHT THE DEMONS IN MY HEART,9418.62,0,0,945.97,8272.65,0,200,0,0,0,0,0,0,0,0,0,0,0,0,0,0,0,0,0,0,0,0,0,0,0,0,0,0,2026-03-30
[หนังสือ] ชีวิตมีเรื่องให้ขอบคุณมากกว่าเสียใจ,*OPD [E-BOOK] ชีวิตมีเรื่องให้ขอบคุณมากกว่าเสียใจ,0,0,0,0,0,0,0,0,0,0,0,0,0,0,0,0,0,0,0,0,0,0,0,0,0,0,0,0,0,0,0,0,0,2026-03-30
[หนังสือ] ปีศาจตัวนั้น คือฉันเอง A GUIDE TO FIGHT THE DEMONS IN MY HEART,*OPD [E-BOOK] ปีศาจตัวนั้น คือฉันเอง A GUIDE TO FIGHTING THE DEMONS IN MY HEART,0,0,0,0,0,0,0,0,0,0,0,718,0,0,0,0,359,0,0,0,0,359,0,0,0,0,0,0,0,0,0,0,0,2026-03-30
[หนังสือ] ปีศาจตัวนั้น คือฉันเอง A GUIDE TO FIGHT THE DEMONS IN MY HEART,[หนังสือ] ปีศาจตัวนั้น คือฉันเอง A GUIDE TO FIGHTING THE DEMONS IN MY HEART,0,0,0,0,0,0,0,0,0,0,0,21350.62,300,0,2656.17,17334.45,1060,0,0,0,0,0,0,0,0,0,0,0,0,0,0,0,0,2026-03-30
[หนังสือ] ปีศาจตัวนั้น คือฉันเอง 2 A GUIDE TO OVERCOMING THE RETURN OF THE DEMONS,[หนังสือ] ปีศาจตัวนั้น คือฉันเอง 2 A GUIDE TO OVERCOMING THE RETURN OF THE DEMONS,2218.61,0,0,479.81,1638.72,0,100,0.08,0,0,0,7835.81,200,0,974.1,5555.71,1106,0,0,0,0,0,28.31,0,0,49.26,29.5,0,9.04,0,0,0,0,2026-03-30
[หนังสือ] ปีศาจตัวนั้น คือฉันเอง 2 A GUIDE TO OVERCOMING THE RETURN OF THE DEMONS,*OPD [E-BOOK] ปีศาจตัวนั้น คือฉันเอง 2 A GUIDE TO OVERCOMING THE RETURN OF THE DEMONS,0,0,0,0,0,0,0,0,0,0,0,0,0,0,0,0,0,0,0,0,0,0,0,0,0,0,0,0,0,0,0,0,0,2026-03-30
[หนังสือ] ปีศาจความรักมักเลือกฉันเป็นเหยื่อ HOW TO FIGHT THE LOVE DEMON IN MY HEART,[หนังสือ] ปีศาจความรักมักเลือกฉันเป็นเหยื่อ HOW TO FIGHT THE LOVE DEMON IN MY HEART,226.46,0,0,34.44,192.02,0,0,0,0,0,0,1109,0,0,0,200,909,0,0,0,0,0,20.42,0,0,0,96.01,0,0,0,0,0,0,2026-03-30
[หนังสือ] ปีศาจความรักมักเลือกฉันเป็นเหยื่อ HOW TO FIGHT THE LOVE DEMON IN MY HEART,*OPD [E-BOOK] ปีศาจความรักมักเลือกฉันเป็นเหยื่อ HOW TO FIGHT THE LOVE DEMON IN MY HEART,0,0,0,0,0,0,0,0,0,0,0,0,0,0,0,0,0,0,0,0,0,0,0,0,0,0,0,0,0,0,0,0,0,2026-03-30
[หนังสือ] ทุกความทรงจำคือของขวัญจากวันวาน,[หนังสือ] ทุกความทรงจำคือของขวัญจากวันวาน,0,0,0,0,0,0,0,0,0,0,0,300,0,0,0,0,0,0,300,0,0,0,0,0,0,0,0,0,0,0,0,0,0,2026-03-30
[หนังสือ] ทุกความทรงจำคือของขวัญจากวันวาน,*OPD [E-BOOK] ทุกความทรงจำคือของขวัญจากวันวาน,0,0,0,0,0,0,0,0,0,0,0,0,0,0,0,0,0,0,0,0,0,0,0,0,0,0,0,0,0,0,0,0,0,2026-03-30
[หนังสือ] ถ้าโลกมันแย่ ก็แค่คิดแบบคาปิบาร่า THINK LIKE A HAPPYBARA,[หนังสือ] ถ้าโลกมันแย่ ก็แค่คิดแบบคาปิบาร่า THINK LIKE A HAPPYBARA,408.93,0,0,54.84,354.09,0,0,0,0,0,0,938.12,0,0,762.12,176,0,0,0,0,0,0,43.59,0,0,7.2,201.19,0,0,0,0,0,0,2026-03-30
[หนังสือ] ถ้าโลกมันแย่ ก็แค่คิดแบบคาปิบาร่า THINK LIKE A HAPPYBARA,*OPD [E-BOOK] ถ้าโลกมันแย่ ก็แค่คิดแบบคาปิบาร่า THINK LIKE A HAPPYBARA,0,0,0,0,0,0,0,0,0,0,0,0,0,0,0,0,0,0,0,0,0,0,0,0,0,0,0,0,0,0,0,0,0,2026-03-30
[หนังสือ] ปีศาจตัวนั้น คือฉันเอง A GUIDE TO FIGHT THE DEMONS IN MY HEART,*[E-BOOK] ปีศาจตัวนั้น คือฉันเอง A GUIDE TO FIGHTING THE DEMONS IN MY HEART,0,0,0,0,0,0,0,0,0,0,0,0,0,0,0,0,0,0,0,0,0,0,0,0,0,0,0,0,0,0,0,0,0,2026-03-30
[หนังสือ] ถ้าโลกมันแย่ ก็แค่คิดแบบคาปิบาร่า THINK LIKE A HAPPYBARA,[หนังสือ] BOXSET ถ้าโลกมันแย่ ก็แค่คิดแบบคาปิบาร่า THINK LIKE A HAPPYBARA,0,0,0,0,0,0,0,0,0,0,0,0,0,0,0,0,0,0,0,0,0,0,0,0,0,0,0,0,0,0,0,0,0,2026-03-30
[หนังสือ] โอบกอดความไม่สมบูรณ์แบบของเธอ (EMBRACE YOUR FLAWS),[หนังสือ] โอบกอดความไม่สมบูรณ์แบบของเธอ (EMBRACE YOUR FLAWS),835.65,0,0,72.65,741.3,0,21.7,0,0,0,0,5127.92,0,0,996,3601.92,530,0,0,0,0,0,16.3,0,0,7.29,20.58,0,4.09,0,0,0,0,2026-03-30
[หนังสือ] โอบกอดความไม่สมบูรณ์แบบของเธอ (EMBRACE YOUR FLAWS),*OPD [E-BOOK] โอบกอดความไม่สมบูรณ์แบบของเธอ (EMBRACE YOUR FLAWS),0,0,0,0,0,0,0,0,0,0,0,0,0,0,0,0,0,0,0,0,0,0,0,0,0,0,0,0,0,0,0,0,0,2026-03-30
[หนังสือ] ฉันจะมีชีวิตที่ดี,*OPD [E-BOOK] ฉันจะมีชีวิตที่ดี,0,0,0,0,0,0,0,0,0,0,0,0,0,0,0,0,0,0,0,0,0,0,0,0,0,0,0,0,0,0,0,0,0,2026-03-30
[หนังสือ] ความลับสู่เงินล้านที่โรงเรียนไม่เคยสอน (THE MILLIONAIRE'S TOP SECRET),[หนังสือ] ความลับสู่เงินล้านที่โรงเรียนไม่เคยสอน (THE MILLIONAIRE'S TOP SECRET),677.36,0,0,51.62,625.74,0,0,0,0,0,0,2623.2,0,0,835.2,1788,0,0,0,0,0,0,25.82,0,0,6.18,35,0,0,0,0,0,0,2026-03-30
[หนังสือ] ความลับสู่เงินล้านที่โรงเรียนไม่เคยสอน (THE MILLIONAIRE'S TOP SECRET),*OPD [E-BOOK] ความลับสู่เงินล้านที่โรงเรียนไม่เคยสอน (THE MILLIONAIRE'S TOP SECRET),0,0,0,0,0,0,0,0,0,0,0,0,0,0,0,0,0,0,0,0,0,0,0,0,0,0,0,0,0,0,0,0,0,2026-03-30
[หนังสือ] ขอใช้ชีวิตที่เหลือ เพื่อตัวเองนะ,[หนังสือ] ขอใช้ชีวิตที่เหลือ เพื่อตัวเองนะ,921.43,481.83,0,41.89,397.71,0,0,0,0,0,0,2772,600,0,200,746,1226,0,0,0,0,0,33.24,80.3,0,20.95,53.31,0,0,0,0,0,0,2026-03-30
[หนังสือ] ขอใช้ชีวิตที่เหลือ เพื่อตัวเองนะ,*OPD [E-BOOK] ขอใช้ชีวิตที่เหลือ เพื่อตัวเองนะ,0,0,0,0,0,0,0,0,0,0,0,0,0,0,0,0,0,0,0,0,0,0,0,0,0,0,0,0,0,0,0,0,0,2026-03-30
[หนังสือ] กับดักความรู้สึกผิด,[หนังสือ] กับดักความรู้สึกผิด,13968.54,11623.96,0,1371.66,352.44,400.81,219.67,0,0,0,0,34870.33,13502,0,2475,1620,12029,377.33,4149,0,718,0,40.06,86.09,0,55.42,21.76,9.66,1.83,0,0,0,0,2026-03-30
[หนังสือ] กับดักความรู้สึกผิด,*OPD [E-BOOK] กับดักความรู้สึกผิด,0,0,0,0,0,0,0,0,0,0,0,0,0,0,0,0,0,0,0,0,0,0,0,0,0,0,0,0,0,0,0,0,0,2026-03-30
[หนังสือ] กว่าจะคิดได้ ก็ไม่มีลมหายใจแล้ว (IT IS NEVER TOO LATE TO LOVE YOURSELF),[หนังสือ] กว่าจะคิดได้ ก็ไม่มีลมหายใจแล้ว (IT IS NEVER TOO LATE TO LOVE YOURSELF),0,0,0,0,0,0,0,0,0,0,0,481,0,0,0,481,0,0,0,0,0,0,0,0,0,0,0,0,0,0,0,0,0,2026-03-30
[หนังสือ] กว่าจะคิดได้ ก็ไม่มีลมหายใจแล้ว (IT IS NEVER TOO LATE TO LOVE YOURSELF),*OPD [E-BOOK] กว่าจะคิดได้ ก็ไม่มีลมหายใจแล้ว (IT IS NEVER TOO LATE TO LOVE YOURSELF),0,0,0,0,0,0,0,0,0,0,0,0,0,0,0,0,0,0,0,0,0,0,0,0,0,0,0,0,0,0,0,0,0,2026-03-30
[หนังสือ] ฉันจะมีชีวิตที่ดี,[หนังสือ] ฉันจะมีชีวิตที่ดี,806.31,0,0,55.88,750.43,0,0,0,0,0,0,1520,0,0,920,600,0,0,0,0,0,0,53.05,0,0,6.07,125.07,0,0,0,0,0,0,2026-03-30
[หนังสือ] THE WITCHES' CLUB ชมรมลับเปลี่ยนชีวิต,[หนังสือ] THE WITCHES' CLUB ชมรมลับเปลี่ยนชีวิต,1803.9,426.51,0,586.89,670.5,0,120,0,0,0,0,350,0,0,350,0,0,0,0,0,0,0,515.4,0,0,167.68,0,0,0,0,0,0,0,2026-03-30
[หนังสือ] THE WITCHES' CLUB ชมรมลับเปลี่ยนชีวิต,*[E-BOOK] THE WITCHES' CLUB ชมรมลับเปลี่ยนชีวิต,0,0,0,0,0,0,0,0,0,0,0,0,0,0,0,0,0,0,0,0,0,0,0,0,0,0,0,0,0,0,0,0,0,2026-03-30
[หนังสือ] THE WITCHES' CLUB ชมรมลับเปลี่ยนชีวิต,[หนังสือ] BOXSET THE WITCHES' CLUB ชมรมลับเปลี่ยนชีวิต,0,0,0,0,0,0,0,0,0,0,0,2864.74,0,0,965.72,1339.02,560,0,0,0,0,0,0,0,0,0,0,0,0,0,0,0,0,2026-03-30
[หนังสือ] GHOSTLY REMAINS ปลดพันธนาการดวงวิญญาณหลังความตาย,[หนังสือ] GHOSTLY REMAINS ปลดพันธนาการดวงวิญญาณหลังความตาย,530.73,140.2,0,64.54,295.43,0,30.56,0,0,0,0,2159.05,659,0,379,1121.05,0,0,0,0,0,0,24.58,21.27,0,17.03,26.35,0,0,0,0,0,0,2026-03-30
[หนังสือ] GHOSTLY BREWS ยินดีบริการดวงวิญญาณหลังเที่ยงคืน,[หนังสือ] GHOSTLY BREWS ยินดีบริการดวงวิญญาณหลังเที่ยงคืน,2540.92,822.46,0,650.66,999.61,0,64.37,3.82,0,0,0,6146.99,958,0,2514.7,2325.29,349,0,0,0,0,0,41.34,85.85,0,25.87,42.99,0,18.44,0,0,0,0,2026-03-30
[หนังสือ] GHOSTLY BREWS ยินดีบริการดวงวิญญาณหลังเที่ยงคืน,*OPD [E-BOOK] GHOSTLY BREWS ยินดีบริการดวงวิญญาณหลังเที่ยงคืน,0,0,0,0,0,0,0,0,0,0,0,0,0,0,0,0,0,0,0,0,0,0,0,0,0,0,0,0,0,0,0,0,0,2026-03-30
[หนังสือ] GHOSTLY BREWS ยินดีบริการดวงวิญญาณหลังเที่ยงคืน,*[E-BOOK] GHOSTLY BREWS ยินดีบริการดวงวิญญาณหลังเที่ยงคืน,0,0,0,0,0,0,0,0,0,0,0,0,0,0,0,0,0,0,0,0,0,0,0,0,0,0,0,0,0,0,0,0,0,2026-03-30
[หนังสือ] เหนื่อยมากไหม พักก่อนก็ได้นะวันนี้,[หนังสือ] เหนื่อยมากไหม พักก่อนก็ได้นะวันนี้,180.24,180.24,0,0,0,0,0,0,0,0,0,430.55,0,0,230.55,200,0,0,0,0,0,0,41.86,0,0,0,0,0,0,0,0,0,0,2026-03-30
[หนังสือ] เหนื่อยมากไหม พักก่อนก็ได้นะวันนี้,*OPD [E-BOOK] เหนื่อยมากไหม พักก่อนก็ได้นะวันนี้,0,0,0,0,0,0,0,0,0,0,0,0,0,0,0,0,0,0,0,0,0,0,0,0,0,0,0,0,0,0,0,0,0,2026-03-30
[หนังสือ] เหนื่อยมากไหม พักก่อนก็ได้นะวันนี้,[หนังสือ] BOXSET เหนื่อยมากไหม พักก่อนก็ได้นะวันนี้,0,0,0,0,0,0,0,0,0,0,0,499,499,0,0,0,0,0,0,0,0,0,0,0,0,0,0,0,0,0,0,0,0,2026-03-30
[หนังสือ] THE WITCHES' CLUB ชมรมลับเปลี่ยนชีวิต,*OPD [E-BOOK] THE WITCHES' CLUB ชมรมลับเปลี่ยนชีวิต,0,0,0,0,0,0,0,0,0,0,0,0,0,0,0,0,0,0,0,0,0,0,0,0,0,0,0,0,0,0,0,0,0,2026-03-30
[หนังสือ] ชีวิตมีเรื่องให้ขอบคุณมากกว่าเสียใจ,[หนังสือ] ชีวิตมีเรื่องให้ขอบคุณมากกว่าเสียใจ,240.93,0,0,41.58,199.35,0,0,0,0,0,0,279,0,0,279,0,0,0,0,0,0,0,86.35,0,0,14.9,0,0,0,0,0,0,0,2026-03-31
[หนังสือ] ชีวิตมีเรื่องให้ขอบคุณมากกว่าเสียใจ,*OPD [E-BOOK] ชีวิตมีเรื่องให้ขอบคุณมากกว่าเสียใจ,0,0,0,0,0,0,0,0,0,0,0,0,0,0,0,0,0,0,0,0,0,0,0,0,0,0,0,0,0,0,0,0,0,2026-03-31
[หนังสือ] เมื่อโลกทั้งใบซ่อนอยู่ใต้หมวกกันน็อก (HELMET GIRL),[หนังสือ] เมื่อโลกทั้งใบซ่อนอยู่ใต้หมวกกันน็อก (HELMET GIRL),0,0,0,0,0,0,0,0,0,0,0,0,0,0,0,0,0,0,0,0,0,0,0,0,0,0,0,0,0,0,0,0,0,2026-03-31
[หนังสือ] เมื่อโลกทั้งใบซ่อนอยู่ใต้หมวกกันน็อก (HELMET GIRL),*OPD [E-BOOK] เมื่อโลกทั้งใบซ่อนอยู่ใต้หมวกกันน็อก (HELMET GIRL),0,0,0,0,0,0,0,0,0,0,0,0,0,0,0,0,0,0,0,0,0,0,0,0,0,0,0,0,0,0,0,0,0,2026-03-31
[หนังสือ] เมื่อโลกทั้งใบซ่อนอยู่ใต้หมวกกันน็อก (HELMET GIRL),[หนังสือ] BOXSET เมื่อโลกทั้งใบซ่อนอยู่ใต้หมวกกันน็อก (HELMET GIRL),0,0,0,0,0,0,0,0,0,0,0,564,0,0,564,0,0,0,0,0,0,0,0,0,0,0,0,0,0,0,0,0,0,2026-03-31
[หนังสือ] วันไหนที่ใจแข็งแรง ดอกไม้จะผลิบาน THE ENCHANTED GARDEN,[หนังสือ] วันไหนที่ใจแข็งแรง ดอกไม้จะผลิบาน THE ENCHANTED GARDEN,607.47,0,0,170.5,436.97,0,0,0,0,0,0,1029,0,0,340,0,689,0,0,0,0,0,59.03,0,0,50.15,0,0,0,0,0,0,0,2026-03-31
[หนังสือ] วันไหนที่ใจแข็งแรง ดอกไม้จะผลิบาน THE ENCHANTED GARDEN,*OPD [E-BOOK] วันไหนที่ใจแข็งแรง ดอกไม้จะผลิบาน THE ENCHANTED GARDEN,0,0,0,0,0,0,0,0,0,0,0,0,0,0,0,0,0,0,0,0,0,0,0,0,0,0,0,0,0,0,0,0,0,2026-03-31
[หนังสือ] วันไหนที่ใจแข็งแรง ดอกไม้จะผลิบาน THE ENCHANTED GARDEN,[หนังสือ] สวนของหัวใจ BLOSSOMS OF THE SOUL’S GARDEN,0,0,0,0,0,0,0,0,0,0,0,201,0,0,0,0,201,0,0,0,0,0,0,0,0,0,0,0,0,0,0,0,0,2026-03-31
[หนังสือ] ยินดีต้อนรับและขอบคุณที่กลับมา,[หนังสือ] ยินดีต้อนรับและขอบคุณที่กลับมา,213.37,0,0,139.82,73.55,0,0,0,0,0,0,400,400,0,0,0,0,0,0,0,0,0,53.34,0,0,0,0,0,0,0,0,0,0,2026-03-31
[หนังสือ] ยินดีต้อนรับและขอบคุณที่กลับมา,*OPD [E-BOOK] ยินดีต้อนรับและขอบคุณที่กลับมา,0,0,0,0,0,0,0,0,0,0,0,0,0,0,0,0,0,0,0,0,0,0,0,0,0,0,0,0,0,0,0,0,0,2026-03-31
[หนังสือ] ปีศาจตัวนั้น คือฉันเอง A GUIDE TO FIGHT THE DEMONS IN MY HEART,[หนังสือ] ปีศาจตัวนั้น คือฉันเอง A GUIDE TO FIGHT THE DEMONS IN MY HEART,18268.99,0,0,2581.89,15523.81,0,163.29,0,0,0,0,0,0,0,0,0,0,0,0,0,0,0,0,0,0,0,0,0,0,0,0,0,0,2026-03-31
[หนังสือ] ปีศาจตัวนั้น คือฉันเอง A GUIDE TO FIGHT THE DEMONS IN MY HEART,*OPD [E-BOOK] ปีศาจตัวนั้น คือฉันเอง A GUIDE TO FIGHTING THE DEMONS IN MY HEART,0,0,0,0,0,0,0,0,0,0,0,0,0,0,0,0,0,0,0,0,0,0,0,0,0,0,0,0,0,0,0,0,0,2026-03-31
[หนังสือ] ปีศาจตัวนั้น คือฉันเอง A GUIDE TO FIGHT THE DEMONS IN MY HEART,*[E-BOOK] ปีศาจตัวนั้น คือฉันเอง A GUIDE TO FIGHTING THE DEMONS IN MY HEART,0,0,0,0,0,0,0,0,0,0,0,0,0,0,0,0,0,0,0,0,0,0,0,0,0,0,0,0,0,0,0,0,0,2026-03-31
[หนังสือ] ปีศาจตัวนั้น คือฉันเอง A GUIDE TO FIGHT THE DEMONS IN MY HEART,[หนังสือ] ปีศาจตัวนั้น คือฉันเอง A GUIDE TO FIGHTING THE DEMONS IN MY HEART,0,0,0,0,0,0,0,0,0,0,0,15104.94,0,0,12613.94,0,2491,0,0,0,0,0,0,0,0,0,0,0,0,0,0,0,0,2026-03-31
[หนังสือ] ปีศาจตัวนั้น คือฉันเอง 2 A GUIDE TO OVERCOMING THE RETURN OF THE DEMONS,[หนังสือ] ปีศาจตัวนั้น คือฉันเอง 2 A GUIDE TO OVERCOMING THE RETURN OF THE DEMONS,2339.76,0,0,650.91,1591.05,0,97.8,0,0,0,0,4479.9,0,0,4129.9,0,350,0,0,0,0,0,52.23,0,0,15.76,0,0,27.94,0,0,0,0,2026-03-31
[หนังสือ] ปีศาจตัวนั้น คือฉันเอง 2 A GUIDE TO OVERCOMING THE RETURN OF THE DEMONS,*OPD [E-BOOK] ปีศาจตัวนั้น คือฉันเอง 2 A GUIDE TO OVERCOMING THE RETURN OF THE DEMONS,0,0,0,0,0,0,0,0,0,0,0,0,0,0,0,0,0,0,0,0,0,0,0,0,0,0,0,0,0,0,0,0,0,2026-03-31
[หนังสือ] ปีศาจความรักมักเลือกฉันเป็นเหยื่อ HOW TO FIGHT THE LOVE DEMON IN MY HEART,[หนังสือ] ปีศาจความรักมักเลือกฉันเป็นเหยื่อ HOW TO FIGHT THE LOVE DEMON IN MY HEART,372.65,0,0,42.32,330.33,0,0,0,0,0,0,1509,0,0,600,0,909,0,0,0,0,0,24.7,0,0,7.05,0,0,0,0,0,0,0,2026-03-31
[หนังสือ] ปีศาจความรักมักเลือกฉันเป็นเหยื่อ HOW TO FIGHT THE LOVE DEMON IN MY HEART,*OPD [E-BOOK] ปีศาจความรักมักเลือกฉันเป็นเหยื่อ HOW TO FIGHT THE LOVE DEMON IN MY HEART,0,0,0,0,0,0,0,0,0,0,0,0,0,0,0,0,0,0,0,0,0,0,0,0,0,0,0,0,0,0,0,0,0,2026-03-31
[หนังสือ] ทุกความทรงจำคือของขวัญจากวันวาน,[หนังสือ] ทุกความทรงจำคือของขวัญจากวันวาน,0,0,0,0,0,0,0,0,0,0,0,239,0,0,0,0,239,0,0,0,0,0,0,0,0,0,0,0,0,0,0,0,0,2026-03-31
[หนังสือ] ทุกความทรงจำคือของขวัญจากวันวาน,*OPD [E-BOOK] ทุกความทรงจำคือของขวัญจากวันวาน,0,0,0,0,0,0,0,0,0,0,0,0,0,0,0,0,0,0,0,0,0,0,0,0,0,0,0,0,0,0,0,0,0,2026-03-31
[หนังสือ] ถ้าโลกมันแย่ ก็แค่คิดแบบคาปิบาร่า THINK LIKE A HAPPYBARA,[หนังสือ] ถ้าโลกมันแย่ ก็แค่คิดแบบคาปิบาร่า THINK LIKE A HAPPYBARA,384.98,0,0,72.07,312.91,0,0,0,0,0,0,599,300,0,299,0,0,0,0,0,0,0,64.27,0,0,24.1,0,0,0,0,0,0,0,2026-03-31
[หนังสือ] ถ้าโลกมันแย่ ก็แค่คิดแบบคาปิบาร่า THINK LIKE A HAPPYBARA,*OPD [E-BOOK] ถ้าโลกมันแย่ ก็แค่คิดแบบคาปิบาร่า THINK LIKE A HAPPYBARA,0,0,0,0,0,0,0,0,0,0,0,0,0,0,0,0,0,0,0,0,0,0,0,0,0,0,0,0,0,0,0,0,0,2026-03-31
[หนังสือ] ถ้าโลกมันแย่ ก็แค่คิดแบบคาปิบาร่า THINK LIKE A HAPPYBARA,[หนังสือ] BOXSET ถ้าโลกมันแย่ ก็แค่คิดแบบคาปิบาร่า THINK LIKE A HAPPYBARA,0,0,0,0,0,0,0,0,0,0,0,946.35,495,0,451.35,0,0,0,0,0,0,0,0,0,0,0,0,0,0,0,0,0,0,2026-03-31
[หนังสือ] เหนื่อยมากไหม พักก่อนก็ได้นะวันนี้,[หนังสือ] เหนื่อยมากไหม พักก่อนก็ได้นะวันนี้,379.05,379.05,0,0,0,0,0,0,0,0,0,0,0,0,0,0,0,0,0,0,0,0,0,0,0,0,0,0,0,0,0,0,0,2026-03-31
[หนังสือ] เหนื่อยมากไหม พักก่อนก็ได้นะวันนี้,*OPD [E-BOOK] เหนื่อยมากไหม พักก่อนก็ได้นะวันนี้,0,0,0,0,0,0,0,0,0,0,0,0,0,0,0,0,0,0,0,0,0,0,0,0,0,0,0,0,0,0,0,0,0,2026-03-31
[หนังสือ] เหนื่อยมากไหม พักก่อนก็ได้นะวันนี้,[หนังสือ] BOXSET เหนื่อยมากไหม พักก่อนก็ได้นะวันนี้,0,0,0,0,0,0,0,0,0,0,0,495,495,0,0,0,0,0,0,0,0,0,0,0,0,0,0,0,0,0,0,0,0,2026-03-31
[หนังสือ] โอบกอดความไม่สมบูรณ์แบบของเธอ (EMBRACE YOUR FLAWS),[หนังสือ] โอบกอดความไม่สมบูรณ์แบบของเธอ (EMBRACE YOUR FLAWS),1371.74,0,0,108.35,1263.39,0,0,0,0,0,0,3055,0,0,2790,0,265,0,0,0,0,0,44.9,0,0,3.88,0,0,0,0,0,0,0,2026-03-31
[หนังสือ] โอบกอดความไม่สมบูรณ์แบบของเธอ (EMBRACE YOUR FLAWS),*OPD [E-BOOK] โอบกอดความไม่สมบูรณ์แบบของเธอ (EMBRACE YOUR FLAWS),0,0,0,0,0,0,0,0,0,0,0,0,0,0,0,0,0,0,0,0,0,0,0,0,0,0,0,0,0,0,0,0,0,2026-03-31
[หนังสือ] ความลับสู่เงินล้านที่โรงเรียนไม่เคยสอน (THE MILLIONAIRE'S TOP SECRET),[หนังสือ] ความลับสู่เงินล้านที่โรงเรียนไม่เคยสอน (THE MILLIONAIRE'S TOP SECRET),519.12,0,0,53.2,465.92,0,0,0,0,0,0,628,0,0,0,0,628,0,0,0,0,0,82.66,0,0,0,0,0,0,0,0,0,0,2026-03-31
[หนังสือ] ความลับสู่เงินล้านที่โรงเรียนไม่เคยสอน (THE MILLIONAIRE'S TOP SECRET),*OPD [E-BOOK] ความลับสู่เงินล้านที่โรงเรียนไม่เคยสอน (THE MILLIONAIRE'S TOP SECRET),0,0,0,0,0,0,0,0,0,0,0,0,0,0,0,0,0,0,0,0,0,0,0,0,0,0,0,0,0,0,0,0,0,2026-03-31
[หนังสือ] ขอใช้ชีวิตที่เหลือ เพื่อตัวเองนะ,[หนังสือ] ขอใช้ชีวิตที่เหลือ เพื่อตัวเองนะ,1873.91,367.4,0,119.04,1387.47,0,0,0,0,0,0,1716,1058,0,658,0,0,0,0,0,0,0,109.2,34.73,0,18.09,0,0,0,0,0,0,0,2026-03-31
[หนังสือ] ขอใช้ชีวิตที่เหลือ เพื่อตัวเองนะ,*OPD [E-BOOK] ขอใช้ชีวิตที่เหลือ เพื่อตัวเองนะ,0,0,0,0,0,0,0,0,0,0,0,0,0,0,0,0,0,0,0,0,0,0,0,0,0,0,0,0,0,0,0,0,0,2026-03-31
[หนังสือ] กับดักความรู้สึกผิด,[หนังสือ] กับดักความรู้สึกผิด,22056.72,19270.1,0,1813.15,354.32,419.15,200,0,0,0,0,27803,10331,0,3363,0,12358,0,1392,0,359,0,79.33,186.53,0,53.91,0,30.11,1.62,0,0,0,0,2026-03-31
[หนังสือ] กับดักความรู้สึกผิด,*OPD [E-BOOK] กับดักความรู้สึกผิด,0,0,0,0,0,0,0,0,0,0,0,0,0,0,0,0,0,0,0,0,0,0,0,0,0,0,0,0,0,0,0,0,0,2026-03-31
[หนังสือ] กว่าจะคิดได้ ก็ไม่มีลมหายใจแล้ว (IT IS NEVER TOO LATE TO LOVE YOURSELF),[หนังสือ] กว่าจะคิดได้ ก็ไม่มีลมหายใจแล้ว (IT IS NEVER TOO LATE TO LOVE YOURSELF),0,0,0,0,0,0,0,0,0,0,0,299,0,0,299,0,0,0,0,0,0,0,0,0,0,0,0,0,0,0,0,0,0,2026-03-31
[หนังสือ] กว่าจะคิดได้ ก็ไม่มีลมหายใจแล้ว (IT IS NEVER TOO LATE TO LOVE YOURSELF),*OPD [E-BOOK] กว่าจะคิดได้ ก็ไม่มีลมหายใจแล้ว (IT IS NEVER TOO LATE TO LOVE YOURSELF),0,0,0,0,0,0,0,0,0,0,0,0,0,0,0,0,0,0,0,0,0,0,0,0,0,0,0,0,0,0,0,0,0,2026-03-31
[หนังสือ] THE WITCHES' CLUB ชมรมลับเปลี่ยนชีวิต,[หนังสือ] THE WITCHES' CLUB ชมรมลับเปลี่ยนชีวิต,2591.84,477.5,0,1173.75,820.59,0,120,0,0,0,0,921.09,0,0,571.09,0,350,0,0,0,0,0,281.39,0,0,205.53,0,0,34.29,0,0,0,0,2026-03-31
[หนังสือ] THE WITCHES' CLUB ชมรมลับเปลี่ยนชีวิต,*OPD [E-BOOK] THE WITCHES' CLUB ชมรมลับเปลี่ยนชีวิต,0,0,0,0,0,0,0,0,0,0,0,0,0,0,0,0,0,0,0,0,0,0,0,0,0,0,0,0,0,0,0,0,0,2026-03-31
[หนังสือ] THE WITCHES' CLUB ชมรมลับเปลี่ยนชีวิต,*[E-BOOK] THE WITCHES' CLUB ชมรมลับเปลี่ยนชีวิต,0,0,0,0,0,0,0,0,0,0,0,0,0,0,0,0,0,0,0,0,0,0,0,0,0,0,0,0,0,0,0,0,0,2026-03-31
[หนังสือ] THE WITCHES' CLUB ชมรมลับเปลี่ยนชีวิต,[หนังสือ] BOXSET THE WITCHES' CLUB ชมรมลับเปลี่ยนชีวิต,0,0,0,0,0,0,0,0,0,0,0,5882.04,908,0,2678.04,0,2296,0,0,0,0,0,0,0,0,0,0,0,0,0,0,0,0,2026-03-31
[หนังสือ] MY LAST BOOK (A GENTLE GUIDE AND PREPARATION FOR LIFE’S FINAL CHAPTER),[หนังสือ] MY LAST BOOK (A GENTLE GUIDE AND PREPARATION FOR LIFE’S FINAL CHAPTER),0,0,0,0,0,0,0,0,0,0,0,300,300,0,0,0,0,0,0,0,0,0,0,0,0,0,0,0,0,0,0,0,0,2026-03-31
[หนังสือ] GHOSTLY REMAINS ปลดพันธนาการดวงวิญญาณหลังความตาย,[หนังสือ] GHOSTLY REMAINS ปลดพันธนาการดวงวิญญาณหลังความตาย,491.72,122.02,0,70.09,246.77,0,52.84,0,0,0,0,1716.4,982,0,734.4,0,0,0,0,0,0,0,28.65,12.43,0,9.54,0,0,0,0,0,0,0,2026-03-31
[หนังสือ] GHOSTLY BREWS ยินดีบริการดวงวิญญาณหลังเที่ยงคืน,[หนังสือ] GHOSTLY BREWS ยินดีบริการดวงวิญญาณหลังเที่ยงคืน,2555.09,1053.82,0,673.89,727.38,0,100,0,0,0,0,5293.7,1012,0,2885.7,0,1396,0,0,0,0,0,48.27,104.13,0,23.35,0,0,7.16,0,0,0,0,2026-03-31
[หนังสือ] GHOSTLY BREWS ยินดีบริการดวงวิญญาณหลังเที่ยงคืน,*OPD [E-BOOK] GHOSTLY BREWS ยินดีบริการดวงวิญญาณหลังเที่ยงคืน,0,0,0,0,0,0,0,0,0,0,0,0,0,0,0,0,0,0,0,0,0,0,0,0,0,0,0,0,0,0,0,0,0,2026-03-31
[หนังสือ] GHOSTLY BREWS ยินดีบริการดวงวิญญาณหลังเที่ยงคืน,*[E-BOOK] GHOSTLY BREWS ยินดีบริการดวงวิญญาณหลังเที่ยงคืน,0,0,0,0,0,0,0,0,0,0,0,0,0,0,0,0,0,0,0,0,0,0,0,0,0,0,0,0,0,0,0,0,0,2026-03-31
[หนังสือ] ฉันจะมีชีวิตที่ดี,[หนังสือ] ฉันจะมีชีวิตที่ดี,1000.14,0,0,53.9,946.24,0,0,0,0,0,0,695,0,0,695,0,0,0,0,0,0,0,143.91,0,0,7.76,0,0,0,0,0,0,0,2026-03-31
[หนังสือ] ฉันจะมีชีวิตที่ดี,*OPD [E-BOOK] ฉันจะมีชีวิตที่ดี,0,0,0,0,0,0,0,0,0,0,0,0,0,0,0,0,0,0,0,0,0,0,0,0,0,0,0,0,0,0,0,0,0,2026-03-31
[หนังสือ] ฉันจะมีชีวิตที่ดี,[หนังสือ] ฉันจะมีชีวิตที่ดี,746.38,0,0,65.32,681.06,0,0,0,0,0,0,1253,0,0,1253,0,0,0,0,0,0,0,59.57,0,0,5.21,0,0,0,0,0,0,0,2026-04-01
[หนังสือ] ฉันจะมีชีวิตที่ดี,*OPD [E-BOOK] ฉันจะมีชีวิตที่ดี,0,0,0,0,0,0,0,0,0,0,0,0,0,0,0,0,0,0,0,0,0,0,0,0,0,0,0,0,0,0,0,0,0,2026-04-01
[หนังสือ] เมื่อโลกทั้งใบซ่อนอยู่ใต้หมวกกันน็อก (HELMET GIRL),[หนังสือ] เมื่อโลกทั้งใบซ่อนอยู่ใต้หมวกกันน็อก (HELMET GIRL),0,0,0,0,0,0,0,0,0,0,0,299,0,0,0,0,299,0,0,0,0,0,0,0,0,0,0,0,0,0,0,0,0,2026-04-01
[หนังสือ] เมื่อโลกทั้งใบซ่อนอยู่ใต้หมวกกันน็อก (HELMET GIRL),*OPD [E-BOOK] เมื่อโลกทั้งใบซ่อนอยู่ใต้หมวกกันน็อก (HELMET GIRL),0,0,0,0,0,0,0,0,0,0,0,0,0,0,0,0,0,0,0,0,0,0,0,0,0,0,0,0,0,0,0,0,0,2026-04-01
[หนังสือ] เมื่อโลกทั้งใบซ่อนอยู่ใต้หมวกกันน็อก (HELMET GIRL),[หนังสือ] BOXSET เมื่อโลกทั้งใบซ่อนอยู่ใต้หมวกกันน็อก (HELMET GIRL),0,0,0,0,0,0,0,0,0,0,0,1890.56,590,0,919.56,0,381,0,0,0,0,0,0,0,0,0,0,0,0,0,0,0,0,2026-04-01
[หนังสือ] วันไหนที่ใจแข็งแรง ดอกไม้จะผลิบาน THE ENCHANTED GARDEN,[หนังสือ] วันไหนที่ใจแข็งแรง ดอกไม้จะผลิบาน THE ENCHANTED GARDEN,555.5,0,0,189.68,365.82,0,0,0,0,0,0,2146.4,0,0,651.4,0,1495,0,0,0,0,0,25.88,0,0,29.12,0,0,0,0,0,0,0,2026-04-01
[หนังสือ] วันไหนที่ใจแข็งแรง ดอกไม้จะผลิบาน THE ENCHANTED GARDEN,*OPD [E-BOOK] วันไหนที่ใจแข็งแรง ดอกไม้จะผลิบาน THE ENCHANTED GARDEN,0,0,0,0,0,0,0,0,0,0,0,0,0,0,0,0,0,0,0,0,0,0,0,0,0,0,0,0,0,0,0,0,0,2026-04-01
[หนังสือ] วันไหนที่ใจแข็งแรง ดอกไม้จะผลิบาน THE ENCHANTED GARDEN,[หนังสือ] สวนของหัวใจ BLOSSOMS OF THE SOUL’S GARDEN,0,0,0,0,0,0,0,0,0,0,0,1190,0,0,1190,0,0,0,0,0,0,0,0,0,0,0,0,0,0,0,0,0,0,2026-04-01
[หนังสือ] ยินดีต้อนรับและขอบคุณที่กลับมา,[หนังสือ] ยินดีต้อนรับและขอบคุณที่กลับมา,202.21,0,0,112.52,89.69,0,0,0,0,0,0,239,0,0,0,0,239,0,0,0,0,0,84.61,0,0,0,0,0,0,0,0,0,0,2026-04-01
[หนังสือ] ยินดีต้อนรับและขอบคุณที่กลับมา,*OPD [E-BOOK] ยินดีต้อนรับและขอบคุณที่กลับมา,0,0,0,0,0,0,0,0,0,0,0,0,0,0,0,0,0,0,0,0,0,0,0,0,0,0,0,0,0,0,0,0,0,2026-04-01
[หนังสือ] ชีวิตมีเรื่องให้ขอบคุณมากกว่าเสียใจ,[หนังสือ] ชีวิตมีเรื่องให้ขอบคุณมากกว่าเสียใจ,219.1,0,0,30.41,188.69,0,0,0,0,0,0,0,0,0,0,0,0,0,0,0,0,0,0,0,0,0,0,0,0,0,0,0,0,2026-04-01
[หนังสือ] ชีวิตมีเรื่องให้ขอบคุณมากกว่าเสียใจ,*OPD [E-BOOK] ชีวิตมีเรื่องให้ขอบคุณมากกว่าเสียใจ,0,0,0,0,0,0,0,0,0,0,0,0,0,0,0,0,0,0,0,0,0,0,0,0,0,0,0,0,0,0,0,0,0,2026-04-01
[หนังสือ] ปีศาจตัวนั้น คือฉันเอง A GUIDE TO FIGHT THE DEMONS IN MY HEART,*[E-BOOK] ปีศาจตัวนั้น คือฉันเอง A GUIDE TO FIGHTING THE DEMONS IN MY HEART,0,0,0,0,0,0,0,0,0,0,0,0,0,0,0,0,0,0,0,0,0,0,0,0,0,0,0,0,0,0,0,0,0,2026-04-01
[หนังสือ] ปีศาจตัวนั้น คือฉันเอง A GUIDE TO FIGHT THE DEMONS IN MY HEART,[หนังสือ] ปีศาจตัวนั้น คือฉันเอง A GUIDE TO FIGHTING THE DEMONS IN MY HEART,0,0,0,0,0,0,0,0,0,0,0,11435.98,0,0,9604.98,0,1831,0,0,0,0,0,0,0,0,0,0,0,0,0,0,0,0,2026-04-01
[หนังสือ] ปีศาจตัวนั้น คือฉันเอง 2 A GUIDE TO OVERCOMING THE RETURN OF THE DEMONS,[หนังสือ] ปีศาจตัวนั้น คือฉันเอง 2 A GUIDE TO OVERCOMING THE RETURN OF THE DEMONS,1609.63,0,0,635.69,872.87,0,100,1.07,0,0,0,3932,0,0,2485,0,1447,0,0,0,0,0,40.94,0,0,25.58,0,0,6.91,0,0,0,0,2026-04-01
[หนังสือ] ปีศาจตัวนั้น คือฉันเอง 2 A GUIDE TO OVERCOMING THE RETURN OF THE DEMONS,*OPD [E-BOOK] ปีศาจตัวนั้น คือฉันเอง 2 A GUIDE TO OVERCOMING THE RETURN OF THE DEMONS,0,0,0,0,0,0,0,0,0,0,0,0,0,0,0,0,0,0,0,0,0,0,0,0,0,0,0,0,0,0,0,0,0,2026-04-01
[หนังสือ] ปีศาจความรักมักเลือกฉันเป็นเหยื่อ HOW TO FIGHT THE LOVE DEMON IN MY HEART,[หนังสือ] ปีศาจความรักมักเลือกฉันเป็นเหยื่อ HOW TO FIGHT THE LOVE DEMON IN MY HEART,212.67,0,0,19.87,192.8,0,0,0,0,0,0,1511,0,0,299,0,1212,0,0,0,0,0,14.07,0,0,6.65,0,0,0,0,0,0,0,2026-04-01
[หนังสือ] ปีศาจความรักมักเลือกฉันเป็นเหยื่อ HOW TO FIGHT THE LOVE DEMON IN MY HEART,*OPD [E-BOOK] ปีศาจความรักมักเลือกฉันเป็นเหยื่อ HOW TO FIGHT THE LOVE DEMON IN MY HEART,0,0,0,0,0,0,0,0,0,0,0,0,0,0,0,0,0,0,0,0,0,0,0,0,0,0,0,0,0,0,0,0,0,2026-04-01
[หนังสือ] ถ้าโลกมันแย่ ก็แค่คิดแบบคาปิบาร่า THINK LIKE A HAPPYBARA,[หนังสือ] ถ้าโลกมันแย่ ก็แค่คิดแบบคาปิบาร่า THINK LIKE A HAPPYBARA,436.03,0,0,76.47,359.56,0,0,0,0,0,0,689,0,0,0,0,689,0,0,0,0,0,63.28,0,0,0,0,0,0,0,0,0,0,2026-04-01
[หนังสือ] ถ้าโลกมันแย่ ก็แค่คิดแบบคาปิบาร่า THINK LIKE A HAPPYBARA,*OPD [E-BOOK] ถ้าโลกมันแย่ ก็แค่คิดแบบคาปิบาร่า THINK LIKE A HAPPYBARA,0,0,0,0,0,0,0,0,0,0,0,0,0,0,0,0,0,0,0,0,0,0,0,0,0,0,0,0,0,0,0,0,0,2026-04-01
[หนังสือ] ถ้าโลกมันแย่ ก็แค่คิดแบบคาปิบาร่า THINK LIKE A HAPPYBARA,[หนังสือ] BOXSET ถ้าโลกมันแย่ ก็แค่คิดแบบคาปิบาร่า THINK LIKE A HAPPYBARA,0,0,0,0,0,0,0,0,0,0,0,0,0,0,0,0,0,0,0,0,0,0,0,0,0,0,0,0,0,0,0,0,0,2026-04-01
[หนังสือ] ปีศาจตัวนั้น คือฉันเอง A GUIDE TO FIGHT THE DEMONS IN MY HEART,[หนังสือ] ปีศาจตัวนั้น คือฉันเอง A GUIDE TO FIGHT THE DEMONS IN MY HEART,15641.23,0,0,1412.56,14128.67,0,100,0,0,0,0,0,0,0,0,0,0,0,0,0,0,0,0,0,0,0,0,0,0,0,0,0,0,2026-04-01
[หนังสือ] ปีศาจตัวนั้น คือฉันเอง A GUIDE TO FIGHT THE DEMONS IN MY HEART,*OPD [E-BOOK] ปีศาจตัวนั้น คือฉันเอง A GUIDE TO FIGHTING THE DEMONS IN MY HEART,0,0,0,0,0,0,0,0,0,0,0,179,179,0,0,0,0,0,0,0,0,0,0,0,0,0,0,0,0,0,0,0,0,2026-04-01
[หนังสือ] โอบกอดความไม่สมบูรณ์แบบของเธอ (EMBRACE YOUR FLAWS),[หนังสือ] โอบกอดความไม่สมบูรณ์แบบของเธอ (EMBRACE YOUR FLAWS),584.22,0,0,54.54,529.68,0,0,0,0,0,0,2232,0,0,2232,0,0,0,0,0,0,0,26.17,0,0,2.44,0,0,0,0,0,0,0,2026-04-01
[หนังสือ] THE WITCHES' CLUB ชมรมลับเปลี่ยนชีวิต,*[E-BOOK] THE WITCHES' CLUB ชมรมลับเปลี่ยนชีวิต,0,0,0,0,0,0,0,0,0,0,0,0,0,0,0,0,0,0,0,0,0,0,0,0,0,0,0,0,0,0,0,0,0,2026-04-01
[หนังสือ] ความลับสู่เงินล้านที่โรงเรียนไม่เคยสอน (THE MILLIONAIRE'S TOP SECRET),[หนังสือ] ความลับสู่เงินล้านที่โรงเรียนไม่เคยสอน (THE MILLIONAIRE'S TOP SECRET),442.47,0,0,37.76,404.71,0,0,0,0,0,0,544,0,0,544,0,0,0,0,0,0,0,81.34,0,0,6.94,0,0,0,0,0,0,0,2026-04-01
[หนังสือ] ความลับสู่เงินล้านที่โรงเรียนไม่เคยสอน (THE MILLIONAIRE'S TOP SECRET),*OPD [E-BOOK] ความลับสู่เงินล้านที่โรงเรียนไม่เคยสอน (THE MILLIONAIRE'S TOP SECRET),0,0,0,0,0,0,0,0,0,0,0,299,0,0,0,0,299,0,0,0,0,0,0,0,0,0,0,0,0,0,0,0,0,2026-04-01
[หนังสือ] ขอใช้ชีวิตที่เหลือ เพื่อตัวเองนะ,[หนังสือ] ขอใช้ชีวิตที่เหลือ เพื่อตัวเองนะ,1216.09,419.24,0,48.7,748.15,0,0,0,0,0,0,828,529,0,0,0,299,0,0,0,0,0,146.87,79.25,0,0,0,0,0,0,0,0,0,2026-04-01
[หนังสือ] ขอใช้ชีวิตที่เหลือ เพื่อตัวเองนะ,*OPD [E-BOOK] ขอใช้ชีวิตที่เหลือ เพื่อตัวเองนะ,0,0,0,0,0,0,0,0,0,0,0,0,0,0,0,0,0,0,0,0,0,0,0,0,0,0,0,0,0,0,0,0,0,2026-04-01
[หนังสือ] กับดักความรู้สึกผิด,[หนังสือ] กับดักความรู้สึกผิด,21460.66,16240.07,0,3989.43,586.8,444.36,200,0,0,0,0,30171,11389,0,3240,0,12739,0,2444,0,359,0,71.13,142.59,0,123.13,0,18.18,1.57,0,0,0,0,2026-04-01
[หนังสือ] กับดักความรู้สึกผิด,*OPD [E-BOOK] กับดักความรู้สึกผิด,0,0,0,0,0,0,0,0,0,0,0,539,539,0,0,0,0,0,0,0,0,0,0,0,0,0,0,0,0,0,0,0,0,2026-04-01
[หนังสือ] กว่าจะคิดได้ ก็ไม่มีลมหายใจแล้ว (IT IS NEVER TOO LATE TO LOVE YOURSELF),[หนังสือ] กว่าจะคิดได้ ก็ไม่มีลมหายใจแล้ว (IT IS NEVER TOO LATE TO LOVE YOURSELF),0,0,0,0,0,0,0,0,0,0,0,239,0,0,0,0,239,0,0,0,0,0,0,0,0,0,0,0,0,0,0,0,0,2026-04-01
[หนังสือ] กว่าจะคิดได้ ก็ไม่มีลมหายใจแล้ว (IT IS NEVER TOO LATE TO LOVE YOURSELF),*OPD [E-BOOK] กว่าจะคิดได้ ก็ไม่มีลมหายใจแล้ว (IT IS NEVER TOO LATE TO LOVE YOURSELF),0,0,0,0,0,0,0,0,0,0,0,0,0,0,0,0,0,0,0,0,0,0,0,0,0,0,0,0,0,0,0,0,0,2026-04-01
[หนังสือ] THE WITCHES' CLUB ชมรมลับเปลี่ยนชีวิต,[หนังสือ] THE WITCHES' CLUB ชมรมลับเปลี่ยนชีวิต,1502.01,311.49,0,647.83,499.24,0,43.45,0,0,0,0,0,0,0,0,0,0,0,0,0,0,0,0,0,0,0,0,0,0,0,0,0,0,2026-04-01
[หนังสือ] โอบกอดความไม่สมบูรณ์แบบของเธอ (EMBRACE YOUR FLAWS),*OPD [E-BOOK] โอบกอดความไม่สมบูรณ์แบบของเธอ (EMBRACE YOUR FLAWS),0,0,0,0,0,0,0,0,0,0,0,0,0,0,0,0,0,0,0,0,0,0,0,0,0,0,0,0,0,0,0,0,0,2026-04-01
[หนังสือ] THE WITCHES' CLUB ชมรมลับเปลี่ยนชีวิต,[หนังสือ] BOXSET THE WITCHES' CLUB ชมรมลับเปลี่ยนชีวิต,0,0,0,0,0,0,0,0,0,0,0,3572.37,998,0,1398.37,0,1176,0,0,0,0,0,0,0,0,0,0,0,0,0,0,0,0,2026-04-01
[หนังสือ] MY LAST BOOK (A GENTLE GUIDE AND PREPARATION FOR LIFE’S FINAL CHAPTER),[หนังสือ] MY LAST BOOK (A GENTLE GUIDE AND PREPARATION FOR LIFE’S FINAL CHAPTER),0,0,0,0,0,0,0,0,0,0,0,300,300,0,0,0,0,0,0,0,0,0,0,0,0,0,0,0,0,0,0,0,0,2026-04-01
[หนังสือ] GHOSTLY REMAINS ปลดพันธนาการดวงวิญญาณหลังความตาย,[หนังสือ] GHOSTLY REMAINS ปลดพันธนาการดวงวิญญาณหลังความตาย,728.31,130.08,0,86.75,444.6,0,66.88,0,0,0,0,1400,0,0,1051,0,349,0,0,0,0,0,52.02,0,0,8.25,0,0,19.16,0,0,0,0,2026-04-01
[หนังสือ] GHOSTLY BREWS ยินดีบริการดวงวิญญาณหลังเที่ยงคืน,[หนังสือ] GHOSTLY BREWS ยินดีบริการดวงวิญญาณหลังเที่ยงคืน,5557.74,936.04,0,777.6,3744.1,0,100,0,0,0,0,2989.89,0,0,2640.89,0,349,0,0,0,0,0,185.88,0,0,29.44,0,0,28.65,0,0,0,0,2026-04-01
[หนังสือ] GHOSTLY BREWS ยินดีบริการดวงวิญญาณหลังเที่ยงคืน,*OPD [E-BOOK] GHOSTLY BREWS ยินดีบริการดวงวิญญาณหลังเที่ยงคืน,0,0,0,0,0,0,0,0,0,0,0,179,179,0,0,0,0,0,0,0,0,0,0,0,0,0,0,0,0,0,0,0,0,2026-04-01
[หนังสือ] GHOSTLY BREWS ยินดีบริการดวงวิญญาณหลังเที่ยงคืน,*[E-BOOK] GHOSTLY BREWS ยินดีบริการดวงวิญญาณหลังเที่ยงคืน,0,0,0,0,0,0,0,0,0,0,0,0,0,0,0,0,0,0,0,0,0,0,0,0,0,0,0,0,0,0,0,0,0,2026-04-01
[หนังสือ] เหนื่อยมากไหม พักก่อนก็ได้นะวันนี้,[หนังสือ] เหนื่อยมากไหม พักก่อนก็ได้นะวันนี้,346.54,346.54,0,0,0,0,0,0,0,0,0,390,390,0,0,0,0,0,0,0,0,0,88.86,88.86,0,0,0,0,0,0,0,0,0,2026-04-01
[หนังสือ] เหนื่อยมากไหม พักก่อนก็ได้นะวันนี้,*OPD [E-BOOK] เหนื่อยมากไหม พักก่อนก็ได้นะวันนี้,0,0,0,0,0,0,0,0,0,0,0,0,0,0,0,0,0,0,0,0,0,0,0,0,0,0,0,0,0,0,0,0,0,2026-04-01
[หนังสือ] เหนื่อยมากไหม พักก่อนก็ได้นะวันนี้,[หนังสือ] BOXSET เหนื่อยมากไหม พักก่อนก็ได้นะวันนี้,0,0,0,0,0,0,0,0,0,0,0,890,0,0,0,0,390,0,500,0,0,0,0,0,0,0,0,0,0,0,0,0,0,2026-04-01
[หนังสือ] THE WITCHES' CLUB ชมรมลับเปลี่ยนชีวิต,*OPD [E-BOOK] THE WITCHES' CLUB ชมรมลับเปลี่ยนชีวิต,0,0,0,0,0,0,0,0,0,0,0,0,0,0,0,0,0,0,0,0,0,0,0,0,0,0,0,0,0,0,0,0,0,2026-04-01
[หนังสือ] ชีวิตมีเรื่องให้ขอบคุณมากกว่าเสียใจ,[หนังสือ] ชีวิตมีเรื่องให้ขอบคุณมากกว่าเสียใจ,134.17,0,0,9.97,124.2,0,0,0,0,0,0,1010.64,0,0,1010.64,0,0,0,0,0,0,0,13.28,0,0,0.99,0,0,0,0,0,0,0,2026-04-02
[หนังสือ] เมื่อโลกทั้งใบซ่อนอยู่ใต้หมวกกันน็อก (HELMET GIRL),[หนังสือ] เมื่อโลกทั้งใบซ่อนอยู่ใต้หมวกกันน็อก (HELMET GIRL),0,0,0,0,0,0,0,0,0,0,0,591.47,0,0,591.47,0,0,0,0,0,0,0,0,0,0,0,0,0,0,0,0,0,0,2026-04-02
[หนังสือ] เมื่อโลกทั้งใบซ่อนอยู่ใต้หมวกกันน็อก (HELMET GIRL),*OPD [E-BOOK] เมื่อโลกทั้งใบซ่อนอยู่ใต้หมวกกันน็อก (HELMET GIRL),0,0,0,0,0,0,0,0,0,0,0,0,0,0,0,0,0,0,0,0,0,0,0,0,0,0,0,0,0,0,0,0,0,2026-04-02
[หนังสือ] เมื่อโลกทั้งใบซ่อนอยู่ใต้หมวกกันน็อก (HELMET GIRL),[หนังสือ] BOXSET เมื่อโลกทั้งใบซ่อนอยู่ใต้หมวกกันน็อก (HELMET GIRL),0,0,0,0,0,0,0,0,0,0,0,2533.48,0,0,2533.48,0,0,0,0,0,0,0,0,0,0,0,0,0,0,0,0,0,0,2026-04-02
[หนังสือ] วันไหนที่ใจแข็งแรง ดอกไม้จะผลิบาน THE ENCHANTED GARDEN,[หนังสือ] วันไหนที่ใจแข็งแรง ดอกไม้จะผลิบาน THE ENCHANTED GARDEN,357.74,0,0,98.81,258.93,0,0,0,0,0,0,627.7,0,0,328.7,0,299,0,0,0,0,0,56.99,0,0,30.06,0,0,0,0,0,0,0,2026-04-02
[หนังสือ] วันไหนที่ใจแข็งแรง ดอกไม้จะผลิบาน THE ENCHANTED GARDEN,*OPD [E-BOOK] วันไหนที่ใจแข็งแรง ดอกไม้จะผลิบาน THE ENCHANTED GARDEN,0,0,0,0,0,0,0,0,0,0,0,0,0,0,0,0,0,0,0,0,0,0,0,0,0,0,0,0,0,0,0,0,0,2026-04-02
[หนังสือ] วันไหนที่ใจแข็งแรง ดอกไม้จะผลิบาน THE ENCHANTED GARDEN,[หนังสือ] สวนของหัวใจ BLOSSOMS OF THE SOUL’S GARDEN,0,0,0,0,0,0,0,0,0,0,0,2584.49,0,0,2584.49,0,0,0,0,0,0,0,0,0,0,0,0,0,0,0,0,0,0,2026-04-02
[หนังสือ] ยินดีต้อนรับและขอบคุณที่กลับมา,[หนังสือ] ยินดีต้อนรับและขอบคุณที่กลับมา,138.8,0,0,78.45,60.35,0,0,0,0,0,0,1261.43,0,0,1261.43,0,0,0,0,0,0,0,11,0,0,6.22,0,0,0,0,0,0,0,2026-04-02
[หนังสือ] ยินดีต้อนรับและขอบคุณที่กลับมา,*OPD [E-BOOK] ยินดีต้อนรับและขอบคุณที่กลับมา,0,0,0,0,0,0,0,0,0,0,0,0,0,0,0,0,0,0,0,0,0,0,0,0,0,0,0,0,0,0,0,0,0,2026-04-02
[หนังสือ] ปีศาจตัวนั้น คือฉันเอง A GUIDE TO FIGHT THE DEMONS IN MY HEART,[หนังสือ] ปีศาจตัวนั้น คือฉันเอง A GUIDE TO FIGHT THE DEMONS IN MY HEART,9223.82,0,0,756.25,8374.77,0,92.8,0,0,0,0,0,0,0,0,0,0,0,0,0,0,0,0,0,0,0,0,0,0,0,0,0,0,2026-04-02
[หนังสือ] ชีวิตมีเรื่องให้ขอบคุณมากกว่าเสียใจ,*OPD [E-BOOK] ชีวิตมีเรื่องให้ขอบคุณมากกว่าเสียใจ,0,0,0,0,0,0,0,0,0,0,0,0,0,0,0,0,0,0,0,0,0,0,0,0,0,0,0,0,0,0,0,0,0,2026-04-02
[หนังสือ] ปีศาจตัวนั้น คือฉันเอง A GUIDE TO FIGHT THE DEMONS IN MY HEART,*OPD [E-BOOK] ปีศาจตัวนั้น คือฉันเอง A GUIDE TO FIGHTING THE DEMONS IN MY HEART,0,0,0,0,0,0,0,0,0,0,0,0,0,0,0,0,0,0,0,0,0,0,0,0,0,0,0,0,0,0,0,0,0,2026-04-02
[หนังสือ] ปีศาจตัวนั้น คือฉันเอง A GUIDE TO FIGHT THE DEMONS IN MY HEART,[หนังสือ] ปีศาจตัวนั้น คือฉันเอง A GUIDE TO FIGHTING THE DEMONS IN MY HEART,0,0,0,0,0,0,0,0,0,0,0,39324.94,0,0,38615.94,0,709,0,0,0,0,0,0,0,0,0,0,0,0,0,0,0,0,2026-04-02
[หนังสือ] ปีศาจตัวนั้น คือฉันเอง 2 A GUIDE TO OVERCOMING THE RETURN OF THE DEMONS,[หนังสือ] ปีศาจตัวนั้น คือฉันเอง 2 A GUIDE TO OVERCOMING THE RETURN OF THE DEMONS,1398.99,0,0,350.4,948.22,0,100,0.37,0,0,0,11004.52,0,0,9898.52,0,1106,0,0,0,0,0,12.71,0,0,3.54,0,0,9.04,0,0,0,0,2026-04-02
[หนังสือ] ปีศาจตัวนั้น คือฉันเอง 2 A GUIDE TO OVERCOMING THE RETURN OF THE DEMONS,*OPD [E-BOOK] ปีศาจตัวนั้น คือฉันเอง 2 A GUIDE TO OVERCOMING THE RETURN OF THE DEMONS,0,0,0,0,0,0,0,0,0,0,0,179,179,0,0,0,0,0,0,0,0,0,0,0,0,0,0,0,0,0,0,0,0,2026-04-02
[หนังสือ] ปีศาจความรักมักเลือกฉันเป็นเหยื่อ HOW TO FIGHT THE LOVE DEMON IN MY HEART,[หนังสือ] ปีศาจความรักมักเลือกฉันเป็นเหยื่อ HOW TO FIGHT THE LOVE DEMON IN MY HEART,96.61,0,0,12.63,83.98,0,0,0,0,0,0,1249,0,0,1249,0,0,0,0,0,0,0,7.73,0,0,1.01,0,0,0,0,0,0,0,2026-04-02
[หนังสือ] ปีศาจความรักมักเลือกฉันเป็นเหยื่อ HOW TO FIGHT THE LOVE DEMON IN MY HEART,*OPD [E-BOOK] ปีศาจความรักมักเลือกฉันเป็นเหยื่อ HOW TO FIGHT THE LOVE DEMON IN MY HEART,0,0,0,0,0,0,0,0,0,0,0,0,0,0,0,0,0,0,0,0,0,0,0,0,0,0,0,0,0,0,0,0,0,2026-04-02
[หนังสือ] ทุกความทรงจำคือของขวัญจากวันวาน,[หนังสือ] ทุกความทรงจำคือของขวัญจากวันวาน,0,0,0,0,0,0,0,0,0,0,0,195,0,0,195,0,0,0,0,0,0,0,0,0,0,0,0,0,0,0,0,0,0,2026-04-02
[หนังสือ] ทุกความทรงจำคือของขวัญจากวันวาน,*OPD [E-BOOK] ทุกความทรงจำคือของขวัญจากวันวาน,0,0,0,0,0,0,0,0,0,0,0,0,0,0,0,0,0,0,0,0,0,0,0,0,0,0,0,0,0,0,0,0,0,2026-04-02
[หนังสือ] ถ้าโลกมันแย่ ก็แค่คิดแบบคาปิบาร่า THINK LIKE A HAPPYBARA,[หนังสือ] ถ้าโลกมันแย่ ก็แค่คิดแบบคาปิบาร่า THINK LIKE A HAPPYBARA,564.04,0,0,65.42,498.62,0,0,0,0,0,0,1392.15,0,0,1392.15,0,0,0,0,0,0,0,40.52,0,0,4.7,0,0,0,0,0,0,0,2026-04-02
[หนังสือ] ถ้าโลกมันแย่ ก็แค่คิดแบบคาปิบาร่า THINK LIKE A HAPPYBARA,*OPD [E-BOOK] ถ้าโลกมันแย่ ก็แค่คิดแบบคาปิบาร่า THINK LIKE A HAPPYBARA,0,0,0,0,0,0,0,0,0,0,0,0,0,0,0,0,0,0,0,0,0,0,0,0,0,0,0,0,0,0,0,0,0,2026-04-02
[หนังสือ] ปีศาจตัวนั้น คือฉันเอง A GUIDE TO FIGHT THE DEMONS IN MY HEART,*[E-BOOK] ปีศาจตัวนั้น คือฉันเอง A GUIDE TO FIGHTING THE DEMONS IN MY HEART,0,0,0,0,0,0,0,0,0,0,0,0,0,0,0,0,0,0,0,0,0,0,0,0,0,0,0,0,0,0,0,0,0,2026-04-02
[หนังสือ] ถ้าโลกมันแย่ ก็แค่คิดแบบคาปิบาร่า THINK LIKE A HAPPYBARA,[หนังสือ] BOXSET ถ้าโลกมันแย่ ก็แค่คิดแบบคาปิบาร่า THINK LIKE A HAPPYBARA,0,0,0,0,0,0,0,0,0,0,0,2411.38,0,0,1912.38,0,499,0,0,0,0,0,0,0,0,0,0,0,0,0,0,0,0,2026-04-02
[หนังสือ] โอบกอดความไม่สมบูรณ์แบบของเธอ (EMBRACE YOUR FLAWS),[หนังสือ] โอบกอดความไม่สมบูรณ์แบบของเธอ (EMBRACE YOUR FLAWS),477.55,0,0,27.67,449.88,0,0,0,0,0,0,8850.87,0,0,8416.87,0,434,0,0,0,0,0,5.4,0,0,0.33,0,0,0,0,0,0,0,2026-04-02
[หนังสือ] โอบกอดความไม่สมบูรณ์แบบของเธอ (EMBRACE YOUR FLAWS),*OPD [E-BOOK] โอบกอดความไม่สมบูรณ์แบบของเธอ (EMBRACE YOUR FLAWS),0,0,0,0,0,0,0,0,0,0,0,0,0,0,0,0,0,0,0,0,0,0,0,0,0,0,0,0,0,0,0,0,0,2026-04-02
[หนังสือ] ฉันจะมีชีวิตที่ดี,*OPD [E-BOOK] ฉันจะมีชีวิตที่ดี,0,0,0,0,0,0,0,0,0,0,0,0,0,0,0,0,0,0,0,0,0,0,0,0,0,0,0,0,0,0,0,0,0,2026-04-02
[หนังสือ] ความลับสู่เงินล้านที่โรงเรียนไม่เคยสอน (THE MILLIONAIRE'S TOP SECRET),[หนังสือ] ความลับสู่เงินล้านที่โรงเรียนไม่เคยสอน (THE MILLIONAIRE'S TOP SECRET),370.66,0,0,3.53,367.13,0,0,0,0,0,0,5411.99,0,0,4783.99,0,628,0,0,0,0,0,6.85,0,0,0.07,0,0,0,0,0,0,0,2026-04-02
[หนังสือ] ความลับสู่เงินล้านที่โรงเรียนไม่เคยสอน (THE MILLIONAIRE'S TOP SECRET),*OPD [E-BOOK] ความลับสู่เงินล้านที่โรงเรียนไม่เคยสอน (THE MILLIONAIRE'S TOP SECRET),0,0,0,0,0,0,0,0,0,0,0,0,0,0,0,0,0,0,0,0,0,0,0,0,0,0,0,0,0,0,0,0,0,2026-04-02
[หนังสือ] ขอใช้ชีวิตที่เหลือ เพื่อตัวเองนะ,[หนังสือ] ขอใช้ชีวิตที่เหลือ เพื่อตัวเองนะ,724.68,487,0,19.76,217.92,0,0,0,0,0,0,2170,329,0,1542,0,299,0,0,0,0,0,33.4,148.02,0,1.28,0,0,0,0,0,0,0,2026-04-02
[หนังสือ] ขอใช้ชีวิตที่เหลือ เพื่อตัวเองนะ,*OPD [E-BOOK] ขอใช้ชีวิตที่เหลือ เพื่อตัวเองนะ,0,0,0,0,0,0,0,0,0,0,0,0,0,0,0,0,0,0,0,0,0,0,0,0,0,0,0,0,0,0,0,0,0,2026-04-02
[หนังสือ] กับดักความรู้สึกผิด,[หนังสือ] กับดักความรู้สึกผิด,15004.43,12437.12,0,1597.4,418.94,350.97,200,0,0,0,0,35561.78,11370,0,12604.78,0,9110,389,2088,0,0,0,42.19,109.39,0,12.67,0,16.81,2.2,0,0,0,0,2026-04-02
[หนังสือ] กับดักความรู้สึกผิด,*OPD [E-BOOK] กับดักความรู้สึกผิด,0,0,0,0,0,0,0,0,0,0,0,360,360,0,0,0,0,0,0,0,0,0,0,0,0,0,0,0,0,0,0,0,0,2026-04-02
[หนังสือ] กว่าจะคิดได้ ก็ไม่มีลมหายใจแล้ว (IT IS NEVER TOO LATE TO LOVE YOURSELF),[หนังสือ] กว่าจะคิดได้ ก็ไม่มีลมหายใจแล้ว (IT IS NEVER TOO LATE TO LOVE YOURSELF),0,0,0,0,0,0,0,0,0,0,0,1562.25,0,0,1323.25,0,239,0,0,0,0,0,0,0,0,0,0,0,0,0,0,0,0,2026-04-02
[หนังสือ] กว่าจะคิดได้ ก็ไม่มีลมหายใจแล้ว (IT IS NEVER TOO LATE TO LOVE YOURSELF),*OPD [E-BOOK] กว่าจะคิดได้ ก็ไม่มีลมหายใจแล้ว (IT IS NEVER TOO LATE TO LOVE YOURSELF),0,0,0,0,0,0,0,0,0,0,0,0,0,0,0,0,0,0,0,0,0,0,0,0,0,0,0,0,0,0,0,0,0,2026-04-02
[หนังสือ] ฉันจะมีชีวิตที่ดี,[หนังสือ] ฉันจะมีชีวิตที่ดี,739.29,0,0,38.33,700.96,0,0,0,0,0,0,3645,0,0,3645,0,0,0,0,0,0,0,20.28,0,0,1.05,0,0,0,0,0,0,0,2026-04-02
[หนังสือ] THE WITCHES' CLUB ชมรมลับเปลี่ยนชีวิต,[หนังสือ] THE WITCHES' CLUB ชมรมลับเปลี่ยนชีวิต,1389.54,193.29,0,577.68,515.45,0,103.12,0,0,0,0,2961.08,0,0,2961.08,0,0,0,0,0,0,0,46.93,0,0,19.51,0,0,0,0,0,0,0,2026-04-02
[หนังสือ] THE WITCHES' CLUB ชมรมลับเปลี่ยนชีวิต,*[E-BOOK] THE WITCHES' CLUB ชมรมลับเปลี่ยนชีวิต,0,0,0,0,0,0,0,0,0,0,0,0,0,0,0,0,0,0,0,0,0,0,0,0,0,0,0,0,0,0,0,0,0,2026-04-02
[หนังสือ] THE WITCHES' CLUB ชมรมลับเปลี่ยนชีวิต,[หนังสือ] BOXSET THE WITCHES' CLUB ชมรมลับเปลี่ยนชีวิต,0,0,0,0,0,0,0,0,0,0,0,14121.27,0,0,13572.27,0,549,0,0,0,0,0,0,0,0,0,0,0,0,0,0,0,0,2026-04-02
[หนังสือ] GHOSTLY REMAINS ปลดพันธนาการดวงวิญญาณหลังความตาย,[หนังสือ] GHOSTLY REMAINS ปลดพันธนาการดวงวิญญาณหลังความตาย,550.4,162.67,0,50.67,272.42,0,64.64,0,0,0,0,4368.95,0,0,3999.95,0,369,0,0,0,0,0,12.6,0,0,1.27,0,0,17.52,0,0,0,0,2026-04-02
[หนังสือ] GHOSTLY BREWS ยินดีบริการดวงวิญญาณหลังเที่ยงคืน,[หนังสือ] GHOSTLY BREWS ยินดีบริการดวงวิญญาณหลังเที่ยงคืน,3293.06,1675.06,0,325.68,1210.84,0,81.48,0,0,0,0,14655.57,300,0,11508.57,0,2847,0,0,0,0,0,22.47,558.35,0,2.83,0,0,2.86,0,0,0,0,2026-04-02
[หนังสือ] GHOSTLY BREWS ยินดีบริการดวงวิญญาณหลังเที่ยงคืน,*OPD [E-BOOK] GHOSTLY BREWS ยินดีบริการดวงวิญญาณหลังเที่ยงคืน,0,0,0,0,0,0,0,0,0,0,0,0,0,0,0,0,0,0,0,0,0,0,0,0,0,0,0,0,0,0,0,0,0,2026-04-02
[หนังสือ] GHOSTLY BREWS ยินดีบริการดวงวิญญาณหลังเที่ยงคืน,*[E-BOOK] GHOSTLY BREWS ยินดีบริการดวงวิญญาณหลังเที่ยงคืน,0,0,0,0,0,0,0,0,0,0,0,0,0,0,0,0,0,0,0,0,0,0,0,0,0,0,0,0,0,0,0,0,0,2026-04-02
[หนังสือ] เหนื่อยมากไหม พักก่อนก็ได้นะวันนี้,[หนังสือ] เหนื่อยมากไหม พักก่อนก็ได้นะวันนี้,339,339,0,0,0,0,0,0,0,0,0,1132.46,0,0,1132.46,0,0,0,0,0,0,0,29.93,0,0,0,0,0,0,0,0,0,0,2026-04-02
[หนังสือ] เหนื่อยมากไหม พักก่อนก็ได้นะวันนี้,*OPD [E-BOOK] เหนื่อยมากไหม พักก่อนก็ได้นะวันนี้,0,0,0,0,0,0,0,0,0,0,0,0,0,0,0,0,0,0,0,0,0,0,0,0,0,0,0,0,0,0,0,0,0,2026-04-02
[หนังสือ] เหนื่อยมากไหม พักก่อนก็ได้นะวันนี้,[หนังสือ] BOXSET เหนื่อยมากไหม พักก่อนก็ได้นะวันนี้,0,0,0,0,0,0,0,0,0,0,0,2900.97,0,0,2147.97,0,753,0,0,0,0,0,0,0,0,0,0,0,0,0,0,0,0,2026-04-02
[หนังสือ] THE WITCHES' CLUB ชมรมลับเปลี่ยนชีวิต,*OPD [E-BOOK] THE WITCHES' CLUB ชมรมลับเปลี่ยนชีวิต,0,0,0,0,0,0,0,0,0,0,0,179,179,0,0,0,0,0,0,0,0,0,0,0,0,0,0,0,0,0,0,0,0,2026-04-02
[หนังสือ] ชีวิตมีเรื่องให้ขอบคุณมากกว่าเสียใจ,[หนังสือ] ชีวิตมีเรื่องให้ขอบคุณมากกว่าเสียใจ,207.21,0,0,37.85,169.36,0,0,0,0,0,0,0,0,0,0,0,0,0,0,0,0,0,0,0,0,0,0,0,0,0,0,0,0,2026-04-03
[หนังสือ] เมื่อโลกทั้งใบซ่อนอยู่ใต้หมวกกันน็อก (HELMET GIRL),[หนังสือ] เมื่อโลกทั้งใบซ่อนอยู่ใต้หมวกกันน็อก (HELMET GIRL),0,0,0,0,0,0,0,0,0,0,0,0,0,0,0,0,0,0,0,0,0,0,0,0,0,0,0,0,0,0,0,0,0,2026-04-03
[หนังสือ] เมื่อโลกทั้งใบซ่อนอยู่ใต้หมวกกันน็อก (HELMET GIRL),*OPD [E-BOOK] เมื่อโลกทั้งใบซ่อนอยู่ใต้หมวกกันน็อก (HELMET GIRL),0,0,0,0,0,0,0,0,0,0,0,0,0,0,0,0,0,0,0,0,0,0,0,0,0,0,0,0,0,0,0,0,0,2026-04-03
[หนังสือ] เมื่อโลกทั้งใบซ่อนอยู่ใต้หมวกกันน็อก (HELMET GIRL),[หนังสือ] BOXSET เมื่อโลกทั้งใบซ่อนอยู่ใต้หมวกกันน็อก (HELMET GIRL),0,0,0,0,0,0,0,0,0,0,0,2027,0,0,1646,0,381,0,0,0,0,0,0,0,0,0,0,0,0,0,0,0,0,2026-04-03
[หนังสือ] วันไหนที่ใจแข็งแรง ดอกไม้จะผลิบาน THE ENCHANTED GARDEN,[หนังสือ] วันไหนที่ใจแข็งแรง ดอกไม้จะผลิบาน THE ENCHANTED GARDEN,491.58,0,0,125.62,365.96,0,0,0,0,0,0,986.72,0,0,671.72,0,315,0,0,0,0,0,49.82,0,0,18.7,0,0,0,0,0,0,0,2026-04-03
[หนังสือ] วันไหนที่ใจแข็งแรง ดอกไม้จะผลิบาน THE ENCHANTED GARDEN,*OPD [E-BOOK] วันไหนที่ใจแข็งแรง ดอกไม้จะผลิบาน THE ENCHANTED GARDEN,0,0,0,0,0,0,0,0,0,0,0,0,0,0,0,0,0,0,0,0,0,0,0,0,0,0,0,0,0,0,0,0,0,2026-04-03
[หนังสือ] วันไหนที่ใจแข็งแรง ดอกไม้จะผลิบาน THE ENCHANTED GARDEN,[หนังสือ] สวนของหัวใจ BLOSSOMS OF THE SOUL’S GARDEN,0,0,0,0,0,0,0,0,0,0,0,1089,0,0,590,0,499,0,0,0,0,0,0,0,0,0,0,0,0,0,0,0,0,2026-04-03
[หนังสือ] ยินดีต้อนรับและขอบคุณที่กลับมา,[หนังสือ] ยินดีต้อนรับและขอบคุณที่กลับมา,186.37,0,0,118.73,67.64,0,0,0,0,0,0,0,0,0,0,0,0,0,0,0,0,0,0,0,0,0,0,0,0,0,0,0,0,2026-04-03
[หนังสือ] ยินดีต้อนรับและขอบคุณที่กลับมา,*OPD [E-BOOK] ยินดีต้อนรับและขอบคุณที่กลับมา,0,0,0,0,0,0,0,0,0,0,0,179,179,0,0,0,0,0,0,0,0,0,0,0,0,0,0,0,0,0,0,0,0,2026-04-03
[หนังสือ] ปีศาจตัวนั้น คือฉันเอง A GUIDE TO FIGHT THE DEMONS IN MY HEART,[หนังสือ] ปีศาจตัวนั้น คือฉันเอง A GUIDE TO FIGHT THE DEMONS IN MY HEART,14740.61,0,0,2412.47,12228.14,0,100,0,0,0,0,0,0,0,0,0,0,0,0,0,0,0,0,0,0,0,0,0,0,0,0,0,0,2026-04-03
[หนังสือ] ชีวิตมีเรื่องให้ขอบคุณมากกว่าเสียใจ,*OPD [E-BOOK] ชีวิตมีเรื่องให้ขอบคุณมากกว่าเสียใจ,0,0,0,0,0,0,0,0,0,0,0,0,0,0,0,0,0,0,0,0,0,0,0,0,0,0,0,0,0,0,0,0,0,2026-04-03
[หนังสือ] ปีศาจตัวนั้น คือฉันเอง A GUIDE TO FIGHT THE DEMONS IN MY HEART,*OPD [E-BOOK] ปีศาจตัวนั้น คือฉันเอง A GUIDE TO FIGHTING THE DEMONS IN MY HEART,0,0,0,0,0,0,0,0,0,0,0,0,0,0,0,0,0,0,0,0,0,0,0,0,0,0,0,0,0,0,0,0,0,2026-04-03
[หนังสือ] ปีศาจตัวนั้น คือฉันเอง A GUIDE TO FIGHT THE DEMONS IN MY HEART,[หนังสือ] ปีศาจตัวนั้น คือฉันเอง A GUIDE TO FIGHTING THE DEMONS IN MY HEART,0,0,0,0,0,0,0,0,0,0,0,37023.34,0,0,35959.34,0,1064,0,0,0,0,0,0,0,0,0,0,0,0,0,0,0,0,2026-04-03
[หนังสือ] ปีศาจตัวนั้น คือฉันเอง 2 A GUIDE TO OVERCOMING THE RETURN OF THE DEMONS,[หนังสือ] ปีศาจตัวนั้น คือฉันเอง 2 A GUIDE TO OVERCOMING THE RETURN OF THE DEMONS,1880.01,0,0,819.92,959.08,0,99.93,1.08,0,0,0,7072.75,0,0,6684.75,0,388,0,0,0,0,0,26.58,0,0,12.27,0,0,25.76,0,0,0,0,2026-04-03
[หนังสือ] ปีศาจตัวนั้น คือฉันเอง 2 A GUIDE TO OVERCOMING THE RETURN OF THE DEMONS,*OPD [E-BOOK] ปีศาจตัวนั้น คือฉันเอง 2 A GUIDE TO OVERCOMING THE RETURN OF THE DEMONS,0,0,0,0,0,0,0,0,0,0,0,359,0,0,0,0,359,0,0,0,0,0,0,0,0,0,0,0,0,0,0,0,0,2026-04-03
[หนังสือ] ปีศาจความรักมักเลือกฉันเป็นเหยื่อ HOW TO FIGHT THE LOVE DEMON IN MY HEART,[หนังสือ] ปีศาจความรักมักเลือกฉันเป็นเหยื่อ HOW TO FIGHT THE LOVE DEMON IN MY HEART,164.49,0,0,42.25,122.24,0,0,0,0,0,0,0,0,0,0,0,0,0,0,0,0,0,0,0,0,0,0,0,0,0,0,0,0,2026-04-03
[หนังสือ] ปีศาจความรักมักเลือกฉันเป็นเหยื่อ HOW TO FIGHT THE LOVE DEMON IN MY HEART,*OPD [E-BOOK] ปีศาจความรักมักเลือกฉันเป็นเหยื่อ HOW TO FIGHT THE LOVE DEMON IN MY HEART,0,0,0,0,0,0,0,0,0,0,0,0,0,0,0,0,0,0,0,0,0,0,0,0,0,0,0,0,0,0,0,0,0,2026-04-03
[หนังสือ] ทุกความทรงจำคือของขวัญจากวันวาน,[หนังสือ] ทุกความทรงจำคือของขวัญจากวันวาน,0,0,0,0,0,0,0,0,0,0,0,200,200,0,0,0,0,0,0,0,0,0,0,0,0,0,0,0,0,0,0,0,0,2026-04-03
[หนังสือ] ทุกความทรงจำคือของขวัญจากวันวาน,*OPD [E-BOOK] ทุกความทรงจำคือของขวัญจากวันวาน,0,0,0,0,0,0,0,0,0,0,0,0,0,0,0,0,0,0,0,0,0,0,0,0,0,0,0,0,0,0,0,0,0,2026-04-03
[หนังสือ] ถ้าโลกมันแย่ ก็แค่คิดแบบคาปิบาร่า THINK LIKE A HAPPYBARA,[หนังสือ] ถ้าโลกมันแย่ ก็แค่คิดแบบคาปิบาร่า THINK LIKE A HAPPYBARA,618.03,0,0,113.43,504.6,0,0,0,0,0,0,1370.13,0,0,772.13,0,598,0,0,0,0,0,45.11,0,0,14.69,0,0,0,0,0,0,0,2026-04-03
[หนังสือ] ถ้าโลกมันแย่ ก็แค่คิดแบบคาปิบาร่า THINK LIKE A HAPPYBARA,*OPD [E-BOOK] ถ้าโลกมันแย่ ก็แค่คิดแบบคาปิบาร่า THINK LIKE A HAPPYBARA,0,0,0,0,0,0,0,0,0,0,0,0,0,0,0,0,0,0,0,0,0,0,0,0,0,0,0,0,0,0,0,0,0,2026-04-03
[หนังสือ] ปีศาจตัวนั้น คือฉันเอง A GUIDE TO FIGHT THE DEMONS IN MY HEART,*[E-BOOK] ปีศาจตัวนั้น คือฉันเอง A GUIDE TO FIGHTING THE DEMONS IN MY HEART,0,0,0,0,0,0,0,0,0,0,0,0,0,0,0,0,0,0,0,0,0,0,0,0,0,0,0,0,0,0,0,0,0,2026-04-03
[หนังสือ] ถ้าโลกมันแย่ ก็แค่คิดแบบคาปิบาร่า THINK LIKE A HAPPYBARA,[หนังสือ] BOXSET ถ้าโลกมันแย่ ก็แค่คิดแบบคาปิบาร่า THINK LIKE A HAPPYBARA,0,0,0,0,0,0,0,0,0,0,0,795.15,0,0,795.15,0,0,0,0,0,0,0,0,0,0,0,0,0,0,0,0,0,0,2026-04-03
[หนังสือ] โอบกอดความไม่สมบูรณ์แบบของเธอ (EMBRACE YOUR FLAWS),[หนังสือ] โอบกอดความไม่สมบูรณ์แบบของเธอ (EMBRACE YOUR FLAWS),605.43,0,0,80.33,525.1,0,0,0,0,0,0,4357.15,0,0,4140.15,0,217,0,0,0,0,0,13.9,0,0,1.94,0,0,0,0,0,0,0,2026-04-03
[หนังสือ] โอบกอดความไม่สมบูรณ์แบบของเธอ (EMBRACE YOUR FLAWS),*OPD [E-BOOK] โอบกอดความไม่สมบูรณ์แบบของเธอ (EMBRACE YOUR FLAWS),0,0,0,0,0,0,0,0,0,0,0,0,0,0,0,0,0,0,0,0,0,0,0,0,0,0,0,0,0,0,0,0,0,2026-04-03
[หนังสือ] ฉันจะมีชีวิตที่ดี,*OPD [E-BOOK] ฉันจะมีชีวิตที่ดี,0,0,0,0,0,0,0,0,0,0,0,0,0,0,0,0,0,0,0,0,0,0,0,0,0,0,0,0,0,0,0,0,0,2026-04-03
[หนังสือ] ความลับสู่เงินล้านที่โรงเรียนไม่เคยสอน (THE MILLIONAIRE'S TOP SECRET),[หนังสือ] ความลับสู่เงินล้านที่โรงเรียนไม่เคยสอน (THE MILLIONAIRE'S TOP SECRET),877.31,0,0,76.19,801.12,0,0,0,0,0,0,3197.33,0,0,2885.33,0,312,0,0,0,0,0,27.44,0,0,2.64,0,0,0,0,0,0,0,2026-04-03
[หนังสือ] ความลับสู่เงินล้านที่โรงเรียนไม่เคยสอน (THE MILLIONAIRE'S TOP SECRET),*OPD [E-BOOK] ความลับสู่เงินล้านที่โรงเรียนไม่เคยสอน (THE MILLIONAIRE'S TOP SECRET),0,0,0,0,0,0,0,0,0,0,0,0,0,0,0,0,0,0,0,0,0,0,0,0,0,0,0,0,0,0,0,0,0,2026-04-03
[หนังสือ] ขอใช้ชีวิตที่เหลือ เพื่อตัวเองนะ,[หนังสือ] ขอใช้ชีวิตที่เหลือ เพื่อตัวเองนะ,686.37,442.66,0,31.62,212.09,0,0,0,0,0,0,1785,858,0,329,0,598,0,0,0,0,0,38.45,51.59,0,9.61,0,0,0,0,0,0,0,2026-04-03
[หนังสือ] ขอใช้ชีวิตที่เหลือ เพื่อตัวเองนะ,*OPD [E-BOOK] ขอใช้ชีวิตที่เหลือ เพื่อตัวเองนะ,0,0,0,0,0,0,0,0,0,0,0,0,0,0,0,0,0,0,0,0,0,0,0,0,0,0,0,0,0,0,0,0,0,2026-04-03
[หนังสือ] กับดักความรู้สึกผิด,[หนังสือ] กับดักความรู้สึกผิด,11205.7,7682.96,0,2074.63,830.81,390.07,227.23,0,0,0,0,23971.55,7101,0,8046.55,0,8120,0,704,0,0,0,46.75,108.2,0,25.78,0,55.41,2.8,0,0,0,0,2026-04-03
[หนังสือ] กับดักความรู้สึกผิด,*OPD [E-BOOK] กับดักความรู้สึกผิด,0,0,0,0,0,0,0,0,0,0,0,180,180,0,0,0,0,0,0,0,0,0,0,0,0,0,0,0,0,0,0,0,0,2026-04-03
[หนังสือ] กว่าจะคิดได้ ก็ไม่มีลมหายใจแล้ว (IT IS NEVER TOO LATE TO LOVE YOURSELF),[หนังสือ] กว่าจะคิดได้ ก็ไม่มีลมหายใจแล้ว (IT IS NEVER TOO LATE TO LOVE YOURSELF),0,0,0,0,0,0,0,0,0,0,0,400,400,0,0,0,0,0,0,0,0,0,0,0,0,0,0,0,0,0,0,0,0,2026-04-03
[หนังสือ] กว่าจะคิดได้ ก็ไม่มีลมหายใจแล้ว (IT IS NEVER TOO LATE TO LOVE YOURSELF),*OPD [E-BOOK] กว่าจะคิดได้ ก็ไม่มีลมหายใจแล้ว (IT IS NEVER TOO LATE TO LOVE YOURSELF),0,0,0,0,0,0,0,0,0,0,0,0,0,0,0,0,0,0,0,0,0,0,0,0,0,0,0,0,0,0,0,0,0,2026-04-03
[หนังสือ] ฉันจะมีชีวิตที่ดี,[หนังสือ] ฉันจะมีชีวิตที่ดี,1175.85,0,0,87.02,1088.83,0,0,0,0,0,0,3409.84,0,0,3409.84,0,0,0,0,0,0,0,34.48,0,0,2.55,0,0,0,0,0,0,0,2026-04-03
[หนังสือ] THE WITCHES' CLUB ชมรมลับเปลี่ยนชีวิต,[หนังสือ] THE WITCHES' CLUB ชมรมลับเปลี่ยนชีวิต,3363.99,141.83,0,1955.83,1146.33,0,120,0,0,0,0,1452.14,0,0,1153.14,0,299,0,0,0,0,0,231.66,0,0,169.61,0,0,40.13,0,0,0,0,2026-04-03
[หนังสือ] THE WITCHES' CLUB ชมรมลับเปลี่ยนชีวิต,*[E-BOOK] THE WITCHES' CLUB ชมรมลับเปลี่ยนชีวิต,0,0,0,0,0,0,0,0,0,0,0,0,0,0,0,0,0,0,0,0,0,0,0,0,0,0,0,0,0,0,0,0,0,2026-04-03
[หนังสือ] THE WITCHES' CLUB ชมรมลับเปลี่ยนชีวิต,[หนังสือ] BOXSET THE WITCHES' CLUB ชมรมลับเปลี่ยนชีวิต,0,0,0,0,0,0,0,0,0,0,0,10091.92,590,0,8913.92,0,588,0,0,0,0,0,0,0,0,0,0,0,0,0,0,0,0,2026-04-03
[หนังสือ] GHOSTLY REMAINS ปลดพันธนาการดวงวิญญาณหลังความตาย,[หนังสือ] GHOSTLY REMAINS ปลดพันธนาการดวงวิญญาณหลังความตาย,456.92,139.48,0,83.04,234.4,0,0,0,0,0,0,3513.1,632,0,1732.1,0,1149,0,0,0,0,0,13.01,22.07,0,4.79,0,0,0,0,0,0,0,2026-04-03
[หนังสือ] GHOSTLY BREWS ยินดีบริการดวงวิญญาณหลังเที่ยงคืน,[หนังสือ] GHOSTLY BREWS ยินดีบริการดวงวิญญาณหลังเที่ยงคืน,2938.01,906.33,0,457.02,1574.66,0,0,0,0,0,0,7400.63,329,0,5025.63,0,2046,0,0,0,0,0,39.7,275.48,0,9.09,0,0,0,0,0,0,0,2026-04-03
[หนังสือ] GHOSTLY BREWS ยินดีบริการดวงวิญญาณหลังเที่ยงคืน,*OPD [E-BOOK] GHOSTLY BREWS ยินดีบริการดวงวิญญาณหลังเที่ยงคืน,0,0,0,0,0,0,0,0,0,0,0,0,0,0,0,0,0,0,0,0,0,0,0,0,0,0,0,0,0,0,0,0,0,2026-04-03
[หนังสือ] GHOSTLY BREWS ยินดีบริการดวงวิญญาณหลังเที่ยงคืน,*[E-BOOK] GHOSTLY BREWS ยินดีบริการดวงวิญญาณหลังเที่ยงคืน,0,0,0,0,0,0,0,0,0,0,0,0,0,0,0,0,0,0,0,0,0,0,0,0,0,0,0,0,0,0,0,0,0,2026-04-03
[หนังสือ] เหนื่อยมากไหม พักก่อนก็ได้นะวันนี้,[หนังสือ] เหนื่อยมากไหม พักก่อนก็ได้นะวันนี้,300.88,300.88,0,0,0,0,0,0,0,0,0,350,0,0,350,0,0,0,0,0,0,0,85.97,0,0,0,0,0,0,0,0,0,0,2026-04-03
[หนังสือ] เหนื่อยมากไหม พักก่อนก็ได้นะวันนี้,*OPD [E-BOOK] เหนื่อยมากไหม พักก่อนก็ได้นะวันนี้,0,0,0,0,0,0,0,0,0,0,0,359,359,0,0,0,0,0,0,0,0,0,0,0,0,0,0,0,0,0,0,0,0,2026-04-03
[หนังสือ] เหนื่อยมากไหม พักก่อนก็ได้นะวันนี้,[หนังสือ] BOXSET เหนื่อยมากไหม พักก่อนก็ได้นะวันนี้,0,0,0,0,0,0,0,0,0,0,0,1449,0,0,450,0,499,0,500,0,0,0,0,0,0,0,0,0,0,0,0,0,0,2026-04-03
[หนังสือ] THE WITCHES' CLUB ชมรมลับเปลี่ยนชีวิต,*OPD [E-BOOK] THE WITCHES' CLUB ชมรมลับเปลี่ยนชีวิต,0,0,0,0,0,0,0,0,0,0,0,0,0,0,0,0,0,0,0,0,0,0,0,0,0,0,0,0,0,0,0,0,0,2026-04-03
[หนังสือ] ชีวิตมีเรื่องให้ขอบคุณมากกว่าเสียใจ,[หนังสือ] ชีวิตมีเรื่องให้ขอบคุณมากกว่าเสียใจ,248.37,0,0,49.22,199.15,0,0,0,0,0,0,558,0,0,558,0,0,0,0,0,0,0,44.51,0,0,8.82,0,0,0,0,0,0,0,2026-04-04
[หนังสือ] เมื่อโลกทั้งใบซ่อนอยู่ใต้หมวกกันน็อก (HELMET GIRL),[หนังสือ] เมื่อโลกทั้งใบซ่อนอยู่ใต้หมวกกันน็อก (HELMET GIRL),0,0,0,0,0,0,0,0,0,0,0,0,0,0,0,0,0,0,0,0,0,0,0,0,0,0,0,0,0,0,0,0,0,2026-04-04
[หนังสือ] เมื่อโลกทั้งใบซ่อนอยู่ใต้หมวกกันน็อก (HELMET GIRL),*OPD [E-BOOK] เมื่อโลกทั้งใบซ่อนอยู่ใต้หมวกกันน็อก (HELMET GIRL),0,0,0,0,0,0,0,0,0,0,0,0,0,0,0,0,0,0,0,0,0,0,0,0,0,0,0,0,0,0,0,0,0,2026-04-04
[หนังสือ] เมื่อโลกทั้งใบซ่อนอยู่ใต้หมวกกันน็อก (HELMET GIRL),[หนังสือ] BOXSET เมื่อโลกทั้งใบซ่อนอยู่ใต้หมวกกันน็อก (HELMET GIRL),0,0,0,0,0,0,0,0,0,0,0,1329,0,0,1329,0,0,0,0,0,0,0,0,0,0,0,0,0,0,0,0,0,0,2026-04-04
[หนังสือ] วันไหนที่ใจแข็งแรง ดอกไม้จะผลิบาน THE ENCHANTED GARDEN,[หนังสือ] วันไหนที่ใจแข็งแรง ดอกไม้จะผลิบาน THE ENCHANTED GARDEN,906.79,0,0,172.91,733.88,0,0,0,0,0,0,1191.8,0,0,1191.8,0,0,0,0,0,0,0,76.09,0,0,14.51,0,0,0,0,0,0,0,2026-04-04
[หนังสือ] วันไหนที่ใจแข็งแรง ดอกไม้จะผลิบาน THE ENCHANTED GARDEN,*OPD [E-BOOK] วันไหนที่ใจแข็งแรง ดอกไม้จะผลิบาน THE ENCHANTED GARDEN,0,0,0,0,0,0,0,0,0,0,0,0,0,0,0,0,0,0,0,0,0,0,0,0,0,0,0,0,0,0,0,0,0,2026-04-04
[หนังสือ] วันไหนที่ใจแข็งแรง ดอกไม้จะผลิบาน THE ENCHANTED GARDEN,[หนังสือ] สวนของหัวใจ BLOSSOMS OF THE SOUL’S GARDEN,0,0,0,0,0,0,0,0,0,0,0,2781.5,400,0,1681.5,0,700,0,0,0,0,0,0,0,0,0,0,0,0,0,0,0,0,2026-04-04
[หนังสือ] ยินดีต้อนรับและขอบคุณที่กลับมา,[หนังสือ] ยินดีต้อนรับและขอบคุณที่กลับมา,317.8,0,0,191.77,126.03,0,0,0,0,0,0,1916.39,0,0,1079.39,0,478,359,0,0,0,0,16.58,0,0,17.77,0,0,0,0,0,0,0,2026-04-04
[หนังสือ] ยินดีต้อนรับและขอบคุณที่กลับมา,*OPD [E-BOOK] ยินดีต้อนรับและขอบคุณที่กลับมา,0,0,0,0,0,0,0,0,0,0,0,0,0,0,0,0,0,0,0,0,0,0,0,0,0,0,0,0,0,0,0,0,0,2026-04-04
[หนังสือ] ปีศาจตัวนั้น คือฉันเอง A GUIDE TO FIGHT THE DEMONS IN MY HEART,[หนังสือ] ปีศาจตัวนั้น คือฉันเอง A GUIDE TO FIGHT THE DEMONS IN MY HEART,12380.12,0,0,1664.99,10615.13,0,100,0,0,0,0,0,0,0,0,0,0,0,0,0,0,0,0,0,0,0,0,0,0,0,0,0,0,2026-04-04
[หนังสือ] ชีวิตมีเรื่องให้ขอบคุณมากกว่าเสียใจ,*OPD [E-BOOK] ชีวิตมีเรื่องให้ขอบคุณมากกว่าเสียใจ,0,0,0,0,0,0,0,0,0,0,0,0,0,0,0,0,0,0,0,0,0,0,0,0,0,0,0,0,0,0,0,0,0,2026-04-04
[หนังสือ] ปีศาจตัวนั้น คือฉันเอง A GUIDE TO FIGHT THE DEMONS IN MY HEART,*OPD [E-BOOK] ปีศาจตัวนั้น คือฉันเอง A GUIDE TO FIGHTING THE DEMONS IN MY HEART,0,0,0,0,0,0,0,0,0,0,0,0,0,0,0,0,0,0,0,0,0,0,0,0,0,0,0,0,0,0,0,0,0,2026-04-04
[หนังสือ] ปีศาจตัวนั้น คือฉันเอง A GUIDE TO FIGHT THE DEMONS IN MY HEART,[หนังสือ] ปีศาจตัวนั้น คือฉันเอง A GUIDE TO FIGHTING THE DEMONS IN MY HEART,0,0,0,0,0,0,0,0,0,0,0,30678.13,300,0,28615.13,0,1763,0,0,0,0,0,0,0,0,0,0,0,0,0,0,0,0,2026-04-04
[หนังสือ] ปีศาจตัวนั้น คือฉันเอง 2 A GUIDE TO OVERCOMING THE RETURN OF THE DEMONS,[หนังสือ] ปีศาจตัวนั้น คือฉันเอง 2 A GUIDE TO OVERCOMING THE RETURN OF THE DEMONS,2956.77,0,0,1515.24,1341.52,0,100,0.01,0,0,0,12125.85,0,0,9581.85,0,2544,0,0,0,0,0,24.38,0,0,15.81,0,0,3.93,0,0,0,0,2026-04-04
[หนังสือ] ปีศาจตัวนั้น คือฉันเอง 2 A GUIDE TO OVERCOMING THE RETURN OF THE DEMONS,*OPD [E-BOOK] ปีศาจตัวนั้น คือฉันเอง 2 A GUIDE TO OVERCOMING THE RETURN OF THE DEMONS,0,0,0,0,0,0,0,0,0,0,0,0,0,0,0,0,0,0,0,0,0,0,0,0,0,0,0,0,0,0,0,0,0,2026-04-04
[หนังสือ] ปีศาจความรักมักเลือกฉันเป็นเหยื่อ HOW TO FIGHT THE LOVE DEMON IN MY HEART,[หนังสือ] ปีศาจความรักมักเลือกฉันเป็นเหยื่อ HOW TO FIGHT THE LOVE DEMON IN MY HEART,161.59,0,0,41.4,120.19,0,0,0,0,0,0,1208,0,0,299,0,909,0,0,0,0,0,13.38,0,0,13.85,0,0,0,0,0,0,0,2026-04-04
[หนังสือ] ปีศาจความรักมักเลือกฉันเป็นเหยื่อ HOW TO FIGHT THE LOVE DEMON IN MY HEART,*OPD [E-BOOK] ปีศาจความรักมักเลือกฉันเป็นเหยื่อ HOW TO FIGHT THE LOVE DEMON IN MY HEART,0,0,0,0,0,0,0,0,0,0,0,0,0,0,0,0,0,0,0,0,0,0,0,0,0,0,0,0,0,0,0,0,0,2026-04-04
[หนังสือ] ทุกความทรงจำคือของขวัญจากวันวาน,[หนังสือ] ทุกความทรงจำคือของขวัญจากวันวาน,0,0,0,0,0,0,0,0,0,0,0,329,329,0,0,0,0,0,0,0,0,0,0,0,0,0,0,0,0,0,0,0,0,2026-04-04
[หนังสือ] ทุกความทรงจำคือของขวัญจากวันวาน,*OPD [E-BOOK] ทุกความทรงจำคือของขวัญจากวันวาน,0,0,0,0,0,0,0,0,0,0,0,0,0,0,0,0,0,0,0,0,0,0,0,0,0,0,0,0,0,0,0,0,0,2026-04-04
[หนังสือ] ถ้าโลกมันแย่ ก็แค่คิดแบบคาปิบาร่า THINK LIKE A HAPPYBARA,[หนังสือ] ถ้าโลกมันแย่ ก็แค่คิดแบบคาปิบาร่า THINK LIKE A HAPPYBARA,256.13,0,0,73.92,182.21,0,0,0,0,0,0,1859,0,0,480,0,1379,0,0,0,0,0,13.78,0,0,15.4,0,0,0,0,0,0,0,2026-04-04
[หนังสือ] ถ้าโลกมันแย่ ก็แค่คิดแบบคาปิบาร่า THINK LIKE A HAPPYBARA,*OPD [E-BOOK] ถ้าโลกมันแย่ ก็แค่คิดแบบคาปิบาร่า THINK LIKE A HAPPYBARA,0,0,0,0,0,0,0,0,0,0,0,0,0,0,0,0,0,0,0,0,0,0,0,0,0,0,0,0,0,0,0,0,0,2026-04-04
[หนังสือ] ปีศาจตัวนั้น คือฉันเอง A GUIDE TO FIGHT THE DEMONS IN MY HEART,*[E-BOOK] ปีศาจตัวนั้น คือฉันเอง A GUIDE TO FIGHTING THE DEMONS IN MY HEART,0,0,0,0,0,0,0,0,0,0,0,0,0,0,0,0,0,0,0,0,0,0,0,0,0,0,0,0,0,0,0,0,0,2026-04-04
[หนังสือ] ถ้าโลกมันแย่ ก็แค่คิดแบบคาปิบาร่า THINK LIKE A HAPPYBARA,[หนังสือ] BOXSET ถ้าโลกมันแย่ ก็แค่คิดแบบคาปิบาร่า THINK LIKE A HAPPYBARA,0,0,0,0,0,0,0,0,0,0,0,678.15,0,0,179.15,0,499,0,0,0,0,0,0,0,0,0,0,0,0,0,0,0,0,2026-04-04
[หนังสือ] โอบกอดความไม่สมบูรณ์แบบของเธอ (EMBRACE YOUR FLAWS),[หนังสือ] โอบกอดความไม่สมบูรณ์แบบของเธอ (EMBRACE YOUR FLAWS),510.55,0,0,51.91,458.64,0,0,0,0,0,0,4676,0,0,3746,0,930,0,0,0,0,0,10.92,0,0,1.39,0,0,0,0,0,0,0,2026-04-04
[หนังสือ] โอบกอดความไม่สมบูรณ์แบบของเธอ (EMBRACE YOUR FLAWS),*OPD [E-BOOK] โอบกอดความไม่สมบูรณ์แบบของเธอ (EMBRACE YOUR FLAWS),0,0,0,0,0,0,0,0,0,0,0,0,0,0,0,0,0,0,0,0,0,0,0,0,0,0,0,0,0,0,0,0,0,2026-04-04
[หนังสือ] ฉันจะมีชีวิตที่ดี,*OPD [E-BOOK] ฉันจะมีชีวิตที่ดี,0,0,0,0,0,0,0,0,0,0,0,0,0,0,0,0,0,0,0,0,0,0,0,0,0,0,0,0,0,0,0,0,0,2026-04-04
[หนังสือ] ความลับสู่เงินล้านที่โรงเรียนไม่เคยสอน (THE MILLIONAIRE'S TOP SECRET),[หนังสือ] ความลับสู่เงินล้านที่โรงเรียนไม่เคยสอน (THE MILLIONAIRE'S TOP SECRET),722.64,0,0,111.06,611.58,0,0,0,0,0,0,2922.98,0,0,2922.98,0,0,0,0,0,0,0,24.72,0,0,3.8,0,0,0,0,0,0,0,2026-04-04
[หนังสือ] ความลับสู่เงินล้านที่โรงเรียนไม่เคยสอน (THE MILLIONAIRE'S TOP SECRET),*OPD [E-BOOK] ความลับสู่เงินล้านที่โรงเรียนไม่เคยสอน (THE MILLIONAIRE'S TOP SECRET),0,0,0,0,0,0,0,0,0,0,0,179,179,0,0,0,0,0,0,0,0,0,0,0,0,0,0,0,0,0,0,0,0,2026-04-04
[หนังสือ] ขอใช้ชีวิตที่เหลือ เพื่อตัวเองนะ,[หนังสือ] ขอใช้ชีวิตที่เหลือ เพื่อตัวเองนะ,757.99,526.55,0,40.84,190.6,0,0,0,0,0,0,2157,700,0,859,0,598,0,0,0,0,0,35.14,75.22,0,4.75,0,0,0,0,0,0,0,2026-04-04
[หนังสือ] ขอใช้ชีวิตที่เหลือ เพื่อตัวเองนะ,*OPD [E-BOOK] ขอใช้ชีวิตที่เหลือ เพื่อตัวเองนะ,0,0,0,0,0,0,0,0,0,0,0,0,0,0,0,0,0,0,0,0,0,0,0,0,0,0,0,0,0,0,0,0,0,2026-04-04
[หนังสือ] กับดักความรู้สึกผิด,[หนังสือ] กับดักความรู้สึกผิด,13004.52,9363.07,0,2045.29,892.18,281.06,422.92,0,0,0,0,46759.46,7749,0,7861.8,0,28318,1438.66,1392,0,0,0,27.81,120.83,0,26.02,0,20.19,1.49,0,0,0,0,2026-04-04
[หนังสือ] กับดักความรู้สึกผิด,*OPD [E-BOOK] กับดักความรู้สึกผิด,0,0,0,0,0,0,0,0,0,0,0,180,180,0,0,0,0,0,0,0,0,0,0,0,0,0,0,0,0,0,0,0,0,2026-04-04
[หนังสือ] กว่าจะคิดได้ ก็ไม่มีลมหายใจแล้ว (IT IS NEVER TOO LATE TO LOVE YOURSELF),[หนังสือ] กว่าจะคิดได้ ก็ไม่มีลมหายใจแล้ว (IT IS NEVER TOO LATE TO LOVE YOURSELF),0,0,0,0,0,0,0,0,0,0,0,919,200,0,480,0,239,0,0,0,0,0,0,0,0,0,0,0,0,0,0,0,0,2026-04-04
[หนังสือ] กว่าจะคิดได้ ก็ไม่มีลมหายใจแล้ว (IT IS NEVER TOO LATE TO LOVE YOURSELF),*OPD [E-BOOK] กว่าจะคิดได้ ก็ไม่มีลมหายใจแล้ว (IT IS NEVER TOO LATE TO LOVE YOURSELF),0,0,0,0,0,0,0,0,0,0,0,0,0,0,0,0,0,0,0,0,0,0,0,0,0,0,0,0,0,0,0,0,0,2026-04-04
[หนังสือ] ฉันจะมีชีวิตที่ดี,[หนังสือ] ฉันจะมีชีวิตที่ดี,594.21,0,0,62.78,531.43,0,0,0,0,0,0,1619,0,0,1324,0,0,295,0,0,0,0,36.7,0,0,4.74,0,0,0,0,0,0,0,2026-04-04
[หนังสือ] THE WITCHES' CLUB ชมรมลับเปลี่ยนชีวิต,[หนังสือ] THE WITCHES' CLUB ชมรมลับเปลี่ยนชีวิต,2928.82,249.68,0,1644.83,871.51,0,162.8,0,0,0,0,299,0,0,0,0,299,0,0,0,0,0,979.54,0,0,0,0,0,54.45,0,0,0,0,2026-04-04
[หนังสือ] THE WITCHES' CLUB ชมรมลับเปลี่ยนชีวิต,*[E-BOOK] THE WITCHES' CLUB ชมรมลับเปลี่ยนชีวิต,0,0,0,0,0,0,0,0,0,0,0,0,0,0,0,0,0,0,0,0,0,0,0,0,0,0,0,0,0,0,0,0,0,2026-04-04
[หนังสือ] THE WITCHES' CLUB ชมรมลับเปลี่ยนชีวิต,[หนังสือ] BOXSET THE WITCHES' CLUB ชมรมลับเปลี่ยนชีวิต,0,0,0,0,0,0,0,0,0,0,0,10611.1,0,0,7178.1,0,3433,0,0,0,0,0,0,0,0,0,0,0,0,0,0,0,0,2026-04-04
[หนังสือ] GHOSTLY REMAINS ปลดพันธนาการดวงวิญญาณหลังความตาย,[หนังสือ] GHOSTLY REMAINS ปลดพันธนาการดวงวิญญาณหลังความตาย,495.07,198.5,0,97.89,198.68,0,0,0,0,0,0,4698.5,1406,0,2204.5,0,1088,0,0,0,0,0,10.54,14.12,0,4.44,0,0,0,0,0,0,0,2026-04-04
[หนังสือ] GHOSTLY BREWS ยินดีบริการดวงวิญญาณหลังเที่ยงคืน,[หนังสือ] GHOSTLY BREWS ยินดีบริการดวงวิญญาณหลังเที่ยงคืน,4196.62,1170.61,0,1685.42,1340.59,0,0,0,0,0,0,12455.88,1229,0,8816.88,0,2410,0,0,0,0,0,33.69,95.25,0,19.12,0,0,0,0,0,0,0,2026-04-04
[หนังสือ] GHOSTLY BREWS ยินดีบริการดวงวิญญาณหลังเที่ยงคืน,*OPD [E-BOOK] GHOSTLY BREWS ยินดีบริการดวงวิญญาณหลังเที่ยงคืน,0,0,0,0,0,0,0,0,0,0,0,324,0,0,0,0,324,0,0,0,0,0,0,0,0,0,0,0,0,0,0,0,0,2026-04-04
[หนังสือ] GHOSTLY BREWS ยินดีบริการดวงวิญญาณหลังเที่ยงคืน,*[E-BOOK] GHOSTLY BREWS ยินดีบริการดวงวิญญาณหลังเที่ยงคืน,0,0,0,0,0,0,0,0,0,0,0,0,0,0,0,0,0,0,0,0,0,0,0,0,0,0,0,0,0,0,0,0,0,2026-04-04
[หนังสือ] เหนื่อยมากไหม พักก่อนก็ได้นะวันนี้,[หนังสือ] เหนื่อยมากไหม พักก่อนก็ได้นะวันนี้,143.6,143.6,0,0,0,0,0,0,0,0,0,0,0,0,0,0,0,0,0,0,0,0,0,0,0,0,0,0,0,0,0,0,0,2026-04-04
[หนังสือ] เหนื่อยมากไหม พักก่อนก็ได้นะวันนี้,*OPD [E-BOOK] เหนื่อยมากไหม พักก่อนก็ได้นะวันนี้,0,0,0,0,0,0,0,0,0,0,0,0,0,0,0,0,0,0,0,0,0,0,0,0,0,0,0,0,0,0,0,0,0,2026-04-04
[หนังสือ] เหนื่อยมากไหม พักก่อนก็ได้นะวันนี้,[หนังสือ] BOXSET เหนื่อยมากไหม พักก่อนก็ได้นะวันนี้,0,0,0,0,0,0,0,0,0,0,0,1291.15,400,0,441.15,0,450,0,0,0,0,0,0,0,0,0,0,0,0,0,0,0,0,2026-04-04
[หนังสือ] THE WITCHES' CLUB ชมรมลับเปลี่ยนชีวิต,*OPD [E-BOOK] THE WITCHES' CLUB ชมรมลับเปลี่ยนชีวิต,0,0,0,0,0,0,0,0,0,0,0,0,0,0,0,0,0,0,0,0,0,0,0,0,0,0,0,0,0,0,0,0,0,2026-04-04
[หนังสือ] ชีวิตมีเรื่องให้ขอบคุณมากกว่าเสียใจ,[หนังสือ] ชีวิตมีเรื่องให้ขอบคุณมากกว่าเสียใจ,177.79,0,0,35.49,142.3,0,0,0,0,0,0,0,0,0,0,0,0,0,0,0,0,0,0,0,0,0,0,0,0,0,0,0,0,2026-04-05
[หนังสือ] เมื่อโลกทั้งใบซ่อนอยู่ใต้หมวกกันน็อก (HELMET GIRL),[หนังสือ] เมื่อโลกทั้งใบซ่อนอยู่ใต้หมวกกันน็อก (HELMET GIRL),0,0,0,0,0,0,0,0,0,0,0,0,0,0,0,0,0,0,0,0,0,0,0,0,0,0,0,0,0,0,0,0,0,2026-04-05
[หนังสือ] เมื่อโลกทั้งใบซ่อนอยู่ใต้หมวกกันน็อก (HELMET GIRL),*OPD [E-BOOK] เมื่อโลกทั้งใบซ่อนอยู่ใต้หมวกกันน็อก (HELMET GIRL),0,0,0,0,0,0,0,0,0,0,0,0,0,0,0,0,0,0,0,0,0,0,0,0,0,0,0,0,0,0,0,0,0,2026-04-05
[หนังสือ] เมื่อโลกทั้งใบซ่อนอยู่ใต้หมวกกันน็อก (HELMET GIRL),[หนังสือ] BOXSET เมื่อโลกทั้งใบซ่อนอยู่ใต้หมวกกันน็อก (HELMET GIRL),0,0,0,0,0,0,0,0,0,0,0,1173,0,0,1173,0,0,0,0,0,0,0,0,0,0,0,0,0,0,0,0,0,0,2026-04-05
[หนังสือ] วันไหนที่ใจแข็งแรง ดอกไม้จะผลิบาน THE ENCHANTED GARDEN,[หนังสือ] วันไหนที่ใจแข็งแรง ดอกไม้จะผลิบาน THE ENCHANTED GARDEN,416.79,0,0,65.78,351.01,0,0,0,0,0,0,0,0,0,0,0,0,0,0,0,0,0,0,0,0,0,0,0,0,0,0,0,0,2026-04-05
[หนังสือ] วันไหนที่ใจแข็งแรง ดอกไม้จะผลิบาน THE ENCHANTED GARDEN,*OPD [E-BOOK] วันไหนที่ใจแข็งแรง ดอกไม้จะผลิบาน THE ENCHANTED GARDEN,0,0,0,0,0,0,0,0,0,0,0,0,0,0,0,0,0,0,0,0,0,0,0,0,0,0,0,0,0,0,0,0,0,2026-04-05
[หนังสือ] วันไหนที่ใจแข็งแรง ดอกไม้จะผลิบาน THE ENCHANTED GARDEN,[หนังสือ] สวนของหัวใจ BLOSSOMS OF THE SOUL’S GARDEN,0,0,0,0,0,0,0,0,0,0,0,0,0,0,0,0,0,0,0,0,0,0,0,0,0,0,0,0,0,0,0,0,0,2026-04-05
[หนังสือ] ยินดีต้อนรับและขอบคุณที่กลับมา,[หนังสือ] ยินดีต้อนรับและขอบคุณที่กลับมา,189.77,0,0,108.75,81.02,0,0,0,0,0,0,0,0,0,0,0,0,0,0,0,0,0,0,0,0,0,0,0,0,0,0,0,0,2026-04-05
[หนังสือ] ยินดีต้อนรับและขอบคุณที่กลับมา,*OPD [E-BOOK] ยินดีต้อนรับและขอบคุณที่กลับมา,0,0,0,0,0,0,0,0,0,0,0,0,0,0,0,0,0,0,0,0,0,0,0,0,0,0,0,0,0,0,0,0,0,2026-04-05
[หนังสือ] ปีศาจตัวนั้น คือฉันเอง A GUIDE TO FIGHT THE DEMONS IN MY HEART,[หนังสือ] ปีศาจตัวนั้น คือฉันเอง A GUIDE TO FIGHT THE DEMONS IN MY HEART,14052.59,0,0,1285.4,12669.15,0,98.04,0,0,0,0,0,0,0,0,0,0,0,0,0,0,0,0,0,0,0,0,0,0,0,0,0,0,2026-04-05
[หนังสือ] ชีวิตมีเรื่องให้ขอบคุณมากกว่าเสียใจ,*OPD [E-BOOK] ชีวิตมีเรื่องให้ขอบคุณมากกว่าเสียใจ,0,0,0,0,0,0,0,0,0,0,0,0,0,0,0,0,0,0,0,0,0,0,0,0,0,0,0,0,0,0,0,0,0,2026-04-05
[หนังสือ] ปีศาจตัวนั้น คือฉันเอง A GUIDE TO FIGHT THE DEMONS IN MY HEART,*OPD [E-BOOK] ปีศาจตัวนั้น คือฉันเอง A GUIDE TO FIGHTING THE DEMONS IN MY HEART,0,0,0,0,0,0,0,0,0,0,0,0,0,0,0,0,0,0,0,0,0,0,0,0,0,0,0,0,0,0,0,0,0,2026-04-05
[หนังสือ] ปีศาจตัวนั้น คือฉันเอง A GUIDE TO FIGHT THE DEMONS IN MY HEART,[หนังสือ] ปีศาจตัวนั้น คือฉันเอง A GUIDE TO FIGHTING THE DEMONS IN MY HEART,0,0,0,0,0,0,0,0,0,0,0,13141.67,300,0,11626.11,0,946,269.56,0,0,0,0,0,0,0,0,0,0,0,0,0,0,0,2026-04-05
[หนังสือ] ปีศาจตัวนั้น คือฉันเอง 2 A GUIDE TO OVERCOMING THE RETURN OF THE DEMONS,[หนังสือ] ปีศาจตัวนั้น คือฉันเอง 2 A GUIDE TO OVERCOMING THE RETURN OF THE DEMONS,1442.39,0,0,594.57,769.04,0,78.15,0.63,0,0,0,2032.19,0,0,1673.19,0,359,0,0,0,0,0,70.98,0,0,35.54,0,0,21.77,0,0,0,0,2026-04-05
[หนังสือ] ปีศาจตัวนั้น คือฉันเอง 2 A GUIDE TO OVERCOMING THE RETURN OF THE DEMONS,*OPD [E-BOOK] ปีศาจตัวนั้น คือฉันเอง 2 A GUIDE TO OVERCOMING THE RETURN OF THE DEMONS,0,0,0,0,0,0,0,0,0,0,0,0,0,0,0,0,0,0,0,0,0,0,0,0,0,0,0,0,0,0,0,0,0,2026-04-05
[หนังสือ] ปีศาจความรักมักเลือกฉันเป็นเหยื่อ HOW TO FIGHT THE LOVE DEMON IN MY HEART,[หนังสือ] ปีศาจความรักมักเลือกฉันเป็นเหยื่อ HOW TO FIGHT THE LOVE DEMON IN MY HEART,180.76,0,0,38.83,141.93,0,0,0,0,0,0,210,0,0,0,0,210,0,0,0,0,0,86.08,0,0,0,0,0,0,0,0,0,0,2026-04-05
[หนังสือ] ปีศาจความรักมักเลือกฉันเป็นเหยื่อ HOW TO FIGHT THE LOVE DEMON IN MY HEART,*OPD [E-BOOK] ปีศาจความรักมักเลือกฉันเป็นเหยื่อ HOW TO FIGHT THE LOVE DEMON IN MY HEART,0,0,0,0,0,0,0,0,0,0,0,0,0,0,0,0,0,0,0,0,0,0,0,0,0,0,0,0,0,0,0,0,0,2026-04-05
[หนังสือ] ทุกความทรงจำคือของขวัญจากวันวาน,[หนังสือ] ทุกความทรงจำคือของขวัญจากวันวาน,0,0,0,0,0,0,0,0,0,0,0,717,0,0,0,0,717,0,0,0,0,0,0,0,0,0,0,0,0,0,0,0,0,2026-04-05
[หนังสือ] ทุกความทรงจำคือของขวัญจากวันวาน,*OPD [E-BOOK] ทุกความทรงจำคือของขวัญจากวันวาน,0,0,0,0,0,0,0,0,0,0,0,0,0,0,0,0,0,0,0,0,0,0,0,0,0,0,0,0,0,0,0,0,0,2026-04-05
[หนังสือ] ถ้าโลกมันแย่ ก็แค่คิดแบบคาปิบาร่า THINK LIKE A HAPPYBARA,[หนังสือ] ถ้าโลกมันแย่ ก็แค่คิดแบบคาปิบาร่า THINK LIKE A HAPPYBARA,283.58,0,0,71.25,212.33,0,0,0,0,0,0,571.09,0,0,571.09,0,0,0,0,0,0,0,49.66,0,0,12.48,0,0,0,0,0,0,0,2026-04-05
[หนังสือ] ถ้าโลกมันแย่ ก็แค่คิดแบบคาปิบาร่า THINK LIKE A HAPPYBARA,*OPD [E-BOOK] ถ้าโลกมันแย่ ก็แค่คิดแบบคาปิบาร่า THINK LIKE A HAPPYBARA,0,0,0,0,0,0,0,0,0,0,0,0,0,0,0,0,0,0,0,0,0,0,0,0,0,0,0,0,0,0,0,0,0,2026-04-05
[หนังสือ] ปีศาจตัวนั้น คือฉันเอง A GUIDE TO FIGHT THE DEMONS IN MY HEART,*[E-BOOK] ปีศาจตัวนั้น คือฉันเอง A GUIDE TO FIGHTING THE DEMONS IN MY HEART,0,0,0,0,0,0,0,0,0,0,0,0,0,0,0,0,0,0,0,0,0,0,0,0,0,0,0,0,0,0,0,0,0,2026-04-05
[หนังสือ] ถ้าโลกมันแย่ ก็แค่คิดแบบคาปิบาร่า THINK LIKE A HAPPYBARA,[หนังสือ] BOXSET ถ้าโลกมันแย่ ก็แค่คิดแบบคาปิบาร่า THINK LIKE A HAPPYBARA,0,0,0,0,0,0,0,0,0,0,0,0,0,0,0,0,0,0,0,0,0,0,0,0,0,0,0,0,0,0,0,0,0,2026-04-05
[หนังสือ] โอบกอดความไม่สมบูรณ์แบบของเธอ (EMBRACE YOUR FLAWS),[หนังสือ] โอบกอดความไม่สมบูรณ์แบบของเธอ (EMBRACE YOUR FLAWS),418.78,0,0,37.96,380.82,0,0,0,0,0,0,1811,0,0,1315,0,496,0,0,0,0,0,23.12,0,0,2.89,0,0,0,0,0,0,0,2026-04-05
[หนังสือ] โอบกอดความไม่สมบูรณ์แบบของเธอ (EMBRACE YOUR FLAWS),*OPD [E-BOOK] โอบกอดความไม่สมบูรณ์แบบของเธอ (EMBRACE YOUR FLAWS),0,0,0,0,0,0,0,0,0,0,0,0,0,0,0,0,0,0,0,0,0,0,0,0,0,0,0,0,0,0,0,0,0,2026-04-05
[หนังสือ] ฉันจะมีชีวิตที่ดี,*OPD [E-BOOK] ฉันจะมีชีวิตที่ดี,0,0,0,0,0,0,0,0,0,0,0,0,0,0,0,0,0,0,0,0,0,0,0,0,0,0,0,0,0,0,0,0,0,2026-04-05
[หนังสือ] ความลับสู่เงินล้านที่โรงเรียนไม่เคยสอน (THE MILLIONAIRE'S TOP SECRET),[หนังสือ] ความลับสู่เงินล้านที่โรงเรียนไม่เคยสอน (THE MILLIONAIRE'S TOP SECRET),924.16,0,0,106.41,817.75,0,0,0,0,0,0,1519.43,0,0,1207.43,0,312,0,0,0,0,0,60.82,0,0,8.81,0,0,0,0,0,0,0,2026-04-05
[หนังสือ] ความลับสู่เงินล้านที่โรงเรียนไม่เคยสอน (THE MILLIONAIRE'S TOP SECRET),*OPD [E-BOOK] ความลับสู่เงินล้านที่โรงเรียนไม่เคยสอน (THE MILLIONAIRE'S TOP SECRET),0,0,0,0,0,0,0,0,0,0,0,0,0,0,0,0,0,0,0,0,0,0,0,0,0,0,0,0,0,0,0,0,0,2026-04-05
[หนังสือ] ขอใช้ชีวิตที่เหลือ เพื่อตัวเองนะ,[หนังสือ] ขอใช้ชีวิตที่เหลือ เพื่อตัวเองนะ,1275.54,330.04,0,0,945.5,0,0,0,0,0,0,329,0,0,329,0,0,0,0,0,0,0,387.7,0,0,0,0,0,0,0,0,0,0,2026-04-05
[หนังสือ] ขอใช้ชีวิตที่เหลือ เพื่อตัวเองนะ,*OPD [E-BOOK] ขอใช้ชีวิตที่เหลือ เพื่อตัวเองนะ,0,0,0,0,0,0,0,0,0,0,0,0,0,0,0,0,0,0,0,0,0,0,0,0,0,0,0,0,0,0,0,0,0,2026-04-05
[หนังสือ] กับดักความรู้สึกผิด,[หนังสือ] กับดักความรู้สึกผิด,15664.7,12833.47,0,1521.93,678.47,430.83,200,0,0,0,0,15322,7121,0,2538,0,4608,359,696,0,0,0,102.24,180.22,0,59.97,0,61.9,4.34,0,0,0,0,2026-04-05
[หนังสือ] กับดักความรู้สึกผิด,*OPD [E-BOOK] กับดักความรู้สึกผิด,0,0,0,0,0,0,0,0,0,0,0,0,0,0,0,0,0,0,0,0,0,0,0,0,0,0,0,0,0,0,0,0,0,2026-04-05
[หนังสือ] กว่าจะคิดได้ ก็ไม่มีลมหายใจแล้ว (IT IS NEVER TOO LATE TO LOVE YOURSELF),[หนังสือ] กว่าจะคิดได้ ก็ไม่มีลมหายใจแล้ว (IT IS NEVER TOO LATE TO LOVE YOURSELF),0,0,0,0,0,0,0,0,0,0,0,299,0,0,299,0,0,0,0,0,0,0,0,0,0,0,0,0,0,0,0,0,0,2026-04-05
[หนังสือ] กว่าจะคิดได้ ก็ไม่มีลมหายใจแล้ว (IT IS NEVER TOO LATE TO LOVE YOURSELF),*OPD [E-BOOK] กว่าจะคิดได้ ก็ไม่มีลมหายใจแล้ว (IT IS NEVER TOO LATE TO LOVE YOURSELF),0,0,0,0,0,0,0,0,0,0,0,0,0,0,0,0,0,0,0,0,0,0,0,0,0,0,0,0,0,0,0,0,0,2026-04-05
[หนังสือ] ฉันจะมีชีวิตที่ดี,[หนังสือ] ฉันจะมีชีวิตที่ดี,384.32,0,0,40.23,344.09,0,0,0,0,0,0,0,0,0,0,0,0,0,0,0,0,0,0,0,0,0,0,0,0,0,0,0,0,2026-04-05
[หนังสือ] THE WITCHES' CLUB ชมรมลับเปลี่ยนชีวิต,[หนังสือ] THE WITCHES' CLUB ชมรมลับเปลี่ยนชีวิต,1794.09,168.93,0,912.45,592.71,0,120,0,0,0,0,278,0,0,0,0,278,0,0,0,0,0,645.36,0,0,0,0,0,43.17,0,0,0,0,2026-04-05
[หนังสือ] THE WITCHES' CLUB ชมรมลับเปลี่ยนชีวิต,*[E-BOOK] THE WITCHES' CLUB ชมรมลับเปลี่ยนชีวิต,0,0,0,0,0,0,0,0,0,0,0,0,0,0,0,0,0,0,0,0,0,0,0,0,0,0,0,0,0,0,0,0,0,2026-04-05
[หนังสือ] THE WITCHES' CLUB ชมรมลับเปลี่ยนชีวิต,[หนังสือ] BOXSET THE WITCHES' CLUB ชมรมลับเปลี่ยนชีวิต,0,0,0,0,0,0,0,0,0,0,0,2085.56,400,0,1685.56,0,0,0,0,0,0,0,0,0,0,0,0,0,0,0,0,0,0,2026-04-05
[หนังสือ] GHOSTLY REMAINS ปลดพันธนาการดวงวิญญาณหลังความตาย,[หนังสือ] GHOSTLY REMAINS ปลดพันธนาการดวงวิญญาณหลังความตาย,535.7,133.59,0,93.2,308.91,0,0,0,0,0,0,1994.05,359,0,1245.05,0,390,0,0,0,0,0,26.86,37.21,0,7.49,0,0,0,0,0,0,0,2026-04-05
[หนังสือ] GHOSTLY BREWS ยินดีบริการดวงวิญญาณหลังเที่ยงคืน,[หนังสือ] GHOSTLY BREWS ยินดีบริการดวงวิญญาณหลังเที่ยงคืน,2353.46,495.71,0,385.59,1472.16,0,0,0,0,0,0,3240.14,0,0,2576.14,0,664,0,0,0,0,0,72.63,0,0,14.97,0,0,0,0,0,0,0,2026-04-05
[หนังสือ] GHOSTLY BREWS ยินดีบริการดวงวิญญาณหลังเที่ยงคืน,*OPD [E-BOOK] GHOSTLY BREWS ยินดีบริการดวงวิญญาณหลังเที่ยงคืน,0,0,0,0,0,0,0,0,0,0,0,0,0,0,0,0,0,0,0,0,0,0,0,0,0,0,0,0,0,0,0,0,0,2026-04-05
[หนังสือ] GHOSTLY BREWS ยินดีบริการดวงวิญญาณหลังเที่ยงคืน,*[E-BOOK] GHOSTLY BREWS ยินดีบริการดวงวิญญาณหลังเที่ยงคืน,0,0,0,0,0,0,0,0,0,0,0,0,0,0,0,0,0,0,0,0,0,0,0,0,0,0,0,0,0,0,0,0,0,2026-04-05
[หนังสือ] เหนื่อยมากไหม พักก่อนก็ได้นะวันนี้,[หนังสือ] เหนื่อยมากไหม พักก่อนก็ได้นะวันนี้,161.51,161.51,0,0,0,0,0,0,0,0,0,0,0,0,0,0,0,0,0,0,0,0,0,0,0,0,0,0,0,0,0,0,0,2026-04-05
[หนังสือ] เหนื่อยมากไหม พักก่อนก็ได้นะวันนี้,*OPD [E-BOOK] เหนื่อยมากไหม พักก่อนก็ได้นะวันนี้,0,0,0,0,0,0,0,0,0,0,0,0,0,0,0,0,0,0,0,0,0,0,0,0,0,0,0,0,0,0,0,0,0,2026-04-05
[หนังสือ] เหนื่อยมากไหม พักก่อนก็ได้นะวันนี้,[หนังสือ] BOXSET เหนื่อยมากไหม พักก่อนก็ได้นะวันนี้,0,0,0,0,0,0,0,0,0,0,0,450,0,0,450,0,0,0,0,0,0,0,0,0,0,0,0,0,0,0,0,0,0,2026-04-05
[หนังสือ] THE WITCHES' CLUB ชมรมลับเปลี่ยนชีวิต,*OPD [E-BOOK] THE WITCHES' CLUB ชมรมลับเปลี่ยนชีวิต,0,0,0,0,0,0,0,0,0,0,0,0,0,0,0,0,0,0,0,0,0,0,0,0,0,0,0,0,0,0,0,0,0,2026-04-05
[หนังสือ] ชีวิตมีเรื่องให้ขอบคุณมากกว่าเสียใจ,[หนังสือ] ชีวิตมีเรื่องให้ขอบคุณมากกว่าเสียใจ,232.34,0,0,25.84,206.5,0,0,0,0,0,0,279,0,0,279,0,0,0,0,0,0,0,83.28,0,0,9.26,0,0,0,0,0,0,0,2026-04-06
[หนังสือ] เมื่อโลกทั้งใบซ่อนอยู่ใต้หมวกกันน็อก (HELMET GIRL),[หนังสือ] เมื่อโลกทั้งใบซ่อนอยู่ใต้หมวกกันน็อก (HELMET GIRL),0,0,0,0,0,0,0,0,0,0,0,0,0,0,0,0,0,0,0,0,0,0,0,0,0,0,0,0,0,0,0,0,0,2026-04-06
[หนังสือ] เมื่อโลกทั้งใบซ่อนอยู่ใต้หมวกกันน็อก (HELMET GIRL),*OPD [E-BOOK] เมื่อโลกทั้งใบซ่อนอยู่ใต้หมวกกันน็อก (HELMET GIRL),0,0,0,0,0,0,0,0,0,0,0,0,0,0,0,0,0,0,0,0,0,0,0,0,0,0,0,0,0,0,0,0,0,2026-04-06
[หนังสือ] เมื่อโลกทั้งใบซ่อนอยู่ใต้หมวกกันน็อก (HELMET GIRL),[หนังสือ] BOXSET เมื่อโลกทั้งใบซ่อนอยู่ใต้หมวกกันน็อก (HELMET GIRL),0,0,0,0,0,0,0,0,0,0,0,799,400,0,399,0,0,0,0,0,0,0,0,0,0,0,0,0,0,0,0,0,0,2026-04-06
[หนังสือ] วันไหนที่ใจแข็งแรง ดอกไม้จะผลิบาน THE ENCHANTED GARDEN,[หนังสือ] วันไหนที่ใจแข็งแรง ดอกไม้จะผลิบาน THE ENCHANTED GARDEN,1365.78,0,0,171.99,1193.79,0,0,0,0,0,0,2025,0,0,1080,0,945,0,0,0,0,0,67.45,0,0,15.93,0,0,0,0,0,0,0,2026-04-06
[หนังสือ] วันไหนที่ใจแข็งแรง ดอกไม้จะผลิบาน THE ENCHANTED GARDEN,*OPD [E-BOOK] วันไหนที่ใจแข็งแรง ดอกไม้จะผลิบาน THE ENCHANTED GARDEN,0,0,0,0,0,0,0,0,0,0,0,0,0,0,0,0,0,0,0,0,0,0,0,0,0,0,0,0,0,0,0,0,0,2026-04-06
[หนังสือ] วันไหนที่ใจแข็งแรง ดอกไม้จะผลิบาน THE ENCHANTED GARDEN,[หนังสือ] สวนของหัวใจ BLOSSOMS OF THE SOUL’S GARDEN,0,0,0,0,0,0,0,0,0,0,0,2371,0,0,2371,0,0,0,0,0,0,0,0,0,0,0,0,0,0,0,0,0,0,2026-04-06
[หนังสือ] ยินดีต้อนรับและขอบคุณที่กลับมา,[หนังสือ] ยินดีต้อนรับและขอบคุณที่กลับมา,181.87,0,0,128.64,53.23,0,0,0,0,0,0,200,200,0,0,0,0,0,0,0,0,0,90.94,0,0,0,0,0,0,0,0,0,0,2026-04-06
[หนังสือ] ยินดีต้อนรับและขอบคุณที่กลับมา,*OPD [E-BOOK] ยินดีต้อนรับและขอบคุณที่กลับมา,0,0,0,0,0,0,0,0,0,0,0,0,0,0,0,0,0,0,0,0,0,0,0,0,0,0,0,0,0,0,0,0,0,2026-04-06
[หนังสือ] ปีศาจตัวนั้น คือฉันเอง A GUIDE TO FIGHT THE DEMONS IN MY HEART,[หนังสือ] ปีศาจตัวนั้น คือฉันเอง A GUIDE TO FIGHT THE DEMONS IN MY HEART,6705.76,0,0,1459.29,5146.47,0,100,0,0,0,0,0,0,0,0,0,0,0,0,0,0,0,0,0,0,0,0,0,0,0,0,0,0,2026-04-06
[หนังสือ] ชีวิตมีเรื่องให้ขอบคุณมากกว่าเสียใจ,*OPD [E-BOOK] ชีวิตมีเรื่องให้ขอบคุณมากกว่าเสียใจ,0,0,0,0,0,0,0,0,0,0,0,0,0,0,0,0,0,0,0,0,0,0,0,0,0,0,0,0,0,0,0,0,0,2026-04-06
[หนังสือ] ปีศาจตัวนั้น คือฉันเอง A GUIDE TO FIGHT THE DEMONS IN MY HEART,*OPD [E-BOOK] ปีศาจตัวนั้น คือฉันเอง A GUIDE TO FIGHTING THE DEMONS IN MY HEART,0,0,0,0,0,0,0,0,0,0,0,0,0,0,0,0,0,0,0,0,0,0,0,0,0,0,0,0,0,0,0,0,0,2026-04-06
[หนังสือ] ปีศาจตัวนั้น คือฉันเอง A GUIDE TO FIGHT THE DEMONS IN MY HEART,[หนังสือ] ปีศาจตัวนั้น คือฉันเอง A GUIDE TO FIGHTING THE DEMONS IN MY HEART,0,0,0,0,0,0,0,0,0,0,0,16358,300,0,13999,0,2059,0,0,0,0,0,0,0,0,0,0,0,0,0,0,0,0,2026-04-06
[หนังสือ] ปีศาจตัวนั้น คือฉันเอง 2 A GUIDE TO OVERCOMING THE RETURN OF THE DEMONS,[หนังสือ] ปีศาจตัวนั้น คือฉันเอง 2 A GUIDE TO OVERCOMING THE RETURN OF THE DEMONS,1406.16,0,0,735.45,570.7,0,100,0.01,0,0,0,5531,0,0,4405,0,1126,0,0,0,0,0,25.42,0,0,16.7,0,0,8.88,0,0,0,0,2026-04-06
[หนังสือ] ปีศาจตัวนั้น คือฉันเอง 2 A GUIDE TO OVERCOMING THE RETURN OF THE DEMONS,*OPD [E-BOOK] ปีศาจตัวนั้น คือฉันเอง 2 A GUIDE TO OVERCOMING THE RETURN OF THE DEMONS,0,0,0,0,0,0,0,0,0,0,0,0,0,0,0,0,0,0,0,0,0,0,0,0,0,0,0,0,0,0,0,0,0,2026-04-06
[หนังสือ] ปีศาจความรักมักเลือกฉันเป็นเหยื่อ HOW TO FIGHT THE LOVE DEMON IN MY HEART,[หนังสือ] ปีศาจความรักมักเลือกฉันเป็นเหยื่อ HOW TO FIGHT THE LOVE DEMON IN MY HEART,173.66,0,0,34.94,138.72,0,0,0,0,0,0,1505,0,0,899,0,606,0,0,0,0,0,11.54,0,0,3.89,0,0,0,0,0,0,0,2026-04-06
[หนังสือ] ปีศาจความรักมักเลือกฉันเป็นเหยื่อ HOW TO FIGHT THE LOVE DEMON IN MY HEART,*OPD [E-BOOK] ปีศาจความรักมักเลือกฉันเป็นเหยื่อ HOW TO FIGHT THE LOVE DEMON IN MY HEART,0,0,0,0,0,0,0,0,0,0,0,0,0,0,0,0,0,0,0,0,0,0,0,0,0,0,0,0,0,0,0,0,0,2026-04-06
[หนังสือ] ทุกความทรงจำคือของขวัญจากวันวาน,[หนังสือ] ทุกความทรงจำคือของขวัญจากวันวาน,0,0,0,0,0,0,0,0,0,0,0,0,0,0,0,0,0,0,0,0,0,0,0,0,0,0,0,0,0,0,0,0,0,2026-04-06
[หนังสือ] ทุกความทรงจำคือของขวัญจากวันวาน,*OPD [E-BOOK] ทุกความทรงจำคือของขวัญจากวันวาน,0,0,0,0,0,0,0,0,0,0,0,0,0,0,0,0,0,0,0,0,0,0,0,0,0,0,0,0,0,0,0,0,0,2026-04-06
[หนังสือ] ถ้าโลกมันแย่ ก็แค่คิดแบบคาปิบาร่า THINK LIKE A HAPPYBARA,[หนังสือ] ถ้าโลกมันแย่ ก็แค่คิดแบบคาปิบาร่า THINK LIKE A HAPPYBARA,244.62,0,0,66.45,178.17,0,0,0,0,0,0,598,0,0,598,0,0,0,0,0,0,0,40.91,0,0,11.11,0,0,0,0,0,0,0,2026-04-06
[หนังสือ] ถ้าโลกมันแย่ ก็แค่คิดแบบคาปิบาร่า THINK LIKE A HAPPYBARA,*OPD [E-BOOK] ถ้าโลกมันแย่ ก็แค่คิดแบบคาปิบาร่า THINK LIKE A HAPPYBARA,0,0,0,0,0,0,0,0,0,0,0,0,0,0,0,0,0,0,0,0,0,0,0,0,0,0,0,0,0,0,0,0,0,2026-04-06
[หนังสือ] ปีศาจตัวนั้น คือฉันเอง A GUIDE TO FIGHT THE DEMONS IN MY HEART,*[E-BOOK] ปีศาจตัวนั้น คือฉันเอง A GUIDE TO FIGHTING THE DEMONS IN MY HEART,0,0,0,0,0,0,0,0,0,0,0,0,0,0,0,0,0,0,0,0,0,0,0,0,0,0,0,0,0,0,0,0,0,2026-04-06
[หนังสือ] ถ้าโลกมันแย่ ก็แค่คิดแบบคาปิบาร่า THINK LIKE A HAPPYBARA,[หนังสือ] BOXSET ถ้าโลกมันแย่ ก็แค่คิดแบบคาปิบาร่า THINK LIKE A HAPPYBARA,0,0,0,0,0,0,0,0,0,0,0,640,0,0,640,0,0,0,0,0,0,0,0,0,0,0,0,0,0,0,0,0,0,2026-04-06
[หนังสือ] โอบกอดความไม่สมบูรณ์แบบของเธอ (EMBRACE YOUR FLAWS),[หนังสือ] โอบกอดความไม่สมบูรณ์แบบของเธอ (EMBRACE YOUR FLAWS),248.31,0,0,31.21,217.1,0,0,0,0,0,0,2414,0,0,1856,0,558,0,0,0,0,0,10.29,0,0,1.68,0,0,0,0,0,0,0,2026-04-06
[หนังสือ] โอบกอดความไม่สมบูรณ์แบบของเธอ (EMBRACE YOUR FLAWS),*OPD [E-BOOK] โอบกอดความไม่สมบูรณ์แบบของเธอ (EMBRACE YOUR FLAWS),0,0,0,0,0,0,0,0,0,0,0,0,0,0,0,0,0,0,0,0,0,0,0,0,0,0,0,0,0,0,0,0,0,2026-04-06
[หนังสือ] ฉันจะมีชีวิตที่ดี,*OPD [E-BOOK] ฉันจะมีชีวิตที่ดี,0,0,0,0,0,0,0,0,0,0,0,0,0,0,0,0,0,0,0,0,0,0,0,0,0,0,0,0,0,0,0,0,0,2026-04-06
[หนังสือ] ความลับสู่เงินล้านที่โรงเรียนไม่เคยสอน (THE MILLIONAIRE'S TOP SECRET),[หนังสือ] ความลับสู่เงินล้านที่โรงเรียนไม่เคยสอน (THE MILLIONAIRE'S TOP SECRET),889.59,0,0,70.71,818.88,0,0,0,0,0,0,2944,0,0,2632,0,312,0,0,0,0,0,30.22,0,0,2.69,0,0,0,0,0,0,0,2026-04-06
[หนังสือ] ความลับสู่เงินล้านที่โรงเรียนไม่เคยสอน (THE MILLIONAIRE'S TOP SECRET),*OPD [E-BOOK] ความลับสู่เงินล้านที่โรงเรียนไม่เคยสอน (THE MILLIONAIRE'S TOP SECRET),0,0,0,0,0,0,0,0,0,0,0,0,0,0,0,0,0,0,0,0,0,0,0,0,0,0,0,0,0,0,0,0,0,2026-04-06
[หนังสือ] ขอใช้ชีวิตที่เหลือ เพื่อตัวเองนะ,[หนังสือ] ขอใช้ชีวิตที่เหลือ เพื่อตัวเองนะ,1527.52,277.55,0,48.71,1201.26,0,0,0,0,0,0,3819,200,0,3619,0,0,0,0,0,0,0,40,138.78,0,1.35,0,0,0,0,0,0,0,2026-04-06
[หนังสือ] ขอใช้ชีวิตที่เหลือ เพื่อตัวเองนะ,*OPD [E-BOOK] ขอใช้ชีวิตที่เหลือ เพื่อตัวเองนะ,0,0,0,0,0,0,0,0,0,0,0,0,0,0,0,0,0,0,0,0,0,0,0,0,0,0,0,0,0,0,0,0,0,2026-04-06
[หนังสือ] กับดักความรู้สึกผิด,[หนังสือ] กับดักความรู้สึกผิด,20733.7,15214.14,0,3994.52,850.82,474.22,200,0,0,0,0,41647,15038,0,10903,0,14662,0,1044,0,0,0,49.78,101.17,0,36.64,0,45.42,1.36,0,0,0,0,2026-04-06
[หนังสือ] กับดักความรู้สึกผิด,*OPD [E-BOOK] กับดักความรู้สึกผิด,0,0,0,0,0,0,0,0,0,0,0,360,360,0,0,0,0,0,0,0,0,0,0,0,0,0,0,0,0,0,0,0,0,2026-04-06
[หนังสือ] กว่าจะคิดได้ ก็ไม่มีลมหายใจแล้ว (IT IS NEVER TOO LATE TO LOVE YOURSELF),[หนังสือ] กว่าจะคิดได้ ก็ไม่มีลมหายใจแล้ว (IT IS NEVER TOO LATE TO LOVE YOURSELF),0,0,0,0,0,0,0,0,0,0,0,499,200,0,299,0,0,0,0,0,0,0,0,0,0,0,0,0,0,0,0,0,0,2026-04-06
[หนังสือ] กว่าจะคิดได้ ก็ไม่มีลมหายใจแล้ว (IT IS NEVER TOO LATE TO LOVE YOURSELF),*OPD [E-BOOK] กว่าจะคิดได้ ก็ไม่มีลมหายใจแล้ว (IT IS NEVER TOO LATE TO LOVE YOURSELF),0,0,0,0,0,0,0,0,0,0,0,0,0,0,0,0,0,0,0,0,0,0,0,0,0,0,0,0,0,0,0,0,0,2026-04-06
[หนังสือ] ฉันจะมีชีวิตที่ดี,[หนังสือ] ฉันจะมีชีวิตที่ดี,431.59,0,0,55.77,375.82,0,0,0,0,0,0,1152,0,0,857,0,295,0,0,0,0,0,37.46,0,0,6.51,0,0,0,0,0,0,0,2026-04-06
[หนังสือ] THE WITCHES' CLUB ชมรมลับเปลี่ยนชีวิต,[หนังสือ] THE WITCHES' CLUB ชมรมลับเปลี่ยนชีวิต,1654.97,302.49,0,682.16,550.32,0,120,0,0,0,0,0,0,0,0,0,0,0,0,0,0,0,0,0,0,0,0,0,0,0,0,0,0,2026-04-06
[หนังสือ] THE WITCHES' CLUB ชมรมลับเปลี่ยนชีวิต,*[E-BOOK] THE WITCHES' CLUB ชมรมลับเปลี่ยนชีวิต,0,0,0,0,0,0,0,0,0,0,0,0,0,0,0,0,0,0,0,0,0,0,0,0,0,0,0,0,0,0,0,0,0,2026-04-06
[หนังสือ] THE WITCHES' CLUB ชมรมลับเปลี่ยนชีวิต,[หนังสือ] BOXSET THE WITCHES' CLUB ชมรมลับเปลี่ยนชีวิต,0,0,0,0,0,0,0,0,0,0,0,3165,899,0,1678,0,588,0,0,0,0,0,0,0,0,0,0,0,0,0,0,0,0,2026-04-06
[หนังสือ] GHOSTLY REMAINS ปลดพันธนาการดวงวิญญาณหลังความตาย,[หนังสือ] GHOSTLY REMAINS ปลดพันธนาการดวงวิญญาณหลังความตาย,549.78,185.9,0,72.03,291.85,0,0,0,0,0,0,2373,329,0,977,0,1067,0,0,0,0,0,23.17,56.5,0,7.37,0,0,0,0,0,0,0,2026-04-06
[หนังสือ] GHOSTLY BREWS ยินดีบริการดวงวิญญาณหลังเที่ยงคืน,[หนังสือ] GHOSTLY BREWS ยินดีบริการดวงวิญญาณหลังเที่ยงคืน,3175.24,516.24,0,350.14,2308.86,0,0,0,0,0,0,7666,1258,0,5039,0,1369,0,0,0,0,0,41.42,41.04,0,6.95,0,0,0,0,0,0,0,2026-04-06
[หนังสือ] GHOSTLY BREWS ยินดีบริการดวงวิญญาณหลังเที่ยงคืน,*OPD [E-BOOK] GHOSTLY BREWS ยินดีบริการดวงวิญญาณหลังเที่ยงคืน,0,0,0,0,0,0,0,0,0,0,0,358,358,0,0,0,0,0,0,0,0,0,0,0,0,0,0,0,0,0,0,0,0,2026-04-06
[หนังสือ] GHOSTLY BREWS ยินดีบริการดวงวิญญาณหลังเที่ยงคืน,*[E-BOOK] GHOSTLY BREWS ยินดีบริการดวงวิญญาณหลังเที่ยงคืน,0,0,0,0,0,0,0,0,0,0,0,0,0,0,0,0,0,0,0,0,0,0,0,0,0,0,0,0,0,0,0,0,0,2026-04-06
[หนังสือ] เหนื่อยมากไหม พักก่อนก็ได้นะวันนี้,[หนังสือ] เหนื่อยมากไหม พักก่อนก็ได้นะวันนี้,0,0,0,0,0,0,0,0,0,0,0,0,0,0,0,0,0,0,0,0,0,0,0,0,0,0,0,0,0,0,0,0,0,2026-04-06
[หนังสือ] เหนื่อยมากไหม พักก่อนก็ได้นะวันนี้,*OPD [E-BOOK] เหนื่อยมากไหม พักก่อนก็ได้นะวันนี้,0,0,0,0,0,0,0,0,0,0,0,0,0,0,0,0,0,0,0,0,0,0,0,0,0,0,0,0,0,0,0,0,0,2026-04-06
[หนังสือ] เหนื่อยมากไหม พักก่อนก็ได้นะวันนี้,[หนังสือ] BOXSET เหนื่อยมากไหม พักก่อนก็ได้นะวันนี้,0,0,0,0,0,0,0,0,0,0,0,790,400,0,0,0,390,0,0,0,0,0,0,0,0,0,0,0,0,0,0,0,0,2026-04-06
[หนังสือ] THE WITCHES' CLUB ชมรมลับเปลี่ยนชีวิต,*OPD [E-BOOK] THE WITCHES' CLUB ชมรมลับเปลี่ยนชีวิต,0,0,0,0,0,0,0,0,0,0,0,0,0,0,0,0,0,0,0,0,0,0,0,0,0,0,0,0,0,0,0,0,0,2026-04-06
[หนังสือ] ชีวิตมีเรื่องให้ขอบคุณมากกว่าเสียใจ,[หนังสือ] ชีวิตมีเรื่องให้ขอบคุณมากกว่าเสียใจ,204.76,0,0,24.83,179.93,0,0,0,0,0,0,279,0,0,279,0,0,0,0,0,0,0,73.39,0,0,8.9,0,0,0,0,0,0,0,2026-04-07
[หนังสือ] เมื่อโลกทั้งใบซ่อนอยู่ใต้หมวกกันน็อก (HELMET GIRL),[หนังสือ] เมื่อโลกทั้งใบซ่อนอยู่ใต้หมวกกันน็อก (HELMET GIRL),0,0,0,0,0,0,0,0,0,0,0,0,0,0,0,0,0,0,0,0,0,0,0,0,0,0,0,0,0,0,0,0,0,2026-04-07
[หนังสือ] เมื่อโลกทั้งใบซ่อนอยู่ใต้หมวกกันน็อก (HELMET GIRL),*OPD [E-BOOK] เมื่อโลกทั้งใบซ่อนอยู่ใต้หมวกกันน็อก (HELMET GIRL),0,0,0,0,0,0,0,0,0,0,0,0,0,0,0,0,0,0,0,0,0,0,0,0,0,0,0,0,0,0,0,0,0,2026-04-07
[หนังสือ] เมื่อโลกทั้งใบซ่อนอยู่ใต้หมวกกันน็อก (HELMET GIRL),[หนังสือ] BOXSET เมื่อโลกทั้งใบซ่อนอยู่ใต้หมวกกันน็อก (HELMET GIRL),0,0,0,0,0,0,0,0,0,0,0,0,0,0,0,0,0,0,0,0,0,0,0,0,0,0,0,0,0,0,0,0,0,2026-04-07
[หนังสือ] วันไหนที่ใจแข็งแรง ดอกไม้จะผลิบาน THE ENCHANTED GARDEN,[หนังสือ] วันไหนที่ใจแข็งแรง ดอกไม้จะผลิบาน THE ENCHANTED GARDEN,528.42,0,0,142.05,386.37,0,0,0,0,0,0,1858,0,0,1505,0,353,0,0,0,0,0,28.44,0,0,9.44,0,0,0,0,0,0,0,2026-04-07
[หนังสือ] วันไหนที่ใจแข็งแรง ดอกไม้จะผลิบาน THE ENCHANTED GARDEN,*OPD [E-BOOK] วันไหนที่ใจแข็งแรง ดอกไม้จะผลิบาน THE ENCHANTED GARDEN,0,0,0,0,0,0,0,0,0,0,0,0,0,0,0,0,0,0,0,0,0,0,0,0,0,0,0,0,0,0,0,0,0,2026-04-07
[หนังสือ] วันไหนที่ใจแข็งแรง ดอกไม้จะผลิบาน THE ENCHANTED GARDEN,[หนังสือ] สวนของหัวใจ BLOSSOMS OF THE SOUL’S GARDEN,0,0,0,0,0,0,0,0,0,0,0,590,0,0,590,0,0,0,0,0,0,0,0,0,0,0,0,0,0,0,0,0,0,2026-04-07
[หนังสือ] ยินดีต้อนรับและขอบคุณที่กลับมา,[หนังสือ] ยินดีต้อนรับและขอบคุณที่กลับมา,231.38,0,0,162.51,68.87,0,0,0,0,0,0,299,0,0,299,0,0,0,0,0,0,0,77.38,0,0,54.35,0,0,0,0,0,0,0,2026-04-07
[หนังสือ] ยินดีต้อนรับและขอบคุณที่กลับมา,*OPD [E-BOOK] ยินดีต้อนรับและขอบคุณที่กลับมา,0,0,0,0,0,0,0,0,0,0,0,0,0,0,0,0,0,0,0,0,0,0,0,0,0,0,0,0,0,0,0,0,0,2026-04-07
[หนังสือ] ปีศาจตัวนั้น คือฉันเอง A GUIDE TO FIGHT THE DEMONS IN MY HEART,[หนังสือ] ปีศาจตัวนั้น คือฉันเอง A GUIDE TO FIGHT THE DEMONS IN MY HEART,6354.5,0,0,1226.16,5028.34,0,100,0,0,0,0,0,0,0,0,0,0,0,0,0,0,0,0,0,0,0,0,0,0,0,0,0,0,2026-04-07
[หนังสือ] ชีวิตมีเรื่องให้ขอบคุณมากกว่าเสียใจ,*OPD [E-BOOK] ชีวิตมีเรื่องให้ขอบคุณมากกว่าเสียใจ,0,0,0,0,0,0,0,0,0,0,0,0,0,0,0,0,0,0,0,0,0,0,0,0,0,0,0,0,0,0,0,0,0,2026-04-07
[หนังสือ] ปีศาจตัวนั้น คือฉันเอง A GUIDE TO FIGHT THE DEMONS IN MY HEART,*OPD [E-BOOK] ปีศาจตัวนั้น คือฉันเอง A GUIDE TO FIGHTING THE DEMONS IN MY HEART,0,0,0,0,0,0,0,0,0,0,0,538,179,0,0,0,359,0,0,0,0,0,0,0,0,0,0,0,0,0,0,0,0,2026-04-07
[หนังสือ] ปีศาจตัวนั้น คือฉันเอง A GUIDE TO FIGHT THE DEMONS IN MY HEART,[หนังสือ] ปีศาจตัวนั้น คือฉันเอง A GUIDE TO FIGHTING THE DEMONS IN MY HEART,0,0,0,0,0,0,0,0,0,0,0,17203,0,0,15799,0,1404,0,0,0,0,0,0,0,0,0,0,0,0,0,0,0,0,2026-04-07
[หนังสือ] ปีศาจตัวนั้น คือฉันเอง 2 A GUIDE TO OVERCOMING THE RETURN OF THE DEMONS,[หนังสือ] ปีศาจตัวนั้น คือฉันเอง 2 A GUIDE TO OVERCOMING THE RETURN OF THE DEMONS,2004.7,0,0,833.61,1071.09,0,100,0,0,0,0,6308,0,0,4823,0,1485,0,0,0,0,0,31.78,0,0,17.28,0,0,6.73,0,0,0,0,2026-04-07
[หนังสือ] ปีศาจตัวนั้น คือฉันเอง 2 A GUIDE TO OVERCOMING THE RETURN OF THE DEMONS,*OPD [E-BOOK] ปีศาจตัวนั้น คือฉันเอง 2 A GUIDE TO OVERCOMING THE RETURN OF THE DEMONS,0,0,0,0,0,0,0,0,0,0,0,180,180,0,0,0,0,0,0,0,0,0,0,0,0,0,0,0,0,0,0,0,0,2026-04-07
[หนังสือ] ปีศาจความรักมักเลือกฉันเป็นเหยื่อ HOW TO FIGHT THE LOVE DEMON IN MY HEART,[หนังสือ] ปีศาจความรักมักเลือกฉันเป็นเหยื่อ HOW TO FIGHT THE LOVE DEMON IN MY HEART,205.2,0,0,44.5,160.7,0,0,0,0,0,0,1002,400,0,299,0,303,0,0,0,0,0,20.48,0,0,14.88,0,0,0,0,0,0,0,2026-04-07
[หนังสือ] ปีศาจความรักมักเลือกฉันเป็นเหยื่อ HOW TO FIGHT THE LOVE DEMON IN MY HEART,*OPD [E-BOOK] ปีศาจความรักมักเลือกฉันเป็นเหยื่อ HOW TO FIGHT THE LOVE DEMON IN MY HEART,0,0,0,0,0,0,0,0,0,0,0,359,0,0,0,0,359,0,0,0,0,0,0,0,0,0,0,0,0,0,0,0,0,2026-04-07
[หนังสือ] ทุกความทรงจำคือของขวัญจากวันวาน,[หนังสือ] ทุกความทรงจำคือของขวัญจากวันวาน,0,0,0,0,0,0,0,0,0,0,0,200,200,0,0,0,0,0,0,0,0,0,0,0,0,0,0,0,0,0,0,0,0,2026-04-07
[หนังสือ] ทุกความทรงจำคือของขวัญจากวันวาน,*OPD [E-BOOK] ทุกความทรงจำคือของขวัญจากวันวาน,0,0,0,0,0,0,0,0,0,0,0,0,0,0,0,0,0,0,0,0,0,0,0,0,0,0,0,0,0,0,0,0,0,2026-04-07
[หนังสือ] ถ้าโลกมันแย่ ก็แค่คิดแบบคาปิบาร่า THINK LIKE A HAPPYBARA,[หนังสือ] ถ้าโลกมันแย่ ก็แค่คิดแบบคาปิบาร่า THINK LIKE A HAPPYBARA,248.28,0,0,63.4,184.88,0,0,0,0,0,0,0,0,0,0,0,0,0,0,0,0,0,0,0,0,0,0,0,0,0,0,0,0,2026-04-07
[หนังสือ] ถ้าโลกมันแย่ ก็แค่คิดแบบคาปิบาร่า THINK LIKE A HAPPYBARA,*OPD [E-BOOK] ถ้าโลกมันแย่ ก็แค่คิดแบบคาปิบาร่า THINK LIKE A HAPPYBARA,0,0,0,0,0,0,0,0,0,0,0,0,0,0,0,0,0,0,0,0,0,0,0,0,0,0,0,0,0,0,0,0,0,2026-04-07
[หนังสือ] ปีศาจตัวนั้น คือฉันเอง A GUIDE TO FIGHT THE DEMONS IN MY HEART,*[E-BOOK] ปีศาจตัวนั้น คือฉันเอง A GUIDE TO FIGHTING THE DEMONS IN MY HEART,0,0,0,0,0,0,0,0,0,0,0,0,0,0,0,0,0,0,0,0,0,0,0,0,0,0,0,0,0,0,0,0,0,2026-04-07
[หนังสือ] ถ้าโลกมันแย่ ก็แค่คิดแบบคาปิบาร่า THINK LIKE A HAPPYBARA,[หนังสือ] BOXSET ถ้าโลกมันแย่ ก็แค่คิดแบบคาปิบาร่า THINK LIKE A HAPPYBARA,0,0,0,0,0,0,0,0,0,0,0,1980,800,0,0,0,1180,0,0,0,0,0,0,0,0,0,0,0,0,0,0,0,0,2026-04-07
[หนังสือ] โอบกอดความไม่สมบูรณ์แบบของเธอ (EMBRACE YOUR FLAWS),[หนังสือ] โอบกอดความไม่สมบูรณ์แบบของเธอ (EMBRACE YOUR FLAWS),328.32,0,0,34.33,293.99,0,0,0,0,0,0,2132,0,0,2132,0,0,0,0,0,0,0,15.4,0,0,1.61,0,0,0,0,0,0,0,2026-04-07
[หนังสือ] โอบกอดความไม่สมบูรณ์แบบของเธอ (EMBRACE YOUR FLAWS),*OPD [E-BOOK] โอบกอดความไม่สมบูรณ์แบบของเธอ (EMBRACE YOUR FLAWS),0,0,0,0,0,0,0,0,0,0,0,179,179,0,0,0,0,0,0,0,0,0,0,0,0,0,0,0,0,0,0,0,0,2026-04-07
[หนังสือ] ฉันจะมีชีวิตที่ดี,*OPD [E-BOOK] ฉันจะมีชีวิตที่ดี,0,0,0,0,0,0,0,0,0,0,0,0,0,0,0,0,0,0,0,0,0,0,0,0,0,0,0,0,0,0,0,0,0,2026-04-07
[หนังสือ] ความลับสู่เงินล้านที่โรงเรียนไม่เคยสอน (THE MILLIONAIRE'S TOP SECRET),[หนังสือ] ความลับสู่เงินล้านที่โรงเรียนไม่เคยสอน (THE MILLIONAIRE'S TOP SECRET),728.91,0,0,52.62,676.29,0,0,0,0,0,0,2590,287,0,1645,0,658,0,0,0,0,0,28.14,0,0,3.2,0,0,0,0,0,0,0,2026-04-07
[หนังสือ] ความลับสู่เงินล้านที่โรงเรียนไม่เคยสอน (THE MILLIONAIRE'S TOP SECRET),*OPD [E-BOOK] ความลับสู่เงินล้านที่โรงเรียนไม่เคยสอน (THE MILLIONAIRE'S TOP SECRET),0,0,0,0,0,0,0,0,0,0,0,0,0,0,0,0,0,0,0,0,0,0,0,0,0,0,0,0,0,0,0,0,0,2026-04-07
[หนังสือ] ขอใช้ชีวิตที่เหลือ เพื่อตัวเองนะ,[หนังสือ] ขอใช้ชีวิตที่เหลือ เพื่อตัวเองนะ,803.35,323.9,0,27.9,451.55,0,0,0,0,0,0,2374,729,0,1316,0,329,0,0,0,0,0,33.84,44.43,0,2.12,0,0,0,0,0,0,0,2026-04-07
[หนังสือ] ขอใช้ชีวิตที่เหลือ เพื่อตัวเองนะ,*OPD [E-BOOK] ขอใช้ชีวิตที่เหลือ เพื่อตัวเองนะ,0,0,0,0,0,0,0,0,0,0,0,0,0,0,0,0,0,0,0,0,0,0,0,0,0,0,0,0,0,0,0,0,0,2026-04-07
[หนังสือ] กับดักความรู้สึกผิด,[หนังสือ] กับดักความรู้สึกผิด,26437.32,22281.67,0,2353.6,1167.84,434.21,200,0,0,0,0,57057,23064,0,9430,0,23130,389,1044,0,0,0,46.33,96.61,0,24.96,0,41.59,0.86,0,0,0,0,2026-04-07
[หนังสือ] กับดักความรู้สึกผิด,*OPD [E-BOOK] กับดักความรู้สึกผิด,0,0,0,0,0,0,0,0,0,0,0,360,360,0,0,0,0,0,0,0,0,0,0,0,0,0,0,0,0,0,0,0,0,2026-04-07
[หนังสือ] กว่าจะคิดได้ ก็ไม่มีลมหายใจแล้ว (IT IS NEVER TOO LATE TO LOVE YOURSELF),[หนังสือ] กว่าจะคิดได้ ก็ไม่มีลมหายใจแล้ว (IT IS NEVER TOO LATE TO LOVE YOURSELF),0,0,0,0,0,0,0,0,0,0,0,200,200,0,0,0,0,0,0,0,0,0,0,0,0,0,0,0,0,0,0,0,0,2026-04-07
[หนังสือ] กว่าจะคิดได้ ก็ไม่มีลมหายใจแล้ว (IT IS NEVER TOO LATE TO LOVE YOURSELF),*OPD [E-BOOK] กว่าจะคิดได้ ก็ไม่มีลมหายใจแล้ว (IT IS NEVER TOO LATE TO LOVE YOURSELF),0,0,0,0,0,0,0,0,0,0,0,0,0,0,0,0,0,0,0,0,0,0,0,0,0,0,0,0,0,0,0,0,0,2026-04-07
[หนังสือ] ฉันจะมีชีวิตที่ดี,[หนังสือ] ฉันจะมีชีวิตที่ดี,572.83,0,0,60.35,512.48,0,0,0,0,0,0,880,0,0,585,0,295,0,0,0,0,0,65.09,0,0,10.32,0,0,0,0,0,0,0,2026-04-07
[หนังสือ] THE WITCHES' CLUB ชมรมลับเปลี่ยนชีวิต,[หนังสือ] THE WITCHES' CLUB ชมรมลับเปลี่ยนชีวิต,1945.04,328.26,0,867.69,643.79,0,105.3,0,0,0,0,754,364,0,0,0,390,0,0,0,0,0,257.96,90.18,0,0,0,0,27,0,0,0,0,2026-04-07
[หนังสือ] THE WITCHES' CLUB ชมรมลับเปลี่ยนชีวิต,*[E-BOOK] THE WITCHES' CLUB ชมรมลับเปลี่ยนชีวิต,0,0,0,0,0,0,0,0,0,0,0,0,0,0,0,0,0,0,0,0,0,0,0,0,0,0,0,0,0,0,0,0,0,2026-04-07
[หนังสือ] THE WITCHES' CLUB ชมรมลับเปลี่ยนชีวิต,[หนังสือ] BOXSET THE WITCHES' CLUB ชมรมลับเปลี่ยนชีวิต,0,0,0,0,0,0,0,0,0,0,0,4240,400,0,2076,0,1764,0,0,0,0,0,0,0,0,0,0,0,0,0,0,0,0,2026-04-07
[หนังสือ] GHOSTLY REMAINS ปลดพันธนาการดวงวิญญาณหลังความตาย,[หนังสือ] GHOSTLY REMAINS ปลดพันธนาการดวงวิญญาณหลังความตาย,1191.95,228.99,0,99.98,862.98,0,0,0,0,0,0,3780,359,0,1964,0,1457,0,0,0,0,0,31.53,63.79,0,5.09,0,0,0,0,0,0,0,2026-04-07
[หนังสือ] GHOSTLY BREWS ยินดีบริการดวงวิญญาณหลังเที่ยงคืน,[หนังสือ] GHOSTLY BREWS ยินดีบริการดวงวิญญาณหลังเที่ยงคืน,3442.63,737.32,0,750.43,1954.88,0,0,0,0,0,0,8272,0,0,7524,0,748,0,0,0,0,0,41.62,0,0,9.97,0,0,0,0,0,0,0,2026-04-07
[หนังสือ] GHOSTLY BREWS ยินดีบริการดวงวิญญาณหลังเที่ยงคืน,*OPD [E-BOOK] GHOSTLY BREWS ยินดีบริการดวงวิญญาณหลังเที่ยงคืน,0,0,0,0,0,0,0,0,0,0,0,717,358,0,0,0,359,0,0,0,0,0,0,0,0,0,0,0,0,0,0,0,0,2026-04-07
[หนังสือ] GHOSTLY BREWS ยินดีบริการดวงวิญญาณหลังเที่ยงคืน,*[E-BOOK] GHOSTLY BREWS ยินดีบริการดวงวิญญาณหลังเที่ยงคืน,0,0,0,0,0,0,0,0,0,0,0,0,0,0,0,0,0,0,0,0,0,0,0,0,0,0,0,0,0,0,0,0,0,2026-04-07
[หนังสือ] เหนื่อยมากไหม พักก่อนก็ได้นะวันนี้,[หนังสือ] เหนื่อยมากไหม พักก่อนก็ได้นะวันนี้,0,0,0,0,0,0,0,0,0,0,0,0,0,0,0,0,0,0,0,0,0,0,0,0,0,0,0,0,0,0,0,0,0,2026-04-07
[หนังสือ] เหนื่อยมากไหม พักก่อนก็ได้นะวันนี้,*OPD [E-BOOK] เหนื่อยมากไหม พักก่อนก็ได้นะวันนี้,0,0,0,0,0,0,0,0,0,0,0,180,180,0,0,0,0,0,0,0,0,0,0,0,0,0,0,0,0,0,0,0,0,2026-04-07
[หนังสือ] เหนื่อยมากไหม พักก่อนก็ได้นะวันนี้,[หนังสือ] BOXSET เหนื่อยมากไหม พักก่อนก็ได้นะวันนี้,0,0,0,0,0,0,0,0,0,0,0,909,0,0,519,0,390,0,0,0,0,0,0,0,0,0,0,0,0,0,0,0,0,2026-04-07
[หนังสือ] THE WITCHES' CLUB ชมรมลับเปลี่ยนชีวิต,*OPD [E-BOOK] THE WITCHES' CLUB ชมรมลับเปลี่ยนชีวิต,0,0,0,0,0,0,0,0,0,0,0,179,179,0,0,0,0,0,0,0,0,0,0,0,0,0,0,0,0,0,0,0,0,2026-04-07
[หนังสือ] ฉันจะมีชีวิตที่ดี,[หนังสือ] ฉันจะมีชีวิตที่ดี,646.47,0,0,0.5,645.97,0,0,0,0,0,0,4950,0,0,4360,0,590,0,0,0,0,0,13.06,0,0,0.01,0,0,0,0,0,0,0,2026-04-08
[หนังสือ] ฉันจะมีชีวิตที่ดี,*OPD [E-BOOK] ฉันจะมีชีวิตที่ดี,0,0,0,0,0,0,0,0,0,0,0,0,0,0,0,0,0,0,0,0,0,0,0,0,0,0,0,0,0,0,0,0,0,2026-04-08
[หนังสือ] เมื่อโลกทั้งใบซ่อนอยู่ใต้หมวกกันน็อก (HELMET GIRL),[หนังสือ] เมื่อโลกทั้งใบซ่อนอยู่ใต้หมวกกันน็อก (HELMET GIRL),0,0,0,0,0,0,0,0,0,0,0,0,0,0,0,0,0,0,0,0,0,0,0,0,0,0,0,0,0,0,0,0,0,2026-04-08
[หนังสือ] เมื่อโลกทั้งใบซ่อนอยู่ใต้หมวกกันน็อก (HELMET GIRL),*OPD [E-BOOK] เมื่อโลกทั้งใบซ่อนอยู่ใต้หมวกกันน็อก (HELMET GIRL),0,0,0,0,0,0,0,0,0,0,0,179,179,0,0,0,0,0,0,0,0,0,0,0,0,0,0,0,0,0,0,0,0,2026-04-08
[หนังสือ] เมื่อโลกทั้งใบซ่อนอยู่ใต้หมวกกันน็อก (HELMET GIRL),[หนังสือ] BOXSET เมื่อโลกทั้งใบซ่อนอยู่ใต้หมวกกันน็อก (HELMET GIRL),0,0,0,0,0,0,0,0,0,0,0,400,400,0,0,0,0,0,0,0,0,0,0,0,0,0,0,0,0,0,0,0,0,2026-04-08
[หนังสือ] วันไหนที่ใจแข็งแรง ดอกไม้จะผลิบาน THE ENCHANTED GARDEN,[หนังสือ] วันไหนที่ใจแข็งแรง ดอกไม้จะผลิบาน THE ENCHANTED GARDEN,276.52,0,0,70.26,206.26,0,0,0,0,0,0,1344,0,0,639,0,705,0,0,0,0,0,20.57,0,0,11,0,0,0,0,0,0,0,2026-04-08
[หนังสือ] วันไหนที่ใจแข็งแรง ดอกไม้จะผลิบาน THE ENCHANTED GARDEN,*OPD [E-BOOK] วันไหนที่ใจแข็งแรง ดอกไม้จะผลิบาน THE ENCHANTED GARDEN,0,0,0,0,0,0,0,0,0,0,0,0,0,0,0,0,0,0,0,0,0,0,0,0,0,0,0,0,0,0,0,0,0,2026-04-08
[หนังสือ] วันไหนที่ใจแข็งแรง ดอกไม้จะผลิบาน THE ENCHANTED GARDEN,[หนังสือ] สวนของหัวใจ BLOSSOMS OF THE SOUL’S GARDEN,0,0,0,0,0,0,0,0,0,0,0,0,0,0,0,0,0,0,0,0,0,0,0,0,0,0,0,0,0,0,0,0,0,2026-04-08
[หนังสือ] ยินดีต้อนรับและขอบคุณที่กลับมา,[หนังสือ] ยินดีต้อนรับและขอบคุณที่กลับมา,93.01,0,0,68.25,24.76,0,0,0,0,0,0,0,0,0,0,0,0,0,0,0,0,0,0,0,0,0,0,0,0,0,0,0,0,2026-04-08
[หนังสือ] ยินดีต้อนรับและขอบคุณที่กลับมา,*OPD [E-BOOK] ยินดีต้อนรับและขอบคุณที่กลับมา,0,0,0,0,0,0,0,0,0,0,0,0,0,0,0,0,0,0,0,0,0,0,0,0,0,0,0,0,0,0,0,0,0,2026-04-08
[หนังสือ] ชีวิตมีเรื่องให้ขอบคุณมากกว่าเสียใจ,[หนังสือ] ชีวิตมีเรื่องให้ขอบคุณมากกว่าเสียใจ,85.9,0,0,0,85.9,0,0,0,0,0,0,2511,0,0,2511,0,0,0,0,0,0,0,3.42,0,0,0,0,0,0,0,0,0,0,2026-04-08
[หนังสือ] ชีวิตมีเรื่องให้ขอบคุณมากกว่าเสียใจ,*OPD [E-BOOK] ชีวิตมีเรื่องให้ขอบคุณมากกว่าเสียใจ,0,0,0,0,0,0,0,0,0,0,0,0,0,0,0,0,0,0,0,0,0,0,0,0,0,0,0,0,0,0,0,0,0,2026-04-08
[หนังสือ] ปีศาจตัวนั้น คือฉันเอง A GUIDE TO FIGHT THE DEMONS IN MY HEART,*[E-BOOK] ปีศาจตัวนั้น คือฉันเอง A GUIDE TO FIGHTING THE DEMONS IN MY HEART,0,0,0,0,0,0,0,0,0,0,0,0,0,0,0,0,0,0,0,0,0,0,0,0,0,0,0,0,0,0,0,0,0,2026-04-08
[หนังสือ] ปีศาจตัวนั้น คือฉันเอง A GUIDE TO FIGHT THE DEMONS IN MY HEART,[หนังสือ] ปีศาจตัวนั้น คือฉันเอง A GUIDE TO FIGHTING THE DEMONS IN MY HEART,0,0,0,0,0,0,0,0,0,0,0,15500,551,0,13486,0,1714,0,0,0,-251,0,0,0,0,0,0,0,0,0,0,0,0,2026-04-08
[หนังสือ] ปีศาจตัวนั้น คือฉันเอง 2 A GUIDE TO OVERCOMING THE RETURN OF THE DEMONS,[หนังสือ] ปีศาจตัวนั้น คือฉันเอง 2 A GUIDE TO OVERCOMING THE RETURN OF THE DEMONS,1057.58,70.97,0,430.52,456.09,0,100,0,0,0,0,4758,0,0,3641,0,1117,0,0,0,0,0,22.23,0,0,11.82,0,0,8.95,0,0,0,0,2026-04-08
[หนังสือ] ปีศาจตัวนั้น คือฉันเอง 2 A GUIDE TO OVERCOMING THE RETURN OF THE DEMONS,*OPD [E-BOOK] ปีศาจตัวนั้น คือฉันเอง 2 A GUIDE TO OVERCOMING THE RETURN OF THE DEMONS,0,0,0,0,0,0,0,0,0,0,0,0,0,0,0,0,0,0,0,0,0,0,0,0,0,0,0,0,0,0,0,0,0,2026-04-08
[หนังสือ] ปีศาจความรักมักเลือกฉันเป็นเหยื่อ HOW TO FIGHT THE LOVE DEMON IN MY HEART,[หนังสือ] ปีศาจความรักมักเลือกฉันเป็นเหยื่อ HOW TO FIGHT THE LOVE DEMON IN MY HEART,122.56,0,0,20.18,102.38,0,0,0,0,0,0,998,400,0,598,0,0,0,0,0,0,0,12.28,0,0,3.37,0,0,0,0,0,0,0,2026-04-08
[หนังสือ] ปีศาจความรักมักเลือกฉันเป็นเหยื่อ HOW TO FIGHT THE LOVE DEMON IN MY HEART,*OPD [E-BOOK] ปีศาจความรักมักเลือกฉันเป็นเหยื่อ HOW TO FIGHT THE LOVE DEMON IN MY HEART,0,0,0,0,0,0,0,0,0,0,0,0,0,0,0,0,0,0,0,0,0,0,0,0,0,0,0,0,0,0,0,0,0,2026-04-08
[หนังสือ] ถ้าโลกมันแย่ ก็แค่คิดแบบคาปิบาร่า THINK LIKE A HAPPYBARA,[หนังสือ] ถ้าโลกมันแย่ ก็แค่คิดแบบคาปิบาร่า THINK LIKE A HAPPYBARA,228.9,0,0,36.14,192.76,0,0,0,0,0,0,603,0,0,603,0,0,0,0,0,0,0,37.96,0,0,5.99,0,0,0,0,0,0,0,2026-04-08
[หนังสือ] ถ้าโลกมันแย่ ก็แค่คิดแบบคาปิบาร่า THINK LIKE A HAPPYBARA,*OPD [E-BOOK] ถ้าโลกมันแย่ ก็แค่คิดแบบคาปิบาร่า THINK LIKE A HAPPYBARA,0,0,0,0,0,0,0,0,0,0,0,0,0,0,0,0,0,0,0,0,0,0,0,0,0,0,0,0,0,0,0,0,0,2026-04-08
[หนังสือ] ถ้าโลกมันแย่ ก็แค่คิดแบบคาปิบาร่า THINK LIKE A HAPPYBARA,[หนังสือ] BOXSET ถ้าโลกมันแย่ ก็แค่คิดแบบคาปิบาร่า THINK LIKE A HAPPYBARA,0,0,0,0,0,0,0,0,0,0,0,1180,0,0,0,0,1180,0,0,0,0,0,0,0,0,0,0,0,0,0,0,0,0,2026-04-08
[หนังสือ] ปีศาจตัวนั้น คือฉันเอง A GUIDE TO FIGHT THE DEMONS IN MY HEART,[หนังสือ] ปีศาจตัวนั้น คือฉันเอง A GUIDE TO FIGHT THE DEMONS IN MY HEART,3680.96,0,0,331.14,3249.82,0,100,0,0,0,0,0,0,0,0,0,0,0,0,0,0,0,0,0,0,0,0,0,0,0,0,0,0,2026-04-08
[หนังสือ] ปีศาจตัวนั้น คือฉันเอง A GUIDE TO FIGHT THE DEMONS IN MY HEART,*OPD [E-BOOK] ปีศาจตัวนั้น คือฉันเอง A GUIDE TO FIGHTING THE DEMONS IN MY HEART,0,0,0,0,0,0,0,0,0,0,0,0,0,0,0,0,0,0,0,0,0,0,0,0,0,0,0,0,0,0,0,0,0,2026-04-08
[หนังสือ] โอบกอดความไม่สมบูรณ์แบบของเธอ (EMBRACE YOUR FLAWS),[หนังสือ] โอบกอดความไม่สมบูรณ์แบบของเธอ (EMBRACE YOUR FLAWS),143.01,0,0,8.3,134.71,0,0,0,0,0,0,1076,0,0,1076,0,0,0,0,0,0,0,13.29,0,0,0.77,0,0,0,0,0,0,0,2026-04-08
[หนังสือ] THE WITCHES' CLUB ชมรมลับเปลี่ยนชีวิต,*[E-BOOK] THE WITCHES' CLUB ชมรมลับเปลี่ยนชีวิต,0,0,0,0,0,0,0,0,0,0,0,0,0,0,0,0,0,0,0,0,0,0,0,0,0,0,0,0,0,0,0,0,0,2026-04-08
[หนังสือ] ความลับสู่เงินล้านที่โรงเรียนไม่เคยสอน (THE MILLIONAIRE'S TOP SECRET),[หนังสือ] ความลับสู่เงินล้านที่โรงเรียนไม่เคยสอน (THE MILLIONAIRE'S TOP SECRET),326.4,0,0,19.61,306.79,0,0,0,0,0,0,1316,0,0,1316,0,0,0,0,0,0,0,24.8,0,0,1.49,0,0,0,0,0,0,0,2026-04-08
[หนังสือ] ความลับสู่เงินล้านที่โรงเรียนไม่เคยสอน (THE MILLIONAIRE'S TOP SECRET),*OPD [E-BOOK] ความลับสู่เงินล้านที่โรงเรียนไม่เคยสอน (THE MILLIONAIRE'S TOP SECRET),0,0,0,0,0,0,0,0,0,0,0,0,0,0,0,0,0,0,0,0,0,0,0,0,0,0,0,0,0,0,0,0,0,2026-04-08
[หนังสือ] ขอใช้ชีวิตที่เหลือ เพื่อตัวเองนะ,[หนังสือ] ขอใช้ชีวิตที่เหลือ เพื่อตัวเองนะ,620.45,188.72,0,0,431.73,0,0,0,0,0,0,2832,200,0,2632,0,0,0,0,0,0,0,21.91,94.36,0,0,0,0,0,0,0,0,0,2026-04-08
[หนังสือ] ขอใช้ชีวิตที่เหลือ เพื่อตัวเองนะ,*OPD [E-BOOK] ขอใช้ชีวิตที่เหลือ เพื่อตัวเองนะ,0,0,0,0,0,0,0,0,0,0,0,180,180,0,0,0,0,0,0,0,0,0,0,0,0,0,0,0,0,0,0,0,0,2026-04-08
[หนังสือ] กับดักความรู้สึกผิด,[หนังสือ] กับดักความรู้สึกผิด,21200.46,18680.44,0,1267.6,678.21,374.21,200,0,0,0,0,48809.33,19705,0,6695,0,18821,1155.33,2792,0,-359,0,43.44,94.8,0,18.93,0,13.4,1.06,0,0,0,0,2026-04-08
[หนังสือ] กับดักความรู้สึกผิด,*OPD [E-BOOK] กับดักความรู้สึกผิด,0,0,0,0,0,0,0,0,0,0,0,0,0,0,0,0,0,0,0,0,0,0,0,0,0,0,0,0,0,0,0,0,0,2026-04-08
[หนังสือ] กว่าจะคิดได้ ก็ไม่มีลมหายใจแล้ว (IT IS NEVER TOO LATE TO LOVE YOURSELF),[หนังสือ] กว่าจะคิดได้ ก็ไม่มีลมหายใจแล้ว (IT IS NEVER TOO LATE TO LOVE YOURSELF),0,0,0,0,0,0,0,0,0,0,0,200,200,0,0,0,0,0,0,0,0,0,0,0,0,0,0,0,0,0,0,0,0,2026-04-08
[หนังสือ] กว่าจะคิดได้ ก็ไม่มีลมหายใจแล้ว (IT IS NEVER TOO LATE TO LOVE YOURSELF),*OPD [E-BOOK] กว่าจะคิดได้ ก็ไม่มีลมหายใจแล้ว (IT IS NEVER TOO LATE TO LOVE YOURSELF),0,0,0,0,0,0,0,0,0,0,0,0,0,0,0,0,0,0,0,0,0,0,0,0,0,0,0,0,0,0,0,0,0,2026-04-08
[หนังสือ] THE WITCHES' CLUB ชมรมลับเปลี่ยนชีวิต,[หนังสือ] THE WITCHES' CLUB ชมรมลับเปลี่ยนชีวิต,1682.03,387.02,0,765.13,455.2,0,74.68,0,0,0,0,1767,0,0,1377,0,390,0,0,0,0,0,95.19,0,0,55.56,0,0,19.15,0,0,0,0,2026-04-08
[หนังสือ] โอบกอดความไม่สมบูรณ์แบบของเธอ (EMBRACE YOUR FLAWS),*OPD [E-BOOK] โอบกอดความไม่สมบูรณ์แบบของเธอ (EMBRACE YOUR FLAWS),0,0,0,0,0,0,0,0,0,0,0,0,0,0,0,0,0,0,0,0,0,0,0,0,0,0,0,0,0,0,0,0,0,2026-04-08
[หนังสือ] THE WITCHES' CLUB ชมรมลับเปลี่ยนชีวิต,[หนังสือ] BOXSET THE WITCHES' CLUB ชมรมลับเปลี่ยนชีวิต,0,0,0,0,0,0,0,0,0,0,0,4200,0,0,3024,0,1176,0,0,0,0,0,0,0,0,0,0,0,0,0,0,0,0,2026-04-08
[หนังสือ] MY LAST BOOK (A GENTLE GUIDE AND PREPARATION FOR LIFE’S FINAL CHAPTER),[หนังสือ] MY LAST BOOK (A GENTLE GUIDE AND PREPARATION FOR LIFE’S FINAL CHAPTER),0,0,0,0,0,0,0,0,0,0,0,580,580,0,0,0,0,0,0,0,0,0,0,0,0,0,0,0,0,0,0,0,0,2026-04-08
[หนังสือ] GHOSTLY REMAINS ปลดพันธนาการดวงวิญญาณหลังความตาย,[หนังสือ] GHOSTLY REMAINS ปลดพันธนาการดวงวิญญาณหลังความตาย,384.64,219.76,0,29.78,135.1,0,0,0,0,0,0,2982,718,0,2264,0,0,0,0,0,0,0,12.9,30.61,0,1.32,0,0,0,0,0,0,0,2026-04-08
[หนังสือ] GHOSTLY BREWS ยินดีบริการดวงวิญญาณหลังเที่ยงคืน,[หนังสือ] GHOSTLY BREWS ยินดีบริการดวงวิญญาณหลังเที่ยงคืน,1504.02,792.37,0,169.49,542.16,0,0,0,0,0,0,6845,600,0,4808,0,1437,0,0,0,0,0,21.97,132.06,0,3.53,0,0,0,0,0,0,0,2026-04-08
[หนังสือ] GHOSTLY BREWS ยินดีบริการดวงวิญญาณหลังเที่ยงคืน,*OPD [E-BOOK] GHOSTLY BREWS ยินดีบริการดวงวิญญาณหลังเที่ยงคืน,0,0,0,0,0,0,0,0,0,0,0,0,0,0,0,0,0,0,0,0,0,0,0,0,0,0,0,0,0,0,0,0,0,2026-04-08
[หนังสือ] GHOSTLY BREWS ยินดีบริการดวงวิญญาณหลังเที่ยงคืน,*[E-BOOK] GHOSTLY BREWS ยินดีบริการดวงวิญญาณหลังเที่ยงคืน,0,0,0,0,0,0,0,0,0,0,0,0,0,0,0,0,0,0,0,0,0,0,0,0,0,0,0,0,0,0,0,0,0,2026-04-08
[หนังสือ] เหนื่อยมากไหม พักก่อนก็ได้นะวันนี้,[หนังสือ] เหนื่อยมากไหม พักก่อนก็ได้นะวันนี้,0,0,0,0,0,0,0,0,0,0,0,0,0,0,0,0,0,0,0,0,0,0,0,0,0,0,0,0,0,0,0,0,0,2026-04-08
[หนังสือ] เหนื่อยมากไหม พักก่อนก็ได้นะวันนี้,*OPD [E-BOOK] เหนื่อยมากไหม พักก่อนก็ได้นะวันนี้,0,0,0,0,0,0,0,0,0,0,0,0,0,0,0,0,0,0,0,0,0,0,0,0,0,0,0,0,0,0,0,0,0,2026-04-08
[หนังสือ] เหนื่อยมากไหม พักก่อนก็ได้นะวันนี้,[หนังสือ] BOXSET เหนื่อยมากไหม พักก่อนก็ได้นะวันนี้,0,0,0,0,0,0,0,0,0,0,0,1469,0,0,969,0,0,0,500,0,0,0,0,0,0,0,0,0,0,0,0,0,0,2026-04-08
[หนังสือ] THE WITCHES' CLUB ชมรมลับเปลี่ยนชีวิต,*OPD [E-BOOK] THE WITCHES' CLUB ชมรมลับเปลี่ยนชีวิต,0,0,0,0,0,0,0,0,0,0,0,0,0,0,0,0,0,0,0,0,0,0,0,0,0,0,0,0,0,0,0,0,0,2026-04-08
[หนังสือ] ชีวิตมีเรื่องให้ขอบคุณมากกว่าเสียใจ,[หนังสือ] ชีวิตมีเรื่องให้ขอบคุณมากกว่าเสียใจ,215.67,0,0,24.31,191.36,0,0,0,0,0,0,0,0,0,0,0,0,0,0,0,0,0,0,0,0,0,0,0,0,0,0,0,0,2026-04-09
[หนังสือ] ชีวิตมีเรื่องให้ขอบคุณมากกว่าเสียใจ,*OPD [E-BOOK] ชีวิตมีเรื่องให้ขอบคุณมากกว่าเสียใจ,0,0,0,0,0,0,0,0,0,0,0,0,0,0,0,0,0,0,0,0,0,0,0,0,0,0,0,0,0,0,0,0,0,2026-04-09
[หนังสือ] เมื่อโลกทั้งใบซ่อนอยู่ใต้หมวกกันน็อก (HELMET GIRL),[หนังสือ] เมื่อโลกทั้งใบซ่อนอยู่ใต้หมวกกันน็อก (HELMET GIRL),0,0,0,0,0,0,0,0,0,0,0,370,0,0,370,0,0,0,0,0,0,0,0,0,0,0,0,0,0,0,0,0,0,2026-04-09
[หนังสือ] เมื่อโลกทั้งใบซ่อนอยู่ใต้หมวกกันน็อก (HELMET GIRL),*OPD [E-BOOK] เมื่อโลกทั้งใบซ่อนอยู่ใต้หมวกกันน็อก (HELMET GIRL),0,0,0,0,0,0,0,0,0,0,0,0,0,0,0,0,0,0,0,0,0,0,0,0,0,0,0,0,0,0,0,0,0,2026-04-09
[หนังสือ] เมื่อโลกทั้งใบซ่อนอยู่ใต้หมวกกันน็อก (HELMET GIRL),[หนังสือ] BOXSET เมื่อโลกทั้งใบซ่อนอยู่ใต้หมวกกันน็อก (HELMET GIRL),0,0,0,0,0,0,0,0,0,0,0,0,0,0,0,0,0,0,0,0,0,0,0,0,0,0,0,0,0,0,0,0,0,2026-04-09
[หนังสือ] วันไหนที่ใจแข็งแรง ดอกไม้จะผลิบาน THE ENCHANTED GARDEN,[หนังสือ] วันไหนที่ใจแข็งแรง ดอกไม้จะผลิบาน THE ENCHANTED GARDEN,1859.68,0,0,306.95,1552.73,0,0,0,0,0,0,2879,0,0,1450,723,706,0,0,0,0,0,64.59,0,0,21.17,214.76,0,0,0,0,0,0,2026-04-09
[หนังสือ] วันไหนที่ใจแข็งแรง ดอกไม้จะผลิบาน THE ENCHANTED GARDEN,*OPD [E-BOOK] วันไหนที่ใจแข็งแรง ดอกไม้จะผลิบาน THE ENCHANTED GARDEN,0,0,0,0,0,0,0,0,0,0,0,0,0,0,0,0,0,0,0,0,0,0,0,0,0,0,0,0,0,0,0,0,0,2026-04-09
[หนังสือ] วันไหนที่ใจแข็งแรง ดอกไม้จะผลิบาน THE ENCHANTED GARDEN,[หนังสือ] สวนของหัวใจ BLOSSOMS OF THE SOUL’S GARDEN,0,0,0,0,0,0,0,0,0,0,0,3958,0,0,1596,1180,1182,0,0,0,0,0,0,0,0,0,0,0,0,0,0,0,0,2026-04-09
[หนังสือ] ยินดีต้อนรับและขอบคุณที่กลับมา,[หนังสือ] ยินดีต้อนรับและขอบคุณที่กลับมา,287.63,0,0,197.38,90.25,0,0,0,0,0,0,1543,200,0,1343,0,0,0,0,0,0,0,18.64,0,0,14.7,0,0,0,0,0,0,0,2026-04-09
[หนังสือ] ยินดีต้อนรับและขอบคุณที่กลับมา,*OPD [E-BOOK] ยินดีต้อนรับและขอบคุณที่กลับมา,0,0,0,0,0,0,0,0,0,0,0,0,0,0,0,0,0,0,0,0,0,0,0,0,0,0,0,0,0,0,0,0,0,2026-04-09
[หนังสือ] ปีศาจตัวนั้น คือฉันเอง A GUIDE TO FIGHT THE DEMONS IN MY HEART,[หนังสือ] ปีศาจตัวนั้น คือฉันเอง A GUIDE TO FIGHT THE DEMONS IN MY HEART,6259.27,0,0,838.52,5320.75,0,100,0,0,0,0,0,0,0,0,0,0,0,0,0,0,0,0,0,0,0,0,0,0,0,0,0,0,2026-04-09
[หนังสือ] ปีศาจตัวนั้น คือฉันเอง A GUIDE TO FIGHT THE DEMONS IN MY HEART,*OPD [E-BOOK] ปีศาจตัวนั้น คือฉันเอง A GUIDE TO FIGHTING THE DEMONS IN MY HEART,0,0,0,0,0,0,0,0,0,0,0,0,0,0,0,0,0,0,0,0,0,0,0,0,0,0,0,0,0,0,0,0,0,2026-04-09
[หนังสือ] ปีศาจตัวนั้น คือฉันเอง A GUIDE TO FIGHT THE DEMONS IN MY HEART,*[E-BOOK] ปีศาจตัวนั้น คือฉันเอง A GUIDE TO FIGHTING THE DEMONS IN MY HEART,0,0,0,0,0,0,0,0,0,0,0,0,0,0,0,0,0,0,0,0,0,0,0,0,0,0,0,0,0,0,0,0,0,2026-04-09
[หนังสือ] ปีศาจตัวนั้น คือฉันเอง A GUIDE TO FIGHT THE DEMONS IN MY HEART,[หนังสือ] ปีศาจตัวนั้น คือฉันเอง A GUIDE TO FIGHTING THE DEMONS IN MY HEART,0,0,0,0,0,0,0,0,0,0,0,25556,900,0,18798,3875,1983,0,0,0,0,0,0,0,0,0,0,0,0,0,0,0,0,2026-04-09
[หนังสือ] ปีศาจตัวนั้น คือฉันเอง 2 A GUIDE TO OVERCOMING THE RETURN OF THE DEMONS,[หนังสือ] ปีศาจตัวนั้น คือฉันเอง 2 A GUIDE TO OVERCOMING THE RETURN OF THE DEMONS,1260,96.23,0,515.04,548.73,0,100,0,0,0,0,9372,300,0,7428,897,747,0,0,0,0,0,13.44,32.08,0,6.93,61.17,0,13.39,0,0,0,0,2026-04-09
[หนังสือ] ปีศาจตัวนั้น คือฉันเอง 2 A GUIDE TO OVERCOMING THE RETURN OF THE DEMONS,*OPD [E-BOOK] ปีศาจตัวนั้น คือฉันเอง 2 A GUIDE TO OVERCOMING THE RETURN OF THE DEMONS,0,0,0,0,0,0,0,0,0,0,0,0,0,0,0,0,0,0,0,0,0,0,0,0,0,0,0,0,0,0,0,0,0,2026-04-09
[หนังสือ] ปีศาจความรักมักเลือกฉันเป็นเหยื่อ HOW TO FIGHT THE LOVE DEMON IN MY HEART,[หนังสือ] ปีศาจความรักมักเลือกฉันเป็นเหยื่อ HOW TO FIGHT THE LOVE DEMON IN MY HEART,170.43,0,0,22.14,148.29,0,0,0,0,0,0,1431,0,0,200,941,290,0,0,0,0,0,11.91,0,0,11.07,15.76,0,0,0,0,0,0,2026-04-09
[หนังสือ] ปีศาจความรักมักเลือกฉันเป็นเหยื่อ HOW TO FIGHT THE LOVE DEMON IN MY HEART,*OPD [E-BOOK] ปีศาจความรักมักเลือกฉันเป็นเหยื่อ HOW TO FIGHT THE LOVE DEMON IN MY HEART,0,0,0,0,0,0,0,0,0,0,0,0,0,0,0,0,0,0,0,0,0,0,0,0,0,0,0,0,0,0,0,0,0,2026-04-09
[หนังสือ] ทุกความทรงจำคือของขวัญจากวันวาน,[หนังสือ] ทุกความทรงจำคือของขวัญจากวันวาน,0,0,0,0,0,0,0,0,0,0,0,869,200,0,669,0,0,0,0,0,0,0,0,0,0,0,0,0,0,0,0,0,0,2026-04-09
[หนังสือ] ทุกความทรงจำคือของขวัญจากวันวาน,*OPD [E-BOOK] ทุกความทรงจำคือของขวัญจากวันวาน,0,0,0,0,0,0,0,0,0,0,0,0,0,0,0,0,0,0,0,0,0,0,0,0,0,0,0,0,0,0,0,0,0,2026-04-09
[หนังสือ] ถ้าโลกมันแย่ ก็แค่คิดแบบคาปิบาร่า THINK LIKE A HAPPYBARA,[หนังสือ] ถ้าโลกมันแย่ ก็แค่คิดแบบคาปิบาร่า THINK LIKE A HAPPYBARA,233.54,0,0,58.1,175.44,0,0,0,0,0,0,595,0,0,595,0,0,0,0,0,0,0,39.25,0,0,9.76,0,0,0,0,0,0,0,2026-04-09
[หนังสือ] ถ้าโลกมันแย่ ก็แค่คิดแบบคาปิบาร่า THINK LIKE A HAPPYBARA,*OPD [E-BOOK] ถ้าโลกมันแย่ ก็แค่คิดแบบคาปิบาร่า THINK LIKE A HAPPYBARA,0,0,0,0,0,0,0,0,0,0,0,0,0,0,0,0,0,0,0,0,0,0,0,0,0,0,0,0,0,0,0,0,0,2026-04-09
[หนังสือ] ถ้าโลกมันแย่ ก็แค่คิดแบบคาปิบาร่า THINK LIKE A HAPPYBARA,[หนังสือ] BOXSET ถ้าโลกมันแย่ ก็แค่คิดแบบคาปิบาร่า THINK LIKE A HAPPYBARA,0,0,0,0,0,0,0,0,0,0,0,0,0,0,0,0,0,0,0,0,0,0,0,0,0,0,0,0,0,0,0,0,0,2026-04-09
[หนังสือ] เหนื่อยมากไหม พักก่อนก็ได้นะวันนี้,[หนังสือ] เหนื่อยมากไหม พักก่อนก็ได้นะวันนี้,0,0,0,0,0,0,0,0,0,0,0,770,0,0,770,0,0,0,0,0,0,0,0,0,0,0,0,0,0,0,0,0,0,2026-04-09
[หนังสือ] เหนื่อยมากไหม พักก่อนก็ได้นะวันนี้,*OPD [E-BOOK] เหนื่อยมากไหม พักก่อนก็ได้นะวันนี้,0,0,0,0,0,0,0,0,0,0,0,0,0,0,0,0,0,0,0,0,0,0,0,0,0,0,0,0,0,0,0,0,0,2026-04-09
[หนังสือ] เหนื่อยมากไหม พักก่อนก็ได้นะวันนี้,[หนังสือ] BOXSET เหนื่อยมากไหม พักก่อนก็ได้นะวันนี้,0,0,0,0,0,0,0,0,0,0,0,450,0,0,450,0,0,0,0,0,0,0,0,0,0,0,0,0,0,0,0,0,0,2026-04-09
[หนังสือ] โอบกอดความไม่สมบูรณ์แบบของเธอ (EMBRACE YOUR FLAWS),[หนังสือ] โอบกอดความไม่สมบูรณ์แบบของเธอ (EMBRACE YOUR FLAWS),350.51,0,0,17.76,332.75,0,0,0,0,0,0,4830,0,0,4830,0,0,0,0,0,0,0,7.26,0,0,0.37,0,0,0,0,0,0,0,2026-04-09
[หนังสือ] โอบกอดความไม่สมบูรณ์แบบของเธอ (EMBRACE YOUR FLAWS),*OPD [E-BOOK] โอบกอดความไม่สมบูรณ์แบบของเธอ (EMBRACE YOUR FLAWS),0,0,0,0,0,0,0,0,0,0,0,0,0,0,0,0,0,0,0,0,0,0,0,0,0,0,0,0,0,0,0,0,0,2026-04-09
[หนังสือ] ความลับสู่เงินล้านที่โรงเรียนไม่เคยสอน (THE MILLIONAIRE'S TOP SECRET),[หนังสือ] ความลับสู่เงินล้านที่โรงเรียนไม่เคยสอน (THE MILLIONAIRE'S TOP SECRET),372.67,0,0,32.2,340.47,0,0,0,0,0,0,2147,0,0,1818,329,0,0,0,0,0,0,17.36,0,0,1.77,103.49,0,0,0,0,0,0,2026-04-09
[หนังสือ] ความลับสู่เงินล้านที่โรงเรียนไม่เคยสอน (THE MILLIONAIRE'S TOP SECRET),*OPD [E-BOOK] ความลับสู่เงินล้านที่โรงเรียนไม่เคยสอน (THE MILLIONAIRE'S TOP SECRET),0,0,0,0,0,0,0,0,0,0,0,0,0,0,0,0,0,0,0,0,0,0,0,0,0,0,0,0,0,0,0,0,0,2026-04-09
[หนังสือ] ขอใช้ชีวิตที่เหลือ เพื่อตัวเองนะ,[หนังสือ] ขอใช้ชีวิตที่เหลือ เพื่อตัวเองนะ,501.44,288.99,0,19.03,193.42,0,0,0,0,0,0,1978,929,0,1049,0,0,0,0,0,0,0,25.35,31.11,0,1.81,0,0,0,0,0,0,0,2026-04-09
[หนังสือ] ขอใช้ชีวิตที่เหลือ เพื่อตัวเองนะ,*OPD [E-BOOK] ขอใช้ชีวิตที่เหลือ เพื่อตัวเองนะ,0,0,0,0,0,0,0,0,0,0,0,0,0,0,0,0,0,0,0,0,0,0,0,0,0,0,0,0,0,0,0,0,0,2026-04-09
[หนังสือ] กับดักความรู้สึกผิด,[หนังสือ] กับดักความรู้สึกผิด,26412.48,24366.92,0,743.54,713.56,388.46,200,0,0,0,0,58671.56,23051,0,7491.9,987,24297,754.66,1392,0,698,0,45.02,105.71,0,9.92,72.3,27.91,0.82,0,0,0,0,2026-04-09
[หนังสือ] กับดักความรู้สึกผิด,*OPD [E-BOOK] กับดักความรู้สึกผิด,0,0,0,0,0,0,0,0,0,0,0,180,180,0,0,0,0,0,0,0,0,0,0,0,0,0,0,0,0,0,0,0,0,2026-04-09
[หนังสือ] กว่าจะคิดได้ ก็ไม่มีลมหายใจแล้ว (IT IS NEVER TOO LATE TO LOVE YOURSELF),[หนังสือ] กว่าจะคิดได้ ก็ไม่มีลมหายใจแล้ว (IT IS NEVER TOO LATE TO LOVE YOURSELF),0,0,0,0,0,0,0,0,0,0,0,785,200,0,585,0,0,0,0,0,0,0,0,0,0,0,0,0,0,0,0,0,0,2026-04-09
[หนังสือ] กว่าจะคิดได้ ก็ไม่มีลมหายใจแล้ว (IT IS NEVER TOO LATE TO LOVE YOURSELF),*OPD [E-BOOK] กว่าจะคิดได้ ก็ไม่มีลมหายใจแล้ว (IT IS NEVER TOO LATE TO LOVE YOURSELF),0,0,0,0,0,0,0,0,0,0,0,0,0,0,0,0,0,0,0,0,0,0,0,0,0,0,0,0,0,0,0,0,0,2026-04-09
[หนังสือ] THE WITCHES' CLUB ชมรมลับเปลี่ยนชีวิต,[หนังสือ] THE WITCHES' CLUB ชมรมลับเปลี่ยนชีวิต,3992.65,616.68,0,2300.08,975.89,0,100,0,0,0,0,1734.65,0,0,954.65,0,780,0,0,0,0,0,230.17,0,0,240.93,0,0,12.82,0,0,0,0,2026-04-09
[หนังสือ] THE WITCHES' CLUB ชมรมลับเปลี่ยนชีวิต,*OPD [E-BOOK] THE WITCHES' CLUB ชมรมลับเปลี่ยนชีวิต,0,0,0,0,0,0,0,0,0,0,0,0,0,0,0,0,0,0,0,0,0,0,0,0,0,0,0,0,0,0,0,0,0,2026-04-09
[หนังสือ] THE WITCHES' CLUB ชมรมลับเปลี่ยนชีวิต,*[E-BOOK] THE WITCHES' CLUB ชมรมลับเปลี่ยนชีวิต,0,0,0,0,0,0,0,0,0,0,0,0,0,0,0,0,0,0,0,0,0,0,0,0,0,0,0,0,0,0,0,0,0,2026-04-09
[หนังสือ] THE WITCHES' CLUB ชมรมลับเปลี่ยนชีวิต,[หนังสือ] BOXSET THE WITCHES' CLUB ชมรมลับเปลี่ยนชีวิต,0,0,0,0,0,0,0,0,0,0,0,9999,0,0,7734,0,1766,0,0,0,499,0,0,0,0,0,0,0,0,0,0,0,0,2026-04-09
[หนังสือ] MY LAST BOOK (A GENTLE GUIDE AND PREPARATION FOR LIFE’S FINAL CHAPTER),[หนังสือ] MY LAST BOOK (A GENTLE GUIDE AND PREPARATION FOR LIFE’S FINAL CHAPTER),0,0,0,0,0,0,0,0,0,0,0,300,0,0,0,0,0,0,0,0,300,0,0,0,0,0,0,0,0,0,0,0,0,2026-04-09
[หนังสือ] GHOSTLY REMAINS ปลดพันธนาการดวงวิญญาณหลังความตาย,[หนังสือ] GHOSTLY REMAINS ปลดพันธนาการดวงวิญญาณหลังความตาย,472.99,128.33,0,92.73,251.93,0,0,0,0,0,0,6262.34,1397,0,3387.34,0,1478,0,0,0,0,0,7.55,9.19,0,2.74,0,0,0,0,0,0,0,2026-04-09
[หนังสือ] GHOSTLY BREWS ยินดีบริการดวงวิญญาณหลังเที่ยงคืน,[หนังสือ] GHOSTLY BREWS ยินดีบริการดวงวิญญาณหลังเที่ยงคืน,2530.3,863.82,0,456.46,1210.02,0,0,0,0,0,0,10528,1290,0,7197,299,1742,0,0,0,0,0,24.03,66.96,0,6.34,404.69,0,0,0,0,0,0,2026-04-09
[หนังสือ] GHOSTLY BREWS ยินดีบริการดวงวิญญาณหลังเที่ยงคืน,*OPD [E-BOOK] GHOSTLY BREWS ยินดีบริการดวงวิญญาณหลังเที่ยงคืน,0,0,0,0,0,0,0,0,0,0,0,179,179,0,0,0,0,0,0,0,0,0,0,0,0,0,0,0,0,0,0,0,0,2026-04-09
[หนังสือ] GHOSTLY BREWS ยินดีบริการดวงวิญญาณหลังเที่ยงคืน,*[E-BOOK] GHOSTLY BREWS ยินดีบริการดวงวิญญาณหลังเที่ยงคืน,0,0,0,0,0,0,0,0,0,0,0,0,0,0,0,0,0,0,0,0,0,0,0,0,0,0,0,0,0,0,0,0,0,2026-04-09
[หนังสือ] ฉันจะมีชีวิตที่ดี,[หนังสือ] ฉันจะมีชีวิตที่ดี,308.41,0,0,25.2,283.21,0,0,0,0,0,0,1066.11,0,0,1066.11,0,0,0,0,0,0,0,28.93,0,0,2.36,0,0,0,0,0,0,0,2026-04-09
[หนังสือ] ฉันจะมีชีวิตที่ดี,*OPD [E-BOOK] ฉันจะมีชีวิตที่ดี,0,0,0,0,0,0,0,0,0,0,0,0,0,0,0,0,0,0,0,0,0,0,0,0,0,0,0,0,0,0,0,0,0,2026-04-09
[หนังสือ] ชีวิตมีเรื่องให้ขอบคุณมากกว่าเสียใจ,[หนังสือ] ชีวิตมีเรื่องให้ขอบคุณมากกว่าเสียใจ,208.76,0,0,14.28,194.48,0,0,0,0,0,0,275,0,0,275,0,0,0,0,0,0,0,75.91,0,0,5.19,0,0,0,0,0,0,0,2026-04-10
[หนังสือ] ชีวิตมีเรื่องให้ขอบคุณมากกว่าเสียใจ,*OPD [E-BOOK] ชีวิตมีเรื่องให้ขอบคุณมากกว่าเสียใจ,0,0,0,0,0,0,0,0,0,0,0,0,0,0,0,0,0,0,0,0,0,0,0,0,0,0,0,0,0,0,0,0,0,2026-04-10
[หนังสือ] เมื่อโลกทั้งใบซ่อนอยู่ใต้หมวกกันน็อก (HELMET GIRL),[หนังสือ] เมื่อโลกทั้งใบซ่อนอยู่ใต้หมวกกันน็อก (HELMET GIRL),0,0,0,0,0,0,0,0,0,0,0,0,0,0,0,0,0,0,0,0,0,0,0,0,0,0,0,0,0,0,0,0,0,2026-04-10
[หนังสือ] เมื่อโลกทั้งใบซ่อนอยู่ใต้หมวกกันน็อก (HELMET GIRL),*OPD [E-BOOK] เมื่อโลกทั้งใบซ่อนอยู่ใต้หมวกกันน็อก (HELMET GIRL),0,0,0,0,0,0,0,0,0,0,0,0,0,0,0,0,0,0,0,0,0,0,0,0,0,0,0,0,0,0,0,0,0,2026-04-10
[หนังสือ] เมื่อโลกทั้งใบซ่อนอยู่ใต้หมวกกันน็อก (HELMET GIRL),[หนังสือ] BOXSET เมื่อโลกทั้งใบซ่อนอยู่ใต้หมวกกันน็อก (HELMET GIRL),0,0,0,0,0,0,0,0,0,0,0,519,0,0,519,0,0,0,0,0,0,0,0,0,0,0,0,0,0,0,0,0,0,2026-04-10
[หนังสือ] วันไหนที่ใจแข็งแรง ดอกไม้จะผลิบาน THE ENCHANTED GARDEN,[หนังสือ] วันไหนที่ใจแข็งแรง ดอกไม้จะผลิบาน THE ENCHANTED GARDEN,806,0,0,336.01,469.99,0,0,0,0,0,0,1197,0,0,1197,0,0,0,0,0,0,0,67.34,0,0,28.07,0,0,0,0,0,0,0,2026-04-10
[หนังสือ] วันไหนที่ใจแข็งแรง ดอกไม้จะผลิบาน THE ENCHANTED GARDEN,*OPD [E-BOOK] วันไหนที่ใจแข็งแรง ดอกไม้จะผลิบาน THE ENCHANTED GARDEN,0,0,0,0,0,0,0,0,0,0,0,0,0,0,0,0,0,0,0,0,0,0,0,0,0,0,0,0,0,0,0,0,0,2026-04-10
[หนังสือ] วันไหนที่ใจแข็งแรง ดอกไม้จะผลิบาน THE ENCHANTED GARDEN,[หนังสือ] สวนของหัวใจ BLOSSOMS OF THE SOUL’S GARDEN,0,0,0,0,0,0,0,0,0,0,0,892,400,0,0,0,492,0,0,0,0,0,0,0,0,0,0,0,0,0,0,0,0,2026-04-10
[หนังสือ] ยินดีต้อนรับและขอบคุณที่กลับมา,[หนังสือ] ยินดีต้อนรับและขอบคุณที่กลับมา,235.21,0,0,171.13,64.08,0,0,0,0,0,0,849,200,0,649,0,0,0,0,0,0,0,27.7,0,0,26.37,0,0,0,0,0,0,0,2026-04-10
[หนังสือ] ยินดีต้อนรับและขอบคุณที่กลับมา,*OPD [E-BOOK] ยินดีต้อนรับและขอบคุณที่กลับมา,0,0,0,0,0,0,0,0,0,0,0,0,0,0,0,0,0,0,0,0,0,0,0,0,0,0,0,0,0,0,0,0,0,2026-04-10
[หนังสือ] ปีศาจตัวนั้น คือฉันเอง A GUIDE TO FIGHT THE DEMONS IN MY HEART,[หนังสือ] ปีศาจตัวนั้น คือฉันเอง A GUIDE TO FIGHT THE DEMONS IN MY HEART,6553.04,0,0,875.08,5599.64,0,78.32,0,0,0,0,0,0,0,0,0,0,0,0,0,0,0,0,0,0,0,0,0,0,0,0,0,0,2026-04-10
[หนังสือ] ปีศาจตัวนั้น คือฉันเอง A GUIDE TO FIGHT THE DEMONS IN MY HEART,*[E-BOOK] ปีศาจตัวนั้น คือฉันเอง A GUIDE TO FIGHTING THE DEMONS IN MY HEART,0,0,0,0,0,0,0,0,0,0,0,0,0,0,0,0,0,0,0,0,0,0,0,0,0,0,0,0,0,0,0,0,0,2026-04-10
[หนังสือ] ปีศาจตัวนั้น คือฉันเอง A GUIDE TO FIGHT THE DEMONS IN MY HEART,[หนังสือ] ปีศาจตัวนั้น คือฉันเอง A GUIDE TO FIGHTING THE DEMONS IN MY HEART,0,0,0,0,0,0,0,0,0,0,0,13578,600,0,10250,0,2040,0,688,0,0,0,0,0,0,0,0,0,0,0,0,0,0,2026-04-10
[หนังสือ] ปีศาจตัวนั้น คือฉันเอง 2 A GUIDE TO OVERCOMING THE RETURN OF THE DEMONS,[หนังสือ] ปีศาจตัวนั้น คือฉันเอง 2 A GUIDE TO OVERCOMING THE RETURN OF THE DEMONS,1059.3,60.41,0,453,445.89,0,100,0,0,0,0,4347,0,0,2144,0,2203,0,0,0,0,0,24.37,0,0,21.13,0,0,4.54,0,0,0,0,2026-04-10
[หนังสือ] ปีศาจตัวนั้น คือฉันเอง 2 A GUIDE TO OVERCOMING THE RETURN OF THE DEMONS,*OPD [E-BOOK] ปีศาจตัวนั้น คือฉันเอง 2 A GUIDE TO OVERCOMING THE RETURN OF THE DEMONS,0,0,0,0,0,0,0,0,0,0,0,0,0,0,0,0,0,0,0,0,0,0,0,0,0,0,0,0,0,0,0,0,0,2026-04-10
[หนังสือ] ปีศาจความรักมักเลือกฉันเป็นเหยื่อ HOW TO FIGHT THE LOVE DEMON IN MY HEART,[หนังสือ] ปีศาจความรักมักเลือกฉันเป็นเหยื่อ HOW TO FIGHT THE LOVE DEMON IN MY HEART,177.72,0,0,26.68,151.04,0,0,0,0,0,0,1873,0,0,598,0,1275,0,0,0,0,0,9.49,0,0,4.46,0,0,0,0,0,0,0,2026-04-10
[หนังสือ] ปีศาจความรักมักเลือกฉันเป็นเหยื่อ HOW TO FIGHT THE LOVE DEMON IN MY HEART,*OPD [E-BOOK] ปีศาจความรักมักเลือกฉันเป็นเหยื่อ HOW TO FIGHT THE LOVE DEMON IN MY HEART,0,0,0,0,0,0,0,0,0,0,0,0,0,0,0,0,0,0,0,0,0,0,0,0,0,0,0,0,0,0,0,0,0,2026-04-10
[หนังสือ] ถ้าโลกมันแย่ ก็แค่คิดแบบคาปิบาร่า THINK LIKE A HAPPYBARA,[หนังสือ] ถ้าโลกมันแย่ ก็แค่คิดแบบคาปิบาร่า THINK LIKE A HAPPYBARA,267.75,0,0,74,193.75,0,0,0,0,0,0,0,0,0,0,0,0,0,0,0,0,0,0,0,0,0,0,0,0,0,0,0,0,2026-04-10
[หนังสือ] ถ้าโลกมันแย่ ก็แค่คิดแบบคาปิบาร่า THINK LIKE A HAPPYBARA,*OPD [E-BOOK] ถ้าโลกมันแย่ ก็แค่คิดแบบคาปิบาร่า THINK LIKE A HAPPYBARA,0,0,0,0,0,0,0,0,0,0,0,0,0,0,0,0,0,0,0,0,0,0,0,0,0,0,0,0,0,0,0,0,0,2026-04-10
[หนังสือ] ถ้าโลกมันแย่ ก็แค่คิดแบบคาปิบาร่า THINK LIKE A HAPPYBARA,[หนังสือ] BOXSET ถ้าโลกมันแย่ ก็แค่คิดแบบคาปิบาร่า THINK LIKE A HAPPYBARA,0,0,0,0,0,0,0,0,0,0,0,0,0,0,0,0,0,0,0,0,0,0,0,0,0,0,0,0,0,0,0,0,0,2026-04-10
[หนังสือ] เหนื่อยมากไหม พักก่อนก็ได้นะวันนี้,[หนังสือ] เหนื่อยมากไหม พักก่อนก็ได้นะวันนี้,47.79,0,0,0,0,0,47.79,0,0,0,0,0,0,0,0,0,0,0,0,0,0,0,0,0,0,0,0,0,0,0,0,0,0,2026-04-10
[หนังสือ] ปีศาจตัวนั้น คือฉันเอง A GUIDE TO FIGHT THE DEMONS IN MY HEART,*OPD [E-BOOK] ปีศาจตัวนั้น คือฉันเอง A GUIDE TO FIGHTING THE DEMONS IN MY HEART,0,0,0,0,0,0,0,0,0,0,0,359,0,0,0,0,359,0,0,0,0,0,0,0,0,0,0,0,0,0,0,0,0,2026-04-10
[หนังสือ] เหนื่อยมากไหม พักก่อนก็ได้นะวันนี้,*OPD [E-BOOK] เหนื่อยมากไหม พักก่อนก็ได้นะวันนี้,0,0,0,0,0,0,0,0,0,0,0,0,0,0,0,0,0,0,0,0,0,0,0,0,0,0,0,0,0,0,0,0,0,2026-04-10
[หนังสือ] โอบกอดความไม่สมบูรณ์แบบของเธอ (EMBRACE YOUR FLAWS),[หนังสือ] โอบกอดความไม่สมบูรณ์แบบของเธอ (EMBRACE YOUR FLAWS),455.95,0,0,38.83,417.12,0,0,0,0,0,0,3228,0,0,3228,0,0,0,0,0,0,0,14.12,0,0,1.2,0,0,0,0,0,0,0,2026-04-10
[หนังสือ] โอบกอดความไม่สมบูรณ์แบบของเธอ (EMBRACE YOUR FLAWS),*OPD [E-BOOK] โอบกอดความไม่สมบูรณ์แบบของเธอ (EMBRACE YOUR FLAWS),0,0,0,0,0,0,0,0,0,0,0,0,0,0,0,0,0,0,0,0,0,0,0,0,0,0,0,0,0,0,0,0,0,2026-04-10
[หนังสือ] ความลับสู่เงินล้านที่โรงเรียนไม่เคยสอน (THE MILLIONAIRE'S TOP SECRET),[หนังสือ] ความลับสู่เงินล้านที่โรงเรียนไม่เคยสอน (THE MILLIONAIRE'S TOP SECRET),244.37,0,0,19.72,224.65,0,0,0,0,0,0,329,0,0,0,0,329,0,0,0,0,0,74.28,0,0,0,0,0,0,0,0,0,0,2026-04-10
[หนังสือ] ความลับสู่เงินล้านที่โรงเรียนไม่เคยสอน (THE MILLIONAIRE'S TOP SECRET),*OPD [E-BOOK] ความลับสู่เงินล้านที่โรงเรียนไม่เคยสอน (THE MILLIONAIRE'S TOP SECRET),0,0,0,0,0,0,0,0,0,0,0,0,0,0,0,0,0,0,0,0,0,0,0,0,0,0,0,0,0,0,0,0,0,2026-04-10
[หนังสือ] ขอใช้ชีวิตที่เหลือ เพื่อตัวเองนะ,[หนังสือ] ขอใช้ชีวิตที่เหลือ เพื่อตัวเองนะ,600.97,361.51,0,19.18,220.28,0,0,0,0,0,0,1387,400,0,987,0,0,0,0,0,0,0,43.33,90.38,0,1.94,0,0,0,0,0,0,0,2026-04-10
[หนังสือ] ขอใช้ชีวิตที่เหลือ เพื่อตัวเองนะ,*OPD [E-BOOK] ขอใช้ชีวิตที่เหลือ เพื่อตัวเองนะ,0,0,0,0,0,0,0,0,0,0,0,0,0,0,0,0,0,0,0,0,0,0,0,0,0,0,0,0,0,0,0,0,0,2026-04-10
[หนังสือ] กับดักความรู้สึกผิด,[หนังสือ] กับดักความรู้สึกผิด,23109.26,20568.18,0,1061.06,916.15,342.66,221.21,0,0,0,0,43654,19585,0,3978,0,16966,389,2377,0,359,0,52.94,105.02,0,26.67,0,14.42,1.3,0,0,0,0,2026-04-10
[หนังสือ] กับดักความรู้สึกผิด,*OPD [E-BOOK] กับดักความรู้สึกผิด,0,0,0,0,0,0,0,0,0,0,0,898,898,0,0,0,0,0,0,0,0,0,0,0,0,0,0,0,0,0,0,0,0,2026-04-10
[หนังสือ] กว่าจะคิดได้ ก็ไม่มีลมหายใจแล้ว (IT IS NEVER TOO LATE TO LOVE YOURSELF),[หนังสือ] กว่าจะคิดได้ ก็ไม่มีลมหายใจแล้ว (IT IS NEVER TOO LATE TO LOVE YOURSELF),0,0,0,0,0,0,0,0,0,0,0,1196,0,0,1196,0,0,0,0,0,0,0,0,0,0,0,0,0,0,0,0,0,0,2026-04-10
[หนังสือ] กว่าจะคิดได้ ก็ไม่มีลมหายใจแล้ว (IT IS NEVER TOO LATE TO LOVE YOURSELF),*OPD [E-BOOK] กว่าจะคิดได้ ก็ไม่มีลมหายใจแล้ว (IT IS NEVER TOO LATE TO LOVE YOURSELF),0,0,0,0,0,0,0,0,0,0,0,0,0,0,0,0,0,0,0,0,0,0,0,0,0,0,0,0,0,0,0,0,0,2026-04-10
[หนังสือ] เหนื่อยมากไหม พักก่อนก็ได้นะวันนี้,[หนังสือ] BOXSET เหนื่อยมากไหม พักก่อนก็ได้นะวันนี้,0,0,0,0,0,0,0,0,0,0,0,590,0,0,0,0,590,0,0,0,0,0,0,0,0,0,0,0,0,0,0,0,0,2026-04-10
[หนังสือ] THE WITCHES' CLUB ชมรมลับเปลี่ยนชีวิต,[หนังสือ] THE WITCHES' CLUB ชมรมลับเปลี่ยนชีวิต,2413.25,415.84,0,1153.48,743.93,0,100,0,0,0,0,299,0,0,299,0,0,0,0,0,0,0,807.11,0,0,385.78,0,0,0,0,0,0,0,2026-04-10
[หนังสือ] THE WITCHES' CLUB ชมรมลับเปลี่ยนชีวิต,*OPD [E-BOOK] THE WITCHES' CLUB ชมรมลับเปลี่ยนชีวิต,0,0,0,0,0,0,0,0,0,0,0,179,179,0,0,0,0,0,0,0,0,0,0,0,0,0,0,0,0,0,0,0,0,2026-04-10
[หนังสือ] THE WITCHES' CLUB ชมรมลับเปลี่ยนชีวิต,*[E-BOOK] THE WITCHES' CLUB ชมรมลับเปลี่ยนชีวิต,0,0,0,0,0,0,0,0,0,0,0,0,0,0,0,0,0,0,0,0,0,0,0,0,0,0,0,0,0,0,0,0,0,2026-04-10
[หนังสือ] THE WITCHES' CLUB ชมรมลับเปลี่ยนชีวิต,[หนังสือ] BOXSET THE WITCHES' CLUB ชมรมลับเปลี่ยนชีวิต,0,0,0,0,0,0,0,0,0,0,0,5170,499,0,4671,0,0,0,0,0,0,0,0,0,0,0,0,0,0,0,0,0,0,2026-04-10
[หนังสือ] GHOSTLY REMAINS ปลดพันธนาการดวงวิญญาณหลังความตาย,[หนังสือ] GHOSTLY REMAINS ปลดพันธนาการดวงวิญญาณหลังความตาย,440.78,228.83,0,78.28,133.67,0,0,0,0,0,0,1777,659,0,379,0,739,0,0,0,0,0,24.8,34.72,0,20.65,0,0,0,0,0,0,0,2026-04-10
[หนังสือ] GHOSTLY BREWS ยินดีบริการดวงวิญญาณหลังเที่ยงคืน,[หนังสือ] GHOSTLY BREWS ยินดีบริการดวงวิญญาณหลังเที่ยงคืน,1864.47,1111.68,0,267.86,484.93,0,0,0,0,0,0,4319,0,0,2863,0,1456,0,0,0,0,0,43.17,0,0,9.36,0,0,0,0,0,0,0,2026-04-10
[หนังสือ] GHOSTLY BREWS ยินดีบริการดวงวิญญาณหลังเที่ยงคืน,*OPD [E-BOOK] GHOSTLY BREWS ยินดีบริการดวงวิญญาณหลังเที่ยงคืน,0,0,0,0,0,0,0,0,0,0,0,0,0,0,0,0,0,0,0,0,0,0,0,0,0,0,0,0,0,0,0,0,0,2026-04-10
[หนังสือ] GHOSTLY BREWS ยินดีบริการดวงวิญญาณหลังเที่ยงคืน,*[E-BOOK] GHOSTLY BREWS ยินดีบริการดวงวิญญาณหลังเที่ยงคืน,0,0,0,0,0,0,0,0,0,0,0,0,0,0,0,0,0,0,0,0,0,0,0,0,0,0,0,0,0,0,0,0,0,2026-04-10
[หนังสือ] ฉันจะมีชีวิตที่ดี,[หนังสือ] ฉันจะมีชีวิตที่ดี,204.6,0,0,17.94,186.66,0,0,0,0,0,0,880,0,0,290,0,590,0,0,0,0,0,23.25,0,0,6.19,0,0,0,0,0,0,0,2026-04-10
[หนังสือ] ฉันจะมีชีวิตที่ดี,*OPD [E-BOOK] ฉันจะมีชีวิตที่ดี,0,0,0,0,0,0,0,0,0,0,0,0,0,0,0,0,0,0,0,0,0,0,0,0,0,0,0,0,0,0,0,0,0,2026-04-10
[หนังสือ] ชีวิตมีเรื่องให้ขอบคุณมากกว่าเสียใจ,[หนังสือ] ชีวิตมีเรื่องให้ขอบคุณมากกว่าเสียใจ,217.38,0,0,17.66,199.72,0,0,0,0,0,0,0,0,0,0,0,0,0,0,0,0,0,0,0,0,0,0,0,0,0,0,0,0,2026-04-11
[หนังสือ] ชีวิตมีเรื่องให้ขอบคุณมากกว่าเสียใจ,*OPD [E-BOOK] ชีวิตมีเรื่องให้ขอบคุณมากกว่าเสียใจ,0,0,0,0,0,0,0,0,0,0,0,0,0,0,0,0,0,0,0,0,0,0,0,0,0,0,0,0,0,0,0,0,0,2026-04-11
[หนังสือ] เมื่อโลกทั้งใบซ่อนอยู่ใต้หมวกกันน็อก (HELMET GIRL),[หนังสือ] เมื่อโลกทั้งใบซ่อนอยู่ใต้หมวกกันน็อก (HELMET GIRL),0,0,0,0,0,0,0,0,0,0,0,0,0,0,0,0,0,0,0,0,0,0,0,0,0,0,0,0,0,0,0,0,0,2026-04-11
[หนังสือ] เมื่อโลกทั้งใบซ่อนอยู่ใต้หมวกกันน็อก (HELMET GIRL),*OPD [E-BOOK] เมื่อโลกทั้งใบซ่อนอยู่ใต้หมวกกันน็อก (HELMET GIRL),0,0,0,0,0,0,0,0,0,0,0,0,0,0,0,0,0,0,0,0,0,0,0,0,0,0,0,0,0,0,0,0,0,2026-04-11
[หนังสือ] เมื่อโลกทั้งใบซ่อนอยู่ใต้หมวกกันน็อก (HELMET GIRL),[หนังสือ] BOXSET เมื่อโลกทั้งใบซ่อนอยู่ใต้หมวกกันน็อก (HELMET GIRL),0,0,0,0,0,0,0,0,0,0,0,590,0,0,0,0,590,0,0,0,0,0,0,0,0,0,0,0,0,0,0,0,0,2026-04-11
[หนังสือ] วันไหนที่ใจแข็งแรง ดอกไม้จะผลิบาน THE ENCHANTED GARDEN,[หนังสือ] วันไหนที่ใจแข็งแรง ดอกไม้จะผลิบาน THE ENCHANTED GARDEN,447.6,0,0,195.59,252.01,0,0,0,0,0,0,905,0,0,0,0,905,0,0,0,0,0,49.46,0,0,0,0,0,0,0,0,0,0,2026-04-11
[หนังสือ] วันไหนที่ใจแข็งแรง ดอกไม้จะผลิบาน THE ENCHANTED GARDEN,*OPD [E-BOOK] วันไหนที่ใจแข็งแรง ดอกไม้จะผลิบาน THE ENCHANTED GARDEN,0,0,0,0,0,0,0,0,0,0,0,0,0,0,0,0,0,0,0,0,0,0,0,0,0,0,0,0,0,0,0,0,0,2026-04-11
[หนังสือ] วันไหนที่ใจแข็งแรง ดอกไม้จะผลิบาน THE ENCHANTED GARDEN,[หนังสือ] สวนของหัวใจ BLOSSOMS OF THE SOUL’S GARDEN,0,0,0,0,0,0,0,0,0,0,0,0,0,0,0,0,0,0,0,0,0,0,0,0,0,0,0,0,0,0,0,0,0,2026-04-11
[หนังสือ] ยินดีต้อนรับและขอบคุณที่กลับมา,[หนังสือ] ยินดีต้อนรับและขอบคุณที่กลับมา,206.91,0,0,157.84,49.07,0,0,0,0,0,0,1117,400,0,0,0,717,0,0,0,0,0,18.52,0,0,0,0,0,0,0,0,0,0,2026-04-11
[หนังสือ] ยินดีต้อนรับและขอบคุณที่กลับมา,*OPD [E-BOOK] ยินดีต้อนรับและขอบคุณที่กลับมา,0,0,0,0,0,0,0,0,0,0,0,0,0,0,0,0,0,0,0,0,0,0,0,0,0,0,0,0,0,0,0,0,0,2026-04-11
[หนังสือ] ปีศาจตัวนั้น คือฉันเอง A GUIDE TO FIGHT THE DEMONS IN MY HEART,[หนังสือ] ปีศาจตัวนั้น คือฉันเอง A GUIDE TO FIGHT THE DEMONS IN MY HEART,6639.35,0,0,1093.4,5445.95,0,100,0,0,0,0,0,0,0,0,0,0,0,0,0,0,0,0,0,0,0,0,0,0,0,0,0,0,2026-04-11
[หนังสือ] ปีศาจตัวนั้น คือฉันเอง A GUIDE TO FIGHT THE DEMONS IN MY HEART,*[E-BOOK] ปีศาจตัวนั้น คือฉันเอง A GUIDE TO FIGHTING THE DEMONS IN MY HEART,0,0,0,0,0,0,0,0,0,0,0,0,0,0,0,0,0,0,0,0,0,0,0,0,0,0,0,0,0,0,0,0,0,2026-04-11
[หนังสือ] ปีศาจตัวนั้น คือฉันเอง A GUIDE TO FIGHT THE DEMONS IN MY HEART,[หนังสือ] ปีศาจตัวนั้น คือฉันเอง A GUIDE TO FIGHTING THE DEMONS IN MY HEART,0,0,0,0,0,0,0,0,0,0,0,9329,979,0,6011,0,1761,578,0,0,0,0,0,0,0,0,0,0,0,0,0,0,0,2026-04-11
[หนังสือ] ปีศาจตัวนั้น คือฉันเอง 2 A GUIDE TO OVERCOMING THE RETURN OF THE DEMONS,[หนังสือ] ปีศาจตัวนั้น คือฉันเอง 2 A GUIDE TO OVERCOMING THE RETURN OF THE DEMONS,2916.94,122.01,0,440.38,2254.55,0,100,0,0,0,0,4961,600,0,2517,0,1844,0,0,0,0,0,58.8,20.34,0,17.5,0,0,5.42,0,0,0,0,2026-04-11
[หนังสือ] ปีศาจตัวนั้น คือฉันเอง 2 A GUIDE TO OVERCOMING THE RETURN OF THE DEMONS,*OPD [E-BOOK] ปีศาจตัวนั้น คือฉันเอง 2 A GUIDE TO OVERCOMING THE RETURN OF THE DEMONS,0,0,0,0,0,0,0,0,0,0,0,0,0,0,0,0,0,0,0,0,0,0,0,0,0,0,0,0,0,0,0,0,0,2026-04-11
[หนังสือ] ปีศาจความรักมักเลือกฉันเป็นเหยื่อ HOW TO FIGHT THE LOVE DEMON IN MY HEART,[หนังสือ] ปีศาจความรักมักเลือกฉันเป็นเหยื่อ HOW TO FIGHT THE LOVE DEMON IN MY HEART,209.81,0,0,23.06,186.75,0,0,0,0,0,0,299,0,0,299,0,0,0,0,0,0,0,70.17,0,0,7.71,0,0,0,0,0,0,0,2026-04-11
[หนังสือ] ปีศาจความรักมักเลือกฉันเป็นเหยื่อ HOW TO FIGHT THE LOVE DEMON IN MY HEART,*OPD [E-BOOK] ปีศาจความรักมักเลือกฉันเป็นเหยื่อ HOW TO FIGHT THE LOVE DEMON IN MY HEART,0,0,0,0,0,0,0,0,0,0,0,0,0,0,0,0,0,0,0,0,0,0,0,0,0,0,0,0,0,0,0,0,0,2026-04-11
[หนังสือ] ถ้าโลกมันแย่ ก็แค่คิดแบบคาปิบาร่า THINK LIKE A HAPPYBARA,[หนังสือ] ถ้าโลกมันแย่ ก็แค่คิดแบบคาปิบาร่า THINK LIKE A HAPPYBARA,268.12,0,0,60.31,207.81,0,0,0,0,0,0,815,0,0,0,0,815,0,0,0,0,0,32.9,0,0,0,0,0,0,0,0,0,0,2026-04-11
[หนังสือ] ถ้าโลกมันแย่ ก็แค่คิดแบบคาปิบาร่า THINK LIKE A HAPPYBARA,*OPD [E-BOOK] ถ้าโลกมันแย่ ก็แค่คิดแบบคาปิบาร่า THINK LIKE A HAPPYBARA,0,0,0,0,0,0,0,0,0,0,0,0,0,0,0,0,0,0,0,0,0,0,0,0,0,0,0,0,0,0,0,0,0,2026-04-11
[หนังสือ] ถ้าโลกมันแย่ ก็แค่คิดแบบคาปิบาร่า THINK LIKE A HAPPYBARA,[หนังสือ] BOXSET ถ้าโลกมันแย่ ก็แค่คิดแบบคาปิบาร่า THINK LIKE A HAPPYBARA,0,0,0,0,0,0,0,0,0,0,0,499,0,0,0,0,499,0,0,0,0,0,0,0,0,0,0,0,0,0,0,0,0,2026-04-11
[หนังสือ] เหนื่อยมากไหม พักก่อนก็ได้นะวันนี้,[หนังสือ] เหนื่อยมากไหม พักก่อนก็ได้นะวันนี้,0,0,0,0,0,0,0,0,0,0,0,0,0,0,0,0,0,0,0,0,0,0,0,0,0,0,0,0,0,0,0,0,0,2026-04-11
[หนังสือ] ปีศาจตัวนั้น คือฉันเอง A GUIDE TO FIGHT THE DEMONS IN MY HEART,*OPD [E-BOOK] ปีศาจตัวนั้น คือฉันเอง A GUIDE TO FIGHTING THE DEMONS IN MY HEART,0,0,0,0,0,0,0,0,0,0,0,359,0,0,0,0,359,0,0,0,0,0,0,0,0,0,0,0,0,0,0,0,0,2026-04-11
[หนังสือ] เหนื่อยมากไหม พักก่อนก็ได้นะวันนี้,*OPD [E-BOOK] เหนื่อยมากไหม พักก่อนก็ได้นะวันนี้,0,0,0,0,0,0,0,0,0,0,0,0,0,0,0,0,0,0,0,0,0,0,0,0,0,0,0,0,0,0,0,0,0,2026-04-11
[หนังสือ] โอบกอดความไม่สมบูรณ์แบบของเธอ (EMBRACE YOUR FLAWS),[หนังสือ] โอบกอดความไม่สมบูรณ์แบบของเธอ (EMBRACE YOUR FLAWS),285.87,0,0,18.3,267.57,0,0,0,0,0,0,518,0,0,518,0,0,0,0,0,0,0,55.19,0,0,3.53,0,0,0,0,0,0,0,2026-04-11
[หนังสือ] โอบกอดความไม่สมบูรณ์แบบของเธอ (EMBRACE YOUR FLAWS),*OPD [E-BOOK] โอบกอดความไม่สมบูรณ์แบบของเธอ (EMBRACE YOUR FLAWS),0,0,0,0,0,0,0,0,0,0,0,0,0,0,0,0,0,0,0,0,0,0,0,0,0,0,0,0,0,0,0,0,0,2026-04-11
[หนังสือ] ความลับสู่เงินล้านที่โรงเรียนไม่เคยสอน (THE MILLIONAIRE'S TOP SECRET),[หนังสือ] ความลับสู่เงินล้านที่โรงเรียนไม่เคยสอน (THE MILLIONAIRE'S TOP SECRET),361.65,0,0,16.29,345.36,0,0,0,0,0,0,849,199,0,650,0,0,0,0,0,0,0,42.6,0,0,2.51,0,0,0,0,0,0,0,2026-04-11
[หนังสือ] ความลับสู่เงินล้านที่โรงเรียนไม่เคยสอน (THE MILLIONAIRE'S TOP SECRET),*OPD [E-BOOK] ความลับสู่เงินล้านที่โรงเรียนไม่เคยสอน (THE MILLIONAIRE'S TOP SECRET),0,0,0,0,0,0,0,0,0,0,0,0,0,0,0,0,0,0,0,0,0,0,0,0,0,0,0,0,0,0,0,0,0,2026-04-11
[หนังสือ] ขอใช้ชีวิตที่เหลือ เพื่อตัวเองนะ,[หนังสือ] ขอใช้ชีวิตที่เหลือ เพื่อตัวเองนะ,584.69,364.68,0,19.24,200.77,0,0,0,0,0,0,828,529,0,0,0,299,0,0,0,0,0,70.61,68.94,0,0,0,0,0,0,0,0,0,2026-04-11
[หนังสือ] ขอใช้ชีวิตที่เหลือ เพื่อตัวเองนะ,*OPD [E-BOOK] ขอใช้ชีวิตที่เหลือ เพื่อตัวเองนะ,0,0,0,0,0,0,0,0,0,0,0,299,0,0,0,0,299,0,0,0,0,0,0,0,0,0,0,0,0,0,0,0,0,2026-04-11
[หนังสือ] กับดักความรู้สึกผิด,[หนังสือ] กับดักความรู้สึกผิด,18365.05,15816.7,0,881.65,1091.91,335.38,239.41,0,0,0,0,48321.5,20607,0,1645,0,22861,1098.5,1751,0,359,0,38.01,76.75,0,53.6,0,19.15,1.05,0,0,0,0,2026-04-11
[หนังสือ] กับดักความรู้สึกผิด,*OPD [E-BOOK] กับดักความรู้สึกผิด,0,0,0,0,0,0,0,0,0,0,0,0,0,0,0,0,0,0,0,0,0,0,0,0,0,0,0,0,0,0,0,0,0,2026-04-11
[หนังสือ] กว่าจะคิดได้ ก็ไม่มีลมหายใจแล้ว (IT IS NEVER TOO LATE TO LOVE YOURSELF),[หนังสือ] กว่าจะคิดได้ ก็ไม่มีลมหายใจแล้ว (IT IS NEVER TOO LATE TO LOVE YOURSELF),0,0,0,0,0,0,0,0,0,0,0,239,0,0,0,0,239,0,0,0,0,0,0,0,0,0,0,0,0,0,0,0,0,2026-04-11
[หนังสือ] กว่าจะคิดได้ ก็ไม่มีลมหายใจแล้ว (IT IS NEVER TOO LATE TO LOVE YOURSELF),*OPD [E-BOOK] กว่าจะคิดได้ ก็ไม่มีลมหายใจแล้ว (IT IS NEVER TOO LATE TO LOVE YOURSELF),0,0,0,0,0,0,0,0,0,0,0,0,0,0,0,0,0,0,0,0,0,0,0,0,0,0,0,0,0,0,0,0,0,2026-04-11
[หนังสือ] เหนื่อยมากไหม พักก่อนก็ได้นะวันนี้,[หนังสือ] BOXSET เหนื่อยมากไหม พักก่อนก็ได้นะวันนี้,0,0,0,0,0,0,0,0,0,0,0,949,499,0,450,0,0,0,0,0,0,0,0,0,0,0,0,0,0,0,0,0,0,2026-04-11
[หนังสือ] THE WITCHES' CLUB ชมรมลับเปลี่ยนชีวิต,[หนังสือ] THE WITCHES' CLUB ชมรมลับเปลี่ยนชีวิต,1563.21,521.2,0,612.93,380.73,0,48.35,0,0,0,0,588,300,0,0,0,0,0,288,0,0,0,265.85,173.73,0,0,0,0,0,0,0,0,0,2026-04-11
[หนังสือ] THE WITCHES' CLUB ชมรมลับเปลี่ยนชีวิต,*OPD [E-BOOK] THE WITCHES' CLUB ชมรมลับเปลี่ยนชีวิต,0,0,0,0,0,0,0,0,0,0,0,0,0,0,0,0,0,0,0,0,0,0,0,0,0,0,0,0,0,0,0,0,0,2026-04-11
[หนังสือ] THE WITCHES' CLUB ชมรมลับเปลี่ยนชีวิต,*[E-BOOK] THE WITCHES' CLUB ชมรมลับเปลี่ยนชีวิต,0,0,0,0,0,0,0,0,0,0,0,0,0,0,0,0,0,0,0,0,0,0,0,0,0,0,0,0,0,0,0,0,0,2026-04-11
[หนังสือ] THE WITCHES' CLUB ชมรมลับเปลี่ยนชีวิต,[หนังสือ] BOXSET THE WITCHES' CLUB ชมรมลับเปลี่ยนชีวิต,0,0,0,0,0,0,0,0,0,0,0,1417,400,0,429,0,588,0,0,0,0,0,0,0,0,0,0,0,0,0,0,0,0,2026-04-11
[หนังสือ] GHOSTLY REMAINS ปลดพันธนาการดวงวิญญาณหลังความตาย,[หนังสือ] GHOSTLY REMAINS ปลดพันธนาการดวงวิญญาณหลังความตาย,345.4,136.22,0,54.33,154.85,0,0,0,0,0,0,2537,1018,0,0,0,1519,0,0,0,0,0,13.61,13.38,0,0,0,0,0,0,0,0,0,2026-04-11
[หนังสือ] GHOSTLY BREWS ยินดีบริการดวงวิญญาณหลังเที่ยงคืน,[หนังสือ] GHOSTLY BREWS ยินดีบริการดวงวิญญาณหลังเที่ยงคืน,1918.84,1044.49,0,129.35,745,0,0,0,0,0,0,5746,2159,0,1824,0,1763,0,0,0,0,0,33.39,48.38,0,7.09,0,0,0,0,0,0,0,2026-04-11
[หนังสือ] GHOSTLY BREWS ยินดีบริการดวงวิญญาณหลังเที่ยงคืน,*OPD [E-BOOK] GHOSTLY BREWS ยินดีบริการดวงวิญญาณหลังเที่ยงคืน,0,0,0,0,0,0,0,0,0,0,0,0,0,0,0,0,0,0,0,0,0,0,0,0,0,0,0,0,0,0,0,0,0,2026-04-11
[หนังสือ] GHOSTLY BREWS ยินดีบริการดวงวิญญาณหลังเที่ยงคืน,*[E-BOOK] GHOSTLY BREWS ยินดีบริการดวงวิญญาณหลังเที่ยงคืน,0,0,0,0,0,0,0,0,0,0,0,0,0,0,0,0,0,0,0,0,0,0,0,0,0,0,0,0,0,0,0,0,0,2026-04-11
[หนังสือ] ฉันจะมีชีวิตที่ดี,[หนังสือ] ฉันจะมีชีวิตที่ดี,174.89,0,0,20.57,154.32,0,0,0,0,0,0,0,0,0,0,0,0,0,0,0,0,0,0,0,0,0,0,0,0,0,0,0,0,2026-04-11
[หนังสือ] ฉันจะมีชีวิตที่ดี,*OPD [E-BOOK] ฉันจะมีชีวิตที่ดี,0,0,0,0,0,0,0,0,0,0,0,0,0,0,0,0,0,0,0,0,0,0,0,0,0,0,0,0,0,0,0,0,0,2026-04-11
[หนังสือ] ชีวิตมีเรื่องให้ขอบคุณมากกว่าเสียใจ,[หนังสือ] ชีวิตมีเรื่องให้ขอบคุณมากกว่าเสียใจ,473.21,0,0,11.36,461.85,0,0,0,0,0,0,0,0,0,0,0,0,0,0,0,0,0,0,0,0,0,0,0,0,0,0,0,0,2026-04-12
[หนังสือ] ชีวิตมีเรื่องให้ขอบคุณมากกว่าเสียใจ,*OPD [E-BOOK] ชีวิตมีเรื่องให้ขอบคุณมากกว่าเสียใจ,0,0,0,0,0,0,0,0,0,0,0,0,0,0,0,0,0,0,0,0,0,0,0,0,0,0,0,0,0,0,0,0,0,2026-04-12
[หนังสือ] เมื่อโลกทั้งใบซ่อนอยู่ใต้หมวกกันน็อก (HELMET GIRL),[หนังสือ] เมื่อโลกทั้งใบซ่อนอยู่ใต้หมวกกันน็อก (HELMET GIRL),0,0,0,0,0,0,0,0,0,0,0,0,0,0,0,0,0,0,0,0,0,0,0,0,0,0,0,0,0,0,0,0,0,2026-04-12
[หนังสือ] เมื่อโลกทั้งใบซ่อนอยู่ใต้หมวกกันน็อก (HELMET GIRL),*OPD [E-BOOK] เมื่อโลกทั้งใบซ่อนอยู่ใต้หมวกกันน็อก (HELMET GIRL),0,0,0,0,0,0,0,0,0,0,0,358,358,0,0,0,0,0,0,0,0,0,0,0,0,0,0,0,0,0,0,0,0,2026-04-12
[หนังสือ] เมื่อโลกทั้งใบซ่อนอยู่ใต้หมวกกันน็อก (HELMET GIRL),[หนังสือ] BOXSET เมื่อโลกทั้งใบซ่อนอยู่ใต้หมวกกันน็อก (HELMET GIRL),0,0,0,0,0,0,0,0,0,0,0,0,0,0,0,0,0,0,0,0,0,0,0,0,0,0,0,0,0,0,0,0,0,2026-04-12
[หนังสือ] วันไหนที่ใจแข็งแรง ดอกไม้จะผลิบาน THE ENCHANTED GARDEN,[หนังสือ] วันไหนที่ใจแข็งแรง ดอกไม้จะผลิบาน THE ENCHANTED GARDEN,1164.28,0,0,206.13,918.25,0,39.9,0,0,0,0,0,0,0,0,0,0,0,0,0,0,0,0,0,0,0,0,0,0,0,0,0,0,2026-04-12
[หนังสือ] วันไหนที่ใจแข็งแรง ดอกไม้จะผลิบาน THE ENCHANTED GARDEN,*OPD [E-BOOK] วันไหนที่ใจแข็งแรง ดอกไม้จะผลิบาน THE ENCHANTED GARDEN,0,0,0,0,0,0,0,0,0,0,0,0,0,0,0,0,0,0,0,0,0,0,0,0,0,0,0,0,0,0,0,0,0,2026-04-12
[หนังสือ] วันไหนที่ใจแข็งแรง ดอกไม้จะผลิบาน THE ENCHANTED GARDEN,[หนังสือ] สวนของหัวใจ BLOSSOMS OF THE SOUL’S GARDEN,0,0,0,0,0,0,0,0,0,0,0,1798,800,0,0,0,998,0,0,0,0,0,0,0,0,0,0,0,0,0,0,0,0,2026-04-12
[หนังสือ] ยินดีต้อนรับและขอบคุณที่กลับมา,[หนังสือ] ยินดีต้อนรับและขอบคุณที่กลับมา,241.36,0,0,193.03,48.33,0,0,0,0,0,0,239,0,0,0,0,239,0,0,0,0,0,100.99,0,0,0,0,0,0,0,0,0,0,2026-04-12
[หนังสือ] ยินดีต้อนรับและขอบคุณที่กลับมา,*OPD [E-BOOK] ยินดีต้อนรับและขอบคุณที่กลับมา,0,0,0,0,0,0,0,0,0,0,0,0,0,0,0,0,0,0,0,0,0,0,0,0,0,0,0,0,0,0,0,0,0,2026-04-12
[หนังสือ] ปีศาจตัวนั้น คือฉันเอง A GUIDE TO FIGHT THE DEMONS IN MY HEART,[หนังสือ] ปีศาจตัวนั้น คือฉันเอง A GUIDE TO FIGHT THE DEMONS IN MY HEART,5231.33,0,0,1429.89,3701.44,0,100,0,0,0,0,0,0,0,0,0,0,0,0,0,0,0,0,0,0,0,0,0,0,0,0,0,0,2026-04-12
[หนังสือ] ปีศาจตัวนั้น คือฉันเอง A GUIDE TO FIGHT THE DEMONS IN MY HEART,*OPD [E-BOOK] ปีศาจตัวนั้น คือฉันเอง A GUIDE TO FIGHTING THE DEMONS IN MY HEART,0,0,0,0,0,0,0,0,0,0,0,179,179,0,0,0,0,0,0,0,0,0,0,0,0,0,0,0,0,0,0,0,0,2026-04-12
[หนังสือ] ปีศาจตัวนั้น คือฉันเอง A GUIDE TO FIGHT THE DEMONS IN MY HEART,*[E-BOOK] ปีศาจตัวนั้น คือฉันเอง A GUIDE TO FIGHTING THE DEMONS IN MY HEART,0,0,0,0,0,0,0,0,0,0,0,0,0,0,0,0,0,0,0,0,0,0,0,0,0,0,0,0,0,0,0,0,0,2026-04-12
[หนังสือ] ปีศาจตัวนั้น คือฉันเอง A GUIDE TO FIGHT THE DEMONS IN MY HEART,[หนังสือ] ปีศาจตัวนั้น คือฉันเอง A GUIDE TO FIGHTING THE DEMONS IN MY HEART,0,0,0,0,0,0,0,0,0,0,0,2228,1200,0,0,0,1028,0,0,0,0,0,0,0,0,0,0,0,0,0,0,0,0,2026-04-12
[หนังสือ] ปีศาจตัวนั้น คือฉันเอง 2 A GUIDE TO OVERCOMING THE RETURN OF THE DEMONS,[หนังสือ] ปีศาจตัวนั้น คือฉันเอง 2 A GUIDE TO OVERCOMING THE RETURN OF THE DEMONS,1805.06,157.24,0,379.38,1206.94,0,61.5,0,0,0,0,1938,1200,0,0,0,738,0,0,0,0,0,93.14,13.1,0,0,0,0,8.33,0,0,0,0,2026-04-12
[หนังสือ] ปีศาจตัวนั้น คือฉันเอง 2 A GUIDE TO OVERCOMING THE RETURN OF THE DEMONS,*OPD [E-BOOK] ปีศาจตัวนั้น คือฉันเอง 2 A GUIDE TO OVERCOMING THE RETURN OF THE DEMONS,0,0,0,0,0,0,0,0,0,0,0,0,0,0,0,0,0,0,0,0,0,0,0,0,0,0,0,0,0,0,0,0,0,2026-04-12
[หนังสือ] ปีศาจความรักมักเลือกฉันเป็นเหยื่อ HOW TO FIGHT THE LOVE DEMON IN MY HEART,[หนังสือ] ปีศาจความรักมักเลือกฉันเป็นเหยื่อ HOW TO FIGHT THE LOVE DEMON IN MY HEART,217.02,0,0,26.9,190.12,0,0,0,0,0,0,3688,1000,0,0,0,1890,798,0,0,0,0,5.88,0,0,0,0,0,0,0,0,0,0,2026-04-12
[หนังสือ] ปีศาจความรักมักเลือกฉันเป็นเหยื่อ HOW TO FIGHT THE LOVE DEMON IN MY HEART,*OPD [E-BOOK] ปีศาจความรักมักเลือกฉันเป็นเหยื่อ HOW TO FIGHT THE LOVE DEMON IN MY HEART,0,0,0,0,0,0,0,0,0,0,0,0,0,0,0,0,0,0,0,0,0,0,0,0,0,0,0,0,0,0,0,0,0,2026-04-12
[หนังสือ] ทุกความทรงจำคือของขวัญจากวันวาน,[หนังสือ] ทุกความทรงจำคือของขวัญจากวันวาน,0,0,0,0,0,0,0,0,0,0,0,400,400,0,0,0,0,0,0,0,0,0,0,0,0,0,0,0,0,0,0,0,0,2026-04-12
[หนังสือ] ทุกความทรงจำคือของขวัญจากวันวาน,*OPD [E-BOOK] ทุกความทรงจำคือของขวัญจากวันวาน,0,0,0,0,0,0,0,0,0,0,0,0,0,0,0,0,0,0,0,0,0,0,0,0,0,0,0,0,0,0,0,0,0,2026-04-12
[หนังสือ] ถ้าโลกมันแย่ ก็แค่คิดแบบคาปิบาร่า THINK LIKE A HAPPYBARA,[หนังสือ] ถ้าโลกมันแย่ ก็แค่คิดแบบคาปิบาร่า THINK LIKE A HAPPYBARA,357.67,0,0,62.01,295.66,0,0,0,0,0,0,1196,0,0,0,0,1196,0,0,0,0,0,29.91,0,0,0,0,0,0,0,0,0,0,2026-04-12
[หนังสือ] ถ้าโลกมันแย่ ก็แค่คิดแบบคาปิบาร่า THINK LIKE A HAPPYBARA,*OPD [E-BOOK] ถ้าโลกมันแย่ ก็แค่คิดแบบคาปิบาร่า THINK LIKE A HAPPYBARA,0,0,0,0,0,0,0,0,0,0,0,0,0,0,0,0,0,0,0,0,0,0,0,0,0,0,0,0,0,0,0,0,0,2026-04-12
[หนังสือ] ถ้าโลกมันแย่ ก็แค่คิดแบบคาปิบาร่า THINK LIKE A HAPPYBARA,[หนังสือ] BOXSET ถ้าโลกมันแย่ ก็แค่คิดแบบคาปิบาร่า THINK LIKE A HAPPYBARA,0,0,0,0,0,0,0,0,0,0,0,0,0,0,0,0,0,0,0,0,0,0,0,0,0,0,0,0,0,0,0,0,0,2026-04-12
[หนังสือ] เหนื่อยมากไหม พักก่อนก็ได้นะวันนี้,[หนังสือ] เหนื่อยมากไหม พักก่อนก็ได้นะวันนี้,0,0,0,0,0,0,0,0,0,0,0,0,0,0,0,0,0,0,0,0,0,0,0,0,0,0,0,0,0,0,0,0,0,2026-04-12
[หนังสือ] เหนื่อยมากไหม พักก่อนก็ได้นะวันนี้,*OPD [E-BOOK] เหนื่อยมากไหม พักก่อนก็ได้นะวันนี้,0,0,0,0,0,0,0,0,0,0,0,0,0,0,0,0,0,0,0,0,0,0,0,0,0,0,0,0,0,0,0,0,0,2026-04-12
[หนังสือ] เหนื่อยมากไหม พักก่อนก็ได้นะวันนี้,[หนังสือ] BOXSET เหนื่อยมากไหม พักก่อนก็ได้นะวันนี้,0,0,0,0,0,0,0,0,0,0,0,1590,800,0,0,0,390,0,0,0,400,0,0,0,0,0,0,0,0,0,0,0,0,2026-04-12
[หนังสือ] โอบกอดความไม่สมบูรณ์แบบของเธอ (EMBRACE YOUR FLAWS),[หนังสือ] โอบกอดความไม่สมบูรณ์แบบของเธอ (EMBRACE YOUR FLAWS),215.24,0,0,9.5,205.74,0,0,0,0,0,0,0,0,0,0,0,0,0,0,0,0,0,0,0,0,0,0,0,0,0,0,0,0,2026-04-12
[หนังสือ] โอบกอดความไม่สมบูรณ์แบบของเธอ (EMBRACE YOUR FLAWS),*OPD [E-BOOK] โอบกอดความไม่สมบูรณ์แบบของเธอ (EMBRACE YOUR FLAWS),0,0,0,0,0,0,0,0,0,0,0,0,0,0,0,0,0,0,0,0,0,0,0,0,0,0,0,0,0,0,0,0,0,2026-04-12
[หนังสือ] ความลับสู่เงินล้านที่โรงเรียนไม่เคยสอน (THE MILLIONAIRE'S TOP SECRET),[หนังสือ] ความลับสู่เงินล้านที่โรงเรียนไม่เคยสอน (THE MILLIONAIRE'S TOP SECRET),317.1,0,0,16.48,300.62,0,0,0,0,0,0,953,0,0,0,0,953,0,0,0,0,0,33.27,0,0,0,0,0,0,0,0,0,0,2026-04-12
[หนังสือ] ความลับสู่เงินล้านที่โรงเรียนไม่เคยสอน (THE MILLIONAIRE'S TOP SECRET),*OPD [E-BOOK] ความลับสู่เงินล้านที่โรงเรียนไม่เคยสอน (THE MILLIONAIRE'S TOP SECRET),0,0,0,0,0,0,0,0,0,0,0,0,0,0,0,0,0,0,0,0,0,0,0,0,0,0,0,0,0,0,0,0,0,2026-04-12
[หนังสือ] ขอใช้ชีวิตที่เหลือ เพื่อตัวเองนะ,[หนังสือ] ขอใช้ชีวิตที่เหลือ เพื่อตัวเองนะ,752.92,338.97,0,27.18,386.77,0,0,0,0,0,0,3283,2625,0,0,0,0,0,0,0,658,0,22.93,12.91,0,0,0,0,0,0,0,0,0,2026-04-12
[หนังสือ] ขอใช้ชีวิตที่เหลือ เพื่อตัวเองนะ,*OPD [E-BOOK] ขอใช้ชีวิตที่เหลือ เพื่อตัวเองนะ,0,0,0,0,0,0,0,0,0,0,0,0,0,0,0,0,0,0,0,0,0,0,0,0,0,0,0,0,0,0,0,0,0,2026-04-12
[หนังสือ] กับดักความรู้สึกผิด,[หนังสือ] กับดักความรู้สึกผิด,20065.69,15040.75,0,2376.1,1966.42,437.69,244.73,0,0,0,0,71346.33,35192,0,0,0,33304,377.33,0,0,2473,0,28.12,42.74,0,0,0,0,0.73,0,0,0,0,2026-04-12
[หนังสือ] กับดักความรู้สึกผิด,*OPD [E-BOOK] กับดักความรู้สึกผิด,0,0,0,0,0,0,0,0,0,0,0,540,540,0,0,0,0,0,0,0,0,0,0,0,0,0,0,0,0,0,0,0,0,2026-04-12
[หนังสือ] กว่าจะคิดได้ ก็ไม่มีลมหายใจแล้ว (IT IS NEVER TOO LATE TO LOVE YOURSELF),[หนังสือ] กว่าจะคิดได้ ก็ไม่มีลมหายใจแล้ว (IT IS NEVER TOO LATE TO LOVE YOURSELF),0,0,0,0,0,0,0,0,0,0,0,400,400,0,0,0,0,0,0,0,0,0,0,0,0,0,0,0,0,0,0,0,0,2026-04-12
[หนังสือ] กว่าจะคิดได้ ก็ไม่มีลมหายใจแล้ว (IT IS NEVER TOO LATE TO LOVE YOURSELF),*OPD [E-BOOK] กว่าจะคิดได้ ก็ไม่มีลมหายใจแล้ว (IT IS NEVER TOO LATE TO LOVE YOURSELF),0,0,0,0,0,0,0,0,0,0,0,0,0,0,0,0,0,0,0,0,0,0,0,0,0,0,0,0,0,0,0,0,0,2026-04-12
[หนังสือ] THE WITCHES' CLUB ชมรมลับเปลี่ยนชีวิต,[หนังสือ] THE WITCHES' CLUB ชมรมลับเปลี่ยนชีวิต,2197.15,488.66,0,810.72,870.95,0,26.82,0,0,0,0,299,0,0,0,0,299,0,0,0,0,0,734.83,0,0,0,0,0,8.97,0,0,0,0,2026-04-12
[หนังสือ] THE WITCHES' CLUB ชมรมลับเปลี่ยนชีวิต,*OPD [E-BOOK] THE WITCHES' CLUB ชมรมลับเปลี่ยนชีวิต,0,0,0,0,0,0,0,0,0,0,0,358,358,0,0,0,0,0,0,0,0,0,0,0,0,0,0,0,0,0,0,0,0,2026-04-12
[หนังสือ] THE WITCHES' CLUB ชมรมลับเปลี่ยนชีวิต,*[E-BOOK] THE WITCHES' CLUB ชมรมลับเปลี่ยนชีวิต,0,0,0,0,0,0,0,0,0,0,0,0,0,0,0,0,0,0,0,0,0,0,0,0,0,0,0,0,0,0,0,0,0,2026-04-12
[หนังสือ] THE WITCHES' CLUB ชมรมลับเปลี่ยนชีวิต,[หนังสือ] BOXSET THE WITCHES' CLUB ชมรมลับเปลี่ยนชีวิต,0,0,0,0,0,0,0,0,0,0,0,3493,3493,0,0,0,0,0,0,0,0,0,0,0,0,0,0,0,0,0,0,0,0,2026-04-12
[หนังสือ] MY LAST BOOK (A GENTLE GUIDE AND PREPARATION FOR LIFE’S FINAL CHAPTER),[หนังสือ] MY LAST BOOK (A GENTLE GUIDE AND PREPARATION FOR LIFE’S FINAL CHAPTER),0,0,0,0,0,0,0,0,0,0,0,1200,1200,0,0,0,0,0,0,0,0,0,0,0,0,0,0,0,0,0,0,0,0,2026-04-12
[หนังสือ] GHOSTLY REMAINS ปลดพันธนาการดวงวิญญาณหลังความตาย,[หนังสือ] GHOSTLY REMAINS ปลดพันธนาการดวงวิญญาณหลังความตาย,420.16,181.63,0,42.59,195.94,0,0,0,0,0,0,3696,1859,0,0,0,1478,0,0,359,0,0,11.37,9.77,0,0,0,0,0,0,0,0,0,2026-04-12
[หนังสือ] GHOSTLY BREWS ยินดีบริการดวงวิญญาณหลังเที่ยงคืน,[หนังสือ] GHOSTLY BREWS ยินดีบริการดวงวิญญาณหลังเที่ยงคืน,1894.99,1095.56,0,329.11,470.32,0,0,0,0,0,0,2614,900,0,0,0,1414,0,0,300,0,0,72.49,121.73,0,0,0,0,0,0,0,0,0,2026-04-12
[หนังสือ] GHOSTLY BREWS ยินดีบริการดวงวิญญาณหลังเที่ยงคืน,*OPD [E-BOOK] GHOSTLY BREWS ยินดีบริการดวงวิญญาณหลังเที่ยงคืน,0,0,0,0,0,0,0,0,0,0,0,0,0,0,0,0,0,0,0,0,0,0,0,0,0,0,0,0,0,0,0,0,0,2026-04-12
[หนังสือ] GHOSTLY BREWS ยินดีบริการดวงวิญญาณหลังเที่ยงคืน,*[E-BOOK] GHOSTLY BREWS ยินดีบริการดวงวิญญาณหลังเที่ยงคืน,0,0,0,0,0,0,0,0,0,0,0,0,0,0,0,0,0,0,0,0,0,0,0,0,0,0,0,0,0,0,0,0,0,2026-04-12
[หนังสือ] ฉันจะมีชีวิตที่ดี,[หนังสือ] ฉันจะมีชีวิตที่ดี,394.86,0,0,43.49,351.37,0,0,0,0,0,0,0,0,0,0,0,0,0,0,0,0,0,0,0,0,0,0,0,0,0,0,0,0,2026-04-12
[หนังสือ] ฉันจะมีชีวิตที่ดี,*OPD [E-BOOK] ฉันจะมีชีวิตที่ดี,0,0,0,0,0,0,0,0,0,0,0,0,0,0,0,0,0,0,0,0,0,0,0,0,0,0,0,0,0,0,0,0,0,2026-04-12
[หนังสือ] ชีวิตมีเรื่องให้ขอบคุณมากกว่าเสียใจ,[หนังสือ] ชีวิตมีเรื่องให้ขอบคุณมากกว่าเสียใจ,210.86,0,0,10.73,200.13,0,0,0,0,0,0,0,0,0,0,0,0,0,0,0,0,0,0,0,0,0,0,0,0,0,0,0,0,2026-04-13
[หนังสือ] ชีวิตมีเรื่องให้ขอบคุณมากกว่าเสียใจ,*OPD [E-BOOK] ชีวิตมีเรื่องให้ขอบคุณมากกว่าเสียใจ,0,0,0,0,0,0,0,0,0,0,0,0,0,0,0,0,0,0,0,0,0,0,0,0,0,0,0,0,0,0,0,0,0,2026-04-13
[หนังสือ] เมื่อโลกทั้งใบซ่อนอยู่ใต้หมวกกันน็อก (HELMET GIRL),[หนังสือ] เมื่อโลกทั้งใบซ่อนอยู่ใต้หมวกกันน็อก (HELMET GIRL),0,0,0,0,0,0,0,0,0,0,0,0,0,0,0,0,0,0,0,0,0,0,0,0,0,0,0,0,0,0,0,0,0,2026-04-13
[หนังสือ] เมื่อโลกทั้งใบซ่อนอยู่ใต้หมวกกันน็อก (HELMET GIRL),*OPD [E-BOOK] เมื่อโลกทั้งใบซ่อนอยู่ใต้หมวกกันน็อก (HELMET GIRL),0,0,0,0,0,0,0,0,0,0,0,0,0,0,0,0,0,0,0,0,0,0,0,0,0,0,0,0,0,0,0,0,0,2026-04-13
[หนังสือ] เมื่อโลกทั้งใบซ่อนอยู่ใต้หมวกกันน็อก (HELMET GIRL),[หนังสือ] BOXSET เมื่อโลกทั้งใบซ่อนอยู่ใต้หมวกกันน็อก (HELMET GIRL),0,0,0,0,0,0,0,0,0,0,0,1143,0,0,0,0,1143,0,0,0,0,0,0,0,0,0,0,0,0,0,0,0,0,2026-04-13
[หนังสือ] วันไหนที่ใจแข็งแรง ดอกไม้จะผลิบาน THE ENCHANTED GARDEN,[หนังสือ] วันไหนที่ใจแข็งแรง ดอกไม้จะผลิบาน THE ENCHANTED GARDEN,411.82,0,0,96.16,315.66,0,0,0,0,0,0,0,0,0,0,0,0,0,0,0,0,0,0,0,0,0,0,0,0,0,0,0,0,2026-04-13
[หนังสือ] วันไหนที่ใจแข็งแรง ดอกไม้จะผลิบาน THE ENCHANTED GARDEN,*OPD [E-BOOK] วันไหนที่ใจแข็งแรง ดอกไม้จะผลิบาน THE ENCHANTED GARDEN,0,0,0,0,0,0,0,0,0,0,0,0,0,0,0,0,0,0,0,0,0,0,0,0,0,0,0,0,0,0,0,0,0,2026-04-13
[หนังสือ] วันไหนที่ใจแข็งแรง ดอกไม้จะผลิบาน THE ENCHANTED GARDEN,[หนังสือ] สวนของหัวใจ BLOSSOMS OF THE SOUL’S GARDEN,0,0,0,0,0,0,0,0,0,0,0,0,0,0,0,0,0,0,0,0,0,0,0,0,0,0,0,0,0,0,0,0,0,2026-04-13
[หนังสือ] ยินดีต้อนรับและขอบคุณที่กลับมา,[หนังสือ] ยินดีต้อนรับและขอบคุณที่กลับมา,226.76,0,0,184.33,42.43,0,0,0,0,0,0,600,600,0,0,0,0,0,0,0,0,0,37.79,0,0,0,0,0,0,0,0,0,0,2026-04-13
[หนังสือ] ยินดีต้อนรับและขอบคุณที่กลับมา,*OPD [E-BOOK] ยินดีต้อนรับและขอบคุณที่กลับมา,0,0,0,0,0,0,0,0,0,0,0,0,0,0,0,0,0,0,0,0,0,0,0,0,0,0,0,0,0,0,0,0,0,2026-04-13
[หนังสือ] ปีศาจตัวนั้น คือฉันเอง A GUIDE TO FIGHT THE DEMONS IN MY HEART,[หนังสือ] ปีศาจตัวนั้น คือฉันเอง A GUIDE TO FIGHT THE DEMONS IN MY HEART,9245.47,0,0,2393.89,6783.57,0,68.01,0,0,0,0,0,0,0,0,0,0,0,0,0,0,0,0,0,0,0,0,0,0,0,0,0,0,2026-04-13
[หนังสือ] ปีศาจตัวนั้น คือฉันเอง A GUIDE TO FIGHT THE DEMONS IN MY HEART,*OPD [E-BOOK] ปีศาจตัวนั้น คือฉันเอง A GUIDE TO FIGHTING THE DEMONS IN MY HEART,0,0,0,0,0,0,0,0,0,0,0,0,0,0,0,0,0,0,0,0,0,0,0,0,0,0,0,0,0,0,0,0,0,2026-04-13
[หนังสือ] ปีศาจตัวนั้น คือฉันเอง A GUIDE TO FIGHT THE DEMONS IN MY HEART,*[E-BOOK] ปีศาจตัวนั้น คือฉันเอง A GUIDE TO FIGHTING THE DEMONS IN MY HEART,0,0,0,0,0,0,0,0,0,0,0,0,0,0,0,0,0,0,0,0,0,0,0,0,0,0,0,0,0,0,0,0,0,2026-04-13
[หนังสือ] ปีศาจตัวนั้น คือฉันเอง A GUIDE TO FIGHT THE DEMONS IN MY HEART,[หนังสือ] ปีศาจตัวนั้น คือฉันเอง A GUIDE TO FIGHTING THE DEMONS IN MY HEART,0,0,0,0,0,0,0,0,0,0,0,2220,600,0,0,0,1020,0,0,0,600,0,0,0,0,0,0,0,0,0,0,0,0,2026-04-13
[หนังสือ] ปีศาจตัวนั้น คือฉันเอง 2 A GUIDE TO OVERCOMING THE RETURN OF THE DEMONS,[หนังสือ] ปีศาจตัวนั้น คือฉันเอง 2 A GUIDE TO OVERCOMING THE RETURN OF THE DEMONS,962.45,94.26,0,346.94,421.25,0,100,0,0,0,0,1347,600,0,0,0,747,0,0,0,0,0,71.45,15.71,0,0,0,0,13.39,0,0,0,0,2026-04-13
[หนังสือ] ปีศาจตัวนั้น คือฉันเอง 2 A GUIDE TO OVERCOMING THE RETURN OF THE DEMONS,*OPD [E-BOOK] ปีศาจตัวนั้น คือฉันเอง 2 A GUIDE TO OVERCOMING THE RETURN OF THE DEMONS,0,0,0,0,0,0,0,0,0,0,0,0,0,0,0,0,0,0,0,0,0,0,0,0,0,0,0,0,0,0,0,0,0,2026-04-13
[หนังสือ] ปีศาจความรักมักเลือกฉันเป็นเหยื่อ HOW TO FIGHT THE LOVE DEMON IN MY HEART,[หนังสือ] ปีศาจความรักมักเลือกฉันเป็นเหยื่อ HOW TO FIGHT THE LOVE DEMON IN MY HEART,212.69,0,0,30.26,182.43,0,0,0,0,0,0,0,0,0,0,0,0,0,0,0,0,0,0,0,0,0,0,0,0,0,0,0,0,2026-04-13
[หนังสือ] ปีศาจความรักมักเลือกฉันเป็นเหยื่อ HOW TO FIGHT THE LOVE DEMON IN MY HEART,*OPD [E-BOOK] ปีศาจความรักมักเลือกฉันเป็นเหยื่อ HOW TO FIGHT THE LOVE DEMON IN MY HEART,0,0,0,0,0,0,0,0,0,0,0,0,0,0,0,0,0,0,0,0,0,0,0,0,0,0,0,0,0,0,0,0,0,2026-04-13
[หนังสือ] ทุกความทรงจำคือของขวัญจากวันวาน,[หนังสือ] ทุกความทรงจำคือของขวัญจากวันวาน,0,0,0,0,0,0,0,0,0,0,0,200,200,0,0,0,0,0,0,0,0,0,0,0,0,0,0,0,0,0,0,0,0,2026-04-13
[หนังสือ] ทุกความทรงจำคือของขวัญจากวันวาน,*OPD [E-BOOK] ทุกความทรงจำคือของขวัญจากวันวาน,0,0,0,0,0,0,0,0,0,0,0,0,0,0,0,0,0,0,0,0,0,0,0,0,0,0,0,0,0,0,0,0,0,2026-04-13
[หนังสือ] ถ้าโลกมันแย่ ก็แค่คิดแบบคาปิบาร่า THINK LIKE A HAPPYBARA,[หนังสือ] ถ้าโลกมันแย่ ก็แค่คิดแบบคาปิบาร่า THINK LIKE A HAPPYBARA,281.16,0,0,35.29,245.87,0,0,0,0,0,0,299,0,0,0,0,299,0,0,0,0,0,94.03,0,0,0,0,0,0,0,0,0,0,2026-04-13
[หนังสือ] ถ้าโลกมันแย่ ก็แค่คิดแบบคาปิบาร่า THINK LIKE A HAPPYBARA,*OPD [E-BOOK] ถ้าโลกมันแย่ ก็แค่คิดแบบคาปิบาร่า THINK LIKE A HAPPYBARA,0,0,0,0,0,0,0,0,0,0,0,0,0,0,0,0,0,0,0,0,0,0,0,0,0,0,0,0,0,0,0,0,0,2026-04-13
[หนังสือ] ถ้าโลกมันแย่ ก็แค่คิดแบบคาปิบาร่า THINK LIKE A HAPPYBARA,[หนังสือ] BOXSET ถ้าโลกมันแย่ ก็แค่คิดแบบคาปิบาร่า THINK LIKE A HAPPYBARA,0,0,0,0,0,0,0,0,0,0,0,400,400,0,0,0,0,0,0,0,0,0,0,0,0,0,0,0,0,0,0,0,0,2026-04-13
[หนังสือ] เหนื่อยมากไหม พักก่อนก็ได้นะวันนี้,[หนังสือ] เหนื่อยมากไหม พักก่อนก็ได้นะวันนี้,170.62,170.62,0,0,0,0,0,0,0,0,0,0,0,0,0,0,0,0,0,0,0,0,0,0,0,0,0,0,0,0,0,0,0,2026-04-13
[หนังสือ] เหนื่อยมากไหม พักก่อนก็ได้นะวันนี้,*OPD [E-BOOK] เหนื่อยมากไหม พักก่อนก็ได้นะวันนี้,0,0,0,0,0,0,0,0,0,0,0,0,0,0,0,0,0,0,0,0,0,0,0,0,0,0,0,0,0,0,0,0,0,2026-04-13
[หนังสือ] เหนื่อยมากไหม พักก่อนก็ได้นะวันนี้,[หนังสือ] BOXSET เหนื่อยมากไหม พักก่อนก็ได้นะวันนี้,0,0,0,0,0,0,0,0,0,0,0,0,0,0,0,0,0,0,0,0,0,0,0,0,0,0,0,0,0,0,0,0,0,2026-04-13
[หนังสือ] โอบกอดความไม่สมบูรณ์แบบของเธอ (EMBRACE YOUR FLAWS),[หนังสือ] โอบกอดความไม่สมบูรณ์แบบของเธอ (EMBRACE YOUR FLAWS),283.39,0,0,21.69,261.7,0,0,0,0,0,0,0,0,0,0,0,0,0,0,0,0,0,0,0,0,0,0,0,0,0,0,0,0,2026-04-13
[หนังสือ] โอบกอดความไม่สมบูรณ์แบบของเธอ (EMBRACE YOUR FLAWS),*OPD [E-BOOK] โอบกอดความไม่สมบูรณ์แบบของเธอ (EMBRACE YOUR FLAWS),0,0,0,0,0,0,0,0,0,0,0,0,0,0,0,0,0,0,0,0,0,0,0,0,0,0,0,0,0,0,0,0,0,2026-04-13
[หนังสือ] ความลับสู่เงินล้านที่โรงเรียนไม่เคยสอน (THE MILLIONAIRE'S TOP SECRET),[หนังสือ] ความลับสู่เงินล้านที่โรงเรียนไม่เคยสอน (THE MILLIONAIRE'S TOP SECRET),225.17,0,0,18.86,206.31,0,0,0,0,0,0,0,0,0,0,0,0,0,0,0,0,0,0,0,0,0,0,0,0,0,0,0,0,2026-04-13
[หนังสือ] ความลับสู่เงินล้านที่โรงเรียนไม่เคยสอน (THE MILLIONAIRE'S TOP SECRET),*OPD [E-BOOK] ความลับสู่เงินล้านที่โรงเรียนไม่เคยสอน (THE MILLIONAIRE'S TOP SECRET),0,0,0,0,0,0,0,0,0,0,0,299,0,0,0,0,299,0,0,0,0,0,0,0,0,0,0,0,0,0,0,0,0,2026-04-13
[หนังสือ] ขอใช้ชีวิตที่เหลือ เพื่อตัวเองนะ,[หนังสือ] ขอใช้ชีวิตที่เหลือ เพื่อตัวเองนะ,593.3,306.32,0,11.97,275.01,0,0,0,0,0,0,699,400,0,0,0,299,0,0,0,0,0,84.88,76.58,0,0,0,0,0,0,0,0,0,2026-04-13
[หนังสือ] ขอใช้ชีวิตที่เหลือ เพื่อตัวเองนะ,*OPD [E-BOOK] ขอใช้ชีวิตที่เหลือ เพื่อตัวเองนะ,0,0,0,0,0,0,0,0,0,0,0,0,0,0,0,0,0,0,0,0,0,0,0,0,0,0,0,0,0,0,0,0,0,2026-04-13
[หนังสือ] กับดักความรู้สึกผิด,[หนังสือ] กับดักความรู้สึกผิด,22335.14,19753.78,0,1165.7,749.7,403.59,262.37,0,0,0,0,56142.33,30259,0,0,0,21275,377.33,2436,0,1795,0,39.78,65.28,0,0,0,16.57,1.23,0,0,0,0,2026-04-13
[หนังสือ] กับดักความรู้สึกผิด,*OPD [E-BOOK] กับดักความรู้สึกผิด,0,0,0,0,0,0,0,0,0,0,0,0,0,0,0,0,0,0,0,0,0,0,0,0,0,0,0,0,0,0,0,0,0,2026-04-13
[หนังสือ] กว่าจะคิดได้ ก็ไม่มีลมหายใจแล้ว (IT IS NEVER TOO LATE TO LOVE YOURSELF),[หนังสือ] กว่าจะคิดได้ ก็ไม่มีลมหายใจแล้ว (IT IS NEVER TOO LATE TO LOVE YOURSELF),0,0,0,0,0,0,0,0,0,0,0,200,200,0,0,0,0,0,0,0,0,0,0,0,0,0,0,0,0,0,0,0,0,2026-04-13
[หนังสือ] กว่าจะคิดได้ ก็ไม่มีลมหายใจแล้ว (IT IS NEVER TOO LATE TO LOVE YOURSELF),*OPD [E-BOOK] กว่าจะคิดได้ ก็ไม่มีลมหายใจแล้ว (IT IS NEVER TOO LATE TO LOVE YOURSELF),0,0,0,0,0,0,0,0,0,0,0,0,0,0,0,0,0,0,0,0,0,0,0,0,0,0,0,0,0,0,0,0,0,2026-04-13
[หนังสือ] THE WITCHES' CLUB ชมรมลับเปลี่ยนชีวิต,[หนังสือ] THE WITCHES' CLUB ชมรมลับเปลี่ยนชีวิต,1655.99,669.96,0,527.34,376.22,0,82.47,0,0,0,0,898,300,0,0,0,598,0,0,0,0,0,184.41,223.32,0,0,0,0,13.79,0,0,0,0,2026-04-13
[หนังสือ] THE WITCHES' CLUB ชมรมลับเปลี่ยนชีวิต,*OPD [E-BOOK] THE WITCHES' CLUB ชมรมลับเปลี่ยนชีวิต,0,0,0,0,0,0,0,0,0,0,0,0,0,0,0,0,0,0,0,0,0,0,0,0,0,0,0,0,0,0,0,0,0,2026-04-13
[หนังสือ] THE WITCHES' CLUB ชมรมลับเปลี่ยนชีวิต,*[E-BOOK] THE WITCHES' CLUB ชมรมลับเปลี่ยนชีวิต,0,0,0,0,0,0,0,0,0,0,0,0,0,0,0,0,0,0,0,0,0,0,0,0,0,0,0,0,0,0,0,0,0,2026-04-13
[หนังสือ] THE WITCHES' CLUB ชมรมลับเปลี่ยนชีวิต,[หนังสือ] BOXSET THE WITCHES' CLUB ชมรมลับเปลี่ยนชีวิต,0,0,0,0,0,0,0,0,0,0,0,2974,1798,0,0,0,1176,0,0,0,0,0,0,0,0,0,0,0,0,0,0,0,0,2026-04-13
[หนังสือ] MY LAST BOOK (A GENTLE GUIDE AND PREPARATION FOR LIFE’S FINAL CHAPTER),[หนังสือ] MY LAST BOOK (A GENTLE GUIDE AND PREPARATION FOR LIFE’S FINAL CHAPTER),0,0,0,0,0,0,0,0,0,0,0,300,300,0,0,0,0,0,0,0,0,0,0,0,0,0,0,0,0,0,0,0,0,2026-04-13
[หนังสือ] GHOSTLY REMAINS ปลดพันธนาการดวงวิญญาณหลังความตาย,[หนังสือ] GHOSTLY REMAINS ปลดพันธนาการดวงวิญญาณหลังความตาย,447.46,228.2,0,25.58,193.68,0,0,0,0,0,0,1847,359,0,0,0,1129,0,0,0,359,0,24.23,63.57,0,0,0,0,0,0,0,0,0,2026-04-13
[หนังสือ] GHOSTLY BREWS ยินดีบริการดวงวิญญาณหลังเที่ยงคืน,[หนังสือ] GHOSTLY BREWS ยินดีบริการดวงวิญญาณหลังเที่ยงคืน,3214.46,1197.65,0,363.63,1653.18,0,0,0,0,0,0,2638,900,0,0,0,1116,0,322,0,300,0,121.85,133.07,0,0,0,0,0,0,0,0,0,2026-04-13
[หนังสือ] GHOSTLY BREWS ยินดีบริการดวงวิญญาณหลังเที่ยงคืน,*OPD [E-BOOK] GHOSTLY BREWS ยินดีบริการดวงวิญญาณหลังเที่ยงคืน,0,0,0,0,0,0,0,0,0,0,0,0,0,0,0,0,0,0,0,0,0,0,0,0,0,0,0,0,0,0,0,0,0,2026-04-13
[หนังสือ] GHOSTLY BREWS ยินดีบริการดวงวิญญาณหลังเที่ยงคืน,*[E-BOOK] GHOSTLY BREWS ยินดีบริการดวงวิญญาณหลังเที่ยงคืน,0,0,0,0,0,0,0,0,0,0,0,0,0,0,0,0,0,0,0,0,0,0,0,0,0,0,0,0,0,0,0,0,0,2026-04-13
[หนังสือ] ฉันจะมีชีวิตที่ดี,[หนังสือ] ฉันจะมีชีวิตที่ดี,962.81,0,0,32.26,930.55,0,0,0,0,0,0,590,0,0,0,0,590,0,0,0,0,0,163.19,0,0,0,0,0,0,0,0,0,0,2026-04-13
[หนังสือ] ฉันจะมีชีวิตที่ดี,*OPD [E-BOOK] ฉันจะมีชีวิตที่ดี,0,0,0,0,0,0,0,0,0,0,0,0,0,0,0,0,0,0,0,0,0,0,0,0,0,0,0,0,0,0,0,0,0,2026-04-13
[หนังสือ] ชีวิตมีเรื่องให้ขอบคุณมากกว่าเสียใจ,[หนังสือ] ชีวิตมีเรื่องให้ขอบคุณมากกว่าเสียใจ,275.79,0,0,11.91,263.88,0,0,0,0,0,0,275,0,0,0,275,0,0,0,0,0,0,100.29,0,0,0,95.96,0,0,0,0,0,0,2026-04-14
[หนังสือ] ชีวิตมีเรื่องให้ขอบคุณมากกว่าเสียใจ,*OPD [E-BOOK] ชีวิตมีเรื่องให้ขอบคุณมากกว่าเสียใจ,0,0,0,0,0,0,0,0,0,0,0,0,0,0,0,0,0,0,0,0,0,0,0,0,0,0,0,0,0,0,0,0,0,2026-04-14
[หนังสือ] เมื่อโลกทั้งใบซ่อนอยู่ใต้หมวกกันน็อก (HELMET GIRL),[หนังสือ] เมื่อโลกทั้งใบซ่อนอยู่ใต้หมวกกันน็อก (HELMET GIRL),0,0,0,0,0,0,0,0,0,0,0,0,0,0,0,0,0,0,0,0,0,0,0,0,0,0,0,0,0,0,0,0,0,2026-04-14
[หนังสือ] เมื่อโลกทั้งใบซ่อนอยู่ใต้หมวกกันน็อก (HELMET GIRL),*OPD [E-BOOK] เมื่อโลกทั้งใบซ่อนอยู่ใต้หมวกกันน็อก (HELMET GIRL),0,0,0,0,0,0,0,0,0,0,0,0,0,0,0,0,0,0,0,0,0,0,0,0,0,0,0,0,0,0,0,0,0,2026-04-14
[หนังสือ] เมื่อโลกทั้งใบซ่อนอยู่ใต้หมวกกันน็อก (HELMET GIRL),[หนังสือ] BOXSET เมื่อโลกทั้งใบซ่อนอยู่ใต้หมวกกันน็อก (HELMET GIRL),0,0,0,0,0,0,0,0,0,0,0,550,0,0,0,550,0,0,0,0,0,0,0,0,0,0,0,0,0,0,0,0,0,2026-04-14
[หนังสือ] วันไหนที่ใจแข็งแรง ดอกไม้จะผลิบาน THE ENCHANTED GARDEN,[หนังสือ] วันไหนที่ใจแข็งแรง ดอกไม้จะผลิบาน THE ENCHANTED GARDEN,385.44,0,0,88.73,296.71,0,0,0,0,0,0,897,0,0,299,0,598,0,0,0,0,0,42.97,0,0,29.68,0,0,0,0,0,0,0,2026-04-14
[หนังสือ] วันไหนที่ใจแข็งแรง ดอกไม้จะผลิบาน THE ENCHANTED GARDEN,*OPD [E-BOOK] วันไหนที่ใจแข็งแรง ดอกไม้จะผลิบาน THE ENCHANTED GARDEN,0,0,0,0,0,0,0,0,0,0,0,0,0,0,0,0,0,0,0,0,0,0,0,0,0,0,0,0,0,0,0,0,0,2026-04-14
[หนังสือ] วันไหนที่ใจแข็งแรง ดอกไม้จะผลิบาน THE ENCHANTED GARDEN,[หนังสือ] สวนของหัวใจ BLOSSOMS OF THE SOUL’S GARDEN,0,0,0,0,0,0,0,0,0,0,0,0,0,0,0,0,0,0,0,0,0,0,0,0,0,0,0,0,0,0,0,0,0,2026-04-14
[หนังสือ] ยินดีต้อนรับและขอบคุณที่กลับมา,[หนังสือ] ยินดีต้อนรับและขอบคุณที่กลับมา,222.51,0,0,180.61,41.9,0,0,0,0,0,0,1138,600,0,299,0,239,0,0,0,0,0,19.55,0,0,60.4,0,0,0,0,0,0,0,2026-04-14
[หนังสือ] ยินดีต้อนรับและขอบคุณที่กลับมา,*OPD [E-BOOK] ยินดีต้อนรับและขอบคุณที่กลับมา,0,0,0,0,0,0,0,0,0,0,0,0,0,0,0,0,0,0,0,0,0,0,0,0,0,0,0,0,0,0,0,0,0,2026-04-14
[หนังสือ] ปีศาจตัวนั้น คือฉันเอง A GUIDE TO FIGHT THE DEMONS IN MY HEART,[หนังสือ] ปีศาจตัวนั้น คือฉันเอง A GUIDE TO FIGHT THE DEMONS IN MY HEART,5135.12,0,0,654.76,4348.36,0,132,0,0,0,0,0,0,0,0,0,0,0,0,0,0,0,0,0,0,0,0,0,0,0,0,0,0,2026-04-14
[หนังสือ] ปีศาจตัวนั้น คือฉันเอง A GUIDE TO FIGHT THE DEMONS IN MY HEART,*OPD [E-BOOK] ปีศาจตัวนั้น คือฉันเอง A GUIDE TO FIGHTING THE DEMONS IN MY HEART,0,0,0,0,0,0,0,0,0,0,0,179,179,0,0,0,0,0,0,0,0,0,0,0,0,0,0,0,0,0,0,0,0,2026-04-14
[หนังสือ] ปีศาจตัวนั้น คือฉันเอง A GUIDE TO FIGHT THE DEMONS IN MY HEART,*[E-BOOK] ปีศาจตัวนั้น คือฉันเอง A GUIDE TO FIGHTING THE DEMONS IN MY HEART,0,0,0,0,0,0,0,0,0,0,0,0,0,0,0,0,0,0,0,0,0,0,0,0,0,0,0,0,0,0,0,0,0,2026-04-14
[หนังสือ] ปีศาจตัวนั้น คือฉันเอง A GUIDE TO FIGHT THE DEMONS IN MY HEART,[หนังสือ] ปีศาจตัวนั้น คือฉันเอง A GUIDE TO FIGHTING THE DEMONS IN MY HEART,0,0,0,0,0,0,0,0,0,0,0,18279,300,0,3343,11494,2842,0,0,0,300,0,0,0,0,0,0,0,0,0,0,0,0,2026-04-14
[หนังสือ] ปีศาจตัวนั้น คือฉันเอง 2 A GUIDE TO OVERCOMING THE RETURN OF THE DEMONS,[หนังสือ] ปีศาจตัวนั้น คือฉันเอง 2 A GUIDE TO OVERCOMING THE RETURN OF THE DEMONS,2844.48,90.56,0,1418.77,1242.25,0,92.9,0,0,0,0,7465,873,0,2138,3078,776,0,0,0,600,0,38.1,10.37,0,66.36,40.36,0,11.97,0,0,0,0,2026-04-14
[หนังสือ] ปีศาจตัวนั้น คือฉันเอง 2 A GUIDE TO OVERCOMING THE RETURN OF THE DEMONS,*OPD [E-BOOK] ปีศาจตัวนั้น คือฉันเอง 2 A GUIDE TO OVERCOMING THE RETURN OF THE DEMONS,0,0,0,0,0,0,0,0,0,0,0,0,0,0,0,0,0,0,0,0,0,0,0,0,0,0,0,0,0,0,0,0,0,2026-04-14
[หนังสือ] ปีศาจความรักมักเลือกฉันเป็นเหยื่อ HOW TO FIGHT THE LOVE DEMON IN MY HEART,[หนังสือ] ปีศาจความรักมักเลือกฉันเป็นเหยื่อ HOW TO FIGHT THE LOVE DEMON IN MY HEART,227.62,0,0,14.53,213.09,0,0,0,0,0,0,0,0,0,0,0,0,0,0,0,0,0,0,0,0,0,0,0,0,0,0,0,0,2026-04-14
[หนังสือ] ปีศาจความรักมักเลือกฉันเป็นเหยื่อ HOW TO FIGHT THE LOVE DEMON IN MY HEART,*OPD [E-BOOK] ปีศาจความรักมักเลือกฉันเป็นเหยื่อ HOW TO FIGHT THE LOVE DEMON IN MY HEART,0,0,0,0,0,0,0,0,0,0,0,0,0,0,0,0,0,0,0,0,0,0,0,0,0,0,0,0,0,0,0,0,0,2026-04-14
[หนังสือ] ทุกความทรงจำคือของขวัญจากวันวาน,[หนังสือ] ทุกความทรงจำคือของขวัญจากวันวาน,0,0,0,0,0,0,0,0,0,0,0,200,200,0,0,0,0,0,0,0,0,0,0,0,0,0,0,0,0,0,0,0,0,2026-04-14
[หนังสือ] ทุกความทรงจำคือของขวัญจากวันวาน,*OPD [E-BOOK] ทุกความทรงจำคือของขวัญจากวันวาน,0,0,0,0,0,0,0,0,0,0,0,0,0,0,0,0,0,0,0,0,0,0,0,0,0,0,0,0,0,0,0,0,0,2026-04-14
[หนังสือ] ถ้าโลกมันแย่ ก็แค่คิดแบบคาปิบาร่า THINK LIKE A HAPPYBARA,[หนังสือ] ถ้าโลกมันแย่ ก็แค่คิดแบบคาปิบาร่า THINK LIKE A HAPPYBARA,485.9,0,0,57.25,428.65,0,0,0,0,0,0,299,0,0,0,0,299,0,0,0,0,0,162.51,0,0,0,0,0,0,0,0,0,0,2026-04-14
[หนังสือ] ถ้าโลกมันแย่ ก็แค่คิดแบบคาปิบาร่า THINK LIKE A HAPPYBARA,*OPD [E-BOOK] ถ้าโลกมันแย่ ก็แค่คิดแบบคาปิบาร่า THINK LIKE A HAPPYBARA,0,0,0,0,0,0,0,0,0,0,0,0,0,0,0,0,0,0,0,0,0,0,0,0,0,0,0,0,0,0,0,0,0,2026-04-14
[หนังสือ] ถ้าโลกมันแย่ ก็แค่คิดแบบคาปิบาร่า THINK LIKE A HAPPYBARA,[หนังสือ] BOXSET ถ้าโลกมันแย่ ก็แค่คิดแบบคาปิบาร่า THINK LIKE A HAPPYBARA,0,0,0,0,0,0,0,0,0,0,0,649,400,0,0,249,0,0,0,0,0,0,0,0,0,0,0,0,0,0,0,0,0,2026-04-14
[หนังสือ] เหนื่อยมากไหม พักก่อนก็ได้นะวันนี้,[หนังสือ] เหนื่อยมากไหม พักก่อนก็ได้นะวันนี้,187.18,187.18,0,0,0,0,0,0,0,0,0,0,0,0,0,0,0,0,0,0,0,0,0,0,0,0,0,0,0,0,0,0,0,2026-04-14
[หนังสือ] เหนื่อยมากไหม พักก่อนก็ได้นะวันนี้,*OPD [E-BOOK] เหนื่อยมากไหม พักก่อนก็ได้นะวันนี้,0,0,0,0,0,0,0,0,0,0,0,0,0,0,0,0,0,0,0,0,0,0,0,0,0,0,0,0,0,0,0,0,0,2026-04-14
[หนังสือ] เหนื่อยมากไหม พักก่อนก็ได้นะวันนี้,[หนังสือ] BOXSET เหนื่อยมากไหม พักก่อนก็ได้นะวันนี้,0,0,0,0,0,0,0,0,0,0,0,390,0,0,0,0,390,0,0,0,0,0,0,0,0,0,0,0,0,0,0,0,0,2026-04-14
[หนังสือ] โอบกอดความไม่สมบูรณ์แบบของเธอ (EMBRACE YOUR FLAWS),[หนังสือ] โอบกอดความไม่สมบูรณ์แบบของเธอ (EMBRACE YOUR FLAWS),205.34,0,0,8.94,196.4,0,0,0,0,0,0,1654,0,0,279,1375,0,0,0,0,0,0,12.41,0,0,3.2,14.28,0,0,0,0,0,0,2026-04-14
[หนังสือ] โอบกอดความไม่สมบูรณ์แบบของเธอ (EMBRACE YOUR FLAWS),*OPD [E-BOOK] โอบกอดความไม่สมบูรณ์แบบของเธอ (EMBRACE YOUR FLAWS),0,0,0,0,0,0,0,0,0,0,0,0,0,0,0,0,0,0,0,0,0,0,0,0,0,0,0,0,0,0,0,0,0,2026-04-14
[หนังสือ] ความลับสู่เงินล้านที่โรงเรียนไม่เคยสอน (THE MILLIONAIRE'S TOP SECRET),[หนังสือ] ความลับสู่เงินล้านที่โรงเรียนไม่เคยสอน (THE MILLIONAIRE'S TOP SECRET),437.37,0,0,45.28,392.09,0,0,0,0,0,0,2266,0,0,0,1625,641,0,0,0,0,0,19.3,0,0,0,24.13,0,0,0,0,0,0,2026-04-14
[หนังสือ] ความลับสู่เงินล้านที่โรงเรียนไม่เคยสอน (THE MILLIONAIRE'S TOP SECRET),*OPD [E-BOOK] ความลับสู่เงินล้านที่โรงเรียนไม่เคยสอน (THE MILLIONAIRE'S TOP SECRET),0,0,0,0,0,0,0,0,0,0,0,0,0,0,0,0,0,0,0,0,0,0,0,0,0,0,0,0,0,0,0,0,0,2026-04-14
[หนังสือ] ขอใช้ชีวิตที่เหลือ เพื่อตัวเองนะ,[หนังสือ] ขอใช้ชีวิตที่เหลือ เพื่อตัวเองนะ,570.43,323.23,0,13.81,233.39,0,0,0,0,0,0,2445,1787,0,0,0,658,0,0,0,0,0,23.33,18.09,0,0,0,0,0,0,0,0,0,2026-04-14
[หนังสือ] ขอใช้ชีวิตที่เหลือ เพื่อตัวเองนะ,*OPD [E-BOOK] ขอใช้ชีวิตที่เหลือ เพื่อตัวเองนะ,0,0,0,0,0,0,0,0,0,0,0,0,0,0,0,0,0,0,0,0,0,0,0,0,0,0,0,0,0,0,0,0,0,2026-04-14
[หนังสือ] กับดักความรู้สึกผิด,[หนังสือ] กับดักความรู้สึกผิด,20081.56,17560.8,0,965.51,885.51,410.31,259.43,0,0,0,0,46007,18300,0,3261,2632,17923,389,2784,0,718,0,43.65,95.96,0,29.61,33.64,14.74,1.45,0,0,0,0,2026-04-14
[หนังสือ] กับดักความรู้สึกผิด,*OPD [E-BOOK] กับดักความรู้สึกผิด,0,0,0,0,0,0,0,0,0,0,0,0,0,0,0,0,0,0,0,0,0,0,0,0,0,0,0,0,0,0,0,0,0,2026-04-14
[หนังสือ] กว่าจะคิดได้ ก็ไม่มีลมหายใจแล้ว (IT IS NEVER TOO LATE TO LOVE YOURSELF),[หนังสือ] กว่าจะคิดได้ ก็ไม่มีลมหายใจแล้ว (IT IS NEVER TOO LATE TO LOVE YOURSELF),0,0,0,0,0,0,0,0,0,0,0,649,0,0,350,299,0,0,0,0,0,0,0,0,0,0,0,0,0,0,0,0,0,2026-04-14
[หนังสือ] กว่าจะคิดได้ ก็ไม่มีลมหายใจแล้ว (IT IS NEVER TOO LATE TO LOVE YOURSELF),*OPD [E-BOOK] กว่าจะคิดได้ ก็ไม่มีลมหายใจแล้ว (IT IS NEVER TOO LATE TO LOVE YOURSELF),0,0,0,0,0,0,0,0,0,0,0,0,0,0,0,0,0,0,0,0,0,0,0,0,0,0,0,0,0,0,0,0,0,2026-04-14
[หนังสือ] THE WITCHES' CLUB ชมรมลับเปลี่ยนชีวิต,[หนังสือ] THE WITCHES' CLUB ชมรมลับเปลี่ยนชีวิต,1642.7,517.12,0,564.2,461.38,0,100,0,0,0,0,1288,300,0,0,299,689,0,0,0,0,0,127.54,172.37,0,0,154.31,0,14.51,0,0,0,0,2026-04-14
[หนังสือ] THE WITCHES' CLUB ชมรมลับเปลี่ยนชีวิต,*OPD [E-BOOK] THE WITCHES' CLUB ชมรมลับเปลี่ยนชีวิต,0,0,0,0,0,0,0,0,0,0,0,0,0,0,0,0,0,0,0,0,0,0,0,0,0,0,0,0,0,0,0,0,0,2026-04-14
[หนังสือ] THE WITCHES' CLUB ชมรมลับเปลี่ยนชีวิต,*[E-BOOK] THE WITCHES' CLUB ชมรมลับเปลี่ยนชีวิต,0,0,0,0,0,0,0,0,0,0,0,0,0,0,0,0,0,0,0,0,0,0,0,0,0,0,0,0,0,0,0,0,0,2026-04-14
[หนังสือ] THE WITCHES' CLUB ชมรมลับเปลี่ยนชีวิต,[หนังสือ] BOXSET THE WITCHES' CLUB ชมรมลับเปลี่ยนชีวิต,0,0,0,0,0,0,0,0,0,0,0,2194,499,0,0,519,1176,0,0,0,0,0,0,0,0,0,0,0,0,0,0,0,0,2026-04-14
[หนังสือ] MY LAST BOOK (A GENTLE GUIDE AND PREPARATION FOR LIFE’S FINAL CHAPTER),[หนังสือ] MY LAST BOOK (A GENTLE GUIDE AND PREPARATION FOR LIFE’S FINAL CHAPTER),0,0,0,0,0,0,0,0,0,0,0,600,600,0,0,0,0,0,0,0,0,0,0,0,0,0,0,0,0,0,0,0,0,2026-04-14
[หนังสือ] GHOSTLY REMAINS ปลดพันธนาการดวงวิญญาณหลังความตาย,[หนังสือ] GHOSTLY REMAINS ปลดพันธนาการดวงวิญญาณหลังความตาย,398.29,178.67,0,21.86,197.76,0,0,0,0,0,0,2095,300,0,748,0,1047,0,0,0,0,0,19.01,59.56,0,2.92,0,0,0,0,0,0,0,2026-04-14
[หนังสือ] GHOSTLY BREWS ยินดีบริการดวงวิญญาณหลังเที่ยงคืน,[หนังสือ] GHOSTLY BREWS ยินดีบริการดวงวิญญาณหลังเที่ยงคืน,1441.65,639.82,0,399.36,402.47,0,0,0,0,0,0,3170,329,0,1615,1226,0,0,0,0,0,0,45.48,194.47,0,24.73,32.83,0,0,0,0,0,0,2026-04-14
[หนังสือ] GHOSTLY BREWS ยินดีบริการดวงวิญญาณหลังเที่ยงคืน,*OPD [E-BOOK] GHOSTLY BREWS ยินดีบริการดวงวิญญาณหลังเที่ยงคืน,0,0,0,0,0,0,0,0,0,0,0,360,360,0,0,0,0,0,0,0,0,0,0,0,0,0,0,0,0,0,0,0,0,2026-04-14
[หนังสือ] GHOSTLY BREWS ยินดีบริการดวงวิญญาณหลังเที่ยงคืน,*[E-BOOK] GHOSTLY BREWS ยินดีบริการดวงวิญญาณหลังเที่ยงคืน,0,0,0,0,0,0,0,0,0,0,0,0,0,0,0,0,0,0,0,0,0,0,0,0,0,0,0,0,0,0,0,0,0,2026-04-14
[หนังสือ] ฉันจะมีชีวิตที่ดี,[หนังสือ] ฉันจะมีชีวิตที่ดี,423.19,0,0,10.04,413.15,0,0,0,0,0,0,2055,0,0,0,580,1475,0,0,0,0,0,20.59,0,0,0,71.23,0,0,0,0,0,0,2026-04-14
[หนังสือ] ฉันจะมีชีวิตที่ดี,*OPD [E-BOOK] ฉันจะมีชีวิตที่ดี,0,0,0,0,0,0,0,0,0,0,0,0,0,0,0,0,0,0,0,0,0,0,0,0,0,0,0,0,0,0,0,0,0,2026-04-14
[หนังสือ] ชีวิตมีเรื่องให้ขอบคุณมากกว่าเสียใจ,[หนังสือ] ชีวิตมีเรื่องให้ขอบคุณมากกว่าเสียใจ,471.48,0,0,13,458.48,0,0,0,0,0,0,825,0,0,825,0,0,0,0,0,0,0,57.15,0,0,1.58,0,0,0,0,0,0,0,2026-04-15
[หนังสือ] เมื่อโลกทั้งใบซ่อนอยู่ใต้หมวกกันน็อก (HELMET GIRL),[หนังสือ] เมื่อโลกทั้งใบซ่อนอยู่ใต้หมวกกันน็อก (HELMET GIRL),0,0,0,0,0,0,0,0,0,0,0,0,0,0,0,0,0,0,0,0,0,0,0,0,0,0,0,0,0,0,0,0,0,2026-04-15
[หนังสือ] เมื่อโลกทั้งใบซ่อนอยู่ใต้หมวกกันน็อก (HELMET GIRL),*OPD [E-BOOK] เมื่อโลกทั้งใบซ่อนอยู่ใต้หมวกกันน็อก (HELMET GIRL),0,0,0,0,0,0,0,0,0,0,0,359,0,0,0,0,359,0,0,0,0,0,0,0,0,0,0,0,0,0,0,0,0,2026-04-15
[หนังสือ] เมื่อโลกทั้งใบซ่อนอยู่ใต้หมวกกันน็อก (HELMET GIRL),[หนังสือ] BOXSET เมื่อโลกทั้งใบซ่อนอยู่ใต้หมวกกันน็อก (HELMET GIRL),0,0,0,0,0,0,0,0,0,0,0,381,0,0,0,0,381,0,0,0,0,0,0,0,0,0,0,0,0,0,0,0,0,2026-04-15
[หนังสือ] วันไหนที่ใจแข็งแรง ดอกไม้จะผลิบาน THE ENCHANTED GARDEN,[หนังสือ] วันไหนที่ใจแข็งแรง ดอกไม้จะผลิบาน THE ENCHANTED GARDEN,1133.47,0,0,161.47,972,0,0,0,0,0,0,1414,0,0,899,0,515,0,0,0,0,0,80.16,0,0,17.96,0,0,0,0,0,0,0,2026-04-15
[หนังสือ] วันไหนที่ใจแข็งแรง ดอกไม้จะผลิบาน THE ENCHANTED GARDEN,*OPD [E-BOOK] วันไหนที่ใจแข็งแรง ดอกไม้จะผลิบาน THE ENCHANTED GARDEN,0,0,0,0,0,0,0,0,0,0,0,0,0,0,0,0,0,0,0,0,0,0,0,0,0,0,0,0,0,0,0,0,0,2026-04-15
[หนังสือ] วันไหนที่ใจแข็งแรง ดอกไม้จะผลิบาน THE ENCHANTED GARDEN,[หนังสือ] สวนของหัวใจ BLOSSOMS OF THE SOUL’S GARDEN,0,0,0,0,0,0,0,0,0,0,0,1018,0,0,519,0,499,0,0,0,0,0,0,0,0,0,0,0,0,0,0,0,0,2026-04-15
[หนังสือ] ยินดีต้อนรับและขอบคุณที่กลับมา,[หนังสือ] ยินดีต้อนรับและขอบคุณที่กลับมา,224.8,0,0,184.46,40.34,0,0,0,0,0,0,200,200,0,0,0,0,0,0,0,0,0,112.4,0,0,0,0,0,0,0,0,0,0,2026-04-15
[หนังสือ] ยินดีต้อนรับและขอบคุณที่กลับมา,*OPD [E-BOOK] ยินดีต้อนรับและขอบคุณที่กลับมา,0,0,0,0,0,0,0,0,0,0,0,0,0,0,0,0,0,0,0,0,0,0,0,0,0,0,0,0,0,0,0,0,0,2026-04-15
[หนังสือ] ปีศาจตัวนั้น คือฉันเอง A GUIDE TO FIGHT THE DEMONS IN MY HEART,[หนังสือ] ปีศาจตัวนั้น คือฉันเอง A GUIDE TO FIGHT THE DEMONS IN MY HEART,8098.47,0,0,1350.86,6647.61,0,100,0,0,0,0,0,0,0,0,0,0,0,0,0,0,0,0,0,0,0,0,0,0,0,0,0,0,2026-04-15
[หนังสือ] ชีวิตมีเรื่องให้ขอบคุณมากกว่าเสียใจ,*OPD [E-BOOK] ชีวิตมีเรื่องให้ขอบคุณมากกว่าเสียใจ,0,0,0,0,0,0,0,0,0,0,0,0,0,0,0,0,0,0,0,0,0,0,0,0,0,0,0,0,0,0,0,0,0,2026-04-15
[หนังสือ] ปีศาจตัวนั้น คือฉันเอง A GUIDE TO FIGHT THE DEMONS IN MY HEART,*OPD [E-BOOK] ปีศาจตัวนั้น คือฉันเอง A GUIDE TO FIGHTING THE DEMONS IN MY HEART,0,0,0,0,0,0,0,0,0,0,0,718,0,0,0,0,718,0,0,0,0,0,0,0,0,0,0,0,0,0,0,0,0,2026-04-15
[หนังสือ] ปีศาจตัวนั้น คือฉันเอง A GUIDE TO FIGHT THE DEMONS IN MY HEART,[หนังสือ] ปีศาจตัวนั้น คือฉันเอง A GUIDE TO FIGHTING THE DEMONS IN MY HEART,0,0,0,0,0,0,0,0,0,0,0,21906,359,0,17344,0,3577,0,626,0,0,0,0,0,0,0,0,0,0,0,0,0,0,2026-04-15
[หนังสือ] ปีศาจตัวนั้น คือฉันเอง 2 A GUIDE TO OVERCOMING THE RETURN OF THE DEMONS,[หนังสือ] ปีศาจตัวนั้น คือฉันเอง 2 A GUIDE TO OVERCOMING THE RETURN OF THE DEMONS,1883.82,93.32,0,978.6,710.27,0,100,1.63,0,0,0,8937,300,0,4589,0,3719,0,329,0,0,0,21.08,31.11,0,21.32,0,0,2.69,0,0,0,0,2026-04-15
[หนังสือ] ปีศาจตัวนั้น คือฉันเอง 2 A GUIDE TO OVERCOMING THE RETURN OF THE DEMONS,*OPD [E-BOOK] ปีศาจตัวนั้น คือฉันเอง 2 A GUIDE TO OVERCOMING THE RETURN OF THE DEMONS,0,0,0,0,0,0,0,0,0,0,0,0,0,0,0,0,0,0,0,0,0,0,0,0,0,0,0,0,0,0,0,0,0,2026-04-15
[หนังสือ] ปีศาจความรักมักเลือกฉันเป็นเหยื่อ HOW TO FIGHT THE LOVE DEMON IN MY HEART,[หนังสือ] ปีศาจความรักมักเลือกฉันเป็นเหยื่อ HOW TO FIGHT THE LOVE DEMON IN MY HEART,264.91,0,0,13.08,251.83,0,0,0,0,0,0,802,200,0,299,0,303,0,0,0,0,0,33.03,0,0,4.37,0,0,0,0,0,0,0,2026-04-15
[หนังสือ] ปีศาจความรักมักเลือกฉันเป็นเหยื่อ HOW TO FIGHT THE LOVE DEMON IN MY HEART,*OPD [E-BOOK] ปีศาจความรักมักเลือกฉันเป็นเหยื่อ HOW TO FIGHT THE LOVE DEMON IN MY HEART,0,0,0,0,0,0,0,0,0,0,0,0,0,0,0,0,0,0,0,0,0,0,0,0,0,0,0,0,0,0,0,0,0,2026-04-15
[หนังสือ] ทุกความทรงจำคือของขวัญจากวันวาน,[หนังสือ] ทุกความทรงจำคือของขวัญจากวันวาน,0,0,0,0,0,0,0,0,0,0,0,439,0,0,0,0,239,0,0,0,200,0,0,0,0,0,0,0,0,0,0,0,0,2026-04-15
[หนังสือ] ทุกความทรงจำคือของขวัญจากวันวาน,*OPD [E-BOOK] ทุกความทรงจำคือของขวัญจากวันวาน,0,0,0,0,0,0,0,0,0,0,0,0,0,0,0,0,0,0,0,0,0,0,0,0,0,0,0,0,0,0,0,0,0,2026-04-15
[หนังสือ] ถ้าโลกมันแย่ ก็แค่คิดแบบคาปิบาร่า THINK LIKE A HAPPYBARA,[หนังสือ] ถ้าโลกมันแย่ ก็แค่คิดแบบคาปิบาร่า THINK LIKE A HAPPYBARA,313.08,0,0,30.62,282.46,0,0,0,0,0,0,1019,0,0,420,0,599,0,0,0,0,0,30.72,0,0,7.29,0,0,0,0,0,0,0,2026-04-15
[หนังสือ] ถ้าโลกมันแย่ ก็แค่คิดแบบคาปิบาร่า THINK LIKE A HAPPYBARA,*OPD [E-BOOK] ถ้าโลกมันแย่ ก็แค่คิดแบบคาปิบาร่า THINK LIKE A HAPPYBARA,0,0,0,0,0,0,0,0,0,0,0,359,0,0,0,0,359,0,0,0,0,0,0,0,0,0,0,0,0,0,0,0,0,2026-04-15
[หนังสือ] ปีศาจตัวนั้น คือฉันเอง A GUIDE TO FIGHT THE DEMONS IN MY HEART,*[E-BOOK] ปีศาจตัวนั้น คือฉันเอง A GUIDE TO FIGHTING THE DEMONS IN MY HEART,0,0,0,0,0,0,0,0,0,0,0,0,0,0,0,0,0,0,0,0,0,0,0,0,0,0,0,0,0,0,0,0,0,2026-04-15
[หนังสือ] ถ้าโลกมันแย่ ก็แค่คิดแบบคาปิบาร่า THINK LIKE A HAPPYBARA,[หนังสือ] BOXSET ถ้าโลกมันแย่ ก็แค่คิดแบบคาปิบาร่า THINK LIKE A HAPPYBARA,0,0,0,0,0,0,0,0,0,0,0,1109,0,0,1109,0,0,0,0,0,0,0,0,0,0,0,0,0,0,0,0,0,0,2026-04-15
[หนังสือ] โอบกอดความไม่สมบูรณ์แบบของเธอ (EMBRACE YOUR FLAWS),[หนังสือ] โอบกอดความไม่สมบูรณ์แบบของเธอ (EMBRACE YOUR FLAWS),949.17,0,0,28.65,920.52,0,0,0,0,0,0,6436,0,0,6436,0,0,0,0,0,0,0,14.75,0,0,0.45,0,0,0,0,0,0,0,2026-04-15
[หนังสือ] โอบกอดความไม่สมบูรณ์แบบของเธอ (EMBRACE YOUR FLAWS),*OPD [E-BOOK] โอบกอดความไม่สมบูรณ์แบบของเธอ (EMBRACE YOUR FLAWS),0,0,0,0,0,0,0,0,0,0,0,518,0,0,0,0,518,0,0,0,0,0,0,0,0,0,0,0,0,0,0,0,0,2026-04-15
[หนังสือ] ฉันจะมีชีวิตที่ดี,*OPD [E-BOOK] ฉันจะมีชีวิตที่ดี,0,0,0,0,0,0,0,0,0,0,0,0,0,0,0,0,0,0,0,0,0,0,0,0,0,0,0,0,0,0,0,0,0,2026-04-15
[หนังสือ] ความลับสู่เงินล้านที่โรงเรียนไม่เคยสอน (THE MILLIONAIRE'S TOP SECRET),[หนังสือ] ความลับสู่เงินล้านที่โรงเรียนไม่เคยสอน (THE MILLIONAIRE'S TOP SECRET),1412.73,0,0,37.49,1375.24,0,0,0,0,0,0,3570,0,0,3258,0,312,0,0,0,0,0,39.57,0,0,1.15,0,0,0,0,0,0,0,2026-04-15
[หนังสือ] ความลับสู่เงินล้านที่โรงเรียนไม่เคยสอน (THE MILLIONAIRE'S TOP SECRET),*OPD [E-BOOK] ความลับสู่เงินล้านที่โรงเรียนไม่เคยสอน (THE MILLIONAIRE'S TOP SECRET),0,0,0,0,0,0,0,0,0,0,0,299,0,0,0,0,0,0,0,0,0,299,0,0,0,0,0,0,0,0,0,0,0,2026-04-15
[หนังสือ] ขอใช้ชีวิตที่เหลือ เพื่อตัวเองนะ,[หนังสือ] ขอใช้ชีวิตที่เหลือ เพื่อตัวเองนะ,883,316.19,0,12.22,554.59,0,0,0,0,0,0,3761,1587,0,1645,0,0,0,0,0,529,0,23.48,19.92,0,0.74,0,0,0,0,0,0,0,2026-04-15
[หนังสือ] ขอใช้ชีวิตที่เหลือ เพื่อตัวเองนะ,*OPD [E-BOOK] ขอใช้ชีวิตที่เหลือ เพื่อตัวเองนะ,0,0,0,0,0,0,0,0,0,0,0,0,0,0,0,0,0,0,0,0,0,0,0,0,0,0,0,0,0,0,0,0,0,2026-04-15
[หนังสือ] กับดักความรู้สึกผิด,[หนังสือ] กับดักความรู้สึกผิด,22410.23,18491.41,0,1746.7,1514.47,457.65,200,0,0,0,0,69530.66,23056,0,9106,0,29123,1502.66,3831,0,2513,399,32.23,80.2,0,19.18,0,11.95,0.69,0,0,0,0,2026-04-15
[หนังสือ] กับดักความรู้สึกผิด,*OPD [E-BOOK] กับดักความรู้สึกผิด,0,0,0,0,0,0,0,0,0,0,0,0,0,0,0,0,0,0,0,0,0,0,0,0,0,0,0,0,0,0,0,0,0,2026-04-15
[หนังสือ] กว่าจะคิดได้ ก็ไม่มีลมหายใจแล้ว (IT IS NEVER TOO LATE TO LOVE YOURSELF),[หนังสือ] กว่าจะคิดได้ ก็ไม่มีลมหายใจแล้ว (IT IS NEVER TOO LATE TO LOVE YOURSELF),0,0,0,0,0,0,0,0,0,0,0,1496,400,0,350,0,239,307,0,0,200,0,0,0,0,0,0,0,0,0,0,0,0,2026-04-15
[หนังสือ] กว่าจะคิดได้ ก็ไม่มีลมหายใจแล้ว (IT IS NEVER TOO LATE TO LOVE YOURSELF),*OPD [E-BOOK] กว่าจะคิดได้ ก็ไม่มีลมหายใจแล้ว (IT IS NEVER TOO LATE TO LOVE YOURSELF),0,0,0,0,0,0,0,0,0,0,0,0,0,0,0,0,0,0,0,0,0,0,0,0,0,0,0,0,0,0,0,0,0,2026-04-15
[หนังสือ] ฉันจะมีชีวิตที่ดี,[หนังสือ] ฉันจะมีชีวิตที่ดี,351.51,0,0,12.59,338.92,0,0,0,0,0,0,1701.15,0,0,870,0,295,286.15,250,0,0,0,20.66,0,0,1.45,0,0,0,0,0,0,0,2026-04-15
[หนังสือ] THE WITCHES' CLUB ชมรมลับเปลี่ยนชีวิต,[หนังสือ] THE WITCHES' CLUB ชมรมลับเปลี่ยนชีวิต,2278.18,586.62,0,996.61,594.95,0,100,0,0,0,0,2208,612,0,698,0,598,0,0,0,300,0,103.18,95.85,0,142.78,0,0,16.72,0,0,0,0,2026-04-15
[หนังสือ] THE WITCHES' CLUB ชมรมลับเปลี่ยนชีวิต,*[E-BOOK] THE WITCHES' CLUB ชมรมลับเปลี่ยนชีวิต,0,0,0,0,0,0,0,0,0,0,0,0,0,0,0,0,0,0,0,0,0,0,0,0,0,0,0,0,0,0,0,0,0,2026-04-15
[หนังสือ] THE WITCHES' CLUB ชมรมลับเปลี่ยนชีวิต,[หนังสือ] BOXSET THE WITCHES' CLUB ชมรมลับเปลี่ยนชีวิต,0,0,0,0,0,0,0,0,0,0,0,3594,400,0,2794,0,0,0,0,0,400,0,0,0,0,0,0,0,0,0,0,0,0,2026-04-15
[หนังสือ] GHOSTLY REMAINS ปลดพันธนาการดวงวิญญาณหลังความตาย,[หนังสือ] GHOSTLY REMAINS ปลดพันธนาการดวงวิญญาณหลังความตาย,444.02,218.31,0,30.26,195.45,0,0,0,0,0,0,2187,359,0,329,0,1170,0,0,0,329,0,20.3,60.81,0,9.2,0,0,0,0,0,0,0,2026-04-15
[หนังสือ] GHOSTLY BREWS ยินดีบริการดวงวิญญาณหลังเที่ยงคืน,[หนังสือ] GHOSTLY BREWS ยินดีบริการดวงวิญญาณหลังเที่ยงคืน,2710.56,913.52,0,201.68,1595.36,0,0,0,0,0,0,5527,600,0,2574,0,1424,0,0,0,929,0,49.04,152.25,0,7.84,0,0,0,0,0,0,0,2026-04-15
[หนังสือ] GHOSTLY BREWS ยินดีบริการดวงวิญญาณหลังเที่ยงคืน,*OPD [E-BOOK] GHOSTLY BREWS ยินดีบริการดวงวิญญาณหลังเที่ยงคืน,0,0,0,0,0,0,0,0,0,0,0,0,0,0,0,0,0,0,0,0,0,0,0,0,0,0,0,0,0,0,0,0,0,2026-04-15
[หนังสือ] GHOSTLY BREWS ยินดีบริการดวงวิญญาณหลังเที่ยงคืน,*[E-BOOK] GHOSTLY BREWS ยินดีบริการดวงวิญญาณหลังเที่ยงคืน,0,0,0,0,0,0,0,0,0,0,0,0,0,0,0,0,0,0,0,0,0,0,0,0,0,0,0,0,0,0,0,0,0,2026-04-15
[หนังสือ] เหนื่อยมากไหม พักก่อนก็ได้นะวันนี้,[หนังสือ] เหนื่อยมากไหม พักก่อนก็ได้นะวันนี้,165.43,165.43,0,0,0,0,0,0,0,0,0,0,0,0,0,0,0,0,0,0,0,0,0,0,0,0,0,0,0,0,0,0,0,2026-04-15
[หนังสือ] เหนื่อยมากไหม พักก่อนก็ได้นะวันนี้,*OPD [E-BOOK] เหนื่อยมากไหม พักก่อนก็ได้นะวันนี้,0,0,0,0,0,0,0,0,0,0,0,359,0,0,0,0,359,0,0,0,0,0,0,0,0,0,0,0,0,0,0,0,0,2026-04-15
[หนังสือ] เหนื่อยมากไหม พักก่อนก็ได้นะวันนี้,[หนังสือ] BOXSET เหนื่อยมากไหม พักก่อนก็ได้นะวันนี้,0,0,0,0,0,0,0,0,0,0,0,1680,830,0,450,0,0,0,0,0,400,0,0,0,0,0,0,0,0,0,0,0,0,2026-04-15
[หนังสือ] THE WITCHES' CLUB ชมรมลับเปลี่ยนชีวิต,*OPD [E-BOOK] THE WITCHES' CLUB ชมรมลับเปลี่ยนชีวิต,0,0,0,0,0,0,0,0,0,0,0,0,0,0,0,0,0,0,0,0,0,0,0,0,0,0,0,0,0,0,0,0,0,2026-04-15
[หนังสือ] ชีวิตมีเรื่องให้ขอบคุณมากกว่าเสียใจ,[หนังสือ] ชีวิตมีเรื่องให้ขอบคุณมากกว่าเสียใจ,207,0,0,14.56,192.44,0,0,0,0,0,0,550,0,0,275,275,0,0,0,0,0,0,37.64,0,0,5.29,69.98,0,0,0,0,0,0,2026-04-16
[หนังสือ] ชีวิตมีเรื่องให้ขอบคุณมากกว่าเสียใจ,*OPD [E-BOOK] ชีวิตมีเรื่องให้ขอบคุณมากกว่าเสียใจ,0,0,0,0,0,0,0,0,0,0,0,0,0,0,0,0,0,0,0,0,0,0,0,0,0,0,0,0,0,0,0,0,0,2026-04-16
[หนังสือ] เมื่อโลกทั้งใบซ่อนอยู่ใต้หมวกกันน็อก (HELMET GIRL),[หนังสือ] เมื่อโลกทั้งใบซ่อนอยู่ใต้หมวกกันน็อก (HELMET GIRL),0,0,0,0,0,0,0,0,0,0,0,0,0,0,0,0,0,0,0,0,0,0,0,0,0,0,0,0,0,0,0,0,0,2026-04-16
[หนังสือ] เมื่อโลกทั้งใบซ่อนอยู่ใต้หมวกกันน็อก (HELMET GIRL),*OPD [E-BOOK] เมื่อโลกทั้งใบซ่อนอยู่ใต้หมวกกันน็อก (HELMET GIRL),0,0,0,0,0,0,0,0,0,0,0,0,0,0,0,0,0,0,0,0,0,0,0,0,0,0,0,0,0,0,0,0,0,2026-04-16
[หนังสือ] เมื่อโลกทั้งใบซ่อนอยู่ใต้หมวกกันน็อก (HELMET GIRL),[หนังสือ] BOXSET เมื่อโลกทั้งใบซ่อนอยู่ใต้หมวกกันน็อก (HELMET GIRL),0,0,0,0,0,0,0,0,0,0,0,590,0,0,590,0,0,0,0,0,0,0,0,0,0,0,0,0,0,0,0,0,0,2026-04-16
[หนังสือ] วันไหนที่ใจแข็งแรง ดอกไม้จะผลิบาน THE ENCHANTED GARDEN,[หนังสือ] วันไหนที่ใจแข็งแรง ดอกไม้จะผลิบาน THE ENCHANTED GARDEN,813.23,0,0,135.35,677.88,0,0,0,0,0,0,2015,0,0,603,897,515,0,0,0,0,0,40.36,0,0,22.45,75.57,0,0,0,0,0,0,2026-04-16
[หนังสือ] วันไหนที่ใจแข็งแรง ดอกไม้จะผลิบาน THE ENCHANTED GARDEN,*OPD [E-BOOK] วันไหนที่ใจแข็งแรง ดอกไม้จะผลิบาน THE ENCHANTED GARDEN,0,0,0,0,0,0,0,0,0,0,0,0,0,0,0,0,0,0,0,0,0,0,0,0,0,0,0,0,0,0,0,0,0,2026-04-16
[หนังสือ] วันไหนที่ใจแข็งแรง ดอกไม้จะผลิบาน THE ENCHANTED GARDEN,[หนังสือ] สวนของหัวใจ BLOSSOMS OF THE SOUL’S GARDEN,0,0,0,0,0,0,0,0,0,0,0,1758,0,0,1038,519,201,0,0,0,0,0,0,0,0,0,0,0,0,0,0,0,0,2026-04-16
[หนังสือ] ยินดีต้อนรับและขอบคุณที่กลับมา,[หนังสือ] ยินดีต้อนรับและขอบคุณที่กลับมา,217.13,0,0,167.86,49.27,0,0,0,0,0,0,299,0,0,299,0,0,0,0,0,0,0,72.62,0,0,56.14,0,0,0,0,0,0,0,2026-04-16
[หนังสือ] ยินดีต้อนรับและขอบคุณที่กลับมา,*OPD [E-BOOK] ยินดีต้อนรับและขอบคุณที่กลับมา,0,0,0,0,0,0,0,0,0,0,0,0,0,0,0,0,0,0,0,0,0,0,0,0,0,0,0,0,0,0,0,0,0,2026-04-16
[หนังสือ] ปีศาจตัวนั้น คือฉันเอง A GUIDE TO FIGHT THE DEMONS IN MY HEART,[หนังสือ] ปีศาจตัวนั้น คือฉันเอง A GUIDE TO FIGHT THE DEMONS IN MY HEART,5561.13,0,0,786.28,4723.25,0,51.6,0,0,0,0,0,0,0,0,0,0,0,0,0,0,0,0,0,0,0,0,0,0,0,0,0,0,2026-04-16
[หนังสือ] ปีศาจตัวนั้น คือฉันเอง A GUIDE TO FIGHT THE DEMONS IN MY HEART,*OPD [E-BOOK] ปีศาจตัวนั้น คือฉันเอง A GUIDE TO FIGHTING THE DEMONS IN MY HEART,0,0,0,0,0,0,0,0,0,0,0,0,0,0,0,0,0,0,0,0,0,0,0,0,0,0,0,0,0,0,0,0,0,2026-04-16
[หนังสือ] ปีศาจตัวนั้น คือฉันเอง A GUIDE TO FIGHT THE DEMONS IN MY HEART,*[E-BOOK] ปีศาจตัวนั้น คือฉันเอง A GUIDE TO FIGHTING THE DEMONS IN MY HEART,0,0,0,0,0,0,0,0,0,0,0,0,0,0,0,0,0,0,0,0,0,0,0,0,0,0,0,0,0,0,0,0,0,2026-04-16
[หนังสือ] ปีศาจตัวนั้น คือฉันเอง A GUIDE TO FIGHT THE DEMONS IN MY HEART,[หนังสือ] ปีศาจตัวนั้น คือฉันเอง A GUIDE TO FIGHTING THE DEMONS IN MY HEART,0,0,0,0,0,0,0,0,0,0,0,18179,1200,0,8284,5951,2444,0,300,0,0,0,0,0,0,0,0,0,0,0,0,0,0,2026-04-16
[หนังสือ] ปีศาจตัวนั้น คือฉันเอง 2 A GUIDE TO OVERCOMING THE RETURN OF THE DEMONS,[หนังสือ] ปีศาจตัวนั้น คือฉันเอง 2 A GUIDE TO OVERCOMING THE RETURN OF THE DEMONS,1302.43,22.67,0,338.01,841.03,0,100,0.72,0,0,0,7402,900,0,2841,1546,1476,0,339,0,300,0,17.6,2.52,0,11.9,54.4,0,6.78,0,0,0,0,2026-04-16
[หนังสือ] ปีศาจตัวนั้น คือฉันเอง 2 A GUIDE TO OVERCOMING THE RETURN OF THE DEMONS,*OPD [E-BOOK] ปีศาจตัวนั้น คือฉันเอง 2 A GUIDE TO OVERCOMING THE RETURN OF THE DEMONS,0,0,0,0,0,0,0,0,0,0,0,0,0,0,0,0,0,0,0,0,0,0,0,0,0,0,0,0,0,0,0,0,0,2026-04-16
[หนังสือ] ปีศาจความรักมักเลือกฉันเป็นเหยื่อ HOW TO FIGHT THE LOVE DEMON IN MY HEART,[หนังสือ] ปีศาจความรักมักเลือกฉันเป็นเหยื่อ HOW TO FIGHT THE LOVE DEMON IN MY HEART,320.22,0,0,17.03,303.19,0,0,0,0,0,0,898,0,0,599,299,0,0,0,0,0,0,35.66,0,0,2.84,101.4,0,0,0,0,0,0,2026-04-16
[หนังสือ] ปีศาจความรักมักเลือกฉันเป็นเหยื่อ HOW TO FIGHT THE LOVE DEMON IN MY HEART,*OPD [E-BOOK] ปีศาจความรักมักเลือกฉันเป็นเหยื่อ HOW TO FIGHT THE LOVE DEMON IN MY HEART,0,0,0,0,0,0,0,0,0,0,0,0,0,0,0,0,0,0,0,0,0,0,0,0,0,0,0,0,0,0,0,0,0,2026-04-16
[หนังสือ] ทุกความทรงจำคือของขวัญจากวันวาน,[หนังสือ] ทุกความทรงจำคือของขวัญจากวันวาน,0,0,0,0,0,0,0,0,0,0,0,200,200,0,0,0,0,0,0,0,0,0,0,0,0,0,0,0,0,0,0,0,0,2026-04-16
[หนังสือ] ทุกความทรงจำคือของขวัญจากวันวาน,*OPD [E-BOOK] ทุกความทรงจำคือของขวัญจากวันวาน,0,0,0,0,0,0,0,0,0,0,0,0,0,0,0,0,0,0,0,0,0,0,0,0,0,0,0,0,0,0,0,0,0,2026-04-16
[หนังสือ] ถ้าโลกมันแย่ ก็แค่คิดแบบคาปิบาร่า THINK LIKE A HAPPYBARA,[หนังสือ] ถ้าโลกมันแย่ ก็แค่คิดแบบคาปิบาร่า THINK LIKE A HAPPYBARA,426.19,0,0,101.15,325.04,0,0,0,0,0,0,1496,0,0,598,598,300,0,0,0,0,0,28.49,0,0,16.91,54.35,0,0,0,0,0,0,2026-04-16
[หนังสือ] ถ้าโลกมันแย่ ก็แค่คิดแบบคาปิบาร่า THINK LIKE A HAPPYBARA,*OPD [E-BOOK] ถ้าโลกมันแย่ ก็แค่คิดแบบคาปิบาร่า THINK LIKE A HAPPYBARA,0,0,0,0,0,0,0,0,0,0,0,179,179,0,0,0,0,0,0,0,0,0,0,0,0,0,0,0,0,0,0,0,0,2026-04-16
[หนังสือ] ถ้าโลกมันแย่ ก็แค่คิดแบบคาปิบาร่า THINK LIKE A HAPPYBARA,[หนังสือ] BOXSET ถ้าโลกมันแย่ ก็แค่คิดแบบคาปิบาร่า THINK LIKE A HAPPYBARA,0,0,0,0,0,0,0,0,0,0,0,400,0,0,0,0,0,0,0,0,400,0,0,0,0,0,0,0,0,0,0,0,0,2026-04-16
[หนังสือ] เหนื่อยมากไหม พักก่อนก็ได้นะวันนี้,[หนังสือ] เหนื่อยมากไหม พักก่อนก็ได้นะวันนี้,168.16,168.16,0,0,0,0,0,0,0,0,0,0,0,0,0,0,0,0,0,0,0,0,0,0,0,0,0,0,0,0,0,0,0,2026-04-16
[หนังสือ] เหนื่อยมากไหม พักก่อนก็ได้นะวันนี้,*OPD [E-BOOK] เหนื่อยมากไหม พักก่อนก็ได้นะวันนี้,0,0,0,0,0,0,0,0,0,0,0,0,0,0,0,0,0,0,0,0,0,0,0,0,0,0,0,0,0,0,0,0,0,2026-04-16
[หนังสือ] เหนื่อยมากไหม พักก่อนก็ได้นะวันนี้,[หนังสือ] BOXSET เหนื่อยมากไหม พักก่อนก็ได้นะวันนี้,0,0,0,0,0,0,0,0,0,0,0,648,0,0,0,0,648,0,0,0,0,0,0,0,0,0,0,0,0,0,0,0,0,2026-04-16
[หนังสือ] โอบกอดความไม่สมบูรณ์แบบของเธอ (EMBRACE YOUR FLAWS),[หนังสือ] โอบกอดความไม่สมบูรณ์แบบของเธอ (EMBRACE YOUR FLAWS),286.18,0,0,15.15,271.03,0,0,0,0,0,0,2411,0,0,1634,777,0,0,0,0,0,0,11.87,0,0,0.93,34.88,0,0,0,0,0,0,2026-04-16
[หนังสือ] โอบกอดความไม่สมบูรณ์แบบของเธอ (EMBRACE YOUR FLAWS),*OPD [E-BOOK] โอบกอดความไม่สมบูรณ์แบบของเธอ (EMBRACE YOUR FLAWS),0,0,0,0,0,0,0,0,0,0,0,0,0,0,0,0,0,0,0,0,0,0,0,0,0,0,0,0,0,0,0,0,0,2026-04-16
[หนังสือ] ความลับสู่เงินล้านที่โรงเรียนไม่เคยสอน (THE MILLIONAIRE'S TOP SECRET),[หนังสือ] ความลับสู่เงินล้านที่โรงเรียนไม่เคยสอน (THE MILLIONAIRE'S TOP SECRET),221.77,0,0,15.32,206.45,0,0,0,0,0,0,979,0,0,325,325,329,0,0,0,0,0,22.65,0,0,4.71,63.52,0,0,0,0,0,0,2026-04-16
[หนังสือ] ความลับสู่เงินล้านที่โรงเรียนไม่เคยสอน (THE MILLIONAIRE'S TOP SECRET),*OPD [E-BOOK] ความลับสู่เงินล้านที่โรงเรียนไม่เคยสอน (THE MILLIONAIRE'S TOP SECRET),0,0,0,0,0,0,0,0,0,0,0,0,0,0,0,0,0,0,0,0,0,0,0,0,0,0,0,0,0,0,0,0,0,2026-04-16
[หนังสือ] ขอใช้ชีวิตที่เหลือ เพื่อตัวเองนะ,[หนังสือ] ขอใช้ชีวิตที่เหลือ เพื่อตัวเองนะ,968.34,413.32,0,32.71,522.31,0,0,0,0,0,0,2374,200,0,1316,658,0,0,0,0,200,0,40.79,206.66,0,2.49,79.38,0,0,0,0,0,0,2026-04-16
[หนังสือ] ขอใช้ชีวิตที่เหลือ เพื่อตัวเองนะ,*OPD [E-BOOK] ขอใช้ชีวิตที่เหลือ เพื่อตัวเองนะ,0,0,0,0,0,0,0,0,0,0,0,0,0,0,0,0,0,0,0,0,0,0,0,0,0,0,0,0,0,0,0,0,0,2026-04-16
[หนังสือ] กับดักความรู้สึกผิด,[หนังสือ] กับดักความรู้สึกผิด,19063.05,17046.5,0,540.96,877.97,397.62,200,0,0,0,0,43784,16775,0,2741,1645,18103,0,2784,0,1736,0,43.54,101.62,0,19.74,53.37,14.28,1.1,0,0,0,0,2026-04-16
[หนังสือ] กับดักความรู้สึกผิด,*OPD [E-BOOK] กับดักความรู้สึกผิด,0,0,0,0,0,0,0,0,0,0,0,360,180,0,0,0,0,0,0,0,180,0,0,0,0,0,0,0,0,0,0,0,0,2026-04-16
[หนังสือ] กว่าจะคิดได้ ก็ไม่มีลมหายใจแล้ว (IT IS NEVER TOO LATE TO LOVE YOURSELF),[หนังสือ] กว่าจะคิดได้ ก็ไม่มีลมหายใจแล้ว (IT IS NEVER TOO LATE TO LOVE YOURSELF),0,0,0,0,0,0,0,0,0,0,0,499,200,0,0,299,0,0,0,0,0,0,0,0,0,0,0,0,0,0,0,0,0,2026-04-16
[หนังสือ] กว่าจะคิดได้ ก็ไม่มีลมหายใจแล้ว (IT IS NEVER TOO LATE TO LOVE YOURSELF),*OPD [E-BOOK] กว่าจะคิดได้ ก็ไม่มีลมหายใจแล้ว (IT IS NEVER TOO LATE TO LOVE YOURSELF),0,0,0,0,0,0,0,0,0,0,0,0,0,0,0,0,0,0,0,0,0,0,0,0,0,0,0,0,0,0,0,0,0,2026-04-16
[หนังสือ] THE WITCHES' CLUB ชมรมลับเปลี่ยนชีวิต,[หนังสือ] THE WITCHES' CLUB ชมรมลับเปลี่ยนชีวิต,2085.58,526.35,0,789.19,723.89,0,46.15,0,0,0,0,0,0,0,0,0,0,0,0,0,0,0,0,0,0,0,0,0,0,0,0,0,0,2026-04-16
[หนังสือ] THE WITCHES' CLUB ชมรมลับเปลี่ยนชีวิต,*OPD [E-BOOK] THE WITCHES' CLUB ชมรมลับเปลี่ยนชีวิต,0,0,0,0,0,0,0,0,0,0,0,0,0,0,0,0,0,0,0,0,0,0,0,0,0,0,0,0,0,0,0,0,0,2026-04-16
[หนังสือ] THE WITCHES' CLUB ชมรมลับเปลี่ยนชีวิต,*[E-BOOK] THE WITCHES' CLUB ชมรมลับเปลี่ยนชีวิต,0,0,0,0,0,0,0,0,0,0,0,0,0,0,0,0,0,0,0,0,0,0,0,0,0,0,0,0,0,0,0,0,0,2026-04-16
[หนังสือ] THE WITCHES' CLUB ชมรมลับเปลี่ยนชีวิต,[หนังสือ] BOXSET THE WITCHES' CLUB ชมรมลับเปลี่ยนชีวิต,0,0,0,0,0,0,0,0,0,0,0,4302,899,0,1327,1038,1038,0,0,0,0,0,0,0,0,0,0,0,0,0,0,0,0,2026-04-16
[หนังสือ] MY LAST BOOK (A GENTLE GUIDE AND PREPARATION FOR LIFE’S FINAL CHAPTER),[หนังสือ] MY LAST BOOK (A GENTLE GUIDE AND PREPARATION FOR LIFE’S FINAL CHAPTER),0,0,0,0,0,0,0,0,0,0,0,600,600,0,0,0,0,0,0,0,0,0,0,0,0,0,0,0,0,0,0,0,0,2026-04-16
[หนังสือ] GHOSTLY REMAINS ปลดพันธนาการดวงวิญญาณหลังความตาย,[หนังสือ] GHOSTLY REMAINS ปลดพันธนาการดวงวิญญาณหลังความตาย,509.09,290.07,0,34.12,184.9,0,0,0,0,0,0,898,300,0,299,299,0,0,0,0,0,0,56.69,96.69,0,11.41,61.84,0,0,0,0,0,0,2026-04-16
[หนังสือ] GHOSTLY BREWS ยินดีบริการดวงวิญญาณหลังเที่ยงคืน,[หนังสือ] GHOSTLY BREWS ยินดีบริการดวงวิญญาณหลังเที่ยงคืน,1230.72,674.69,0,256.34,299.69,0,0,0,0,0,0,3702,900,0,1555,598,349,0,0,0,300,0,33.24,74.97,0,16.48,50.12,0,0,0,0,0,0,2026-04-16
[หนังสือ] GHOSTLY BREWS ยินดีบริการดวงวิญญาณหลังเที่ยงคืน,*OPD [E-BOOK] GHOSTLY BREWS ยินดีบริการดวงวิญญาณหลังเที่ยงคืน,0,0,0,0,0,0,0,0,0,0,0,0,0,0,0,0,0,0,0,0,0,0,0,0,0,0,0,0,0,0,0,0,0,2026-04-16
[หนังสือ] GHOSTLY BREWS ยินดีบริการดวงวิญญาณหลังเที่ยงคืน,*[E-BOOK] GHOSTLY BREWS ยินดีบริการดวงวิญญาณหลังเที่ยงคืน,0,0,0,0,0,0,0,0,0,0,0,0,0,0,0,0,0,0,0,0,0,0,0,0,0,0,0,0,0,0,0,0,0,2026-04-16
[หนังสือ] ฉันจะมีชีวิตที่ดี,[หนังสือ] ฉันจะมีชีวิตที่ดี,352.93,0,0,19.72,333.21,0,0,0,0,0,0,2335,0,0,1160,290,885,0,0,0,0,0,15.11,0,0,1.7,114.9,0,0,0,0,0,0,2026-04-16
[หนังสือ] ฉันจะมีชีวิตที่ดี,*OPD [E-BOOK] ฉันจะมีชีวิตที่ดี,0,0,0,0,0,0,0,0,0,0,0,0,0,0,0,0,0,0,0,0,0,0,0,0,0,0,0,0,0,0,0,0,0,2026-04-16
[หนังสือ] ชีวิตมีเรื่องให้ขอบคุณมากกว่าเสียใจ,[หนังสือ] ชีวิตมีเรื่องให้ขอบคุณมากกว่าเสียใจ,205.6,0,0,21.61,183.99,0,0,0,0,0,0,550,0,0,275,275,0,0,0,0,0,0,37.38,0,0,7.86,66.91,0,0,0,0,0,0,2026-04-17
[หนังสือ] ชีวิตมีเรื่องให้ขอบคุณมากกว่าเสียใจ,*OPD [E-BOOK] ชีวิตมีเรื่องให้ขอบคุณมากกว่าเสียใจ,0,0,0,0,0,0,0,0,0,0,0,259,0,0,0,0,259,0,0,0,0,0,0,0,0,0,0,0,0,0,0,0,0,2026-04-17
[หนังสือ] เมื่อโลกทั้งใบซ่อนอยู่ใต้หมวกกันน็อก (HELMET GIRL),[หนังสือ] เมื่อโลกทั้งใบซ่อนอยู่ใต้หมวกกันน็อก (HELMET GIRL),0,0,0,0,0,0,0,0,0,0,0,0,0,0,0,0,0,0,0,0,0,0,0,0,0,0,0,0,0,0,0,0,0,2026-04-17
[หนังสือ] เมื่อโลกทั้งใบซ่อนอยู่ใต้หมวกกันน็อก (HELMET GIRL),*OPD [E-BOOK] เมื่อโลกทั้งใบซ่อนอยู่ใต้หมวกกันน็อก (HELMET GIRL),0,0,0,0,0,0,0,0,0,0,0,0,0,0,0,0,0,0,0,0,0,0,0,0,0,0,0,0,0,0,0,0,0,2026-04-17
[หนังสือ] เมื่อโลกทั้งใบซ่อนอยู่ใต้หมวกกันน็อก (HELMET GIRL),[หนังสือ] BOXSET เมื่อโลกทั้งใบซ่อนอยู่ใต้หมวกกันน็อก (HELMET GIRL),0,0,0,0,0,0,0,0,0,0,0,0,0,0,0,0,0,0,0,0,0,0,0,0,0,0,0,0,0,0,0,0,0,2026-04-17
[หนังสือ] วันไหนที่ใจแข็งแรง ดอกไม้จะผลิบาน THE ENCHANTED GARDEN,[หนังสือ] วันไหนที่ใจแข็งแรง ดอกไม้จะผลิบาน THE ENCHANTED GARDEN,2020.66,0,0,389.34,1631.32,0,0,0,0,0,0,6074,0,0,897,5177,0,0,0,0,0,0,33.27,0,0,43.4,31.51,0,0,0,0,0,0,2026-04-17
[หนังสือ] วันไหนที่ใจแข็งแรง ดอกไม้จะผลิบาน THE ENCHANTED GARDEN,*OPD [E-BOOK] วันไหนที่ใจแข็งแรง ดอกไม้จะผลิบาน THE ENCHANTED GARDEN,0,0,0,0,0,0,0,0,0,0,0,0,0,0,0,0,0,0,0,0,0,0,0,0,0,0,0,0,0,0,0,0,0,2026-04-17
[หนังสือ] วันไหนที่ใจแข็งแรง ดอกไม้จะผลิบาน THE ENCHANTED GARDEN,[หนังสือ] สวนของหัวใจ BLOSSOMS OF THE SOUL’S GARDEN,0,0,0,0,0,0,0,0,0,0,0,1038,0,0,0,1038,0,0,0,0,0,0,0,0,0,0,0,0,0,0,0,0,0,2026-04-17
[หนังสือ] ยินดีต้อนรับและขอบคุณที่กลับมา,[หนังสือ] ยินดีต้อนรับและขอบคุณที่กลับมา,229.85,0,0,186.66,43.19,0,0,0,0,0,0,897,0,0,897,0,0,0,0,0,0,0,25.62,0,0,20.81,0,0,0,0,0,0,0,2026-04-17
[หนังสือ] ยินดีต้อนรับและขอบคุณที่กลับมา,*OPD [E-BOOK] ยินดีต้อนรับและขอบคุณที่กลับมา,0,0,0,0,0,0,0,0,0,0,0,0,0,0,0,0,0,0,0,0,0,0,0,0,0,0,0,0,0,0,0,0,0,2026-04-17
[หนังสือ] ปีศาจตัวนั้น คือฉันเอง A GUIDE TO FIGHT THE DEMONS IN MY HEART,[หนังสือ] ปีศาจตัวนั้น คือฉันเอง A GUIDE TO FIGHT THE DEMONS IN MY HEART,6775.18,0,0,761.04,5914.14,0,100,0,0,0,0,0,0,0,0,0,0,0,0,0,0,0,0,0,0,0,0,0,0,0,0,0,0,2026-04-17
[หนังสือ] ปีศาจตัวนั้น คือฉันเอง A GUIDE TO FIGHT THE DEMONS IN MY HEART,*OPD [E-BOOK] ปีศาจตัวนั้น คือฉันเอง A GUIDE TO FIGHTING THE DEMONS IN MY HEART,0,0,0,0,0,0,0,0,0,0,0,179,179,0,0,0,0,0,0,0,0,0,0,0,0,0,0,0,0,0,0,0,0,2026-04-17
[หนังสือ] ปีศาจตัวนั้น คือฉันเอง A GUIDE TO FIGHT THE DEMONS IN MY HEART,*[E-BOOK] ปีศาจตัวนั้น คือฉันเอง A GUIDE TO FIGHTING THE DEMONS IN MY HEART,0,0,0,0,0,0,0,0,0,0,0,0,0,0,0,0,0,0,0,0,0,0,0,0,0,0,0,0,0,0,0,0,0,2026-04-17
[หนังสือ] ปีศาจตัวนั้น คือฉันเอง A GUIDE TO FIGHT THE DEMONS IN MY HEART,[หนังสือ] ปีศาจตัวนั้น คือฉันเอง A GUIDE TO FIGHTING THE DEMONS IN MY HEART,0,0,0,0,0,0,0,0,0,0,0,21823.26,0,0,4182,14506,2776,359.26,0,0,0,0,0,0,0,0,0,0,0,0,0,0,0,2026-04-17
[หนังสือ] ปีศาจตัวนั้น คือฉันเอง 2 A GUIDE TO OVERCOMING THE RETURN OF THE DEMONS,[หนังสือ] ปีศาจตัวนั้น คือฉันเอง 2 A GUIDE TO OVERCOMING THE RETURN OF THE DEMONS,1367.68,0,0,489.1,797,0,81.36,0.22,0,0,0,5006,0,0,912,3027,1067,0,0,0,0,0,27.32,0,0,53.63,26.33,0,7.63,0,0,0,0,2026-04-17
[หนังสือ] ปีศาจตัวนั้น คือฉันเอง 2 A GUIDE TO OVERCOMING THE RETURN OF THE DEMONS,*OPD [E-BOOK] ปีศาจตัวนั้น คือฉันเอง 2 A GUIDE TO OVERCOMING THE RETURN OF THE DEMONS,0,0,0,0,0,0,0,0,0,0,0,0,0,0,0,0,0,0,0,0,0,0,0,0,0,0,0,0,0,0,0,0,0,2026-04-17
[หนังสือ] ปีศาจความรักมักเลือกฉันเป็นเหยื่อ HOW TO FIGHT THE LOVE DEMON IN MY HEART,[หนังสือ] ปีศาจความรักมักเลือกฉันเป็นเหยื่อ HOW TO FIGHT THE LOVE DEMON IN MY HEART,257.8,0,0,18.21,239.59,0,0,0,0,0,0,0,0,0,0,0,0,0,0,0,0,0,0,0,0,0,0,0,0,0,0,0,0,2026-04-17
[หนังสือ] ปีศาจความรักมักเลือกฉันเป็นเหยื่อ HOW TO FIGHT THE LOVE DEMON IN MY HEART,*OPD [E-BOOK] ปีศาจความรักมักเลือกฉันเป็นเหยื่อ HOW TO FIGHT THE LOVE DEMON IN MY HEART,0,0,0,0,0,0,0,0,0,0,0,0,0,0,0,0,0,0,0,0,0,0,0,0,0,0,0,0,0,0,0,0,0,2026-04-17
[หนังสือ] ทุกความทรงจำคือของขวัญจากวันวาน,[หนังสือ] ทุกความทรงจำคือของขวัญจากวันวาน,0,0,0,0,0,0,0,0,0,0,0,400,400,0,0,0,0,0,0,0,0,0,0,0,0,0,0,0,0,0,0,0,0,2026-04-17
[หนังสือ] ทุกความทรงจำคือของขวัญจากวันวาน,*OPD [E-BOOK] ทุกความทรงจำคือของขวัญจากวันวาน,0,0,0,0,0,0,0,0,0,0,0,0,0,0,0,0,0,0,0,0,0,0,0,0,0,0,0,0,0,0,0,0,0,2026-04-17
[หนังสือ] ถ้าโลกมันแย่ ก็แค่คิดแบบคาปิบาร่า THINK LIKE A HAPPYBARA,[หนังสือ] ถ้าโลกมันแย่ ก็แค่คิดแบบคาปิบาร่า THINK LIKE A HAPPYBARA,348.04,0,0,60.03,288.01,0,0,0,0,0,0,720,0,0,420,300,0,0,0,0,0,0,48.34,0,0,14.29,96,0,0,0,0,0,0,2026-04-17
[หนังสือ] ถ้าโลกมันแย่ ก็แค่คิดแบบคาปิบาร่า THINK LIKE A HAPPYBARA,*OPD [E-BOOK] ถ้าโลกมันแย่ ก็แค่คิดแบบคาปิบาร่า THINK LIKE A HAPPYBARA,0,0,0,0,0,0,0,0,0,0,0,0,0,0,0,0,0,0,0,0,0,0,0,0,0,0,0,0,0,0,0,0,0,2026-04-17
[หนังสือ] ถ้าโลกมันแย่ ก็แค่คิดแบบคาปิบาร่า THINK LIKE A HAPPYBARA,[หนังสือ] BOXSET ถ้าโลกมันแย่ ก็แค่คิดแบบคาปิบาร่า THINK LIKE A HAPPYBARA,0,0,0,0,0,0,0,0,0,0,0,876,400,0,0,0,0,0,0,476,0,0,0,0,0,0,0,0,0,0,0,0,0,2026-04-17
[หนังสือ] เหนื่อยมากไหม พักก่อนก็ได้นะวันนี้,[หนังสือ] เหนื่อยมากไหม พักก่อนก็ได้นะวันนี้,159.41,159.41,0,0,0,0,0,0,0,0,0,0,0,0,0,0,0,0,0,0,0,0,0,0,0,0,0,0,0,0,0,0,0,2026-04-17
[หนังสือ] เหนื่อยมากไหม พักก่อนก็ได้นะวันนี้,*OPD [E-BOOK] เหนื่อยมากไหม พักก่อนก็ได้นะวันนี้,0,0,0,0,0,0,0,0,0,0,0,0,0,0,0,0,0,0,0,0,0,0,0,0,0,0,0,0,0,0,0,0,0,2026-04-17
[หนังสือ] เหนื่อยมากไหม พักก่อนก็ได้นะวันนี้,[หนังสือ] BOXSET เหนื่อยมากไหม พักก่อนก็ได้นะวันนี้,0,0,0,0,0,0,0,0,0,0,0,889,499,0,0,0,390,0,0,0,0,0,0,0,0,0,0,0,0,0,0,0,0,2026-04-17
[หนังสือ] โอบกอดความไม่สมบูรณ์แบบของเธอ (EMBRACE YOUR FLAWS),[หนังสือ] โอบกอดความไม่สมบูรณ์แบบของเธอ (EMBRACE YOUR FLAWS),686.52,0,0,39.45,647.07,0,0,0,0,0,0,5340,0,0,259,4802,0,279,0,0,0,0,12.86,0,0,15.23,13.48,0,0,0,0,0,0,2026-04-17
[หนังสือ] โอบกอดความไม่สมบูรณ์แบบของเธอ (EMBRACE YOUR FLAWS),*OPD [E-BOOK] โอบกอดความไม่สมบูรณ์แบบของเธอ (EMBRACE YOUR FLAWS),0,0,0,0,0,0,0,0,0,0,0,518,0,0,0,0,518,0,0,0,0,0,0,0,0,0,0,0,0,0,0,0,0,2026-04-17
[หนังสือ] ความลับสู่เงินล้านที่โรงเรียนไม่เคยสอน (THE MILLIONAIRE'S TOP SECRET),[หนังสือ] ความลับสู่เงินล้านที่โรงเรียนไม่เคยสอน (THE MILLIONAIRE'S TOP SECRET),553.93,0,0,36.39,517.54,0,0,0,0,0,0,979,0,0,325,325,329,0,0,0,0,0,56.58,0,0,11.2,159.24,0,0,0,0,0,0,2026-04-17
[หนังสือ] ความลับสู่เงินล้านที่โรงเรียนไม่เคยสอน (THE MILLIONAIRE'S TOP SECRET),*OPD [E-BOOK] ความลับสู่เงินล้านที่โรงเรียนไม่เคยสอน (THE MILLIONAIRE'S TOP SECRET),0,0,0,0,0,0,0,0,0,0,0,0,0,0,0,0,0,0,0,0,0,0,0,0,0,0,0,0,0,0,0,0,0,2026-04-17
[หนังสือ] ขอใช้ชีวิตที่เหลือ เพื่อตัวเองนะ,[หนังสือ] ขอใช้ชีวิตที่เหลือ เพื่อตัวเองนะ,2170.26,445.12,0,40.44,1684.7,0,0,0,0,0,0,6951,1358,0,658,4277,0,0,0,0,658,0,31.22,32.78,0,6.15,39.39,0,0,0,0,0,0,2026-04-17
[หนังสือ] ขอใช้ชีวิตที่เหลือ เพื่อตัวเองนะ,*OPD [E-BOOK] ขอใช้ชีวิตที่เหลือ เพื่อตัวเองนะ,0,0,0,0,0,0,0,0,0,0,0,0,0,0,0,0,0,0,0,0,0,0,0,0,0,0,0,0,0,0,0,0,0,2026-04-17
[หนังสือ] กับดักความรู้สึกผิด,[หนังสือ] กับดักความรู้สึกผิด,18327.15,13721.14,0,1854.84,2048.65,395.07,307.45,0,0,0,0,45950,16018,0,5353,5574,16517,389,1740,0,359,0,39.88,85.66,0,34.65,36.75,22.71,1.86,0,0,0,0,2026-04-17
[หนังสือ] กับดักความรู้สึกผิด,*OPD [E-BOOK] กับดักความรู้สึกผิด,0,0,0,0,0,0,0,0,0,0,0,0,0,0,0,0,0,0,0,0,0,0,0,0,0,0,0,0,0,0,0,0,0,2026-04-17
[หนังสือ] กว่าจะคิดได้ ก็ไม่มีลมหายใจแล้ว (IT IS NEVER TOO LATE TO LOVE YOURSELF),[หนังสือ] กว่าจะคิดได้ ก็ไม่มีลมหายใจแล้ว (IT IS NEVER TOO LATE TO LOVE YOURSELF),237.53,0,0,221.76,15.77,0,0,0,0,0,0,897,0,0,299,598,0,0,0,0,0,0,26.48,0,0,74.17,2.64,0,0,0,0,0,0,2026-04-17
[หนังสือ] กว่าจะคิดได้ ก็ไม่มีลมหายใจแล้ว (IT IS NEVER TOO LATE TO LOVE YOURSELF),*OPD [E-BOOK] กว่าจะคิดได้ ก็ไม่มีลมหายใจแล้ว (IT IS NEVER TOO LATE TO LOVE YOURSELF),0,0,0,0,0,0,0,0,0,0,0,0,0,0,0,0,0,0,0,0,0,0,0,0,0,0,0,0,0,0,0,0,0,2026-04-17
[หนังสือ] THE WITCHES' CLUB ชมรมลับเปลี่ยนชีวิต,[หนังสือ] THE WITCHES' CLUB ชมรมลับเปลี่ยนชีวิต,1945.62,638.95,0,578,628.67,0,100,0,0,0,0,989,300,0,0,299,390,0,0,0,0,0,196.73,212.98,0,0,210.26,0,25.64,0,0,0,0,2026-04-17
[หนังสือ] THE WITCHES' CLUB ชมรมลับเปลี่ยนชีวิต,*OPD [E-BOOK] THE WITCHES' CLUB ชมรมลับเปลี่ยนชีวิต,0,0,0,0,0,0,0,0,0,0,0,0,0,0,0,0,0,0,0,0,0,0,0,0,0,0,0,0,0,0,0,0,0,2026-04-17
[หนังสือ] THE WITCHES' CLUB ชมรมลับเปลี่ยนชีวิต,*[E-BOOK] THE WITCHES' CLUB ชมรมลับเปลี่ยนชีวิต,0,0,0,0,0,0,0,0,0,0,0,0,0,0,0,0,0,0,0,0,0,0,0,0,0,0,0,0,0,0,0,0,0,2026-04-17
[หนังสือ] THE WITCHES' CLUB ชมรมลับเปลี่ยนชีวิต,[หนังสือ] BOXSET THE WITCHES' CLUB ชมรมลับเปลี่ยนชีวิต,0,0,0,0,0,0,0,0,0,0,0,3162.3,0,0,1557,519,0,572.3,0,514,0,0,0,0,0,0,0,0,0,0,0,0,0,2026-04-17
[หนังสือ] MY LAST BOOK (A GENTLE GUIDE AND PREPARATION FOR LIFE’S FINAL CHAPTER),[หนังสือ] MY LAST BOOK (A GENTLE GUIDE AND PREPARATION FOR LIFE’S FINAL CHAPTER),0,0,0,0,0,0,0,0,0,0,0,900,900,0,0,0,0,0,0,0,0,0,0,0,0,0,0,0,0,0,0,0,0,2026-04-17
[หนังสือ] GHOSTLY REMAINS ปลดพันธนาการดวงวิญญาณหลังความตาย,[หนังสือ] GHOSTLY REMAINS ปลดพันธนาการดวงวิญญาณหลังความตาย,585.2,302.71,0,42.28,172.01,0,68.2,0,0,0,0,1048,300,0,379,0,369,0,0,0,0,0,55.84,100.9,0,11.16,0,0,18.48,0,0,0,0,2026-04-17
[หนังสือ] GHOSTLY BREWS ยินดีบริการดวงวิญญาณหลังเที่ยงคืน,[หนังสือ] GHOSTLY BREWS ยินดีบริการดวงวิญญาณหลังเที่ยงคืน,1380.84,715.69,0,295.96,369.19,0,0,0,0,0,0,3952,300,0,948,1226,1478,0,0,0,0,0,34.94,238.56,0,31.22,30.11,0,0,0,0,0,0,2026-04-17
[หนังสือ] GHOSTLY BREWS ยินดีบริการดวงวิญญาณหลังเที่ยงคืน,*OPD [E-BOOK] GHOSTLY BREWS ยินดีบริการดวงวิญญาณหลังเที่ยงคืน,0,0,0,0,0,0,0,0,0,0,0,180,180,0,0,0,0,0,0,0,0,0,0,0,0,0,0,0,0,0,0,0,0,2026-04-17
[หนังสือ] GHOSTLY BREWS ยินดีบริการดวงวิญญาณหลังเที่ยงคืน,*[E-BOOK] GHOSTLY BREWS ยินดีบริการดวงวิญญาณหลังเที่ยงคืน,0,0,0,0,0,0,0,0,0,0,0,0,0,0,0,0,0,0,0,0,0,0,0,0,0,0,0,0,0,0,0,0,0,2026-04-17
[หนังสือ] ฉันจะมีชีวิตที่ดี,[หนังสือ] ฉันจะมีชีวิตที่ดี,463.29,0,0,19.52,443.77,0,0,0,0,0,0,870,0,0,290,580,0,0,0,0,0,0,53.25,0,0,6.73,76.51,0,0,0,0,0,0,2026-04-17
[หนังสือ] ฉันจะมีชีวิตที่ดี,*OPD [E-BOOK] ฉันจะมีชีวิตที่ดี,0,0,0,0,0,0,0,0,0,0,0,0,0,0,0,0,0,0,0,0,0,0,0,0,0,0,0,0,0,0,0,0,0,2026-04-17
[หนังสือ] ชีวิตมีเรื่องให้ขอบคุณมากกว่าเสียใจ,[หนังสือ] ชีวิตมีเรื่องให้ขอบคุณมากกว่าเสียใจ,214.76,0,0,17.22,197.54,0,0,0,0,0,0,275,0,0,0,275,0,0,0,0,0,0,78.09,0,0,0,71.83,0,0,0,0,0,0,2026-04-18
[หนังสือ] ชีวิตมีเรื่องให้ขอบคุณมากกว่าเสียใจ,*OPD [E-BOOK] ชีวิตมีเรื่องให้ขอบคุณมากกว่าเสียใจ,0,0,0,0,0,0,0,0,0,0,0,0,0,0,0,0,0,0,0,0,0,0,0,0,0,0,0,0,0,0,0,0,0,2026-04-18
[หนังสือ] วันไหนที่ใจแข็งแรง ดอกไม้จะผลิบาน THE ENCHANTED GARDEN,[หนังสือ] วันไหนที่ใจแข็งแรง ดอกไม้จะผลิบาน THE ENCHANTED GARDEN,428.44,0,0,103.12,325.32,0,0,0,0,0,0,1287,0,0,897,0,390,0,0,0,0,0,33.29,0,0,11.5,0,0,0,0,0,0,0,2026-04-18
[หนังสือ] วันไหนที่ใจแข็งแรง ดอกไม้จะผลิบาน THE ENCHANTED GARDEN,*OPD [E-BOOK] วันไหนที่ใจแข็งแรง ดอกไม้จะผลิบาน THE ENCHANTED GARDEN,0,0,0,0,0,0,0,0,0,0,0,0,0,0,0,0,0,0,0,0,0,0,0,0,0,0,0,0,0,0,0,0,0,2026-04-18
[หนังสือ] วันไหนที่ใจแข็งแรง ดอกไม้จะผลิบาน THE ENCHANTED GARDEN,[หนังสือ] สวนของหัวใจ BLOSSOMS OF THE SOUL’S GARDEN,0,0,0,0,0,0,0,0,0,0,0,400,400,0,0,0,0,0,0,0,0,0,0,0,0,0,0,0,0,0,0,0,0,2026-04-18
[หนังสือ] ยินดีต้อนรับและขอบคุณที่กลับมา,[หนังสือ] ยินดีต้อนรับและขอบคุณที่กลับมา,226.5,0,0,165.61,44.99,0,15.9,0,0,0,0,1417,400,0,0,299,718,0,0,0,0,0,15.98,0,0,0,15.05,0,2.21,0,0,0,0,2026-04-18
[หนังสือ] ยินดีต้อนรับและขอบคุณที่กลับมา,*OPD [E-BOOK] ยินดีต้อนรับและขอบคุณที่กลับมา,0,0,0,0,0,0,0,0,0,0,0,0,0,0,0,0,0,0,0,0,0,0,0,0,0,0,0,0,0,0,0,0,0,2026-04-18
[หนังสือ] ปีศาจตัวนั้น คือฉันเอง A GUIDE TO FIGHT THE DEMONS IN MY HEART,[หนังสือ] ปีศาจตัวนั้น คือฉันเอง A GUIDE TO FIGHT THE DEMONS IN MY HEART,7658.99,0,0,1044.6,6514.39,0,100,0,0,0,0,0,0,0,0,0,0,0,0,0,0,0,0,0,0,0,0,0,0,0,0,0,0,2026-04-18
[หนังสือ] ปีศาจตัวนั้น คือฉันเอง A GUIDE TO FIGHT THE DEMONS IN MY HEART,*OPD [E-BOOK] ปีศาจตัวนั้น คือฉันเอง A GUIDE TO FIGHTING THE DEMONS IN MY HEART,0,0,0,0,0,0,0,0,0,0,0,0,0,0,0,0,0,0,0,0,0,0,0,0,0,0,0,0,0,0,0,0,0,2026-04-18
[หนังสือ] ปีศาจตัวนั้น คือฉันเอง A GUIDE TO FIGHT THE DEMONS IN MY HEART,*[E-BOOK] ปีศาจตัวนั้น คือฉันเอง A GUIDE TO FIGHTING THE DEMONS IN MY HEART,0,0,0,0,0,0,0,0,0,0,0,0,0,0,0,0,0,0,0,0,0,0,0,0,0,0,0,0,0,0,0,0,0,2026-04-18
[หนังสือ] ปีศาจตัวนั้น คือฉันเอง A GUIDE TO FIGHT THE DEMONS IN MY HEART,[หนังสือ] ปีศาจตัวนั้น คือฉันเอง A GUIDE TO FIGHTING THE DEMONS IN MY HEART,0,0,0,0,0,0,0,0,0,0,0,21721.93,300,0,3544,15787,1695,395.93,0,0,0,0,0,0,0,0,0,0,0,0,0,0,0,2026-04-18
[หนังสือ] ปีศาจตัวนั้น คือฉันเอง 2 A GUIDE TO OVERCOMING THE RETURN OF THE DEMONS,[หนังสือ] ปีศาจตัวนั้น คือฉันเอง 2 A GUIDE TO OVERCOMING THE RETURN OF THE DEMONS,1650.86,0,0,421.56,1128.95,0,100,0.35,0,0,0,6147,0,0,912,3400,1485,350,0,0,0,0,26.86,0,0,46.22,33.2,0,6.73,0.1,0,0,0,2026-04-18
[หนังสือ] ปีศาจตัวนั้น คือฉันเอง 2 A GUIDE TO OVERCOMING THE RETURN OF THE DEMONS,*OPD [E-BOOK] ปีศาจตัวนั้น คือฉันเอง 2 A GUIDE TO OVERCOMING THE RETURN OF THE DEMONS,0,0,0,0,0,0,0,0,0,0,0,0,0,0,0,0,0,0,0,0,0,0,0,0,0,0,0,0,0,0,0,0,0,2026-04-18
[หนังสือ] ปีศาจความรักมักเลือกฉันเป็นเหยื่อ HOW TO FIGHT THE LOVE DEMON IN MY HEART,[หนังสือ] ปีศาจความรักมักเลือกฉันเป็นเหยื่อ HOW TO FIGHT THE LOVE DEMON IN MY HEART,257.25,0,0,8.7,248.55,0,0,0,0,0,0,1512,0,0,0,919,593,0,0,0,0,0,17.01,0,0,0,27.05,0,0,0,0,0,0,2026-04-18
[หนังสือ] ปีศาจความรักมักเลือกฉันเป็นเหยื่อ HOW TO FIGHT THE LOVE DEMON IN MY HEART,*OPD [E-BOOK] ปีศาจความรักมักเลือกฉันเป็นเหยื่อ HOW TO FIGHT THE LOVE DEMON IN MY HEART,0,0,0,0,0,0,0,0,0,0,0,0,0,0,0,0,0,0,0,0,0,0,0,0,0,0,0,0,0,0,0,0,0,2026-04-18
[หนังสือ] ทุกความทรงจำคือของขวัญจากวันวาน,[หนังสือ] ทุกความทรงจำคือของขวัญจากวันวาน,0,0,0,0,0,0,0,0,0,0,0,628,329,0,0,299,0,0,0,0,0,0,0,0,0,0,0,0,0,0,0,0,0,2026-04-18
[หนังสือ] ทุกความทรงจำคือของขวัญจากวันวาน,*OPD [E-BOOK] ทุกความทรงจำคือของขวัญจากวันวาน,0,0,0,0,0,0,0,0,0,0,0,0,0,0,0,0,0,0,0,0,0,0,0,0,0,0,0,0,0,0,0,0,0,2026-04-18
[หนังสือ] ถ้าโลกมันแย่ ก็แค่คิดแบบคาปิบาร่า THINK LIKE A HAPPYBARA,[หนังสือ] ถ้าโลกมันแย่ ก็แค่คิดแบบคาปิบาร่า THINK LIKE A HAPPYBARA,355.31,0,0,61.68,293.63,0,0,0,0,0,0,0,0,0,0,0,0,0,0,0,0,0,0,0,0,0,0,0,0,0,0,0,0,2026-04-18
[หนังสือ] ถ้าโลกมันแย่ ก็แค่คิดแบบคาปิบาร่า THINK LIKE A HAPPYBARA,*OPD [E-BOOK] ถ้าโลกมันแย่ ก็แค่คิดแบบคาปิบาร่า THINK LIKE A HAPPYBARA,0,0,0,0,0,0,0,0,0,0,0,0,0,0,0,0,0,0,0,0,0,0,0,0,0,0,0,0,0,0,0,0,0,2026-04-18
[หนังสือ] ถ้าโลกมันแย่ ก็แค่คิดแบบคาปิบาร่า THINK LIKE A HAPPYBARA,[หนังสือ] BOXSET ถ้าโลกมันแย่ ก็แค่คิดแบบคาปิบาร่า THINK LIKE A HAPPYBARA,0,0,0,0,0,0,0,0,0,0,0,2266,1264,0,0,0,1002,0,0,0,0,0,0,0,0,0,0,0,0,0,0,0,0,2026-04-18
[หนังสือ] เหนื่อยมากไหม พักก่อนก็ได้นะวันนี้,[หนังสือ] เหนื่อยมากไหม พักก่อนก็ได้นะวันนี้,158.43,158.43,0,0,0,0,0,0,0,0,0,0,0,0,0,0,0,0,0,0,0,0,0,0,0,0,0,0,0,0,0,0,0,2026-04-18
[หนังสือ] เหนื่อยมากไหม พักก่อนก็ได้นะวันนี้,*OPD [E-BOOK] เหนื่อยมากไหม พักก่อนก็ได้นะวันนี้,0,0,0,0,0,0,0,0,0,0,0,0,0,0,0,0,0,0,0,0,0,0,0,0,0,0,0,0,0,0,0,0,0,2026-04-18
[หนังสือ] เหนื่อยมากไหม พักก่อนก็ได้นะวันนี้,[หนังสือ] BOXSET เหนื่อยมากไหม พักก่อนก็ได้นะวันนี้,0,0,0,0,0,0,0,0,0,0,0,519,0,0,519,0,0,0,0,0,0,0,0,0,0,0,0,0,0,0,0,0,0,2026-04-18
[หนังสือ] โอบกอดความไม่สมบูรณ์แบบของเธอ (EMBRACE YOUR FLAWS),[หนังสือ] โอบกอดความไม่สมบูรณ์แบบของเธอ (EMBRACE YOUR FLAWS),426.67,0,0,18.65,408.02,0,0,0,0,0,0,2909,0,0,518,2112,0,279,0,0,0,0,14.67,0,0,3.6,19.32,0,0,0,0,0,0,2026-04-18
[หนังสือ] โอบกอดความไม่สมบูรณ์แบบของเธอ (EMBRACE YOUR FLAWS),*OPD [E-BOOK] โอบกอดความไม่สมบูรณ์แบบของเธอ (EMBRACE YOUR FLAWS),0,0,0,0,0,0,0,0,0,0,0,259,0,0,0,0,259,0,0,0,0,0,0,0,0,0,0,0,0,0,0,0,0,2026-04-18
[หนังสือ] ความลับสู่เงินล้านที่โรงเรียนไม่เคยสอน (THE MILLIONAIRE'S TOP SECRET),[หนังสือ] ความลับสู่เงินล้านที่โรงเรียนไม่เคยสอน (THE MILLIONAIRE'S TOP SECRET),312.45,0,0,20.74,291.71,0,0,0,0,0,0,654,0,0,0,325,329,0,0,0,0,0,47.78,0,0,0,89.76,0,0,0,0,0,0,2026-04-18
[หนังสือ] ความลับสู่เงินล้านที่โรงเรียนไม่เคยสอน (THE MILLIONAIRE'S TOP SECRET),*OPD [E-BOOK] ความลับสู่เงินล้านที่โรงเรียนไม่เคยสอน (THE MILLIONAIRE'S TOP SECRET),0,0,0,0,0,0,0,0,0,0,0,0,0,0,0,0,0,0,0,0,0,0,0,0,0,0,0,0,0,0,0,0,0,2026-04-18
[หนังสือ] ขอใช้ชีวิตที่เหลือ เพื่อตัวเองนะ,[หนังสือ] ขอใช้ชีวิตที่เหลือ เพื่อตัวเองนะ,1148.53,508.43,0,29.81,610.29,0,0,0,0,0,0,2965,729,0,0,1974,0,262,0,0,0,0,38.74,69.74,0,0,30.92,0,0,0,0,0,0,2026-04-18
[หนังสือ] ขอใช้ชีวิตที่เหลือ เพื่อตัวเองนะ,*OPD [E-BOOK] ขอใช้ชีวิตที่เหลือ เพื่อตัวเองนะ,0,0,0,0,0,0,0,0,0,0,0,0,0,0,0,0,0,0,0,0,0,0,0,0,0,0,0,0,0,0,0,0,0,2026-04-18
[หนังสือ] กับดักความรู้สึกผิด,[หนังสือ] กับดักความรู้สึกผิด,19822.07,16475.38,0,1371.41,1429.69,321.09,224.5,0,0,0,0,51096,23038,0,3619,3948,16966,748,1740,0,1037,0,38.79,71.51,0,37.89,36.21,18.45,1.32,0,0,0,0,2026-04-18
[หนังสือ] กับดักความรู้สึกผิด,*OPD [E-BOOK] กับดักความรู้สึกผิด,0,0,0,0,0,0,0,0,0,0,0,0,0,0,0,0,0,0,0,0,0,0,0,0,0,0,0,0,0,0,0,0,0,2026-04-18
[หนังสือ] กว่าจะคิดได้ ก็ไม่มีลมหายใจแล้ว (IT IS NEVER TOO LATE TO LOVE YOURSELF),[หนังสือ] กว่าจะคิดได้ ก็ไม่มีลมหายใจแล้ว (IT IS NEVER TOO LATE TO LOVE YOURSELF),257.55,0,0,29.52,228.03,0,0,0,0,0,0,977,0,0,0,598,379,0,0,0,0,0,26.36,0,0,0,38.13,0,0,0,0,0,0,2026-04-18
[หนังสือ] กว่าจะคิดได้ ก็ไม่มีลมหายใจแล้ว (IT IS NEVER TOO LATE TO LOVE YOURSELF),*OPD [E-BOOK] กว่าจะคิดได้ ก็ไม่มีลมหายใจแล้ว (IT IS NEVER TOO LATE TO LOVE YOURSELF),0,0,0,0,0,0,0,0,0,0,0,0,0,0,0,0,0,0,0,0,0,0,0,0,0,0,0,0,0,0,0,0,0,2026-04-18
[หนังสือ] THE WITCHES' CLUB ชมรมลับเปลี่ยนชีวิต,[หนังสือ] THE WITCHES' CLUB ชมรมลับเปลี่ยนชีวิต,1771.4,900.28,0,393.16,447.36,0,30.6,0,0,0,0,700,0,0,0,350,350,0,0,0,0,0,253.06,0,0,0,127.82,0,8.74,0,0,0,0,2026-04-18
[หนังสือ] THE WITCHES' CLUB ชมรมลับเปลี่ยนชีวิต,*OPD [E-BOOK] THE WITCHES' CLUB ชมรมลับเปลี่ยนชีวิต,0,0,0,0,0,0,0,0,0,0,0,0,0,0,0,0,0,0,0,0,0,0,0,0,0,0,0,0,0,0,0,0,0,2026-04-18
[หนังสือ] THE WITCHES' CLUB ชมรมลับเปลี่ยนชีวิต,*[E-BOOK] THE WITCHES' CLUB ชมรมลับเปลี่ยนชีวิต,0,0,0,0,0,0,0,0,0,0,0,0,0,0,0,0,0,0,0,0,0,0,0,0,0,0,0,0,0,0,0,0,0,2026-04-18
[หนังสือ] THE WITCHES' CLUB ชมรมลับเปลี่ยนชีวิต,[หนังสือ] BOXSET THE WITCHES' CLUB ชมรมลับเปลี่ยนชีวิต,0,0,0,0,0,0,0,0,0,0,0,1433,1433,0,0,0,0,0,0,0,0,0,0,0,0,0,0,0,0,0,0,0,0,2026-04-18
[หนังสือ] GHOSTLY REMAINS ปลดพันธนาการดวงวิญญาณหลังความตาย,[หนังสือ] GHOSTLY REMAINS ปลดพันธนาการดวงวิญญาณหลังความตาย,744.56,359.12,0,64.36,321.08,0,0,0,0,0,0,2576,900,0,0,1286,390,0,0,0,0,0,28.9,39.9,0,0,24.97,0,0,0,0,0,0,2026-04-18
[หนังสือ] GHOSTLY BREWS ยินดีบริการดวงวิญญาณหลังเที่ยงคืน,[หนังสือ] GHOSTLY BREWS ยินดีบริการดวงวิญญาณหลังเที่ยงคืน,1606.56,987.43,0,285.35,333.78,0,0,0,0,0,0,5500,1400,0,1676,1009,1415,0,0,0,0,0,29.21,70.53,0,17.03,33.08,0,0,0,0,0,0,2026-04-18
[หนังสือ] GHOSTLY BREWS ยินดีบริการดวงวิญญาณหลังเที่ยงคืน,*OPD [E-BOOK] GHOSTLY BREWS ยินดีบริการดวงวิญญาณหลังเที่ยงคืน,0,0,0,0,0,0,0,0,0,0,0,0,0,0,0,0,0,0,0,0,0,0,0,0,0,0,0,0,0,0,0,0,0,2026-04-18
[หนังสือ] GHOSTLY BREWS ยินดีบริการดวงวิญญาณหลังเที่ยงคืน,*[E-BOOK] GHOSTLY BREWS ยินดีบริการดวงวิญญาณหลังเที่ยงคืน,0,0,0,0,0,0,0,0,0,0,0,0,0,0,0,0,0,0,0,0,0,0,0,0,0,0,0,0,0,0,0,0,0,2026-04-18
[หนังสือ] ฉันจะมีชีวิตที่ดี,[หนังสือ] ฉันจะมีชีวิตที่ดี,279.28,0,0,16.65,262.63,0,0,0,0,0,0,1160,0,0,0,1160,0,0,0,0,0,0,24.08,0,0,0,22.64,0,0,0,0,0,0,2026-04-18
[หนังสือ] ฉันจะมีชีวิตที่ดี,*OPD [E-BOOK] ฉันจะมีชีวิตที่ดี,0,0,0,0,0,0,0,0,0,0,0,0,0,0,0,0,0,0,0,0,0,0,0,0,0,0,0,0,0,0,0,0,0,2026-04-18
[หนังสือ] ชีวิตมีเรื่องให้ขอบคุณมากกว่าเสียใจ,[หนังสือ] ชีวิตมีเรื่องให้ขอบคุณมากกว่าเสียใจ,497.24,0,0,34.24,463,0,0,0,0,0,0,1690,0,0,275,1415,0,0,0,0,0,0,29.42,0,0,12.45,32.72,0,0,0,0,0,0,2026-04-19
[หนังสือ] ชีวิตมีเรื่องให้ขอบคุณมากกว่าเสียใจ,*OPD [E-BOOK] ชีวิตมีเรื่องให้ขอบคุณมากกว่าเสียใจ,0,0,0,0,0,0,0,0,0,0,0,0,0,0,0,0,0,0,0,0,0,0,0,0,0,0,0,0,0,0,0,0,0,2026-04-19
[หนังสือ] เมื่อโลกทั้งใบซ่อนอยู่ใต้หมวกกันน็อก (HELMET GIRL),[หนังสือ] เมื่อโลกทั้งใบซ่อนอยู่ใต้หมวกกันน็อก (HELMET GIRL),0,0,0,0,0,0,0,0,0,0,0,0,0,0,0,0,0,0,0,0,0,0,0,0,0,0,0,0,0,0,0,0,0,2026-04-19
[หนังสือ] เมื่อโลกทั้งใบซ่อนอยู่ใต้หมวกกันน็อก (HELMET GIRL),*OPD [E-BOOK] เมื่อโลกทั้งใบซ่อนอยู่ใต้หมวกกันน็อก (HELMET GIRL),0,0,0,0,0,0,0,0,0,0,0,0,0,0,0,0,0,0,0,0,0,0,0,0,0,0,0,0,0,0,0,0,0,2026-04-19
[หนังสือ] เมื่อโลกทั้งใบซ่อนอยู่ใต้หมวกกันน็อก (HELMET GIRL),[หนังสือ] BOXSET เมื่อโลกทั้งใบซ่อนอยู่ใต้หมวกกันน็อก (HELMET GIRL),0,0,0,0,0,0,0,0,0,0,0,872,400,0,0,0,472,0,0,0,0,0,0,0,0,0,0,0,0,0,0,0,0,2026-04-19
[หนังสือ] วันไหนที่ใจแข็งแรง ดอกไม้จะผลิบาน THE ENCHANTED GARDEN,[หนังสือ] วันไหนที่ใจแข็งแรง ดอกไม้จะผลิบาน THE ENCHANTED GARDEN,799.2,0,0,128.73,670.47,0,0,0,0,0,0,2886,0,0,0,2496,390,0,0,0,0,0,27.69,0,0,0,26.86,0,0,0,0,0,0,2026-04-19
[หนังสือ] วันไหนที่ใจแข็งแรง ดอกไม้จะผลิบาน THE ENCHANTED GARDEN,*OPD [E-BOOK] วันไหนที่ใจแข็งแรง ดอกไม้จะผลิบาน THE ENCHANTED GARDEN,0,0,0,0,0,0,0,0,0,0,0,0,0,0,0,0,0,0,0,0,0,0,0,0,0,0,0,0,0,0,0,0,0,2026-04-19
[หนังสือ] วันไหนที่ใจแข็งแรง ดอกไม้จะผลิบาน THE ENCHANTED GARDEN,[หนังสือ] สวนของหัวใจ BLOSSOMS OF THE SOUL’S GARDEN,0,0,0,0,0,0,0,0,0,0,0,790,0,0,0,0,790,0,0,0,0,0,0,0,0,0,0,0,0,0,0,0,0,2026-04-19
[หนังสือ] ยินดีต้อนรับและขอบคุณที่กลับมา,[หนังสือ] ยินดีต้อนรับและขอบคุณที่กลับมา,224.41,0,0,154.89,69.52,0,0,0,0,0,0,559,559,0,0,0,0,0,0,0,0,0,40.14,0,0,0,0,0,0,0,0,0,0,2026-04-19
[หนังสือ] ยินดีต้อนรับและขอบคุณที่กลับมา,*OPD [E-BOOK] ยินดีต้อนรับและขอบคุณที่กลับมา,0,0,0,0,0,0,0,0,0,0,0,0,0,0,0,0,0,0,0,0,0,0,0,0,0,0,0,0,0,0,0,0,0,2026-04-19
[หนังสือ] ปีศาจตัวนั้น คือฉันเอง A GUIDE TO FIGHT THE DEMONS IN MY HEART,[หนังสือ] ปีศาจตัวนั้น คือฉันเอง A GUIDE TO FIGHT THE DEMONS IN MY HEART,7307.96,0,0,452.07,6755.89,0,100,0,0,0,0,0,0,0,0,0,0,0,0,0,0,0,0,0,0,0,0,0,0,0,0,0,0,2026-04-19
[หนังสือ] ปีศาจตัวนั้น คือฉันเอง A GUIDE TO FIGHT THE DEMONS IN MY HEART,*OPD [E-BOOK] ปีศาจตัวนั้น คือฉันเอง A GUIDE TO FIGHTING THE DEMONS IN MY HEART,0,0,0,0,0,0,0,0,0,0,0,359,0,0,0,0,359,0,0,0,0,0,0,0,0,0,0,0,0,0,0,0,0,2026-04-19
[หนังสือ] ปีศาจตัวนั้น คือฉันเอง A GUIDE TO FIGHT THE DEMONS IN MY HEART,*[E-BOOK] ปีศาจตัวนั้น คือฉันเอง A GUIDE TO FIGHTING THE DEMONS IN MY HEART,0,0,0,0,0,0,0,0,0,0,0,0,0,0,0,0,0,0,0,0,0,0,0,0,0,0,0,0,0,0,0,0,0,2026-04-19
[หนังสือ] ปีศาจตัวนั้น คือฉันเอง A GUIDE TO FIGHT THE DEMONS IN MY HEART,[หนังสือ] ปีศาจตัวนั้น คือฉันเอง A GUIDE TO FIGHTING THE DEMONS IN MY HEART,0,0,0,0,0,0,0,0,0,0,0,18821,300,0,2112,12167,3345,0,597,0,300,0,0,0,0,0,0,0,0,0,0,0,0,2026-04-19
[หนังสือ] ปีศาจตัวนั้น คือฉันเอง 2 A GUIDE TO OVERCOMING THE RETURN OF THE DEMONS,[หนังสือ] ปีศาจตัวนั้น คือฉันเอง 2 A GUIDE TO OVERCOMING THE RETURN OF THE DEMONS,1730.61,0,0,505.22,1125.39,0,100,0,0,0,0,7821,300,0,2744,2924,1853,0,0,0,0,0,22.13,0,0,18.41,38.49,0,5.4,0,0,0,0,2026-04-19
[หนังสือ] ปีศาจตัวนั้น คือฉันเอง 2 A GUIDE TO OVERCOMING THE RETURN OF THE DEMONS,*OPD [E-BOOK] ปีศาจตัวนั้น คือฉันเอง 2 A GUIDE TO OVERCOMING THE RETURN OF THE DEMONS,0,0,0,0,0,0,0,0,0,0,0,0,0,0,0,0,0,0,0,0,0,0,0,0,0,0,0,0,0,0,0,0,0,2026-04-19
[หนังสือ] ปีศาจความรักมักเลือกฉันเป็นเหยื่อ HOW TO FIGHT THE LOVE DEMON IN MY HEART,[หนังสือ] ปีศาจความรักมักเลือกฉันเป็นเหยื่อ HOW TO FIGHT THE LOVE DEMON IN MY HEART,260.48,0,0,23.01,237.47,0,0,0,0,0,0,1699,200,0,0,300,1199,0,0,0,0,0,15.33,0,0,0,79.16,0,0,0,0,0,0,2026-04-19
[หนังสือ] ปีศาจความรักมักเลือกฉันเป็นเหยื่อ HOW TO FIGHT THE LOVE DEMON IN MY HEART,*OPD [E-BOOK] ปีศาจความรักมักเลือกฉันเป็นเหยื่อ HOW TO FIGHT THE LOVE DEMON IN MY HEART,0,0,0,0,0,0,0,0,0,0,0,0,0,0,0,0,0,0,0,0,0,0,0,0,0,0,0,0,0,0,0,0,0,2026-04-19
[หนังสือ] ทุกความทรงจำคือของขวัญจากวันวาน,[หนังสือ] ทุกความทรงจำคือของขวัญจากวันวาน,0,0,0,0,0,0,0,0,0,0,0,400,400,0,0,0,0,0,0,0,0,0,0,0,0,0,0,0,0,0,0,0,0,2026-04-19
[หนังสือ] ทุกความทรงจำคือของขวัญจากวันวาน,*OPD [E-BOOK] ทุกความทรงจำคือของขวัญจากวันวาน,0,0,0,0,0,0,0,0,0,0,0,0,0,0,0,0,0,0,0,0,0,0,0,0,0,0,0,0,0,0,0,0,0,2026-04-19
[หนังสือ] ถ้าโลกมันแย่ ก็แค่คิดแบบคาปิบาร่า THINK LIKE A HAPPYBARA,[หนังสือ] ถ้าโลกมันแย่ ก็แค่คิดแบบคาปิบาร่า THINK LIKE A HAPPYBARA,394.54,0,0,83.62,310.92,0,0,0,0,0,0,689,0,0,0,299,390,0,0,0,0,0,57.26,0,0,0,103.99,0,0,0,0,0,0,2026-04-19
[หนังสือ] ถ้าโลกมันแย่ ก็แค่คิดแบบคาปิบาร่า THINK LIKE A HAPPYBARA,*OPD [E-BOOK] ถ้าโลกมันแย่ ก็แค่คิดแบบคาปิบาร่า THINK LIKE A HAPPYBARA,0,0,0,0,0,0,0,0,0,0,0,179,179,0,0,0,0,0,0,0,0,0,0,0,0,0,0,0,0,0,0,0,0,2026-04-19
[หนังสือ] ถ้าโลกมันแย่ ก็แค่คิดแบบคาปิบาร่า THINK LIKE A HAPPYBARA,[หนังสือ] BOXSET ถ้าโลกมันแย่ ก็แค่คิดแบบคาปิบาร่า THINK LIKE A HAPPYBARA,0,0,0,0,0,0,0,0,0,0,0,1402,400,0,0,0,1002,0,0,0,0,0,0,0,0,0,0,0,0,0,0,0,0,2026-04-19
[หนังสือ] เหนื่อยมากไหม พักก่อนก็ได้นะวันนี้,[หนังสือ] เหนื่อยมากไหม พักก่อนก็ได้นะวันนี้,161.66,161.66,0,0,0,0,0,0,0,0,0,0,0,0,0,0,0,0,0,0,0,0,0,0,0,0,0,0,0,0,0,0,0,2026-04-19
[หนังสือ] เหนื่อยมากไหม พักก่อนก็ได้นะวันนี้,*OPD [E-BOOK] เหนื่อยมากไหม พักก่อนก็ได้นะวันนี้,0,0,0,0,0,0,0,0,0,0,0,0,0,0,0,0,0,0,0,0,0,0,0,0,0,0,0,0,0,0,0,0,0,2026-04-19
[หนังสือ] เหนื่อยมากไหม พักก่อนก็ได้นะวันนี้,[หนังสือ] BOXSET เหนื่อยมากไหม พักก่อนก็ได้นะวันนี้,0,0,0,0,0,0,0,0,0,0,0,1250,800,0,0,450,0,0,0,0,0,0,0,0,0,0,0,0,0,0,0,0,0,2026-04-19
[หนังสือ] โอบกอดความไม่สมบูรณ์แบบของเธอ (EMBRACE YOUR FLAWS),[หนังสือ] โอบกอดความไม่สมบูรณ์แบบของเธอ (EMBRACE YOUR FLAWS),476.43,0,0,25.84,450.59,0,0,0,0,0,0,3143,0,0,0,3143,0,0,0,0,0,0,15.16,0,0,0,14.34,0,0,0,0,0,0,2026-04-19
[หนังสือ] โอบกอดความไม่สมบูรณ์แบบของเธอ (EMBRACE YOUR FLAWS),*OPD [E-BOOK] โอบกอดความไม่สมบูรณ์แบบของเธอ (EMBRACE YOUR FLAWS),0,0,0,0,0,0,0,0,0,0,0,179,179,0,0,0,0,0,0,0,0,0,0,0,0,0,0,0,0,0,0,0,0,2026-04-19
[หนังสือ] ความลับสู่เงินล้านที่โรงเรียนไม่เคยสอน (THE MILLIONAIRE'S TOP SECRET),[หนังสือ] ความลับสู่เงินล้านที่โรงเรียนไม่เคยสอน (THE MILLIONAIRE'S TOP SECRET),1198.72,0,0,49.46,1149.26,0,0,0,0,0,0,3587,0,0,325,2604,658,0,0,0,0,0,33.42,0,0,15.22,44.13,0,0,0,0,0,0,2026-04-19
[หนังสือ] ความลับสู่เงินล้านที่โรงเรียนไม่เคยสอน (THE MILLIONAIRE'S TOP SECRET),*OPD [E-BOOK] ความลับสู่เงินล้านที่โรงเรียนไม่เคยสอน (THE MILLIONAIRE'S TOP SECRET),0,0,0,0,0,0,0,0,0,0,0,0,0,0,0,0,0,0,0,0,0,0,0,0,0,0,0,0,0,0,0,0,0,2026-04-19
[หนังสือ] ขอใช้ชีวิตที่เหลือ เพื่อตัวเองนะ,[หนังสือ] ขอใช้ชีวิตที่เหลือ เพื่อตัวเองนะ,1176.09,446.53,0,46.72,682.84,0,0,0,0,0,0,5806,2516,0,0,2303,329,0,0,0,658,0,20.26,17.75,0,0,29.65,0,0,0,0,0,0,2026-04-19
[หนังสือ] ขอใช้ชีวิตที่เหลือ เพื่อตัวเองนะ,*OPD [E-BOOK] ขอใช้ชีวิตที่เหลือ เพื่อตัวเองนะ,0,0,0,0,0,0,0,0,0,0,0,0,0,0,0,0,0,0,0,0,0,0,0,0,0,0,0,0,0,0,0,0,0,2026-04-19
[หนังสือ] กับดักความรู้สึกผิด,[หนังสือ] กับดักความรู้สึกผิด,29611.3,22542.17,0,3197.65,3256.89,414.59,200,0,0,0,0,74717,31678,0,7545,5140,26182,0,3135,0,1037,0,39.63,71.16,0,42.38,63.36,13.22,0.76,0,0,0,0,2026-04-19
[หนังสือ] กับดักความรู้สึกผิด,*OPD [E-BOOK] กับดักความรู้สึกผิด,0,0,0,0,0,0,0,0,0,0,0,180,180,0,0,0,0,0,0,0,0,0,0,0,0,0,0,0,0,0,0,0,0,2026-04-19
[หนังสือ] กว่าจะคิดได้ ก็ไม่มีลมหายใจแล้ว (IT IS NEVER TOO LATE TO LOVE YOURSELF),[หนังสือ] กว่าจะคิดได้ ก็ไม่มีลมหายใจแล้ว (IT IS NEVER TOO LATE TO LOVE YOURSELF),475.01,0,0,18.92,456.09,0,0,0,0,0,0,1605,0,0,1007,598,0,0,0,0,0,0,29.6,0,0,1.88,76.27,0,0,0,0,0,0,2026-04-19
[หนังสือ] กว่าจะคิดได้ ก็ไม่มีลมหายใจแล้ว (IT IS NEVER TOO LATE TO LOVE YOURSELF),*OPD [E-BOOK] กว่าจะคิดได้ ก็ไม่มีลมหายใจแล้ว (IT IS NEVER TOO LATE TO LOVE YOURSELF),0,0,0,0,0,0,0,0,0,0,0,0,0,0,0,0,0,0,0,0,0,0,0,0,0,0,0,0,0,0,0,0,0,2026-04-19
[หนังสือ] THE WITCHES' CLUB ชมรมลับเปลี่ยนชีวิต,[หนังสือ] THE WITCHES' CLUB ชมรมลับเปลี่ยนชีวิต,2267.29,763.54,0,688.69,715.06,0,100,0,0,0,0,948,300,0,299,349,0,0,0,0,0,0,239.17,254.51,0,230.33,204.89,0,0,0,0,0,0,2026-04-19
[หนังสือ] THE WITCHES' CLUB ชมรมลับเปลี่ยนชีวิต,*OPD [E-BOOK] THE WITCHES' CLUB ชมรมลับเปลี่ยนชีวิต,0,0,0,0,0,0,0,0,0,0,0,0,0,0,0,0,0,0,0,0,0,0,0,0,0,0,0,0,0,0,0,0,0,2026-04-19
[หนังสือ] THE WITCHES' CLUB ชมรมลับเปลี่ยนชีวิต,*[E-BOOK] THE WITCHES' CLUB ชมรมลับเปลี่ยนชีวิต,0,0,0,0,0,0,0,0,0,0,0,0,0,0,0,0,0,0,0,0,0,0,0,0,0,0,0,0,0,0,0,0,0,2026-04-19
[หนังสือ] THE WITCHES' CLUB ชมรมลับเปลี่ยนชีวิต,[หนังสือ] BOXSET THE WITCHES' CLUB ชมรมลับเปลี่ยนชีวิต,0,0,0,0,0,0,0,0,0,0,0,5079,1398,0,1557,948,1176,0,0,0,0,0,0,0,0,0,0,0,0,0,0,0,0,2026-04-19
[หนังสือ] MY LAST BOOK (A GENTLE GUIDE AND PREPARATION FOR LIFE’S FINAL CHAPTER),[หนังสือ] MY LAST BOOK (A GENTLE GUIDE AND PREPARATION FOR LIFE’S FINAL CHAPTER),0,0,0,0,0,0,0,0,0,0,0,300,300,0,0,0,0,0,0,0,0,0,0,0,0,0,0,0,0,0,0,0,0,2026-04-19
[หนังสือ] GHOSTLY REMAINS ปลดพันธนาการดวงวิญญาณหลังความตาย,[หนังสือ] GHOSTLY REMAINS ปลดพันธนาการดวงวิญญาณหลังความตาย,623.91,392.29,0,37.02,194.6,0,0,0,0,0,0,1787,749,0,0,299,739,0,0,0,0,0,34.91,52.38,0,0,65.08,0,0,0,0,0,0,2026-04-19
[หนังสือ] GHOSTLY BREWS ยินดีบริการดวงวิญญาณหลังเที่ยงคืน,[หนังสือ] GHOSTLY BREWS ยินดีบริการดวงวิญญาณหลังเที่ยงคืน,1823,1090.11,0,339.69,393.17,0,0,0.03,0,0,0,5816,1659,0,1707,1777,358,0,315,0,0,0,31.34,65.71,0,19.9,22.13,0,0,0,0,0,0,2026-04-19
[หนังสือ] GHOSTLY BREWS ยินดีบริการดวงวิญญาณหลังเที่ยงคืน,*OPD [E-BOOK] GHOSTLY BREWS ยินดีบริการดวงวิญญาณหลังเที่ยงคืน,0,0,0,0,0,0,0,0,0,0,0,180,180,0,0,0,0,0,0,0,0,0,0,0,0,0,0,0,0,0,0,0,0,2026-04-19
[หนังสือ] GHOSTLY BREWS ยินดีบริการดวงวิญญาณหลังเที่ยงคืน,*[E-BOOK] GHOSTLY BREWS ยินดีบริการดวงวิญญาณหลังเที่ยงคืน,0,0,0,0,0,0,0,0,0,0,0,0,0,0,0,0,0,0,0,0,0,0,0,0,0,0,0,0,0,0,0,0,0,2026-04-19
[หนังสือ] ฉันจะมีชีวิตที่ดี,[หนังสือ] ฉันจะมีชีวิตที่ดี,1073.89,0,0,23.28,1050.61,0,0,0,0,0,0,3160,0,0,0,2910,0,0,250,0,0,0,33.98,0,0,0,36.1,0,0,0,0,0,0,2026-04-19
[หนังสือ] ฉันจะมีชีวิตที่ดี,*OPD [E-BOOK] ฉันจะมีชีวิตที่ดี,0,0,0,0,0,0,0,0,0,0,0,0,0,0,0,0,0,0,0,0,0,0,0,0,0,0,0,0,0,0,0,0,0,2026-04-19
[หนังสือ] ชีวิตมีเรื่องให้ขอบคุณมากกว่าเสียใจ,[หนังสือ] ชีวิตมีเรื่องให้ขอบคุณมากกว่าเสียใจ,213.7,0,0,19.41,194.29,0,0,0,0,0,0,214,0,0,0,214,0,0,0,0,0,0,99.86,0,0,0,90.79,0,0,0,0,0,0,2026-04-20
[หนังสือ] ชีวิตมีเรื่องให้ขอบคุณมากกว่าเสียใจ,*OPD [E-BOOK] ชีวิตมีเรื่องให้ขอบคุณมากกว่าเสียใจ,0,0,0,0,0,0,0,0,0,0,0,0,0,0,0,0,0,0,0,0,0,0,0,0,0,0,0,0,0,0,0,0,0,2026-04-20
[หนังสือ] เมื่อโลกทั้งใบซ่อนอยู่ใต้หมวกกันน็อก (HELMET GIRL),[หนังสือ] เมื่อโลกทั้งใบซ่อนอยู่ใต้หมวกกันน็อก (HELMET GIRL),0,0,0,0,0,0,0,0,0,0,0,0,0,0,0,0,0,0,0,0,0,0,0,0,0,0,0,0,0,0,0,0,0,2026-04-20
[หนังสือ] เมื่อโลกทั้งใบซ่อนอยู่ใต้หมวกกันน็อก (HELMET GIRL),*OPD [E-BOOK] เมื่อโลกทั้งใบซ่อนอยู่ใต้หมวกกันน็อก (HELMET GIRL),0,0,0,0,0,0,0,0,0,0,0,0,0,0,0,0,0,0,0,0,0,0,0,0,0,0,0,0,0,0,0,0,0,2026-04-20
[หนังสือ] เมื่อโลกทั้งใบซ่อนอยู่ใต้หมวกกันน็อก (HELMET GIRL),[หนังสือ] BOXSET เมื่อโลกทั้งใบซ่อนอยู่ใต้หมวกกันน็อก (HELMET GIRL),0,0,0,0,0,0,0,0,0,0,0,590,0,0,0,0,590,0,0,0,0,0,0,0,0,0,0,0,0,0,0,0,0,2026-04-20
[หนังสือ] วันไหนที่ใจแข็งแรง ดอกไม้จะผลิบาน THE ENCHANTED GARDEN,[หนังสือ] วันไหนที่ใจแข็งแรง ดอกไม้จะผลิบาน THE ENCHANTED GARDEN,834.41,0,0,129.99,704.42,0,0,0,0,0,0,3173,0,0,300,2093,780,0,0,0,0,0,26.3,0,0,43.33,33.66,0,0,0,0,0,0,2026-04-20
[หนังสือ] วันไหนที่ใจแข็งแรง ดอกไม้จะผลิบาน THE ENCHANTED GARDEN,*OPD [E-BOOK] วันไหนที่ใจแข็งแรง ดอกไม้จะผลิบาน THE ENCHANTED GARDEN,0,0,0,0,0,0,0,0,0,0,0,0,0,0,0,0,0,0,0,0,0,0,0,0,0,0,0,0,0,0,0,0,0,2026-04-20
[หนังสือ] วันไหนที่ใจแข็งแรง ดอกไม้จะผลิบาน THE ENCHANTED GARDEN,[หนังสือ] สวนของหัวใจ BLOSSOMS OF THE SOUL’S GARDEN,0,0,0,0,0,0,0,0,0,0,0,790,0,0,0,0,790,0,0,0,0,0,0,0,0,0,0,0,0,0,0,0,0,2026-04-20
[หนังสือ] ยินดีต้อนรับและขอบคุณที่กลับมา,[หนังสือ] ยินดีต้อนรับและขอบคุณที่กลับมา,235.83,0,0,199.65,36.18,0,0,0,0,0,0,798,200,0,598,0,0,0,0,0,0,0,29.55,0,0,33.39,0,0,0,0,0,0,0,2026-04-20
[หนังสือ] ยินดีต้อนรับและขอบคุณที่กลับมา,*OPD [E-BOOK] ยินดีต้อนรับและขอบคุณที่กลับมา,0,0,0,0,0,0,0,0,0,0,0,0,0,0,0,0,0,0,0,0,0,0,0,0,0,0,0,0,0,0,0,0,0,2026-04-20
[หนังสือ] ปีศาจตัวนั้น คือฉันเอง A GUIDE TO FIGHT THE DEMONS IN MY HEART,[หนังสือ] ปีศาจตัวนั้น คือฉันเอง A GUIDE TO FIGHT THE DEMONS IN MY HEART,4145.15,0,0,534.07,3511.08,0,100,0,0,0,0,0,0,0,0,0,0,0,0,0,0,0,0,0,0,0,0,0,0,0,0,0,0,2026-04-20
[หนังสือ] ปีศาจตัวนั้น คือฉันเอง A GUIDE TO FIGHT THE DEMONS IN MY HEART,*[E-BOOK] ปีศาจตัวนั้น คือฉันเอง A GUIDE TO FIGHTING THE DEMONS IN MY HEART,0,0,0,0,0,0,0,0,0,0,0,0,0,0,0,0,0,0,0,0,0,0,0,0,0,0,0,0,0,0,0,0,0,2026-04-20
[หนังสือ] ปีศาจตัวนั้น คือฉันเอง A GUIDE TO FIGHT THE DEMONS IN MY HEART,[หนังสือ] ปีศาจตัวนั้น คือฉันเอง A GUIDE TO FIGHTING THE DEMONS IN MY HEART,0,0,0,0,0,0,0,0,0,0,0,14854,300,0,2078,9722,2754,0,0,0,0,0,0,0,0,0,0,0,0,0,0,0,0,2026-04-20
[หนังสือ] ปีศาจตัวนั้น คือฉันเอง 2 A GUIDE TO OVERCOMING THE RETURN OF THE DEMONS,[หนังสือ] ปีศาจตัวนั้น คือฉันเอง 2 A GUIDE TO OVERCOMING THE RETURN OF THE DEMONS,1917.89,0,0,443.67,1374.22,0,100,0,0,0,0,7253,900,0,1197,3312,1844,0,0,0,0,0,26.44,0,0,37.07,41.49,0,5.42,0,0,0,0,2026-04-20
[หนังสือ] ปีศาจตัวนั้น คือฉันเอง 2 A GUIDE TO OVERCOMING THE RETURN OF THE DEMONS,*OPD [E-BOOK] ปีศาจตัวนั้น คือฉันเอง 2 A GUIDE TO OVERCOMING THE RETURN OF THE DEMONS,0,0,0,0,0,0,0,0,0,0,0,0,0,0,0,0,0,0,0,0,0,0,0,0,0,0,0,0,0,0,0,0,0,2026-04-20
[หนังสือ] ปีศาจความรักมักเลือกฉันเป็นเหยื่อ HOW TO FIGHT THE LOVE DEMON IN MY HEART,[หนังสือ] ปีศาจความรักมักเลือกฉันเป็นเหยื่อ HOW TO FIGHT THE LOVE DEMON IN MY HEART,261.13,0,0,14.61,246.52,0,0,0,0,0,0,589,0,0,0,299,290,0,0,0,0,0,44.33,0,0,0,82.45,0,0,0,0,0,0,2026-04-20
[หนังสือ] ปีศาจความรักมักเลือกฉันเป็นเหยื่อ HOW TO FIGHT THE LOVE DEMON IN MY HEART,*OPD [E-BOOK] ปีศาจความรักมักเลือกฉันเป็นเหยื่อ HOW TO FIGHT THE LOVE DEMON IN MY HEART,0,0,0,0,0,0,0,0,0,0,0,0,0,0,0,0,0,0,0,0,0,0,0,0,0,0,0,0,0,0,0,0,0,2026-04-20
[หนังสือ] ถ้าโลกมันแย่ ก็แค่คิดแบบคาปิบาร่า THINK LIKE A HAPPYBARA,[หนังสือ] ถ้าโลกมันแย่ ก็แค่คิดแบบคาปิบาร่า THINK LIKE A HAPPYBARA,486.11,0,0,73.63,412.48,0,0,0,0,0,0,1250,0,0,299,598,353,0,0,0,0,0,38.89,0,0,24.63,68.98,0,0,0,0,0,0,2026-04-20
[หนังสือ] ถ้าโลกมันแย่ ก็แค่คิดแบบคาปิบาร่า THINK LIKE A HAPPYBARA,*OPD [E-BOOK] ถ้าโลกมันแย่ ก็แค่คิดแบบคาปิบาร่า THINK LIKE A HAPPYBARA,0,0,0,0,0,0,0,0,0,0,0,0,0,0,0,0,0,0,0,0,0,0,0,0,0,0,0,0,0,0,0,0,0,2026-04-20
[หนังสือ] ถ้าโลกมันแย่ ก็แค่คิดแบบคาปิบาร่า THINK LIKE A HAPPYBARA,[หนังสือ] BOXSET ถ้าโลกมันแย่ ก็แค่คิดแบบคาปิบาร่า THINK LIKE A HAPPYBARA,0,0,0,0,0,0,0,0,0,0,0,519,0,0,519,0,0,0,0,0,0,0,0,0,0,0,0,0,0,0,0,0,0,2026-04-20
[หนังสือ] เหนื่อยมากไหม พักก่อนก็ได้นะวันนี้,[หนังสือ] เหนื่อยมากไหม พักก่อนก็ได้นะวันนี้,136.49,136.49,0,0,0,0,0,0,0,0,0,0,0,0,0,0,0,0,0,0,0,0,0,0,0,0,0,0,0,0,0,0,0,2026-04-20
[หนังสือ] ปีศาจตัวนั้น คือฉันเอง A GUIDE TO FIGHT THE DEMONS IN MY HEART,*OPD [E-BOOK] ปีศาจตัวนั้น คือฉันเอง A GUIDE TO FIGHTING THE DEMONS IN MY HEART,0,0,0,0,0,0,0,0,0,0,0,538,179,0,0,0,0,0,0,0,0,359,0,0,0,0,0,0,0,0,0,0,0,2026-04-20
[หนังสือ] เหนื่อยมากไหม พักก่อนก็ได้นะวันนี้,*OPD [E-BOOK] เหนื่อยมากไหม พักก่อนก็ได้นะวันนี้,0,0,0,0,0,0,0,0,0,0,0,538,179,0,0,0,359,0,0,0,0,0,0,0,0,0,0,0,0,0,0,0,0,2026-04-20
[หนังสือ] โอบกอดความไม่สมบูรณ์แบบของเธอ (EMBRACE YOUR FLAWS),[หนังสือ] โอบกอดความไม่สมบูรณ์แบบของเธอ (EMBRACE YOUR FLAWS),317.86,0,0,14.4,303.46,0,0,0,0,0,0,2447,0,0,1315,1132,0,0,0,0,0,0,12.99,0,0,1.1,26.81,0,0,0,0,0,0,2026-04-20
[หนังสือ] โอบกอดความไม่สมบูรณ์แบบของเธอ (EMBRACE YOUR FLAWS),*OPD [E-BOOK] โอบกอดความไม่สมบูรณ์แบบของเธอ (EMBRACE YOUR FLAWS),0,0,0,0,0,0,0,0,0,0,0,0,0,0,0,0,0,0,0,0,0,0,0,0,0,0,0,0,0,0,0,0,0,2026-04-20
[หนังสือ] ความลับสู่เงินล้านที่โรงเรียนไม่เคยสอน (THE MILLIONAIRE'S TOP SECRET),[หนังสือ] ความลับสู่เงินล้านที่โรงเรียนไม่เคยสอน (THE MILLIONAIRE'S TOP SECRET),936.03,0,0,40.48,895.55,0,0,0,0,0,0,3912,0,0,0,2925,987,0,0,0,0,0,23.93,0,0,0,30.62,0,0,0,0,0,0,2026-04-20
[หนังสือ] ความลับสู่เงินล้านที่โรงเรียนไม่เคยสอน (THE MILLIONAIRE'S TOP SECRET),*OPD [E-BOOK] ความลับสู่เงินล้านที่โรงเรียนไม่เคยสอน (THE MILLIONAIRE'S TOP SECRET),0,0,0,0,0,0,0,0,0,0,0,0,0,0,0,0,0,0,0,0,0,0,0,0,0,0,0,0,0,0,0,0,0,2026-04-20
[หนังสือ] ขอใช้ชีวิตที่เหลือ เพื่อตัวเองนะ,[หนังสือ] ขอใช้ชีวิตที่เหลือ เพื่อตัวเองนะ,1175.61,683.67,0,12.64,479.3,0,0,0,0,0,0,3161,2174,0,0,658,0,0,0,0,329,0,37.19,31.45,0,0,72.84,0,0,0,0,0,0,2026-04-20
[หนังสือ] ขอใช้ชีวิตที่เหลือ เพื่อตัวเองนะ,*OPD [E-BOOK] ขอใช้ชีวิตที่เหลือ เพื่อตัวเองนะ,0,0,0,0,0,0,0,0,0,0,0,0,0,0,0,0,0,0,0,0,0,0,0,0,0,0,0,0,0,0,0,0,0,2026-04-20
[หนังสือ] กับดักความรู้สึกผิด,[หนังสือ] กับดักความรู้สึกผิด,21777.6,18964.97,0,1233.48,926.09,453.06,200,0,0,0,0,57332.33,23555,0,3596,3619,22292,766.33,2088,0,1416,0,37.98,80.51,0,34.3,25.59,21.7,0.9,0,0,0,0,2026-04-20
[หนังสือ] กับดักความรู้สึกผิด,*OPD [E-BOOK] กับดักความรู้สึกผิด,0,0,0,0,0,0,0,0,0,0,0,360,360,0,0,0,0,0,0,0,0,0,0,0,0,0,0,0,0,0,0,0,0,2026-04-20
[หนังสือ] กว่าจะคิดได้ ก็ไม่มีลมหายใจแล้ว (IT IS NEVER TOO LATE TO LOVE YOURSELF),[หนังสือ] กว่าจะคิดได้ ก็ไม่มีลมหายใจแล้ว (IT IS NEVER TOO LATE TO LOVE YOURSELF),257.95,0,0,12.39,245.56,0,0,0,0,0,0,1556,200,0,379,977,0,0,0,0,0,0,16.58,0,0,3.27,25.13,0,0,0,0,0,0,2026-04-20
[หนังสือ] กว่าจะคิดได้ ก็ไม่มีลมหายใจแล้ว (IT IS NEVER TOO LATE TO LOVE YOURSELF),*OPD [E-BOOK] กว่าจะคิดได้ ก็ไม่มีลมหายใจแล้ว (IT IS NEVER TOO LATE TO LOVE YOURSELF),0,0,0,0,0,0,0,0,0,0,0,0,0,0,0,0,0,0,0,0,0,0,0,0,0,0,0,0,0,0,0,0,0,2026-04-20
[หนังสือ] เหนื่อยมากไหม พักก่อนก็ได้นะวันนี้,[หนังสือ] BOXSET เหนื่อยมากไหม พักก่อนก็ได้นะวันนี้,0,0,0,0,0,0,0,0,0,0,0,450,0,0,450,0,0,0,0,0,0,0,0,0,0,0,0,0,0,0,0,0,0,2026-04-20
[หนังสือ] THE WITCHES' CLUB ชมรมลับเปลี่ยนชีวิต,[หนังสือ] THE WITCHES' CLUB ชมรมลับเปลี่ยนชีวิต,2221.71,1140.67,0,410.57,570.47,0,100,0,0,0,0,949,300,0,299,350,0,0,0,0,0,0,234.11,380.22,0,137.31,162.99,0,0,0,0,0,0,2026-04-20
[หนังสือ] THE WITCHES' CLUB ชมรมลับเปลี่ยนชีวิต,*OPD [E-BOOK] THE WITCHES' CLUB ชมรมลับเปลี่ยนชีวิต,0,0,0,0,0,0,0,0,0,0,0,359,359,0,0,0,0,0,0,0,0,0,0,0,0,0,0,0,0,0,0,0,0,2026-04-20
[หนังสือ] THE WITCHES' CLUB ชมรมลับเปลี่ยนชีวิต,*[E-BOOK] THE WITCHES' CLUB ชมรมลับเปลี่ยนชีวิต,0,0,0,0,0,0,0,0,0,0,0,0,0,0,0,0,0,0,0,0,0,0,0,0,0,0,0,0,0,0,0,0,0,2026-04-20
[หนังสือ] THE WITCHES' CLUB ชมรมลับเปลี่ยนชีวิต,[หนังสือ] BOXSET THE WITCHES' CLUB ชมรมลับเปลี่ยนชีวิต,0,0,0,0,0,0,0,0,0,0,0,3544,899,0,948,519,1178,0,0,0,0,0,0,0,0,0,0,0,0,0,0,0,0,2026-04-20
[หนังสือ] GHOSTLY REMAINS ปลดพันธนาการดวงวิญญาณหลังความตาย,[หนังสือ] GHOSTLY REMAINS ปลดพันธนาการดวงวิญญาณหลังความตาย,585.14,334.89,0,42.98,207.27,0,0,0,0,0,0,3025,1588,0,0,678,759,0,0,0,0,0,19.34,21.09,0,0,30.57,0,0,0,0,0,0,2026-04-20
[หนังสือ] GHOSTLY BREWS ยินดีบริการดวงวิญญาณหลังเที่ยงคืน,[หนังสือ] GHOSTLY BREWS ยินดีบริการดวงวิญญาณหลังเที่ยงคืน,3537.2,1336.53,0,240.5,1812.5,147.67,0,0,0,0,0,7536,929,0,1408,3721,1088,0,0,0,390,0,46.94,143.87,0,17.08,48.71,0,0,0,0,0,0,2026-04-20
[หนังสือ] GHOSTLY BREWS ยินดีบริการดวงวิญญาณหลังเที่ยงคืน,*OPD [E-BOOK] GHOSTLY BREWS ยินดีบริการดวงวิญญาณหลังเที่ยงคืน,0,0,0,0,0,0,0,0,0,0,0,359,359,0,0,0,0,0,0,0,0,0,0,0,0,0,0,0,0,0,0,0,0,2026-04-20
[หนังสือ] GHOSTLY BREWS ยินดีบริการดวงวิญญาณหลังเที่ยงคืน,*[E-BOOK] GHOSTLY BREWS ยินดีบริการดวงวิญญาณหลังเที่ยงคืน,0,0,0,0,0,0,0,0,0,0,0,0,0,0,0,0,0,0,0,0,0,0,0,0,0,0,0,0,0,0,0,0,0,2026-04-20
[หนังสือ] ฉันจะมีชีวิตที่ดี,[หนังสือ] ฉันจะมีชีวิตที่ดี,408.35,0,0,14.68,393.67,0,0,0,0,0,0,1360,200,0,0,1160,0,0,0,0,0,0,30.03,0,0,0,33.94,0,0,0,0,0,0,2026-04-20
[หนังสือ] ฉันจะมีชีวิตที่ดี,*OPD [E-BOOK] ฉันจะมีชีวิตที่ดี,0,0,0,0,0,0,0,0,0,0,0,0,0,0,0,0,0,0,0,0,0,0,0,0,0,0,0,0,0,0,0,0,0,2026-04-20
[หนังสือ] ชีวิตมีเรื่องให้ขอบคุณมากกว่าเสียใจ,[หนังสือ] ชีวิตมีเรื่องให้ขอบคุณมากกว่าเสียใจ,149.46,0,0,7.32,142.14,0,0,0,0,0,0,275,0,0,0,275,0,0,0,0,0,0,54.35,0,0,0,51.69,0,0,0,0,0,0,2026-04-21
[หนังสือ] ชีวิตมีเรื่องให้ขอบคุณมากกว่าเสียใจ,*OPD [E-BOOK] ชีวิตมีเรื่องให้ขอบคุณมากกว่าเสียใจ,0,0,0,0,0,0,0,0,0,0,0,0,0,0,0,0,0,0,0,0,0,0,0,0,0,0,0,0,0,0,0,0,0,2026-04-21
[หนังสือ] เมื่อโลกทั้งใบซ่อนอยู่ใต้หมวกกันน็อก (HELMET GIRL),[หนังสือ] เมื่อโลกทั้งใบซ่อนอยู่ใต้หมวกกันน็อก (HELMET GIRL),0,0,0,0,0,0,0,0,0,0,0,0,0,0,0,0,0,0,0,0,0,0,0,0,0,0,0,0,0,0,0,0,0,2026-04-21
[หนังสือ] เมื่อโลกทั้งใบซ่อนอยู่ใต้หมวกกันน็อก (HELMET GIRL),*OPD [E-BOOK] เมื่อโลกทั้งใบซ่อนอยู่ใต้หมวกกันน็อก (HELMET GIRL),0,0,0,0,0,0,0,0,0,0,0,0,0,0,0,0,0,0,0,0,0,0,0,0,0,0,0,0,0,0,0,0,0,2026-04-21
[หนังสือ] เมื่อโลกทั้งใบซ่อนอยู่ใต้หมวกกันน็อก (HELMET GIRL),[หนังสือ] BOXSET เมื่อโลกทั้งใบซ่อนอยู่ใต้หมวกกันน็อก (HELMET GIRL),0,0,0,0,0,0,0,0,0,0,0,0,0,0,0,0,0,0,0,0,0,0,0,0,0,0,0,0,0,0,0,0,0,2026-04-21
[หนังสือ] วันไหนที่ใจแข็งแรง ดอกไม้จะผลิบาน THE ENCHANTED GARDEN,[หนังสือ] วันไหนที่ใจแข็งแรง ดอกไม้จะผลิบาน THE ENCHANTED GARDEN,503.1,0,0,103.22,399.88,0,0,0,0,0,0,1210,0,0,903,0,307,0,0,0,0,0,41.58,0,0,11.43,0,0,0,0,0,0,0,2026-04-21
[หนังสือ] วันไหนที่ใจแข็งแรง ดอกไม้จะผลิบาน THE ENCHANTED GARDEN,*OPD [E-BOOK] วันไหนที่ใจแข็งแรง ดอกไม้จะผลิบาน THE ENCHANTED GARDEN,0,0,0,0,0,0,0,0,0,0,0,0,0,0,0,0,0,0,0,0,0,0,0,0,0,0,0,0,0,0,0,0,0,2026-04-21
[หนังสือ] วันไหนที่ใจแข็งแรง ดอกไม้จะผลิบาน THE ENCHANTED GARDEN,[หนังสือ] สวนของหัวใจ BLOSSOMS OF THE SOUL’S GARDEN,0,0,0,0,0,0,0,0,0,0,0,1038,0,0,1038,0,0,0,0,0,0,0,0,0,0,0,0,0,0,0,0,0,0,2026-04-21
[หนังสือ] ยินดีต้อนรับและขอบคุณที่กลับมา,[หนังสือ] ยินดีต้อนรับและขอบคุณที่กลับมา,238,0,0,216.38,21.62,0,0,0,0,0,0,200,200,0,0,0,0,0,0,0,0,0,119,0,0,0,0,0,0,0,0,0,0,2026-04-21
[หนังสือ] ยินดีต้อนรับและขอบคุณที่กลับมา,*OPD [E-BOOK] ยินดีต้อนรับและขอบคุณที่กลับมา,0,0,0,0,0,0,0,0,0,0,0,0,0,0,0,0,0,0,0,0,0,0,0,0,0,0,0,0,0,0,0,0,0,2026-04-21
[หนังสือ] ปีศาจตัวนั้น คือฉันเอง A GUIDE TO FIGHT THE DEMONS IN MY HEART,[หนังสือ] ปีศาจตัวนั้น คือฉันเอง A GUIDE TO FIGHT THE DEMONS IN MY HEART,7358.54,0,0,726.73,6531.81,0,100,0,0,0,0,0,0,0,0,0,0,0,0,0,0,0,0,0,0,0,0,0,0,0,0,0,0,2026-04-21
[หนังสือ] ปีศาจตัวนั้น คือฉันเอง A GUIDE TO FIGHT THE DEMONS IN MY HEART,*OPD [E-BOOK] ปีศาจตัวนั้น คือฉันเอง A GUIDE TO FIGHTING THE DEMONS IN MY HEART,0,0,0,0,0,0,0,0,0,0,0,0,0,0,0,0,0,0,0,0,0,0,0,0,0,0,0,0,0,0,0,0,0,2026-04-21
[หนังสือ] ปีศาจตัวนั้น คือฉันเอง A GUIDE TO FIGHT THE DEMONS IN MY HEART,*[E-BOOK] ปีศาจตัวนั้น คือฉันเอง A GUIDE TO FIGHTING THE DEMONS IN MY HEART,0,0,0,0,0,0,0,0,0,0,0,0,0,0,0,0,0,0,0,0,0,0,0,0,0,0,0,0,0,0,0,0,0,2026-04-21
[หนังสือ] ปีศาจตัวนั้น คือฉันเอง A GUIDE TO FIGHT THE DEMONS IN MY HEART,[หนังสือ] ปีศาจตัวนั้น คือฉันเอง A GUIDE TO FIGHTING THE DEMONS IN MY HEART,0,0,0,0,0,0,0,0,0,0,0,22445,600,0,14501,5579,1765,0,0,0,0,0,0,0,0,0,0,0,0,0,0,0,0,2026-04-21
[หนังสือ] ปีศาจตัวนั้น คือฉันเอง 2 A GUIDE TO OVERCOMING THE RETURN OF THE DEMONS,[หนังสือ] ปีศาจตัวนั้น คือฉันเอง 2 A GUIDE TO OVERCOMING THE RETURN OF THE DEMONS,1314.85,0,0,424.19,855.2,0,35.46,0,0,0,0,7037,900,0,4362,999,776,0,0,0,0,0,18.68,0,0,9.72,85.61,0,4.57,0,0,0,0,2026-04-21
[หนังสือ] ปีศาจตัวนั้น คือฉันเอง 2 A GUIDE TO OVERCOMING THE RETURN OF THE DEMONS,*OPD [E-BOOK] ปีศาจตัวนั้น คือฉันเอง 2 A GUIDE TO OVERCOMING THE RETURN OF THE DEMONS,0,0,0,0,0,0,0,0,0,0,0,179,179,0,0,0,0,0,0,0,0,0,0,0,0,0,0,0,0,0,0,0,0,2026-04-21
[หนังสือ] ปีศาจความรักมักเลือกฉันเป็นเหยื่อ HOW TO FIGHT THE LOVE DEMON IN MY HEART,[หนังสือ] ปีศาจความรักมักเลือกฉันเป็นเหยื่อ HOW TO FIGHT THE LOVE DEMON IN MY HEART,272.3,0,0,27.02,245.28,0,0,0,0,0,0,521,200,0,321,0,0,0,0,0,0,0,52.26,0,0,8.42,0,0,0,0,0,0,0,2026-04-21
[หนังสือ] ปีศาจความรักมักเลือกฉันเป็นเหยื่อ HOW TO FIGHT THE LOVE DEMON IN MY HEART,*OPD [E-BOOK] ปีศาจความรักมักเลือกฉันเป็นเหยื่อ HOW TO FIGHT THE LOVE DEMON IN MY HEART,0,0,0,0,0,0,0,0,0,0,0,0,0,0,0,0,0,0,0,0,0,0,0,0,0,0,0,0,0,0,0,0,0,2026-04-21
[หนังสือ] ทุกความทรงจำคือของขวัญจากวันวาน,[หนังสือ] ทุกความทรงจำคือของขวัญจากวันวาน,0,0,0,0,0,0,0,0,0,0,0,200,200,0,0,0,0,0,0,0,0,0,0,0,0,0,0,0,0,0,0,0,0,2026-04-21
[หนังสือ] ทุกความทรงจำคือของขวัญจากวันวาน,*OPD [E-BOOK] ทุกความทรงจำคือของขวัญจากวันวาน,0,0,0,0,0,0,0,0,0,0,0,0,0,0,0,0,0,0,0,0,0,0,0,0,0,0,0,0,0,0,0,0,0,2026-04-21
[หนังสือ] ถ้าโลกมันแย่ ก็แค่คิดแบบคาปิบาร่า THINK LIKE A HAPPYBARA,[หนังสือ] ถ้าโลกมันแย่ ก็แค่คิดแบบคาปิบาร่า THINK LIKE A HAPPYBARA,574.34,0,0,127.09,447.25,0,0,0,0,0,0,1496,0,0,897,299,300,0,0,0,0,0,38.39,0,0,14.17,149.58,0,0,0,0,0,0,2026-04-21
[หนังสือ] ถ้าโลกมันแย่ ก็แค่คิดแบบคาปิบาร่า THINK LIKE A HAPPYBARA,*OPD [E-BOOK] ถ้าโลกมันแย่ ก็แค่คิดแบบคาปิบาร่า THINK LIKE A HAPPYBARA,0,0,0,0,0,0,0,0,0,0,0,0,0,0,0,0,0,0,0,0,0,0,0,0,0,0,0,0,0,0,0,0,0,2026-04-21
[หนังสือ] ถ้าโลกมันแย่ ก็แค่คิดแบบคาปิบาร่า THINK LIKE A HAPPYBARA,[หนังสือ] BOXSET ถ้าโลกมันแย่ ก็แค่คิดแบบคาปิบาร่า THINK LIKE A HAPPYBARA,0,0,0,0,0,0,0,0,0,0,0,2028,400,0,0,1038,590,0,0,0,0,0,0,0,0,0,0,0,0,0,0,0,0,2026-04-21
[หนังสือ] เหนื่อยมากไหม พักก่อนก็ได้นะวันนี้,[หนังสือ] เหนื่อยมากไหม พักก่อนก็ได้นะวันนี้,136.04,136.04,0,0,0,0,0,0,0,0,0,0,0,0,0,0,0,0,0,0,0,0,0,0,0,0,0,0,0,0,0,0,0,2026-04-21
[หนังสือ] เหนื่อยมากไหม พักก่อนก็ได้นะวันนี้,*OPD [E-BOOK] เหนื่อยมากไหม พักก่อนก็ได้นะวันนี้,0,0,0,0,0,0,0,0,0,0,0,180,180,0,0,0,0,0,0,0,0,0,0,0,0,0,0,0,0,0,0,0,0,2026-04-21
[หนังสือ] เหนื่อยมากไหม พักก่อนก็ได้นะวันนี้,[หนังสือ] BOXSET เหนื่อยมากไหม พักก่อนก็ได้นะวันนี้,0,0,0,0,0,0,0,0,0,0,0,400,400,0,0,0,0,0,0,0,0,0,0,0,0,0,0,0,0,0,0,0,0,2026-04-21
[หนังสือ] โอบกอดความไม่สมบูรณ์แบบของเธอ (EMBRACE YOUR FLAWS),[หนังสือ] โอบกอดความไม่สมบูรณ์แบบของเธอ (EMBRACE YOUR FLAWS),572.36,0,0,22.7,549.66,0,0,0,0,0,0,4543,0,0,2431,2112,0,0,0,0,0,0,12.6,0,0,0.93,26.03,0,0,0,0,0,0,2026-04-21
[หนังสือ] โอบกอดความไม่สมบูรณ์แบบของเธอ (EMBRACE YOUR FLAWS),*OPD [E-BOOK] โอบกอดความไม่สมบูรณ์แบบของเธอ (EMBRACE YOUR FLAWS),0,0,0,0,0,0,0,0,0,0,0,0,0,0,0,0,0,0,0,0,0,0,0,0,0,0,0,0,0,0,0,0,0,2026-04-21
[หนังสือ] ความลับสู่เงินล้านที่โรงเรียนไม่เคยสอน (THE MILLIONAIRE'S TOP SECRET),[หนังสือ] ความลับสู่เงินล้านที่โรงเรียนไม่เคยสอน (THE MILLIONAIRE'S TOP SECRET),293.32,0,0,18.01,275.31,0,0,0,0,0,0,1308,0,0,325,325,658,0,0,0,0,0,22.43,0,0,5.54,84.71,0,0,0,0,0,0,2026-04-21
[หนังสือ] ความลับสู่เงินล้านที่โรงเรียนไม่เคยสอน (THE MILLIONAIRE'S TOP SECRET),*OPD [E-BOOK] ความลับสู่เงินล้านที่โรงเรียนไม่เคยสอน (THE MILLIONAIRE'S TOP SECRET),0,0,0,0,0,0,0,0,0,0,0,299,0,0,0,0,299,0,0,0,0,0,0,0,0,0,0,0,0,0,0,0,0,2026-04-21
[หนังสือ] ขอใช้ชีวิตที่เหลือ เพื่อตัวเองนะ,[หนังสือ] ขอใช้ชีวิตที่เหลือ เพื่อตัวเองนะ,1336.58,747.84,0,62.14,526.6,0,0,0,0,0,0,4019,729,0,1974,658,658,0,0,0,0,0,33.26,102.58,0,3.15,80.03,0,0,0,0,0,0,2026-04-21
[หนังสือ] ขอใช้ชีวิตที่เหลือ เพื่อตัวเองนะ,*OPD [E-BOOK] ขอใช้ชีวิตที่เหลือ เพื่อตัวเองนะ,0,0,0,0,0,0,0,0,0,0,0,179,179,0,0,0,0,0,0,0,0,0,0,0,0,0,0,0,0,0,0,0,0,2026-04-21
[หนังสือ] กับดักความรู้สึกผิด,[หนังสือ] กับดักความรู้สึกผิด,17306.72,14843.81,0,798.32,1014.98,449.61,200,0,0,0,0,43312,13045,0,3265,2333,20460,0,3132,0,1077,0,39.96,113.79,0,24.45,43.51,14.36,0.98,0,0,0,0,2026-04-21
[หนังสือ] กับดักความรู้สึกผิด,*OPD [E-BOOK] กับดักความรู้สึกผิด,0,0,0,0,0,0,0,0,0,0,0,180,180,0,0,0,0,0,0,0,0,0,0,0,0,0,0,0,0,0,0,0,0,2026-04-21
[หนังสือ] กว่าจะคิดได้ ก็ไม่มีลมหายใจแล้ว (IT IS NEVER TOO LATE TO LOVE YOURSELF),[หนังสือ] กว่าจะคิดได้ ก็ไม่มีลมหายใจแล้ว (IT IS NEVER TOO LATE TO LOVE YOURSELF),258.58,0,0,10.08,248.5,0,0,0,0,0,0,699,400,0,0,299,0,0,0,0,0,0,36.99,0,0,0,83.11,0,0,0,0,0,0,2026-04-21
[หนังสือ] กว่าจะคิดได้ ก็ไม่มีลมหายใจแล้ว (IT IS NEVER TOO LATE TO LOVE YOURSELF),*OPD [E-BOOK] กว่าจะคิดได้ ก็ไม่มีลมหายใจแล้ว (IT IS NEVER TOO LATE TO LOVE YOURSELF),0,0,0,0,0,0,0,0,0,0,0,0,0,0,0,0,0,0,0,0,0,0,0,0,0,0,0,0,0,0,0,0,0,2026-04-21
[หนังสือ] THE WITCHES' CLUB ชมรมลับเปลี่ยนชีวิต,[หนังสือ] THE WITCHES' CLUB ชมรมลับเปลี่ยนชีวิต,2231.61,1032.53,0,550.6,548.48,0,100,0,0,0,0,598,0,0,299,299,0,0,0,0,0,0,373.18,0,0,184.15,183.44,0,0,0,0,0,0,2026-04-21
[หนังสือ] THE WITCHES' CLUB ชมรมลับเปลี่ยนชีวิต,*OPD [E-BOOK] THE WITCHES' CLUB ชมรมลับเปลี่ยนชีวิต,0,0,0,0,0,0,0,0,0,0,0,0,0,0,0,0,0,0,0,0,0,0,0,0,0,0,0,0,0,0,0,0,0,2026-04-21
[หนังสือ] THE WITCHES' CLUB ชมรมลับเปลี่ยนชีวิต,*[E-BOOK] THE WITCHES' CLUB ชมรมลับเปลี่ยนชีวิต,0,0,0,0,0,0,0,0,0,0,0,0,0,0,0,0,0,0,0,0,0,0,0,0,0,0,0,0,0,0,0,0,0,2026-04-21
[หนังสือ] THE WITCHES' CLUB ชมรมลับเปลี่ยนชีวิต,[หนังสือ] BOXSET THE WITCHES' CLUB ชมรมลับเปลี่ยนชีวิต,0,0,0,0,0,0,0,0,0,0,0,5658,899,0,2076,519,1764,0,0,0,400,0,0,0,0,0,0,0,0,0,0,0,0,2026-04-21
[หนังสือ] MY LAST BOOK (A GENTLE GUIDE AND PREPARATION FOR LIFE’S FINAL CHAPTER),[หนังสือ] MY LAST BOOK (A GENTLE GUIDE AND PREPARATION FOR LIFE’S FINAL CHAPTER),0,0,0,0,0,0,0,0,0,0,0,300,300,0,0,0,0,0,0,0,0,0,0,0,0,0,0,0,0,0,0,0,0,2026-04-21
[หนังสือ] GHOSTLY REMAINS ปลดพันธนาการดวงวิญญาณหลังความตาย,[หนังสือ] GHOSTLY REMAINS ปลดพันธนาการดวงวิญญาณหลังความตาย,519.67,266.69,0,35.88,217.1,0,0,0,0,0,0,1967,1259,0,708,0,0,0,0,0,0,0,26.42,21.18,0,5.07,0,0,0,0,0,0,0,2026-04-21
[หนังสือ] GHOSTLY BREWS ยินดีบริการดวงวิญญาณหลังเที่ยงคืน,[หนังสือ] GHOSTLY BREWS ยินดีบริการดวงวิญญาณหลังเที่ยงคืน,3289.14,884.51,0,388.97,1824.2,191.4,0,0.06,0,0,0,7371,900,0,2742,2990,739,0,0,0,0,0,44.62,98.28,0,14.19,61.01,0,0,0,0,0,0,2026-04-21
[หนังสือ] GHOSTLY BREWS ยินดีบริการดวงวิญญาณหลังเที่ยงคืน,*OPD [E-BOOK] GHOSTLY BREWS ยินดีบริการดวงวิญญาณหลังเที่ยงคืน,0,0,0,0,0,0,0,0,0,0,0,0,0,0,0,0,0,0,0,0,0,0,0,0,0,0,0,0,0,0,0,0,0,2026-04-21
[หนังสือ] GHOSTLY BREWS ยินดีบริการดวงวิญญาณหลังเที่ยงคืน,*[E-BOOK] GHOSTLY BREWS ยินดีบริการดวงวิญญาณหลังเที่ยงคืน,0,0,0,0,0,0,0,0,0,0,0,0,0,0,0,0,0,0,0,0,0,0,0,0,0,0,0,0,0,0,0,0,0,2026-04-21
[หนังสือ] ฉันจะมีชีวิตที่ดี,[หนังสือ] ฉันจะมีชีวิตที่ดี,280.19,0,0,13.85,266.34,0,0,0,0,0,0,1175,0,0,295,290,590,0,0,0,0,0,23.85,0,0,4.69,91.84,0,0,0,0,0,0,2026-04-21
[หนังสือ] ฉันจะมีชีวิตที่ดี,*OPD [E-BOOK] ฉันจะมีชีวิตที่ดี,0,0,0,0,0,0,0,0,0,0,0,0,0,0,0,0,0,0,0,0,0,0,0,0,0,0,0,0,0,0,0,0,0,2026-04-21
[หนังสือ] ชีวิตมีเรื่องให้ขอบคุณมากกว่าเสียใจ,[หนังสือ] ชีวิตมีเรื่องให้ขอบคุณมากกว่าเสียใจ,108.32,0,0,6.36,101.96,0,0,0,0,0,0,764,0,0,0,764,0,0,0,0,0,0,14.18,0,0,0,13.35,0,0,0,0,0,0,2026-04-22
[หนังสือ] ชีวิตมีเรื่องให้ขอบคุณมากกว่าเสียใจ,*OPD [E-BOOK] ชีวิตมีเรื่องให้ขอบคุณมากกว่าเสียใจ,0,0,0,0,0,0,0,0,0,0,0,0,0,0,0,0,0,0,0,0,0,0,0,0,0,0,0,0,0,0,0,0,0,2026-04-22
[หนังสือ] วันไหนที่ใจแข็งแรง ดอกไม้จะผลิบาน THE ENCHANTED GARDEN,[หนังสือ] วันไหนที่ใจแข็งแรง ดอกไม้จะผลิบาน THE ENCHANTED GARDEN,1618.62,0,0,135.22,1483.4,0,0,0,0,0,0,2565,0,0,300,1613,652,0,0,0,0,0,63.1,0,0,45.07,91.97,0,0,0,0,0,0,2026-04-22
[หนังสือ] วันไหนที่ใจแข็งแรง ดอกไม้จะผลิบาน THE ENCHANTED GARDEN,*OPD [E-BOOK] วันไหนที่ใจแข็งแรง ดอกไม้จะผลิบาน THE ENCHANTED GARDEN,0,0,0,0,0,0,0,0,0,0,0,359,0,0,0,0,359,0,0,0,0,0,0,0,0,0,0,0,0,0,0,0,0,2026-04-22
[หนังสือ] วันไหนที่ใจแข็งแรง ดอกไม้จะผลิบาน THE ENCHANTED GARDEN,[หนังสือ] สวนของหัวใจ BLOSSOMS OF THE SOUL’S GARDEN,0,0,0,0,0,0,0,0,0,0,0,1830,0,0,1110,519,201,0,0,0,0,0,0,0,0,0,0,0,0,0,0,0,0,2026-04-22
[หนังสือ] ยินดีต้อนรับและขอบคุณที่กลับมา,[หนังสือ] ยินดีต้อนรับและขอบคุณที่กลับมา,235.23,0,0,185.28,49.95,0,0,0,0,0,0,559,559,0,0,0,0,0,0,0,0,0,42.08,0,0,0,0,0,0,0,0,0,0,2026-04-22
[หนังสือ] ยินดีต้อนรับและขอบคุณที่กลับมา,*OPD [E-BOOK] ยินดีต้อนรับและขอบคุณที่กลับมา,0,0,0,0,0,0,0,0,0,0,0,0,0,0,0,0,0,0,0,0,0,0,0,0,0,0,0,0,0,0,0,0,0,2026-04-22
[หนังสือ] ปีศาจตัวนั้น คือฉันเอง A GUIDE TO FIGHT THE DEMONS IN MY HEART,[หนังสือ] ปีศาจตัวนั้น คือฉันเอง A GUIDE TO FIGHT THE DEMONS IN MY HEART,4929.33,0,0,577.17,4252.16,0,100,0,0,0,0,0,0,0,0,0,0,0,0,0,0,0,0,0,0,0,0,0,0,0,0,0,0,2026-04-22
[หนังสือ] ปีศาจตัวนั้น คือฉันเอง A GUIDE TO FIGHT THE DEMONS IN MY HEART,*OPD [E-BOOK] ปีศาจตัวนั้น คือฉันเอง A GUIDE TO FIGHTING THE DEMONS IN MY HEART,0,0,0,0,0,0,0,0,0,0,0,359,0,0,0,0,359,0,0,0,0,0,0,0,0,0,0,0,0,0,0,0,0,2026-04-22
[หนังสือ] ปีศาจตัวนั้น คือฉันเอง A GUIDE TO FIGHT THE DEMONS IN MY HEART,*[E-BOOK] ปีศาจตัวนั้น คือฉันเอง A GUIDE TO FIGHTING THE DEMONS IN MY HEART,0,0,0,0,0,0,0,0,0,0,0,0,0,0,0,0,0,0,0,0,0,0,0,0,0,0,0,0,0,0,0,0,0,2026-04-22
[หนังสือ] ปีศาจตัวนั้น คือฉันเอง A GUIDE TO FIGHT THE DEMONS IN MY HEART,[หนังสือ] ปีศาจตัวนั้น คือฉันเอง A GUIDE TO FIGHTING THE DEMONS IN MY HEART,0,0,0,0,0,0,0,0,0,0,0,16279.93,295,0,3610,11006,973,395.93,0,0,0,0,0,0,0,0,0,0,0,0,0,0,0,2026-04-22
[หนังสือ] ปีศาจตัวนั้น คือฉันเอง 2 A GUIDE TO OVERCOMING THE RETURN OF THE DEMONS,[หนังสือ] ปีศาจตัวนั้น คือฉันเอง 2 A GUIDE TO OVERCOMING THE RETURN OF THE DEMONS,1802.66,0,0,957.76,842.66,0,0,2.24,0,0,0,6414,591,0,2109,2976,388,350,0,0,0,0,28.11,0,0,45.41,28.32,0,0,0.64,0,0,0,2026-04-22
[หนังสือ] ปีศาจตัวนั้น คือฉันเอง 2 A GUIDE TO OVERCOMING THE RETURN OF THE DEMONS,*OPD [E-BOOK] ปีศาจตัวนั้น คือฉันเอง 2 A GUIDE TO OVERCOMING THE RETURN OF THE DEMONS,0,0,0,0,0,0,0,0,0,0,0,359,0,0,0,0,359,0,0,0,0,0,0,0,0,0,0,0,0,0,0,0,0,2026-04-22
[หนังสือ] ปีศาจความรักมักเลือกฉันเป็นเหยื่อ HOW TO FIGHT THE LOVE DEMON IN MY HEART,[หนังสือ] ปีศาจความรักมักเลือกฉันเป็นเหยื่อ HOW TO FIGHT THE LOVE DEMON IN MY HEART,268.3,0,0,17.12,251.18,0,0,0,0,0,0,1098,200,0,0,898,0,0,0,0,0,0,24.44,0,0,0,27.97,0,0,0,0,0,0,2026-04-22
[หนังสือ] ปีศาจความรักมักเลือกฉันเป็นเหยื่อ HOW TO FIGHT THE LOVE DEMON IN MY HEART,*OPD [E-BOOK] ปีศาจความรักมักเลือกฉันเป็นเหยื่อ HOW TO FIGHT THE LOVE DEMON IN MY HEART,0,0,0,0,0,0,0,0,0,0,0,359,0,0,0,0,359,0,0,0,0,0,0,0,0,0,0,0,0,0,0,0,0,2026-04-22
[หนังสือ] ทุกความทรงจำคือของขวัญจากวันวาน,[หนังสือ] ทุกความทรงจำคือของขวัญจากวันวาน,0,0,0,0,0,0,0,0,0,0,0,299,0,0,0,299,0,0,0,0,0,0,0,0,0,0,0,0,0,0,0,0,0,2026-04-22
[หนังสือ] ทุกความทรงจำคือของขวัญจากวันวาน,*OPD [E-BOOK] ทุกความทรงจำคือของขวัญจากวันวาน,0,0,0,0,0,0,0,0,0,0,0,0,0,0,0,0,0,0,0,0,0,0,0,0,0,0,0,0,0,0,0,0,0,2026-04-22
[หนังสือ] ถ้าโลกมันแย่ ก็แค่คิดแบบคาปิบาร่า THINK LIKE A HAPPYBARA,[หนังสือ] ถ้าโลกมันแย่ ก็แค่คิดแบบคาปิบาร่า THINK LIKE A HAPPYBARA,400.15,0,0,44.49,355.66,0,0,0,0,0,0,928,0,0,329,599,0,0,0,0,0,0,43.12,0,0,13.52,59.38,0,0,0,0,0,0,2026-04-22
[หนังสือ] ถ้าโลกมันแย่ ก็แค่คิดแบบคาปิบาร่า THINK LIKE A HAPPYBARA,*OPD [E-BOOK] ถ้าโลกมันแย่ ก็แค่คิดแบบคาปิบาร่า THINK LIKE A HAPPYBARA,0,0,0,0,0,0,0,0,0,0,0,0,0,0,0,0,0,0,0,0,0,0,0,0,0,0,0,0,0,0,0,0,0,2026-04-22
[หนังสือ] ถ้าโลกมันแย่ ก็แค่คิดแบบคาปิบาร่า THINK LIKE A HAPPYBARA,[หนังสือ] BOXSET ถ้าโลกมันแย่ ก็แค่คิดแบบคาปิบาร่า THINK LIKE A HAPPYBARA,0,0,0,0,0,0,0,0,0,0,0,0,0,0,0,0,0,0,0,0,0,0,0,0,0,0,0,0,0,0,0,0,0,2026-04-22
[หนังสือ] เหนื่อยมากไหม พักก่อนก็ได้นะวันนี้,[หนังสือ] เหนื่อยมากไหม พักก่อนก็ได้นะวันนี้,145.56,145.56,0,0,0,0,0,0,0,0,0,0,0,0,0,0,0,0,0,0,0,0,0,0,0,0,0,0,0,0,0,0,0,2026-04-22
[หนังสือ] เหนื่อยมากไหม พักก่อนก็ได้นะวันนี้,*OPD [E-BOOK] เหนื่อยมากไหม พักก่อนก็ได้นะวันนี้,0,0,0,0,0,0,0,0,0,0,0,0,0,0,0,0,0,0,0,0,0,0,0,0,0,0,0,0,0,0,0,0,0,2026-04-22
[หนังสือ] เหนื่อยมากไหม พักก่อนก็ได้นะวันนี้,[หนังสือ] BOXSET เหนื่อยมากไหม พักก่อนก็ได้นะวันนี้,0,0,0,0,0,0,0,0,0,0,0,0,0,0,0,0,0,0,0,0,0,0,0,0,0,0,0,0,0,0,0,0,0,2026-04-22
[หนังสือ] โอบกอดความไม่สมบูรณ์แบบของเธอ (EMBRACE YOUR FLAWS),[หนังสือ] โอบกอดความไม่สมบูรณ์แบบของเธอ (EMBRACE YOUR FLAWS),320.75,0,0,36.39,284.36,0,0,0,0,0,0,2447,0,0,0,2447,0,0,0,0,0,0,13.11,0,0,0,11.62,0,0,0,0,0,0,2026-04-22
[หนังสือ] โอบกอดความไม่สมบูรณ์แบบของเธอ (EMBRACE YOUR FLAWS),*OPD [E-BOOK] โอบกอดความไม่สมบูรณ์แบบของเธอ (EMBRACE YOUR FLAWS),0,0,0,0,0,0,0,0,0,0,0,0,0,0,0,0,0,0,0,0,0,0,0,0,0,0,0,0,0,0,0,0,0,2026-04-22
[หนังสือ] ความลับสู่เงินล้านที่โรงเรียนไม่เคยสอน (THE MILLIONAIRE'S TOP SECRET),[หนังสือ] ความลับสู่เงินล้านที่โรงเรียนไม่เคยสอน (THE MILLIONAIRE'S TOP SECRET),314.38,0,0,19.41,294.97,0,0,0,0,0,0,979,0,0,0,650,329,0,0,0,0,0,32.11,0,0,0,45.38,0,0,0,0,0,0,2026-04-22
[หนังสือ] ความลับสู่เงินล้านที่โรงเรียนไม่เคยสอน (THE MILLIONAIRE'S TOP SECRET),*OPD [E-BOOK] ความลับสู่เงินล้านที่โรงเรียนไม่เคยสอน (THE MILLIONAIRE'S TOP SECRET),0,0,0,0,0,0,0,0,0,0,0,0,0,0,0,0,0,0,0,0,0,0,0,0,0,0,0,0,0,0,0,0,0,2026-04-22
[หนังสือ] ขอใช้ชีวิตที่เหลือ เพื่อตัวเองนะ,[หนังสือ] ขอใช้ชีวิตที่เหลือ เพื่อตัวเองนะ,1634.38,653.58,0,53.04,927.76,0,0,0,0,0,0,4019,400,0,329,2961,329,0,0,0,0,0,40.67,163.4,0,16.12,31.33,0,0,0,0,0,0,2026-04-22
[หนังสือ] ขอใช้ชีวิตที่เหลือ เพื่อตัวเองนะ,*OPD [E-BOOK] ขอใช้ชีวิตที่เหลือ เพื่อตัวเองนะ,0,0,0,0,0,0,0,0,0,0,0,0,0,0,0,0,0,0,0,0,0,0,0,0,0,0,0,0,0,0,0,0,0,2026-04-22
[หนังสือ] กับดักความรู้สึกผิด,[หนังสือ] กับดักความรู้สึกผิด,23232.92,16663.32,0,3462.65,2504.62,402.33,200,0,0,0,0,49753,17472,0,6689,7023,16429,389,1392,0,359,0,46.7,95.37,0,51.77,35.66,28.9,1.22,0,0,0,0,2026-04-22
[หนังสือ] กับดักความรู้สึกผิด,*OPD [E-BOOK] กับดักความรู้สึกผิด,0,0,0,0,0,0,0,0,0,0,0,0,0,0,0,0,0,0,0,0,0,0,0,0,0,0,0,0,0,0,0,0,0,2026-04-22
[หนังสือ] กว่าจะคิดได้ ก็ไม่มีลมหายใจแล้ว (IT IS NEVER TOO LATE TO LOVE YOURSELF),[หนังสือ] กว่าจะคิดได้ ก็ไม่มีลมหายใจแล้ว (IT IS NEVER TOO LATE TO LOVE YOURSELF),256.61,0,0,8.71,247.9,0,0,0,0,0,0,878,200,0,299,0,379,0,0,0,0,0,29.23,0,0,2.91,0,0,0,0,0,0,0,2026-04-22
[หนังสือ] กว่าจะคิดได้ ก็ไม่มีลมหายใจแล้ว (IT IS NEVER TOO LATE TO LOVE YOURSELF),*OPD [E-BOOK] กว่าจะคิดได้ ก็ไม่มีลมหายใจแล้ว (IT IS NEVER TOO LATE TO LOVE YOURSELF),0,0,0,0,0,0,0,0,0,0,0,0,0,0,0,0,0,0,0,0,0,0,0,0,0,0,0,0,0,0,0,0,0,2026-04-22
[หนังสือ] THE WITCHES' CLUB ชมรมลับเปลี่ยนชีวิต,[หนังสือ] THE WITCHES' CLUB ชมรมลับเปลี่ยนชีวิต,2809.49,791.93,0,1183,777.55,0,57.01,0,0,0,0,1495,0,0,598,0,897,0,0,0,0,0,187.93,0,0,197.83,0,0,6.36,0,0,0,0,2026-04-22
[หนังสือ] THE WITCHES' CLUB ชมรมลับเปลี่ยนชีวิต,*OPD [E-BOOK] THE WITCHES' CLUB ชมรมลับเปลี่ยนชีวิต,0,0,0,0,0,0,0,0,0,0,0,0,0,0,0,0,0,0,0,0,0,0,0,0,0,0,0,0,0,0,0,0,0,2026-04-22
[หนังสือ] THE WITCHES' CLUB ชมรมลับเปลี่ยนชีวิต,*[E-BOOK] THE WITCHES' CLUB ชมรมลับเปลี่ยนชีวิต,0,0,0,0,0,0,0,0,0,0,0,0,0,0,0,0,0,0,0,0,0,0,0,0,0,0,0,0,0,0,0,0,0,2026-04-22
[หนังสือ] THE WITCHES' CLUB ชมรมลับเปลี่ยนชีวิต,[หนังสือ] BOXSET THE WITCHES' CLUB ชมรมลับเปลี่ยนชีวิต,0,0,0,0,0,0,0,0,0,0,0,3583,400,0,1557,1038,588,0,0,0,0,0,0,0,0,0,0,0,0,0,0,0,0,2026-04-22
[หนังสือ] GHOSTLY REMAINS ปลดพันธนาการดวงวิญญาณหลังความตาย,[หนังสือ] GHOSTLY REMAINS ปลดพันธนาการดวงวิญญาณหลังความตาย,402.67,145.98,0,45.94,210.75,0,0,0,0,0,0,1717,659,0,0,299,759,0,0,0,0,0,23.45,22.15,0,0,70.48,0,0,0,0,0,0,2026-04-22
[หนังสือ] GHOSTLY BREWS ยินดีบริการดวงวิญญาณหลังเที่ยงคืน,[หนังสือ] GHOSTLY BREWS ยินดีบริการดวงวิญญาณหลังเที่ยงคืน,2001.28,896.88,0,314.5,670.78,119.12,0,0,0,0,0,3757,596,0,927,1495,739,0,0,0,0,0,53.27,150.48,0,33.93,44.87,0,0,0,0,0,0,2026-04-22
[หนังสือ] GHOSTLY BREWS ยินดีบริการดวงวิญญาณหลังเที่ยงคืน,*OPD [E-BOOK] GHOSTLY BREWS ยินดีบริการดวงวิญญาณหลังเที่ยงคืน,0,0,0,0,0,0,0,0,0,0,0,0,0,0,0,0,0,0,0,0,0,0,0,0,0,0,0,0,0,0,0,0,0,2026-04-22
[หนังสือ] GHOSTLY BREWS ยินดีบริการดวงวิญญาณหลังเที่ยงคืน,*[E-BOOK] GHOSTLY BREWS ยินดีบริการดวงวิญญาณหลังเที่ยงคืน,0,0,0,0,0,0,0,0,0,0,0,0,0,0,0,0,0,0,0,0,0,0,0,0,0,0,0,0,0,0,0,0,0,2026-04-22
[หนังสือ] ฉันจะมีชีวิตที่ดี,[หนังสือ] ฉันจะมีชีวิตที่ดี,258.11,0,0,11.14,246.97,0,0,0,0,0,0,580,0,0,290,290,0,0,0,0,0,0,44.5,0,0,3.84,85.16,0,0,0,0,0,0,2026-04-22
[หนังสือ] ฉันจะมีชีวิตที่ดี,*OPD [E-BOOK] ฉันจะมีชีวิตที่ดี,0,0,0,0,0,0,0,0,0,0,0,0,0,0,0,0,0,0,0,0,0,0,0,0,0,0,0,0,0,0,0,0,0,2026-04-22
[หนังสือ] ชีวิตมีเรื่องให้ขอบคุณมากกว่าเสียใจ,[หนังสือ] ชีวิตมีเรื่องให้ขอบคุณมากกว่าเสียใจ,3.75,0,0,0,3.75,0,0,0,0,0,0,0,0,0,0,0,0,0,0,0,0,0,0,0,0,0,0,0,0,0,0,0,0,2026-04-23
[หนังสือ] เมื่อโลกทั้งใบซ่อนอยู่ใต้หมวกกันน็อก (HELMET GIRL),[หนังสือ] เมื่อโลกทั้งใบซ่อนอยู่ใต้หมวกกันน็อก (HELMET GIRL),0,0,0,0,0,0,0,0,0,0,0,0,0,0,0,0,0,0,0,0,0,0,0,0,0,0,0,0,0,0,0,0,0,2026-04-23
[หนังสือ] เมื่อโลกทั้งใบซ่อนอยู่ใต้หมวกกันน็อก (HELMET GIRL),*OPD [E-BOOK] เมื่อโลกทั้งใบซ่อนอยู่ใต้หมวกกันน็อก (HELMET GIRL),0,0,0,0,0,0,0,0,0,0,0,0,0,0,0,0,0,0,0,0,0,0,0,0,0,0,0,0,0,0,0,0,0,2026-04-23
[หนังสือ] เมื่อโลกทั้งใบซ่อนอยู่ใต้หมวกกันน็อก (HELMET GIRL),[หนังสือ] BOXSET เมื่อโลกทั้งใบซ่อนอยู่ใต้หมวกกันน็อก (HELMET GIRL),0,0,0,0,0,0,0,0,0,0,0,0,0,0,0,0,0,0,0,0,0,0,0,0,0,0,0,0,0,0,0,0,0,2026-04-23
[หนังสือ] วันไหนที่ใจแข็งแรง ดอกไม้จะผลิบาน THE ENCHANTED GARDEN,[หนังสือ] วันไหนที่ใจแข็งแรง ดอกไม้จะผลิบาน THE ENCHANTED GARDEN,667.51,0,0,129.24,538.27,0,0,0,0,0,0,1794,0,0,1196,0,598,0,0,0,0,0,37.21,0,0,10.81,0,0,0,0,0,0,0,2026-04-23
[หนังสือ] วันไหนที่ใจแข็งแรง ดอกไม้จะผลิบาน THE ENCHANTED GARDEN,*OPD [E-BOOK] วันไหนที่ใจแข็งแรง ดอกไม้จะผลิบาน THE ENCHANTED GARDEN,0,0,0,0,0,0,0,0,0,0,0,0,0,0,0,0,0,0,0,0,0,0,0,0,0,0,0,0,0,0,0,0,0,2026-04-23
[หนังสือ] วันไหนที่ใจแข็งแรง ดอกไม้จะผลิบาน THE ENCHANTED GARDEN,[หนังสือ] สวนของหัวใจ BLOSSOMS OF THE SOUL’S GARDEN,0,0,0,0,0,0,0,0,0,0,0,0,0,0,0,0,0,0,0,0,0,0,0,0,0,0,0,0,0,0,0,0,0,2026-04-23
[หนังสือ] ยินดีต้อนรับและขอบคุณที่กลับมา,[หนังสือ] ยินดีต้อนรับและขอบคุณที่กลับมา,196.89,0,0,122.43,74.46,0,0,0,0,0,0,1068,469,0,299,0,0,0,300,0,0,0,18.44,0,0,40.95,0,0,0,0,0,0,0,2026-04-23
[หนังสือ] ยินดีต้อนรับและขอบคุณที่กลับมา,*OPD [E-BOOK] ยินดีต้อนรับและขอบคุณที่กลับมา,0,0,0,0,0,0,0,0,0,0,0,179,179,0,0,0,0,0,0,0,0,0,0,0,0,0,0,0,0,0,0,0,0,2026-04-23
[หนังสือ] ปีศาจตัวนั้น คือฉันเอง A GUIDE TO FIGHT THE DEMONS IN MY HEART,[หนังสือ] ปีศาจตัวนั้น คือฉันเอง A GUIDE TO FIGHT THE DEMONS IN MY HEART,8655.4,0,0,1798.69,6756.71,0,100,0,0,0,0,0,0,0,0,0,0,0,0,0,0,0,0,0,0,0,0,0,0,0,0,0,0,2026-04-23
[หนังสือ] ชีวิตมีเรื่องให้ขอบคุณมากกว่าเสียใจ,*OPD [E-BOOK] ชีวิตมีเรื่องให้ขอบคุณมากกว่าเสียใจ,0,0,0,0,0,0,0,0,0,0,0,0,0,0,0,0,0,0,0,0,0,0,0,0,0,0,0,0,0,0,0,0,0,2026-04-23
[หนังสือ] ปีศาจตัวนั้น คือฉันเอง A GUIDE TO FIGHT THE DEMONS IN MY HEART,*OPD [E-BOOK] ปีศาจตัวนั้น คือฉันเอง A GUIDE TO FIGHTING THE DEMONS IN MY HEART,0,0,0,0,0,0,0,0,0,0,0,0,0,0,0,0,0,0,0,0,0,0,0,0,0,0,0,0,0,0,0,0,0,2026-04-23
[หนังสือ] ปีศาจตัวนั้น คือฉันเอง A GUIDE TO FIGHT THE DEMONS IN MY HEART,[หนังสือ] ปีศาจตัวนั้น คือฉันเอง A GUIDE TO FIGHTING THE DEMONS IN MY HEART,0,0,0,0,0,0,0,0,0,0,0,22435,600,0,13640,6877,1318,0,0,0,0,0,0,0,0,0,0,0,0,0,0,0,0,2026-04-23
[หนังสือ] ปีศาจตัวนั้น คือฉันเอง 2 A GUIDE TO OVERCOMING THE RETURN OF THE DEMONS,[หนังสือ] ปีศาจตัวนั้น คือฉันเอง 2 A GUIDE TO OVERCOMING THE RETURN OF THE DEMONS,1781.48,0,0,1368.05,413.02,0,0,0.41,0,0,0,7123,300,0,5052,299,1146,0,0,0,326,0,25.01,0,0,27.08,138.13,0,0,0,0,0,0,2026-04-23
[หนังสือ] ปีศาจตัวนั้น คือฉันเอง 2 A GUIDE TO OVERCOMING THE RETURN OF THE DEMONS,*OPD [E-BOOK] ปีศาจตัวนั้น คือฉันเอง 2 A GUIDE TO OVERCOMING THE RETURN OF THE DEMONS,0,0,0,0,0,0,0,0,0,0,0,0,0,0,0,0,0,0,0,0,0,0,0,0,0,0,0,0,0,0,0,0,0,2026-04-23
[หนังสือ] ปีศาจความรักมักเลือกฉันเป็นเหยื่อ HOW TO FIGHT THE LOVE DEMON IN MY HEART,[หนังสือ] ปีศาจความรักมักเลือกฉันเป็นเหยื่อ HOW TO FIGHT THE LOVE DEMON IN MY HEART,274.65,0,0,13.58,261.07,0,0,0,0,0,0,299,0,0,0,299,0,0,0,0,0,0,91.86,0,0,0,87.31,0,0,0,0,0,0,2026-04-23
[หนังสือ] ปีศาจความรักมักเลือกฉันเป็นเหยื่อ HOW TO FIGHT THE LOVE DEMON IN MY HEART,*OPD [E-BOOK] ปีศาจความรักมักเลือกฉันเป็นเหยื่อ HOW TO FIGHT THE LOVE DEMON IN MY HEART,0,0,0,0,0,0,0,0,0,0,0,0,0,0,0,0,0,0,0,0,0,0,0,0,0,0,0,0,0,0,0,0,0,2026-04-23
[หนังสือ] ทุกความทรงจำคือของขวัญจากวันวาน,[หนังสือ] ทุกความทรงจำคือของขวัญจากวันวาน,0,0,0,0,0,0,0,0,0,0,0,589,210,0,379,0,0,0,0,0,0,0,0,0,0,0,0,0,0,0,0,0,0,2026-04-23
[หนังสือ] ทุกความทรงจำคือของขวัญจากวันวาน,*OPD [E-BOOK] ทุกความทรงจำคือของขวัญจากวันวาน,0,0,0,0,0,0,0,0,0,0,0,0,0,0,0,0,0,0,0,0,0,0,0,0,0,0,0,0,0,0,0,0,0,2026-04-23
[หนังสือ] ถ้าโลกมันแย่ ก็แค่คิดแบบคาปิบาร่า THINK LIKE A HAPPYBARA,[หนังสือ] ถ้าโลกมันแย่ ก็แค่คิดแบบคาปิบาร่า THINK LIKE A HAPPYBARA,416.01,0,0,75.58,340.43,0,0,0,0,0,0,598,0,0,299,0,299,0,0,0,0,0,69.57,0,0,25.28,0,0,0,0,0,0,0,2026-04-23
[หนังสือ] ถ้าโลกมันแย่ ก็แค่คิดแบบคาปิบาร่า THINK LIKE A HAPPYBARA,*OPD [E-BOOK] ถ้าโลกมันแย่ ก็แค่คิดแบบคาปิบาร่า THINK LIKE A HAPPYBARA,0,0,0,0,0,0,0,0,0,0,0,0,0,0,0,0,0,0,0,0,0,0,0,0,0,0,0,0,0,0,0,0,0,2026-04-23
[หนังสือ] ปีศาจตัวนั้น คือฉันเอง A GUIDE TO FIGHT THE DEMONS IN MY HEART,*[E-BOOK] ปีศาจตัวนั้น คือฉันเอง A GUIDE TO FIGHTING THE DEMONS IN MY HEART,0,0,0,0,0,0,0,0,0,0,0,0,0,0,0,0,0,0,0,0,0,0,0,0,0,0,0,0,0,0,0,0,0,2026-04-23
[หนังสือ] ถ้าโลกมันแย่ ก็แค่คิดแบบคาปิบาร่า THINK LIKE A HAPPYBARA,[หนังสือ] BOXSET ถ้าโลกมันแย่ ก็แค่คิดแบบคาปิบาร่า THINK LIKE A HAPPYBARA,0,0,0,0,0,0,0,0,0,0,0,2119,800,0,0,0,1319,0,0,0,0,0,0,0,0,0,0,0,0,0,0,0,0,2026-04-23
[หนังสือ] โอบกอดความไม่สมบูรณ์แบบของเธอ (EMBRACE YOUR FLAWS),[หนังสือ] โอบกอดความไม่สมบูรณ์แบบของเธอ (EMBRACE YOUR FLAWS),400.53,0,0,23.57,376.96,0,0,0,0,0,0,1574,0,0,1315,259,0,0,0,0,0,0,25.45,0,0,1.79,145.54,0,0,0,0,0,0,2026-04-23
[หนังสือ] โอบกอดความไม่สมบูรณ์แบบของเธอ (EMBRACE YOUR FLAWS),*OPD [E-BOOK] โอบกอดความไม่สมบูรณ์แบบของเธอ (EMBRACE YOUR FLAWS),0,0,0,0,0,0,0,0,0,0,0,0,0,0,0,0,0,0,0,0,0,0,0,0,0,0,0,0,0,0,0,0,0,2026-04-23
[หนังสือ] ฉันจะมีชีวิตที่ดี,*OPD [E-BOOK] ฉันจะมีชีวิตที่ดี,0,0,0,0,0,0,0,0,0,0,0,0,0,0,0,0,0,0,0,0,0,0,0,0,0,0,0,0,0,0,0,0,0,2026-04-23
[หนังสือ] ความลับสู่เงินล้านที่โรงเรียนไม่เคยสอน (THE MILLIONAIRE'S TOP SECRET),[หนังสือ] ความลับสู่เงินล้านที่โรงเรียนไม่เคยสอน (THE MILLIONAIRE'S TOP SECRET),663.91,0,0,24.69,639.22,0,0,0,0,0,0,2275,0,0,975,1300,0,0,0,0,0,0,29.18,0,0,2.53,49.17,0,0,0,0,0,0,2026-04-23
[หนังสือ] ความลับสู่เงินล้านที่โรงเรียนไม่เคยสอน (THE MILLIONAIRE'S TOP SECRET),*OPD [E-BOOK] ความลับสู่เงินล้านที่โรงเรียนไม่เคยสอน (THE MILLIONAIRE'S TOP SECRET),0,0,0,0,0,0,0,0,0,0,0,0,0,0,0,0,0,0,0,0,0,0,0,0,0,0,0,0,0,0,0,0,0,2026-04-23
[หนังสือ] ขอใช้ชีวิตที่เหลือ เพื่อตัวเองนะ,[หนังสือ] ขอใช้ชีวิตที่เหลือ เพื่อตัวเองนะ,1849.55,741.15,0,32.17,1076.23,0,0,0,0,0,0,8063,1797,0,1974,1645,2392,0,0,0,255,0,22.94,41.24,0,1.63,65.42,0,0,0,0,0,0,2026-04-23
[หนังสือ] ขอใช้ชีวิตที่เหลือ เพื่อตัวเองนะ,*OPD [E-BOOK] ขอใช้ชีวิตที่เหลือ เพื่อตัวเองนะ,0,0,0,0,0,0,0,0,0,0,0,180,180,0,0,0,0,0,0,0,0,0,0,0,0,0,0,0,0,0,0,0,0,2026-04-23
[หนังสือ] กับดักความรู้สึกผิด,[หนังสือ] กับดักความรู้สึกผิด,19808.47,16302.75,0,1621.34,1302.26,382.12,200,0,0,0,0,46711.3,19601,0,5244,1734,18163,277.3,1044,0,648,0,42.41,83.17,0,30.92,75.1,36.6,1.1,0,0,0,0,2026-04-23
[หนังสือ] กับดักความรู้สึกผิด,*OPD [E-BOOK] กับดักความรู้สึกผิด,0,0,0,0,0,0,0,0,0,0,0,180,180,0,0,0,0,0,0,0,0,0,0,0,0,0,0,0,0,0,0,0,0,2026-04-23
[หนังสือ] กว่าจะคิดได้ ก็ไม่มีลมหายใจแล้ว (IT IS NEVER TOO LATE TO LOVE YOURSELF),[หนังสือ] กว่าจะคิดได้ ก็ไม่มีลมหายใจแล้ว (IT IS NEVER TOO LATE TO LOVE YOURSELF),349.5,0,0,11.15,338.35,0,0,0,0,0,0,1252,255,0,598,399,0,0,0,0,0,0,27.92,0,0,1.86,84.8,0,0,0,0,0,0,2026-04-23
[หนังสือ] กว่าจะคิดได้ ก็ไม่มีลมหายใจแล้ว (IT IS NEVER TOO LATE TO LOVE YOURSELF),*OPD [E-BOOK] กว่าจะคิดได้ ก็ไม่มีลมหายใจแล้ว (IT IS NEVER TOO LATE TO LOVE YOURSELF),0,0,0,0,0,0,0,0,0,0,0,0,0,0,0,0,0,0,0,0,0,0,0,0,0,0,0,0,0,0,0,0,0,2026-04-23
[หนังสือ] ฉันจะมีชีวิตที่ดี,[หนังสือ] ฉันจะมีชีวิตที่ดี,841.74,0,0,62.16,779.58,0,0,0,0,0,0,2615,0,0,1450,870,0,295,0,0,0,0,32.19,0,0,4.29,89.61,0,0,0,0,0,0,2026-04-23
[หนังสือ] THE WITCHES' CLUB ชมรมลับเปลี่ยนชีวิต,[หนังสือ] THE WITCHES' CLUB ชมรมลับเปลี่ยนชีวิต,1740.69,767.49,0,408.62,493.6,0,70.98,0,0,0,0,1298,0,0,948,0,350,0,0,0,0,0,134.11,0,0,43.1,0,0,20.28,0,0,0,0,2026-04-23
[หนังสือ] THE WITCHES' CLUB ชมรมลับเปลี่ยนชีวิต,*[E-BOOK] THE WITCHES' CLUB ชมรมลับเปลี่ยนชีวิต,0,0,0,0,0,0,0,0,0,0,0,0,0,0,0,0,0,0,0,0,0,0,0,0,0,0,0,0,0,0,0,0,0,2026-04-23
[หนังสือ] THE WITCHES' CLUB ชมรมลับเปลี่ยนชีวิต,[หนังสือ] BOXSET THE WITCHES' CLUB ชมรมลับเปลี่ยนชีวิต,0,0,0,0,0,0,0,0,0,0,0,919,400,0,0,519,0,0,0,0,0,0,0,0,0,0,0,0,0,0,0,0,0,2026-04-23
[หนังสือ] GHOSTLY REMAINS ปลดพันธนาการดวงวิญญาณหลังความตาย,[หนังสือ] GHOSTLY REMAINS ปลดพันธนาการดวงวิญญาณหลังความตาย,363.18,158.25,0,46.54,158.39,0,0,0,0,0,0,2054,0,0,1007,0,1047,0,0,0,0,0,17.68,0,0,4.62,0,0,0,0,0,0,0,2026-04-23
[หนังสือ] GHOSTLY BREWS ยินดีบริการดวงวิญญาณหลังเที่ยงคืน,[หนังสือ] GHOSTLY BREWS ยินดีบริการดวงวิญญาณหลังเที่ยงคืน,2391.07,677.84,0,324.06,1175.61,213.56,0,0,0,0,0,4788,0,0,2413,598,1478,0,299,0,0,0,49.94,0,0,13.43,196.59,71.42,0,0,0,0,0,2026-04-23
[หนังสือ] GHOSTLY BREWS ยินดีบริการดวงวิญญาณหลังเที่ยงคืน,*OPD [E-BOOK] GHOSTLY BREWS ยินดีบริการดวงวิญญาณหลังเที่ยงคืน,0,0,0,0,0,0,0,0,0,0,0,0,0,0,0,0,0,0,0,0,0,0,0,0,0,0,0,0,0,0,0,0,0,2026-04-23
[หนังสือ] GHOSTLY BREWS ยินดีบริการดวงวิญญาณหลังเที่ยงคืน,*[E-BOOK] GHOSTLY BREWS ยินดีบริการดวงวิญญาณหลังเที่ยงคืน,0,0,0,0,0,0,0,0,0,0,0,0,0,0,0,0,0,0,0,0,0,0,0,0,0,0,0,0,0,0,0,0,0,2026-04-23
[หนังสือ] เหนื่อยมากไหม พักก่อนก็ได้นะวันนี้,[หนังสือ] เหนื่อยมากไหม พักก่อนก็ได้นะวันนี้,161.21,161.21,0,0,0,0,0,0,0,0,0,0,0,0,0,0,0,0,0,0,0,0,0,0,0,0,0,0,0,0,0,0,0,2026-04-23
[หนังสือ] เหนื่อยมากไหม พักก่อนก็ได้นะวันนี้,*OPD [E-BOOK] เหนื่อยมากไหม พักก่อนก็ได้นะวันนี้,0,0,0,0,0,0,0,0,0,0,0,0,0,0,0,0,0,0,0,0,0,0,0,0,0,0,0,0,0,0,0,0,0,2026-04-23
[หนังสือ] เหนื่อยมากไหม พักก่อนก็ได้นะวันนี้,[หนังสือ] BOXSET เหนื่อยมากไหม พักก่อนก็ได้นะวันนี้,0,0,0,0,0,0,0,0,0,0,0,899,899,0,0,0,0,0,0,0,0,0,0,0,0,0,0,0,0,0,0,0,0,2026-04-23
[หนังสือ] THE WITCHES' CLUB ชมรมลับเปลี่ยนชีวิต,*OPD [E-BOOK] THE WITCHES' CLUB ชมรมลับเปลี่ยนชีวิต,0,0,0,0,0,0,0,0,0,0,0,179,179,0,0,0,0,0,0,0,0,0,0,0,0,0,0,0,0,0,0,0,0,2026-04-23
[หนังสือ] ชีวิตมีเรื่องให้ขอบคุณมากกว่าเสียใจ,[หนังสือ] ชีวิตมีเรื่องให้ขอบคุณมากกว่าเสียใจ,0,0,0,0,0,0,0,0,0,0,0,214,0,0,0,214,0,0,0,0,0,0,0,0,0,0,0,0,0,0,0,0,0,2026-04-24
[หนังสือ] ชีวิตมีเรื่องให้ขอบคุณมากกว่าเสียใจ,*OPD [E-BOOK] ชีวิตมีเรื่องให้ขอบคุณมากกว่าเสียใจ,0,0,0,0,0,0,0,0,0,0,0,0,0,0,0,0,0,0,0,0,0,0,0,0,0,0,0,0,0,0,0,0,0,2026-04-24
[หนังสือ] เมื่อโลกทั้งใบซ่อนอยู่ใต้หมวกกันน็อก (HELMET GIRL),[หนังสือ] เมื่อโลกทั้งใบซ่อนอยู่ใต้หมวกกันน็อก (HELMET GIRL),0,0,0,0,0,0,0,0,0,0,0,0,0,0,0,0,0,0,0,0,0,0,0,0,0,0,0,0,0,0,0,0,0,2026-04-24
[หนังสือ] เมื่อโลกทั้งใบซ่อนอยู่ใต้หมวกกันน็อก (HELMET GIRL),*OPD [E-BOOK] เมื่อโลกทั้งใบซ่อนอยู่ใต้หมวกกันน็อก (HELMET GIRL),0,0,0,0,0,0,0,0,0,0,0,179,179,0,0,0,0,0,0,0,0,0,0,0,0,0,0,0,0,0,0,0,0,2026-04-24
[หนังสือ] เมื่อโลกทั้งใบซ่อนอยู่ใต้หมวกกันน็อก (HELMET GIRL),[หนังสือ] BOXSET เมื่อโลกทั้งใบซ่อนอยู่ใต้หมวกกันน็อก (HELMET GIRL),0,0,0,0,0,0,0,0,0,0,0,590,0,0,0,0,590,0,0,0,0,0,0,0,0,0,0,0,0,0,0,0,0,2026-04-24
[หนังสือ] วันไหนที่ใจแข็งแรง ดอกไม้จะผลิบาน THE ENCHANTED GARDEN,[หนังสือ] วันไหนที่ใจแข็งแรง ดอกไม้จะผลิบาน THE ENCHANTED GARDEN,1670.62,0,0,250.13,1420.49,0,0,0,0,0,0,3622,0,0,0,3024,598,0,0,0,0,0,46.12,0,0,0,46.97,0,0,0,0,0,0,2026-04-24
[หนังสือ] วันไหนที่ใจแข็งแรง ดอกไม้จะผลิบาน THE ENCHANTED GARDEN,*OPD [E-BOOK] วันไหนที่ใจแข็งแรง ดอกไม้จะผลิบาน THE ENCHANTED GARDEN,0,0,0,0,0,0,0,0,0,0,0,0,0,0,0,0,0,0,0,0,0,0,0,0,0,0,0,0,0,0,0,0,0,2026-04-24
[หนังสือ] วันไหนที่ใจแข็งแรง ดอกไม้จะผลิบาน THE ENCHANTED GARDEN,[หนังสือ] สวนของหัวใจ BLOSSOMS OF THE SOUL’S GARDEN,0,0,0,0,0,0,0,0,0,0,0,519,0,0,519,0,0,0,0,0,0,0,0,0,0,0,0,0,0,0,0,0,0,2026-04-24
[หนังสือ] ยินดีต้อนรับและขอบคุณที่กลับมา,[หนังสือ] ยินดีต้อนรับและขอบคุณที่กลับมา,285.6,0,0,225.8,59.8,0,0,0,0,0,0,1297,400,0,598,299,0,0,0,0,0,0,22.02,0,0,37.76,20,0,0,0,0,0,0,2026-04-24
[หนังสือ] ยินดีต้อนรับและขอบคุณที่กลับมา,*OPD [E-BOOK] ยินดีต้อนรับและขอบคุณที่กลับมา,0,0,0,0,0,0,0,0,0,0,0,0,0,0,0,0,0,0,0,0,0,0,0,0,0,0,0,0,0,0,0,0,0,2026-04-24
[หนังสือ] ปีศาจตัวนั้น คือฉันเอง A GUIDE TO FIGHT THE DEMONS IN MY HEART,[หนังสือ] ปีศาจตัวนั้น คือฉันเอง A GUIDE TO FIGHT THE DEMONS IN MY HEART,4261.64,0,0,685.89,3475.75,0,100,0,0,0,0,0,0,0,0,0,0,0,0,0,0,0,0,0,0,0,0,0,0,0,0,0,0,2026-04-24
[หนังสือ] ปีศาจตัวนั้น คือฉันเอง A GUIDE TO FIGHT THE DEMONS IN MY HEART,*[E-BOOK] ปีศาจตัวนั้น คือฉันเอง A GUIDE TO FIGHTING THE DEMONS IN MY HEART,0,0,0,0,0,0,0,0,0,0,0,0,0,0,0,0,0,0,0,0,0,0,0,0,0,0,0,0,0,0,0,0,0,2026-04-24
[หนังสือ] ปีศาจตัวนั้น คือฉันเอง A GUIDE TO FIGHT THE DEMONS IN MY HEART,[หนังสือ] ปีศาจตัวนั้น คือฉันเอง A GUIDE TO FIGHTING THE DEMONS IN MY HEART,0,0,0,0,0,0,0,0,0,0,0,10689,300,0,1480,7471,1438,0,0,0,0,0,0,0,0,0,0,0,0,0,0,0,0,2026-04-24
[หนังสือ] ปีศาจตัวนั้น คือฉันเอง 2 A GUIDE TO OVERCOMING THE RETURN OF THE DEMONS,[หนังสือ] ปีศาจตัวนั้น คือฉันเอง 2 A GUIDE TO OVERCOMING THE RETURN OF THE DEMONS,1453.46,0,0,799.39,654.06,0,0,0.01,0,0,0,5569,0,0,2701,1780,1088,0,0,0,0,0,26.1,0,0,29.6,36.74,0,0,0,0,0,0,2026-04-24
[หนังสือ] ปีศาจตัวนั้น คือฉันเอง 2 A GUIDE TO OVERCOMING THE RETURN OF THE DEMONS,*OPD [E-BOOK] ปีศาจตัวนั้น คือฉันเอง 2 A GUIDE TO OVERCOMING THE RETURN OF THE DEMONS,0,0,0,0,0,0,0,0,0,0,0,179,179,0,0,0,0,0,0,0,0,0,0,0,0,0,0,0,0,0,0,0,0,2026-04-24
[หนังสือ] ปีศาจความรักมักเลือกฉันเป็นเหยื่อ HOW TO FIGHT THE LOVE DEMON IN MY HEART,[หนังสือ] ปีศาจความรักมักเลือกฉันเป็นเหยื่อ HOW TO FIGHT THE LOVE DEMON IN MY HEART,294.17,0,0,12.52,281.65,0,0,0,0,0,0,598,0,0,0,598,0,0,0,0,0,0,49.19,0,0,0,47.1,0,0,0,0,0,0,2026-04-24
[หนังสือ] ปีศาจความรักมักเลือกฉันเป็นเหยื่อ HOW TO FIGHT THE LOVE DEMON IN MY HEART,*OPD [E-BOOK] ปีศาจความรักมักเลือกฉันเป็นเหยื่อ HOW TO FIGHT THE LOVE DEMON IN MY HEART,0,0,0,0,0,0,0,0,0,0,0,0,0,0,0,0,0,0,0,0,0,0,0,0,0,0,0,0,0,0,0,0,0,2026-04-24
[หนังสือ] ถ้าโลกมันแย่ ก็แค่คิดแบบคาปิบาร่า THINK LIKE A HAPPYBARA,[หนังสือ] ถ้าโลกมันแย่ ก็แค่คิดแบบคาปิบาร่า THINK LIKE A HAPPYBARA,401,0,0,52.38,324.72,0,23.9,0,0,0,0,598,0,0,0,0,598,0,0,0,0,0,67.06,0,0,0,0,0,4,0,0,0,0,2026-04-24
[หนังสือ] ถ้าโลกมันแย่ ก็แค่คิดแบบคาปิบาร่า THINK LIKE A HAPPYBARA,*OPD [E-BOOK] ถ้าโลกมันแย่ ก็แค่คิดแบบคาปิบาร่า THINK LIKE A HAPPYBARA,0,0,0,0,0,0,0,0,0,0,0,180,180,0,0,0,0,0,0,0,0,0,0,0,0,0,0,0,0,0,0,0,0,2026-04-24
[หนังสือ] ถ้าโลกมันแย่ ก็แค่คิดแบบคาปิบาร่า THINK LIKE A HAPPYBARA,[หนังสือ] BOXSET ถ้าโลกมันแย่ ก็แค่คิดแบบคาปิบาร่า THINK LIKE A HAPPYBARA,0,0,0,0,0,0,0,0,0,0,0,0,0,0,0,0,0,0,0,0,0,0,0,0,0,0,0,0,0,0,0,0,0,2026-04-24
[หนังสือ] เหนื่อยมากไหม พักก่อนก็ได้นะวันนี้,[หนังสือ] เหนื่อยมากไหม พักก่อนก็ได้นะวันนี้,160.32,160.32,0,0,0,0,0,0,0,0,0,0,0,0,0,0,0,0,0,0,0,0,0,0,0,0,0,0,0,0,0,0,0,2026-04-24
[หนังสือ] ปีศาจตัวนั้น คือฉันเอง A GUIDE TO FIGHT THE DEMONS IN MY HEART,*OPD [E-BOOK] ปีศาจตัวนั้น คือฉันเอง A GUIDE TO FIGHTING THE DEMONS IN MY HEART,0,0,0,0,0,0,0,0,0,0,0,0,0,0,0,0,0,0,0,0,0,0,0,0,0,0,0,0,0,0,0,0,0,2026-04-24
[หนังสือ] เหนื่อยมากไหม พักก่อนก็ได้นะวันนี้,*OPD [E-BOOK] เหนื่อยมากไหม พักก่อนก็ได้นะวันนี้,0,0,0,0,0,0,0,0,0,0,0,0,0,0,0,0,0,0,0,0,0,0,0,0,0,0,0,0,0,0,0,0,0,2026-04-24
[หนังสือ] โอบกอดความไม่สมบูรณ์แบบของเธอ (EMBRACE YOUR FLAWS),[หนังสือ] โอบกอดความไม่สมบูรณ์แบบของเธอ (EMBRACE YOUR FLAWS),385.4,0,0,16.54,368.86,0,0,0,0,0,0,1351,0,0,259,1092,0,0,0,0,0,0,28.53,0,0,6.39,33.78,0,0,0,0,0,0,2026-04-24
[หนังสือ] โอบกอดความไม่สมบูรณ์แบบของเธอ (EMBRACE YOUR FLAWS),*OPD [E-BOOK] โอบกอดความไม่สมบูรณ์แบบของเธอ (EMBRACE YOUR FLAWS),0,0,0,0,0,0,0,0,0,0,0,0,0,0,0,0,0,0,0,0,0,0,0,0,0,0,0,0,0,0,0,0,0,2026-04-24
[หนังสือ] ความลับสู่เงินล้านที่โรงเรียนไม่เคยสอน (THE MILLIONAIRE'S TOP SECRET),[หนังสือ] ความลับสู่เงินล้านที่โรงเรียนไม่เคยสอน (THE MILLIONAIRE'S TOP SECRET),572.68,0,0,30.47,542.21,0,0,0,0,0,0,1629,0,0,0,1300,329,0,0,0,0,0,35.16,0,0,0,41.71,0,0,0,0,0,0,2026-04-24
[หนังสือ] ความลับสู่เงินล้านที่โรงเรียนไม่เคยสอน (THE MILLIONAIRE'S TOP SECRET),*OPD [E-BOOK] ความลับสู่เงินล้านที่โรงเรียนไม่เคยสอน (THE MILLIONAIRE'S TOP SECRET),0,0,0,0,0,0,0,0,0,0,0,179,179,0,0,0,0,0,0,0,0,0,0,0,0,0,0,0,0,0,0,0,0,2026-04-24
[หนังสือ] ขอใช้ชีวิตที่เหลือ เพื่อตัวเองนะ,[หนังสือ] ขอใช้ชีวิตที่เหลือ เพื่อตัวเองนะ,1634.62,749.93,0,46.83,829.79,0,8.07,0,0,0,0,4847,929,0,1645,1974,299,0,0,0,0,0,33.72,80.72,0,2.85,42.04,0,2.7,0,0,0,0,2026-04-24
[หนังสือ] ขอใช้ชีวิตที่เหลือ เพื่อตัวเองนะ,*OPD [E-BOOK] ขอใช้ชีวิตที่เหลือ เพื่อตัวเองนะ,0,0,0,0,0,0,0,0,0,0,0,0,0,0,0,0,0,0,0,0,0,0,0,0,0,0,0,0,0,0,0,0,0,2026-04-24
[หนังสือ] กับดักความรู้สึกผิด,[หนังสือ] กับดักความรู้สึกผิด,18939.11,15106.28,0,1890.56,1367.28,304,270.99,0,0,0,0,37307,10949,0,6551,2303,15410,389,648,0,1057,0,50.77,137.97,0,28.86,59.37,46.91,1.76,0,0,0,0,2026-04-24
[หนังสือ] กับดักความรู้สึกผิด,*OPD [E-BOOK] กับดักความรู้สึกผิด,0,0,0,0,0,0,0,0,0,0,0,180,180,0,0,0,0,0,0,0,0,0,0,0,0,0,0,0,0,0,0,0,0,2026-04-24
[หนังสือ] กว่าจะคิดได้ ก็ไม่มีลมหายใจแล้ว (IT IS NEVER TOO LATE TO LOVE YOURSELF),[หนังสือ] กว่าจะคิดได้ ก็ไม่มีลมหายใจแล้ว (IT IS NEVER TOO LATE TO LOVE YOURSELF),302.14,0,0,7.72,294.42,0,0,0,0,0,0,1097,200,0,299,598,0,0,0,0,0,0,27.54,0,0,2.58,49.23,0,0,0,0,0,0,2026-04-24
[หนังสือ] กว่าจะคิดได้ ก็ไม่มีลมหายใจแล้ว (IT IS NEVER TOO LATE TO LOVE YOURSELF),*OPD [E-BOOK] กว่าจะคิดได้ ก็ไม่มีลมหายใจแล้ว (IT IS NEVER TOO LATE TO LOVE YOURSELF),0,0,0,0,0,0,0,0,0,0,0,0,0,0,0,0,0,0,0,0,0,0,0,0,0,0,0,0,0,0,0,0,0,2026-04-24
[หนังสือ] เหนื่อยมากไหม พักก่อนก็ได้นะวันนี้,[หนังสือ] BOXSET เหนื่อยมากไหม พักก่อนก็ได้นะวันนี้,0,0,0,0,0,0,0,0,0,0,0,0,0,0,0,0,0,0,0,0,0,0,0,0,0,0,0,0,0,0,0,0,0,2026-04-24
[หนังสือ] THE WITCHES' CLUB ชมรมลับเปลี่ยนชีวิต,[หนังสือ] THE WITCHES' CLUB ชมรมลับเปลี่ยนชีวิต,1790.26,665.55,0,562.5,424.35,0,137.86,0,0,0,0,658,0,0,359,299,0,0,0,0,0,0,272.08,0,0,156.69,141.92,0,0,0,0,0,0,2026-04-24
[หนังสือ] THE WITCHES' CLUB ชมรมลับเปลี่ยนชีวิต,*OPD [E-BOOK] THE WITCHES' CLUB ชมรมลับเปลี่ยนชีวิต,0,0,0,0,0,0,0,0,0,0,0,179,179,0,0,0,0,0,0,0,0,0,0,0,0,0,0,0,0,0,0,0,0,2026-04-24
[หนังสือ] THE WITCHES' CLUB ชมรมลับเปลี่ยนชีวิต,*[E-BOOK] THE WITCHES' CLUB ชมรมลับเปลี่ยนชีวิต,0,0,0,0,0,0,0,0,0,0,0,0,0,0,0,0,0,0,0,0,0,0,0,0,0,0,0,0,0,0,0,0,0,2026-04-24
[หนังสือ] THE WITCHES' CLUB ชมรมลับเปลี่ยนชีวิต,[หนังสือ] BOXSET THE WITCHES' CLUB ชมรมลับเปลี่ยนชีวิต,0,0,0,0,0,0,0,0,0,0,0,3644,1497,0,1038,519,590,0,0,0,0,0,0,0,0,0,0,0,0,0,0,0,0,2026-04-24
[หนังสือ] GHOSTLY REMAINS ปลดพันธนาการดวงวิญญาณหลังความตาย,[หนังสือ] GHOSTLY REMAINS ปลดพันธนาการดวงวิญญาณหลังความตาย,473.01,254.95,0,34.39,183.67,0,0,0,0,0,0,2146,659,0,1138,0,349,0,0,0,0,0,22.04,38.69,0,3.02,0,0,0,0,0,0,0,2026-04-24
[หนังสือ] GHOSTLY BREWS ยินดีบริการดวงวิญญาณหลังเที่ยงคืน,[หนังสือ] GHOSTLY BREWS ยินดีบริการดวงวิญญาณหลังเที่ยงคืน,2882.05,454.2,0,822.83,1416.15,170.92,17.79,0.16,0,0,0,8700,300,0,2613,3289,1868,0,630,0,0,0,33.13,151.4,0,31.49,43.06,27.13,0.95,0,0,0,0,2026-04-24
[หนังสือ] GHOSTLY BREWS ยินดีบริการดวงวิญญาณหลังเที่ยงคืน,*OPD [E-BOOK] GHOSTLY BREWS ยินดีบริการดวงวิญญาณหลังเที่ยงคืน,0,0,0,0,0,0,0,0,0,0,0,180,180,0,0,0,0,0,0,0,0,0,0,0,0,0,0,0,0,0,0,0,0,2026-04-24
[หนังสือ] GHOSTLY BREWS ยินดีบริการดวงวิญญาณหลังเที่ยงคืน,*[E-BOOK] GHOSTLY BREWS ยินดีบริการดวงวิญญาณหลังเที่ยงคืน,0,0,0,0,0,0,0,0,0,0,0,0,0,0,0,0,0,0,0,0,0,0,0,0,0,0,0,0,0,0,0,0,0,2026-04-24
[หนังสือ] ฉันจะมีชีวิตที่ดี,[หนังสือ] ฉันจะมีชีวิตที่ดี,499.01,0,0,27.35,471.66,0,0,0,0,0,0,1165,0,0,580,290,295,0,0,0,0,0,42.83,0,0,4.72,162.64,0,0,0,0,0,0,2026-04-24
[หนังสือ] ฉันจะมีชีวิตที่ดี,*OPD [E-BOOK] ฉันจะมีชีวิตที่ดี,0,0,0,0,0,0,0,0,0,0,0,0,0,0,0,0,0,0,0,0,0,0,0,0,0,0,0,0,0,0,0,0,0,2026-04-24
[หนังสือ] ฉันจะมีชีวิตที่ดี,[หนังสือ] ฉันจะมีชีวิตที่ดี,525.73,0,0,25.59,500.14,0,0,0,0,0,0,1950,0,0,875,580,295,0,0,0,200,0,26.96,0,0,2.92,86.23,0,0,0,0,0,0,2026-04-25
[หนังสือ] ฉันจะมีชีวิตที่ดี,*OPD [E-BOOK] ฉันจะมีชีวิตที่ดี,0,0,0,0,0,0,0,0,0,0,0,0,0,0,0,0,0,0,0,0,0,0,0,0,0,0,0,0,0,0,0,0,0,2026-04-25
[หนังสือ] เมื่อโลกทั้งใบซ่อนอยู่ใต้หมวกกันน็อก (HELMET GIRL),[หนังสือ] เมื่อโลกทั้งใบซ่อนอยู่ใต้หมวกกันน็อก (HELMET GIRL),0,0,0,0,0,0,0,0,0,0,0,2507.2,0,0,388.8,2118.4,0,0,0,0,0,0,0,0,0,0,0,0,0,0,0,0,0,2026-04-25
[หนังสือ] เมื่อโลกทั้งใบซ่อนอยู่ใต้หมวกกันน็อก (HELMET GIRL),*OPD [E-BOOK] เมื่อโลกทั้งใบซ่อนอยู่ใต้หมวกกันน็อก (HELMET GIRL),0,0,0,0,0,0,0,0,0,0,0,179,179,0,0,0,0,0,0,0,0,0,0,0,0,0,0,0,0,0,0,0,0,2026-04-25
[หนังสือ] เมื่อโลกทั้งใบซ่อนอยู่ใต้หมวกกันน็อก (HELMET GIRL),[หนังสือ] BOXSET เมื่อโลกทั้งใบซ่อนอยู่ใต้หมวกกันน็อก (HELMET GIRL),0,0,0,0,0,0,0,0,0,0,0,1238,476,0,0,0,762,0,0,0,0,0,0,0,0,0,0,0,0,0,0,0,0,2026-04-25
[หนังสือ] วันไหนที่ใจแข็งแรง ดอกไม้จะผลิบาน THE ENCHANTED GARDEN,[หนังสือ] วันไหนที่ใจแข็งแรง ดอกไม้จะผลิบาน THE ENCHANTED GARDEN,940.79,0,0,245.02,695.77,0,0,0,0,0,0,1855.97,0,0,0,1655.97,0,0,0,0,200,0,50.69,0,0,0,42.02,0,0,0,0,0,0,2026-04-25
[หนังสือ] วันไหนที่ใจแข็งแรง ดอกไม้จะผลิบาน THE ENCHANTED GARDEN,*OPD [E-BOOK] วันไหนที่ใจแข็งแรง ดอกไม้จะผลิบาน THE ENCHANTED GARDEN,0,0,0,0,0,0,0,0,0,0,0,0,0,0,0,0,0,0,0,0,0,0,0,0,0,0,0,0,0,0,0,0,0,2026-04-25
[หนังสือ] วันไหนที่ใจแข็งแรง ดอกไม้จะผลิบาน THE ENCHANTED GARDEN,[หนังสือ] สวนของหัวใจ BLOSSOMS OF THE SOUL’S GARDEN,0,0,0,0,0,0,0,0,0,0,0,370.15,0,0,0,370.15,0,0,0,0,0,0,0,0,0,0,0,0,0,0,0,0,0,2026-04-25
[หนังสือ] ยินดีต้อนรับและขอบคุณที่กลับมา,[หนังสือ] ยินดีต้อนรับและขอบคุณที่กลับมา,283,0,0,214.67,68.33,0,0,0,0,0,0,798,200,0,299,299,0,0,0,0,0,0,35.46,0,0,71.8,22.85,0,0,0,0,0,0,2026-04-25
[หนังสือ] ยินดีต้อนรับและขอบคุณที่กลับมา,*OPD [E-BOOK] ยินดีต้อนรับและขอบคุณที่กลับมา,0,0,0,0,0,0,0,0,0,0,0,0,0,0,0,0,0,0,0,0,0,0,0,0,0,0,0,0,0,0,0,0,0,2026-04-25
[หนังสือ] ชีวิตมีเรื่องให้ขอบคุณมากกว่าเสียใจ,[หนังสือ] ชีวิตมีเรื่องให้ขอบคุณมากกว่าเสียใจ,0,0,0,0,0,0,0,0,0,0,0,0,0,0,0,0,0,0,0,0,0,0,0,0,0,0,0,0,0,0,0,0,0,2026-04-25
[หนังสือ] ชีวิตมีเรื่องให้ขอบคุณมากกว่าเสียใจ,*OPD [E-BOOK] ชีวิตมีเรื่องให้ขอบคุณมากกว่าเสียใจ,0,0,0,0,0,0,0,0,0,0,0,179,179,0,0,0,0,0,0,0,0,0,0,0,0,0,0,0,0,0,0,0,0,2026-04-25
[หนังสือ] ปีศาจตัวนั้น คือฉันเอง A GUIDE TO FIGHT THE DEMONS IN MY HEART,*[E-BOOK] ปีศาจตัวนั้น คือฉันเอง A GUIDE TO FIGHTING THE DEMONS IN MY HEART,0,0,0,0,0,0,0,0,0,0,0,0,0,0,0,0,0,0,0,0,0,0,0,0,0,0,0,0,0,0,0,0,0,2026-04-25
[หนังสือ] ปีศาจตัวนั้น คือฉันเอง A GUIDE TO FIGHT THE DEMONS IN MY HEART,[หนังสือ] ปีศาจตัวนั้น คือฉันเอง A GUIDE TO FIGHTING THE DEMONS IN MY HEART,0,0,0,0,0,0,0,0,0,0,0,55732.49,0,0,7052.88,46336.61,1385,0,297,0,661,0,0,0,0,0,0,0,0,0,0,0,0,2026-04-25
[หนังสือ] ปีศาจตัวนั้น คือฉันเอง 2 A GUIDE TO OVERCOMING THE RETURN OF THE DEMONS,[หนังสือ] ปีศาจตัวนั้น คือฉันเอง 2 A GUIDE TO OVERCOMING THE RETURN OF THE DEMONS,2942.8,0,0,1876.95,1065.84,0,0,0.01,0,0,0,14358.55,0,0,5240.9,7720.65,1097,0,0,0,300,0,20.5,0,0,35.81,13.81,0,0,0,0,0,0,2026-04-25
[หนังสือ] ปีศาจตัวนั้น คือฉันเอง 2 A GUIDE TO OVERCOMING THE RETURN OF THE DEMONS,*OPD [E-BOOK] ปีศาจตัวนั้น คือฉันเอง 2 A GUIDE TO OVERCOMING THE RETURN OF THE DEMONS,0,0,0,0,0,0,0,0,0,0,0,0,0,0,0,0,0,0,0,0,0,0,0,0,0,0,0,0,0,0,0,0,0,2026-04-25
[หนังสือ] ปีศาจความรักมักเลือกฉันเป็นเหยื่อ HOW TO FIGHT THE LOVE DEMON IN MY HEART,[หนังสือ] ปีศาจความรักมักเลือกฉันเป็นเหยื่อ HOW TO FIGHT THE LOVE DEMON IN MY HEART,420.16,0,0,38.23,381.93,0,0,0,0,0,0,2436.52,300,0,379,1454.52,303,0,0,0,0,0,17.24,0,0,10.09,26.26,0,0,0,0,0,0,2026-04-25
[หนังสือ] ปีศาจความรักมักเลือกฉันเป็นเหยื่อ HOW TO FIGHT THE LOVE DEMON IN MY HEART,*OPD [E-BOOK] ปีศาจความรักมักเลือกฉันเป็นเหยื่อ HOW TO FIGHT THE LOVE DEMON IN MY HEART,0,0,0,0,0,0,0,0,0,0,0,0,0,0,0,0,0,0,0,0,0,0,0,0,0,0,0,0,0,0,0,0,0,2026-04-25
[หนังสือ] ถ้าโลกมันแย่ ก็แค่คิดแบบคาปิบาร่า THINK LIKE A HAPPYBARA,[หนังสือ] ถ้าโลกมันแย่ ก็แค่คิดแบบคาปิบาร่า THINK LIKE A HAPPYBARA,817.98,0,0,116.46,701.52,0,0,0,0,0,0,1466,0,0,0,868,598,0,0,0,0,0,55.8,0,0,0,80.82,0,0,0,0,0,0,2026-04-25
[หนังสือ] ถ้าโลกมันแย่ ก็แค่คิดแบบคาปิบาร่า THINK LIKE A HAPPYBARA,*OPD [E-BOOK] ถ้าโลกมันแย่ ก็แค่คิดแบบคาปิบาร่า THINK LIKE A HAPPYBARA,0,0,0,0,0,0,0,0,0,0,0,180,180,0,0,0,0,0,0,0,0,0,0,0,0,0,0,0,0,0,0,0,0,2026-04-25
[หนังสือ] ถ้าโลกมันแย่ ก็แค่คิดแบบคาปิบาร่า THINK LIKE A HAPPYBARA,[หนังสือ] BOXSET ถ้าโลกมันแย่ ก็แค่คิดแบบคาปิบาร่า THINK LIKE A HAPPYBARA,0,0,0,0,0,0,0,0,0,0,0,1297,0,0,0,299,998,0,0,0,0,0,0,0,0,0,0,0,0,0,0,0,0,2026-04-25
[หนังสือ] ปีศาจตัวนั้น คือฉันเอง A GUIDE TO FIGHT THE DEMONS IN MY HEART,[หนังสือ] ปีศาจตัวนั้น คือฉันเอง A GUIDE TO FIGHT THE DEMONS IN MY HEART,23362.52,0,0,2220.12,21042.4,0,100,0,0,0,0,0,0,0,0,0,0,0,0,0,0,0,0,0,0,0,0,0,0,0,0,0,0,2026-04-25
[หนังสือ] ปีศาจตัวนั้น คือฉันเอง A GUIDE TO FIGHT THE DEMONS IN MY HEART,*OPD [E-BOOK] ปีศาจตัวนั้น คือฉันเอง A GUIDE TO FIGHTING THE DEMONS IN MY HEART,0,0,0,0,0,0,0,0,0,0,0,0,0,0,0,0,0,0,0,0,0,0,0,0,0,0,0,0,0,0,0,0,0,2026-04-25
[หนังสือ] โอบกอดความไม่สมบูรณ์แบบของเธอ (EMBRACE YOUR FLAWS),[หนังสือ] โอบกอดความไม่สมบูรณ์แบบของเธอ (EMBRACE YOUR FLAWS),345.22,0,0,17.23,327.99,0,0,0,0,0,0,4165,0,0,558,3607,0,0,0,0,0,0,8.29,0,0,3.09,9.09,0,0,0,0,0,0,2026-04-25
[หนังสือ] THE WITCHES' CLUB ชมรมลับเปลี่ยนชีวิต,*[E-BOOK] THE WITCHES' CLUB ชมรมลับเปลี่ยนชีวิต,0,0,0,0,0,0,0,0,0,0,0,0,0,0,0,0,0,0,0,0,0,0,0,0,0,0,0,0,0,0,0,0,0,2026-04-25
[หนังสือ] ความลับสู่เงินล้านที่โรงเรียนไม่เคยสอน (THE MILLIONAIRE'S TOP SECRET),[หนังสือ] ความลับสู่เงินล้านที่โรงเรียนไม่เคยสอน (THE MILLIONAIRE'S TOP SECRET),314.68,0,0,22.64,292.04,0,0,0,0,0,0,950,0,0,296,325,329,0,0,0,0,0,33.12,0,0,7.65,89.86,0,0,0,0,0,0,2026-04-25
[หนังสือ] ความลับสู่เงินล้านที่โรงเรียนไม่เคยสอน (THE MILLIONAIRE'S TOP SECRET),*OPD [E-BOOK] ความลับสู่เงินล้านที่โรงเรียนไม่เคยสอน (THE MILLIONAIRE'S TOP SECRET),0,0,0,0,0,0,0,0,0,0,0,0,0,0,0,0,0,0,0,0,0,0,0,0,0,0,0,0,0,0,0,0,0,2026-04-25
[หนังสือ] ขอใช้ชีวิตที่เหลือ เพื่อตัวเองนะ,[หนังสือ] ขอใช้ชีวิตที่เหลือ เพื่อตัวเองนะ,1749.2,798.47,0,49.87,900.86,0,0,0,0,0,0,4944.34,2058,0,0,2258.34,299,0,0,0,329,0,35.38,38.8,0,0,39.89,0,0,0,0,0,0,2026-04-25
[หนังสือ] ขอใช้ชีวิตที่เหลือ เพื่อตัวเองนะ,*OPD [E-BOOK] ขอใช้ชีวิตที่เหลือ เพื่อตัวเองนะ,0,0,0,0,0,0,0,0,0,0,0,0,0,0,0,0,0,0,0,0,0,0,0,0,0,0,0,0,0,0,0,0,0,2026-04-25
[หนังสือ] กับดักความรู้สึกผิด,[หนังสือ] กับดักความรู้สึกผิด,21856.22,14080.26,0,3564.36,3689.25,230.99,291.36,0,0,0,0,54094.5,11589,0,10221.56,7802.94,21015,0,2099,0,1367,0,40.4,121.5,0,34.87,47.28,11,1.39,0,0,0,0,2026-04-25
[หนังสือ] กับดักความรู้สึกผิด,*OPD [E-BOOK] กับดักความรู้สึกผิด,0,0,0,0,0,0,0,0,0,0,0,180,180,0,0,0,0,0,0,0,0,0,0,0,0,0,0,0,0,0,0,0,0,2026-04-25
[หนังสือ] กว่าจะคิดได้ ก็ไม่มีลมหายใจแล้ว (IT IS NEVER TOO LATE TO LOVE YOURSELF),[หนังสือ] กว่าจะคิดได้ ก็ไม่มีลมหายใจแล้ว (IT IS NEVER TOO LATE TO LOVE YOURSELF),221.71,0,0,7.09,214.62,0,0,0,0,0,0,756.26,200,0,0,356.26,0,0,0,0,200,0,29.32,0,0,0,60.24,0,0,0,0,0,0,2026-04-25
[หนังสือ] กว่าจะคิดได้ ก็ไม่มีลมหายใจแล้ว (IT IS NEVER TOO LATE TO LOVE YOURSELF),*OPD [E-BOOK] กว่าจะคิดได้ ก็ไม่มีลมหายใจแล้ว (IT IS NEVER TOO LATE TO LOVE YOURSELF),0,0,0,0,0,0,0,0,0,0,0,0,0,0,0,0,0,0,0,0,0,0,0,0,0,0,0,0,0,0,0,0,0,2026-04-25
[หนังสือ] THE WITCHES' CLUB ชมรมลับเปลี่ยนชีวิต,[หนังสือ] THE WITCHES' CLUB ชมรมลับเปลี่ยนชีวิต,2341.84,964.82,0,486.65,735.47,0,154.9,0,0,0,0,3445,0,0,0,1196,2249,0,0,0,0,0,67.98,0,0,0,61.49,0,6.89,0,0,0,0,2026-04-25
[หนังสือ] โอบกอดความไม่สมบูรณ์แบบของเธอ (EMBRACE YOUR FLAWS),*OPD [E-BOOK] โอบกอดความไม่สมบูรณ์แบบของเธอ (EMBRACE YOUR FLAWS),0,0,0,0,0,0,0,0,0,0,0,179,179,0,0,0,0,0,0,0,0,0,0,0,0,0,0,0,0,0,0,0,0,2026-04-25
[หนังสือ] THE WITCHES' CLUB ชมรมลับเปลี่ยนชีวิต,[หนังสือ] BOXSET THE WITCHES' CLUB ชมรมลับเปลี่ยนชีวิต,0,0,0,0,0,0,0,0,0,0,0,4834,514,0,519,1538,1764,0,0,0,499,0,0,0,0,0,0,0,0,0,0,0,0,2026-04-25
[หนังสือ] MY LAST BOOK (A GENTLE GUIDE AND PREPARATION FOR LIFE’S FINAL CHAPTER),[หนังสือ] MY LAST BOOK (A GENTLE GUIDE AND PREPARATION FOR LIFE’S FINAL CHAPTER),0,0,0,0,0,0,0,0,0,0,0,300,300,0,0,0,0,0,0,0,0,0,0,0,0,0,0,0,0,0,0,0,0,2026-04-25
[หนังสือ] GHOSTLY REMAINS ปลดพันธนาการดวงวิญญาณหลังความตาย,[หนังสือ] GHOSTLY REMAINS ปลดพันธนาการดวงวิญญาณหลังความตาย,967.17,490.91,0,70.72,405.54,0,0,0,0,0,0,3233.44,359,0,464.1,1488.34,0,0,322,0,600,0,29.91,136.74,0,15.24,27.25,0,0,0,0,0,0,2026-04-25
[หนังสือ] GHOSTLY BREWS ยินดีบริการดวงวิญญาณหลังเที่ยงคืน,[หนังสือ] GHOSTLY BREWS ยินดีบริการดวงวิญญาณหลังเที่ยงคืน,3154.59,609.27,0,679.27,1650.12,208.1,7.83,0,0,0,0,9016.84,300,0,1955.8,5373.04,1088,0,0,0,300,0,34.99,203.09,0,34.73,30.71,0,0.72,0,0,0,0,2026-04-25
[หนังสือ] GHOSTLY BREWS ยินดีบริการดวงวิญญาณหลังเที่ยงคืน,*OPD [E-BOOK] GHOSTLY BREWS ยินดีบริการดวงวิญญาณหลังเที่ยงคืน,0,0,0,0,0,0,0,0,0,0,0,0,0,0,0,0,0,0,0,0,0,0,0,0,0,0,0,0,0,0,0,0,0,2026-04-25
[หนังสือ] GHOSTLY BREWS ยินดีบริการดวงวิญญาณหลังเที่ยงคืน,*[E-BOOK] GHOSTLY BREWS ยินดีบริการดวงวิญญาณหลังเที่ยงคืน,0,0,0,0,0,0,0,0,0,0,0,0,0,0,0,0,0,0,0,0,0,0,0,0,0,0,0,0,0,0,0,0,0,2026-04-25
[หนังสือ] เหนื่อยมากไหม พักก่อนก็ได้นะวันนี้,[หนังสือ] เหนื่อยมากไหม พักก่อนก็ได้นะวันนี้,180.7,180.7,0,0,0,0,0,0,0,0,0,350,0,0,0,350,0,0,0,0,0,0,51.63,0,0,0,0,0,0,0,0,0,0,2026-04-25
[หนังสือ] เหนื่อยมากไหม พักก่อนก็ได้นะวันนี้,*OPD [E-BOOK] เหนื่อยมากไหม พักก่อนก็ได้นะวันนี้,0,0,0,0,0,0,0,0,0,0,0,180,180,0,0,0,0,0,0,0,0,0,0,0,0,0,0,0,0,0,0,0,0,2026-04-25
[หนังสือ] เหนื่อยมากไหม พักก่อนก็ได้นะวันนี้,[หนังสือ] BOXSET เหนื่อยมากไหม พักก่อนก็ได้นะวันนี้,0,0,0,0,0,0,0,0,0,0,0,1299,400,0,0,0,499,0,0,0,400,0,0,0,0,0,0,0,0,0,0,0,0,2026-04-25
[หนังสือ] THE WITCHES' CLUB ชมรมลับเปลี่ยนชีวิต,*OPD [E-BOOK] THE WITCHES' CLUB ชมรมลับเปลี่ยนชีวิต,0,0,0,0,0,0,0,0,0,0,0,0,0,0,0,0,0,0,0,0,0,0,0,0,0,0,0,0,0,0,0,0,0,2026-04-25
[หนังสือ] ฉันจะมีชีวิตที่ดี,[หนังสือ] ฉันจะมีชีวิตที่ดี,311.42,0,0,28.2,283.22,0,0,0,0,0,0,875,0,0,290,290,295,0,0,0,0,0,35.59,0,0,9.72,97.66,0,0,0,0,0,0,2026-04-26
[หนังสือ] ฉันจะมีชีวิตที่ดี,*OPD [E-BOOK] ฉันจะมีชีวิตที่ดี,0,0,0,0,0,0,0,0,0,0,0,0,0,0,0,0,0,0,0,0,0,0,0,0,0,0,0,0,0,0,0,0,0,2026-04-26
[หนังสือ] เมื่อโลกทั้งใบซ่อนอยู่ใต้หมวกกันน็อก (HELMET GIRL),[หนังสือ] เมื่อโลกทั้งใบซ่อนอยู่ใต้หมวกกันน็อก (HELMET GIRL),0,0,0,0,0,0,0,0,0,0,0,2721.6,0,0,0,2721.6,0,0,0,0,0,0,0,0,0,0,0,0,0,0,0,0,0,2026-04-26
[หนังสือ] เมื่อโลกทั้งใบซ่อนอยู่ใต้หมวกกันน็อก (HELMET GIRL),*OPD [E-BOOK] เมื่อโลกทั้งใบซ่อนอยู่ใต้หมวกกันน็อก (HELMET GIRL),0,0,0,0,0,0,0,0,0,0,0,0,0,0,0,0,0,0,0,0,0,0,0,0,0,0,0,0,0,0,0,0,0,2026-04-26
[หนังสือ] เมื่อโลกทั้งใบซ่อนอยู่ใต้หมวกกันน็อก (HELMET GIRL),[หนังสือ] BOXSET เมื่อโลกทั้งใบซ่อนอยู่ใต้หมวกกันน็อก (HELMET GIRL),0,0,0,0,0,0,0,0,0,0,0,500,0,0,0,0,0,0,500,0,0,0,0,0,0,0,0,0,0,0,0,0,0,2026-04-26
[หนังสือ] วันไหนที่ใจแข็งแรง ดอกไม้จะผลิบาน THE ENCHANTED GARDEN,[หนังสือ] วันไหนที่ใจแข็งแรง ดอกไม้จะผลิบาน THE ENCHANTED GARDEN,862.09,0,0,177.04,685.05,0,0,0,0,0,0,1693.37,0,0,0,1394.37,299,0,0,0,0,0,50.91,0,0,0,49.13,0,0,0,0,0,0,2026-04-26
[หนังสือ] วันไหนที่ใจแข็งแรง ดอกไม้จะผลิบาน THE ENCHANTED GARDEN,*OPD [E-BOOK] วันไหนที่ใจแข็งแรง ดอกไม้จะผลิบาน THE ENCHANTED GARDEN,0,0,0,0,0,0,0,0,0,0,0,0,0,0,0,0,0,0,0,0,0,0,0,0,0,0,0,0,0,0,0,0,0,2026-04-26
[หนังสือ] วันไหนที่ใจแข็งแรง ดอกไม้จะผลิบาน THE ENCHANTED GARDEN,[หนังสือ] สวนของหัวใจ BLOSSOMS OF THE SOUL’S GARDEN,0,0,0,0,0,0,0,0,0,0,0,0,0,0,0,0,0,0,0,0,0,0,0,0,0,0,0,0,0,0,0,0,0,2026-04-26
[หนังสือ] ยินดีต้อนรับและขอบคุณที่กลับมา,[หนังสือ] ยินดีต้อนรับและขอบคุณที่กลับมา,282.02,0,0,234.83,47.19,0,0,0,0,0,0,998,400,0,598,0,0,0,0,0,0,0,28.26,0,0,39.27,0,0,0,0,0,0,0,2026-04-26
[หนังสือ] ยินดีต้อนรับและขอบคุณที่กลับมา,*OPD [E-BOOK] ยินดีต้อนรับและขอบคุณที่กลับมา,0,0,0,0,0,0,0,0,0,0,0,0,0,0,0,0,0,0,0,0,0,0,0,0,0,0,0,0,0,0,0,0,0,2026-04-26
[หนังสือ] ถ้าโลกมันแย่ ก็แค่คิดแบบคาปิบาร่า THINK LIKE A HAPPYBARA,*OPD [E-BOOK] ถ้าโลกมันแย่ ก็แค่คิดแบบคาปิบาร่า THINK LIKE A HAPPYBARA,0,0,0,0,0,0,0,0,0,0,0,0,0,0,0,0,0,0,0,0,0,0,0,0,0,0,0,0,0,0,0,0,0,2026-04-26
[หนังสือ] ถ้าโลกมันแย่ ก็แค่คิดแบบคาปิบาร่า THINK LIKE A HAPPYBARA,[หนังสือ] BOXSET ถ้าโลกมันแย่ ก็แค่คิดแบบคาปิบาร่า THINK LIKE A HAPPYBARA,0,0,0,0,0,0,0,0,0,0,0,499,0,0,0,0,499,0,0,0,0,0,0,0,0,0,0,0,0,0,0,0,0,2026-04-26
[หนังสือ] ปีศาจตัวนั้น คือฉันเอง A GUIDE TO FIGHT THE DEMONS IN MY HEART,*[E-BOOK] ปีศาจตัวนั้น คือฉันเอง A GUIDE TO FIGHTING THE DEMONS IN MY HEART,0,0,0,0,0,0,0,0,0,0,0,0,0,0,0,0,0,0,0,0,0,0,0,0,0,0,0,0,0,0,0,0,0,2026-04-26
[หนังสือ] ปีศาจตัวนั้น คือฉันเอง A GUIDE TO FIGHT THE DEMONS IN MY HEART,[หนังสือ] ปีศาจตัวนั้น คือฉันเอง A GUIDE TO FIGHTING THE DEMONS IN MY HEART,0,0,0,0,0,0,0,0,0,0,0,45972.13,300,0,5374.12,38866.01,1432,0,0,0,0,0,0,0,0,0,0,0,0,0,0,0,0,2026-04-26
[หนังสือ] ปีศาจตัวนั้น คือฉันเอง 2 A GUIDE TO OVERCOMING THE RETURN OF THE DEMONS,[หนังสือ] ปีศาจตัวนั้น คือฉันเอง 2 A GUIDE TO OVERCOMING THE RETURN OF THE DEMONS,4745.23,0,0,3325.74,1419.49,0,0,0,0,0,0,13812.4,0,0,9006.9,4426.5,379,0,0,0,0,0,34.35,0,0,36.92,32.07,0,0,0,0,0,0,2026-04-26
[หนังสือ] ปีศาจตัวนั้น คือฉันเอง 2 A GUIDE TO OVERCOMING THE RETURN OF THE DEMONS,*OPD [E-BOOK] ปีศาจตัวนั้น คือฉันเอง 2 A GUIDE TO OVERCOMING THE RETURN OF THE DEMONS,0,0,0,0,0,0,0,0,0,0,0,0,0,0,0,0,0,0,0,0,0,0,0,0,0,0,0,0,0,0,0,0,0,2026-04-26
[หนังสือ] ปีศาจความรักมักเลือกฉันเป็นเหยื่อ HOW TO FIGHT THE LOVE DEMON IN MY HEART,[หนังสือ] ปีศาจความรักมักเลือกฉันเป็นเหยื่อ HOW TO FIGHT THE LOVE DEMON IN MY HEART,269.21,0,0,12.38,256.83,0,0,0,0,0,0,712.52,0,0,0,712.52,0,0,0,0,0,0,37.78,0,0,0,36.05,0,0,0,0,0,0,2026-04-26
[หนังสือ] ปีศาจความรักมักเลือกฉันเป็นเหยื่อ HOW TO FIGHT THE LOVE DEMON IN MY HEART,*OPD [E-BOOK] ปีศาจความรักมักเลือกฉันเป็นเหยื่อ HOW TO FIGHT THE LOVE DEMON IN MY HEART,0,0,0,0,0,0,0,0,0,0,0,0,0,0,0,0,0,0,0,0,0,0,0,0,0,0,0,0,0,0,0,0,0,2026-04-26
[หนังสือ] ทุกความทรงจำคือของขวัญจากวันวาน,[หนังสือ] ทุกความทรงจำคือของขวัญจากวันวาน,0,0,0,0,0,0,0,0,0,0,0,239,0,0,0,0,239,0,0,0,0,0,0,0,0,0,0,0,0,0,0,0,0,2026-04-26
[หนังสือ] ทุกความทรงจำคือของขวัญจากวันวาน,*OPD [E-BOOK] ทุกความทรงจำคือของขวัญจากวันวาน,0,0,0,0,0,0,0,0,0,0,0,0,0,0,0,0,0,0,0,0,0,0,0,0,0,0,0,0,0,0,0,0,0,2026-04-26
[หนังสือ] ถ้าโลกมันแย่ ก็แค่คิดแบบคาปิบาร่า THINK LIKE A HAPPYBARA,[หนังสือ] ถ้าโลกมันแย่ ก็แค่คิดแบบคาปิบาร่า THINK LIKE A HAPPYBARA,872,0,0,121.76,750.24,0,0,0,0,0,0,1586,0,0,299,598,689,0,0,0,0,0,54.98,0,0,40.72,125.46,0,0,0,0,0,0,2026-04-26
[หนังสือ] ปีศาจตัวนั้น คือฉันเอง A GUIDE TO FIGHT THE DEMONS IN MY HEART,[หนังสือ] ปีศาจตัวนั้น คือฉันเอง A GUIDE TO FIGHT THE DEMONS IN MY HEART,18109.6,0,0,1991.67,16017.93,0,100,0,0,0,0,0,0,0,0,0,0,0,0,0,0,0,0,0,0,0,0,0,0,0,0,0,0,2026-04-26
[หนังสือ] ปีศาจตัวนั้น คือฉันเอง A GUIDE TO FIGHT THE DEMONS IN MY HEART,*OPD [E-BOOK] ปีศาจตัวนั้น คือฉันเอง A GUIDE TO FIGHTING THE DEMONS IN MY HEART,0,0,0,0,0,0,0,0,0,0,0,0,0,0,0,0,0,0,0,0,0,0,0,0,0,0,0,0,0,0,0,0,0,2026-04-26
[หนังสือ] โอบกอดความไม่สมบูรณ์แบบของเธอ (EMBRACE YOUR FLAWS),[หนังสือ] โอบกอดความไม่สมบูรณ์แบบของเธอ (EMBRACE YOUR FLAWS),371.59,0,0,28.17,343.42,0,0,0,0,0,0,3316.76,0,0,0,3316.76,0,0,0,0,0,0,11.2,0,0,0,10.35,0,0,0,0,0,0,2026-04-26
[หนังสือ] THE WITCHES' CLUB ชมรมลับเปลี่ยนชีวิต,*[E-BOOK] THE WITCHES' CLUB ชมรมลับเปลี่ยนชีวิต,0,0,0,0,0,0,0,0,0,0,0,0,0,0,0,0,0,0,0,0,0,0,0,0,0,0,0,0,0,0,0,0,0,2026-04-26
[หนังสือ] ความลับสู่เงินล้านที่โรงเรียนไม่เคยสอน (THE MILLIONAIRE'S TOP SECRET),[หนังสือ] ความลับสู่เงินล้านที่โรงเรียนไม่เคยสอน (THE MILLIONAIRE'S TOP SECRET),570.26,0,0,35.76,534.5,0,0,0,0,0,0,1625,0,0,325,1300,0,0,0,0,0,0,35.09,0,0,11,41.12,0,0,0,0,0,0,2026-04-26
[หนังสือ] ความลับสู่เงินล้านที่โรงเรียนไม่เคยสอน (THE MILLIONAIRE'S TOP SECRET),*OPD [E-BOOK] ความลับสู่เงินล้านที่โรงเรียนไม่เคยสอน (THE MILLIONAIRE'S TOP SECRET),0,0,0,0,0,0,0,0,0,0,0,0,0,0,0,0,0,0,0,0,0,0,0,0,0,0,0,0,0,0,0,0,0,2026-04-26
[หนังสือ] ขอใช้ชีวิตที่เหลือ เพื่อตัวเองนะ,[หนังสือ] ขอใช้ชีวิตที่เหลือ เพื่อตัวเองนะ,1797.01,806.16,0,74.01,916.84,0,0,0,0,0,0,4634.24,858,0,0,2350.24,1226,0,0,0,200,0,38.78,93.96,0,0,39.01,0,0,0,0,0,0,2026-04-26
[หนังสือ] ขอใช้ชีวิตที่เหลือ เพื่อตัวเองนะ,*OPD [E-BOOK] ขอใช้ชีวิตที่เหลือ เพื่อตัวเองนะ,0,0,0,0,0,0,0,0,0,0,0,0,0,0,0,0,0,0,0,0,0,0,0,0,0,0,0,0,0,0,0,0,0,2026-04-26
[หนังสือ] กับดักความรู้สึกผิด,[หนังสือ] กับดักความรู้สึกผิด,17808.36,13814.63,0,1862.79,1555.13,375.81,200,0,0,0,0,36104.44,12285,0,4948.45,3808.99,11879,389,2096,0,698,0,49.32,112.45,0,37.64,40.83,17.93,1.68,0,0,0,0,2026-04-26
[หนังสือ] กับดักความรู้สึกผิด,*OPD [E-BOOK] กับดักความรู้สึกผิด,0,0,0,0,0,0,0,0,0,0,0,0,0,0,0,0,0,0,0,0,0,0,0,0,0,0,0,0,0,0,0,0,0,2026-04-26
[หนังสือ] กว่าจะคิดได้ ก็ไม่มีลมหายใจแล้ว (IT IS NEVER TOO LATE TO LOVE YOURSELF),[หนังสือ] กว่าจะคิดได้ ก็ไม่มีลมหายใจแล้ว (IT IS NEVER TOO LATE TO LOVE YOURSELF),478.65,0,0,8.81,469.84,0,0,0,0,0,0,735.26,0,0,0,735.26,0,0,0,0,0,0,65.1,0,0,0,63.9,0,0,0,0,0,0,2026-04-26
[หนังสือ] กว่าจะคิดได้ ก็ไม่มีลมหายใจแล้ว (IT IS NEVER TOO LATE TO LOVE YOURSELF),*OPD [E-BOOK] กว่าจะคิดได้ ก็ไม่มีลมหายใจแล้ว (IT IS NEVER TOO LATE TO LOVE YOURSELF),0,0,0,0,0,0,0,0,0,0,0,0,0,0,0,0,0,0,0,0,0,0,0,0,0,0,0,0,0,0,0,0,0,2026-04-26
[หนังสือ] THE WITCHES' CLUB ชมรมลับเปลี่ยนชีวิต,[หนังสือ] THE WITCHES' CLUB ชมรมลับเปลี่ยนชีวิต,2998.57,902.99,0,881.07,1187.63,0,26.88,0,0,0,0,1111.52,0,0,0,1111.52,0,0,0,0,0,0,269.77,0,0,0,106.85,0,0,0,0,0,0,2026-04-26
[หนังสือ] โอบกอดความไม่สมบูรณ์แบบของเธอ (EMBRACE YOUR FLAWS),*OPD [E-BOOK] โอบกอดความไม่สมบูรณ์แบบของเธอ (EMBRACE YOUR FLAWS),0,0,0,0,0,0,0,0,0,0,0,0,0,0,0,0,0,0,0,0,0,0,0,0,0,0,0,0,0,0,0,0,0,2026-04-26
[หนังสือ] THE WITCHES' CLUB ชมรมลับเปลี่ยนชีวิต,[หนังสือ] BOXSET THE WITCHES' CLUB ชมรมลับเปลี่ยนชีวิต,0,0,0,0,0,0,0,0,0,0,0,4532,899,0,2595,1038,0,0,0,0,0,0,0,0,0,0,0,0,0,0,0,0,0,2026-04-26
[หนังสือ] MY LAST BOOK (A GENTLE GUIDE AND PREPARATION FOR LIFE’S FINAL CHAPTER),[หนังสือ] MY LAST BOOK (A GENTLE GUIDE AND PREPARATION FOR LIFE’S FINAL CHAPTER),0,0,0,0,0,0,0,0,0,0,0,300,300,0,0,0,0,0,0,0,0,0,0,0,0,0,0,0,0,0,0,0,0,2026-04-26
[หนังสือ] GHOSTLY REMAINS ปลดพันธนาการดวงวิญญาณหลังความตาย,[หนังสือ] GHOSTLY REMAINS ปลดพันธนาการดวงวิญญาณหลังความตาย,1231.16,560.25,0,78.01,592.9,0,0,0,0,0,0,2055.47,0,0,971.4,1084.07,0,0,0,0,0,0,59.9,0,0,8.03,54.69,0,0,0,0,0,0,2026-04-26
[หนังสือ] GHOSTLY BREWS ยินดีบริการดวงวิญญาณหลังเที่ยงคืน,[หนังสือ] GHOSTLY BREWS ยินดีบริการดวงวิญญาณหลังเที่ยงคืน,3954.13,801.82,0,397.61,2568,186.7,0,0,0,0,0,11158.35,0,0,3915,6894.35,349,0,0,0,0,0,35.44,0,0,10.16,37.25,0,0,0,0,0,0,2026-04-26
[หนังสือ] GHOSTLY BREWS ยินดีบริการดวงวิญญาณหลังเที่ยงคืน,*OPD [E-BOOK] GHOSTLY BREWS ยินดีบริการดวงวิญญาณหลังเที่ยงคืน,0,0,0,0,0,0,0,0,0,0,0,0,0,0,0,0,0,0,0,0,0,0,0,0,0,0,0,0,0,0,0,0,0,2026-04-26
[หนังสือ] GHOSTLY BREWS ยินดีบริการดวงวิญญาณหลังเที่ยงคืน,*[E-BOOK] GHOSTLY BREWS ยินดีบริการดวงวิญญาณหลังเที่ยงคืน,0,0,0,0,0,0,0,0,0,0,0,0,0,0,0,0,0,0,0,0,0,0,0,0,0,0,0,0,0,0,0,0,0,2026-04-26
[หนังสือ] เหนื่อยมากไหม พักก่อนก็ได้นะวันนี้,[หนังสือ] เหนื่อยมากไหม พักก่อนก็ได้นะวันนี้,100.3,100.3,0,0,0,0,0,0,0,0,0,0,0,0,0,0,0,0,0,0,0,0,0,0,0,0,0,0,0,0,0,0,0,2026-04-26
[หนังสือ] เหนื่อยมากไหม พักก่อนก็ได้นะวันนี้,*OPD [E-BOOK] เหนื่อยมากไหม พักก่อนก็ได้นะวันนี้,0,0,0,0,0,0,0,0,0,0,0,0,0,0,0,0,0,0,0,0,0,0,0,0,0,0,0,0,0,0,0,0,0,2026-04-26
[หนังสือ] เหนื่อยมากไหม พักก่อนก็ได้นะวันนี้,[หนังสือ] BOXSET เหนื่อยมากไหม พักก่อนก็ได้นะวันนี้,0,0,0,0,0,0,0,0,0,0,0,800,400,0,0,0,0,0,0,0,400,0,0,0,0,0,0,0,0,0,0,0,0,2026-04-26
[หนังสือ] THE WITCHES' CLUB ชมรมลับเปลี่ยนชีวิต,*OPD [E-BOOK] THE WITCHES' CLUB ชมรมลับเปลี่ยนชีวิต,0,0,0,0,0,0,0,0,0,0,0,0,0,0,0,0,0,0,0,0,0,0,0,0,0,0,0,0,0,0,0,0,0,2026-04-26