ชื่อโฆษณา,"ID โฆษณา",วัน,สถานะการแสดงโฆษณา,ระดับการแสดงโฆษณา,ประเภทผลลัพธ์,ผลลัพธ์,ต้นทุนต่อผลลัพธ์,ค่าคอนเวอร์ชั่นการซื้อ,"จำนวนเงินที่ใช้จ่ายไป (THB)","ROAS (ผลตอบแทนจากค่าใช้จ่ายในการโฆษณา) ของการซื้อ",อิมเพรสชัน,การเข้าถึง,การซื้อ,การสนทนาผ่านการส่งข้อความที่เริ่มขึ้น,ต้นทุนต่อการเริ่มการสนทนาผ่านการส่งข้อความ,คำสั่งซื้อที่สร้างขึ้น,การคลิกลิงก์,"CTR (ทั้งหมด)","CPM (ต้นทุนต่ออิมเพรสชั่น 1,000 ครั้ง)","%CVR (META)",เริ่มการรายงาน,สิ้นสุดการรายงาน
"[28.06.25][ริว] รู้สึกดีไม่พอ จนอยากหายไปจากโลก (Embrace)",120231822520030260,2026-05-04,inactive,ad,,,,,0,,0,0,,,,,,,,,2026-05-04,2026-05-04
"[03.09.25][ริว] เปิดตัวปีศาจ 2 (Demons)",120235947662650260,2026-05-04,not_delivering,ad,,,,,0,,0,0,,,,,,,,,2026-05-04,2026-05-04
"[19.10.25][ริว] 30 เล่มสุดท้าย (Demons)",120238953717570260,2026-05-04,not_delivering,ad,,,,,0,,0,0,,,,,,,,,2026-05-04,2026-05-04
"[23.05.25][ริว] หนังสือการ์ตูนฮีลใจ (Ghostly)",120229263803080260,2026-05-04,inactive,ad,,,,,0,,0,0,,,,,,,,,2026-05-04,2026-05-04
"[08.10.25][ริว] เติบโตขึ้น พ่อแม่แก่ลง (Demons)",120238216884260260,2026-05-04,inactive,ad,,,,,0,,0,0,,,,,,,,,2026-05-04,2026-05-04
"[01.03.26][ริว] รักคนอื่น (Trap)",120245040544810260,2026-05-04,not_delivering,ad,,,,,0,,0,0,,,,,,,,,2026-05-04,2026-05-04
"[12.08.25][ริว] สัญญาณที่ควรอ่าน (Witches)",120234721984450260,2026-05-04,inactive,ad,,,,,0,,0,0,,,,,,,,,2026-05-04,2026-05-04
"[29.09.25][ริว] ประโยคหลังปก ปีศาจ 2 (Demons)",120238217714390260,2026-05-04,inactive,ad,,,,,0,,0,0,,,,,,,,,2026-05-04,2026-05-04
"[06.08.25][ริว] แค่หนังสือการ์ตูน ทำไมถึงร้องไห้ (Ghostly)",120236105020060260,2026-05-04,not_delivering,ad,,,,,0,,0,0,,,,,,,,,2026-05-04,2026-05-04
"[11.08.25][ริว] หยุดคิดและทบทวนชีวิต (Ghostly)",120234715022850260,2026-05-04,inactive,ad,,,,,0,,0,0,,,,,,,,,2026-05-04,2026-05-04
"[22.08.25][ริว] Payday August 2 Box 999 (Promotion_Payday)",120235249452170260,2026-05-04,not_delivering,ad,,,,,0,,0,0,,,,,,,,,2026-05-04,2026-05-04
"[29.09.25][ริว] E-Book (Ghostly)",120240395147490260,2026-05-04,inactive,ad,,,,,0,,0,0,,,,,,,,,2026-05-04,2026-05-04
"[22.07.25][ริว] วันนี้เธอเหนื่อยไหม (Tried)",120234921224810260,2026-05-04,not_delivering,ad,,,,,0,,0,0,,,,,,,,,2026-05-04,2026-05-04
"[14.07.25][ริว] รักตัวเอง ไม่ใช่คนเห็นแก่ตัว (Kiwtum)",120234400624990260,2026-05-04,not_delivering,ad,,,,,0,,0,0,,,,,,,,,2026-05-04,2026-05-04
"[06.08.25][ริว] มีชีวิตอยู่อย่างโดดเดี่ยว (ghostly)",120234918883500260,2026-05-04,not_delivering,ad,,,,,0,,0,0,,,,,,,,,2026-05-04,2026-05-04
"[08.07.25][ริว] ย่านเมืองเก่ามีร้านคาเฟ่ร้านนึงเปิดหลังเที่ยงคืน (Ghostly)",120233368434930260,2026-05-04,inactive,ad,,,,,0,,0,0,,,,,,,,,2026-05-04,2026-05-04
"[12.09.25][ริว] 5 ประโยคเตือนสติ (Ghostly)",120236691306870260,2026-05-04,inactive,ad,,,,,0,,0,0,,,,,,,,,2026-05-04,2026-05-04
"[04.09.25][ริว] 9.9 : 3 เล่ม ราคา 999.- (Promotion)",120236189605560260,2026-05-04,not_delivering,ad,,,,,0,,0,0,,,,,,,,,2026-05-04,2026-05-04
"[22.09.25][ริว] แม่อยากให้ลูกมั่นคง (Remains)",120237920752020260,2026-05-04,inactive,ad,,,,,0,,0,0,,,,,,,,,2026-05-04,2026-05-04
"[08.08.25][ริว] จุกอกอยู่อย่าง (ปีศาจตัวนั้น)",120234605062370260,2026-05-04,not_delivering,ad,,,,,0,,0,0,,,,,,,,,2026-05-04,2026-05-04
"[03.09.25][ริว] เปิดตัวปีศาจ 2 (Demons)",120236553082840260,2026-05-04,inactive,ad,,,,,0,,0,0,,,,,,,,,2026-05-04,2026-05-04
"[03.09.25][ริว] เปิดตัวปีศาจ 2 (Demons)",120235860183130260,2026-05-04,archived,ad,,,,,0,,0,0,,,,,,,,,2026-05-04,2026-05-04
"[08.08.25][ริว] งานศพ (Ghostly)",120234605536710260,2026-05-04,inactive,ad,,,,,0,,0,0,,,,,,,,,2026-05-04,2026-05-04
"[24.07.25][ริว] หนังสือที่ควรอ่านสักครั้ง (Witches)",120233371870610260,2026-05-04,inactive,ad,,,,,0,,0,0,,,,,,,,,2026-05-04,2026-05-04
"[01.08.25][ริว] ประโยคเดียวในหนังสือ (Witches)",120234375496680260,2026-05-04,inactive,ad,,,,,0,,0,0,,,,,,,,,2026-05-04,2026-05-04
"[03.09.25][ริว] จุกอกกับปีศาจ2 (Demons)",120235859358570260,2026-05-04,inactive,ad,,,,,0,,0,0,,,,,,,,,2026-05-04,2026-05-04
"[29.09.25][ริว] เลือกปกหนังสือ (Remains)",120237920290890260,2026-05-04,archived,ad,,,,,0,,0,0,,,,,,,,,2026-05-04,2026-05-04
"[27.05.25][ริว] ประโยคที่อ่านแล้วจุกอก (Witches)",120234553219280260,2026-05-04,not_delivering,ad,,,,,0,,0,0,,,,,,,,,2026-05-04,2026-05-04
"[08.07.25][ริว] ย่านเมืองเก่ามีร้านคาเฟ่ร้านนึงเปิดหลังเที่ยงคืน (Ghostly)",120232410204790260,2026-05-04,inactive,ad,,,,,0,,0,0,,,,,,,,,2026-05-04,2026-05-04
"[03.09.25][ริว] เปิดตัวปีศาจ 2 (Demons)",120236620453190260,2026-05-04,not_delivering,ad,,,,,0,,0,0,,,,,,,,,2026-05-04,2026-05-04
"[22.10.25][ริว] (ไม่)นอกใจ (Demons)",120239593304140260,2026-05-04,not_delivering,ad,,,,,0,,0,0,,,,,,,,,2026-05-04,2026-05-04
"[28.08.25][ริว] ถ้าต้องบอกกับตัวเอง (Tried)",120235810805880260,2026-05-04,not_delivering,ad,,,,,0,,0,0,,,,,,,,,2026-05-04,2026-05-04
"[06.08.25][ริว] หนังสือ Mindset ดีขึ้น (Tried)",120234467036490260,2026-05-04,not_delivering,ad,,,,,0,,0,0,,,,,,,,,2026-05-04,2026-05-04
"[18.12.25][ริว] นาทีทอง (Ghostly)",120242333657580260,2026-05-04,inactive,ad,,,,,0,,0,0,,,,,,,,,2026-05-04,2026-05-04
"[12.11.25][ริว] รักตัวเองก่อน (ปีศาจตัวนั้น)",120240371822780260,2026-05-04,inactive,ad,,,,,0,,0,0,,,,,,,,,2026-05-04,2026-05-04
"[12.11.25][ริว] (ไม่)ยอมลดคุณค่าตัวเอง (ปีศาจตัวนั้น)",120240372637990260,2026-05-04,not_delivering,ad,,,,,0,,0,0,,,,,,,,,2026-05-04,2026-05-04
"[25.07.25][ริว] คะแนน9.9/10 (Tried)",120234551664170260,2026-05-04,archived,ad,,,,,0,,0,0,,,,,,,,,2026-05-04,2026-05-04
"[22.08.25][ริว] แจกวอลเปเปอร์ (Ghostly)",120236029152520260,2026-05-04,not_delivering,ad,,,,,0,,0,0,,,,,,,,,2026-05-04,2026-05-04
"[16.01.26][ริว] ภาค 1 ว่าเศร้าแล้ว (Remains)",120243288350740260,2026-05-04,inactive,ad,,,,,0,,0,0,,,,,,,,,2026-05-04,2026-05-04
"[11.09.25][ริว] ประโยคเดียวในหนังสือ (Witches)",120236634029160260,2026-05-04,not_delivering,ad,,,,,0,,0,0,,,,,,,,,2026-05-04,2026-05-04
"[07.11.25][ริว] 11.11 บุฟเฟต์ 3 เล่ม 999 (Promotion)",120240090732090260,2026-05-04,not_delivering,ad,,,,,0,,0,0,,,,,,,,,2026-05-04,2026-05-04
"[23.06.25][ริว] ประโยคเดียวในหนังสือที่จะเปลี่ยนชีวิต (Witches)",120234501355100260,2026-05-04,inactive,ad,,,,,0,,0,0,,,,,,,,,2026-05-04,2026-05-04
"[11.06.25][ริว] จะเป็นยังไงถ้าคุณต้องเป็นที่ปรึกษา (Ghostly)",120230533036440260,2026-05-04,not_delivering,ad,,,,,0,,0,0,,,,,,,,,2026-05-04,2026-05-04
"[06.09.25][ริว] ความกลัวการไม่ถูกรัก (Ghostly)",120236620119270260,2026-05-04,inactive,ad,,,,,0,,0,0,,,,,,,,,2026-05-04,2026-05-04
"[03.11.25][ริว] แค่ประโยคเดียว (Witches)",120239971450760260,2026-05-04,not_delivering,ad,,,,,0,,0,0,,,,,,,,,2026-05-04,2026-05-04
"[03.09.25][ริว] จุกอกกับปีศาจ2 (Demons)",120236439332360260,2026-05-04,not_delivering,ad,,,,,0,,0,0,,,,,,,,,2026-05-04,2026-05-04
"[10.12.25][ริว] 12.12 : แลกซื้อ E-Book เล่มที่สอง 12.- (Promotion)",120241898370320260,2026-05-04,not_delivering,ad,,,,,0,,0,0,,,,,,,,,2026-05-04,2026-05-04
"[06.10.25][ริว] แค่หนังสือการ์ตูน (Remains)",120237931551340260,2026-05-04,inactive,ad,,,,,0,,0,0,,,,,,,,,2026-05-04,2026-05-04
"[31.10.25][ริว] อ่านแล้วหายเหนื่อย (Tried)",120239657661570260,2026-05-04,not_delivering,ad,,,,,0,,0,0,,,,,,,,,2026-05-04,2026-05-04
"[06.08.25][ริว] ประโยคเปลี่ยนชีวิต (Tried)",120234822515500260,2026-05-04,not_delivering,ad,,,,,0,,0,0,,,,,,,,,2026-05-04,2026-05-04
"[23.05.25][ริว] หนังสือการ์ตูนฮีลใจ (Ghostly)",120236605895760260,2026-05-04,inactive,ad,,,,,0,,0,0,,,,,,,,,2026-05-04,2026-05-04
"[31.10.25][ริว] อ่านแล้วหายเหนื่อย (Tried)",120239969968640260,2026-05-04,not_delivering,ad,,,,,0,,0,0,,,,,,,,,2026-05-04,2026-05-04
"[25.07.25][ริว] ประโยคฮีลใจดีๆ (Tried)",120233569614560260,2026-05-04,inactive,ad,,,,,0,,0,0,,,,,,,,,2026-05-04,2026-05-04
"[11.10.25][ริว] ปุณณ์วัฒน์ (Ghostly)",120243738789460260,2026-05-04,inactive,ad,,,,,0,,0,0,,,,,,,,,2026-05-04,2026-05-04
"[16.10.25][ริว] ผลงานภาคต่อ (Remains)",120238720271700260,2026-05-04,not_delivering,ad,,,,,0,,0,0,,,,,,,,,2026-05-04,2026-05-04
"[09.09.25][ริว] โตขึ้น พ่อแม่แก่ตัวลง (Demons)",120236555889060260,2026-05-04,inactive,ad,,,,,0,,0,0,,,,,,,,,2026-05-04,2026-05-04
"[29.09.25][ริว] เลือกปกหนังสือ (Remains)",120237920751980260,2026-05-04,archived,ad,,,,,0,,0,0,,,,,,,,,2026-05-04,2026-05-04
"[31.03.26][ริว] อย่าปล่อยให้พ่อแม่รอ กลับไปเยี่ยมในวันที่ยังมีโอกาส (Ghostly)",120246687856600260,2026-05-04,inactive,ad,,,,,0,,0,0,,,,,,,,,2026-05-04,2026-05-04
"[09.09.25][ริว] ริว 7 สัญญาณ (Demons)",120236555500530260,2026-05-04,inactive,ad,,,,,0,,0,0,,,,,,,,,2026-05-04,2026-05-04
"[20.10.25][ริว] ความผิดพลาด (Witches)",120239114132190260,2026-05-04,not_delivering,ad,,,,,0,,0,0,,,,,,,,,2026-05-04,2026-05-04
"[03.09.25][ริว] เปิดตัวปีศาจ 2 (Demons)",120236174960910260,2026-05-04,not_delivering,ad,,,,,0,,0,0,,,,,,,,,2026-05-04,2026-05-04
"[01.04.26][ริว] เลิกควบคุมสิ่งที่ควมคุมไม่ได้ (AI) (Trap) - สำเนา",120247171347450260,2026-05-04,not_delivering,ad,,,,,0,,0,0,,,,,,,,,2026-05-04,2026-05-04
"[24.07.25][ริว] ไพ่สำรับนี้ดูดวงแม่น (Witches)",120235365677540260,2026-05-04,not_delivering,ad,,,,,0,,0,0,,,,,,,,,2026-05-04,2026-05-04
"[16.10.25][ริว] คะแนน 9.9/10 (Remains)",120238992107880260,2026-05-04,not_delivering,ad,,,,,0,,0,0,,,,,,,,,2026-05-04,2026-05-04
"[01.04.26][ริว] เลิกควบคุมสิ่งที่ควมคุมไม่ได้ (AI) (Trap)",120246781893950260,2026-05-04,not_delivering,ad,การสนทนาผ่านการส่งข้อความที่เริ่มขึ้น,,,,0,,0,0,,,,,,,,,2026-05-04,2026-05-04
"[05.04.26][ริว] แด่ทุกสิ่งมีชีวิตมหัศจรรย์ที่แสนซื่อสัตย์ AI (Remains)",120246688281160260,2026-05-04,inactive,ad,,,,,0,,0,0,,,,,,,,,2026-05-04,2026-05-04
"[29.04.26][ริว] การอยู่คนเดียวคือทักษะที่ดีที่สุด AI (Ghostly)",120248073570050260,2026-05-04,not_delivering,ad,การสนทนาผ่านการส่งข้อความที่เริ่มขึ้น,,,,0,,0,0,,,,,,,,,2026-05-04,2026-05-04
"[03.04.26][ริว] โรคซึมเศร้า AI (Trap)",120247408799390260,2026-05-04,not_delivering,ad,การสนทนาผ่านการส่งข้อความที่เริ่มขึ้น,,,,0,,0,0,,,,,,,,,2026-05-04,2026-05-04
"[31.10.25][ริว] อ่านแล้วหายเหนื่อย (Tried)",120240096893100260,2026-05-04,inactive,ad,,,,,0,,0,0,,,,,,,,,2026-05-04,2026-05-04
"[01.04.26][ริว] เลิกควบคุมสิ่งที่ควมคุมไม่ได้ (AI) (Trap)",120247045023490260,2026-05-04,not_delivering,ad,,,,,0,,0,0,,,,,,,,,2026-05-04,2026-05-04
"[01.04.26][ริว] เลิกควบคุมสิ่งที่ควมคุมไม่ได้ (AI) (Trap) - สำเนา",120247171320380260,2026-05-04,not_delivering,ad,,,,,0,,0,0,,,,,,,,,2026-05-04,2026-05-04
"[01.04.26][ริว] เลิกควบคุมสิ่งที่ควมคุมไม่ได้ (AI) (Trap) - สำเนา",120246786693990260,2026-05-04,not_delivering,ad,การสนทนาผ่านการส่งข้อความที่เริ่มขึ้น,,,,0,,0,0,,,,,,,,,2026-05-04,2026-05-04
"[04.03.26][ริว] ซึมเศร้า (สัมภาษณ์หมอ) (Trap)",120245282113510260,2026-05-04,not_delivering,ad,,,,,0,,0,0,,,,,,,,,2026-05-04,2026-05-04
"[01.04.26][ริว] เลิกควบคุมสิ่งที่ควมคุมไม่ได้ (AI) (Trap)",120247045023500260,2026-05-04,not_delivering,ad,,,,,0,,0,0,,,,,,,,,2026-05-04,2026-05-04
"[05.04.26][ริว] แด่มนุษย์ที่โดดเดี่ยว AI (Ghostly)",120247722034730260,2026-05-04,inactive,ad,การสนทนาผ่านการส่งข้อความที่เริ่มขึ้น,,,,0,,0,0,,,,,,,,,2026-05-04,2026-05-04
"[04.03.26][ริว] ซึมเศร้า (สัมภาษณ์หมอ) (Trap)",120245321666920260,2026-05-04,not_delivering,ad,การสนทนาผ่านการส่งข้อความที่เริ่มขึ้น,,,,0,,0,0,,,,,,,,,2026-05-04,2026-05-04
"[04.03.26][ริว] ซึมเศร้า (สัมภาษณ์หมอ) (Trap)",120247170837410260,2026-05-04,not_delivering,ad,,,,,0,,0,0,,,,,,,,,2026-05-04,2026-05-04
"[31.10.25][ริว] อ่านแล้วหายเหนื่อย (Tried)",120245505030830260,2026-05-04,inactive,ad,,,,,0,,0,0,,,,,,,,,2026-05-04,2026-05-04
"[31.03.26][ริว] อย่าปล่อยให้พ่อแม่รอ กลับไปเยี่ยมในวันที่ยังมีโอกาส (Ghostly)",120246513921840260,2026-05-04,not_delivering,ad,,,,,0,,0,0,,,,,,,,,2026-05-04,2026-05-04
"[23.02.26][ริว] แม่คือคนรับผิดชอบ (Trap)",120245730541230260,2026-05-04,not_delivering,ad,,,,,0,,0,0,,,,,,,,,2026-05-04,2026-05-04
"[03.04.26][ริว] โรคซึมเศร้า AI (Trap)",120246783494780260,2026-05-04,not_delivering,ad,การสนทนาผ่านการส่งข้อความที่เริ่มขึ้น,2,141.6,409,283.2,1.44420904,5086,4890,1,2,141.6,1,19,3.00825796,55.68226504,0.5,2026-05-04,2026-05-04
"[25.07.25][ริว] อ่านเล่มนี้จึงรู้ว่า (Tried) (Reels)",120243033199470260,2026-05-04,not_delivering,ad,,,,,0,,0,0,,,,,,,,,2026-05-04,2026-05-04
"[04.03.26][ริว] ซึมเศร้า (สัมภาษณ์หมอ) (Trap)",120246310126250260,2026-05-04,not_delivering,ad,,,,,0,,0,0,,,,,,,,,2026-05-04,2026-05-04
"[10.03.26][ริว] ซึมเศร้า animation (Trap)",120245845885010260,2026-05-04,not_delivering,ad,,,,,0,,0,0,,,,,,,,,2026-05-04,2026-05-04
"[10.03.26][ริว] ซึมเศร้า animation (Trap)",120245729966710260,2026-05-04,not_delivering,ad,,,,,0,,0,0,,,,,,,,,2026-05-04,2026-05-04
"[23.03.26][ริว] ถ้าคืนนี้เป็นคืนสุดท้าย (AI) (Ghostly)",120246203732740260,2026-05-04,inactive,ad,,,,,0,,0,0,,,,,,,,,2026-05-04,2026-05-04
"[25.04.26][ริว] ทุกปัญหามีทางออกเสมอ AI (Witches)",120247724396650260,2026-05-04,not_delivering,ad,,,,,0,,0,0,,,,,,,,,2026-05-04,2026-05-04
"[25.03.26][ริว] จิตวิทยาของการสูญเสีย เขาบอกไว้ว่า (AI) (Witches)",120246834501030260,2026-05-04,inactive,ad,,,,,0,,0,0,,,,,,,,,2026-05-04,2026-05-04
"[04.03.26][ริว] ซึมเศร้า (สัมภาษณ์หมอ) (Trap) (Sale)",120246749109930260,2026-05-04,not_delivering,ad,การซื้อบนเว็บไซต์,,,,0,,0,0,,,,,,,,,2026-05-04,2026-05-04
"[10.03.26][ริว] ซึมเศร้า animation (Trap) (Shopify)",120245624802010260,2026-05-04,not_delivering,ad,,,,,0,,0,0,,,,,,,,,2026-05-04,2026-05-04
"[22.08.25][ริว] เสียดาย (Ghostly)",120243177965360260,2026-05-04,not_delivering,ad,,,,,0,,0,0,,,,,,,,,2026-05-04,2026-05-04
"[05.08.25][ริว] ประโยคในหนังสือเปลี่ยนชีวิต (Witches)",120234426178090260,2026-05-04,not_delivering,ad,,,,,0,,0,0,,,,,,,,,2026-05-04,2026-05-04
"[13.04.26][ริว] ทำเหมือนไม่เป็นไร ทั้งที่ข้างในไม่โอเค (BOXSET) AI (Tried)",120247075490800260,2026-05-04,not_delivering,ad,การสนทนาผ่านการส่งข้อความที่เริ่มขึ้น,,,,0,,0,0,,,,,,,,,2026-05-04,2026-05-04
"[29.04.26][ริว] 30 เล่มสุดท้าย (Ghostly)",120248075151350260,2026-05-04,not_delivering,ad,การสนทนาผ่านการส่งข้อความที่เริ่มขึ้น,,,,0,,0,0,,,,,,,,,2026-05-04,2026-05-04
"[05.04.26][ริว] แด่มนุษย์ที่โดดเดี่ยว AI (Ghostly)",120246835244860260,2026-05-04,inactive,ad,การสนทนาผ่านการส่งข้อความที่เริ่มขึ้น,,,,0,,0,0,,,,,,,,,2026-05-04,2026-05-04
"[28.06.25][ริว] ถ้าไม่อยากเป็นแบบนี้ อย่าอ่านเล่มนี้ (Ghostly)",120231820444460260,2026-05-04,inactive,ad,,,,,0,,0,0,,,,,,,,,2026-05-04,2026-05-04
"[28.05.25][ริว] หนังสือฮีลใจที่ไม่ได้พูดถึงเรื่องความตาย (Ghostly)",120229858779440260,2026-05-04,inactive,ad,,,,,0,,0,0,,,,,,,,,2026-05-04,2026-05-04
"[24.07.25][ริว] ไพ่สำรับนี้ดูดวงแม่น (Witches)",120234205705040260,2026-05-04,inactive,ad,,,,,0,,0,0,,,,,,,,,2026-05-04,2026-05-04
"[13.08.25][ริว] หนังสือที่ทำให้เห็นแก่ตัว (Kiwtum)",120234824362500260,2026-05-04,inactive,ad,,,,,0,,0,0,,,,,,,,,2026-05-04,2026-05-04
"[23.05.25][ริว] หนังสือการ์ตูนฮีลใจ (Ghostly)",120229263767050260,2026-05-04,inactive,ad,,,,,0,,0,0,,,,,,,,,2026-05-04,2026-05-04
"[22.08.25][ริว] เสียดาย (Ghostly)",120236544312290260,2026-05-04,inactive,ad,,,,,0,,0,0,,,,,,,,,2026-05-04,2026-05-04
"[06.08.25][ริว] มีชีวิตอยู่อย่างโดดเดี่ยว (ghostly)",120234943566440260,2026-05-04,archived,ad,,,,,0,,0,0,,,,,,,,,2026-05-04,2026-05-04
"[18.07.25][ริว] ประโยคจุกอก (Ghostly)",120234317978780260,2026-05-04,not_delivering,ad,,,,,0,,0,0,,,,,,,,,2026-05-04,2026-05-04
"[06.08.25][ริว] แค่ชื่อหน้าปกก็โดนปลอบ (Tried)",120234614620430260,2026-05-04,not_delivering,ad,,,,,0,,0,0,,,,,,,,,2026-05-04,2026-05-04
"[09.07.25][ริว] สวัสดียามดึก คุณดวงวิญญาณ (Ghostly)",120234918883540260,2026-05-04,not_delivering,ad,,,,,0,,0,0,,,,,,,,,2026-05-04,2026-05-04
"[23.06.25][ริว] ประโยคเดียวในหนังสือที่จะเปลี่ยนชีวิต (Witches)",120234205816420260,2026-05-04,inactive,ad,,,,,0,,0,0,,,,,,,,,2026-05-04,2026-05-04
"[23.05.25][ริว] ประโยคหนึ่งในหนังสือที่เหมือนมีน้องแมวเวทมนตร์มากระซิบ (Witches)",120229194724400260,2026-05-04,inactive,ad,,,,,0,,0,0,,,,,,,,,2026-05-04,2026-05-04
"[25.07.25][ริว] การที่เขาเงียบ (Ghostly)",120233557441750260,2026-05-04,inactive,ad,,,,,0,,0,0,,,,,,,,,2026-05-04,2026-05-04
"[03.09.25][ริว] สัญญาณที่ควรอ่าน (Demons)",120235859409980260,2026-05-04,not_delivering,ad,,,,,0,,0,0,,,,,,,,,2026-05-04,2026-05-04
"[19.10.25][ริว] 30 เล่มสุดท้าย (Demons)",120239836447480260,2026-05-04,not_delivering,ad,,,,,0,,0,0,,,,,,,,,2026-05-04,2026-05-04
"[09.07.25][ริว] หนังสือกระแสตอบรับดี (Ghostly)",120233369091650260,2026-05-04,inactive,ad,,,,,0,,0,0,,,,,,,,,2026-05-04,2026-05-04
"[01.04.26][ริว] เลิกควบคุมสิ่งที่ควมคุมไม่ได้ (AI) (Trap)",120247644055390260,2026-05-04,not_delivering,ad,การสนทนาผ่านการส่งข้อความที่เริ่มขึ้น,4,145.1475,968,580.59,1.6672695,6467,5407,2,4,145.1475,2,17,5.24199784,89.77733107,0.5,2026-05-04,2026-05-04
"[23.06.25][ริว] หนังสือที่เล่นกับใจคนอ่านมากที่สุด (Ghostly)",120231719502260260,2026-05-04,inactive,ad,,,,,0,,0,0,,,,,,,,,2026-05-04,2026-05-04
"[01.04.26][ริว] เลิกควบคุมสิ่งที่ควมคุมไม่ได้ (AI) (Trap)",120246702152430260,2026-05-04,archived,ad,,,,,0,,0,0,,,,,,,,,2026-05-04,2026-05-04
"[09.07.25][ริว] สวัสดียามดึก คุณดวงวิญญาณ (Ghostly)",120234552105100260,2026-05-04,not_delivering,ad,,,,,0,,0,0,,,,,,,,,2026-05-04,2026-05-04
"[10.03.26][ริว] ซึมเศร้า animation (Trap)",120246745789060260,2026-05-04,archived,ad,,,,,0,,0,0,,,,,,,,,2026-05-04,2026-05-04
"[24.07.25][ริว] หนังสือที่ควรอ่านสักครั้ง (Witches)",120234205607530260,2026-05-04,inactive,ad,,,,,0,,0,0,,,,,,,,,2026-05-04,2026-05-04
"[03.04.26][ริว] โรคซึมเศร้า AI (Trap)",120246659076020260,2026-05-04,not_delivering,ad,การสนทนาผ่านการส่งข้อความที่เริ่มขึ้น,,,,0,,0,0,,,,,,,,,2026-05-04,2026-05-04
"[23.06.25][ริว] ประโยคเดียวในหนังสือที่จะเปลี่ยนชีวิต (Witches)",120233229024590260,2026-05-04,not_delivering,ad,,,,,0,,0,0,,,,,,,,,2026-05-04,2026-05-04
"[06.08.25][ริว] หนังสือการ์ตูนที่อ่านแล้วรักตัวเองมากขึ้น (Ghostly)",120236739554620260,2026-05-04,archived,ad,,,,,0,,0,0,,,,,,,,,2026-05-04,2026-05-04
"[01.04.26][ริว] เลิกควบคุมสิ่งที่ควมคุมไม่ได้ (AI) (Trap)",120246702152330260,2026-05-04,archived,ad,,,,,0,,0,0,,,,,,,,,2026-05-04,2026-05-04
"[01.04.26][ริว] เลิกควบคุมสิ่งที่ควมคุมไม่ได้ (AI) (Trap)",120246782296050260,2026-05-04,not_delivering,ad,การสนทนาผ่านการส่งข้อความที่เริ่มขึ้น,,,,0,,0,0,,,,,,,,,2026-05-04,2026-05-04
"[12.08.25][ริว] แค่อ่านกลับจุกอกร้องไห้ (Witches)",120235860196990260,2026-05-04,not_delivering,ad,,,,,0,,0,0,,,,,,,,,2026-05-04,2026-05-04
"[04.03.26][ริว] ซึมเศร้า (สัมภาษณ์หมอ) (Trap)",120248305713880260,2026-05-04,active,ad,การสนทนาผ่านการส่งข้อความที่เริ่มขึ้น,7,87.5,818,612.5,1.3355102,11611,10605,2,7,87.5,3,28,2.06700543,52.75170097,0.28571429,2026-05-04,2026-05-04
"[21.05.25][ริว] สายมูห้ามพลาด (Witches)",120229038987270260,2026-05-04,inactive,ad,,,,,0,,0,0,,,,,,,,,2026-05-04,2026-05-04
"[18.10.25][ริว] อยู่คนเดียว (Ghostly)",120240331080210260,2026-05-04,inactive,ad,,,,,0,,0,0,,,,,,,,,2026-05-04,2026-05-04
"[20.11.25][ริว] มันจะดีแค่ไหน : Demons (E-Book)",120240851545690260,2026-05-04,inactive,ad,,,,,0,,0,0,,,,,,,,,2026-05-04,2026-05-04
"[10.03.26][ริว] ซึมเศร้า animation (Trap)",120245665674760260,2026-05-04,not_delivering,ad,,,,,0,,0,0,,,,,,,,,2026-05-04,2026-05-04
"[31.07.25][ริว] 30 เล่มสุดท้ายส่งจากคลัง (Ghostly)",120234052763870260,2026-05-04,not_delivering,ad,,,,,0,,0,0,,,,,,,,,2026-05-04,2026-05-04
"[04.09.25][ริว] คนที่รักตัวเอง (Capybara)",120236248930210260,2026-05-04,not_delivering,ad,,,,,0,,0,0,,,,,,,,,2026-05-04,2026-05-04
"[25.11.25][ริว] ซิ่ง Black Friday (Promotion)",120241092246690260,2026-05-04,not_delivering,ad,,,,,0,,0,0,,,,,,,,,2026-05-04,2026-05-04
"[22.08.25][ริว] เสียดาย (Ghostly)",120235753792970260,2026-05-04,not_delivering,ad,,,,,0,,0,0,,,,,,,,,2026-05-04,2026-05-04
"[30.08.25][ริว] แค่ประโยคเดียว (Witches)",120236626088900260,2026-05-04,not_delivering,ad,,,,,0,,0,0,,,,,,,,,2026-05-04,2026-05-04
"[18.09.25][ริว] แนะนำหนังสือ (Tried)",120237047559580260,2026-05-04,inactive,ad,,,,,0,,0,0,,,,,,,,,2026-05-04,2026-05-04
"[08.07.25][ริว] หนังสือฮีลใจยอดขายอันดับ1 (Ghostly)",120235301749660260,2026-05-04,archived,ad,,,,,0,,0,0,,,,,,,,,2026-05-04,2026-05-04
"[09.07.25][ริว] สวัสดียามดึก คุณดวงวิญญาณ (Ghostly)",120233368964030260,2026-05-04,inactive,ad,,,,,0,,0,0,,,,,,,,,2026-05-04,2026-05-04
"[22.08.25][ริว] เสียดาย (Ghostly)",120236027616680260,2026-05-04,active,ad,การสนทนาผ่านการส่งข้อความที่เริ่มขึ้น,,,339,175.16,1.93537337,1692,1330,1,,,1,5,8.09692671,103.52245863,,2026-05-04,2026-05-04
"[03.09.25][ริว] เปิดตัวปีศาจ 2 (Demons)",120235860260870260,2026-05-04,inactive,ad,,,,,0,,0,0,,,,,,,,,2026-05-04,2026-05-04
"[06.08.25][ริว] แค่ชื่อหน้าปกก็โดนปลอบ (Tried)",120234466749080260,2026-05-04,not_delivering,ad,,,,,0,,0,0,,,,,,,,,2026-05-04,2026-05-04
"[11.08.25][ริว] หยุดคิดและทบทวนชีวิต (Ghostly)",120234817271120260,2026-05-04,not_delivering,ad,,,,,0,,0,0,,,,,,,,,2026-05-04,2026-05-04
"[23.09.25][ริว] PayDay : Boxset+Book 799.- (Promotion)",120237420818950260,2026-05-04,not_delivering,ad,,,,,0,,0,0,,,,,,,,,2026-05-04,2026-05-04
"[06.08.25][ริว] ประโยคหนึ่งในหนังสือ (Tried)",120234429477970260,2026-05-04,not_delivering,ad,,,,,0,,0,0,,,,,,,,,2026-05-04,2026-05-04
"[22.07.25][ริว] ทุกคนเราได้หนังสือมาใหม่ (Tried)",120233221561740260,2026-05-04,not_delivering,ad,,,,,0,,0,0,,,,,,,,,2026-05-04,2026-05-04
"[12.08.25][ริว] หนังสือ Ghostly Brews มี E-Book แล้ว (Ghostly)",120234776893380260,2026-05-04,inactive,ad,,,,,0,,0,0,,,,,,,,,2026-05-04,2026-05-04
"[23.07.25][ริว] PAYDAY SALE JULY (Promotion_Payday) - Meme",120233338606240260,2026-05-04,not_delivering,ad,,,,,0,,0,0,,,,,,,,,2026-05-04,2026-05-04
"[14.07.25][ริว] รักตัวเอง ไม่ใช่คนเห็นแก่ตัว (Kiwtum)",120232767631840260,2026-05-04,not_delivering,ad,,,,,0,,0,0,,,,,,,,,2026-05-04,2026-05-04
"[08.07.25][ริว] หนังสือฮีลใจยอดขายอันดับ1 (Ghostly)",120234067971530260,2026-05-04,inactive,ad,,,,,0,,0,0,,,,,,,,,2026-05-04,2026-05-04
"[22.07.25][ริว] วันนี้เธอเหนื่อยไหม (Tried)",120233024858580260,2026-05-04,inactive,ad,,,,,0,,0,0,,,,,,,,,2026-05-04,2026-05-04
"[12.08.25][ริว] แค่อ่านกลับจุกอกร้องไห้ (Witches)",120235360438570260,2026-05-04,not_delivering,ad,,,,,0,,0,0,,,,,,,,,2026-05-04,2026-05-04
"[16.09.25][ริว] ไม่มีความเศร้าไหน เทียบเท่าการสูญเสียครอบครัว (Demons)",120236913612550260,2026-05-04,not_delivering,ad,,,,,0,,0,0,,,,,,,,,2026-05-04,2026-05-04
"[23.06.25][ริว] หนังสือที่เล่นกับใจคนอ่านมากที่สุด (Ghostly)",120231719385650260,2026-05-04,inactive,ad,,,,,0,,0,0,,,,,,,,,2026-05-04,2026-05-04
"[05.06.25][ริว] ไม่ได้ตั้งใจจะปล่อยให้มันสาย (Ghostly)",120230972308280260,2026-05-04,not_delivering,ad,,,,,0,,0,0,,,,,,,,,2026-05-04,2026-05-04
"[03.09.25][ริว] จุกอกกับปีศาจ2 (Demons)",120235859410020260,2026-05-04,not_delivering,ad,,,,,0,,0,0,,,,,,,,,2026-05-04,2026-05-04
"[25.07.25][ริว] รักษาตัวเองให้ดี (Ghostly)",120234066163400260,2026-05-04,not_delivering,ad,,,,,0,,0,0,,,,,,,,,2026-05-04,2026-05-04
"[01.04.26][ริว] เลิกควบคุมสิ่งที่ควมคุมไม่ได้ (AI) (Trap)",120246745738370260,2026-05-04,archived,ad,,,,,0,,0,0,,,,,,,,,2026-05-04,2026-05-04
"[29.03.26][ริว] วิธีรับมือโรคแพนิค (AI) (Trap)",120246702152320260,2026-05-04,archived,ad,,,,,0,,0,0,,,,,,,,,2026-05-04,2026-05-04
"[04.03.26][ริว] ซึมเศร้า (สัมภาษณ์หมอ) (Trap)",120246075776130260,2026-05-04,not_delivering,ad,การสนทนาผ่านการส่งข้อความที่เริ่มขึ้น,,,,0,,0,0,,,,,,,,,2026-05-04,2026-05-04
"[12.02.26][ริว] รักคนอื่น (สัมภาษณ์หมอ) (Trap)",120244267998800260,2026-05-04,not_delivering,ad,,,,,0,,0,0,,,,,,,,,2026-05-04,2026-05-04
"[18.10.25][ริว] อยู่คนเดียว (Ghostly)",120238865635850260,2026-05-04,not_delivering,ad,,,,,0,,0,0,,,,,,,,,2026-05-04,2026-05-04
"[11.02.26][ริว] ภาคต่อ 359.- ส่งฟรี (Remains)",120244223829720260,2026-05-04,not_delivering,ad,,,,,0,,0,0,,,,,,,,,2026-05-04,2026-05-04
"[27.08.25][ริว] ถูกเอาเปรียบ (Ghostly)",120236003389050260,2026-05-04,not_delivering,ad,,,,,0,,0,0,,,,,,,,,2026-05-04,2026-05-04
"[09.09.25][ริว] สบายวันไหน (ปีศาจตัวนั้น)",120236571985100260,2026-05-04,not_delivering,ad,,,,,0,,0,0,,,,,,,,,2026-05-04,2026-05-04
"[24.12.25][ริว] ป้ายยาผลงานภาคต่อ (Remains)",120242559577150260,2026-05-04,not_delivering,ad,,,,,0,,0,0,,,,,,,,,2026-05-04,2026-05-04
"[01.04.26][ริว] เลิกควบคุมสิ่งที่ควมคุมไม่ได้ (AI) (Trap)",120246565414900260,2026-05-04,archived,ad,,,,,0,,0,0,,,,,,,,,2026-05-04,2026-05-04
"[13.10.25][ริว] เล่มลายเซ็น (Remains)",120238558463850260,2026-05-04,inactive,ad,,,,,0,,0,0,,,,,,,,,2026-05-04,2026-05-04
"[03.04.26][ริว] โรคซึมเศร้า AI (Trap)",120247606082070260,2026-05-04,not_delivering,ad,การสนทนาผ่านการส่งข้อความที่เริ่มขึ้น,,,,0,,0,0,,,,,,,,,2026-05-04,2026-05-04
"[29.03.26][ริว] วิธีรับมือโรคแพนิค (AI) (Trap) - สำเนา",120246783812570260,2026-05-04,not_delivering,ad,,,,,0,,0,0,,,,,,,,,2026-05-04,2026-05-04
"[03.09.25][ริว] เปิดตัวปีศาจ 2 (Demons)",120235860412200260,2026-05-04,not_delivering,ad,,,,,0,,0,0,,,,,,,,,2026-05-04,2026-05-04
"[27.08.25][ริว] ถูกเอาเปรียบ (Ghostly)",120235757151830260,2026-05-04,inactive,ad,,,,,0,,0,0,,,,,,,,,2026-05-04,2026-05-04
"[06.08.25][ริว] รีวิวการ์ตูนฮีลใจแห่งปี (Ghostly)",120234486925540260,2026-05-04,not_delivering,ad,,,,,0,,0,0,,,,,,,,,2026-05-04,2026-05-04
"[22.09.25][ริว] แม่อยากให้ลูกมั่นคง (Remains)",120237919855990260,2026-05-04,inactive,ad,,,,,0,,0,0,,,,,,,,,2026-05-04,2026-05-04
"[22.08.25][ริว] แจกวอลเปเปอร์ (Ghostly)",120236544453990260,2026-05-04,not_delivering,ad,,,,,0,,0,0,,,,,,,,,2026-05-04,2026-05-04
"[06.08.25][ริว] มีชีวิตอยู่อย่างโดดเดี่ยว (ghostly)",120235360861690260,2026-05-04,not_delivering,ad,,,,,0,,0,0,,,,,,,,,2026-05-04,2026-05-04
"[05.09.25][ริว] รีวิวหนังสือ 5/5 (Witches)",120236326570830260,2026-05-04,inactive,ad,,,,,0,,0,0,,,,,,,,,2026-05-04,2026-05-04
"[06.08.25][ริว] รีวิวการ์ตูนฮีลใจแห่งปี (Ghostly)",120235868374300260,2026-05-04,inactive,ad,,,,,0,,0,0,,,,,,,,,2026-05-04,2026-05-04
"[26.09.25][ริว] นี่ไม่ใช่แค่ไพ่ทำนายดวง (Witches)",120237503880520260,2026-05-04,not_delivering,ad,,,,,0,,0,0,,,,,,,,,2026-05-04,2026-05-04
"[11.09.25][ริว] หรือเขาคงต้องการ (Ghostly)",120236681550660260,2026-05-04,not_delivering,ad,,,,,0,,0,0,,,,,,,,,2026-05-04,2026-05-04
"[12.09.25][ริว] กลัวการเป็นผู้ใหญ่ (ปีศาจตัวนั้น)",120236738023990260,2026-05-04,not_delivering,ad,,,,,0,,0,0,,,,,,,,,2026-05-04,2026-05-04
"[03.10.25][ริว] จะเป็นยังไง (Remains)",120237994488450260,2026-05-04,not_delivering,ad,,,,,0,,0,0,,,,,,,,,2026-05-04,2026-05-04
"[24.07.25][ริว] หนังสือที่ควรอ่านสักครั้ง (Witches)",120233478965660260,2026-05-04,inactive,ad,,,,,0,,0,0,,,,,,,,,2026-05-04,2026-05-04
"[06.10.25][ริว] คะแนน 1000/100 (Remains)",120237931678210260,2026-05-04,inactive,ad,,,,,0,,0,0,,,,,,,,,2026-05-04,2026-05-04
"[20.04.26][ริว] 5 ข้อคิดปลดล็อก “ความรู้สึกผิด” ที่คุณแบกไว้ (Trap)",120247428235990260,2026-05-04,not_delivering,ad,,,,,0,,0,0,,,,,,,,,2026-05-04,2026-05-04
"[09.09.25][ริว] โตขึ้น พ่อแม่แก่ตัวลง (Demons)",120236555952530260,2026-05-04,not_delivering,ad,,,,,0,,0,0,,,,,,,,,2026-05-04,2026-05-04
"[22.08.25][ริว] แจกวอลเปเปอร์ (Ghostly)",120235575226320260,2026-05-04,inactive,ad,,,,,0,,0,0,,,,,,,,,2026-05-04,2026-05-04
"[22.08.25][ริว] แจกวอลเปเปอร์ (Ghostly)",120235449479580260,2026-05-04,inactive,ad,,,,,0,,0,0,,,,,,,,,2026-05-04,2026-05-04
"[08.08.25][ริว] จุกอกอยู่อย่าง (ปีศาจตัวนั้น)",120234604049250260,2026-05-04,inactive,ad,,,,,0,,0,0,,,,,,,,,2026-05-04,2026-05-04
"[10.03.26][ริว] ซึมเศร้า animation (Trap)",120245729927130260,2026-05-04,not_delivering,ad,,,,,0,,0,0,,,,,,,,,2026-05-04,2026-05-04
"[27.08.25][ริว] ถูกเอาเปรียบ (Ghostly)",120235859860690260,2026-05-04,not_delivering,ad,,,,,0,,0,0,,,,,,,,,2026-05-04,2026-05-04
"[03.09.25][ริว] เปิดตัวปีศาจ 2 (ภาคเสียงและนางแบบมือโดยดาราสาวสองท่าน) (Demons)",120236620453210260,2026-05-04,not_delivering,ad,,,,,0,,0,0,,,,,,,,,2026-05-04,2026-05-04
"[04.03.26][ริว] ซึมเศร้า (สัมภาษณ์หมอ) (Trap)",120245622555000260,2026-05-04,not_delivering,ad,,,,,0,,0,0,,,,,,,,,2026-05-04,2026-05-04
"[04.03.26][ริว] ซึมเศร้า (สัมภาษณ์หมอ) (Trap)",120245502449640260,2026-05-04,not_delivering,ad,,,,,0,,0,0,,,,,,,,,2026-05-04,2026-05-04
"[29.09.25][ริว] การมีชีวิตอยู่อย่างโดดเดี่ยว (Ghostly)",120237713417140260,2026-05-04,inactive,ad,,,,,0,,0,0,,,,,,,,,2026-05-04,2026-05-04
"[05.09.25][ริว] ประโยคเตือนสติ (Witches)",120236680566800260,2026-05-04,not_delivering,ad,,,,,0,,0,0,,,,,,,,,2026-05-04,2026-05-04
"[27.11.25][ริว] ยอม (ปีศาจตัวนั้น)",120241143329950260,2026-05-04,inactive,ad,,,,,0,,0,0,,,,,,,,,2026-05-04,2026-05-04
"[18.02.26][ริว] สีหมอก (Ghostly)",120244476031100260,2026-05-04,not_delivering,ad,,,,,0,,0,0,,,,,,,,,2026-05-04,2026-05-04
"[11.09.25][ริว] ประโยคเดียวในหนังสือ (Witches)",120236735452700260,2026-05-04,not_delivering,ad,,,,,0,,0,0,,,,,,,,,2026-05-04,2026-05-04
"[31.10.25][ริว] อ่านแล้วหายเหนื่อย (Tried)",120240096664200260,2026-05-04,not_delivering,ad,,,,,0,,0,0,,,,,,,,,2026-05-04,2026-05-04
"[16.01.26][ริว] หนังสือที่ได้รับการเสนอชื่อเข้าชิงรางวัล (Ghostly) (Reels)",120243384825320260,2026-05-04,not_delivering,ad,,,,,0,,0,0,,,,,,,,,2026-05-04,2026-05-04
"[16.02.26][ริว] คนรักแอบคุยกับแฟนเก่า (Trap)",120244438024040260,2026-05-04,not_delivering,ad,,,,,0,,0,0,,,,,,,,,2026-05-04,2026-05-04
"[28.06.25][ริว] ไม่ว่าโลกจะใจร้ายกับคุณแค่ไหน (Kiwtum)",120231825241750260,2026-05-04,inactive,ad,,,,,0,,0,0,,,,,,,,,2026-05-04,2026-05-04
"[30.01.26][ริว] อ่านแล้วหายเหนื่อย (Tried)",120243742125400260,2026-05-04,inactive,ad,,,,,0,,0,0,,,,,,,,,2026-05-04,2026-05-04
"[22.08.25][ริว] เสียดาย (Ghostly)",120244220995770260,2026-05-04,not_delivering,ad,,,,,0,,0,0,,,,,,,,,2026-05-04,2026-05-04
"[13.06.25][ริว] ถ้าคืนนี้เป็นคืนสุดท้ายของชีวิต (Ghostly)",120230771158430260,2026-05-04,inactive,ad,,,,,0,,0,0,,,,,,,,,2026-05-04,2026-05-04
"[22.08.25][ริว] เสียดาย (Ghostly)",120243738789430260,2026-05-04,not_delivering,ad,,,,,0,,0,0,,,,,,,,,2026-05-04,2026-05-04
"[22.08.25][ริว] เสียดาย (Ghostly)",120242967825350260,2026-05-04,not_delivering,ad,,,,,0,,0,0,,,,,,,,,2026-05-04,2026-05-04
"[23.01.26][ริว] เครียดก็เปิดไพ่ (Witches)",120244055318190260,2026-05-04,not_delivering,ad,,,,,0,,0,0,,,,,,,,,2026-05-04,2026-05-04
"[27.11.25][ริว] ความสัมพันธ์ไม่ชัดเจน (ปีศาจตัวนั้น) - Copy",120241143389010260,2026-05-04,not_delivering,ad,,,,,0,,0,0,,,,,,,,,2026-05-04,2026-05-04
"[21.05.25][ริว] บอกต่อหนังสือที่เหมือนมีเเพื่อนสนิทคอยให้คำแนะนำอยู่ข้าง ๆ (Witches)",120229053893410260,2026-05-04,inactive,ad,,,,,0,,0,0,,,,,,,,,2026-05-04,2026-05-04
"[11.06.25][ริว] หนังสือฮีลใจแห่งปี (Ghostly)",120230940620380260,2026-05-04,not_delivering,ad,,,,,0,,0,0,,,,,,,,,2026-05-04,2026-05-04
"[03.11.25][ริว] แค่ประโยคเดียว (Witches)",120239869120120260,2026-05-04,inactive,ad,,,,,0,,0,0,,,,,,,,,2026-05-04,2026-05-04
"[06.08.25][ริว] หนังสือ Mindset ดีขึ้น (Tried)",120234614620390260,2026-05-04,not_delivering,ad,,,,,0,,0,0,,,,,,,,,2026-05-04,2026-05-04
"[09.09.25][ริว] โตขึ้น พ่อแม่แก่ตัวลง (Demons)",120240179503810260,2026-05-04,not_delivering,ad,,,,,0,,0,0,,,,,,,,,2026-05-04,2026-05-04
"[30.10.25][ริว] การอยู่คนเดียว (Ghostly)",120239977789770260,2026-05-04,not_delivering,ad,,,,,0,,0,0,,,,,,,,,2026-05-04,2026-05-04
"[06.11.25][ริว] กลับมาอีกครั้ง (Remains)",120240115682440260,2026-05-04,inactive,ad,,,,,0,,0,0,,,,,,,,,2026-05-04,2026-05-04
"[21.08.25][ริว] อะไรแอบมองเราอยู่น้า (Witches)",120235303029210260,2026-05-04,not_delivering,ad,,,,,0,,0,0,,,,,,,,,2026-05-04,2026-05-04
"[13.11.25][ริว] 30 Boxset สุดท้าย (Witches)",120240390435200260,2026-05-04,not_delivering,ad,,,,,0,,0,0,,,,,,,,,2026-05-04,2026-05-04
"[12.02.26][ริว] คนดีมักรู้สึกผิด (Trap)",120244521466290260,2026-05-04,not_delivering,ad,,,,,0,,0,0,,,,,,,,,2026-05-04,2026-05-04
"[13.11.25][ริว] 30 Boxset สุดท้าย (Witches)",120240663908830260,2026-05-04,not_delivering,ad,,,,,0,,0,0,,,,,,,,,2026-05-04,2026-05-04
"[23.01.26][ริว] ป้ายยา (Remains)",120243521395700260,2026-05-04,inactive,ad,,,,,0,,0,0,,,,,,,,,2026-05-04,2026-05-04
"[18.10.25][ริว] อยู่คนเดียว (Ghostly)",120239658177530260,2026-05-04,not_delivering,ad,,,,,0,,0,0,,,,,,,,,2026-05-04,2026-05-04
"[31.10.25][ริว] 30 เล่มสุดท้าย (Remains)",120240861468550260,2026-05-04,not_delivering,ad,,,,,0,,0,0,,,,,,,,,2026-05-04,2026-05-04
"[29.09.25][ริว] E-Book (Ghostly)",120241048603370260,2026-05-04,inactive,ad,,,,,0,,0,0,,,,,,,,,2026-05-04,2026-05-04
"[04.06.25][ริว] หนังสือปีศาจตัวนั้นคือฉันเอง ไม่ใช่คู่มือแก้ชีวิต (ปีศาจตัวนั้น)",120229984997150260,2026-05-04,not_delivering,ad,,,,,0,,0,0,,,,,,,,,2026-05-04,2026-05-04
"[06.08.25][ริว] คะแนน 10/10 (Tried)",120234441801750260,2026-05-04,not_delivering,ad,,,,,0,,0,0,,,,,,,,,2026-05-04,2026-05-04
"[08.07.25][ริว] หนังสือฮีลใจยอดขายอันดับ1 (Ghostly)",120233368841990260,2026-05-04,inactive,ad,,,,,0,,0,0,,,,,,,,,2026-05-04,2026-05-04
"[27.08.25][ริว] ถูกเอาเปรียบ (Ghostly)",120235864199440260,2026-05-04,not_delivering,ad,,,,,0,,0,0,,,,,,,,,2026-05-04,2026-05-04
"[10.04.26][ริว] เสียดายคนตายไม่ได้อ่านเล่มนี้ (Ghostly)",120246840895570260,2026-05-04,inactive,ad,,,,,0,,0,0,,,,,,,,,2026-05-04,2026-05-04
"[04.03.26][ริว] ซึมเศร้า (สัมภาษณ์หมอ) (Trap)",120246513116060260,2026-05-04,not_delivering,ad,การสนทนาผ่านการส่งข้อความที่เริ่มขึ้น,,,,0,,0,0,,,,,,,,,2026-05-04,2026-05-04
"[05.06.25][ริว] ไม่ได้ตั้งใจจะปล่อยให้มันสาย (Ghostly)",120230047455890260,2026-05-04,inactive,ad,,,,,0,,0,0,,,,,,,,,2026-05-04,2026-05-04
"[22.07.25][ริว] วันนี้เธอเหนื่อยไหม (Tried)",120233024903580260,2026-05-04,not_delivering,ad,,,,,0,,0,0,,,,,,,,,2026-05-04,2026-05-04
"[04.03.26][ริว] ซึมเศร้า (สัมภาษณ์หมอ) (Trap)",120245371507350260,2026-05-04,inactive,ad,,,,,0,,0,0,,,,,,,,,2026-05-04,2026-05-04
"[01.08.25][ริว] ประโยคเดียวในหนังสือ (Witches)",120234208497840260,2026-05-04,inactive,ad,,,,,0,,0,0,,,,,,,,,2026-05-04,2026-05-04
"[03.07.25][ริว] ข้อความถึงคนไกลบ้าน (Home)",120234399526610260,2026-05-04,not_delivering,ad,,,,,0,,0,0,,,,,,,,,2026-05-04,2026-05-04
"[03.04.26][ริว] โรคซึมเศร้า AI (Trap)",120247605984870260,2026-05-04,active,ad,การสนทนาผ่านการส่งข้อความที่เริ่มขึ้น,7,89.97,1636,629.79,2.59769129,10614,10054,4,7,89.97,6,34,3.97588091,59.33578293,0.57142857,2026-05-04,2026-05-04
"[06.08.25][ริว] มีชีวิตอยู่อย่างโดดเดี่ยว (ghostly)",120234741451460260,2026-05-04,not_delivering,ad,,,,,0,,0,0,,,,,,,,,2026-05-04,2026-05-04
"[04.03.26][ริว] ซึมเศร้า (สัมภาษณ์หมอ) (Trap)",120245607134830260,2026-05-04,not_delivering,ad,,,,,0,,0,0,,,,,,,,,2026-05-04,2026-05-04
"[14.03.26][ริว] อ่านแล้วโคตรจริง (Witches)",120245719730320260,2026-05-04,not_delivering,ad,,,,,0,,0,0,,,,,,,,,2026-05-04,2026-05-04
"[09.04.26][ริว] perfectionism ความสมบูรณ์แบบที่ทำร้ายเรา AI (Trap)",120246881486780260,2026-05-04,not_delivering,ad,การสนทนาผ่านการส่งข้อความที่เริ่มขึ้น,,,,0,,0,0,,,,,,,,,2026-05-04,2026-05-04
"[07.03.26][ริว] เรียนรู้ (Remains)",120245259274410260,2026-05-04,not_delivering,ad,,,,,0,,0,0,,,,,,,,,2026-05-04,2026-05-04
"[06.08.25][ริว] หนังสือการ์ตูนที่อ่านแล้วรักตัวเองมากขึ้น (Ghostly)",120234485856010260,2026-05-04,inactive,ad,,,,,0,,0,0,,,,,,,,,2026-05-04,2026-05-04
"[29.03.26][ริว] วิธีรับมือโรคแพนิค (AI) (Trap)",120246609046310260,2026-05-04,archived,ad,,,,,0,,0,0,,,,,,,,,2026-05-04,2026-05-04
"[04.03.26][ริว] ซึมเศร้า (สัมภาษณ์หมอ) (Trap)",120245622526920260,2026-05-04,not_delivering,ad,,,,,0,,0,0,,,,,,,,,2026-05-04,2026-05-04
"[20.04.26][ริว] Butterfly Hug ไม่มีใครกอด ก็ปลอบใจตัวเองได้ AI (Trap)",120247428263180260,2026-05-04,not_delivering,ad,,,,,0,,0,0,,,,,,,,,2026-05-04,2026-05-04
"[01.04.26][ริว] เลิกควบคุมสิ่งที่ควมคุมไม่ได้ (AI) (Trap) - สำเนา",120246783796850260,2026-05-04,not_delivering,ad,การสนทนาผ่านการส่งข้อความที่เริ่มขึ้น,,,,0,,0,0,,,,,,,,,2026-05-04,2026-05-04
"[23.01.26][ริว] เครียดก็เปิดไพ่ (Witches)",120243522186710260,2026-05-04,inactive,ad,,,,,0,,0,0,,,,,,,,,2026-05-04,2026-05-04
"[23.04.26][ริว] Smiling depression ภาวะซึมเศร้าที่ซ่อนอยู่ใต้รอยยิ้ม AI (Trap)",120248306308010260,2026-05-04,not_delivering,ad,การสนทนาผ่านการส่งข้อความที่เริ่มขึ้น,5,59.19,409,295.95,1.3819902,3478,3222,1,5,59.19,2,16,3.39275446,85.0920069,0.2,2026-05-04,2026-05-04
"[24.02.26][ริว] ป้ายยา (Witches)",120244811998560260,2026-05-04,not_delivering,ad,,,,,0,,0,0,,,,,,,,,2026-05-04,2026-05-04
"[24.10.25][ริว] PAYDAY OPD E-Book 1 แถม 1 (Promotion)",120240278884880260,2026-05-04,archived,ad,,,,,0,,0,0,,,,,,,,,2026-05-04,2026-05-04
"[12.02.26][ริว] รางวัล (Ghostly)",120244263061370260,2026-05-04,archived,ad,,,,,0,,0,0,,,,,,,,,2026-05-04,2026-05-04
"[24.07.25][ริว] หนังสือที่ควรอ่านสักครั้ง (Witches)",120233469566090260,2026-05-04,inactive,ad,,,,,0,,0,0,,,,,,,,,2026-05-04,2026-05-04
"[25.11.25][ริว] ซิ่ง Black Friday (Promotion)",120241091762870260,2026-05-04,not_delivering,ad,,,,,0,,0,0,,,,,,,,,2026-05-04,2026-05-04
"[19.08.25][ริว] ความสูญเสียทำให้เจ็บปวด (Witches)",120236548932920260,2026-05-04,not_delivering,ad,,,,,0,,0,0,,,,,,,,,2026-05-04,2026-05-04
"[31.07.25][ริว] 30 เล่มสุดท้ายส่งจากคลัง (Ghostly)",120234490260470260,2026-05-04,inactive,ad,,,,,0,,0,0,,,,,,,,,2026-05-04,2026-05-04
"[22.08.25][ริว] เสียดาย (Ghostly)",120244055765490260,2026-05-04,not_delivering,ad,,,,,0,,0,0,,,,,,,,,2026-05-04,2026-05-04
"[04.03.26][ริว] ซึมเศร้า (สัมภาษณ์หมอ) (Trap)",120246076097230260,2026-05-04,not_delivering,ad,,,,,0,,0,0,,,,,,,,,2026-05-04,2026-05-04
"[05.06.25][ริว] ไม่ได้ตั้งใจจะปล่อยให้มันสาย (Ghostly)",120236605127690260,2026-05-04,inactive,ad,,,,,0,,0,0,,,,,,,,,2026-05-04,2026-05-04
"[06.08.25][ริว] คะแนน 10/10 (Tried)",120234615013180260,2026-05-04,not_delivering,ad,,,,,0,,0,0,,,,,,,,,2026-05-04,2026-05-04
"[22.07.25][ริว] วันนี้เธอเหนื่อยไหม (Tried)",120234551110590260,2026-05-04,archived,ad,,,,,0,,0,0,,,,,,,,,2026-05-04,2026-05-04
"[06.08.25][ริว] 7 สัญญาณที่ควรอ่าน (Tried)",120234440757530260,2026-05-04,inactive,ad,,,,,0,,0,0,,,,,,,,,2026-05-04,2026-05-04
"[22.07.25][ริว] วันนี้เธอเหนื่อยไหม (Tried)",120233024757480260,2026-05-04,inactive,ad,,,,,0,,0,0,,,,,,,,,2026-05-04,2026-05-04
"[03.09.25][ริว] เปิดตัวปีศาจ 2 (Demons)",120236324479730260,2026-05-04,not_delivering,ad,,,,,0,,0,0,,,,,,,,,2026-05-04,2026-05-04
"[26.09.25][ริว] นี่ไม่ใช่แค่ไพ่ทำนายดวง (Witches)",120237844771050260,2026-05-04,not_delivering,ad,,,,,0,,0,0,,,,,,,,,2026-05-04,2026-05-04
"[13.10.25][ริว] เล่มลายเซ็น (Remains)",120238558137770260,2026-05-04,not_delivering,ad,,,,,0,,0,0,,,,,,,,,2026-05-04,2026-05-04
"[25.07.25][ริว] แค่อ่านชื่อหน้าปก (Tried)",120233565409420260,2026-05-04,not_delivering,ad,,,,,0,,0,0,,,,,,,,,2026-05-04,2026-05-04
"[25.07.25][ริว] อ่านเล่มนี้จึงรู้ว่า (Tried)",120233565208240260,2026-05-04,inactive,ad,,,,,0,,0,0,,,,,,,,,2026-05-04,2026-05-04
"[02.06.25][ริว] 5 เหตุผลที่ต้องอ่าน (Ghostly)",120229860010370260,2026-05-04,inactive,ad,,,,,0,,0,0,,,,,,,,,2026-05-04,2026-05-04
"[25.07.25][ริว] คะแนน 9.9/10 (Ghostly)",120233558047490260,2026-05-04,inactive,ad,,,,,0,,0,0,,,,,,,,,2026-05-04,2026-05-04
"[22.07.25][ริว] ทุกคนเราได้หนังสือมาใหม่ (Tried)",120233223021610260,2026-05-04,inactive,ad,,,,,0,,0,0,,,,,,,,,2026-05-04,2026-05-04
"[06.08.25][ริว] มีชีวิตอยู่อย่างโดดเดี่ยว (ghostly)",120234669538140260,2026-05-04,inactive,ad,,,,,0,,0,0,,,,,,,,,2026-05-04,2026-05-04
"[25.07.25][ริว] แค่หนังสือร้องไห้ทำไม (Tried)",120234056003740260,2026-05-04,inactive,ad,,,,,0,,0,0,,,,,,,,,2026-05-04,2026-05-04
"[11.08.25][ริว] รีวิวไพ่ทำนายดวง (Witches)",120234869630590260,2026-05-04,inactive,ad,,,,,0,,0,0,,,,,,,,,2026-05-04,2026-05-04
"[23.05.25][ริว] หนังสือการ์ตูนฮีลใจ (Ghostly)",120229263892090260,2026-05-04,inactive,ad,,,,,0,,0,0,,,,,,,,,2026-05-04,2026-05-04
"[18.12.25][ริว] หนังสือการ์ตูนฮีลใจ (Ghostly)",120242333918340260,2026-05-04,not_delivering,ad,,,,,0,,0,0,,,,,,,,,2026-05-04,2026-05-04
"[24.07.25][ริว] ไพ่สำรับนี้ดูดวงแม่น (Witches)",120233372543820260,2026-05-04,not_delivering,ad,,,,,0,,0,0,,,,,,,,,2026-05-04,2026-05-04
"[22.07.25][ริว] วันนี้เธอเหนื่อยไหม (Tried)",120233024612610260,2026-05-04,inactive,ad,,,,,0,,0,0,,,,,,,,,2026-05-04,2026-05-04
"[03.10.25][ริว] จะเป็นยังไง (Remains)",120237920751990260,2026-05-04,inactive,ad,,,,,0,,0,0,,,,,,,,,2026-05-04,2026-05-04
"[21.05.25][ริว] สายมูห้ามพลาด (Witches)",120229053893420260,2026-05-04,inactive,ad,,,,,0,,0,0,,,,,,,,,2026-05-04,2026-05-04
"[06.08.25][ริว] มีชีวิตอยู่อย่างโดดเดี่ยว (ghostly)",120236676218490260,2026-05-04,not_delivering,ad,,,,,0,,0,0,,,,,,,,,2026-05-04,2026-05-04
"[04.10.25][ริว] เสาหลักของบ้าน (Tried)",120239442615700260,2026-05-04,not_delivering,ad,,,,,0,,0,0,,,,,,,,,2026-05-04,2026-05-04
"[03.09.25][ริว] เปิดตัวปีศาจ 2 (Demons)",120236358963790260,2026-05-04,not_delivering,ad,,,,,0,,0,0,,,,,,,,,2026-05-04,2026-05-04
"[09.10.25][ริว] นี่คือไพ่ทำนายดวง (Witches)",120238631721960260,2026-05-04,not_delivering,ad,,,,,0,,0,0,,,,,,,,,2026-05-04,2026-05-04
"[04.09.25][ริว] 9.9 : 3 เล่ม ราคา 999.- (Promotion)",120236189885290260,2026-05-04,not_delivering,ad,,,,,0,,0,0,,,,,,,,,2026-05-04,2026-05-04
"[03.07.25][ริว] ข้อความถึงคนไกลบ้าน (Home)",120232138390930260,2026-05-04,inactive,ad,,,,,0,,0,0,,,,,,,,,2026-05-04,2026-05-04
"[16.10.25][ริว] คะแนน 9.9/10 (Remains)",120239183198800260,2026-05-04,not_delivering,ad,,,,,0,,0,0,,,,,,,,,2026-05-04,2026-05-04
"[23.05.25][ริว] หนังสือการ์ตูนฮีลใจ (Ghostly)",120229263873510260,2026-05-04,inactive,ad,,,,,0,,0,0,,,,,,,,,2026-05-04,2026-05-04
"[11.09.25][ริว] ระลึกถึงคนที่จากไป (Witches)",120236885051950260,2026-05-04,not_delivering,ad,,,,,0,,0,0,,,,,,,,,2026-05-04,2026-05-04
"[02.06.25][ริว] หนังสือพลิกชีวิต (Witches)",120229859719460260,2026-05-04,inactive,ad,,,,,0,,0,0,,,,,,,,,2026-05-04,2026-05-04
"[22.08.25][ริว] Payday August 2 Box 999 (Promotion_Payday)",120235247853340260,2026-05-04,not_delivering,ad,,,,,0,,0,0,,,,,,,,,2026-05-04,2026-05-04
"[23.06.25][ริว] ประโยคเดียวในหนังสือที่จะเปลี่ยนชีวิต (Witches)",120241035509320260,2026-05-04,inactive,ad,,,,,0,,0,0,,,,,,,,,2026-05-04,2026-05-04
"[11.08.25][ริว] อ่านการ์ตูนแล้วร้องไห้ (Ghostly)",120234714869870260,2026-05-04,not_delivering,ad,,,,,0,,0,0,,,,,,,,,2026-05-04,2026-05-04
"[06.10.25][ริว] แม่ที่รักลูก (Remains)",120237931165500260,2026-05-04,inactive,ad,,,,,0,,0,0,,,,,,,,,2026-05-04,2026-05-04
"[05.08.25][ริว] หนังสือที่อ่านแล้ว ’เหมือนได้กลับบ้าน’ (Home)",120234399289980260,2026-05-04,inactive,ad,,,,,0,,0,0,,,,,,,,,2026-05-04,2026-05-04
"[03.09.25][ริว] สัญญาณที่ควรอ่าน (Demons)",120235947738780260,2026-05-04,inactive,ad,,,,,0,,0,0,,,,,,,,,2026-05-04,2026-05-04
"[20.10.25][ริว] ความผิดพลาด (Witches)",120238988767040260,2026-05-04,not_delivering,ad,,,,,0,,0,0,,,,,,,,,2026-05-04,2026-05-04
"[06.08.25][ริว] แค่หนังสือการ์ตูน ทำไมถึงร้องไห้ (Ghostly)",120234487375450260,2026-05-04,inactive,ad,,,,,0,,0,0,,,,,,,,,2026-05-04,2026-05-04
"[23.01.26][ริว] เครียดก็เปิดไพ่ (Witches)",120244294262140260,2026-05-04,not_delivering,ad,,,,,0,,0,0,,,,,,,,,2026-05-04,2026-05-04
"[23.06.25][ริว] ประโยคเดียวในหนังสือที่จะเปลี่ยนชีวิต (Witches)",120235302624600260,2026-05-04,not_delivering,ad,,,,,0,,0,0,,,,,,,,,2026-05-04,2026-05-04
"[25.07.25][ริว] ประโยคที่อ่านแล้วจุกอกในใจ (Tried)",120233569762500260,2026-05-04,inactive,ad,,,,,0,,0,0,,,,,,,,,2026-05-04,2026-05-04
"[06.08.25][ริว] 7 สัญญาณที่ควรอ่าน (Tried)",120234614620450260,2026-05-04,not_delivering,ad,,,,,0,,0,0,,,,,,,,,2026-05-04,2026-05-04
"[03.09.25][ริว] เปิดตัวปีศาจ 2 (ภาคเสียงและนางแบบมือโดยดาราสาวสองท่าน) (Demons)",120236030953930260,2026-05-04,not_delivering,ad,,,,,0,,0,0,,,,,,,,,2026-05-04,2026-05-04
"[05.09.25][ริว] 7 สัญญาณที่บอกว่าคุณควรอ่าน (Witches)",120236549862800260,2026-05-04,not_delivering,ad,,,,,0,,0,0,,,,,,,,,2026-05-04,2026-05-04
"[24.07.25][ริว] หนังสือใหม่ล่าสุด (Ghostly)",120233474970590260,2026-05-04,archived,ad,,,,,0,,0,0,,,,,,,,,2026-05-04,2026-05-04
"[09.10.25][ริว] นี่คือไพ่ทำนายดวง (Witches)",120238504497720260,2026-05-04,not_delivering,ad,,,,,0,,0,0,,,,,,,,,2026-05-04,2026-05-04
"[23.06.25][ริว] ประโยคเดียวในหนังสือที่จะเปลี่ยนชีวิต (Witches)",120234924774130260,2026-05-04,not_delivering,ad,,,,,0,,0,0,,,,,,,,,2026-05-04,2026-05-04
"[11.08.25][ริว] รีวิวไพ่ทำนายดวง (Witches)",120234722754180260,2026-05-04,inactive,ad,,,,,0,,0,0,,,,,,,,,2026-05-04,2026-05-04
"[22.09.25][ริว] แม่อยากให้ลูกมั่นคง (Remains)",120237332322590260,2026-05-04,inactive,ad,,,,,0,,0,0,,,,,,,,,2026-05-04,2026-05-04
"[25.07.25][ริว] คะแนน9.9/10 (Tried)",120234921224770260,2026-05-04,not_delivering,ad,,,,,0,,0,0,,,,,,,,,2026-05-04,2026-05-04
"[08.07.25][ริว] ย่านเมืองเก่ามีร้านคาเฟ่ร้านนึงเปิดหลังเที่ยงคืน (Ghostly)",120234669379460260,2026-05-04,inactive,ad,,,,,0,,0,0,,,,,,,,,2026-05-04,2026-05-04
"[03.09.25][ริว] สัญญาณที่ควรอ่าน (Demons)",120236358913800260,2026-05-04,not_delivering,ad,,,,,0,,0,0,,,,,,,,,2026-05-04,2026-05-04
"[12.08.25][ริว] แค่อ่านกลับจุกอกร้องไห้ (Witches)",120234722082450260,2026-05-04,inactive,ad,,,,,0,,0,0,,,,,,,,,2026-05-04,2026-05-04
"[22.07.25][ริว] วันนี้เธอเหนื่อยไหม (Tried)",120233024956830260,2026-05-04,not_delivering,ad,,,,,0,,0,0,,,,,,,,,2026-05-04,2026-05-04
"[08.08.25][ริว] งานศพ (Ghostly)",120235575837280260,2026-05-04,not_delivering,ad,,,,,0,,0,0,,,,,,,,,2026-05-04,2026-05-04
"[02.06.25][ริว] หนังสือพลิกชีวิต (Witches)",120230763374140260,2026-05-04,inactive,ad,,,,,0,,0,0,,,,,,,,,2026-05-04,2026-05-04
"[19.06.25][ริว] บทสนทนาของคนที่ไม่มีโอกาสพูดอีกแล้ว (Ghostly)",120231947126790260,2026-05-04,not_delivering,ad,,,,,0,,0,0,,,,,,,,,2026-05-04,2026-05-04
"[09.07.25][ริว] สวัสดียามดึก คุณดวงวิญญาณ (Ghostly)",120234551208210260,2026-05-04,archived,ad,,,,,0,,0,0,,,,,,,,,2026-05-04,2026-05-04
"[23.07.25][ริว] PAYDAY SALE JULY (Promotion_Payday) - Meme",120233337732400260,2026-05-04,inactive,ad,,,,,0,,0,0,,,,,,,,,2026-05-04,2026-05-04
"[03.11.25][ริว] หนังสือใหม่ อ่านแล้วน้ำตาซึม (Demons)",120239860861340260,2026-05-04,not_delivering,ad,,,,,0,,0,0,,,,,,,,,2026-05-04,2026-05-04
"[11.06.25][ริว] หนังสือฮีลใจแห่งปี (Ghostly)",120230762827270260,2026-05-04,not_delivering,ad,,,,,0,,0,0,,,,,,,,,2026-05-04,2026-05-04
"[27.08.25][ริว] ไม่เป็นไรถ้าวันนี้พลาด (Home)",120235756740890260,2026-05-04,not_delivering,ad,,,,,0,,0,0,,,,,,,,,2026-05-04,2026-05-04
"[18.07.25][ริว] ประโยคจุกอก (Ghostly)",120236246150780260,2026-05-04,not_delivering,ad,,,,,0,,0,0,,,,,,,,,2026-05-04,2026-05-04
"[24.09.25][ริว] ชีวิตสั้น (ปีศาจตัวนั้น)",120237441929810260,2026-05-04,not_delivering,ad,,,,,0,,0,0,,,,,,,,,2026-05-04,2026-05-04
"[27.05.25][ริว] ประโยคที่อ่านแล้วจุกอก (Witches)",120234924774120260,2026-05-04,not_delivering,ad,,,,,0,,0,0,,,,,,,,,2026-05-04,2026-05-04
"[06.09.25][ริว] ความกลัวการไม่ถูกรัก (Ghostly)",120236522384130260,2026-05-04,not_delivering,ad,,,,,0,,0,0,,,,,,,,,2026-05-04,2026-05-04
"[03.09.25][ริว] เปิดตัวปีศาจ 2 (ภาคเสียงและนางแบบมือโดยดาราสาวสองท่าน) (Demons)",120236027520060260,2026-05-04,inactive,ad,,,,,0,,0,0,,,,,,,,,2026-05-04,2026-05-04
"[09.09.25][ริว] ยังไม่ดีพอ (ไม่เป็นความจริงแต่อย่างใด) (Demons)",120236555952520260,2026-05-04,inactive,ad,,,,,0,,0,0,,,,,,,,,2026-05-04,2026-05-04
"[03.09.25][ริว] เปิดตัวปีศาจ 2 (ภาคเสียงและนางแบบมือโดยดาราสาวสองท่าน) (Demons)",120236358913780260,2026-05-04,not_delivering,ad,,,,,0,,0,0,,,,,,,,,2026-05-04,2026-05-04
"[18.09.25][ริว] ถ้าได้ฟังเรื่องราว (Ghostly)",120237043133140260,2026-05-04,inactive,ad,,,,,0,,0,0,,,,,,,,,2026-05-04,2026-05-04
"[05.09.25][ริว] ประโยคเตือนสติ (Witches)",120236549979880260,2026-05-04,not_delivering,ad,,,,,0,,0,0,,,,,,,,,2026-05-04,2026-05-04
"[28.06.25][ริว] ถ้าคืนนี้เป็นคืนสุดท้ายของคุณ (Ghostly)",120231820444450260,2026-05-04,inactive,ad,,,,,0,,0,0,,,,,,,,,2026-05-04,2026-05-04
"[09.10.25][ริว] นี่คือไพ่ทำนายดวง (Witches)",120238317675540260,2026-05-04,not_delivering,ad,,,,,0,,0,0,,,,,,,,,2026-05-04,2026-05-04
"[22.08.25][ริว] Payday August 2 Box 999 (Promotion_Payday)",120235600499690260,2026-05-04,not_delivering,ad,,,,,0,,0,0,,,,,,,,,2026-05-04,2026-05-04
"[10.11.25][ริว] วันนี้เราป้ายยา (Witches)",120240391993380260,2026-05-04,not_delivering,ad,,,,,0,,0,0,,,,,,,,,2026-05-04,2026-05-04
"[24.07.25][ริว] หนังสือใหม่ล่าสุด (Ghostly)",120236245139820260,2026-05-04,not_delivering,ad,,,,,0,,0,0,,,,,,,,,2026-05-04,2026-05-04
"[11.08.25][ริว] ยิ้มทั้งน้ำตา (Ghostly)",120234715022840260,2026-05-04,inactive,ad,,,,,0,,0,0,,,,,,,,,2026-05-04,2026-05-04
"[25.08.25][ริว] ไพ่สำรับนี้ (Witches)",120236550166810260,2026-05-04,not_delivering,ad,,,,,0,,0,0,,,,,,,,,2026-05-04,2026-05-04
"[23.07.25][ริว] แค่ชื่อก็เหมือนโดนปลอบ (Tried)",120233334347120260,2026-05-04,not_delivering,ad,,,,,0,,0,0,,,,,,,,,2026-05-04,2026-05-04
"[06.08.25][ริว] มีชีวิตอยู่อย่างโดดเดี่ยว (ghostly)",120235432800670260,2026-05-04,not_delivering,ad,,,,,0,,0,0,,,,,,,,,2026-05-04,2026-05-04
"[06.08.25][ริว] ประโยคเปลี่ยนชีวิต (Tried)",120234467457670260,2026-05-04,not_delivering,ad,,,,,0,,0,0,,,,,,,,,2026-05-04,2026-05-04
"[02.06.25][ริว] 5 เหตุผลที่ต้องอ่าน (Ghostly)",120230762758030260,2026-05-04,inactive,ad,,,,,0,,0,0,,,,,,,,,2026-05-04,2026-05-04
"[24.07.25][ริว] ไพ่สำรับนี้ดูดวงแม่น (Witches)",120233478965670260,2026-05-04,not_delivering,ad,,,,,0,,0,0,,,,,,,,,2026-05-04,2026-05-04
"[04.10.25][ริว] เสาหลักของบ้าน (Tried)",120237987174550260,2026-05-04,inactive,ad,,,,,0,,0,0,,,,,,,,,2026-05-04,2026-05-04
"[27.08.25][ริว] ถูกเอาเปรียบ (Ghostly)",120235753090720260,2026-05-04,not_delivering,ad,,,,,0,,0,0,,,,,,,,,2026-05-04,2026-05-04
"[25.07.25][ริว] สัญญาณที่บอกว่าควรอ่าน (Tried)",120233565064480260,2026-05-04,not_delivering,ad,,,,,0,,0,0,,,,,,,,,2026-05-04,2026-05-04
"[22.07.25][ริว] วันนี้เธอเหนื่อยไหม (Tried)",120233024814790260,2026-05-04,not_delivering,ad,,,,,0,,0,0,,,,,,,,,2026-05-04,2026-05-04
"[09.07.25][ริว] สวัสดียามดึก คุณดวงวิญญาณ (Ghostly)",120232526132780260,2026-05-04,inactive,ad,,,,,0,,0,0,,,,,,,,,2026-05-04,2026-05-04
"[05.09.25][ริว] รีวิวหนังสือ 5/5 (Witches)",120236603024380260,2026-05-04,not_delivering,ad,,,,,0,,0,0,,,,,,,,,2026-05-04,2026-05-04
"[03.09.25][ริว] เปิดตัวปีศาจ 2 (ภาคเสียงและนางแบบมือโดยดาราสาวสองท่าน) (Demons)",120236028057610260,2026-05-04,inactive,ad,,,,,0,,0,0,,,,,,,,,2026-05-04,2026-05-04
"[01.04.26][ริว] เลิกควบคุมสิ่งที่ควมคุมไม่ได้ (AI) (Trap)",120248276191150260,2026-05-04,not_delivering,ad,การสนทนาผ่านการส่งข้อความที่เริ่มขึ้น,7,122.76714286,1377,859.37,1.6023366,9655,8096,3,7,122.76714286,3,34,5.98653547,89.007768,0.42857143,2026-05-04,2026-05-04
"[11.09.25][ริว] ระลึกถึงคนที่จากไป (Witches)",120236885031880260,2026-05-04,not_delivering,ad,,,,,0,,0,0,,,,,,,,,2026-05-04,2026-05-04
"[24.07.25][ริว] หนังสือใหม่ล่าสุด (Ghostly)",120233476156900260,2026-05-04,not_delivering,ad,,,,,0,,0,0,,,,,,,,,2026-05-04,2026-05-04
"[17.10.25][ริว] พูดดีกับทุกคนยกเว้นตัวเอง (ปีศาจตัวนั้น)",120238819869230260,2026-05-04,not_delivering,ad,,,,,0,,0,0,,,,,,,,,2026-05-04,2026-05-04
"[11.09.25][ริว] ระลึกถึงคนที่จากไป (Witches)",120237328705210260,2026-05-04,not_delivering,ad,,,,,0,,0,0,,,,,,,,,2026-05-04,2026-05-04
"[06.08.25][ริว] มีชีวิตอยู่อย่างโดดเดี่ยว (ghostly)",120236905052690260,2026-05-04,not_delivering,ad,,,,,0,,0,0,,,,,,,,,2026-05-04,2026-05-04
"[11.06.25][ริว] หนังสือฮีลใจแห่งปี (Ghostly)",120232764653280260,2026-05-04,inactive,ad,,,,,0,,0,0,,,,,,,,,2026-05-04,2026-05-04
"[06.08.25][ริว] มีชีวิตอยู่อย่างโดดเดี่ยว (ghostly)",120235359707280260,2026-05-04,not_delivering,ad,,,,,0,,0,0,,,,,,,,,2026-05-04,2026-05-04
"[11.06.25][ริว] หนังสือฮีลใจแห่งปี (Ghostly)",120231947163260260,2026-05-04,not_delivering,ad,,,,,0,,0,0,,,,,,,,,2026-05-04,2026-05-04
"[03.09.25][ริว] สัญญาณที่ควรอ่าน (Demons)",120236583311860260,2026-05-04,inactive,ad,,,,,0,,0,0,,,,,,,,,2026-05-04,2026-05-04
"[19.06.25][ริว] บทสนทนาของคนที่ไม่มีโอกาสพูดอีกแล้ว (Ghostly)",120231485805540260,2026-05-04,inactive,ad,,,,,0,,0,0,,,,,,,,,2026-05-04,2026-05-04
"[11.06.25][ริว] จะเป็นยังไงถ้าคุณต้องเป็นที่ปรึกษา (Ghostly)",120230763705150260,2026-05-04,inactive,ad,,,,,0,,0,0,,,,,,,,,2026-05-04,2026-05-04
"[02.06.25][ริว] หนังสือพลิกชีวิต (Witches)",120229860132880260,2026-05-04,archived,ad,,,,,0,,0,0,,,,,,,,,2026-05-04,2026-05-04
"[24.06.25][ริว] ไม่ว่าชีวิตจะแย่แค่ไหน แค่คิดแบบคาปิบาร่า (Capybara_Boxset)",120231575232980260,2026-05-04,inactive,ad,,,,,0,,0,0,,,,,,,,,2026-05-04,2026-05-04
"[03.07.25][ริว][Cross Page] หนังสือฮีลใจแห่งปี (Ghostly)",120232159506290260,2026-05-04,not_delivering,ad,,,,,0,,0,0,,,,,,,,,2026-05-04,2026-05-04
"[05.06.25][ริว] ไม่ได้ตั้งใจจะปล่อยให้มันสาย (Ghostly)",120230048898500260,2026-05-04,not_delivering,ad,,,,,0,,0,0,,,,,,,,,2026-05-04,2026-05-04
"[25.07.25][ริว] แค่หนังสือร้องไห้ทำไม (Tried)",120233569176650260,2026-05-04,not_delivering,ad,,,,,0,,0,0,,,,,,,,,2026-05-04,2026-05-04
"[21.08.25][ริว] อะไรแอบมองเราอยู่น้า (Witches)",120235360503330260,2026-05-04,inactive,ad,,,,,0,,0,0,,,,,,,,,2026-05-04,2026-05-04
"[13.11.25][ริว] 30 Boxset สุดท้าย (Witches)",120241250781940260,2026-05-04,not_delivering,ad,,,,,0,,0,0,,,,,,,,,2026-05-04,2026-05-04
"[29.08.25][ริว] ลองแคร์แค่สายตา (Kiwtum)",120235858728930260,2026-05-04,not_delivering,ad,,,,,0,,0,0,,,,,,,,,2026-05-04,2026-05-04
"[09.10.25][ริว] นี่คือไพ่ทำนายดวง (Witches)",120238859679880260,2026-05-04,inactive,ad,,,,,0,,0,0,,,,,,,,,2026-05-04,2026-05-04
"[18.10.25][ริว] อยู่คนเดียว (Ghostly)",120240102388260260,2026-05-04,inactive,ad,,,,,0,,0,0,,,,,,,,,2026-05-04,2026-05-04
"[06.08.25][ริว] มีชีวิตอยู่อย่างโดดเดี่ยว (ghostly)",120234714400830260,2026-05-04,inactive,ad,,,,,0,,0,0,,,,,,,,,2026-05-04,2026-05-04
"[19.08.25][ริว] ความสูญเสียทำให้เจ็บปวด (Witches)",120235860376970260,2026-05-04,not_delivering,ad,,,,,0,,0,0,,,,,,,,,2026-05-04,2026-05-04
"[19.08.25][ริว] ความสูญเสียทำให้เจ็บปวด (Witches)",120236188440400260,2026-05-04,not_delivering,ad,,,,,0,,0,0,,,,,,,,,2026-05-04,2026-05-04
"[24.07.25][ริว] ไพ่สำรับนี้ดูดวงแม่น (Witches)",120234208577760260,2026-05-04,not_delivering,ad,,,,,0,,0,0,,,,,,,,,2026-05-04,2026-05-04
"[16.10.25][ริว] เมไอสัมภาษณ์ปีศาจ2 (Demons)",120238779742330260,2026-05-04,inactive,ad,,,,,0,,0,0,,,,,,,,,2026-05-04,2026-05-04
"[28.08.25][ริว] ถ้าต้องบอกกับตัวเอง (Tried)",120235856501760260,2026-05-04,inactive,ad,,,,,0,,0,0,,,,,,,,,2026-05-04,2026-05-04
"[23.07.25][ริว] เมื่อเข้าสู่วัยทำงาน (Tried)",120234426907880260,2026-05-04,not_delivering,ad,,,,,0,,0,0,,,,,,,,,2026-05-04,2026-05-04
"[23.07.25][ริว] PAYDAY SALE JULY (Promotion_Payday) - Meme",120233337906850260,2026-05-04,inactive,ad,,,,,0,,0,0,,,,,,,,,2026-05-04,2026-05-04
"[09.07.25][ริว] สวัสดียามดึก คุณดวงวิญญาณ (Ghostly)",120236246360270260,2026-05-04,not_delivering,ad,,,,,0,,0,0,,,,,,,,,2026-05-04,2026-05-04
"[28.06.25][ริว] รู้สึกดีไม่พอ จนอยากหายไปจากโลก (Embrace)",120232810174850260,2026-05-04,inactive,ad,,,,,0,,0,0,,,,,,,,,2026-05-04,2026-05-04
"[23.05.25][ริว] ประโยคหนึ่งในหนังสือที่เหมือนมีน้องแมวเวทมนตร์มากระซิบ (Witches)",120229241557040260,2026-05-04,inactive,ad,,,,,0,,0,0,,,,,,,,,2026-05-04,2026-05-04
"[24.07.25][ริว] ไพ่สำรับนี้ดูดวงแม่น (Witches)",120234068965290260,2026-05-04,inactive,ad,,,,,0,,0,0,,,,,,,,,2026-05-04,2026-05-04
"[08.09.25][ริว] ริวหนังสือใหม่ (Demons)",120236554458280260,2026-05-04,inactive,ad,,,,,0,,0,0,,,,,,,,,2026-05-04,2026-05-04
"[06.03.26][ริว] พรีออเดอร์เล่มลายเซ็น (Trap)",120245259327750260,2026-05-04,not_delivering,ad,,,,,0,,0,0,,,,,,,,,2026-05-04,2026-05-04
"[04.05.26][ริว] 5.5 BOXSET 499.- (Promotion)",120248384856480260,2026-05-04,active,ad,การสนทนาผ่านการส่งข้อความที่เริ่มขึ้น,1,127.92,,127.92,,1315,966,,1,127.92,,2,1.36882129,97.27756654,0,2026-05-04,2026-05-04
"[24.10.25][ริว] PAYDAY OPD E-Book 1 แถม 1 (Promotion)",120239533151940260,2026-05-04,not_delivering,ad,,,,,0,,0,0,,,,,,,,,2026-05-04,2026-05-04
"[22.10.25][ริว] ป้ายยา (Remains)",120239982076500260,2026-05-04,not_delivering,ad,,,,,0,,0,0,,,,,,,,,2026-05-04,2026-05-04
"[23.04.26][ริว] Smiling depression ภาวะซึมเศร้าที่ซ่อนอยู่ใต้รอยยิ้ม AI (Trap)",120248306328570260,2026-05-04,not_delivering,ad,การสนทนาผ่านการส่งข้อความที่เริ่มขึ้น,5,62.166,339,310.83,1.09062832,4783,4456,1,5,62.166,1,21,4.16056868,64.9864102,0.2,2026-05-04,2026-05-04
"[29.10.25][ริว] ป้ายยา 2 หนังสือ (Remains)",120239538332050260,2026-05-04,not_delivering,ad,,,,,0,,0,0,,,,,,,,,2026-05-04,2026-05-04
"[03.04.26][ริว] โรคซึมเศร้า AI (Trap)",120247408900250260,2026-05-04,archived,ad,,,,,0,,0,0,,,,,,,,,2026-05-04,2026-05-04
"[04.09.25][ริว] 9.9 : 3 เล่ม ราคา 999.- (Promotion)",120236313129500260,2026-05-04,not_delivering,ad,,,,,0,,0,0,,,,,,,,,2026-05-04,2026-05-04
"[30.10.25][ริว] การอยู่คนเดียว (Ghostly)",120240331080200260,2026-05-04,inactive,ad,,,,,0,,0,0,,,,,,,,,2026-05-04,2026-05-04
"[06.11.25][ริว] กลับมาอีกครั้ง (Remains)",120240912726290260,2026-05-04,not_delivering,ad,,,,,0,,0,0,,,,,,,,,2026-05-04,2026-05-04
"[23.06.25][ริว] ประโยคเดียวในหนังสือที่จะเปลี่ยนชีวิต (Witches)",120239970829840260,2026-05-04,inactive,ad,,,,,0,,0,0,,,,,,,,,2026-05-04,2026-05-04
"[16.10.25][ริว] แค่ประโยคในหนังสือ (Remains)",120238719260240260,2026-05-04,inactive,ad,,,,,0,,0,0,,,,,,,,,2026-05-04,2026-05-04
"[22.10.25][ริว] ป้ายยา (Remains)",120239461693580260,2026-05-04,not_delivering,ad,,,,,0,,0,0,,,,,,,,,2026-05-04,2026-05-04
"[23.02.26][ริว] แม่คือคนรับผิดชอบ (Trap)",120246076494150260,2026-05-04,not_delivering,ad,,,,,0,,0,0,,,,,,,,,2026-05-04,2026-05-04
"[10.11.25][ริว] E-Book ฮีลใจพัฒนาตัวเอง (E-Book)",120240281514030260,2026-05-04,inactive,ad,,,,,0,,0,0,,,,,,,,,2026-05-04,2026-05-04
"[06.10.25][ริว] มีประโยคในหนังสือ (Witches)",120238409375610260,2026-05-04,not_delivering,ad,,,,,0,,0,0,,,,,,,,,2026-05-04,2026-05-04
"[31.10.25][ริว] 30 เล่มสุดท้าย (Remains)",120239979554420260,2026-05-04,inactive,ad,,,,,0,,0,0,,,,,,,,,2026-05-04,2026-05-04
"[10.10.25][ริว] 10.10 x งานหนังสือ (Promotion)",120238414815090260,2026-05-04,not_delivering,ad,,,,,0,,0,0,,,,,,,,,2026-05-04,2026-05-04
"[13.10.25][ริว] เล่มลายเซ็น (Remains)",120238789572860260,2026-05-04,inactive,ad,,,,,0,,0,0,,,,,,,,,2026-05-04,2026-05-04
"[12.02.26][ริว] รักคนอื่น (สัมภาษณ์หมอ) (Trap) (Cross Page)",120244538166880260,2026-05-04,not_delivering,ad,,,,,0,,0,0,,,,,,,,,2026-05-04,2026-05-04
"[04.03.26][ริว] ซึมเศร้า (สัมภาษณ์หมอ) (Trap)",120248276238300260,2026-05-04,not_delivering,ad,การสนทนาผ่านการส่งข้อความที่เริ่มขึ้น,,,,0,,0,0,,,,,,,,,2026-05-04,2026-05-04
"[09.09.25][ริว] ยังไม่ดีพอ (ไม่เป็นความจริงแต่อย่างใด) (Demons)",120236832221010260,2026-05-04,not_delivering,ad,,,,,0,,0,0,,,,,,,,,2026-05-04,2026-05-04
"[19.10.25][ริว] 30 เล่มสุดท้าย (Demons)",120239836348480260,2026-05-04,not_delivering,ad,,,,,0,,0,0,,,,,,,,,2026-05-04,2026-05-04
"[25.11.25][ริว] อีบุ๊คแมว : Witches (E-Book)",120241049742010260,2026-05-04,inactive,ad,,,,,0,,0,0,,,,,,,,,2026-05-04,2026-05-04
"[05.04.26][ริว] แด่มนุษย์ที่โดดเดี่ยว AI (Ghostly)",120246687997220260,2026-05-04,inactive,ad,,,,,0,,0,0,,,,,,,,,2026-05-04,2026-05-04
"[15.04.26][ริว] โรคไบโพล่าร์/โรคอารมณ์สองขั้ว AI (Trap)",120247172010320260,2026-05-04,not_delivering,ad,การสนทนาผ่านการส่งข้อความที่เริ่มขึ้น,,,,0,,0,0,,,,,,,,,2026-05-04,2026-05-04
"[22.08.25][ริว] เสียดาย (Ghostly)",120240863076730260,2026-05-04,not_delivering,ad,,,,,0,,0,0,,,,,,,,,2026-05-04,2026-05-04
"[28.08.25][ริว] ประโยคที่อ่านแล้วหายเหนื่อย (Tried)",120235856501730260,2026-05-04,not_delivering,ad,,,,,0,,0,0,,,,,,,,,2026-05-04,2026-05-04
"[26.09.25][ริว] คะแนนเต็ม 100 อย่างน้อยต้องได้ 99 (Demons)",120237557399570260,2026-05-04,not_delivering,ad,,,,,0,,0,0,,,,,,,,,2026-05-04,2026-05-04
"[07.11.25][ริว] 11.11 บุฟเฟต์ 3 เล่ม 999 (Promotion)",120240092369830260,2026-05-04,not_delivering,ad,,,,,0,,0,0,,,,,,,,,2026-05-04,2026-05-04
"[22.10.25][ริว] ป้ายยาหนังสือน่ารัก (Witches)",120240905459160260,2026-05-04,inactive,ad,,,,,0,,0,0,,,,,,,,,2026-05-04,2026-05-04
"[11.12.25][ริว] เปลี่ยนความทุกข์ (Witches)",120241902350010260,2026-05-04,inactive,ad,,,,,0,,0,0,,,,,,,,,2026-05-04,2026-05-04
"[26.11.25][ริว] ไพ่บอกอะไร (Witches)",120241098308880260,2026-05-04,inactive,ad,,,,,0,,0,0,,,,,,,,,2026-05-04,2026-05-04
"[29.03.26][ริว] วิธีรับมือโรคแพนิค (AI) (Trap)",120246607038650260,2026-05-04,not_delivering,ad,,,,,0,,0,0,,,,,,,,,2026-05-04,2026-05-04
"[23.02.26][ริว] แม่คือคนรับผิดชอบ (Trap)",120245282028700260,2026-05-04,not_delivering,ad,,,,,0,,0,0,,,,,,,,,2026-05-04,2026-05-04
"[10.03.26][ริว] ซึมเศร้า animation (Trap)",120245605402830260,2026-05-04,not_delivering,ad,,,,,0,,0,0,,,,,,,,,2026-05-04,2026-05-04
"[06.10.25][ริว] มีประโยคในหนังสือ (Witches) (Reels)",120243088756870260,2026-05-04,not_delivering,ad,,,,,0,,0,0,,,,,,,,,2026-05-04,2026-05-04
"[13.02.26][ริว] การมีชีวิตอยู่อย่างโดดเดี่ยว (Ghostly)",120244551704340260,2026-05-04,not_delivering,ad,,,,,0,,0,0,,,,,,,,,2026-05-04,2026-05-04
"[23.01.26][ริว] รีวิว (Remains)",120243521461680260,2026-05-04,inactive,ad,,,,,0,,0,0,,,,,,,,,2026-05-04,2026-05-04
"[16.02.26][ริว] คนดีไม่มีความสุข (Trap)",120244438051210260,2026-05-04,not_delivering,ad,,,,,0,,0,0,,,,,,,,,2026-05-04,2026-05-04
"[11.10.25][ริว] ปุณณ์วัฒน์ (Ghostly)",120243177965350260,2026-05-04,not_delivering,ad,,,,,0,,0,0,,,,,,,,,2026-05-04,2026-05-04
"[16.01.26][ริว] ประโยคเดียว (Witches)",120243923853380260,2026-05-04,not_delivering,ad,,,,,0,,0,0,,,,,,,,,2026-05-04,2026-05-04
"[12.02.26][ริว] แม่ไม่ให้มีแฟน (สัมภาษณ์หมอ) (Trap)",120244268154010260,2026-05-04,not_delivering,ad,,,,,0,,0,0,,,,,,,,,2026-05-04,2026-05-04
"[20.04.26][ริว] ใจดีกับทุกคน ยกเว้นตัวเอง AI (Trap)",120247428369730260,2026-05-04,not_delivering,ad,การสนทนาผ่านการส่งข้อความที่เริ่มขึ้น,,,,0,,0,0,,,,,,,,,2026-05-04,2026-05-04
"[16.01.26][ริว] เดาตอนจบไม่ได้ (Ghostly)",120243289734150260,2026-05-04,inactive,ad,,,,,0,,0,0,,,,,,,,,2026-05-04,2026-05-04
"[13.11.25][ริว] 30 Boxset สุดท้าย (Witches)",120240729932860260,2026-05-04,inactive,ad,,,,,0,,0,0,,,,,,,,,2026-05-04,2026-05-04
"[29.01.26][ริว] หนังสือจากแพทย์ (Trap)",120243700718180260,2026-05-04,not_delivering,ad,,,,,0,,0,0,,,,,,,,,2026-05-04,2026-05-04
"[16.01.26][ริว] หนังสือที่ได้รับการเสนอชื่อเข้าชิงรางวัล (Ghostly)",120243289814180260,2026-05-04,inactive,ad,,,,,0,,0,0,,,,,,,,,2026-05-04,2026-05-04
"[18.12.25][ริว] ลดเหลือ (Ghostly)",120242333773140260,2026-05-04,not_delivering,ad,,,,,0,,0,0,,,,,,,,,2026-05-04,2026-05-04
"[29.09.25][ริว] การมีชีวิตอยู่อย่างโดดเดี่ยว (Ghostly) (Reels)",120243030432190260,2026-05-04,not_delivering,ad,,,,,0,,0,0,,,,,,,,,2026-05-04,2026-05-04
"[16.01.26][ริว] ประโยคเดียว (Witches)",120244294133280260,2026-05-04,not_delivering,ad,,,,,0,,0,0,,,,,,,,,2026-05-04,2026-05-04
"[16.01.26][ริว] ยึดติด (Remains)",120243287949680260,2026-05-04,inactive,ad,,,,,0,,0,0,,,,,,,,,2026-05-04,2026-05-04
"[22.09.25][ริว] แม่อยากให้ลูกมั่นคง (Remains)",120239982076490260,2026-05-04,inactive,ad,,,,,0,,0,0,,,,,,,,,2026-05-04,2026-05-04
"[12.12.25][ริว] โปร299 (Ghostly)",120242004150490260,2026-05-04,not_delivering,ad,,,,,0,,0,0,,,,,,,,,2026-05-04,2026-05-04
"[29.10.25][ริว] ป้ายยา 2 หนังสือ (Remains)",120241140690620260,2026-05-04,inactive,ad,,,,,0,,0,0,,,,,,,,,2026-05-04,2026-05-04
"[29.03.26][ริว] วิธีรับมือโรคแพนิค (AI) (Trap) - สำเนา",120246783832370260,2026-05-04,not_delivering,ad,,,,,0,,0,0,,,,,,,,,2026-05-04,2026-05-04
"[31.10.25][ริว] 30 เล่มสุดท้าย (Remains)",120239707883040260,2026-05-04,not_delivering,ad,,,,,0,,0,0,,,,,,,,,2026-05-04,2026-05-04
"[06.11.25][ริว] กลับมาอีกครั้ง (Remains)",120241249197570260,2026-05-04,not_delivering,ad,,,,,0,,0,0,,,,,,,,,2026-05-04,2026-05-04
"[16.01.26][ริว] นี่ไม่ใช่ไพ่ทำนายดวง (Witches)",120243289101200260,2026-05-04,inactive,ad,,,,,0,,0,0,,,,,,,,,2026-05-04,2026-05-04
"[05.02.26][ริว] Boxset ลายเซ็น (Witches)",120244543302990260,2026-05-04,not_delivering,ad,,,,,0,,0,0,,,,,,,,,2026-05-04,2026-05-04
"[04.03.26][ริว] ซึมเศร้า (สัมภาษณ์หมอ) (Trap)",120246513224040260,2026-05-04,not_delivering,ad,,,,,0,,0,0,,,,,,,,,2026-05-04,2026-05-04
"[18.11.25][ริว] หนังสือเรียกน้ำตา (Remains)",120240741039260260,2026-05-04,inactive,ad,,,,,0,,0,0,,,,,,,,,2026-05-04,2026-05-04
"[22.08.25][ริว] Payday August 2 Box 999 (Promotion_Payday)",120235866972580260,2026-05-04,inactive,ad,,,,,0,,0,0,,,,,,,,,2026-05-04,2026-05-04
"[08.08.25][ริว] งานศพ (Ghostly)",120235359910710260,2026-05-04,inactive,ad,,,,,0,,0,0,,,,,,,,,2026-05-04,2026-05-04
"[27.08.25][ริว] ถูกเอาเปรียบ (Ghostly)",120235752621500260,2026-05-04,not_delivering,ad,,,,,0,,0,0,,,,,,,,,2026-05-04,2026-05-04
"[09.07.25][ริว] สวัสดียามดึก คุณดวงวิญญาณ (Ghostly)",120234669389350260,2026-05-04,inactive,ad,,,,,0,,0,0,,,,,,,,,2026-05-04,2026-05-04
"[06.10.25][ริว] มีประโยคในหนังสือ (Witches)",120238262651920260,2026-05-04,not_delivering,ad,,,,,0,,0,0,,,,,,,,,2026-05-04,2026-05-04
"[11.12.25][ริว] เติมของ (Ghostly)",120241910332540260,2026-05-04,not_delivering,ad,,,,,0,,0,0,,,,,,,,,2026-05-04,2026-05-04
"[03.09.25][ริว] เปิดตัวปีศาจ 2 (Demons)",120236322692890260,2026-05-04,inactive,ad,,,,,0,,0,0,,,,,,,,,2026-05-04,2026-05-04
"[03.09.25][ริว] จุกอกกับปีศาจ2 (Demons)",120235947738800260,2026-05-04,inactive,ad,,,,,0,,0,0,,,,,,,,,2026-05-04,2026-05-04
"[20.03.26][ริว] เล่มนี้คือภาคต่อที่ควรอ่าน (Remains)",120245759550240260,2026-05-04,not_delivering,ad,,,,,0,,0,0,,,,,,,,,2026-05-04,2026-05-04
"[12.02.26][ริว] รักคนอื่น (สัมภาษณ์หมอ) (Trap)",120244476304810260,2026-05-04,not_delivering,ad,,,,,0,,0,0,,,,,,,,,2026-05-04,2026-05-04
"[11.09.25][ริว] ประโยคเดียวในหนังสือ (Witches)",120236885091550260,2026-05-04,not_delivering,ad,,,,,0,,0,0,,,,,,,,,2026-05-04,2026-05-04
"[05.08.25][ริว] ประโยคในหนังสือเปลี่ยนชีวิต (Witches)",120234426535770260,2026-05-04,not_delivering,ad,,,,,0,,0,0,,,,,,,,,2026-05-04,2026-05-04
"[23.01.26][ริว] พรุ่งนี้ใกล้ความตาย (Ghostly)",120243521711340260,2026-05-04,inactive,ad,,,,,0,,0,0,,,,,,,,,2026-05-04,2026-05-04
"[16.10.25][ริว] หนักมากไหมลูก (Remains)",120238718822930260,2026-05-04,inactive,ad,,,,,0,,0,0,,,,,,,,,2026-05-04,2026-05-04
"[18.09.25][ริว] ถ้าได้ฟังเรื่องราว (Ghostly)",120237710057480260,2026-05-04,not_delivering,ad,,,,,0,,0,0,,,,,,,,,2026-05-04,2026-05-04
"[25.07.25][ริว] คะแนน9.9/10 (Tried)",120234549589850260,2026-05-04,archived,ad,,,,,0,,0,0,,,,,,,,,2026-05-04,2026-05-04
"[03.09.25][ริว] สัญญาณที่ควรอ่าน (Demons)",120236022483590260,2026-05-04,not_delivering,ad,,,,,0,,0,0,,,,,,,,,2026-05-04,2026-05-04
"[25.07.25][ริว] เล่มนี้เหมาะกับคนที่ (Tried)",120233569898650260,2026-05-04,inactive,ad,,,,,0,,0,0,,,,,,,,,2026-05-04,2026-05-04
"[29.09.25][ริว] เริ่มต้นใหม่กับคุณคนเดิม (Demons)",120237713336910260,2026-05-04,not_delivering,ad,,,,,0,,0,0,,,,,,,,,2026-05-04,2026-05-04
"[12.09.25][ริว] ริวเตือนสติ (ปีศาจตัวนั้น)",120236739589700260,2026-05-04,not_delivering,ad,,,,,0,,0,0,,,,,,,,,2026-05-04,2026-05-04
"[25.07.25][ริว] เล่มนี้เขียนมาเพื่อคุณ (Tried)",120233564947030260,2026-05-04,inactive,ad,,,,,0,,0,0,,,,,,,,,2026-05-04,2026-05-04
"[03.09.25][ริว] สัญญาณที่ควรอ่าน (Demons)",120236323055930260,2026-05-04,inactive,ad,,,,,0,,0,0,,,,,,,,,2026-05-04,2026-05-04
"[23.06.25][ริว] ประโยคเดียวในหนังสือที่จะเปลี่ยนชีวิต (Witches)",120233387269660260,2026-05-04,inactive,ad,,,,,0,,0,0,,,,,,,,,2026-05-04,2026-05-04
"[22.08.25][ริว] Payday August 2 Box 999 (Promotion_Payday)",120235248623590260,2026-05-04,not_delivering,ad,,,,,0,,0,0,,,,,,,,,2026-05-04,2026-05-04
"[25.08.25][ริว] ไพ่สำรับนี้ (Witches)",120236626317060260,2026-05-04,not_delivering,ad,,,,,0,,0,0,,,,,,,,,2026-05-04,2026-05-04
"[06.08.25][ริว] ไม่ว่าชีวิตจะบัดซบ (Tried)",120234430229560260,2026-05-04,not_delivering,ad,,,,,0,,0,0,,,,,,,,,2026-05-04,2026-05-04
"[03.09.25][ริว] สัญญาณที่ควรอ่าน (Demons)",120235859358560260,2026-05-04,inactive,ad,,,,,0,,0,0,,,,,,,,,2026-05-04,2026-05-04
"[22.08.25][ริว] แจกวอลเปเปอร์ (Ghostly)",120236197677720260,2026-05-04,not_delivering,ad,,,,,0,,0,0,,,,,,,,,2026-05-04,2026-05-04
"[23.07.25][ริว] เมื่อเข้าสู่วัยทำงาน (Tried)",120233363840090260,2026-05-04,inactive,ad,,,,,0,,0,0,,,,,,,,,2026-05-04,2026-05-04
"[24.10.25][ริว] PAYDAY OPD E-Book 1 แถม 1 (Promotion)",120239532896010260,2026-05-04,not_delivering,ad,,,,,0,,0,0,,,,,,,,,2026-05-04,2026-05-04
"[03.07.25][ริว] ไพ่อยากจะบอกอะไรกับคุณ (Witches)",120232133366710260,2026-05-04,inactive,ad,,,,,0,,0,0,,,,,,,,,2026-05-04,2026-05-04
"[06.08.25][ริว] มีชีวิตอยู่อย่างโดดเดี่ยว (ghostly)",120235302089230260,2026-05-04,not_delivering,ad,,,,,0,,0,0,,,,,,,,,2026-05-04,2026-05-04
"[03.09.25][ริว] จุกอกกับปีศาจ2 (Demons)",120236022483630260,2026-05-04,not_delivering,ad,,,,,0,,0,0,,,,,,,,,2026-05-04,2026-05-04
"[23.06.25][ริว] ประโยคเดียวในหนังสือที่จะเปลี่ยนชีวิต (Witches)",120235152659740260,2026-05-04,not_delivering,ad,,,,,0,,0,0,,,,,,,,,2026-05-04,2026-05-04
"[12.12.25][ริว] โปร299 (Ghostly)",120242003711360260,2026-05-04,inactive,ad,,,,,0,,0,0,,,,,,,,,2026-05-04,2026-05-04
"[20.08.25][ริว] สปอยหน้าปกปีศาจ (Demons)",120235296688020260,2026-05-04,inactive,ad,,,,,0,,0,0,,,,,,,,,2026-05-04,2026-05-04
"[25.08.25][ริว] ไพ่สำรับนี้ (Witches)",120235664885330260,2026-05-04,not_delivering,ad,,,,,0,,0,0,,,,,,,,,2026-05-04,2026-05-04
"[09.09.25][ริว] ริว 7 สัญญาณ (Demons)",120236832228890260,2026-05-04,inactive,ad,,,,,0,,0,0,,,,,,,,,2026-05-04,2026-05-04
"[22.08.25][ริว] เสียดาย (Ghostly)",120235433045060260,2026-05-04,archived,ad,,,,,0,,0,0,,,,,,,,,2026-05-04,2026-05-04
"[17.03.26][ริว] เพราะในทุกความเกลียด Animation (Remains)",120245968767790260,2026-05-04,inactive,ad,,,,,0,,0,0,,,,,,,,,2026-05-04,2026-05-04
"[29.09.25][ริว] ประโยคหลังปก ปีศาจ 2 (Demons)",120237713336920260,2026-05-04,not_delivering,ad,,,,,0,,0,0,,,,,,,,,2026-05-04,2026-05-04
"[24.10.25][ริว] PAYDAY OPD E-Book 1 แถม 1 (Promotion)",120239259676290260,2026-05-04,archived,ad,,,,,0,,0,0,,,,,,,,,2026-05-04,2026-05-04
"[24.07.25][ริว] ไพ่สำรับนี้ดูดวงแม่น (Witches)",120234501221900260,2026-05-04,not_delivering,ad,,,,,0,,0,0,,,,,,,,,2026-05-04,2026-05-04
"[22.10.25][ริว] ป้ายยาหนังสือน่ารัก (Witches)",120239113491130260,2026-05-04,not_delivering,ad,,,,,0,,0,0,,,,,,,,,2026-05-04,2026-05-04
"[06.08.25][ริว] กลับมารักตัวเอง (Ghostly)",120234486765540260,2026-05-04,inactive,ad,,,,,0,,0,0,,,,,,,,,2026-05-04,2026-05-04
"[28.08.25][ริว] ประโยคที่อ่านแล้วหายเหนื่อย (Tried)",120235810968300260,2026-05-04,not_delivering,ad,,,,,0,,0,0,,,,,,,,,2026-05-04,2026-05-04
"[11.06.25][ริว] หนังสือฮีลใจแห่งปี (Ghostly)",120236605895750260,2026-05-04,inactive,ad,,,,,0,,0,0,,,,,,,,,2026-05-04,2026-05-04
"[05.08.25][ริว] ประโยคในหนังสือเปลี่ยนชีวิต (Witches)",120235152659750260,2026-05-04,inactive,ad,,,,,0,,0,0,,,,,,,,,2026-05-04,2026-05-04
"[05.08.25][ริว] จะมูฟออนได้ยังไง (ปีศาจตัวนั้น)",120234605062350260,2026-05-04,not_delivering,ad,,,,,0,,0,0,,,,,,,,,2026-05-04,2026-05-04
"[08.08.25][ริว] งานศพ (Ghostly)",120235301344260260,2026-05-04,archived,ad,,,,,0,,0,0,,,,,,,,,2026-05-04,2026-05-04
"[07.09.25][ริว] ริวร้องไห้กับหนังสือ (Demons)",120238434523170260,2026-05-04,inactive,ad,,,,,0,,0,0,,,,,,,,,2026-05-04,2026-05-04
"[05.08.25][ริว] จะมูฟออนได้ยังไง (ปีศาจตัวนั้น)",120234427586630260,2026-05-04,inactive,ad,,,,,0,,0,0,,,,,,,,,2026-05-04,2026-05-04
"[22.10.25][ริว] ป้ายยา (Remains)",120239538063210260,2026-05-04,not_delivering,ad,,,,,0,,0,0,,,,,,,,,2026-05-04,2026-05-04
"[03.09.25][ริว] เปิดตัวปีศาจ 2 (ภาคเสียงและนางแบบมือโดยดาราสาวสองท่าน) (Demons)",120236027865750260,2026-05-04,not_delivering,ad,,,,,0,,0,0,,,,,,,,,2026-05-04,2026-05-04
"[25.07.25][ริว] อ่านบทแรกก็เสียน้ำตาละ (Ghostly)",120236739413650260,2026-05-04,inactive,ad,,,,,0,,0,0,,,,,,,,,2026-05-04,2026-05-04
"[24.07.25][ริว] หนังสือที่ควรอ่านสักครั้ง (Witches)",120234375496700260,2026-05-04,inactive,ad,,,,,0,,0,0,,,,,,,,,2026-05-04,2026-05-04
"[24.07.25][ริว] ไพ่สำรับนี้ดูดวงแม่น (Witches)",120235302228420260,2026-05-04,not_delivering,ad,,,,,0,,0,0,,,,,,,,,2026-05-04,2026-05-04
"[03.09.25][ริว] เปิดตัวปีศาจ 2 (Demons)",120236651462240260,2026-05-04,not_delivering,ad,,,,,0,,0,0,,,,,,,,,2026-05-04,2026-05-04
"[10.10.25][ริว] 10.10 x งานหนังสือ (Promotion)",120238414621350260,2026-05-04,not_delivering,ad,,,,,0,,0,0,,,,,,,,,2026-05-04,2026-05-04
"[03.09.25][ริว] สัญญาณที่ควรอ่าน (Demons)",120236651495650260,2026-05-04,inactive,ad,,,,,0,,0,0,,,,,,,,,2026-05-04,2026-05-04
"[10.03.26][ริว] ซึมเศร้า animation (Trap)",120245424021290260,2026-05-04,inactive,ad,,,,,0,,0,0,,,,,,,,,2026-05-04,2026-05-04
"[08.07.25][ริว] หนังสือฮีลใจยอดขายอันดับ1 (Ghostly)",120235576024410260,2026-05-04,not_delivering,ad,,,,,0,,0,0,,,,,,,,,2026-05-04,2026-05-04
"[23.06.25][ริว] ประโยคเดียวในหนังสือที่จะเปลี่ยนชีวิต (Witches)",120234553219250260,2026-05-04,not_delivering,ad,,,,,0,,0,0,,,,,,,,,2026-05-04,2026-05-04
"[11.09.25][ริว] หรือเขาคงต้องการ (Ghostly)",120236683200910260,2026-05-04,not_delivering,ad,,,,,0,,0,0,,,,,,,,,2026-05-04,2026-05-04
"[03.09.25][ริว] จุกอกกับปีศาจ2 (Demons)",120235859086150260,2026-05-04,not_delivering,ad,,,,,0,,0,0,,,,,,,,,2026-05-04,2026-05-04
"[06.08.25][ริว] ประโยคเปลี่ยนชีวิต (Tried)",120234613123680260,2026-05-04,inactive,ad,,,,,0,,0,0,,,,,,,,,2026-05-04,2026-05-04
"[06.10.25][ริว] มีประโยคในหนังสือ (Witches)",120238409595920260,2026-05-04,not_delivering,ad,,,,,0,,0,0,,,,,,,,,2026-05-04,2026-05-04
"[24.02.26][ริว] ภาคต่อ (Remains)",120244782328670260,2026-05-04,not_delivering,ad,,,,,0,,0,0,,,,,,,,,2026-05-04,2026-05-04
"[22.08.25][ริว] เสียดาย (Ghostly)",120236633340860260,2026-05-04,not_delivering,ad,,,,,0,,0,0,,,,,,,,,2026-05-04,2026-05-04
"[01.04.26][ริว] เลิกควบคุมสิ่งที่ควมคุมไม่ได้ (AI) (Trap)",120246702152460260,2026-05-04,archived,ad,,,,,0,,0,0,,,,,,,,,2026-05-04,2026-05-04
"[29.03.26][ริว] วิธีรับมือโรคแพนิค (AI) (Trap)",120246702152410260,2026-05-04,archived,ad,,,,,0,,0,0,,,,,,,,,2026-05-04,2026-05-04
"[18.09.25][ริว] 7 สัญญาณวัยทำงาน (Tried)",120237047959170260,2026-05-04,inactive,ad,,,,,0,,0,0,,,,,,,,,2026-05-04,2026-05-04
"[27.05.25][ริว] ประโยคที่อ่านแล้วจุกอก (Witches)",120229570620900260,2026-05-04,inactive,ad,,,,,0,,0,0,,,,,,,,,2026-05-04,2026-05-04
"[23.04.26][ริว] Smiling depression ภาวะซึมเศร้าที่ซ่อนอยู่ใต้รอยยิ้ม AI (Trap)",120247655662150260,2026-05-04,not_delivering,ad,การสนทนาผ่านการส่งข้อความที่เริ่มขึ้น,,,,0,,0,0,,,,,,,,,2026-05-04,2026-05-04
"[24.07.25][ริว] ไพ่สำรับนี้ดูดวงแม่น (Witches)",120234553488760260,2026-05-04,not_delivering,ad,,,,,0,,0,0,,,,,,,,,2026-05-04,2026-05-04
"[11.12.25][ริว] ส่งความสุข (Witches)",120241902819610260,2026-05-04,not_delivering,ad,,,,,0,,0,0,,,,,,,,,2026-05-04,2026-05-04
"[18.07.25][ริว] ประโยคจุกอก (Ghostly)",120233218690800260,2026-05-04,not_delivering,ad,,,,,0,,0,0,,,,,,,,,2026-05-04,2026-05-04
"[25.07.25][ริว] คะแนน9.9/10 (Tried)",120235785850700260,2026-05-04,not_delivering,ad,,,,,0,,0,0,,,,,,,,,2026-05-04,2026-05-04
"[05.09.25][ริว] ความผิดพลาด (Witches)",120236626910480260,2026-05-04,not_delivering,ad,,,,,0,,0,0,,,,,,,,,2026-05-04,2026-05-04
"[16.01.26][ริว] นี่ไม่ใช่ไพ่ทำนายดวง (Witches)",120244181124460260,2026-05-04,not_delivering,ad,,,,,0,,0,0,,,,,,,,,2026-05-04,2026-05-04
"[12.02.26][ริว] รักคนอื่น (สัมภาษณ์หมอ) (Trap)",120244521006030260,2026-05-04,not_delivering,ad,,,,,0,,0,0,,,,,,,,,2026-05-04,2026-05-04
"[29.03.26][ริว] วิธีรับมือโรคแพนิค (AI) (Trap)",120246607084040260,2026-05-04,not_delivering,ad,,,,,0,,0,0,,,,,,,,,2026-05-04,2026-05-04
"[08.07.25][ริว] หนังสือฮีลใจยอดขายอันดับ1 (Ghostly)",120233369285290260,2026-05-04,inactive,ad,,,,,0,,0,0,,,,,,,,,2026-05-04,2026-05-04
"[14.07.25][ริว] ฉันชื่อว่าความรัก (Ghostly)",120232760284500260,2026-05-04,inactive,ad,,,,,0,,0,0,,,,,,,,,2026-05-04,2026-05-04
"[01.04.26][ริว] เลิกควบคุมสิ่งที่ควมคุมไม่ได้ (AI) (Trap)",120246609046290260,2026-05-04,inactive,ad,การสนทนาผ่านการส่งข้อความที่เริ่มขึ้น,,,,0,,0,0,,,,,,,,,2026-05-04,2026-05-04
"[10.03.26][ริว] ซึมเศร้า animation (Trap)",120245752590030260,2026-05-04,not_delivering,ad,,,,,0,,0,0,,,,,,,,,2026-05-04,2026-05-04
"[23.06.25][ริว] ประโยคเดียวในหนังสือที่จะเปลี่ยนชีวิต (Witches)",120232931671200260,2026-05-04,not_delivering,ad,,,,,0,,0,0,,,,,,,,,2026-05-04,2026-05-04
"[16.01.26][ริว] ประโยคเดียว (Witches)",120243608427620260,2026-05-04,inactive,ad,,,,,0,,0,0,,,,,,,,,2026-05-04,2026-05-04
"[08.08.25][ริว] งานศพ (Ghostly)",120234714645900260,2026-05-04,inactive,ad,,,,,0,,0,0,,,,,,,,,2026-05-04,2026-05-04
"[18.09.25][ริว] หยุดพูดแย่ๆกับตัวเอง (Witches)",120237444631390260,2026-05-04,not_delivering,ad,,,,,0,,0,0,,,,,,,,,2026-05-04,2026-05-04
"[23.06.25][ริว] ประโยคเดียวในหนังสือที่จะเปลี่ยนชีวิต (Witches)",120235152494170260,2026-05-04,inactive,ad,,,,,0,,0,0,,,,,,,,,2026-05-04,2026-05-04
"[17.10.25][ริว] ซึมตั้งแต่อ่านปก (Tried)",120238797201540260,2026-05-04,not_delivering,ad,,,,,0,,0,0,,,,,,,,,2026-05-04,2026-05-04
"[16.01.26][ริว] ประโยคเดียว (Witches)",120243289031100260,2026-05-04,inactive,ad,,,,,0,,0,0,,,,,,,,,2026-05-04,2026-05-04
"[10.03.26][ริว] ซึมเศร้า animation (Trap)",120245729985620260,2026-05-04,not_delivering,ad,,,,,0,,0,0,,,,,,,,,2026-05-04,2026-05-04
"[30.03.26][ริว] 3 ประโยค เพิ่มรอยยิ้มให้ตัวเอง เพราะมันน่ารักที่สุดแล้ว (Kiwtum)",120246411798230260,2026-05-04,not_delivering,ad,,,,,0,,0,0,,,,,,,,,2026-05-04,2026-05-04
"[12.02.26][ริว] คนดีมักรู้สึกผิด (Trap) (Cross Page)",120244538166900260,2026-05-04,not_delivering,ad,,,,,0,,0,0,,,,,,,,,2026-05-04,2026-05-04
"[20.04.26][ริว] อีโก้ไม่ใช่เรื่องแย่ แต่ต้องมีอย่างพอดี AI (Kiwtum)",120247436739900260,2026-05-04,not_delivering,ad,,,,,0,,0,0,,,,,,,,,2026-05-04,2026-05-04
"[18.03.26][ริว] ซึมเศร้าเพราะรู้สึกผิดและโทษตัวเอง (สัมภาษณ์หมอ) (Trap)",120245747426720260,2026-05-04,not_delivering,ad,,,,,0,,0,0,,,,,,,,,2026-05-04,2026-05-04
"[31.10.25][ริว] อ่านแล้วหายเหนื่อย (Tried)",120241142580930260,2026-05-04,inactive,ad,,,,,0,,0,0,,,,,,,,,2026-05-04,2026-05-04
"[18.09.25][ริว] แค่หนังสือเล่มเดียว (Tried)",120237047698210260,2026-05-04,inactive,ad,,,,,0,,0,0,,,,,,,,,2026-05-04,2026-05-04
"[25.03.26][ริว] จิตวิทยาของการสูญเสีย เขาบอกไว้ว่า (AI) (Witches)",120246834253790260,2026-05-04,inactive,ad,การสนทนาผ่านการส่งข้อความที่เริ่มขึ้น,,,,0,,0,0,,,,,,,,,2026-05-04,2026-05-04
"[31.03.26][ริว] อย่าปล่อยให้พ่อแม่รอ กลับไปเยี่ยมในวันที่ยังมีโอกาส (Ghostly)",120246835244840260,2026-05-04,not_delivering,ad,,,,,0,,0,0,,,,,,,,,2026-05-04,2026-05-04
"[25.03.26][ริว] จิตวิทยาของการสูญเสีย เขาบอกไว้ว่า (AI) (Witches)",120246036069780260,2026-05-04,inactive,ad,,,,,0,,0,0,,,,,,,,,2026-05-04,2026-05-04
"[22.07.25][ริว] วันนี้เธอเหนื่อยไหม (Tried)",120234551733470260,2026-05-04,archived,ad,,,,,0,,0,0,,,,,,,,,2026-05-04,2026-05-04
"[04.03.26][ริว] ซึมเศร้า (สัมภาษณ์หมอ) (Trap)",120246310130810260,2026-05-04,not_delivering,ad,,,,,0,,0,0,,,,,,,,,2026-05-04,2026-05-04
"[05.08.25][ริว] ประโยคในหนังสือเปลี่ยนชีวิต (Witches)",120234501412070260,2026-05-04,not_delivering,ad,,,,,0,,0,0,,,,,,,,,2026-05-04,2026-05-04
"[17.09.25][ริว] ทุกคนว่าโลกหลังความตาย (Ghostly)",120237558753280260,2026-05-04,inactive,ad,,,,,0,,0,0,,,,,,,,,2026-05-04,2026-05-04
"[03.09.25][ริว] เปิดตัวปีศาจ 2 (ภาคเสียงและนางแบบมือโดยดาราสาวสองท่าน) (Demons)",120236027822440260,2026-05-04,not_delivering,ad,,,,,0,,0,0,,,,,,,,,2026-05-04,2026-05-04
"[30.08.25][ริว] แค่ประโยคเดียว (Witches)",120235859198640260,2026-05-04,not_delivering,ad,,,,,0,,0,0,,,,,,,,,2026-05-04,2026-05-04
"[05.03.26][ริว] ลองจินตนาการ (Ghostly)",120245502184700260,2026-05-04,not_delivering,ad,,,,,0,,0,0,,,,,,,,,2026-05-04,2026-05-04
"[22.10.25][ริว] ป้ายยาหนังสือน่ารัก (Witches)",120239655756410260,2026-05-04,not_delivering,ad,,,,,0,,0,0,,,,,,,,,2026-05-04,2026-05-04
"[11.10.25][ริว] ปุณณ์วัฒน์ (Ghostly)",120241546458260260,2026-05-04,not_delivering,ad,,,,,0,,0,0,,,,,,,,,2026-05-04,2026-05-04
"[21.10.25][ริว] มีประโยค (Remains)",120239054830250260,2026-05-04,not_delivering,ad,,,,,0,,0,0,,,,,,,,,2026-05-04,2026-05-04
"[08.08.25][ริว] คิดถึงแฟนเก่า (ปีศาจตัวนั้น)",120234603897520260,2026-05-04,inactive,ad,,,,,0,,0,0,,,,,,,,,2026-05-04,2026-05-04
"[19.10.25][ริว] 30 เล่มสุดท้าย (Demons)",120239589754050260,2026-05-04,not_delivering,ad,,,,,0,,0,0,,,,,,,,,2026-05-04,2026-05-04
"[06.08.25][ริว] แค่หนังสือการ์ตูน ทำไมถึงร้องไห้ (Ghostly)",120236168732470260,2026-05-04,not_delivering,ad,,,,,0,,0,0,,,,,,,,,2026-05-04,2026-05-04
"[03.09.25][ริว] เปิดตัวปีศาจ 2 (ภาคเสียงและนางแบบมือโดยดาราสาวสองท่าน) (Demons)",120236027921500260,2026-05-04,not_delivering,ad,,,,,0,,0,0,,,,,,,,,2026-05-04,2026-05-04
"[17.10.25][ริว] ซึมตั้งแต่อ่านปก (Tried)",120238791237940260,2026-05-04,inactive,ad,,,,,0,,0,0,,,,,,,,,2026-05-04,2026-05-04
"[23.07.25][ริว] เมื่อเข้าสู่วัยทำงาน (Tried)",120234426787720260,2026-05-04,not_delivering,ad,,,,,0,,0,0,,,,,,,,,2026-05-04,2026-05-04
"[23.06.25][ริว] ประโยคเดียวในหนังสือที่จะเปลี่ยนชีวิต (Witches)",120240490222440260,2026-05-04,inactive,ad,,,,,0,,0,0,,,,,,,,,2026-05-04,2026-05-04
"[11.09.25][ริว] หรือเขาคงต้องการ (Ghostly)",120236644783240260,2026-05-04,inactive,ad,,,,,0,,0,0,,,,,,,,,2026-05-04,2026-05-04
"[03.10.25][ริว] จะเป็นยังไง (Remains)",120237920510180260,2026-05-04,inactive,ad,,,,,0,,0,0,,,,,,,,,2026-05-04,2026-05-04
"[11.06.25][ริว] สายมูและทาสแมวต้องชอบเล่มนี้ (Witches)",120230542796480260,2026-05-04,inactive,ad,,,,,0,,0,0,,,,,,,,,2026-05-04,2026-05-04
"[25.07.25][ริว] อ่านบทแรกก็เสียน้ำตาละ (Ghostly)",120233556355320260,2026-05-04,not_delivering,ad,,,,,0,,0,0,,,,,,,,,2026-05-04,2026-05-04
"[03.11.25][ริว] ไม่มีความเศร้าไหน (ปีศาจตัวนั้น)",120239856249160260,2026-05-04,inactive,ad,,,,,0,,0,0,,,,,,,,,2026-05-04,2026-05-04
"[31.10.25][ริว] 30 เล่มสุดท้าย (Remains)",120240436035860260,2026-05-04,inactive,ad,,,,,0,,0,0,,,,,,,,,2026-05-04,2026-05-04
"[29.09.25][ริว] E-Book (Ghostly)",120237712710700260,2026-05-04,inactive,ad,,,,,0,,0,0,,,,,,,,,2026-05-04,2026-05-04
"[23.05.25][ริว] ประโยคหนึ่งในหนังสือที่เหมือนมีน้องแมวเวทมนตร์มากระซิบ (Witches)",120229194996460260,2026-05-04,inactive,ad,,,,,0,,0,0,,,,,,,,,2026-05-04,2026-05-04
"[29.03.26][ริว] วิธีรับมือโรคแพนิค (AI) (Trap)",120246702152350260,2026-05-04,archived,ad,,,,,0,,0,0,,,,,,,,,2026-05-04,2026-05-04
"[09.07.25][ริว] หนังสือกระแสตอบรับดี (Ghostly)",120232528365050260,2026-05-04,inactive,ad,,,,,0,,0,0,,,,,,,,,2026-05-04,2026-05-04
"[09.07.25][ริว] สวัสดียามดึก คุณดวงวิญญาณ (Ghostly) - Copy",120234548377900260,2026-05-04,archived,ad,,,,,0,,0,0,,,,,,,,,2026-05-04,2026-05-04
"[25.08.25][ริว] ไพ่สำรับนี้ (Witches)",120236550386520260,2026-05-04,not_delivering,ad,,,,,0,,0,0,,,,,,,,,2026-05-04,2026-05-04
"[13.04.26][ริว] ถ้าวันนี้คุณเหนื่อย…ลองอ่านประโยคนี้ดูนะ (Tried)",120247075536970260,2026-05-04,inactive,ad,,,,,0,,0,0,,,,,,,,,2026-05-04,2026-05-04
"[06.08.25][ริว] กลับมารักตัวเอง (Ghostly)",120234669544110260,2026-05-04,not_delivering,ad,,,,,0,,0,0,,,,,,,,,2026-05-04,2026-05-04
"[17.03.26][ริว] เพราะในทุกความเกลียด Animation (Remains)",120245836190200260,2026-05-04,not_delivering,ad,,,,,0,,0,0,,,,,,,,,2026-05-04,2026-05-04
"[29.03.26][ริว] วิธีรับมือโรคแพนิค (AI) (Trap)",120246702152390260,2026-05-04,archived,ad,,,,,0,,0,0,,,,,,,,,2026-05-04,2026-05-04
"[09.09.25][ริว] คะแนนเต็ม 100 อย่างน้อยต้องได้ 9.9 (Demons)",120236555834720260,2026-05-04,inactive,ad,,,,,0,,0,0,,,,,,,,,2026-05-04,2026-05-04
"[23.02.26][ริว] แม่คือคนรับผิดชอบ (Trap)",120245730515070260,2026-05-04,not_delivering,ad,,,,,0,,0,0,,,,,,,,,2026-05-04,2026-05-04
"[23.05.25][ริว] หนังสือการ์ตูนฮีลใจ (Ghostly)",120229263403310260,2026-05-04,inactive,ad,,,,,0,,0,0,,,,,,,,,2026-05-04,2026-05-04
"[03.09.25][ริว] จุกอกกับปีศาจ2 (Demons)",120235869179100260,2026-05-04,inactive,ad,,,,,0,,0,0,,,,,,,,,2026-05-04,2026-05-04
"[16.10.25][ริว] ผลงานภาคต่อ (Remains)",120238861258180260,2026-05-04,inactive,ad,,,,,0,,0,0,,,,,,,,,2026-05-04,2026-05-04
"[03.12.25][ริว] แม่อยากให้ลูกมีอนาคตที่ดี (Remains)",120242966265880260,2026-05-04,inactive,ad,,,,,0,,0,0,,,,,,,,,2026-05-04,2026-05-04
"[24.10.25][ริว] PAYDAY OPD E-Book 1 แถม 1 (Promotion)",120239264735570260,2026-05-04,not_delivering,ad,,,,,0,,0,0,,,,,,,,,2026-05-04,2026-05-04
"[24.07.25][ริว] หนังสือที่ควรอ่านสักครั้ง (Witches)",120234874603650260,2026-05-04,not_delivering,ad,,,,,0,,0,0,,,,,,,,,2026-05-04,2026-05-04
"[24.07.25][ริว] หนังสือที่ควรอ่านสักครั้ง (Witches)",120234069310270260,2026-05-04,not_delivering,ad,,,,,0,,0,0,,,,,,,,,2026-05-04,2026-05-04
"[22.08.25][ริว] เสียดาย (Ghostly)",120235860563850260,2026-05-04,not_delivering,ad,,,,,0,,0,0,,,,,,,,,2026-05-04,2026-05-04
"[03.09.25][ริว] สัญญาณที่ควรอ่าน (Demons)",120240179530960260,2026-05-04,not_delivering,ad,,,,,0,,0,0,,,,,,,,,2026-05-04,2026-05-04
"[10.11.25][ริว] วันนี้เราป้ายยา (Witches)",120240277058110260,2026-05-04,inactive,ad,,,,,0,,0,0,,,,,,,,,2026-05-04,2026-05-04
"[22.01.26][ริว] เปิดตัวเล่มใหม่ (Trap)",120243468439130260,2026-05-04,not_delivering,ad,,,,,0,,0,0,,,,,,,,,2026-05-04,2026-05-04
"[27.11.25][ริว] 5 คำพูดที่พระพุทธเจ้าไม่ได้กล่าว (Witches)",120241544518770260,2026-05-04,inactive,ad,,,,,0,,0,0,,,,,,,,,2026-05-04,2026-05-04
"[31.07.25][ริว] สำรวจปีศาจในตัวคุณ (ปีศาจตัวนั้น)",120234133689800260,2026-05-04,inactive,ad,,,,,0,,0,0,,,,,,,,,2026-05-04,2026-05-04
"[27.11.25][ริว] 5 คำพูดที่พระพุทธเจ้าไม่ได้กล่าว (Witches)",120241144418330260,2026-05-04,inactive,ad,,,,,0,,0,0,,,,,,,,,2026-05-04,2026-05-04
"[06.10.25][ริว] คะแนน 1000/100 (Remains)",120238320906720260,2026-05-04,not_delivering,ad,,,,,0,,0,0,,,,,,,,,2026-05-04,2026-05-04
"[23.03.26][ริว] ถ้าคืนนี้เป็นคืนสุดท้าย (AI) (Ghostly)",120245967973710260,2026-05-04,not_delivering,ad,,,,,0,,0,0,,,,,,,,,2026-05-04,2026-05-04
"[11.10.25][ริว] ปุณณ์วัฒน์ (Ghostly)",120240331080220260,2026-05-04,inactive,ad,,,,,0,,0,0,,,,,,,,,2026-05-04,2026-05-04
"[04.05.26][ริว] ก้าวข้ามคำพูดแย่ ๆ ของตัวเอง แล้วใช้ชีวิตให้มีความสุข AI (Trap)",120248372735030260,2026-05-04,not_delivering,ad,การสนทนาผ่านการส่งข้อความที่เริ่มขึ้น,,,,158.31,,709,625,,,,,5,2.67983075,223.28631876,,2026-05-04,2026-05-04
"[24.12.25][ริว] ไพ่ทำนายดวง (Witches)",120242965669890260,2026-05-04,inactive,ad,,,,,0,,0,0,,,,,,,,,2026-05-04,2026-05-04
"[28.08.25][ริว] รีวิวหนังสือ 5/5 (Tried)",120235856501740260,2026-05-04,not_delivering,ad,,,,,0,,0,0,,,,,,,,,2026-05-04,2026-05-04
"[09.07.25][ริว] สวัสดียามดึก คุณดวงวิญญาณ (Ghostly)",120233369285350260,2026-05-04,not_delivering,ad,,,,,0,,0,0,,,,,,,,,2026-05-04,2026-05-04
"[22.10.25][ริว] (ไม่)นอกใจ (Demons) (Reels)",120243296728190260,2026-05-04,not_delivering,ad,,,,,0,,0,0,,,,,,,,,2026-05-04,2026-05-04
"[23.09.25][ริว] PayDay : Boxset+Book 799.- (Promotion)",120237384847410260,2026-05-04,not_delivering,ad,,,,,0,,0,0,,,,,,,,,2026-05-04,2026-05-04
"[22.08.25][ริว] เสียดาย (Ghostly)",120244054365110260,2026-05-04,not_delivering,ad,,,,,0,,0,0,,,,,,,,,2026-05-04,2026-05-04
"[05.04.26][ริว] แด่มนุษย์ที่โดดเดี่ยว AI (Ghostly)",120247247147510260,2026-05-04,not_delivering,ad,การสนทนาผ่านการส่งข้อความที่เริ่มขึ้น,,,,0,,0,0,,,,,,,,,2026-05-04,2026-05-04
"[24.10.25][ริว] PAYDAY OPD E-Book 1 แถม 1 (Promotion)",120239260667390260,2026-05-04,archived,ad,,,,,0,,0,0,,,,,,,,,2026-05-04,2026-05-04
"[11.10.25][ริว] ปุณณ์วัฒน์ (Ghostly)",120240330932990260,2026-05-04,inactive,ad,,,,,0,,0,0,,,,,,,,,2026-05-04,2026-05-04
"[10.03.26][ริว] ซึมเศร้า animation (Trap)",120245622850250260,2026-05-04,not_delivering,ad,,,,,0,,0,0,,,,,,,,,2026-05-04,2026-05-04
"[29.09.25][ริว] การมีชีวิตอยู่อย่างโดดเดี่ยว (Ghostly)",120237845256820260,2026-05-04,inactive,ad,,,,,0,,0,0,,,,,,,,,2026-05-04,2026-05-04
"[01.07.25][ริว] สายมูอยากมีชีวิตดี หยุดฟัง (Witches)",120232034014460260,2026-05-04,inactive,ad,,,,,0,,0,0,,,,,,,,,2026-05-04,2026-05-04
"[23.06.25][ริว] ประโยคเดียวในหนังสือที่จะเปลี่ยนชีวิต (Witches)",120235302800440260,2026-05-04,not_delivering,ad,,,,,0,,0,0,,,,,,,,,2026-05-04,2026-05-04
"[08.07.25][ริว] หนังสือฮีลใจยอดขายอันดับ1 (Ghostly)",120235357901210260,2026-05-04,archived,ad,,,,,0,,0,0,,,,,,,,,2026-05-04,2026-05-04
"[29.05.26][ริว] มองปัญหาให้เป็นบทเรียน (Witches)",120248075677970260,2026-05-04,not_delivering,ad,การสนทนาผ่านการส่งข้อความที่เริ่มขึ้น,,,,0,,0,0,,,,,,,,,2026-05-04,2026-05-04
"[22.10.25][ริว] ป้ายยา (Remains)",120239272581810260,2026-05-04,inactive,ad,,,,,0,,0,0,,,,,,,,,2026-05-04,2026-05-04
"[23.06.25][ริว] ประโยคเดียวในหนังสือที่จะเปลี่ยนชีวิต (Witches)",120240098337390260,2026-05-04,not_delivering,ad,,,,,0,,0,0,,,,,,,,,2026-05-04,2026-05-04
"[18.09.25][ริว] สัญญาณวัยทำงาน (Tried)",120237048224230260,2026-05-04,inactive,ad,,,,,0,,0,0,,,,,,,,,2026-05-04,2026-05-04
"[04.03.26][ริว] ซึมเศร้า (สัมภาษณ์หมอ) (Trap)",120248305761990260,2026-05-04,active,ad,การสนทนาผ่านการส่งข้อความที่เริ่มขึ้น,2,104.57,339,209.14,1.62092378,2211,2041,1,2,104.57,2,7,2.75893261,94.59068295,0.5,2026-05-04,2026-05-04
"[03.09.25][ริว] จุกอกกับปีศาจ2 (Demons)",120236553014040260,2026-05-04,inactive,ad,,,,,0,,0,0,,,,,,,,,2026-05-04,2026-05-04
"[23.02.26][ริว] มนุษย์ที่เป็นคนดี (Trap)",120244726532140260,2026-05-04,not_delivering,ad,,,,,0,,0,0,,,,,,,,,2026-05-04,2026-05-04
"[09.07.25][ริว] สวัสดียามดึก คุณดวงวิญญาณ (Ghostly)",120236244580970260,2026-05-04,not_delivering,ad,,,,,0,,0,0,,,,,,,,,2026-05-04,2026-05-04
"[22.10.25][ริว] (ไม่)นอกใจ (Demons)",120239113355270260,2026-05-04,inactive,ad,,,,,0,,0,0,,,,,,,,,2026-05-04,2026-05-04
"[20.10.25][ริว] ความผิดพลาด (Witches)",120239971450800260,2026-05-04,not_delivering,ad,,,,,0,,0,0,,,,,,,,,2026-05-04,2026-05-04
"[04.03.26][ริว] ซึมเศร้า (สัมภาษณ์หมอ) (Trap)",120246310130800260,2026-05-04,not_delivering,ad,,,,,0,,0,0,,,,,,,,,2026-05-04,2026-05-04
"[23.06.25][ริว] ประโยคเดียวในหนังสือที่จะเปลี่ยนชีวิต (Witches)",120232600840790260,2026-05-04,inactive,ad,,,,,0,,0,0,,,,,,,,,2026-05-04,2026-05-04
"[06.10.25][ริว] มีประโยคในหนังสือ (Witches)",120243884480410260,2026-05-04,not_delivering,ad,,,,,0,,0,0,,,,,,,,,2026-05-04,2026-05-04
"[12.02.26][ริว] รักคนอื่น (สัมภาษณ์หมอ) (Trap)",120244521093450260,2026-05-04,not_delivering,ad,,,,,0,,0,0,,,,,,,,,2026-05-04,2026-05-04
"[22.10.25][ริว] ป้ายยา (Remains)",120240664237130260,2026-05-04,inactive,ad,,,,,0,,0,0,,,,,,,,,2026-05-04,2026-05-04
"[22.08.25][ริว] แจกวอลเปเปอร์ (Ghostly)",120236197786070260,2026-05-04,not_delivering,ad,,,,,0,,0,0,,,,,,,,,2026-05-04,2026-05-04
"[04.03.26][ริว] ซึมเศร้า (สัมภาษณ์หมอ) (Trap) (Cross Page)",120245623833990260,2026-05-04,not_delivering,ad,,,,,0,,0,0,,,,,,,,,2026-05-04,2026-05-04
"[03.09.25][ริว] สัญญาณที่ควรอ่าน (Demons)",120236553082830260,2026-05-04,not_delivering,ad,,,,,0,,0,0,,,,,,,,,2026-05-04,2026-05-04
"[23.07.25][ริว] แค่ชื่อก็เหมือนโดนปลอบ (Tried)",120234427154130260,2026-05-04,not_delivering,ad,,,,,0,,0,0,,,,,,,,,2026-05-04,2026-05-04
"[28.08.25][ริว] ประโยคจากหนังสือ (Tried)",120235856501750260,2026-05-04,not_delivering,ad,,,,,0,,0,0,,,,,,,,,2026-05-04,2026-05-04
"[04.09.25][ริว] 9.9 : 3 เล่ม ราคา 999.- (Promotion)",120236189268770260,2026-05-04,not_delivering,ad,,,,,0,,0,0,,,,,,,,,2026-05-04,2026-05-04
"[07.09.25][ริว] ริวร้องไห้กับหนังสือ (Demons)",120236441368950260,2026-05-04,inactive,ad,,,,,0,,0,0,,,,,,,,,2026-05-04,2026-05-04
"[03.09.25][ริว] เปิดตัวปีศาจ 2 (ภาคเสียงและนางแบบมือโดยดาราสาวสองท่าน) (Demons)",120236620456550260,2026-05-04,not_delivering,ad,,,,,0,,0,0,,,,,,,,,2026-05-04,2026-05-04
"[05.04.26][ริว] Chronic Loneliness ภาวะเหงาเรื้อรังที่รู้สึกโดดเดี่ยวอ้างว้างตลอดเวลา AI (Ghostly)",120247589720990260,2026-05-04,not_delivering,ad,การเข้าถึง,0,,,0,,0,0,,,,,,,,,2026-05-04,2026-05-04
"[03.09.25][ริว] จุกอกกับปีศาจ2 (Demons)",120236324479750260,2026-05-04,not_delivering,ad,,,,,0,,0,0,,,,,,,,,2026-05-04,2026-05-04
"[03.09.25][ริว] เปิดตัวปีศาจ 2 (Demons)",120235869229090260,2026-05-04,not_delivering,ad,,,,,0,,0,0,,,,,,,,,2026-05-04,2026-05-04
"[25.11.25][ริว] ซิ่ง Black Friday (Promotion)",120241092129330260,2026-05-04,inactive,ad,,,,,0,,0,0,,,,,,,,,2026-05-04,2026-05-04
"[23.06.25][ริว] ประโยคเดียวในหนังสือที่จะเปลี่ยนชีวิต (Witches)",120232932515500260,2026-05-04,not_delivering,ad,,,,,0,,0,0,,,,,,,,,2026-05-04,2026-05-04
"[03.09.25][ริว] เปิดตัวปีศาจ 2 (ภาคเสียงและนางแบบมือโดยดาราสาวสองท่าน) (Demons)",120236324479830260,2026-05-04,not_delivering,ad,,,,,0,,0,0,,,,,,,,,2026-05-04,2026-05-04
"[17.09.25][ริว] ทุกคนว่าโลกหลังความตาย (Ghostly)",120237333515580260,2026-05-04,not_delivering,ad,,,,,0,,0,0,,,,,,,,,2026-05-04,2026-05-04
"[23.06.25][ริว] ประโยคเดียวในหนังสือที่จะเปลี่ยนชีวิต (Witches)",120231531720390260,2026-05-04,not_delivering,ad,,,,,0,,0,0,,,,,,,,,2026-05-04,2026-05-04
"[06.08.25][ริว] สัญญาณที่บอกว่าคุณต้องพัก (Tried)",120234440306590260,2026-05-04,not_delivering,ad,,,,,0,,0,0,,,,,,,,,2026-05-04,2026-05-04
"[08.07.25][ริว] เราเป็นมนุษย์ (Embrace)",120232415345490260,2026-05-04,archived,ad,,,,,0,,0,0,,,,,,,,,2026-05-04,2026-05-04
"[11.10.25][ริว] ปุณณ์วัฒน์ (Ghostly)",120244054365130260,2026-05-04,not_delivering,ad,,,,,0,,0,0,,,,,,,,,2026-05-04,2026-05-04
"[05.06.25][ริว] ไม่ได้ตั้งใจจะปล่อยให้มันสาย (Ghostly)",120230762758020260,2026-05-04,inactive,ad,,,,,0,,0,0,,,,,,,,,2026-05-04,2026-05-04
"[19.06.25][ริว] บทสนทนาของคนที่ไม่มีโอกาสพูดอีกแล้ว (Ghostly)",120231259934200260,2026-05-04,inactive,ad,,,,,0,,0,0,,,,,,,,,2026-05-04,2026-05-04
"[03.04.26][ริว] โรคซึมเศร้า AI (Trap)",120248070634130260,2026-05-04,active,ad,การสนทนาผ่านการส่งข้อความที่เริ่มขึ้น,2,164.55,409,329.1,1.24278335,3598,3477,1,2,164.55,1,15,4.78043357,91.46748193,0.5,2026-05-04,2026-05-04
"[30.10.25][ริว] การอยู่คนเดียว (Ghostly)",120239976949600260,2026-05-04,not_delivering,ad,,,,,0,,0,0,,,,,,,,,2026-05-04,2026-05-04
"[31.07.25][ริว] สำรวจปีศาจในตัวคุณ (ปีศาจตัวนั้น)",120234316313630260,2026-05-04,inactive,ad,,,,,0,,0,0,,,,,,,,,2026-05-04,2026-05-04
"[03.09.25][ริว] เปิดตัวปีศาจ 2 (Demons)",120236620456540260,2026-05-04,not_delivering,ad,,,,,0,,0,0,,,,,,,,,2026-05-04,2026-05-04
"[28.08.25][ริว] รีวิวหนังสือ 5/5 (Tried)",120235811690630260,2026-05-04,not_delivering,ad,,,,,0,,0,0,,,,,,,,,2026-05-04,2026-05-04
"[19.03.26][ริว] ความสุขเล็ก ๆ (สัมภาษณ์นักเขียน) (Ghostly)",120245759411070260,2026-05-04,not_delivering,ad,,,,,0,,0,0,,,,,,,,,2026-05-04,2026-05-04
"[03.11.25][ริว] ไม่มีความเศร้าไหน (ปีศาจตัวนั้น)",120239857849420260,2026-05-04,not_delivering,ad,,,,,0,,0,0,,,,,,,,,2026-05-04,2026-05-04
"[12.02.26][ริว] คนดีมักรู้สึกผิด (Trap)",120244442888980260,2026-05-04,not_delivering,ad,,,,,0,,0,0,,,,,,,,,2026-05-04,2026-05-04
"[16.02.26][ริว] รีสต็อก (Ghostly)",120244475987880260,2026-05-04,not_delivering,ad,,,,,0,,0,0,,,,,,,,,2026-05-04,2026-05-04
"[29.09.25][ริว] E-Book (Ghostly)",120237712571360260,2026-05-04,not_delivering,ad,,,,,0,,0,0,,,,,,,,,2026-05-04,2026-05-04
"[01.04.26][ริว] เลิกควบคุมสิ่งที่ควมคุมไม่ได้ (AI) (Trap)",120246702152360260,2026-05-04,archived,ad,,,,,0,,0,0,,,,,,,,,2026-05-04,2026-05-04
"[05.08.25][ริว] ประโยคในหนังสือเปลี่ยนชีวิต (Witches)",120235152494180260,2026-05-04,not_delivering,ad,,,,,0,,0,0,,,,,,,,,2026-05-04,2026-05-04
"[03.04.26][ริว] โรคซึมเศร้า AI (Trap)",120247605944700260,2026-05-04,not_delivering,ad,การสนทนาผ่านการส่งข้อความที่เริ่มขึ้น,,,,0,,0,0,,,,,,,,,2026-05-04,2026-05-04
"[29.09.25][ริว] E-Book (Ghostly)",120237712662060260,2026-05-04,not_delivering,ad,,,,,0,,0,0,,,,,,,,,2026-05-04,2026-05-04
"[25.07.25][ริว] แค่อ่านชื่อหน้าปก (Tried)",120234057866950260,2026-05-04,inactive,ad,,,,,0,,0,0,,,,,,,,,2026-05-04,2026-05-04
"[05.03.26][ริว] ลองจินตนาการ (Ghostly)",120245212231070260,2026-05-04,not_delivering,ad,,,,,0,,0,0,,,,,,,,,2026-05-04,2026-05-04
"[10.11.25][ริว] วันนี้เราป้ายยา (Witches)",120240277238120260,2026-05-04,inactive,ad,,,,,0,,0,0,,,,,,,,,2026-05-04,2026-05-04
"[30.08.25][ริว] แค่ประโยคเดียว (Witches)",120235859321670260,2026-05-04,not_delivering,ad,,,,,0,,0,0,,,,,,,,,2026-05-04,2026-05-04
"[05.08.25][ริว] ประโยคในหนังสือเปลี่ยนชีวิต (Witches)",120234425829510260,2026-05-04,inactive,ad,,,,,0,,0,0,,,,,,,,,2026-05-04,2026-05-04
"[05.09.25][ริว] ความผิดพลาด (Witches)",120236552206390260,2026-05-04,not_delivering,ad,,,,,0,,0,0,,,,,,,,,2026-05-04,2026-05-04
"[07.03.26][ริว] เรียนรู้ (Remains)",120245370709330260,2026-05-04,not_delivering,ad,,,,,0,,0,0,,,,,,,,,2026-05-04,2026-05-04
"[04.03.26][ริว] ซึมเศร้า (สัมภาษณ์หมอ) (Trap)",120245622538440260,2026-05-04,not_delivering,ad,,,,,0,,0,0,,,,,,,,,2026-05-04,2026-05-04
"[05.03.26][ริว] ลองจินตนาการ (Ghostly)",120245407844700260,2026-05-04,not_delivering,ad,,,,,0,,0,0,,,,,,,,,2026-05-04,2026-05-04
"[18.10.25][ริว] อยู่คนเดียว (Ghostly) (Reels)",120243125917470260,2026-05-04,not_delivering,ad,,,,,0,,0,0,,,,,,,,,2026-05-04,2026-05-04
"[07.11.25][ริว] 11.11 บุฟเฟต์ 3 เล่ม 999 (Promotion)",120240091997080260,2026-05-04,not_delivering,ad,,,,,0,,0,0,,,,,,,,,2026-05-04,2026-05-04
"[18.09.25][ริว] ถ้าได้ฟังเรื่องราว (Ghostly)",120237845256800260,2026-05-04,inactive,ad,,,,,0,,0,0,,,,,,,,,2026-05-04,2026-05-04
"[08.08.25][ริว] งานศพ (Ghostly)",120235358433280260,2026-05-04,archived,ad,,,,,0,,0,0,,,,,,,,,2026-05-04,2026-05-04
"[01.04.26][ริว] เลิกควบคุมสิ่งที่ควมคุมไม่ได้ (AI) (Trap)",120246607923390260,2026-05-04,not_delivering,ad,,,,,0,,0,0,,,,,,,,,2026-05-04,2026-05-04
"[04.03.26][ริว] ซึมเศร้า (สัมภาษณ์หมอ) (Trap) (Cross Page)",120246513252250260,2026-05-04,not_delivering,ad,,,,,0,,0,0,,,,,,,,,2026-05-04,2026-05-04
"[04.03.26][ริว] ซึมเศร้า (สัมภาษณ์หมอ) (Trap)",120245166667660260,2026-05-04,active,ad,การสนทนาผ่านการส่งข้อความที่เริ่มขึ้น,16,50.1775,1835,802.84,2.28563599,14087,13398,5,16,50.1775,6,56,2.93178107,56.9915525,0.3125,2026-05-04,2026-05-04
"[25.11.25][ริว] ซิ่ง Black Friday (Promotion)",120241092267660260,2026-05-04,inactive,ad,,,,,0,,0,0,,,,,,,,,2026-05-04,2026-05-04
"[03.12.25][ริว] แม่อยากให้ลูกมีอนาคตที่ดี (Remains)",120241905903170260,2026-05-04,inactive,ad,,,,,0,,0,0,,,,,,,,,2026-05-04,2026-05-04
"[04.03.26][ริว] ซึมเศร้า (สัมภาษณ์หมอ) (Trap) (Cross Page)",120245332675130260,2026-05-04,not_delivering,ad,การสนทนาผ่านการส่งข้อความที่เริ่มขึ้น,,,,0,,0,0,,,,,,,,,2026-05-04,2026-05-04
"[01.02.26][ริว] สุขภาพจิตพัง (Trap)",120243835393060260,2026-05-04,not_delivering,ad,,,,,0,,0,0,,,,,,,,,2026-05-04,2026-05-04
"[13.01.26] [ริว] อย่าลืมที่จะรักตัวเอง (Devillove) (Reels)",120243182996580260,2026-05-04,not_delivering,ad,,,,,0,,0,0,,,,,,,,,2026-05-04,2026-05-04
"[23.06.25][ริว] ประโยคเดียวในหนังสือที่จะเปลี่ยนชีวิต (Witches)",120232600912430260,2026-05-04,inactive,ad,,,,,0,,0,0,,,,,,,,,2026-05-04,2026-05-04
"[03.09.25][ริว] เปิดตัวปีศาจ 2 (ภาคเสียงและนางแบบมือโดยดาราสาวสองท่าน) (Demons)",120236323500680260,2026-05-04,inactive,ad,,,,,0,,0,0,,,,,,,,,2026-05-04,2026-05-04
"[03.09.25][ริว] สัญญาณที่ควรอ่าน (Demons)",120235859235010260,2026-05-04,not_delivering,ad,,,,,0,,0,0,,,,,,,,,2026-05-04,2026-05-04
"[09.07.25][ริว] สวัสดียามดึก คุณดวงวิญญาณ (Ghostly)",120235432534190260,2026-05-04,not_delivering,ad,,,,,0,,0,0,,,,,,,,,2026-05-04,2026-05-04
"[06.11.25][ริว] กลับมาอีกครั้ง (Remains)",120239980300610260,2026-05-04,not_delivering,ad,,,,,0,,0,0,,,,,,,,,2026-05-04,2026-05-04
"[03.11.25][ริว] ความกลัวชนะทุกอย่าง (Demons)",120240027918040260,2026-05-04,not_delivering,ad,,,,,0,,0,0,,,,,,,,,2026-05-04,2026-05-04
"[25.07.25][ริว] สัญญาณที่บอกว่าควรอ่าน (Tried)",120234054436780260,2026-05-04,not_delivering,ad,,,,,0,,0,0,,,,,,,,,2026-05-04,2026-05-04
"[19.08.25][ริว] ความสูญเสียทำให้เจ็บปวด (Witches)",120235186536740260,2026-05-04,not_delivering,ad,,,,,0,,0,0,,,,,,,,,2026-05-04,2026-05-04
"[22.08.25][ริว] Payday August 2 Box 999 (Promotion_Payday)",120235249187300260,2026-05-04,inactive,ad,,,,,0,,0,0,,,,,,,,,2026-05-04,2026-05-04
"[06.08.25][ริว] มีชีวิตอยู่อย่างโดดเดี่ยว (ghostly)",120236605075960260,2026-05-04,not_delivering,ad,,,,,0,,0,0,,,,,,,,,2026-05-04,2026-05-04
"[05.09.25][ริว] ความผิดพลาด (Witches)",120236328573700260,2026-05-04,not_delivering,ad,,,,,0,,0,0,,,,,,,,,2026-05-04,2026-05-04
"[22.08.25][ริว] แจกวอลเปเปอร์ (Ghostly)",120236603598850260,2026-05-04,archived,ad,,,,,0,,0,0,,,,,,,,,2026-05-04,2026-05-04
"[06.09.25][ริว] ความกลัวการไม่ถูกรัก (Ghostly)",120236334970020260,2026-05-04,inactive,ad,,,,,0,,0,0,,,,,,,,,2026-05-04,2026-05-04
"[23.06.25][ริว] ประโยคเดียวในหนังสือที่จะเปลี่ยนชีวิต (Witches)",120235301664190260,2026-05-04,not_delivering,ad,,,,,0,,0,0,,,,,,,,,2026-05-04,2026-05-04
"[03.11.25][ริว] ความกลัวชนะทุกอย่าง (Demons)",120239861864450260,2026-05-04,not_delivering,ad,,,,,0,,0,0,,,,,,,,,2026-05-04,2026-05-04
"[06.08.25][ริว] หนังสือการ์ตูนที่อ่านแล้วรักตัวเองมากขึ้น (Ghostly)",120236739576720260,2026-05-04,inactive,ad,,,,,0,,0,0,,,,,,,,,2026-05-04,2026-05-04
"[08.08.25][ริว] mindsetดี (ปีศาจตัวนั้น)",120234605057660260,2026-05-04,not_delivering,ad,,,,,0,,0,0,,,,,,,,,2026-05-04,2026-05-04
"[12.02.26][ริว] รางวัล (Ghostly)",120244263538170260,2026-05-04,not_delivering,ad,,,,,0,,0,0,,,,,,,,,2026-05-04,2026-05-04
"[19.06.25][ริว] บทสนทนาของคนที่ไม่มีโอกาสพูดอีกแล้ว (Ghostly)",120231719647910260,2026-05-04,inactive,ad,,,,,0,,0,0,,,,,,,,,2026-05-04,2026-05-04
"[22.10.25][ริว] (ไม่)นอกใจ (Demons)",120239836524220260,2026-05-04,not_delivering,ad,,,,,0,,0,0,,,,,,,,,2026-05-04,2026-05-04
"[18.09.25][ริว] หยุดพูดแย่ๆกับตัวเอง (Witches)",120237332933360260,2026-05-04,not_delivering,ad,,,,,0,,0,0,,,,,,,,,2026-05-04,2026-05-04
"[09.07.25][ริว] สวัสดียามดึก คุณดวงวิญญาณ (Ghostly)",120234207685580260,2026-05-04,not_delivering,ad,,,,,0,,0,0,,,,,,,,,2026-05-04,2026-05-04
"[23.04.26][ริว] Smiling depression ภาวะซึมเศร้าที่ซ่อนอยู่ใต้รอยยิ้ม AI (Trap)",120248070511120260,2026-05-04,not_delivering,ad,การสนทนาผ่านการส่งข้อความที่เริ่มขึ้น,,,,0,,0,0,,,,,,,,,2026-05-04,2026-05-04
"[18.07.25][ริว] ประโยคจุกอก (Ghostly)",120233149056350260,2026-05-04,inactive,ad,,,,,0,,0,0,,,,,,,,,2026-05-04,2026-05-04
"[06.08.25][ริว] คะแนน 9.9/10 (Tried)",120234441394790260,2026-05-04,inactive,ad,,,,,0,,0,0,,,,,,,,,2026-05-04,2026-05-04
"[03.09.25][ริว] สัญญาณที่ควรอ่าน (Demons)",120236318952000260,2026-05-04,not_delivering,ad,,,,,0,,0,0,,,,,,,,,2026-05-04,2026-05-04
"[25.03.26][ริว] จิตวิทยาของการสูญเสีย เขาบอกไว้ว่า (AI) (Witches)",120246573533560260,2026-05-04,not_delivering,ad,,,,,0,,0,0,,,,,,,,,2026-05-04,2026-05-04
"[16.01.26][ริว] หายเหนื่อย (Tried)",120243290135930260,2026-05-04,inactive,ad,,,,,0,,0,0,,,,,,,,,2026-05-04,2026-05-04
"[14.03.26][ริว] อ่านแล้วโคตรจริง (Witches)",120245562310490260,2026-05-04,not_delivering,ad,,,,,0,,0,0,,,,,,,,,2026-05-04,2026-05-04
"[21.05.25][ริว] ถ้าโลกมันแย่ แค่คิดแบบคาปิบาร่า (Capybara_Boxset)",120229054225990260,2026-05-04,inactive,ad,,,,,0,,0,0,,,,,,,,,2026-05-04,2026-05-04
"[29.09.25][ริว] E-Book (Ghostly)",120240395242180260,2026-05-04,active,ad,การสนทนาผ่านการส่งข้อความที่เริ่มขึ้น,,,,0,,0,0,,,,,,,,,2026-05-04,2026-05-04
"[11.06.25][ริว] หนังสือฮีลใจแห่งปี (Ghostly)",120232764473090260,2026-05-04,not_delivering,ad,,,,,0,,0,0,,,,,,,,,2026-05-04,2026-05-04
"[25.03.26][ริว] จิตวิทยาของการสูญเสีย เขาบอกไว้ว่า (AI) (Witches)",120246202009430260,2026-05-04,inactive,ad,,,,,0,,0,0,,,,,,,,,2026-05-04,2026-05-04
"[17.09.25][ริว] ทุกคนว่าโลกหลังความตาย (Ghostly)",120237559338260260,2026-05-04,not_delivering,ad,,,,,0,,0,0,,,,,,,,,2026-05-04,2026-05-04
"[04.03.26][ริว] ซึมเศร้า (สัมภาษณ์หมอ) (Trap)",120246835224830260,2026-05-04,not_delivering,ad,,,,,0,,0,0,,,,,,,,,2026-05-04,2026-05-04
"[20.10.25][ริว] ความผิดพลาด (Witches)",120239112661920260,2026-05-04,not_delivering,ad,,,,,0,,0,0,,,,,,,,,2026-05-04,2026-05-04
"[13.11.25][ริว] 30 Boxset สุดท้าย (Witches)",120240735389410260,2026-05-04,inactive,ad,,,,,0,,0,0,,,,,,,,,2026-05-04,2026-05-04
"[01.10.25][ริว] ถ้าวันนี้คือวันสุดท้าย (Ghostly)",120237852451390260,2026-05-04,not_delivering,ad,,,,,0,,0,0,,,,,,,,,2026-05-04,2026-05-04
"[03.09.25][ริว] สัญญาณที่ควรอ่าน (Demons)",120235869179110260,2026-05-04,inactive,ad,,,,,0,,0,0,,,,,,,,,2026-05-04,2026-05-04
"[23.05.25][ริว] ประโยคหนึ่งในหนังสือที่เหมือนมีน้องแมวเวทมนตร์มากระซิบ (Witches)",120229194261210260,2026-05-04,inactive,ad,,,,,0,,0,0,,,,,,,,,2026-05-04,2026-05-04
"[25.07.25][ริว] คะแนน9.9/10 (Tried)",120234552176440260,2026-05-04,not_delivering,ad,,,,,0,,0,0,,,,,,,,,2026-05-04,2026-05-04
"[03.09.25][ริว] จุกอกกับปีศาจ2 (Demons)",120236358913790260,2026-05-04,not_delivering,ad,,,,,0,,0,0,,,,,,,,,2026-05-04,2026-05-04
"[30.07.25][ริว] บางครั้งการเอาแต่คิดมาก (Capybara)",120234070848580260,2026-05-04,not_delivering,ad,,,,,0,,0,0,,,,,,,,,2026-05-04,2026-05-04
"[01.07.25][ริว] โทษตัวเอง เพราะแค่เหนื่อย (ปีศาจตัวนั้น)",120231987089540260,2026-05-04,not_delivering,ad,,,,,0,,0,0,,,,,,,,,2026-05-04,2026-05-04
"[26.02.26][ริว] คุยกันทุกวันไม่มีสถานะ (ปีศาจตัวนั้น)",120244932128060260,2026-05-04,not_delivering,ad,,,,,0,,0,0,,,,,,,,,2026-05-04,2026-05-04
"[23.07.25][ริว] PAYDAY SALE JULY (Promotion_Payday) - No Meme",120233337837650260,2026-05-04,not_delivering,ad,,,,,0,,0,0,,,,,,,,,2026-05-04,2026-05-04
"[12.02.26][ริว] คนดีมักรู้สึกผิด (Trap)",120244521408080260,2026-05-04,not_delivering,ad,,,,,0,,0,0,,,,,,,,,2026-05-04,2026-05-04
"[03.04.26][ริว] โรคซึมเศร้า AI (Trap)",120248211330740260,2026-05-04,active,ad,การสนทนาผ่านการส่งข้อความที่เริ่มขึ้น,3,54.78333333,,164.35,,1605,1556,,3,54.78333333,,9,5.91900312,102.39875389,0,2026-05-04,2026-05-04
"[05.09.25][ริว] คาถาเปลี่ยนชีวิต (Witches)",120236326729990260,2026-05-04,not_delivering,ad,,,,,0,,0,0,,,,,,,,,2026-05-04,2026-05-04
"[12.02.26][ริว] หากกำลังโทษตัวเอง (Embrace)",120244294639160260,2026-05-04,not_delivering,ad,,,,,0,,0,0,,,,,,,,,2026-05-04,2026-05-04
"[06.08.25][ริว] กลับมารักตัวเอง (Ghostly)",120236606000590260,2026-05-04,not_delivering,ad,,,,,0,,0,0,,,,,,,,,2026-05-04,2026-05-04
"[23.06.25][ริว] ประโยคเดียวในหนังสือที่จะเปลี่ยนชีวิต (Witches)",120240098124910260,2026-05-04,inactive,ad,,,,,0,,0,0,,,,,,,,,2026-05-04,2026-05-04
"[25.07.25][ริว] รักษาตัวเองให้ดี (Ghostly)",120233558221230260,2026-05-04,not_delivering,ad,,,,,0,,0,0,,,,,,,,,2026-05-04,2026-05-04
"[11.09.25][ริว] ประโยคเดียวในหนังสือ (Witches)",120236735544260260,2026-05-04,not_delivering,ad,,,,,0,,0,0,,,,,,,,,2026-05-04,2026-05-04
"[03.09.25][ริว] จุกอกกับปีศาจ2 (Demons)",120236323055920260,2026-05-04,inactive,ad,,,,,0,,0,0,,,,,,,,,2026-05-04,2026-05-04
"[24.07.25][ริว] ไพ่สำรับนี้ดูดวงแม่น (Witches)",120233469566080260,2026-05-04,not_delivering,ad,,,,,0,,0,0,,,,,,,,,2026-05-04,2026-05-04
"[22.09.25][ริว] แม่อยากให้ลูกมั่นคง (Remains)",120237922323530260,2026-05-04,inactive,ad,,,,,0,,0,0,,,,,,,,,2026-05-04,2026-05-04
"[27.05.25][ริว] ประโยคที่อ่านแล้วจุกอก (Witches)",120229503347270260,2026-05-04,inactive,ad,,,,,0,,0,0,,,,,,,,,2026-05-04,2026-05-04
"[05.09.25][ริว] กลับมารักตัวเองเพราะ (Witches)",120236326295440260,2026-05-04,not_delivering,ad,,,,,0,,0,0,,,,,,,,,2026-05-04,2026-05-04
"[18.09.25][ริว] ถ้าได้ฟังเรื่องราว (Ghostly)",120237558753300260,2026-05-04,inactive,ad,,,,,0,,0,0,,,,,,,,,2026-05-04,2026-05-04
"[01.08.25][ริว] ประโยคเดียวในหนังสือ (Witches)",120234208201370260,2026-05-04,inactive,ad,,,,,0,,0,0,,,,,,,,,2026-05-04,2026-05-04
"[14.06.25][ริว] ประโยคในหนังสือ...ที่อ่านแล้ว ทำให้เรา 'ไม่รู้สึกแปลก' (Witches)",120230769663540260,2026-05-04,inactive,ad,,,,,0,,0,0,,,,,,,,,2026-05-04,2026-05-04
"[27.08.25][ริว] ถูกเอาเปรียบ (Ghostly)",120235861251950260,2026-05-04,not_delivering,ad,,,,,0,,0,0,,,,,,,,,2026-05-04,2026-05-04
"[06.11.25][ริว] กลับมาอีกครั้ง (Remains)",120240333892660260,2026-05-04,not_delivering,ad,,,,,0,,0,0,,,,,,,,,2026-05-04,2026-05-04
"[22.08.25][ริว] เสียดาย (Ghostly)",120236003389070260,2026-05-04,not_delivering,ad,,,,,0,,0,0,,,,,,,,,2026-05-04,2026-05-04
"[12.02.26][ริว] รักคนอื่น (สัมภาษณ์หมอ) (Trap)",120244855729390260,2026-05-04,not_delivering,ad,,,,,0,,0,0,,,,,,,,,2026-05-04,2026-05-04
"[23.05.25][ริว] หนังสือการ์ตูนฮีลใจ (Ghostly)",120229512245420260,2026-05-04,inactive,ad,,,,,0,,0,0,,,,,,,,,2026-05-04,2026-05-04
"[29.09.25][ริว] E-Book (Ghostly)",120237852374480260,2026-05-04,inactive,ad,,,,,0,,0,0,,,,,,,,,2026-05-04,2026-05-04
"[28.06.25][ริว] ถ้าไม่อยากเป็นแบบนี้ อย่าอ่านเล่มนี้ (Ghostly)",120232382445370260,2026-05-04,not_delivering,ad,,,,,0,,0,0,,,,,,,,,2026-05-04,2026-05-04
"[21.03.26][ริว] อย่ากลัวการเปลี่ยนแปลง อย่าหวั่นการเปลี่ยนเส้นทางชีวิต (Kidmakk)",120245847041340260,2026-05-04,not_delivering,ad,,,,,0,,0,0,,,,,,,,,2026-05-04,2026-05-04
"[20.10.25][ริว] ความผิดพลาด (Witches)",120240098203350260,2026-05-04,inactive,ad,,,,,0,,0,0,,,,,,,,,2026-05-04,2026-05-04
"[18.10.25][ริว] อยู่คนเดียว (Ghostly)",120239976976120260,2026-05-04,not_delivering,ad,,,,,0,,0,0,,,,,,,,,2026-05-04,2026-05-04
"[10.04.26][ริว] เสียดายคนตายไม่ได้อ่านเล่มนี้ (Ghostly)",120247314684060260,2026-05-04,inactive,ad,,,,,0,,0,0,,,,,,,,,2026-05-04,2026-05-04
"[16.01.26][ริว] อ่านแล้วใจเบาลง (Tried)",120243290015950260,2026-05-04,inactive,ad,,,,,0,,0,0,,,,,,,,,2026-05-04,2026-05-04
"[27.03.26][ริว] ลดความคาดหวัง ใจเราจะเบาขึ้น (AI) (Remains)",120246200053780260,2026-05-04,inactive,ad,,,,,0,,0,0,,,,,,,,,2026-05-04,2026-05-04
"[01.04.26][ริว] เลิกควบคุมสิ่งที่ควมคุมไม่ได้ (AI) (Trap)",120246607003630260,2026-05-04,not_delivering,ad,,,,,0,,0,0,,,,,,,,,2026-05-04,2026-05-04
"[04.10.25][ริว] เสาหลักของบ้าน (Tried)",120238409028530260,2026-05-04,not_delivering,ad,,,,,0,,0,0,,,,,,,,,2026-05-04,2026-05-04
"[04.03.26][ริว] ซึมเศร้า (สัมภาษณ์หมอ) (Trap) (Cross Page)",120245624446890260,2026-05-04,not_delivering,ad,,,,,0,,0,0,,,,,,,,,2026-05-04,2026-05-04
"[07.11.25][ริว] 11.11 บุฟเฟต์ 3 เล่ม 999 (Promotion)",120240091421620260,2026-05-04,not_delivering,ad,,,,,0,,0,0,,,,,,,,,2026-05-04,2026-05-04
"[05.04.26][ริว] Chronic Loneliness ภาวะเหงาเรื้อรังที่รู้สึกโดดเดี่ยวอ้างว้างตลอดเวลา AI (Ghostly)",120246835244880260,2026-05-04,inactive,ad,การสนทนาผ่านการส่งข้อความที่เริ่มขึ้น,,,,0,,0,0,,,,,,,,,2026-05-04,2026-05-04
"[04.03.26][ริว] ซึมเศร้า (สัมภาษณ์หมอ) (Trap)",120247408900310260,2026-05-04,not_delivering,ad,การสนทนาผ่านการส่งข้อความที่เริ่มขึ้น,1,226.66,409,226.66,1.80446484,3274,3178,1,1,226.66,2,10,2.65729994,69.23029933,1,2026-05-04,2026-05-04
"[08.08.25][ริว] งานศพ (Ghostly)",120234794681110260,2026-05-04,inactive,ad,,,,,0,,0,0,,,,,,,,,2026-05-04,2026-05-04
"[11.06.25][ริว] หนังสือฮีลใจแห่งปี (Ghostly)",120230538494380260,2026-05-04,inactive,ad,,,,,0,,0,0,,,,,,,,,2026-05-04,2026-05-04
"[18.09.25][ริว] หยุดพูดแย่ๆกับตัวเอง (Witches)",120237444174060260,2026-05-04,not_delivering,ad,,,,,0,,0,0,,,,,,,,,2026-05-04,2026-05-04
"[05.04.26][ริว] Chronic Loneliness ภาวะเหงาเรื้อรังที่รู้สึกโดดเดี่ยวอ้างว้างตลอดเวลา AI (Ghostly)",120247588786360260,2026-05-04,active,ad,การเข้าถึง,10277,9.498881,,97.62,,10277,10277,,,,,18,0.20433979,9.498881,,2026-05-04,2026-05-04
"[08.08.25][ริว] คิดถึงแฟนเก่า (ปีศาจตัวนั้น)",120234605062360260,2026-05-04,not_delivering,ad,,,,,0,,0,0,,,,,,,,,2026-05-04,2026-05-04
"[23.07.25][ริว] แค่ชื่อก็เหมือนโดนปลอบ (Tried)",120233364191350260,2026-05-04,inactive,ad,,,,,0,,0,0,,,,,,,,,2026-05-04,2026-05-04
"[01.04.26][ริว] เลิกควบคุมสิ่งที่ควมคุมไม่ได้ (AI) (Trap) - สำเนา",120246783780130260,2026-05-04,not_delivering,ad,,,,,0,,0,0,,,,,,,,,2026-05-04,2026-05-04
"[22.07.25][ริว] วันนี้เธอเหนื่อยไหม (Tried)",120233024674730260,2026-05-04,not_delivering,ad,,,,,0,,0,0,,,,,,,,,2026-05-04,2026-05-04
"[08.08.25][ริว] mindsetดี (ปีศาจตัวนั้น)",120234604089880260,2026-05-04,inactive,ad,,,,,0,,0,0,,,,,,,,,2026-05-04,2026-05-04
"[30.01.26][ริว] ถ้าคนที่เรารัก (Ghostly)",120243742270310260,2026-05-04,inactive,ad,,,,,0,,0,0,,,,,,,,,2026-05-04,2026-05-04
"[24.07.25][ริว] แค่หนังสือร้องไห้ทำไม (ปีศาจตัวนั้น)",120233469177900260,2026-05-04,not_delivering,ad,,,,,0,,0,0,,,,,,,,,2026-05-04,2026-05-04
"[03.10.25][ริว] จะเป็นยังไง (Remains)",120237922762580260,2026-05-04,inactive,ad,,,,,0,,0,0,,,,,,,,,2026-05-04,2026-05-04
"[22.10.25][ริว] ป้ายยา (Remains)",120239115125230260,2026-05-04,inactive,ad,,,,,0,,0,0,,,,,,,,,2026-05-04,2026-05-04
"[22.10.25][ริว] ป้ายยาหนังสือน่ารัก (Witches)",120239970741900260,2026-05-04,inactive,ad,,,,,0,,0,0,,,,,,,,,2026-05-04,2026-05-04
"[03.07.25][ริว][Cross Page] ไม่ได้ตั้งใจจะปล่อยให้มันสาย (Ghostly)",120232174472620260,2026-05-04,not_delivering,ad,,,,,0,,0,0,,,,,,,,,2026-05-04,2026-05-04
"[24.07.25][ริว] ไพ่สำรับนี้ดูดวงแม่น (Witches)",120235186324600260,2026-05-04,not_delivering,ad,,,,,0,,0,0,,,,,,,,,2026-05-04,2026-05-04
"[18.08.25][ริว] กดดันตัวเองมาทั้งชีวิต (Embrace)",120235184817960260,2026-05-04,not_delivering,ad,,,,,0,,0,0,,,,,,,,,2026-05-04,2026-05-04
"[22.10.25][ริว] ป้ายยาหนังสือน่ารัก (Witches)",120239113844200260,2026-05-04,not_delivering,ad,,,,,0,,0,0,,,,,,,,,2026-05-04,2026-05-04
"[12.08.25][ริว] คะแนน 11/10 (Witches)",120234722245710260,2026-05-04,not_delivering,ad,,,,,0,,0,0,,,,,,,,,2026-05-04,2026-05-04
"[06.08.25][ริว] หนังสือการ์ตูนที่อ่านแล้วรักตัวเองมากขึ้น (Ghostly)",120235868330010260,2026-05-04,not_delivering,ad,,,,,0,,0,0,,,,,,,,,2026-05-04,2026-05-04
"[16.10.25][ริว] เมไอสัมภาษณ์ปีศาจ2 (Demons)",120238788809920260,2026-05-04,inactive,ad,,,,,0,,0,0,,,,,,,,,2026-05-04,2026-05-04
"[06.08.25][ริว] รีวิวการ์ตูนฮีลใจแห่งปี (Ghostly)",120236739454540260,2026-05-04,inactive,ad,,,,,0,,0,0,,,,,,,,,2026-05-04,2026-05-04
"[13.10.25][ริว] เล่มลายเซ็น (Remains)",120238862259600260,2026-05-04,not_delivering,ad,,,,,0,,0,0,,,,,,,,,2026-05-04,2026-05-04
"[23.06.25][ริว] ประโยคเดียวในหนังสือที่จะเปลี่ยนชีวิต (Witches)",120233387492020260,2026-05-04,not_delivering,ad,,,,,0,,0,0,,,,,,,,,2026-05-04,2026-05-04
"[29.10.25][ริว] ป้ายยา 2 หนังสือ (Remains)",120239540621860260,2026-05-04,inactive,ad,,,,,0,,0,0,,,,,,,,,2026-05-04,2026-05-04
"[23.06.25][ริว] ประโยคเดียวในหนังสือที่จะเปลี่ยนชีวิต (Witches)",120236619734450260,2026-05-04,not_delivering,ad,,,,,0,,0,0,,,,,,,,,2026-05-04,2026-05-04
"[31.03.26][ริว] อย่าปล่อยให้พ่อแม่รอ กลับไปเยี่ยมในวันที่ยังมีโอกาส (Ghostly)",120246421414460260,2026-05-04,not_delivering,ad,,,,,0,,0,0,,,,,,,,,2026-05-04,2026-05-04
"[11.02.26][ริว] ภาคต่อ 359.- ส่งฟรี (Remains)",120244592767620260,2026-05-04,not_delivering,ad,,,,,0,,0,0,,,,,,,,,2026-05-04,2026-05-04
"[30.07.25][ริว] โดนตกเพราะหลังปก (Home)",120234072166610260,2026-05-04,inactive,ad,,,,,0,,0,0,,,,,,,,,2026-05-04,2026-05-04
"[14.06.25][ริว] ประโยคในหนังสือ...ที่อ่านแล้ว ทำให้เรา 'ไม่รู้สึกแปลก' (Witches)",120230770730200260,2026-05-04,inactive,ad,,,,,0,,0,0,,,,,,,,,2026-05-04,2026-05-04
"[01.04.26][ริว] เลิกควบคุมสิ่งที่ควมคุมไม่ได้ (AI) (Trap)",120246834439960260,2026-05-04,not_delivering,ad,การสนทนาผ่านการส่งข้อความที่เริ่มขึ้น,,,,0,,0,0,,,,,,,,,2026-05-04,2026-05-04
"[08.07.25][ริว] ย่านเมืองเก่ามีร้านคาเฟ่ร้านนึงเปิดหลังเที่ยงคืน (Ghostly)",120233369285310260,2026-05-04,inactive,ad,,,,,0,,0,0,,,,,,,,,2026-05-04,2026-05-04
"[30.08.25][ริว] แค่ประโยคเดียว (Witches)",120236021779400260,2026-05-04,not_delivering,ad,,,,,0,,0,0,,,,,,,,,2026-05-04,2026-05-04
"[06.08.25][ริว] ไม่ว่าชีวิตจะบัดซบ (Tried)",120234614620410260,2026-05-04,not_delivering,ad,,,,,0,,0,0,,,,,,,,,2026-05-04,2026-05-04
"[24.10.25][ริว] PAYDAY OPD E-Book 1 แถม 1 (Promotion)",120240278371620260,2026-05-04,inactive,ad,,,,,0,,0,0,,,,,,,,,2026-05-04,2026-05-04
"[06.08.25][ริว] หนังสือพัฒนาตัวเอง (Tried)",120234466952840260,2026-05-04,not_delivering,ad,,,,,0,,0,0,,,,,,,,,2026-05-04,2026-05-04
"[17.09.25][ริว] ทุกคนว่าโลกหลังความตาย (Ghostly)",120237028371670260,2026-05-04,not_delivering,ad,,,,,0,,0,0,,,,,,,,,2026-05-04,2026-05-04
"[09.09.25][ริว] โตขึ้น พ่อแม่แก่ตัวลง (Demons)",120236832228910260,2026-05-04,inactive,ad,,,,,0,,0,0,,,,,,,,,2026-05-04,2026-05-04
"[23.07.25][ริว] PAYDAY SALE JULY (Promotion_Payday) - No Meme",120233338606220260,2026-05-04,not_delivering,ad,,,,,0,,0,0,,,,,,,,,2026-05-04,2026-05-04
"[13.02.26][ริว] การมีชีวิตอยู่อย่างโดดเดี่ยว (Ghostly)",120244296275150260,2026-05-04,not_delivering,ad,,,,,0,,0,0,,,,,,,,,2026-05-04,2026-05-04
"[23.06.25][ริว] ประโยคเดียวในหนังสือที่จะเปลี่ยนชีวิต (Witches)",120232601031060260,2026-05-04,not_delivering,ad,,,,,0,,0,0,,,,,,,,,2026-05-04,2026-05-04
"[11.10.25][ริว] ปุณณ์วัฒน์ (Ghostly)",120247246818260260,2026-05-04,inactive,ad,การสนทนาผ่านการส่งข้อความที่เริ่มขึ้น,,,,0,,0,0,,,,,,,,,2026-05-04,2026-05-04
"[16.10.25][ริว] ผลงานภาคต่อ (Remains)",120238719560730260,2026-05-04,not_delivering,ad,,,,,0,,0,0,,,,,,,,,2026-05-04,2026-05-04
"[28.06.25][ริว] ถ้าไม่อยากเป็นแบบนี้ อย่าอ่านเล่มนี้ (Ghostly)",120232382487260260,2026-05-04,inactive,ad,,,,,0,,0,0,,,,,,,,,2026-05-04,2026-05-04
"[23.05.25][ริว] หนังสือการ์ตูนฮีลใจ (Ghostly)",120229512447230260,2026-05-04,inactive,ad,,,,,0,,0,0,,,,,,,,,2026-05-04,2026-05-04
"[29.03.26][ริว] วิธีรับมือโรคแพนิค (AI) (Trap) - สำเนา",120246786635380260,2026-05-04,not_delivering,ad,การสนทนาผ่านการส่งข้อความที่เริ่มขึ้น,,,,0,,0,0,,,,,,,,,2026-05-04,2026-05-04
"[25.04.26][ริว] ถ้าคุณจากโลกนี้ไป ใครจะเป็นคนที่เศร้าที่สุด AI (Remains)",120247923662480260,2026-05-04,archived,ad,,,,,0,,0,0,,,,,,,,,2026-05-04,2026-05-04
"[05.02.26][ริว] Boxset ลายเซ็น (Witches)",120244008823780260,2026-05-04,not_delivering,ad,,,,,0,,0,0,,,,,,,,,2026-05-04,2026-05-04
"[23.03.26][ริว] ถ้าคืนนี้เป็นคืนสุดท้าย (AI) (Ghostly)",120246203465230260,2026-05-04,inactive,ad,,,,,0,,0,0,,,,,,,,,2026-05-04,2026-05-04
"[20.03.26][ริว] เล่มนี้คือภาคต่อที่ควรอ่าน (Remains)",120245968648130260,2026-05-04,inactive,ad,,,,,0,,0,0,,,,,,,,,2026-05-04,2026-05-04
"[06.08.25][ริว] คะแนน 10/10 (Tried)",120234941325420260,2026-05-04,not_delivering,ad,,,,,0,,0,0,,,,,,,,,2026-05-04,2026-05-04
"[05.09.25][ริว] รีวิวหนังสือ 5/5 (Witches)",120236549762460260,2026-05-04,not_delivering,ad,,,,,0,,0,0,,,,,,,,,2026-05-04,2026-05-04
"[03.04.26][ริว] โรคซึมเศร้า AI (Trap)",120246702152400260,2026-05-04,archived,ad,,,,,0,,0,0,,,,,,,,,2026-05-04,2026-05-04
"[22.07.25][ริว] วันนี้เธอเหนื่อยไหม (Tried)",120234552232660260,2026-05-04,not_delivering,ad,,,,,0,,0,0,,,,,,,,,2026-05-04,2026-05-04
"[16.10.25][ริว] คะแนน 9.9/10 (Remains)",120238719051570260,2026-05-04,inactive,ad,,,,,0,,0,0,,,,,,,,,2026-05-04,2026-05-04
"[09.10.25][ริว] นี่คือไพ่ทำนายดวง (Witches)",120238409497060260,2026-05-04,inactive,ad,,,,,0,,0,0,,,,,,,,,2026-05-04,2026-05-04
"[29.04.26][ริว] การอยู่คนเดียวคือทักษะที่ดีที่สุด AI (Ghostly)",120248072650030260,2026-05-04,active,ad,การเข้าถึง,10414,9.21547916,,95.97,,10414,10414,,,,,5,0.1152295,9.21547916,,2026-05-04,2026-05-04
"[04.03.26][ริว] ซึมเศร้า (สัมภาษณ์หมอ) (Trap)",120246565473590260,2026-05-04,archived,ad,,,,,0,,0,0,,,,,,,,,2026-05-04,2026-05-04
"[06.08.25][ริว] มีชีวิตอยู่อย่างโดดเดี่ยว (ghostly)",120235151926920260,2026-05-04,not_delivering,ad,,,,,0,,0,0,,,,,,,,,2026-05-04,2026-05-04
"[25.08.25][ริว] ไพ่สำรับนี้ (Witches)",120235634316340260,2026-05-04,not_delivering,ad,,,,,0,,0,0,,,,,,,,,2026-05-04,2026-05-04
"[23.02.26][ริว] แม่คือคนรับผิดชอบ (Trap)",120245036348120260,2026-05-04,not_delivering,ad,การสนทนาผ่านการส่งข้อความที่เริ่มขึ้น,,,,0,,0,0,,,,,,,,,2026-05-04,2026-05-04
"[23.06.25][ริว] ประโยคเดียวในหนังสือที่จะเปลี่ยนชีวิต (Witches)",120232931475920260,2026-05-04,not_delivering,ad,,,,,0,,0,0,,,,,,,,,2026-05-04,2026-05-04
"[29.03.26][ริว] วิธีรับมือโรคแพนิค (AI) (Trap)",120246404194440260,2026-05-04,not_delivering,ad,การสนทนาผ่านการส่งข้อความที่เริ่มขึ้น,,,,0,,0,0,,,,,,,,,2026-05-04,2026-05-04
"[12.12.25][ริว] โปร299 (Ghostly)",120243608026950260,2026-05-04,not_delivering,ad,,,,,0,,0,0,,,,,,,,,2026-05-04,2026-05-04
"[06.08.25][ริว] มีชีวิตอยู่อย่างโดดเดี่ยว (ghostly)",120239977789790260,2026-05-04,not_delivering,ad,,,,,0,,0,0,,,,,,,,,2026-05-04,2026-05-04
"[27.05.25][ริว] ประโยคที่อ่านแล้วจุกอก (Witches)",120229497787420260,2026-05-04,inactive,ad,,,,,0,,0,0,,,,,,,,,2026-05-04,2026-05-04
"[23.06.25][ริว] ประโยคเดียวในหนังสือที่จะเปลี่ยนชีวิต (Witches)",120240905459180260,2026-05-04,inactive,ad,,,,,0,,0,0,,,,,,,,,2026-05-04,2026-05-04
"[10.03.26][ริว] ซึมเศร้า animation (Trap)",120245845956510260,2026-05-04,not_delivering,ad,,,,,0,,0,0,,,,,,,,,2026-05-04,2026-05-04
"[13.01.26] [ริว] เพราะพรุ่งนี้อาจมาไม่ถึง (Kiwtum) (Reels)",120243182635000260,2026-05-04,not_delivering,ad,,,,,0,,0,0,,,,,,,,,2026-05-04,2026-05-04
"[13.10.25][ริว] เล่มลายเซ็น (Remains)",120238790311540260,2026-05-04,inactive,ad,,,,,0,,0,0,,,,,,,,,2026-05-04,2026-05-04
"[22.10.25][ริว] ป้ายยาหนังสือน่ารัก (Witches)",120240490222420260,2026-05-04,inactive,ad,,,,,0,,0,0,,,,,,,,,2026-05-04,2026-05-04
"[03.07.25][ริว][Cross Page] ไม่ได้ตั้งใจจะปล่อยให้มันสาย (Ghostly)",120232520630360260,2026-05-04,inactive,ad,,,,,0,,0,0,,,,,,,,,2026-05-04,2026-05-04
"[30.10.25][ริว] การอยู่คนเดียว (Ghostly)",120240102388250260,2026-05-04,inactive,ad,,,,,0,,0,0,,,,,,,,,2026-05-04,2026-05-04
"[27.08.25][ริว] ถูกเอาเปรียบ (Ghostly)",120235864430670260,2026-05-04,not_delivering,ad,,,,,0,,0,0,,,,,,,,,2026-05-04,2026-05-04
"[12.09.25][ริว] วันที่ความกลัวชนะทุกอย่าง (ปีศาจตัวนั้น)",120236739060660260,2026-05-04,not_delivering,ad,,,,,0,,0,0,,,,,,,,,2026-05-04,2026-05-04
"[06.10.25][ริว] แม่ที่รักลูก (Remains)",120238557229370260,2026-05-04,not_delivering,ad,,,,,0,,0,0,,,,,,,,,2026-05-04,2026-05-04
"[23.02.26][ริว] แม่คือคนรับผิดชอบ (Trap)",120245730613830260,2026-05-04,not_delivering,ad,,,,,0,,0,0,,,,,,,,,2026-05-04,2026-05-04
"[16.01.26][ริว] ประโยคเดียว (Witches)",120244055279860260,2026-05-04,not_delivering,ad,,,,,0,,0,0,,,,,,,,,2026-05-04,2026-05-04
"[07.10.25][ริว][มหกรรมหนังสือ30] เชิญชวนงานหนังสือคุณเมไอ (Engage)",120238218701490260,2026-05-04,inactive,ad,,,,,0,,0,0,,,,,,,,,2026-05-04,2026-05-04
"[10.11.25][ริว] วันนี้เราป้ายยา (Witches)",120240276635530260,2026-05-04,not_delivering,ad,,,,,0,,0,0,,,,,,,,,2026-05-04,2026-05-04
"[22.08.25][ริว] แจกวอลเปเปอร์ (Ghostly)",120236604297650260,2026-05-04,inactive,ad,,,,,0,,0,0,,,,,,,,,2026-05-04,2026-05-04
"[20.11.25][ริว] ไม่มีเขาแล้ว (Demons)",120241407826550260,2026-05-04,inactive,ad,,,,,0,,0,0,,,,,,,,,2026-05-04,2026-05-04
"[22.09.25][ริว] แม่อยากให้ลูกมั่นคง (Remains)",120240664237150260,2026-05-04,inactive,ad,,,,,0,,0,0,,,,,,,,,2026-05-04,2026-05-04
"[10.03.26][ริว] ซึมเศร้า animation (Trap)",120245978887910260,2026-05-04,not_delivering,ad,,,,,0,,0,0,,,,,,,,,2026-05-04,2026-05-04
"[21.10.25][ริว] มีประโยค (Remains)",120239267914210260,2026-05-04,inactive,ad,,,,,0,,0,0,,,,,,,,,2026-05-04,2026-05-04
"[06.10.25][ริว] มีประโยคในหนังสือ (Witches)",120238148886640260,2026-05-04,not_delivering,ad,,,,,0,,0,0,,,,,,,,,2026-05-04,2026-05-04
"[12.11.25][ริว] รักตัวเองก่อน (ปีศาจตัวนั้น)",120240908310000260,2026-05-04,inactive,ad,,,,,0,,0,0,,,,,,,,,2026-05-04,2026-05-04
"[17.10.25][ริว] ซึมตั้งแต่อ่านปก (Tried)",120239442615690260,2026-05-04,not_delivering,ad,,,,,0,,0,0,,,,,,,,,2026-05-04,2026-05-04
"[18.11.25][ริว] หนังสือฮีลใจแห่งปี (Remains)",120240741119250260,2026-05-04,inactive,ad,,,,,0,,0,0,,,,,,,,,2026-05-04,2026-05-04
"[20.11.25][ริว] ไม่มีเขาแล้ว (Demons)",120240850478350260,2026-05-04,not_delivering,ad,,,,,0,,0,0,,,,,,,,,2026-05-04,2026-05-04
"[03.09.25][ริว] เปิดตัวปีศาจ 2 (Demons)",120236021958310260,2026-05-04,archived,ad,,,,,0,,0,0,,,,,,,,,2026-05-04,2026-05-04
"[23.02.26][ริว] แม่คือคนรับผิดชอบ (Trap)",120245282152870260,2026-05-04,not_delivering,ad,,,,,0,,0,0,,,,,,,,,2026-05-04,2026-05-04
"[22.10.25][ริว] (ไม่)นอกใจ (Demons)",120240179530970260,2026-05-04,not_delivering,ad,,,,,0,,0,0,,,,,,,,,2026-05-04,2026-05-04
"[12.11.25][ริว] (ไม่)ยอมลดคุณค่าตัวเอง (ปีศาจตัวนั้น)",120240908309980260,2026-05-04,not_delivering,ad,,,,,0,,0,0,,,,,,,,,2026-05-04,2026-05-04
"[23.06.25][ริว] ประโยคเดียวในหนังสือที่จะเปลี่ยนชีวิต (Witches)",120232930614310260,2026-05-04,inactive,ad,,,,,0,,0,0,,,,,,,,,2026-05-04,2026-05-04
"[18.07.25][ริว] ประโยคจุกอก (Ghostly)",120234918883530260,2026-05-04,not_delivering,ad,,,,,0,,0,0,,,,,,,,,2026-05-04,2026-05-04
"[11.10.25][ริว] ปุณณ์วัฒน์ (Ghostly)",120241914515530260,2026-05-04,not_delivering,ad,,,,,0,,0,0,,,,,,,,,2026-05-04,2026-05-04
"[28.06.25][ริว] ถ้าไม่อยากเป็นแบบนี้ อย่าอ่านเล่มนี้ (Ghostly)",120231818963750260,2026-05-04,archived,ad,,,,,0,,0,0,,,,,,,,,2026-05-04,2026-05-04
"[03.04.26][ริว] โรคซึมเศร้า AI (Trap) - สำเนา",120246786773960260,2026-05-04,not_delivering,ad,,,,,0,,0,0,,,,,,,,,2026-05-04,2026-05-04
"[01.04.26][ริว] เลิกควบคุมสิ่งที่ควมคุมไม่ได้ (AI) (Trap)",120246780326200260,2026-05-04,inactive,ad,,,,,0,,0,0,,,,,,,,,2026-05-04,2026-05-04
"[25.08.25][ริว] ไพ่สำรับนี้ (Witches)",120235634057850260,2026-05-04,not_delivering,ad,,,,,0,,0,0,,,,,,,,,2026-05-04,2026-05-04
"[11.10.25][ริว] ปุณณ์วัฒน์ (Ghostly)",120242967808360260,2026-05-04,not_delivering,ad,,,,,0,,0,0,,,,,,,,,2026-05-04,2026-05-04
"[23.07.25][ริว] PAYDAY SALE JULY (Promotion_Payday) - No Meme",120233337906840260,2026-05-04,inactive,ad,,,,,0,,0,0,,,,,,,,,2026-05-04,2026-05-04
"[21.08.25][ริว] อะไรแอบมองเราอยู่น้า (Witches)",120235627967560260,2026-05-04,not_delivering,ad,,,,,0,,0,0,,,,,,,,,2026-05-04,2026-05-04
"[21.05.25][ริว] บอกต่อหนังสือที่เหมือนมีเเพื่อนสนิทคอยให้คำแนะนำอยู่ข้าง ๆ (Witches)",120229053830360260,2026-05-04,inactive,ad,,,,,0,,0,0,,,,,,,,,2026-05-04,2026-05-04
"[18.07.25][ริว] ประโยคจุกอก (Ghostly)",120233259134170260,2026-05-04,not_delivering,ad,,,,,0,,0,0,,,,,,,,,2026-05-04,2026-05-04
"[11.10.25][ริว] ปุณณ์วัฒน์ (Ghostly)",120244475845750260,2026-05-04,not_delivering,ad,,,,,0,,0,0,,,,,,,,,2026-05-04,2026-05-04
"[05.09.25][ริว] ประโยคเตือนสติ (Witches)",120236625701510260,2026-05-04,not_delivering,ad,,,,,0,,0,0,,,,,,,,,2026-05-04,2026-05-04
"[01.04.26][ริว] เลิกควบคุมสิ่งที่ควมคุมไม่ได้ (AI) (Trap)",120246512186410260,2026-05-04,not_delivering,ad,การสนทนาผ่านการส่งข้อความที่เริ่มขึ้น,,,,0,,0,0,,,,,,,,,2026-05-04,2026-05-04
"[02.06.25][ริว] 5 เหตุผลที่ต้องอ่าน (Ghostly)",120229860140940260,2026-05-04,inactive,ad,,,,,0,,0,0,,,,,,,,,2026-05-04,2026-05-04
"[08.07.25][ริว] หนังสือฮีลใจยอดขายอันดับ1 (Ghostly)",120234207902510260,2026-05-04,inactive,ad,,,,,0,,0,0,,,,,,,,,2026-05-04,2026-05-04
"[18.07.25][ริว] ประโยคจุกอก (Ghostly)",120233016505110260,2026-05-04,not_delivering,ad,,,,,0,,0,0,,,,,,,,,2026-05-04,2026-05-04
"[24.07.25][ริว] หนังสือใหม่ล่าสุด (Ghostly)",120233475889700260,2026-05-04,not_delivering,ad,,,,,0,,0,0,,,,,,,,,2026-05-04,2026-05-04
"[23.02.26][ริว] แม่คือคนรับผิดชอบ (Trap) (Cross Page)",120245168187440260,2026-05-04,not_delivering,ad,,,,,0,,0,0,,,,,,,,,2026-05-04,2026-05-04
"[24.12.25][ริว] ไพ่ทำนายดวง (Witches)",120242558059070260,2026-05-04,not_delivering,ad,,,,,0,,0,0,,,,,,,,,2026-05-04,2026-05-04
"[01.05.26][ริว] เลิกคิดมาก ถ้าอยากสำเร็จ AI (Trap)",120248170173970260,2026-05-04,not_delivering,ad,การสนทนาผ่านการส่งข้อความที่เริ่มขึ้น,,,,167.9,,723,634,,,,,7,5.53250346,232.22683264,,2026-05-04,2026-05-04
"[22.10.25][ริว] ป้ายยาหนังสือน่ารัก (Witches)",120240098841030260,2026-05-04,archived,ad,,,,,0,,0,0,,,,,,,,,2026-05-04,2026-05-04
"[03.12.25][ริว] แม่อยากให้ลูกมีอนาคตที่ดี (Remains)",120244259802950260,2026-05-04,inactive,ad,,,,,0,,0,0,,,,,,,,,2026-05-04,2026-05-04
"[06.03.26][ริว] พรีออเดอร์เล่มลายเซ็น (Trap)",120245259601940260,2026-05-04,not_delivering,ad,,,,,0,,0,0,,,,,,,,,2026-05-04,2026-05-04
"[13.08.25][ริว] อ่านจบแล้วเปลี่ยนชีวิต (Capybara)",120234824997320260,2026-05-04,inactive,ad,,,,,0,,0,0,,,,,,,,,2026-05-04,2026-05-04
"[23.05.25][ริว] หนังสือการ์ตูนฮีลใจ (Ghostly)",120229263858670260,2026-05-04,inactive,ad,,,,,0,,0,0,,,,,,,,,2026-05-04,2026-05-04
"[31.10.25][ริว] อ่านแล้วหายเหนื่อย (Tried)",120240096826270260,2026-05-04,not_delivering,ad,,,,,0,,0,0,,,,,,,,,2026-05-04,2026-05-04
"[24.07.25][ริว] หนังสือใหม่ล่าสุด (Ghostly)",120234415276290260,2026-05-04,inactive,ad,,,,,0,,0,0,,,,,,,,,2026-05-04,2026-05-04
"[23.06.25][ริว] หนังสือที่เล่นกับใจคนอ่านมากที่สุด (Ghostly)",120231258099470260,2026-05-04,inactive,ad,,,,,0,,0,0,,,,,,,,,2026-05-04,2026-05-04
"[07.08.25][ริว] วันนี้คุณขอบคุณตัวเองยัง (Tried)",120234554545690260,2026-05-04,inactive,ad,,,,,0,,0,0,,,,,,,,,2026-05-04,2026-05-04
"[29.09.25][ริว] เลือกปกหนังสือ (Remains)",120237715972570260,2026-05-04,inactive,ad,,,,,0,,0,0,,,,,,,,,2026-05-04,2026-05-04
"[29.03.26][ริว] วิธีรับมือโรคแพนิค (AI) (Trap)",120246607827980260,2026-05-04,not_delivering,ad,,,,,0,,0,0,,,,,,,,,2026-05-04,2026-05-04
"[22.10.25][ริว] ป้ายยาหนังสือน่ารัก (Witches)",120240099152760260,2026-05-04,inactive,ad,,,,,0,,0,0,,,,,,,,,2026-05-04,2026-05-04
"[03.12.25][ริว] แม่อยากให้ลูกมีอนาคตที่ดี (Remains)",120241546114280260,2026-05-04,not_delivering,ad,,,,,0,,0,0,,,,,,,,,2026-05-04,2026-05-04
"[25.11.25][ริว] ซิ่ง Black Friday (Promotion)",120241154094560260,2026-05-04,not_delivering,ad,,,,,0,,0,0,,,,,,,,,2026-05-04,2026-05-04
"[13.06.25][ริว] ถ้าคืนนี้เป็นคืนสุดท้ายของชีวิต (Ghostly)",120231053236100260,2026-05-04,inactive,ad,,,,,0,,0,0,,,,,,,,,2026-05-04,2026-05-04
"[25.04.26][ริว] ถ้าคุณจากโลกนี้ไป ใครจะเป็นคนที่เศร้าที่สุด AI (Remains)",120247924379140260,2026-05-04,not_delivering,ad,"การซื้อบน Meta",,,,0,,0,0,,,,,,,,,2026-05-04,2026-05-04
"[20.04.26][ริว] อีโก้ไม่ใช่เรื่องแย่ แต่ต้องมีอย่างพอดี AI (Kiwtum)",120247719900050260,2026-05-04,not_delivering,ad,"การซื้อบน Meta",,,,0,,0,0,,,,,,,,,2026-05-04,2026-05-04
"[30.08.25][ริว] แค่ประโยคเดียว (Witches)",120236192359090260,2026-05-04,not_delivering,ad,,,,,0,,0,0,,,,,,,,,2026-05-04,2026-05-04
"[01.04.26][ริว] เลิกควบคุมสิ่งที่ควมคุมไม่ได้ (AI) (Trap)",120247044993520260,2026-05-04,not_delivering,ad,,,,,0,,0,0,,,,,,,,,2026-05-04,2026-05-04
"[22.10.25][ริว] ป้ายยาหนังสือน่ารัก (Witches)",120239255039720260,2026-05-04,not_delivering,ad,,,,,0,,0,0,,,,,,,,,2026-05-04,2026-05-04
"[18.07.25][ริว] ประโยคจุกอก (Ghostly)",120234552105110260,2026-05-04,not_delivering,ad,,,,,0,,0,0,,,,,,,,,2026-05-04,2026-05-04
"[13.08.25][ริว] สปอยเงาปีศาจ (Demons)",120234821138290260,2026-05-04,not_delivering,ad,,,,,0,,0,0,,,,,,,,,2026-05-04,2026-05-04
"[06.10.25][ริว] มีประโยคในหนังสือ (Witches)",120239112589060260,2026-05-04,not_delivering,ad,,,,,0,,0,0,,,,,,,,,2026-05-04,2026-05-04
"[31.10.25][ริว] อ่านแล้วหายเหนื่อย (Tried)",120243520795790260,2026-05-04,not_delivering,ad,,,,,0,,0,0,,,,,,,,,2026-05-04,2026-05-04
"[22.10.25][ริว] ป้ายยา (Remains)",120239115667520260,2026-05-04,not_delivering,ad,,,,,0,,0,0,,,,,,,,,2026-05-04,2026-05-04
"[09.04.26][ริว] คำถามวัดใจไซโคพาธ Psychopath AI (Trap)",120246881436300260,2026-05-04,not_delivering,ad,การสนทนาผ่านการส่งข้อความที่เริ่มขึ้น,,,,0,,0,0,,,,,,,,,2026-05-04,2026-05-04
"[11.06.25][ริว] หนังสือเล่มนี้…เขียนถึงคนที่เก่งมากในการยิ้มทั้งที่ไม่ไหว (ปีศาจตัวนั้น)",120230527626540260,2026-05-04,not_delivering,ad,,,,,0,,0,0,,,,,,,,,2026-05-04,2026-05-04
"[06.08.25][ริว] มีชีวิตอยู่อย่างโดดเดี่ยว (Ghostly)",120234487658120260,2026-05-04,inactive,ad,,,,,0,,0,0,,,,,,,,,2026-05-04,2026-05-04
"[04.03.26][ริว] ซึมเศร้า (สัมภาษณ์หมอ) (Trap)",120247192524530260,2026-05-04,not_delivering,ad,,,,,0,,0,0,,,,,,,,,2026-05-04,2026-05-04
"[28.05.25][ริว] หนังสือฮีลใจที่ไม่ได้พูดถึงเรื่องความตาย (Ghostly)",120229647237010260,2026-05-04,inactive,ad,,,,,0,,0,0,,,,,,,,,2026-05-04,2026-05-04
"[31.07.25][ริว] 30 เล่มสุดท้ายส่งจากคลัง (Ghostly)",120234053727950260,2026-05-04,inactive,ad,,,,,0,,0,0,,,,,,,,,2026-05-04,2026-05-04
"[09.09.25][ริว] สบายวันไหน (ปีศาจตัวนั้น)",120236625747970260,2026-05-04,not_delivering,ad,,,,,0,,0,0,,,,,,,,,2026-05-04,2026-05-04
"[20.08.25][ริว] ไม่ใช่ทุกการเปลี่ยนแปลง ที่จะพาไปเจอสิ่งที่แย่กว่า (ปีศาจตัวนั้น)",120235259022440260,2026-05-04,inactive,ad,,,,,0,,0,0,,,,,,,,,2026-05-04,2026-05-04
"[24.07.25][ริว] ไพ่สำรับนี้ดูดวงแม่น (Witches)",120234069113510260,2026-05-04,not_delivering,ad,,,,,0,,0,0,,,,,,,,,2026-05-04,2026-05-04
"[22.08.25][ริว] เสียดาย (Ghostly)",120235433247580260,2026-05-04,not_delivering,ad,,,,,0,,0,0,,,,,,,,,2026-05-04,2026-05-04
"[03.09.25][ริว] เปิดตัวปีศาจ 2 (Demons)",120236022922820260,2026-05-04,not_delivering,ad,,,,,0,,0,0,,,,,,,,,2026-05-04,2026-05-04
"[05.09.25][ริว] 7 สัญญาณที่บอกว่าคุณควรอ่าน (Witches)",120236326026430260,2026-05-04,inactive,ad,,,,,0,,0,0,,,,,,,,,2026-05-04,2026-05-04
"[25.04.26][ริว] ถ้าคุณจากโลกนี้ไป ใครจะเป็นคนที่เศร้าที่สุด AI (Remains)",120247726307580260,2026-05-04,not_delivering,ad,,,,,0,,0,0,,,,,,,,,2026-05-04,2026-05-04
"[12.02.26][ริว] ยอดขาย 10000 เล่ม (Witches)",120244260768190260,2026-05-04,not_delivering,ad,,,,,0,,0,0,,,,,,,,,2026-05-04,2026-05-04
"[04.03.26][ริว] ซึมเศร้า (สัมภาษณ์หมอ) (Trap)",120248070458990260,2026-05-04,not_delivering,ad,การสนทนาผ่านการส่งข้อความที่เริ่มขึ้น,,,,0,,0,0,,,,,,,,,2026-05-04,2026-05-04
"[11.08.25][ริว] หยุดคิดและทบทวนชีวิต (Ghostly)",120235860737390260,2026-05-04,not_delivering,ad,,,,,0,,0,0,,,,,,,,,2026-05-04,2026-05-04
"[21.05.25][ริว] สายมูห้ามพลาด (Witches)",120229053845080260,2026-05-04,inactive,ad,,,,,0,,0,0,,,,,,,,,2026-05-04,2026-05-04
"[05.09.25][ริว] ประโยคเตือนสติ (Witches)",120236325591500260,2026-05-04,inactive,ad,,,,,0,,0,0,,,,,,,,,2026-05-04,2026-05-04
"[29.09.25][ริว] เริ่มต้นใหม่กับคุณคนเดิม (Demons)",120238217714420260,2026-05-04,not_delivering,ad,,,,,0,,0,0,,,,,,,,,2026-05-04,2026-05-04
"[25.07.25][ริว] อ่านบทแรกก็เสียน้ำตาละ (Ghostly)",120234482420010260,2026-05-04,not_delivering,ad,,,,,0,,0,0,,,,,,,,,2026-05-04,2026-05-04
"[30.10.25][ริว] การอยู่คนเดียว (Ghostly)",120239658966680260,2026-05-04,not_delivering,ad,,,,,0,,0,0,,,,,,,,,2026-05-04,2026-05-04
"[24.10.25][ริว] PAYDAY OPD E-Book 1 แถม 1 (Promotion)",120239264536960260,2026-05-04,inactive,ad,,,,,0,,0,0,,,,,,,,,2026-05-04,2026-05-04
"[04.03.26][ริว] ซึมเศร้า (สัมภาษณ์หมอ) (Trap)",120247120215390260,2026-05-04,active,ad,การสนทนาผ่านการส่งข้อความที่เริ่มขึ้น,,,,143.05,,1728,1648,,,,,8,3.24074074,82.78356481,,2026-05-04,2026-05-04
"[22.07.25][ริว] วันนี้เธอเหนื่อยไหม (Tried)",120234201102450260,2026-05-04,not_delivering,ad,,,,,0,,0,0,,,,,,,,,2026-05-04,2026-05-04
"[22.08.25][ริว] เสียดาย (Ghostly)",120236545678670260,2026-05-04,not_delivering,ad,,,,,0,,0,0,,,,,,,,,2026-05-04,2026-05-04
"[10.03.26][ริว] ซึมเศร้า animation (Trap)",120245730072460260,2026-05-04,not_delivering,ad,,,,,0,,0,0,,,,,,,,,2026-05-04,2026-05-04
"[06.08.25][ริว] คะแนน 9.9/10 (Tried)",120234614620460260,2026-05-04,not_delivering,ad,,,,,0,,0,0,,,,,,,,,2026-05-04,2026-05-04
"[12.02.26][ริว] รักคนอื่น (สัมภาษณ์หมอ) (Trap)",120244521123110260,2026-05-04,not_delivering,ad,,,,,0,,0,0,,,,,,,,,2026-05-04,2026-05-04
"[03.09.25][ริว] สัญญาณที่ควรอ่าน (Demons) (QuickReply)",120236827515110260,2026-05-04,inactive,ad,,,,,0,,0,0,,,,,,,,,2026-05-04,2026-05-04
"[21.10.25][ริว] มีประโยค (Remains)",120239254076640260,2026-05-04,archived,ad,,,,,0,,0,0,,,,,,,,,2026-05-04,2026-05-04
"[25.02.26][ริว] อย่ารอ (Ghostly)",120244936096800260,2026-05-04,not_delivering,ad,,,,,0,,0,0,,,,,,,,,2026-05-04,2026-05-04
"[31.07.25][ริว] 30 เล่มสุดท้ายส่งจากคลัง (Ghostly)",120234482165870260,2026-05-04,not_delivering,ad,,,,,0,,0,0,,,,,,,,,2026-05-04,2026-05-04
"[09.09.25][ริว] คะแนนเต็ม 100 อย่างน้อยต้องได้ 9.9 (Demons)",120236832228900260,2026-05-04,inactive,ad,,,,,0,,0,0,,,,,,,,,2026-05-04,2026-05-04
"[09.07.25][ริว] หนังสือกระแสตอบรับดี (Ghostly)",120233369285340260,2026-05-04,inactive,ad,,,,,0,,0,0,,,,,,,,,2026-05-04,2026-05-04
"[03.09.25][ริว] เปิดตัวปีศาจ 2 (Demons)",120235947375860260,2026-05-04,inactive,ad,,,,,0,,0,0,,,,,,,,,2026-05-04,2026-05-04
"[06.08.25][ริว] มีชีวิตอยู่อย่างโดดเดี่ยว (ghostly)",120234714246200260,2026-05-04,archived,ad,,,,,0,,0,0,,,,,,,,,2026-05-04,2026-05-04
"[06.08.25][ริว] แค่หนังสือการ์ตูน ทำไมถึงร้องไห้ (Ghostly)",120235868476330260,2026-05-04,not_delivering,ad,,,,,0,,0,0,,,,,,,,,2026-05-04,2026-05-04
"[23.07.25][ริว] เมื่อเข้าสู่วัยทำงาน (Tried)",120233364191330260,2026-05-04,inactive,ad,,,,,0,,0,0,,,,,,,,,2026-05-04,2026-05-04
"[04.03.26][ริว] ซึมเศร้า (สัมภาษณ์หมอ) (Trap)",120245281996940260,2026-05-04,not_delivering,ad,,,,,0,,0,0,,,,,,,,,2026-05-04,2026-05-04
"[06.10.25][ริว] มีประโยคในหนังสือ (Witches) (Reels)",120243124928680260,2026-05-04,not_delivering,ad,,,,,0,,0,0,,,,,,,,,2026-05-04,2026-05-04
"[12.08.25][ริว] แค่อ่านกลับจุกอกร้องไห้ (Witches)",120236028234500260,2026-05-04,not_delivering,ad,,,,,0,,0,0,,,,,,,,,2026-05-04,2026-05-04
"[25.08.25][ริว] ไพ่สำรับนี้ (Witches)",120235664852780260,2026-05-04,archived,ad,,,,,0,,0,0,,,,,,,,,2026-05-04,2026-05-04
"[08.07.25][ริว] หนังสือฮีลใจยอดขายอันดับ1 (Ghostly)",120232411667160260,2026-05-04,inactive,ad,,,,,0,,0,0,,,,,,,,,2026-05-04,2026-05-04
"[25.07.25][ริว] คะแนน9.9/10 (Tried)",120233565128550260,2026-05-04,not_delivering,ad,,,,,0,,0,0,,,,,,,,,2026-05-04,2026-05-04
"[30.08.25][ริว] แค่ประโยคเดียว (Witches)",120235859356220260,2026-05-04,not_delivering,ad,,,,,0,,0,0,,,,,,,,,2026-05-04,2026-05-04
"[12.11.25][ริว] รักตัวเองก่อน (ปีศาจตัวนั้น)",120241544750830260,2026-05-04,archived,ad,,,,,0,,0,0,,,,,,,,,2026-05-04,2026-05-04
"[06.08.25][ริว] หนังสือพัฒนาตัวเอง (Tried)",120234614620440260,2026-05-04,not_delivering,ad,,,,,0,,0,0,,,,,,,,,2026-05-04,2026-05-04
"[21.05.25][ริว] บอกต่อหนังสือที่เหมือนมีเเพื่อนสนิทคอยให้คำแนะนำอยู่ข้าง ๆ (Witches)",120229036230050260,2026-05-04,inactive,ad,,,,,0,,0,0,,,,,,,,,2026-05-04,2026-05-04
"[27.05.25][ริว] หนังสือที่จะทำให้กลับมารักตัวเอง (ปีศาจตัวนั้น)",120229552924360260,2026-05-04,not_delivering,ad,,,,,0,,0,0,,,,,,,,,2026-05-04,2026-05-04
"[03.04.26][ริว] โรคซึมเศร้า AI (Trap)",120248306044790260,2026-05-04,not_delivering,ad,การสนทนาผ่านการส่งข้อความที่เริ่มขึ้น,3,49.46666667,,148.4,,2866,2696,,3,49.46666667,,8,5.8269365,51.7794836,0,2026-05-04,2026-05-04
"[01.04.26][ริว] เลิกควบคุมสิ่งที่ควมคุมไม่ได้ (AI) (Trap)",120247713767470260,2026-05-04,not_delivering,ad,การสนทนาผ่านการส่งข้อความที่เริ่มขึ้น,,,,0,,0,0,,,,,,,,,2026-05-04,2026-05-04
"[01.10.25][ริว] ถ้าวันนี้คือวันสุดท้าย (Ghostly)",120237989860590260,2026-05-04,inactive,ad,,,,,0,,0,0,,,,,,,,,2026-05-04,2026-05-04
"[23.02.26][ริว] แม่คือคนรับผิดชอบ (Trap)",120244754862150260,2026-05-04,not_delivering,ad,,,,,0,,0,0,,,,,,,,,2026-05-04,2026-05-04
"[11.09.25][ริว] ระลึกถึงคนที่จากไป (Witches)",120236644251610260,2026-05-04,not_delivering,ad,,,,,0,,0,0,,,,,,,,,2026-05-04,2026-05-04
"[16.01.26][ริว] ประโยคเดียว (Witches)",120244476398100260,2026-05-04,not_delivering,ad,,,,,0,,0,0,,,,,,,,,2026-05-04,2026-05-04
"[19.10.25][ริว] 30 เล่มสุดท้าย (Demons)",120239327145160260,2026-05-04,not_delivering,ad,,,,,0,,0,0,,,,,,,,,2026-05-04,2026-05-04
"[03.11.25][ริว] ความกลัวชนะทุกอย่าง (Demons)",120239860497550260,2026-05-04,not_delivering,ad,,,,,0,,0,0,,,,,,,,,2026-05-04,2026-05-04
"[28.08.25][ริว] ประโยคจากหนังสือ (Tried)",120235811813790260,2026-05-04,not_delivering,ad,,,,,0,,0,0,,,,,,,,,2026-05-04,2026-05-04
"[10.11.25][ริว] E-Book ฮีลใจพัฒนาตัวเอง (E-Book)",120241048471090260,2026-05-04,inactive,ad,,,,,0,,0,0,,,,,,,,,2026-05-04,2026-05-04
"[23.06.25][ริว] ประโยคเดียวในหนังสือที่จะเปลี่ยนชีวิต (Witches) (Reels)",120243032873830260,2026-05-04,not_delivering,ad,,,,,0,,0,0,,,,,,,,,2026-05-04,2026-05-04
"[23.01.26][ริว] เครียดก็เปิดไพ่ (Witches)",120244181162370260,2026-05-04,not_delivering,ad,,,,,0,,0,0,,,,,,,,,2026-05-04,2026-05-04
"[04.03.26][ริว] ซึมเศร้า (สัมภาษณ์หมอ) (Trap)",120247170878200260,2026-05-04,not_delivering,ad,การสนทนาผ่านการส่งข้อความที่เริ่มขึ้น,,,,0,,0,0,,,,,,,,,2026-05-04,2026-05-04
"[25.03.26][ริว] จิตวิทยาของการสูญเสีย เขาบอกไว้ว่า (AI) (Witches)",120246610439560260,2026-05-04,inactive,ad,,,,,0,,0,0,,,,,,,,,2026-05-04,2026-05-04
"[26.11.25][ริว] สวัสดีเหล่าดวงวิญญาณ (Ghostly)",120241100703930260,2026-05-04,inactive,ad,,,,,0,,0,0,,,,,,,,,2026-05-04,2026-05-04
"[17.03.26][ริว] เพราะในทุกความเกลียด Animation (Remains)",120245712471190260,2026-05-04,not_delivering,ad,,,,,0,,0,0,,,,,,,,,2026-05-04,2026-05-04
"[20.11.25][ริว] มันจะดีแค่ไหน : Demons (E-Book)",120241048742060260,2026-05-04,inactive,ad,,,,,0,,0,0,,,,,,,,,2026-05-04,2026-05-04
"[04.03.26][ริว] ซึมเศร้า (สัมภาษณ์หมอ) (Trap) (Sale)",120245333057320260,2026-05-04,not_delivering,ad,การซื้อบนเว็บไซต์,,,,0,,0,0,,,,,,,,,2026-05-04,2026-05-04
"[23.06.25][ริว] ประโยคเดียวในหนังสือที่จะเปลี่ยนชีวิต (Witches)",120243129431930260,2026-05-04,not_delivering,ad,,,,,0,,0,0,,,,,,,,,2026-05-04,2026-05-04
"[03.12.25][ริว] หนักมากไหมลูก (Remains)",120241905903140260,2026-05-04,inactive,ad,,,,,0,,0,0,,,,,,,,,2026-05-04,2026-05-04
"[18.09.25][ริว] หยุดพูดแย่ๆกับตัวเอง (Witches)",120237033777150260,2026-05-04,not_delivering,ad,,,,,0,,0,0,,,,,,,,,2026-05-04,2026-05-04
"[25.07.25][ริว] คะแนน9.9/10 (Tried)",120234054213040260,2026-05-04,not_delivering,ad,,,,,0,,0,0,,,,,,,,,2026-05-04,2026-05-04
"[13.11.25][ริว] 30 Boxset สุดท้าย (Witches)",120241902305340260,2026-05-04,inactive,ad,,,,,0,,0,0,,,,,,,,,2026-05-04,2026-05-04
"[25.11.25][ริว] ซิ่ง Black Friday (Promotion)",120241085854320260,2026-05-04,inactive,ad,,,,,0,,0,0,,,,,,,,,2026-05-04,2026-05-04
"[04.03.26][ริว] ซึมเศร้า (สัมภาษณ์หมอ) (Trap)",120248306192370260,2026-05-04,not_delivering,ad,การสนทนาผ่านการส่งข้อความที่เริ่มขึ้น,5,31.398,,156.99,,1916,1787,,5,31.398,,7,3.28810021,81.93632568,0,2026-05-04,2026-05-04
"[25.02.26][ริว] อย่ารอ (Ghostly)",120244781966480260,2026-05-04,not_delivering,ad,,,,,0,,0,0,,,,,,,,,2026-05-04,2026-05-04
"[25.08.25][ริว] ไพ่สำรับนี้ (Witches)",120237444474820260,2026-05-04,not_delivering,ad,,,,,0,,0,0,,,,,,,,,2026-05-04,2026-05-04
"[11.12.25][ริว] เติมของ (Ghostly)",120243608026980260,2026-05-04,inactive,ad,,,,,0,,0,0,,,,,,,,,2026-05-04,2026-05-04
"[16.01.26][ริว] นี่ไม่ใช่ไพ่ทำนายดวง (Witches)",120244007542930260,2026-05-04,not_delivering,ad,,,,,0,,0,0,,,,,,,,,2026-05-04,2026-05-04
"[05.04.26][ริว] Chronic Loneliness ภาวะเหงาเรื้อรังที่รู้สึกโดดเดี่ยวอ้างว้างตลอดเวลา AI (Ghostly)",120246688128040260,2026-05-04,inactive,ad,,,,,0,,0,0,,,,,,,,,2026-05-04,2026-05-04
"[12.08.25][ริว] แค่อ่านกลับจุกอกร้องไห้ (Witches)",120235185759700260,2026-05-04,not_delivering,ad,,,,,0,,0,0,,,,,,,,,2026-05-04,2026-05-04
"[06.08.25][ริว] มีชีวิตอยู่อย่างโดดเดี่ยว (ghostly)",120235861984290260,2026-05-04,inactive,ad,,,,,0,,0,0,,,,,,,,,2026-05-04,2026-05-04
"[03.12.25][ริว] หนักมากไหมลูก (Remains)",120241545629480260,2026-05-04,inactive,ad,,,,,0,,0,0,,,,,,,,,2026-05-04,2026-05-04
"[25.04.26][ริว] ถ้าคุณจากโลกนี้ไป ใครจะเป็นคนที่เศร้าที่สุด AI (Remains)",120248153602410260,2026-05-04,not_delivering,ad,การสนทนาผ่านการส่งข้อความที่เริ่มขึ้น,5,47.15,,235.75,,5859,4815,,5,47.15,,20,2.20174091,40.23724185,0,2026-05-04,2026-05-04
"[01.04.26][ริว] เลิกควบคุมสิ่งที่ควมคุมไม่ได้ (AI) (Trap) - สำเนา",120246786653320260,2026-05-04,not_delivering,ad,,,,,0,,0,0,,,,,,,,,2026-05-04,2026-05-04
"[10.03.26][ริว] ซึมเศร้า animation (Trap)",120245970610420260,2026-05-04,not_delivering,ad,,,,,0,,0,0,,,,,,,,,2026-05-04,2026-05-04
"[18.04.26][ริว] ของมันต้องมี! Boxset ที่จะเสกทุกปัญหาให้หายไป (Witches)",120247315530620260,2026-05-04,inactive,ad,,,,,0,,0,0,,,,,,,,,2026-05-04,2026-05-04
"[06.02.26][ริว] อกตัญญู (สัมภาษณ์นักเขียน) (Trap)",120244016026400260,2026-05-04,not_delivering,ad,,,,,0,,0,0,,,,,,,,,2026-05-04,2026-05-04
"[06.08.25][ริว] สัญญาณที่บอกว่าคุณต้องพัก (Tried)",120234614620400260,2026-05-04,not_delivering,ad,,,,,0,,0,0,,,,,,,,,2026-05-04,2026-05-04
"[21.05.25][ริว] ถ้าโลกมันแย่ แค่คิดแบบคาปิบาร่า (Capybara_Boxset)",120229239306030260,2026-05-04,inactive,ad,,,,,0,,0,0,,,,,,,,,2026-05-04,2026-05-04
"[23.02.26][ริว] แม่คือคนรับผิดชอบ (Trap)",120245754871840260,2026-05-04,not_delivering,ad,,,,,0,,0,0,,,,,,,,,2026-05-04,2026-05-04
"[23.04.26][ริว] Smiling depression ภาวะซึมเศร้าที่ซ่อนอยู่ใต้รอยยิ้ม AI (Trap)",120248306256850260,2026-05-04,not_delivering,ad,การสนทนาผ่านการส่งข้อความที่เริ่มขึ้น,5,62.004,339,310.02,1.09347784,3463,3231,1,5,62.004,1,26,4.1004909,89.52353451,0.2,2026-05-04,2026-05-04
"[31.10.25][ริว] อ่านแล้วหายเหนื่อย (Tried)",120245837637290260,2026-05-04,not_delivering,ad,,,,,0,,0,0,,,,,,,,,2026-05-04,2026-05-04
"[23.03.26][ริว] ถ้าคืนนี้เป็นคืนสุดท้าย (AI) (Ghostly)",120245967919670260,2026-05-04,inactive,ad,,,,,0,,0,0,,,,,,,,,2026-05-04,2026-05-04
"[28.06.25][ริว] ถ้าคืนนี้เป็นคืนสุดท้ายของคุณ (Ghostly)",120231818781380260,2026-05-04,archived,ad,,,,,0,,0,0,,,,,,,,,2026-05-04,2026-05-04
"[01.10.25][ริว] ถ้าวันนี้คือวันสุดท้าย (Ghostly)",120238129944850260,2026-05-04,not_delivering,ad,,,,,0,,0,0,,,,,,,,,2026-05-04,2026-05-04
"[16.01.26][ริว] ประโยคเดียว (Witches)",120243923601300260,2026-05-04,not_delivering,ad,,,,,0,,0,0,,,,,,,,,2026-05-04,2026-05-04
"[16.02.26][ริว] รีสต็อก (Ghostly)",120244429255730260,2026-05-04,not_delivering,ad,,,,,0,,0,0,,,,,,,,,2026-05-04,2026-05-04
"[27.04.26][ริว] สิ่งสุดท้ายที่อยากพูดก่อนตาย AI (Ghostly)",120247727060460260,2026-05-04,not_delivering,ad,,,,,0,,0,0,,,,,,,,,2026-05-04,2026-05-04
"[06.08.25][ริว] กลับมารักตัวเอง (Ghostly)",120234741315370260,2026-05-04,not_delivering,ad,,,,,0,,0,0,,,,,,,,,2026-05-04,2026-05-04
"[23.09.25][ริว] PayDay : Boxset+Book 799.- (Promotion)",120237385023690260,2026-05-04,not_delivering,ad,,,,,0,,0,0,,,,,,,,,2026-05-04,2026-05-04
"[02.03.26][ริว] รู้สึกผิดใจเติบโต (สัมภาษณ์หมอ) (Trap)",120245091183340260,2026-05-04,not_delivering,ad,,,,,0,,0,0,,,,,,,,,2026-05-04,2026-05-04
"[04.03.26][ริว] ซึมเศร้า (สัมภาษณ์หมอ) (Trap)",120246075840090260,2026-05-04,not_delivering,ad,,,,,0,,0,0,,,,,,,,,2026-05-04,2026-05-04
"[24.01.26][ริว] แม้ไม่มีโอกาส (Demons) (Reels)",120243542110310260,2026-05-04,not_delivering,ad,,,,,0,,0,0,,,,,,,,,2026-05-04,2026-05-04
"[12.02.26][ริว] คนดีมักรู้สึกผิด (Trap)",120244268529140260,2026-05-04,not_delivering,ad,,,,,0,,0,0,,,,,,,,,2026-05-04,2026-05-04
"[04.03.26][ริว] ซึมเศร้า (สัมภาษณ์หมอ) (Trap)",120247577627700260,2026-05-04,not_delivering,ad,การสนทนาผ่านการส่งข้อความที่เริ่มขึ้น,,,,0,,0,0,,,,,,,,,2026-05-04,2026-05-04
"[03.11.25][ริว] แค่ประโยคเดียว (Witches)",120240098203330260,2026-05-04,inactive,ad,,,,,0,,0,0,,,,,,,,,2026-05-04,2026-05-04
"[18.07.25][ริว] ประโยคจุกอก (Ghostly)",120233148964470260,2026-05-04,inactive,ad,,,,,0,,0,0,,,,,,,,,2026-05-04,2026-05-04
"[29.03.26][ริว] วิธีรับมือโรคแพนิค (AI) (Trap)",120246309422880260,2026-05-04,not_delivering,ad,,,,,0,,0,0,,,,,,,,,2026-05-04,2026-05-04
"[12.02.26][ริว] คนดีมักรู้สึกผิด (Trap) (Sale)",120244929870880260,2026-05-04,not_delivering,ad,,,,,0,,0,0,,,,,,,,,2026-05-04,2026-05-04
"[16.02.26][ริว] ปล่อยทุกความเจ็บปวด (Remains)",120244429303060260,2026-05-04,not_delivering,ad,,,,,0,,0,0,,,,,,,,,2026-05-04,2026-05-04
"[10.03.26][ริว] ซึมเศร้า animation (Trap)",120245622721290260,2026-05-04,not_delivering,ad,,,,,0,,0,0,,,,,,,,,2026-05-04,2026-05-04
"[01.04.26][ริว] เลิกควบคุมสิ่งที่ควมคุมไม่ได้ (AI) (Trap)",120246607018800260,2026-05-04,not_delivering,ad,,,,,0,,0,0,,,,,,,,,2026-05-04,2026-05-04
"[12.08.25][ริว] สัญญาณที่ควรอ่าน (Witches)",120234721984450260,2026-05-03,inactive,ad,,,,,0,,0,0,,,,,,,,,2026-05-03,2026-05-03
"[22.08.25][ริว] Payday August 2 Box 999 (Promotion_Payday)",120235249452170260,2026-05-03,not_delivering,ad,,,,,0,,0,0,,,,,,,,,2026-05-03,2026-05-03
"[11.08.25][ริว] หยุดคิดและทบทวนชีวิต (Ghostly)",120234715022850260,2026-05-03,inactive,ad,,,,,0,,0,0,,,,,,,,,2026-05-03,2026-05-03
"[06.08.25][ริว] แค่หนังสือการ์ตูน ทำไมถึงร้องไห้ (Ghostly)",120236105020060260,2026-05-03,not_delivering,ad,,,,,0,,0,0,,,,,,,,,2026-05-03,2026-05-03
"[29.09.25][ริว] ประโยคหลังปก ปีศาจ 2 (Demons)",120238217714390260,2026-05-03,inactive,ad,,,,,0,,0,0,,,,,,,,,2026-05-03,2026-05-03
"[23.05.25][ริว] หนังสือการ์ตูนฮีลใจ (Ghostly)",120229263803080260,2026-05-03,inactive,ad,,,,,0,,0,0,,,,,,,,,2026-05-03,2026-05-03
"[01.03.26][ริว] รักคนอื่น (Trap)",120245040544810260,2026-05-03,not_delivering,ad,,,,,0,,0,0,,,,,,,,,2026-05-03,2026-05-03
"[08.10.25][ริว] เติบโตขึ้น พ่อแม่แก่ลง (Demons)",120238216884260260,2026-05-03,inactive,ad,,,,,0,,0,0,,,,,,,,,2026-05-03,2026-05-03
"[19.10.25][ริว] 30 เล่มสุดท้าย (Demons)",120238953717570260,2026-05-03,not_delivering,ad,,,,,0,,0,0,,,,,,,,,2026-05-03,2026-05-03
"[03.09.25][ริว] เปิดตัวปีศาจ 2 (Demons)",120236620453190260,2026-05-03,not_delivering,ad,,,,,0,,0,0,,,,,,,,,2026-05-03,2026-05-03
"[08.07.25][ริว] ย่านเมืองเก่ามีร้านคาเฟ่ร้านนึงเปิดหลังเที่ยงคืน (Ghostly)",120233368434930260,2026-05-03,inactive,ad,,,,,0,,0,0,,,,,,,,,2026-05-03,2026-05-03
"[29.09.25][ริว] E-Book (Ghostly)",120240395147490260,2026-05-03,inactive,ad,,,,,0,,0,0,,,,,,,,,2026-05-03,2026-05-03
"[22.10.25][ริว] (ไม่)นอกใจ (Demons)",120239593304140260,2026-05-03,not_delivering,ad,,,,,0,,0,0,,,,,,,,,2026-05-03,2026-05-03
"[22.09.25][ริว] แม่อยากให้ลูกมั่นคง (Remains)",120237920752020260,2026-05-03,inactive,ad,,,,,0,,0,0,,,,,,,,,2026-05-03,2026-05-03
"[22.07.25][ริว] วันนี้เธอเหนื่อยไหม (Tried)",120234921224810260,2026-05-03,not_delivering,ad,,,,,0,,0,0,,,,,,,,,2026-05-03,2026-05-03
"[14.07.25][ริว] รักตัวเอง ไม่ใช่คนเห็นแก่ตัว (Kiwtum)",120234400624990260,2026-05-03,not_delivering,ad,,,,,0,,0,0,,,,,,,,,2026-05-03,2026-05-03
"[03.09.25][ริว] เปิดตัวปีศาจ 2 (Demons)",120235947662650260,2026-05-03,not_delivering,ad,,,,,0,,0,0,,,,,,,,,2026-05-03,2026-05-03
"[06.08.25][ริว] มีชีวิตอยู่อย่างโดดเดี่ยว (ghostly)",120234918883500260,2026-05-03,not_delivering,ad,,,,,0,,0,0,,,,,,,,,2026-05-03,2026-05-03
"[12.09.25][ริว] 5 ประโยคเตือนสติ (Ghostly)",120236691306870260,2026-05-03,inactive,ad,,,,,0,,0,0,,,,,,,,,2026-05-03,2026-05-03
"[04.09.25][ริว] 9.9 : 3 เล่ม ราคา 999.- (Promotion)",120236189605560260,2026-05-03,not_delivering,ad,,,,,0,,0,0,,,,,,,,,2026-05-03,2026-05-03
"[08.08.25][ริว] จุกอกอยู่อย่าง (ปีศาจตัวนั้น)",120234605062370260,2026-05-03,not_delivering,ad,,,,,0,,0,0,,,,,,,,,2026-05-03,2026-05-03
"[03.09.25][ริว] เปิดตัวปีศาจ 2 (Demons)",120236553082840260,2026-05-03,inactive,ad,,,,,0,,0,0,,,,,,,,,2026-05-03,2026-05-03
"[03.09.25][ริว] เปิดตัวปีศาจ 2 (Demons)",120235860183130260,2026-05-03,archived,ad,,,,,0,,0,0,,,,,,,,,2026-05-03,2026-05-03
"[08.08.25][ริว] งานศพ (Ghostly)",120234605536710260,2026-05-03,inactive,ad,,,,,0,,0,0,,,,,,,,,2026-05-03,2026-05-03
"[24.07.25][ริว] หนังสือที่ควรอ่านสักครั้ง (Witches)",120233371870610260,2026-05-03,inactive,ad,,,,,0,,0,0,,,,,,,,,2026-05-03,2026-05-03
"[01.08.25][ริว] ประโยคเดียวในหนังสือ (Witches)",120234375496680260,2026-05-03,inactive,ad,,,,,0,,0,0,,,,,,,,,2026-05-03,2026-05-03
"[03.09.25][ริว] จุกอกกับปีศาจ2 (Demons)",120235859358570260,2026-05-03,inactive,ad,,,,,0,,0,0,,,,,,,,,2026-05-03,2026-05-03
"[06.10.25][ริว] แค่หนังสือการ์ตูน (Remains)",120237931551340260,2026-05-03,inactive,ad,,,,,0,,0,0,,,,,,,,,2026-05-03,2026-05-03
"[29.09.25][ริว] เลือกปกหนังสือ (Remains)",120237920290890260,2026-05-03,archived,ad,,,,,0,,0,0,,,,,,,,,2026-05-03,2026-05-03
"[06.08.25][ริว] หนังสือ Mindset ดีขึ้น (Tried)",120234467036490260,2026-05-03,not_delivering,ad,,,,,0,,0,0,,,,,,,,,2026-05-03,2026-05-03
"[03.09.25][ริว] เปิดตัวปีศาจ 2 (Demons)",120236174960910260,2026-05-03,not_delivering,ad,,,,,0,,0,0,,,,,,,,,2026-05-03,2026-05-03
"[06.09.25][ริว] ความกลัวการไม่ถูกรัก (Ghostly)",120236620119270260,2026-05-03,inactive,ad,,,,,0,,0,0,,,,,,,,,2026-05-03,2026-05-03
"[08.07.25][ริว] ย่านเมืองเก่ามีร้านคาเฟ่ร้านนึงเปิดหลังเที่ยงคืน (Ghostly)",120232410204790260,2026-05-03,inactive,ad,,,,,0,,0,0,,,,,,,,,2026-05-03,2026-05-03
"[16.10.25][ริว] คะแนน 9.9/10 (Remains)",120238992107880260,2026-05-03,not_delivering,ad,,,,,0,,0,0,,,,,,,,,2026-05-03,2026-05-03
"[18.10.25][ริว] อยู่คนเดียว (Ghostly)",120240331080210260,2026-05-03,inactive,ad,,,,,0,,0,0,,,,,,,,,2026-05-03,2026-05-03
"[18.12.25][ริว] นาทีทอง (Ghostly)",120242333657580260,2026-05-03,inactive,ad,,,,,0,,0,0,,,,,,,,,2026-05-03,2026-05-03
"[12.11.25][ริว] รักตัวเองก่อน (ปีศาจตัวนั้น)",120240371822780260,2026-05-03,inactive,ad,,,,,0,,0,0,,,,,,,,,2026-05-03,2026-05-03
"[12.11.25][ริว] (ไม่)ยอมลดคุณค่าตัวเอง (ปีศาจตัวนั้น)",120240372637990260,2026-05-03,not_delivering,ad,,,,,0,,0,0,,,,,,,,,2026-05-03,2026-05-03
"[25.07.25][ริว] คะแนน9.9/10 (Tried)",120234551664170260,2026-05-03,archived,ad,,,,,0,,0,0,,,,,,,,,2026-05-03,2026-05-03
"[22.08.25][ริว] แจกวอลเปเปอร์ (Ghostly)",120236029152520260,2026-05-03,not_delivering,ad,,,,,0,,0,0,,,,,,,,,2026-05-03,2026-05-03
"[16.01.26][ริว] ภาค 1 ว่าเศร้าแล้ว (Remains)",120243288350740260,2026-05-03,inactive,ad,,,,,0,,0,0,,,,,,,,,2026-05-03,2026-05-03
"[11.09.25][ริว] ประโยคเดียวในหนังสือ (Witches)",120236634029160260,2026-05-03,not_delivering,ad,,,,,0,,0,0,,,,,,,,,2026-05-03,2026-05-03
"[07.11.25][ริว] 11.11 บุฟเฟต์ 3 เล่ม 999 (Promotion)",120240090732090260,2026-05-03,not_delivering,ad,,,,,0,,0,0,,,,,,,,,2026-05-03,2026-05-03
"[23.06.25][ริว] ประโยคเดียวในหนังสือที่จะเปลี่ยนชีวิต (Witches)",120234501355100260,2026-05-03,inactive,ad,,,,,0,,0,0,,,,,,,,,2026-05-03,2026-05-03
"[11.06.25][ริว] จะเป็นยังไงถ้าคุณต้องเป็นที่ปรึกษา (Ghostly)",120230533036440260,2026-05-03,not_delivering,ad,,,,,0,,0,0,,,,,,,,,2026-05-03,2026-05-03
"[03.11.25][ริว] แค่ประโยคเดียว (Witches)",120239971450760260,2026-05-03,not_delivering,ad,,,,,0,,0,0,,,,,,,,,2026-05-03,2026-05-03
"[20.10.25][ริว] ความผิดพลาด (Witches)",120239114132190260,2026-05-03,not_delivering,ad,,,,,0,,0,0,,,,,,,,,2026-05-03,2026-05-03
"[03.09.25][ริว] จุกอกกับปีศาจ2 (Demons)",120236439332360260,2026-05-03,not_delivering,ad,,,,,0,,0,0,,,,,,,,,2026-05-03,2026-05-03
"[10.12.25][ริว] 12.12 : แลกซื้อ E-Book เล่มที่สอง 12.- (Promotion)",120241898370320260,2026-05-03,not_delivering,ad,,,,,0,,0,0,,,,,,,,,2026-05-03,2026-05-03
"[31.10.25][ริว] อ่านแล้วหายเหนื่อย (Tried)",120239657661570260,2026-05-03,not_delivering,ad,,,,,0,,0,0,,,,,,,,,2026-05-03,2026-05-03
"[06.08.25][ริว] ประโยคเปลี่ยนชีวิต (Tried)",120234822515500260,2026-05-03,not_delivering,ad,,,,,0,,0,0,,,,,,,,,2026-05-03,2026-05-03
"[23.05.25][ริว] หนังสือการ์ตูนฮีลใจ (Ghostly)",120236605895760260,2026-05-03,inactive,ad,,,,,0,,0,0,,,,,,,,,2026-05-03,2026-05-03
"[31.10.25][ริว] อ่านแล้วหายเหนื่อย (Tried)",120239969968640260,2026-05-03,not_delivering,ad,,,,,0,,0,0,,,,,,,,,2026-05-03,2026-05-03
"[25.07.25][ริว] ประโยคฮีลใจดีๆ (Tried)",120233569614560260,2026-05-03,inactive,ad,,,,,0,,0,0,,,,,,,,,2026-05-03,2026-05-03
"[11.10.25][ริว] ปุณณ์วัฒน์ (Ghostly)",120243738789460260,2026-05-03,inactive,ad,,,,,0,,0,0,,,,,,,,,2026-05-03,2026-05-03
"[16.10.25][ริว] ผลงานภาคต่อ (Remains)",120238720271700260,2026-05-03,not_delivering,ad,,,,,0,,0,0,,,,,,,,,2026-05-03,2026-05-03
"[09.09.25][ริว] โตขึ้น พ่อแม่แก่ตัวลง (Demons)",120236555889060260,2026-05-03,inactive,ad,,,,,0,,0,0,,,,,,,,,2026-05-03,2026-05-03
"[29.09.25][ริว] เลือกปกหนังสือ (Remains)",120237920751980260,2026-05-03,archived,ad,,,,,0,,0,0,,,,,,,,,2026-05-03,2026-05-03
"[31.03.26][ริว] อย่าปล่อยให้พ่อแม่รอ กลับไปเยี่ยมในวันที่ยังมีโอกาส (Ghostly)",120246687856600260,2026-05-03,inactive,ad,,,,,0,,0,0,,,,,,,,,2026-05-03,2026-05-03
"[09.09.25][ริว] ริว 7 สัญญาณ (Demons)",120236555500530260,2026-05-03,inactive,ad,,,,,0,,0,0,,,,,,,,,2026-05-03,2026-05-03
"[27.05.25][ริว] ประโยคที่อ่านแล้วจุกอก (Witches)",120234553219280260,2026-05-03,not_delivering,ad,,,,,0,,0,0,,,,,,,,,2026-05-03,2026-05-03
"[21.05.25][ริว] สายมูห้ามพลาด (Witches)",120229038987270260,2026-05-03,inactive,ad,,,,,0,,0,0,,,,,,,,,2026-05-03,2026-05-03
"[01.04.26][ริว] เลิกควบคุมสิ่งที่ควมคุมไม่ได้ (AI) (Trap) - สำเนา",120247171347450260,2026-05-03,not_delivering,ad,,,,,0,,0,0,,,,,,,,,2026-05-03,2026-05-03
"[31.10.25][ริว] อ่านแล้วหายเหนื่อย (Tried)",120245505030830260,2026-05-03,inactive,ad,,,,,0,,0,0,,,,,,,,,2026-05-03,2026-05-03
"[29.04.26][ริว] 30 เล่มสุดท้าย (Ghostly)",120248075151350260,2026-05-03,not_delivering,ad,การสนทนาผ่านการส่งข้อความที่เริ่มขึ้น,1,268.06,,268.06,,3505,2090,,1,268.06,,4,0.79885877,76.47931526,0,2026-05-03,2026-05-03
"[05.04.26][ริว] แด่ทุกสิ่งมีชีวิตมหัศจรรย์ที่แสนซื่อสัตย์ AI (Remains)",120246688281160260,2026-05-03,inactive,ad,,,,,0,,0,0,,,,,,,,,2026-05-03,2026-05-03
"[29.04.26][ริว] การอยู่คนเดียวคือทักษะที่ดีที่สุด AI (Ghostly)",120248073570050260,2026-05-03,not_delivering,ad,การสนทนาผ่านการส่งข้อความที่เริ่มขึ้น,,,,0,,0,0,,,,,,,,,2026-05-03,2026-05-03
"[03.04.26][ริว] โรคซึมเศร้า AI (Trap)",120247408799390260,2026-05-03,not_delivering,ad,การสนทนาผ่านการส่งข้อความที่เริ่มขึ้น,,,,0,,0,0,,,,,,,,,2026-05-03,2026-05-03
"[31.10.25][ริว] อ่านแล้วหายเหนื่อย (Tried)",120240096893100260,2026-05-03,inactive,ad,,,,,0,,0,0,,,,,,,,,2026-05-03,2026-05-03
"[01.04.26][ริว] เลิกควบคุมสิ่งที่ควมคุมไม่ได้ (AI) (Trap)",120247045023490260,2026-05-03,not_delivering,ad,,,,,0,,0,0,,,,,,,,,2026-05-03,2026-05-03
"[01.04.26][ริว] เลิกควบคุมสิ่งที่ควมคุมไม่ได้ (AI) (Trap) - สำเนา",120247171320380260,2026-05-03,not_delivering,ad,,,,,0,,0,0,,,,,,,,,2026-05-03,2026-05-03
"[01.04.26][ริว] เลิกควบคุมสิ่งที่ควมคุมไม่ได้ (AI) (Trap) - สำเนา",120246786693990260,2026-05-03,not_delivering,ad,การสนทนาผ่านการส่งข้อความที่เริ่มขึ้น,,,,0,,0,0,,,,,,,,,2026-05-03,2026-05-03
"[04.03.26][ริว] ซึมเศร้า (สัมภาษณ์หมอ) (Trap)",120245282113510260,2026-05-03,not_delivering,ad,,,,,0,,0,0,,,,,,,,,2026-05-03,2026-05-03
"[01.04.26][ริว] เลิกควบคุมสิ่งที่ควมคุมไม่ได้ (AI) (Trap)",120247045023500260,2026-05-03,not_delivering,ad,,,,,0,,0,0,,,,,,,,,2026-05-03,2026-05-03
"[05.04.26][ริว] แด่มนุษย์ที่โดดเดี่ยว AI (Ghostly)",120247722034730260,2026-05-03,inactive,ad,การสนทนาผ่านการส่งข้อความที่เริ่มขึ้น,,,,0,,0,0,,,,,,,,,2026-05-03,2026-05-03
"[04.03.26][ริว] ซึมเศร้า (สัมภาษณ์หมอ) (Trap)",120245321666920260,2026-05-03,not_delivering,ad,การสนทนาผ่านการส่งข้อความที่เริ่มขึ้น,,,,0,,0,0,,,,,,,,,2026-05-03,2026-05-03
"[04.03.26][ริว] ซึมเศร้า (สัมภาษณ์หมอ) (Trap)",120247170837410260,2026-05-03,not_delivering,ad,,,,,0,,0,0,,,,,,,,,2026-05-03,2026-05-03
"[01.04.26][ริว] เลิกควบคุมสิ่งที่ควมคุมไม่ได้ (AI) (Trap)",120246781893950260,2026-05-03,not_delivering,ad,การสนทนาผ่านการส่งข้อความที่เริ่มขึ้น,,,,0,,0,0,,,,,,,,,2026-05-03,2026-05-03
"[05.04.26][ริว] แด่มนุษย์ที่โดดเดี่ยว AI (Ghostly)",120246835244860260,2026-05-03,inactive,ad,การสนทนาผ่านการส่งข้อความที่เริ่มขึ้น,,,,0,,0,0,,,,,,,,,2026-05-03,2026-05-03
"[31.03.26][ริว] อย่าปล่อยให้พ่อแม่รอ กลับไปเยี่ยมในวันที่ยังมีโอกาส (Ghostly)",120246513921840260,2026-05-03,not_delivering,ad,,,,,0,,0,0,,,,,,,,,2026-05-03,2026-05-03
"[03.04.26][ริว] โรคซึมเศร้า AI (Trap)",120246783494780260,2026-05-03,not_delivering,ad,การสนทนาผ่านการส่งข้อความที่เริ่มขึ้น,,,,0,,0,0,,,,,,,,,2026-05-03,2026-05-03
"[25.07.25][ริว] อ่านเล่มนี้จึงรู้ว่า (Tried) (Reels)",120243033199470260,2026-05-03,not_delivering,ad,,,,,0,,0,0,,,,,,,,,2026-05-03,2026-05-03
"[04.03.26][ริว] ซึมเศร้า (สัมภาษณ์หมอ) (Trap)",120246310126250260,2026-05-03,not_delivering,ad,,,,,0,,0,0,,,,,,,,,2026-05-03,2026-05-03
"[10.03.26][ริว] ซึมเศร้า animation (Trap)",120245845885010260,2026-05-03,not_delivering,ad,,,,,0,,0,0,,,,,,,,,2026-05-03,2026-05-03
"[10.03.26][ริว] ซึมเศร้า animation (Trap)",120245729966710260,2026-05-03,not_delivering,ad,,,,,0,,0,0,,,,,,,,,2026-05-03,2026-05-03
"[23.03.26][ริว] ถ้าคืนนี้เป็นคืนสุดท้าย (AI) (Ghostly)",120246203732740260,2026-05-03,inactive,ad,,,,,0,,0,0,,,,,,,,,2026-05-03,2026-05-03
"[25.04.26][ริว] ทุกปัญหามีทางออกเสมอ AI (Witches)",120247724396650260,2026-05-03,not_delivering,ad,,,,,0,,0,0,,,,,,,,,2026-05-03,2026-05-03
"[25.03.26][ริว] จิตวิทยาของการสูญเสีย เขาบอกไว้ว่า (AI) (Witches)",120246834501030260,2026-05-03,inactive,ad,,,,,0,,0,0,,,,,,,,,2026-05-03,2026-05-03
"[04.03.26][ริว] ซึมเศร้า (สัมภาษณ์หมอ) (Trap) (Sale)",120246749109930260,2026-05-03,not_delivering,ad,การซื้อบนเว็บไซต์,,,,0,,0,0,,,,,,,,,2026-05-03,2026-05-03
"[10.03.26][ริว] ซึมเศร้า animation (Trap) (Shopify)",120245624802010260,2026-05-03,not_delivering,ad,,,,,0,,0,0,,,,,,,,,2026-05-03,2026-05-03
"[22.08.25][ริว] เสียดาย (Ghostly)",120243177965360260,2026-05-03,not_delivering,ad,,,,,0,,0,0,,,,,,,,,2026-05-03,2026-05-03
"[29.09.25][ริว] การมีชีวิตอยู่อย่างโดดเดี่ยว (Ghostly)",120237713417140260,2026-05-03,inactive,ad,,,,,0,,0,0,,,,,,,,,2026-05-03,2026-05-03
"[23.02.26][ริว] แม่คือคนรับผิดชอบ (Trap)",120245730541230260,2026-05-03,not_delivering,ad,,,,,0,,0,0,,,,,,,,,2026-05-03,2026-05-03
"[01.04.26][ริว] เลิกควบคุมสิ่งที่ควมคุมไม่ได้ (AI) (Trap)",120247644055390260,2026-05-03,not_delivering,ad,การสนทนาผ่านการส่งข้อความที่เริ่มขึ้น,6,63.005,968,378.03,2.56064334,5085,4188,2,6,63.005,3,14,6.21435595,74.34218289,0.33333333,2026-05-03,2026-05-03
"[28.08.25][ริว] ถ้าต้องบอกกับตัวเอง (Tried)",120235810805880260,2026-05-03,not_delivering,ad,,,,,0,,0,0,,,,,,,,,2026-05-03,2026-05-03
"[03.09.25][ริว] สัญญาณที่ควรอ่าน (Demons)",120235859409980260,2026-05-03,not_delivering,ad,,,,,0,,0,0,,,,,,,,,2026-05-03,2026-05-03
"[24.07.25][ริว] ไพ่สำรับนี้ดูดวงแม่น (Witches)",120235365677540260,2026-05-03,not_delivering,ad,,,,,0,,0,0,,,,,,,,,2026-05-03,2026-05-03
"[28.06.25][ริว] ถ้าไม่อยากเป็นแบบนี้ อย่าอ่านเล่มนี้ (Ghostly)",120231820444460260,2026-05-03,inactive,ad,,,,,0,,0,0,,,,,,,,,2026-05-03,2026-05-03
"[24.07.25][ริว] ไพ่สำรับนี้ดูดวงแม่น (Witches)",120234205705040260,2026-05-03,inactive,ad,,,,,0,,0,0,,,,,,,,,2026-05-03,2026-05-03
"[13.08.25][ริว] หนังสือที่ทำให้เห็นแก่ตัว (Kiwtum)",120234824362500260,2026-05-03,inactive,ad,,,,,0,,0,0,,,,,,,,,2026-05-03,2026-05-03
"[23.05.25][ริว] หนังสือการ์ตูนฮีลใจ (Ghostly)",120229263767050260,2026-05-03,inactive,ad,,,,,0,,0,0,,,,,,,,,2026-05-03,2026-05-03
"[22.08.25][ริว] เสียดาย (Ghostly)",120236544312290260,2026-05-03,inactive,ad,,,,,0,,0,0,,,,,,,,,2026-05-03,2026-05-03
"[06.08.25][ริว] มีชีวิตอยู่อย่างโดดเดี่ยว (ghostly)",120234943566440260,2026-05-03,archived,ad,,,,,0,,0,0,,,,,,,,,2026-05-03,2026-05-03
"[18.07.25][ริว] ประโยคจุกอก (Ghostly)",120234317978780260,2026-05-03,not_delivering,ad,,,,,0,,0,0,,,,,,,,,2026-05-03,2026-05-03
"[06.08.25][ริว] แค่ชื่อหน้าปกก็โดนปลอบ (Tried)",120234614620430260,2026-05-03,not_delivering,ad,,,,,0,,0,0,,,,,,,,,2026-05-03,2026-05-03
"[09.07.25][ริว] สวัสดียามดึก คุณดวงวิญญาณ (Ghostly)",120234918883540260,2026-05-03,not_delivering,ad,,,,,0,,0,0,,,,,,,,,2026-05-03,2026-05-03
"[23.06.25][ริว] ประโยคเดียวในหนังสือที่จะเปลี่ยนชีวิต (Witches)",120234205816420260,2026-05-03,inactive,ad,,,,,0,,0,0,,,,,,,,,2026-05-03,2026-05-03
"[23.05.25][ริว] ประโยคหนึ่งในหนังสือที่เหมือนมีน้องแมวเวทมนตร์มากระซิบ (Witches)",120229194724400260,2026-05-03,inactive,ad,,,,,0,,0,0,,,,,,,,,2026-05-03,2026-05-03
"[25.07.25][ริว] การที่เขาเงียบ (Ghostly)",120233557441750260,2026-05-03,inactive,ad,,,,,0,,0,0,,,,,,,,,2026-05-03,2026-05-03
"[19.10.25][ริว] 30 เล่มสุดท้าย (Demons)",120239836447480260,2026-05-03,not_delivering,ad,,,,,0,,0,0,,,,,,,,,2026-05-03,2026-05-03
"[04.03.26][ริว] ซึมเศร้า (สัมภาษณ์หมอ) (Trap)",120248305713880260,2026-05-03,active,ad,การสนทนาผ่านการส่งข้อความที่เริ่มขึ้น,2,79.165,,158.33,,3574,3219,,2,79.165,,9,3.24566312,44.30050364,0,2026-05-03,2026-05-03
"[28.05.25][ริว] หนังสือฮีลใจที่ไม่ได้พูดถึงเรื่องความตาย (Ghostly)",120229858779440260,2026-05-03,inactive,ad,,,,,0,,0,0,,,,,,,,,2026-05-03,2026-05-03
"[09.07.25][ริว] หนังสือกระแสตอบรับดี (Ghostly)",120233369091650260,2026-05-03,inactive,ad,,,,,0,,0,0,,,,,,,,,2026-05-03,2026-05-03
"[23.06.25][ริว] หนังสือที่เล่นกับใจคนอ่านมากที่สุด (Ghostly)",120231719502260260,2026-05-03,inactive,ad,,,,,0,,0,0,,,,,,,,,2026-05-03,2026-05-03
"[01.04.26][ริว] เลิกควบคุมสิ่งที่ควมคุมไม่ได้ (AI) (Trap)",120246702152430260,2026-05-03,archived,ad,,,,,0,,0,0,,,,,,,,,2026-05-03,2026-05-03
"[09.07.25][ริว] สวัสดียามดึก คุณดวงวิญญาณ (Ghostly)",120234552105100260,2026-05-03,not_delivering,ad,,,,,0,,0,0,,,,,,,,,2026-05-03,2026-05-03
"[10.03.26][ริว] ซึมเศร้า animation (Trap)",120246745789060260,2026-05-03,archived,ad,,,,,0,,0,0,,,,,,,,,2026-05-03,2026-05-03
"[24.07.25][ริว] หนังสือที่ควรอ่านสักครั้ง (Witches)",120234205607530260,2026-05-03,inactive,ad,,,,,0,,0,0,,,,,,,,,2026-05-03,2026-05-03
"[03.04.26][ริว] โรคซึมเศร้า AI (Trap)",120246659076020260,2026-05-03,not_delivering,ad,การสนทนาผ่านการส่งข้อความที่เริ่มขึ้น,,,,0,,0,0,,,,,,,,,2026-05-03,2026-05-03
"[23.06.25][ริว] ประโยคเดียวในหนังสือที่จะเปลี่ยนชีวิต (Witches)",120233229024590260,2026-05-03,not_delivering,ad,,,,,0,,0,0,,,,,,,,,2026-05-03,2026-05-03
"[06.08.25][ริว] หนังสือการ์ตูนที่อ่านแล้วรักตัวเองมากขึ้น (Ghostly)",120236739554620260,2026-05-03,archived,ad,,,,,0,,0,0,,,,,,,,,2026-05-03,2026-05-03
"[01.04.26][ริว] เลิกควบคุมสิ่งที่ควมคุมไม่ได้ (AI) (Trap)",120246702152330260,2026-05-03,archived,ad,,,,,0,,0,0,,,,,,,,,2026-05-03,2026-05-03
"[01.04.26][ริว] เลิกควบคุมสิ่งที่ควมคุมไม่ได้ (AI) (Trap)",120246782296050260,2026-05-03,not_delivering,ad,การสนทนาผ่านการส่งข้อความที่เริ่มขึ้น,,,,0,,0,0,,,,,,,,,2026-05-03,2026-05-03
"[12.08.25][ริว] แค่อ่านกลับจุกอกร้องไห้ (Witches)",120235860196990260,2026-05-03,not_delivering,ad,,,,,0,,0,0,,,,,,,,,2026-05-03,2026-05-03
"[20.11.25][ริว] มันจะดีแค่ไหน : Demons (E-Book)",120240851545690260,2026-05-03,inactive,ad,,,,,0,,0,0,,,,,,,,,2026-05-03,2026-05-03
"[05.06.25][ริว] ไม่ได้ตั้งใจจะปล่อยให้มันสาย (Ghostly)",120236605127690260,2026-05-03,inactive,ad,,,,,0,,0,0,,,,,,,,,2026-05-03,2026-05-03
"[31.10.25][ริว] 30 เล่มสุดท้าย (Remains)",120240861468550260,2026-05-03,not_delivering,ad,,,,,0,,0,0,,,,,,,,,2026-05-03,2026-05-03
"[23.09.25][ริว] PayDay : Boxset+Book 799.- (Promotion)",120237420818950260,2026-05-03,not_delivering,ad,,,,,0,,0,0,,,,,,,,,2026-05-03,2026-05-03
"[12.02.26][ริว] รักคนอื่น (สัมภาษณ์หมอ) (Trap)",120244267998800260,2026-05-03,not_delivering,ad,,,,,0,,0,0,,,,,,,,,2026-05-03,2026-05-03
"[04.09.25][ริว] คนที่รักตัวเอง (Capybara)",120236248930210260,2026-05-03,not_delivering,ad,,,,,0,,0,0,,,,,,,,,2026-05-03,2026-05-03
"[25.11.25][ริว] ซิ่ง Black Friday (Promotion)",120241092246690260,2026-05-03,not_delivering,ad,,,,,0,,0,0,,,,,,,,,2026-05-03,2026-05-03
"[22.08.25][ริว] เสียดาย (Ghostly)",120235753792970260,2026-05-03,not_delivering,ad,,,,,0,,0,0,,,,,,,,,2026-05-03,2026-05-03
"[30.08.25][ริว] แค่ประโยคเดียว (Witches)",120236626088900260,2026-05-03,not_delivering,ad,,,,,0,,0,0,,,,,,,,,2026-05-03,2026-05-03
"[18.09.25][ริว] แนะนำหนังสือ (Tried)",120237047559580260,2026-05-03,inactive,ad,,,,,0,,0,0,,,,,,,,,2026-05-03,2026-05-03
"[08.07.25][ริว] หนังสือฮีลใจยอดขายอันดับ1 (Ghostly)",120235301749660260,2026-05-03,archived,ad,,,,,0,,0,0,,,,,,,,,2026-05-03,2026-05-03
"[09.07.25][ริว] สวัสดียามดึก คุณดวงวิญญาณ (Ghostly)",120233368964030260,2026-05-03,inactive,ad,,,,,0,,0,0,,,,,,,,,2026-05-03,2026-05-03
"[22.08.25][ริว] เสียดาย (Ghostly)",120236027616680260,2026-05-03,active,ad,การสนทนาผ่านการส่งข้อความที่เริ่มขึ้น,4,50.1125,,200.45,,2196,1650,1,4,50.1125,,12,8.42440801,91.27959927,0.25,2026-05-03,2026-05-03
"[03.09.25][ริว] เปิดตัวปีศาจ 2 (Demons)",120235860260870260,2026-05-03,inactive,ad,,,,,0,,0,0,,,,,,,,,2026-05-03,2026-05-03
"[06.08.25][ริว] แค่ชื่อหน้าปกก็โดนปลอบ (Tried)",120234466749080260,2026-05-03,not_delivering,ad,,,,,0,,0,0,,,,,,,,,2026-05-03,2026-05-03
"[11.08.25][ริว] หยุดคิดและทบทวนชีวิต (Ghostly)",120234817271120260,2026-05-03,not_delivering,ad,,,,,0,,0,0,,,,,,,,,2026-05-03,2026-05-03
"[06.08.25][ริว] ประโยคหนึ่งในหนังสือ (Tried)",120234429477970260,2026-05-03,not_delivering,ad,,,,,0,,0,0,,,,,,,,,2026-05-03,2026-05-03
"[18.10.25][ริว] อยู่คนเดียว (Ghostly)",120238865635850260,2026-05-03,not_delivering,ad,,,,,0,,0,0,,,,,,,,,2026-05-03,2026-05-03
"[31.07.25][ริว] 30 เล่มสุดท้ายส่งจากคลัง (Ghostly)",120234052763870260,2026-05-03,not_delivering,ad,,,,,0,,0,0,,,,,,,,,2026-05-03,2026-05-03
"[22.07.25][ริว] ทุกคนเราได้หนังสือมาใหม่ (Tried)",120233221561740260,2026-05-03,not_delivering,ad,,,,,0,,0,0,,,,,,,,,2026-05-03,2026-05-03
"[23.07.25][ริว] PAYDAY SALE JULY (Promotion_Payday) - Meme",120233338606240260,2026-05-03,not_delivering,ad,,,,,0,,0,0,,,,,,,,,2026-05-03,2026-05-03
"[14.07.25][ริว] รักตัวเอง ไม่ใช่คนเห็นแก่ตัว (Kiwtum)",120232767631840260,2026-05-03,not_delivering,ad,,,,,0,,0,0,,,,,,,,,2026-05-03,2026-05-03
"[08.07.25][ริว] หนังสือฮีลใจยอดขายอันดับ1 (Ghostly)",120234067971530260,2026-05-03,inactive,ad,,,,,0,,0,0,,,,,,,,,2026-05-03,2026-05-03
"[22.07.25][ริว] วันนี้เธอเหนื่อยไหม (Tried)",120233024858580260,2026-05-03,inactive,ad,,,,,0,,0,0,,,,,,,,,2026-05-03,2026-05-03
"[12.08.25][ริว] แค่อ่านกลับจุกอกร้องไห้ (Witches)",120235360438570260,2026-05-03,not_delivering,ad,,,,,0,,0,0,,,,,,,,,2026-05-03,2026-05-03
"[16.09.25][ริว] ไม่มีความเศร้าไหน เทียบเท่าการสูญเสียครอบครัว (Demons)",120236913612550260,2026-05-03,not_delivering,ad,,,,,0,,0,0,,,,,,,,,2026-05-03,2026-05-03
"[23.06.25][ริว] หนังสือที่เล่นกับใจคนอ่านมากที่สุด (Ghostly)",120231719385650260,2026-05-03,inactive,ad,,,,,0,,0,0,,,,,,,,,2026-05-03,2026-05-03
"[05.06.25][ริว] ไม่ได้ตั้งใจจะปล่อยให้มันสาย (Ghostly)",120230972308280260,2026-05-03,not_delivering,ad,,,,,0,,0,0,,,,,,,,,2026-05-03,2026-05-03
"[03.09.25][ริว] จุกอกกับปีศาจ2 (Demons)",120235859410020260,2026-05-03,not_delivering,ad,,,,,0,,0,0,,,,,,,,,2026-05-03,2026-05-03
"[25.07.25][ริว] รักษาตัวเองให้ดี (Ghostly)",120234066163400260,2026-05-03,not_delivering,ad,,,,,0,,0,0,,,,,,,,,2026-05-03,2026-05-03
"[01.04.26][ริว] เลิกควบคุมสิ่งที่ควมคุมไม่ได้ (AI) (Trap)",120246745738370260,2026-05-03,archived,ad,,,,,0,,0,0,,,,,,,,,2026-05-03,2026-05-03
"[12.08.25][ริว] หนังสือ Ghostly Brews มี E-Book แล้ว (Ghostly)",120234776893380260,2026-05-03,inactive,ad,,,,,0,,0,0,,,,,,,,,2026-05-03,2026-05-03
"[26.09.25][ริว] นี่ไม่ใช่แค่ไพ่ทำนายดวง (Witches)",120237503880520260,2026-05-03,not_delivering,ad,,,,,0,,0,0,,,,,,,,,2026-05-03,2026-05-03
"[04.03.26][ริว] ซึมเศร้า (สัมภาษณ์หมอ) (Trap)",120246075776130260,2026-05-03,not_delivering,ad,การสนทนาผ่านการส่งข้อความที่เริ่มขึ้น,,,,0,,0,0,,,,,,,,,2026-05-03,2026-05-03
"[05.09.25][ริว] รีวิวหนังสือ 5/5 (Witches)",120236326570830260,2026-05-03,inactive,ad,,,,,0,,0,0,,,,,,,,,2026-05-03,2026-05-03
"[03.09.25][ริว] จุกอกกับปีศาจ2 (Demons)",120235859086150260,2026-05-03,not_delivering,ad,,,,,0,,0,0,,,,,,,,,2026-05-03,2026-05-03
"[09.09.25][ริว] สบายวันไหน (ปีศาจตัวนั้น)",120236571985100260,2026-05-03,not_delivering,ad,,,,,0,,0,0,,,,,,,,,2026-05-03,2026-05-03
"[24.12.25][ริว] ป้ายยาผลงานภาคต่อ (Remains)",120242559577150260,2026-05-03,not_delivering,ad,,,,,0,,0,0,,,,,,,,,2026-05-03,2026-05-03
"[01.04.26][ริว] เลิกควบคุมสิ่งที่ควมคุมไม่ได้ (AI) (Trap)",120246565414900260,2026-05-03,archived,ad,,,,,0,,0,0,,,,,,,,,2026-05-03,2026-05-03
"[13.10.25][ริว] เล่มลายเซ็น (Remains)",120238558463850260,2026-05-03,inactive,ad,,,,,0,,0,0,,,,,,,,,2026-05-03,2026-05-03
"[03.04.26][ริว] โรคซึมเศร้า AI (Trap)",120247606082070260,2026-05-03,not_delivering,ad,การสนทนาผ่านการส่งข้อความที่เริ่มขึ้น,,,,0,,0,0,,,,,,,,,2026-05-03,2026-05-03
"[29.03.26][ริว] วิธีรับมือโรคแพนิค (AI) (Trap) - สำเนา",120246783812570260,2026-05-03,not_delivering,ad,,,,,0,,0,0,,,,,,,,,2026-05-03,2026-05-03
"[03.09.25][ริว] เปิดตัวปีศาจ 2 (Demons)",120235860412200260,2026-05-03,not_delivering,ad,,,,,0,,0,0,,,,,,,,,2026-05-03,2026-05-03
"[27.08.25][ริว] ถูกเอาเปรียบ (Ghostly)",120235757151830260,2026-05-03,inactive,ad,,,,,0,,0,0,,,,,,,,,2026-05-03,2026-05-03
"[06.08.25][ริว] รีวิวการ์ตูนฮีลใจแห่งปี (Ghostly)",120234486925540260,2026-05-03,not_delivering,ad,,,,,0,,0,0,,,,,,,,,2026-05-03,2026-05-03
"[22.09.25][ริว] แม่อยากให้ลูกมั่นคง (Remains)",120237919855990260,2026-05-03,inactive,ad,,,,,0,,0,0,,,,,,,,,2026-05-03,2026-05-03
"[22.08.25][ริว] แจกวอลเปเปอร์ (Ghostly)",120236544453990260,2026-05-03,not_delivering,ad,,,,,0,,0,0,,,,,,,,,2026-05-03,2026-05-03
"[06.08.25][ริว] มีชีวิตอยู่อย่างโดดเดี่ยว (ghostly)",120235360861690260,2026-05-03,not_delivering,ad,,,,,0,,0,0,,,,,,,,,2026-05-03,2026-05-03
"[27.08.25][ริว] ถูกเอาเปรียบ (Ghostly)",120236003389050260,2026-05-03,not_delivering,ad,,,,,0,,0,0,,,,,,,,,2026-05-03,2026-05-03
"[03.09.25][ริว] เปิดตัวปีศาจ 2 (ภาคเสียงและนางแบบมือโดยดาราสาวสองท่าน) (Demons)",120236620453210260,2026-05-03,not_delivering,ad,,,,,0,,0,0,,,,,,,,,2026-05-03,2026-05-03
"[06.08.25][ริว] รีวิวการ์ตูนฮีลใจแห่งปี (Ghostly)",120235868374300260,2026-05-03,inactive,ad,,,,,0,,0,0,,,,,,,,,2026-05-03,2026-05-03
"[11.09.25][ริว] หรือเขาคงต้องการ (Ghostly)",120236681550660260,2026-05-03,not_delivering,ad,,,,,0,,0,0,,,,,,,,,2026-05-03,2026-05-03
"[12.09.25][ริว] กลัวการเป็นผู้ใหญ่ (ปีศาจตัวนั้น)",120236738023990260,2026-05-03,not_delivering,ad,,,,,0,,0,0,,,,,,,,,2026-05-03,2026-05-03
"[03.10.25][ริว] จะเป็นยังไง (Remains)",120237994488450260,2026-05-03,not_delivering,ad,,,,,0,,0,0,,,,,,,,,2026-05-03,2026-05-03
"[24.07.25][ริว] หนังสือที่ควรอ่านสักครั้ง (Witches)",120233478965660260,2026-05-03,inactive,ad,,,,,0,,0,0,,,,,,,,,2026-05-03,2026-05-03
"[06.10.25][ริว] คะแนน 1000/100 (Remains)",120237931678210260,2026-05-03,inactive,ad,,,,,0,,0,0,,,,,,,,,2026-05-03,2026-05-03
"[20.04.26][ริว] 5 ข้อคิดปลดล็อก “ความรู้สึกผิด” ที่คุณแบกไว้ (Trap)",120247428235990260,2026-05-03,not_delivering,ad,,,,,0,,0,0,,,,,,,,,2026-05-03,2026-05-03
"[09.09.25][ริว] โตขึ้น พ่อแม่แก่ตัวลง (Demons)",120236555952530260,2026-05-03,not_delivering,ad,,,,,0,,0,0,,,,,,,,,2026-05-03,2026-05-03
"[22.08.25][ริว] แจกวอลเปเปอร์ (Ghostly)",120235575226320260,2026-05-03,inactive,ad,,,,,0,,0,0,,,,,,,,,2026-05-03,2026-05-03
"[22.08.25][ริว] แจกวอลเปเปอร์ (Ghostly)",120235449479580260,2026-05-03,inactive,ad,,,,,0,,0,0,,,,,,,,,2026-05-03,2026-05-03
"[08.08.25][ริว] จุกอกอยู่อย่าง (ปีศาจตัวนั้น)",120234604049250260,2026-05-03,inactive,ad,,,,,0,,0,0,,,,,,,,,2026-05-03,2026-05-03
"[10.03.26][ริว] ซึมเศร้า animation (Trap)",120245729927130260,2026-05-03,not_delivering,ad,,,,,0,,0,0,,,,,,,,,2026-05-03,2026-05-03
"[27.08.25][ริว] ถูกเอาเปรียบ (Ghostly)",120235859860690260,2026-05-03,not_delivering,ad,,,,,0,,0,0,,,,,,,,,2026-05-03,2026-05-03
"[29.03.26][ริว] วิธีรับมือโรคแพนิค (AI) (Trap)",120246702152320260,2026-05-03,archived,ad,,,,,0,,0,0,,,,,,,,,2026-05-03,2026-05-03
"[04.03.26][ริว] ซึมเศร้า (สัมภาษณ์หมอ) (Trap)",120245622555000260,2026-05-03,not_delivering,ad,,,,,0,,0,0,,,,,,,,,2026-05-03,2026-05-03
"[18.10.25][ริว] อยู่คนเดียว (Ghostly)",120239658177530260,2026-05-03,not_delivering,ad,,,,,0,,0,0,,,,,,,,,2026-05-03,2026-05-03
"[22.08.25][ริว] เสียดาย (Ghostly)",120242967825350260,2026-05-03,not_delivering,ad,,,,,0,,0,0,,,,,,,,,2026-05-03,2026-05-03
"[21.05.25][ริว] บอกต่อหนังสือที่เหมือนมีเเพื่อนสนิทคอยให้คำแนะนำอยู่ข้าง ๆ (Witches)",120229053893410260,2026-05-03,inactive,ad,,,,,0,,0,0,,,,,,,,,2026-05-03,2026-05-03
"[29.09.25][ริว] E-Book (Ghostly)",120241048603370260,2026-05-03,inactive,ad,,,,,0,,0,0,,,,,,,,,2026-05-03,2026-05-03
"[27.11.25][ริว] ยอม (ปีศาจตัวนั้น)",120241143329950260,2026-05-03,inactive,ad,,,,,0,,0,0,,,,,,,,,2026-05-03,2026-05-03
"[18.02.26][ริว] สีหมอก (Ghostly)",120244476031100260,2026-05-03,not_delivering,ad,,,,,0,,0,0,,,,,,,,,2026-05-03,2026-05-03
"[11.09.25][ริว] ประโยคเดียวในหนังสือ (Witches)",120236735452700260,2026-05-03,not_delivering,ad,,,,,0,,0,0,,,,,,,,,2026-05-03,2026-05-03
"[31.10.25][ริว] อ่านแล้วหายเหนื่อย (Tried)",120240096664200260,2026-05-03,not_delivering,ad,,,,,0,,0,0,,,,,,,,,2026-05-03,2026-05-03
"[16.01.26][ริว] หนังสือที่ได้รับการเสนอชื่อเข้าชิงรางวัล (Ghostly) (Reels)",120243384825320260,2026-05-03,not_delivering,ad,,,,,0,,0,0,,,,,,,,,2026-05-03,2026-05-03
"[16.02.26][ริว] คนรักแอบคุยกับแฟนเก่า (Trap)",120244438024040260,2026-05-03,not_delivering,ad,,,,,0,,0,0,,,,,,,,,2026-05-03,2026-05-03
"[28.06.25][ริว] ไม่ว่าโลกจะใจร้ายกับคุณแค่ไหน (Kiwtum)",120231825241750260,2026-05-03,inactive,ad,,,,,0,,0,0,,,,,,,,,2026-05-03,2026-05-03
"[30.01.26][ริว] อ่านแล้วหายเหนื่อย (Tried)",120243742125400260,2026-05-03,inactive,ad,,,,,0,,0,0,,,,,,,,,2026-05-03,2026-05-03
"[22.08.25][ริว] เสียดาย (Ghostly)",120244220995770260,2026-05-03,not_delivering,ad,,,,,0,,0,0,,,,,,,,,2026-05-03,2026-05-03
"[13.06.25][ริว] ถ้าคืนนี้เป็นคืนสุดท้ายของชีวิต (Ghostly)",120230771158430260,2026-05-03,inactive,ad,,,,,0,,0,0,,,,,,,,,2026-05-03,2026-05-03
"[22.08.25][ริว] เสียดาย (Ghostly)",120243738789430260,2026-05-03,not_delivering,ad,,,,,0,,0,0,,,,,,,,,2026-05-03,2026-05-03
"[23.01.26][ริว] เครียดก็เปิดไพ่ (Witches)",120244055318190260,2026-05-03,not_delivering,ad,,,,,0,,0,0,,,,,,,,,2026-05-03,2026-05-03
"[06.08.25][ริว] หนังสือการ์ตูนที่อ่านแล้วรักตัวเองมากขึ้น (Ghostly)",120234485856010260,2026-05-03,inactive,ad,,,,,0,,0,0,,,,,,,,,2026-05-03,2026-05-03
"[05.09.25][ริว] ประโยคเตือนสติ (Witches)",120236680566800260,2026-05-03,not_delivering,ad,,,,,0,,0,0,,,,,,,,,2026-05-03,2026-05-03
"[27.11.25][ริว] ความสัมพันธ์ไม่ชัดเจน (ปีศาจตัวนั้น) - Copy",120241143389010260,2026-05-03,not_delivering,ad,,,,,0,,0,0,,,,,,,,,2026-05-03,2026-05-03
"[11.06.25][ริว] หนังสือฮีลใจแห่งปี (Ghostly)",120230940620380260,2026-05-03,not_delivering,ad,,,,,0,,0,0,,,,,,,,,2026-05-03,2026-05-03
"[03.11.25][ริว] แค่ประโยคเดียว (Witches)",120239869120120260,2026-05-03,inactive,ad,,,,,0,,0,0,,,,,,,,,2026-05-03,2026-05-03
"[06.08.25][ริว] หนังสือ Mindset ดีขึ้น (Tried)",120234614620390260,2026-05-03,not_delivering,ad,,,,,0,,0,0,,,,,,,,,2026-05-03,2026-05-03
"[09.09.25][ริว] โตขึ้น พ่อแม่แก่ตัวลง (Demons)",120240179503810260,2026-05-03,not_delivering,ad,,,,,0,,0,0,,,,,,,,,2026-05-03,2026-05-03
"[30.10.25][ริว] การอยู่คนเดียว (Ghostly)",120239977789770260,2026-05-03,not_delivering,ad,,,,,0,,0,0,,,,,,,,,2026-05-03,2026-05-03
"[06.11.25][ริว] กลับมาอีกครั้ง (Remains)",120240115682440260,2026-05-03,inactive,ad,,,,,0,,0,0,,,,,,,,,2026-05-03,2026-05-03
"[21.08.25][ริว] อะไรแอบมองเราอยู่น้า (Witches)",120235303029210260,2026-05-03,not_delivering,ad,,,,,0,,0,0,,,,,,,,,2026-05-03,2026-05-03
"[13.11.25][ริว] 30 Boxset สุดท้าย (Witches)",120240390435200260,2026-05-03,not_delivering,ad,,,,,0,,0,0,,,,,,,,,2026-05-03,2026-05-03
"[12.02.26][ริว] คนดีมักรู้สึกผิด (Trap)",120244521466290260,2026-05-03,not_delivering,ad,,,,,0,,0,0,,,,,,,,,2026-05-03,2026-05-03
"[13.11.25][ริว] 30 Boxset สุดท้าย (Witches)",120240663908830260,2026-05-03,not_delivering,ad,,,,,0,,0,0,,,,,,,,,2026-05-03,2026-05-03
"[23.01.26][ริว] ป้ายยา (Remains)",120243521395700260,2026-05-03,inactive,ad,,,,,0,,0,0,,,,,,,,,2026-05-03,2026-05-03
"[04.06.25][ริว] หนังสือปีศาจตัวนั้นคือฉันเอง ไม่ใช่คู่มือแก้ชีวิต (ปีศาจตัวนั้น)",120229984997150260,2026-05-03,not_delivering,ad,,,,,0,,0,0,,,,,,,,,2026-05-03,2026-05-03
"[31.07.25][ริว] 30 เล่มสุดท้ายส่งจากคลัง (Ghostly)",120234490260470260,2026-05-03,inactive,ad,,,,,0,,0,0,,,,,,,,,2026-05-03,2026-05-03
"[11.02.26][ริว] ภาคต่อ 359.- ส่งฟรี (Remains)",120244223829720260,2026-05-03,not_delivering,ad,,,,,0,,0,0,,,,,,,,,2026-05-03,2026-05-03
"[14.03.26][ริว] อ่านแล้วโคตรจริง (Witches)",120245719730320260,2026-05-03,not_delivering,ad,,,,,0,,0,0,,,,,,,,,2026-05-03,2026-05-03
"[04.03.26][ริว] ซึมเศร้า (สัมภาษณ์หมอ) (Trap)",120245502449640260,2026-05-03,not_delivering,ad,,,,,0,,0,0,,,,,,,,,2026-05-03,2026-05-03
"[06.08.25][ริว] คะแนน 10/10 (Tried)",120234441801750260,2026-05-03,not_delivering,ad,,,,,0,,0,0,,,,,,,,,2026-05-03,2026-05-03
"[27.08.25][ริว] ถูกเอาเปรียบ (Ghostly)",120235864199440260,2026-05-03,not_delivering,ad,,,,,0,,0,0,,,,,,,,,2026-05-03,2026-05-03
"[10.04.26][ริว] เสียดายคนตายไม่ได้อ่านเล่มนี้ (Ghostly)",120246840895570260,2026-05-03,inactive,ad,,,,,0,,0,0,,,,,,,,,2026-05-03,2026-05-03
"[04.03.26][ริว] ซึมเศร้า (สัมภาษณ์หมอ) (Trap)",120246513116060260,2026-05-03,not_delivering,ad,การสนทนาผ่านการส่งข้อความที่เริ่มขึ้น,,,,0,,0,0,,,,,,,,,2026-05-03,2026-05-03
"[05.06.25][ริว] ไม่ได้ตั้งใจจะปล่อยให้มันสาย (Ghostly)",120230047455890260,2026-05-03,inactive,ad,,,,,0,,0,0,,,,,,,,,2026-05-03,2026-05-03
"[22.07.25][ริว] วันนี้เธอเหนื่อยไหม (Tried)",120233024903580260,2026-05-03,not_delivering,ad,,,,,0,,0,0,,,,,,,,,2026-05-03,2026-05-03
"[04.03.26][ริว] ซึมเศร้า (สัมภาษณ์หมอ) (Trap)",120245371507350260,2026-05-03,inactive,ad,,,,,0,,0,0,,,,,,,,,2026-05-03,2026-05-03
"[01.08.25][ริว] ประโยคเดียวในหนังสือ (Witches)",120234208497840260,2026-05-03,inactive,ad,,,,,0,,0,0,,,,,,,,,2026-05-03,2026-05-03
"[03.07.25][ริว] ข้อความถึงคนไกลบ้าน (Home)",120234399526610260,2026-05-03,not_delivering,ad,,,,,0,,0,0,,,,,,,,,2026-05-03,2026-05-03
"[03.04.26][ริว] โรคซึมเศร้า AI (Trap)",120247605984870260,2026-05-03,active,ad,การสนทนาผ่านการส่งข้อความที่เริ่มขึ้น,4,53.1925,339,212.77,1.59326973,2262,2136,1,4,53.1925,1,17,5.26083112,94.0627763,0.25,2026-05-03,2026-05-03
"[06.08.25][ริว] มีชีวิตอยู่อย่างโดดเดี่ยว (ghostly)",120234741451460260,2026-05-03,not_delivering,ad,,,,,0,,0,0,,,,,,,,,2026-05-03,2026-05-03
"[04.03.26][ริว] ซึมเศร้า (สัมภาษณ์หมอ) (Trap)",120245607134830260,2026-05-03,not_delivering,ad,,,,,0,,0,0,,,,,,,,,2026-05-03,2026-05-03
"[09.04.26][ริว] perfectionism ความสมบูรณ์แบบที่ทำร้ายเรา AI (Trap)",120246881486780260,2026-05-03,not_delivering,ad,การสนทนาผ่านการส่งข้อความที่เริ่มขึ้น,,,,0,,0,0,,,,,,,,,2026-05-03,2026-05-03
"[19.08.25][ริว] ความสูญเสียทำให้เจ็บปวด (Witches)",120236548932920260,2026-05-03,not_delivering,ad,,,,,0,,0,0,,,,,,,,,2026-05-03,2026-05-03
"[08.07.25][ริว] หนังสือฮีลใจยอดขายอันดับ1 (Ghostly)",120233368841990260,2026-05-03,inactive,ad,,,,,0,,0,0,,,,,,,,,2026-05-03,2026-05-03
"[07.03.26][ริว] เรียนรู้ (Remains)",120245259274410260,2026-05-03,not_delivering,ad,,,,,0,,0,0,,,,,,,,,2026-05-03,2026-05-03
"[29.03.26][ริว] วิธีรับมือโรคแพนิค (AI) (Trap)",120246609046310260,2026-05-03,archived,ad,,,,,0,,0,0,,,,,,,,,2026-05-03,2026-05-03
"[04.03.26][ริว] ซึมเศร้า (สัมภาษณ์หมอ) (Trap)",120245622526920260,2026-05-03,not_delivering,ad,,,,,0,,0,0,,,,,,,,,2026-05-03,2026-05-03
"[20.04.26][ริว] Butterfly Hug ไม่มีใครกอด ก็ปลอบใจตัวเองได้ AI (Trap)",120247428263180260,2026-05-03,not_delivering,ad,,,,,0,,0,0,,,,,,,,,2026-05-03,2026-05-03
"[01.04.26][ริว] เลิกควบคุมสิ่งที่ควมคุมไม่ได้ (AI) (Trap) - สำเนา",120246783796850260,2026-05-03,not_delivering,ad,การสนทนาผ่านการส่งข้อความที่เริ่มขึ้น,,,,0,,0,0,,,,,,,,,2026-05-03,2026-05-03
"[23.01.26][ริว] เครียดก็เปิดไพ่ (Witches)",120243522186710260,2026-05-03,inactive,ad,,,,,0,,0,0,,,,,,,,,2026-05-03,2026-05-03
"[23.04.26][ริว] Smiling depression ภาวะซึมเศร้าที่ซ่อนอยู่ใต้รอยยิ้ม AI (Trap)",120248306308010260,2026-05-03,not_delivering,ad,การสนทนาผ่านการส่งข้อความที่เริ่มขึ้น,7,50.62857143,1568,354.4,4.42437923,5779,4963,2,7,50.62857143,3,36,4.22218377,61.32548884,0.28571429,2026-05-03,2026-05-03
"[24.02.26][ริว] ป้ายยา (Witches)",120244811998560260,2026-05-03,not_delivering,ad,,,,,0,,0,0,,,,,,,,,2026-05-03,2026-05-03
"[24.10.25][ริว] PAYDAY OPD E-Book 1 แถม 1 (Promotion)",120240278884880260,2026-05-03,archived,ad,,,,,0,,0,0,,,,,,,,,2026-05-03,2026-05-03
"[12.02.26][ริว] รางวัล (Ghostly)",120244263061370260,2026-05-03,archived,ad,,,,,0,,0,0,,,,,,,,,2026-05-03,2026-05-03
"[24.07.25][ริว] หนังสือที่ควรอ่านสักครั้ง (Witches)",120233469566090260,2026-05-03,inactive,ad,,,,,0,,0,0,,,,,,,,,2026-05-03,2026-05-03
"[25.11.25][ริว] ซิ่ง Black Friday (Promotion)",120241091762870260,2026-05-03,not_delivering,ad,,,,,0,,0,0,,,,,,,,,2026-05-03,2026-05-03
"[05.08.25][ริว] ประโยคในหนังสือเปลี่ยนชีวิต (Witches)",120234426178090260,2026-05-03,not_delivering,ad,,,,,0,,0,0,,,,,,,,,2026-05-03,2026-05-03
"[05.09.25][ริว] รีวิวหนังสือ 5/5 (Witches)",120236603024380260,2026-05-03,not_delivering,ad,,,,,0,,0,0,,,,,,,,,2026-05-03,2026-05-03
"[13.04.26][ริว] ทำเหมือนไม่เป็นไร ทั้งที่ข้างในไม่โอเค (BOXSET) AI (Tried)",120247075490800260,2026-05-03,not_delivering,ad,การสนทนาผ่านการส่งข้อความที่เริ่มขึ้น,,,,0,,0,0,,,,,,,,,2026-05-03,2026-05-03
"[22.07.25][ริว] ทุกคนเราได้หนังสือมาใหม่ (Tried)",120233223021610260,2026-05-03,inactive,ad,,,,,0,,0,0,,,,,,,,,2026-05-03,2026-05-03
"[11.09.25][ริว] ระลึกถึงคนที่จากไป (Witches)",120236885051950260,2026-05-03,not_delivering,ad,,,,,0,,0,0,,,,,,,,,2026-05-03,2026-05-03
"[11.08.25][ริว] รีวิวไพ่ทำนายดวง (Witches)",120234869630590260,2026-05-03,inactive,ad,,,,,0,,0,0,,,,,,,,,2026-05-03,2026-05-03
"[23.05.25][ริว] หนังสือการ์ตูนฮีลใจ (Ghostly)",120229263873510260,2026-05-03,inactive,ad,,,,,0,,0,0,,,,,,,,,2026-05-03,2026-05-03
"[22.07.25][ริว] วันนี้เธอเหนื่อยไหม (Tried)",120234551110590260,2026-05-03,archived,ad,,,,,0,,0,0,,,,,,,,,2026-05-03,2026-05-03
"[06.08.25][ริว] 7 สัญญาณที่ควรอ่าน (Tried)",120234440757530260,2026-05-03,inactive,ad,,,,,0,,0,0,,,,,,,,,2026-05-03,2026-05-03
"[22.07.25][ริว] วันนี้เธอเหนื่อยไหม (Tried)",120233024757480260,2026-05-03,inactive,ad,,,,,0,,0,0,,,,,,,,,2026-05-03,2026-05-03
"[03.09.25][ริว] เปิดตัวปีศาจ 2 (Demons)",120236324479730260,2026-05-03,not_delivering,ad,,,,,0,,0,0,,,,,,,,,2026-05-03,2026-05-03
"[26.09.25][ริว] นี่ไม่ใช่แค่ไพ่ทำนายดวง (Witches)",120237844771050260,2026-05-03,not_delivering,ad,,,,,0,,0,0,,,,,,,,,2026-05-03,2026-05-03
"[13.10.25][ริว] เล่มลายเซ็น (Remains)",120238558137770260,2026-05-03,not_delivering,ad,,,,,0,,0,0,,,,,,,,,2026-05-03,2026-05-03
"[25.07.25][ริว] แค่อ่านชื่อหน้าปก (Tried)",120233565409420260,2026-05-03,not_delivering,ad,,,,,0,,0,0,,,,,,,,,2026-05-03,2026-05-03
"[25.07.25][ริว] อ่านเล่มนี้จึงรู้ว่า (Tried)",120233565208240260,2026-05-03,inactive,ad,,,,,0,,0,0,,,,,,,,,2026-05-03,2026-05-03
"[02.06.25][ริว] 5 เหตุผลที่ต้องอ่าน (Ghostly)",120229860010370260,2026-05-03,inactive,ad,,,,,0,,0,0,,,,,,,,,2026-05-03,2026-05-03
"[25.07.25][ริว] คะแนน 9.9/10 (Ghostly)",120233558047490260,2026-05-03,inactive,ad,,,,,0,,0,0,,,,,,,,,2026-05-03,2026-05-03
"[06.08.25][ริว] มีชีวิตอยู่อย่างโดดเดี่ยว (ghostly)",120234669538140260,2026-05-03,inactive,ad,,,,,0,,0,0,,,,,,,,,2026-05-03,2026-05-03
"[23.07.25][ริว] PAYDAY SALE JULY (Promotion_Payday) - Meme",120233337732400260,2026-05-03,inactive,ad,,,,,0,,0,0,,,,,,,,,2026-05-03,2026-05-03
"[06.08.25][ริว] คะแนน 10/10 (Tried)",120234615013180260,2026-05-03,not_delivering,ad,,,,,0,,0,0,,,,,,,,,2026-05-03,2026-05-03
"[25.07.25][ริว] แค่หนังสือร้องไห้ทำไม (Tried)",120234056003740260,2026-05-03,inactive,ad,,,,,0,,0,0,,,,,,,,,2026-05-03,2026-05-03
"[23.05.25][ริว] หนังสือการ์ตูนฮีลใจ (Ghostly)",120229263892090260,2026-05-03,inactive,ad,,,,,0,,0,0,,,,,,,,,2026-05-03,2026-05-03
"[18.12.25][ริว] หนังสือการ์ตูนฮีลใจ (Ghostly)",120242333918340260,2026-05-03,not_delivering,ad,,,,,0,,0,0,,,,,,,,,2026-05-03,2026-05-03
"[24.07.25][ริว] ไพ่สำรับนี้ดูดวงแม่น (Witches)",120233372543820260,2026-05-03,not_delivering,ad,,,,,0,,0,0,,,,,,,,,2026-05-03,2026-05-03
"[22.07.25][ริว] วันนี้เธอเหนื่อยไหม (Tried)",120233024612610260,2026-05-03,inactive,ad,,,,,0,,0,0,,,,,,,,,2026-05-03,2026-05-03
"[03.10.25][ริว] จะเป็นยังไง (Remains)",120237920751990260,2026-05-03,inactive,ad,,,,,0,,0,0,,,,,,,,,2026-05-03,2026-05-03
"[21.05.25][ริว] สายมูห้ามพลาด (Witches)",120229053893420260,2026-05-03,inactive,ad,,,,,0,,0,0,,,,,,,,,2026-05-03,2026-05-03
"[06.08.25][ริว] มีชีวิตอยู่อย่างโดดเดี่ยว (ghostly)",120236676218490260,2026-05-03,not_delivering,ad,,,,,0,,0,0,,,,,,,,,2026-05-03,2026-05-03
"[04.10.25][ริว] เสาหลักของบ้าน (Tried)",120239442615700260,2026-05-03,not_delivering,ad,,,,,0,,0,0,,,,,,,,,2026-05-03,2026-05-03
"[03.09.25][ริว] เปิดตัวปีศาจ 2 (Demons)",120236358963790260,2026-05-03,not_delivering,ad,,,,,0,,0,0,,,,,,,,,2026-05-03,2026-05-03
"[09.10.25][ริว] นี่คือไพ่ทำนายดวง (Witches)",120238631721960260,2026-05-03,not_delivering,ad,,,,,0,,0,0,,,,,,,,,2026-05-03,2026-05-03
"[04.09.25][ริว] 9.9 : 3 เล่ม ราคา 999.- (Promotion)",120236189885290260,2026-05-03,not_delivering,ad,,,,,0,,0,0,,,,,,,,,2026-05-03,2026-05-03
"[09.10.25][ริว] นี่คือไพ่ทำนายดวง (Witches)",120238504497720260,2026-05-03,not_delivering,ad,,,,,0,,0,0,,,,,,,,,2026-05-03,2026-05-03
"[09.07.25][ริว] สวัสดียามดึก คุณดวงวิญญาณ (Ghostly)",120234551208210260,2026-05-03,archived,ad,,,,,0,,0,0,,,,,,,,,2026-05-03,2026-05-03
"[16.10.25][ริว] คะแนน 9.9/10 (Remains)",120239183198800260,2026-05-03,not_delivering,ad,,,,,0,,0,0,,,,,,,,,2026-05-03,2026-05-03
"[06.08.25][ริว] 7 สัญญาณที่ควรอ่าน (Tried)",120234614620450260,2026-05-03,not_delivering,ad,,,,,0,,0,0,,,,,,,,,2026-05-03,2026-05-03
"[08.09.25][ริว] ริวหนังสือใหม่ (Demons)",120236554458280260,2026-05-03,inactive,ad,,,,,0,,0,0,,,,,,,,,2026-05-03,2026-05-03
"[27.08.25][ริว] ไม่เป็นไรถ้าวันนี้พลาด (Home)",120235756740890260,2026-05-03,not_delivering,ad,,,,,0,,0,0,,,,,,,,,2026-05-03,2026-05-03
"[24.07.25][ริว] ไพ่สำรับนี้ดูดวงแม่น (Witches)",120234068965290260,2026-05-03,inactive,ad,,,,,0,,0,0,,,,,,,,,2026-05-03,2026-05-03
"[23.06.25][ริว] ประโยคเดียวในหนังสือที่จะเปลี่ยนชีวิต (Witches)",120241035509320260,2026-05-03,inactive,ad,,,,,0,,0,0,,,,,,,,,2026-05-03,2026-05-03
"[11.08.25][ริว] อ่านการ์ตูนแล้วร้องไห้ (Ghostly)",120234714869870260,2026-05-03,not_delivering,ad,,,,,0,,0,0,,,,,,,,,2026-05-03,2026-05-03
"[06.10.25][ริว] แม่ที่รักลูก (Remains)",120237931165500260,2026-05-03,inactive,ad,,,,,0,,0,0,,,,,,,,,2026-05-03,2026-05-03
"[05.08.25][ริว] หนังสือที่อ่านแล้ว ’เหมือนได้กลับบ้าน’ (Home)",120234399289980260,2026-05-03,inactive,ad,,,,,0,,0,0,,,,,,,,,2026-05-03,2026-05-03
"[03.09.25][ริว] สัญญาณที่ควรอ่าน (Demons)",120235947738780260,2026-05-03,inactive,ad,,,,,0,,0,0,,,,,,,,,2026-05-03,2026-05-03
"[20.10.25][ริว] ความผิดพลาด (Witches)",120238988767040260,2026-05-03,not_delivering,ad,,,,,0,,0,0,,,,,,,,,2026-05-03,2026-05-03
"[06.08.25][ริว] แค่หนังสือการ์ตูน ทำไมถึงร้องไห้ (Ghostly)",120234487375450260,2026-05-03,inactive,ad,,,,,0,,0,0,,,,,,,,,2026-05-03,2026-05-03
"[23.01.26][ริว] เครียดก็เปิดไพ่ (Witches)",120244294262140260,2026-05-03,not_delivering,ad,,,,,0,,0,0,,,,,,,,,2026-05-03,2026-05-03
"[23.06.25][ริว] ประโยคเดียวในหนังสือที่จะเปลี่ยนชีวิต (Witches)",120235302624600260,2026-05-03,not_delivering,ad,,,,,0,,0,0,,,,,,,,,2026-05-03,2026-05-03
"[25.07.25][ริว] ประโยคที่อ่านแล้วจุกอกในใจ (Tried)",120233569762500260,2026-05-03,inactive,ad,,,,,0,,0,0,,,,,,,,,2026-05-03,2026-05-03
"[03.09.25][ริว] เปิดตัวปีศาจ 2 (ภาคเสียงและนางแบบมือโดยดาราสาวสองท่าน) (Demons)",120236030953930260,2026-05-03,not_delivering,ad,,,,,0,,0,0,,,,,,,,,2026-05-03,2026-05-03
"[19.06.25][ริว] บทสนทนาของคนที่ไม่มีโอกาสพูดอีกแล้ว (Ghostly)",120231947126790260,2026-05-03,not_delivering,ad,,,,,0,,0,0,,,,,,,,,2026-05-03,2026-05-03
"[05.09.25][ริว] 7 สัญญาณที่บอกว่าคุณควรอ่าน (Witches)",120236549862800260,2026-05-03,not_delivering,ad,,,,,0,,0,0,,,,,,,,,2026-05-03,2026-05-03
"[22.08.25][ริว] Payday August 2 Box 999 (Promotion_Payday)",120235247853340260,2026-05-03,not_delivering,ad,,,,,0,,0,0,,,,,,,,,2026-05-03,2026-05-03
"[24.07.25][ริว] หนังสือใหม่ล่าสุด (Ghostly)",120233474970590260,2026-05-03,archived,ad,,,,,0,,0,0,,,,,,,,,2026-05-03,2026-05-03
"[23.06.25][ริว] ประโยคเดียวในหนังสือที่จะเปลี่ยนชีวิต (Witches)",120234924774130260,2026-05-03,not_delivering,ad,,,,,0,,0,0,,,,,,,,,2026-05-03,2026-05-03
"[11.08.25][ริว] รีวิวไพ่ทำนายดวง (Witches)",120234722754180260,2026-05-03,inactive,ad,,,,,0,,0,0,,,,,,,,,2026-05-03,2026-05-03
"[22.09.25][ริว] แม่อยากให้ลูกมั่นคง (Remains)",120237332322590260,2026-05-03,inactive,ad,,,,,0,,0,0,,,,,,,,,2026-05-03,2026-05-03
"[25.07.25][ริว] คะแนน9.9/10 (Tried)",120234921224770260,2026-05-03,not_delivering,ad,,,,,0,,0,0,,,,,,,,,2026-05-03,2026-05-03
"[08.07.25][ริว] ย่านเมืองเก่ามีร้านคาเฟ่ร้านนึงเปิดหลังเที่ยงคืน (Ghostly)",120234669379460260,2026-05-03,inactive,ad,,,,,0,,0,0,,,,,,,,,2026-05-03,2026-05-03
"[03.09.25][ริว] สัญญาณที่ควรอ่าน (Demons)",120236358913800260,2026-05-03,not_delivering,ad,,,,,0,,0,0,,,,,,,,,2026-05-03,2026-05-03
"[12.08.25][ริว] แค่อ่านกลับจุกอกร้องไห้ (Witches)",120234722082450260,2026-05-03,inactive,ad,,,,,0,,0,0,,,,,,,,,2026-05-03,2026-05-03
"[22.07.25][ริว] วันนี้เธอเหนื่อยไหม (Tried)",120233024956830260,2026-05-03,not_delivering,ad,,,,,0,,0,0,,,,,,,,,2026-05-03,2026-05-03
"[08.08.25][ริว] งานศพ (Ghostly)",120235575837280260,2026-05-03,not_delivering,ad,,,,,0,,0,0,,,,,,,,,2026-05-03,2026-05-03
"[02.06.25][ริว] หนังสือพลิกชีวิต (Witches)",120230763374140260,2026-05-03,inactive,ad,,,,,0,,0,0,,,,,,,,,2026-05-03,2026-05-03
"[03.07.25][ริว] ข้อความถึงคนไกลบ้าน (Home)",120232138390930260,2026-05-03,inactive,ad,,,,,0,,0,0,,,,,,,,,2026-05-03,2026-05-03
"[03.11.25][ริว] หนังสือใหม่ อ่านแล้วน้ำตาซึม (Demons)",120239860861340260,2026-05-03,not_delivering,ad,,,,,0,,0,0,,,,,,,,,2026-05-03,2026-05-03
"[06.08.25][ริว] มีชีวิตอยู่อย่างโดดเดี่ยว (ghostly)",120235302089230260,2026-05-03,not_delivering,ad,,,,,0,,0,0,,,,,,,,,2026-05-03,2026-05-03
"[10.11.25][ริว] วันนี้เราป้ายยา (Witches)",120240391993380260,2026-05-03,not_delivering,ad,,,,,0,,0,0,,,,,,,,,2026-05-03,2026-05-03
"[25.08.25][ริว] ไพ่สำรับนี้ (Witches)",120236550166810260,2026-05-03,not_delivering,ad,,,,,0,,0,0,,,,,,,,,2026-05-03,2026-05-03
"[11.09.25][ริว] ระลึกถึงคนที่จากไป (Witches)",120236885031880260,2026-05-03,not_delivering,ad,,,,,0,,0,0,,,,,,,,,2026-05-03,2026-05-03
"[24.09.25][ริว] ชีวิตสั้น (ปีศาจตัวนั้น)",120237441929810260,2026-05-03,not_delivering,ad,,,,,0,,0,0,,,,,,,,,2026-05-03,2026-05-03
"[27.05.25][ริว] ประโยคที่อ่านแล้วจุกอก (Witches)",120234924774120260,2026-05-03,not_delivering,ad,,,,,0,,0,0,,,,,,,,,2026-05-03,2026-05-03
"[06.09.25][ริว] ความกลัวการไม่ถูกรัก (Ghostly)",120236522384130260,2026-05-03,not_delivering,ad,,,,,0,,0,0,,,,,,,,,2026-05-03,2026-05-03
"[03.09.25][ริว] เปิดตัวปีศาจ 2 (ภาคเสียงและนางแบบมือโดยดาราสาวสองท่าน) (Demons)",120236027520060260,2026-05-03,inactive,ad,,,,,0,,0,0,,,,,,,,,2026-05-03,2026-05-03
"[09.09.25][ริว] ยังไม่ดีพอ (ไม่เป็นความจริงแต่อย่างใด) (Demons)",120236555952520260,2026-05-03,inactive,ad,,,,,0,,0,0,,,,,,,,,2026-05-03,2026-05-03
"[03.09.25][ริว] เปิดตัวปีศาจ 2 (ภาคเสียงและนางแบบมือโดยดาราสาวสองท่าน) (Demons)",120236358913780260,2026-05-03,not_delivering,ad,,,,,0,,0,0,,,,,,,,,2026-05-03,2026-05-03
"[18.09.25][ริว] ถ้าได้ฟังเรื่องราว (Ghostly)",120237043133140260,2026-05-03,inactive,ad,,,,,0,,0,0,,,,,,,,,2026-05-03,2026-05-03
"[05.09.25][ริว] ประโยคเตือนสติ (Witches)",120236549979880260,2026-05-03,not_delivering,ad,,,,,0,,0,0,,,,,,,,,2026-05-03,2026-05-03
"[28.06.25][ริว] ถ้าคืนนี้เป็นคืนสุดท้ายของคุณ (Ghostly)",120231820444450260,2026-05-03,inactive,ad,,,,,0,,0,0,,,,,,,,,2026-05-03,2026-05-03
"[09.10.25][ริว] นี่คือไพ่ทำนายดวง (Witches)",120238317675540260,2026-05-03,not_delivering,ad,,,,,0,,0,0,,,,,,,,,2026-05-03,2026-05-03
"[22.08.25][ริว] Payday August 2 Box 999 (Promotion_Payday)",120235600499690260,2026-05-03,not_delivering,ad,,,,,0,,0,0,,,,,,,,,2026-05-03,2026-05-03
"[24.07.25][ริว] หนังสือใหม่ล่าสุด (Ghostly)",120236245139820260,2026-05-03,not_delivering,ad,,,,,0,,0,0,,,,,,,,,2026-05-03,2026-05-03
"[29.08.25][ริว] ลองแคร์แค่สายตา (Kiwtum)",120235858728930260,2026-05-03,not_delivering,ad,,,,,0,,0,0,,,,,,,,,2026-05-03,2026-05-03
"[18.07.25][ริว] ประโยคจุกอก (Ghostly)",120236246150780260,2026-05-03,not_delivering,ad,,,,,0,,0,0,,,,,,,,,2026-05-03,2026-05-03
"[11.08.25][ริว] ยิ้มทั้งน้ำตา (Ghostly)",120234715022840260,2026-05-03,inactive,ad,,,,,0,,0,0,,,,,,,,,2026-05-03,2026-05-03
"[23.07.25][ริว] แค่ชื่อก็เหมือนโดนปลอบ (Tried)",120233334347120260,2026-05-03,not_delivering,ad,,,,,0,,0,0,,,,,,,,,2026-05-03,2026-05-03
"[06.08.25][ริว] มีชีวิตอยู่อย่างโดดเดี่ยว (ghostly)",120235432800670260,2026-05-03,not_delivering,ad,,,,,0,,0,0,,,,,,,,,2026-05-03,2026-05-03
"[06.08.25][ริว] ประโยคเปลี่ยนชีวิต (Tried)",120234467457670260,2026-05-03,not_delivering,ad,,,,,0,,0,0,,,,,,,,,2026-05-03,2026-05-03
"[02.06.25][ริว] 5 เหตุผลที่ต้องอ่าน (Ghostly)",120230762758030260,2026-05-03,inactive,ad,,,,,0,,0,0,,,,,,,,,2026-05-03,2026-05-03
"[24.07.25][ริว] ไพ่สำรับนี้ดูดวงแม่น (Witches)",120233478965670260,2026-05-03,not_delivering,ad,,,,,0,,0,0,,,,,,,,,2026-05-03,2026-05-03
"[04.10.25][ริว] เสาหลักของบ้าน (Tried)",120237987174550260,2026-05-03,inactive,ad,,,,,0,,0,0,,,,,,,,,2026-05-03,2026-05-03
"[27.08.25][ริว] ถูกเอาเปรียบ (Ghostly)",120235753090720260,2026-05-03,not_delivering,ad,,,,,0,,0,0,,,,,,,,,2026-05-03,2026-05-03
"[25.07.25][ริว] สัญญาณที่บอกว่าควรอ่าน (Tried)",120233565064480260,2026-05-03,not_delivering,ad,,,,,0,,0,0,,,,,,,,,2026-05-03,2026-05-03
"[22.07.25][ริว] วันนี้เธอเหนื่อยไหม (Tried)",120233024814790260,2026-05-03,not_delivering,ad,,,,,0,,0,0,,,,,,,,,2026-05-03,2026-05-03
"[09.07.25][ริว] สวัสดียามดึก คุณดวงวิญญาณ (Ghostly)",120232526132780260,2026-05-03,inactive,ad,,,,,0,,0,0,,,,,,,,,2026-05-03,2026-05-03
"[18.09.25][ริว] แค่หนังสือเล่มเดียว (Tried)",120237047698210260,2026-05-03,inactive,ad,,,,,0,,0,0,,,,,,,,,2026-05-03,2026-05-03
"[24.07.25][ริว] หนังสือใหม่ล่าสุด (Ghostly)",120233476156900260,2026-05-03,not_delivering,ad,,,,,0,,0,0,,,,,,,,,2026-05-03,2026-05-03
"[23.05.25][ริว] ประโยคหนึ่งในหนังสือที่เหมือนมีน้องแมวเวทมนตร์มากระซิบ (Witches)",120229241557040260,2026-05-03,inactive,ad,,,,,0,,0,0,,,,,,,,,2026-05-03,2026-05-03
"[02.06.25][ริว] หนังสือพลิกชีวิต (Witches)",120229859719460260,2026-05-03,inactive,ad,,,,,0,,0,0,,,,,,,,,2026-05-03,2026-05-03
"[25.07.25][ริว] แค่หนังสือร้องไห้ทำไม (Tried)",120233569176650260,2026-05-03,not_delivering,ad,,,,,0,,0,0,,,,,,,,,2026-05-03,2026-05-03
"[11.06.25][ริว] หนังสือฮีลใจแห่งปี (Ghostly)",120230762827270260,2026-05-03,not_delivering,ad,,,,,0,,0,0,,,,,,,,,2026-05-03,2026-05-03
"[17.10.25][ริว] พูดดีกับทุกคนยกเว้นตัวเอง (ปีศาจตัวนั้น)",120238819869230260,2026-05-03,not_delivering,ad,,,,,0,,0,0,,,,,,,,,2026-05-03,2026-05-03
"[06.08.25][ริว] มีชีวิตอยู่อย่างโดดเดี่ยว (ghostly)",120236905052690260,2026-05-03,not_delivering,ad,,,,,0,,0,0,,,,,,,,,2026-05-03,2026-05-03
"[11.06.25][ริว] หนังสือฮีลใจแห่งปี (Ghostly)",120232764653280260,2026-05-03,inactive,ad,,,,,0,,0,0,,,,,,,,,2026-05-03,2026-05-03
"[06.08.25][ริว] มีชีวิตอยู่อย่างโดดเดี่ยว (ghostly)",120235359707280260,2026-05-03,not_delivering,ad,,,,,0,,0,0,,,,,,,,,2026-05-03,2026-05-03
"[11.06.25][ริว] หนังสือฮีลใจแห่งปี (Ghostly)",120231947163260260,2026-05-03,not_delivering,ad,,,,,0,,0,0,,,,,,,,,2026-05-03,2026-05-03
"[03.09.25][ริว] สัญญาณที่ควรอ่าน (Demons)",120236583311860260,2026-05-03,inactive,ad,,,,,0,,0,0,,,,,,,,,2026-05-03,2026-05-03
"[19.06.25][ริว] บทสนทนาของคนที่ไม่มีโอกาสพูดอีกแล้ว (Ghostly)",120231485805540260,2026-05-03,inactive,ad,,,,,0,,0,0,,,,,,,,,2026-05-03,2026-05-03
"[11.06.25][ริว] จะเป็นยังไงถ้าคุณต้องเป็นที่ปรึกษา (Ghostly)",120230763705150260,2026-05-03,inactive,ad,,,,,0,,0,0,,,,,,,,,2026-05-03,2026-05-03
"[02.06.25][ริว] หนังสือพลิกชีวิต (Witches)",120229860132880260,2026-05-03,archived,ad,,,,,0,,0,0,,,,,,,,,2026-05-03,2026-05-03
"[24.06.25][ริว] ไม่ว่าชีวิตจะแย่แค่ไหน แค่คิดแบบคาปิบาร่า (Capybara_Boxset)",120231575232980260,2026-05-03,inactive,ad,,,,,0,,0,0,,,,,,,,,2026-05-03,2026-05-03
"[03.07.25][ริว][Cross Page] หนังสือฮีลใจแห่งปี (Ghostly)",120232159506290260,2026-05-03,not_delivering,ad,,,,,0,,0,0,,,,,,,,,2026-05-03,2026-05-03
"[05.06.25][ริว] ไม่ได้ตั้งใจจะปล่อยให้มันสาย (Ghostly)",120230048898500260,2026-05-03,not_delivering,ad,,,,,0,,0,0,,,,,,,,,2026-05-03,2026-05-03
"[21.08.25][ริว] อะไรแอบมองเราอยู่น้า (Witches)",120235360503330260,2026-05-03,inactive,ad,,,,,0,,0,0,,,,,,,,,2026-05-03,2026-05-03
"[28.06.25][ริว] รู้สึกดีไม่พอ จนอยากหายไปจากโลก (Embrace)",120232810174850260,2026-05-03,inactive,ad,,,,,0,,0,0,,,,,,,,,2026-05-03,2026-05-03
"[11.09.25][ริว] ระลึกถึงคนที่จากไป (Witches)",120237328705210260,2026-05-03,not_delivering,ad,,,,,0,,0,0,,,,,,,,,2026-05-03,2026-05-03
"[13.11.25][ริว] 30 Boxset สุดท้าย (Witches)",120241250781940260,2026-05-03,not_delivering,ad,,,,,0,,0,0,,,,,,,,,2026-05-03,2026-05-03
"[09.10.25][ริว] นี่คือไพ่ทำนายดวง (Witches)",120238859679880260,2026-05-03,inactive,ad,,,,,0,,0,0,,,,,,,,,2026-05-03,2026-05-03
"[18.10.25][ริว] อยู่คนเดียว (Ghostly)",120240102388260260,2026-05-03,inactive,ad,,,,,0,,0,0,,,,,,,,,2026-05-03,2026-05-03
"[06.08.25][ริว] มีชีวิตอยู่อย่างโดดเดี่ยว (ghostly)",120234714400830260,2026-05-03,inactive,ad,,,,,0,,0,0,,,,,,,,,2026-05-03,2026-05-03
"[19.08.25][ริว] ความสูญเสียทำให้เจ็บปวด (Witches)",120235860376970260,2026-05-03,not_delivering,ad,,,,,0,,0,0,,,,,,,,,2026-05-03,2026-05-03
"[19.08.25][ริว] ความสูญเสียทำให้เจ็บปวด (Witches)",120236188440400260,2026-05-03,not_delivering,ad,,,,,0,,0,0,,,,,,,,,2026-05-03,2026-05-03
"[24.07.25][ริว] ไพ่สำรับนี้ดูดวงแม่น (Witches)",120234208577760260,2026-05-03,not_delivering,ad,,,,,0,,0,0,,,,,,,,,2026-05-03,2026-05-03
"[16.10.25][ริว] เมไอสัมภาษณ์ปีศาจ2 (Demons)",120238779742330260,2026-05-03,inactive,ad,,,,,0,,0,0,,,,,,,,,2026-05-03,2026-05-03
"[28.08.25][ริว] ถ้าต้องบอกกับตัวเอง (Tried)",120235856501760260,2026-05-03,inactive,ad,,,,,0,,0,0,,,,,,,,,2026-05-03,2026-05-03
"[23.07.25][ริว] เมื่อเข้าสู่วัยทำงาน (Tried)",120234426907880260,2026-05-03,not_delivering,ad,,,,,0,,0,0,,,,,,,,,2026-05-03,2026-05-03
"[23.07.25][ริว] PAYDAY SALE JULY (Promotion_Payday) - Meme",120233337906850260,2026-05-03,inactive,ad,,,,,0,,0,0,,,,,,,,,2026-05-03,2026-05-03
"[09.07.25][ริว] สวัสดียามดึก คุณดวงวิญญาณ (Ghostly)",120236246360270260,2026-05-03,not_delivering,ad,,,,,0,,0,0,,,,,,,,,2026-05-03,2026-05-03
"[27.08.25][ริว] ถูกเอาเปรียบ (Ghostly)",120235752621500260,2026-05-03,not_delivering,ad,,,,,0,,0,0,,,,,,,,,2026-05-03,2026-05-03
"[03.07.25][ริว] ไพ่อยากจะบอกอะไรกับคุณ (Witches)",120232133366710260,2026-05-03,inactive,ad,,,,,0,,0,0,,,,,,,,,2026-05-03,2026-05-03
"[22.08.25][ริว] เสียดาย (Ghostly)",120244055765490260,2026-05-03,not_delivering,ad,,,,,0,,0,0,,,,,,,,,2026-05-03,2026-05-03
"[22.10.25][ริว] ป้ายยา (Remains)",120239461693580260,2026-05-03,not_delivering,ad,,,,,0,,0,0,,,,,,,,,2026-05-03,2026-05-03
"[11.12.25][ริว] เปลี่ยนความทุกข์ (Witches)",120241902350010260,2026-05-03,inactive,ad,,,,,0,,0,0,,,,,,,,,2026-05-03,2026-05-03
"[31.10.25][ริว] 30 เล่มสุดท้าย (Remains)",120239979554420260,2026-05-03,inactive,ad,,,,,0,,0,0,,,,,,,,,2026-05-03,2026-05-03
"[22.10.25][ริว] ป้ายยาหนังสือน่ารัก (Witches)",120240905459160260,2026-05-03,inactive,ad,,,,,0,,0,0,,,,,,,,,2026-05-03,2026-05-03
"[24.10.25][ริว] PAYDAY OPD E-Book 1 แถม 1 (Promotion)",120239533151940260,2026-05-03,not_delivering,ad,,,,,0,,0,0,,,,,,,,,2026-05-03,2026-05-03
"[22.10.25][ริว] ป้ายยา (Remains)",120239982076500260,2026-05-03,not_delivering,ad,,,,,0,,0,0,,,,,,,,,2026-05-03,2026-05-03
"[23.04.26][ริว] Smiling depression ภาวะซึมเศร้าที่ซ่อนอยู่ใต้รอยยิ้ม AI (Trap)",120248306328570260,2026-05-03,not_delivering,ad,การสนทนาผ่านการส่งข้อความที่เริ่มขึ้น,6,59.71833333,748,358.31,2.0875778,5976,5228,2,6,59.71833333,2,21,3.79852744,59.958166,0.33333333,2026-05-03,2026-05-03
"[29.10.25][ริว] ป้ายยา 2 หนังสือ (Remains)",120239538332050260,2026-05-03,not_delivering,ad,,,,,0,,0,0,,,,,,,,,2026-05-03,2026-05-03
"[03.04.26][ริว] โรคซึมเศร้า AI (Trap)",120247408900250260,2026-05-03,archived,ad,,,,,0,,0,0,,,,,,,,,2026-05-03,2026-05-03
"[04.09.25][ริว] 9.9 : 3 เล่ม ราคา 999.- (Promotion)",120236313129500260,2026-05-03,not_delivering,ad,,,,,0,,0,0,,,,,,,,,2026-05-03,2026-05-03
"[30.10.25][ริว] การอยู่คนเดียว (Ghostly)",120240331080200260,2026-05-03,inactive,ad,,,,,0,,0,0,,,,,,,,,2026-05-03,2026-05-03
"[06.11.25][ริว] กลับมาอีกครั้ง (Remains)",120240912726290260,2026-05-03,not_delivering,ad,,,,,0,,0,0,,,,,,,,,2026-05-03,2026-05-03
"[23.06.25][ริว] ประโยคเดียวในหนังสือที่จะเปลี่ยนชีวิต (Witches)",120239970829840260,2026-05-03,inactive,ad,,,,,0,,0,0,,,,,,,,,2026-05-03,2026-05-03
"[16.10.25][ริว] แค่ประโยคในหนังสือ (Remains)",120238719260240260,2026-05-03,inactive,ad,,,,,0,,0,0,,,,,,,,,2026-05-03,2026-05-03
"[23.02.26][ริว] แม่คือคนรับผิดชอบ (Trap)",120246076494150260,2026-05-03,not_delivering,ad,,,,,0,,0,0,,,,,,,,,2026-05-03,2026-05-03
"[18.11.25][ริว] หนังสือเรียกน้ำตา (Remains)",120240741039260260,2026-05-03,inactive,ad,,,,,0,,0,0,,,,,,,,,2026-05-03,2026-05-03
"[10.11.25][ริว] E-Book ฮีลใจพัฒนาตัวเอง (E-Book)",120240281514030260,2026-05-03,inactive,ad,,,,,0,,0,0,,,,,,,,,2026-05-03,2026-05-03
"[04.05.26][ริว] 5.5 BOXSET 499.- (Promotion)",120248384856480260,2026-05-03,active,ad,การสนทนาผ่านการส่งข้อความที่เริ่มขึ้น,,,,0,,0,0,,,,,,,,,2026-05-03,2026-05-03
"[06.10.25][ริว] มีประโยคในหนังสือ (Witches)",120238409375610260,2026-05-03,not_delivering,ad,,,,,0,,0,0,,,,,,,,,2026-05-03,2026-05-03
"[10.10.25][ริว] 10.10 x งานหนังสือ (Promotion)",120238414815090260,2026-05-03,not_delivering,ad,,,,,0,,0,0,,,,,,,,,2026-05-03,2026-05-03
"[13.10.25][ริว] เล่มลายเซ็น (Remains)",120238789572860260,2026-05-03,inactive,ad,,,,,0,,0,0,,,,,,,,,2026-05-03,2026-05-03
"[12.02.26][ริว] รักคนอื่น (สัมภาษณ์หมอ) (Trap) (Cross Page)",120244538166880260,2026-05-03,not_delivering,ad,,,,,0,,0,0,,,,,,,,,2026-05-03,2026-05-03
"[04.03.26][ริว] ซึมเศร้า (สัมภาษณ์หมอ) (Trap)",120248276238300260,2026-05-03,not_delivering,ad,การสนทนาผ่านการส่งข้อความที่เริ่มขึ้น,,,,0,,0,0,,,,,,,,,2026-05-03,2026-05-03
"[09.09.25][ริว] ยังไม่ดีพอ (ไม่เป็นความจริงแต่อย่างใด) (Demons)",120236832221010260,2026-05-03,not_delivering,ad,,,,,0,,0,0,,,,,,,,,2026-05-03,2026-05-03
"[19.10.25][ริว] 30 เล่มสุดท้าย (Demons)",120239836348480260,2026-05-03,not_delivering,ad,,,,,0,,0,0,,,,,,,,,2026-05-03,2026-05-03
"[25.11.25][ริว] อีบุ๊คแมว : Witches (E-Book)",120241049742010260,2026-05-03,inactive,ad,,,,,0,,0,0,,,,,,,,,2026-05-03,2026-05-03
"[05.04.26][ริว] แด่มนุษย์ที่โดดเดี่ยว AI (Ghostly)",120246687997220260,2026-05-03,inactive,ad,,,,,0,,0,0,,,,,,,,,2026-05-03,2026-05-03
"[15.04.26][ริว] โรคไบโพล่าร์/โรคอารมณ์สองขั้ว AI (Trap)",120247172010320260,2026-05-03,not_delivering,ad,การสนทนาผ่านการส่งข้อความที่เริ่มขึ้น,,,,0,,0,0,,,,,,,,,2026-05-03,2026-05-03
"[22.08.25][ริว] เสียดาย (Ghostly)",120240863076730260,2026-05-03,not_delivering,ad,,,,,0,,0,0,,,,,,,,,2026-05-03,2026-05-03
"[18.12.25][ริว] ลดเหลือ (Ghostly)",120242333773140260,2026-05-03,not_delivering,ad,,,,,0,,0,0,,,,,,,,,2026-05-03,2026-05-03
"[04.03.26][ริว] ซึมเศร้า (สัมภาษณ์หมอ) (Trap)",120246513224040260,2026-05-03,not_delivering,ad,,,,,0,,0,0,,,,,,,,,2026-05-03,2026-05-03
"[26.09.25][ริว] คะแนนเต็ม 100 อย่างน้อยต้องได้ 99 (Demons)",120237557399570260,2026-05-03,not_delivering,ad,,,,,0,,0,0,,,,,,,,,2026-05-03,2026-05-03
"[16.01.26][ริว] เดาตอนจบไม่ได้ (Ghostly)",120243289734150260,2026-05-03,inactive,ad,,,,,0,,0,0,,,,,,,,,2026-05-03,2026-05-03
"[10.03.26][ริว] ซึมเศร้า animation (Trap)",120245665674760260,2026-05-03,not_delivering,ad,,,,,0,,0,0,,,,,,,,,2026-05-03,2026-05-03
"[04.03.26][ริว] ซึมเศร้า (สัมภาษณ์หมอ) (Trap)",120246076097230260,2026-05-03,not_delivering,ad,,,,,0,,0,0,,,,,,,,,2026-05-03,2026-05-03
"[06.03.26][ริว] พรีออเดอร์เล่มลายเซ็น (Trap)",120245259327750260,2026-05-03,not_delivering,ad,,,,,0,,0,0,,,,,,,,,2026-05-03,2026-05-03
"[23.02.26][ริว] แม่คือคนรับผิดชอบ (Trap)",120245282028700260,2026-05-03,not_delivering,ad,,,,,0,,0,0,,,,,,,,,2026-05-03,2026-05-03
"[10.03.26][ริว] ซึมเศร้า animation (Trap)",120245605402830260,2026-05-03,not_delivering,ad,,,,,0,,0,0,,,,,,,,,2026-05-03,2026-05-03
"[06.10.25][ริว] มีประโยคในหนังสือ (Witches) (Reels)",120243088756870260,2026-05-03,not_delivering,ad,,,,,0,,0,0,,,,,,,,,2026-05-03,2026-05-03
"[13.02.26][ริว] การมีชีวิตอยู่อย่างโดดเดี่ยว (Ghostly)",120244551704340260,2026-05-03,not_delivering,ad,,,,,0,,0,0,,,,,,,,,2026-05-03,2026-05-03
"[23.01.26][ริว] รีวิว (Remains)",120243521461680260,2026-05-03,inactive,ad,,,,,0,,0,0,,,,,,,,,2026-05-03,2026-05-03
"[16.02.26][ริว] คนดีไม่มีความสุข (Trap)",120244438051210260,2026-05-03,not_delivering,ad,,,,,0,,0,0,,,,,,,,,2026-05-03,2026-05-03
"[11.10.25][ริว] ปุณณ์วัฒน์ (Ghostly)",120243177965350260,2026-05-03,not_delivering,ad,,,,,0,,0,0,,,,,,,,,2026-05-03,2026-05-03
"[16.01.26][ริว] ประโยคเดียว (Witches)",120243923853380260,2026-05-03,not_delivering,ad,,,,,0,,0,0,,,,,,,,,2026-05-03,2026-05-03
"[12.02.26][ริว] แม่ไม่ให้มีแฟน (สัมภาษณ์หมอ) (Trap)",120244268154010260,2026-05-03,not_delivering,ad,,,,,0,,0,0,,,,,,,,,2026-05-03,2026-05-03
"[20.04.26][ริว] ใจดีกับทุกคน ยกเว้นตัวเอง AI (Trap)",120247428369730260,2026-05-03,not_delivering,ad,การสนทนาผ่านการส่งข้อความที่เริ่มขึ้น,,,,0,,0,0,,,,,,,,,2026-05-03,2026-05-03
"[13.11.25][ริว] 30 Boxset สุดท้าย (Witches)",120240729932860260,2026-05-03,inactive,ad,,,,,0,,0,0,,,,,,,,,2026-05-03,2026-05-03
"[05.02.26][ริว] Boxset ลายเซ็น (Witches)",120244543302990260,2026-05-03,not_delivering,ad,,,,,0,,0,0,,,,,,,,,2026-05-03,2026-05-03
"[29.01.26][ริว] หนังสือจากแพทย์ (Trap)",120243700718180260,2026-05-03,not_delivering,ad,,,,,0,,0,0,,,,,,,,,2026-05-03,2026-05-03
"[29.03.26][ริว] วิธีรับมือโรคแพนิค (AI) (Trap)",120246607038650260,2026-05-03,not_delivering,ad,,,,,0,,0,0,,,,,,,,,2026-05-03,2026-05-03
"[16.01.26][ริว] หนังสือที่ได้รับการเสนอชื่อเข้าชิงรางวัล (Ghostly)",120243289814180260,2026-05-03,inactive,ad,,,,,0,,0,0,,,,,,,,,2026-05-03,2026-05-03
"[29.09.25][ริว] การมีชีวิตอยู่อย่างโดดเดี่ยว (Ghostly) (Reels)",120243030432190260,2026-05-03,not_delivering,ad,,,,,0,,0,0,,,,,,,,,2026-05-03,2026-05-03
"[16.01.26][ริว] ประโยคเดียว (Witches)",120244294133280260,2026-05-03,not_delivering,ad,,,,,0,,0,0,,,,,,,,,2026-05-03,2026-05-03
"[16.01.26][ริว] ยึดติด (Remains)",120243287949680260,2026-05-03,inactive,ad,,,,,0,,0,0,,,,,,,,,2026-05-03,2026-05-03
"[22.09.25][ริว] แม่อยากให้ลูกมั่นคง (Remains)",120239982076490260,2026-05-03,inactive,ad,,,,,0,,0,0,,,,,,,,,2026-05-03,2026-05-03
"[12.12.25][ริว] โปร299 (Ghostly)",120242004150490260,2026-05-03,not_delivering,ad,,,,,0,,0,0,,,,,,,,,2026-05-03,2026-05-03
"[29.10.25][ริว] ป้ายยา 2 หนังสือ (Remains)",120241140690620260,2026-05-03,inactive,ad,,,,,0,,0,0,,,,,,,,,2026-05-03,2026-05-03
"[29.03.26][ริว] วิธีรับมือโรคแพนิค (AI) (Trap) - สำเนา",120246783832370260,2026-05-03,not_delivering,ad,,,,,0,,0,0,,,,,,,,,2026-05-03,2026-05-03
"[31.10.25][ริว] 30 เล่มสุดท้าย (Remains)",120239707883040260,2026-05-03,not_delivering,ad,,,,,0,,0,0,,,,,,,,,2026-05-03,2026-05-03
"[06.11.25][ริว] กลับมาอีกครั้ง (Remains)",120241249197570260,2026-05-03,not_delivering,ad,,,,,0,,0,0,,,,,,,,,2026-05-03,2026-05-03
"[16.01.26][ริว] นี่ไม่ใช่ไพ่ทำนายดวง (Witches)",120243289101200260,2026-05-03,inactive,ad,,,,,0,,0,0,,,,,,,,,2026-05-03,2026-05-03
"[28.08.25][ริว] ประโยคที่อ่านแล้วหายเหนื่อย (Tried)",120235856501730260,2026-05-03,not_delivering,ad,,,,,0,,0,0,,,,,,,,,2026-05-03,2026-05-03
"[07.11.25][ริว] 11.11 บุฟเฟต์ 3 เล่ม 999 (Promotion)",120240092369830260,2026-05-03,not_delivering,ad,,,,,0,,0,0,,,,,,,,,2026-05-03,2026-05-03
"[24.10.25][ริว] PAYDAY OPD E-Book 1 แถม 1 (Promotion)",120239532896010260,2026-05-03,not_delivering,ad,,,,,0,,0,0,,,,,,,,,2026-05-03,2026-05-03
"[18.09.25][ริว] ถ้าได้ฟังเรื่องราว (Ghostly)",120237710057480260,2026-05-03,not_delivering,ad,,,,,0,,0,0,,,,,,,,,2026-05-03,2026-05-03
"[23.06.25][ริว] ประโยคเดียวในหนังสือที่จะเปลี่ยนชีวิต (Witches)",120235152659740260,2026-05-03,not_delivering,ad,,,,,0,,0,0,,,,,,,,,2026-05-03,2026-05-03
"[29.09.25][ริว] เริ่มต้นใหม่กับคุณคนเดิม (Demons)",120237713336910260,2026-05-03,not_delivering,ad,,,,,0,,0,0,,,,,,,,,2026-05-03,2026-05-03
"[03.09.25][ริว] จุกอกกับปีศาจ2 (Demons)",120236022483630260,2026-05-03,not_delivering,ad,,,,,0,,0,0,,,,,,,,,2026-05-03,2026-05-03
"[06.10.25][ริว] มีประโยคในหนังสือ (Witches)",120238262651920260,2026-05-03,not_delivering,ad,,,,,0,,0,0,,,,,,,,,2026-05-03,2026-05-03
"[11.12.25][ริว] เติมของ (Ghostly)",120241910332540260,2026-05-03,not_delivering,ad,,,,,0,,0,0,,,,,,,,,2026-05-03,2026-05-03
"[03.09.25][ริว] เปิดตัวปีศาจ 2 (Demons)",120236322692890260,2026-05-03,inactive,ad,,,,,0,,0,0,,,,,,,,,2026-05-03,2026-05-03
"[03.09.25][ริว] จุกอกกับปีศาจ2 (Demons)",120235947738800260,2026-05-03,inactive,ad,,,,,0,,0,0,,,,,,,,,2026-05-03,2026-05-03
"[20.03.26][ริว] เล่มนี้คือภาคต่อที่ควรอ่าน (Remains)",120245759550240260,2026-05-03,not_delivering,ad,,,,,0,,0,0,,,,,,,,,2026-05-03,2026-05-03
"[12.02.26][ริว] รักคนอื่น (สัมภาษณ์หมอ) (Trap)",120244476304810260,2026-05-03,not_delivering,ad,,,,,0,,0,0,,,,,,,,,2026-05-03,2026-05-03
"[11.09.25][ริว] ประโยคเดียวในหนังสือ (Witches)",120236885091550260,2026-05-03,not_delivering,ad,,,,,0,,0,0,,,,,,,,,2026-05-03,2026-05-03
"[05.08.25][ริว] ประโยคในหนังสือเปลี่ยนชีวิต (Witches)",120234426535770260,2026-05-03,not_delivering,ad,,,,,0,,0,0,,,,,,,,,2026-05-03,2026-05-03
"[23.01.26][ริว] พรุ่งนี้ใกล้ความตาย (Ghostly)",120243521711340260,2026-05-03,inactive,ad,,,,,0,,0,0,,,,,,,,,2026-05-03,2026-05-03
"[16.10.25][ริว] หนักมากไหมลูก (Remains)",120238718822930260,2026-05-03,inactive,ad,,,,,0,,0,0,,,,,,,,,2026-05-03,2026-05-03
"[25.07.25][ริว] คะแนน9.9/10 (Tried)",120234549589850260,2026-05-03,archived,ad,,,,,0,,0,0,,,,,,,,,2026-05-03,2026-05-03
"[11.09.25][ริว] หรือเขาคงต้องการ (Ghostly)",120236683200910260,2026-05-03,not_delivering,ad,,,,,0,,0,0,,,,,,,,,2026-05-03,2026-05-03
"[03.09.25][ริว] สัญญาณที่ควรอ่าน (Demons)",120236022483590260,2026-05-03,not_delivering,ad,,,,,0,,0,0,,,,,,,,,2026-05-03,2026-05-03
"[09.07.25][ริว] สวัสดียามดึก คุณดวงวิญญาณ (Ghostly)",120234669389350260,2026-05-03,inactive,ad,,,,,0,,0,0,,,,,,,,,2026-05-03,2026-05-03
"[25.07.25][ริว] เล่มนี้เหมาะกับคนที่ (Tried)",120233569898650260,2026-05-03,inactive,ad,,,,,0,,0,0,,,,,,,,,2026-05-03,2026-05-03
"[12.09.25][ริว] ริวเตือนสติ (ปีศาจตัวนั้น)",120236739589700260,2026-05-03,not_delivering,ad,,,,,0,,0,0,,,,,,,,,2026-05-03,2026-05-03
"[25.07.25][ริว] เล่มนี้เขียนมาเพื่อคุณ (Tried)",120233564947030260,2026-05-03,inactive,ad,,,,,0,,0,0,,,,,,,,,2026-05-03,2026-05-03
"[03.09.25][ริว] สัญญาณที่ควรอ่าน (Demons)",120236323055930260,2026-05-03,inactive,ad,,,,,0,,0,0,,,,,,,,,2026-05-03,2026-05-03
"[23.06.25][ริว] ประโยคเดียวในหนังสือที่จะเปลี่ยนชีวิต (Witches)",120233387269660260,2026-05-03,inactive,ad,,,,,0,,0,0,,,,,,,,,2026-05-03,2026-05-03
"[22.08.25][ริว] Payday August 2 Box 999 (Promotion_Payday)",120235248623590260,2026-05-03,not_delivering,ad,,,,,0,,0,0,,,,,,,,,2026-05-03,2026-05-03
"[25.08.25][ริว] ไพ่สำรับนี้ (Witches)",120236626317060260,2026-05-03,not_delivering,ad,,,,,0,,0,0,,,,,,,,,2026-05-03,2026-05-03
"[06.08.25][ริว] ไม่ว่าชีวิตจะบัดซบ (Tried)",120234430229560260,2026-05-03,not_delivering,ad,,,,,0,,0,0,,,,,,,,,2026-05-03,2026-05-03
"[03.09.25][ริว] สัญญาณที่ควรอ่าน (Demons)",120235859358560260,2026-05-03,inactive,ad,,,,,0,,0,0,,,,,,,,,2026-05-03,2026-05-03
"[22.08.25][ริว] แจกวอลเปเปอร์ (Ghostly)",120236197677720260,2026-05-03,not_delivering,ad,,,,,0,,0,0,,,,,,,,,2026-05-03,2026-05-03
"[23.07.25][ริว] เมื่อเข้าสู่วัยทำงาน (Tried)",120233363840090260,2026-05-03,inactive,ad,,,,,0,,0,0,,,,,,,,,2026-05-03,2026-05-03
"[07.09.25][ริว] ริวร้องไห้กับหนังสือ (Demons)",120238434523170260,2026-05-03,inactive,ad,,,,,0,,0,0,,,,,,,,,2026-05-03,2026-05-03
"[23.06.25][ริว] ประโยคเดียวในหนังสือที่จะเปลี่ยนชีวิต (Witches)",120234553219250260,2026-05-03,not_delivering,ad,,,,,0,,0,0,,,,,,,,,2026-05-03,2026-05-03
"[22.08.25][ริว] Payday August 2 Box 999 (Promotion_Payday)",120235866972580260,2026-05-03,inactive,ad,,,,,0,,0,0,,,,,,,,,2026-05-03,2026-05-03
"[11.06.25][ริว] หนังสือฮีลใจแห่งปี (Ghostly)",120236605895750260,2026-05-03,inactive,ad,,,,,0,,0,0,,,,,,,,,2026-05-03,2026-05-03
"[26.11.25][ริว] ไพ่บอกอะไร (Witches)",120241098308880260,2026-05-03,inactive,ad,,,,,0,,0,0,,,,,,,,,2026-05-03,2026-05-03
"[08.08.25][ริว] งานศพ (Ghostly)",120235359910710260,2026-05-03,inactive,ad,,,,,0,,0,0,,,,,,,,,2026-05-03,2026-05-03
"[12.12.25][ริว] โปร299 (Ghostly)",120242003711360260,2026-05-03,inactive,ad,,,,,0,,0,0,,,,,,,,,2026-05-03,2026-05-03
"[25.08.25][ริว] ไพ่สำรับนี้ (Witches)",120235664885330260,2026-05-03,not_delivering,ad,,,,,0,,0,0,,,,,,,,,2026-05-03,2026-05-03
"[09.09.25][ริว] ริว 7 สัญญาณ (Demons)",120236832228890260,2026-05-03,inactive,ad,,,,,0,,0,0,,,,,,,,,2026-05-03,2026-05-03
"[22.08.25][ริว] เสียดาย (Ghostly)",120235433045060260,2026-05-03,archived,ad,,,,,0,,0,0,,,,,,,,,2026-05-03,2026-05-03
"[17.03.26][ริว] เพราะในทุกความเกลียด Animation (Remains)",120245968767790260,2026-05-03,inactive,ad,,,,,0,,0,0,,,,,,,,,2026-05-03,2026-05-03
"[29.09.25][ริว] ประโยคหลังปก ปีศาจ 2 (Demons)",120237713336920260,2026-05-03,not_delivering,ad,,,,,0,,0,0,,,,,,,,,2026-05-03,2026-05-03
"[24.10.25][ริว] PAYDAY OPD E-Book 1 แถม 1 (Promotion)",120239259676290260,2026-05-03,archived,ad,,,,,0,,0,0,,,,,,,,,2026-05-03,2026-05-03
"[24.07.25][ริว] ไพ่สำรับนี้ดูดวงแม่น (Witches)",120234501221900260,2026-05-03,not_delivering,ad,,,,,0,,0,0,,,,,,,,,2026-05-03,2026-05-03
"[22.10.25][ริว] ป้ายยาหนังสือน่ารัก (Witches)",120239113491130260,2026-05-03,not_delivering,ad,,,,,0,,0,0,,,,,,,,,2026-05-03,2026-05-03
"[06.08.25][ริว] กลับมารักตัวเอง (Ghostly)",120234486765540260,2026-05-03,inactive,ad,,,,,0,,0,0,,,,,,,,,2026-05-03,2026-05-03
"[28.08.25][ริว] ประโยคที่อ่านแล้วหายเหนื่อย (Tried)",120235810968300260,2026-05-03,not_delivering,ad,,,,,0,,0,0,,,,,,,,,2026-05-03,2026-05-03
"[05.08.25][ริว] ประโยคในหนังสือเปลี่ยนชีวิต (Witches)",120235152659750260,2026-05-03,inactive,ad,,,,,0,,0,0,,,,,,,,,2026-05-03,2026-05-03
"[08.07.25][ริว] หนังสือฮีลใจยอดขายอันดับ1 (Ghostly)",120235576024410260,2026-05-03,not_delivering,ad,,,,,0,,0,0,,,,,,,,,2026-05-03,2026-05-03
"[05.08.25][ริว] จะมูฟออนได้ยังไง (ปีศาจตัวนั้น)",120234605062350260,2026-05-03,not_delivering,ad,,,,,0,,0,0,,,,,,,,,2026-05-03,2026-05-03
"[20.08.25][ริว] สปอยหน้าปกปีศาจ (Demons)",120235296688020260,2026-05-03,inactive,ad,,,,,0,,0,0,,,,,,,,,2026-05-03,2026-05-03
"[08.08.25][ริว] งานศพ (Ghostly)",120235301344260260,2026-05-03,archived,ad,,,,,0,,0,0,,,,,,,,,2026-05-03,2026-05-03
"[05.08.25][ริว] จะมูฟออนได้ยังไง (ปีศาจตัวนั้น)",120234427586630260,2026-05-03,inactive,ad,,,,,0,,0,0,,,,,,,,,2026-05-03,2026-05-03
"[22.10.25][ริว] ป้ายยา (Remains)",120239538063210260,2026-05-03,not_delivering,ad,,,,,0,,0,0,,,,,,,,,2026-05-03,2026-05-03
"[03.09.25][ริว] เปิดตัวปีศาจ 2 (ภาคเสียงและนางแบบมือโดยดาราสาวสองท่าน) (Demons)",120236027865750260,2026-05-03,not_delivering,ad,,,,,0,,0,0,,,,,,,,,2026-05-03,2026-05-03
"[25.07.25][ริว] อ่านบทแรกก็เสียน้ำตาละ (Ghostly)",120236739413650260,2026-05-03,inactive,ad,,,,,0,,0,0,,,,,,,,,2026-05-03,2026-05-03
"[24.07.25][ริว] หนังสือที่ควรอ่านสักครั้ง (Witches)",120234375496700260,2026-05-03,inactive,ad,,,,,0,,0,0,,,,,,,,,2026-05-03,2026-05-03
"[24.07.25][ริว] ไพ่สำรับนี้ดูดวงแม่น (Witches)",120235302228420260,2026-05-03,not_delivering,ad,,,,,0,,0,0,,,,,,,,,2026-05-03,2026-05-03
"[03.09.25][ริว] เปิดตัวปีศาจ 2 (Demons)",120236651462240260,2026-05-03,not_delivering,ad,,,,,0,,0,0,,,,,,,,,2026-05-03,2026-05-03
"[10.10.25][ริว] 10.10 x งานหนังสือ (Promotion)",120238414621350260,2026-05-03,not_delivering,ad,,,,,0,,0,0,,,,,,,,,2026-05-03,2026-05-03
"[03.09.25][ริว] สัญญาณที่ควรอ่าน (Demons)",120236651495650260,2026-05-03,inactive,ad,,,,,0,,0,0,,,,,,,,,2026-05-03,2026-05-03
"[10.03.26][ริว] ซึมเศร้า animation (Trap)",120245424021290260,2026-05-03,inactive,ad,,,,,0,,0,0,,,,,,,,,2026-05-03,2026-05-03
"[06.10.25][ริว] มีประโยคในหนังสือ (Witches)",120238409595920260,2026-05-03,not_delivering,ad,,,,,0,,0,0,,,,,,,,,2026-05-03,2026-05-03
"[05.04.26][ริว] Chronic Loneliness ภาวะเหงาเรื้อรังที่รู้สึกโดดเดี่ยวอ้างว้างตลอดเวลา AI (Ghostly)",120247589720990260,2026-05-03,not_delivering,ad,การเข้าถึง,0,,,0,,0,0,,,,,,,,,2026-05-03,2026-05-03
"[22.10.25][ริว] (ไม่)นอกใจ (Demons)",120240179530970260,2026-05-03,not_delivering,ad,,,,,0,,0,0,,,,,,,,,2026-05-03,2026-05-03
"[05.09.25][ริว] ความผิดพลาด (Witches)",120236626910480260,2026-05-03,not_delivering,ad,,,,,0,,0,0,,,,,,,,,2026-05-03,2026-05-03
"[29.03.26][ริว] วิธีรับมือโรคแพนิค (AI) (Trap)",120246607084040260,2026-05-03,not_delivering,ad,,,,,0,,0,0,,,,,,,,,2026-05-03,2026-05-03
"[12.02.26][ริว] คนดีมักรู้สึกผิด (Trap) (Cross Page)",120244538166900260,2026-05-03,not_delivering,ad,,,,,0,,0,0,,,,,,,,,2026-05-03,2026-05-03
"[22.08.25][ริว] เสียดาย (Ghostly)",120236633340860260,2026-05-03,not_delivering,ad,,,,,0,,0,0,,,,,,,,,2026-05-03,2026-05-03
"[01.04.26][ริว] เลิกควบคุมสิ่งที่ควมคุมไม่ได้ (AI) (Trap)",120246702152460260,2026-05-03,archived,ad,,,,,0,,0,0,,,,,,,,,2026-05-03,2026-05-03
"[29.03.26][ริว] วิธีรับมือโรคแพนิค (AI) (Trap)",120246702152410260,2026-05-03,archived,ad,,,,,0,,0,0,,,,,,,,,2026-05-03,2026-05-03
"[18.09.25][ริว] 7 สัญญาณวัยทำงาน (Tried)",120237047959170260,2026-05-03,inactive,ad,,,,,0,,0,0,,,,,,,,,2026-05-03,2026-05-03
"[27.05.25][ริว] ประโยคที่อ่านแล้วจุกอก (Witches)",120229570620900260,2026-05-03,inactive,ad,,,,,0,,0,0,,,,,,,,,2026-05-03,2026-05-03
"[23.04.26][ริว] Smiling depression ภาวะซึมเศร้าที่ซ่อนอยู่ใต้รอยยิ้ม AI (Trap)",120247655662150260,2026-05-03,not_delivering,ad,การสนทนาผ่านการส่งข้อความที่เริ่มขึ้น,,,,0,,0,0,,,,,,,,,2026-05-03,2026-05-03
"[24.07.25][ริว] ไพ่สำรับนี้ดูดวงแม่น (Witches)",120234553488760260,2026-05-03,not_delivering,ad,,,,,0,,0,0,,,,,,,,,2026-05-03,2026-05-03
"[11.12.25][ริว] ส่งความสุข (Witches)",120241902819610260,2026-05-03,not_delivering,ad,,,,,0,,0,0,,,,,,,,,2026-05-03,2026-05-03
"[18.07.25][ริว] ประโยคจุกอก (Ghostly)",120233218690800260,2026-05-03,not_delivering,ad,,,,,0,,0,0,,,,,,,,,2026-05-03,2026-05-03
"[25.07.25][ริว] คะแนน9.9/10 (Tried)",120235785850700260,2026-05-03,not_delivering,ad,,,,,0,,0,0,,,,,,,,,2026-05-03,2026-05-03
"[16.01.26][ริว] นี่ไม่ใช่ไพ่ทำนายดวง (Witches)",120244181124460260,2026-05-03,not_delivering,ad,,,,,0,,0,0,,,,,,,,,2026-05-03,2026-05-03
"[08.08.25][ริว] คิดถึงแฟนเก่า (ปีศาจตัวนั้น)",120234603897520260,2026-05-03,inactive,ad,,,,,0,,0,0,,,,,,,,,2026-05-03,2026-05-03
"[24.02.26][ริว] ภาคต่อ (Remains)",120244782328670260,2026-05-03,not_delivering,ad,,,,,0,,0,0,,,,,,,,,2026-05-03,2026-05-03
"[12.02.26][ริว] รักคนอื่น (สัมภาษณ์หมอ) (Trap)",120244521006030260,2026-05-03,not_delivering,ad,,,,,0,,0,0,,,,,,,,,2026-05-03,2026-05-03
"[08.07.25][ริว] หนังสือฮีลใจยอดขายอันดับ1 (Ghostly)",120233369285290260,2026-05-03,inactive,ad,,,,,0,,0,0,,,,,,,,,2026-05-03,2026-05-03
"[14.07.25][ริว] ฉันชื่อว่าความรัก (Ghostly)",120232760284500260,2026-05-03,inactive,ad,,,,,0,,0,0,,,,,,,,,2026-05-03,2026-05-03
"[01.04.26][ริว] เลิกควบคุมสิ่งที่ควมคุมไม่ได้ (AI) (Trap)",120246609046290260,2026-05-03,inactive,ad,การสนทนาผ่านการส่งข้อความที่เริ่มขึ้น,,,,0,,0,0,,,,,,,,,2026-05-03,2026-05-03
"[10.03.26][ริว] ซึมเศร้า animation (Trap)",120245752590030260,2026-05-03,not_delivering,ad,,,,,0,,0,0,,,,,,,,,2026-05-03,2026-05-03
"[23.06.25][ริว] ประโยคเดียวในหนังสือที่จะเปลี่ยนชีวิต (Witches)",120232931671200260,2026-05-03,not_delivering,ad,,,,,0,,0,0,,,,,,,,,2026-05-03,2026-05-03
"[16.01.26][ริว] ประโยคเดียว (Witches)",120243608427620260,2026-05-03,inactive,ad,,,,,0,,0,0,,,,,,,,,2026-05-03,2026-05-03
"[08.08.25][ริว] งานศพ (Ghostly)",120234714645900260,2026-05-03,inactive,ad,,,,,0,,0,0,,,,,,,,,2026-05-03,2026-05-03
"[18.09.25][ริว] หยุดพูดแย่ๆกับตัวเอง (Witches)",120237444631390260,2026-05-03,not_delivering,ad,,,,,0,,0,0,,,,,,,,,2026-05-03,2026-05-03
"[23.06.25][ริว] ประโยคเดียวในหนังสือที่จะเปลี่ยนชีวิต (Witches)",120235152494170260,2026-05-03,inactive,ad,,,,,0,,0,0,,,,,,,,,2026-05-03,2026-05-03
"[17.10.25][ริว] ซึมตั้งแต่อ่านปก (Tried)",120238797201540260,2026-05-03,not_delivering,ad,,,,,0,,0,0,,,,,,,,,2026-05-03,2026-05-03
"[16.01.26][ริว] ประโยคเดียว (Witches)",120243289031100260,2026-05-03,inactive,ad,,,,,0,,0,0,,,,,,,,,2026-05-03,2026-05-03
"[20.04.26][ริว] อีโก้ไม่ใช่เรื่องแย่ แต่ต้องมีอย่างพอดี AI (Kiwtum)",120247436739900260,2026-05-03,not_delivering,ad,,,,,0,,0,0,,,,,,,,,2026-05-03,2026-05-03
"[29.09.25][ริว] E-Book (Ghostly)",120237712710700260,2026-05-03,inactive,ad,,,,,0,,0,0,,,,,,,,,2026-05-03,2026-05-03
"[30.03.26][ริว] 3 ประโยค เพิ่มรอยยิ้มให้ตัวเอง เพราะมันน่ารักที่สุดแล้ว (Kiwtum)",120246411798230260,2026-05-03,not_delivering,ad,,,,,0,,0,0,,,,,,,,,2026-05-03,2026-05-03
"[22.10.25][ริว] ป้ายยาหนังสือน่ารัก (Witches)",120239655756410260,2026-05-03,not_delivering,ad,,,,,0,,0,0,,,,,,,,,2026-05-03,2026-05-03
"[09.07.25][ริว] หนังสือกระแสตอบรับดี (Ghostly)",120232528365050260,2026-05-03,inactive,ad,,,,,0,,0,0,,,,,,,,,2026-05-03,2026-05-03
"[07.09.25][ริว] ริวร้องไห้กับหนังสือ (Demons)",120236441368950260,2026-05-03,inactive,ad,,,,,0,,0,0,,,,,,,,,2026-05-03,2026-05-03
"[05.04.26][ริว] Chronic Loneliness ภาวะเหงาเรื้อรังที่รู้สึกโดดเดี่ยวอ้างว้างตลอดเวลา AI (Ghostly)",120246835244880260,2026-05-03,inactive,ad,การสนทนาผ่านการส่งข้อความที่เริ่มขึ้น,,,,0,,0,0,,,,,,,,,2026-05-03,2026-05-03
"[25.03.26][ริว] จิตวิทยาของการสูญเสีย เขาบอกไว้ว่า (AI) (Witches)",120246834253790260,2026-05-03,inactive,ad,การสนทนาผ่านการส่งข้อความที่เริ่มขึ้น,,,,0,,0,0,,,,,,,,,2026-05-03,2026-05-03
"[31.03.26][ริว] อย่าปล่อยให้พ่อแม่รอ กลับไปเยี่ยมในวันที่ยังมีโอกาส (Ghostly)",120246835244840260,2026-05-03,not_delivering,ad,,,,,0,,0,0,,,,,,,,,2026-05-03,2026-05-03
"[25.03.26][ริว] จิตวิทยาของการสูญเสีย เขาบอกไว้ว่า (AI) (Witches)",120246036069780260,2026-05-03,inactive,ad,,,,,0,,0,0,,,,,,,,,2026-05-03,2026-05-03
"[22.07.25][ริว] วันนี้เธอเหนื่อยไหม (Tried)",120234551733470260,2026-05-03,archived,ad,,,,,0,,0,0,,,,,,,,,2026-05-03,2026-05-03
"[04.03.26][ริว] ซึมเศร้า (สัมภาษณ์หมอ) (Trap)",120246310130810260,2026-05-03,not_delivering,ad,,,,,0,,0,0,,,,,,,,,2026-05-03,2026-05-03
"[05.08.25][ริว] ประโยคในหนังสือเปลี่ยนชีวิต (Witches)",120234501412070260,2026-05-03,not_delivering,ad,,,,,0,,0,0,,,,,,,,,2026-05-03,2026-05-03
"[17.09.25][ริว] ทุกคนว่าโลกหลังความตาย (Ghostly)",120237558753280260,2026-05-03,inactive,ad,,,,,0,,0,0,,,,,,,,,2026-05-03,2026-05-03
"[03.09.25][ริว] เปิดตัวปีศาจ 2 (ภาคเสียงและนางแบบมือโดยดาราสาวสองท่าน) (Demons)",120236027822440260,2026-05-03,not_delivering,ad,,,,,0,,0,0,,,,,,,,,2026-05-03,2026-05-03
"[30.08.25][ริว] แค่ประโยคเดียว (Witches)",120235859198640260,2026-05-03,not_delivering,ad,,,,,0,,0,0,,,,,,,,,2026-05-03,2026-05-03
"[05.03.26][ริว] ลองจินตนาการ (Ghostly)",120245502184700260,2026-05-03,not_delivering,ad,,,,,0,,0,0,,,,,,,,,2026-05-03,2026-05-03
"[11.10.25][ริว] ปุณณ์วัฒน์ (Ghostly)",120241546458260260,2026-05-03,not_delivering,ad,,,,,0,,0,0,,,,,,,,,2026-05-03,2026-05-03
"[31.10.25][ริว] 30 เล่มสุดท้าย (Remains)",120240436035860260,2026-05-03,inactive,ad,,,,,0,,0,0,,,,,,,,,2026-05-03,2026-05-03
"[31.10.25][ริว] อ่านแล้วหายเหนื่อย (Tried)",120241142580930260,2026-05-03,inactive,ad,,,,,0,,0,0,,,,,,,,,2026-05-03,2026-05-03
"[21.10.25][ริว] มีประโยค (Remains)",120239054830250260,2026-05-03,not_delivering,ad,,,,,0,,0,0,,,,,,,,,2026-05-03,2026-05-03
"[19.10.25][ริว] 30 เล่มสุดท้าย (Demons)",120239589754050260,2026-05-03,not_delivering,ad,,,,,0,,0,0,,,,,,,,,2026-05-03,2026-05-03
"[06.08.25][ริว] แค่หนังสือการ์ตูน ทำไมถึงร้องไห้ (Ghostly)",120236168732470260,2026-05-03,not_delivering,ad,,,,,0,,0,0,,,,,,,,,2026-05-03,2026-05-03
"[03.09.25][ริว] เปิดตัวปีศาจ 2 (ภาคเสียงและนางแบบมือโดยดาราสาวสองท่าน) (Demons)",120236027921500260,2026-05-03,not_delivering,ad,,,,,0,,0,0,,,,,,,,,2026-05-03,2026-05-03
"[17.10.25][ริว] ซึมตั้งแต่อ่านปก (Tried)",120238791237940260,2026-05-03,inactive,ad,,,,,0,,0,0,,,,,,,,,2026-05-03,2026-05-03
"[23.07.25][ริว] เมื่อเข้าสู่วัยทำงาน (Tried)",120234426787720260,2026-05-03,not_delivering,ad,,,,,0,,0,0,,,,,,,,,2026-05-03,2026-05-03
"[23.06.25][ริว] ประโยคเดียวในหนังสือที่จะเปลี่ยนชีวิต (Witches)",120240490222440260,2026-05-03,inactive,ad,,,,,0,,0,0,,,,,,,,,2026-05-03,2026-05-03
"[11.09.25][ริว] หรือเขาคงต้องการ (Ghostly)",120236644783240260,2026-05-03,inactive,ad,,,,,0,,0,0,,,,,,,,,2026-05-03,2026-05-03
"[03.10.25][ริว] จะเป็นยังไง (Remains)",120237920510180260,2026-05-03,inactive,ad,,,,,0,,0,0,,,,,,,,,2026-05-03,2026-05-03
"[11.06.25][ริว] สายมูและทาสแมวต้องชอบเล่มนี้ (Witches)",120230542796480260,2026-05-03,inactive,ad,,,,,0,,0,0,,,,,,,,,2026-05-03,2026-05-03
"[25.07.25][ริว] อ่านบทแรกก็เสียน้ำตาละ (Ghostly)",120233556355320260,2026-05-03,not_delivering,ad,,,,,0,,0,0,,,,,,,,,2026-05-03,2026-05-03
"[03.11.25][ริว] ไม่มีความเศร้าไหน (ปีศาจตัวนั้น)",120239856249160260,2026-05-03,inactive,ad,,,,,0,,0,0,,,,,,,,,2026-05-03,2026-05-03
"[10.03.26][ริว] ซึมเศร้า animation (Trap)",120245729985620260,2026-05-03,not_delivering,ad,,,,,0,,0,0,,,,,,,,,2026-05-03,2026-05-03
"[23.05.25][ริว] ประโยคหนึ่งในหนังสือที่เหมือนมีน้องแมวเวทมนตร์มากระซิบ (Witches)",120229194996460260,2026-05-03,inactive,ad,,,,,0,,0,0,,,,,,,,,2026-05-03,2026-05-03
"[08.08.25][ริว] mindsetดี (ปีศาจตัวนั้น)",120234605057660260,2026-05-03,not_delivering,ad,,,,,0,,0,0,,,,,,,,,2026-05-03,2026-05-03
"[24.10.25][ริว] PAYDAY OPD E-Book 1 แถม 1 (Promotion)",120239264735570260,2026-05-03,not_delivering,ad,,,,,0,,0,0,,,,,,,,,2026-05-03,2026-05-03
"[22.08.25][ริว] เสียดาย (Ghostly)",120235860563850260,2026-05-03,not_delivering,ad,,,,,0,,0,0,,,,,,,,,2026-05-03,2026-05-03
"[22.10.25][ริว] (ไม่)นอกใจ (Demons) (Reels)",120243296728190260,2026-05-03,not_delivering,ad,,,,,0,,0,0,,,,,,,,,2026-05-03,2026-05-03
"[25.08.25][ริว] ไพ่สำรับนี้ (Witches)",120236550386520260,2026-05-03,not_delivering,ad,,,,,0,,0,0,,,,,,,,,2026-05-03,2026-05-03
"[13.04.26][ริว] ถ้าวันนี้คุณเหนื่อย…ลองอ่านประโยคนี้ดูนะ (Tried)",120247075536970260,2026-05-03,inactive,ad,,,,,0,,0,0,,,,,,,,,2026-05-03,2026-05-03
"[06.08.25][ริว] กลับมารักตัวเอง (Ghostly)",120234669544110260,2026-05-03,not_delivering,ad,,,,,0,,0,0,,,,,,,,,2026-05-03,2026-05-03
"[17.03.26][ริว] เพราะในทุกความเกลียด Animation (Remains)",120245836190200260,2026-05-03,not_delivering,ad,,,,,0,,0,0,,,,,,,,,2026-05-03,2026-05-03
"[29.03.26][ริว] วิธีรับมือโรคแพนิค (AI) (Trap)",120246702152390260,2026-05-03,archived,ad,,,,,0,,0,0,,,,,,,,,2026-05-03,2026-05-03
"[09.09.25][ริว] คะแนนเต็ม 100 อย่างน้อยต้องได้ 9.9 (Demons)",120236555834720260,2026-05-03,inactive,ad,,,,,0,,0,0,,,,,,,,,2026-05-03,2026-05-03
"[23.02.26][ริว] แม่คือคนรับผิดชอบ (Trap)",120245730515070260,2026-05-03,not_delivering,ad,,,,,0,,0,0,,,,,,,,,2026-05-03,2026-05-03
"[23.05.25][ริว] หนังสือการ์ตูนฮีลใจ (Ghostly)",120229263403310260,2026-05-03,inactive,ad,,,,,0,,0,0,,,,,,,,,2026-05-03,2026-05-03
"[03.09.25][ริว] จุกอกกับปีศาจ2 (Demons)",120235869179100260,2026-05-03,inactive,ad,,,,,0,,0,0,,,,,,,,,2026-05-03,2026-05-03
"[16.10.25][ริว] ผลงานภาคต่อ (Remains)",120238861258180260,2026-05-03,inactive,ad,,,,,0,,0,0,,,,,,,,,2026-05-03,2026-05-03
"[03.12.25][ริว] แม่อยากให้ลูกมีอนาคตที่ดี (Remains)",120242966265880260,2026-05-03,inactive,ad,,,,,0,,0,0,,,,,,,,,2026-05-03,2026-05-03
"[24.07.25][ริว] หนังสือที่ควรอ่านสักครั้ง (Witches)",120234874603650260,2026-05-03,not_delivering,ad,,,,,0,,0,0,,,,,,,,,2026-05-03,2026-05-03
"[09.07.25][ริว] สวัสดียามดึก คุณดวงวิญญาณ (Ghostly)",120236244580970260,2026-05-03,not_delivering,ad,,,,,0,,0,0,,,,,,,,,2026-05-03,2026-05-03
"[09.07.25][ริว] สวัสดียามดึก คุณดวงวิญญาณ (Ghostly) - Copy",120234548377900260,2026-05-03,archived,ad,,,,,0,,0,0,,,,,,,,,2026-05-03,2026-05-03
"[24.07.25][ริว] หนังสือที่ควรอ่านสักครั้ง (Witches)",120234069310270260,2026-05-03,not_delivering,ad,,,,,0,,0,0,,,,,,,,,2026-05-03,2026-05-03
"[03.09.25][ริว] สัญญาณที่ควรอ่าน (Demons)",120240179530960260,2026-05-03,not_delivering,ad,,,,,0,,0,0,,,,,,,,,2026-05-03,2026-05-03
"[10.11.25][ริว] วันนี้เราป้ายยา (Witches)",120240277058110260,2026-05-03,inactive,ad,,,,,0,,0,0,,,,,,,,,2026-05-03,2026-05-03
"[22.01.26][ริว] เปิดตัวเล่มใหม่ (Trap)",120243468439130260,2026-05-03,not_delivering,ad,,,,,0,,0,0,,,,,,,,,2026-05-03,2026-05-03
"[27.11.25][ริว] 5 คำพูดที่พระพุทธเจ้าไม่ได้กล่าว (Witches)",120241544518770260,2026-05-03,inactive,ad,,,,,0,,0,0,,,,,,,,,2026-05-03,2026-05-03
"[31.07.25][ริว] สำรวจปีศาจในตัวคุณ (ปีศาจตัวนั้น)",120234133689800260,2026-05-03,inactive,ad,,,,,0,,0,0,,,,,,,,,2026-05-03,2026-05-03
"[27.11.25][ริว] 5 คำพูดที่พระพุทธเจ้าไม่ได้กล่าว (Witches)",120241144418330260,2026-05-03,inactive,ad,,,,,0,,0,0,,,,,,,,,2026-05-03,2026-05-03
"[06.10.25][ริว] คะแนน 1000/100 (Remains)",120238320906720260,2026-05-03,not_delivering,ad,,,,,0,,0,0,,,,,,,,,2026-05-03,2026-05-03
"[23.03.26][ริว] ถ้าคืนนี้เป็นคืนสุดท้าย (AI) (Ghostly)",120245967973710260,2026-05-03,not_delivering,ad,,,,,0,,0,0,,,,,,,,,2026-05-03,2026-05-03
"[11.10.25][ริว] ปุณณ์วัฒน์ (Ghostly)",120240331080220260,2026-05-03,inactive,ad,,,,,0,,0,0,,,,,,,,,2026-05-03,2026-05-03
"[04.05.26][ริว] ก้าวข้ามคำพูดแย่ ๆ ของตัวเอง แล้วใช้ชีวิตให้มีความสุข AI (Trap)",120248372735030260,2026-05-03,not_delivering,ad,การสนทนาผ่านการส่งข้อความที่เริ่มขึ้น,,,,0,,0,0,,,,,,,,,2026-05-03,2026-05-03
"[24.12.25][ริว] ไพ่ทำนายดวง (Witches)",120242965669890260,2026-05-03,inactive,ad,,,,,0,,0,0,,,,,,,,,2026-05-03,2026-05-03
"[23.09.25][ริว] PayDay : Boxset+Book 799.- (Promotion)",120237384847410260,2026-05-03,not_delivering,ad,,,,,0,,0,0,,,,,,,,,2026-05-03,2026-05-03
"[04.09.25][ริว] 9.9 : 3 เล่ม ราคา 999.- (Promotion)",120236189268770260,2026-05-03,not_delivering,ad,,,,,0,,0,0,,,,,,,,,2026-05-03,2026-05-03
"[18.03.26][ริว] ซึมเศร้าเพราะรู้สึกผิดและโทษตัวเอง (สัมภาษณ์หมอ) (Trap)",120245747426720260,2026-05-03,not_delivering,ad,,,,,0,,0,0,,,,,,,,,2026-05-03,2026-05-03
"[04.03.26][ริว] ซึมเศร้า (สัมภาษณ์หมอ) (Trap)",120248305761990260,2026-05-03,active,ad,การสนทนาผ่านการส่งข้อความที่เริ่มขึ้น,4,47.125,,188.5,,3562,3247,,4,47.125,,9,3.48119034,52.91970803,0,2026-05-03,2026-05-03
"[29.03.26][ริว] วิธีรับมือโรคแพนิค (AI) (Trap)",120246702152350260,2026-05-03,archived,ad,,,,,0,,0,0,,,,,,,,,2026-05-03,2026-05-03
"[22.08.25][ริว] เสียดาย (Ghostly)",120244054365110260,2026-05-03,not_delivering,ad,,,,,0,,0,0,,,,,,,,,2026-05-03,2026-05-03
"[24.10.25][ริว] PAYDAY OPD E-Book 1 แถม 1 (Promotion)",120239260667390260,2026-05-03,archived,ad,,,,,0,,0,0,,,,,,,,,2026-05-03,2026-05-03
"[11.10.25][ริว] ปุณณ์วัฒน์ (Ghostly)",120240330932990260,2026-05-03,inactive,ad,,,,,0,,0,0,,,,,,,,,2026-05-03,2026-05-03
"[10.03.26][ริว] ซึมเศร้า animation (Trap)",120245622850250260,2026-05-03,not_delivering,ad,,,,,0,,0,0,,,,,,,,,2026-05-03,2026-05-03
"[29.09.25][ริว] การมีชีวิตอยู่อย่างโดดเดี่ยว (Ghostly)",120237845256820260,2026-05-03,inactive,ad,,,,,0,,0,0,,,,,,,,,2026-05-03,2026-05-03
"[01.07.25][ริว] สายมูอยากมีชีวิตดี หยุดฟัง (Witches)",120232034014460260,2026-05-03,inactive,ad,,,,,0,,0,0,,,,,,,,,2026-05-03,2026-05-03
"[23.06.25][ริว] ประโยคเดียวในหนังสือที่จะเปลี่ยนชีวิต (Witches)",120235302800440260,2026-05-03,not_delivering,ad,,,,,0,,0,0,,,,,,,,,2026-05-03,2026-05-03
"[08.07.25][ริว] หนังสือฮีลใจยอดขายอันดับ1 (Ghostly)",120235357901210260,2026-05-03,archived,ad,,,,,0,,0,0,,,,,,,,,2026-05-03,2026-05-03
"[29.05.26][ริว] มองปัญหาให้เป็นบทเรียน (Witches)",120248075677970260,2026-05-03,not_delivering,ad,การสนทนาผ่านการส่งข้อความที่เริ่มขึ้น,,,,0,,0,0,,,,,,,,,2026-05-03,2026-05-03
"[22.10.25][ริว] ป้ายยา (Remains)",120239272581810260,2026-05-03,inactive,ad,,,,,0,,0,0,,,,,,,,,2026-05-03,2026-05-03
"[23.06.25][ริว] ประโยคเดียวในหนังสือที่จะเปลี่ยนชีวิต (Witches)",120240098337390260,2026-05-03,not_delivering,ad,,,,,0,,0,0,,,,,,,,,2026-05-03,2026-05-03
"[18.09.25][ริว] สัญญาณวัยทำงาน (Tried)",120237048224230260,2026-05-03,inactive,ad,,,,,0,,0,0,,,,,,,,,2026-05-03,2026-05-03
"[03.09.25][ริว] จุกอกกับปีศาจ2 (Demons)",120236553014040260,2026-05-03,inactive,ad,,,,,0,,0,0,,,,,,,,,2026-05-03,2026-05-03
"[28.08.25][ริว] ประโยคจากหนังสือ (Tried)",120235856501750260,2026-05-03,not_delivering,ad,,,,,0,,0,0,,,,,,,,,2026-05-03,2026-05-03
"[05.04.26][ริว] แด่มนุษย์ที่โดดเดี่ยว AI (Ghostly)",120247247147510260,2026-05-03,not_delivering,ad,การสนทนาผ่านการส่งข้อความที่เริ่มขึ้น,,,,0,,0,0,,,,,,,,,2026-05-03,2026-05-03
"[23.02.26][ริว] มนุษย์ที่เป็นคนดี (Trap)",120244726532140260,2026-05-03,not_delivering,ad,,,,,0,,0,0,,,,,,,,,2026-05-03,2026-05-03
"[22.10.25][ริว] (ไม่)นอกใจ (Demons)",120239113355270260,2026-05-03,inactive,ad,,,,,0,,0,0,,,,,,,,,2026-05-03,2026-05-03
"[20.10.25][ริว] ความผิดพลาด (Witches)",120239971450800260,2026-05-03,not_delivering,ad,,,,,0,,0,0,,,,,,,,,2026-05-03,2026-05-03
"[04.03.26][ริว] ซึมเศร้า (สัมภาษณ์หมอ) (Trap)",120246310130800260,2026-05-03,not_delivering,ad,,,,,0,,0,0,,,,,,,,,2026-05-03,2026-05-03
"[23.06.25][ริว] ประโยคเดียวในหนังสือที่จะเปลี่ยนชีวิต (Witches)",120232600840790260,2026-05-03,inactive,ad,,,,,0,,0,0,,,,,,,,,2026-05-03,2026-05-03
"[06.10.25][ริว] มีประโยคในหนังสือ (Witches)",120243884480410260,2026-05-03,not_delivering,ad,,,,,0,,0,0,,,,,,,,,2026-05-03,2026-05-03
"[12.02.26][ริว] รักคนอื่น (สัมภาษณ์หมอ) (Trap)",120244521093450260,2026-05-03,not_delivering,ad,,,,,0,,0,0,,,,,,,,,2026-05-03,2026-05-03
"[22.10.25][ริว] ป้ายยา (Remains)",120240664237130260,2026-05-03,inactive,ad,,,,,0,,0,0,,,,,,,,,2026-05-03,2026-05-03
"[22.08.25][ริว] แจกวอลเปเปอร์ (Ghostly)",120236197786070260,2026-05-03,not_delivering,ad,,,,,0,,0,0,,,,,,,,,2026-05-03,2026-05-03
"[04.03.26][ริว] ซึมเศร้า (สัมภาษณ์หมอ) (Trap) (Cross Page)",120245623833990260,2026-05-03,not_delivering,ad,,,,,0,,0,0,,,,,,,,,2026-05-03,2026-05-03
"[03.09.25][ริว] สัญญาณที่ควรอ่าน (Demons)",120236553082830260,2026-05-03,not_delivering,ad,,,,,0,,0,0,,,,,,,,,2026-05-03,2026-05-03
"[23.07.25][ริว] แค่ชื่อก็เหมือนโดนปลอบ (Tried)",120234427154130260,2026-05-03,not_delivering,ad,,,,,0,,0,0,,,,,,,,,2026-05-03,2026-05-03
"[03.09.25][ริว] เปิดตัวปีศาจ 2 (ภาคเสียงและนางแบบมือโดยดาราสาวสองท่าน) (Demons)",120236620456550260,2026-05-03,not_delivering,ad,,,,,0,,0,0,,,,,,,,,2026-05-03,2026-05-03
"[23.07.25][ริว] PAYDAY SALE JULY (Promotion_Payday) - No Meme",120233337837650260,2026-05-03,not_delivering,ad,,,,,0,,0,0,,,,,,,,,2026-05-03,2026-05-03
"[09.07.25][ริว] สวัสดียามดึก คุณดวงวิญญาณ (Ghostly)",120233369285350260,2026-05-03,not_delivering,ad,,,,,0,,0,0,,,,,,,,,2026-05-03,2026-05-03
"[03.04.26][ริว] โรคซึมเศร้า AI (Trap)",120248070634130260,2026-05-03,active,ad,การสนทนาผ่านการส่งข้อความที่เริ่มขึ้น,1,164.6,,164.6,,1848,1782,,1,164.6,,10,5.51948052,89.06926407,0,2026-05-03,2026-05-03
"[03.09.25][ริว] เปิดตัวปีศาจ 2 (Demons)",120236620456540260,2026-05-03,not_delivering,ad,,,,,0,,0,0,,,,,,,,,2026-05-03,2026-05-03
"[30.08.25][ริว] แค่ประโยคเดียว (Witches)",120235859321670260,2026-05-03,not_delivering,ad,,,,,0,,0,0,,,,,,,,,2026-05-03,2026-05-03
"[03.09.25][ริว] เปิดตัวปีศาจ 2 (Demons)",120235869229090260,2026-05-03,not_delivering,ad,,,,,0,,0,0,,,,,,,,,2026-05-03,2026-05-03
"[25.11.25][ริว] ซิ่ง Black Friday (Promotion)",120241092129330260,2026-05-03,inactive,ad,,,,,0,,0,0,,,,,,,,,2026-05-03,2026-05-03
"[23.06.25][ริว] ประโยคเดียวในหนังสือที่จะเปลี่ยนชีวิต (Witches)",120232932515500260,2026-05-03,not_delivering,ad,,,,,0,,0,0,,,,,,,,,2026-05-03,2026-05-03
"[03.09.25][ริว] เปิดตัวปีศาจ 2 (ภาคเสียงและนางแบบมือโดยดาราสาวสองท่าน) (Demons)",120236324479830260,2026-05-03,not_delivering,ad,,,,,0,,0,0,,,,,,,,,2026-05-03,2026-05-03
"[17.09.25][ริว] ทุกคนว่าโลกหลังความตาย (Ghostly)",120237333515580260,2026-05-03,not_delivering,ad,,,,,0,,0,0,,,,,,,,,2026-05-03,2026-05-03
"[23.06.25][ริว] ประโยคเดียวในหนังสือที่จะเปลี่ยนชีวิต (Witches)",120231531720390260,2026-05-03,not_delivering,ad,,,,,0,,0,0,,,,,,,,,2026-05-03,2026-05-03
"[06.08.25][ริว] สัญญาณที่บอกว่าคุณต้องพัก (Tried)",120234440306590260,2026-05-03,not_delivering,ad,,,,,0,,0,0,,,,,,,,,2026-05-03,2026-05-03
"[08.07.25][ริว] เราเป็นมนุษย์ (Embrace)",120232415345490260,2026-05-03,archived,ad,,,,,0,,0,0,,,,,,,,,2026-05-03,2026-05-03
"[11.10.25][ริว] ปุณณ์วัฒน์ (Ghostly)",120244054365130260,2026-05-03,not_delivering,ad,,,,,0,,0,0,,,,,,,,,2026-05-03,2026-05-03
"[05.06.25][ริว] ไม่ได้ตั้งใจจะปล่อยให้มันสาย (Ghostly)",120230762758020260,2026-05-03,inactive,ad,,,,,0,,0,0,,,,,,,,,2026-05-03,2026-05-03
"[19.06.25][ริว] บทสนทนาของคนที่ไม่มีโอกาสพูดอีกแล้ว (Ghostly)",120231259934200260,2026-05-03,inactive,ad,,,,,0,,0,0,,,,,,,,,2026-05-03,2026-05-03
"[30.10.25][ริว] การอยู่คนเดียว (Ghostly)",120239976949600260,2026-05-03,not_delivering,ad,,,,,0,,0,0,,,,,,,,,2026-05-03,2026-05-03
"[23.06.25][ริว] ประโยคเดียวในหนังสือที่จะเปลี่ยนชีวิต (Witches)",120232600912430260,2026-05-03,inactive,ad,,,,,0,,0,0,,,,,,,,,2026-05-03,2026-05-03
"[03.09.25][ริว] จุกอกกับปีศาจ2 (Demons)",120236324479750260,2026-05-03,not_delivering,ad,,,,,0,,0,0,,,,,,,,,2026-05-03,2026-05-03
"[31.07.25][ริว] สำรวจปีศาจในตัวคุณ (ปีศาจตัวนั้น)",120234316313630260,2026-05-03,inactive,ad,,,,,0,,0,0,,,,,,,,,2026-05-03,2026-05-03
"[28.08.25][ริว] รีวิวหนังสือ 5/5 (Tried)",120235811690630260,2026-05-03,not_delivering,ad,,,,,0,,0,0,,,,,,,,,2026-05-03,2026-05-03
"[19.03.26][ริว] ความสุขเล็ก ๆ (สัมภาษณ์นักเขียน) (Ghostly)",120245759411070260,2026-05-03,not_delivering,ad,,,,,0,,0,0,,,,,,,,,2026-05-03,2026-05-03
"[03.11.25][ริว] ไม่มีความเศร้าไหน (ปีศาจตัวนั้น)",120239857849420260,2026-05-03,not_delivering,ad,,,,,0,,0,0,,,,,,,,,2026-05-03,2026-05-03
"[12.02.26][ริว] คนดีมักรู้สึกผิด (Trap)",120244442888980260,2026-05-03,not_delivering,ad,,,,,0,,0,0,,,,,,,,,2026-05-03,2026-05-03
"[16.02.26][ริว] รีสต็อก (Ghostly)",120244475987880260,2026-05-03,not_delivering,ad,,,,,0,,0,0,,,,,,,,,2026-05-03,2026-05-03
"[29.09.25][ริว] E-Book (Ghostly)",120237712571360260,2026-05-03,not_delivering,ad,,,,,0,,0,0,,,,,,,,,2026-05-03,2026-05-03
"[01.04.26][ริว] เลิกควบคุมสิ่งที่ควมคุมไม่ได้ (AI) (Trap)",120246702152360260,2026-05-03,archived,ad,,,,,0,,0,0,,,,,,,,,2026-05-03,2026-05-03
"[05.08.25][ริว] ประโยคในหนังสือเปลี่ยนชีวิต (Witches)",120235152494180260,2026-05-03,not_delivering,ad,,,,,0,,0,0,,,,,,,,,2026-05-03,2026-05-03
"[03.04.26][ริว] โรคซึมเศร้า AI (Trap)",120247605944700260,2026-05-03,not_delivering,ad,การสนทนาผ่านการส่งข้อความที่เริ่มขึ้น,,,,0,,0,0,,,,,,,,,2026-05-03,2026-05-03
"[29.09.25][ริว] E-Book (Ghostly)",120237712662060260,2026-05-03,not_delivering,ad,,,,,0,,0,0,,,,,,,,,2026-05-03,2026-05-03
"[25.07.25][ริว] แค่อ่านชื่อหน้าปก (Tried)",120234057866950260,2026-05-03,inactive,ad,,,,,0,,0,0,,,,,,,,,2026-05-03,2026-05-03
"[05.08.25][ริว] ประโยคในหนังสือเปลี่ยนชีวิต (Witches)",120234425829510260,2026-05-03,inactive,ad,,,,,0,,0,0,,,,,,,,,2026-05-03,2026-05-03
"[23.06.25][ริว] ประโยคเดียวในหนังสือที่จะเปลี่ยนชีวิต (Witches)",120235301664190260,2026-05-03,not_delivering,ad,,,,,0,,0,0,,,,,,,,,2026-05-03,2026-05-03
"[10.11.25][ริว] วันนี้เราป้ายยา (Witches)",120240277238120260,2026-05-03,inactive,ad,,,,,0,,0,0,,,,,,,,,2026-05-03,2026-05-03
"[04.03.26][ริว] ซึมเศร้า (สัมภาษณ์หมอ) (Trap) (Cross Page)",120245332675130260,2026-05-03,not_delivering,ad,การสนทนาผ่านการส่งข้อความที่เริ่มขึ้น,,,,0,,0,0,,,,,,,,,2026-05-03,2026-05-03
"[06.08.25][ริว] ประโยคเปลี่ยนชีวิต (Tried)",120234613123680260,2026-05-03,inactive,ad,,,,,0,,0,0,,,,,,,,,2026-05-03,2026-05-03
"[01.04.26][ริว] เลิกควบคุมสิ่งที่ควมคุมไม่ได้ (AI) (Trap)",120248276191150260,2026-05-03,not_delivering,ad,การสนทนาผ่านการส่งข้อความที่เริ่มขึ้น,2,92.365,,184.73,,2684,2444,,2,92.365,,11,6.25931446,68.82637854,0,2026-05-03,2026-05-03
"[04.03.26][ริว] ซึมเศร้า (สัมภาษณ์หมอ) (Trap)",120245622538440260,2026-05-03,not_delivering,ad,,,,,0,,0,0,,,,,,,,,2026-05-03,2026-05-03
"[05.03.26][ริว] ลองจินตนาการ (Ghostly)",120245407844700260,2026-05-03,not_delivering,ad,,,,,0,,0,0,,,,,,,,,2026-05-03,2026-05-03
"[18.10.25][ริว] อยู่คนเดียว (Ghostly) (Reels)",120243125917470260,2026-05-03,not_delivering,ad,,,,,0,,0,0,,,,,,,,,2026-05-03,2026-05-03
"[07.11.25][ริว] 11.11 บุฟเฟต์ 3 เล่ม 999 (Promotion)",120240091997080260,2026-05-03,not_delivering,ad,,,,,0,,0,0,,,,,,,,,2026-05-03,2026-05-03
"[18.09.25][ริว] ถ้าได้ฟังเรื่องราว (Ghostly)",120237845256800260,2026-05-03,inactive,ad,,,,,0,,0,0,,,,,,,,,2026-05-03,2026-05-03
"[08.08.25][ริว] งานศพ (Ghostly)",120235358433280260,2026-05-03,archived,ad,,,,,0,,0,0,,,,,,,,,2026-05-03,2026-05-03
"[01.04.26][ริว] เลิกควบคุมสิ่งที่ควมคุมไม่ได้ (AI) (Trap)",120246607923390260,2026-05-03,not_delivering,ad,,,,,0,,0,0,,,,,,,,,2026-05-03,2026-05-03
"[04.03.26][ริว] ซึมเศร้า (สัมภาษณ์หมอ) (Trap) (Cross Page)",120246513252250260,2026-05-03,not_delivering,ad,,,,,0,,0,0,,,,,,,,,2026-05-03,2026-05-03
"[04.03.26][ริว] ซึมเศร้า (สัมภาษณ์หมอ) (Trap)",120245166667660260,2026-05-03,active,ad,การสนทนาผ่านการส่งข้อความที่เริ่มขึ้น,14,67.09571429,1746,939.34,1.85875189,16605,15620,4,14,67.09571429,6,69,2.51129178,56.56970792,0.28571429,2026-05-03,2026-05-03
"[25.11.25][ริว] ซิ่ง Black Friday (Promotion)",120241092267660260,2026-05-03,inactive,ad,,,,,0,,0,0,,,,,,,,,2026-05-03,2026-05-03
"[03.12.25][ริว] แม่อยากให้ลูกมีอนาคตที่ดี (Remains)",120241905903170260,2026-05-03,inactive,ad,,,,,0,,0,0,,,,,,,,,2026-05-03,2026-05-03
"[01.02.26][ริว] สุขภาพจิตพัง (Trap)",120243835393060260,2026-05-03,not_delivering,ad,,,,,0,,0,0,,,,,,,,,2026-05-03,2026-05-03
"[06.09.25][ริว] ความกลัวการไม่ถูกรัก (Ghostly)",120236334970020260,2026-05-03,inactive,ad,,,,,0,,0,0,,,,,,,,,2026-05-03,2026-05-03
"[07.03.26][ริว] เรียนรู้ (Remains)",120245370709330260,2026-05-03,not_delivering,ad,,,,,0,,0,0,,,,,,,,,2026-05-03,2026-05-03
"[13.01.26] [ริว] อย่าลืมที่จะรักตัวเอง (Devillove) (Reels)",120243182996580260,2026-05-03,not_delivering,ad,,,,,0,,0,0,,,,,,,,,2026-05-03,2026-05-03
"[03.09.25][ริว] เปิดตัวปีศาจ 2 (ภาคเสียงและนางแบบมือโดยดาราสาวสองท่าน) (Demons)",120236323500680260,2026-05-03,inactive,ad,,,,,0,,0,0,,,,,,,,,2026-05-03,2026-05-03
"[03.09.25][ริว] สัญญาณที่ควรอ่าน (Demons)",120235859235010260,2026-05-03,not_delivering,ad,,,,,0,,0,0,,,,,,,,,2026-05-03,2026-05-03
"[09.07.25][ริว] สวัสดียามดึก คุณดวงวิญญาณ (Ghostly)",120235432534190260,2026-05-03,not_delivering,ad,,,,,0,,0,0,,,,,,,,,2026-05-03,2026-05-03
"[06.11.25][ริว] กลับมาอีกครั้ง (Remains)",120239980300610260,2026-05-03,not_delivering,ad,,,,,0,,0,0,,,,,,,,,2026-05-03,2026-05-03
"[03.11.25][ริว] ความกลัวชนะทุกอย่าง (Demons)",120240027918040260,2026-05-03,not_delivering,ad,,,,,0,,0,0,,,,,,,,,2026-05-03,2026-05-03
"[25.07.25][ริว] สัญญาณที่บอกว่าควรอ่าน (Tried)",120234054436780260,2026-05-03,not_delivering,ad,,,,,0,,0,0,,,,,,,,,2026-05-03,2026-05-03
"[19.08.25][ริว] ความสูญเสียทำให้เจ็บปวด (Witches)",120235186536740260,2026-05-03,not_delivering,ad,,,,,0,,0,0,,,,,,,,,2026-05-03,2026-05-03
"[22.08.25][ริว] Payday August 2 Box 999 (Promotion_Payday)",120235249187300260,2026-05-03,inactive,ad,,,,,0,,0,0,,,,,,,,,2026-05-03,2026-05-03
"[06.08.25][ริว] มีชีวิตอยู่อย่างโดดเดี่ยว (ghostly)",120236605075960260,2026-05-03,not_delivering,ad,,,,,0,,0,0,,,,,,,,,2026-05-03,2026-05-03
"[05.09.25][ริว] ความผิดพลาด (Witches)",120236328573700260,2026-05-03,not_delivering,ad,,,,,0,,0,0,,,,,,,,,2026-05-03,2026-05-03
"[22.08.25][ริว] แจกวอลเปเปอร์ (Ghostly)",120236603598850260,2026-05-03,archived,ad,,,,,0,,0,0,,,,,,,,,2026-05-03,2026-05-03
"[05.03.26][ริว] ลองจินตนาการ (Ghostly)",120245212231070260,2026-05-03,not_delivering,ad,,,,,0,,0,0,,,,,,,,,2026-05-03,2026-05-03
"[03.11.25][ริว] ความกลัวชนะทุกอย่าง (Demons)",120239861864450260,2026-05-03,not_delivering,ad,,,,,0,,0,0,,,,,,,,,2026-05-03,2026-05-03
"[26.02.26][ริว] คุยกันทุกวันไม่มีสถานะ (ปีศาจตัวนั้น)",120244932128060260,2026-05-03,not_delivering,ad,,,,,0,,0,0,,,,,,,,,2026-05-03,2026-05-03
"[21.05.25][ริว] ถ้าโลกมันแย่ แค่คิดแบบคาปิบาร่า (Capybara_Boxset)",120229054225990260,2026-05-03,inactive,ad,,,,,0,,0,0,,,,,,,,,2026-05-03,2026-05-03
"[25.03.26][ริว] จิตวิทยาของการสูญเสีย เขาบอกไว้ว่า (AI) (Witches)",120246202009430260,2026-05-03,inactive,ad,,,,,0,,0,0,,,,,,,,,2026-05-03,2026-05-03
"[12.02.26][ริว] คนดีมักรู้สึกผิด (Trap)",120244521408080260,2026-05-03,not_delivering,ad,,,,,0,,0,0,,,,,,,,,2026-05-03,2026-05-03
"[19.06.25][ริว] บทสนทนาของคนที่ไม่มีโอกาสพูดอีกแล้ว (Ghostly)",120231719647910260,2026-05-03,inactive,ad,,,,,0,,0,0,,,,,,,,,2026-05-03,2026-05-03
"[22.10.25][ริว] (ไม่)นอกใจ (Demons)",120239836524220260,2026-05-03,not_delivering,ad,,,,,0,,0,0,,,,,,,,,2026-05-03,2026-05-03
"[18.09.25][ริว] หยุดพูดแย่ๆกับตัวเอง (Witches)",120237332933360260,2026-05-03,not_delivering,ad,,,,,0,,0,0,,,,,,,,,2026-05-03,2026-05-03
"[09.07.25][ริว] สวัสดียามดึก คุณดวงวิญญาณ (Ghostly)",120234207685580260,2026-05-03,not_delivering,ad,,,,,0,,0,0,,,,,,,,,2026-05-03,2026-05-03
"[23.04.26][ริว] Smiling depression ภาวะซึมเศร้าที่ซ่อนอยู่ใต้รอยยิ้ม AI (Trap)",120248070511120260,2026-05-03,not_delivering,ad,การสนทนาผ่านการส่งข้อความที่เริ่มขึ้น,,,,0,,0,0,,,,,,,,,2026-05-03,2026-05-03
"[18.07.25][ริว] ประโยคจุกอก (Ghostly)",120233149056350260,2026-05-03,inactive,ad,,,,,0,,0,0,,,,,,,,,2026-05-03,2026-05-03
"[06.08.25][ริว] คะแนน 9.9/10 (Tried)",120234441394790260,2026-05-03,inactive,ad,,,,,0,,0,0,,,,,,,,,2026-05-03,2026-05-03
"[03.09.25][ริว] สัญญาณที่ควรอ่าน (Demons)",120236318952000260,2026-05-03,not_delivering,ad,,,,,0,,0,0,,,,,,,,,2026-05-03,2026-05-03
"[25.03.26][ริว] จิตวิทยาของการสูญเสีย เขาบอกไว้ว่า (AI) (Witches)",120246573533560260,2026-05-03,not_delivering,ad,,,,,0,,0,0,,,,,,,,,2026-05-03,2026-05-03
"[16.01.26][ริว] หายเหนื่อย (Tried)",120243290135930260,2026-05-03,inactive,ad,,,,,0,,0,0,,,,,,,,,2026-05-03,2026-05-03
"[14.03.26][ริว] อ่านแล้วโคตรจริง (Witches)",120245562310490260,2026-05-03,not_delivering,ad,,,,,0,,0,0,,,,,,,,,2026-05-03,2026-05-03
"[29.09.25][ริว] E-Book (Ghostly)",120240395242180260,2026-05-03,active,ad,การสนทนาผ่านการส่งข้อความที่เริ่มขึ้น,,,,0.93,,5,5,,,,,,0,186,,2026-05-03,2026-05-03
"[22.08.25][ริว] เสียดาย (Ghostly)",120236003389070260,2026-05-03,not_delivering,ad,,,,,0,,0,0,,,,,,,,,2026-05-03,2026-05-03
"[12.02.26][ริว] รางวัล (Ghostly)",120244263538170260,2026-05-03,not_delivering,ad,,,,,0,,0,0,,,,,,,,,2026-05-03,2026-05-03
"[11.06.25][ริว] หนังสือฮีลใจแห่งปี (Ghostly)",120232764473090260,2026-05-03,not_delivering,ad,,,,,0,,0,0,,,,,,,,,2026-05-03,2026-05-03
"[17.09.25][ริว] ทุกคนว่าโลกหลังความตาย (Ghostly)",120237559338260260,2026-05-03,not_delivering,ad,,,,,0,,0,0,,,,,,,,,2026-05-03,2026-05-03
"[04.03.26][ริว] ซึมเศร้า (สัมภาษณ์หมอ) (Trap)",120246835224830260,2026-05-03,not_delivering,ad,,,,,0,,0,0,,,,,,,,,2026-05-03,2026-05-03
"[20.10.25][ริว] ความผิดพลาด (Witches)",120239112661920260,2026-05-03,not_delivering,ad,,,,,0,,0,0,,,,,,,,,2026-05-03,2026-05-03
"[13.11.25][ริว] 30 Boxset สุดท้าย (Witches)",120240735389410260,2026-05-03,inactive,ad,,,,,0,,0,0,,,,,,,,,2026-05-03,2026-05-03
"[01.10.25][ริว] ถ้าวันนี้คือวันสุดท้าย (Ghostly)",120237852451390260,2026-05-03,not_delivering,ad,,,,,0,,0,0,,,,,,,,,2026-05-03,2026-05-03
"[03.09.25][ริว] สัญญาณที่ควรอ่าน (Demons)",120235869179110260,2026-05-03,inactive,ad,,,,,0,,0,0,,,,,,,,,2026-05-03,2026-05-03
"[23.05.25][ริว] ประโยคหนึ่งในหนังสือที่เหมือนมีน้องแมวเวทมนตร์มากระซิบ (Witches)",120229194261210260,2026-05-03,inactive,ad,,,,,0,,0,0,,,,,,,,,2026-05-03,2026-05-03
"[25.07.25][ริว] คะแนน9.9/10 (Tried)",120234552176440260,2026-05-03,not_delivering,ad,,,,,0,,0,0,,,,,,,,,2026-05-03,2026-05-03
"[03.09.25][ริว] จุกอกกับปีศาจ2 (Demons)",120236358913790260,2026-05-03,not_delivering,ad,,,,,0,,0,0,,,,,,,,,2026-05-03,2026-05-03
"[30.07.25][ริว] บางครั้งการเอาแต่คิดมาก (Capybara)",120234070848580260,2026-05-03,not_delivering,ad,,,,,0,,0,0,,,,,,,,,2026-05-03,2026-05-03
"[01.07.25][ริว] โทษตัวเอง เพราะแค่เหนื่อย (ปีศาจตัวนั้น)",120231987089540260,2026-05-03,not_delivering,ad,,,,,0,,0,0,,,,,,,,,2026-05-03,2026-05-03
"[03.04.26][ริว] โรคซึมเศร้า AI (Trap)",120248211330740260,2026-05-03,active,ad,การสนทนาผ่านการส่งข้อความที่เริ่มขึ้น,5,31.87,,159.35,,1423,1366,,5,31.87,,12,5.55165144,111.98172874,0,2026-05-03,2026-05-03
"[04.03.26][ริว] ซึมเศร้า (สัมภาษณ์หมอ) (Trap) (Cross Page)",120245624446890260,2026-05-03,not_delivering,ad,,,,,0,,0,0,,,,,,,,,2026-05-03,2026-05-03
"[05.09.25][ริว] ความผิดพลาด (Witches)",120236552206390260,2026-05-03,not_delivering,ad,,,,,0,,0,0,,,,,,,,,2026-05-03,2026-05-03
"[14.06.25][ริว] ประโยคในหนังสือ...ที่อ่านแล้ว ทำให้เรา 'ไม่รู้สึกแปลก' (Witches)",120230769663540260,2026-05-03,inactive,ad,,,,,0,,0,0,,,,,,,,,2026-05-03,2026-05-03
"[06.08.25][ริว] หนังสือการ์ตูนที่อ่านแล้วรักตัวเองมากขึ้น (Ghostly)",120236739576720260,2026-05-03,inactive,ad,,,,,0,,0,0,,,,,,,,,2026-05-03,2026-05-03
"[05.09.25][ริว] คาถาเปลี่ยนชีวิต (Witches)",120236326729990260,2026-05-03,not_delivering,ad,,,,,0,,0,0,,,,,,,,,2026-05-03,2026-05-03
"[06.08.25][ริว] กลับมารักตัวเอง (Ghostly)",120236606000590260,2026-05-03,not_delivering,ad,,,,,0,,0,0,,,,,,,,,2026-05-03,2026-05-03
"[23.06.25][ริว] ประโยคเดียวในหนังสือที่จะเปลี่ยนชีวิต (Witches)",120240098124910260,2026-05-03,inactive,ad,,,,,0,,0,0,,,,,,,,,2026-05-03,2026-05-03
"[25.07.25][ริว] รักษาตัวเองให้ดี (Ghostly)",120233558221230260,2026-05-03,not_delivering,ad,,,,,0,,0,0,,,,,,,,,2026-05-03,2026-05-03
"[11.09.25][ริว] ประโยคเดียวในหนังสือ (Witches)",120236735544260260,2026-05-03,not_delivering,ad,,,,,0,,0,0,,,,,,,,,2026-05-03,2026-05-03
"[03.09.25][ริว] จุกอกกับปีศาจ2 (Demons)",120236323055920260,2026-05-03,inactive,ad,,,,,0,,0,0,,,,,,,,,2026-05-03,2026-05-03
"[24.07.25][ริว] ไพ่สำรับนี้ดูดวงแม่น (Witches)",120233469566080260,2026-05-03,not_delivering,ad,,,,,0,,0,0,,,,,,,,,2026-05-03,2026-05-03
"[22.09.25][ริว] แม่อยากให้ลูกมั่นคง (Remains)",120237922323530260,2026-05-03,inactive,ad,,,,,0,,0,0,,,,,,,,,2026-05-03,2026-05-03
"[27.05.25][ริว] ประโยคที่อ่านแล้วจุกอก (Witches)",120229503347270260,2026-05-03,inactive,ad,,,,,0,,0,0,,,,,,,,,2026-05-03,2026-05-03
"[05.09.25][ริว] กลับมารักตัวเองเพราะ (Witches)",120236326295440260,2026-05-03,not_delivering,ad,,,,,0,,0,0,,,,,,,,,2026-05-03,2026-05-03
"[18.09.25][ริว] ถ้าได้ฟังเรื่องราว (Ghostly)",120237558753300260,2026-05-03,inactive,ad,,,,,0,,0,0,,,,,,,,,2026-05-03,2026-05-03
"[01.08.25][ริว] ประโยคเดียวในหนังสือ (Witches)",120234208201370260,2026-05-03,inactive,ad,,,,,0,,0,0,,,,,,,,,2026-05-03,2026-05-03
"[27.08.25][ริว] ถูกเอาเปรียบ (Ghostly)",120235861251950260,2026-05-03,not_delivering,ad,,,,,0,,0,0,,,,,,,,,2026-05-03,2026-05-03
"[04.10.25][ริว] เสาหลักของบ้าน (Tried)",120238409028530260,2026-05-03,not_delivering,ad,,,,,0,,0,0,,,,,,,,,2026-05-03,2026-05-03
"[12.02.26][ริว] หากกำลังโทษตัวเอง (Embrace)",120244294639160260,2026-05-03,not_delivering,ad,,,,,0,,0,0,,,,,,,,,2026-05-03,2026-05-03
"[06.11.25][ริว] กลับมาอีกครั้ง (Remains)",120240333892660260,2026-05-03,not_delivering,ad,,,,,0,,0,0,,,,,,,,,2026-05-03,2026-05-03
"[12.02.26][ริว] รักคนอื่น (สัมภาษณ์หมอ) (Trap)",120244855729390260,2026-05-03,not_delivering,ad,,,,,0,,0,0,,,,,,,,,2026-05-03,2026-05-03
"[23.05.25][ริว] หนังสือการ์ตูนฮีลใจ (Ghostly)",120229512245420260,2026-05-03,inactive,ad,,,,,0,,0,0,,,,,,,,,2026-05-03,2026-05-03
"[29.09.25][ริว] E-Book (Ghostly)",120237852374480260,2026-05-03,inactive,ad,,,,,0,,0,0,,,,,,,,,2026-05-03,2026-05-03
"[28.06.25][ริว] ถ้าไม่อยากเป็นแบบนี้ อย่าอ่านเล่มนี้ (Ghostly)",120232382445370260,2026-05-03,not_delivering,ad,,,,,0,,0,0,,,,,,,,,2026-05-03,2026-05-03
"[21.03.26][ริว] อย่ากลัวการเปลี่ยนแปลง อย่าหวั่นการเปลี่ยนเส้นทางชีวิต (Kidmakk)",120245847041340260,2026-05-03,not_delivering,ad,,,,,0,,0,0,,,,,,,,,2026-05-03,2026-05-03
"[20.10.25][ริว] ความผิดพลาด (Witches)",120240098203350260,2026-05-03,inactive,ad,,,,,0,,0,0,,,,,,,,,2026-05-03,2026-05-03
"[18.10.25][ริว] อยู่คนเดียว (Ghostly)",120239976976120260,2026-05-03,not_delivering,ad,,,,,0,,0,0,,,,,,,,,2026-05-03,2026-05-03
"[10.04.26][ริว] เสียดายคนตายไม่ได้อ่านเล่มนี้ (Ghostly)",120247314684060260,2026-05-03,inactive,ad,,,,,0,,0,0,,,,,,,,,2026-05-03,2026-05-03
"[16.01.26][ริว] อ่านแล้วใจเบาลง (Tried)",120243290015950260,2026-05-03,inactive,ad,,,,,0,,0,0,,,,,,,,,2026-05-03,2026-05-03
"[27.03.26][ริว] ลดความคาดหวัง ใจเราจะเบาขึ้น (AI) (Remains)",120246200053780260,2026-05-03,inactive,ad,,,,,0,,0,0,,,,,,,,,2026-05-03,2026-05-03
"[01.04.26][ริว] เลิกควบคุมสิ่งที่ควมคุมไม่ได้ (AI) (Trap)",120246607003630260,2026-05-03,not_delivering,ad,,,,,0,,0,0,,,,,,,,,2026-05-03,2026-05-03
"[28.08.25][ริว] รีวิวหนังสือ 5/5 (Tried)",120235856501740260,2026-05-03,not_delivering,ad,,,,,0,,0,0,,,,,,,,,2026-05-03,2026-05-03
"[07.11.25][ริว] 11.11 บุฟเฟต์ 3 เล่ม 999 (Promotion)",120240091421620260,2026-05-03,not_delivering,ad,,,,,0,,0,0,,,,,,,,,2026-05-03,2026-05-03
"[03.09.25][ริว] เปิดตัวปีศาจ 2 (Demons)",120236021958310260,2026-05-03,archived,ad,,,,,0,,0,0,,,,,,,,,2026-05-03,2026-05-03
"[22.10.25][ริว] ป้ายยา (Remains)",120239115125230260,2026-05-03,inactive,ad,,,,,0,,0,0,,,,,,,,,2026-05-03,2026-05-03
"[14.06.25][ริว] ประโยคในหนังสือ...ที่อ่านแล้ว ทำให้เรา 'ไม่รู้สึกแปลก' (Witches)",120230770730200260,2026-05-03,inactive,ad,,,,,0,,0,0,,,,,,,,,2026-05-03,2026-05-03
"[11.06.25][ริว] หนังสือฮีลใจแห่งปี (Ghostly)",120230538494380260,2026-05-03,inactive,ad,,,,,0,,0,0,,,,,,,,,2026-05-03,2026-05-03
"[18.09.25][ริว] หยุดพูดแย่ๆกับตัวเอง (Witches)",120237444174060260,2026-05-03,not_delivering,ad,,,,,0,,0,0,,,,,,,,,2026-05-03,2026-05-03
"[05.04.26][ริว] Chronic Loneliness ภาวะเหงาเรื้อรังที่รู้สึกโดดเดี่ยวอ้างว้างตลอดเวลา AI (Ghostly)",120247588786360260,2026-05-03,active,ad,การเข้าถึง,11090,9.47520289,,105.08,,11090,11090,,,,,14,0.18935978,9.47520289,,2026-05-03,2026-05-03
"[08.08.25][ริว] คิดถึงแฟนเก่า (ปีศาจตัวนั้น)",120234605062360260,2026-05-03,not_delivering,ad,,,,,0,,0,0,,,,,,,,,2026-05-03,2026-05-03
"[23.07.25][ริว] แค่ชื่อก็เหมือนโดนปลอบ (Tried)",120233364191350260,2026-05-03,inactive,ad,,,,,0,,0,0,,,,,,,,,2026-05-03,2026-05-03
"[01.04.26][ริว] เลิกควบคุมสิ่งที่ควมคุมไม่ได้ (AI) (Trap) - สำเนา",120246783780130260,2026-05-03,not_delivering,ad,,,,,0,,0,0,,,,,,,,,2026-05-03,2026-05-03
"[22.07.25][ริว] วันนี้เธอเหนื่อยไหม (Tried)",120233024674730260,2026-05-03,not_delivering,ad,,,,,0,,0,0,,,,,,,,,2026-05-03,2026-05-03
"[08.08.25][ริว] mindsetดี (ปีศาจตัวนั้น)",120234604089880260,2026-05-03,inactive,ad,,,,,0,,0,0,,,,,,,,,2026-05-03,2026-05-03
"[30.01.26][ริว] ถ้าคนที่เรารัก (Ghostly)",120243742270310260,2026-05-03,inactive,ad,,,,,0,,0,0,,,,,,,,,2026-05-03,2026-05-03
"[24.07.25][ริว] แค่หนังสือร้องไห้ทำไม (ปีศาจตัวนั้น)",120233469177900260,2026-05-03,not_delivering,ad,,,,,0,,0,0,,,,,,,,,2026-05-03,2026-05-03
"[03.10.25][ริว] จะเป็นยังไง (Remains)",120237922762580260,2026-05-03,inactive,ad,,,,,0,,0,0,,,,,,,,,2026-05-03,2026-05-03
"[22.10.25][ริว] ป้ายยาหนังสือน่ารัก (Witches)",120239970741900260,2026-05-03,inactive,ad,,,,,0,,0,0,,,,,,,,,2026-05-03,2026-05-03
"[01.04.26][ริว] เลิกควบคุมสิ่งที่ควมคุมไม่ได้ (AI) (Trap)",120246834439960260,2026-05-03,not_delivering,ad,การสนทนาผ่านการส่งข้อความที่เริ่มขึ้น,,,339,0,,0,0,1,,,1,,,,,2026-05-03,2026-05-03
"[08.08.25][ริว] งานศพ (Ghostly)",120234794681110260,2026-05-03,inactive,ad,,,,,0,,0,0,,,,,,,,,2026-05-03,2026-05-03
"[03.07.25][ริว][Cross Page] ไม่ได้ตั้งใจจะปล่อยให้มันสาย (Ghostly)",120232174472620260,2026-05-03,not_delivering,ad,,,,,0,,0,0,,,,,,,,,2026-05-03,2026-05-03
"[18.08.25][ริว] กดดันตัวเองมาทั้งชีวิต (Embrace)",120235184817960260,2026-05-03,not_delivering,ad,,,,,0,,0,0,,,,,,,,,2026-05-03,2026-05-03
"[22.10.25][ริว] ป้ายยาหนังสือน่ารัก (Witches)",120239113844200260,2026-05-03,not_delivering,ad,,,,,0,,0,0,,,,,,,,,2026-05-03,2026-05-03
"[12.08.25][ริว] คะแนน 11/10 (Witches)",120234722245710260,2026-05-03,not_delivering,ad,,,,,0,,0,0,,,,,,,,,2026-05-03,2026-05-03
"[06.08.25][ริว] หนังสือการ์ตูนที่อ่านแล้วรักตัวเองมากขึ้น (Ghostly)",120235868330010260,2026-05-03,not_delivering,ad,,,,,0,,0,0,,,,,,,,,2026-05-03,2026-05-03
"[16.10.25][ริว] เมไอสัมภาษณ์ปีศาจ2 (Demons)",120238788809920260,2026-05-03,inactive,ad,,,,,0,,0,0,,,,,,,,,2026-05-03,2026-05-03
"[06.08.25][ริว] รีวิวการ์ตูนฮีลใจแห่งปี (Ghostly)",120236739454540260,2026-05-03,inactive,ad,,,,,0,,0,0,,,,,,,,,2026-05-03,2026-05-03
"[13.10.25][ริว] เล่มลายเซ็น (Remains)",120238862259600260,2026-05-03,not_delivering,ad,,,,,0,,0,0,,,,,,,,,2026-05-03,2026-05-03
"[23.06.25][ริว] ประโยคเดียวในหนังสือที่จะเปลี่ยนชีวิต (Witches)",120233387492020260,2026-05-03,not_delivering,ad,,,,,0,,0,0,,,,,,,,,2026-05-03,2026-05-03
"[29.10.25][ริว] ป้ายยา 2 หนังสือ (Remains)",120239540621860260,2026-05-03,inactive,ad,,,,,0,,0,0,,,,,,,,,2026-05-03,2026-05-03
"[23.06.25][ริว] ประโยคเดียวในหนังสือที่จะเปลี่ยนชีวิต (Witches)",120236619734450260,2026-05-03,not_delivering,ad,,,,,0,,0,0,,,,,,,,,2026-05-03,2026-05-03
"[31.03.26][ริว] อย่าปล่อยให้พ่อแม่รอ กลับไปเยี่ยมในวันที่ยังมีโอกาส (Ghostly)",120246421414460260,2026-05-03,not_delivering,ad,,,,,0,,0,0,,,,,,,,,2026-05-03,2026-05-03
"[24.07.25][ริว] ไพ่สำรับนี้ดูดวงแม่น (Witches)",120235186324600260,2026-05-03,not_delivering,ad,,,,,0,,0,0,,,,,,,,,2026-05-03,2026-05-03
"[05.02.26][ริว] Boxset ลายเซ็น (Witches)",120244008823780260,2026-05-03,not_delivering,ad,,,,,0,,0,0,,,,,,,,,2026-05-03,2026-05-03
"[29.03.26][ริว] วิธีรับมือโรคแพนิค (AI) (Trap)",120246607827980260,2026-05-03,not_delivering,ad,,,,,0,,0,0,,,,,,,,,2026-05-03,2026-05-03
"[29.03.26][ริว] วิธีรับมือโรคแพนิค (AI) (Trap) - สำเนา",120246786635380260,2026-05-03,not_delivering,ad,การสนทนาผ่านการส่งข้อความที่เริ่มขึ้น,,,,0,,0,0,,,,,,,,,2026-05-03,2026-05-03
"[29.09.25][ริว] เลือกปกหนังสือ (Remains)",120237715972570260,2026-05-03,inactive,ad,,,,,0,,0,0,,,,,,,,,2026-05-03,2026-05-03
"[06.08.25][ริว] ไม่ว่าชีวิตจะบัดซบ (Tried)",120234614620410260,2026-05-03,not_delivering,ad,,,,,0,,0,0,,,,,,,,,2026-05-03,2026-05-03
"[24.10.25][ริว] PAYDAY OPD E-Book 1 แถม 1 (Promotion)",120240278371620260,2026-05-03,inactive,ad,,,,,0,,0,0,,,,,,,,,2026-05-03,2026-05-03
"[06.08.25][ริว] หนังสือพัฒนาตัวเอง (Tried)",120234466952840260,2026-05-03,not_delivering,ad,,,,,0,,0,0,,,,,,,,,2026-05-03,2026-05-03
"[17.09.25][ริว] ทุกคนว่าโลกหลังความตาย (Ghostly)",120237028371670260,2026-05-03,not_delivering,ad,,,,,0,,0,0,,,,,,,,,2026-05-03,2026-05-03
"[09.09.25][ริว] โตขึ้น พ่อแม่แก่ตัวลง (Demons)",120236832228910260,2026-05-03,inactive,ad,,,,,0,,0,0,,,,,,,,,2026-05-03,2026-05-03
"[23.07.25][ริว] PAYDAY SALE JULY (Promotion_Payday) - No Meme",120233338606220260,2026-05-03,not_delivering,ad,,,,,0,,0,0,,,,,,,,,2026-05-03,2026-05-03
"[13.02.26][ริว] การมีชีวิตอยู่อย่างโดดเดี่ยว (Ghostly)",120244296275150260,2026-05-03,not_delivering,ad,,,,,0,,0,0,,,,,,,,,2026-05-03,2026-05-03
"[23.06.25][ริว] ประโยคเดียวในหนังสือที่จะเปลี่ยนชีวิต (Witches)",120232601031060260,2026-05-03,not_delivering,ad,,,,,0,,0,0,,,,,,,,,2026-05-03,2026-05-03
"[11.10.25][ริว] ปุณณ์วัฒน์ (Ghostly)",120247246818260260,2026-05-03,inactive,ad,การสนทนาผ่านการส่งข้อความที่เริ่มขึ้น,,,,0,,0,0,,,,,,,,,2026-05-03,2026-05-03
"[16.10.25][ริว] ผลงานภาคต่อ (Remains)",120238719560730260,2026-05-03,not_delivering,ad,,,,,0,,0,0,,,,,,,,,2026-05-03,2026-05-03
"[28.06.25][ริว] ถ้าไม่อยากเป็นแบบนี้ อย่าอ่านเล่มนี้ (Ghostly)",120232382487260260,2026-05-03,inactive,ad,,,,,0,,0,0,,,,,,,,,2026-05-03,2026-05-03
"[23.05.25][ริว] หนังสือการ์ตูนฮีลใจ (Ghostly)",120229512447230260,2026-05-03,inactive,ad,,,,,0,,0,0,,,,,,,,,2026-05-03,2026-05-03
"[30.08.25][ริว] แค่ประโยคเดียว (Witches)",120236021779400260,2026-05-03,not_delivering,ad,,,,,0,,0,0,,,,,,,,,2026-05-03,2026-05-03
"[23.02.26][ริว] แม่คือคนรับผิดชอบ (Trap)",120245036348120260,2026-05-03,not_delivering,ad,การสนทนาผ่านการส่งข้อความที่เริ่มขึ้น,,,,0,,0,0,,,,,,,,,2026-05-03,2026-05-03
"[25.04.26][ริว] ถ้าคุณจากโลกนี้ไป ใครจะเป็นคนที่เศร้าที่สุด AI (Remains)",120247923662480260,2026-05-03,archived,ad,,,,,0,,0,0,,,,,,,,,2026-05-03,2026-05-03
"[23.03.26][ริว] ถ้าคืนนี้เป็นคืนสุดท้าย (AI) (Ghostly)",120246203465230260,2026-05-03,inactive,ad,,,,,0,,0,0,,,,,,,,,2026-05-03,2026-05-03
"[20.03.26][ริว] เล่มนี้คือภาคต่อที่ควรอ่าน (Remains)",120245968648130260,2026-05-03,inactive,ad,,,,,0,,0,0,,,,,,,,,2026-05-03,2026-05-03
"[06.08.25][ริว] คะแนน 10/10 (Tried)",120234941325420260,2026-05-03,not_delivering,ad,,,,,0,,0,0,,,,,,,,,2026-05-03,2026-05-03
"[05.09.25][ริว] รีวิวหนังสือ 5/5 (Witches)",120236549762460260,2026-05-03,not_delivering,ad,,,,,0,,0,0,,,,,,,,,2026-05-03,2026-05-03
"[03.04.26][ริว] โรคซึมเศร้า AI (Trap)",120246702152400260,2026-05-03,archived,ad,,,,,0,,0,0,,,,,,,,,2026-05-03,2026-05-03
"[22.07.25][ริว] วันนี้เธอเหนื่อยไหม (Tried)",120234552232660260,2026-05-03,not_delivering,ad,,,,,0,,0,0,,,,,,,,,2026-05-03,2026-05-03
"[16.10.25][ริว] คะแนน 9.9/10 (Remains)",120238719051570260,2026-05-03,inactive,ad,,,,,0,,0,0,,,,,,,,,2026-05-03,2026-05-03
"[09.10.25][ริว] นี่คือไพ่ทำนายดวง (Witches)",120238409497060260,2026-05-03,inactive,ad,,,,,0,,0,0,,,,,,,,,2026-05-03,2026-05-03
"[29.04.26][ริว] การอยู่คนเดียวคือทักษะที่ดีที่สุด AI (Ghostly)",120248072650030260,2026-05-03,active,ad,การเข้าถึง,11517,9.26282886,,106.68,,11684,11517,,,,,4,0.07702841,9.13043478,,2026-05-03,2026-05-03
"[04.03.26][ริว] ซึมเศร้า (สัมภาษณ์หมอ) (Trap)",120246565473590260,2026-05-03,archived,ad,,,,,0,,0,0,,,,,,,,,2026-05-03,2026-05-03
"[06.08.25][ริว] มีชีวิตอยู่อย่างโดดเดี่ยว (ghostly)",120235151926920260,2026-05-03,not_delivering,ad,,,,,0,,0,0,,,,,,,,,2026-05-03,2026-05-03
"[25.08.25][ริว] ไพ่สำรับนี้ (Witches)",120235634316340260,2026-05-03,not_delivering,ad,,,,,0,,0,0,,,,,,,,,2026-05-03,2026-05-03
"[11.02.26][ริว] ภาคต่อ 359.- ส่งฟรี (Remains)",120244592767620260,2026-05-03,not_delivering,ad,,,,,0,,0,0,,,,,,,,,2026-05-03,2026-05-03
"[30.07.25][ริว] โดนตกเพราะหลังปก (Home)",120234072166610260,2026-05-03,inactive,ad,,,,,0,,0,0,,,,,,,,,2026-05-03,2026-05-03
"[22.10.25][ริว] ป้ายยาหนังสือน่ารัก (Witches)",120240099152760260,2026-05-03,inactive,ad,,,,,0,,0,0,,,,,,,,,2026-05-03,2026-05-03
"[06.10.25][ริว] แม่ที่รักลูก (Remains)",120238557229370260,2026-05-03,not_delivering,ad,,,,,0,,0,0,,,,,,,,,2026-05-03,2026-05-03
"[23.06.25][ริว] ประโยคเดียวในหนังสือที่จะเปลี่ยนชีวิต (Witches)",120232930614310260,2026-05-03,inactive,ad,,,,,0,,0,0,,,,,,,,,2026-05-03,2026-05-03
"[10.11.25][ริว] วันนี้เราป้ายยา (Witches)",120240276635530260,2026-05-03,not_delivering,ad,,,,,0,,0,0,,,,,,,,,2026-05-03,2026-05-03
"[12.11.25][ริว] (ไม่)ยอมลดคุณค่าตัวเอง (ปีศาจตัวนั้น)",120240908309980260,2026-05-03,not_delivering,ad,,,,,0,,0,0,,,,,,,,,2026-05-03,2026-05-03
"[27.05.25][ริว] ประโยคที่อ่านแล้วจุกอก (Witches)",120229497787420260,2026-05-03,inactive,ad,,,,,0,,0,0,,,,,,,,,2026-05-03,2026-05-03
"[23.06.25][ริว] ประโยคเดียวในหนังสือที่จะเปลี่ยนชีวิต (Witches)",120240905459180260,2026-05-03,inactive,ad,,,,,0,,0,0,,,,,,,,,2026-05-03,2026-05-03
"[10.03.26][ริว] ซึมเศร้า animation (Trap)",120245845956510260,2026-05-03,not_delivering,ad,,,,,0,,0,0,,,,,,,,,2026-05-03,2026-05-03
"[13.01.26] [ริว] เพราะพรุ่งนี้อาจมาไม่ถึง (Kiwtum) (Reels)",120243182635000260,2026-05-03,not_delivering,ad,,,,,0,,0,0,,,,,,,,,2026-05-03,2026-05-03
"[13.10.25][ริว] เล่มลายเซ็น (Remains)",120238790311540260,2026-05-03,inactive,ad,,,,,0,,0,0,,,,,,,,,2026-05-03,2026-05-03
"[22.10.25][ริว] ป้ายยาหนังสือน่ารัก (Witches)",120240490222420260,2026-05-03,inactive,ad,,,,,0,,0,0,,,,,,,,,2026-05-03,2026-05-03
"[03.07.25][ริว][Cross Page] ไม่ได้ตั้งใจจะปล่อยให้มันสาย (Ghostly)",120232520630360260,2026-05-03,inactive,ad,,,,,0,,0,0,,,,,,,,,2026-05-03,2026-05-03
"[30.10.25][ริว] การอยู่คนเดียว (Ghostly)",120240102388250260,2026-05-03,inactive,ad,,,,,0,,0,0,,,,,,,,,2026-05-03,2026-05-03
"[27.08.25][ริว] ถูกเอาเปรียบ (Ghostly)",120235864430670260,2026-05-03,not_delivering,ad,,,,,0,,0,0,,,,,,,,,2026-05-03,2026-05-03
"[12.09.25][ริว] วันที่ความกลัวชนะทุกอย่าง (ปีศาจตัวนั้น)",120236739060660260,2026-05-03,not_delivering,ad,,,,,0,,0,0,,,,,,,,,2026-05-03,2026-05-03
"[23.02.26][ริว] แม่คือคนรับผิดชอบ (Trap)",120245730613830260,2026-05-03,not_delivering,ad,,,,,0,,0,0,,,,,,,,,2026-05-03,2026-05-03
"[07.08.25][ริว] วันนี้คุณขอบคุณตัวเองยัง (Tried)",120234554545690260,2026-05-03,inactive,ad,,,,,0,,0,0,,,,,,,,,2026-05-03,2026-05-03
"[16.01.26][ริว] ประโยคเดียว (Witches)",120244055279860260,2026-05-03,not_delivering,ad,,,,,0,,0,0,,,,,,,,,2026-05-03,2026-05-03
"[06.08.25][ริว] มีชีวิตอยู่อย่างโดดเดี่ยว (ghostly)",120239977789790260,2026-05-03,not_delivering,ad,,,,,0,,0,0,,,,,,,,,2026-05-03,2026-05-03
"[07.10.25][ริว][มหกรรมหนังสือ30] เชิญชวนงานหนังสือคุณเมไอ (Engage)",120238218701490260,2026-05-03,inactive,ad,,,,,0,,0,0,,,,,,,,,2026-05-03,2026-05-03
"[22.08.25][ริว] แจกวอลเปเปอร์ (Ghostly)",120236604297650260,2026-05-03,inactive,ad,,,,,0,,0,0,,,,,,,,,2026-05-03,2026-05-03
"[20.11.25][ริว] ไม่มีเขาแล้ว (Demons)",120241407826550260,2026-05-03,inactive,ad,,,,,0,,0,0,,,,,,,,,2026-05-03,2026-05-03
"[22.09.25][ริว] แม่อยากให้ลูกมั่นคง (Remains)",120240664237150260,2026-05-03,inactive,ad,,,,,0,,0,0,,,,,,,,,2026-05-03,2026-05-03
"[10.03.26][ริว] ซึมเศร้า animation (Trap)",120245978887910260,2026-05-03,not_delivering,ad,,,,,0,,0,0,,,,,,,,,2026-05-03,2026-05-03
"[21.10.25][ริว] มีประโยค (Remains)",120239267914210260,2026-05-03,inactive,ad,,,,,0,,0,0,,,,,,,,,2026-05-03,2026-05-03
"[06.10.25][ริว] มีประโยคในหนังสือ (Witches)",120238148886640260,2026-05-03,not_delivering,ad,,,,,0,,0,0,,,,,,,,,2026-05-03,2026-05-03
"[12.11.25][ริว] รักตัวเองก่อน (ปีศาจตัวนั้น)",120240908310000260,2026-05-03,inactive,ad,,,,,0,,0,0,,,,,,,,,2026-05-03,2026-05-03
"[17.10.25][ริว] ซึมตั้งแต่อ่านปก (Tried)",120239442615690260,2026-05-03,not_delivering,ad,,,,,0,,0,0,,,,,,,,,2026-05-03,2026-05-03
"[18.11.25][ริว] หนังสือฮีลใจแห่งปี (Remains)",120240741119250260,2026-05-03,inactive,ad,,,,,0,,0,0,,,,,,,,,2026-05-03,2026-05-03
"[20.11.25][ริว] ไม่มีเขาแล้ว (Demons)",120240850478350260,2026-05-03,not_delivering,ad,,,,,0,,0,0,,,,,,,,,2026-05-03,2026-05-03
"[18.07.25][ริว] ประโยคจุกอก (Ghostly)",120233016505110260,2026-05-03,not_delivering,ad,,,,,0,,0,0,,,,,,,,,2026-05-03,2026-05-03
"[23.06.25][ริว] หนังสือที่เล่นกับใจคนอ่านมากที่สุด (Ghostly)",120231258099470260,2026-05-03,inactive,ad,,,,,0,,0,0,,,,,,,,,2026-05-03,2026-05-03
"[23.06.25][ริว] ประโยคเดียวในหนังสือที่จะเปลี่ยนชีวิต (Witches)",120232931475920260,2026-05-03,not_delivering,ad,,,,,0,,0,0,,,,,,,,,2026-05-03,2026-05-03
"[05.09.25][ริว] ประโยคเตือนสติ (Witches)",120236625701510260,2026-05-03,not_delivering,ad,,,,,0,,0,0,,,,,,,,,2026-05-03,2026-05-03
"[08.07.25][ริว] ย่านเมืองเก่ามีร้านคาเฟ่ร้านนึงเปิดหลังเที่ยงคืน (Ghostly)",120233369285310260,2026-05-03,inactive,ad,,,,,0,,0,0,,,,,,,,,2026-05-03,2026-05-03
"[29.03.26][ริว] วิธีรับมือโรคแพนิค (AI) (Trap)",120246404194440260,2026-05-03,not_delivering,ad,การสนทนาผ่านการส่งข้อความที่เริ่มขึ้น,,,,0,,0,0,,,,,,,,,2026-05-03,2026-05-03
"[18.07.25][ริว] ประโยคจุกอก (Ghostly)",120234918883530260,2026-05-03,not_delivering,ad,,,,,0,,0,0,,,,,,,,,2026-05-03,2026-05-03
"[28.06.25][ริว] ถ้าไม่อยากเป็นแบบนี้ อย่าอ่านเล่มนี้ (Ghostly)",120231818963750260,2026-05-03,archived,ad,,,,,0,,0,0,,,,,,,,,2026-05-03,2026-05-03
"[03.04.26][ริว] โรคซึมเศร้า AI (Trap) - สำเนา",120246786773960260,2026-05-03,not_delivering,ad,,,,,0,,0,0,,,,,,,,,2026-05-03,2026-05-03
"[01.04.26][ริว] เลิกควบคุมสิ่งที่ควมคุมไม่ได้ (AI) (Trap)",120246780326200260,2026-05-03,inactive,ad,,,,,0,,0,0,,,,,,,,,2026-05-03,2026-05-03
"[25.08.25][ริว] ไพ่สำรับนี้ (Witches)",120235634057850260,2026-05-03,not_delivering,ad,,,,,0,,0,0,,,,,,,,,2026-05-03,2026-05-03
"[11.10.25][ริว] ปุณณ์วัฒน์ (Ghostly)",120242967808360260,2026-05-03,not_delivering,ad,,,,,0,,0,0,,,,,,,,,2026-05-03,2026-05-03
"[23.07.25][ริว] PAYDAY SALE JULY (Promotion_Payday) - No Meme",120233337906840260,2026-05-03,inactive,ad,,,,,0,,0,0,,,,,,,,,2026-05-03,2026-05-03
"[21.08.25][ริว] อะไรแอบมองเราอยู่น้า (Witches)",120235627967560260,2026-05-03,not_delivering,ad,,,,,0,,0,0,,,,,,,,,2026-05-03,2026-05-03
"[21.05.25][ริว] บอกต่อหนังสือที่เหมือนมีเเพื่อนสนิทคอยให้คำแนะนำอยู่ข้าง ๆ (Witches)",120229053830360260,2026-05-03,inactive,ad,,,,,0,,0,0,,,,,,,,,2026-05-03,2026-05-03
"[18.07.25][ริว] ประโยคจุกอก (Ghostly)",120233259134170260,2026-05-03,not_delivering,ad,,,,,0,,0,0,,,,,,,,,2026-05-03,2026-05-03
"[11.10.25][ริว] ปุณณ์วัฒน์ (Ghostly)",120244475845750260,2026-05-03,not_delivering,ad,,,,,0,,0,0,,,,,,,,,2026-05-03,2026-05-03
"[01.04.26][ริว] เลิกควบคุมสิ่งที่ควมคุมไม่ได้ (AI) (Trap)",120246512186410260,2026-05-03,not_delivering,ad,การสนทนาผ่านการส่งข้อความที่เริ่มขึ้น,,,,0,,0,0,,,,,,,,,2026-05-03,2026-05-03
"[24.07.25][ริว] หนังสือใหม่ล่าสุด (Ghostly)",120234415276290260,2026-05-03,inactive,ad,,,,,0,,0,0,,,,,,,,,2026-05-03,2026-05-03
"[02.06.25][ริว] 5 เหตุผลที่ต้องอ่าน (Ghostly)",120229860140940260,2026-05-03,inactive,ad,,,,,0,,0,0,,,,,,,,,2026-05-03,2026-05-03
"[11.10.25][ริว] ปุณณ์วัฒน์ (Ghostly)",120241914515530260,2026-05-03,not_delivering,ad,,,,,0,,0,0,,,,,,,,,2026-05-03,2026-05-03
"[08.07.25][ริว] หนังสือฮีลใจยอดขายอันดับ1 (Ghostly)",120234207902510260,2026-05-03,inactive,ad,,,,,0,,0,0,,,,,,,,,2026-05-03,2026-05-03
"[24.07.25][ริว] หนังสือใหม่ล่าสุด (Ghostly)",120233475889700260,2026-05-03,not_delivering,ad,,,,,0,,0,0,,,,,,,,,2026-05-03,2026-05-03
"[23.02.26][ริว] แม่คือคนรับผิดชอบ (Trap) (Cross Page)",120245168187440260,2026-05-03,not_delivering,ad,,,,,0,,0,0,,,,,,,,,2026-05-03,2026-05-03
"[24.12.25][ริว] ไพ่ทำนายดวง (Witches)",120242558059070260,2026-05-03,not_delivering,ad,,,,,0,,0,0,,,,,,,,,2026-05-03,2026-05-03
"[01.05.26][ริว] เลิกคิดมาก ถ้าอยากสำเร็จ AI (Trap)",120248170173970260,2026-05-03,not_delivering,ad,การสนทนาผ่านการส่งข้อความที่เริ่มขึ้น,2,120.975,409,241.95,1.69043191,1294,1083,1,2,120.975,1,10,4.2503864,186.97836167,0.5,2026-05-03,2026-05-03
"[22.10.25][ริว] ป้ายยาหนังสือน่ารัก (Witches)",120240098841030260,2026-05-03,archived,ad,,,,,0,,0,0,,,,,,,,,2026-05-03,2026-05-03
"[03.12.25][ริว] แม่อยากให้ลูกมีอนาคตที่ดี (Remains)",120244259802950260,2026-05-03,inactive,ad,,,,,0,,0,0,,,,,,,,,2026-05-03,2026-05-03
"[06.03.26][ริว] พรีออเดอร์เล่มลายเซ็น (Trap)",120245259601940260,2026-05-03,not_delivering,ad,,,,,0,,0,0,,,,,,,,,2026-05-03,2026-05-03
"[13.08.25][ริว] อ่านจบแล้วเปลี่ยนชีวิต (Capybara)",120234824997320260,2026-05-03,inactive,ad,,,,,0,,0,0,,,,,,,,,2026-05-03,2026-05-03
"[23.05.25][ริว] หนังสือการ์ตูนฮีลใจ (Ghostly)",120229263858670260,2026-05-03,inactive,ad,,,,,0,,0,0,,,,,,,,,2026-05-03,2026-05-03
"[31.10.25][ริว] อ่านแล้วหายเหนื่อย (Tried)",120240096826270260,2026-05-03,not_delivering,ad,,,,,0,,0,0,,,,,,,,,2026-05-03,2026-05-03
"[12.12.25][ริว] โปร299 (Ghostly)",120243608026950260,2026-05-03,not_delivering,ad,,,,,0,,0,0,,,,,,,,,2026-05-03,2026-05-03
"[24.10.25][ริว] PAYDAY OPD E-Book 1 แถม 1 (Promotion)",120239264536960260,2026-05-03,inactive,ad,,,,,0,,0,0,,,,,,,,,2026-05-03,2026-05-03
"[04.03.26][ริว] ซึมเศร้า (สัมภาษณ์หมอ) (Trap)",120247408900310260,2026-05-03,not_delivering,ad,การสนทนาผ่านการส่งข้อความที่เริ่มขึ้น,,,,0,,0,0,,,,,,,,,2026-05-03,2026-05-03
"[09.04.26][ริว] คำถามวัดใจไซโคพาธ Psychopath AI (Trap)",120246881436300260,2026-05-03,not_delivering,ad,การสนทนาผ่านการส่งข้อความที่เริ่มขึ้น,,,,0,,0,0,,,,,,,,,2026-05-03,2026-05-03
"[21.05.25][ริว] สายมูห้ามพลาด (Witches)",120229053845080260,2026-05-03,inactive,ad,,,,,0,,0,0,,,,,,,,,2026-05-03,2026-05-03
"[25.11.25][ริว] ซิ่ง Black Friday (Promotion)",120241154094560260,2026-05-03,not_delivering,ad,,,,,0,,0,0,,,,,,,,,2026-05-03,2026-05-03
"[13.06.25][ริว] ถ้าคืนนี้เป็นคืนสุดท้ายของชีวิต (Ghostly)",120231053236100260,2026-05-03,inactive,ad,,,,,0,,0,0,,,,,,,,,2026-05-03,2026-05-03
"[25.04.26][ริว] ถ้าคุณจากโลกนี้ไป ใครจะเป็นคนที่เศร้าที่สุด AI (Remains)",120247924379140260,2026-05-03,not_delivering,ad,"การซื้อบน Meta",,,,0,,0,0,,,,,,,,,2026-05-03,2026-05-03
"[20.04.26][ริว] อีโก้ไม่ใช่เรื่องแย่ แต่ต้องมีอย่างพอดี AI (Kiwtum)",120247719900050260,2026-05-03,not_delivering,ad,"การซื้อบน Meta",,,,0,,0,0,,,,,,,,,2026-05-03,2026-05-03
"[30.08.25][ริว] แค่ประโยคเดียว (Witches)",120236192359090260,2026-05-03,not_delivering,ad,,,,,0,,0,0,,,,,,,,,2026-05-03,2026-05-03
"[01.04.26][ริว] เลิกควบคุมสิ่งที่ควมคุมไม่ได้ (AI) (Trap)",120247044993520260,2026-05-03,not_delivering,ad,,,,,0,,0,0,,,,,,,,,2026-05-03,2026-05-03
"[22.10.25][ริว] ป้ายยาหนังสือน่ารัก (Witches)",120239255039720260,2026-05-03,not_delivering,ad,,,,,0,,0,0,,,,,,,,,2026-05-03,2026-05-03
"[18.07.25][ริว] ประโยคจุกอก (Ghostly)",120234552105110260,2026-05-03,not_delivering,ad,,,,,0,,0,0,,,,,,,,,2026-05-03,2026-05-03
"[13.08.25][ริว] สปอยเงาปีศาจ (Demons)",120234821138290260,2026-05-03,not_delivering,ad,,,,,0,,0,0,,,,,,,,,2026-05-03,2026-05-03
"[06.10.25][ริว] มีประโยคในหนังสือ (Witches)",120239112589060260,2026-05-03,not_delivering,ad,,,,,0,,0,0,,,,,,,,,2026-05-03,2026-05-03
"[31.10.25][ริว] อ่านแล้วหายเหนื่อย (Tried)",120243520795790260,2026-05-03,not_delivering,ad,,,,,0,,0,0,,,,,,,,,2026-05-03,2026-05-03
"[22.10.25][ริว] ป้ายยา (Remains)",120239115667520260,2026-05-03,not_delivering,ad,,,,,0,,0,0,,,,,,,,,2026-05-03,2026-05-03
"[03.12.25][ริว] แม่อยากให้ลูกมีอนาคตที่ดี (Remains)",120241546114280260,2026-05-03,not_delivering,ad,,,,,0,,0,0,,,,,,,,,2026-05-03,2026-05-03
"[05.09.25][ริว] ประโยคเตือนสติ (Witches)",120236325591500260,2026-05-03,inactive,ad,,,,,0,,0,0,,,,,,,,,2026-05-03,2026-05-03
"[11.06.25][ริว] หนังสือเล่มนี้…เขียนถึงคนที่เก่งมากในการยิ้มทั้งที่ไม่ไหว (ปีศาจตัวนั้น)",120230527626540260,2026-05-03,not_delivering,ad,,,,,0,,0,0,,,,,,,,,2026-05-03,2026-05-03
"[04.03.26][ริว] ซึมเศร้า (สัมภาษณ์หมอ) (Trap)",120247192524530260,2026-05-03,not_delivering,ad,,,,,0,,0,0,,,,,,,,,2026-05-03,2026-05-03
"[28.05.25][ริว] หนังสือฮีลใจที่ไม่ได้พูดถึงเรื่องความตาย (Ghostly)",120229647237010260,2026-05-03,inactive,ad,,,,,0,,0,0,,,,,,,,,2026-05-03,2026-05-03
"[31.07.25][ริว] 30 เล่มสุดท้ายส่งจากคลัง (Ghostly)",120234053727950260,2026-05-03,inactive,ad,,,,,0,,0,0,,,,,,,,,2026-05-03,2026-05-03
"[09.09.25][ริว] สบายวันไหน (ปีศาจตัวนั้น)",120236625747970260,2026-05-03,not_delivering,ad,,,,,0,,0,0,,,,,,,,,2026-05-03,2026-05-03
"[20.08.25][ริว] ไม่ใช่ทุกการเปลี่ยนแปลง ที่จะพาไปเจอสิ่งที่แย่กว่า (ปีศาจตัวนั้น)",120235259022440260,2026-05-03,inactive,ad,,,,,0,,0,0,,,,,,,,,2026-05-03,2026-05-03
"[24.07.25][ริว] ไพ่สำรับนี้ดูดวงแม่น (Witches)",120234069113510260,2026-05-03,not_delivering,ad,,,,,0,,0,0,,,,,,,,,2026-05-03,2026-05-03
"[22.08.25][ริว] เสียดาย (Ghostly)",120235433247580260,2026-05-03,not_delivering,ad,,,,,0,,0,0,,,,,,,,,2026-05-03,2026-05-03
"[03.09.25][ริว] เปิดตัวปีศาจ 2 (Demons)",120236022922820260,2026-05-03,not_delivering,ad,,,,,0,,0,0,,,,,,,,,2026-05-03,2026-05-03
"[05.09.25][ริว] 7 สัญญาณที่บอกว่าคุณควรอ่าน (Witches)",120236326026430260,2026-05-03,inactive,ad,,,,,0,,0,0,,,,,,,,,2026-05-03,2026-05-03
"[25.04.26][ริว] ถ้าคุณจากโลกนี้ไป ใครจะเป็นคนที่เศร้าที่สุด AI (Remains)",120247726307580260,2026-05-03,not_delivering,ad,,,,,0,,0,0,,,,,,,,,2026-05-03,2026-05-03
"[12.02.26][ริว] ยอดขาย 10000 เล่ม (Witches)",120244260768190260,2026-05-03,not_delivering,ad,,,,,0,,0,0,,,,,,,,,2026-05-03,2026-05-03
"[04.03.26][ริว] ซึมเศร้า (สัมภาษณ์หมอ) (Trap)",120248070458990260,2026-05-03,not_delivering,ad,การสนทนาผ่านการส่งข้อความที่เริ่มขึ้น,,,,0,,0,0,,,,,,,,,2026-05-03,2026-05-03
"[06.08.25][ริว] มีชีวิตอยู่อย่างโดดเดี่ยว (Ghostly)",120234487658120260,2026-05-03,inactive,ad,,,,,0,,0,0,,,,,,,,,2026-05-03,2026-05-03
"[03.09.25][ริว] เปิดตัวปีศาจ 2 (Demons)",120235947375860260,2026-05-03,inactive,ad,,,,,0,,0,0,,,,,,,,,2026-05-03,2026-05-03
"[27.05.25][ริว] หนังสือที่จะทำให้กลับมารักตัวเอง (ปีศาจตัวนั้น)",120229552924360260,2026-05-03,not_delivering,ad,,,,,0,,0,0,,,,,,,,,2026-05-03,2026-05-03
"[09.09.25][ริว] คะแนนเต็ม 100 อย่างน้อยต้องได้ 9.9 (Demons)",120236832228900260,2026-05-03,inactive,ad,,,,,0,,0,0,,,,,,,,,2026-05-03,2026-05-03
"[23.02.26][ริว] แม่คือคนรับผิดชอบ (Trap)",120245282152870260,2026-05-03,not_delivering,ad,,,,,0,,0,0,,,,,,,,,2026-05-03,2026-05-03
"[30.10.25][ริว] การอยู่คนเดียว (Ghostly)",120239658966680260,2026-05-03,not_delivering,ad,,,,,0,,0,0,,,,,,,,,2026-05-03,2026-05-03
"[03.04.26][ริว] โรคซึมเศร้า AI (Trap)",120248306044790260,2026-05-03,not_delivering,ad,การสนทนาผ่านการส่งข้อความที่เริ่มขึ้น,2,78.91,,157.82,,3255,3002,,2,78.91,,18,5.65284178,48.48540707,0,2026-05-03,2026-05-03
"[04.03.26][ริว] ซึมเศร้า (สัมภาษณ์หมอ) (Trap)",120247120215390260,2026-05-03,active,ad,การสนทนาผ่านการส่งข้อความที่เริ่มขึ้น,1,153.66,,153.66,,2250,2133,,1,153.66,,8,3.15555556,68.29333333,0,2026-05-03,2026-05-03
"[22.07.25][ริว] วันนี้เธอเหนื่อยไหม (Tried)",120234201102450260,2026-05-03,not_delivering,ad,,,,,0,,0,0,,,,,,,,,2026-05-03,2026-05-03
"[22.08.25][ริว] เสียดาย (Ghostly)",120236545678670260,2026-05-03,not_delivering,ad,,,,,0,,0,0,,,,,,,,,2026-05-03,2026-05-03
"[10.03.26][ริว] ซึมเศร้า animation (Trap)",120245730072460260,2026-05-03,not_delivering,ad,,,,,0,,0,0,,,,,,,,,2026-05-03,2026-05-03
"[06.08.25][ริว] คะแนน 9.9/10 (Tried)",120234614620460260,2026-05-03,not_delivering,ad,,,,,0,,0,0,,,,,,,,,2026-05-03,2026-05-03
"[12.02.26][ริว] รักคนอื่น (สัมภาษณ์หมอ) (Trap)",120244521123110260,2026-05-03,not_delivering,ad,,,,,0,,0,0,,,,,,,,,2026-05-03,2026-05-03
"[03.09.25][ริว] สัญญาณที่ควรอ่าน (Demons) (QuickReply)",120236827515110260,2026-05-03,inactive,ad,,,,,0,,0,0,,,,,,,,,2026-05-03,2026-05-03
"[21.10.25][ริว] มีประโยค (Remains)",120239254076640260,2026-05-03,archived,ad,,,,,0,,0,0,,,,,,,,,2026-05-03,2026-05-03
"[25.02.26][ริว] อย่ารอ (Ghostly)",120244936096800260,2026-05-03,not_delivering,ad,,,,,0,,0,0,,,,,,,,,2026-05-03,2026-05-03
"[31.07.25][ริว] 30 เล่มสุดท้ายส่งจากคลัง (Ghostly)",120234482165870260,2026-05-03,not_delivering,ad,,,,,0,,0,0,,,,,,,,,2026-05-03,2026-05-03
"[25.07.25][ริว] อ่านบทแรกก็เสียน้ำตาละ (Ghostly)",120234482420010260,2026-05-03,not_delivering,ad,,,,,0,,0,0,,,,,,,,,2026-05-03,2026-05-03
"[21.05.25][ริว] บอกต่อหนังสือที่เหมือนมีเเพื่อนสนิทคอยให้คำแนะนำอยู่ข้าง ๆ (Witches)",120229036230050260,2026-05-03,inactive,ad,,,,,0,,0,0,,,,,,,,,2026-05-03,2026-05-03
"[09.07.25][ริว] หนังสือกระแสตอบรับดี (Ghostly)",120233369285340260,2026-05-03,inactive,ad,,,,,0,,0,0,,,,,,,,,2026-05-03,2026-05-03
"[06.08.25][ริว] มีชีวิตอยู่อย่างโดดเดี่ยว (ghostly)",120234714246200260,2026-05-03,archived,ad,,,,,0,,0,0,,,,,,,,,2026-05-03,2026-05-03
"[06.08.25][ริว] แค่หนังสือการ์ตูน ทำไมถึงร้องไห้ (Ghostly)",120235868476330260,2026-05-03,not_delivering,ad,,,,,0,,0,0,,,,,,,,,2026-05-03,2026-05-03
"[23.07.25][ริว] เมื่อเข้าสู่วัยทำงาน (Tried)",120233364191330260,2026-05-03,inactive,ad,,,,,0,,0,0,,,,,,,,,2026-05-03,2026-05-03
"[04.03.26][ริว] ซึมเศร้า (สัมภาษณ์หมอ) (Trap)",120245281996940260,2026-05-03,not_delivering,ad,,,,,0,,0,0,,,,,,,,,2026-05-03,2026-05-03
"[06.10.25][ริว] มีประโยคในหนังสือ (Witches) (Reels)",120243124928680260,2026-05-03,not_delivering,ad,,,,,0,,0,0,,,,,,,,,2026-05-03,2026-05-03
"[12.08.25][ริว] แค่อ่านกลับจุกอกร้องไห้ (Witches)",120236028234500260,2026-05-03,not_delivering,ad,,,,,0,,0,0,,,,,,,,,2026-05-03,2026-05-03
"[25.08.25][ริว] ไพ่สำรับนี้ (Witches)",120235664852780260,2026-05-03,archived,ad,,,,,0,,0,0,,,,,,,,,2026-05-03,2026-05-03
"[08.07.25][ริว] หนังสือฮีลใจยอดขายอันดับ1 (Ghostly)",120232411667160260,2026-05-03,inactive,ad,,,,,0,,0,0,,,,,,,,,2026-05-03,2026-05-03
"[25.07.25][ริว] คะแนน9.9/10 (Tried)",120233565128550260,2026-05-03,not_delivering,ad,,,,,0,,0,0,,,,,,,,,2026-05-03,2026-05-03
"[30.08.25][ริว] แค่ประโยคเดียว (Witches)",120235859356220260,2026-05-03,not_delivering,ad,,,,,0,,0,0,,,,,,,,,2026-05-03,2026-05-03
"[12.11.25][ริว] รักตัวเองก่อน (ปีศาจตัวนั้น)",120241544750830260,2026-05-03,archived,ad,,,,,0,,0,0,,,,,,,,,2026-05-03,2026-05-03
"[06.08.25][ริว] หนังสือพัฒนาตัวเอง (Tried)",120234614620440260,2026-05-03,not_delivering,ad,,,,,0,,0,0,,,,,,,,,2026-05-03,2026-05-03
"[11.08.25][ริว] หยุดคิดและทบทวนชีวิต (Ghostly)",120235860737390260,2026-05-03,not_delivering,ad,,,,,0,,0,0,,,,,,,,,2026-05-03,2026-05-03
"[29.09.25][ริว] เริ่มต้นใหม่กับคุณคนเดิม (Demons)",120238217714420260,2026-05-03,not_delivering,ad,,,,,0,,0,0,,,,,,,,,2026-05-03,2026-05-03
"[05.04.26][ริว] Chronic Loneliness ภาวะเหงาเรื้อรังที่รู้สึกโดดเดี่ยวอ้างว้างตลอดเวลา AI (Ghostly)",120246688128040260,2026-05-03,inactive,ad,,,,,0,,0,0,,,,,,,,,2026-05-03,2026-05-03
"[17.03.26][ริว] เพราะในทุกความเกลียด Animation (Remains)",120245712471190260,2026-05-03,not_delivering,ad,,,,,0,,0,0,,,,,,,,,2026-05-03,2026-05-03
"[06.08.25][ริว] มีชีวิตอยู่อย่างโดดเดี่ยว (ghostly)",120235861984290260,2026-05-03,inactive,ad,,,,,0,,0,0,,,,,,,,,2026-05-03,2026-05-03
"[23.02.26][ริว] แม่คือคนรับผิดชอบ (Trap)",120244754862150260,2026-05-03,not_delivering,ad,,,,,0,,0,0,,,,,,,,,2026-05-03,2026-05-03
"[11.09.25][ริว] ระลึกถึงคนที่จากไป (Witches)",120236644251610260,2026-05-03,not_delivering,ad,,,,,0,,0,0,,,,,,,,,2026-05-03,2026-05-03
"[16.01.26][ริว] ประโยคเดียว (Witches)",120244476398100260,2026-05-03,not_delivering,ad,,,,,0,,0,0,,,,,,,,,2026-05-03,2026-05-03
"[19.10.25][ริว] 30 เล่มสุดท้าย (Demons)",120239327145160260,2026-05-03,not_delivering,ad,,,,,0,,0,0,,,,,,,,,2026-05-03,2026-05-03
"[03.11.25][ริว] ความกลัวชนะทุกอย่าง (Demons)",120239860497550260,2026-05-03,not_delivering,ad,,,,,0,,0,0,,,,,,,,,2026-05-03,2026-05-03
"[28.08.25][ริว] ประโยคจากหนังสือ (Tried)",120235811813790260,2026-05-03,not_delivering,ad,,,,,0,,0,0,,,,,,,,,2026-05-03,2026-05-03
"[10.11.25][ริว] E-Book ฮีลใจพัฒนาตัวเอง (E-Book)",120241048471090260,2026-05-03,inactive,ad,,,,,0,,0,0,,,,,,,,,2026-05-03,2026-05-03
"[23.06.25][ริว] ประโยคเดียวในหนังสือที่จะเปลี่ยนชีวิต (Witches) (Reels)",120243032873830260,2026-05-03,not_delivering,ad,,,,,0,,0,0,,,,,,,,,2026-05-03,2026-05-03
"[23.01.26][ริว] เครียดก็เปิดไพ่ (Witches)",120244181162370260,2026-05-03,not_delivering,ad,,,,,0,,0,0,,,,,,,,,2026-05-03,2026-05-03
"[04.03.26][ริว] ซึมเศร้า (สัมภาษณ์หมอ) (Trap)",120247170878200260,2026-05-03,not_delivering,ad,การสนทนาผ่านการส่งข้อความที่เริ่มขึ้น,,,,0,,0,0,,,,,,,,,2026-05-03,2026-05-03
"[25.03.26][ริว] จิตวิทยาของการสูญเสีย เขาบอกไว้ว่า (AI) (Witches)",120246610439560260,2026-05-03,inactive,ad,,,,,0,,0,0,,,,,,,,,2026-05-03,2026-05-03
"[26.11.25][ริว] สวัสดีเหล่าดวงวิญญาณ (Ghostly)",120241100703930260,2026-05-03,inactive,ad,,,,,0,,0,0,,,,,,,,,2026-05-03,2026-05-03
"[01.10.25][ริว] ถ้าวันนี้คือวันสุดท้าย (Ghostly)",120237989860590260,2026-05-03,inactive,ad,,,,,0,,0,0,,,,,,,,,2026-05-03,2026-05-03
"[25.04.26][ริว] ถ้าคุณจากโลกนี้ไป ใครจะเป็นคนที่เศร้าที่สุด AI (Remains)",120248153602410260,2026-05-03,not_delivering,ad,การสนทนาผ่านการส่งข้อความที่เริ่มขึ้น,5,57.3,,286.5,,7753,6165,,5,57.3,,31,2.1153102,36.95343738,0,2026-05-03,2026-05-03
"[20.11.25][ริว] มันจะดีแค่ไหน : Demons (E-Book)",120241048742060260,2026-05-03,inactive,ad,,,,,0,,0,0,,,,,,,,,2026-05-03,2026-05-03
"[23.06.25][ริว] ประโยคเดียวในหนังสือที่จะเปลี่ยนชีวิต (Witches)",120243129431930260,2026-05-03,not_delivering,ad,,,,,0,,0,0,,,,,,,,,2026-05-03,2026-05-03
"[03.12.25][ริว] หนักมากไหมลูก (Remains)",120241905903140260,2026-05-03,inactive,ad,,,,,0,,0,0,,,,,,,,,2026-05-03,2026-05-03
"[18.09.25][ริว] หยุดพูดแย่ๆกับตัวเอง (Witches)",120237033777150260,2026-05-03,not_delivering,ad,,,,,0,,0,0,,,,,,,,,2026-05-03,2026-05-03
"[25.07.25][ริว] คะแนน9.9/10 (Tried)",120234054213040260,2026-05-03,not_delivering,ad,,,,,0,,0,0,,,,,,,,,2026-05-03,2026-05-03
"[13.11.25][ริว] 30 Boxset สุดท้าย (Witches)",120241902305340260,2026-05-03,inactive,ad,,,,,0,,0,0,,,,,,,,,2026-05-03,2026-05-03
"[25.11.25][ริว] ซิ่ง Black Friday (Promotion)",120241085854320260,2026-05-03,inactive,ad,,,,,0,,0,0,,,,,,,,,2026-05-03,2026-05-03
"[04.03.26][ริว] ซึมเศร้า (สัมภาษณ์หมอ) (Trap)",120248306192370260,2026-05-03,not_delivering,ad,การสนทนาผ่านการส่งข้อความที่เริ่มขึ้น,,,,177.42,,3760,3440,,,,,5,3.56382979,47.18617021,,2026-05-03,2026-05-03
"[25.02.26][ริว] อย่ารอ (Ghostly)",120244781966480260,2026-05-03,not_delivering,ad,,,,,0,,0,0,,,,,,,,,2026-05-03,2026-05-03
"[25.08.25][ริว] ไพ่สำรับนี้ (Witches)",120237444474820260,2026-05-03,not_delivering,ad,,,,,0,,0,0,,,,,,,,,2026-05-03,2026-05-03
"[11.12.25][ริว] เติมของ (Ghostly)",120243608026980260,2026-05-03,inactive,ad,,,,,0,,0,0,,,,,,,,,2026-05-03,2026-05-03
"[16.01.26][ริว] นี่ไม่ใช่ไพ่ทำนายดวง (Witches)",120244007542930260,2026-05-03,not_delivering,ad,,,,,0,,0,0,,,,,,,,,2026-05-03,2026-05-03
"[03.12.25][ริว] หนักมากไหมลูก (Remains)",120241545629480260,2026-05-03,inactive,ad,,,,,0,,0,0,,,,,,,,,2026-05-03,2026-05-03
"[04.03.26][ริว] ซึมเศร้า (สัมภาษณ์หมอ) (Trap) (Sale)",120245333057320260,2026-05-03,not_delivering,ad,การซื้อบนเว็บไซต์,,,,0,,0,0,,,,,,,,,2026-05-03,2026-05-03
"[10.03.26][ริว] ซึมเศร้า animation (Trap)",120245970610420260,2026-05-03,not_delivering,ad,,,,,0,,0,0,,,,,,,,,2026-05-03,2026-05-03
"[01.04.26][ริว] เลิกควบคุมสิ่งที่ควมคุมไม่ได้ (AI) (Trap)",120247713767470260,2026-05-03,not_delivering,ad,การสนทนาผ่านการส่งข้อความที่เริ่มขึ้น,,,,0,,0,0,,,,,,,,,2026-05-03,2026-05-03
"[16.02.26][ริว] รีสต็อก (Ghostly)",120244429255730260,2026-05-03,not_delivering,ad,,,,,0,,0,0,,,,,,,,,2026-05-03,2026-05-03
"[12.08.25][ริว] แค่อ่านกลับจุกอกร้องไห้ (Witches)",120235185759700260,2026-05-03,not_delivering,ad,,,,,0,,0,0,,,,,,,,,2026-05-03,2026-05-03
"[27.04.26][ริว] สิ่งสุดท้ายที่อยากพูดก่อนตาย AI (Ghostly)",120247727060460260,2026-05-03,not_delivering,ad,,,,,0,,0,0,,,,,,,,,2026-05-03,2026-05-03
"[18.04.26][ริว] ของมันต้องมี! Boxset ที่จะเสกทุกปัญหาให้หายไป (Witches)",120247315530620260,2026-05-03,inactive,ad,,,,,0,,0,0,,,,,,,,,2026-05-03,2026-05-03
"[06.02.26][ริว] อกตัญญู (สัมภาษณ์นักเขียน) (Trap)",120244016026400260,2026-05-03,not_delivering,ad,,,,,0,,0,0,,,,,,,,,2026-05-03,2026-05-03
"[06.08.25][ริว] สัญญาณที่บอกว่าคุณต้องพัก (Tried)",120234614620400260,2026-05-03,not_delivering,ad,,,,,0,,0,0,,,,,,,,,2026-05-03,2026-05-03
"[21.05.25][ริว] ถ้าโลกมันแย่ แค่คิดแบบคาปิบาร่า (Capybara_Boxset)",120229239306030260,2026-05-03,inactive,ad,,,,,0,,0,0,,,,,,,,,2026-05-03,2026-05-03
"[23.02.26][ริว] แม่คือคนรับผิดชอบ (Trap)",120245754871840260,2026-05-03,not_delivering,ad,,,,,0,,0,0,,,,,,,,,2026-05-03,2026-05-03
"[23.04.26][ริว] Smiling depression ภาวะซึมเศร้าที่ซ่อนอยู่ใต้รอยยิ้ม AI (Trap)",120248306256850260,2026-05-03,not_delivering,ad,การสนทนาผ่านการส่งข้อความที่เริ่มขึ้น,2,187.5,339,375,0.904,4231,3553,1,2,187.5,1,26,4.60883952,88.63152919,0.5,2026-05-03,2026-05-03
"[31.10.25][ริว] อ่านแล้วหายเหนื่อย (Tried)",120245837637290260,2026-05-03,not_delivering,ad,,,,,0,,0,0,,,,,,,,,2026-05-03,2026-05-03
"[23.03.26][ริว] ถ้าคืนนี้เป็นคืนสุดท้าย (AI) (Ghostly)",120245967919670260,2026-05-03,inactive,ad,,,,,0,,0,0,,,,,,,,,2026-05-03,2026-05-03
"[28.06.25][ริว] ถ้าคืนนี้เป็นคืนสุดท้ายของคุณ (Ghostly)",120231818781380260,2026-05-03,archived,ad,,,,,0,,0,0,,,,,,,,,2026-05-03,2026-05-03
"[01.10.25][ริว] ถ้าวันนี้คือวันสุดท้าย (Ghostly)",120238129944850260,2026-05-03,not_delivering,ad,,,,,0,,0,0,,,,,,,,,2026-05-03,2026-05-03
"[16.01.26][ริว] ประโยคเดียว (Witches)",120243923601300260,2026-05-03,not_delivering,ad,,,,,0,,0,0,,,,,,,,,2026-05-03,2026-05-03
"[01.04.26][ริว] เลิกควบคุมสิ่งที่ควมคุมไม่ได้ (AI) (Trap) - สำเนา",120246786653320260,2026-05-03,not_delivering,ad,,,,,0,,0,0,,,,,,,,,2026-05-03,2026-05-03
"[03.11.25][ริว] แค่ประโยคเดียว (Witches)",120240098203330260,2026-05-03,inactive,ad,,,,,0,,0,0,,,,,,,,,2026-05-03,2026-05-03
"[06.08.25][ริว] กลับมารักตัวเอง (Ghostly)",120234741315370260,2026-05-03,not_delivering,ad,,,,,0,,0,0,,,,,,,,,2026-05-03,2026-05-03
"[02.03.26][ริว] รู้สึกผิดใจเติบโต (สัมภาษณ์หมอ) (Trap)",120245091183340260,2026-05-03,not_delivering,ad,,,,,0,,0,0,,,,,,,,,2026-05-03,2026-05-03
"[01.04.26][ริว] เลิกควบคุมสิ่งที่ควมคุมไม่ได้ (AI) (Trap)",120246607018800260,2026-05-03,not_delivering,ad,,,,,0,,0,0,,,,,,,,,2026-05-03,2026-05-03
"[16.02.26][ริว] ปล่อยทุกความเจ็บปวด (Remains)",120244429303060260,2026-05-03,not_delivering,ad,,,,,0,,0,0,,,,,,,,,2026-05-03,2026-05-03
"[12.02.26][ริว] คนดีมักรู้สึกผิด (Trap) (Sale)",120244929870880260,2026-05-03,not_delivering,ad,,,,,0,,0,0,,,,,,,,,2026-05-03,2026-05-03
"[29.03.26][ริว] วิธีรับมือโรคแพนิค (AI) (Trap)",120246309422880260,2026-05-03,not_delivering,ad,,,,,0,,0,0,,,,,,,,,2026-05-03,2026-05-03
"[10.03.26][ริว] ซึมเศร้า animation (Trap)",120245622721290260,2026-05-03,not_delivering,ad,,,,,0,,0,0,,,,,,,,,2026-05-03,2026-05-03
"[18.07.25][ริว] ประโยคจุกอก (Ghostly)",120233148964470260,2026-05-03,inactive,ad,,,,,0,,0,0,,,,,,,,,2026-05-03,2026-05-03
"[23.09.25][ริว] PayDay : Boxset+Book 799.- (Promotion)",120237385023690260,2026-05-03,not_delivering,ad,,,,,0,,0,0,,,,,,,,,2026-05-03,2026-05-03
"[04.03.26][ริว] ซึมเศร้า (สัมภาษณ์หมอ) (Trap)",120247577627700260,2026-05-03,not_delivering,ad,การสนทนาผ่านการส่งข้อความที่เริ่มขึ้น,,,,0,,0,0,,,,,,,,,2026-05-03,2026-05-03
"[12.02.26][ริว] คนดีมักรู้สึกผิด (Trap)",120244268529140260,2026-05-03,not_delivering,ad,,,,,0,,0,0,,,,,,,,,2026-05-03,2026-05-03
"[24.01.26][ริว] แม้ไม่มีโอกาส (Demons) (Reels)",120243542110310260,2026-05-03,not_delivering,ad,,,,,0,,0,0,,,,,,,,,2026-05-03,2026-05-03
"[04.03.26][ริว] ซึมเศร้า (สัมภาษณ์หมอ) (Trap)",120246075840090260,2026-05-03,not_delivering,ad,,,,,0,,0,0,,,,,,,,,2026-05-03,2026-05-03
"[03.09.25][ริว] เปิดตัวปีศาจ 2 (ภาคเสียงและนางแบบมือโดยดาราสาวสองท่าน) (Demons)",120236028057610260,2026-05-03,inactive,ad,,,,,0,,0,0,,,,,,,,,2026-05-03,2026-05-03
"[28.06.25][ริว] รู้สึกดีไม่พอ จนอยากหายไปจากโลก (Embrace)",120231822520030260,2026-05-03,inactive,ad,,,,,0,,0,0,,,,,,,,,2026-05-03,2026-05-03
"[18.09.25][ริว] แค่หนังสือเล่มเดียว (Tried)",120237047698210260,2026-05-02,inactive,ad,,,,,0,,0,0,,,,,,,,,2026-05-02,2026-05-02
"[03.09.25][ริว] เปิดตัวปีศาจ 2 (Demons)",120235947662650260,2026-05-02,not_delivering,ad,,,,,0,,0,0,,,,,,,,,2026-05-02,2026-05-02
"[19.10.25][ริว] 30 เล่มสุดท้าย (Demons)",120238953717570260,2026-05-02,not_delivering,ad,,,,,0,,0,0,,,,,,,,,2026-05-02,2026-05-02
"[23.05.25][ริว] หนังสือการ์ตูนฮีลใจ (Ghostly)",120229263803080260,2026-05-02,inactive,ad,,,,,0,,0,0,,,,,,,,,2026-05-02,2026-05-02
"[08.10.25][ริว] เติบโตขึ้น พ่อแม่แก่ลง (Demons)",120238216884260260,2026-05-02,inactive,ad,,,,,0,,0,0,,,,,,,,,2026-05-02,2026-05-02
"[01.03.26][ริว] รักคนอื่น (Trap)",120245040544810260,2026-05-02,not_delivering,ad,,,,,0,,0,0,,,,,,,,,2026-05-02,2026-05-02
"[12.08.25][ริว] สัญญาณที่ควรอ่าน (Witches)",120234721984450260,2026-05-02,inactive,ad,,,,,0,,0,0,,,,,,,,,2026-05-02,2026-05-02
"[29.09.25][ริว] ประโยคหลังปก ปีศาจ 2 (Demons)",120238217714390260,2026-05-02,inactive,ad,,,,,0,,0,0,,,,,,,,,2026-05-02,2026-05-02
"[06.08.25][ริว] แค่หนังสือการ์ตูน ทำไมถึงร้องไห้ (Ghostly)",120236105020060260,2026-05-02,not_delivering,ad,,,,,0,,0,0,,,,,,,,,2026-05-02,2026-05-02
"[11.08.25][ริว] หยุดคิดและทบทวนชีวิต (Ghostly)",120234715022850260,2026-05-02,inactive,ad,,,,,0,,0,0,,,,,,,,,2026-05-02,2026-05-02
"[22.08.25][ริว] Payday August 2 Box 999 (Promotion_Payday)",120235249452170260,2026-05-02,not_delivering,ad,,,,,0,,0,0,,,,,,,,,2026-05-02,2026-05-02
"[29.09.25][ริว] E-Book (Ghostly)",120240395147490260,2026-05-02,inactive,ad,,,,,0,,0,0,,,,,,,,,2026-05-02,2026-05-02
"[22.07.25][ริว] วันนี้เธอเหนื่อยไหม (Tried)",120234921224810260,2026-05-02,not_delivering,ad,,,,,0,,0,0,,,,,,,,,2026-05-02,2026-05-02
"[14.07.25][ริว] รักตัวเอง ไม่ใช่คนเห็นแก่ตัว (Kiwtum)",120234400624990260,2026-05-02,not_delivering,ad,,,,,0,,0,0,,,,,,,,,2026-05-02,2026-05-02
"[06.08.25][ริว] มีชีวิตอยู่อย่างโดดเดี่ยว (ghostly)",120234918883500260,2026-05-02,not_delivering,ad,,,,,0,,0,0,,,,,,,,,2026-05-02,2026-05-02
"[08.07.25][ริว] ย่านเมืองเก่ามีร้านคาเฟ่ร้านนึงเปิดหลังเที่ยงคืน (Ghostly)",120233368434930260,2026-05-02,inactive,ad,,,,,0,,0,0,,,,,,,,,2026-05-02,2026-05-02
"[12.09.25][ริว] 5 ประโยคเตือนสติ (Ghostly)",120236691306870260,2026-05-02,inactive,ad,,,,,0,,0,0,,,,,,,,,2026-05-02,2026-05-02
"[04.09.25][ริว] 9.9 : 3 เล่ม ราคา 999.- (Promotion)",120236189605560260,2026-05-02,not_delivering,ad,,,,,0,,0,0,,,,,,,,,2026-05-02,2026-05-02
"[22.09.25][ริว] แม่อยากให้ลูกมั่นคง (Remains)",120237920752020260,2026-05-02,inactive,ad,,,,,0,,0,0,,,,,,,,,2026-05-02,2026-05-02
"[08.08.25][ริว] จุกอกอยู่อย่าง (ปีศาจตัวนั้น)",120234605062370260,2026-05-02,not_delivering,ad,,,,,0,,0,0,,,,,,,,,2026-05-02,2026-05-02
"[03.09.25][ริว] เปิดตัวปีศาจ 2 (Demons)",120236553082840260,2026-05-02,inactive,ad,,,,,0,,0,0,,,,,,,,,2026-05-02,2026-05-02
"[03.09.25][ริว] เปิดตัวปีศาจ 2 (Demons)",120235860183130260,2026-05-02,archived,ad,,,,,0,,0,0,,,,,,,,,2026-05-02,2026-05-02
"[08.08.25][ริว] งานศพ (Ghostly)",120234605536710260,2026-05-02,inactive,ad,,,,,0,,0,0,,,,,,,,,2026-05-02,2026-05-02
"[24.07.25][ริว] หนังสือที่ควรอ่านสักครั้ง (Witches)",120233371870610260,2026-05-02,inactive,ad,,,,,0,,0,0,,,,,,,,,2026-05-02,2026-05-02
"[01.08.25][ริว] ประโยคเดียวในหนังสือ (Witches)",120234375496680260,2026-05-02,inactive,ad,,,,,0,,0,0,,,,,,,,,2026-05-02,2026-05-02
"[03.09.25][ริว] จุกอกกับปีศาจ2 (Demons)",120235859358570260,2026-05-02,inactive,ad,,,,,0,,0,0,,,,,,,,,2026-05-02,2026-05-02
"[29.09.25][ริว] เลือกปกหนังสือ (Remains)",120237920290890260,2026-05-02,archived,ad,,,,,0,,0,0,,,,,,,,,2026-05-02,2026-05-02
"[27.05.25][ริว] ประโยคที่อ่านแล้วจุกอก (Witches)",120234553219280260,2026-05-02,not_delivering,ad,,,,,0,,0,0,,,,,,,,,2026-05-02,2026-05-02
"[08.07.25][ริว] ย่านเมืองเก่ามีร้านคาเฟ่ร้านนึงเปิดหลังเที่ยงคืน (Ghostly)",120232410204790260,2026-05-02,inactive,ad,,,,,0,,0,0,,,,,,,,,2026-05-02,2026-05-02
"[03.09.25][ริว] เปิดตัวปีศาจ 2 (Demons)",120236620453190260,2026-05-02,not_delivering,ad,,,,,0,,0,0,,,,,,,,,2026-05-02,2026-05-02
"[22.10.25][ริว] (ไม่)นอกใจ (Demons)",120239593304140260,2026-05-02,not_delivering,ad,,,,,0,,0,0,,,,,,,,,2026-05-02,2026-05-02
"[28.08.25][ริว] ถ้าต้องบอกกับตัวเอง (Tried)",120235810805880260,2026-05-02,not_delivering,ad,,,,,0,,0,0,,,,,,,,,2026-05-02,2026-05-02
"[06.08.25][ริว] หนังสือ Mindset ดีขึ้น (Tried)",120234467036490260,2026-05-02,not_delivering,ad,,,,,0,,0,0,,,,,,,,,2026-05-02,2026-05-02
"[18.12.25][ริว] นาทีทอง (Ghostly)",120242333657580260,2026-05-02,inactive,ad,,,,,0,,0,0,,,,,,,,,2026-05-02,2026-05-02
"[12.11.25][ริว] รักตัวเองก่อน (ปีศาจตัวนั้น)",120240371822780260,2026-05-02,inactive,ad,,,,,0,,0,0,,,,,,,,,2026-05-02,2026-05-02
"[12.11.25][ริว] (ไม่)ยอมลดคุณค่าตัวเอง (ปีศาจตัวนั้น)",120240372637990260,2026-05-02,not_delivering,ad,,,,,0,,0,0,,,,,,,,,2026-05-02,2026-05-02
"[25.07.25][ริว] คะแนน9.9/10 (Tried)",120234551664170260,2026-05-02,archived,ad,,,,,0,,0,0,,,,,,,,,2026-05-02,2026-05-02
"[22.08.25][ริว] แจกวอลเปเปอร์ (Ghostly)",120236029152520260,2026-05-02,not_delivering,ad,,,,,0,,0,0,,,,,,,,,2026-05-02,2026-05-02
"[16.01.26][ริว] ภาค 1 ว่าเศร้าแล้ว (Remains)",120243288350740260,2026-05-02,inactive,ad,,,,,0,,0,0,,,,,,,,,2026-05-02,2026-05-02
"[11.09.25][ริว] ประโยคเดียวในหนังสือ (Witches)",120236634029160260,2026-05-02,not_delivering,ad,,,,,0,,0,0,,,,,,,,,2026-05-02,2026-05-02
"[07.11.25][ริว] 11.11 บุฟเฟต์ 3 เล่ม 999 (Promotion)",120240090732090260,2026-05-02,not_delivering,ad,,,,,0,,0,0,,,,,,,,,2026-05-02,2026-05-02
"[23.06.25][ริว] ประโยคเดียวในหนังสือที่จะเปลี่ยนชีวิต (Witches)",120234501355100260,2026-05-02,inactive,ad,,,,,0,,0,0,,,,,,,,,2026-05-02,2026-05-02
"[11.06.25][ริว] จะเป็นยังไงถ้าคุณต้องเป็นที่ปรึกษา (Ghostly)",120230533036440260,2026-05-02,not_delivering,ad,,,,,0,,0,0,,,,,,,,,2026-05-02,2026-05-02
"[06.09.25][ริว] ความกลัวการไม่ถูกรัก (Ghostly)",120236620119270260,2026-05-02,inactive,ad,,,,,0,,0,0,,,,,,,,,2026-05-02,2026-05-02
"[03.11.25][ริว] แค่ประโยคเดียว (Witches)",120239971450760260,2026-05-02,not_delivering,ad,,,,,0,,0,0,,,,,,,,,2026-05-02,2026-05-02
"[03.09.25][ริว] จุกอกกับปีศาจ2 (Demons)",120236439332360260,2026-05-02,not_delivering,ad,,,,,0,,0,0,,,,,,,,,2026-05-02,2026-05-02
"[10.12.25][ริว] 12.12 : แลกซื้อ E-Book เล่มที่สอง 12.- (Promotion)",120241898370320260,2026-05-02,not_delivering,ad,,,,,0,,0,0,,,,,,,,,2026-05-02,2026-05-02
"[06.10.25][ริว] แค่หนังสือการ์ตูน (Remains)",120237931551340260,2026-05-02,inactive,ad,,,,,0,,0,0,,,,,,,,,2026-05-02,2026-05-02
"[31.10.25][ริว] อ่านแล้วหายเหนื่อย (Tried)",120239657661570260,2026-05-02,not_delivering,ad,,,,,0,,0,0,,,,,,,,,2026-05-02,2026-05-02
"[06.08.25][ริว] ประโยคเปลี่ยนชีวิต (Tried)",120234822515500260,2026-05-02,not_delivering,ad,,,,,0,,0,0,,,,,,,,,2026-05-02,2026-05-02
"[23.05.25][ริว] หนังสือการ์ตูนฮีลใจ (Ghostly)",120236605895760260,2026-05-02,inactive,ad,,,,,0,,0,0,,,,,,,,,2026-05-02,2026-05-02
"[31.10.25][ริว] อ่านแล้วหายเหนื่อย (Tried)",120239969968640260,2026-05-02,not_delivering,ad,,,,,0,,0,0,,,,,,,,,2026-05-02,2026-05-02
"[25.07.25][ริว] ประโยคฮีลใจดีๆ (Tried)",120233569614560260,2026-05-02,inactive,ad,,,,,0,,0,0,,,,,,,,,2026-05-02,2026-05-02
"[11.10.25][ริว] ปุณณ์วัฒน์ (Ghostly)",120243738789460260,2026-05-02,inactive,ad,,,,,0,,0,0,,,,,,,,,2026-05-02,2026-05-02
"[16.10.25][ริว] ผลงานภาคต่อ (Remains)",120238720271700260,2026-05-02,not_delivering,ad,,,,,0,,0,0,,,,,,,,,2026-05-02,2026-05-02
"[09.09.25][ริว] โตขึ้น พ่อแม่แก่ตัวลง (Demons)",120236555889060260,2026-05-02,inactive,ad,,,,,0,,0,0,,,,,,,,,2026-05-02,2026-05-02
"[29.09.25][ริว] เลือกปกหนังสือ (Remains)",120237920751980260,2026-05-02,archived,ad,,,,,0,,0,0,,,,,,,,,2026-05-02,2026-05-02
"[31.03.26][ริว] อย่าปล่อยให้พ่อแม่รอ กลับไปเยี่ยมในวันที่ยังมีโอกาส (Ghostly)",120246687856600260,2026-05-02,inactive,ad,,,,,0,,0,0,,,,,,,,,2026-05-02,2026-05-02
"[09.09.25][ริว] ริว 7 สัญญาณ (Demons)",120236555500530260,2026-05-02,inactive,ad,,,,,0,,0,0,,,,,,,,,2026-05-02,2026-05-02
"[20.10.25][ริว] ความผิดพลาด (Witches)",120239114132190260,2026-05-02,not_delivering,ad,,,,,0,,0,0,,,,,,,,,2026-05-02,2026-05-02
"[03.09.25][ริว] เปิดตัวปีศาจ 2 (Demons)",120236174960910260,2026-05-02,not_delivering,ad,,,,,0,,0,0,,,,,,,,,2026-05-02,2026-05-02
"[01.04.26][ริว] เลิกควบคุมสิ่งที่ควมคุมไม่ได้ (AI) (Trap) - สำเนา",120247171347450260,2026-05-02,not_delivering,ad,,,,,0,,0,0,,,,,,,,,2026-05-02,2026-05-02
"[24.07.25][ริว] ไพ่สำรับนี้ดูดวงแม่น (Witches)",120235365677540260,2026-05-02,not_delivering,ad,,,,,0,,0,0,,,,,,,,,2026-05-02,2026-05-02
"[16.10.25][ริว] คะแนน 9.9/10 (Remains)",120238992107880260,2026-05-02,not_delivering,ad,,,,,0,,0,0,,,,,,,,,2026-05-02,2026-05-02
"[01.04.26][ริว] เลิกควบคุมสิ่งที่ควมคุมไม่ได้ (AI) (Trap)",120246781893950260,2026-05-02,not_delivering,ad,การสนทนาผ่านการส่งข้อความที่เริ่มขึ้น,,,,0,,0,0,,,,,,,,,2026-05-02,2026-05-02
"[05.04.26][ริว] แด่ทุกสิ่งมีชีวิตมหัศจรรย์ที่แสนซื่อสัตย์ AI (Remains)",120246688281160260,2026-05-02,inactive,ad,,,,,0,,0,0,,,,,,,,,2026-05-02,2026-05-02
"[29.04.26][ริว] การอยู่คนเดียวคือทักษะที่ดีที่สุด AI (Ghostly)",120248073570050260,2026-05-02,not_delivering,ad,การสนทนาผ่านการส่งข้อความที่เริ่มขึ้น,,,,0,,0,0,,,,,,,,,2026-05-02,2026-05-02
"[03.04.26][ริว] โรคซึมเศร้า AI (Trap)",120247408799390260,2026-05-02,not_delivering,ad,การสนทนาผ่านการส่งข้อความที่เริ่มขึ้น,,,,0,,0,0,,,,,,,,,2026-05-02,2026-05-02
"[31.10.25][ริว] อ่านแล้วหายเหนื่อย (Tried)",120240096893100260,2026-05-02,inactive,ad,,,,,0,,0,0,,,,,,,,,2026-05-02,2026-05-02
"[01.04.26][ริว] เลิกควบคุมสิ่งที่ควมคุมไม่ได้ (AI) (Trap)",120247045023490260,2026-05-02,not_delivering,ad,,,,,0,,0,0,,,,,,,,,2026-05-02,2026-05-02
"[01.04.26][ริว] เลิกควบคุมสิ่งที่ควมคุมไม่ได้ (AI) (Trap) - สำเนา",120247171320380260,2026-05-02,not_delivering,ad,,,,,0,,0,0,,,,,,,,,2026-05-02,2026-05-02
"[01.04.26][ริว] เลิกควบคุมสิ่งที่ควมคุมไม่ได้ (AI) (Trap) - สำเนา",120246786693990260,2026-05-02,not_delivering,ad,การสนทนาผ่านการส่งข้อความที่เริ่มขึ้น,,,,0,,0,0,,,,,,,,,2026-05-02,2026-05-02
"[04.03.26][ริว] ซึมเศร้า (สัมภาษณ์หมอ) (Trap)",120245282113510260,2026-05-02,not_delivering,ad,,,,,0,,0,0,,,,,,,,,2026-05-02,2026-05-02
"[01.04.26][ริว] เลิกควบคุมสิ่งที่ควมคุมไม่ได้ (AI) (Trap)",120247045023500260,2026-05-02,not_delivering,ad,,,,,0,,0,0,,,,,,,,,2026-05-02,2026-05-02
"[05.04.26][ริว] แด่มนุษย์ที่โดดเดี่ยว AI (Ghostly)",120247722034730260,2026-05-02,inactive,ad,การสนทนาผ่านการส่งข้อความที่เริ่มขึ้น,,,,0,,0,0,,,,,,,,,2026-05-02,2026-05-02
"[04.03.26][ริว] ซึมเศร้า (สัมภาษณ์หมอ) (Trap)",120245321666920260,2026-05-02,not_delivering,ad,การสนทนาผ่านการส่งข้อความที่เริ่มขึ้น,1,186.54,,186.54,,2677,2574,,1,186.54,,9,2.80164363,69.68248039,0,2026-05-02,2026-05-02
"[04.03.26][ริว] ซึมเศร้า (สัมภาษณ์หมอ) (Trap)",120247170837410260,2026-05-02,not_delivering,ad,,,,,0,,0,0,,,,,,,,,2026-05-02,2026-05-02
"[31.10.25][ริว] อ่านแล้วหายเหนื่อย (Tried)",120245505030830260,2026-05-02,inactive,ad,,,,,0,,0,0,,,,,,,,,2026-05-02,2026-05-02
"[31.03.26][ริว] อย่าปล่อยให้พ่อแม่รอ กลับไปเยี่ยมในวันที่ยังมีโอกาส (Ghostly)",120246513921840260,2026-05-02,not_delivering,ad,,,,,0,,0,0,,,,,,,,,2026-05-02,2026-05-02
"[23.02.26][ริว] แม่คือคนรับผิดชอบ (Trap)",120245730541230260,2026-05-02,not_delivering,ad,,,,,0,,0,0,,,,,,,,,2026-05-02,2026-05-02
"[03.04.26][ริว] โรคซึมเศร้า AI (Trap)",120246783494780260,2026-05-02,not_delivering,ad,การสนทนาผ่านการส่งข้อความที่เริ่มขึ้น,4,61.3325,,245.33,,4567,4473,,4,61.3325,,25,4.46682724,53.71797679,0,2026-05-02,2026-05-02
"[25.07.25][ริว] อ่านเล่มนี้จึงรู้ว่า (Tried) (Reels)",120243033199470260,2026-05-02,not_delivering,ad,,,,,0,,0,0,,,,,,,,,2026-05-02,2026-05-02
"[04.03.26][ริว] ซึมเศร้า (สัมภาษณ์หมอ) (Trap)",120246310126250260,2026-05-02,not_delivering,ad,,,,,0,,0,0,,,,,,,,,2026-05-02,2026-05-02
"[10.03.26][ริว] ซึมเศร้า animation (Trap)",120245845885010260,2026-05-02,not_delivering,ad,,,,,0,,0,0,,,,,,,,,2026-05-02,2026-05-02
"[10.03.26][ริว] ซึมเศร้า animation (Trap)",120245729966710260,2026-05-02,not_delivering,ad,,,,,0,,0,0,,,,,,,,,2026-05-02,2026-05-02
"[23.03.26][ริว] ถ้าคืนนี้เป็นคืนสุดท้าย (AI) (Ghostly)",120246203732740260,2026-05-02,inactive,ad,,,,,0,,0,0,,,,,,,,,2026-05-02,2026-05-02
"[25.04.26][ริว] ทุกปัญหามีทางออกเสมอ AI (Witches)",120247724396650260,2026-05-02,not_delivering,ad,,,,,0,,0,0,,,,,,,,,2026-05-02,2026-05-02
"[25.03.26][ริว] จิตวิทยาของการสูญเสีย เขาบอกไว้ว่า (AI) (Witches)",120246834501030260,2026-05-02,inactive,ad,,,,,0,,0,0,,,,,,,,,2026-05-02,2026-05-02
"[04.03.26][ริว] ซึมเศร้า (สัมภาษณ์หมอ) (Trap) (Sale)",120246749109930260,2026-05-02,not_delivering,ad,การซื้อบนเว็บไซต์,,,,0,,0,0,,,,,,,,,2026-05-02,2026-05-02
"[10.03.26][ริว] ซึมเศร้า animation (Trap) (Shopify)",120245624802010260,2026-05-02,not_delivering,ad,,,,,0,,0,0,,,,,,,,,2026-05-02,2026-05-02
"[22.08.25][ริว] เสียดาย (Ghostly)",120243177965360260,2026-05-02,not_delivering,ad,,,,,0,,0,0,,,,,,,,,2026-05-02,2026-05-02
"[05.08.25][ริว] ประโยคในหนังสือเปลี่ยนชีวิต (Witches)",120234426178090260,2026-05-02,not_delivering,ad,,,,,0,,0,0,,,,,,,,,2026-05-02,2026-05-02
"[22.08.25][ริว] เสียดาย (Ghostly)",120244055765490260,2026-05-02,not_delivering,ad,,,,,0,,0,0,,,,,,,,,2026-05-02,2026-05-02
"[29.04.26][ริว] 30 เล่มสุดท้าย (Ghostly)",120248075151350260,2026-05-02,not_delivering,ad,การสนทนาผ่านการส่งข้อความที่เริ่มขึ้น,1,156.3,409,156.3,2.61676264,1581,1143,1,1,156.3,1,2,0.69576218,98.86148008,1,2026-05-02,2026-05-02
"[05.04.26][ริว] แด่มนุษย์ที่โดดเดี่ยว AI (Ghostly)",120246835244860260,2026-05-02,inactive,ad,การสนทนาผ่านการส่งข้อความที่เริ่มขึ้น,,,,0,,0,0,,,,,,,,,2026-05-02,2026-05-02
"[28.06.25][ริว] ถ้าไม่อยากเป็นแบบนี้ อย่าอ่านเล่มนี้ (Ghostly)",120231820444460260,2026-05-02,inactive,ad,,,,,0,,0,0,,,,,,,,,2026-05-02,2026-05-02
"[28.05.25][ริว] หนังสือฮีลใจที่ไม่ได้พูดถึงเรื่องความตาย (Ghostly)",120229858779440260,2026-05-02,inactive,ad,,,,,0,,0,0,,,,,,,,,2026-05-02,2026-05-02
"[24.07.25][ริว] ไพ่สำรับนี้ดูดวงแม่น (Witches)",120234205705040260,2026-05-02,inactive,ad,,,,,0,,0,0,,,,,,,,,2026-05-02,2026-05-02
"[13.08.25][ริว] หนังสือที่ทำให้เห็นแก่ตัว (Kiwtum)",120234824362500260,2026-05-02,inactive,ad,,,,,0,,0,0,,,,,,,,,2026-05-02,2026-05-02
"[23.05.25][ริว] หนังสือการ์ตูนฮีลใจ (Ghostly)",120229263767050260,2026-05-02,inactive,ad,,,,,0,,0,0,,,,,,,,,2026-05-02,2026-05-02
"[22.08.25][ริว] เสียดาย (Ghostly)",120236544312290260,2026-05-02,inactive,ad,,,,,0,,0,0,,,,,,,,,2026-05-02,2026-05-02
"[06.08.25][ริว] มีชีวิตอยู่อย่างโดดเดี่ยว (ghostly)",120234943566440260,2026-05-02,archived,ad,,,,,0,,0,0,,,,,,,,,2026-05-02,2026-05-02
"[18.07.25][ริว] ประโยคจุกอก (Ghostly)",120234317978780260,2026-05-02,not_delivering,ad,,,,,0,,0,0,,,,,,,,,2026-05-02,2026-05-02
"[06.08.25][ริว] แค่ชื่อหน้าปกก็โดนปลอบ (Tried)",120234614620430260,2026-05-02,not_delivering,ad,,,,,0,,0,0,,,,,,,,,2026-05-02,2026-05-02
"[09.07.25][ริว] สวัสดียามดึก คุณดวงวิญญาณ (Ghostly)",120234918883540260,2026-05-02,not_delivering,ad,,,,,0,,0,0,,,,,,,,,2026-05-02,2026-05-02
"[23.06.25][ริว] ประโยคเดียวในหนังสือที่จะเปลี่ยนชีวิต (Witches)",120234205816420260,2026-05-02,inactive,ad,,,,,0,,0,0,,,,,,,,,2026-05-02,2026-05-02
"[23.05.25][ริว] ประโยคหนึ่งในหนังสือที่เหมือนมีน้องแมวเวทมนตร์มากระซิบ (Witches)",120229194724400260,2026-05-02,inactive,ad,,,,,0,,0,0,,,,,,,,,2026-05-02,2026-05-02
"[25.07.25][ริว] การที่เขาเงียบ (Ghostly)",120233557441750260,2026-05-02,inactive,ad,,,,,0,,0,0,,,,,,,,,2026-05-02,2026-05-02
"[03.09.25][ริว] สัญญาณที่ควรอ่าน (Demons)",120235859409980260,2026-05-02,not_delivering,ad,,,,,0,,0,0,,,,,,,,,2026-05-02,2026-05-02
"[19.10.25][ริว] 30 เล่มสุดท้าย (Demons)",120239836447480260,2026-05-02,not_delivering,ad,,,,,0,,0,0,,,,,,,,,2026-05-02,2026-05-02
"[09.07.25][ริว] หนังสือกระแสตอบรับดี (Ghostly)",120233369091650260,2026-05-02,inactive,ad,,,,,0,,0,0,,,,,,,,,2026-05-02,2026-05-02
"[01.04.26][ริว] เลิกควบคุมสิ่งที่ควมคุมไม่ได้ (AI) (Trap)",120247644055390260,2026-05-02,not_delivering,ad,การสนทนาผ่านการส่งข้อความที่เริ่มขึ้น,13,102.59153846,2604,1333.69,1.95247771,19349,13944,6,13,102.59153846,9,76,5.14755285,68.92810998,0.46153846,2026-05-02,2026-05-02
"[23.06.25][ริว] หนังสือที่เล่นกับใจคนอ่านมากที่สุด (Ghostly)",120231719502260260,2026-05-02,inactive,ad,,,,,0,,0,0,,,,,,,,,2026-05-02,2026-05-02
"[01.04.26][ริว] เลิกควบคุมสิ่งที่ควมคุมไม่ได้ (AI) (Trap)",120246702152430260,2026-05-02,archived,ad,,,,,0,,0,0,,,,,,,,,2026-05-02,2026-05-02
"[09.07.25][ริว] สวัสดียามดึก คุณดวงวิญญาณ (Ghostly)",120234552105100260,2026-05-02,not_delivering,ad,,,,,0,,0,0,,,,,,,,,2026-05-02,2026-05-02
"[10.03.26][ริว] ซึมเศร้า animation (Trap)",120246745789060260,2026-05-02,archived,ad,,,,,0,,0,0,,,,,,,,,2026-05-02,2026-05-02
"[24.07.25][ริว] หนังสือที่ควรอ่านสักครั้ง (Witches)",120234205607530260,2026-05-02,inactive,ad,,,,,0,,0,0,,,,,,,,,2026-05-02,2026-05-02
"[03.04.26][ริว] โรคซึมเศร้า AI (Trap)",120246659076020260,2026-05-02,not_delivering,ad,การสนทนาผ่านการส่งข้อความที่เริ่มขึ้น,,,,0,,0,0,,,,,,,,,2026-05-02,2026-05-02
"[23.06.25][ริว] ประโยคเดียวในหนังสือที่จะเปลี่ยนชีวิต (Witches)",120233229024590260,2026-05-02,not_delivering,ad,,,,,0,,0,0,,,,,,,,,2026-05-02,2026-05-02
"[06.08.25][ริว] หนังสือการ์ตูนที่อ่านแล้วรักตัวเองมากขึ้น (Ghostly)",120236739554620260,2026-05-02,archived,ad,,,,,0,,0,0,,,,,,,,,2026-05-02,2026-05-02
"[01.04.26][ริว] เลิกควบคุมสิ่งที่ควมคุมไม่ได้ (AI) (Trap)",120246702152330260,2026-05-02,archived,ad,,,,,0,,0,0,,,,,,,,,2026-05-02,2026-05-02
"[01.04.26][ริว] เลิกควบคุมสิ่งที่ควมคุมไม่ได้ (AI) (Trap)",120246782296050260,2026-05-02,not_delivering,ad,การสนทนาผ่านการส่งข้อความที่เริ่มขึ้น,,,,0,,0,0,,,,,,,,,2026-05-02,2026-05-02
"[12.08.25][ริว] แค่อ่านกลับจุกอกร้องไห้ (Witches)",120235860196990260,2026-05-02,not_delivering,ad,,,,,0,,0,0,,,,,,,,,2026-05-02,2026-05-02
"[04.03.26][ริว] ซึมเศร้า (สัมภาษณ์หมอ) (Trap)",120248305713880260,2026-05-02,active,ad,การสนทนาผ่านการส่งข้อความที่เริ่มขึ้น,,,,0,,0,0,,,,,,,,,2026-05-02,2026-05-02
"[21.05.25][ริว] สายมูห้ามพลาด (Witches)",120229038987270260,2026-05-02,inactive,ad,,,,,0,,0,0,,,,,,,,,2026-05-02,2026-05-02
"[18.10.25][ริว] อยู่คนเดียว (Ghostly)",120240331080210260,2026-05-02,inactive,ad,,,,,0,,0,0,,,,,,,,,2026-05-02,2026-05-02
"[20.11.25][ริว] มันจะดีแค่ไหน : Demons (E-Book)",120240851545690260,2026-05-02,inactive,ad,,,,,0,,0,0,,,,,,,,,2026-05-02,2026-05-02
"[04.03.26][ริว] ซึมเศร้า (สัมภาษณ์หมอ) (Trap)",120246076097230260,2026-05-02,not_delivering,ad,,,,,0,,0,0,,,,,,,,,2026-05-02,2026-05-02
"[31.07.25][ริว] 30 เล่มสุดท้ายส่งจากคลัง (Ghostly)",120234052763870260,2026-05-02,not_delivering,ad,,,,,0,,0,0,,,,,,,,,2026-05-02,2026-05-02
"[04.09.25][ริว] คนที่รักตัวเอง (Capybara)",120236248930210260,2026-05-02,not_delivering,ad,,,,,0,,0,0,,,,,,,,,2026-05-02,2026-05-02
"[25.11.25][ริว] ซิ่ง Black Friday (Promotion)",120241092246690260,2026-05-02,not_delivering,ad,,,,,0,,0,0,,,,,,,,,2026-05-02,2026-05-02
"[22.08.25][ริว] เสียดาย (Ghostly)",120235753792970260,2026-05-02,not_delivering,ad,,,,,0,,0,0,,,,,,,,,2026-05-02,2026-05-02
"[30.08.25][ริว] แค่ประโยคเดียว (Witches)",120236626088900260,2026-05-02,not_delivering,ad,,,,,0,,0,0,,,,,,,,,2026-05-02,2026-05-02
"[18.09.25][ริว] แนะนำหนังสือ (Tried)",120237047559580260,2026-05-02,inactive,ad,,,,,0,,0,0,,,,,,,,,2026-05-02,2026-05-02
"[08.07.25][ริว] หนังสือฮีลใจยอดขายอันดับ1 (Ghostly)",120235301749660260,2026-05-02,archived,ad,,,,,0,,0,0,,,,,,,,,2026-05-02,2026-05-02
"[09.07.25][ริว] สวัสดียามดึก คุณดวงวิญญาณ (Ghostly)",120233368964030260,2026-05-02,inactive,ad,,,,,0,,0,0,,,,,,,,,2026-05-02,2026-05-02
"[22.08.25][ริว] เสียดาย (Ghostly)",120236027616680260,2026-05-02,active,ad,การสนทนาผ่านการส่งข้อความที่เริ่มขึ้น,3,66.75,,200.25,,3501,2910,,3,66.75,,8,6.76949443,57.19794344,0,2026-05-02,2026-05-02
"[03.09.25][ริว] เปิดตัวปีศาจ 2 (Demons)",120235860260870260,2026-05-02,inactive,ad,,,,,0,,0,0,,,,,,,,,2026-05-02,2026-05-02
"[06.08.25][ริว] แค่ชื่อหน้าปกก็โดนปลอบ (Tried)",120234466749080260,2026-05-02,not_delivering,ad,,,,,0,,0,0,,,,,,,,,2026-05-02,2026-05-02
"[11.08.25][ริว] หยุดคิดและทบทวนชีวิต (Ghostly)",120234817271120260,2026-05-02,not_delivering,ad,,,,,0,,0,0,,,,,,,,,2026-05-02,2026-05-02
"[23.09.25][ริว] PayDay : Boxset+Book 799.- (Promotion)",120237420818950260,2026-05-02,not_delivering,ad,,,,,0,,0,0,,,,,,,,,2026-05-02,2026-05-02
"[06.08.25][ริว] ประโยคหนึ่งในหนังสือ (Tried)",120234429477970260,2026-05-02,not_delivering,ad,,,,,0,,0,0,,,,,,,,,2026-05-02,2026-05-02
"[22.07.25][ริว] ทุกคนเราได้หนังสือมาใหม่ (Tried)",120233221561740260,2026-05-02,not_delivering,ad,,,,,0,,0,0,,,,,,,,,2026-05-02,2026-05-02
"[12.08.25][ริว] หนังสือ Ghostly Brews มี E-Book แล้ว (Ghostly)",120234776893380260,2026-05-02,inactive,ad,,,,,0,,0,0,,,,,,,,,2026-05-02,2026-05-02
"[23.07.25][ริว] PAYDAY SALE JULY (Promotion_Payday) - Meme",120233338606240260,2026-05-02,not_delivering,ad,,,,,0,,0,0,,,,,,,,,2026-05-02,2026-05-02
"[14.07.25][ริว] รักตัวเอง ไม่ใช่คนเห็นแก่ตัว (Kiwtum)",120232767631840260,2026-05-02,not_delivering,ad,,,,,0,,0,0,,,,,,,,,2026-05-02,2026-05-02
"[08.07.25][ริว] หนังสือฮีลใจยอดขายอันดับ1 (Ghostly)",120234067971530260,2026-05-02,inactive,ad,,,,,0,,0,0,,,,,,,,,2026-05-02,2026-05-02
"[22.07.25][ริว] วันนี้เธอเหนื่อยไหม (Tried)",120233024858580260,2026-05-02,inactive,ad,,,,,0,,0,0,,,,,,,,,2026-05-02,2026-05-02
"[12.08.25][ริว] แค่อ่านกลับจุกอกร้องไห้ (Witches)",120235360438570260,2026-05-02,not_delivering,ad,,,,,0,,0,0,,,,,,,,,2026-05-02,2026-05-02
"[16.09.25][ริว] ไม่มีความเศร้าไหน เทียบเท่าการสูญเสียครอบครัว (Demons)",120236913612550260,2026-05-02,not_delivering,ad,,,,,0,,0,0,,,,,,,,,2026-05-02,2026-05-02
"[23.06.25][ริว] หนังสือที่เล่นกับใจคนอ่านมากที่สุด (Ghostly)",120231719385650260,2026-05-02,inactive,ad,,,,,0,,0,0,,,,,,,,,2026-05-02,2026-05-02
"[05.06.25][ริว] ไม่ได้ตั้งใจจะปล่อยให้มันสาย (Ghostly)",120230972308280260,2026-05-02,not_delivering,ad,,,,,0,,0,0,,,,,,,,,2026-05-02,2026-05-02
"[03.09.25][ริว] จุกอกกับปีศาจ2 (Demons)",120235859410020260,2026-05-02,not_delivering,ad,,,,,0,,0,0,,,,,,,,,2026-05-02,2026-05-02
"[25.07.25][ริว] รักษาตัวเองให้ดี (Ghostly)",120234066163400260,2026-05-02,not_delivering,ad,,,,,0,,0,0,,,,,,,,,2026-05-02,2026-05-02
"[01.04.26][ริว] เลิกควบคุมสิ่งที่ควมคุมไม่ได้ (AI) (Trap)",120246745738370260,2026-05-02,archived,ad,,,,,0,,0,0,,,,,,,,,2026-05-02,2026-05-02
"[29.03.26][ริว] วิธีรับมือโรคแพนิค (AI) (Trap)",120246702152320260,2026-05-02,archived,ad,,,,,0,,0,0,,,,,,,,,2026-05-02,2026-05-02
"[04.03.26][ริว] ซึมเศร้า (สัมภาษณ์หมอ) (Trap)",120246075776130260,2026-05-02,not_delivering,ad,การสนทนาผ่านการส่งข้อความที่เริ่มขึ้น,,,,0,,0,0,,,,,,,,,2026-05-02,2026-05-02
"[12.02.26][ริว] รักคนอื่น (สัมภาษณ์หมอ) (Trap)",120244267998800260,2026-05-02,not_delivering,ad,,,,,0,,0,0,,,,,,,,,2026-05-02,2026-05-02
"[18.10.25][ริว] อยู่คนเดียว (Ghostly)",120238865635850260,2026-05-02,not_delivering,ad,,,,,0,,0,0,,,,,,,,,2026-05-02,2026-05-02
"[11.02.26][ริว] ภาคต่อ 359.- ส่งฟรี (Remains)",120244223829720260,2026-05-02,not_delivering,ad,,,,,0,,0,0,,,,,,,,,2026-05-02,2026-05-02
"[27.08.25][ริว] ถูกเอาเปรียบ (Ghostly)",120236003389050260,2026-05-02,not_delivering,ad,,,,,0,,0,0,,,,,,,,,2026-05-02,2026-05-02
"[09.09.25][ริว] สบายวันไหน (ปีศาจตัวนั้น)",120236571985100260,2026-05-02,not_delivering,ad,,,,,0,,0,0,,,,,,,,,2026-05-02,2026-05-02
"[24.12.25][ริว] ป้ายยาผลงานภาคต่อ (Remains)",120242559577150260,2026-05-02,not_delivering,ad,,,,,0,,0,0,,,,,,,,,2026-05-02,2026-05-02
"[01.04.26][ริว] เลิกควบคุมสิ่งที่ควมคุมไม่ได้ (AI) (Trap)",120246565414900260,2026-05-02,archived,ad,,,,,0,,0,0,,,,,,,,,2026-05-02,2026-05-02
"[13.10.25][ริว] เล่มลายเซ็น (Remains)",120238558463850260,2026-05-02,inactive,ad,,,,,0,,0,0,,,,,,,,,2026-05-02,2026-05-02
"[03.04.26][ริว] โรคซึมเศร้า AI (Trap)",120247606082070260,2026-05-02,not_delivering,ad,การสนทนาผ่านการส่งข้อความที่เริ่มขึ้น,,,,0,,0,0,,,,,,,,,2026-05-02,2026-05-02
"[29.03.26][ริว] วิธีรับมือโรคแพนิค (AI) (Trap) - สำเนา",120246783812570260,2026-05-02,not_delivering,ad,,,,,0,,0,0,,,,,,,,,2026-05-02,2026-05-02
"[03.09.25][ริว] เปิดตัวปีศาจ 2 (Demons)",120235860412200260,2026-05-02,not_delivering,ad,,,,,0,,0,0,,,,,,,,,2026-05-02,2026-05-02
"[27.08.25][ริว] ถูกเอาเปรียบ (Ghostly)",120235757151830260,2026-05-02,inactive,ad,,,,,0,,0,0,,,,,,,,,2026-05-02,2026-05-02
"[06.08.25][ริว] รีวิวการ์ตูนฮีลใจแห่งปี (Ghostly)",120234486925540260,2026-05-02,not_delivering,ad,,,,,0,,0,0,,,,,,,,,2026-05-02,2026-05-02
"[22.09.25][ริว] แม่อยากให้ลูกมั่นคง (Remains)",120237919855990260,2026-05-02,inactive,ad,,,,,0,,0,0,,,,,,,,,2026-05-02,2026-05-02
"[22.08.25][ริว] แจกวอลเปเปอร์ (Ghostly)",120236544453990260,2026-05-02,not_delivering,ad,,,,,0,,0,0,,,,,,,,,2026-05-02,2026-05-02
"[06.08.25][ริว] มีชีวิตอยู่อย่างโดดเดี่ยว (ghostly)",120235360861690260,2026-05-02,not_delivering,ad,,,,,0,,0,0,,,,,,,,,2026-05-02,2026-05-02
"[05.09.25][ริว] รีวิวหนังสือ 5/5 (Witches)",120236326570830260,2026-05-02,inactive,ad,,,,,0,,0,0,,,,,,,,,2026-05-02,2026-05-02
"[06.08.25][ริว] รีวิวการ์ตูนฮีลใจแห่งปี (Ghostly)",120235868374300260,2026-05-02,inactive,ad,,,,,0,,0,0,,,,,,,,,2026-05-02,2026-05-02
"[26.09.25][ริว] นี่ไม่ใช่แค่ไพ่ทำนายดวง (Witches)",120237503880520260,2026-05-02,not_delivering,ad,,,,,0,,0,0,,,,,,,,,2026-05-02,2026-05-02
"[11.09.25][ริว] หรือเขาคงต้องการ (Ghostly)",120236681550660260,2026-05-02,not_delivering,ad,,,,,0,,0,0,,,,,,,,,2026-05-02,2026-05-02
"[12.09.25][ริว] กลัวการเป็นผู้ใหญ่ (ปีศาจตัวนั้น)",120236738023990260,2026-05-02,not_delivering,ad,,,,,0,,0,0,,,,,,,,,2026-05-02,2026-05-02
"[03.10.25][ริว] จะเป็นยังไง (Remains)",120237994488450260,2026-05-02,not_delivering,ad,,,,,0,,0,0,,,,,,,,,2026-05-02,2026-05-02
"[24.07.25][ริว] หนังสือที่ควรอ่านสักครั้ง (Witches)",120233478965660260,2026-05-02,inactive,ad,,,,,0,,0,0,,,,,,,,,2026-05-02,2026-05-02
"[06.10.25][ริว] คะแนน 1000/100 (Remains)",120237931678210260,2026-05-02,inactive,ad,,,,,0,,0,0,,,,,,,,,2026-05-02,2026-05-02
"[20.04.26][ริว] 5 ข้อคิดปลดล็อก “ความรู้สึกผิด” ที่คุณแบกไว้ (Trap)",120247428235990260,2026-05-02,not_delivering,ad,,,,,0,,0,0,,,,,,,,,2026-05-02,2026-05-02
"[09.09.25][ริว] โตขึ้น พ่อแม่แก่ตัวลง (Demons)",120236555952530260,2026-05-02,not_delivering,ad,,,,,0,,0,0,,,,,,,,,2026-05-02,2026-05-02
"[22.08.25][ริว] แจกวอลเปเปอร์ (Ghostly)",120235575226320260,2026-05-02,inactive,ad,,,,,0,,0,0,,,,,,,,,2026-05-02,2026-05-02
"[22.08.25][ริว] แจกวอลเปเปอร์ (Ghostly)",120235449479580260,2026-05-02,inactive,ad,,,,,0,,0,0,,,,,,,,,2026-05-02,2026-05-02
"[08.08.25][ริว] จุกอกอยู่อย่าง (ปีศาจตัวนั้น)",120234604049250260,2026-05-02,inactive,ad,,,,,0,,0,0,,,,,,,,,2026-05-02,2026-05-02
"[10.03.26][ริว] ซึมเศร้า animation (Trap)",120245729927130260,2026-05-02,not_delivering,ad,,,,,0,,0,0,,,,,,,,,2026-05-02,2026-05-02
"[27.08.25][ริว] ถูกเอาเปรียบ (Ghostly)",120235859860690260,2026-05-02,not_delivering,ad,,,,,0,,0,0,,,,,,,,,2026-05-02,2026-05-02
"[03.09.25][ริว] เปิดตัวปีศาจ 2 (ภาคเสียงและนางแบบมือโดยดาราสาวสองท่าน) (Demons)",120236620453210260,2026-05-02,not_delivering,ad,,,,,0,,0,0,,,,,,,,,2026-05-02,2026-05-02
"[04.03.26][ริว] ซึมเศร้า (สัมภาษณ์หมอ) (Trap)",120245622555000260,2026-05-02,not_delivering,ad,,,,,0,,0,0,,,,,,,,,2026-05-02,2026-05-02
"[04.03.26][ริว] ซึมเศร้า (สัมภาษณ์หมอ) (Trap)",120245502449640260,2026-05-02,not_delivering,ad,,,,,0,,0,0,,,,,,,,,2026-05-02,2026-05-02
"[29.09.25][ริว] การมีชีวิตอยู่อย่างโดดเดี่ยว (Ghostly)",120237713417140260,2026-05-02,inactive,ad,,,,,0,,0,0,,,,,,,,,2026-05-02,2026-05-02
"[05.09.25][ริว] ประโยคเตือนสติ (Witches)",120236680566800260,2026-05-02,not_delivering,ad,,,,,0,,0,0,,,,,,,,,2026-05-02,2026-05-02
"[27.11.25][ริว] ยอม (ปีศาจตัวนั้น)",120241143329950260,2026-05-02,inactive,ad,,,,,0,,0,0,,,,,,,,,2026-05-02,2026-05-02
"[18.02.26][ริว] สีหมอก (Ghostly)",120244476031100260,2026-05-02,not_delivering,ad,,,,,0,,0,0,,,,,,,,,2026-05-02,2026-05-02
"[11.09.25][ริว] ประโยคเดียวในหนังสือ (Witches)",120236735452700260,2026-05-02,not_delivering,ad,,,,,0,,0,0,,,,,,,,,2026-05-02,2026-05-02
"[31.10.25][ริว] อ่านแล้วหายเหนื่อย (Tried)",120240096664200260,2026-05-02,not_delivering,ad,,,,,0,,0,0,,,,,,,,,2026-05-02,2026-05-02
"[16.01.26][ริว] หนังสือที่ได้รับการเสนอชื่อเข้าชิงรางวัล (Ghostly) (Reels)",120243384825320260,2026-05-02,not_delivering,ad,,,,,0,,0,0,,,,,,,,,2026-05-02,2026-05-02
"[16.02.26][ริว] คนรักแอบคุยกับแฟนเก่า (Trap)",120244438024040260,2026-05-02,not_delivering,ad,,,,,0,,0,0,,,,,,,,,2026-05-02,2026-05-02
"[28.06.25][ริว] ไม่ว่าโลกจะใจร้ายกับคุณแค่ไหน (Kiwtum)",120231825241750260,2026-05-02,inactive,ad,,,,,0,,0,0,,,,,,,,,2026-05-02,2026-05-02
"[30.01.26][ริว] อ่านแล้วหายเหนื่อย (Tried)",120243742125400260,2026-05-02,inactive,ad,,,,,0,,0,0,,,,,,,,,2026-05-02,2026-05-02
"[22.08.25][ริว] เสียดาย (Ghostly)",120244220995770260,2026-05-02,not_delivering,ad,,,,,0,,0,0,,,,,,,,,2026-05-02,2026-05-02
"[13.06.25][ริว] ถ้าคืนนี้เป็นคืนสุดท้ายของชีวิต (Ghostly)",120230771158430260,2026-05-02,inactive,ad,,,,,0,,0,0,,,,,,,,,2026-05-02,2026-05-02
"[22.08.25][ริว] เสียดาย (Ghostly)",120243738789430260,2026-05-02,not_delivering,ad,,,,,0,,0,0,,,,,,,,,2026-05-02,2026-05-02
"[22.08.25][ริว] เสียดาย (Ghostly)",120242967825350260,2026-05-02,not_delivering,ad,,,,,0,,0,0,,,,,,,,,2026-05-02,2026-05-02
"[23.01.26][ริว] เครียดก็เปิดไพ่ (Witches)",120244055318190260,2026-05-02,not_delivering,ad,,,,,0,,0,0,,,,,,,,,2026-05-02,2026-05-02
"[27.11.25][ริว] ความสัมพันธ์ไม่ชัดเจน (ปีศาจตัวนั้น) - Copy",120241143389010260,2026-05-02,not_delivering,ad,,,,,0,,0,0,,,,,,,,,2026-05-02,2026-05-02
"[21.05.25][ริว] บอกต่อหนังสือที่เหมือนมีเเพื่อนสนิทคอยให้คำแนะนำอยู่ข้าง ๆ (Witches)",120229053893410260,2026-05-02,inactive,ad,,,,,0,,0,0,,,,,,,,,2026-05-02,2026-05-02
"[11.06.25][ริว] หนังสือฮีลใจแห่งปี (Ghostly)",120230940620380260,2026-05-02,not_delivering,ad,,,,,0,,0,0,,,,,,,,,2026-05-02,2026-05-02
"[03.11.25][ริว] แค่ประโยคเดียว (Witches)",120239869120120260,2026-05-02,inactive,ad,,,,,0,,0,0,,,,,,,,,2026-05-02,2026-05-02
"[06.08.25][ริว] หนังสือ Mindset ดีขึ้น (Tried)",120234614620390260,2026-05-02,not_delivering,ad,,,,,0,,0,0,,,,,,,,,2026-05-02,2026-05-02
"[09.09.25][ริว] โตขึ้น พ่อแม่แก่ตัวลง (Demons)",120240179503810260,2026-05-02,not_delivering,ad,,,,,0,,0,0,,,,,,,,,2026-05-02,2026-05-02
"[30.10.25][ริว] การอยู่คนเดียว (Ghostly)",120239977789770260,2026-05-02,not_delivering,ad,,,,,0,,0,0,,,,,,,,,2026-05-02,2026-05-02
"[06.11.25][ริว] กลับมาอีกครั้ง (Remains)",120240115682440260,2026-05-02,inactive,ad,,,,,0,,0,0,,,,,,,,,2026-05-02,2026-05-02
"[21.08.25][ริว] อะไรแอบมองเราอยู่น้า (Witches)",120235303029210260,2026-05-02,not_delivering,ad,,,,,0,,0,0,,,,,,,,,2026-05-02,2026-05-02
"[13.11.25][ริว] 30 Boxset สุดท้าย (Witches)",120240390435200260,2026-05-02,not_delivering,ad,,,,,0,,0,0,,,,,,,,,2026-05-02,2026-05-02
"[12.02.26][ริว] คนดีมักรู้สึกผิด (Trap)",120244521466290260,2026-05-02,not_delivering,ad,,,,,0,,0,0,,,,,,,,,2026-05-02,2026-05-02
"[13.11.25][ริว] 30 Boxset สุดท้าย (Witches)",120240663908830260,2026-05-02,not_delivering,ad,,,,,0,,0,0,,,,,,,,,2026-05-02,2026-05-02
"[23.01.26][ริว] ป้ายยา (Remains)",120243521395700260,2026-05-02,inactive,ad,,,,,0,,0,0,,,,,,,,,2026-05-02,2026-05-02
"[18.10.25][ริว] อยู่คนเดียว (Ghostly)",120239658177530260,2026-05-02,not_delivering,ad,,,,,0,,0,0,,,,,,,,,2026-05-02,2026-05-02
"[31.10.25][ริว] 30 เล่มสุดท้าย (Remains)",120240861468550260,2026-05-02,not_delivering,ad,,,,,0,,0,0,,,,,,,,,2026-05-02,2026-05-02
"[29.09.25][ริว] E-Book (Ghostly)",120241048603370260,2026-05-02,inactive,ad,,,,,0,,0,0,,,,,,,,,2026-05-02,2026-05-02
"[04.06.25][ริว] หนังสือปีศาจตัวนั้นคือฉันเอง ไม่ใช่คู่มือแก้ชีวิต (ปีศาจตัวนั้น)",120229984997150260,2026-05-02,not_delivering,ad,,,,,0,,0,0,,,,,,,,,2026-05-02,2026-05-02
"[06.08.25][ริว] คะแนน 10/10 (Tried)",120234441801750260,2026-05-02,not_delivering,ad,,,,,0,,0,0,,,,,,,,,2026-05-02,2026-05-02
"[08.07.25][ริว] หนังสือฮีลใจยอดขายอันดับ1 (Ghostly)",120233368841990260,2026-05-02,inactive,ad,,,,,0,,0,0,,,,,,,,,2026-05-02,2026-05-02
"[27.08.25][ริว] ถูกเอาเปรียบ (Ghostly)",120235864199440260,2026-05-02,not_delivering,ad,,,,,0,,0,0,,,,,,,,,2026-05-02,2026-05-02
"[10.04.26][ริว] เสียดายคนตายไม่ได้อ่านเล่มนี้ (Ghostly)",120246840895570260,2026-05-02,inactive,ad,,,,,0,,0,0,,,,,,,,,2026-05-02,2026-05-02
"[04.03.26][ริว] ซึมเศร้า (สัมภาษณ์หมอ) (Trap)",120246513116060260,2026-05-02,not_delivering,ad,การสนทนาผ่านการส่งข้อความที่เริ่มขึ้น,,,,0,,0,0,,,,,,,,,2026-05-02,2026-05-02
"[05.06.25][ริว] ไม่ได้ตั้งใจจะปล่อยให้มันสาย (Ghostly)",120230047455890260,2026-05-02,inactive,ad,,,,,0,,0,0,,,,,,,,,2026-05-02,2026-05-02
"[22.07.25][ริว] วันนี้เธอเหนื่อยไหม (Tried)",120233024903580260,2026-05-02,not_delivering,ad,,,,,0,,0,0,,,,,,,,,2026-05-02,2026-05-02
"[04.03.26][ริว] ซึมเศร้า (สัมภาษณ์หมอ) (Trap)",120245371507350260,2026-05-02,inactive,ad,,,,,0,,0,0,,,,,,,,,2026-05-02,2026-05-02
"[01.08.25][ริว] ประโยคเดียวในหนังสือ (Witches)",120234208497840260,2026-05-02,inactive,ad,,,,,0,,0,0,,,,,,,,,2026-05-02,2026-05-02
"[03.07.25][ริว] ข้อความถึงคนไกลบ้าน (Home)",120234399526610260,2026-05-02,not_delivering,ad,,,,,0,,0,0,,,,,,,,,2026-05-02,2026-05-02
"[03.04.26][ริว] โรคซึมเศร้า AI (Trap)",120247605984870260,2026-05-02,active,ad,การสนทนาผ่านการส่งข้อความที่เริ่มขึ้น,3,62.10333333,,186.31,,2880,2822,,3,62.10333333,,11,5.10416667,64.69097222,0,2026-05-02,2026-05-02
"[06.08.25][ริว] มีชีวิตอยู่อย่างโดดเดี่ยว (ghostly)",120234741451460260,2026-05-02,not_delivering,ad,,,,,0,,0,0,,,,,,,,,2026-05-02,2026-05-02
"[04.03.26][ริว] ซึมเศร้า (สัมภาษณ์หมอ) (Trap)",120245607134830260,2026-05-02,not_delivering,ad,,,,,0,,0,0,,,,,,,,,2026-05-02,2026-05-02
"[14.03.26][ริว] อ่านแล้วโคตรจริง (Witches)",120245719730320260,2026-05-02,not_delivering,ad,,,,,0,,0,0,,,,,,,,,2026-05-02,2026-05-02
"[09.04.26][ริว] perfectionism ความสมบูรณ์แบบที่ทำร้ายเรา AI (Trap)",120246881486780260,2026-05-02,not_delivering,ad,การสนทนาผ่านการส่งข้อความที่เริ่มขึ้น,,,,0,,0,0,,,,,,,,,2026-05-02,2026-05-02
"[07.03.26][ริว] เรียนรู้ (Remains)",120245259274410260,2026-05-02,not_delivering,ad,,,,,0,,0,0,,,,,,,,,2026-05-02,2026-05-02
"[06.08.25][ริว] หนังสือการ์ตูนที่อ่านแล้วรักตัวเองมากขึ้น (Ghostly)",120234485856010260,2026-05-02,inactive,ad,,,,,0,,0,0,,,,,,,,,2026-05-02,2026-05-02
"[29.03.26][ริว] วิธีรับมือโรคแพนิค (AI) (Trap)",120246609046310260,2026-05-02,archived,ad,,,,,0,,0,0,,,,,,,,,2026-05-02,2026-05-02
"[04.03.26][ริว] ซึมเศร้า (สัมภาษณ์หมอ) (Trap)",120245622526920260,2026-05-02,not_delivering,ad,,,,,0,,0,0,,,,,,,,,2026-05-02,2026-05-02
"[20.04.26][ริว] Butterfly Hug ไม่มีใครกอด ก็ปลอบใจตัวเองได้ AI (Trap)",120247428263180260,2026-05-02,not_delivering,ad,,,,,0,,0,0,,,,,,,,,2026-05-02,2026-05-02
"[01.04.26][ริว] เลิกควบคุมสิ่งที่ควมคุมไม่ได้ (AI) (Trap) - สำเนา",120246783796850260,2026-05-02,not_delivering,ad,การสนทนาผ่านการส่งข้อความที่เริ่มขึ้น,,,,0,,0,0,,,,,,,,,2026-05-02,2026-05-02
"[23.01.26][ริว] เครียดก็เปิดไพ่ (Witches)",120243522186710260,2026-05-02,inactive,ad,,,,,0,,0,0,,,,,,,,,2026-05-02,2026-05-02
"[23.04.26][ริว] Smiling depression ภาวะซึมเศร้าที่ซ่อนอยู่ใต้รอยยิ้ม AI (Trap)",120248306308010260,2026-05-02,not_delivering,ad,การสนทนาผ่านการส่งข้อความที่เริ่มขึ้น,,,,0,,0,0,,,,,,,,,2026-05-02,2026-05-02
"[24.02.26][ริว] ป้ายยา (Witches)",120244811998560260,2026-05-02,not_delivering,ad,,,,,0,,0,0,,,,,,,,,2026-05-02,2026-05-02
"[24.10.25][ริว] PAYDAY OPD E-Book 1 แถม 1 (Promotion)",120240278884880260,2026-05-02,archived,ad,,,,,0,,0,0,,,,,,,,,2026-05-02,2026-05-02
"[12.02.26][ริว] รางวัล (Ghostly)",120244263061370260,2026-05-02,archived,ad,,,,,0,,0,0,,,,,,,,,2026-05-02,2026-05-02
"[24.07.25][ริว] หนังสือที่ควรอ่านสักครั้ง (Witches)",120233469566090260,2026-05-02,inactive,ad,,,,,0,,0,0,,,,,,,,,2026-05-02,2026-05-02
"[25.11.25][ริว] ซิ่ง Black Friday (Promotion)",120241091762870260,2026-05-02,not_delivering,ad,,,,,0,,0,0,,,,,,,,,2026-05-02,2026-05-02
"[19.08.25][ริว] ความสูญเสียทำให้เจ็บปวด (Witches)",120236548932920260,2026-05-02,not_delivering,ad,,,,,0,,0,0,,,,,,,,,2026-05-02,2026-05-02
"[31.07.25][ริว] 30 เล่มสุดท้ายส่งจากคลัง (Ghostly)",120234490260470260,2026-05-02,inactive,ad,,,,,0,,0,0,,,,,,,,,2026-05-02,2026-05-02
"[10.03.26][ริว] ซึมเศร้า animation (Trap)",120245665674760260,2026-05-02,not_delivering,ad,,,,,0,,0,0,,,,,,,,,2026-05-02,2026-05-02
"[06.03.26][ริว] พรีออเดอร์เล่มลายเซ็น (Trap)",120245259327750260,2026-05-02,not_delivering,ad,,,,,0,,0,0,,,,,,,,,2026-05-02,2026-05-02
"[05.06.25][ริว] ไม่ได้ตั้งใจจะปล่อยให้มันสาย (Ghostly)",120236605127690260,2026-05-02,inactive,ad,,,,,0,,0,0,,,,,,,,,2026-05-02,2026-05-02
"[25.07.25][ริว] แค่หนังสือร้องไห้ทำไม (Tried)",120234056003740260,2026-05-02,inactive,ad,,,,,0,,0,0,,,,,,,,,2026-05-02,2026-05-02
"[06.08.25][ริว] 7 สัญญาณที่ควรอ่าน (Tried)",120234440757530260,2026-05-02,inactive,ad,,,,,0,,0,0,,,,,,,,,2026-05-02,2026-05-02
"[22.07.25][ริว] วันนี้เธอเหนื่อยไหม (Tried)",120233024757480260,2026-05-02,inactive,ad,,,,,0,,0,0,,,,,,,,,2026-05-02,2026-05-02
"[03.09.25][ริว] เปิดตัวปีศาจ 2 (Demons)",120236324479730260,2026-05-02,not_delivering,ad,,,,,0,,0,0,,,,,,,,,2026-05-02,2026-05-02
"[26.09.25][ริว] นี่ไม่ใช่แค่ไพ่ทำนายดวง (Witches)",120237844771050260,2026-05-02,not_delivering,ad,,,,,0,,0,0,,,,,,,,,2026-05-02,2026-05-02
"[13.10.25][ริว] เล่มลายเซ็น (Remains)",120238558137770260,2026-05-02,not_delivering,ad,,,,,0,,0,0,,,,,,,,,2026-05-02,2026-05-02
"[25.07.25][ริว] แค่อ่านชื่อหน้าปก (Tried)",120233565409420260,2026-05-02,not_delivering,ad,,,,,0,,0,0,,,,,,,,,2026-05-02,2026-05-02
"[25.07.25][ริว] อ่านเล่มนี้จึงรู้ว่า (Tried)",120233565208240260,2026-05-02,inactive,ad,,,,,0,,0,0,,,,,,,,,2026-05-02,2026-05-02
"[02.06.25][ริว] 5 เหตุผลที่ต้องอ่าน (Ghostly)",120229860010370260,2026-05-02,inactive,ad,,,,,0,,0,0,,,,,,,,,2026-05-02,2026-05-02
"[25.07.25][ริว] คะแนน 9.9/10 (Ghostly)",120233558047490260,2026-05-02,inactive,ad,,,,,0,,0,0,,,,,,,,,2026-05-02,2026-05-02
"[22.07.25][ริว] ทุกคนเราได้หนังสือมาใหม่ (Tried)",120233223021610260,2026-05-02,inactive,ad,,,,,0,,0,0,,,,,,,,,2026-05-02,2026-05-02
"[06.08.25][ริว] มีชีวิตอยู่อย่างโดดเดี่ยว (ghostly)",120234669538140260,2026-05-02,inactive,ad,,,,,0,,0,0,,,,,,,,,2026-05-02,2026-05-02
"[06.08.25][ริว] คะแนน 10/10 (Tried)",120234615013180260,2026-05-02,not_delivering,ad,,,,,0,,0,0,,,,,,,,,2026-05-02,2026-05-02
"[23.05.25][ริว] หนังสือการ์ตูนฮีลใจ (Ghostly)",120229263892090260,2026-05-02,inactive,ad,,,,,0,,0,0,,,,,,,,,2026-05-02,2026-05-02
"[23.05.25][ริว] หนังสือการ์ตูนฮีลใจ (Ghostly)",120229263873510260,2026-05-02,inactive,ad,,,,,0,,0,0,,,,,,,,,2026-05-02,2026-05-02
"[18.12.25][ริว] หนังสือการ์ตูนฮีลใจ (Ghostly)",120242333918340260,2026-05-02,not_delivering,ad,,,,,0,,0,0,,,,,,,,,2026-05-02,2026-05-02
"[24.07.25][ริว] ไพ่สำรับนี้ดูดวงแม่น (Witches)",120233372543820260,2026-05-02,not_delivering,ad,,,,,0,,0,0,,,,,,,,,2026-05-02,2026-05-02
"[22.07.25][ริว] วันนี้เธอเหนื่อยไหม (Tried)",120233024612610260,2026-05-02,inactive,ad,,,,,0,,0,0,,,,,,,,,2026-05-02,2026-05-02
"[03.10.25][ริว] จะเป็นยังไง (Remains)",120237920751990260,2026-05-02,inactive,ad,,,,,0,,0,0,,,,,,,,,2026-05-02,2026-05-02
"[21.05.25][ริว] สายมูห้ามพลาด (Witches)",120229053893420260,2026-05-02,inactive,ad,,,,,0,,0,0,,,,,,,,,2026-05-02,2026-05-02
"[06.08.25][ริว] มีชีวิตอยู่อย่างโดดเดี่ยว (ghostly)",120236676218490260,2026-05-02,not_delivering,ad,,,,,0,,0,0,,,,,,,,,2026-05-02,2026-05-02
"[04.10.25][ริว] เสาหลักของบ้าน (Tried)",120239442615700260,2026-05-02,not_delivering,ad,,,,,0,,0,0,,,,,,,,,2026-05-02,2026-05-02
"[03.09.25][ริว] เปิดตัวปีศาจ 2 (Demons)",120236358963790260,2026-05-02,not_delivering,ad,,,,,0,,0,0,,,,,,,,,2026-05-02,2026-05-02
"[09.10.25][ริว] นี่คือไพ่ทำนายดวง (Witches)",120238631721960260,2026-05-02,not_delivering,ad,,,,,0,,0,0,,,,,,,,,2026-05-02,2026-05-02
"[04.09.25][ริว] 9.9 : 3 เล่ม ราคา 999.- (Promotion)",120236189885290260,2026-05-02,not_delivering,ad,,,,,0,,0,0,,,,,,,,,2026-05-02,2026-05-02
"[03.07.25][ริว] ข้อความถึงคนไกลบ้าน (Home)",120232138390930260,2026-05-02,inactive,ad,,,,,0,,0,0,,,,,,,,,2026-05-02,2026-05-02
"[16.10.25][ริว] คะแนน 9.9/10 (Remains)",120239183198800260,2026-05-02,not_delivering,ad,,,,,0,,0,0,,,,,,,,,2026-05-02,2026-05-02
"[03.11.25][ริว] หนังสือใหม่ อ่านแล้วน้ำตาซึม (Demons)",120239860861340260,2026-05-02,not_delivering,ad,,,,,0,,0,0,,,,,,,,,2026-05-02,2026-05-02
"[22.07.25][ริว] วันนี้เธอเหนื่อยไหม (Tried)",120234551110590260,2026-05-02,archived,ad,,,,,0,,0,0,,,,,,,,,2026-05-02,2026-05-02
"[11.08.25][ริว] รีวิวไพ่ทำนายดวง (Witches)",120234869630590260,2026-05-02,inactive,ad,,,,,0,,0,0,,,,,,,,,2026-05-02,2026-05-02
"[11.06.25][ริว] หนังสือฮีลใจแห่งปี (Ghostly)",120230762827270260,2026-05-02,not_delivering,ad,,,,,0,,0,0,,,,,,,,,2026-05-02,2026-05-02
"[24.07.25][ริว] หนังสือใหม่ล่าสุด (Ghostly)",120233474970590260,2026-05-02,archived,ad,,,,,0,,0,0,,,,,,,,,2026-05-02,2026-05-02
"[11.08.25][ริว] อ่านการ์ตูนแล้วร้องไห้ (Ghostly)",120234714869870260,2026-05-02,not_delivering,ad,,,,,0,,0,0,,,,,,,,,2026-05-02,2026-05-02
"[06.10.25][ริว] แม่ที่รักลูก (Remains)",120237931165500260,2026-05-02,inactive,ad,,,,,0,,0,0,,,,,,,,,2026-05-02,2026-05-02
"[05.08.25][ริว] หนังสือที่อ่านแล้ว ’เหมือนได้กลับบ้าน’ (Home)",120234399289980260,2026-05-02,inactive,ad,,,,,0,,0,0,,,,,,,,,2026-05-02,2026-05-02
"[03.09.25][ริว] สัญญาณที่ควรอ่าน (Demons)",120235947738780260,2026-05-02,inactive,ad,,,,,0,,0,0,,,,,,,,,2026-05-02,2026-05-02
"[20.10.25][ริว] ความผิดพลาด (Witches)",120238988767040260,2026-05-02,not_delivering,ad,,,,,0,,0,0,,,,,,,,,2026-05-02,2026-05-02
"[06.08.25][ริว] แค่หนังสือการ์ตูน ทำไมถึงร้องไห้ (Ghostly)",120234487375450260,2026-05-02,inactive,ad,,,,,0,,0,0,,,,,,,,,2026-05-02,2026-05-02
"[23.01.26][ริว] เครียดก็เปิดไพ่ (Witches)",120244294262140260,2026-05-02,not_delivering,ad,,,,,0,,0,0,,,,,,,,,2026-05-02,2026-05-02
"[23.06.25][ริว] ประโยคเดียวในหนังสือที่จะเปลี่ยนชีวิต (Witches)",120235302624600260,2026-05-02,not_delivering,ad,,,,,0,,0,0,,,,,,,,,2026-05-02,2026-05-02
"[25.07.25][ริว] ประโยคที่อ่านแล้วจุกอกในใจ (Tried)",120233569762500260,2026-05-02,inactive,ad,,,,,0,,0,0,,,,,,,,,2026-05-02,2026-05-02
"[06.08.25][ริว] 7 สัญญาณที่ควรอ่าน (Tried)",120234614620450260,2026-05-02,not_delivering,ad,,,,,0,,0,0,,,,,,,,,2026-05-02,2026-05-02
"[03.09.25][ริว] เปิดตัวปีศาจ 2 (ภาคเสียงและนางแบบมือโดยดาราสาวสองท่าน) (Demons)",120236030953930260,2026-05-02,not_delivering,ad,,,,,0,,0,0,,,,,,,,,2026-05-02,2026-05-02
"[05.09.25][ริว] 7 สัญญาณที่บอกว่าคุณควรอ่าน (Witches)",120236549862800260,2026-05-02,not_delivering,ad,,,,,0,,0,0,,,,,,,,,2026-05-02,2026-05-02
"[22.08.25][ริว] Payday August 2 Box 999 (Promotion_Payday)",120235247853340260,2026-05-02,not_delivering,ad,,,,,0,,0,0,,,,,,,,,2026-05-02,2026-05-02
"[23.06.25][ริว] ประโยคเดียวในหนังสือที่จะเปลี่ยนชีวิต (Witches)",120234924774130260,2026-05-02,not_delivering,ad,,,,,0,,0,0,,,,,,,,,2026-05-02,2026-05-02
"[11.09.25][ริว] ระลึกถึงคนที่จากไป (Witches)",120236885051950260,2026-05-02,not_delivering,ad,,,,,0,,0,0,,,,,,,,,2026-05-02,2026-05-02
"[11.08.25][ริว] รีวิวไพ่ทำนายดวง (Witches)",120234722754180260,2026-05-02,inactive,ad,,,,,0,,0,0,,,,,,,,,2026-05-02,2026-05-02
"[22.09.25][ริว] แม่อยากให้ลูกมั่นคง (Remains)",120237332322590260,2026-05-02,inactive,ad,,,,,0,,0,0,,,,,,,,,2026-05-02,2026-05-02
"[25.07.25][ริว] คะแนน9.9/10 (Tried)",120234921224770260,2026-05-02,not_delivering,ad,,,,,0,,0,0,,,,,,,,,2026-05-02,2026-05-02
"[08.07.25][ริว] ย่านเมืองเก่ามีร้านคาเฟ่ร้านนึงเปิดหลังเที่ยงคืน (Ghostly)",120234669379460260,2026-05-02,inactive,ad,,,,,0,,0,0,,,,,,,,,2026-05-02,2026-05-02
"[03.09.25][ริว] สัญญาณที่ควรอ่าน (Demons)",120236358913800260,2026-05-02,not_delivering,ad,,,,,0,,0,0,,,,,,,,,2026-05-02,2026-05-02
"[12.08.25][ริว] แค่อ่านกลับจุกอกร้องไห้ (Witches)",120234722082450260,2026-05-02,inactive,ad,,,,,0,,0,0,,,,,,,,,2026-05-02,2026-05-02
"[22.07.25][ริว] วันนี้เธอเหนื่อยไหม (Tried)",120233024956830260,2026-05-02,not_delivering,ad,,,,,0,,0,0,,,,,,,,,2026-05-02,2026-05-02
"[08.08.25][ริว] งานศพ (Ghostly)",120235575837280260,2026-05-02,not_delivering,ad,,,,,0,,0,0,,,,,,,,,2026-05-02,2026-05-02
"[02.06.25][ริว] หนังสือพลิกชีวิต (Witches)",120230763374140260,2026-05-02,inactive,ad,,,,,0,,0,0,,,,,,,,,2026-05-02,2026-05-02
"[19.06.25][ริว] บทสนทนาของคนที่ไม่มีโอกาสพูดอีกแล้ว (Ghostly)",120231947126790260,2026-05-02,not_delivering,ad,,,,,0,,0,0,,,,,,,,,2026-05-02,2026-05-02
"[09.07.25][ริว] สวัสดียามดึก คุณดวงวิญญาณ (Ghostly)",120234551208210260,2026-05-02,archived,ad,,,,,0,,0,0,,,,,,,,,2026-05-02,2026-05-02
"[23.07.25][ริว] PAYDAY SALE JULY (Promotion_Payday) - Meme",120233337732400260,2026-05-02,inactive,ad,,,,,0,,0,0,,,,,,,,,2026-05-02,2026-05-02
"[09.10.25][ริว] นี่คือไพ่ทำนายดวง (Witches)",120238504497720260,2026-05-02,not_delivering,ad,,,,,0,,0,0,,,,,,,,,2026-05-02,2026-05-02
"[02.06.25][ริว] หนังสือพลิกชีวิต (Witches)",120229859719460260,2026-05-02,inactive,ad,,,,,0,,0,0,,,,,,,,,2026-05-02,2026-05-02
"[17.10.25][ริว] พูดดีกับทุกคนยกเว้นตัวเอง (ปีศาจตัวนั้น)",120238819869230260,2026-05-02,not_delivering,ad,,,,,0,,0,0,,,,,,,,,2026-05-02,2026-05-02
"[24.07.25][ริว] ไพ่สำรับนี้ดูดวงแม่น (Witches)",120234068965290260,2026-05-02,inactive,ad,,,,,0,,0,0,,,,,,,,,2026-05-02,2026-05-02
"[11.08.25][ริว] ยิ้มทั้งน้ำตา (Ghostly)",120234715022840260,2026-05-02,inactive,ad,,,,,0,,0,0,,,,,,,,,2026-05-02,2026-05-02
"[27.05.25][ริว] ประโยคที่อ่านแล้วจุกอก (Witches)",120234924774120260,2026-05-02,not_delivering,ad,,,,,0,,0,0,,,,,,,,,2026-05-02,2026-05-02
"[06.09.25][ริว] ความกลัวการไม่ถูกรัก (Ghostly)",120236522384130260,2026-05-02,not_delivering,ad,,,,,0,,0,0,,,,,,,,,2026-05-02,2026-05-02
"[03.09.25][ริว] เปิดตัวปีศาจ 2 (ภาคเสียงและนางแบบมือโดยดาราสาวสองท่าน) (Demons)",120236027520060260,2026-05-02,inactive,ad,,,,,0,,0,0,,,,,,,,,2026-05-02,2026-05-02
"[09.09.25][ริว] ยังไม่ดีพอ (ไม่เป็นความจริงแต่อย่างใด) (Demons)",120236555952520260,2026-05-02,inactive,ad,,,,,0,,0,0,,,,,,,,,2026-05-02,2026-05-02
"[03.09.25][ริว] เปิดตัวปีศาจ 2 (ภาคเสียงและนางแบบมือโดยดาราสาวสองท่าน) (Demons)",120236358913780260,2026-05-02,not_delivering,ad,,,,,0,,0,0,,,,,,,,,2026-05-02,2026-05-02
"[18.09.25][ริว] ถ้าได้ฟังเรื่องราว (Ghostly)",120237043133140260,2026-05-02,inactive,ad,,,,,0,,0,0,,,,,,,,,2026-05-02,2026-05-02
"[05.09.25][ริว] ประโยคเตือนสติ (Witches)",120236549979880260,2026-05-02,not_delivering,ad,,,,,0,,0,0,,,,,,,,,2026-05-02,2026-05-02
"[28.06.25][ริว] ถ้าคืนนี้เป็นคืนสุดท้ายของคุณ (Ghostly)",120231820444450260,2026-05-02,inactive,ad,,,,,0,,0,0,,,,,,,,,2026-05-02,2026-05-02
"[09.10.25][ริว] นี่คือไพ่ทำนายดวง (Witches)",120238317675540260,2026-05-02,not_delivering,ad,,,,,0,,0,0,,,,,,,,,2026-05-02,2026-05-02
"[22.08.25][ริว] Payday August 2 Box 999 (Promotion_Payday)",120235600499690260,2026-05-02,not_delivering,ad,,,,,0,,0,0,,,,,,,,,2026-05-02,2026-05-02
"[10.11.25][ริว] วันนี้เราป้ายยา (Witches)",120240391993380260,2026-05-02,not_delivering,ad,,,,,0,,0,0,,,,,,,,,2026-05-02,2026-05-02
"[24.07.25][ริว] หนังสือใหม่ล่าสุด (Ghostly)",120236245139820260,2026-05-02,not_delivering,ad,,,,,0,,0,0,,,,,,,,,2026-05-02,2026-05-02
"[18.07.25][ริว] ประโยคจุกอก (Ghostly)",120236246150780260,2026-05-02,not_delivering,ad,,,,,0,,0,0,,,,,,,,,2026-05-02,2026-05-02
"[23.07.25][ริว] แค่ชื่อก็เหมือนโดนปลอบ (Tried)",120233334347120260,2026-05-02,not_delivering,ad,,,,,0,,0,0,,,,,,,,,2026-05-02,2026-05-02
"[11.09.25][ริว] ระลึกถึงคนที่จากไป (Witches)",120236885031880260,2026-05-02,not_delivering,ad,,,,,0,,0,0,,,,,,,,,2026-05-02,2026-05-02
"[06.08.25][ริว] มีชีวิตอยู่อย่างโดดเดี่ยว (ghostly)",120235432800670260,2026-05-02,not_delivering,ad,,,,,0,,0,0,,,,,,,,,2026-05-02,2026-05-02
"[06.08.25][ริว] ประโยคเปลี่ยนชีวิต (Tried)",120234467457670260,2026-05-02,not_delivering,ad,,,,,0,,0,0,,,,,,,,,2026-05-02,2026-05-02
"[02.06.25][ริว] 5 เหตุผลที่ต้องอ่าน (Ghostly)",120230762758030260,2026-05-02,inactive,ad,,,,,0,,0,0,,,,,,,,,2026-05-02,2026-05-02
"[24.07.25][ริว] ไพ่สำรับนี้ดูดวงแม่น (Witches)",120233478965670260,2026-05-02,not_delivering,ad,,,,,0,,0,0,,,,,,,,,2026-05-02,2026-05-02
"[04.10.25][ริว] เสาหลักของบ้าน (Tried)",120237987174550260,2026-05-02,inactive,ad,,,,,0,,0,0,,,,,,,,,2026-05-02,2026-05-02
"[27.08.25][ริว] ถูกเอาเปรียบ (Ghostly)",120235753090720260,2026-05-02,not_delivering,ad,,,,,0,,0,0,,,,,,,,,2026-05-02,2026-05-02
"[25.07.25][ริว] สัญญาณที่บอกว่าควรอ่าน (Tried)",120233565064480260,2026-05-02,not_delivering,ad,,,,,0,,0,0,,,,,,,,,2026-05-02,2026-05-02
"[22.07.25][ริว] วันนี้เธอเหนื่อยไหม (Tried)",120233024814790260,2026-05-02,not_delivering,ad,,,,,0,,0,0,,,,,,,,,2026-05-02,2026-05-02
"[09.07.25][ริว] สวัสดียามดึก คุณดวงวิญญาณ (Ghostly)",120232526132780260,2026-05-02,inactive,ad,,,,,0,,0,0,,,,,,,,,2026-05-02,2026-05-02
"[05.09.25][ริว] รีวิวหนังสือ 5/5 (Witches)",120236603024380260,2026-05-02,not_delivering,ad,,,,,0,,0,0,,,,,,,,,2026-05-02,2026-05-02
"[03.09.25][ริว] เปิดตัวปีศาจ 2 (ภาคเสียงและนางแบบมือโดยดาราสาวสองท่าน) (Demons)",120236028057610260,2026-05-02,inactive,ad,,,,,0,,0,0,,,,,,,,,2026-05-02,2026-05-02
"[06.08.25][ริว] ประโยคเปลี่ยนชีวิต (Tried)",120234613123680260,2026-05-02,inactive,ad,,,,,0,,0,0,,,,,,,,,2026-05-02,2026-05-02
"[01.04.26][ริว] เลิกควบคุมสิ่งที่ควมคุมไม่ได้ (AI) (Trap)",120248276191150260,2026-05-02,not_delivering,ad,การสนทนาผ่านการส่งข้อความที่เริ่มขึ้น,1,92.88,,92.88,,1713,1606,,1,92.88,,6,5.4290718,54.2206655,0,2026-05-02,2026-05-02
"[24.09.25][ริว] ชีวิตสั้น (ปีศาจตัวนั้น)",120237441929810260,2026-05-02,not_delivering,ad,,,,,0,,0,0,,,,,,,,,2026-05-02,2026-05-02
"[25.08.25][ริว] ไพ่สำรับนี้ (Witches)",120236550166810260,2026-05-02,not_delivering,ad,,,,,0,,0,0,,,,,,,,,2026-05-02,2026-05-02
"[06.08.25][ริว] มีชีวิตอยู่อย่างโดดเดี่ยว (ghostly)",120236905052690260,2026-05-02,not_delivering,ad,,,,,0,,0,0,,,,,,,,,2026-05-02,2026-05-02
"[13.11.25][ริว] 30 Boxset สุดท้าย (Witches)",120241250781940260,2026-05-02,not_delivering,ad,,,,,0,,0,0,,,,,,,,,2026-05-02,2026-05-02
"[11.06.25][ริว] หนังสือฮีลใจแห่งปี (Ghostly)",120232764653280260,2026-05-02,inactive,ad,,,,,0,,0,0,,,,,,,,,2026-05-02,2026-05-02
"[06.08.25][ริว] มีชีวิตอยู่อย่างโดดเดี่ยว (ghostly)",120235359707280260,2026-05-02,not_delivering,ad,,,,,0,,0,0,,,,,,,,,2026-05-02,2026-05-02
"[11.06.25][ริว] หนังสือฮีลใจแห่งปี (Ghostly)",120231947163260260,2026-05-02,not_delivering,ad,,,,,0,,0,0,,,,,,,,,2026-05-02,2026-05-02
"[03.09.25][ริว] สัญญาณที่ควรอ่าน (Demons)",120236583311860260,2026-05-02,inactive,ad,,,,,0,,0,0,,,,,,,,,2026-05-02,2026-05-02
"[19.06.25][ริว] บทสนทนาของคนที่ไม่มีโอกาสพูดอีกแล้ว (Ghostly)",120231485805540260,2026-05-02,inactive,ad,,,,,0,,0,0,,,,,,,,,2026-05-02,2026-05-02
"[11.06.25][ริว] จะเป็นยังไงถ้าคุณต้องเป็นที่ปรึกษา (Ghostly)",120230763705150260,2026-05-02,inactive,ad,,,,,0,,0,0,,,,,,,,,2026-05-02,2026-05-02
"[02.06.25][ริว] หนังสือพลิกชีวิต (Witches)",120229860132880260,2026-05-02,archived,ad,,,,,0,,0,0,,,,,,,,,2026-05-02,2026-05-02
"[24.06.25][ริว] ไม่ว่าชีวิตจะแย่แค่ไหน แค่คิดแบบคาปิบาร่า (Capybara_Boxset)",120231575232980260,2026-05-02,inactive,ad,,,,,0,,0,0,,,,,,,,,2026-05-02,2026-05-02
"[03.07.25][ริว][Cross Page] หนังสือฮีลใจแห่งปี (Ghostly)",120232159506290260,2026-05-02,not_delivering,ad,,,,,0,,0,0,,,,,,,,,2026-05-02,2026-05-02
"[05.06.25][ริว] ไม่ได้ตั้งใจจะปล่อยให้มันสาย (Ghostly)",120230048898500260,2026-05-02,not_delivering,ad,,,,,0,,0,0,,,,,,,,,2026-05-02,2026-05-02
"[25.07.25][ริว] แค่หนังสือร้องไห้ทำไม (Tried)",120233569176650260,2026-05-02,not_delivering,ad,,,,,0,,0,0,,,,,,,,,2026-05-02,2026-05-02
"[21.08.25][ริว] อะไรแอบมองเราอยู่น้า (Witches)",120235360503330260,2026-05-02,inactive,ad,,,,,0,,0,0,,,,,,,,,2026-05-02,2026-05-02
"[11.09.25][ริว] ระลึกถึงคนที่จากไป (Witches)",120237328705210260,2026-05-02,not_delivering,ad,,,,,0,,0,0,,,,,,,,,2026-05-02,2026-05-02
"[09.10.25][ริว] นี่คือไพ่ทำนายดวง (Witches)",120238859679880260,2026-05-02,inactive,ad,,,,,0,,0,0,,,,,,,,,2026-05-02,2026-05-02
"[24.07.25][ริว] หนังสือใหม่ล่าสุด (Ghostly)",120233476156900260,2026-05-02,not_delivering,ad,,,,,0,,0,0,,,,,,,,,2026-05-02,2026-05-02
"[18.10.25][ริว] อยู่คนเดียว (Ghostly)",120240102388260260,2026-05-02,inactive,ad,,,,,0,,0,0,,,,,,,,,2026-05-02,2026-05-02
"[06.08.25][ริว] มีชีวิตอยู่อย่างโดดเดี่ยว (ghostly)",120234714400830260,2026-05-02,inactive,ad,,,,,0,,0,0,,,,,,,,,2026-05-02,2026-05-02
"[19.08.25][ริว] ความสูญเสียทำให้เจ็บปวด (Witches)",120235860376970260,2026-05-02,not_delivering,ad,,,,,0,,0,0,,,,,,,,,2026-05-02,2026-05-02
"[19.08.25][ริว] ความสูญเสียทำให้เจ็บปวด (Witches)",120236188440400260,2026-05-02,not_delivering,ad,,,,,0,,0,0,,,,,,,,,2026-05-02,2026-05-02
"[24.07.25][ริว] ไพ่สำรับนี้ดูดวงแม่น (Witches)",120234208577760260,2026-05-02,not_delivering,ad,,,,,0,,0,0,,,,,,,,,2026-05-02,2026-05-02
"[16.10.25][ริว] เมไอสัมภาษณ์ปีศาจ2 (Demons)",120238779742330260,2026-05-02,inactive,ad,,,,,0,,0,0,,,,,,,,,2026-05-02,2026-05-02
"[28.08.25][ริว] ถ้าต้องบอกกับตัวเอง (Tried)",120235856501760260,2026-05-02,inactive,ad,,,,,0,,0,0,,,,,,,,,2026-05-02,2026-05-02
"[23.07.25][ริว] เมื่อเข้าสู่วัยทำงาน (Tried)",120234426907880260,2026-05-02,not_delivering,ad,,,,,0,,0,0,,,,,,,,,2026-05-02,2026-05-02
"[23.07.25][ริว] PAYDAY SALE JULY (Promotion_Payday) - Meme",120233337906850260,2026-05-02,inactive,ad,,,,,0,,0,0,,,,,,,,,2026-05-02,2026-05-02
"[09.07.25][ริว] สวัสดียามดึก คุณดวงวิญญาณ (Ghostly)",120236246360270260,2026-05-02,not_delivering,ad,,,,,0,,0,0,,,,,,,,,2026-05-02,2026-05-02
"[28.06.25][ริว] รู้สึกดีไม่พอ จนอยากหายไปจากโลก (Embrace)",120232810174850260,2026-05-02,inactive,ad,,,,,0,,0,0,,,,,,,,,2026-05-02,2026-05-02
"[23.05.25][ริว] ประโยคหนึ่งในหนังสือที่เหมือนมีน้องแมวเวทมนตร์มากระซิบ (Witches)",120229241557040260,2026-05-02,inactive,ad,,,,,0,,0,0,,,,,,,,,2026-05-02,2026-05-02
"[29.08.25][ริว] ลองแคร์แค่สายตา (Kiwtum)",120235858728930260,2026-05-02,not_delivering,ad,,,,,0,,0,0,,,,,,,,,2026-05-02,2026-05-02
"[23.06.25][ริว] ประโยคเดียวในหนังสือที่จะเปลี่ยนชีวิต (Witches)",120241035509320260,2026-05-02,inactive,ad,,,,,0,,0,0,,,,,,,,,2026-05-02,2026-05-02
"[27.08.25][ริว] ไม่เป็นไรถ้าวันนี้พลาด (Home)",120235756740890260,2026-05-02,not_delivering,ad,,,,,0,,0,0,,,,,,,,,2026-05-02,2026-05-02
"[23.02.26][ริว] แม่คือคนรับผิดชอบ (Trap)",120245282028700260,2026-05-02,not_delivering,ad,,,,,0,,0,0,,,,,,,,,2026-05-02,2026-05-02
"[06.10.25][ริว] มีประโยคในหนังสือ (Witches)",120238409375610260,2026-05-02,not_delivering,ad,,,,,0,,0,0,,,,,,,,,2026-05-02,2026-05-02
"[22.10.25][ริว] ป้ายยา (Remains)",120239982076500260,2026-05-02,not_delivering,ad,,,,,0,,0,0,,,,,,,,,2026-05-02,2026-05-02
"[23.04.26][ริว] Smiling depression ภาวะซึมเศร้าที่ซ่อนอยู่ใต้รอยยิ้ม AI (Trap)",120248306328570260,2026-05-02,not_delivering,ad,การสนทนาผ่านการส่งข้อความที่เริ่มขึ้น,,,,0,,0,0,,,,,,,,,2026-05-02,2026-05-02
"[29.10.25][ริว] ป้ายยา 2 หนังสือ (Remains)",120239538332050260,2026-05-02,not_delivering,ad,,,,,0,,0,0,,,,,,,,,2026-05-02,2026-05-02
"[03.04.26][ริว] โรคซึมเศร้า AI (Trap)",120247408900250260,2026-05-02,archived,ad,,,,,0,,0,0,,,,,,,,,2026-05-02,2026-05-02
"[04.09.25][ริว] 9.9 : 3 เล่ม ราคา 999.- (Promotion)",120236313129500260,2026-05-02,not_delivering,ad,,,,,0,,0,0,,,,,,,,,2026-05-02,2026-05-02
"[30.10.25][ริว] การอยู่คนเดียว (Ghostly)",120240331080200260,2026-05-02,inactive,ad,,,,,0,,0,0,,,,,,,,,2026-05-02,2026-05-02
"[06.11.25][ริว] กลับมาอีกครั้ง (Remains)",120240912726290260,2026-05-02,not_delivering,ad,,,,,0,,0,0,,,,,,,,,2026-05-02,2026-05-02
"[23.06.25][ริว] ประโยคเดียวในหนังสือที่จะเปลี่ยนชีวิต (Witches)",120239970829840260,2026-05-02,inactive,ad,,,,,0,,0,0,,,,,,,,,2026-05-02,2026-05-02
"[16.10.25][ริว] แค่ประโยคในหนังสือ (Remains)",120238719260240260,2026-05-02,inactive,ad,,,,,0,,0,0,,,,,,,,,2026-05-02,2026-05-02
"[22.10.25][ริว] ป้ายยา (Remains)",120239461693580260,2026-05-02,not_delivering,ad,,,,,0,,0,0,,,,,,,,,2026-05-02,2026-05-02
"[23.02.26][ริว] แม่คือคนรับผิดชอบ (Trap)",120246076494150260,2026-05-02,not_delivering,ad,,,,,0,,0,0,,,,,,,,,2026-05-02,2026-05-02
"[10.11.25][ริว] E-Book ฮีลใจพัฒนาตัวเอง (E-Book)",120240281514030260,2026-05-02,inactive,ad,,,,,0,,0,0,,,,,,,,,2026-05-02,2026-05-02
"[04.05.26][ริว] 5.5 BOXSET 499.- (Promotion)",120248384856480260,2026-05-02,active,ad,การสนทนาผ่านการส่งข้อความที่เริ่มขึ้น,,,,0,,0,0,,,,,,,,,2026-05-02,2026-05-02
"[10.10.25][ริว] 10.10 x งานหนังสือ (Promotion)",120238414815090260,2026-05-02,not_delivering,ad,,,,,0,,0,0,,,,,,,,,2026-05-02,2026-05-02
"[22.10.25][ริว] ป้ายยาหนังสือน่ารัก (Witches)",120240905459160260,2026-05-02,inactive,ad,,,,,0,,0,0,,,,,,,,,2026-05-02,2026-05-02
"[13.10.25][ริว] เล่มลายเซ็น (Remains)",120238789572860260,2026-05-02,inactive,ad,,,,,0,,0,0,,,,,,,,,2026-05-02,2026-05-02
"[12.02.26][ริว] รักคนอื่น (สัมภาษณ์หมอ) (Trap) (Cross Page)",120244538166880260,2026-05-02,not_delivering,ad,,,,,0,,0,0,,,,,,,,,2026-05-02,2026-05-02
"[04.03.26][ริว] ซึมเศร้า (สัมภาษณ์หมอ) (Trap)",120248276238300260,2026-05-02,not_delivering,ad,การสนทนาผ่านการส่งข้อความที่เริ่มขึ้น,1,92.59,,92.59,,1928,1806,,1,92.59,,5,3.16390041,48.02385892,0,2026-05-02,2026-05-02
"[09.09.25][ริว] ยังไม่ดีพอ (ไม่เป็นความจริงแต่อย่างใด) (Demons)",120236832221010260,2026-05-02,not_delivering,ad,,,,,0,,0,0,,,,,,,,,2026-05-02,2026-05-02
"[19.10.25][ริว] 30 เล่มสุดท้าย (Demons)",120239836348480260,2026-05-02,not_delivering,ad,,,,,0,,0,0,,,,,,,,,2026-05-02,2026-05-02
"[25.11.25][ริว] อีบุ๊คแมว : Witches (E-Book)",120241049742010260,2026-05-02,inactive,ad,,,,,0,,0,0,,,,,,,,,2026-05-02,2026-05-02
"[05.04.26][ริว] แด่มนุษย์ที่โดดเดี่ยว AI (Ghostly)",120246687997220260,2026-05-02,inactive,ad,,,,,0,,0,0,,,,,,,,,2026-05-02,2026-05-02
"[15.04.26][ริว] โรคไบโพล่าร์/โรคอารมณ์สองขั้ว AI (Trap)",120247172010320260,2026-05-02,not_delivering,ad,การสนทนาผ่านการส่งข้อความที่เริ่มขึ้น,,,,0,,0,0,,,,,,,,,2026-05-02,2026-05-02
"[22.08.25][ริว] เสียดาย (Ghostly)",120240863076730260,2026-05-02,not_delivering,ad,,,,,0,,0,0,,,,,,,,,2026-05-02,2026-05-02
"[28.08.25][ริว] ประโยคที่อ่านแล้วหายเหนื่อย (Tried)",120235856501730260,2026-05-02,not_delivering,ad,,,,,0,,0,0,,,,,,,,,2026-05-02,2026-05-02
"[26.09.25][ริว] คะแนนเต็ม 100 อย่างน้อยต้องได้ 99 (Demons)",120237557399570260,2026-05-02,not_delivering,ad,,,,,0,,0,0,,,,,,,,,2026-05-02,2026-05-02
"[07.11.25][ริว] 11.11 บุฟเฟต์ 3 เล่ม 999 (Promotion)",120240092369830260,2026-05-02,not_delivering,ad,,,,,0,,0,0,,,,,,,,,2026-05-02,2026-05-02
"[22.08.25][ริว] Payday August 2 Box 999 (Promotion_Payday)",120235866972580260,2026-05-02,inactive,ad,,,,,0,,0,0,,,,,,,,,2026-05-02,2026-05-02
"[24.10.25][ริว] PAYDAY OPD E-Book 1 แถม 1 (Promotion)",120239533151940260,2026-05-02,not_delivering,ad,,,,,0,,0,0,,,,,,,,,2026-05-02,2026-05-02
"[31.10.25][ริว] 30 เล่มสุดท้าย (Remains)",120239979554420260,2026-05-02,inactive,ad,,,,,0,,0,0,,,,,,,,,2026-05-02,2026-05-02
"[08.08.25][ริว] งานศพ (Ghostly)",120235359910710260,2026-05-02,inactive,ad,,,,,0,,0,0,,,,,,,,,2026-05-02,2026-05-02
"[16.01.26][ริว] หนังสือที่ได้รับการเสนอชื่อเข้าชิงรางวัล (Ghostly)",120243289814180260,2026-05-02,inactive,ad,,,,,0,,0,0,,,,,,,,,2026-05-02,2026-05-02
"[10.03.26][ริว] ซึมเศร้า animation (Trap)",120245605402830260,2026-05-02,not_delivering,ad,,,,,0,,0,0,,,,,,,,,2026-05-02,2026-05-02
"[06.10.25][ริว] มีประโยคในหนังสือ (Witches) (Reels)",120243088756870260,2026-05-02,not_delivering,ad,,,,,0,,0,0,,,,,,,,,2026-05-02,2026-05-02
"[13.02.26][ริว] การมีชีวิตอยู่อย่างโดดเดี่ยว (Ghostly)",120244551704340260,2026-05-02,not_delivering,ad,,,,,0,,0,0,,,,,,,,,2026-05-02,2026-05-02
"[23.01.26][ริว] รีวิว (Remains)",120243521461680260,2026-05-02,inactive,ad,,,,,0,,0,0,,,,,,,,,2026-05-02,2026-05-02
"[16.02.26][ริว] คนดีไม่มีความสุข (Trap)",120244438051210260,2026-05-02,not_delivering,ad,,,,,0,,0,0,,,,,,,,,2026-05-02,2026-05-02
"[11.10.25][ริว] ปุณณ์วัฒน์ (Ghostly)",120243177965350260,2026-05-02,not_delivering,ad,,,,,0,,0,0,,,,,,,,,2026-05-02,2026-05-02
"[16.01.26][ริว] ประโยคเดียว (Witches)",120243923853380260,2026-05-02,not_delivering,ad,,,,,0,,0,0,,,,,,,,,2026-05-02,2026-05-02
"[12.02.26][ริว] แม่ไม่ให้มีแฟน (สัมภาษณ์หมอ) (Trap)",120244268154010260,2026-05-02,not_delivering,ad,,,,,0,,0,0,,,,,,,,,2026-05-02,2026-05-02
"[20.04.26][ริว] ใจดีกับทุกคน ยกเว้นตัวเอง AI (Trap)",120247428369730260,2026-05-02,not_delivering,ad,การสนทนาผ่านการส่งข้อความที่เริ่มขึ้น,,,,0,,0,0,,,,,,,,,2026-05-02,2026-05-02
"[16.01.26][ริว] เดาตอนจบไม่ได้ (Ghostly)",120243289734150260,2026-05-02,inactive,ad,,,,,0,,0,0,,,,,,,,,2026-05-02,2026-05-02
"[13.11.25][ริว] 30 Boxset สุดท้าย (Witches)",120240729932860260,2026-05-02,inactive,ad,,,,,0,,0,0,,,,,,,,,2026-05-02,2026-05-02
"[29.01.26][ริว] หนังสือจากแพทย์ (Trap)",120243700718180260,2026-05-02,not_delivering,ad,,,,,0,,0,0,,,,,,,,,2026-05-02,2026-05-02
"[29.03.26][ริว] วิธีรับมือโรคแพนิค (AI) (Trap)",120246607038650260,2026-05-02,not_delivering,ad,,,,,0,,0,0,,,,,,,,,2026-05-02,2026-05-02
"[29.09.25][ริว] การมีชีวิตอยู่อย่างโดดเดี่ยว (Ghostly) (Reels)",120243030432190260,2026-05-02,not_delivering,ad,,,,,0,,0,0,,,,,,,,,2026-05-02,2026-05-02
"[11.12.25][ริว] เปลี่ยนความทุกข์ (Witches)",120241902350010260,2026-05-02,inactive,ad,,,,,0,,0,0,,,,,,,,,2026-05-02,2026-05-02
"[16.01.26][ริว] ประโยคเดียว (Witches)",120244294133280260,2026-05-02,not_delivering,ad,,,,,0,,0,0,,,,,,,,,2026-05-02,2026-05-02
"[16.01.26][ริว] ยึดติด (Remains)",120243287949680260,2026-05-02,inactive,ad,,,,,0,,0,0,,,,,,,,,2026-05-02,2026-05-02
"[22.09.25][ริว] แม่อยากให้ลูกมั่นคง (Remains)",120239982076490260,2026-05-02,inactive,ad,,,,,0,,0,0,,,,,,,,,2026-05-02,2026-05-02
"[12.12.25][ริว] โปร299 (Ghostly)",120242004150490260,2026-05-02,not_delivering,ad,,,,,0,,0,0,,,,,,,,,2026-05-02,2026-05-02
"[29.10.25][ริว] ป้ายยา 2 หนังสือ (Remains)",120241140690620260,2026-05-02,inactive,ad,,,,,0,,0,0,,,,,,,,,2026-05-02,2026-05-02
"[29.03.26][ริว] วิธีรับมือโรคแพนิค (AI) (Trap) - สำเนา",120246783832370260,2026-05-02,not_delivering,ad,,,,,0,,0,0,,,,,,,,,2026-05-02,2026-05-02
"[31.10.25][ริว] 30 เล่มสุดท้าย (Remains)",120239707883040260,2026-05-02,not_delivering,ad,,,,,0,,0,0,,,,,,,,,2026-05-02,2026-05-02
"[06.11.25][ริว] กลับมาอีกครั้ง (Remains)",120241249197570260,2026-05-02,not_delivering,ad,,,,,0,,0,0,,,,,,,,,2026-05-02,2026-05-02
"[16.01.26][ริว] นี่ไม่ใช่ไพ่ทำนายดวง (Witches)",120243289101200260,2026-05-02,inactive,ad,,,,,0,,0,0,,,,,,,,,2026-05-02,2026-05-02
"[05.02.26][ริว] Boxset ลายเซ็น (Witches)",120244543302990260,2026-05-02,not_delivering,ad,,,,,0,,0,0,,,,,,,,,2026-05-02,2026-05-02
"[04.03.26][ริว] ซึมเศร้า (สัมภาษณ์หมอ) (Trap)",120246513224040260,2026-05-02,not_delivering,ad,,,,,0,,0,0,,,,,,,,,2026-05-02,2026-05-02
"[18.11.25][ริว] หนังสือเรียกน้ำตา (Remains)",120240741039260260,2026-05-02,inactive,ad,,,,,0,,0,0,,,,,,,,,2026-05-02,2026-05-02
"[18.12.25][ริว] ลดเหลือ (Ghostly)",120242333773140260,2026-05-02,not_delivering,ad,,,,,0,,0,0,,,,,,,,,2026-05-02,2026-05-02
"[26.11.25][ริว] ไพ่บอกอะไร (Witches)",120241098308880260,2026-05-02,inactive,ad,,,,,0,,0,0,,,,,,,,,2026-05-02,2026-05-02
"[12.12.25][ริว] โปร299 (Ghostly)",120242003711360260,2026-05-02,inactive,ad,,,,,0,,0,0,,,,,,,,,2026-05-02,2026-05-02
"[08.09.25][ริว] ริวหนังสือใหม่ (Demons)",120236554458280260,2026-05-02,inactive,ad,,,,,0,,0,0,,,,,,,,,2026-05-02,2026-05-02
"[25.07.25][ริว] เล่มนี้เหมาะกับคนที่ (Tried)",120233569898650260,2026-05-02,inactive,ad,,,,,0,,0,0,,,,,,,,,2026-05-02,2026-05-02
"[11.12.25][ริว] เติมของ (Ghostly)",120241910332540260,2026-05-02,not_delivering,ad,,,,,0,,0,0,,,,,,,,,2026-05-02,2026-05-02
"[03.09.25][ริว] เปิดตัวปีศาจ 2 (Demons)",120236322692890260,2026-05-02,inactive,ad,,,,,0,,0,0,,,,,,,,,2026-05-02,2026-05-02
"[03.09.25][ริว] จุกอกกับปีศาจ2 (Demons)",120235947738800260,2026-05-02,inactive,ad,,,,,0,,0,0,,,,,,,,,2026-05-02,2026-05-02
"[20.03.26][ริว] เล่มนี้คือภาคต่อที่ควรอ่าน (Remains)",120245759550240260,2026-05-02,not_delivering,ad,,,,,0,,0,0,,,,,,,,,2026-05-02,2026-05-02
"[12.02.26][ริว] รักคนอื่น (สัมภาษณ์หมอ) (Trap)",120244476304810260,2026-05-02,not_delivering,ad,,,,,0,,0,0,,,,,,,,,2026-05-02,2026-05-02
"[11.09.25][ริว] ประโยคเดียวในหนังสือ (Witches)",120236885091550260,2026-05-02,not_delivering,ad,,,,,0,,0,0,,,,,,,,,2026-05-02,2026-05-02
"[05.08.25][ริว] ประโยคในหนังสือเปลี่ยนชีวิต (Witches)",120234426535770260,2026-05-02,not_delivering,ad,,,,,0,,0,0,,,,,,,,,2026-05-02,2026-05-02
"[23.01.26][ริว] พรุ่งนี้ใกล้ความตาย (Ghostly)",120243521711340260,2026-05-02,inactive,ad,,,,,0,,0,0,,,,,,,,,2026-05-02,2026-05-02
"[16.10.25][ริว] หนักมากไหมลูก (Remains)",120238718822930260,2026-05-02,inactive,ad,,,,,0,,0,0,,,,,,,,,2026-05-02,2026-05-02
"[18.09.25][ริว] ถ้าได้ฟังเรื่องราว (Ghostly)",120237710057480260,2026-05-02,not_delivering,ad,,,,,0,,0,0,,,,,,,,,2026-05-02,2026-05-02
"[25.07.25][ริว] คะแนน9.9/10 (Tried)",120234549589850260,2026-05-02,archived,ad,,,,,0,,0,0,,,,,,,,,2026-05-02,2026-05-02
"[03.09.25][ริว] สัญญาณที่ควรอ่าน (Demons)",120236022483590260,2026-05-02,not_delivering,ad,,,,,0,,0,0,,,,,,,,,2026-05-02,2026-05-02
"[09.07.25][ริว] สวัสดียามดึก คุณดวงวิญญาณ (Ghostly)",120234669389350260,2026-05-02,inactive,ad,,,,,0,,0,0,,,,,,,,,2026-05-02,2026-05-02
"[12.09.25][ริว] ริวเตือนสติ (ปีศาจตัวนั้น)",120236739589700260,2026-05-02,not_delivering,ad,,,,,0,,0,0,,,,,,,,,2026-05-02,2026-05-02
"[03.09.25][ริว] จุกอกกับปีศาจ2 (Demons)",120236022483630260,2026-05-02,not_delivering,ad,,,,,0,,0,0,,,,,,,,,2026-05-02,2026-05-02
"[25.07.25][ริว] เล่มนี้เขียนมาเพื่อคุณ (Tried)",120233564947030260,2026-05-02,inactive,ad,,,,,0,,0,0,,,,,,,,,2026-05-02,2026-05-02
"[03.09.25][ริว] สัญญาณที่ควรอ่าน (Demons)",120236323055930260,2026-05-02,inactive,ad,,,,,0,,0,0,,,,,,,,,2026-05-02,2026-05-02
"[23.06.25][ริว] ประโยคเดียวในหนังสือที่จะเปลี่ยนชีวิต (Witches)",120233387269660260,2026-05-02,inactive,ad,,,,,0,,0,0,,,,,,,,,2026-05-02,2026-05-02
"[22.08.25][ริว] Payday August 2 Box 999 (Promotion_Payday)",120235248623590260,2026-05-02,not_delivering,ad,,,,,0,,0,0,,,,,,,,,2026-05-02,2026-05-02
"[25.08.25][ริว] ไพ่สำรับนี้ (Witches)",120236626317060260,2026-05-02,not_delivering,ad,,,,,0,,0,0,,,,,,,,,2026-05-02,2026-05-02
"[06.08.25][ริว] ไม่ว่าชีวิตจะบัดซบ (Tried)",120234430229560260,2026-05-02,not_delivering,ad,,,,,0,,0,0,,,,,,,,,2026-05-02,2026-05-02
"[03.09.25][ริว] สัญญาณที่ควรอ่าน (Demons)",120235859358560260,2026-05-02,inactive,ad,,,,,0,,0,0,,,,,,,,,2026-05-02,2026-05-02
"[22.08.25][ริว] แจกวอลเปเปอร์ (Ghostly)",120236197677720260,2026-05-02,not_delivering,ad,,,,,0,,0,0,,,,,,,,,2026-05-02,2026-05-02
"[23.07.25][ริว] เมื่อเข้าสู่วัยทำงาน (Tried)",120233363840090260,2026-05-02,inactive,ad,,,,,0,,0,0,,,,,,,,,2026-05-02,2026-05-02
"[24.10.25][ริว] PAYDAY OPD E-Book 1 แถม 1 (Promotion)",120239532896010260,2026-05-02,not_delivering,ad,,,,,0,,0,0,,,,,,,,,2026-05-02,2026-05-02
"[03.07.25][ริว] ไพ่อยากจะบอกอะไรกับคุณ (Witches)",120232133366710260,2026-05-02,inactive,ad,,,,,0,,0,0,,,,,,,,,2026-05-02,2026-05-02
"[06.08.25][ริว] มีชีวิตอยู่อย่างโดดเดี่ยว (ghostly)",120235302089230260,2026-05-02,not_delivering,ad,,,,,0,,0,0,,,,,,,,,2026-05-02,2026-05-02
"[27.08.25][ริว] ถูกเอาเปรียบ (Ghostly)",120235752621500260,2026-05-02,not_delivering,ad,,,,,0,,0,0,,,,,,,,,2026-05-02,2026-05-02
"[06.10.25][ริว] มีประโยคในหนังสือ (Witches)",120238262651920260,2026-05-02,not_delivering,ad,,,,,0,,0,0,,,,,,,,,2026-05-02,2026-05-02
"[29.09.25][ริว] เริ่มต้นใหม่กับคุณคนเดิม (Demons)",120237713336910260,2026-05-02,not_delivering,ad,,,,,0,,0,0,,,,,,,,,2026-05-02,2026-05-02
"[25.08.25][ริว] ไพ่สำรับนี้ (Witches)",120235664885330260,2026-05-02,not_delivering,ad,,,,,0,,0,0,,,,,,,,,2026-05-02,2026-05-02
"[08.08.25][ริว] งานศพ (Ghostly)",120235301344260260,2026-05-02,archived,ad,,,,,0,,0,0,,,,,,,,,2026-05-02,2026-05-02
"[09.09.25][ริว] ริว 7 สัญญาณ (Demons)",120236832228890260,2026-05-02,inactive,ad,,,,,0,,0,0,,,,,,,,,2026-05-02,2026-05-02
"[22.08.25][ริว] เสียดาย (Ghostly)",120235433045060260,2026-05-02,archived,ad,,,,,0,,0,0,,,,,,,,,2026-05-02,2026-05-02
"[17.03.26][ริว] เพราะในทุกความเกลียด Animation (Remains)",120245968767790260,2026-05-02,inactive,ad,,,,,0,,0,0,,,,,,,,,2026-05-02,2026-05-02
"[29.09.25][ริว] ประโยคหลังปก ปีศาจ 2 (Demons)",120237713336920260,2026-05-02,not_delivering,ad,,,,,0,,0,0,,,,,,,,,2026-05-02,2026-05-02
"[24.10.25][ริว] PAYDAY OPD E-Book 1 แถม 1 (Promotion)",120239259676290260,2026-05-02,archived,ad,,,,,0,,0,0,,,,,,,,,2026-05-02,2026-05-02
"[24.07.25][ริว] ไพ่สำรับนี้ดูดวงแม่น (Witches)",120234501221900260,2026-05-02,not_delivering,ad,,,,,0,,0,0,,,,,,,,,2026-05-02,2026-05-02
"[22.10.25][ริว] ป้ายยาหนังสือน่ารัก (Witches)",120239113491130260,2026-05-02,not_delivering,ad,,,,,0,,0,0,,,,,,,,,2026-05-02,2026-05-02
"[06.08.25][ริว] กลับมารักตัวเอง (Ghostly)",120234486765540260,2026-05-02,inactive,ad,,,,,0,,0,0,,,,,,,,,2026-05-02,2026-05-02
"[28.08.25][ริว] ประโยคที่อ่านแล้วหายเหนื่อย (Tried)",120235810968300260,2026-05-02,not_delivering,ad,,,,,0,,0,0,,,,,,,,,2026-05-02,2026-05-02
"[11.06.25][ริว] หนังสือฮีลใจแห่งปี (Ghostly)",120236605895750260,2026-05-02,inactive,ad,,,,,0,,0,0,,,,,,,,,2026-05-02,2026-05-02
"[05.08.25][ริว] ประโยคในหนังสือเปลี่ยนชีวิต (Witches)",120235152659750260,2026-05-02,inactive,ad,,,,,0,,0,0,,,,,,,,,2026-05-02,2026-05-02
"[05.08.25][ริว] จะมูฟออนได้ยังไง (ปีศาจตัวนั้น)",120234605062350260,2026-05-02,not_delivering,ad,,,,,0,,0,0,,,,,,,,,2026-05-02,2026-05-02
"[20.08.25][ริว] สปอยหน้าปกปีศาจ (Demons)",120235296688020260,2026-05-02,inactive,ad,,,,,0,,0,0,,,,,,,,,2026-05-02,2026-05-02
"[05.08.25][ริว] จะมูฟออนได้ยังไง (ปีศาจตัวนั้น)",120234427586630260,2026-05-02,inactive,ad,,,,,0,,0,0,,,,,,,,,2026-05-02,2026-05-02
"[23.06.25][ริว] ประโยคเดียวในหนังสือที่จะเปลี่ยนชีวิต (Witches)",120235152659740260,2026-05-02,not_delivering,ad,,,,,0,,0,0,,,,,,,,,2026-05-02,2026-05-02
"[22.10.25][ริว] ป้ายยา (Remains)",120239538063210260,2026-05-02,not_delivering,ad,,,,,0,,0,0,,,,,,,,,2026-05-02,2026-05-02
"[03.09.25][ริว] เปิดตัวปีศาจ 2 (ภาคเสียงและนางแบบมือโดยดาราสาวสองท่าน) (Demons)",120236027865750260,2026-05-02,not_delivering,ad,,,,,0,,0,0,,,,,,,,,2026-05-02,2026-05-02
"[25.07.25][ริว] อ่านบทแรกก็เสียน้ำตาละ (Ghostly)",120236739413650260,2026-05-02,inactive,ad,,,,,0,,0,0,,,,,,,,,2026-05-02,2026-05-02
"[24.07.25][ริว] หนังสือที่ควรอ่านสักครั้ง (Witches)",120234375496700260,2026-05-02,inactive,ad,,,,,0,,0,0,,,,,,,,,2026-05-02,2026-05-02
"[24.07.25][ริว] ไพ่สำรับนี้ดูดวงแม่น (Witches)",120235302228420260,2026-05-02,not_delivering,ad,,,,,0,,0,0,,,,,,,,,2026-05-02,2026-05-02
"[03.09.25][ริว] เปิดตัวปีศาจ 2 (Demons)",120236651462240260,2026-05-02,not_delivering,ad,,,,,0,,0,0,,,,,,,,,2026-05-02,2026-05-02
"[10.10.25][ริว] 10.10 x งานหนังสือ (Promotion)",120238414621350260,2026-05-02,not_delivering,ad,,,,,0,,0,0,,,,,,,,,2026-05-02,2026-05-02
"[03.09.25][ริว] สัญญาณที่ควรอ่าน (Demons)",120236651495650260,2026-05-02,inactive,ad,,,,,0,,0,0,,,,,,,,,2026-05-02,2026-05-02
"[10.03.26][ริว] ซึมเศร้า animation (Trap)",120245424021290260,2026-05-02,inactive,ad,,,,,0,,0,0,,,,,,,,,2026-05-02,2026-05-02
"[08.07.25][ริว] หนังสือฮีลใจยอดขายอันดับ1 (Ghostly)",120235576024410260,2026-05-02,not_delivering,ad,,,,,0,,0,0,,,,,,,,,2026-05-02,2026-05-02
"[23.06.25][ริว] ประโยคเดียวในหนังสือที่จะเปลี่ยนชีวิต (Witches)",120234553219250260,2026-05-02,not_delivering,ad,,,,,0,,0,0,,,,,,,,,2026-05-02,2026-05-02
"[11.09.25][ริว] หรือเขาคงต้องการ (Ghostly)",120236683200910260,2026-05-02,not_delivering,ad,,,,,0,,0,0,,,,,,,,,2026-05-02,2026-05-02
"[07.09.25][ริว] ริวร้องไห้กับหนังสือ (Demons)",120238434523170260,2026-05-02,inactive,ad,,,,,0,,0,0,,,,,,,,,2026-05-02,2026-05-02
"[03.09.25][ริว] จุกอกกับปีศาจ2 (Demons)",120235859086150260,2026-05-02,not_delivering,ad,,,,,0,,0,0,,,,,,,,,2026-05-02,2026-05-02
"[13.04.26][ริว] ทำเหมือนไม่เป็นไร ทั้งที่ข้างในไม่โอเค (BOXSET) AI (Tried)",120247075490800260,2026-05-02,not_delivering,ad,การสนทนาผ่านการส่งข้อความที่เริ่มขึ้น,,,,69.94,,481,460,,,,,1,7.69230769,145.40540541,,2026-05-02,2026-05-02
"[06.10.25][ริว] มีประโยคในหนังสือ (Witches)",120238409595920260,2026-05-02,not_delivering,ad,,,,,0,,0,0,,,,,,,,,2026-05-02,2026-05-02
"[12.02.26][ริว] รักคนอื่น (สัมภาษณ์หมอ) (Trap)",120244521006030260,2026-05-02,not_delivering,ad,,,,,0,,0,0,,,,,,,,,2026-05-02,2026-05-02
"[22.08.25][ริว] เสียดาย (Ghostly)",120236633340860260,2026-05-02,not_delivering,ad,,,,,0,,0,0,,,,,,,,,2026-05-02,2026-05-02
"[01.04.26][ริว] เลิกควบคุมสิ่งที่ควมคุมไม่ได้ (AI) (Trap)",120246702152460260,2026-05-02,archived,ad,,,,,0,,0,0,,,,,,,,,2026-05-02,2026-05-02
"[29.03.26][ริว] วิธีรับมือโรคแพนิค (AI) (Trap)",120246702152410260,2026-05-02,archived,ad,,,,,0,,0,0,,,,,,,,,2026-05-02,2026-05-02
"[18.09.25][ริว] 7 สัญญาณวัยทำงาน (Tried)",120237047959170260,2026-05-02,inactive,ad,,,,,0,,0,0,,,,,,,,,2026-05-02,2026-05-02
"[27.05.25][ริว] ประโยคที่อ่านแล้วจุกอก (Witches)",120229570620900260,2026-05-02,inactive,ad,,,,,0,,0,0,,,,,,,,,2026-05-02,2026-05-02
"[23.04.26][ริว] Smiling depression ภาวะซึมเศร้าที่ซ่อนอยู่ใต้รอยยิ้ม AI (Trap)",120247655662150260,2026-05-02,not_delivering,ad,การสนทนาผ่านการส่งข้อความที่เริ่มขึ้น,9,101.76111111,1157,915.85,1.26330731,17677,16163,3,9,101.76111111,4,59,2.51173842,51.81026192,0.33333333,2026-05-02,2026-05-02
"[24.07.25][ริว] ไพ่สำรับนี้ดูดวงแม่น (Witches)",120234553488760260,2026-05-02,not_delivering,ad,,,,,0,,0,0,,,,,,,,,2026-05-02,2026-05-02
"[11.12.25][ริว] ส่งความสุข (Witches)",120241902819610260,2026-05-02,not_delivering,ad,,,,,0,,0,0,,,,,,,,,2026-05-02,2026-05-02
"[18.07.25][ริว] ประโยคจุกอก (Ghostly)",120233218690800260,2026-05-02,not_delivering,ad,,,,,0,,0,0,,,,,,,,,2026-05-02,2026-05-02
"[25.07.25][ริว] คะแนน9.9/10 (Tried)",120235785850700260,2026-05-02,not_delivering,ad,,,,,0,,0,0,,,,,,,,,2026-05-02,2026-05-02
"[05.09.25][ริว] ความผิดพลาด (Witches)",120236626910480260,2026-05-02,not_delivering,ad,,,,,0,,0,0,,,,,,,,,2026-05-02,2026-05-02
"[16.01.26][ริว] นี่ไม่ใช่ไพ่ทำนายดวง (Witches)",120244181124460260,2026-05-02,not_delivering,ad,,,,,0,,0,0,,,,,,,,,2026-05-02,2026-05-02
"[24.02.26][ริว] ภาคต่อ (Remains)",120244782328670260,2026-05-02,not_delivering,ad,,,,,0,,0,0,,,,,,,,,2026-05-02,2026-05-02
"[08.07.25][ริว] หนังสือฮีลใจยอดขายอันดับ1 (Ghostly)",120233369285290260,2026-05-02,inactive,ad,,,,,0,,0,0,,,,,,,,,2026-05-02,2026-05-02
"[29.03.26][ริว] วิธีรับมือโรคแพนิค (AI) (Trap)",120246607084040260,2026-05-02,not_delivering,ad,,,,,0,,0,0,,,,,,,,,2026-05-02,2026-05-02
"[14.07.25][ริว] ฉันชื่อว่าความรัก (Ghostly)",120232760284500260,2026-05-02,inactive,ad,,,,,0,,0,0,,,,,,,,,2026-05-02,2026-05-02
"[01.04.26][ริว] เลิกควบคุมสิ่งที่ควมคุมไม่ได้ (AI) (Trap)",120246609046290260,2026-05-02,inactive,ad,การสนทนาผ่านการส่งข้อความที่เริ่มขึ้น,,,,0,,0,0,,,,,,,,,2026-05-02,2026-05-02
"[10.03.26][ริว] ซึมเศร้า animation (Trap)",120245752590030260,2026-05-02,not_delivering,ad,,,,,0,,0,0,,,,,,,,,2026-05-02,2026-05-02
"[23.06.25][ริว] ประโยคเดียวในหนังสือที่จะเปลี่ยนชีวิต (Witches)",120232931671200260,2026-05-02,not_delivering,ad,,,,,0,,0,0,,,,,,,,,2026-05-02,2026-05-02
"[16.01.26][ริว] ประโยคเดียว (Witches)",120243608427620260,2026-05-02,inactive,ad,,,,,0,,0,0,,,,,,,,,2026-05-02,2026-05-02
"[08.08.25][ริว] งานศพ (Ghostly)",120234714645900260,2026-05-02,inactive,ad,,,,,0,,0,0,,,,,,,,,2026-05-02,2026-05-02
"[18.09.25][ริว] หยุดพูดแย่ๆกับตัวเอง (Witches)",120237444631390260,2026-05-02,not_delivering,ad,,,,,0,,0,0,,,,,,,,,2026-05-02,2026-05-02
"[23.06.25][ริว] ประโยคเดียวในหนังสือที่จะเปลี่ยนชีวิต (Witches)",120235152494170260,2026-05-02,inactive,ad,,,,,0,,0,0,,,,,,,,,2026-05-02,2026-05-02
"[17.10.25][ริว] ซึมตั้งแต่อ่านปก (Tried)",120238797201540260,2026-05-02,not_delivering,ad,,,,,0,,0,0,,,,,,,,,2026-05-02,2026-05-02
"[16.01.26][ริว] ประโยคเดียว (Witches)",120243289031100260,2026-05-02,inactive,ad,,,,,0,,0,0,,,,,,,,,2026-05-02,2026-05-02
"[10.03.26][ริว] ซึมเศร้า animation (Trap)",120245729985620260,2026-05-02,not_delivering,ad,,,,,0,,0,0,,,,,,,,,2026-05-02,2026-05-02
"[30.03.26][ริว] 3 ประโยค เพิ่มรอยยิ้มให้ตัวเอง เพราะมันน่ารักที่สุดแล้ว (Kiwtum)",120246411798230260,2026-05-02,not_delivering,ad,,,,,0,,0,0,,,,,,,,,2026-05-02,2026-05-02
"[23.05.25][ริว] ประโยคหนึ่งในหนังสือที่เหมือนมีน้องแมวเวทมนตร์มากระซิบ (Witches)",120229194996460260,2026-05-02,inactive,ad,,,,,0,,0,0,,,,,,,,,2026-05-02,2026-05-02
"[12.02.26][ริว] คนดีมักรู้สึกผิด (Trap) (Cross Page)",120244538166900260,2026-05-02,not_delivering,ad,,,,,0,,0,0,,,,,,,,,2026-05-02,2026-05-02
"[20.04.26][ริว] อีโก้ไม่ใช่เรื่องแย่ แต่ต้องมีอย่างพอดี AI (Kiwtum)",120247436739900260,2026-05-02,not_delivering,ad,,,,,0,,0,0,,,,,,,,,2026-05-02,2026-05-02
"[29.03.26][ริว] วิธีรับมือโรคแพนิค (AI) (Trap)",120246702152350260,2026-05-02,archived,ad,,,,,0,,0,0,,,,,,,,,2026-05-02,2026-05-02
"[31.10.25][ริว] อ่านแล้วหายเหนื่อย (Tried)",120241142580930260,2026-05-02,inactive,ad,,,,,0,,0,0,,,,,,,,,2026-05-02,2026-05-02
"[05.04.26][ริว] Chronic Loneliness ภาวะเหงาเรื้อรังที่รู้สึกโดดเดี่ยวอ้างว้างตลอดเวลา AI (Ghostly)",120246835244880260,2026-05-02,inactive,ad,การสนทนาผ่านการส่งข้อความที่เริ่มขึ้น,,,,0,,0,0,,,,,,,,,2026-05-02,2026-05-02
"[25.03.26][ริว] จิตวิทยาของการสูญเสีย เขาบอกไว้ว่า (AI) (Witches)",120246834253790260,2026-05-02,inactive,ad,การสนทนาผ่านการส่งข้อความที่เริ่มขึ้น,,,,0,,0,0,,,,,,,,,2026-05-02,2026-05-02
"[31.03.26][ริว] อย่าปล่อยให้พ่อแม่รอ กลับไปเยี่ยมในวันที่ยังมีโอกาส (Ghostly)",120246835244840260,2026-05-02,not_delivering,ad,,,,,0,,0,0,,,,,,,,,2026-05-02,2026-05-02
"[25.03.26][ริว] จิตวิทยาของการสูญเสีย เขาบอกไว้ว่า (AI) (Witches)",120246036069780260,2026-05-02,inactive,ad,,,,,0,,0,0,,,,,,,,,2026-05-02,2026-05-02
"[22.07.25][ริว] วันนี้เธอเหนื่อยไหม (Tried)",120234551733470260,2026-05-02,archived,ad,,,,,0,,0,0,,,,,,,,,2026-05-02,2026-05-02
"[04.03.26][ริว] ซึมเศร้า (สัมภาษณ์หมอ) (Trap)",120246310130810260,2026-05-02,not_delivering,ad,,,,,0,,0,0,,,,,,,,,2026-05-02,2026-05-02
"[05.08.25][ริว] ประโยคในหนังสือเปลี่ยนชีวิต (Witches)",120234501412070260,2026-05-02,not_delivering,ad,,,,,0,,0,0,,,,,,,,,2026-05-02,2026-05-02
"[17.09.25][ริว] ทุกคนว่าโลกหลังความตาย (Ghostly)",120237558753280260,2026-05-02,inactive,ad,,,,,0,,0,0,,,,,,,,,2026-05-02,2026-05-02
"[03.09.25][ริว] เปิดตัวปีศาจ 2 (ภาคเสียงและนางแบบมือโดยดาราสาวสองท่าน) (Demons)",120236027822440260,2026-05-02,not_delivering,ad,,,,,0,,0,0,,,,,,,,,2026-05-02,2026-05-02
"[30.08.25][ริว] แค่ประโยคเดียว (Witches)",120235859198640260,2026-05-02,not_delivering,ad,,,,,0,,0,0,,,,,,,,,2026-05-02,2026-05-02
"[05.03.26][ริว] ลองจินตนาการ (Ghostly)",120245502184700260,2026-05-02,not_delivering,ad,,,,,0,,0,0,,,,,,,,,2026-05-02,2026-05-02
"[22.10.25][ริว] ป้ายยาหนังสือน่ารัก (Witches)",120239655756410260,2026-05-02,not_delivering,ad,,,,,0,,0,0,,,,,,,,,2026-05-02,2026-05-02
"[11.10.25][ริว] ปุณณ์วัฒน์ (Ghostly)",120241546458260260,2026-05-02,not_delivering,ad,,,,,0,,0,0,,,,,,,,,2026-05-02,2026-05-02
"[21.10.25][ริว] มีประโยค (Remains)",120239054830250260,2026-05-02,not_delivering,ad,,,,,0,,0,0,,,,,,,,,2026-05-02,2026-05-02
"[08.08.25][ริว] คิดถึงแฟนเก่า (ปีศาจตัวนั้น)",120234603897520260,2026-05-02,inactive,ad,,,,,0,,0,0,,,,,,,,,2026-05-02,2026-05-02
"[19.10.25][ริว] 30 เล่มสุดท้าย (Demons)",120239589754050260,2026-05-02,not_delivering,ad,,,,,0,,0,0,,,,,,,,,2026-05-02,2026-05-02
"[06.08.25][ริว] แค่หนังสือการ์ตูน ทำไมถึงร้องไห้ (Ghostly)",120236168732470260,2026-05-02,not_delivering,ad,,,,,0,,0,0,,,,,,,,,2026-05-02,2026-05-02
"[03.09.25][ริว] เปิดตัวปีศาจ 2 (ภาคเสียงและนางแบบมือโดยดาราสาวสองท่าน) (Demons)",120236027921500260,2026-05-02,not_delivering,ad,,,,,0,,0,0,,,,,,,,,2026-05-02,2026-05-02
"[17.10.25][ริว] ซึมตั้งแต่อ่านปก (Tried)",120238791237940260,2026-05-02,inactive,ad,,,,,0,,0,0,,,,,,,,,2026-05-02,2026-05-02
"[23.07.25][ริว] เมื่อเข้าสู่วัยทำงาน (Tried)",120234426787720260,2026-05-02,not_delivering,ad,,,,,0,,0,0,,,,,,,,,2026-05-02,2026-05-02
"[23.06.25][ริว] ประโยคเดียวในหนังสือที่จะเปลี่ยนชีวิต (Witches)",120240490222440260,2026-05-02,inactive,ad,,,,,0,,0,0,,,,,,,,,2026-05-02,2026-05-02
"[11.09.25][ริว] หรือเขาคงต้องการ (Ghostly)",120236644783240260,2026-05-02,inactive,ad,,,,,0,,0,0,,,,,,,,,2026-05-02,2026-05-02
"[03.10.25][ริว] จะเป็นยังไง (Remains)",120237920510180260,2026-05-02,inactive,ad,,,,,0,,0,0,,,,,,,,,2026-05-02,2026-05-02
"[11.06.25][ริว] สายมูและทาสแมวต้องชอบเล่มนี้ (Witches)",120230542796480260,2026-05-02,inactive,ad,,,,,0,,0,0,,,,,,,,,2026-05-02,2026-05-02
"[25.07.25][ริว] อ่านบทแรกก็เสียน้ำตาละ (Ghostly)",120233556355320260,2026-05-02,not_delivering,ad,,,,,0,,0,0,,,,,,,,,2026-05-02,2026-05-02
"[03.11.25][ริว] ไม่มีความเศร้าไหน (ปีศาจตัวนั้น)",120239856249160260,2026-05-02,inactive,ad,,,,,0,,0,0,,,,,,,,,2026-05-02,2026-05-02
"[31.10.25][ริว] 30 เล่มสุดท้าย (Remains)",120240436035860260,2026-05-02,inactive,ad,,,,,0,,0,0,,,,,,,,,2026-05-02,2026-05-02
"[29.09.25][ริว] E-Book (Ghostly)",120237712710700260,2026-05-02,inactive,ad,,,,,0,,0,0,,,,,,,,,2026-05-02,2026-05-02
"[18.03.26][ริว] ซึมเศร้าเพราะรู้สึกผิดและโทษตัวเอง (สัมภาษณ์หมอ) (Trap)",120245747426720260,2026-05-02,not_delivering,ad,,,,,0,,0,0,,,,,,,,,2026-05-02,2026-05-02
"[22.08.25][ริว] เสียดาย (Ghostly)",120244054365110260,2026-05-02,not_delivering,ad,,,,,0,,0,0,,,,,,,,,2026-05-02,2026-05-02
"[09.07.25][ริว] หนังสือกระแสตอบรับดี (Ghostly)",120232528365050260,2026-05-02,inactive,ad,,,,,0,,0,0,,,,,,,,,2026-05-02,2026-05-02
"[24.07.25][ริว] หนังสือที่ควรอ่านสักครั้ง (Witches)",120234069310270260,2026-05-02,not_delivering,ad,,,,,0,,0,0,,,,,,,,,2026-05-02,2026-05-02
"[13.04.26][ริว] ถ้าวันนี้คุณเหนื่อย…ลองอ่านประโยคนี้ดูนะ (Tried)",120247075536970260,2026-05-02,inactive,ad,,,,,0,,0,0,,,,,,,,,2026-05-02,2026-05-02
"[06.08.25][ริว] กลับมารักตัวเอง (Ghostly)",120234669544110260,2026-05-02,not_delivering,ad,,,,,0,,0,0,,,,,,,,,2026-05-02,2026-05-02
"[17.03.26][ริว] เพราะในทุกความเกลียด Animation (Remains)",120245836190200260,2026-05-02,not_delivering,ad,,,,,0,,0,0,,,,,,,,,2026-05-02,2026-05-02
"[29.03.26][ริว] วิธีรับมือโรคแพนิค (AI) (Trap)",120246702152390260,2026-05-02,archived,ad,,,,,0,,0,0,,,,,,,,,2026-05-02,2026-05-02
"[09.09.25][ริว] คะแนนเต็ม 100 อย่างน้อยต้องได้ 9.9 (Demons)",120236555834720260,2026-05-02,inactive,ad,,,,,0,,0,0,,,,,,,,,2026-05-02,2026-05-02
"[23.02.26][ริว] แม่คือคนรับผิดชอบ (Trap)",120245730515070260,2026-05-02,not_delivering,ad,,,,,0,,0,0,,,,,,,,,2026-05-02,2026-05-02
"[23.05.25][ริว] หนังสือการ์ตูนฮีลใจ (Ghostly)",120229263403310260,2026-05-02,inactive,ad,,,,,0,,0,0,,,,,,,,,2026-05-02,2026-05-02
"[03.09.25][ริว] จุกอกกับปีศาจ2 (Demons)",120235869179100260,2026-05-02,inactive,ad,,,,,0,,0,0,,,,,,,,,2026-05-02,2026-05-02
"[16.10.25][ริว] ผลงานภาคต่อ (Remains)",120238861258180260,2026-05-02,inactive,ad,,,,,0,,0,0,,,,,,,,,2026-05-02,2026-05-02
"[03.12.25][ริว] แม่อยากให้ลูกมีอนาคตที่ดี (Remains)",120242966265880260,2026-05-02,inactive,ad,,,,,0,,0,0,,,,,,,,,2026-05-02,2026-05-02
"[24.10.25][ริว] PAYDAY OPD E-Book 1 แถม 1 (Promotion)",120239264735570260,2026-05-02,not_delivering,ad,,,,,0,,0,0,,,,,,,,,2026-05-02,2026-05-02
"[24.07.25][ริว] หนังสือที่ควรอ่านสักครั้ง (Witches)",120234874603650260,2026-05-02,not_delivering,ad,,,,,0,,0,0,,,,,,,,,2026-05-02,2026-05-02
"[09.07.25][ริว] สวัสดียามดึก คุณดวงวิญญาณ (Ghostly) - Copy",120234548377900260,2026-05-02,archived,ad,,,,,0,,0,0,,,,,,,,,2026-05-02,2026-05-02
"[03.09.25][ริว] สัญญาณที่ควรอ่าน (Demons)",120240179530960260,2026-05-02,not_delivering,ad,,,,,0,,0,0,,,,,,,,,2026-05-02,2026-05-02
"[22.10.25][ริว] (ไม่)นอกใจ (Demons) (Reels)",120243296728190260,2026-05-02,not_delivering,ad,,,,,0,,0,0,,,,,,,,,2026-05-02,2026-05-02
"[10.11.25][ริว] วันนี้เราป้ายยา (Witches)",120240277058110260,2026-05-02,inactive,ad,,,,,0,,0,0,,,,,,,,,2026-05-02,2026-05-02
"[22.01.26][ริว] เปิดตัวเล่มใหม่ (Trap)",120243468439130260,2026-05-02,not_delivering,ad,,,,,0,,0,0,,,,,,,,,2026-05-02,2026-05-02
"[27.11.25][ริว] 5 คำพูดที่พระพุทธเจ้าไม่ได้กล่าว (Witches)",120241544518770260,2026-05-02,inactive,ad,,,,,0,,0,0,,,,,,,,,2026-05-02,2026-05-02
"[31.07.25][ริว] สำรวจปีศาจในตัวคุณ (ปีศาจตัวนั้น)",120234133689800260,2026-05-02,inactive,ad,,,,,0,,0,0,,,,,,,,,2026-05-02,2026-05-02
"[27.11.25][ริว] 5 คำพูดที่พระพุทธเจ้าไม่ได้กล่าว (Witches)",120241144418330260,2026-05-02,inactive,ad,,,,,0,,0,0,,,,,,,,,2026-05-02,2026-05-02
"[06.10.25][ริว] คะแนน 1000/100 (Remains)",120238320906720260,2026-05-02,not_delivering,ad,,,,,0,,0,0,,,,,,,,,2026-05-02,2026-05-02
"[23.03.26][ริว] ถ้าคืนนี้เป็นคืนสุดท้าย (AI) (Ghostly)",120245967973710260,2026-05-02,not_delivering,ad,,,,,0,,0,0,,,,,,,,,2026-05-02,2026-05-02
"[11.10.25][ริว] ปุณณ์วัฒน์ (Ghostly)",120240331080220260,2026-05-02,inactive,ad,,,,,0,,0,0,,,,,,,,,2026-05-02,2026-05-02
"[04.05.26][ริว] ก้าวข้ามคำพูดแย่ ๆ ของตัวเอง แล้วใช้ชีวิตให้มีความสุข AI (Trap)",120248372735030260,2026-05-02,not_delivering,ad,การสนทนาผ่านการส่งข้อความที่เริ่มขึ้น,,,,0,,0,0,,,,,,,,,2026-05-02,2026-05-02
"[24.12.25][ริว] ไพ่ทำนายดวง (Witches)",120242965669890260,2026-05-02,inactive,ad,,,,,0,,0,0,,,,,,,,,2026-05-02,2026-05-02
"[28.08.25][ริว] รีวิวหนังสือ 5/5 (Tried)",120235856501740260,2026-05-02,not_delivering,ad,,,,,0,,0,0,,,,,,,,,2026-05-02,2026-05-02
"[09.07.25][ริว] สวัสดียามดึก คุณดวงวิญญาณ (Ghostly)",120233369285350260,2026-05-02,not_delivering,ad,,,,,0,,0,0,,,,,,,,,2026-05-02,2026-05-02
"[07.11.25][ริว] 11.11 บุฟเฟต์ 3 เล่ม 999 (Promotion)",120240091421620260,2026-05-02,not_delivering,ad,,,,,0,,0,0,,,,,,,,,2026-05-02,2026-05-02
"[25.08.25][ริว] ไพ่สำรับนี้ (Witches)",120236550386520260,2026-05-02,not_delivering,ad,,,,,0,,0,0,,,,,,,,,2026-05-02,2026-05-02
"[22.08.25][ริว] เสียดาย (Ghostly)",120235860563850260,2026-05-02,not_delivering,ad,,,,,0,,0,0,,,,,,,,,2026-05-02,2026-05-02
"[24.10.25][ริว] PAYDAY OPD E-Book 1 แถม 1 (Promotion)",120239260667390260,2026-05-02,archived,ad,,,,,0,,0,0,,,,,,,,,2026-05-02,2026-05-02
"[23.02.26][ริว] มนุษย์ที่เป็นคนดี (Trap)",120244726532140260,2026-05-02,not_delivering,ad,,,,,0,,0,0,,,,,,,,,2026-05-02,2026-05-02
"[11.10.25][ริว] ปุณณ์วัฒน์ (Ghostly)",120240330932990260,2026-05-02,inactive,ad,,,,,0,,0,0,,,,,,,,,2026-05-02,2026-05-02
"[10.03.26][ริว] ซึมเศร้า animation (Trap)",120245622850250260,2026-05-02,not_delivering,ad,,,,,0,,0,0,,,,,,,,,2026-05-02,2026-05-02
"[29.09.25][ริว] การมีชีวิตอยู่อย่างโดดเดี่ยว (Ghostly)",120237845256820260,2026-05-02,inactive,ad,,,,,0,,0,0,,,,,,,,,2026-05-02,2026-05-02
"[01.07.25][ริว] สายมูอยากมีชีวิตดี หยุดฟัง (Witches)",120232034014460260,2026-05-02,inactive,ad,,,,,0,,0,0,,,,,,,,,2026-05-02,2026-05-02
"[23.06.25][ริว] ประโยคเดียวในหนังสือที่จะเปลี่ยนชีวิต (Witches)",120235302800440260,2026-05-02,not_delivering,ad,,,,,0,,0,0,,,,,,,,,2026-05-02,2026-05-02
"[08.07.25][ริว] หนังสือฮีลใจยอดขายอันดับ1 (Ghostly)",120235357901210260,2026-05-02,archived,ad,,,,,0,,0,0,,,,,,,,,2026-05-02,2026-05-02
"[29.05.26][ริว] มองปัญหาให้เป็นบทเรียน (Witches)",120248075677970260,2026-05-02,not_delivering,ad,การสนทนาผ่านการส่งข้อความที่เริ่มขึ้น,,,,0,,0,0,,,,,,,,,2026-05-02,2026-05-02
"[22.10.25][ริว] ป้ายยา (Remains)",120239272581810260,2026-05-02,inactive,ad,,,,,0,,0,0,,,,,,,,,2026-05-02,2026-05-02
"[23.06.25][ริว] ประโยคเดียวในหนังสือที่จะเปลี่ยนชีวิต (Witches)",120240098337390260,2026-05-02,not_delivering,ad,,,,,0,,0,0,,,,,,,,,2026-05-02,2026-05-02
"[18.09.25][ริว] สัญญาณวัยทำงาน (Tried)",120237048224230260,2026-05-02,inactive,ad,,,,,0,,0,0,,,,,,,,,2026-05-02,2026-05-02
"[04.03.26][ริว] ซึมเศร้า (สัมภาษณ์หมอ) (Trap)",120248305761990260,2026-05-02,active,ad,การสนทนาผ่านการส่งข้อความที่เริ่มขึ้น,,,,0,,0,0,,,,,,,,,2026-05-02,2026-05-02
"[03.09.25][ริว] จุกอกกับปีศาจ2 (Demons)",120236553014040260,2026-05-02,inactive,ad,,,,,0,,0,0,,,,,,,,,2026-05-02,2026-05-02
"[05.04.26][ริว] แด่มนุษย์ที่โดดเดี่ยว AI (Ghostly)",120247247147510260,2026-05-02,not_delivering,ad,การสนทนาผ่านการส่งข้อความที่เริ่มขึ้น,,,,0,,0,0,,,,,,,,,2026-05-02,2026-05-02
"[22.10.25][ริว] (ไม่)นอกใจ (Demons)",120239113355270260,2026-05-02,inactive,ad,,,,,0,,0,0,,,,,,,,,2026-05-02,2026-05-02
"[23.09.25][ริว] PayDay : Boxset+Book 799.- (Promotion)",120237384847410260,2026-05-02,not_delivering,ad,,,,,0,,0,0,,,,,,,,,2026-05-02,2026-05-02
"[20.10.25][ริว] ความผิดพลาด (Witches)",120239971450800260,2026-05-02,not_delivering,ad,,,,,0,,0,0,,,,,,,,,2026-05-02,2026-05-02
"[04.03.26][ริว] ซึมเศร้า (สัมภาษณ์หมอ) (Trap)",120246310130800260,2026-05-02,not_delivering,ad,,,,,0,,0,0,,,,,,,,,2026-05-02,2026-05-02
"[23.06.25][ริว] ประโยคเดียวในหนังสือที่จะเปลี่ยนชีวิต (Witches)",120232600840790260,2026-05-02,inactive,ad,,,,,0,,0,0,,,,,,,,,2026-05-02,2026-05-02
"[06.10.25][ริว] มีประโยคในหนังสือ (Witches)",120243884480410260,2026-05-02,not_delivering,ad,,,,,0,,0,0,,,,,,,,,2026-05-02,2026-05-02
"[12.02.26][ริว] รักคนอื่น (สัมภาษณ์หมอ) (Trap)",120244521093450260,2026-05-02,not_delivering,ad,,,,,0,,0,0,,,,,,,,,2026-05-02,2026-05-02
"[22.10.25][ริว] ป้ายยา (Remains)",120240664237130260,2026-05-02,inactive,ad,,,,,0,,0,0,,,,,,,,,2026-05-02,2026-05-02
"[22.08.25][ริว] แจกวอลเปเปอร์ (Ghostly)",120236197786070260,2026-05-02,not_delivering,ad,,,,,0,,0,0,,,,,,,,,2026-05-02,2026-05-02
"[04.03.26][ริว] ซึมเศร้า (สัมภาษณ์หมอ) (Trap) (Cross Page)",120245623833990260,2026-05-02,not_delivering,ad,,,,,0,,0,0,,,,,,,,,2026-05-02,2026-05-02
"[03.09.25][ริว] สัญญาณที่ควรอ่าน (Demons)",120236553082830260,2026-05-02,not_delivering,ad,,,,,0,,0,0,,,,,,,,,2026-05-02,2026-05-02
"[23.07.25][ริว] แค่ชื่อก็เหมือนโดนปลอบ (Tried)",120234427154130260,2026-05-02,not_delivering,ad,,,,,0,,0,0,,,,,,,,,2026-05-02,2026-05-02
"[28.08.25][ริว] ประโยคจากหนังสือ (Tried)",120235856501750260,2026-05-02,not_delivering,ad,,,,,0,,0,0,,,,,,,,,2026-05-02,2026-05-02
"[04.09.25][ริว] 9.9 : 3 เล่ม ราคา 999.- (Promotion)",120236189268770260,2026-05-02,not_delivering,ad,,,,,0,,0,0,,,,,,,,,2026-05-02,2026-05-02
"[09.07.25][ริว] สวัสดียามดึก คุณดวงวิญญาณ (Ghostly)",120236244580970260,2026-05-02,not_delivering,ad,,,,,0,,0,0,,,,,,,,,2026-05-02,2026-05-02
"[07.09.25][ริว] ริวร้องไห้กับหนังสือ (Demons)",120236441368950260,2026-05-02,inactive,ad,,,,,0,,0,0,,,,,,,,,2026-05-02,2026-05-02
"[03.09.25][ริว] เปิดตัวปีศาจ 2 (ภาคเสียงและนางแบบมือโดยดาราสาวสองท่าน) (Demons)",120236620456550260,2026-05-02,not_delivering,ad,,,,,0,,0,0,,,,,,,,,2026-05-02,2026-05-02
"[04.03.26][ริว] ซึมเศร้า (สัมภาษณ์หมอ) (Trap)",120247408900310260,2026-05-02,not_delivering,ad,การสนทนาผ่านการส่งข้อความที่เริ่มขึ้น,2,105.69,,211.38,,2991,2842,,2,105.69,,11,2.90872618,70.67201605,0,2026-05-02,2026-05-02
"[03.09.25][ริว] จุกอกกับปีศาจ2 (Demons)",120236324479750260,2026-05-02,not_delivering,ad,,,,,0,,0,0,,,,,,,,,2026-05-02,2026-05-02
"[03.09.25][ริว] เปิดตัวปีศาจ 2 (Demons)",120235869229090260,2026-05-02,not_delivering,ad,,,,,0,,0,0,,,,,,,,,2026-05-02,2026-05-02
"[25.11.25][ริว] ซิ่ง Black Friday (Promotion)",120241092129330260,2026-05-02,inactive,ad,,,,,0,,0,0,,,,,,,,,2026-05-02,2026-05-02
"[23.06.25][ริว] ประโยคเดียวในหนังสือที่จะเปลี่ยนชีวิต (Witches)",120232932515500260,2026-05-02,not_delivering,ad,,,,,0,,0,0,,,,,,,,,2026-05-02,2026-05-02
"[03.09.25][ริว] เปิดตัวปีศาจ 2 (ภาคเสียงและนางแบบมือโดยดาราสาวสองท่าน) (Demons)",120236324479830260,2026-05-02,not_delivering,ad,,,,,0,,0,0,,,,,,,,,2026-05-02,2026-05-02
"[17.09.25][ริว] ทุกคนว่าโลกหลังความตาย (Ghostly)",120237333515580260,2026-05-02,not_delivering,ad,,,,,0,,0,0,,,,,,,,,2026-05-02,2026-05-02
"[23.06.25][ริว] ประโยคเดียวในหนังสือที่จะเปลี่ยนชีวิต (Witches)",120231531720390260,2026-05-02,not_delivering,ad,,,,,0,,0,0,,,,,,,,,2026-05-02,2026-05-02
"[06.08.25][ริว] สัญญาณที่บอกว่าคุณต้องพัก (Tried)",120234440306590260,2026-05-02,not_delivering,ad,,,,,0,,0,0,,,,,,,,,2026-05-02,2026-05-02
"[08.07.25][ริว] เราเป็นมนุษย์ (Embrace)",120232415345490260,2026-05-02,archived,ad,,,,,0,,0,0,,,,,,,,,2026-05-02,2026-05-02
"[11.10.25][ริว] ปุณณ์วัฒน์ (Ghostly)",120244054365130260,2026-05-02,not_delivering,ad,,,,,0,,0,0,,,,,,,,,2026-05-02,2026-05-02
"[05.06.25][ริว] ไม่ได้ตั้งใจจะปล่อยให้มันสาย (Ghostly)",120230762758020260,2026-05-02,inactive,ad,,,,,0,,0,0,,,,,,,,,2026-05-02,2026-05-02
"[19.06.25][ริว] บทสนทนาของคนที่ไม่มีโอกาสพูดอีกแล้ว (Ghostly)",120231259934200260,2026-05-02,inactive,ad,,,,,0,,0,0,,,,,,,,,2026-05-02,2026-05-02
"[03.04.26][ริว] โรคซึมเศร้า AI (Trap)",120248070634130260,2026-05-02,active,ad,การสนทนาผ่านการส่งข้อความที่เริ่มขึ้น,4,75.4575,409,301.83,1.35506742,4815,4748,1,4,75.4575,1,19,5.192108,62.68535826,0.25,2026-05-02,2026-05-02
"[30.10.25][ริว] การอยู่คนเดียว (Ghostly)",120239976949600260,2026-05-02,not_delivering,ad,,,,,0,,0,0,,,,,,,,,2026-05-02,2026-05-02
"[31.07.25][ริว] สำรวจปีศาจในตัวคุณ (ปีศาจตัวนั้น)",120234316313630260,2026-05-02,inactive,ad,,,,,0,,0,0,,,,,,,,,2026-05-02,2026-05-02
"[03.09.25][ริว] เปิดตัวปีศาจ 2 (Demons)",120236620456540260,2026-05-02,not_delivering,ad,,,,,0,,0,0,,,,,,,,,2026-05-02,2026-05-02
"[28.08.25][ริว] รีวิวหนังสือ 5/5 (Tried)",120235811690630260,2026-05-02,not_delivering,ad,,,,,0,,0,0,,,,,,,,,2026-05-02,2026-05-02
"[19.03.26][ริว] ความสุขเล็ก ๆ (สัมภาษณ์นักเขียน) (Ghostly)",120245759411070260,2026-05-02,not_delivering,ad,,,,,0,,0,0,,,,,,,,,2026-05-02,2026-05-02
"[03.11.25][ริว] ไม่มีความเศร้าไหน (ปีศาจตัวนั้น)",120239857849420260,2026-05-02,not_delivering,ad,,,,,0,,0,0,,,,,,,,,2026-05-02,2026-05-02
"[12.02.26][ริว] คนดีมักรู้สึกผิด (Trap)",120244442888980260,2026-05-02,not_delivering,ad,,,,,0,,0,0,,,,,,,,,2026-05-02,2026-05-02
"[16.02.26][ริว] รีสต็อก (Ghostly)",120244475987880260,2026-05-02,not_delivering,ad,,,,,0,,0,0,,,,,,,,,2026-05-02,2026-05-02
"[29.09.25][ริว] E-Book (Ghostly)",120237712571360260,2026-05-02,not_delivering,ad,,,,,0,,0,0,,,,,,,,,2026-05-02,2026-05-02
"[01.04.26][ริว] เลิกควบคุมสิ่งที่ควมคุมไม่ได้ (AI) (Trap)",120246702152360260,2026-05-02,archived,ad,,,,,0,,0,0,,,,,,,,,2026-05-02,2026-05-02
"[05.08.25][ริว] ประโยคในหนังสือเปลี่ยนชีวิต (Witches)",120235152494180260,2026-05-02,not_delivering,ad,,,,,0,,0,0,,,,,,,,,2026-05-02,2026-05-02
"[03.04.26][ริว] โรคซึมเศร้า AI (Trap)",120247605944700260,2026-05-02,not_delivering,ad,การสนทนาผ่านการส่งข้อความที่เริ่มขึ้น,3,58.18,,174.54,,2462,2362,,3,58.18,,9,5.03655565,70.89358245,0,2026-05-02,2026-05-02
"[29.09.25][ริว] E-Book (Ghostly)",120237712662060260,2026-05-02,not_delivering,ad,,,,,0,,0,0,,,,,,,,,2026-05-02,2026-05-02
"[25.07.25][ริว] แค่อ่านชื่อหน้าปก (Tried)",120234057866950260,2026-05-02,inactive,ad,,,,,0,,0,0,,,,,,,,,2026-05-02,2026-05-02
"[05.03.26][ริว] ลองจินตนาการ (Ghostly)",120245212231070260,2026-05-02,not_delivering,ad,,,,,0,,0,0,,,,,,,,,2026-05-02,2026-05-02
"[10.11.25][ริว] วันนี้เราป้ายยา (Witches)",120240277238120260,2026-05-02,inactive,ad,,,,,0,,0,0,,,,,,,,,2026-05-02,2026-05-02
"[30.08.25][ริว] แค่ประโยคเดียว (Witches)",120235859321670260,2026-05-02,not_delivering,ad,,,,,0,,0,0,,,,,,,,,2026-05-02,2026-05-02
"[05.08.25][ริว] ประโยคในหนังสือเปลี่ยนชีวิต (Witches)",120234425829510260,2026-05-02,inactive,ad,,,,,0,,0,0,,,,,,,,,2026-05-02,2026-05-02
"[05.09.25][ริว] ความผิดพลาด (Witches)",120236552206390260,2026-05-02,not_delivering,ad,,,,,0,,0,0,,,,,,,,,2026-05-02,2026-05-02
"[07.03.26][ริว] เรียนรู้ (Remains)",120245370709330260,2026-05-02,not_delivering,ad,,,,,0,,0,0,,,,,,,,,2026-05-02,2026-05-02
"[04.03.26][ริว] ซึมเศร้า (สัมภาษณ์หมอ) (Trap)",120245622538440260,2026-05-02,not_delivering,ad,,,,,0,,0,0,,,,,,,,,2026-05-02,2026-05-02
"[28.06.25][ริว] รู้สึกดีไม่พอ จนอยากหายไปจากโลก (Embrace)",120231822520030260,2026-05-02,inactive,ad,,,,,0,,0,0,,,,,,,,,2026-05-02,2026-05-02
"[18.10.25][ริว] อยู่คนเดียว (Ghostly) (Reels)",120243125917470260,2026-05-02,not_delivering,ad,,,,,0,,0,0,,,,,,,,,2026-05-02,2026-05-02
"[07.11.25][ริว] 11.11 บุฟเฟต์ 3 เล่ม 999 (Promotion)",120240091997080260,2026-05-02,not_delivering,ad,,,,,0,,0,0,,,,,,,,,2026-05-02,2026-05-02
"[18.09.25][ริว] ถ้าได้ฟังเรื่องราว (Ghostly)",120237845256800260,2026-05-02,inactive,ad,,,,,0,,0,0,,,,,,,,,2026-05-02,2026-05-02
"[08.08.25][ริว] งานศพ (Ghostly)",120235358433280260,2026-05-02,archived,ad,,,,,0,,0,0,,,,,,,,,2026-05-02,2026-05-02
"[01.04.26][ริว] เลิกควบคุมสิ่งที่ควมคุมไม่ได้ (AI) (Trap)",120246607923390260,2026-05-02,not_delivering,ad,,,,,0,,0,0,,,,,,,,,2026-05-02,2026-05-02
"[04.03.26][ริว] ซึมเศร้า (สัมภาษณ์หมอ) (Trap) (Cross Page)",120246513252250260,2026-05-02,not_delivering,ad,,,,,0,,0,0,,,,,,,,,2026-05-02,2026-05-02
"[04.03.26][ริว] ซึมเศร้า (สัมภาษณ์หมอ) (Trap)",120245166667660260,2026-05-02,active,ad,การสนทนาผ่านการส่งข้อความที่เริ่มขึ้น,44,58.1325,4609,2557.83,1.80191803,54781,48022,11,44,58.1325,16,191,2.26173308,46.69191873,0.25,2026-05-02,2026-05-02
"[25.11.25][ริว] ซิ่ง Black Friday (Promotion)",120241092267660260,2026-05-02,inactive,ad,,,,,0,,0,0,,,,,,,,,2026-05-02,2026-05-02
"[03.12.25][ริว] แม่อยากให้ลูกมีอนาคตที่ดี (Remains)",120241905903170260,2026-05-02,inactive,ad,,,,,0,,0,0,,,,,,,,,2026-05-02,2026-05-02
"[04.03.26][ริว] ซึมเศร้า (สัมภาษณ์หมอ) (Trap) (Cross Page)",120245332675130260,2026-05-02,not_delivering,ad,การสนทนาผ่านการส่งข้อความที่เริ่มขึ้น,,,,0,,0,0,,,,,,,,,2026-05-02,2026-05-02
"[01.02.26][ริว] สุขภาพจิตพัง (Trap)",120243835393060260,2026-05-02,not_delivering,ad,,,,,0,,0,0,,,,,,,,,2026-05-02,2026-05-02
"[13.01.26] [ริว] อย่าลืมที่จะรักตัวเอง (Devillove) (Reels)",120243182996580260,2026-05-02,not_delivering,ad,,,,,0,,0,0,,,,,,,,,2026-05-02,2026-05-02
"[23.06.25][ริว] ประโยคเดียวในหนังสือที่จะเปลี่ยนชีวิต (Witches)",120232600912430260,2026-05-02,inactive,ad,,,,,0,,0,0,,,,,,,,,2026-05-02,2026-05-02
"[03.09.25][ริว] เปิดตัวปีศาจ 2 (ภาคเสียงและนางแบบมือโดยดาราสาวสองท่าน) (Demons)",120236323500680260,2026-05-02,inactive,ad,,,,,0,,0,0,,,,,,,,,2026-05-02,2026-05-02
"[03.09.25][ริว] สัญญาณที่ควรอ่าน (Demons)",120235859235010260,2026-05-02,not_delivering,ad,,,,,0,,0,0,,,,,,,,,2026-05-02,2026-05-02
"[09.07.25][ริว] สวัสดียามดึก คุณดวงวิญญาณ (Ghostly)",120235432534190260,2026-05-02,not_delivering,ad,,,,,0,,0,0,,,,,,,,,2026-05-02,2026-05-02
"[06.11.25][ริว] กลับมาอีกครั้ง (Remains)",120239980300610260,2026-05-02,not_delivering,ad,,,,,0,,0,0,,,,,,,,,2026-05-02,2026-05-02
"[03.11.25][ริว] ความกลัวชนะทุกอย่าง (Demons)",120240027918040260,2026-05-02,not_delivering,ad,,,,,0,,0,0,,,,,,,,,2026-05-02,2026-05-02
"[25.07.25][ริว] สัญญาณที่บอกว่าควรอ่าน (Tried)",120234054436780260,2026-05-02,not_delivering,ad,,,,,0,,0,0,,,,,,,,,2026-05-02,2026-05-02
"[19.08.25][ริว] ความสูญเสียทำให้เจ็บปวด (Witches)",120235186536740260,2026-05-02,not_delivering,ad,,,,,0,,0,0,,,,,,,,,2026-05-02,2026-05-02
"[22.08.25][ริว] Payday August 2 Box 999 (Promotion_Payday)",120235249187300260,2026-05-02,inactive,ad,,,,,0,,0,0,,,,,,,,,2026-05-02,2026-05-02
"[06.08.25][ริว] มีชีวิตอยู่อย่างโดดเดี่ยว (ghostly)",120236605075960260,2026-05-02,not_delivering,ad,,,,,0,,0,0,,,,,,,,,2026-05-02,2026-05-02
"[05.09.25][ริว] ความผิดพลาด (Witches)",120236328573700260,2026-05-02,not_delivering,ad,,,,,0,,0,0,,,,,,,,,2026-05-02,2026-05-02
"[22.08.25][ริว] แจกวอลเปเปอร์ (Ghostly)",120236603598850260,2026-05-02,archived,ad,,,,,0,,0,0,,,,,,,,,2026-05-02,2026-05-02
"[06.09.25][ริว] ความกลัวการไม่ถูกรัก (Ghostly)",120236334970020260,2026-05-02,inactive,ad,,,,,0,,0,0,,,,,,,,,2026-05-02,2026-05-02
"[23.06.25][ริว] ประโยคเดียวในหนังสือที่จะเปลี่ยนชีวิต (Witches)",120235301664190260,2026-05-02,not_delivering,ad,,,,,0,,0,0,,,,,,,,,2026-05-02,2026-05-02
"[03.11.25][ริว] ความกลัวชนะทุกอย่าง (Demons)",120239861864450260,2026-05-02,not_delivering,ad,,,,,0,,0,0,,,,,,,,,2026-05-02,2026-05-02
"[06.08.25][ริว] หนังสือการ์ตูนที่อ่านแล้วรักตัวเองมากขึ้น (Ghostly)",120236739576720260,2026-05-02,inactive,ad,,,,,0,,0,0,,,,,,,,,2026-05-02,2026-05-02
"[08.08.25][ริว] mindsetดี (ปีศาจตัวนั้น)",120234605057660260,2026-05-02,not_delivering,ad,,,,,0,,0,0,,,,,,,,,2026-05-02,2026-05-02
"[12.02.26][ริว] รางวัล (Ghostly)",120244263538170260,2026-05-02,not_delivering,ad,,,,,0,,0,0,,,,,,,,,2026-05-02,2026-05-02
"[19.06.25][ริว] บทสนทนาของคนที่ไม่มีโอกาสพูดอีกแล้ว (Ghostly)",120231719647910260,2026-05-02,inactive,ad,,,,,0,,0,0,,,,,,,,,2026-05-02,2026-05-02
"[22.10.25][ริว] (ไม่)นอกใจ (Demons)",120239836524220260,2026-05-02,not_delivering,ad,,,,,0,,0,0,,,,,,,,,2026-05-02,2026-05-02
"[18.09.25][ริว] หยุดพูดแย่ๆกับตัวเอง (Witches)",120237332933360260,2026-05-02,not_delivering,ad,,,,,0,,0,0,,,,,,,,,2026-05-02,2026-05-02
"[09.07.25][ริว] สวัสดียามดึก คุณดวงวิญญาณ (Ghostly)",120234207685580260,2026-05-02,not_delivering,ad,,,,,0,,0,0,,,,,,,,,2026-05-02,2026-05-02
"[23.04.26][ริว] Smiling depression ภาวะซึมเศร้าที่ซ่อนอยู่ใต้รอยยิ้ม AI (Trap)",120248070511120260,2026-05-02,not_delivering,ad,การสนทนาผ่านการส่งข้อความที่เริ่มขึ้น,,,339,190.45,1.77999475,2472,2303,1,,,1,8,3.27669903,77.04288026,,2026-05-02,2026-05-02
"[18.07.25][ริว] ประโยคจุกอก (Ghostly)",120233149056350260,2026-05-02,inactive,ad,,,,,0,,0,0,,,,,,,,,2026-05-02,2026-05-02
"[06.08.25][ริว] คะแนน 9.9/10 (Tried)",120234441394790260,2026-05-02,inactive,ad,,,,,0,,0,0,,,,,,,,,2026-05-02,2026-05-02
"[03.09.25][ริว] สัญญาณที่ควรอ่าน (Demons)",120236318952000260,2026-05-02,not_delivering,ad,,,,,0,,0,0,,,,,,,,,2026-05-02,2026-05-02
"[25.03.26][ริว] จิตวิทยาของการสูญเสีย เขาบอกไว้ว่า (AI) (Witches)",120246573533560260,2026-05-02,not_delivering,ad,,,,,0,,0,0,,,,,,,,,2026-05-02,2026-05-02
"[16.01.26][ริว] หายเหนื่อย (Tried)",120243290135930260,2026-05-02,inactive,ad,,,,,0,,0,0,,,,,,,,,2026-05-02,2026-05-02
"[14.03.26][ริว] อ่านแล้วโคตรจริง (Witches)",120245562310490260,2026-05-02,not_delivering,ad,,,,,0,,0,0,,,,,,,,,2026-05-02,2026-05-02
"[21.05.25][ริว] ถ้าโลกมันแย่ แค่คิดแบบคาปิบาร่า (Capybara_Boxset)",120229054225990260,2026-05-02,inactive,ad,,,,,0,,0,0,,,,,,,,,2026-05-02,2026-05-02
"[29.09.25][ริว] E-Book (Ghostly)",120240395242180260,2026-05-02,active,ad,การสนทนาผ่านการส่งข้อความที่เริ่มขึ้น,,,,0,,0,0,,,,,,,,,2026-05-02,2026-05-02
"[11.06.25][ริว] หนังสือฮีลใจแห่งปี (Ghostly)",120232764473090260,2026-05-02,not_delivering,ad,,,,,0,,0,0,,,,,,,,,2026-05-02,2026-05-02
"[25.03.26][ริว] จิตวิทยาของการสูญเสีย เขาบอกไว้ว่า (AI) (Witches)",120246202009430260,2026-05-02,inactive,ad,,,,,0,,0,0,,,,,,,,,2026-05-02,2026-05-02
"[17.09.25][ริว] ทุกคนว่าโลกหลังความตาย (Ghostly)",120237559338260260,2026-05-02,not_delivering,ad,,,,,0,,0,0,,,,,,,,,2026-05-02,2026-05-02
"[04.03.26][ริว] ซึมเศร้า (สัมภาษณ์หมอ) (Trap)",120246835224830260,2026-05-02,not_delivering,ad,,,,,0,,0,0,,,,,,,,,2026-05-02,2026-05-02
"[20.10.25][ริว] ความผิดพลาด (Witches)",120239112661920260,2026-05-02,not_delivering,ad,,,,,0,,0,0,,,,,,,,,2026-05-02,2026-05-02
"[13.11.25][ริว] 30 Boxset สุดท้าย (Witches)",120240735389410260,2026-05-02,inactive,ad,,,,,0,,0,0,,,,,,,,,2026-05-02,2026-05-02
"[01.10.25][ริว] ถ้าวันนี้คือวันสุดท้าย (Ghostly)",120237852451390260,2026-05-02,not_delivering,ad,,,,,0,,0,0,,,,,,,,,2026-05-02,2026-05-02
"[03.09.25][ริว] สัญญาณที่ควรอ่าน (Demons)",120235869179110260,2026-05-02,inactive,ad,,,,,0,,0,0,,,,,,,,,2026-05-02,2026-05-02
"[23.05.25][ริว] ประโยคหนึ่งในหนังสือที่เหมือนมีน้องแมวเวทมนตร์มากระซิบ (Witches)",120229194261210260,2026-05-02,inactive,ad,,,,,0,,0,0,,,,,,,,,2026-05-02,2026-05-02
"[25.07.25][ริว] คะแนน9.9/10 (Tried)",120234552176440260,2026-05-02,not_delivering,ad,,,,,0,,0,0,,,,,,,,,2026-05-02,2026-05-02
"[03.09.25][ริว] จุกอกกับปีศาจ2 (Demons)",120236358913790260,2026-05-02,not_delivering,ad,,,,,0,,0,0,,,,,,,,,2026-05-02,2026-05-02
"[30.07.25][ริว] บางครั้งการเอาแต่คิดมาก (Capybara)",120234070848580260,2026-05-02,not_delivering,ad,,,,,0,,0,0,,,,,,,,,2026-05-02,2026-05-02
"[01.07.25][ริว] โทษตัวเอง เพราะแค่เหนื่อย (ปีศาจตัวนั้น)",120231987089540260,2026-05-02,not_delivering,ad,,,,,0,,0,0,,,,,,,,,2026-05-02,2026-05-02
"[26.02.26][ริว] คุยกันทุกวันไม่มีสถานะ (ปีศาจตัวนั้น)",120244932128060260,2026-05-02,not_delivering,ad,,,,,0,,0,0,,,,,,,,,2026-05-02,2026-05-02
"[23.07.25][ริว] PAYDAY SALE JULY (Promotion_Payday) - No Meme",120233337837650260,2026-05-02,not_delivering,ad,,,,,0,,0,0,,,,,,,,,2026-05-02,2026-05-02
"[12.02.26][ริว] คนดีมักรู้สึกผิด (Trap)",120244521408080260,2026-05-02,not_delivering,ad,,,,,0,,0,0,,,,,,,,,2026-05-02,2026-05-02
"[03.04.26][ริว] โรคซึมเศร้า AI (Trap)",120248211330740260,2026-05-02,active,ad,การสนทนาผ่านการส่งข้อความที่เริ่มขึ้น,1,157.96,,157.96,,1727,1648,,1,157.96,,14,6.31152287,91.46496815,0,2026-05-02,2026-05-02
"[05.09.25][ริว] คาถาเปลี่ยนชีวิต (Witches)",120236326729990260,2026-05-02,not_delivering,ad,,,,,0,,0,0,,,,,,,,,2026-05-02,2026-05-02
"[12.02.26][ริว] หากกำลังโทษตัวเอง (Embrace)",120244294639160260,2026-05-02,not_delivering,ad,,,,,0,,0,0,,,,,,,,,2026-05-02,2026-05-02
"[06.08.25][ริว] กลับมารักตัวเอง (Ghostly)",120236606000590260,2026-05-02,not_delivering,ad,,,,,0,,0,0,,,,,,,,,2026-05-02,2026-05-02
"[23.06.25][ริว] ประโยคเดียวในหนังสือที่จะเปลี่ยนชีวิต (Witches)",120240098124910260,2026-05-02,inactive,ad,,,,,0,,0,0,,,,,,,,,2026-05-02,2026-05-02
"[25.07.25][ริว] รักษาตัวเองให้ดี (Ghostly)",120233558221230260,2026-05-02,not_delivering,ad,,,,,0,,0,0,,,,,,,,,2026-05-02,2026-05-02
"[11.09.25][ริว] ประโยคเดียวในหนังสือ (Witches)",120236735544260260,2026-05-02,not_delivering,ad,,,,,0,,0,0,,,,,,,,,2026-05-02,2026-05-02
"[03.09.25][ริว] จุกอกกับปีศาจ2 (Demons)",120236323055920260,2026-05-02,inactive,ad,,,,,0,,0,0,,,,,,,,,2026-05-02,2026-05-02
"[24.07.25][ริว] ไพ่สำรับนี้ดูดวงแม่น (Witches)",120233469566080260,2026-05-02,not_delivering,ad,,,,,0,,0,0,,,,,,,,,2026-05-02,2026-05-02
"[22.09.25][ริว] แม่อยากให้ลูกมั่นคง (Remains)",120237922323530260,2026-05-02,inactive,ad,,,,,0,,0,0,,,,,,,,,2026-05-02,2026-05-02
"[27.05.25][ริว] ประโยคที่อ่านแล้วจุกอก (Witches)",120229503347270260,2026-05-02,inactive,ad,,,,,0,,0,0,,,,,,,,,2026-05-02,2026-05-02
"[05.09.25][ริว] กลับมารักตัวเองเพราะ (Witches)",120236326295440260,2026-05-02,not_delivering,ad,,,,,0,,0,0,,,,,,,,,2026-05-02,2026-05-02
"[18.09.25][ริว] ถ้าได้ฟังเรื่องราว (Ghostly)",120237558753300260,2026-05-02,inactive,ad,,,,,0,,0,0,,,,,,,,,2026-05-02,2026-05-02
"[01.08.25][ริว] ประโยคเดียวในหนังสือ (Witches)",120234208201370260,2026-05-02,inactive,ad,,,,,0,,0,0,,,,,,,,,2026-05-02,2026-05-02
"[14.06.25][ริว] ประโยคในหนังสือ...ที่อ่านแล้ว ทำให้เรา 'ไม่รู้สึกแปลก' (Witches)",120230769663540260,2026-05-02,inactive,ad,,,,,0,,0,0,,,,,,,,,2026-05-02,2026-05-02
"[27.08.25][ริว] ถูกเอาเปรียบ (Ghostly)",120235861251950260,2026-05-02,not_delivering,ad,,,,,0,,0,0,,,,,,,,,2026-05-02,2026-05-02
"[06.11.25][ริว] กลับมาอีกครั้ง (Remains)",120240333892660260,2026-05-02,not_delivering,ad,,,,,0,,0,0,,,,,,,,,2026-05-02,2026-05-02
"[22.08.25][ริว] เสียดาย (Ghostly)",120236003389070260,2026-05-02,not_delivering,ad,,,,,0,,0,0,,,,,,,,,2026-05-02,2026-05-02
"[12.02.26][ริว] รักคนอื่น (สัมภาษณ์หมอ) (Trap)",120244855729390260,2026-05-02,not_delivering,ad,,,,,0,,0,0,,,,,,,,,2026-05-02,2026-05-02
"[23.05.25][ริว] หนังสือการ์ตูนฮีลใจ (Ghostly)",120229512245420260,2026-05-02,inactive,ad,,,,,0,,0,0,,,,,,,,,2026-05-02,2026-05-02
"[29.09.25][ริว] E-Book (Ghostly)",120237852374480260,2026-05-02,inactive,ad,,,,,0,,0,0,,,,,,,,,2026-05-02,2026-05-02
"[28.06.25][ริว] ถ้าไม่อยากเป็นแบบนี้ อย่าอ่านเล่มนี้ (Ghostly)",120232382445370260,2026-05-02,not_delivering,ad,,,,,0,,0,0,,,,,,,,,2026-05-02,2026-05-02
"[21.03.26][ริว] อย่ากลัวการเปลี่ยนแปลง อย่าหวั่นการเปลี่ยนเส้นทางชีวิต (Kidmakk)",120245847041340260,2026-05-02,not_delivering,ad,,,,,0,,0,0,,,,,,,,,2026-05-02,2026-05-02
"[20.10.25][ริว] ความผิดพลาด (Witches)",120240098203350260,2026-05-02,inactive,ad,,,,,0,,0,0,,,,,,,,,2026-05-02,2026-05-02
"[18.10.25][ริว] อยู่คนเดียว (Ghostly)",120239976976120260,2026-05-02,not_delivering,ad,,,,,0,,0,0,,,,,,,,,2026-05-02,2026-05-02
"[10.04.26][ริว] เสียดายคนตายไม่ได้อ่านเล่มนี้ (Ghostly)",120247314684060260,2026-05-02,inactive,ad,,,,,0,,0,0,,,,,,,,,2026-05-02,2026-05-02
"[16.01.26][ริว] อ่านแล้วใจเบาลง (Tried)",120243290015950260,2026-05-02,inactive,ad,,,,,0,,0,0,,,,,,,,,2026-05-02,2026-05-02
"[27.03.26][ริว] ลดความคาดหวัง ใจเราจะเบาขึ้น (AI) (Remains)",120246200053780260,2026-05-02,inactive,ad,,,,,0,,0,0,,,,,,,,,2026-05-02,2026-05-02
"[01.04.26][ริว] เลิกควบคุมสิ่งที่ควมคุมไม่ได้ (AI) (Trap)",120246607003630260,2026-05-02,not_delivering,ad,,,,,0,,0,0,,,,,,,,,2026-05-02,2026-05-02
"[04.10.25][ริว] เสาหลักของบ้าน (Tried)",120238409028530260,2026-05-02,not_delivering,ad,,,,,0,,0,0,,,,,,,,,2026-05-02,2026-05-02
"[04.03.26][ริว] ซึมเศร้า (สัมภาษณ์หมอ) (Trap) (Cross Page)",120245624446890260,2026-05-02,not_delivering,ad,,,,,0,,0,0,,,,,,,,,2026-05-02,2026-05-02
"[05.04.26][ริว] Chronic Loneliness ภาวะเหงาเรื้อรังที่รู้สึกโดดเดี่ยวอ้างว้างตลอดเวลา AI (Ghostly)",120247589720990260,2026-05-02,not_delivering,ad,การเข้าถึง,0,,,0,,0,0,,,,,,,,,2026-05-02,2026-05-02
"[05.03.26][ริว] ลองจินตนาการ (Ghostly)",120245407844700260,2026-05-02,not_delivering,ad,,,,,0,,0,0,,,,,,,,,2026-05-02,2026-05-02
"[23.02.26][ริว] แม่คือคนรับผิดชอบ (Trap)",120245282152870260,2026-05-02,not_delivering,ad,,,,,0,,0,0,,,,,,,,,2026-05-02,2026-05-02
"[08.08.25][ริว] งานศพ (Ghostly)",120234794681110260,2026-05-02,inactive,ad,,,,,0,,0,0,,,,,,,,,2026-05-02,2026-05-02
"[11.06.25][ริว] หนังสือฮีลใจแห่งปี (Ghostly)",120230538494380260,2026-05-02,inactive,ad,,,,,0,,0,0,,,,,,,,,2026-05-02,2026-05-02
"[18.09.25][ริว] หยุดพูดแย่ๆกับตัวเอง (Witches)",120237444174060260,2026-05-02,not_delivering,ad,,,,,0,,0,0,,,,,,,,,2026-05-02,2026-05-02
"[05.04.26][ริว] Chronic Loneliness ภาวะเหงาเรื้อรังที่รู้สึกโดดเดี่ยวอ้างว้างตลอดเวลา AI (Ghostly)",120247588786360260,2026-05-02,active,ad,การเข้าถึง,10148,9.59302326,,97.35,,10228,10148,,,,,25,0.30308956,9.51798983,,2026-05-02,2026-05-02
"[08.08.25][ริว] คิดถึงแฟนเก่า (ปีศาจตัวนั้น)",120234605062360260,2026-05-02,not_delivering,ad,,,,,0,,0,0,,,,,,,,,2026-05-02,2026-05-02
"[23.07.25][ริว] แค่ชื่อก็เหมือนโดนปลอบ (Tried)",120233364191350260,2026-05-02,inactive,ad,,,,,0,,0,0,,,,,,,,,2026-05-02,2026-05-02
"[01.04.26][ริว] เลิกควบคุมสิ่งที่ควมคุมไม่ได้ (AI) (Trap) - สำเนา",120246783780130260,2026-05-02,not_delivering,ad,,,,,0,,0,0,,,,,,,,,2026-05-02,2026-05-02
"[22.07.25][ริว] วันนี้เธอเหนื่อยไหม (Tried)",120233024674730260,2026-05-02,not_delivering,ad,,,,,0,,0,0,,,,,,,,,2026-05-02,2026-05-02
"[08.08.25][ริว] mindsetดี (ปีศาจตัวนั้น)",120234604089880260,2026-05-02,inactive,ad,,,,,0,,0,0,,,,,,,,,2026-05-02,2026-05-02
"[30.01.26][ริว] ถ้าคนที่เรารัก (Ghostly)",120243742270310260,2026-05-02,inactive,ad,,,,,0,,0,0,,,,,,,,,2026-05-02,2026-05-02
"[24.07.25][ริว] แค่หนังสือร้องไห้ทำไม (ปีศาจตัวนั้น)",120233469177900260,2026-05-02,not_delivering,ad,,,,,0,,0,0,,,,,,,,,2026-05-02,2026-05-02
"[03.10.25][ริว] จะเป็นยังไง (Remains)",120237922762580260,2026-05-02,inactive,ad,,,,,0,,0,0,,,,,,,,,2026-05-02,2026-05-02
"[22.10.25][ริว] ป้ายยา (Remains)",120239115125230260,2026-05-02,inactive,ad,,,,,0,,0,0,,,,,,,,,2026-05-02,2026-05-02
"[22.10.25][ริว] ป้ายยาหนังสือน่ารัก (Witches)",120239970741900260,2026-05-02,inactive,ad,,,,,0,,0,0,,,,,,,,,2026-05-02,2026-05-02
"[03.07.25][ริว][Cross Page] ไม่ได้ตั้งใจจะปล่อยให้มันสาย (Ghostly)",120232174472620260,2026-05-02,not_delivering,ad,,,,,0,,0,0,,,,,,,,,2026-05-02,2026-05-02
"[24.07.25][ริว] ไพ่สำรับนี้ดูดวงแม่น (Witches)",120235186324600260,2026-05-02,not_delivering,ad,,,,,0,,0,0,,,,,,,,,2026-05-02,2026-05-02
"[18.08.25][ริว] กดดันตัวเองมาทั้งชีวิต (Embrace)",120235184817960260,2026-05-02,not_delivering,ad,,,,,0,,0,0,,,,,,,,,2026-05-02,2026-05-02
"[22.10.25][ริว] ป้ายยาหนังสือน่ารัก (Witches)",120239113844200260,2026-05-02,not_delivering,ad,,,,,0,,0,0,,,,,,,,,2026-05-02,2026-05-02
"[12.08.25][ริว] คะแนน 11/10 (Witches)",120234722245710260,2026-05-02,not_delivering,ad,,,,,0,,0,0,,,,,,,,,2026-05-02,2026-05-02
"[06.08.25][ริว] หนังสือการ์ตูนที่อ่านแล้วรักตัวเองมากขึ้น (Ghostly)",120235868330010260,2026-05-02,not_delivering,ad,,,,,0,,0,0,,,,,,,,,2026-05-02,2026-05-02
"[16.10.25][ริว] เมไอสัมภาษณ์ปีศาจ2 (Demons)",120238788809920260,2026-05-02,inactive,ad,,,,,0,,0,0,,,,,,,,,2026-05-02,2026-05-02
"[06.08.25][ริว] รีวิวการ์ตูนฮีลใจแห่งปี (Ghostly)",120236739454540260,2026-05-02,inactive,ad,,,,,0,,0,0,,,,,,,,,2026-05-02,2026-05-02
"[13.10.25][ริว] เล่มลายเซ็น (Remains)",120238862259600260,2026-05-02,not_delivering,ad,,,,,0,,0,0,,,,,,,,,2026-05-02,2026-05-02
"[23.06.25][ริว] ประโยคเดียวในหนังสือที่จะเปลี่ยนชีวิต (Witches)",120233387492020260,2026-05-02,not_delivering,ad,,,,,0,,0,0,,,,,,,,,2026-05-02,2026-05-02
"[29.10.25][ริว] ป้ายยา 2 หนังสือ (Remains)",120239540621860260,2026-05-02,inactive,ad,,,,,0,,0,0,,,,,,,,,2026-05-02,2026-05-02
"[23.06.25][ริว] ประโยคเดียวในหนังสือที่จะเปลี่ยนชีวิต (Witches)",120236619734450260,2026-05-02,not_delivering,ad,,,,,0,,0,0,,,,,,,,,2026-05-02,2026-05-02
"[31.03.26][ริว] อย่าปล่อยให้พ่อแม่รอ กลับไปเยี่ยมในวันที่ยังมีโอกาส (Ghostly)",120246421414460260,2026-05-02,not_delivering,ad,,,,,0,,0,0,,,,,,,,,2026-05-02,2026-05-02
"[11.02.26][ริว] ภาคต่อ 359.- ส่งฟรี (Remains)",120244592767620260,2026-05-02,not_delivering,ad,,,,,0,,0,0,,,,,,,,,2026-05-02,2026-05-02
"[29.03.26][ริว] วิธีรับมือโรคแพนิค (AI) (Trap)",120246607827980260,2026-05-02,not_delivering,ad,,,,,0,,0,0,,,,,,,,,2026-05-02,2026-05-02
"[14.06.25][ริว] ประโยคในหนังสือ...ที่อ่านแล้ว ทำให้เรา 'ไม่รู้สึกแปลก' (Witches)",120230770730200260,2026-05-02,inactive,ad,,,,,0,,0,0,,,,,,,,,2026-05-02,2026-05-02
"[01.04.26][ริว] เลิกควบคุมสิ่งที่ควมคุมไม่ได้ (AI) (Trap)",120246834439960260,2026-05-02,not_delivering,ad,การสนทนาผ่านการส่งข้อความที่เริ่มขึ้น,1,258.46,409,258.46,1.5824499,1759,1562,1,1,258.46,1,10,6.82205799,146.93575895,1,2026-05-02,2026-05-02
"[23.06.25][ริว] ประโยคเดียวในหนังสือที่จะเปลี่ยนชีวิต (Witches)",120232931475920260,2026-05-02,not_delivering,ad,,,,,0,,0,0,,,,,,,,,2026-05-02,2026-05-02
"[30.08.25][ริว] แค่ประโยคเดียว (Witches)",120236021779400260,2026-05-02,not_delivering,ad,,,,,0,,0,0,,,,,,,,,2026-05-02,2026-05-02
"[06.08.25][ริว] ไม่ว่าชีวิตจะบัดซบ (Tried)",120234614620410260,2026-05-02,not_delivering,ad,,,,,0,,0,0,,,,,,,,,2026-05-02,2026-05-02
"[24.10.25][ริว] PAYDAY OPD E-Book 1 แถม 1 (Promotion)",120240278371620260,2026-05-02,inactive,ad,,,,,0,,0,0,,,,,,,,,2026-05-02,2026-05-02
"[06.08.25][ริว] หนังสือพัฒนาตัวเอง (Tried)",120234466952840260,2026-05-02,not_delivering,ad,,,,,0,,0,0,,,,,,,,,2026-05-02,2026-05-02
"[17.09.25][ริว] ทุกคนว่าโลกหลังความตาย (Ghostly)",120237028371670260,2026-05-02,not_delivering,ad,,,,,0,,0,0,,,,,,,,,2026-05-02,2026-05-02
"[09.09.25][ริว] โตขึ้น พ่อแม่แก่ตัวลง (Demons)",120236832228910260,2026-05-02,inactive,ad,,,,,0,,0,0,,,,,,,,,2026-05-02,2026-05-02
"[23.07.25][ริว] PAYDAY SALE JULY (Promotion_Payday) - No Meme",120233338606220260,2026-05-02,not_delivering,ad,,,,,0,,0,0,,,,,,,,,2026-05-02,2026-05-02
"[13.02.26][ริว] การมีชีวิตอยู่อย่างโดดเดี่ยว (Ghostly)",120244296275150260,2026-05-02,not_delivering,ad,,,,,0,,0,0,,,,,,,,,2026-05-02,2026-05-02
"[23.06.25][ริว] ประโยคเดียวในหนังสือที่จะเปลี่ยนชีวิต (Witches)",120232601031060260,2026-05-02,not_delivering,ad,,,,,0,,0,0,,,,,,,,,2026-05-02,2026-05-02
"[11.10.25][ริว] ปุณณ์วัฒน์ (Ghostly)",120247246818260260,2026-05-02,inactive,ad,การสนทนาผ่านการส่งข้อความที่เริ่มขึ้น,,,,0,,0,0,,,,,,,,,2026-05-02,2026-05-02
"[16.10.25][ริว] ผลงานภาคต่อ (Remains)",120238719560730260,2026-05-02,not_delivering,ad,,,,,0,,0,0,,,,,,,,,2026-05-02,2026-05-02
"[28.06.25][ริว] ถ้าไม่อยากเป็นแบบนี้ อย่าอ่านเล่มนี้ (Ghostly)",120232382487260260,2026-05-02,inactive,ad,,,,,0,,0,0,,,,,,,,,2026-05-02,2026-05-02
"[23.05.25][ริว] หนังสือการ์ตูนฮีลใจ (Ghostly)",120229512447230260,2026-05-02,inactive,ad,,,,,0,,0,0,,,,,,,,,2026-05-02,2026-05-02
"[29.03.26][ริว] วิธีรับมือโรคแพนิค (AI) (Trap) - สำเนา",120246786635380260,2026-05-02,not_delivering,ad,การสนทนาผ่านการส่งข้อความที่เริ่มขึ้น,,,,0,,0,0,,,,,,,,,2026-05-02,2026-05-02
"[25.04.26][ริว] ถ้าคุณจากโลกนี้ไป ใครจะเป็นคนที่เศร้าที่สุด AI (Remains)",120247923662480260,2026-05-02,archived,ad,,,,,0,,0,0,,,,,,,,,2026-05-02,2026-05-02
"[05.02.26][ริว] Boxset ลายเซ็น (Witches)",120244008823780260,2026-05-02,not_delivering,ad,,,,,0,,0,0,,,,,,,,,2026-05-02,2026-05-02
"[23.03.26][ริว] ถ้าคืนนี้เป็นคืนสุดท้าย (AI) (Ghostly)",120246203465230260,2026-05-02,inactive,ad,,,,,0,,0,0,,,,,,,,,2026-05-02,2026-05-02
"[20.03.26][ริว] เล่มนี้คือภาคต่อที่ควรอ่าน (Remains)",120245968648130260,2026-05-02,inactive,ad,,,,,0,,0,0,,,,,,,,,2026-05-02,2026-05-02
"[06.08.25][ริว] คะแนน 10/10 (Tried)",120234941325420260,2026-05-02,not_delivering,ad,,,,,0,,0,0,,,,,,,,,2026-05-02,2026-05-02
"[05.09.25][ริว] รีวิวหนังสือ 5/5 (Witches)",120236549762460260,2026-05-02,not_delivering,ad,,,,,0,,0,0,,,,,,,,,2026-05-02,2026-05-02
"[03.04.26][ริว] โรคซึมเศร้า AI (Trap)",120246702152400260,2026-05-02,archived,ad,,,,,0,,0,0,,,,,,,,,2026-05-02,2026-05-02
"[22.07.25][ริว] วันนี้เธอเหนื่อยไหม (Tried)",120234552232660260,2026-05-02,not_delivering,ad,,,,,0,,0,0,,,,,,,,,2026-05-02,2026-05-02
"[16.10.25][ริว] คะแนน 9.9/10 (Remains)",120238719051570260,2026-05-02,inactive,ad,,,,,0,,0,0,,,,,,,,,2026-05-02,2026-05-02
"[09.10.25][ริว] นี่คือไพ่ทำนายดวง (Witches)",120238409497060260,2026-05-02,inactive,ad,,,,,0,,0,0,,,,,,,,,2026-05-02,2026-05-02
"[29.04.26][ริว] การอยู่คนเดียวคือทักษะที่ดีที่สุด AI (Ghostly)",120248072650030260,2026-05-02,active,ad,การเข้าถึง,9512,9.54688814,,90.81,,9835,9512,,,,,5,0.09150991,9.23335028,,2026-05-02,2026-05-02
"[04.03.26][ริว] ซึมเศร้า (สัมภาษณ์หมอ) (Trap)",120246565473590260,2026-05-02,archived,ad,,,,,0,,0,0,,,,,,,,,2026-05-02,2026-05-02
"[06.08.25][ริว] มีชีวิตอยู่อย่างโดดเดี่ยว (ghostly)",120235151926920260,2026-05-02,not_delivering,ad,,,,,0,,0,0,,,,,,,,,2026-05-02,2026-05-02
"[25.08.25][ริว] ไพ่สำรับนี้ (Witches)",120235634316340260,2026-05-02,not_delivering,ad,,,,,0,,0,0,,,,,,,,,2026-05-02,2026-05-02
"[23.02.26][ริว] แม่คือคนรับผิดชอบ (Trap)",120245036348120260,2026-05-02,not_delivering,ad,การสนทนาผ่านการส่งข้อความที่เริ่มขึ้น,,,,0,,0,0,,,,,,,,,2026-05-02,2026-05-02
"[30.07.25][ริว] โดนตกเพราะหลังปก (Home)",120234072166610260,2026-05-02,inactive,ad,,,,,0,,0,0,,,,,,,,,2026-05-02,2026-05-02
"[08.07.25][ริว] ย่านเมืองเก่ามีร้านคาเฟ่ร้านนึงเปิดหลังเที่ยงคืน (Ghostly)",120233369285310260,2026-05-02,inactive,ad,,,,,0,,0,0,,,,,,,,,2026-05-02,2026-05-02
"[12.12.25][ริว] โปร299 (Ghostly)",120243608026950260,2026-05-02,not_delivering,ad,,,,,0,,0,0,,,,,,,,,2026-05-02,2026-05-02
"[16.01.26][ริว] ประโยคเดียว (Witches)",120244055279860260,2026-05-02,not_delivering,ad,,,,,0,,0,0,,,,,,,,,2026-05-02,2026-05-02
"[12.11.25][ริว] (ไม่)ยอมลดคุณค่าตัวเอง (ปีศาจตัวนั้น)",120240908309980260,2026-05-02,not_delivering,ad,,,,,0,,0,0,,,,,,,,,2026-05-02,2026-05-02
"[27.05.25][ริว] ประโยคที่อ่านแล้วจุกอก (Witches)",120229497787420260,2026-05-02,inactive,ad,,,,,0,,0,0,,,,,,,,,2026-05-02,2026-05-02
"[23.06.25][ริว] ประโยคเดียวในหนังสือที่จะเปลี่ยนชีวิต (Witches)",120240905459180260,2026-05-02,inactive,ad,,,,,0,,0,0,,,,,,,,,2026-05-02,2026-05-02
"[10.03.26][ริว] ซึมเศร้า animation (Trap)",120245845956510260,2026-05-02,not_delivering,ad,,,,,0,,0,0,,,,,,,,,2026-05-02,2026-05-02
"[13.01.26] [ริว] เพราะพรุ่งนี้อาจมาไม่ถึง (Kiwtum) (Reels)",120243182635000260,2026-05-02,not_delivering,ad,,,,,0,,0,0,,,,,,,,,2026-05-02,2026-05-02
"[13.10.25][ริว] เล่มลายเซ็น (Remains)",120238790311540260,2026-05-02,inactive,ad,,,,,0,,0,0,,,,,,,,,2026-05-02,2026-05-02
"[22.10.25][ริว] ป้ายยาหนังสือน่ารัก (Witches)",120240490222420260,2026-05-02,inactive,ad,,,,,0,,0,0,,,,,,,,,2026-05-02,2026-05-02
"[03.07.25][ริว][Cross Page] ไม่ได้ตั้งใจจะปล่อยให้มันสาย (Ghostly)",120232520630360260,2026-05-02,inactive,ad,,,,,0,,0,0,,,,,,,,,2026-05-02,2026-05-02
"[30.10.25][ริว] การอยู่คนเดียว (Ghostly)",120240102388250260,2026-05-02,inactive,ad,,,,,0,,0,0,,,,,,,,,2026-05-02,2026-05-02
"[27.08.25][ริว] ถูกเอาเปรียบ (Ghostly)",120235864430670260,2026-05-02,not_delivering,ad,,,,,0,,0,0,,,,,,,,,2026-05-02,2026-05-02
"[12.09.25][ริว] วันที่ความกลัวชนะทุกอย่าง (ปีศาจตัวนั้น)",120236739060660260,2026-05-02,not_delivering,ad,,,,,0,,0,0,,,,,,,,,2026-05-02,2026-05-02
"[06.10.25][ริว] แม่ที่รักลูก (Remains)",120238557229370260,2026-05-02,not_delivering,ad,,,,,0,,0,0,,,,,,,,,2026-05-02,2026-05-02
"[23.02.26][ริว] แม่คือคนรับผิดชอบ (Trap)",120245730613830260,2026-05-02,not_delivering,ad,,,,,0,,0,0,,,,,,,,,2026-05-02,2026-05-02
"[06.08.25][ริว] มีชีวิตอยู่อย่างโดดเดี่ยว (ghostly)",120239977789790260,2026-05-02,not_delivering,ad,,,,,0,,0,0,,,,,,,,,2026-05-02,2026-05-02
"[23.06.25][ริว] ประโยคเดียวในหนังสือที่จะเปลี่ยนชีวิต (Witches)",120232930614310260,2026-05-02,inactive,ad,,,,,0,,0,0,,,,,,,,,2026-05-02,2026-05-02
"[07.10.25][ริว][มหกรรมหนังสือ30] เชิญชวนงานหนังสือคุณเมไอ (Engage)",120238218701490260,2026-05-02,inactive,ad,,,,,0,,0,0,,,,,,,,,2026-05-02,2026-05-02
"[22.08.25][ริว] แจกวอลเปเปอร์ (Ghostly)",120236604297650260,2026-05-02,inactive,ad,,,,,0,,0,0,,,,,,,,,2026-05-02,2026-05-02
"[20.11.25][ริว] ไม่มีเขาแล้ว (Demons)",120241407826550260,2026-05-02,inactive,ad,,,,,0,,0,0,,,,,,,,,2026-05-02,2026-05-02
"[22.09.25][ริว] แม่อยากให้ลูกมั่นคง (Remains)",120240664237150260,2026-05-02,inactive,ad,,,,,0,,0,0,,,,,,,,,2026-05-02,2026-05-02
"[10.03.26][ริว] ซึมเศร้า animation (Trap)",120245978887910260,2026-05-02,not_delivering,ad,,,,,0,,0,0,,,,,,,,,2026-05-02,2026-05-02
"[21.10.25][ริว] มีประโยค (Remains)",120239267914210260,2026-05-02,inactive,ad,,,,,0,,0,0,,,,,,,,,2026-05-02,2026-05-02
"[06.10.25][ริว] มีประโยคในหนังสือ (Witches)",120238148886640260,2026-05-02,not_delivering,ad,,,,,0,,0,0,,,,,,,,,2026-05-02,2026-05-02
"[12.11.25][ริว] รักตัวเองก่อน (ปีศาจตัวนั้น)",120240908310000260,2026-05-02,inactive,ad,,,,,0,,0,0,,,,,,,,,2026-05-02,2026-05-02
"[17.10.25][ริว] ซึมตั้งแต่อ่านปก (Tried)",120239442615690260,2026-05-02,not_delivering,ad,,,,,0,,0,0,,,,,,,,,2026-05-02,2026-05-02
"[18.11.25][ริว] หนังสือฮีลใจแห่งปี (Remains)",120240741119250260,2026-05-02,inactive,ad,,,,,0,,0,0,,,,,,,,,2026-05-02,2026-05-02
"[20.11.25][ริว] ไม่มีเขาแล้ว (Demons)",120240850478350260,2026-05-02,not_delivering,ad,,,,,0,,0,0,,,,,,,,,2026-05-02,2026-05-02
"[03.09.25][ริว] เปิดตัวปีศาจ 2 (Demons)",120236021958310260,2026-05-02,archived,ad,,,,,0,,0,0,,,,,,,,,2026-05-02,2026-05-02
"[30.10.25][ริว] การอยู่คนเดียว (Ghostly)",120239658966680260,2026-05-02,not_delivering,ad,,,,,0,,0,0,,,,,,,,,2026-05-02,2026-05-02
"[10.11.25][ริว] วันนี้เราป้ายยา (Witches)",120240276635530260,2026-05-02,not_delivering,ad,,,,,0,,0,0,,,,,,,,,2026-05-02,2026-05-02
"[18.07.25][ริว] ประโยคจุกอก (Ghostly)",120233016505110260,2026-05-02,not_delivering,ad,,,,,0,,0,0,,,,,,,,,2026-05-02,2026-05-02
"[29.03.26][ริว] วิธีรับมือโรคแพนิค (AI) (Trap)",120246404194440260,2026-05-02,not_delivering,ad,การสนทนาผ่านการส่งข้อความที่เริ่มขึ้น,,,,0,,0,0,,,,,,,,,2026-05-02,2026-05-02
"[02.06.25][ริว] 5 เหตุผลที่ต้องอ่าน (Ghostly)",120229860140940260,2026-05-02,inactive,ad,,,,,0,,0,0,,,,,,,,,2026-05-02,2026-05-02
"[18.07.25][ริว] ประโยคจุกอก (Ghostly)",120234918883530260,2026-05-02,not_delivering,ad,,,,,0,,0,0,,,,,,,,,2026-05-02,2026-05-02
"[28.06.25][ริว] ถ้าไม่อยากเป็นแบบนี้ อย่าอ่านเล่มนี้ (Ghostly)",120231818963750260,2026-05-02,archived,ad,,,,,0,,0,0,,,,,,,,,2026-05-02,2026-05-02
"[03.04.26][ริว] โรคซึมเศร้า AI (Trap) - สำเนา",120246786773960260,2026-05-02,not_delivering,ad,,,,,0,,0,0,,,,,,,,,2026-05-02,2026-05-02
"[01.04.26][ริว] เลิกควบคุมสิ่งที่ควมคุมไม่ได้ (AI) (Trap)",120246780326200260,2026-05-02,inactive,ad,,,,,0,,0,0,,,,,,,,,2026-05-02,2026-05-02
"[25.08.25][ริว] ไพ่สำรับนี้ (Witches)",120235634057850260,2026-05-02,not_delivering,ad,,,,,0,,0,0,,,,,,,,,2026-05-02,2026-05-02
"[11.10.25][ริว] ปุณณ์วัฒน์ (Ghostly)",120242967808360260,2026-05-02,not_delivering,ad,,,,,0,,0,0,,,,,,,,,2026-05-02,2026-05-02
"[23.07.25][ริว] PAYDAY SALE JULY (Promotion_Payday) - No Meme",120233337906840260,2026-05-02,inactive,ad,,,,,0,,0,0,,,,,,,,,2026-05-02,2026-05-02
"[21.08.25][ริว] อะไรแอบมองเราอยู่น้า (Witches)",120235627967560260,2026-05-02,not_delivering,ad,,,,,0,,0,0,,,,,,,,,2026-05-02,2026-05-02
"[21.05.25][ริว] บอกต่อหนังสือที่เหมือนมีเเพื่อนสนิทคอยให้คำแนะนำอยู่ข้าง ๆ (Witches)",120229053830360260,2026-05-02,inactive,ad,,,,,0,,0,0,,,,,,,,,2026-05-02,2026-05-02
"[18.07.25][ริว] ประโยคจุกอก (Ghostly)",120233259134170260,2026-05-02,not_delivering,ad,,,,,0,,0,0,,,,,,,,,2026-05-02,2026-05-02
"[11.10.25][ริว] ปุณณ์วัฒน์ (Ghostly)",120244475845750260,2026-05-02,not_delivering,ad,,,,,0,,0,0,,,,,,,,,2026-05-02,2026-05-02
"[05.09.25][ริว] ประโยคเตือนสติ (Witches)",120236625701510260,2026-05-02,not_delivering,ad,,,,,0,,0,0,,,,,,,,,2026-05-02,2026-05-02
"[01.04.26][ริว] เลิกควบคุมสิ่งที่ควมคุมไม่ได้ (AI) (Trap)",120246512186410260,2026-05-02,not_delivering,ad,การสนทนาผ่านการส่งข้อความที่เริ่มขึ้น,,,,0,,0,0,,,,,,,,,2026-05-02,2026-05-02
"[11.10.25][ริว] ปุณณ์วัฒน์ (Ghostly)",120241914515530260,2026-05-02,not_delivering,ad,,,,,0,,0,0,,,,,,,,,2026-05-02,2026-05-02
"[07.08.25][ริว] วันนี้คุณขอบคุณตัวเองยัง (Tried)",120234554545690260,2026-05-02,inactive,ad,,,,,0,,0,0,,,,,,,,,2026-05-02,2026-05-02
"[08.07.25][ริว] หนังสือฮีลใจยอดขายอันดับ1 (Ghostly)",120234207902510260,2026-05-02,inactive,ad,,,,,0,,0,0,,,,,,,,,2026-05-02,2026-05-02
"[24.07.25][ริว] หนังสือใหม่ล่าสุด (Ghostly)",120233475889700260,2026-05-02,not_delivering,ad,,,,,0,,0,0,,,,,,,,,2026-05-02,2026-05-02
"[23.02.26][ริว] แม่คือคนรับผิดชอบ (Trap) (Cross Page)",120245168187440260,2026-05-02,not_delivering,ad,,,,,0,,0,0,,,,,,,,,2026-05-02,2026-05-02
"[24.12.25][ริว] ไพ่ทำนายดวง (Witches)",120242558059070260,2026-05-02,not_delivering,ad,,,,,0,,0,0,,,,,,,,,2026-05-02,2026-05-02
"[01.05.26][ริว] เลิกคิดมาก ถ้าอยากสำเร็จ AI (Trap)",120248170173970260,2026-05-02,not_delivering,ad,การสนทนาผ่านการส่งข้อความที่เริ่มขึ้น,,,,237.24,,1167,982,,,,,6,4.11311054,203.29048843,,2026-05-02,2026-05-02
"[22.10.25][ริว] ป้ายยาหนังสือน่ารัก (Witches)",120240098841030260,2026-05-02,archived,ad,,,,,0,,0,0,,,,,,,,,2026-05-02,2026-05-02
"[03.12.25][ริว] แม่อยากให้ลูกมีอนาคตที่ดี (Remains)",120244259802950260,2026-05-02,inactive,ad,,,,,0,,0,0,,,,,,,,,2026-05-02,2026-05-02
"[06.03.26][ริว] พรีออเดอร์เล่มลายเซ็น (Trap)",120245259601940260,2026-05-02,not_delivering,ad,,,,,0,,0,0,,,,,,,,,2026-05-02,2026-05-02
"[13.08.25][ริว] อ่านจบแล้วเปลี่ยนชีวิต (Capybara)",120234824997320260,2026-05-02,inactive,ad,,,,,0,,0,0,,,,,,,,,2026-05-02,2026-05-02
"[23.05.25][ริว] หนังสือการ์ตูนฮีลใจ (Ghostly)",120229263858670260,2026-05-02,inactive,ad,,,,,0,,0,0,,,,,,,,,2026-05-02,2026-05-02
"[31.10.25][ริว] อ่านแล้วหายเหนื่อย (Tried)",120240096826270260,2026-05-02,not_delivering,ad,,,,,0,,0,0,,,,,,,,,2026-05-02,2026-05-02
"[24.07.25][ริว] หนังสือใหม่ล่าสุด (Ghostly)",120234415276290260,2026-05-02,inactive,ad,,,,,0,,0,0,,,,,,,,,2026-05-02,2026-05-02
"[23.06.25][ริว] หนังสือที่เล่นกับใจคนอ่านมากที่สุด (Ghostly)",120231258099470260,2026-05-02,inactive,ad,,,,,0,,0,0,,,,,,,,,2026-05-02,2026-05-02
"[29.09.25][ริว] เลือกปกหนังสือ (Remains)",120237715972570260,2026-05-02,inactive,ad,,,,,0,,0,0,,,,,,,,,2026-05-02,2026-05-02
"[22.10.25][ริว] (ไม่)นอกใจ (Demons)",120240179530970260,2026-05-02,not_delivering,ad,,,,,0,,0,0,,,,,,,,,2026-05-02,2026-05-02
"[22.10.25][ริว] ป้ายยาหนังสือน่ารัก (Witches)",120240099152760260,2026-05-02,inactive,ad,,,,,0,,0,0,,,,,,,,,2026-05-02,2026-05-02
"[03.12.25][ริว] แม่อยากให้ลูกมีอนาคตที่ดี (Remains)",120241546114280260,2026-05-02,not_delivering,ad,,,,,0,,0,0,,,,,,,,,2026-05-02,2026-05-02
"[13.06.25][ริว] ถ้าคืนนี้เป็นคืนสุดท้ายของชีวิต (Ghostly)",120231053236100260,2026-05-02,inactive,ad,,,,,0,,0,0,,,,,,,,,2026-05-02,2026-05-02
"[25.04.26][ริว] ถ้าคุณจากโลกนี้ไป ใครจะเป็นคนที่เศร้าที่สุด AI (Remains)",120247924379140260,2026-05-02,not_delivering,ad,"การซื้อบน Meta",,,,0,,0,0,,,,,,,,,2026-05-02,2026-05-02
"[20.04.26][ริว] อีโก้ไม่ใช่เรื่องแย่ แต่ต้องมีอย่างพอดี AI (Kiwtum)",120247719900050260,2026-05-02,not_delivering,ad,"การซื้อบน Meta",,,,0,,0,0,,,,,,,,,2026-05-02,2026-05-02
"[30.08.25][ริว] แค่ประโยคเดียว (Witches)",120236192359090260,2026-05-02,not_delivering,ad,,,,,0,,0,0,,,,,,,,,2026-05-02,2026-05-02
"[01.04.26][ริว] เลิกควบคุมสิ่งที่ควมคุมไม่ได้ (AI) (Trap)",120247044993520260,2026-05-02,not_delivering,ad,,,,,0,,0,0,,,,,,,,,2026-05-02,2026-05-02
"[22.10.25][ริว] ป้ายยาหนังสือน่ารัก (Witches)",120239255039720260,2026-05-02,not_delivering,ad,,,,,0,,0,0,,,,,,,,,2026-05-02,2026-05-02
"[18.07.25][ริว] ประโยคจุกอก (Ghostly)",120234552105110260,2026-05-02,not_delivering,ad,,,,,0,,0,0,,,,,,,,,2026-05-02,2026-05-02
"[13.08.25][ริว] สปอยเงาปีศาจ (Demons)",120234821138290260,2026-05-02,not_delivering,ad,,,,,0,,0,0,,,,,,,,,2026-05-02,2026-05-02
"[06.10.25][ริว] มีประโยคในหนังสือ (Witches)",120239112589060260,2026-05-02,not_delivering,ad,,,,,0,,0,0,,,,,,,,,2026-05-02,2026-05-02
"[31.10.25][ริว] อ่านแล้วหายเหนื่อย (Tried)",120243520795790260,2026-05-02,not_delivering,ad,,,,,0,,0,0,,,,,,,,,2026-05-02,2026-05-02
"[22.10.25][ริว] ป้ายยา (Remains)",120239115667520260,2026-05-02,not_delivering,ad,,,,,0,,0,0,,,,,,,,,2026-05-02,2026-05-02
"[09.04.26][ริว] คำถามวัดใจไซโคพาธ Psychopath AI (Trap)",120246881436300260,2026-05-02,not_delivering,ad,การสนทนาผ่านการส่งข้อความที่เริ่มขึ้น,,,,0,,0,0,,,,,,,,,2026-05-02,2026-05-02
"[11.06.25][ริว] หนังสือเล่มนี้…เขียนถึงคนที่เก่งมากในการยิ้มทั้งที่ไม่ไหว (ปีศาจตัวนั้น)",120230527626540260,2026-05-02,not_delivering,ad,,,,,0,,0,0,,,,,,,,,2026-05-02,2026-05-02
"[06.08.25][ริว] มีชีวิตอยู่อย่างโดดเดี่ยว (Ghostly)",120234487658120260,2026-05-02,inactive,ad,,,,,0,,0,0,,,,,,,,,2026-05-02,2026-05-02
"[04.03.26][ริว] ซึมเศร้า (สัมภาษณ์หมอ) (Trap)",120247192524530260,2026-05-02,not_delivering,ad,,,,,0,,0,0,,,,,,,,,2026-05-02,2026-05-02
"[28.05.25][ริว] หนังสือฮีลใจที่ไม่ได้พูดถึงเรื่องความตาย (Ghostly)",120229647237010260,2026-05-02,inactive,ad,,,,,0,,0,0,,,,,,,,,2026-05-02,2026-05-02
"[31.07.25][ริว] 30 เล่มสุดท้ายส่งจากคลัง (Ghostly)",120234053727950260,2026-05-02,inactive,ad,,,,,0,,0,0,,,,,,,,,2026-05-02,2026-05-02
"[09.09.25][ริว] สบายวันไหน (ปีศาจตัวนั้น)",120236625747970260,2026-05-02,not_delivering,ad,,,,,0,,0,0,,,,,,,,,2026-05-02,2026-05-02
"[20.08.25][ริว] ไม่ใช่ทุกการเปลี่ยนแปลง ที่จะพาไปเจอสิ่งที่แย่กว่า (ปีศาจตัวนั้น)",120235259022440260,2026-05-02,inactive,ad,,,,,0,,0,0,,,,,,,,,2026-05-02,2026-05-02
"[24.07.25][ริว] ไพ่สำรับนี้ดูดวงแม่น (Witches)",120234069113510260,2026-05-02,not_delivering,ad,,,,,0,,0,0,,,,,,,,,2026-05-02,2026-05-02
"[22.08.25][ริว] เสียดาย (Ghostly)",120235433247580260,2026-05-02,not_delivering,ad,,,,,0,,0,0,,,,,,,,,2026-05-02,2026-05-02
"[03.09.25][ริว] เปิดตัวปีศาจ 2 (Demons)",120236022922820260,2026-05-02,not_delivering,ad,,,,,0,,0,0,,,,,,,,,2026-05-02,2026-05-02
"[05.09.25][ริว] 7 สัญญาณที่บอกว่าคุณควรอ่าน (Witches)",120236326026430260,2026-05-02,inactive,ad,,,,,0,,0,0,,,,,,,,,2026-05-02,2026-05-02
"[25.04.26][ริว] ถ้าคุณจากโลกนี้ไป ใครจะเป็นคนที่เศร้าที่สุด AI (Remains)",120247726307580260,2026-05-02,not_delivering,ad,,,,,0,,0,0,,,,,,,,,2026-05-02,2026-05-02
"[12.02.26][ริว] ยอดขาย 10000 เล่ม (Witches)",120244260768190260,2026-05-02,not_delivering,ad,,,,,0,,0,0,,,,,,,,,2026-05-02,2026-05-02
"[04.03.26][ริว] ซึมเศร้า (สัมภาษณ์หมอ) (Trap)",120248070458990260,2026-05-02,not_delivering,ad,การสนทนาผ่านการส่งข้อความที่เริ่มขึ้น,8,101.42375,1227,811.39,1.51221977,11936,11267,3,8,101.42375,3,31,2.52178284,67.97838472,0.375,2026-05-02,2026-05-02
"[11.08.25][ริว] หยุดคิดและทบทวนชีวิต (Ghostly)",120235860737390260,2026-05-02,not_delivering,ad,,,,,0,,0,0,,,,,,,,,2026-05-02,2026-05-02
"[21.05.25][ริว] สายมูห้ามพลาด (Witches)",120229053845080260,2026-05-02,inactive,ad,,,,,0,,0,0,,,,,,,,,2026-05-02,2026-05-02
"[05.09.25][ริว] ประโยคเตือนสติ (Witches)",120236325591500260,2026-05-02,inactive,ad,,,,,0,,0,0,,,,,,,,,2026-05-02,2026-05-02
"[29.09.25][ริว] เริ่มต้นใหม่กับคุณคนเดิม (Demons)",120238217714420260,2026-05-02,not_delivering,ad,,,,,0,,0,0,,,,,,,,,2026-05-02,2026-05-02
"[25.07.25][ริว] อ่านบทแรกก็เสียน้ำตาละ (Ghostly)",120234482420010260,2026-05-02,not_delivering,ad,,,,,0,,0,0,,,,,,,,,2026-05-02,2026-05-02
"[24.10.25][ริว] PAYDAY OPD E-Book 1 แถม 1 (Promotion)",120239264536960260,2026-05-02,inactive,ad,,,,,0,,0,0,,,,,,,,,2026-05-02,2026-05-02
"[03.04.26][ริว] โรคซึมเศร้า AI (Trap)",120248306044790260,2026-05-02,not_delivering,ad,การสนทนาผ่านการส่งข้อความที่เริ่มขึ้น,,,,0,,0,0,,,,,,,,,2026-05-02,2026-05-02
"[04.03.26][ริว] ซึมเศร้า (สัมภาษณ์หมอ) (Trap)",120247120215390260,2026-05-02,active,ad,การสนทนาผ่านการส่งข้อความที่เริ่มขึ้น,5,40.022,718,200.11,3.58802659,3172,3089,1,5,40.022,1,8,2.14375788,63.08638083,0.2,2026-05-02,2026-05-02
"[22.07.25][ริว] วันนี้เธอเหนื่อยไหม (Tried)",120234201102450260,2026-05-02,not_delivering,ad,,,,,0,,0,0,,,,,,,,,2026-05-02,2026-05-02
"[22.08.25][ริว] เสียดาย (Ghostly)",120236545678670260,2026-05-02,not_delivering,ad,,,,,0,,0,0,,,,,,,,,2026-05-02,2026-05-02
"[10.03.26][ริว] ซึมเศร้า animation (Trap)",120245730072460260,2026-05-02,not_delivering,ad,,,,,0,,0,0,,,,,,,,,2026-05-02,2026-05-02
"[06.08.25][ริว] คะแนน 9.9/10 (Tried)",120234614620460260,2026-05-02,not_delivering,ad,,,,,0,,0,0,,,,,,,,,2026-05-02,2026-05-02
"[12.02.26][ริว] รักคนอื่น (สัมภาษณ์หมอ) (Trap)",120244521123110260,2026-05-02,not_delivering,ad,,,,,0,,0,0,,,,,,,,,2026-05-02,2026-05-02
"[03.09.25][ริว] สัญญาณที่ควรอ่าน (Demons) (QuickReply)",120236827515110260,2026-05-02,inactive,ad,,,,,0,,0,0,,,,,,,,,2026-05-02,2026-05-02
"[21.10.25][ริว] มีประโยค (Remains)",120239254076640260,2026-05-02,archived,ad,,,,,0,,0,0,,,,,,,,,2026-05-02,2026-05-02
"[25.02.26][ริว] อย่ารอ (Ghostly)",120244936096800260,2026-05-02,not_delivering,ad,,,,,0,,0,0,,,,,,,,,2026-05-02,2026-05-02
"[31.07.25][ริว] 30 เล่มสุดท้ายส่งจากคลัง (Ghostly)",120234482165870260,2026-05-02,not_delivering,ad,,,,,0,,0,0,,,,,,,,,2026-05-02,2026-05-02
"[09.09.25][ริว] คะแนนเต็ม 100 อย่างน้อยต้องได้ 9.9 (Demons)",120236832228900260,2026-05-02,inactive,ad,,,,,0,,0,0,,,,,,,,,2026-05-02,2026-05-02
"[09.07.25][ริว] หนังสือกระแสตอบรับดี (Ghostly)",120233369285340260,2026-05-02,inactive,ad,,,,,0,,0,0,,,,,,,,,2026-05-02,2026-05-02
"[03.09.25][ริว] เปิดตัวปีศาจ 2 (Demons)",120235947375860260,2026-05-02,inactive,ad,,,,,0,,0,0,,,,,,,,,2026-05-02,2026-05-02
"[06.08.25][ริว] มีชีวิตอยู่อย่างโดดเดี่ยว (ghostly)",120234714246200260,2026-05-02,archived,ad,,,,,0,,0,0,,,,,,,,,2026-05-02,2026-05-02
"[06.08.25][ริว] แค่หนังสือการ์ตูน ทำไมถึงร้องไห้ (Ghostly)",120235868476330260,2026-05-02,not_delivering,ad,,,,,0,,0,0,,,,,,,,,2026-05-02,2026-05-02
"[23.07.25][ริว] เมื่อเข้าสู่วัยทำงาน (Tried)",120233364191330260,2026-05-02,inactive,ad,,,,,0,,0,0,,,,,,,,,2026-05-02,2026-05-02
"[04.03.26][ริว] ซึมเศร้า (สัมภาษณ์หมอ) (Trap)",120245281996940260,2026-05-02,not_delivering,ad,,,,,0,,0,0,,,,,,,,,2026-05-02,2026-05-02
"[06.10.25][ริว] มีประโยคในหนังสือ (Witches) (Reels)",120243124928680260,2026-05-02,not_delivering,ad,,,,,0,,0,0,,,,,,,,,2026-05-02,2026-05-02
"[12.08.25][ริว] แค่อ่านกลับจุกอกร้องไห้ (Witches)",120236028234500260,2026-05-02,not_delivering,ad,,,,,0,,0,0,,,,,,,,,2026-05-02,2026-05-02
"[25.08.25][ริว] ไพ่สำรับนี้ (Witches)",120235664852780260,2026-05-02,archived,ad,,,,,0,,0,0,,,,,,,,,2026-05-02,2026-05-02
"[08.07.25][ริว] หนังสือฮีลใจยอดขายอันดับ1 (Ghostly)",120232411667160260,2026-05-02,inactive,ad,,,,,0,,0,0,,,,,,,,,2026-05-02,2026-05-02
"[25.07.25][ริว] คะแนน9.9/10 (Tried)",120233565128550260,2026-05-02,not_delivering,ad,,,,,0,,0,0,,,,,,,,,2026-05-02,2026-05-02
"[30.08.25][ริว] แค่ประโยคเดียว (Witches)",120235859356220260,2026-05-02,not_delivering,ad,,,,,0,,0,0,,,,,,,,,2026-05-02,2026-05-02
"[12.11.25][ริว] รักตัวเองก่อน (ปีศาจตัวนั้น)",120241544750830260,2026-05-02,archived,ad,,,,,0,,0,0,,,,,,,,,2026-05-02,2026-05-02
"[06.08.25][ริว] หนังสือพัฒนาตัวเอง (Tried)",120234614620440260,2026-05-02,not_delivering,ad,,,,,0,,0,0,,,,,,,,,2026-05-02,2026-05-02
"[21.05.25][ริว] บอกต่อหนังสือที่เหมือนมีเเพื่อนสนิทคอยให้คำแนะนำอยู่ข้าง ๆ (Witches)",120229036230050260,2026-05-02,inactive,ad,,,,,0,,0,0,,,,,,,,,2026-05-02,2026-05-02
"[27.05.25][ริว] หนังสือที่จะทำให้กลับมารักตัวเอง (ปีศาจตัวนั้น)",120229552924360260,2026-05-02,not_delivering,ad,,,,,0,,0,0,,,,,,,,,2026-05-02,2026-05-02
"[25.11.25][ริว] ซิ่ง Black Friday (Promotion)",120241154094560260,2026-05-02,not_delivering,ad,,,,,0,,0,0,,,,,,,,,2026-05-02,2026-05-02
"[01.04.26][ริว] เลิกควบคุมสิ่งที่ควมคุมไม่ได้ (AI) (Trap)",120247713767470260,2026-05-02,not_delivering,ad,การสนทนาผ่านการส่งข้อความที่เริ่มขึ้น,,,,0,,0,0,,,,,,,,,2026-05-02,2026-05-02
"[01.10.25][ริว] ถ้าวันนี้คือวันสุดท้าย (Ghostly)",120237989860590260,2026-05-02,inactive,ad,,,,,0,,0,0,,,,,,,,,2026-05-02,2026-05-02
"[23.02.26][ริว] แม่คือคนรับผิดชอบ (Trap)",120244754862150260,2026-05-02,not_delivering,ad,,,,,0,,0,0,,,,,,,,,2026-05-02,2026-05-02
"[11.09.25][ริว] ระลึกถึงคนที่จากไป (Witches)",120236644251610260,2026-05-02,not_delivering,ad,,,,,0,,0,0,,,,,,,,,2026-05-02,2026-05-02
"[16.01.26][ริว] ประโยคเดียว (Witches)",120244476398100260,2026-05-02,not_delivering,ad,,,,,0,,0,0,,,,,,,,,2026-05-02,2026-05-02
"[19.10.25][ริว] 30 เล่มสุดท้าย (Demons)",120239327145160260,2026-05-02,not_delivering,ad,,,,,0,,0,0,,,,,,,,,2026-05-02,2026-05-02
"[03.11.25][ริว] ความกลัวชนะทุกอย่าง (Demons)",120239860497550260,2026-05-02,not_delivering,ad,,,,,0,,0,0,,,,,,,,,2026-05-02,2026-05-02
"[28.08.25][ริว] ประโยคจากหนังสือ (Tried)",120235811813790260,2026-05-02,not_delivering,ad,,,,,0,,0,0,,,,,,,,,2026-05-02,2026-05-02
"[10.11.25][ริว] E-Book ฮีลใจพัฒนาตัวเอง (E-Book)",120241048471090260,2026-05-02,inactive,ad,,,,,0,,0,0,,,,,,,,,2026-05-02,2026-05-02
"[23.06.25][ริว] ประโยคเดียวในหนังสือที่จะเปลี่ยนชีวิต (Witches) (Reels)",120243032873830260,2026-05-02,not_delivering,ad,,,,,0,,0,0,,,,,,,,,2026-05-02,2026-05-02
"[23.01.26][ริว] เครียดก็เปิดไพ่ (Witches)",120244181162370260,2026-05-02,not_delivering,ad,,,,,0,,0,0,,,,,,,,,2026-05-02,2026-05-02
"[04.03.26][ริว] ซึมเศร้า (สัมภาษณ์หมอ) (Trap)",120247170878200260,2026-05-02,not_delivering,ad,การสนทนาผ่านการส่งข้อความที่เริ่มขึ้น,,,,0,,0,0,,,,,,,,,2026-05-02,2026-05-02
"[25.03.26][ริว] จิตวิทยาของการสูญเสีย เขาบอกไว้ว่า (AI) (Witches)",120246610439560260,2026-05-02,inactive,ad,,,,,0,,0,0,,,,,,,,,2026-05-02,2026-05-02
"[26.11.25][ริว] สวัสดีเหล่าดวงวิญญาณ (Ghostly)",120241100703930260,2026-05-02,inactive,ad,,,,,0,,0,0,,,,,,,,,2026-05-02,2026-05-02
"[17.03.26][ริว] เพราะในทุกความเกลียด Animation (Remains)",120245712471190260,2026-05-02,not_delivering,ad,,,,,0,,0,0,,,,,,,,,2026-05-02,2026-05-02
"[20.11.25][ริว] มันจะดีแค่ไหน : Demons (E-Book)",120241048742060260,2026-05-02,inactive,ad,,,,,0,,0,0,,,,,,,,,2026-05-02,2026-05-02
"[04.03.26][ริว] ซึมเศร้า (สัมภาษณ์หมอ) (Trap) (Sale)",120245333057320260,2026-05-02,not_delivering,ad,การซื้อบนเว็บไซต์,,,,0,,0,0,,,,,,,,,2026-05-02,2026-05-02
"[23.06.25][ริว] ประโยคเดียวในหนังสือที่จะเปลี่ยนชีวิต (Witches)",120243129431930260,2026-05-02,not_delivering,ad,,,,,0,,0,0,,,,,,,,,2026-05-02,2026-05-02
"[03.12.25][ริว] หนักมากไหมลูก (Remains)",120241905903140260,2026-05-02,inactive,ad,,,,,0,,0,0,,,,,,,,,2026-05-02,2026-05-02
"[18.09.25][ริว] หยุดพูดแย่ๆกับตัวเอง (Witches)",120237033777150260,2026-05-02,not_delivering,ad,,,,,0,,0,0,,,,,,,,,2026-05-02,2026-05-02
"[25.07.25][ริว] คะแนน9.9/10 (Tried)",120234054213040260,2026-05-02,not_delivering,ad,,,,,0,,0,0,,,,,,,,,2026-05-02,2026-05-02
"[13.11.25][ริว] 30 Boxset สุดท้าย (Witches)",120241902305340260,2026-05-02,inactive,ad,,,,,0,,0,0,,,,,,,,,2026-05-02,2026-05-02
"[25.11.25][ริว] ซิ่ง Black Friday (Promotion)",120241085854320260,2026-05-02,inactive,ad,,,,,0,,0,0,,,,,,,,,2026-05-02,2026-05-02
"[04.03.26][ริว] ซึมเศร้า (สัมภาษณ์หมอ) (Trap)",120248306192370260,2026-05-02,not_delivering,ad,การสนทนาผ่านการส่งข้อความที่เริ่มขึ้น,,,,0,,0,0,,,,,,,,,2026-05-02,2026-05-02
"[25.02.26][ริว] อย่ารอ (Ghostly)",120244781966480260,2026-05-02,not_delivering,ad,,,,,0,,0,0,,,,,,,,,2026-05-02,2026-05-02
"[25.08.25][ริว] ไพ่สำรับนี้ (Witches)",120237444474820260,2026-05-02,not_delivering,ad,,,,,0,,0,0,,,,,,,,,2026-05-02,2026-05-02
"[11.12.25][ริว] เติมของ (Ghostly)",120243608026980260,2026-05-02,inactive,ad,,,,,0,,0,0,,,,,,,,,2026-05-02,2026-05-02
"[16.01.26][ริว] นี่ไม่ใช่ไพ่ทำนายดวง (Witches)",120244007542930260,2026-05-02,not_delivering,ad,,,,,0,,0,0,,,,,,,,,2026-05-02,2026-05-02
"[12.08.25][ริว] แค่อ่านกลับจุกอกร้องไห้ (Witches)",120235185759700260,2026-05-02,not_delivering,ad,,,,,0,,0,0,,,,,,,,,2026-05-02,2026-05-02
"[05.04.26][ริว] Chronic Loneliness ภาวะเหงาเรื้อรังที่รู้สึกโดดเดี่ยวอ้างว้างตลอดเวลา AI (Ghostly)",120246688128040260,2026-05-02,inactive,ad,,,,,0,,0,0,,,,,,,,,2026-05-02,2026-05-02
"[06.08.25][ริว] มีชีวิตอยู่อย่างโดดเดี่ยว (ghostly)",120235861984290260,2026-05-02,inactive,ad,,,,,0,,0,0,,,,,,,,,2026-05-02,2026-05-02
"[03.12.25][ริว] หนักมากไหมลูก (Remains)",120241545629480260,2026-05-02,inactive,ad,,,,,0,,0,0,,,,,,,,,2026-05-02,2026-05-02
"[25.04.26][ริว] ถ้าคุณจากโลกนี้ไป ใครจะเป็นคนที่เศร้าที่สุด AI (Remains)",120248153602410260,2026-05-02,not_delivering,ad,การสนทนาผ่านการส่งข้อความที่เริ่มขึ้น,3,82.89,,248.67,,5373,4315,,3,82.89,,19,2.30783547,46.28140704,0,2026-05-02,2026-05-02
"[06.08.25][ริว] กลับมารักตัวเอง (Ghostly)",120234741315370260,2026-05-02,not_delivering,ad,,,,,0,,0,0,,,,,,,,,2026-05-02,2026-05-02
"[10.03.26][ริว] ซึมเศร้า animation (Trap)",120245970610420260,2026-05-02,not_delivering,ad,,,,,0,,0,0,,,,,,,,,2026-05-02,2026-05-02
"[06.02.26][ริว] อกตัญญู (สัมภาษณ์นักเขียน) (Trap)",120244016026400260,2026-05-02,not_delivering,ad,,,,,0,,0,0,,,,,,,,,2026-05-02,2026-05-02
"[06.08.25][ริว] สัญญาณที่บอกว่าคุณต้องพัก (Tried)",120234614620400260,2026-05-02,not_delivering,ad,,,,,0,,0,0,,,,,,,,,2026-05-02,2026-05-02
"[21.05.25][ริว] ถ้าโลกมันแย่ แค่คิดแบบคาปิบาร่า (Capybara_Boxset)",120229239306030260,2026-05-02,inactive,ad,,,,,0,,0,0,,,,,,,,,2026-05-02,2026-05-02
"[23.02.26][ริว] แม่คือคนรับผิดชอบ (Trap)",120245754871840260,2026-05-02,not_delivering,ad,,,,,0,,0,0,,,,,,,,,2026-05-02,2026-05-02
"[23.04.26][ริว] Smiling depression ภาวะซึมเศร้าที่ซ่อนอยู่ใต้รอยยิ้ม AI (Trap)",120248306256850260,2026-05-02,not_delivering,ad,การสนทนาผ่านการส่งข้อความที่เริ่มขึ้น,,,,0,,0,0,,,,,,,,,2026-05-02,2026-05-02
"[31.10.25][ริว] อ่านแล้วหายเหนื่อย (Tried)",120245837637290260,2026-05-02,not_delivering,ad,,,,,0,,0,0,,,,,,,,,2026-05-02,2026-05-02
"[23.03.26][ริว] ถ้าคืนนี้เป็นคืนสุดท้าย (AI) (Ghostly)",120245967919670260,2026-05-02,inactive,ad,,,,,0,,0,0,,,,,,,,,2026-05-02,2026-05-02
"[28.06.25][ริว] ถ้าคืนนี้เป็นคืนสุดท้ายของคุณ (Ghostly)",120231818781380260,2026-05-02,archived,ad,,,,,0,,0,0,,,,,,,,,2026-05-02,2026-05-02
"[01.10.25][ริว] ถ้าวันนี้คือวันสุดท้าย (Ghostly)",120238129944850260,2026-05-02,not_delivering,ad,,,,,0,,0,0,,,,,,,,,2026-05-02,2026-05-02
"[16.01.26][ริว] ประโยคเดียว (Witches)",120243923601300260,2026-05-02,not_delivering,ad,,,,,0,,0,0,,,,,,,,,2026-05-02,2026-05-02
"[16.02.26][ริว] รีสต็อก (Ghostly)",120244429255730260,2026-05-02,not_delivering,ad,,,,,0,,0,0,,,,,,,,,2026-05-02,2026-05-02
"[01.04.26][ริว] เลิกควบคุมสิ่งที่ควมคุมไม่ได้ (AI) (Trap) - สำเนา",120246786653320260,2026-05-02,not_delivering,ad,,,,,0,,0,0,,,,,,,,,2026-05-02,2026-05-02
"[18.04.26][ริว] ของมันต้องมี! Boxset ที่จะเสกทุกปัญหาให้หายไป (Witches)",120247315530620260,2026-05-02,inactive,ad,,,,,0,,0,0,,,,,,,,,2026-05-02,2026-05-02
"[02.03.26][ริว] รู้สึกผิดใจเติบโต (สัมภาษณ์หมอ) (Trap)",120245091183340260,2026-05-02,not_delivering,ad,,,,,0,,0,0,,,,,,,,,2026-05-02,2026-05-02
"[04.03.26][ริว] ซึมเศร้า (สัมภาษณ์หมอ) (Trap)",120247577627700260,2026-05-02,not_delivering,ad,การสนทนาผ่านการส่งข้อความที่เริ่มขึ้น,,,,0,,0,0,,,,,,,,,2026-05-02,2026-05-02
"[01.04.26][ริว] เลิกควบคุมสิ่งที่ควมคุมไม่ได้ (AI) (Trap)",120246607018800260,2026-05-02,not_delivering,ad,,,,,0,,0,0,,,,,,,,,2026-05-02,2026-05-02
"[03.11.25][ริว] แค่ประโยคเดียว (Witches)",120240098203330260,2026-05-02,inactive,ad,,,,,0,,0,0,,,,,,,,,2026-05-02,2026-05-02
"[04.03.26][ริว] ซึมเศร้า (สัมภาษณ์หมอ) (Trap)",120246075840090260,2026-05-02,not_delivering,ad,,,,,0,,0,0,,,,,,,,,2026-05-02,2026-05-02
"[24.01.26][ริว] แม้ไม่มีโอกาส (Demons) (Reels)",120243542110310260,2026-05-02,not_delivering,ad,,,,,0,,0,0,,,,,,,,,2026-05-02,2026-05-02
"[12.02.26][ริว] คนดีมักรู้สึกผิด (Trap)",120244268529140260,2026-05-02,not_delivering,ad,,,,,0,,0,0,,,,,,,,,2026-05-02,2026-05-02
"[27.04.26][ริว] สิ่งสุดท้ายที่อยากพูดก่อนตาย AI (Ghostly)",120247727060460260,2026-05-02,not_delivering,ad,,,,,0,,0,0,,,,,,,,,2026-05-02,2026-05-02
"[23.09.25][ริว] PayDay : Boxset+Book 799.- (Promotion)",120237385023690260,2026-05-02,not_delivering,ad,,,,,0,,0,0,,,,,,,,,2026-05-02,2026-05-02
"[10.03.26][ริว] ซึมเศร้า animation (Trap)",120245622721290260,2026-05-02,not_delivering,ad,,,,,0,,0,0,,,,,,,,,2026-05-02,2026-05-02
"[29.03.26][ริว] วิธีรับมือโรคแพนิค (AI) (Trap)",120246309422880260,2026-05-02,not_delivering,ad,,,,,0,,0,0,,,,,,,,,2026-05-02,2026-05-02
"[12.02.26][ริว] คนดีมักรู้สึกผิด (Trap) (Sale)",120244929870880260,2026-05-02,not_delivering,ad,,,,,0,,0,0,,,,,,,,,2026-05-02,2026-05-02
"[18.07.25][ริว] ประโยคจุกอก (Ghostly)",120233148964470260,2026-05-02,inactive,ad,,,,,0,,0,0,,,,,,,,,2026-05-02,2026-05-02
"[16.02.26][ริว] ปล่อยทุกความเจ็บปวด (Remains)",120244429303060260,2026-05-02,not_delivering,ad,,,,,0,,0,0,,,,,,,,,2026-05-02,2026-05-02
"[06.08.25][ริว] แค่หนังสือการ์ตูน ทำไมถึงร้องไห้ (Ghostly)",120236105020060260,2026-05-01,not_delivering,ad,,,,,0,,0,0,,,,,,,,,2026-05-01,2026-05-01
"[22.07.25][ริว] วันนี้เธอเหนื่อยไหม (Tried)",120234921224810260,2026-05-01,not_delivering,ad,,,,,0,,0,0,,,,,,,,,2026-05-01,2026-05-01
"[29.09.25][ริว] E-Book (Ghostly)",120240395147490260,2026-05-01,inactive,ad,,,,,0,,0,0,,,,,,,,,2026-05-01,2026-05-01
"[22.08.25][ริว] Payday August 2 Box 999 (Promotion_Payday)",120235249452170260,2026-05-01,not_delivering,ad,,,,,0,,0,0,,,,,,,,,2026-05-01,2026-05-01
"[11.08.25][ริว] หยุดคิดและทบทวนชีวิต (Ghostly)",120234715022850260,2026-05-01,inactive,ad,,,,,0,,0,0,,,,,,,,,2026-05-01,2026-05-01
"[01.03.26][ริว] รักคนอื่น (Trap)",120245040544810260,2026-05-01,not_delivering,ad,,,,,0,,0,0,,,,,,,,,2026-05-01,2026-05-01
"[29.09.25][ริว] ประโยคหลังปก ปีศาจ 2 (Demons)",120238217714390260,2026-05-01,inactive,ad,,,,,0,,0,0,,,,,,,,,2026-05-01,2026-05-01
"[12.08.25][ริว] สัญญาณที่ควรอ่าน (Witches)",120234721984450260,2026-05-01,inactive,ad,,,,,0,,0,0,,,,,,,,,2026-05-01,2026-05-01
"[08.10.25][ริว] เติบโตขึ้น พ่อแม่แก่ลง (Demons)",120238216884260260,2026-05-01,inactive,ad,,,,,0,,0,0,,,,,,,,,2026-05-01,2026-05-01
"[23.05.25][ริว] หนังสือการ์ตูนฮีลใจ (Ghostly)",120229263803080260,2026-05-01,inactive,ad,,,,,0,,0,0,,,,,,,,,2026-05-01,2026-05-01
"[19.10.25][ริว] 30 เล่มสุดท้าย (Demons)",120238953717570260,2026-05-01,not_delivering,ad,,,,,0,,0,0,,,,,,,,,2026-05-01,2026-05-01
"[14.07.25][ริว] รักตัวเอง ไม่ใช่คนเห็นแก่ตัว (Kiwtum)",120234400624990260,2026-05-01,not_delivering,ad,,,,,0,,0,0,,,,,,,,,2026-05-01,2026-05-01
"[03.09.25][ริว] เปิดตัวปีศาจ 2 (Demons)",120236620453190260,2026-05-01,not_delivering,ad,,,,,0,,0,0,,,,,,,,,2026-05-01,2026-05-01
"[03.09.25][ริว] เปิดตัวปีศาจ 2 (Demons)",120236553082840260,2026-05-01,inactive,ad,,,,,0,,0,0,,,,,,,,,2026-05-01,2026-05-01
"[03.09.25][ริว] เปิดตัวปีศาจ 2 (Demons)",120235947662650260,2026-05-01,not_delivering,ad,,,,,0,,0,0,,,,,,,,,2026-05-01,2026-05-01
"[06.08.25][ริว] มีชีวิตอยู่อย่างโดดเดี่ยว (ghostly)",120234918883500260,2026-05-01,not_delivering,ad,,,,,0,,0,0,,,,,,,,,2026-05-01,2026-05-01
"[12.09.25][ริว] 5 ประโยคเตือนสติ (Ghostly)",120236691306870260,2026-05-01,inactive,ad,,,,,0,,0,0,,,,,,,,,2026-05-01,2026-05-01
"[04.09.25][ริว] 9.9 : 3 เล่ม ราคา 999.- (Promotion)",120236189605560260,2026-05-01,not_delivering,ad,,,,,0,,0,0,,,,,,,,,2026-05-01,2026-05-01
"[22.09.25][ริว] แม่อยากให้ลูกมั่นคง (Remains)",120237920752020260,2026-05-01,inactive,ad,,,,,0,,0,0,,,,,,,,,2026-05-01,2026-05-01
"[08.08.25][ริว] จุกอกอยู่อย่าง (ปีศาจตัวนั้น)",120234605062370260,2026-05-01,not_delivering,ad,,,,,0,,0,0,,,,,,,,,2026-05-01,2026-05-01
"[03.09.25][ริว] เปิดตัวปีศาจ 2 (Demons)",120235860183130260,2026-05-01,archived,ad,,,,,0,,0,0,,,,,,,,,2026-05-01,2026-05-01
"[08.08.25][ริว] งานศพ (Ghostly)",120234605536710260,2026-05-01,inactive,ad,,,,,0,,0,0,,,,,,,,,2026-05-01,2026-05-01
"[24.07.25][ริว] หนังสือที่ควรอ่านสักครั้ง (Witches)",120233371870610260,2026-05-01,inactive,ad,,,,,0,,0,0,,,,,,,,,2026-05-01,2026-05-01
"[01.08.25][ริว] ประโยคเดียวในหนังสือ (Witches)",120234375496680260,2026-05-01,inactive,ad,,,,,0,,0,0,,,,,,,,,2026-05-01,2026-05-01
"[03.09.25][ริว] จุกอกกับปีศาจ2 (Demons)",120235859358570260,2026-05-01,inactive,ad,,,,,0,,0,0,,,,,,,,,2026-05-01,2026-05-01
"[29.09.25][ริว] เลือกปกหนังสือ (Remains)",120237920290890260,2026-05-01,archived,ad,,,,,0,,0,0,,,,,,,,,2026-05-01,2026-05-01
"[27.05.25][ริว] ประโยคที่อ่านแล้วจุกอก (Witches)",120234553219280260,2026-05-01,not_delivering,ad,,,,,0,,0,0,,,,,,,,,2026-05-01,2026-05-01
"[22.10.25][ริว] (ไม่)นอกใจ (Demons)",120239593304140260,2026-05-01,not_delivering,ad,,,,,0,,0,0,,,,,,,,,2026-05-01,2026-05-01
"[08.07.25][ริว] ย่านเมืองเก่ามีร้านคาเฟ่ร้านนึงเปิดหลังเที่ยงคืน (Ghostly)",120233368434930260,2026-05-01,inactive,ad,,,,,0,,0,0,,,,,,,,,2026-05-01,2026-05-01
"[10.12.25][ริว] 12.12 : แลกซื้อ E-Book เล่มที่สอง 12.- (Promotion)",120241898370320260,2026-05-01,not_delivering,ad,,,,,0,,0,0,,,,,,,,,2026-05-01,2026-05-01
"[06.10.25][ริว] แค่หนังสือการ์ตูน (Remains)",120237931551340260,2026-05-01,inactive,ad,,,,,0,,0,0,,,,,,,,,2026-05-01,2026-05-01
"[03.11.25][ริว] แค่ประโยคเดียว (Witches)",120239971450760260,2026-05-01,not_delivering,ad,,,,,0,,0,0,,,,,,,,,2026-05-01,2026-05-01
"[01.04.26][ริว] เลิกควบคุมสิ่งที่ควมคุมไม่ได้ (AI) (Trap) - สำเนา",120247171347450260,2026-05-01,not_delivering,ad,,,,,0,,0,0,,,,,,,,,2026-05-01,2026-05-01
"[18.10.25][ริว] อยู่คนเดียว (Ghostly)",120240331080210260,2026-05-01,inactive,ad,,,,,0,,0,0,,,,,,,,,2026-05-01,2026-05-01
"[18.12.25][ริว] นาทีทอง (Ghostly)",120242333657580260,2026-05-01,inactive,ad,,,,,0,,0,0,,,,,,,,,2026-05-01,2026-05-01
"[12.11.25][ริว] รักตัวเองก่อน (ปีศาจตัวนั้น)",120240371822780260,2026-05-01,inactive,ad,,,,,0,,0,0,,,,,,,,,2026-05-01,2026-05-01
"[12.11.25][ริว] (ไม่)ยอมลดคุณค่าตัวเอง (ปีศาจตัวนั้น)",120240372637990260,2026-05-01,not_delivering,ad,,,,,0,,0,0,,,,,,,,,2026-05-01,2026-05-01
"[25.07.25][ริว] คะแนน9.9/10 (Tried)",120234551664170260,2026-05-01,archived,ad,,,,,0,,0,0,,,,,,,,,2026-05-01,2026-05-01
"[22.08.25][ริว] แจกวอลเปเปอร์ (Ghostly)",120236029152520260,2026-05-01,not_delivering,ad,,,,,0,,0,0,,,,,,,,,2026-05-01,2026-05-01
"[16.01.26][ริว] ภาค 1 ว่าเศร้าแล้ว (Remains)",120243288350740260,2026-05-01,inactive,ad,,,,,0,,0,0,,,,,,,,,2026-05-01,2026-05-01
"[11.09.25][ริว] ประโยคเดียวในหนังสือ (Witches)",120236634029160260,2026-05-01,not_delivering,ad,,,,,0,,0,0,,,,,,,,,2026-05-01,2026-05-01
"[07.11.25][ริว] 11.11 บุฟเฟต์ 3 เล่ม 999 (Promotion)",120240090732090260,2026-05-01,not_delivering,ad,,,,,0,,0,0,,,,,,,,,2026-05-01,2026-05-01
"[23.06.25][ริว] ประโยคเดียวในหนังสือที่จะเปลี่ยนชีวิต (Witches)",120234501355100260,2026-05-01,inactive,ad,,,,,0,,0,0,,,,,,,,,2026-05-01,2026-05-01
"[11.06.25][ริว] จะเป็นยังไงถ้าคุณต้องเป็นที่ปรึกษา (Ghostly)",120230533036440260,2026-05-01,not_delivering,ad,,,,,0,,0,0,,,,,,,,,2026-05-01,2026-05-01
"[06.09.25][ริว] ความกลัวการไม่ถูกรัก (Ghostly)",120236620119270260,2026-05-01,inactive,ad,,,,,0,,0,0,,,,,,,,,2026-05-01,2026-05-01
"[03.09.25][ริว] จุกอกกับปีศาจ2 (Demons)",120236439332360260,2026-05-01,not_delivering,ad,,,,,0,,0,0,,,,,,,,,2026-05-01,2026-05-01
"[03.09.25][ริว] เปิดตัวปีศาจ 2 (Demons)",120236174960910260,2026-05-01,not_delivering,ad,,,,,0,,0,0,,,,,,,,,2026-05-01,2026-05-01
"[06.08.25][ริว] หนังสือ Mindset ดีขึ้น (Tried)",120234467036490260,2026-05-01,not_delivering,ad,,,,,0,,0,0,,,,,,,,,2026-05-01,2026-05-01
"[31.10.25][ริว] อ่านแล้วหายเหนื่อย (Tried)",120239657661570260,2026-05-01,not_delivering,ad,,,,,0,,0,0,,,,,,,,,2026-05-01,2026-05-01
"[06.08.25][ริว] ประโยคเปลี่ยนชีวิต (Tried)",120234822515500260,2026-05-01,not_delivering,ad,,,,,0,,0,0,,,,,,,,,2026-05-01,2026-05-01
"[23.05.25][ริว] หนังสือการ์ตูนฮีลใจ (Ghostly)",120236605895760260,2026-05-01,inactive,ad,,,,,0,,0,0,,,,,,,,,2026-05-01,2026-05-01
"[31.10.25][ริว] อ่านแล้วหายเหนื่อย (Tried)",120239969968640260,2026-05-01,not_delivering,ad,,,,,0,,0,0,,,,,,,,,2026-05-01,2026-05-01
"[25.07.25][ริว] ประโยคฮีลใจดีๆ (Tried)",120233569614560260,2026-05-01,inactive,ad,,,,,0,,0,0,,,,,,,,,2026-05-01,2026-05-01
"[11.10.25][ริว] ปุณณ์วัฒน์ (Ghostly)",120243738789460260,2026-05-01,inactive,ad,,,,,0,,0,0,,,,,,,,,2026-05-01,2026-05-01
"[16.10.25][ริว] ผลงานภาคต่อ (Remains)",120238720271700260,2026-05-01,not_delivering,ad,,,,,0,,0,0,,,,,,,,,2026-05-01,2026-05-01
"[09.09.25][ริว] โตขึ้น พ่อแม่แก่ตัวลง (Demons)",120236555889060260,2026-05-01,inactive,ad,,,,,0,,0,0,,,,,,,,,2026-05-01,2026-05-01
"[29.09.25][ริว] เลือกปกหนังสือ (Remains)",120237920751980260,2026-05-01,archived,ad,,,,,0,,0,0,,,,,,,,,2026-05-01,2026-05-01
"[31.03.26][ริว] อย่าปล่อยให้พ่อแม่รอ กลับไปเยี่ยมในวันที่ยังมีโอกาส (Ghostly)",120246687856600260,2026-05-01,inactive,ad,,,,,0,,0,0,,,,,,,,,2026-05-01,2026-05-01
"[09.09.25][ริว] ริว 7 สัญญาณ (Demons)",120236555500530260,2026-05-01,inactive,ad,,,,,0,,0,0,,,,,,,,,2026-05-01,2026-05-01
"[20.10.25][ริว] ความผิดพลาด (Witches)",120239114132190260,2026-05-01,not_delivering,ad,,,,,0,,0,0,,,,,,,,,2026-05-01,2026-05-01
"[08.07.25][ริว] ย่านเมืองเก่ามีร้านคาเฟ่ร้านนึงเปิดหลังเที่ยงคืน (Ghostly)",120232410204790260,2026-05-01,inactive,ad,,,,,0,,0,0,,,,,,,,,2026-05-01,2026-05-01
"[05.08.25][ริว] ประโยคในหนังสือเปลี่ยนชีวิต (Witches)",120234426178090260,2026-05-01,not_delivering,ad,,,,,0,,0,0,,,,,,,,,2026-05-01,2026-05-01
"[28.08.25][ริว] ถ้าต้องบอกกับตัวเอง (Tried)",120235810805880260,2026-05-01,not_delivering,ad,,,,,0,,0,0,,,,,,,,,2026-05-01,2026-05-01
"[31.10.25][ริว] อ่านแล้วหายเหนื่อย (Tried)",120245505030830260,2026-05-01,inactive,ad,,,,,0,,0,0,,,,,,,,,2026-05-01,2026-05-01
"[29.04.26][ริว] 30 เล่มสุดท้าย (Ghostly)",120248075151350260,2026-05-01,not_delivering,ad,การสนทนาผ่านการส่งข้อความที่เริ่มขึ้น,,,,1.7,,18,17,,,,,,5.55555556,94.44444444,,2026-05-01,2026-05-01
"[05.04.26][ริว] แด่ทุกสิ่งมีชีวิตมหัศจรรย์ที่แสนซื่อสัตย์ AI (Remains)",120246688281160260,2026-05-01,inactive,ad,,,,,0,,0,0,,,,,,,,,2026-05-01,2026-05-01
"[29.04.26][ริว] การอยู่คนเดียวคือทักษะที่ดีที่สุด AI (Ghostly)",120248073570050260,2026-05-01,not_delivering,ad,การสนทนาผ่านการส่งข้อความที่เริ่มขึ้น,2,75.415,339,150.83,2.24756348,1626,1434,1,2,75.415,1,10,11.80811808,92.76137761,0.5,2026-05-01,2026-05-01
"[03.04.26][ริว] โรคซึมเศร้า AI (Trap)",120247408799390260,2026-05-01,not_delivering,ad,การสนทนาผ่านการส่งข้อความที่เริ่มขึ้น,,,,0,,0,0,,,,,,,,,2026-05-01,2026-05-01
"[31.10.25][ริว] อ่านแล้วหายเหนื่อย (Tried)",120240096893100260,2026-05-01,inactive,ad,,,,,0,,0,0,,,,,,,,,2026-05-01,2026-05-01
"[01.04.26][ริว] เลิกควบคุมสิ่งที่ควมคุมไม่ได้ (AI) (Trap)",120247045023490260,2026-05-01,not_delivering,ad,,,,,0,,0,0,,,,,,,,,2026-05-01,2026-05-01
"[01.04.26][ริว] เลิกควบคุมสิ่งที่ควมคุมไม่ได้ (AI) (Trap) - สำเนา",120247171320380260,2026-05-01,not_delivering,ad,,,,,0,,0,0,,,,,,,,,2026-05-01,2026-05-01
"[01.04.26][ริว] เลิกควบคุมสิ่งที่ควมคุมไม่ได้ (AI) (Trap) - สำเนา",120246786693990260,2026-05-01,not_delivering,ad,การสนทนาผ่านการส่งข้อความที่เริ่มขึ้น,,,,0,,0,0,,,,,,,,,2026-05-01,2026-05-01
"[04.03.26][ริว] ซึมเศร้า (สัมภาษณ์หมอ) (Trap)",120245282113510260,2026-05-01,not_delivering,ad,,,,,0,,0,0,,,,,,,,,2026-05-01,2026-05-01
"[01.04.26][ริว] เลิกควบคุมสิ่งที่ควมคุมไม่ได้ (AI) (Trap)",120247045023500260,2026-05-01,not_delivering,ad,,,,,0,,0,0,,,,,,,,,2026-05-01,2026-05-01
"[05.04.26][ริว] แด่มนุษย์ที่โดดเดี่ยว AI (Ghostly)",120247722034730260,2026-05-01,inactive,ad,การสนทนาผ่านการส่งข้อความที่เริ่มขึ้น,,,,0,,0,0,,,,,,,,,2026-05-01,2026-05-01
"[04.03.26][ริว] ซึมเศร้า (สัมภาษณ์หมอ) (Trap)",120245321666920260,2026-05-01,not_delivering,ad,การสนทนาผ่านการส่งข้อความที่เริ่มขึ้น,3,61.70333333,,185.11,,2302,2154,,3,61.70333333,,6,3.08427454,80.41268462,0,2026-05-01,2026-05-01
"[04.03.26][ริว] ซึมเศร้า (สัมภาษณ์หมอ) (Trap)",120247170837410260,2026-05-01,not_delivering,ad,,,,,0,,0,0,,,,,,,,,2026-05-01,2026-05-01
"[01.04.26][ริว] เลิกควบคุมสิ่งที่ควมคุมไม่ได้ (AI) (Trap)",120246781893950260,2026-05-01,not_delivering,ad,การสนทนาผ่านการส่งข้อความที่เริ่มขึ้น,,,,0,,0,0,,,,,,,,,2026-05-01,2026-05-01
"[05.04.26][ริว] แด่มนุษย์ที่โดดเดี่ยว AI (Ghostly)",120246835244860260,2026-05-01,inactive,ad,การสนทนาผ่านการส่งข้อความที่เริ่มขึ้น,,,,0,,0,0,,,,,,,,,2026-05-01,2026-05-01
"[31.03.26][ริว] อย่าปล่อยให้พ่อแม่รอ กลับไปเยี่ยมในวันที่ยังมีโอกาส (Ghostly)",120246513921840260,2026-05-01,not_delivering,ad,,,,,0,,0,0,,,,,,,,,2026-05-01,2026-05-01
"[03.04.26][ริว] โรคซึมเศร้า AI (Trap)",120246783494780260,2026-05-01,not_delivering,ad,การสนทนาผ่านการส่งข้อความที่เริ่มขึ้น,1,166.84,,166.84,,2917,2729,,1,166.84,,12,4.90229688,57.19574906,0,2026-05-01,2026-05-01
"[25.07.25][ริว] อ่านเล่มนี้จึงรู้ว่า (Tried) (Reels)",120243033199470260,2026-05-01,not_delivering,ad,,,,,0,,0,0,,,,,,,,,2026-05-01,2026-05-01
"[04.03.26][ริว] ซึมเศร้า (สัมภาษณ์หมอ) (Trap)",120246310126250260,2026-05-01,not_delivering,ad,,,,,0,,0,0,,,,,,,,,2026-05-01,2026-05-01
"[10.03.26][ริว] ซึมเศร้า animation (Trap)",120245845885010260,2026-05-01,not_delivering,ad,,,,,0,,0,0,,,,,,,,,2026-05-01,2026-05-01
"[10.03.26][ริว] ซึมเศร้า animation (Trap)",120245729966710260,2026-05-01,not_delivering,ad,,,,,0,,0,0,,,,,,,,,2026-05-01,2026-05-01
"[23.03.26][ริว] ถ้าคืนนี้เป็นคืนสุดท้าย (AI) (Ghostly)",120246203732740260,2026-05-01,inactive,ad,,,,,0,,0,0,,,,,,,,,2026-05-01,2026-05-01
"[25.04.26][ริว] ทุกปัญหามีทางออกเสมอ AI (Witches)",120247724396650260,2026-05-01,not_delivering,ad,,,,,0,,0,0,,,,,,,,,2026-05-01,2026-05-01
"[25.03.26][ริว] จิตวิทยาของการสูญเสีย เขาบอกไว้ว่า (AI) (Witches)",120246834501030260,2026-05-01,inactive,ad,,,,,0,,0,0,,,,,,,,,2026-05-01,2026-05-01
"[04.03.26][ริว] ซึมเศร้า (สัมภาษณ์หมอ) (Trap) (Sale)",120246749109930260,2026-05-01,not_delivering,ad,การซื้อบนเว็บไซต์,,,,0,,0,0,,,,,,,,,2026-05-01,2026-05-01
"[10.03.26][ริว] ซึมเศร้า animation (Trap) (Shopify)",120245624802010260,2026-05-01,not_delivering,ad,,,,,0,,0,0,,,,,,,,,2026-05-01,2026-05-01
"[22.08.25][ริว] เสียดาย (Ghostly)",120243177965360260,2026-05-01,not_delivering,ad,,,,,0,,0,0,,,,,,,,,2026-05-01,2026-05-01
"[03.09.25][ริว] จุกอกกับปีศาจ2 (Demons)",120235859086150260,2026-05-01,not_delivering,ad,,,,,0,,0,0,,,,,,,,,2026-05-01,2026-05-01
"[23.02.26][ริว] แม่คือคนรับผิดชอบ (Trap)",120245730541230260,2026-05-01,not_delivering,ad,,,,,0,,0,0,,,,,,,,,2026-05-01,2026-05-01
"[01.04.26][ริว] เลิกควบคุมสิ่งที่ควมคุมไม่ได้ (AI) (Trap)",120247644055390260,2026-05-01,not_delivering,ad,การสนทนาผ่านการส่งข้อความที่เริ่มขึ้น,,,,182.71,,2368,2179,,,,,7,6.20777027,77.15793919,,2026-05-01,2026-05-01
"[24.07.25][ริว] ไพ่สำรับนี้ดูดวงแม่น (Witches)",120235365677540260,2026-05-01,not_delivering,ad,,,,,0,,0,0,,,,,,,,,2026-05-01,2026-05-01
"[19.10.25][ริว] 30 เล่มสุดท้าย (Demons)",120239836447480260,2026-05-01,not_delivering,ad,,,,,0,,0,0,,,,,,,,,2026-05-01,2026-05-01
"[28.06.25][ริว] ถ้าไม่อยากเป็นแบบนี้ อย่าอ่านเล่มนี้ (Ghostly)",120231820444460260,2026-05-01,inactive,ad,,,,,0,,0,0,,,,,,,,,2026-05-01,2026-05-01
"[24.07.25][ริว] ไพ่สำรับนี้ดูดวงแม่น (Witches)",120234205705040260,2026-05-01,inactive,ad,,,,,0,,0,0,,,,,,,,,2026-05-01,2026-05-01
"[13.08.25][ริว] หนังสือที่ทำให้เห็นแก่ตัว (Kiwtum)",120234824362500260,2026-05-01,inactive,ad,,,,,0,,0,0,,,,,,,,,2026-05-01,2026-05-01
"[23.05.25][ริว] หนังสือการ์ตูนฮีลใจ (Ghostly)",120229263767050260,2026-05-01,inactive,ad,,,,,0,,0,0,,,,,,,,,2026-05-01,2026-05-01
"[22.08.25][ริว] เสียดาย (Ghostly)",120236544312290260,2026-05-01,inactive,ad,,,,,0,,0,0,,,,,,,,,2026-05-01,2026-05-01
"[06.08.25][ริว] มีชีวิตอยู่อย่างโดดเดี่ยว (ghostly)",120234943566440260,2026-05-01,archived,ad,,,,,0,,0,0,,,,,,,,,2026-05-01,2026-05-01
"[18.07.25][ริว] ประโยคจุกอก (Ghostly)",120234317978780260,2026-05-01,not_delivering,ad,,,,,0,,0,0,,,,,,,,,2026-05-01,2026-05-01
"[06.08.25][ริว] แค่ชื่อหน้าปกก็โดนปลอบ (Tried)",120234614620430260,2026-05-01,not_delivering,ad,,,,,0,,0,0,,,,,,,,,2026-05-01,2026-05-01
"[09.07.25][ริว] สวัสดียามดึก คุณดวงวิญญาณ (Ghostly)",120234918883540260,2026-05-01,not_delivering,ad,,,,,0,,0,0,,,,,,,,,2026-05-01,2026-05-01
"[23.06.25][ริว] ประโยคเดียวในหนังสือที่จะเปลี่ยนชีวิต (Witches)",120234205816420260,2026-05-01,inactive,ad,,,,,0,,0,0,,,,,,,,,2026-05-01,2026-05-01
"[23.05.25][ริว] ประโยคหนึ่งในหนังสือที่เหมือนมีน้องแมวเวทมนตร์มากระซิบ (Witches)",120229194724400260,2026-05-01,inactive,ad,,,,,0,,0,0,,,,,,,,,2026-05-01,2026-05-01
"[25.07.25][ริว] การที่เขาเงียบ (Ghostly)",120233557441750260,2026-05-01,inactive,ad,,,,,0,,0,0,,,,,,,,,2026-05-01,2026-05-01
"[03.09.25][ริว] สัญญาณที่ควรอ่าน (Demons)",120235859409980260,2026-05-01,not_delivering,ad,,,,,0,,0,0,,,,,,,,,2026-05-01,2026-05-01
"[28.05.25][ริว] หนังสือฮีลใจที่ไม่ได้พูดถึงเรื่องความตาย (Ghostly)",120229858779440260,2026-05-01,inactive,ad,,,,,0,,0,0,,,,,,,,,2026-05-01,2026-05-01
"[21.05.25][ริว] สายมูห้ามพลาด (Witches)",120229038987270260,2026-05-01,inactive,ad,,,,,0,,0,0,,,,,,,,,2026-05-01,2026-05-01
"[09.07.25][ริว] หนังสือกระแสตอบรับดี (Ghostly)",120233369091650260,2026-05-01,inactive,ad,,,,,0,,0,0,,,,,,,,,2026-05-01,2026-05-01
"[23.06.25][ริว] หนังสือที่เล่นกับใจคนอ่านมากที่สุด (Ghostly)",120231719502260260,2026-05-01,inactive,ad,,,,,0,,0,0,,,,,,,,,2026-05-01,2026-05-01
"[01.04.26][ริว] เลิกควบคุมสิ่งที่ควมคุมไม่ได้ (AI) (Trap)",120246702152430260,2026-05-01,archived,ad,,,,,0,,0,0,,,,,,,,,2026-05-01,2026-05-01
"[09.07.25][ริว] สวัสดียามดึก คุณดวงวิญญาณ (Ghostly)",120234552105100260,2026-05-01,not_delivering,ad,,,,,0,,0,0,,,,,,,,,2026-05-01,2026-05-01
"[10.03.26][ริว] ซึมเศร้า animation (Trap)",120246745789060260,2026-05-01,archived,ad,,,,,0,,0,0,,,,,,,,,2026-05-01,2026-05-01
"[24.07.25][ริว] หนังสือที่ควรอ่านสักครั้ง (Witches)",120234205607530260,2026-05-01,inactive,ad,,,,,0,,0,0,,,,,,,,,2026-05-01,2026-05-01
"[03.04.26][ริว] โรคซึมเศร้า AI (Trap)",120246659076020260,2026-05-01,not_delivering,ad,การสนทนาผ่านการส่งข้อความที่เริ่มขึ้น,,,,0,,0,0,,,,,,,,,2026-05-01,2026-05-01
"[23.06.25][ริว] ประโยคเดียวในหนังสือที่จะเปลี่ยนชีวิต (Witches)",120233229024590260,2026-05-01,not_delivering,ad,,,,,0,,0,0,,,,,,,,,2026-05-01,2026-05-01
"[06.08.25][ริว] หนังสือการ์ตูนที่อ่านแล้วรักตัวเองมากขึ้น (Ghostly)",120236739554620260,2026-05-01,archived,ad,,,,,0,,0,0,,,,,,,,,2026-05-01,2026-05-01
"[01.04.26][ริว] เลิกควบคุมสิ่งที่ควมคุมไม่ได้ (AI) (Trap)",120246702152330260,2026-05-01,archived,ad,,,,,0,,0,0,,,,,,,,,2026-05-01,2026-05-01
"[01.04.26][ริว] เลิกควบคุมสิ่งที่ควมคุมไม่ได้ (AI) (Trap)",120246782296050260,2026-05-01,not_delivering,ad,การสนทนาผ่านการส่งข้อความที่เริ่มขึ้น,,,,0,,0,0,,,,,,,,,2026-05-01,2026-05-01
"[12.08.25][ริว] แค่อ่านกลับจุกอกร้องไห้ (Witches)",120235860196990260,2026-05-01,not_delivering,ad,,,,,0,,0,0,,,,,,,,,2026-05-01,2026-05-01
"[04.03.26][ริว] ซึมเศร้า (สัมภาษณ์หมอ) (Trap)",120248305713880260,2026-05-01,active,ad,การสนทนาผ่านการส่งข้อความที่เริ่มขึ้น,,,,0,,0,0,,,,,,,,,2026-05-01,2026-05-01
"[16.10.25][ริว] คะแนน 9.9/10 (Remains)",120238992107880260,2026-05-01,not_delivering,ad,,,,,0,,0,0,,,,,,,,,2026-05-01,2026-05-01
"[06.08.25][ริว] คะแนน 10/10 (Tried)",120234441801750260,2026-05-01,not_delivering,ad,,,,,0,,0,0,,,,,,,,,2026-05-01,2026-05-01
"[20.11.25][ริว] มันจะดีแค่ไหน : Demons (E-Book)",120240851545690260,2026-05-01,inactive,ad,,,,,0,,0,0,,,,,,,,,2026-05-01,2026-05-01
"[06.08.25][ริว] ประโยคหนึ่งในหนังสือ (Tried)",120234429477970260,2026-05-01,not_delivering,ad,,,,,0,,0,0,,,,,,,,,2026-05-01,2026-05-01
"[12.02.26][ริว] รักคนอื่น (สัมภาษณ์หมอ) (Trap)",120244267998800260,2026-05-01,not_delivering,ad,,,,,0,,0,0,,,,,,,,,2026-05-01,2026-05-01
"[04.09.25][ริว] คนที่รักตัวเอง (Capybara)",120236248930210260,2026-05-01,not_delivering,ad,,,,,0,,0,0,,,,,,,,,2026-05-01,2026-05-01
"[25.11.25][ริว] ซิ่ง Black Friday (Promotion)",120241092246690260,2026-05-01,not_delivering,ad,,,,,0,,0,0,,,,,,,,,2026-05-01,2026-05-01
"[22.08.25][ริว] เสียดาย (Ghostly)",120235753792970260,2026-05-01,not_delivering,ad,,,,,0,,0,0,,,,,,,,,2026-05-01,2026-05-01
"[30.08.25][ริว] แค่ประโยคเดียว (Witches)",120236626088900260,2026-05-01,not_delivering,ad,,,,,0,,0,0,,,,,,,,,2026-05-01,2026-05-01
"[18.09.25][ริว] แนะนำหนังสือ (Tried)",120237047559580260,2026-05-01,inactive,ad,,,,,0,,0,0,,,,,,,,,2026-05-01,2026-05-01
"[08.07.25][ริว] หนังสือฮีลใจยอดขายอันดับ1 (Ghostly)",120235301749660260,2026-05-01,archived,ad,,,,,0,,0,0,,,,,,,,,2026-05-01,2026-05-01
"[09.07.25][ริว] สวัสดียามดึก คุณดวงวิญญาณ (Ghostly)",120233368964030260,2026-05-01,inactive,ad,,,,,0,,0,0,,,,,,,,,2026-05-01,2026-05-01
"[22.08.25][ริว] เสียดาย (Ghostly)",120236027616680260,2026-05-01,active,ad,การสนทนาผ่านการส่งข้อความที่เริ่มขึ้น,,,,0,,0,0,,,,,,,,,2026-05-01,2026-05-01
"[03.09.25][ริว] เปิดตัวปีศาจ 2 (Demons)",120235860260870260,2026-05-01,inactive,ad,,,,,0,,0,0,,,,,,,,,2026-05-01,2026-05-01
"[06.08.25][ริว] แค่ชื่อหน้าปกก็โดนปลอบ (Tried)",120234466749080260,2026-05-01,not_delivering,ad,,,,,0,,0,0,,,,,,,,,2026-05-01,2026-05-01
"[11.08.25][ริว] หยุดคิดและทบทวนชีวิต (Ghostly)",120234817271120260,2026-05-01,not_delivering,ad,,,,,0,,0,0,,,,,,,,,2026-05-01,2026-05-01
"[23.09.25][ริว] PayDay : Boxset+Book 799.- (Promotion)",120237420818950260,2026-05-01,not_delivering,ad,,,,,0,,0,0,,,,,,,,,2026-05-01,2026-05-01
"[31.07.25][ริว] 30 เล่มสุดท้ายส่งจากคลัง (Ghostly)",120234052763870260,2026-05-01,not_delivering,ad,,,,,0,,0,0,,,,,,,,,2026-05-01,2026-05-01
"[18.10.25][ริว] อยู่คนเดียว (Ghostly)",120238865635850260,2026-05-01,not_delivering,ad,,,,,0,,0,0,,,,,,,,,2026-05-01,2026-05-01
"[22.07.25][ริว] ทุกคนเราได้หนังสือมาใหม่ (Tried)",120233221561740260,2026-05-01,not_delivering,ad,,,,,0,,0,0,,,,,,,,,2026-05-01,2026-05-01
"[23.07.25][ริว] PAYDAY SALE JULY (Promotion_Payday) - Meme",120233338606240260,2026-05-01,not_delivering,ad,,,,,0,,0,0,,,,,,,,,2026-05-01,2026-05-01
"[14.07.25][ริว] รักตัวเอง ไม่ใช่คนเห็นแก่ตัว (Kiwtum)",120232767631840260,2026-05-01,not_delivering,ad,,,,,0,,0,0,,,,,,,,,2026-05-01,2026-05-01
"[08.07.25][ริว] หนังสือฮีลใจยอดขายอันดับ1 (Ghostly)",120234067971530260,2026-05-01,inactive,ad,,,,,0,,0,0,,,,,,,,,2026-05-01,2026-05-01
"[22.07.25][ริว] วันนี้เธอเหนื่อยไหม (Tried)",120233024858580260,2026-05-01,inactive,ad,,,,,0,,0,0,,,,,,,,,2026-05-01,2026-05-01
"[12.08.25][ริว] แค่อ่านกลับจุกอกร้องไห้ (Witches)",120235360438570260,2026-05-01,not_delivering,ad,,,,,0,,0,0,,,,,,,,,2026-05-01,2026-05-01
"[16.09.25][ริว] ไม่มีความเศร้าไหน เทียบเท่าการสูญเสียครอบครัว (Demons)",120236913612550260,2026-05-01,not_delivering,ad,,,,,0,,0,0,,,,,,,,,2026-05-01,2026-05-01
"[23.06.25][ริว] หนังสือที่เล่นกับใจคนอ่านมากที่สุด (Ghostly)",120231719385650260,2026-05-01,inactive,ad,,,,,0,,0,0,,,,,,,,,2026-05-01,2026-05-01
"[05.06.25][ริว] ไม่ได้ตั้งใจจะปล่อยให้มันสาย (Ghostly)",120230972308280260,2026-05-01,not_delivering,ad,,,,,0,,0,0,,,,,,,,,2026-05-01,2026-05-01
"[03.09.25][ริว] จุกอกกับปีศาจ2 (Demons)",120235859410020260,2026-05-01,not_delivering,ad,,,,,0,,0,0,,,,,,,,,2026-05-01,2026-05-01
"[25.07.25][ริว] รักษาตัวเองให้ดี (Ghostly)",120234066163400260,2026-05-01,not_delivering,ad,,,,,0,,0,0,,,,,,,,,2026-05-01,2026-05-01
"[01.04.26][ริว] เลิกควบคุมสิ่งที่ควมคุมไม่ได้ (AI) (Trap)",120246745738370260,2026-05-01,archived,ad,,,,,0,,0,0,,,,,,,,,2026-05-01,2026-05-01
"[29.03.26][ริว] วิธีรับมือโรคแพนิค (AI) (Trap)",120246702152320260,2026-05-01,archived,ad,,,,,0,,0,0,,,,,,,,,2026-05-01,2026-05-01
"[12.08.25][ริว] หนังสือ Ghostly Brews มี E-Book แล้ว (Ghostly)",120234776893380260,2026-05-01,inactive,ad,,,,,0,,0,0,,,,,,,,,2026-05-01,2026-05-01
"[26.09.25][ริว] นี่ไม่ใช่แค่ไพ่ทำนายดวง (Witches)",120237503880520260,2026-05-01,not_delivering,ad,,,,,0,,0,0,,,,,,,,,2026-05-01,2026-05-01
"[04.03.26][ริว] ซึมเศร้า (สัมภาษณ์หมอ) (Trap)",120245622555000260,2026-05-01,not_delivering,ad,,,,,0,,0,0,,,,,,,,,2026-05-01,2026-05-01
"[05.09.25][ริว] รีวิวหนังสือ 5/5 (Witches)",120236326570830260,2026-05-01,inactive,ad,,,,,0,,0,0,,,,,,,,,2026-05-01,2026-05-01
"[22.08.25][ริว] เสียดาย (Ghostly)",120244055765490260,2026-05-01,not_delivering,ad,,,,,0,,0,0,,,,,,,,,2026-05-01,2026-05-01
"[09.09.25][ริว] สบายวันไหน (ปีศาจตัวนั้น)",120236571985100260,2026-05-01,not_delivering,ad,,,,,0,,0,0,,,,,,,,,2026-05-01,2026-05-01
"[24.12.25][ริว] ป้ายยาผลงานภาคต่อ (Remains)",120242559577150260,2026-05-01,not_delivering,ad,,,,,0,,0,0,,,,,,,,,2026-05-01,2026-05-01
"[01.04.26][ริว] เลิกควบคุมสิ่งที่ควมคุมไม่ได้ (AI) (Trap)",120246565414900260,2026-05-01,archived,ad,,,,,0,,0,0,,,,,,,,,2026-05-01,2026-05-01
"[13.10.25][ริว] เล่มลายเซ็น (Remains)",120238558463850260,2026-05-01,inactive,ad,,,,,0,,0,0,,,,,,,,,2026-05-01,2026-05-01
"[03.04.26][ริว] โรคซึมเศร้า AI (Trap)",120247606082070260,2026-05-01,not_delivering,ad,การสนทนาผ่านการส่งข้อความที่เริ่มขึ้น,,,,0,,0,0,,,,,,,,,2026-05-01,2026-05-01
"[29.03.26][ริว] วิธีรับมือโรคแพนิค (AI) (Trap) - สำเนา",120246783812570260,2026-05-01,not_delivering,ad,,,,,0,,0,0,,,,,,,,,2026-05-01,2026-05-01
"[03.09.25][ริว] เปิดตัวปีศาจ 2 (Demons)",120235860412200260,2026-05-01,not_delivering,ad,,,,,0,,0,0,,,,,,,,,2026-05-01,2026-05-01
"[27.08.25][ริว] ถูกเอาเปรียบ (Ghostly)",120235757151830260,2026-05-01,inactive,ad,,,,,0,,0,0,,,,,,,,,2026-05-01,2026-05-01
"[06.08.25][ริว] รีวิวการ์ตูนฮีลใจแห่งปี (Ghostly)",120234486925540260,2026-05-01,not_delivering,ad,,,,,0,,0,0,,,,,,,,,2026-05-01,2026-05-01
"[22.09.25][ริว] แม่อยากให้ลูกมั่นคง (Remains)",120237919855990260,2026-05-01,inactive,ad,,,,,0,,0,0,,,,,,,,,2026-05-01,2026-05-01
"[22.08.25][ริว] แจกวอลเปเปอร์ (Ghostly)",120236544453990260,2026-05-01,not_delivering,ad,,,,,0,,0,0,,,,,,,,,2026-05-01,2026-05-01
"[06.08.25][ริว] มีชีวิตอยู่อย่างโดดเดี่ยว (ghostly)",120235360861690260,2026-05-01,not_delivering,ad,,,,,0,,0,0,,,,,,,,,2026-05-01,2026-05-01
"[27.08.25][ริว] ถูกเอาเปรียบ (Ghostly)",120236003389050260,2026-05-01,not_delivering,ad,,,,,0,,0,0,,,,,,,,,2026-05-01,2026-05-01
"[03.09.25][ริว] เปิดตัวปีศาจ 2 (ภาคเสียงและนางแบบมือโดยดาราสาวสองท่าน) (Demons)",120236620453210260,2026-05-01,not_delivering,ad,,,,,0,,0,0,,,,,,,,,2026-05-01,2026-05-01
"[06.08.25][ริว] รีวิวการ์ตูนฮีลใจแห่งปี (Ghostly)",120235868374300260,2026-05-01,inactive,ad,,,,,0,,0,0,,,,,,,,,2026-05-01,2026-05-01
"[11.09.25][ริว] หรือเขาคงต้องการ (Ghostly)",120236681550660260,2026-05-01,not_delivering,ad,,,,,0,,0,0,,,,,,,,,2026-05-01,2026-05-01
"[12.09.25][ริว] กลัวการเป็นผู้ใหญ่ (ปีศาจตัวนั้น)",120236738023990260,2026-05-01,not_delivering,ad,,,,,0,,0,0,,,,,,,,,2026-05-01,2026-05-01
"[03.10.25][ริว] จะเป็นยังไง (Remains)",120237994488450260,2026-05-01,not_delivering,ad,,,,,0,,0,0,,,,,,,,,2026-05-01,2026-05-01
"[24.07.25][ริว] หนังสือที่ควรอ่านสักครั้ง (Witches)",120233478965660260,2026-05-01,inactive,ad,,,,,0,,0,0,,,,,,,,,2026-05-01,2026-05-01
"[06.10.25][ริว] คะแนน 1000/100 (Remains)",120237931678210260,2026-05-01,inactive,ad,,,,,0,,0,0,,,,,,,,,2026-05-01,2026-05-01
"[20.04.26][ริว] 5 ข้อคิดปลดล็อก “ความรู้สึกผิด” ที่คุณแบกไว้ (Trap)",120247428235990260,2026-05-01,not_delivering,ad,,,,,0,,0,0,,,,,,,,,2026-05-01,2026-05-01
"[09.09.25][ริว] โตขึ้น พ่อแม่แก่ตัวลง (Demons)",120236555952530260,2026-05-01,not_delivering,ad,,,,,0,,0,0,,,,,,,,,2026-05-01,2026-05-01
"[22.08.25][ริว] แจกวอลเปเปอร์ (Ghostly)",120235575226320260,2026-05-01,inactive,ad,,,,,0,,0,0,,,,,,,,,2026-05-01,2026-05-01
"[22.08.25][ริว] แจกวอลเปเปอร์ (Ghostly)",120235449479580260,2026-05-01,inactive,ad,,,,,0,,0,0,,,,,,,,,2026-05-01,2026-05-01
"[08.08.25][ริว] จุกอกอยู่อย่าง (ปีศาจตัวนั้น)",120234604049250260,2026-05-01,inactive,ad,,,,,0,,0,0,,,,,,,,,2026-05-01,2026-05-01
"[10.03.26][ริว] ซึมเศร้า animation (Trap)",120245729927130260,2026-05-01,not_delivering,ad,,,,,0,,0,0,,,,,,,,,2026-05-01,2026-05-01
"[27.08.25][ริว] ถูกเอาเปรียบ (Ghostly)",120235859860690260,2026-05-01,not_delivering,ad,,,,,0,,0,0,,,,,,,,,2026-05-01,2026-05-01
"[04.03.26][ริว] ซึมเศร้า (สัมภาษณ์หมอ) (Trap)",120246075776130260,2026-05-01,not_delivering,ad,การสนทนาผ่านการส่งข้อความที่เริ่มขึ้น,,,,0,,0,0,,,,,,,,,2026-05-01,2026-05-01
"[11.02.26][ริว] ภาคต่อ 359.- ส่งฟรี (Remains)",120244223829720260,2026-05-01,not_delivering,ad,,,,,0,,0,0,,,,,,,,,2026-05-01,2026-05-01
"[29.09.25][ริว] การมีชีวิตอยู่อย่างโดดเดี่ยว (Ghostly)",120237713417140260,2026-05-01,inactive,ad,,,,,0,,0,0,,,,,,,,,2026-05-01,2026-05-01
"[05.09.25][ริว] ประโยคเตือนสติ (Witches)",120236680566800260,2026-05-01,not_delivering,ad,,,,,0,,0,0,,,,,,,,,2026-05-01,2026-05-01
"[27.11.25][ริว] ยอม (ปีศาจตัวนั้น)",120241143329950260,2026-05-01,inactive,ad,,,,,0,,0,0,,,,,,,,,2026-05-01,2026-05-01
"[18.02.26][ริว] สีหมอก (Ghostly)",120244476031100260,2026-05-01,not_delivering,ad,,,,,0,,0,0,,,,,,,,,2026-05-01,2026-05-01
"[11.09.25][ริว] ประโยคเดียวในหนังสือ (Witches)",120236735452700260,2026-05-01,not_delivering,ad,,,,,0,,0,0,,,,,,,,,2026-05-01,2026-05-01
"[31.10.25][ริว] อ่านแล้วหายเหนื่อย (Tried)",120240096664200260,2026-05-01,not_delivering,ad,,,,,0,,0,0,,,,,,,,,2026-05-01,2026-05-01
"[16.01.26][ริว] หนังสือที่ได้รับการเสนอชื่อเข้าชิงรางวัล (Ghostly) (Reels)",120243384825320260,2026-05-01,not_delivering,ad,,,,,0,,0,0,,,,,,,,,2026-05-01,2026-05-01
"[16.02.26][ริว] คนรักแอบคุยกับแฟนเก่า (Trap)",120244438024040260,2026-05-01,not_delivering,ad,,,,,0,,0,0,,,,,,,,,2026-05-01,2026-05-01
"[28.06.25][ริว] ไม่ว่าโลกจะใจร้ายกับคุณแค่ไหน (Kiwtum)",120231825241750260,2026-05-01,inactive,ad,,,,,0,,0,0,,,,,,,,,2026-05-01,2026-05-01
"[30.01.26][ริว] อ่านแล้วหายเหนื่อย (Tried)",120243742125400260,2026-05-01,inactive,ad,,,,,0,,0,0,,,,,,,,,2026-05-01,2026-05-01
"[22.08.25][ริว] เสียดาย (Ghostly)",120244220995770260,2026-05-01,not_delivering,ad,,,,,0,,0,0,,,,,,,,,2026-05-01,2026-05-01
"[13.06.25][ริว] ถ้าคืนนี้เป็นคืนสุดท้ายของชีวิต (Ghostly)",120230771158430260,2026-05-01,inactive,ad,,,,,0,,0,0,,,,,,,,,2026-05-01,2026-05-01
"[22.08.25][ริว] เสียดาย (Ghostly)",120243738789430260,2026-05-01,not_delivering,ad,,,,,0,,0,0,,,,,,,,,2026-05-01,2026-05-01
"[22.08.25][ริว] เสียดาย (Ghostly)",120242967825350260,2026-05-01,not_delivering,ad,,,,,0,,0,0,,,,,,,,,2026-05-01,2026-05-01
"[23.01.26][ริว] เครียดก็เปิดไพ่ (Witches)",120244055318190260,2026-05-01,not_delivering,ad,,,,,0,,0,0,,,,,,,,,2026-05-01,2026-05-01
"[27.11.25][ริว] ความสัมพันธ์ไม่ชัดเจน (ปีศาจตัวนั้น) - Copy",120241143389010260,2026-05-01,not_delivering,ad,,,,,0,,0,0,,,,,,,,,2026-05-01,2026-05-01
"[21.05.25][ริว] บอกต่อหนังสือที่เหมือนมีเเพื่อนสนิทคอยให้คำแนะนำอยู่ข้าง ๆ (Witches)",120229053893410260,2026-05-01,inactive,ad,,,,,0,,0,0,,,,,,,,,2026-05-01,2026-05-01
"[11.06.25][ริว] หนังสือฮีลใจแห่งปี (Ghostly)",120230940620380260,2026-05-01,not_delivering,ad,,,,,0,,0,0,,,,,,,,,2026-05-01,2026-05-01
"[03.11.25][ริว] แค่ประโยคเดียว (Witches)",120239869120120260,2026-05-01,inactive,ad,,,,,0,,0,0,,,,,,,,,2026-05-01,2026-05-01
"[06.08.25][ริว] หนังสือ Mindset ดีขึ้น (Tried)",120234614620390260,2026-05-01,not_delivering,ad,,,,,0,,0,0,,,,,,,,,2026-05-01,2026-05-01
"[09.09.25][ริว] โตขึ้น พ่อแม่แก่ตัวลง (Demons)",120240179503810260,2026-05-01,not_delivering,ad,,,,,0,,0,0,,,,,,,,,2026-05-01,2026-05-01
"[30.10.25][ริว] การอยู่คนเดียว (Ghostly)",120239977789770260,2026-05-01,not_delivering,ad,,,,,0,,0,0,,,,,,,,,2026-05-01,2026-05-01
"[06.11.25][ริว] กลับมาอีกครั้ง (Remains)",120240115682440260,2026-05-01,inactive,ad,,,,,0,,0,0,,,,,,,,,2026-05-01,2026-05-01
"[21.08.25][ริว] อะไรแอบมองเราอยู่น้า (Witches)",120235303029210260,2026-05-01,not_delivering,ad,,,,,0,,0,0,,,,,,,,,2026-05-01,2026-05-01
"[13.11.25][ริว] 30 Boxset สุดท้าย (Witches)",120240390435200260,2026-05-01,not_delivering,ad,,,,,0,,0,0,,,,,,,,,2026-05-01,2026-05-01
"[12.02.26][ริว] คนดีมักรู้สึกผิด (Trap)",120244521466290260,2026-05-01,not_delivering,ad,,,,,0,,0,0,,,,,,,,,2026-05-01,2026-05-01
"[13.11.25][ริว] 30 Boxset สุดท้าย (Witches)",120240663908830260,2026-05-01,not_delivering,ad,,,,,0,,0,0,,,,,,,,,2026-05-01,2026-05-01
"[23.01.26][ริว] ป้ายยา (Remains)",120243521395700260,2026-05-01,inactive,ad,,,,,0,,0,0,,,,,,,,,2026-05-01,2026-05-01
"[18.10.25][ริว] อยู่คนเดียว (Ghostly)",120239658177530260,2026-05-01,not_delivering,ad,,,,,0,,0,0,,,,,,,,,2026-05-01,2026-05-01
"[31.10.25][ริว] 30 เล่มสุดท้าย (Remains)",120240861468550260,2026-05-01,not_delivering,ad,,,,,0,,0,0,,,,,,,,,2026-05-01,2026-05-01
"[29.09.25][ริว] E-Book (Ghostly)",120241048603370260,2026-05-01,inactive,ad,,,,,0,,0,0,,,,,,,,,2026-05-01,2026-05-01
"[04.06.25][ริว] หนังสือปีศาจตัวนั้นคือฉันเอง ไม่ใช่คู่มือแก้ชีวิต (ปีศาจตัวนั้น)",120229984997150260,2026-05-01,not_delivering,ad,,,,,0,,0,0,,,,,,,,,2026-05-01,2026-05-01
"[04.03.26][ริว] ซึมเศร้า (สัมภาษณ์หมอ) (Trap)",120245502449640260,2026-05-01,not_delivering,ad,,,,,0,,0,0,,,,,,,,,2026-05-01,2026-05-01
"[08.07.25][ริว] หนังสือฮีลใจยอดขายอันดับ1 (Ghostly)",120233368841990260,2026-05-01,inactive,ad,,,,,0,,0,0,,,,,,,,,2026-05-01,2026-05-01
"[27.08.25][ริว] ถูกเอาเปรียบ (Ghostly)",120235864199440260,2026-05-01,not_delivering,ad,,,,,0,,0,0,,,,,,,,,2026-05-01,2026-05-01
"[10.04.26][ริว] เสียดายคนตายไม่ได้อ่านเล่มนี้ (Ghostly)",120246840895570260,2026-05-01,inactive,ad,,,,,0,,0,0,,,,,,,,,2026-05-01,2026-05-01
"[04.03.26][ริว] ซึมเศร้า (สัมภาษณ์หมอ) (Trap)",120246513116060260,2026-05-01,not_delivering,ad,การสนทนาผ่านการส่งข้อความที่เริ่มขึ้น,,,,0,,0,0,,,,,,,,,2026-05-01,2026-05-01
"[05.06.25][ริว] ไม่ได้ตั้งใจจะปล่อยให้มันสาย (Ghostly)",120230047455890260,2026-05-01,inactive,ad,,,,,0,,0,0,,,,,,,,,2026-05-01,2026-05-01
"[22.07.25][ริว] วันนี้เธอเหนื่อยไหม (Tried)",120233024903580260,2026-05-01,not_delivering,ad,,,,,0,,0,0,,,,,,,,,2026-05-01,2026-05-01
"[04.03.26][ริว] ซึมเศร้า (สัมภาษณ์หมอ) (Trap)",120245371507350260,2026-05-01,inactive,ad,,,,,0,,0,0,,,,,,,,,2026-05-01,2026-05-01
"[01.08.25][ริว] ประโยคเดียวในหนังสือ (Witches)",120234208497840260,2026-05-01,inactive,ad,,,,,0,,0,0,,,,,,,,,2026-05-01,2026-05-01
"[03.07.25][ริว] ข้อความถึงคนไกลบ้าน (Home)",120234399526610260,2026-05-01,not_delivering,ad,,,,,0,,0,0,,,,,,,,,2026-05-01,2026-05-01
"[03.04.26][ริว] โรคซึมเศร้า AI (Trap)",120247605984870260,2026-05-01,active,ad,การสนทนาผ่านการส่งข้อความที่เริ่มขึ้น,3,64.93,,194.79,,2270,2228,,3,64.93,,8,4.18502203,85.81057269,0,2026-05-01,2026-05-01
"[06.08.25][ริว] มีชีวิตอยู่อย่างโดดเดี่ยว (ghostly)",120234741451460260,2026-05-01,not_delivering,ad,,,,,0,,0,0,,,,,,,,,2026-05-01,2026-05-01
"[04.03.26][ริว] ซึมเศร้า (สัมภาษณ์หมอ) (Trap)",120245607134830260,2026-05-01,not_delivering,ad,,,,,0,,0,0,,,,,,,,,2026-05-01,2026-05-01
"[14.03.26][ริว] อ่านแล้วโคตรจริง (Witches)",120245719730320260,2026-05-01,not_delivering,ad,,,,,0,,0,0,,,,,,,,,2026-05-01,2026-05-01
"[09.04.26][ริว] perfectionism ความสมบูรณ์แบบที่ทำร้ายเรา AI (Trap)",120246881486780260,2026-05-01,not_delivering,ad,การสนทนาผ่านการส่งข้อความที่เริ่มขึ้น,,,,0,,0,0,,,,,,,,,2026-05-01,2026-05-01
"[07.03.26][ริว] เรียนรู้ (Remains)",120245259274410260,2026-05-01,not_delivering,ad,,,,,0,,0,0,,,,,,,,,2026-05-01,2026-05-01
"[06.08.25][ริว] หนังสือการ์ตูนที่อ่านแล้วรักตัวเองมากขึ้น (Ghostly)",120234485856010260,2026-05-01,inactive,ad,,,,,0,,0,0,,,,,,,,,2026-05-01,2026-05-01
"[29.03.26][ริว] วิธีรับมือโรคแพนิค (AI) (Trap)",120246609046310260,2026-05-01,archived,ad,,,,,0,,0,0,,,,,,,,,2026-05-01,2026-05-01
"[04.03.26][ริว] ซึมเศร้า (สัมภาษณ์หมอ) (Trap)",120245622526920260,2026-05-01,not_delivering,ad,,,,,0,,0,0,,,,,,,,,2026-05-01,2026-05-01
"[20.04.26][ริว] Butterfly Hug ไม่มีใครกอด ก็ปลอบใจตัวเองได้ AI (Trap)",120247428263180260,2026-05-01,not_delivering,ad,,,,,0,,0,0,,,,,,,,,2026-05-01,2026-05-01
"[01.04.26][ริว] เลิกควบคุมสิ่งที่ควมคุมไม่ได้ (AI) (Trap) - สำเนา",120246783796850260,2026-05-01,not_delivering,ad,การสนทนาผ่านการส่งข้อความที่เริ่มขึ้น,,,,0,,0,0,,,,,,,,,2026-05-01,2026-05-01
"[23.01.26][ริว] เครียดก็เปิดไพ่ (Witches)",120243522186710260,2026-05-01,inactive,ad,,,,,0,,0,0,,,,,,,,,2026-05-01,2026-05-01
"[23.04.26][ริว] Smiling depression ภาวะซึมเศร้าที่ซ่อนอยู่ใต้รอยยิ้ม AI (Trap)",120248306308010260,2026-05-01,not_delivering,ad,การสนทนาผ่านการส่งข้อความที่เริ่มขึ้น,,,,0,,0,0,,,,,,,,,2026-05-01,2026-05-01
"[24.02.26][ริว] ป้ายยา (Witches)",120244811998560260,2026-05-01,not_delivering,ad,,,,,0,,0,0,,,,,,,,,2026-05-01,2026-05-01
"[24.10.25][ริว] PAYDAY OPD E-Book 1 แถม 1 (Promotion)",120240278884880260,2026-05-01,archived,ad,,,,,0,,0,0,,,,,,,,,2026-05-01,2026-05-01
"[12.02.26][ริว] รางวัล (Ghostly)",120244263061370260,2026-05-01,archived,ad,,,,,0,,0,0,,,,,,,,,2026-05-01,2026-05-01
"[24.07.25][ริว] หนังสือที่ควรอ่านสักครั้ง (Witches)",120233469566090260,2026-05-01,inactive,ad,,,,,0,,0,0,,,,,,,,,2026-05-01,2026-05-01
"[25.11.25][ริว] ซิ่ง Black Friday (Promotion)",120241091762870260,2026-05-01,not_delivering,ad,,,,,0,,0,0,,,,,,,,,2026-05-01,2026-05-01
"[19.08.25][ริว] ความสูญเสียทำให้เจ็บปวด (Witches)",120236548932920260,2026-05-01,not_delivering,ad,,,,,0,,0,0,,,,,,,,,2026-05-01,2026-05-01
"[31.07.25][ริว] 30 เล่มสุดท้ายส่งจากคลัง (Ghostly)",120234490260470260,2026-05-01,inactive,ad,,,,,0,,0,0,,,,,,,,,2026-05-01,2026-05-01
"[13.04.26][ริว] ทำเหมือนไม่เป็นไร ทั้งที่ข้างในไม่โอเค (BOXSET) AI (Tried)",120247075490800260,2026-05-01,not_delivering,ad,การสนทนาผ่านการส่งข้อความที่เริ่มขึ้น,,,,0,,0,0,,,,,,,,,2026-05-01,2026-05-01
"[06.08.25][ริว] มีชีวิตอยู่อย่างโดดเดี่ยว (ghostly)",120235302089230260,2026-05-01,not_delivering,ad,,,,,0,,0,0,,,,,,,,,2026-05-01,2026-05-01
"[10.03.26][ริว] ซึมเศร้า animation (Trap)",120245665674760260,2026-05-01,not_delivering,ad,,,,,0,,0,0,,,,,,,,,2026-05-01,2026-05-01
"[06.08.25][ริว] คะแนน 10/10 (Tried)",120234615013180260,2026-05-01,not_delivering,ad,,,,,0,,0,0,,,,,,,,,2026-05-01,2026-05-01
"[22.07.25][ริว] วันนี้เธอเหนื่อยไหม (Tried)",120234551110590260,2026-05-01,archived,ad,,,,,0,,0,0,,,,,,,,,2026-05-01,2026-05-01
"[06.08.25][ริว] 7 สัญญาณที่ควรอ่าน (Tried)",120234440757530260,2026-05-01,inactive,ad,,,,,0,,0,0,,,,,,,,,2026-05-01,2026-05-01
"[22.07.25][ริว] วันนี้เธอเหนื่อยไหม (Tried)",120233024757480260,2026-05-01,inactive,ad,,,,,0,,0,0,,,,,,,,,2026-05-01,2026-05-01
"[03.09.25][ริว] เปิดตัวปีศาจ 2 (Demons)",120236324479730260,2026-05-01,not_delivering,ad,,,,,0,,0,0,,,,,,,,,2026-05-01,2026-05-01
"[26.09.25][ริว] นี่ไม่ใช่แค่ไพ่ทำนายดวง (Witches)",120237844771050260,2026-05-01,not_delivering,ad,,,,,0,,0,0,,,,,,,,,2026-05-01,2026-05-01
"[13.10.25][ริว] เล่มลายเซ็น (Remains)",120238558137770260,2026-05-01,not_delivering,ad,,,,,0,,0,0,,,,,,,,,2026-05-01,2026-05-01
"[25.07.25][ริว] แค่อ่านชื่อหน้าปก (Tried)",120233565409420260,2026-05-01,not_delivering,ad,,,,,0,,0,0,,,,,,,,,2026-05-01,2026-05-01
"[25.07.25][ริว] อ่านเล่มนี้จึงรู้ว่า (Tried)",120233565208240260,2026-05-01,inactive,ad,,,,,0,,0,0,,,,,,,,,2026-05-01,2026-05-01
"[02.06.25][ริว] 5 เหตุผลที่ต้องอ่าน (Ghostly)",120229860010370260,2026-05-01,inactive,ad,,,,,0,,0,0,,,,,,,,,2026-05-01,2026-05-01
"[25.07.25][ริว] คะแนน 9.9/10 (Ghostly)",120233558047490260,2026-05-01,inactive,ad,,,,,0,,0,0,,,,,,,,,2026-05-01,2026-05-01
"[22.07.25][ริว] ทุกคนเราได้หนังสือมาใหม่ (Tried)",120233223021610260,2026-05-01,inactive,ad,,,,,0,,0,0,,,,,,,,,2026-05-01,2026-05-01
"[06.08.25][ริว] มีชีวิตอยู่อย่างโดดเดี่ยว (ghostly)",120234669538140260,2026-05-01,inactive,ad,,,,,0,,0,0,,,,,,,,,2026-05-01,2026-05-01
"[25.07.25][ริว] แค่หนังสือร้องไห้ทำไม (Tried)",120234056003740260,2026-05-01,inactive,ad,,,,,0,,0,0,,,,,,,,,2026-05-01,2026-05-01
"[11.08.25][ริว] รีวิวไพ่ทำนายดวง (Witches)",120234869630590260,2026-05-01,inactive,ad,,,,,0,,0,0,,,,,,,,,2026-05-01,2026-05-01
"[23.05.25][ริว] หนังสือการ์ตูนฮีลใจ (Ghostly)",120229263892090260,2026-05-01,inactive,ad,,,,,0,,0,0,,,,,,,,,2026-05-01,2026-05-01
"[18.12.25][ริว] หนังสือการ์ตูนฮีลใจ (Ghostly)",120242333918340260,2026-05-01,not_delivering,ad,,,,,0,,0,0,,,,,,,,,2026-05-01,2026-05-01
"[24.07.25][ริว] ไพ่สำรับนี้ดูดวงแม่น (Witches)",120233372543820260,2026-05-01,not_delivering,ad,,,,,0,,0,0,,,,,,,,,2026-05-01,2026-05-01
"[22.07.25][ริว] วันนี้เธอเหนื่อยไหม (Tried)",120233024612610260,2026-05-01,inactive,ad,,,,,0,,0,0,,,,,,,,,2026-05-01,2026-05-01
"[03.10.25][ริว] จะเป็นยังไง (Remains)",120237920751990260,2026-05-01,inactive,ad,,,,,0,,0,0,,,,,,,,,2026-05-01,2026-05-01
"[21.05.25][ริว] สายมูห้ามพลาด (Witches)",120229053893420260,2026-05-01,inactive,ad,,,,,0,,0,0,,,,,,,,,2026-05-01,2026-05-01
"[06.08.25][ริว] มีชีวิตอยู่อย่างโดดเดี่ยว (ghostly)",120236676218490260,2026-05-01,not_delivering,ad,,,,,0,,0,0,,,,,,,,,2026-05-01,2026-05-01
"[04.10.25][ริว] เสาหลักของบ้าน (Tried)",120239442615700260,2026-05-01,not_delivering,ad,,,,,0,,0,0,,,,,,,,,2026-05-01,2026-05-01
"[03.09.25][ริว] เปิดตัวปีศาจ 2 (Demons)",120236358963790260,2026-05-01,not_delivering,ad,,,,,0,,0,0,,,,,,,,,2026-05-01,2026-05-01
"[09.10.25][ริว] นี่คือไพ่ทำนายดวง (Witches)",120238631721960260,2026-05-01,not_delivering,ad,,,,,0,,0,0,,,,,,,,,2026-05-01,2026-05-01
"[04.09.25][ริว] 9.9 : 3 เล่ม ราคา 999.- (Promotion)",120236189885290260,2026-05-01,not_delivering,ad,,,,,0,,0,0,,,,,,,,,2026-05-01,2026-05-01
"[03.07.25][ริว] ข้อความถึงคนไกลบ้าน (Home)",120232138390930260,2026-05-01,inactive,ad,,,,,0,,0,0,,,,,,,,,2026-05-01,2026-05-01
"[16.10.25][ริว] คะแนน 9.9/10 (Remains)",120239183198800260,2026-05-01,not_delivering,ad,,,,,0,,0,0,,,,,,,,,2026-05-01,2026-05-01
"[23.05.25][ริว] หนังสือการ์ตูนฮีลใจ (Ghostly)",120229263873510260,2026-05-01,inactive,ad,,,,,0,,0,0,,,,,,,,,2026-05-01,2026-05-01
"[11.09.25][ริว] ระลึกถึงคนที่จากไป (Witches)",120236885051950260,2026-05-01,not_delivering,ad,,,,,0,,0,0,,,,,,,,,2026-05-01,2026-05-01
"[02.06.25][ริว] หนังสือพลิกชีวิต (Witches)",120229859719460260,2026-05-01,inactive,ad,,,,,0,,0,0,,,,,,,,,2026-05-01,2026-05-01
"[22.08.25][ริว] Payday August 2 Box 999 (Promotion_Payday)",120235247853340260,2026-05-01,not_delivering,ad,,,,,0,,0,0,,,,,,,,,2026-05-01,2026-05-01
"[23.06.25][ริว] ประโยคเดียวในหนังสือที่จะเปลี่ยนชีวิต (Witches)",120241035509320260,2026-05-01,inactive,ad,,,,,0,,0,0,,,,,,,,,2026-05-01,2026-05-01
"[11.08.25][ริว] อ่านการ์ตูนแล้วร้องไห้ (Ghostly)",120234714869870260,2026-05-01,not_delivering,ad,,,,,0,,0,0,,,,,,,,,2026-05-01,2026-05-01
"[06.10.25][ริว] แม่ที่รักลูก (Remains)",120237931165500260,2026-05-01,inactive,ad,,,,,0,,0,0,,,,,,,,,2026-05-01,2026-05-01
"[05.08.25][ริว] หนังสือที่อ่านแล้ว ’เหมือนได้กลับบ้าน’ (Home)",120234399289980260,2026-05-01,inactive,ad,,,,,0,,0,0,,,,,,,,,2026-05-01,2026-05-01
"[03.09.25][ริว] สัญญาณที่ควรอ่าน (Demons)",120235947738780260,2026-05-01,inactive,ad,,,,,0,,0,0,,,,,,,,,2026-05-01,2026-05-01
"[20.10.25][ริว] ความผิดพลาด (Witches)",120238988767040260,2026-05-01,not_delivering,ad,,,,,0,,0,0,,,,,,,,,2026-05-01,2026-05-01
"[06.08.25][ริว] แค่หนังสือการ์ตูน ทำไมถึงร้องไห้ (Ghostly)",120234487375450260,2026-05-01,inactive,ad,,,,,0,,0,0,,,,,,,,,2026-05-01,2026-05-01
"[23.01.26][ริว] เครียดก็เปิดไพ่ (Witches)",120244294262140260,2026-05-01,not_delivering,ad,,,,,0,,0,0,,,,,,,,,2026-05-01,2026-05-01
"[23.06.25][ริว] ประโยคเดียวในหนังสือที่จะเปลี่ยนชีวิต (Witches)",120235302624600260,2026-05-01,not_delivering,ad,,,,,0,,0,0,,,,,,,,,2026-05-01,2026-05-01
"[25.07.25][ริว] ประโยคที่อ่านแล้วจุกอกในใจ (Tried)",120233569762500260,2026-05-01,inactive,ad,,,,,0,,0,0,,,,,,,,,2026-05-01,2026-05-01
"[06.08.25][ริว] 7 สัญญาณที่ควรอ่าน (Tried)",120234614620450260,2026-05-01,not_delivering,ad,,,,,0,,0,0,,,,,,,,,2026-05-01,2026-05-01
"[03.09.25][ริว] เปิดตัวปีศาจ 2 (ภาคเสียงและนางแบบมือโดยดาราสาวสองท่าน) (Demons)",120236030953930260,2026-05-01,not_delivering,ad,,,,,0,,0,0,,,,,,,,,2026-05-01,2026-05-01
"[05.09.25][ริว] 7 สัญญาณที่บอกว่าคุณควรอ่าน (Witches)",120236549862800260,2026-05-01,not_delivering,ad,,,,,0,,0,0,,,,,,,,,2026-05-01,2026-05-01
"[24.07.25][ริว] หนังสือใหม่ล่าสุด (Ghostly)",120233474970590260,2026-05-01,archived,ad,,,,,0,,0,0,,,,,,,,,2026-05-01,2026-05-01
"[09.10.25][ริว] นี่คือไพ่ทำนายดวง (Witches)",120238504497720260,2026-05-01,not_delivering,ad,,,,,0,,0,0,,,,,,,,,2026-05-01,2026-05-01
"[23.06.25][ริว] ประโยคเดียวในหนังสือที่จะเปลี่ยนชีวิต (Witches)",120234924774130260,2026-05-01,not_delivering,ad,,,,,0,,0,0,,,,,,,,,2026-05-01,2026-05-01
"[11.08.25][ริว] รีวิวไพ่ทำนายดวง (Witches)",120234722754180260,2026-05-01,inactive,ad,,,,,0,,0,0,,,,,,,,,2026-05-01,2026-05-01
"[22.09.25][ริว] แม่อยากให้ลูกมั่นคง (Remains)",120237332322590260,2026-05-01,inactive,ad,,,,,0,,0,0,,,,,,,,,2026-05-01,2026-05-01
"[25.07.25][ริว] คะแนน9.9/10 (Tried)",120234921224770260,2026-05-01,not_delivering,ad,,,,,0,,0,0,,,,,,,,,2026-05-01,2026-05-01
"[08.07.25][ริว] ย่านเมืองเก่ามีร้านคาเฟ่ร้านนึงเปิดหลังเที่ยงคืน (Ghostly)",120234669379460260,2026-05-01,inactive,ad,,,,,0,,0,0,,,,,,,,,2026-05-01,2026-05-01
"[03.09.25][ริว] สัญญาณที่ควรอ่าน (Demons)",120236358913800260,2026-05-01,not_delivering,ad,,,,,0,,0,0,,,,,,,,,2026-05-01,2026-05-01
"[12.08.25][ริว] แค่อ่านกลับจุกอกร้องไห้ (Witches)",120234722082450260,2026-05-01,inactive,ad,,,,,0,,0,0,,,,,,,,,2026-05-01,2026-05-01
"[22.07.25][ริว] วันนี้เธอเหนื่อยไหม (Tried)",120233024956830260,2026-05-01,not_delivering,ad,,,,,0,,0,0,,,,,,,,,2026-05-01,2026-05-01
"[08.08.25][ริว] งานศพ (Ghostly)",120235575837280260,2026-05-01,not_delivering,ad,,,,,0,,0,0,,,,,,,,,2026-05-01,2026-05-01
"[02.06.25][ริว] หนังสือพลิกชีวิต (Witches)",120230763374140260,2026-05-01,inactive,ad,,,,,0,,0,0,,,,,,,,,2026-05-01,2026-05-01
"[19.06.25][ริว] บทสนทนาของคนที่ไม่มีโอกาสพูดอีกแล้ว (Ghostly)",120231947126790260,2026-05-01,not_delivering,ad,,,,,0,,0,0,,,,,,,,,2026-05-01,2026-05-01
"[09.07.25][ริว] สวัสดียามดึก คุณดวงวิญญาณ (Ghostly)",120234551208210260,2026-05-01,archived,ad,,,,,0,,0,0,,,,,,,,,2026-05-01,2026-05-01
"[23.07.25][ริว] PAYDAY SALE JULY (Promotion_Payday) - Meme",120233337732400260,2026-05-01,inactive,ad,,,,,0,,0,0,,,,,,,,,2026-05-01,2026-05-01
"[03.11.25][ริว] หนังสือใหม่ อ่านแล้วน้ำตาซึม (Demons)",120239860861340260,2026-05-01,not_delivering,ad,,,,,0,,0,0,,,,,,,,,2026-05-01,2026-05-01
"[11.06.25][ริว] หนังสือฮีลใจแห่งปี (Ghostly)",120230762827270260,2026-05-01,not_delivering,ad,,,,,0,,0,0,,,,,,,,,2026-05-01,2026-05-01
"[27.08.25][ริว] ไม่เป็นไรถ้าวันนี้พลาด (Home)",120235756740890260,2026-05-01,not_delivering,ad,,,,,0,,0,0,,,,,,,,,2026-05-01,2026-05-01
"[18.07.25][ริว] ประโยคจุกอก (Ghostly)",120236246150780260,2026-05-01,not_delivering,ad,,,,,0,,0,0,,,,,,,,,2026-05-01,2026-05-01
"[24.09.25][ริว] ชีวิตสั้น (ปีศาจตัวนั้น)",120237441929810260,2026-05-01,not_delivering,ad,,,,,0,,0,0,,,,,,,,,2026-05-01,2026-05-01
"[27.05.25][ริว] ประโยคที่อ่านแล้วจุกอก (Witches)",120234924774120260,2026-05-01,not_delivering,ad,,,,,0,,0,0,,,,,,,,,2026-05-01,2026-05-01
"[06.09.25][ริว] ความกลัวการไม่ถูกรัก (Ghostly)",120236522384130260,2026-05-01,not_delivering,ad,,,,,0,,0,0,,,,,,,,,2026-05-01,2026-05-01
"[03.09.25][ริว] เปิดตัวปีศาจ 2 (ภาคเสียงและนางแบบมือโดยดาราสาวสองท่าน) (Demons)",120236027520060260,2026-05-01,inactive,ad,,,,,0,,0,0,,,,,,,,,2026-05-01,2026-05-01
"[09.09.25][ริว] ยังไม่ดีพอ (ไม่เป็นความจริงแต่อย่างใด) (Demons)",120236555952520260,2026-05-01,inactive,ad,,,,,0,,0,0,,,,,,,,,2026-05-01,2026-05-01
"[03.09.25][ริว] เปิดตัวปีศาจ 2 (ภาคเสียงและนางแบบมือโดยดาราสาวสองท่าน) (Demons)",120236358913780260,2026-05-01,not_delivering,ad,,,,,0,,0,0,,,,,,,,,2026-05-01,2026-05-01
"[18.09.25][ริว] ถ้าได้ฟังเรื่องราว (Ghostly)",120237043133140260,2026-05-01,inactive,ad,,,,,0,,0,0,,,,,,,,,2026-05-01,2026-05-01
"[05.09.25][ริว] ประโยคเตือนสติ (Witches)",120236549979880260,2026-05-01,not_delivering,ad,,,,,0,,0,0,,,,,,,,,2026-05-01,2026-05-01
"[28.06.25][ริว] ถ้าคืนนี้เป็นคืนสุดท้ายของคุณ (Ghostly)",120231820444450260,2026-05-01,inactive,ad,,,,,0,,0,0,,,,,,,,,2026-05-01,2026-05-01
"[09.10.25][ริว] นี่คือไพ่ทำนายดวง (Witches)",120238317675540260,2026-05-01,not_delivering,ad,,,,,0,,0,0,,,,,,,,,2026-05-01,2026-05-01
"[22.08.25][ริว] Payday August 2 Box 999 (Promotion_Payday)",120235600499690260,2026-05-01,not_delivering,ad,,,,,0,,0,0,,,,,,,,,2026-05-01,2026-05-01
"[10.11.25][ริว] วันนี้เราป้ายยา (Witches)",120240391993380260,2026-05-01,not_delivering,ad,,,,,0,,0,0,,,,,,,,,2026-05-01,2026-05-01
"[24.07.25][ริว] หนังสือใหม่ล่าสุด (Ghostly)",120236245139820260,2026-05-01,not_delivering,ad,,,,,0,,0,0,,,,,,,,,2026-05-01,2026-05-01
"[11.08.25][ริว] ยิ้มทั้งน้ำตา (Ghostly)",120234715022840260,2026-05-01,inactive,ad,,,,,0,,0,0,,,,,,,,,2026-05-01,2026-05-01
"[25.08.25][ริว] ไพ่สำรับนี้ (Witches)",120236550166810260,2026-05-01,not_delivering,ad,,,,,0,,0,0,,,,,,,,,2026-05-01,2026-05-01
"[23.07.25][ริว] แค่ชื่อก็เหมือนโดนปลอบ (Tried)",120233334347120260,2026-05-01,not_delivering,ad,,,,,0,,0,0,,,,,,,,,2026-05-01,2026-05-01
"[06.08.25][ริว] มีชีวิตอยู่อย่างโดดเดี่ยว (ghostly)",120235432800670260,2026-05-01,not_delivering,ad,,,,,0,,0,0,,,,,,,,,2026-05-01,2026-05-01
"[06.08.25][ริว] ประโยคเปลี่ยนชีวิต (Tried)",120234467457670260,2026-05-01,not_delivering,ad,,,,,0,,0,0,,,,,,,,,2026-05-01,2026-05-01
"[02.06.25][ริว] 5 เหตุผลที่ต้องอ่าน (Ghostly)",120230762758030260,2026-05-01,inactive,ad,,,,,0,,0,0,,,,,,,,,2026-05-01,2026-05-01
"[24.07.25][ริว] ไพ่สำรับนี้ดูดวงแม่น (Witches)",120233478965670260,2026-05-01,not_delivering,ad,,,,,0,,0,0,,,,,,,,,2026-05-01,2026-05-01
"[04.10.25][ริว] เสาหลักของบ้าน (Tried)",120237987174550260,2026-05-01,inactive,ad,,,,,0,,0,0,,,,,,,,,2026-05-01,2026-05-01
"[27.08.25][ริว] ถูกเอาเปรียบ (Ghostly)",120235753090720260,2026-05-01,not_delivering,ad,,,,,0,,0,0,,,,,,,,,2026-05-01,2026-05-01
"[25.07.25][ริว] สัญญาณที่บอกว่าควรอ่าน (Tried)",120233565064480260,2026-05-01,not_delivering,ad,,,,,0,,0,0,,,,,,,,,2026-05-01,2026-05-01
"[22.07.25][ริว] วันนี้เธอเหนื่อยไหม (Tried)",120233024814790260,2026-05-01,not_delivering,ad,,,,,0,,0,0,,,,,,,,,2026-05-01,2026-05-01
"[09.07.25][ริว] สวัสดียามดึก คุณดวงวิญญาณ (Ghostly)",120232526132780260,2026-05-01,inactive,ad,,,,,0,,0,0,,,,,,,,,2026-05-01,2026-05-01
"[05.09.25][ริว] รีวิวหนังสือ 5/5 (Witches)",120236603024380260,2026-05-01,not_delivering,ad,,,,,0,,0,0,,,,,,,,,2026-05-01,2026-05-01
"[03.09.25][ริว] เปิดตัวปีศาจ 2 (ภาคเสียงและนางแบบมือโดยดาราสาวสองท่าน) (Demons)",120236028057610260,2026-05-01,inactive,ad,,,,,0,,0,0,,,,,,,,,2026-05-01,2026-05-01
"[06.10.25][ริว] มีประโยคในหนังสือ (Witches)",120238409595920260,2026-05-01,not_delivering,ad,,,,,0,,0,0,,,,,,,,,2026-05-01,2026-05-01
"[11.09.25][ริว] ระลึกถึงคนที่จากไป (Witches)",120236885031880260,2026-05-01,not_delivering,ad,,,,,0,,0,0,,,,,,,,,2026-05-01,2026-05-01
"[24.07.25][ริว] หนังสือใหม่ล่าสุด (Ghostly)",120233476156900260,2026-05-01,not_delivering,ad,,,,,0,,0,0,,,,,,,,,2026-05-01,2026-05-01
"[17.10.25][ริว] พูดดีกับทุกคนยกเว้นตัวเอง (ปีศาจตัวนั้น)",120238819869230260,2026-05-01,not_delivering,ad,,,,,0,,0,0,,,,,,,,,2026-05-01,2026-05-01
"[11.09.25][ริว] ระลึกถึงคนที่จากไป (Witches)",120237328705210260,2026-05-01,not_delivering,ad,,,,,0,,0,0,,,,,,,,,2026-05-01,2026-05-01
"[06.08.25][ริว] มีชีวิตอยู่อย่างโดดเดี่ยว (ghostly)",120236905052690260,2026-05-01,not_delivering,ad,,,,,0,,0,0,,,,,,,,,2026-05-01,2026-05-01
"[11.06.25][ริว] หนังสือฮีลใจแห่งปี (Ghostly)",120232764653280260,2026-05-01,inactive,ad,,,,,0,,0,0,,,,,,,,,2026-05-01,2026-05-01
"[06.08.25][ริว] มีชีวิตอยู่อย่างโดดเดี่ยว (ghostly)",120235359707280260,2026-05-01,not_delivering,ad,,,,,0,,0,0,,,,,,,,,2026-05-01,2026-05-01
"[11.06.25][ริว] หนังสือฮีลใจแห่งปี (Ghostly)",120231947163260260,2026-05-01,not_delivering,ad,,,,,0,,0,0,,,,,,,,,2026-05-01,2026-05-01
"[03.09.25][ริว] สัญญาณที่ควรอ่าน (Demons)",120236583311860260,2026-05-01,inactive,ad,,,,,0,,0,0,,,,,,,,,2026-05-01,2026-05-01
"[19.06.25][ริว] บทสนทนาของคนที่ไม่มีโอกาสพูดอีกแล้ว (Ghostly)",120231485805540260,2026-05-01,inactive,ad,,,,,0,,0,0,,,,,,,,,2026-05-01,2026-05-01
"[11.06.25][ริว] จะเป็นยังไงถ้าคุณต้องเป็นที่ปรึกษา (Ghostly)",120230763705150260,2026-05-01,inactive,ad,,,,,0,,0,0,,,,,,,,,2026-05-01,2026-05-01
"[02.06.25][ริว] หนังสือพลิกชีวิต (Witches)",120229860132880260,2026-05-01,archived,ad,,,,,0,,0,0,,,,,,,,,2026-05-01,2026-05-01
"[24.06.25][ริว] ไม่ว่าชีวิตจะแย่แค่ไหน แค่คิดแบบคาปิบาร่า (Capybara_Boxset)",120231575232980260,2026-05-01,inactive,ad,,,,,0,,0,0,,,,,,,,,2026-05-01,2026-05-01
"[03.07.25][ริว][Cross Page] หนังสือฮีลใจแห่งปี (Ghostly)",120232159506290260,2026-05-01,not_delivering,ad,,,,,0,,0,0,,,,,,,,,2026-05-01,2026-05-01
"[05.06.25][ริว] ไม่ได้ตั้งใจจะปล่อยให้มันสาย (Ghostly)",120230048898500260,2026-05-01,not_delivering,ad,,,,,0,,0,0,,,,,,,,,2026-05-01,2026-05-01
"[25.07.25][ริว] แค่หนังสือร้องไห้ทำไม (Tried)",120233569176650260,2026-05-01,not_delivering,ad,,,,,0,,0,0,,,,,,,,,2026-05-01,2026-05-01
"[21.08.25][ริว] อะไรแอบมองเราอยู่น้า (Witches)",120235360503330260,2026-05-01,inactive,ad,,,,,0,,0,0,,,,,,,,,2026-05-01,2026-05-01
"[13.11.25][ริว] 30 Boxset สุดท้าย (Witches)",120241250781940260,2026-05-01,not_delivering,ad,,,,,0,,0,0,,,,,,,,,2026-05-01,2026-05-01
"[29.08.25][ริว] ลองแคร์แค่สายตา (Kiwtum)",120235858728930260,2026-05-01,not_delivering,ad,,,,,0,,0,0,,,,,,,,,2026-05-01,2026-05-01
"[09.10.25][ริว] นี่คือไพ่ทำนายดวง (Witches)",120238859679880260,2026-05-01,inactive,ad,,,,,0,,0,0,,,,,,,,,2026-05-01,2026-05-01
"[18.10.25][ริว] อยู่คนเดียว (Ghostly)",120240102388260260,2026-05-01,inactive,ad,,,,,0,,0,0,,,,,,,,,2026-05-01,2026-05-01
"[06.08.25][ริว] มีชีวิตอยู่อย่างโดดเดี่ยว (ghostly)",120234714400830260,2026-05-01,inactive,ad,,,,,0,,0,0,,,,,,,,,2026-05-01,2026-05-01
"[19.08.25][ริว] ความสูญเสียทำให้เจ็บปวด (Witches)",120235860376970260,2026-05-01,not_delivering,ad,,,,,0,,0,0,,,,,,,,,2026-05-01,2026-05-01
"[19.08.25][ริว] ความสูญเสียทำให้เจ็บปวด (Witches)",120236188440400260,2026-05-01,not_delivering,ad,,,,,0,,0,0,,,,,,,,,2026-05-01,2026-05-01
"[24.07.25][ริว] ไพ่สำรับนี้ดูดวงแม่น (Witches)",120234208577760260,2026-05-01,not_delivering,ad,,,,,0,,0,0,,,,,,,,,2026-05-01,2026-05-01
"[16.10.25][ริว] เมไอสัมภาษณ์ปีศาจ2 (Demons)",120238779742330260,2026-05-01,inactive,ad,,,,,0,,0,0,,,,,,,,,2026-05-01,2026-05-01
"[28.08.25][ริว] ถ้าต้องบอกกับตัวเอง (Tried)",120235856501760260,2026-05-01,inactive,ad,,,,,0,,0,0,,,,,,,,,2026-05-01,2026-05-01
"[23.07.25][ริว] เมื่อเข้าสู่วัยทำงาน (Tried)",120234426907880260,2026-05-01,not_delivering,ad,,,,,0,,0,0,,,,,,,,,2026-05-01,2026-05-01
"[23.07.25][ริว] PAYDAY SALE JULY (Promotion_Payday) - Meme",120233337906850260,2026-05-01,inactive,ad,,,,,0,,0,0,,,,,,,,,2026-05-01,2026-05-01
"[09.07.25][ริว] สวัสดียามดึก คุณดวงวิญญาณ (Ghostly)",120236246360270260,2026-05-01,not_delivering,ad,,,,,0,,0,0,,,,,,,,,2026-05-01,2026-05-01
"[28.06.25][ริว] รู้สึกดีไม่พอ จนอยากหายไปจากโลก (Embrace)",120232810174850260,2026-05-01,inactive,ad,,,,,0,,0,0,,,,,,,,,2026-05-01,2026-05-01
"[23.05.25][ริว] ประโยคหนึ่งในหนังสือที่เหมือนมีน้องแมวเวทมนตร์มากระซิบ (Witches)",120229241557040260,2026-05-01,inactive,ad,,,,,0,,0,0,,,,,,,,,2026-05-01,2026-05-01
"[24.07.25][ริว] ไพ่สำรับนี้ดูดวงแม่น (Witches)",120234068965290260,2026-05-01,inactive,ad,,,,,0,,0,0,,,,,,,,,2026-05-01,2026-05-01
"[08.09.25][ริว] ริวหนังสือใหม่ (Demons)",120236554458280260,2026-05-01,inactive,ad,,,,,0,,0,0,,,,,,,,,2026-05-01,2026-05-01
"[04.03.26][ริว] ซึมเศร้า (สัมภาษณ์หมอ) (Trap)",120246076097230260,2026-05-01,not_delivering,ad,,,,,0,,0,0,,,,,,,,,2026-05-01,2026-05-01
"[10.11.25][ริว] E-Book ฮีลใจพัฒนาตัวเอง (E-Book)",120240281514030260,2026-05-01,inactive,ad,,,,,0,,0,0,,,,,,,,,2026-05-01,2026-05-01
"[22.10.25][ริว] ป้ายยาหนังสือน่ารัก (Witches)",120240905459160260,2026-05-01,inactive,ad,,,,,0,,0,0,,,,,,,,,2026-05-01,2026-05-01
"[24.10.25][ริว] PAYDAY OPD E-Book 1 แถม 1 (Promotion)",120239533151940260,2026-05-01,not_delivering,ad,,,,,0,,0,0,,,,,,,,,2026-05-01,2026-05-01
"[22.10.25][ริว] ป้ายยา (Remains)",120239982076500260,2026-05-01,not_delivering,ad,,,,,0,,0,0,,,,,,,,,2026-05-01,2026-05-01
"[23.04.26][ริว] Smiling depression ภาวะซึมเศร้าที่ซ่อนอยู่ใต้รอยยิ้ม AI (Trap)",120248306328570260,2026-05-01,not_delivering,ad,การสนทนาผ่านการส่งข้อความที่เริ่มขึ้น,,,,0,,0,0,,,,,,,,,2026-05-01,2026-05-01
"[29.10.25][ริว] ป้ายยา 2 หนังสือ (Remains)",120239538332050260,2026-05-01,not_delivering,ad,,,,,0,,0,0,,,,,,,,,2026-05-01,2026-05-01
"[03.04.26][ริว] โรคซึมเศร้า AI (Trap)",120247408900250260,2026-05-01,archived,ad,,,,,0,,0,0,,,,,,,,,2026-05-01,2026-05-01
"[04.09.25][ริว] 9.9 : 3 เล่ม ราคา 999.- (Promotion)",120236313129500260,2026-05-01,not_delivering,ad,,,,,0,,0,0,,,,,,,,,2026-05-01,2026-05-01
"[30.10.25][ริว] การอยู่คนเดียว (Ghostly)",120240331080200260,2026-05-01,inactive,ad,,,,,0,,0,0,,,,,,,,,2026-05-01,2026-05-01
"[06.11.25][ริว] กลับมาอีกครั้ง (Remains)",120240912726290260,2026-05-01,not_delivering,ad,,,,,0,,0,0,,,,,,,,,2026-05-01,2026-05-01
"[23.06.25][ริว] ประโยคเดียวในหนังสือที่จะเปลี่ยนชีวิต (Witches)",120239970829840260,2026-05-01,inactive,ad,,,,,0,,0,0,,,,,,,,,2026-05-01,2026-05-01
"[16.10.25][ริว] แค่ประโยคในหนังสือ (Remains)",120238719260240260,2026-05-01,inactive,ad,,,,,0,,0,0,,,,,,,,,2026-05-01,2026-05-01
"[22.10.25][ริว] ป้ายยา (Remains)",120239461693580260,2026-05-01,not_delivering,ad,,,,,0,,0,0,,,,,,,,,2026-05-01,2026-05-01
"[23.02.26][ริว] แม่คือคนรับผิดชอบ (Trap)",120246076494150260,2026-05-01,not_delivering,ad,,,,,0,,0,0,,,,,,,,,2026-05-01,2026-05-01
"[04.05.26][ริว] 5.5 BOXSET 499.- (Promotion)",120248384856480260,2026-05-01,active,ad,การสนทนาผ่านการส่งข้อความที่เริ่มขึ้น,,,,0,,0,0,,,,,,,,,2026-05-01,2026-05-01
"[11.12.25][ริว] เปลี่ยนความทุกข์ (Witches)",120241902350010260,2026-05-01,inactive,ad,,,,,0,,0,0,,,,,,,,,2026-05-01,2026-05-01
"[06.10.25][ริว] มีประโยคในหนังสือ (Witches)",120238409375610260,2026-05-01,not_delivering,ad,,,,,0,,0,0,,,,,,,,,2026-05-01,2026-05-01
"[10.10.25][ริว] 10.10 x งานหนังสือ (Promotion)",120238414815090260,2026-05-01,not_delivering,ad,,,,,0,,0,0,,,,,,,,,2026-05-01,2026-05-01
"[13.10.25][ริว] เล่มลายเซ็น (Remains)",120238789572860260,2026-05-01,inactive,ad,,,,,0,,0,0,,,,,,,,,2026-05-01,2026-05-01
"[12.02.26][ริว] รักคนอื่น (สัมภาษณ์หมอ) (Trap) (Cross Page)",120244538166880260,2026-05-01,not_delivering,ad,,,,,0,,0,0,,,,,,,,,2026-05-01,2026-05-01
"[04.03.26][ริว] ซึมเศร้า (สัมภาษณ์หมอ) (Trap)",120248276238300260,2026-05-01,not_delivering,ad,การสนทนาผ่านการส่งข้อความที่เริ่มขึ้น,,,,0,,0,0,,,,,,,,,2026-05-01,2026-05-01
"[09.09.25][ริว] ยังไม่ดีพอ (ไม่เป็นความจริงแต่อย่างใด) (Demons)",120236832221010260,2026-05-01,not_delivering,ad,,,,,0,,0,0,,,,,,,,,2026-05-01,2026-05-01
"[19.10.25][ริว] 30 เล่มสุดท้าย (Demons)",120239836348480260,2026-05-01,not_delivering,ad,,,,,0,,0,0,,,,,,,,,2026-05-01,2026-05-01
"[25.11.25][ริว] อีบุ๊คแมว : Witches (E-Book)",120241049742010260,2026-05-01,inactive,ad,,,,,0,,0,0,,,,,,,,,2026-05-01,2026-05-01
"[05.04.26][ริว] แด่มนุษย์ที่โดดเดี่ยว AI (Ghostly)",120246687997220260,2026-05-01,inactive,ad,,,,,0,,0,0,,,,,,,,,2026-05-01,2026-05-01
"[15.04.26][ริว] โรคไบโพล่าร์/โรคอารมณ์สองขั้ว AI (Trap)",120247172010320260,2026-05-01,not_delivering,ad,การสนทนาผ่านการส่งข้อความที่เริ่มขึ้น,,,,0,,0,0,,,,,,,,,2026-05-01,2026-05-01
"[22.08.25][ริว] เสียดาย (Ghostly)",120240863076730260,2026-05-01,not_delivering,ad,,,,,0,,0,0,,,,,,,,,2026-05-01,2026-05-01
"[28.08.25][ริว] ประโยคที่อ่านแล้วหายเหนื่อย (Tried)",120235856501730260,2026-05-01,not_delivering,ad,,,,,0,,0,0,,,,,,,,,2026-05-01,2026-05-01
"[26.09.25][ริว] คะแนนเต็ม 100 อย่างน้อยต้องได้ 99 (Demons)",120237557399570260,2026-05-01,not_delivering,ad,,,,,0,,0,0,,,,,,,,,2026-05-01,2026-05-01
"[31.10.25][ริว] 30 เล่มสุดท้าย (Remains)",120239979554420260,2026-05-01,inactive,ad,,,,,0,,0,0,,,,,,,,,2026-05-01,2026-05-01
"[18.12.25][ริว] ลดเหลือ (Ghostly)",120242333773140260,2026-05-01,not_delivering,ad,,,,,0,,0,0,,,,,,,,,2026-05-01,2026-05-01
"[22.08.25][ริว] Payday August 2 Box 999 (Promotion_Payday)",120235866972580260,2026-05-01,inactive,ad,,,,,0,,0,0,,,,,,,,,2026-05-01,2026-05-01
"[29.01.26][ริว] หนังสือจากแพทย์ (Trap)",120243700718180260,2026-05-01,not_delivering,ad,,,,,0,,0,0,,,,,,,,,2026-05-01,2026-05-01
"[06.03.26][ริว] พรีออเดอร์เล่มลายเซ็น (Trap)",120245259327750260,2026-05-01,not_delivering,ad,,,,,0,,0,0,,,,,,,,,2026-05-01,2026-05-01
"[23.02.26][ริว] แม่คือคนรับผิดชอบ (Trap)",120245282028700260,2026-05-01,not_delivering,ad,,,,,0,,0,0,,,,,,,,,2026-05-01,2026-05-01
"[10.03.26][ริว] ซึมเศร้า animation (Trap)",120245605402830260,2026-05-01,not_delivering,ad,,,,,0,,0,0,,,,,,,,,2026-05-01,2026-05-01
"[06.10.25][ริว] มีประโยคในหนังสือ (Witches) (Reels)",120243088756870260,2026-05-01,not_delivering,ad,,,,,0,,0,0,,,,,,,,,2026-05-01,2026-05-01
"[13.02.26][ริว] การมีชีวิตอยู่อย่างโดดเดี่ยว (Ghostly)",120244551704340260,2026-05-01,not_delivering,ad,,,,,0,,0,0,,,,,,,,,2026-05-01,2026-05-01
"[23.01.26][ริว] รีวิว (Remains)",120243521461680260,2026-05-01,inactive,ad,,,,,0,,0,0,,,,,,,,,2026-05-01,2026-05-01
"[16.02.26][ริว] คนดีไม่มีความสุข (Trap)",120244438051210260,2026-05-01,not_delivering,ad,,,,,0,,0,0,,,,,,,,,2026-05-01,2026-05-01
"[11.10.25][ริว] ปุณณ์วัฒน์ (Ghostly)",120243177965350260,2026-05-01,not_delivering,ad,,,,,0,,0,0,,,,,,,,,2026-05-01,2026-05-01
"[16.01.26][ริว] ประโยคเดียว (Witches)",120243923853380260,2026-05-01,not_delivering,ad,,,,,0,,0,0,,,,,,,,,2026-05-01,2026-05-01
"[12.02.26][ริว] แม่ไม่ให้มีแฟน (สัมภาษณ์หมอ) (Trap)",120244268154010260,2026-05-01,not_delivering,ad,,,,,0,,0,0,,,,,,,,,2026-05-01,2026-05-01
"[20.04.26][ริว] ใจดีกับทุกคน ยกเว้นตัวเอง AI (Trap)",120247428369730260,2026-05-01,not_delivering,ad,การสนทนาผ่านการส่งข้อความที่เริ่มขึ้น,,,,0,,0,0,,,,,,,,,2026-05-01,2026-05-01
"[16.01.26][ริว] เดาตอนจบไม่ได้ (Ghostly)",120243289734150260,2026-05-01,inactive,ad,,,,,0,,0,0,,,,,,,,,2026-05-01,2026-05-01
"[13.11.25][ริว] 30 Boxset สุดท้าย (Witches)",120240729932860260,2026-05-01,inactive,ad,,,,,0,,0,0,,,,,,,,,2026-05-01,2026-05-01
"[29.03.26][ริว] วิธีรับมือโรคแพนิค (AI) (Trap)",120246607038650260,2026-05-01,not_delivering,ad,,,,,0,,0,0,,,,,,,,,2026-05-01,2026-05-01
"[18.11.25][ริว] หนังสือเรียกน้ำตา (Remains)",120240741039260260,2026-05-01,inactive,ad,,,,,0,,0,0,,,,,,,,,2026-05-01,2026-05-01
"[16.01.26][ริว] หนังสือที่ได้รับการเสนอชื่อเข้าชิงรางวัล (Ghostly)",120243289814180260,2026-05-01,inactive,ad,,,,,0,,0,0,,,,,,,,,2026-05-01,2026-05-01
"[29.09.25][ริว] การมีชีวิตอยู่อย่างโดดเดี่ยว (Ghostly) (Reels)",120243030432190260,2026-05-01,not_delivering,ad,,,,,0,,0,0,,,,,,,,,2026-05-01,2026-05-01
"[16.01.26][ริว] ประโยคเดียว (Witches)",120244294133280260,2026-05-01,not_delivering,ad,,,,,0,,0,0,,,,,,,,,2026-05-01,2026-05-01
"[16.01.26][ริว] ยึดติด (Remains)",120243287949680260,2026-05-01,inactive,ad,,,,,0,,0,0,,,,,,,,,2026-05-01,2026-05-01
"[22.09.25][ริว] แม่อยากให้ลูกมั่นคง (Remains)",120239982076490260,2026-05-01,inactive,ad,,,,,0,,0,0,,,,,,,,,2026-05-01,2026-05-01
"[12.12.25][ริว] โปร299 (Ghostly)",120242004150490260,2026-05-01,not_delivering,ad,,,,,0,,0,0,,,,,,,,,2026-05-01,2026-05-01
"[29.10.25][ริว] ป้ายยา 2 หนังสือ (Remains)",120241140690620260,2026-05-01,inactive,ad,,,,,0,,0,0,,,,,,,,,2026-05-01,2026-05-01
"[29.03.26][ริว] วิธีรับมือโรคแพนิค (AI) (Trap) - สำเนา",120246783832370260,2026-05-01,not_delivering,ad,,,,,0,,0,0,,,,,,,,,2026-05-01,2026-05-01
"[31.10.25][ริว] 30 เล่มสุดท้าย (Remains)",120239707883040260,2026-05-01,not_delivering,ad,,,,,0,,0,0,,,,,,,,,2026-05-01,2026-05-01
"[06.11.25][ริว] กลับมาอีกครั้ง (Remains)",120241249197570260,2026-05-01,not_delivering,ad,,,,,0,,0,0,,,,,,,,,2026-05-01,2026-05-01
"[16.01.26][ริว] นี่ไม่ใช่ไพ่ทำนายดวง (Witches)",120243289101200260,2026-05-01,inactive,ad,,,,,0,,0,0,,,,,,,,,2026-05-01,2026-05-01
"[05.02.26][ริว] Boxset ลายเซ็น (Witches)",120244543302990260,2026-05-01,not_delivering,ad,,,,,0,,0,0,,,,,,,,,2026-05-01,2026-05-01
"[04.03.26][ริว] ซึมเศร้า (สัมภาษณ์หมอ) (Trap)",120246513224040260,2026-05-01,not_delivering,ad,,,,,0,,0,0,,,,,,,,,2026-05-01,2026-05-01
"[07.11.25][ริว] 11.11 บุฟเฟต์ 3 เล่ม 999 (Promotion)",120240092369830260,2026-05-01,not_delivering,ad,,,,,0,,0,0,,,,,,,,,2026-05-01,2026-05-01
"[26.11.25][ริว] ไพ่บอกอะไร (Witches)",120241098308880260,2026-05-01,inactive,ad,,,,,0,,0,0,,,,,,,,,2026-05-01,2026-05-01
"[27.08.25][ริว] ถูกเอาเปรียบ (Ghostly)",120235752621500260,2026-05-01,not_delivering,ad,,,,,0,,0,0,,,,,,,,,2026-05-01,2026-05-01
"[03.09.25][ริว] สัญญาณที่ควรอ่าน (Demons)",120236022483590260,2026-05-01,not_delivering,ad,,,,,0,,0,0,,,,,,,,,2026-05-01,2026-05-01
"[03.09.25][ริว] จุกอกกับปีศาจ2 (Demons)",120236022483630260,2026-05-01,not_delivering,ad,,,,,0,,0,0,,,,,,,,,2026-05-01,2026-05-01
"[06.10.25][ริว] มีประโยคในหนังสือ (Witches)",120238262651920260,2026-05-01,not_delivering,ad,,,,,0,,0,0,,,,,,,,,2026-05-01,2026-05-01
"[11.12.25][ริว] เติมของ (Ghostly)",120241910332540260,2026-05-01,not_delivering,ad,,,,,0,,0,0,,,,,,,,,2026-05-01,2026-05-01
"[03.09.25][ริว] เปิดตัวปีศาจ 2 (Demons)",120236322692890260,2026-05-01,inactive,ad,,,,,0,,0,0,,,,,,,,,2026-05-01,2026-05-01
"[03.09.25][ริว] จุกอกกับปีศาจ2 (Demons)",120235947738800260,2026-05-01,inactive,ad,,,,,0,,0,0,,,,,,,,,2026-05-01,2026-05-01
"[20.03.26][ริว] เล่มนี้คือภาคต่อที่ควรอ่าน (Remains)",120245759550240260,2026-05-01,not_delivering,ad,,,,,0,,0,0,,,,,,,,,2026-05-01,2026-05-01
"[12.02.26][ริว] รักคนอื่น (สัมภาษณ์หมอ) (Trap)",120244476304810260,2026-05-01,not_delivering,ad,,,,,0,,0,0,,,,,,,,,2026-05-01,2026-05-01
"[11.09.25][ริว] ประโยคเดียวในหนังสือ (Witches)",120236885091550260,2026-05-01,not_delivering,ad,,,,,0,,0,0,,,,,,,,,2026-05-01,2026-05-01
"[05.08.25][ริว] ประโยคในหนังสือเปลี่ยนชีวิต (Witches)",120234426535770260,2026-05-01,not_delivering,ad,,,,,0,,0,0,,,,,,,,,2026-05-01,2026-05-01
"[23.01.26][ริว] พรุ่งนี้ใกล้ความตาย (Ghostly)",120243521711340260,2026-05-01,inactive,ad,,,,,0,,0,0,,,,,,,,,2026-05-01,2026-05-01
"[16.10.25][ริว] หนักมากไหมลูก (Remains)",120238718822930260,2026-05-01,inactive,ad,,,,,0,,0,0,,,,,,,,,2026-05-01,2026-05-01
"[18.09.25][ริว] ถ้าได้ฟังเรื่องราว (Ghostly)",120237710057480260,2026-05-01,not_delivering,ad,,,,,0,,0,0,,,,,,,,,2026-05-01,2026-05-01
"[25.07.25][ริว] คะแนน9.9/10 (Tried)",120234549589850260,2026-05-01,archived,ad,,,,,0,,0,0,,,,,,,,,2026-05-01,2026-05-01
"[09.07.25][ริว] สวัสดียามดึก คุณดวงวิญญาณ (Ghostly)",120234669389350260,2026-05-01,inactive,ad,,,,,0,,0,0,,,,,,,,,2026-05-01,2026-05-01
"[23.06.25][ริว] ประโยคเดียวในหนังสือที่จะเปลี่ยนชีวิต (Witches)",120235152659740260,2026-05-01,not_delivering,ad,,,,,0,,0,0,,,,,,,,,2026-05-01,2026-05-01
"[25.07.25][ริว] เล่มนี้เหมาะกับคนที่ (Tried)",120233569898650260,2026-05-01,inactive,ad,,,,,0,,0,0,,,,,,,,,2026-05-01,2026-05-01
"[12.09.25][ริว] ริวเตือนสติ (ปีศาจตัวนั้น)",120236739589700260,2026-05-01,not_delivering,ad,,,,,0,,0,0,,,,,,,,,2026-05-01,2026-05-01
"[25.07.25][ริว] เล่มนี้เขียนมาเพื่อคุณ (Tried)",120233564947030260,2026-05-01,inactive,ad,,,,,0,,0,0,,,,,,,,,2026-05-01,2026-05-01
"[03.09.25][ริว] สัญญาณที่ควรอ่าน (Demons)",120236323055930260,2026-05-01,inactive,ad,,,,,0,,0,0,,,,,,,,,2026-05-01,2026-05-01
"[23.06.25][ริว] ประโยคเดียวในหนังสือที่จะเปลี่ยนชีวิต (Witches)",120233387269660260,2026-05-01,inactive,ad,,,,,0,,0,0,,,,,,,,,2026-05-01,2026-05-01
"[22.08.25][ริว] Payday August 2 Box 999 (Promotion_Payday)",120235248623590260,2026-05-01,not_delivering,ad,,,,,0,,0,0,,,,,,,,,2026-05-01,2026-05-01
"[25.08.25][ริว] ไพ่สำรับนี้ (Witches)",120236626317060260,2026-05-01,not_delivering,ad,,,,,0,,0,0,,,,,,,,,2026-05-01,2026-05-01
"[06.08.25][ริว] ไม่ว่าชีวิตจะบัดซบ (Tried)",120234430229560260,2026-05-01,not_delivering,ad,,,,,0,,0,0,,,,,,,,,2026-05-01,2026-05-01
"[03.09.25][ริว] สัญญาณที่ควรอ่าน (Demons)",120235859358560260,2026-05-01,inactive,ad,,,,,0,,0,0,,,,,,,,,2026-05-01,2026-05-01
"[22.08.25][ริว] แจกวอลเปเปอร์ (Ghostly)",120236197677720260,2026-05-01,not_delivering,ad,,,,,0,,0,0,,,,,,,,,2026-05-01,2026-05-01
"[23.07.25][ริว] เมื่อเข้าสู่วัยทำงาน (Tried)",120233363840090260,2026-05-01,inactive,ad,,,,,0,,0,0,,,,,,,,,2026-05-01,2026-05-01
"[24.10.25][ริว] PAYDAY OPD E-Book 1 แถม 1 (Promotion)",120239532896010260,2026-05-01,not_delivering,ad,,,,,0,,0,0,,,,,,,,,2026-05-01,2026-05-01
"[03.07.25][ริว] ไพ่อยากจะบอกอะไรกับคุณ (Witches)",120232133366710260,2026-05-01,inactive,ad,,,,,0,,0,0,,,,,,,,,2026-05-01,2026-05-01
"[29.09.25][ริว] เริ่มต้นใหม่กับคุณคนเดิม (Demons)",120237713336910260,2026-05-01,not_delivering,ad,,,,,0,,0,0,,,,,,,,,2026-05-01,2026-05-01
"[07.09.25][ริว] ริวร้องไห้กับหนังสือ (Demons)",120238434523170260,2026-05-01,inactive,ad,,,,,0,,0,0,,,,,,,,,2026-05-01,2026-05-01
"[08.08.25][ริว] งานศพ (Ghostly)",120235359910710260,2026-05-01,inactive,ad,,,,,0,,0,0,,,,,,,,,2026-05-01,2026-05-01
"[05.08.25][ริว] จะมูฟออนได้ยังไง (ปีศาจตัวนั้น)",120234605062350260,2026-05-01,not_delivering,ad,,,,,0,,0,0,,,,,,,,,2026-05-01,2026-05-01
"[12.12.25][ริว] โปร299 (Ghostly)",120242003711360260,2026-05-01,inactive,ad,,,,,0,,0,0,,,,,,,,,2026-05-01,2026-05-01
"[25.08.25][ริว] ไพ่สำรับนี้ (Witches)",120235664885330260,2026-05-01,not_delivering,ad,,,,,0,,0,0,,,,,,,,,2026-05-01,2026-05-01
"[09.09.25][ริว] ริว 7 สัญญาณ (Demons)",120236832228890260,2026-05-01,inactive,ad,,,,,0,,0,0,,,,,,,,,2026-05-01,2026-05-01
"[22.08.25][ริว] เสียดาย (Ghostly)",120235433045060260,2026-05-01,archived,ad,,,,,0,,0,0,,,,,,,,,2026-05-01,2026-05-01
"[17.03.26][ริว] เพราะในทุกความเกลียด Animation (Remains)",120245968767790260,2026-05-01,inactive,ad,,,,,0,,0,0,,,,,,,,,2026-05-01,2026-05-01
"[29.09.25][ริว] ประโยคหลังปก ปีศาจ 2 (Demons)",120237713336920260,2026-05-01,not_delivering,ad,,,,,0,,0,0,,,,,,,,,2026-05-01,2026-05-01
"[24.10.25][ริว] PAYDAY OPD E-Book 1 แถม 1 (Promotion)",120239259676290260,2026-05-01,archived,ad,,,,,0,,0,0,,,,,,,,,2026-05-01,2026-05-01
"[24.07.25][ริว] ไพ่สำรับนี้ดูดวงแม่น (Witches)",120234501221900260,2026-05-01,not_delivering,ad,,,,,0,,0,0,,,,,,,,,2026-05-01,2026-05-01
"[22.10.25][ริว] ป้ายยาหนังสือน่ารัก (Witches)",120239113491130260,2026-05-01,not_delivering,ad,,,,,0,,0,0,,,,,,,,,2026-05-01,2026-05-01
"[06.08.25][ริว] กลับมารักตัวเอง (Ghostly)",120234486765540260,2026-05-01,inactive,ad,,,,,0,,0,0,,,,,,,,,2026-05-01,2026-05-01
"[28.08.25][ริว] ประโยคที่อ่านแล้วหายเหนื่อย (Tried)",120235810968300260,2026-05-01,not_delivering,ad,,,,,0,,0,0,,,,,,,,,2026-05-01,2026-05-01
"[11.06.25][ริว] หนังสือฮีลใจแห่งปี (Ghostly)",120236605895750260,2026-05-01,inactive,ad,,,,,0,,0,0,,,,,,,,,2026-05-01,2026-05-01
"[05.08.25][ริว] ประโยคในหนังสือเปลี่ยนชีวิต (Witches)",120235152659750260,2026-05-01,inactive,ad,,,,,0,,0,0,,,,,,,,,2026-05-01,2026-05-01
"[20.08.25][ริว] สปอยหน้าปกปีศาจ (Demons)",120235296688020260,2026-05-01,inactive,ad,,,,,0,,0,0,,,,,,,,,2026-05-01,2026-05-01
"[11.09.25][ริว] หรือเขาคงต้องการ (Ghostly)",120236683200910260,2026-05-01,not_delivering,ad,,,,,0,,0,0,,,,,,,,,2026-05-01,2026-05-01
"[08.08.25][ริว] งานศพ (Ghostly)",120235301344260260,2026-05-01,archived,ad,,,,,0,,0,0,,,,,,,,,2026-05-01,2026-05-01
"[05.08.25][ริว] จะมูฟออนได้ยังไง (ปีศาจตัวนั้น)",120234427586630260,2026-05-01,inactive,ad,,,,,0,,0,0,,,,,,,,,2026-05-01,2026-05-01
"[22.10.25][ริว] ป้ายยา (Remains)",120239538063210260,2026-05-01,not_delivering,ad,,,,,0,,0,0,,,,,,,,,2026-05-01,2026-05-01
"[03.09.25][ริว] เปิดตัวปีศาจ 2 (ภาคเสียงและนางแบบมือโดยดาราสาวสองท่าน) (Demons)",120236027865750260,2026-05-01,not_delivering,ad,,,,,0,,0,0,,,,,,,,,2026-05-01,2026-05-01
"[25.07.25][ริว] อ่านบทแรกก็เสียน้ำตาละ (Ghostly)",120236739413650260,2026-05-01,inactive,ad,,,,,0,,0,0,,,,,,,,,2026-05-01,2026-05-01
"[24.07.25][ริว] หนังสือที่ควรอ่านสักครั้ง (Witches)",120234375496700260,2026-05-01,inactive,ad,,,,,0,,0,0,,,,,,,,,2026-05-01,2026-05-01
"[24.07.25][ริว] ไพ่สำรับนี้ดูดวงแม่น (Witches)",120235302228420260,2026-05-01,not_delivering,ad,,,,,0,,0,0,,,,,,,,,2026-05-01,2026-05-01
"[03.09.25][ริว] เปิดตัวปีศาจ 2 (Demons)",120236651462240260,2026-05-01,not_delivering,ad,,,,,0,,0,0,,,,,,,,,2026-05-01,2026-05-01
"[10.10.25][ริว] 10.10 x งานหนังสือ (Promotion)",120238414621350260,2026-05-01,not_delivering,ad,,,,,0,,0,0,,,,,,,,,2026-05-01,2026-05-01
"[03.09.25][ริว] สัญญาณที่ควรอ่าน (Demons)",120236651495650260,2026-05-01,inactive,ad,,,,,0,,0,0,,,,,,,,,2026-05-01,2026-05-01
"[10.03.26][ริว] ซึมเศร้า animation (Trap)",120245424021290260,2026-05-01,inactive,ad,,,,,0,,0,0,,,,,,,,,2026-05-01,2026-05-01
"[08.07.25][ริว] หนังสือฮีลใจยอดขายอันดับ1 (Ghostly)",120235576024410260,2026-05-01,not_delivering,ad,,,,,0,,0,0,,,,,,,,,2026-05-01,2026-05-01
"[23.06.25][ริว] ประโยคเดียวในหนังสือที่จะเปลี่ยนชีวิต (Witches)",120234553219250260,2026-05-01,not_delivering,ad,,,,,0,,0,0,,,,,,,,,2026-05-01,2026-05-01
"[05.06.25][ริว] ไม่ได้ตั้งใจจะปล่อยให้มันสาย (Ghostly)",120236605127690260,2026-05-01,inactive,ad,,,,,0,,0,0,,,,,,,,,2026-05-01,2026-05-01
"[06.08.25][ริว] ประโยคเปลี่ยนชีวิต (Tried)",120234613123680260,2026-05-01,inactive,ad,,,,,0,,0,0,,,,,,,,,2026-05-01,2026-05-01
"[18.09.25][ริว] แค่หนังสือเล่มเดียว (Tried)",120237047698210260,2026-05-01,inactive,ad,,,,,0,,0,0,,,,,,,,,2026-05-01,2026-05-01
"[16.01.26][ริว] นี่ไม่ใช่ไพ่ทำนายดวง (Witches)",120244181124460260,2026-05-01,not_delivering,ad,,,,,0,,0,0,,,,,,,,,2026-05-01,2026-05-01
"[12.02.26][ริว] คนดีมักรู้สึกผิด (Trap) (Cross Page)",120244538166900260,2026-05-01,not_delivering,ad,,,,,0,,0,0,,,,,,,,,2026-05-01,2026-05-01
"[22.08.25][ริว] เสียดาย (Ghostly)",120236633340860260,2026-05-01,not_delivering,ad,,,,,0,,0,0,,,,,,,,,2026-05-01,2026-05-01
"[01.04.26][ริว] เลิกควบคุมสิ่งที่ควมคุมไม่ได้ (AI) (Trap)",120246702152460260,2026-05-01,archived,ad,,,,,0,,0,0,,,,,,,,,2026-05-01,2026-05-01
"[29.03.26][ริว] วิธีรับมือโรคแพนิค (AI) (Trap)",120246702152410260,2026-05-01,archived,ad,,,,,0,,0,0,,,,,,,,,2026-05-01,2026-05-01
"[18.09.25][ริว] 7 สัญญาณวัยทำงาน (Tried)",120237047959170260,2026-05-01,inactive,ad,,,,,0,,0,0,,,,,,,,,2026-05-01,2026-05-01
"[27.05.25][ริว] ประโยคที่อ่านแล้วจุกอก (Witches)",120229570620900260,2026-05-01,inactive,ad,,,,,0,,0,0,,,,,,,,,2026-05-01,2026-05-01
"[23.04.26][ริว] Smiling depression ภาวะซึมเศร้าที่ซ่อนอยู่ใต้รอยยิ้ม AI (Trap)",120247655662150260,2026-05-01,not_delivering,ad,การสนทนาผ่านการส่งข้อความที่เริ่มขึ้น,1,193.58,,193.58,,2789,2630,,1,193.58,,11,2.65328075,69.4083901,0,2026-05-01,2026-05-01
"[24.07.25][ริว] ไพ่สำรับนี้ดูดวงแม่น (Witches)",120234553488760260,2026-05-01,not_delivering,ad,,,,,0,,0,0,,,,,,,,,2026-05-01,2026-05-01
"[11.12.25][ริว] ส่งความสุข (Witches)",120241902819610260,2026-05-01,not_delivering,ad,,,,,0,,0,0,,,,,,,,,2026-05-01,2026-05-01
"[18.07.25][ริว] ประโยคจุกอก (Ghostly)",120233218690800260,2026-05-01,not_delivering,ad,,,,,0,,0,0,,,,,,,,,2026-05-01,2026-05-01
"[25.07.25][ริว] คะแนน9.9/10 (Tried)",120235785850700260,2026-05-01,not_delivering,ad,,,,,0,,0,0,,,,,,,,,2026-05-01,2026-05-01
"[05.09.25][ริว] ความผิดพลาด (Witches)",120236626910480260,2026-05-01,not_delivering,ad,,,,,0,,0,0,,,,,,,,,2026-05-01,2026-05-01
"[24.02.26][ริว] ภาคต่อ (Remains)",120244782328670260,2026-05-01,not_delivering,ad,,,,,0,,0,0,,,,,,,,,2026-05-01,2026-05-01
"[20.04.26][ริว] อีโก้ไม่ใช่เรื่องแย่ แต่ต้องมีอย่างพอดี AI (Kiwtum)",120247436739900260,2026-05-01,not_delivering,ad,,,,,0,,0,0,,,,,,,,,2026-05-01,2026-05-01
"[12.02.26][ริว] รักคนอื่น (สัมภาษณ์หมอ) (Trap)",120244521006030260,2026-05-01,not_delivering,ad,,,,,0,,0,0,,,,,,,,,2026-05-01,2026-05-01
"[08.07.25][ริว] หนังสือฮีลใจยอดขายอันดับ1 (Ghostly)",120233369285290260,2026-05-01,inactive,ad,,,,,0,,0,0,,,,,,,,,2026-05-01,2026-05-01
"[14.07.25][ริว] ฉันชื่อว่าความรัก (Ghostly)",120232760284500260,2026-05-01,inactive,ad,,,,,0,,0,0,,,,,,,,,2026-05-01,2026-05-01
"[01.04.26][ริว] เลิกควบคุมสิ่งที่ควมคุมไม่ได้ (AI) (Trap)",120246609046290260,2026-05-01,inactive,ad,การสนทนาผ่านการส่งข้อความที่เริ่มขึ้น,,,,0,,0,0,,,,,,,,,2026-05-01,2026-05-01
"[10.03.26][ริว] ซึมเศร้า animation (Trap)",120245752590030260,2026-05-01,not_delivering,ad,,,,,0,,0,0,,,,,,,,,2026-05-01,2026-05-01
"[23.06.25][ริว] ประโยคเดียวในหนังสือที่จะเปลี่ยนชีวิต (Witches)",120232931671200260,2026-05-01,not_delivering,ad,,,,,0,,0,0,,,,,,,,,2026-05-01,2026-05-01
"[16.01.26][ริว] ประโยคเดียว (Witches)",120243608427620260,2026-05-01,inactive,ad,,,,,0,,0,0,,,,,,,,,2026-05-01,2026-05-01
"[08.08.25][ริว] งานศพ (Ghostly)",120234714645900260,2026-05-01,inactive,ad,,,,,0,,0,0,,,,,,,,,2026-05-01,2026-05-01
"[18.09.25][ริว] หยุดพูดแย่ๆกับตัวเอง (Witches)",120237444631390260,2026-05-01,not_delivering,ad,,,,,0,,0,0,,,,,,,,,2026-05-01,2026-05-01
"[23.06.25][ริว] ประโยคเดียวในหนังสือที่จะเปลี่ยนชีวิต (Witches)",120235152494170260,2026-05-01,inactive,ad,,,,,0,,0,0,,,,,,,,,2026-05-01,2026-05-01
"[17.10.25][ริว] ซึมตั้งแต่อ่านปก (Tried)",120238797201540260,2026-05-01,not_delivering,ad,,,,,0,,0,0,,,,,,,,,2026-05-01,2026-05-01
"[16.01.26][ริว] ประโยคเดียว (Witches)",120243289031100260,2026-05-01,inactive,ad,,,,,0,,0,0,,,,,,,,,2026-05-01,2026-05-01
"[10.03.26][ริว] ซึมเศร้า animation (Trap)",120245729985620260,2026-05-01,not_delivering,ad,,,,,0,,0,0,,,,,,,,,2026-05-01,2026-05-01
"[29.03.26][ริว] วิธีรับมือโรคแพนิค (AI) (Trap)",120246607084040260,2026-05-01,not_delivering,ad,,,,,0,,0,0,,,,,,,,,2026-05-01,2026-05-01
"[08.08.25][ริว] คิดถึงแฟนเก่า (ปีศาจตัวนั้น)",120234603897520260,2026-05-01,inactive,ad,,,,,0,,0,0,,,,,,,,,2026-05-01,2026-05-01
"[23.05.25][ริว] ประโยคหนึ่งในหนังสือที่เหมือนมีน้องแมวเวทมนตร์มากระซิบ (Witches)",120229194996460260,2026-05-01,inactive,ad,,,,,0,,0,0,,,,,,,,,2026-05-01,2026-05-01
"[11.10.25][ริว] ปุณณ์วัฒน์ (Ghostly)",120241546458260260,2026-05-01,not_delivering,ad,,,,,0,,0,0,,,,,,,,,2026-05-01,2026-05-01
"[07.09.25][ริว] ริวร้องไห้กับหนังสือ (Demons)",120236441368950260,2026-05-01,inactive,ad,,,,,0,,0,0,,,,,,,,,2026-05-01,2026-05-01
"[05.04.26][ริว] Chronic Loneliness ภาวะเหงาเรื้อรังที่รู้สึกโดดเดี่ยวอ้างว้างตลอดเวลา AI (Ghostly)",120246835244880260,2026-05-01,inactive,ad,การสนทนาผ่านการส่งข้อความที่เริ่มขึ้น,,,,0,,0,0,,,,,,,,,2026-05-01,2026-05-01
"[25.03.26][ริว] จิตวิทยาของการสูญเสีย เขาบอกไว้ว่า (AI) (Witches)",120246834253790260,2026-05-01,inactive,ad,การสนทนาผ่านการส่งข้อความที่เริ่มขึ้น,,,,0,,0,0,,,,,,,,,2026-05-01,2026-05-01
"[31.03.26][ริว] อย่าปล่อยให้พ่อแม่รอ กลับไปเยี่ยมในวันที่ยังมีโอกาส (Ghostly)",120246835244840260,2026-05-01,not_delivering,ad,,,,,0,,0,0,,,,,,,,,2026-05-01,2026-05-01
"[25.03.26][ริว] จิตวิทยาของการสูญเสีย เขาบอกไว้ว่า (AI) (Witches)",120246036069780260,2026-05-01,inactive,ad,,,,,0,,0,0,,,,,,,,,2026-05-01,2026-05-01
"[22.07.25][ริว] วันนี้เธอเหนื่อยไหม (Tried)",120234551733470260,2026-05-01,archived,ad,,,,,0,,0,0,,,,,,,,,2026-05-01,2026-05-01
"[04.03.26][ริว] ซึมเศร้า (สัมภาษณ์หมอ) (Trap)",120246310130810260,2026-05-01,not_delivering,ad,,,,,0,,0,0,,,,,,,,,2026-05-01,2026-05-01
"[05.08.25][ริว] ประโยคในหนังสือเปลี่ยนชีวิต (Witches)",120234501412070260,2026-05-01,not_delivering,ad,,,,,0,,0,0,,,,,,,,,2026-05-01,2026-05-01
"[17.09.25][ริว] ทุกคนว่าโลกหลังความตาย (Ghostly)",120237558753280260,2026-05-01,inactive,ad,,,,,0,,0,0,,,,,,,,,2026-05-01,2026-05-01
"[03.09.25][ริว] เปิดตัวปีศาจ 2 (ภาคเสียงและนางแบบมือโดยดาราสาวสองท่าน) (Demons)",120236027822440260,2026-05-01,not_delivering,ad,,,,,0,,0,0,,,,,,,,,2026-05-01,2026-05-01
"[30.08.25][ริว] แค่ประโยคเดียว (Witches)",120235859198640260,2026-05-01,not_delivering,ad,,,,,0,,0,0,,,,,,,,,2026-05-01,2026-05-01
"[05.03.26][ริว] ลองจินตนาการ (Ghostly)",120245502184700260,2026-05-01,not_delivering,ad,,,,,0,,0,0,,,,,,,,,2026-05-01,2026-05-01
"[22.10.25][ริว] ป้ายยาหนังสือน่ารัก (Witches)",120239655756410260,2026-05-01,not_delivering,ad,,,,,0,,0,0,,,,,,,,,2026-05-01,2026-05-01
"[31.10.25][ริว] อ่านแล้วหายเหนื่อย (Tried)",120241142580930260,2026-05-01,inactive,ad,,,,,0,,0,0,,,,,,,,,2026-05-01,2026-05-01
"[29.09.25][ริว] E-Book (Ghostly)",120237712710700260,2026-05-01,inactive,ad,,,,,0,,0,0,,,,,,,,,2026-05-01,2026-05-01
"[21.10.25][ริว] มีประโยค (Remains)",120239054830250260,2026-05-01,not_delivering,ad,,,,,0,,0,0,,,,,,,,,2026-05-01,2026-05-01
"[19.10.25][ริว] 30 เล่มสุดท้าย (Demons)",120239589754050260,2026-05-01,not_delivering,ad,,,,,0,,0,0,,,,,,,,,2026-05-01,2026-05-01
"[06.08.25][ริว] แค่หนังสือการ์ตูน ทำไมถึงร้องไห้ (Ghostly)",120236168732470260,2026-05-01,not_delivering,ad,,,,,0,,0,0,,,,,,,,,2026-05-01,2026-05-01
"[03.09.25][ริว] เปิดตัวปีศาจ 2 (ภาคเสียงและนางแบบมือโดยดาราสาวสองท่าน) (Demons)",120236027921500260,2026-05-01,not_delivering,ad,,,,,0,,0,0,,,,,,,,,2026-05-01,2026-05-01
"[17.10.25][ริว] ซึมตั้งแต่อ่านปก (Tried)",120238791237940260,2026-05-01,inactive,ad,,,,,0,,0,0,,,,,,,,,2026-05-01,2026-05-01
"[23.07.25][ริว] เมื่อเข้าสู่วัยทำงาน (Tried)",120234426787720260,2026-05-01,not_delivering,ad,,,,,0,,0,0,,,,,,,,,2026-05-01,2026-05-01
"[23.06.25][ริว] ประโยคเดียวในหนังสือที่จะเปลี่ยนชีวิต (Witches)",120240490222440260,2026-05-01,inactive,ad,,,,,0,,0,0,,,,,,,,,2026-05-01,2026-05-01
"[11.09.25][ริว] หรือเขาคงต้องการ (Ghostly)",120236644783240260,2026-05-01,inactive,ad,,,,,0,,0,0,,,,,,,,,2026-05-01,2026-05-01
"[03.10.25][ริว] จะเป็นยังไง (Remains)",120237920510180260,2026-05-01,inactive,ad,,,,,0,,0,0,,,,,,,,,2026-05-01,2026-05-01
"[11.06.25][ริว] สายมูและทาสแมวต้องชอบเล่มนี้ (Witches)",120230542796480260,2026-05-01,inactive,ad,,,,,0,,0,0,,,,,,,,,2026-05-01,2026-05-01
"[25.07.25][ริว] อ่านบทแรกก็เสียน้ำตาละ (Ghostly)",120233556355320260,2026-05-01,not_delivering,ad,,,,,0,,0,0,,,,,,,,,2026-05-01,2026-05-01
"[03.11.25][ริว] ไม่มีความเศร้าไหน (ปีศาจตัวนั้น)",120239856249160260,2026-05-01,inactive,ad,,,,,0,,0,0,,,,,,,,,2026-05-01,2026-05-01
"[31.10.25][ริว] 30 เล่มสุดท้าย (Remains)",120240436035860260,2026-05-01,inactive,ad,,,,,0,,0,0,,,,,,,,,2026-05-01,2026-05-01
"[30.03.26][ริว] 3 ประโยค เพิ่มรอยยิ้มให้ตัวเอง เพราะมันน่ารักที่สุดแล้ว (Kiwtum)",120246411798230260,2026-05-01,not_delivering,ad,,,,,0,,0,0,,,,,,,,,2026-05-01,2026-05-01
"[18.03.26][ริว] ซึมเศร้าเพราะรู้สึกผิดและโทษตัวเอง (สัมภาษณ์หมอ) (Trap)",120245747426720260,2026-05-01,not_delivering,ad,,,,,0,,0,0,,,,,,,,,2026-05-01,2026-05-01
"[03.09.25][ริว] เปิดตัวปีศาจ 2 (ภาคเสียงและนางแบบมือโดยดาราสาวสองท่าน) (Demons)",120236620456550260,2026-05-01,not_delivering,ad,,,,,0,,0,0,,,,,,,,,2026-05-01,2026-05-01
"[24.07.25][ริว] หนังสือที่ควรอ่านสักครั้ง (Witches)",120234874603650260,2026-05-01,not_delivering,ad,,,,,0,,0,0,,,,,,,,,2026-05-01,2026-05-01
"[22.10.25][ริว] (ไม่)นอกใจ (Demons) (Reels)",120243296728190260,2026-05-01,not_delivering,ad,,,,,0,,0,0,,,,,,,,,2026-05-01,2026-05-01
"[25.08.25][ริว] ไพ่สำรับนี้ (Witches)",120236550386520260,2026-05-01,not_delivering,ad,,,,,0,,0,0,,,,,,,,,2026-05-01,2026-05-01
"[13.04.26][ริว] ถ้าวันนี้คุณเหนื่อย…ลองอ่านประโยคนี้ดูนะ (Tried)",120247075536970260,2026-05-01,inactive,ad,,,,,0,,0,0,,,,,,,,,2026-05-01,2026-05-01
"[06.08.25][ริว] กลับมารักตัวเอง (Ghostly)",120234669544110260,2026-05-01,not_delivering,ad,,,,,0,,0,0,,,,,,,,,2026-05-01,2026-05-01
"[17.03.26][ริว] เพราะในทุกความเกลียด Animation (Remains)",120245836190200260,2026-05-01,not_delivering,ad,,,,,0,,0,0,,,,,,,,,2026-05-01,2026-05-01
"[29.03.26][ริว] วิธีรับมือโรคแพนิค (AI) (Trap)",120246702152390260,2026-05-01,archived,ad,,,,,0,,0,0,,,,,,,,,2026-05-01,2026-05-01
"[09.09.25][ริว] คะแนนเต็ม 100 อย่างน้อยต้องได้ 9.9 (Demons)",120236555834720260,2026-05-01,inactive,ad,,,,,0,,0,0,,,,,,,,,2026-05-01,2026-05-01
"[23.02.26][ริว] แม่คือคนรับผิดชอบ (Trap)",120245730515070260,2026-05-01,not_delivering,ad,,,,,0,,0,0,,,,,,,,,2026-05-01,2026-05-01
"[23.05.25][ริว] หนังสือการ์ตูนฮีลใจ (Ghostly)",120229263403310260,2026-05-01,inactive,ad,,,,,0,,0,0,,,,,,,,,2026-05-01,2026-05-01
"[03.09.25][ริว] จุกอกกับปีศาจ2 (Demons)",120235869179100260,2026-05-01,inactive,ad,,,,,0,,0,0,,,,,,,,,2026-05-01,2026-05-01
"[16.10.25][ริว] ผลงานภาคต่อ (Remains)",120238861258180260,2026-05-01,inactive,ad,,,,,0,,0,0,,,,,,,,,2026-05-01,2026-05-01
"[03.12.25][ริว] แม่อยากให้ลูกมีอนาคตที่ดี (Remains)",120242966265880260,2026-05-01,inactive,ad,,,,,0,,0,0,,,,,,,,,2026-05-01,2026-05-01
"[24.10.25][ริว] PAYDAY OPD E-Book 1 แถม 1 (Promotion)",120239264735570260,2026-05-01,not_delivering,ad,,,,,0,,0,0,,,,,,,,,2026-05-01,2026-05-01
"[09.07.25][ริว] สวัสดียามดึก คุณดวงวิญญาณ (Ghostly) - Copy",120234548377900260,2026-05-01,archived,ad,,,,,0,,0,0,,,,,,,,,2026-05-01,2026-05-01
"[23.09.25][ริว] PayDay : Boxset+Book 799.- (Promotion)",120237384847410260,2026-05-01,not_delivering,ad,,,,,0,,0,0,,,,,,,,,2026-05-01,2026-05-01
"[24.07.25][ริว] หนังสือที่ควรอ่านสักครั้ง (Witches)",120234069310270260,2026-05-01,not_delivering,ad,,,,,0,,0,0,,,,,,,,,2026-05-01,2026-05-01
"[03.09.25][ริว] สัญญาณที่ควรอ่าน (Demons)",120240179530960260,2026-05-01,not_delivering,ad,,,,,0,,0,0,,,,,,,,,2026-05-01,2026-05-01
"[10.11.25][ริว] วันนี้เราป้ายยา (Witches)",120240277058110260,2026-05-01,inactive,ad,,,,,0,,0,0,,,,,,,,,2026-05-01,2026-05-01
"[22.01.26][ริว] เปิดตัวเล่มใหม่ (Trap)",120243468439130260,2026-05-01,not_delivering,ad,,,,,0,,0,0,,,,,,,,,2026-05-01,2026-05-01
"[27.11.25][ริว] 5 คำพูดที่พระพุทธเจ้าไม่ได้กล่าว (Witches)",120241544518770260,2026-05-01,inactive,ad,,,,,0,,0,0,,,,,,,,,2026-05-01,2026-05-01
"[31.07.25][ริว] สำรวจปีศาจในตัวคุณ (ปีศาจตัวนั้น)",120234133689800260,2026-05-01,inactive,ad,,,,,0,,0,0,,,,,,,,,2026-05-01,2026-05-01
"[27.11.25][ริว] 5 คำพูดที่พระพุทธเจ้าไม่ได้กล่าว (Witches)",120241144418330260,2026-05-01,inactive,ad,,,,,0,,0,0,,,,,,,,,2026-05-01,2026-05-01
"[06.10.25][ริว] คะแนน 1000/100 (Remains)",120238320906720260,2026-05-01,not_delivering,ad,,,,,0,,0,0,,,,,,,,,2026-05-01,2026-05-01
"[23.03.26][ริว] ถ้าคืนนี้เป็นคืนสุดท้าย (AI) (Ghostly)",120245967973710260,2026-05-01,not_delivering,ad,,,,,0,,0,0,,,,,,,,,2026-05-01,2026-05-01
"[11.10.25][ริว] ปุณณ์วัฒน์ (Ghostly)",120240331080220260,2026-05-01,inactive,ad,,,,,0,,0,0,,,,,,,,,2026-05-01,2026-05-01
"[04.05.26][ริว] ก้าวข้ามคำพูดแย่ ๆ ของตัวเอง แล้วใช้ชีวิตให้มีความสุข AI (Trap)",120248372735030260,2026-05-01,not_delivering,ad,การสนทนาผ่านการส่งข้อความที่เริ่มขึ้น,,,,0,,0,0,,,,,,,,,2026-05-01,2026-05-01
"[24.12.25][ริว] ไพ่ทำนายดวง (Witches)",120242965669890260,2026-05-01,inactive,ad,,,,,0,,0,0,,,,,,,,,2026-05-01,2026-05-01
"[28.08.25][ริว] รีวิวหนังสือ 5/5 (Tried)",120235856501740260,2026-05-01,not_delivering,ad,,,,,0,,0,0,,,,,,,,,2026-05-01,2026-05-01
"[22.08.25][ริว] เสียดาย (Ghostly)",120235860563850260,2026-05-01,not_delivering,ad,,,,,0,,0,0,,,,,,,,,2026-05-01,2026-05-01
"[09.07.25][ริว] สวัสดียามดึก คุณดวงวิญญาณ (Ghostly)",120236244580970260,2026-05-01,not_delivering,ad,,,,,0,,0,0,,,,,,,,,2026-05-01,2026-05-01
"[29.03.26][ริว] วิธีรับมือโรคแพนิค (AI) (Trap)",120246702152350260,2026-05-01,archived,ad,,,,,0,,0,0,,,,,,,,,2026-05-01,2026-05-01
"[03.09.25][ริว] จุกอกกับปีศาจ2 (Demons)",120236553014040260,2026-05-01,inactive,ad,,,,,0,,0,0,,,,,,,,,2026-05-01,2026-05-01
"[22.08.25][ริว] เสียดาย (Ghostly)",120244054365110260,2026-05-01,not_delivering,ad,,,,,0,,0,0,,,,,,,,,2026-05-01,2026-05-01
"[24.10.25][ริว] PAYDAY OPD E-Book 1 แถม 1 (Promotion)",120239260667390260,2026-05-01,archived,ad,,,,,0,,0,0,,,,,,,,,2026-05-01,2026-05-01
"[11.10.25][ริว] ปุณณ์วัฒน์ (Ghostly)",120240330932990260,2026-05-01,inactive,ad,,,,,0,,0,0,,,,,,,,,2026-05-01,2026-05-01
"[10.03.26][ริว] ซึมเศร้า animation (Trap)",120245622850250260,2026-05-01,not_delivering,ad,,,,,0,,0,0,,,,,,,,,2026-05-01,2026-05-01
"[29.09.25][ริว] การมีชีวิตอยู่อย่างโดดเดี่ยว (Ghostly)",120237845256820260,2026-05-01,inactive,ad,,,,,0,,0,0,,,,,,,,,2026-05-01,2026-05-01
"[01.07.25][ริว] สายมูอยากมีชีวิตดี หยุดฟัง (Witches)",120232034014460260,2026-05-01,inactive,ad,,,,,0,,0,0,,,,,,,,,2026-05-01,2026-05-01
"[23.06.25][ริว] ประโยคเดียวในหนังสือที่จะเปลี่ยนชีวิต (Witches)",120235302800440260,2026-05-01,not_delivering,ad,,,,,0,,0,0,,,,,,,,,2026-05-01,2026-05-01
"[08.07.25][ริว] หนังสือฮีลใจยอดขายอันดับ1 (Ghostly)",120235357901210260,2026-05-01,archived,ad,,,,,0,,0,0,,,,,,,,,2026-05-01,2026-05-01
"[29.05.26][ริว] มองปัญหาให้เป็นบทเรียน (Witches)",120248075677970260,2026-05-01,not_delivering,ad,การสนทนาผ่านการส่งข้อความที่เริ่มขึ้น,,,,155.47,,845,734,,,,,3,1.18343195,183.98816568,,2026-05-01,2026-05-01
"[22.10.25][ริว] ป้ายยา (Remains)",120239272581810260,2026-05-01,inactive,ad,,,,,0,,0,0,,,,,,,,,2026-05-01,2026-05-01
"[23.06.25][ริว] ประโยคเดียวในหนังสือที่จะเปลี่ยนชีวิต (Witches)",120240098337390260,2026-05-01,not_delivering,ad,,,,,0,,0,0,,,,,,,,,2026-05-01,2026-05-01
"[18.09.25][ริว] สัญญาณวัยทำงาน (Tried)",120237048224230260,2026-05-01,inactive,ad,,,,,0,,0,0,,,,,,,,,2026-05-01,2026-05-01
"[04.03.26][ริว] ซึมเศร้า (สัมภาษณ์หมอ) (Trap)",120248305761990260,2026-05-01,active,ad,การสนทนาผ่านการส่งข้อความที่เริ่มขึ้น,,,,0,,0,0,,,,,,,,,2026-05-01,2026-05-01
"[05.04.26][ริว] แด่มนุษย์ที่โดดเดี่ยว AI (Ghostly)",120247247147510260,2026-05-01,not_delivering,ad,การสนทนาผ่านการส่งข้อความที่เริ่มขึ้น,,,,0,,0,0,,,,,,,,,2026-05-01,2026-05-01
"[04.09.25][ริว] 9.9 : 3 เล่ม ราคา 999.- (Promotion)",120236189268770260,2026-05-01,not_delivering,ad,,,,,0,,0,0,,,,,,,,,2026-05-01,2026-05-01
"[23.02.26][ริว] มนุษย์ที่เป็นคนดี (Trap)",120244726532140260,2026-05-01,not_delivering,ad,,,,,0,,0,0,,,,,,,,,2026-05-01,2026-05-01
"[22.10.25][ริว] (ไม่)นอกใจ (Demons)",120239113355270260,2026-05-01,inactive,ad,,,,,0,,0,0,,,,,,,,,2026-05-01,2026-05-01
"[20.10.25][ริว] ความผิดพลาด (Witches)",120239971450800260,2026-05-01,not_delivering,ad,,,,,0,,0,0,,,,,,,,,2026-05-01,2026-05-01
"[04.03.26][ริว] ซึมเศร้า (สัมภาษณ์หมอ) (Trap)",120246310130800260,2026-05-01,not_delivering,ad,,,,,0,,0,0,,,,,,,,,2026-05-01,2026-05-01
"[23.06.25][ริว] ประโยคเดียวในหนังสือที่จะเปลี่ยนชีวิต (Witches)",120232600840790260,2026-05-01,inactive,ad,,,,,0,,0,0,,,,,,,,,2026-05-01,2026-05-01
"[06.10.25][ริว] มีประโยคในหนังสือ (Witches)",120243884480410260,2026-05-01,not_delivering,ad,,,,,0,,0,0,,,,,,,,,2026-05-01,2026-05-01
"[12.02.26][ริว] รักคนอื่น (สัมภาษณ์หมอ) (Trap)",120244521093450260,2026-05-01,not_delivering,ad,,,,,0,,0,0,,,,,,,,,2026-05-01,2026-05-01
"[22.10.25][ริว] ป้ายยา (Remains)",120240664237130260,2026-05-01,inactive,ad,,,,,0,,0,0,,,,,,,,,2026-05-01,2026-05-01
"[22.08.25][ริว] แจกวอลเปเปอร์ (Ghostly)",120236197786070260,2026-05-01,not_delivering,ad,,,,,0,,0,0,,,,,,,,,2026-05-01,2026-05-01
"[04.03.26][ริว] ซึมเศร้า (สัมภาษณ์หมอ) (Trap) (Cross Page)",120245623833990260,2026-05-01,not_delivering,ad,,,,,0,,0,0,,,,,,,,,2026-05-01,2026-05-01
"[03.09.25][ริว] สัญญาณที่ควรอ่าน (Demons)",120236553082830260,2026-05-01,not_delivering,ad,,,,,0,,0,0,,,,,,,,,2026-05-01,2026-05-01
"[23.07.25][ริว] แค่ชื่อก็เหมือนโดนปลอบ (Tried)",120234427154130260,2026-05-01,not_delivering,ad,,,,,0,,0,0,,,,,,,,,2026-05-01,2026-05-01
"[28.08.25][ริว] ประโยคจากหนังสือ (Tried)",120235856501750260,2026-05-01,not_delivering,ad,,,,,0,,0,0,,,,,,,,,2026-05-01,2026-05-01
"[09.07.25][ริว] หนังสือกระแสตอบรับดี (Ghostly)",120232528365050260,2026-05-01,inactive,ad,,,,,0,,0,0,,,,,,,,,2026-05-01,2026-05-01
"[08.08.25][ริว] mindsetดี (ปีศาจตัวนั้น)",120234605057660260,2026-05-01,not_delivering,ad,,,,,0,,0,0,,,,,,,,,2026-05-01,2026-05-01
"[07.11.25][ริว] 11.11 บุฟเฟต์ 3 เล่ม 999 (Promotion)",120240091421620260,2026-05-01,not_delivering,ad,,,,,0,,0,0,,,,,,,,,2026-05-01,2026-05-01
"[30.10.25][ริว] การอยู่คนเดียว (Ghostly)",120239976949600260,2026-05-01,not_delivering,ad,,,,,0,,0,0,,,,,,,,,2026-05-01,2026-05-01
"[30.08.25][ริว] แค่ประโยคเดียว (Witches)",120235859321670260,2026-05-01,not_delivering,ad,,,,,0,,0,0,,,,,,,,,2026-05-01,2026-05-01
"[03.09.25][ริว] เปิดตัวปีศาจ 2 (Demons)",120235869229090260,2026-05-01,not_delivering,ad,,,,,0,,0,0,,,,,,,,,2026-05-01,2026-05-01
"[25.11.25][ริว] ซิ่ง Black Friday (Promotion)",120241092129330260,2026-05-01,inactive,ad,,,,,0,,0,0,,,,,,,,,2026-05-01,2026-05-01
"[23.06.25][ริว] ประโยคเดียวในหนังสือที่จะเปลี่ยนชีวิต (Witches)",120232932515500260,2026-05-01,not_delivering,ad,,,,,0,,0,0,,,,,,,,,2026-05-01,2026-05-01
"[03.09.25][ริว] เปิดตัวปีศาจ 2 (ภาคเสียงและนางแบบมือโดยดาราสาวสองท่าน) (Demons)",120236324479830260,2026-05-01,not_delivering,ad,,,,,0,,0,0,,,,,,,,,2026-05-01,2026-05-01
"[17.09.25][ริว] ทุกคนว่าโลกหลังความตาย (Ghostly)",120237333515580260,2026-05-01,not_delivering,ad,,,,,0,,0,0,,,,,,,,,2026-05-01,2026-05-01
"[23.06.25][ริว] ประโยคเดียวในหนังสือที่จะเปลี่ยนชีวิต (Witches)",120231531720390260,2026-05-01,not_delivering,ad,,,,,0,,0,0,,,,,,,,,2026-05-01,2026-05-01
"[06.08.25][ริว] สัญญาณที่บอกว่าคุณต้องพัก (Tried)",120234440306590260,2026-05-01,not_delivering,ad,,,,,0,,0,0,,,,,,,,,2026-05-01,2026-05-01
"[08.07.25][ริว] เราเป็นมนุษย์ (Embrace)",120232415345490260,2026-05-01,archived,ad,,,,,0,,0,0,,,,,,,,,2026-05-01,2026-05-01
"[11.10.25][ริว] ปุณณ์วัฒน์ (Ghostly)",120244054365130260,2026-05-01,not_delivering,ad,,,,,0,,0,0,,,,,,,,,2026-05-01,2026-05-01
"[05.06.25][ริว] ไม่ได้ตั้งใจจะปล่อยให้มันสาย (Ghostly)",120230762758020260,2026-05-01,inactive,ad,,,,,0,,0,0,,,,,,,,,2026-05-01,2026-05-01
"[19.06.25][ริว] บทสนทนาของคนที่ไม่มีโอกาสพูดอีกแล้ว (Ghostly)",120231259934200260,2026-05-01,inactive,ad,,,,,0,,0,0,,,,,,,,,2026-05-01,2026-05-01
"[03.04.26][ริว] โรคซึมเศร้า AI (Trap)",120248070634130260,2026-05-01,active,ad,การสนทนาผ่านการส่งข้อความที่เริ่มขึ้น,15,86.71466667,2314,1300.72,1.7790147,23820,22458,6,15,86.71466667,8,76,6.96053736,54.60621327,0.4,2026-05-01,2026-05-01
"[03.09.25][ริว] จุกอกกับปีศาจ2 (Demons)",120236324479750260,2026-05-01,not_delivering,ad,,,,,0,,0,0,,,,,,,,,2026-05-01,2026-05-01
"[05.08.25][ริว] ประโยคในหนังสือเปลี่ยนชีวิต (Witches)",120234425829510260,2026-05-01,inactive,ad,,,,,0,,0,0,,,,,,,,,2026-05-01,2026-05-01
"[31.07.25][ริว] สำรวจปีศาจในตัวคุณ (ปีศาจตัวนั้น)",120234316313630260,2026-05-01,inactive,ad,,,,,0,,0,0,,,,,,,,,2026-05-01,2026-05-01
"[28.08.25][ริว] รีวิวหนังสือ 5/5 (Tried)",120235811690630260,2026-05-01,not_delivering,ad,,,,,0,,0,0,,,,,,,,,2026-05-01,2026-05-01
"[19.03.26][ริว] ความสุขเล็ก ๆ (สัมภาษณ์นักเขียน) (Ghostly)",120245759411070260,2026-05-01,not_delivering,ad,,,,,0,,0,0,,,,,,,,,2026-05-01,2026-05-01
"[03.11.25][ริว] ไม่มีความเศร้าไหน (ปีศาจตัวนั้น)",120239857849420260,2026-05-01,not_delivering,ad,,,,,0,,0,0,,,,,,,,,2026-05-01,2026-05-01
"[12.02.26][ริว] คนดีมักรู้สึกผิด (Trap)",120244442888980260,2026-05-01,not_delivering,ad,,,,,0,,0,0,,,,,,,,,2026-05-01,2026-05-01
"[16.02.26][ริว] รีสต็อก (Ghostly)",120244475987880260,2026-05-01,not_delivering,ad,,,,,0,,0,0,,,,,,,,,2026-05-01,2026-05-01
"[29.09.25][ริว] E-Book (Ghostly)",120237712571360260,2026-05-01,not_delivering,ad,,,,,0,,0,0,,,,,,,,,2026-05-01,2026-05-01
"[01.04.26][ริว] เลิกควบคุมสิ่งที่ควมคุมไม่ได้ (AI) (Trap)",120246702152360260,2026-05-01,archived,ad,,,,,0,,0,0,,,,,,,,,2026-05-01,2026-05-01
"[05.08.25][ริว] ประโยคในหนังสือเปลี่ยนชีวิต (Witches)",120235152494180260,2026-05-01,not_delivering,ad,,,,,0,,0,0,,,,,,,,,2026-05-01,2026-05-01
"[03.04.26][ริว] โรคซึมเศร้า AI (Trap)",120247605944700260,2026-05-01,not_delivering,ad,การสนทนาผ่านการส่งข้อความที่เริ่มขึ้น,2,92.38,,184.76,,2466,2381,,2,92.38,,6,5.31224655,74.92295215,0,2026-05-01,2026-05-01
"[29.09.25][ริว] E-Book (Ghostly)",120237712662060260,2026-05-01,not_delivering,ad,,,,,0,,0,0,,,,,,,,,2026-05-01,2026-05-01
"[25.07.25][ริว] แค่อ่านชื่อหน้าปก (Tried)",120234057866950260,2026-05-01,inactive,ad,,,,,0,,0,0,,,,,,,,,2026-05-01,2026-05-01
"[05.03.26][ริว] ลองจินตนาการ (Ghostly)",120245212231070260,2026-05-01,not_delivering,ad,,,,,0,,0,0,,,,,,,,,2026-05-01,2026-05-01
"[03.09.25][ริว] เปิดตัวปีศาจ 2 (Demons)",120236620456540260,2026-05-01,not_delivering,ad,,,,,0,,0,0,,,,,,,,,2026-05-01,2026-05-01
"[23.06.25][ริว] ประโยคเดียวในหนังสือที่จะเปลี่ยนชีวิต (Witches)",120232600912430260,2026-05-01,inactive,ad,,,,,0,,0,0,,,,,,,,,2026-05-01,2026-05-01
"[03.11.25][ริว] ความกลัวชนะทุกอย่าง (Demons)",120239861864450260,2026-05-01,not_delivering,ad,,,,,0,,0,0,,,,,,,,,2026-05-01,2026-05-01
"[01.02.26][ริว] สุขภาพจิตพัง (Trap)",120243835393060260,2026-05-01,not_delivering,ad,,,,,0,,0,0,,,,,,,,,2026-05-01,2026-05-01
"[01.04.26][ริว] เลิกควบคุมสิ่งที่ควมคุมไม่ได้ (AI) (Trap)",120248276191150260,2026-05-01,not_delivering,ad,การสนทนาผ่านการส่งข้อความที่เริ่มขึ้น,,,,0,,0,0,,,,,,,,,2026-05-01,2026-05-01
"[04.03.26][ริว] ซึมเศร้า (สัมภาษณ์หมอ) (Trap)",120245622538440260,2026-05-01,not_delivering,ad,,,,,0,,0,0,,,,,,,,,2026-05-01,2026-05-01
"[05.03.26][ริว] ลองจินตนาการ (Ghostly)",120245407844700260,2026-05-01,not_delivering,ad,,,,,0,,0,0,,,,,,,,,2026-05-01,2026-05-01
"[18.10.25][ริว] อยู่คนเดียว (Ghostly) (Reels)",120243125917470260,2026-05-01,not_delivering,ad,,,,,0,,0,0,,,,,,,,,2026-05-01,2026-05-01
"[07.11.25][ริว] 11.11 บุฟเฟต์ 3 เล่ม 999 (Promotion)",120240091997080260,2026-05-01,not_delivering,ad,,,,,0,,0,0,,,,,,,,,2026-05-01,2026-05-01
"[18.09.25][ริว] ถ้าได้ฟังเรื่องราว (Ghostly)",120237845256800260,2026-05-01,inactive,ad,,,,,0,,0,0,,,,,,,,,2026-05-01,2026-05-01
"[08.08.25][ริว] งานศพ (Ghostly)",120235358433280260,2026-05-01,archived,ad,,,,,0,,0,0,,,,,,,,,2026-05-01,2026-05-01
"[01.04.26][ริว] เลิกควบคุมสิ่งที่ควมคุมไม่ได้ (AI) (Trap)",120246607923390260,2026-05-01,not_delivering,ad,,,,,0,,0,0,,,,,,,,,2026-05-01,2026-05-01
"[04.03.26][ริว] ซึมเศร้า (สัมภาษณ์หมอ) (Trap) (Cross Page)",120246513252250260,2026-05-01,not_delivering,ad,,,,,0,,0,0,,,,,,,,,2026-05-01,2026-05-01
"[04.03.26][ริว] ซึมเศร้า (สัมภาษณ์หมอ) (Trap)",120245166667660260,2026-05-01,active,ad,การสนทนาผ่านการส่งข้อความที่เริ่มขึ้น,20,67.2155,2384,1344.31,1.77340048,21822,19795,6,20,67.2155,8,69,3.14819907,61.60342773,0.3,2026-05-01,2026-05-01
"[25.11.25][ริว] ซิ่ง Black Friday (Promotion)",120241092267660260,2026-05-01,inactive,ad,,,,,0,,0,0,,,,,,,,,2026-05-01,2026-05-01
"[03.12.25][ริว] แม่อยากให้ลูกมีอนาคตที่ดี (Remains)",120241905903170260,2026-05-01,inactive,ad,,,,,0,,0,0,,,,,,,,,2026-05-01,2026-05-01
"[04.03.26][ริว] ซึมเศร้า (สัมภาษณ์หมอ) (Trap) (Cross Page)",120245332675130260,2026-05-01,not_delivering,ad,การสนทนาผ่านการส่งข้อความที่เริ่มขึ้น,,,,0,,0,0,,,,,,,,,2026-05-01,2026-05-01
"[07.03.26][ริว] เรียนรู้ (Remains)",120245370709330260,2026-05-01,not_delivering,ad,,,,,0,,0,0,,,,,,,,,2026-05-01,2026-05-01
"[23.06.25][ริว] ประโยคเดียวในหนังสือที่จะเปลี่ยนชีวิต (Witches)",120235301664190260,2026-05-01,not_delivering,ad,,,,,0,,0,0,,,,,,,,,2026-05-01,2026-05-01
"[13.01.26] [ริว] อย่าลืมที่จะรักตัวเอง (Devillove) (Reels)",120243182996580260,2026-05-01,not_delivering,ad,,,,,0,,0,0,,,,,,,,,2026-05-01,2026-05-01
"[03.09.25][ริว] เปิดตัวปีศาจ 2 (ภาคเสียงและนางแบบมือโดยดาราสาวสองท่าน) (Demons)",120236323500680260,2026-05-01,inactive,ad,,,,,0,,0,0,,,,,,,,,2026-05-01,2026-05-01
"[03.09.25][ริว] สัญญาณที่ควรอ่าน (Demons)",120235859235010260,2026-05-01,not_delivering,ad,,,,,0,,0,0,,,,,,,,,2026-05-01,2026-05-01
"[09.07.25][ริว] สวัสดียามดึก คุณดวงวิญญาณ (Ghostly)",120235432534190260,2026-05-01,not_delivering,ad,,,,,0,,0,0,,,,,,,,,2026-05-01,2026-05-01
"[06.11.25][ริว] กลับมาอีกครั้ง (Remains)",120239980300610260,2026-05-01,not_delivering,ad,,,,,0,,0,0,,,,,,,,,2026-05-01,2026-05-01
"[03.11.25][ริว] ความกลัวชนะทุกอย่าง (Demons)",120240027918040260,2026-05-01,not_delivering,ad,,,,,0,,0,0,,,,,,,,,2026-05-01,2026-05-01
"[25.07.25][ริว] สัญญาณที่บอกว่าควรอ่าน (Tried)",120234054436780260,2026-05-01,not_delivering,ad,,,,,0,,0,0,,,,,,,,,2026-05-01,2026-05-01
"[19.08.25][ริว] ความสูญเสียทำให้เจ็บปวด (Witches)",120235186536740260,2026-05-01,not_delivering,ad,,,,,0,,0,0,,,,,,,,,2026-05-01,2026-05-01
"[22.08.25][ริว] Payday August 2 Box 999 (Promotion_Payday)",120235249187300260,2026-05-01,inactive,ad,,,,,0,,0,0,,,,,,,,,2026-05-01,2026-05-01
"[06.08.25][ริว] มีชีวิตอยู่อย่างโดดเดี่ยว (ghostly)",120236605075960260,2026-05-01,not_delivering,ad,,,,,0,,0,0,,,,,,,,,2026-05-01,2026-05-01
"[05.09.25][ริว] ความผิดพลาด (Witches)",120236328573700260,2026-05-01,not_delivering,ad,,,,,0,,0,0,,,,,,,,,2026-05-01,2026-05-01
"[22.08.25][ริว] แจกวอลเปเปอร์ (Ghostly)",120236603598850260,2026-05-01,archived,ad,,,,,0,,0,0,,,,,,,,,2026-05-01,2026-05-01
"[06.09.25][ริว] ความกลัวการไม่ถูกรัก (Ghostly)",120236334970020260,2026-05-01,inactive,ad,,,,,0,,0,0,,,,,,,,,2026-05-01,2026-05-01
"[10.11.25][ริว] วันนี้เราป้ายยา (Witches)",120240277238120260,2026-05-01,inactive,ad,,,,,0,,0,0,,,,,,,,,2026-05-01,2026-05-01
"[05.09.25][ริว] ความผิดพลาด (Witches)",120236552206390260,2026-05-01,not_delivering,ad,,,,,0,,0,0,,,,,,,,,2026-05-01,2026-05-01
"[23.07.25][ริว] PAYDAY SALE JULY (Promotion_Payday) - No Meme",120233337837650260,2026-05-01,not_delivering,ad,,,,,0,,0,0,,,,,,,,,2026-05-01,2026-05-01
"[29.09.25][ริว] E-Book (Ghostly)",120240395242180260,2026-05-01,active,ad,การสนทนาผ่านการส่งข้อความที่เริ่มขึ้น,,,,0,,0,0,,,,,,,,,2026-05-01,2026-05-01
"[12.02.26][ริว] คนดีมักรู้สึกผิด (Trap)",120244521408080260,2026-05-01,not_delivering,ad,,,,,0,,0,0,,,,,,,,,2026-05-01,2026-05-01
"[19.06.25][ริว] บทสนทนาของคนที่ไม่มีโอกาสพูดอีกแล้ว (Ghostly)",120231719647910260,2026-05-01,inactive,ad,,,,,0,,0,0,,,,,,,,,2026-05-01,2026-05-01
"[22.10.25][ริว] (ไม่)นอกใจ (Demons)",120239836524220260,2026-05-01,not_delivering,ad,,,,,0,,0,0,,,,,,,,,2026-05-01,2026-05-01
"[18.09.25][ริว] หยุดพูดแย่ๆกับตัวเอง (Witches)",120237332933360260,2026-05-01,not_delivering,ad,,,,,0,,0,0,,,,,,,,,2026-05-01,2026-05-01
"[09.07.25][ริว] สวัสดียามดึก คุณดวงวิญญาณ (Ghostly)",120234207685580260,2026-05-01,not_delivering,ad,,,,,0,,0,0,,,,,,,,,2026-05-01,2026-05-01
"[23.04.26][ริว] Smiling depression ภาวะซึมเศร้าที่ซ่อนอยู่ใต้รอยยิ้ม AI (Trap)",120248070511120260,2026-05-01,not_delivering,ad,การสนทนาผ่านการส่งข้อความที่เริ่มขึ้น,3,113.1,409,339.3,1.20542293,4388,3968,1,3,113.1,1,20,4.19325433,77.32452142,0.33333333,2026-05-01,2026-05-01
"[18.07.25][ริว] ประโยคจุกอก (Ghostly)",120233149056350260,2026-05-01,inactive,ad,,,,,0,,0,0,,,,,,,,,2026-05-01,2026-05-01
"[06.08.25][ริว] คะแนน 9.9/10 (Tried)",120234441394790260,2026-05-01,inactive,ad,,,,,0,,0,0,,,,,,,,,2026-05-01,2026-05-01
"[03.09.25][ริว] สัญญาณที่ควรอ่าน (Demons)",120236318952000260,2026-05-01,not_delivering,ad,,,,,0,,0,0,,,,,,,,,2026-05-01,2026-05-01
"[25.03.26][ริว] จิตวิทยาของการสูญเสีย เขาบอกไว้ว่า (AI) (Witches)",120246573533560260,2026-05-01,not_delivering,ad,,,,,0,,0,0,,,,,,,,,2026-05-01,2026-05-01
"[16.01.26][ริว] หายเหนื่อย (Tried)",120243290135930260,2026-05-01,inactive,ad,,,,,0,,0,0,,,,,,,,,2026-05-01,2026-05-01
"[14.03.26][ริว] อ่านแล้วโคตรจริง (Witches)",120245562310490260,2026-05-01,not_delivering,ad,,,,,0,,0,0,,,,,,,,,2026-05-01,2026-05-01
"[21.05.25][ริว] ถ้าโลกมันแย่ แค่คิดแบบคาปิบาร่า (Capybara_Boxset)",120229054225990260,2026-05-01,inactive,ad,,,,,0,,0,0,,,,,,,,,2026-05-01,2026-05-01
"[12.02.26][ริว] รางวัล (Ghostly)",120244263538170260,2026-05-01,not_delivering,ad,,,,,0,,0,0,,,,,,,,,2026-05-01,2026-05-01
"[03.04.26][ริว] โรคซึมเศร้า AI (Trap)",120248211330740260,2026-05-01,active,ad,การสนทนาผ่านการส่งข้อความที่เริ่มขึ้น,5,48.67,748,243.35,3.07376207,6338,6091,2,5,48.67,2,24,6.61091827,38.39539287,0.4,2026-05-01,2026-05-01
"[11.06.25][ริว] หนังสือฮีลใจแห่งปี (Ghostly)",120232764473090260,2026-05-01,not_delivering,ad,,,,,0,,0,0,,,,,,,,,2026-05-01,2026-05-01
"[17.09.25][ริว] ทุกคนว่าโลกหลังความตาย (Ghostly)",120237559338260260,2026-05-01,not_delivering,ad,,,,,0,,0,0,,,,,,,,,2026-05-01,2026-05-01
"[04.03.26][ริว] ซึมเศร้า (สัมภาษณ์หมอ) (Trap)",120246835224830260,2026-05-01,not_delivering,ad,,,,,0,,0,0,,,,,,,,,2026-05-01,2026-05-01
"[20.10.25][ริว] ความผิดพลาด (Witches)",120239112661920260,2026-05-01,not_delivering,ad,,,,,0,,0,0,,,,,,,,,2026-05-01,2026-05-01
"[13.11.25][ริว] 30 Boxset สุดท้าย (Witches)",120240735389410260,2026-05-01,inactive,ad,,,,,0,,0,0,,,,,,,,,2026-05-01,2026-05-01
"[01.10.25][ริว] ถ้าวันนี้คือวันสุดท้าย (Ghostly)",120237852451390260,2026-05-01,not_delivering,ad,,,,,0,,0,0,,,,,,,,,2026-05-01,2026-05-01
"[03.09.25][ริว] สัญญาณที่ควรอ่าน (Demons)",120235869179110260,2026-05-01,inactive,ad,,,,,0,,0,0,,,,,,,,,2026-05-01,2026-05-01
"[23.05.25][ริว] ประโยคหนึ่งในหนังสือที่เหมือนมีน้องแมวเวทมนตร์มากระซิบ (Witches)",120229194261210260,2026-05-01,inactive,ad,,,,,0,,0,0,,,,,,,,,2026-05-01,2026-05-01
"[25.07.25][ริว] คะแนน9.9/10 (Tried)",120234552176440260,2026-05-01,not_delivering,ad,,,,,0,,0,0,,,,,,,,,2026-05-01,2026-05-01
"[03.09.25][ริว] จุกอกกับปีศาจ2 (Demons)",120236358913790260,2026-05-01,not_delivering,ad,,,,,0,,0,0,,,,,,,,,2026-05-01,2026-05-01
"[30.07.25][ริว] บางครั้งการเอาแต่คิดมาก (Capybara)",120234070848580260,2026-05-01,not_delivering,ad,,,,,0,,0,0,,,,,,,,,2026-05-01,2026-05-01
"[01.07.25][ริว] โทษตัวเอง เพราะแค่เหนื่อย (ปีศาจตัวนั้น)",120231987089540260,2026-05-01,not_delivering,ad,,,,,0,,0,0,,,,,,,,,2026-05-01,2026-05-01
"[26.02.26][ริว] คุยกันทุกวันไม่มีสถานะ (ปีศาจตัวนั้น)",120244932128060260,2026-05-01,not_delivering,ad,,,,,0,,0,0,,,,,,,,,2026-05-01,2026-05-01
"[25.03.26][ริว] จิตวิทยาของการสูญเสีย เขาบอกไว้ว่า (AI) (Witches)",120246202009430260,2026-05-01,inactive,ad,,,,,0,,0,0,,,,,,,,,2026-05-01,2026-05-01
"[22.08.25][ริว] เสียดาย (Ghostly)",120236003389070260,2026-05-01,not_delivering,ad,,,,,0,,0,0,,,,,,,,,2026-05-01,2026-05-01
"[06.08.25][ริว] หนังสือการ์ตูนที่อ่านแล้วรักตัวเองมากขึ้น (Ghostly)",120236739576720260,2026-05-01,inactive,ad,,,,,0,,0,0,,,,,,,,,2026-05-01,2026-05-01
"[27.08.25][ริว] ถูกเอาเปรียบ (Ghostly)",120235861251950260,2026-05-01,not_delivering,ad,,,,,0,,0,0,,,,,,,,,2026-05-01,2026-05-01
"[05.09.25][ริว] คาถาเปลี่ยนชีวิต (Witches)",120236326729990260,2026-05-01,not_delivering,ad,,,,,0,,0,0,,,,,,,,,2026-05-01,2026-05-01
"[06.08.25][ริว] กลับมารักตัวเอง (Ghostly)",120236606000590260,2026-05-01,not_delivering,ad,,,,,0,,0,0,,,,,,,,,2026-05-01,2026-05-01
"[23.06.25][ริว] ประโยคเดียวในหนังสือที่จะเปลี่ยนชีวิต (Witches)",120240098124910260,2026-05-01,inactive,ad,,,,,0,,0,0,,,,,,,,,2026-05-01,2026-05-01
"[25.07.25][ริว] รักษาตัวเองให้ดี (Ghostly)",120233558221230260,2026-05-01,not_delivering,ad,,,,,0,,0,0,,,,,,,,,2026-05-01,2026-05-01
"[11.09.25][ริว] ประโยคเดียวในหนังสือ (Witches)",120236735544260260,2026-05-01,not_delivering,ad,,,,,0,,0,0,,,,,,,,,2026-05-01,2026-05-01
"[03.09.25][ริว] จุกอกกับปีศาจ2 (Demons)",120236323055920260,2026-05-01,inactive,ad,,,,,0,,0,0,,,,,,,,,2026-05-01,2026-05-01
"[24.07.25][ริว] ไพ่สำรับนี้ดูดวงแม่น (Witches)",120233469566080260,2026-05-01,not_delivering,ad,,,,,0,,0,0,,,,,,,,,2026-05-01,2026-05-01
"[22.09.25][ริว] แม่อยากให้ลูกมั่นคง (Remains)",120237922323530260,2026-05-01,inactive,ad,,,,,0,,0,0,,,,,,,,,2026-05-01,2026-05-01
"[27.05.25][ริว] ประโยคที่อ่านแล้วจุกอก (Witches)",120229503347270260,2026-05-01,inactive,ad,,,,,0,,0,0,,,,,,,,,2026-05-01,2026-05-01
"[05.09.25][ริว] กลับมารักตัวเองเพราะ (Witches)",120236326295440260,2026-05-01,not_delivering,ad,,,,,0,,0,0,,,,,,,,,2026-05-01,2026-05-01
"[18.09.25][ริว] ถ้าได้ฟังเรื่องราว (Ghostly)",120237558753300260,2026-05-01,inactive,ad,,,,,0,,0,0,,,,,,,,,2026-05-01,2026-05-01
"[01.08.25][ริว] ประโยคเดียวในหนังสือ (Witches)",120234208201370260,2026-05-01,inactive,ad,,,,,0,,0,0,,,,,,,,,2026-05-01,2026-05-01
"[14.06.25][ริว] ประโยคในหนังสือ...ที่อ่านแล้ว ทำให้เรา 'ไม่รู้สึกแปลก' (Witches)",120230769663540260,2026-05-01,inactive,ad,,,,,0,,0,0,,,,,,,,,2026-05-01,2026-05-01
"[12.02.26][ริว] หากกำลังโทษตัวเอง (Embrace)",120244294639160260,2026-05-01,not_delivering,ad,,,,,0,,0,0,,,,,,,,,2026-05-01,2026-05-01
"[04.03.26][ริว] ซึมเศร้า (สัมภาษณ์หมอ) (Trap) (Cross Page)",120245624446890260,2026-05-01,not_delivering,ad,,,,,0,,0,0,,,,,,,,,2026-05-01,2026-05-01
"[06.11.25][ริว] กลับมาอีกครั้ง (Remains)",120240333892660260,2026-05-01,not_delivering,ad,,,,,0,,0,0,,,,,,,,,2026-05-01,2026-05-01
"[12.02.26][ริว] รักคนอื่น (สัมภาษณ์หมอ) (Trap)",120244855729390260,2026-05-01,not_delivering,ad,,,,,0,,0,0,,,,,,,,,2026-05-01,2026-05-01
"[23.05.25][ริว] หนังสือการ์ตูนฮีลใจ (Ghostly)",120229512245420260,2026-05-01,inactive,ad,,,,,0,,0,0,,,,,,,,,2026-05-01,2026-05-01
"[29.09.25][ริว] E-Book (Ghostly)",120237852374480260,2026-05-01,inactive,ad,,,,,0,,0,0,,,,,,,,,2026-05-01,2026-05-01
"[28.06.25][ริว] ถ้าไม่อยากเป็นแบบนี้ อย่าอ่านเล่มนี้ (Ghostly)",120232382445370260,2026-05-01,not_delivering,ad,,,,,0,,0,0,,,,,,,,,2026-05-01,2026-05-01
"[21.03.26][ริว] อย่ากลัวการเปลี่ยนแปลง อย่าหวั่นการเปลี่ยนเส้นทางชีวิต (Kidmakk)",120245847041340260,2026-05-01,not_delivering,ad,,,,,0,,0,0,,,,,,,,,2026-05-01,2026-05-01
"[20.10.25][ริว] ความผิดพลาด (Witches)",120240098203350260,2026-05-01,inactive,ad,,,,,0,,0,0,,,,,,,,,2026-05-01,2026-05-01
"[18.10.25][ริว] อยู่คนเดียว (Ghostly)",120239976976120260,2026-05-01,not_delivering,ad,,,,,0,,0,0,,,,,,,,,2026-05-01,2026-05-01
"[10.04.26][ริว] เสียดายคนตายไม่ได้อ่านเล่มนี้ (Ghostly)",120247314684060260,2026-05-01,inactive,ad,,,,,0,,0,0,,,,,,,,,2026-05-01,2026-05-01
"[16.01.26][ริว] อ่านแล้วใจเบาลง (Tried)",120243290015950260,2026-05-01,inactive,ad,,,,,0,,0,0,,,,,,,,,2026-05-01,2026-05-01
"[27.03.26][ริว] ลดความคาดหวัง ใจเราจะเบาขึ้น (AI) (Remains)",120246200053780260,2026-05-01,inactive,ad,,,,,0,,0,0,,,,,,,,,2026-05-01,2026-05-01
"[01.04.26][ริว] เลิกควบคุมสิ่งที่ควมคุมไม่ได้ (AI) (Trap)",120246607003630260,2026-05-01,not_delivering,ad,,,,,0,,0,0,,,,,,,,,2026-05-01,2026-05-01
"[04.10.25][ริว] เสาหลักของบ้าน (Tried)",120238409028530260,2026-05-01,not_delivering,ad,,,,,0,,0,0,,,,,,,,,2026-05-01,2026-05-01
"[09.07.25][ริว] สวัสดียามดึก คุณดวงวิญญาณ (Ghostly)",120233369285350260,2026-05-01,not_delivering,ad,,,,,0,,0,0,,,,,,,,,2026-05-01,2026-05-01
"[05.04.26][ริว] Chronic Loneliness ภาวะเหงาเรื้อรังที่รู้สึกโดดเดี่ยวอ้างว้างตลอดเวลา AI (Ghostly)",120247589720990260,2026-05-01,not_delivering,ad,การเข้าถึง,0,,,0,,0,0,,,,,,,,,2026-05-01,2026-05-01
"[22.10.25][ริว] (ไม่)นอกใจ (Demons)",120240179530970260,2026-05-01,not_delivering,ad,,,,,0,,0,0,,,,,,,,,2026-05-01,2026-05-01
"[22.10.25][ริว] ป้ายยาหนังสือน่ารัก (Witches)",120239970741900260,2026-05-01,inactive,ad,,,,,0,,0,0,,,,,,,,,2026-05-01,2026-05-01
"[14.06.25][ริว] ประโยคในหนังสือ...ที่อ่านแล้ว ทำให้เรา 'ไม่รู้สึกแปลก' (Witches)",120230770730200260,2026-05-01,inactive,ad,,,,,0,,0,0,,,,,,,,,2026-05-01,2026-05-01
"[11.06.25][ริว] หนังสือฮีลใจแห่งปี (Ghostly)",120230538494380260,2026-05-01,inactive,ad,,,,,0,,0,0,,,,,,,,,2026-05-01,2026-05-01
"[18.09.25][ริว] หยุดพูดแย่ๆกับตัวเอง (Witches)",120237444174060260,2026-05-01,not_delivering,ad,,,,,0,,0,0,,,,,,,,,2026-05-01,2026-05-01
"[05.04.26][ริว] Chronic Loneliness ภาวะเหงาเรื้อรังที่รู้สึกโดดเดี่ยวอ้างว้างตลอดเวลา AI (Ghostly)",120247588786360260,2026-05-01,active,ad,การเข้าถึง,10574,10.20711178,,107.93,,10764,10574,,,,,28,0.32515793,10.02694166,,2026-05-01,2026-05-01
"[08.08.25][ริว] คิดถึงแฟนเก่า (ปีศาจตัวนั้น)",120234605062360260,2026-05-01,not_delivering,ad,,,,,0,,0,0,,,,,,,,,2026-05-01,2026-05-01
"[23.07.25][ริว] แค่ชื่อก็เหมือนโดนปลอบ (Tried)",120233364191350260,2026-05-01,inactive,ad,,,,,0,,0,0,,,,,,,,,2026-05-01,2026-05-01
"[01.04.26][ริว] เลิกควบคุมสิ่งที่ควมคุมไม่ได้ (AI) (Trap) - สำเนา",120246783780130260,2026-05-01,not_delivering,ad,,,,,0,,0,0,,,,,,,,,2026-05-01,2026-05-01
"[22.07.25][ริว] วันนี้เธอเหนื่อยไหม (Tried)",120233024674730260,2026-05-01,not_delivering,ad,,,,,0,,0,0,,,,,,,,,2026-05-01,2026-05-01
"[08.08.25][ริว] mindsetดี (ปีศาจตัวนั้น)",120234604089880260,2026-05-01,inactive,ad,,,,,0,,0,0,,,,,,,,,2026-05-01,2026-05-01
"[30.01.26][ริว] ถ้าคนที่เรารัก (Ghostly)",120243742270310260,2026-05-01,inactive,ad,,,,,0,,0,0,,,,,,,,,2026-05-01,2026-05-01
"[24.07.25][ริว] แค่หนังสือร้องไห้ทำไม (ปีศาจตัวนั้น)",120233469177900260,2026-05-01,not_delivering,ad,,,,,0,,0,0,,,,,,,,,2026-05-01,2026-05-01
"[03.10.25][ริว] จะเป็นยังไง (Remains)",120237922762580260,2026-05-01,inactive,ad,,,,,0,,0,0,,,,,,,,,2026-05-01,2026-05-01
"[22.10.25][ริว] ป้ายยา (Remains)",120239115125230260,2026-05-01,inactive,ad,,,,,0,,0,0,,,,,,,,,2026-05-01,2026-05-01
"[08.08.25][ริว] งานศพ (Ghostly)",120234794681110260,2026-05-01,inactive,ad,,,,,0,,0,0,,,,,,,,,2026-05-01,2026-05-01
"[01.04.26][ริว] เลิกควบคุมสิ่งที่ควมคุมไม่ได้ (AI) (Trap)",120246834439960260,2026-05-01,not_delivering,ad,การสนทนาผ่านการส่งข้อความที่เริ่มขึ้น,1,266.88,,266.88,,1475,1360,,1,266.88,,4,6.71186441,180.93559322,0,2026-05-01,2026-05-01
"[03.07.25][ริว][Cross Page] ไม่ได้ตั้งใจจะปล่อยให้มันสาย (Ghostly)",120232174472620260,2026-05-01,not_delivering,ad,,,,,0,,0,0,,,,,,,,,2026-05-01,2026-05-01
"[18.08.25][ริว] กดดันตัวเองมาทั้งชีวิต (Embrace)",120235184817960260,2026-05-01,not_delivering,ad,,,,,0,,0,0,,,,,,,,,2026-05-01,2026-05-01
"[22.10.25][ริว] ป้ายยาหนังสือน่ารัก (Witches)",120239113844200260,2026-05-01,not_delivering,ad,,,,,0,,0,0,,,,,,,,,2026-05-01,2026-05-01
"[12.08.25][ริว] คะแนน 11/10 (Witches)",120234722245710260,2026-05-01,not_delivering,ad,,,,,0,,0,0,,,,,,,,,2026-05-01,2026-05-01
"[06.08.25][ริว] หนังสือการ์ตูนที่อ่านแล้วรักตัวเองมากขึ้น (Ghostly)",120235868330010260,2026-05-01,not_delivering,ad,,,,,0,,0,0,,,,,,,,,2026-05-01,2026-05-01
"[16.10.25][ริว] เมไอสัมภาษณ์ปีศาจ2 (Demons)",120238788809920260,2026-05-01,inactive,ad,,,,,0,,0,0,,,,,,,,,2026-05-01,2026-05-01
"[06.08.25][ริว] รีวิวการ์ตูนฮีลใจแห่งปี (Ghostly)",120236739454540260,2026-05-01,inactive,ad,,,,,0,,0,0,,,,,,,,,2026-05-01,2026-05-01
"[13.10.25][ริว] เล่มลายเซ็น (Remains)",120238862259600260,2026-05-01,not_delivering,ad,,,,,0,,0,0,,,,,,,,,2026-05-01,2026-05-01
"[23.06.25][ริว] ประโยคเดียวในหนังสือที่จะเปลี่ยนชีวิต (Witches)",120233387492020260,2026-05-01,not_delivering,ad,,,,,0,,0,0,,,,,,,,,2026-05-01,2026-05-01
"[29.10.25][ริว] ป้ายยา 2 หนังสือ (Remains)",120239540621860260,2026-05-01,inactive,ad,,,,,0,,0,0,,,,,,,,,2026-05-01,2026-05-01
"[23.06.25][ริว] ประโยคเดียวในหนังสือที่จะเปลี่ยนชีวิต (Witches)",120236619734450260,2026-05-01,not_delivering,ad,,,,,0,,0,0,,,,,,,,,2026-05-01,2026-05-01
"[31.03.26][ริว] อย่าปล่อยให้พ่อแม่รอ กลับไปเยี่ยมในวันที่ยังมีโอกาส (Ghostly)",120246421414460260,2026-05-01,not_delivering,ad,,,,,0,,0,0,,,,,,,,,2026-05-01,2026-05-01
"[11.02.26][ริว] ภาคต่อ 359.- ส่งฟรี (Remains)",120244592767620260,2026-05-01,not_delivering,ad,,,,,0,,0,0,,,,,,,,,2026-05-01,2026-05-01
"[24.07.25][ริว] ไพ่สำรับนี้ดูดวงแม่น (Witches)",120235186324600260,2026-05-01,not_delivering,ad,,,,,0,,0,0,,,,,,,,,2026-05-01,2026-05-01
"[05.02.26][ริว] Boxset ลายเซ็น (Witches)",120244008823780260,2026-05-01,not_delivering,ad,,,,,0,,0,0,,,,,,,,,2026-05-01,2026-05-01
"[30.07.25][ริว] โดนตกเพราะหลังปก (Home)",120234072166610260,2026-05-01,inactive,ad,,,,,0,,0,0,,,,,,,,,2026-05-01,2026-05-01
"[29.03.26][ริว] วิธีรับมือโรคแพนิค (AI) (Trap) - สำเนา",120246786635380260,2026-05-01,not_delivering,ad,การสนทนาผ่านการส่งข้อความที่เริ่มขึ้น,,,,0,,0,0,,,,,,,,,2026-05-01,2026-05-01
"[29.09.25][ริว] เลือกปกหนังสือ (Remains)",120237715972570260,2026-05-01,inactive,ad,,,,,0,,0,0,,,,,,,,,2026-05-01,2026-05-01
"[06.08.25][ริว] ไม่ว่าชีวิตจะบัดซบ (Tried)",120234614620410260,2026-05-01,not_delivering,ad,,,,,0,,0,0,,,,,,,,,2026-05-01,2026-05-01
"[24.10.25][ริว] PAYDAY OPD E-Book 1 แถม 1 (Promotion)",120240278371620260,2026-05-01,inactive,ad,,,,,0,,0,0,,,,,,,,,2026-05-01,2026-05-01
"[06.08.25][ริว] หนังสือพัฒนาตัวเอง (Tried)",120234466952840260,2026-05-01,not_delivering,ad,,,,,0,,0,0,,,,,,,,,2026-05-01,2026-05-01
"[17.09.25][ริว] ทุกคนว่าโลกหลังความตาย (Ghostly)",120237028371670260,2026-05-01,not_delivering,ad,,,,,0,,0,0,,,,,,,,,2026-05-01,2026-05-01
"[09.09.25][ริว] โตขึ้น พ่อแม่แก่ตัวลง (Demons)",120236832228910260,2026-05-01,inactive,ad,,,,,0,,0,0,,,,,,,,,2026-05-01,2026-05-01
"[23.07.25][ริว] PAYDAY SALE JULY (Promotion_Payday) - No Meme",120233338606220260,2026-05-01,not_delivering,ad,,,,,0,,0,0,,,,,,,,,2026-05-01,2026-05-01
"[13.02.26][ริว] การมีชีวิตอยู่อย่างโดดเดี่ยว (Ghostly)",120244296275150260,2026-05-01,not_delivering,ad,,,,,0,,0,0,,,,,,,,,2026-05-01,2026-05-01
"[23.06.25][ริว] ประโยคเดียวในหนังสือที่จะเปลี่ยนชีวิต (Witches)",120232601031060260,2026-05-01,not_delivering,ad,,,,,0,,0,0,,,,,,,,,2026-05-01,2026-05-01
"[11.10.25][ริว] ปุณณ์วัฒน์ (Ghostly)",120247246818260260,2026-05-01,inactive,ad,การสนทนาผ่านการส่งข้อความที่เริ่มขึ้น,,,,0,,0,0,,,,,,,,,2026-05-01,2026-05-01
"[16.10.25][ริว] ผลงานภาคต่อ (Remains)",120238719560730260,2026-05-01,not_delivering,ad,,,,,0,,0,0,,,,,,,,,2026-05-01,2026-05-01
"[28.06.25][ริว] ถ้าไม่อยากเป็นแบบนี้ อย่าอ่านเล่มนี้ (Ghostly)",120232382487260260,2026-05-01,inactive,ad,,,,,0,,0,0,,,,,,,,,2026-05-01,2026-05-01
"[23.05.25][ริว] หนังสือการ์ตูนฮีลใจ (Ghostly)",120229512447230260,2026-05-01,inactive,ad,,,,,0,,0,0,,,,,,,,,2026-05-01,2026-05-01
"[30.08.25][ริว] แค่ประโยคเดียว (Witches)",120236021779400260,2026-05-01,not_delivering,ad,,,,,0,,0,0,,,,,,,,,2026-05-01,2026-05-01
"[23.02.26][ริว] แม่คือคนรับผิดชอบ (Trap)",120245036348120260,2026-05-01,not_delivering,ad,การสนทนาผ่านการส่งข้อความที่เริ่มขึ้น,,,,0,,0,0,,,,,,,,,2026-05-01,2026-05-01
"[25.04.26][ริว] ถ้าคุณจากโลกนี้ไป ใครจะเป็นคนที่เศร้าที่สุด AI (Remains)",120247923662480260,2026-05-01,archived,ad,,,,,0,,0,0,,,,,,,,,2026-05-01,2026-05-01
"[23.03.26][ริว] ถ้าคืนนี้เป็นคืนสุดท้าย (AI) (Ghostly)",120246203465230260,2026-05-01,inactive,ad,,,,,0,,0,0,,,,,,,,,2026-05-01,2026-05-01
"[20.03.26][ริว] เล่มนี้คือภาคต่อที่ควรอ่าน (Remains)",120245968648130260,2026-05-01,inactive,ad,,,,,0,,0,0,,,,,,,,,2026-05-01,2026-05-01
"[06.08.25][ริว] คะแนน 10/10 (Tried)",120234941325420260,2026-05-01,not_delivering,ad,,,,,0,,0,0,,,,,,,,,2026-05-01,2026-05-01
"[05.09.25][ริว] รีวิวหนังสือ 5/5 (Witches)",120236549762460260,2026-05-01,not_delivering,ad,,,,,0,,0,0,,,,,,,,,2026-05-01,2026-05-01
"[03.04.26][ริว] โรคซึมเศร้า AI (Trap)",120246702152400260,2026-05-01,archived,ad,,,,,0,,0,0,,,,,,,,,2026-05-01,2026-05-01
"[22.07.25][ริว] วันนี้เธอเหนื่อยไหม (Tried)",120234552232660260,2026-05-01,not_delivering,ad,,,,,0,,0,0,,,,,,,,,2026-05-01,2026-05-01
"[16.10.25][ริว] คะแนน 9.9/10 (Remains)",120238719051570260,2026-05-01,inactive,ad,,,,,0,,0,0,,,,,,,,,2026-05-01,2026-05-01
"[09.10.25][ริว] นี่คือไพ่ทำนายดวง (Witches)",120238409497060260,2026-05-01,inactive,ad,,,,,0,,0,0,,,,,,,,,2026-05-01,2026-05-01
"[29.04.26][ริว] การอยู่คนเดียวคือทักษะที่ดีที่สุด AI (Ghostly)",120248072650030260,2026-05-01,active,ad,การเข้าถึง,9913,9.99798245,,99.11,,10164,9913,,,,,12,0.13774105,9.75108225,,2026-05-01,2026-05-01
"[04.03.26][ริว] ซึมเศร้า (สัมภาษณ์หมอ) (Trap)",120246565473590260,2026-05-01,archived,ad,,,,,0,,0,0,,,,,,,,,2026-05-01,2026-05-01
"[06.08.25][ริว] มีชีวิตอยู่อย่างโดดเดี่ยว (ghostly)",120235151926920260,2026-05-01,not_delivering,ad,,,,,0,,0,0,,,,,,,,,2026-05-01,2026-05-01
"[25.08.25][ริว] ไพ่สำรับนี้ (Witches)",120235634316340260,2026-05-01,not_delivering,ad,,,,,0,,0,0,,,,,,,,,2026-05-01,2026-05-01
"[29.03.26][ริว] วิธีรับมือโรคแพนิค (AI) (Trap)",120246607827980260,2026-05-01,not_delivering,ad,,,,,0,,0,0,,,,,,,,,2026-05-01,2026-05-01
"[23.06.25][ริว] ประโยคเดียวในหนังสือที่จะเปลี่ยนชีวิต (Witches)",120232931475920260,2026-05-01,not_delivering,ad,,,,,0,,0,0,,,,,,,,,2026-05-01,2026-05-01
"[22.10.25][ริว] ป้ายยาหนังสือน่ารัก (Witches)",120240099152760260,2026-05-01,inactive,ad,,,,,0,,0,0,,,,,,,,,2026-05-01,2026-05-01
"[23.02.26][ริว] แม่คือคนรับผิดชอบ (Trap)",120245730613830260,2026-05-01,not_delivering,ad,,,,,0,,0,0,,,,,,,,,2026-05-01,2026-05-01
"[10.11.25][ริว] วันนี้เราป้ายยา (Witches)",120240276635530260,2026-05-01,not_delivering,ad,,,,,0,,0,0,,,,,,,,,2026-05-01,2026-05-01
"[12.11.25][ริว] (ไม่)ยอมลดคุณค่าตัวเอง (ปีศาจตัวนั้น)",120240908309980260,2026-05-01,not_delivering,ad,,,,,0,,0,0,,,,,,,,,2026-05-01,2026-05-01
"[27.05.25][ริว] ประโยคที่อ่านแล้วจุกอก (Witches)",120229497787420260,2026-05-01,inactive,ad,,,,,0,,0,0,,,,,,,,,2026-05-01,2026-05-01
"[23.06.25][ริว] ประโยคเดียวในหนังสือที่จะเปลี่ยนชีวิต (Witches)",120240905459180260,2026-05-01,inactive,ad,,,,,0,,0,0,,,,,,,,,2026-05-01,2026-05-01
"[10.03.26][ริว] ซึมเศร้า animation (Trap)",120245845956510260,2026-05-01,not_delivering,ad,,,,,0,,0,0,,,,,,,,,2026-05-01,2026-05-01
"[13.01.26] [ริว] เพราะพรุ่งนี้อาจมาไม่ถึง (Kiwtum) (Reels)",120243182635000260,2026-05-01,not_delivering,ad,,,,,0,,0,0,,,,,,,,,2026-05-01,2026-05-01
"[13.10.25][ริว] เล่มลายเซ็น (Remains)",120238790311540260,2026-05-01,inactive,ad,,,,,0,,0,0,,,,,,,,,2026-05-01,2026-05-01
"[22.10.25][ริว] ป้ายยาหนังสือน่ารัก (Witches)",120240490222420260,2026-05-01,inactive,ad,,,,,0,,0,0,,,,,,,,,2026-05-01,2026-05-01
"[03.07.25][ริว][Cross Page] ไม่ได้ตั้งใจจะปล่อยให้มันสาย (Ghostly)",120232520630360260,2026-05-01,inactive,ad,,,,,0,,0,0,,,,,,,,,2026-05-01,2026-05-01
"[30.10.25][ริว] การอยู่คนเดียว (Ghostly)",120240102388250260,2026-05-01,inactive,ad,,,,,0,,0,0,,,,,,,,,2026-05-01,2026-05-01
"[27.08.25][ริว] ถูกเอาเปรียบ (Ghostly)",120235864430670260,2026-05-01,not_delivering,ad,,,,,0,,0,0,,,,,,,,,2026-05-01,2026-05-01
"[12.09.25][ริว] วันที่ความกลัวชนะทุกอย่าง (ปีศาจตัวนั้น)",120236739060660260,2026-05-01,not_delivering,ad,,,,,0,,0,0,,,,,,,,,2026-05-01,2026-05-01
"[06.10.25][ริว] แม่ที่รักลูก (Remains)",120238557229370260,2026-05-01,not_delivering,ad,,,,,0,,0,0,,,,,,,,,2026-05-01,2026-05-01
"[16.01.26][ริว] ประโยคเดียว (Witches)",120244055279860260,2026-05-01,not_delivering,ad,,,,,0,,0,0,,,,,,,,,2026-05-01,2026-05-01
"[18.07.25][ริว] ประโยคจุกอก (Ghostly)",120233016505110260,2026-05-01,not_delivering,ad,,,,,0,,0,0,,,,,,,,,2026-05-01,2026-05-01
"[06.08.25][ริว] มีชีวิตอยู่อย่างโดดเดี่ยว (ghostly)",120239977789790260,2026-05-01,not_delivering,ad,,,,,0,,0,0,,,,,,,,,2026-05-01,2026-05-01
"[07.10.25][ริว][มหกรรมหนังสือ30] เชิญชวนงานหนังสือคุณเมไอ (Engage)",120238218701490260,2026-05-01,inactive,ad,,,,,0,,0,0,,,,,,,,,2026-05-01,2026-05-01
"[22.08.25][ริว] แจกวอลเปเปอร์ (Ghostly)",120236604297650260,2026-05-01,inactive,ad,,,,,0,,0,0,,,,,,,,,2026-05-01,2026-05-01
"[20.11.25][ริว] ไม่มีเขาแล้ว (Demons)",120241407826550260,2026-05-01,inactive,ad,,,,,0,,0,0,,,,,,,,,2026-05-01,2026-05-01
"[22.09.25][ริว] แม่อยากให้ลูกมั่นคง (Remains)",120240664237150260,2026-05-01,inactive,ad,,,,,0,,0,0,,,,,,,,,2026-05-01,2026-05-01
"[10.03.26][ริว] ซึมเศร้า animation (Trap)",120245978887910260,2026-05-01,not_delivering,ad,,,,,0,,0,0,,,,,,,,,2026-05-01,2026-05-01
"[21.10.25][ริว] มีประโยค (Remains)",120239267914210260,2026-05-01,inactive,ad,,,,,0,,0,0,,,,,,,,,2026-05-01,2026-05-01
"[06.10.25][ริว] มีประโยคในหนังสือ (Witches)",120238148886640260,2026-05-01,not_delivering,ad,,,,,0,,0,0,,,,,,,,,2026-05-01,2026-05-01
"[12.11.25][ริว] รักตัวเองก่อน (ปีศาจตัวนั้น)",120240908310000260,2026-05-01,inactive,ad,,,,,0,,0,0,,,,,,,,,2026-05-01,2026-05-01
"[17.10.25][ริว] ซึมตั้งแต่อ่านปก (Tried)",120239442615690260,2026-05-01,not_delivering,ad,,,,,0,,0,0,,,,,,,,,2026-05-01,2026-05-01
"[18.11.25][ริว] หนังสือฮีลใจแห่งปี (Remains)",120240741119250260,2026-05-01,inactive,ad,,,,,0,,0,0,,,,,,,,,2026-05-01,2026-05-01
"[20.11.25][ริว] ไม่มีเขาแล้ว (Demons)",120240850478350260,2026-05-01,not_delivering,ad,,,,,0,,0,0,,,,,,,,,2026-05-01,2026-05-01
"[03.09.25][ริว] เปิดตัวปีศาจ 2 (Demons)",120236021958310260,2026-05-01,archived,ad,,,,,0,,0,0,,,,,,,,,2026-05-01,2026-05-01
"[23.06.25][ริว] ประโยคเดียวในหนังสือที่จะเปลี่ยนชีวิต (Witches)",120232930614310260,2026-05-01,inactive,ad,,,,,0,,0,0,,,,,,,,,2026-05-01,2026-05-01
"[07.08.25][ริว] วันนี้คุณขอบคุณตัวเองยัง (Tried)",120234554545690260,2026-05-01,inactive,ad,,,,,0,,0,0,,,,,,,,,2026-05-01,2026-05-01
"[08.07.25][ริว] ย่านเมืองเก่ามีร้านคาเฟ่ร้านนึงเปิดหลังเที่ยงคืน (Ghostly)",120233369285310260,2026-05-01,inactive,ad,,,,,0,,0,0,,,,,,,,,2026-05-01,2026-05-01
"[01.04.26][ริว] เลิกควบคุมสิ่งที่ควมคุมไม่ได้ (AI) (Trap)",120246512186410260,2026-05-01,not_delivering,ad,การสนทนาผ่านการส่งข้อความที่เริ่มขึ้น,,,,0,,0,0,,,,,,,,,2026-05-01,2026-05-01
"[29.03.26][ริว] วิธีรับมือโรคแพนิค (AI) (Trap)",120246404194440260,2026-05-01,not_delivering,ad,การสนทนาผ่านการส่งข้อความที่เริ่มขึ้น,,,,0,,0,0,,,,,,,,,2026-05-01,2026-05-01
"[18.07.25][ริว] ประโยคจุกอก (Ghostly)",120234918883530260,2026-05-01,not_delivering,ad,,,,,0,,0,0,,,,,,,,,2026-05-01,2026-05-01
"[28.06.25][ริว] ถ้าไม่อยากเป็นแบบนี้ อย่าอ่านเล่มนี้ (Ghostly)",120231818963750260,2026-05-01,archived,ad,,,,,0,,0,0,,,,,,,,,2026-05-01,2026-05-01
"[03.04.26][ริว] โรคซึมเศร้า AI (Trap) - สำเนา",120246786773960260,2026-05-01,not_delivering,ad,,,,,0,,0,0,,,,,,,,,2026-05-01,2026-05-01
"[01.04.26][ริว] เลิกควบคุมสิ่งที่ควมคุมไม่ได้ (AI) (Trap)",120246780326200260,2026-05-01,inactive,ad,,,,,0,,0,0,,,,,,,,,2026-05-01,2026-05-01
"[25.08.25][ริว] ไพ่สำรับนี้ (Witches)",120235634057850260,2026-05-01,not_delivering,ad,,,,,0,,0,0,,,,,,,,,2026-05-01,2026-05-01
"[11.10.25][ริว] ปุณณ์วัฒน์ (Ghostly)",120242967808360260,2026-05-01,not_delivering,ad,,,,,0,,0,0,,,,,,,,,2026-05-01,2026-05-01
"[23.07.25][ริว] PAYDAY SALE JULY (Promotion_Payday) - No Meme",120233337906840260,2026-05-01,inactive,ad,,,,,0,,0,0,,,,,,,,,2026-05-01,2026-05-01
"[21.08.25][ริว] อะไรแอบมองเราอยู่น้า (Witches)",120235627967560260,2026-05-01,not_delivering,ad,,,,,0,,0,0,,,,,,,,,2026-05-01,2026-05-01
"[21.05.25][ริว] บอกต่อหนังสือที่เหมือนมีเเพื่อนสนิทคอยให้คำแนะนำอยู่ข้าง ๆ (Witches)",120229053830360260,2026-05-01,inactive,ad,,,,,0,,0,0,,,,,,,,,2026-05-01,2026-05-01
"[18.07.25][ริว] ประโยคจุกอก (Ghostly)",120233259134170260,2026-05-01,not_delivering,ad,,,,,0,,0,0,,,,,,,,,2026-05-01,2026-05-01
"[11.10.25][ริว] ปุณณ์วัฒน์ (Ghostly)",120244475845750260,2026-05-01,not_delivering,ad,,,,,0,,0,0,,,,,,,,,2026-05-01,2026-05-01
"[05.09.25][ริว] ประโยคเตือนสติ (Witches)",120236625701510260,2026-05-01,not_delivering,ad,,,,,0,,0,0,,,,,,,,,2026-05-01,2026-05-01
"[02.06.25][ริว] 5 เหตุผลที่ต้องอ่าน (Ghostly)",120229860140940260,2026-05-01,inactive,ad,,,,,0,,0,0,,,,,,,,,2026-05-01,2026-05-01
"[23.06.25][ริว] หนังสือที่เล่นกับใจคนอ่านมากที่สุด (Ghostly)",120231258099470260,2026-05-01,inactive,ad,,,,,0,,0,0,,,,,,,,,2026-05-01,2026-05-01
"[11.10.25][ริว] ปุณณ์วัฒน์ (Ghostly)",120241914515530260,2026-05-01,not_delivering,ad,,,,,0,,0,0,,,,,,,,,2026-05-01,2026-05-01
"[08.07.25][ริว] หนังสือฮีลใจยอดขายอันดับ1 (Ghostly)",120234207902510260,2026-05-01,inactive,ad,,,,,0,,0,0,,,,,,,,,2026-05-01,2026-05-01
"[24.07.25][ริว] หนังสือใหม่ล่าสุด (Ghostly)",120233475889700260,2026-05-01,not_delivering,ad,,,,,0,,0,0,,,,,,,,,2026-05-01,2026-05-01
"[23.02.26][ริว] แม่คือคนรับผิดชอบ (Trap) (Cross Page)",120245168187440260,2026-05-01,not_delivering,ad,,,,,0,,0,0,,,,,,,,,2026-05-01,2026-05-01
"[24.12.25][ริว] ไพ่ทำนายดวง (Witches)",120242558059070260,2026-05-01,not_delivering,ad,,,,,0,,0,0,,,,,,,,,2026-05-01,2026-05-01
"[01.05.26][ริว] เลิกคิดมาก ถ้าอยากสำเร็จ AI (Trap)",120248170173970260,2026-05-01,not_delivering,ad,การสนทนาผ่านการส่งข้อความที่เริ่มขึ้น,,,,192.05,,1172,953,,,,,4,4.01023891,163.86518771,,2026-05-01,2026-05-01
"[22.10.25][ริว] ป้ายยาหนังสือน่ารัก (Witches)",120240098841030260,2026-05-01,archived,ad,,,,,0,,0,0,,,,,,,,,2026-05-01,2026-05-01
"[03.12.25][ริว] แม่อยากให้ลูกมีอนาคตที่ดี (Remains)",120244259802950260,2026-05-01,inactive,ad,,,,,0,,0,0,,,,,,,,,2026-05-01,2026-05-01
"[06.03.26][ริว] พรีออเดอร์เล่มลายเซ็น (Trap)",120245259601940260,2026-05-01,not_delivering,ad,,,,,0,,0,0,,,,,,,,,2026-05-01,2026-05-01
"[13.08.25][ริว] อ่านจบแล้วเปลี่ยนชีวิต (Capybara)",120234824997320260,2026-05-01,inactive,ad,,,,,0,,0,0,,,,,,,,,2026-05-01,2026-05-01
"[23.05.25][ริว] หนังสือการ์ตูนฮีลใจ (Ghostly)",120229263858670260,2026-05-01,inactive,ad,,,,,0,,0,0,,,,,,,,,2026-05-01,2026-05-01
"[31.10.25][ริว] อ่านแล้วหายเหนื่อย (Tried)",120240096826270260,2026-05-01,not_delivering,ad,,,,,0,,0,0,,,,,,,,,2026-05-01,2026-05-01
"[24.07.25][ริว] หนังสือใหม่ล่าสุด (Ghostly)",120234415276290260,2026-05-01,inactive,ad,,,,,0,,0,0,,,,,,,,,2026-05-01,2026-05-01
"[12.12.25][ริว] โปร299 (Ghostly)",120243608026950260,2026-05-01,not_delivering,ad,,,,,0,,0,0,,,,,,,,,2026-05-01,2026-05-01
"[24.10.25][ริว] PAYDAY OPD E-Book 1 แถม 1 (Promotion)",120239264536960260,2026-05-01,inactive,ad,,,,,0,,0,0,,,,,,,,,2026-05-01,2026-05-01
"[04.03.26][ริว] ซึมเศร้า (สัมภาษณ์หมอ) (Trap)",120247408900310260,2026-05-01,not_delivering,ad,การสนทนาผ่านการส่งข้อความที่เริ่มขึ้น,2,114.775,,229.55,,2833,2754,,2,114.775,,10,3.56512531,81.02717967,0,2026-05-01,2026-05-01
"[09.04.26][ริว] คำถามวัดใจไซโคพาธ Psychopath AI (Trap)",120246881436300260,2026-05-01,not_delivering,ad,การสนทนาผ่านการส่งข้อความที่เริ่มขึ้น,,,,0,,0,0,,,,,,,,,2026-05-01,2026-05-01
"[21.05.25][ริว] สายมูห้ามพลาด (Witches)",120229053845080260,2026-05-01,inactive,ad,,,,,0,,0,0,,,,,,,,,2026-05-01,2026-05-01
"[25.11.25][ริว] ซิ่ง Black Friday (Promotion)",120241154094560260,2026-05-01,not_delivering,ad,,,,,0,,0,0,,,,,,,,,2026-05-01,2026-05-01
"[13.06.25][ริว] ถ้าคืนนี้เป็นคืนสุดท้ายของชีวิต (Ghostly)",120231053236100260,2026-05-01,inactive,ad,,,,,0,,0,0,,,,,,,,,2026-05-01,2026-05-01
"[25.04.26][ริว] ถ้าคุณจากโลกนี้ไป ใครจะเป็นคนที่เศร้าที่สุด AI (Remains)",120247924379140260,2026-05-01,not_delivering,ad,"การซื้อบน Meta",,,,0,,0,0,,,,,,,,,2026-05-01,2026-05-01
"[20.04.26][ริว] อีโก้ไม่ใช่เรื่องแย่ แต่ต้องมีอย่างพอดี AI (Kiwtum)",120247719900050260,2026-05-01,not_delivering,ad,"การซื้อบน Meta",,,,0,,0,0,,,,,,,,,2026-05-01,2026-05-01
"[30.08.25][ริว] แค่ประโยคเดียว (Witches)",120236192359090260,2026-05-01,not_delivering,ad,,,,,0,,0,0,,,,,,,,,2026-05-01,2026-05-01
"[01.04.26][ริว] เลิกควบคุมสิ่งที่ควมคุมไม่ได้ (AI) (Trap)",120247044993520260,2026-05-01,not_delivering,ad,,,,,0,,0,0,,,,,,,,,2026-05-01,2026-05-01
"[22.10.25][ริว] ป้ายยาหนังสือน่ารัก (Witches)",120239255039720260,2026-05-01,not_delivering,ad,,,,,0,,0,0,,,,,,,,,2026-05-01,2026-05-01
"[18.07.25][ริว] ประโยคจุกอก (Ghostly)",120234552105110260,2026-05-01,not_delivering,ad,,,,,0,,0,0,,,,,,,,,2026-05-01,2026-05-01
"[13.08.25][ริว] สปอยเงาปีศาจ (Demons)",120234821138290260,2026-05-01,not_delivering,ad,,,,,0,,0,0,,,,,,,,,2026-05-01,2026-05-01
"[06.10.25][ริว] มีประโยคในหนังสือ (Witches)",120239112589060260,2026-05-01,not_delivering,ad,,,,,0,,0,0,,,,,,,,,2026-05-01,2026-05-01
"[31.10.25][ริว] อ่านแล้วหายเหนื่อย (Tried)",120243520795790260,2026-05-01,not_delivering,ad,,,,,0,,0,0,,,,,,,,,2026-05-01,2026-05-01
"[22.10.25][ริว] ป้ายยา (Remains)",120239115667520260,2026-05-01,not_delivering,ad,,,,,0,,0,0,,,,,,,,,2026-05-01,2026-05-01
"[03.12.25][ริว] แม่อยากให้ลูกมีอนาคตที่ดี (Remains)",120241546114280260,2026-05-01,not_delivering,ad,,,,,0,,0,0,,,,,,,,,2026-05-01,2026-05-01
"[05.09.25][ริว] ประโยคเตือนสติ (Witches)",120236325591500260,2026-05-01,inactive,ad,,,,,0,,0,0,,,,,,,,,2026-05-01,2026-05-01
"[11.06.25][ริว] หนังสือเล่มนี้…เขียนถึงคนที่เก่งมากในการยิ้มทั้งที่ไม่ไหว (ปีศาจตัวนั้น)",120230527626540260,2026-05-01,not_delivering,ad,,,,,0,,0,0,,,,,,,,,2026-05-01,2026-05-01
"[04.03.26][ริว] ซึมเศร้า (สัมภาษณ์หมอ) (Trap)",120247192524530260,2026-05-01,not_delivering,ad,,,,,0,,0,0,,,,,,,,,2026-05-01,2026-05-01
"[28.05.25][ริว] หนังสือฮีลใจที่ไม่ได้พูดถึงเรื่องความตาย (Ghostly)",120229647237010260,2026-05-01,inactive,ad,,,,,0,,0,0,,,,,,,,,2026-05-01,2026-05-01
"[31.07.25][ริว] 30 เล่มสุดท้ายส่งจากคลัง (Ghostly)",120234053727950260,2026-05-01,inactive,ad,,,,,0,,0,0,,,,,,,,,2026-05-01,2026-05-01
"[09.09.25][ริว] สบายวันไหน (ปีศาจตัวนั้น)",120236625747970260,2026-05-01,not_delivering,ad,,,,,0,,0,0,,,,,,,,,2026-05-01,2026-05-01
"[20.08.25][ริว] ไม่ใช่ทุกการเปลี่ยนแปลง ที่จะพาไปเจอสิ่งที่แย่กว่า (ปีศาจตัวนั้น)",120235259022440260,2026-05-01,inactive,ad,,,,,0,,0,0,,,,,,,,,2026-05-01,2026-05-01
"[24.07.25][ริว] ไพ่สำรับนี้ดูดวงแม่น (Witches)",120234069113510260,2026-05-01,not_delivering,ad,,,,,0,,0,0,,,,,,,,,2026-05-01,2026-05-01
"[22.08.25][ริว] เสียดาย (Ghostly)",120235433247580260,2026-05-01,not_delivering,ad,,,,,0,,0,0,,,,,,,,,2026-05-01,2026-05-01
"[03.09.25][ริว] เปิดตัวปีศาจ 2 (Demons)",120236022922820260,2026-05-01,not_delivering,ad,,,,,0,,0,0,,,,,,,,,2026-05-01,2026-05-01
"[05.09.25][ริว] 7 สัญญาณที่บอกว่าคุณควรอ่าน (Witches)",120236326026430260,2026-05-01,inactive,ad,,,,,0,,0,0,,,,,,,,,2026-05-01,2026-05-01
"[25.04.26][ริว] ถ้าคุณจากโลกนี้ไป ใครจะเป็นคนที่เศร้าที่สุด AI (Remains)",120247726307580260,2026-05-01,not_delivering,ad,,,,,0,,0,0,,,,,,,,,2026-05-01,2026-05-01
"[12.02.26][ริว] ยอดขาย 10000 เล่ม (Witches)",120244260768190260,2026-05-01,not_delivering,ad,,,,,0,,0,0,,,,,,,,,2026-05-01,2026-05-01
"[04.03.26][ริว] ซึมเศร้า (สัมภาษณ์หมอ) (Trap)",120248070458990260,2026-05-01,not_delivering,ad,การสนทนาผ่านการส่งข้อความที่เริ่มขึ้น,1,214.8,,214.8,,2384,2254,,1,214.8,,10,4.19463087,90.10067114,0,2026-05-01,2026-05-01
"[06.08.25][ริว] มีชีวิตอยู่อย่างโดดเดี่ยว (Ghostly)",120234487658120260,2026-05-01,inactive,ad,,,,,0,,0,0,,,,,,,,,2026-05-01,2026-05-01
"[03.09.25][ริว] เปิดตัวปีศาจ 2 (Demons)",120235947375860260,2026-05-01,inactive,ad,,,,,0,,0,0,,,,,,,,,2026-05-01,2026-05-01
"[27.05.25][ริว] หนังสือที่จะทำให้กลับมารักตัวเอง (ปีศาจตัวนั้น)",120229552924360260,2026-05-01,not_delivering,ad,,,,,0,,0,0,,,,,,,,,2026-05-01,2026-05-01
"[09.09.25][ริว] คะแนนเต็ม 100 อย่างน้อยต้องได้ 9.9 (Demons)",120236832228900260,2026-05-01,inactive,ad,,,,,0,,0,0,,,,,,,,,2026-05-01,2026-05-01
"[23.02.26][ริว] แม่คือคนรับผิดชอบ (Trap)",120245282152870260,2026-05-01,not_delivering,ad,,,,,0,,0,0,,,,,,,,,2026-05-01,2026-05-01
"[30.10.25][ริว] การอยู่คนเดียว (Ghostly)",120239658966680260,2026-05-01,not_delivering,ad,,,,,0,,0,0,,,,,,,,,2026-05-01,2026-05-01
"[03.04.26][ริว] โรคซึมเศร้า AI (Trap)",120248306044790260,2026-05-01,not_delivering,ad,การสนทนาผ่านการส่งข้อความที่เริ่มขึ้น,,,,0,,0,0,,,,,,,,,2026-05-01,2026-05-01
"[04.03.26][ริว] ซึมเศร้า (สัมภาษณ์หมอ) (Trap)",120247120215390260,2026-05-01,active,ad,การสนทนาผ่านการส่งข้อความที่เริ่มขึ้น,,,,191.59,,2309,2176,,,,,11,3.46470333,82.97531399,,2026-05-01,2026-05-01
"[22.07.25][ริว] วันนี้เธอเหนื่อยไหม (Tried)",120234201102450260,2026-05-01,not_delivering,ad,,,,,0,,0,0,,,,,,,,,2026-05-01,2026-05-01
"[22.08.25][ริว] เสียดาย (Ghostly)",120236545678670260,2026-05-01,not_delivering,ad,,,,,0,,0,0,,,,,,,,,2026-05-01,2026-05-01
"[10.03.26][ริว] ซึมเศร้า animation (Trap)",120245730072460260,2026-05-01,not_delivering,ad,,,,,0,,0,0,,,,,,,,,2026-05-01,2026-05-01
"[06.08.25][ริว] คะแนน 9.9/10 (Tried)",120234614620460260,2026-05-01,not_delivering,ad,,,,,0,,0,0,,,,,,,,,2026-05-01,2026-05-01
"[12.02.26][ริว] รักคนอื่น (สัมภาษณ์หมอ) (Trap)",120244521123110260,2026-05-01,not_delivering,ad,,,,,0,,0,0,,,,,,,,,2026-05-01,2026-05-01
"[03.09.25][ริว] สัญญาณที่ควรอ่าน (Demons) (QuickReply)",120236827515110260,2026-05-01,inactive,ad,,,,,0,,0,0,,,,,,,,,2026-05-01,2026-05-01
"[21.10.25][ริว] มีประโยค (Remains)",120239254076640260,2026-05-01,archived,ad,,,,,0,,0,0,,,,,,,,,2026-05-01,2026-05-01
"[25.02.26][ริว] อย่ารอ (Ghostly)",120244936096800260,2026-05-01,not_delivering,ad,,,,,0,,0,0,,,,,,,,,2026-05-01,2026-05-01
"[31.07.25][ริว] 30 เล่มสุดท้ายส่งจากคลัง (Ghostly)",120234482165870260,2026-05-01,not_delivering,ad,,,,,0,,0,0,,,,,,,,,2026-05-01,2026-05-01
"[25.07.25][ริว] อ่านบทแรกก็เสียน้ำตาละ (Ghostly)",120234482420010260,2026-05-01,not_delivering,ad,,,,,0,,0,0,,,,,,,,,2026-05-01,2026-05-01
"[21.05.25][ริว] บอกต่อหนังสือที่เหมือนมีเเพื่อนสนิทคอยให้คำแนะนำอยู่ข้าง ๆ (Witches)",120229036230050260,2026-05-01,inactive,ad,,,,,0,,0,0,,,,,,,,,2026-05-01,2026-05-01
"[09.07.25][ริว] หนังสือกระแสตอบรับดี (Ghostly)",120233369285340260,2026-05-01,inactive,ad,,,,,0,,0,0,,,,,,,,,2026-05-01,2026-05-01
"[06.08.25][ริว] มีชีวิตอยู่อย่างโดดเดี่ยว (ghostly)",120234714246200260,2026-05-01,archived,ad,,,,,0,,0,0,,,,,,,,,2026-05-01,2026-05-01
"[06.08.25][ริว] แค่หนังสือการ์ตูน ทำไมถึงร้องไห้ (Ghostly)",120235868476330260,2026-05-01,not_delivering,ad,,,,,0,,0,0,,,,,,,,,2026-05-01,2026-05-01
"[23.07.25][ริว] เมื่อเข้าสู่วัยทำงาน (Tried)",120233364191330260,2026-05-01,inactive,ad,,,,,0,,0,0,,,,,,,,,2026-05-01,2026-05-01
"[04.03.26][ริว] ซึมเศร้า (สัมภาษณ์หมอ) (Trap)",120245281996940260,2026-05-01,not_delivering,ad,,,,,0,,0,0,,,,,,,,,2026-05-01,2026-05-01
"[06.10.25][ริว] มีประโยคในหนังสือ (Witches) (Reels)",120243124928680260,2026-05-01,not_delivering,ad,,,,,0,,0,0,,,,,,,,,2026-05-01,2026-05-01
"[12.08.25][ริว] แค่อ่านกลับจุกอกร้องไห้ (Witches)",120236028234500260,2026-05-01,not_delivering,ad,,,,,0,,0,0,,,,,,,,,2026-05-01,2026-05-01
"[25.08.25][ริว] ไพ่สำรับนี้ (Witches)",120235664852780260,2026-05-01,archived,ad,,,,,0,,0,0,,,,,,,,,2026-05-01,2026-05-01
"[08.07.25][ริว] หนังสือฮีลใจยอดขายอันดับ1 (Ghostly)",120232411667160260,2026-05-01,inactive,ad,,,,,0,,0,0,,,,,,,,,2026-05-01,2026-05-01
"[25.07.25][ริว] คะแนน9.9/10 (Tried)",120233565128550260,2026-05-01,not_delivering,ad,,,,,0,,0,0,,,,,,,,,2026-05-01,2026-05-01
"[30.08.25][ริว] แค่ประโยคเดียว (Witches)",120235859356220260,2026-05-01,not_delivering,ad,,,,,0,,0,0,,,,,,,,,2026-05-01,2026-05-01
"[12.11.25][ริว] รักตัวเองก่อน (ปีศาจตัวนั้น)",120241544750830260,2026-05-01,archived,ad,,,,,0,,0,0,,,,,,,,,2026-05-01,2026-05-01
"[06.08.25][ริว] หนังสือพัฒนาตัวเอง (Tried)",120234614620440260,2026-05-01,not_delivering,ad,,,,,0,,0,0,,,,,,,,,2026-05-01,2026-05-01
"[11.08.25][ริว] หยุดคิดและทบทวนชีวิต (Ghostly)",120235860737390260,2026-05-01,not_delivering,ad,,,,,0,,0,0,,,,,,,,,2026-05-01,2026-05-01
"[29.09.25][ริว] เริ่มต้นใหม่กับคุณคนเดิม (Demons)",120238217714420260,2026-05-01,not_delivering,ad,,,,,0,,0,0,,,,,,,,,2026-05-01,2026-05-01
"[05.04.26][ริว] Chronic Loneliness ภาวะเหงาเรื้อรังที่รู้สึกโดดเดี่ยวอ้างว้างตลอดเวลา AI (Ghostly)",120246688128040260,2026-05-01,inactive,ad,,,,,0,,0,0,,,,,,,,,2026-05-01,2026-05-01
"[17.03.26][ริว] เพราะในทุกความเกลียด Animation (Remains)",120245712471190260,2026-05-01,not_delivering,ad,,,,,0,,0,0,,,,,,,,,2026-05-01,2026-05-01
"[06.08.25][ริว] มีชีวิตอยู่อย่างโดดเดี่ยว (ghostly)",120235861984290260,2026-05-01,inactive,ad,,,,,0,,0,0,,,,,,,,,2026-05-01,2026-05-01
"[23.02.26][ริว] แม่คือคนรับผิดชอบ (Trap)",120244754862150260,2026-05-01,not_delivering,ad,,,,,0,,0,0,,,,,,,,,2026-05-01,2026-05-01
"[11.09.25][ริว] ระลึกถึงคนที่จากไป (Witches)",120236644251610260,2026-05-01,not_delivering,ad,,,,,0,,0,0,,,,,,,,,2026-05-01,2026-05-01
"[16.01.26][ริว] ประโยคเดียว (Witches)",120244476398100260,2026-05-01,not_delivering,ad,,,,,0,,0,0,,,,,,,,,2026-05-01,2026-05-01
"[19.10.25][ริว] 30 เล่มสุดท้าย (Demons)",120239327145160260,2026-05-01,not_delivering,ad,,,,,0,,0,0,,,,,,,,,2026-05-01,2026-05-01
"[03.11.25][ริว] ความกลัวชนะทุกอย่าง (Demons)",120239860497550260,2026-05-01,not_delivering,ad,,,,,0,,0,0,,,,,,,,,2026-05-01,2026-05-01
"[28.08.25][ริว] ประโยคจากหนังสือ (Tried)",120235811813790260,2026-05-01,not_delivering,ad,,,,,0,,0,0,,,,,,,,,2026-05-01,2026-05-01
"[10.11.25][ริว] E-Book ฮีลใจพัฒนาตัวเอง (E-Book)",120241048471090260,2026-05-01,inactive,ad,,,,,0,,0,0,,,,,,,,,2026-05-01,2026-05-01
"[23.06.25][ริว] ประโยคเดียวในหนังสือที่จะเปลี่ยนชีวิต (Witches) (Reels)",120243032873830260,2026-05-01,not_delivering,ad,,,,,0,,0,0,,,,,,,,,2026-05-01,2026-05-01
"[23.01.26][ริว] เครียดก็เปิดไพ่ (Witches)",120244181162370260,2026-05-01,not_delivering,ad,,,,,0,,0,0,,,,,,,,,2026-05-01,2026-05-01
"[04.03.26][ริว] ซึมเศร้า (สัมภาษณ์หมอ) (Trap)",120247170878200260,2026-05-01,not_delivering,ad,การสนทนาผ่านการส่งข้อความที่เริ่มขึ้น,,,,0,,0,0,,,,,,,,,2026-05-01,2026-05-01
"[25.03.26][ริว] จิตวิทยาของการสูญเสีย เขาบอกไว้ว่า (AI) (Witches)",120246610439560260,2026-05-01,inactive,ad,,,,,0,,0,0,,,,,,,,,2026-05-01,2026-05-01
"[26.11.25][ริว] สวัสดีเหล่าดวงวิญญาณ (Ghostly)",120241100703930260,2026-05-01,inactive,ad,,,,,0,,0,0,,,,,,,,,2026-05-01,2026-05-01
"[01.10.25][ริว] ถ้าวันนี้คือวันสุดท้าย (Ghostly)",120237989860590260,2026-05-01,inactive,ad,,,,,0,,0,0,,,,,,,,,2026-05-01,2026-05-01
"[25.04.26][ริว] ถ้าคุณจากโลกนี้ไป ใครจะเป็นคนที่เศร้าที่สุด AI (Remains)",120248153602410260,2026-05-01,not_delivering,ad,การสนทนาผ่านการส่งข้อความที่เริ่มขึ้น,3,96.61,,289.83,,5877,4197,,3,96.61,,20,3.77743747,49.31597754,0,2026-05-01,2026-05-01
"[20.11.25][ริว] มันจะดีแค่ไหน : Demons (E-Book)",120241048742060260,2026-05-01,inactive,ad,,,,,0,,0,0,,,,,,,,,2026-05-01,2026-05-01
"[23.06.25][ริว] ประโยคเดียวในหนังสือที่จะเปลี่ยนชีวิต (Witches)",120243129431930260,2026-05-01,not_delivering,ad,,,,,0,,0,0,,,,,,,,,2026-05-01,2026-05-01
"[03.12.25][ริว] หนักมากไหมลูก (Remains)",120241905903140260,2026-05-01,inactive,ad,,,,,0,,0,0,,,,,,,,,2026-05-01,2026-05-01
"[18.09.25][ริว] หยุดพูดแย่ๆกับตัวเอง (Witches)",120237033777150260,2026-05-01,not_delivering,ad,,,,,0,,0,0,,,,,,,,,2026-05-01,2026-05-01
"[25.07.25][ริว] คะแนน9.9/10 (Tried)",120234054213040260,2026-05-01,not_delivering,ad,,,,,0,,0,0,,,,,,,,,2026-05-01,2026-05-01
"[13.11.25][ริว] 30 Boxset สุดท้าย (Witches)",120241902305340260,2026-05-01,inactive,ad,,,,,0,,0,0,,,,,,,,,2026-05-01,2026-05-01
"[25.11.25][ริว] ซิ่ง Black Friday (Promotion)",120241085854320260,2026-05-01,inactive,ad,,,,,0,,0,0,,,,,,,,,2026-05-01,2026-05-01
"[04.03.26][ริว] ซึมเศร้า (สัมภาษณ์หมอ) (Trap)",120248306192370260,2026-05-01,not_delivering,ad,การสนทนาผ่านการส่งข้อความที่เริ่มขึ้น,,,,0,,0,0,,,,,,,,,2026-05-01,2026-05-01
"[25.02.26][ริว] อย่ารอ (Ghostly)",120244781966480260,2026-05-01,not_delivering,ad,,,,,0,,0,0,,,,,,,,,2026-05-01,2026-05-01
"[25.08.25][ริว] ไพ่สำรับนี้ (Witches)",120237444474820260,2026-05-01,not_delivering,ad,,,,,0,,0,0,,,,,,,,,2026-05-01,2026-05-01
"[11.12.25][ริว] เติมของ (Ghostly)",120243608026980260,2026-05-01,inactive,ad,,,,,0,,0,0,,,,,,,,,2026-05-01,2026-05-01
"[16.01.26][ริว] นี่ไม่ใช่ไพ่ทำนายดวง (Witches)",120244007542930260,2026-05-01,not_delivering,ad,,,,,0,,0,0,,,,,,,,,2026-05-01,2026-05-01
"[03.12.25][ริว] หนักมากไหมลูก (Remains)",120241545629480260,2026-05-01,inactive,ad,,,,,0,,0,0,,,,,,,,,2026-05-01,2026-05-01
"[04.03.26][ริว] ซึมเศร้า (สัมภาษณ์หมอ) (Trap) (Sale)",120245333057320260,2026-05-01,not_delivering,ad,การซื้อบนเว็บไซต์,,,,0,,0,0,,,,,,,,,2026-05-01,2026-05-01
"[10.03.26][ริว] ซึมเศร้า animation (Trap)",120245970610420260,2026-05-01,not_delivering,ad,,,,,0,,0,0,,,,,,,,,2026-05-01,2026-05-01
"[01.04.26][ริว] เลิกควบคุมสิ่งที่ควมคุมไม่ได้ (AI) (Trap)",120247713767470260,2026-05-01,not_delivering,ad,การสนทนาผ่านการส่งข้อความที่เริ่มขึ้น,,,,0,,0,0,,,,,,,,,2026-05-01,2026-05-01
"[16.02.26][ริว] รีสต็อก (Ghostly)",120244429255730260,2026-05-01,not_delivering,ad,,,,,0,,0,0,,,,,,,,,2026-05-01,2026-05-01
"[12.08.25][ริว] แค่อ่านกลับจุกอกร้องไห้ (Witches)",120235185759700260,2026-05-01,not_delivering,ad,,,,,0,,0,0,,,,,,,,,2026-05-01,2026-05-01
"[27.04.26][ริว] สิ่งสุดท้ายที่อยากพูดก่อนตาย AI (Ghostly)",120247727060460260,2026-05-01,not_delivering,ad,,,,,0,,0,0,,,,,,,,,2026-05-01,2026-05-01
"[18.04.26][ริว] ของมันต้องมี! Boxset ที่จะเสกทุกปัญหาให้หายไป (Witches)",120247315530620260,2026-05-01,inactive,ad,,,,,0,,0,0,,,,,,,,,2026-05-01,2026-05-01
"[06.02.26][ริว] อกตัญญู (สัมภาษณ์นักเขียน) (Trap)",120244016026400260,2026-05-01,not_delivering,ad,,,,,0,,0,0,,,,,,,,,2026-05-01,2026-05-01
"[06.08.25][ริว] สัญญาณที่บอกว่าคุณต้องพัก (Tried)",120234614620400260,2026-05-01,not_delivering,ad,,,,,0,,0,0,,,,,,,,,2026-05-01,2026-05-01
"[21.05.25][ริว] ถ้าโลกมันแย่ แค่คิดแบบคาปิบาร่า (Capybara_Boxset)",120229239306030260,2026-05-01,inactive,ad,,,,,0,,0,0,,,,,,,,,2026-05-01,2026-05-01
"[23.02.26][ริว] แม่คือคนรับผิดชอบ (Trap)",120245754871840260,2026-05-01,not_delivering,ad,,,,,0,,0,0,,,,,,,,,2026-05-01,2026-05-01
"[23.04.26][ริว] Smiling depression ภาวะซึมเศร้าที่ซ่อนอยู่ใต้รอยยิ้ม AI (Trap)",120248306256850260,2026-05-01,not_delivering,ad,การสนทนาผ่านการส่งข้อความที่เริ่มขึ้น,,,,0,,0,0,,,,,,,,,2026-05-01,2026-05-01
"[31.10.25][ริว] อ่านแล้วหายเหนื่อย (Tried)",120245837637290260,2026-05-01,not_delivering,ad,,,,,0,,0,0,,,,,,,,,2026-05-01,2026-05-01
"[23.03.26][ริว] ถ้าคืนนี้เป็นคืนสุดท้าย (AI) (Ghostly)",120245967919670260,2026-05-01,inactive,ad,,,,,0,,0,0,,,,,,,,,2026-05-01,2026-05-01
"[28.06.25][ริว] ถ้าคืนนี้เป็นคืนสุดท้ายของคุณ (Ghostly)",120231818781380260,2026-05-01,archived,ad,,,,,0,,0,0,,,,,,,,,2026-05-01,2026-05-01
"[01.10.25][ริว] ถ้าวันนี้คือวันสุดท้าย (Ghostly)",120238129944850260,2026-05-01,not_delivering,ad,,,,,0,,0,0,,,,,,,,,2026-05-01,2026-05-01
"[16.01.26][ริว] ประโยคเดียว (Witches)",120243923601300260,2026-05-01,not_delivering,ad,,,,,0,,0,0,,,,,,,,,2026-05-01,2026-05-01
"[01.04.26][ริว] เลิกควบคุมสิ่งที่ควมคุมไม่ได้ (AI) (Trap) - สำเนา",120246786653320260,2026-05-01,not_delivering,ad,,,,,0,,0,0,,,,,,,,,2026-05-01,2026-05-01
"[03.11.25][ริว] แค่ประโยคเดียว (Witches)",120240098203330260,2026-05-01,inactive,ad,,,,,0,,0,0,,,,,,,,,2026-05-01,2026-05-01
"[06.08.25][ริว] กลับมารักตัวเอง (Ghostly)",120234741315370260,2026-05-01,not_delivering,ad,,,,,0,,0,0,,,,,,,,,2026-05-01,2026-05-01
"[02.03.26][ริว] รู้สึกผิดใจเติบโต (สัมภาษณ์หมอ) (Trap)",120245091183340260,2026-05-01,not_delivering,ad,,,,,0,,0,0,,,,,,,,,2026-05-01,2026-05-01
"[01.04.26][ริว] เลิกควบคุมสิ่งที่ควมคุมไม่ได้ (AI) (Trap)",120246607018800260,2026-05-01,not_delivering,ad,,,,,0,,0,0,,,,,,,,,2026-05-01,2026-05-01
"[16.02.26][ริว] ปล่อยทุกความเจ็บปวด (Remains)",120244429303060260,2026-05-01,not_delivering,ad,,,,,0,,0,0,,,,,,,,,2026-05-01,2026-05-01
"[12.02.26][ริว] คนดีมักรู้สึกผิด (Trap) (Sale)",120244929870880260,2026-05-01,not_delivering,ad,,,,,0,,0,0,,,,,,,,,2026-05-01,2026-05-01
"[29.03.26][ริว] วิธีรับมือโรคแพนิค (AI) (Trap)",120246309422880260,2026-05-01,not_delivering,ad,,,,,0,,0,0,,,,,,,,,2026-05-01,2026-05-01
"[10.03.26][ริว] ซึมเศร้า animation (Trap)",120245622721290260,2026-05-01,not_delivering,ad,,,,,0,,0,0,,,,,,,,,2026-05-01,2026-05-01
"[18.07.25][ริว] ประโยคจุกอก (Ghostly)",120233148964470260,2026-05-01,inactive,ad,,,,,0,,0,0,,,,,,,,,2026-05-01,2026-05-01
"[23.09.25][ริว] PayDay : Boxset+Book 799.- (Promotion)",120237385023690260,2026-05-01,not_delivering,ad,,,,,0,,0,0,,,,,,,,,2026-05-01,2026-05-01
"[04.03.26][ริว] ซึมเศร้า (สัมภาษณ์หมอ) (Trap)",120247577627700260,2026-05-01,not_delivering,ad,การสนทนาผ่านการส่งข้อความที่เริ่มขึ้น,,,,0,,0,0,,,,,,,,,2026-05-01,2026-05-01
"[12.02.26][ริว] คนดีมักรู้สึกผิด (Trap)",120244268529140260,2026-05-01,not_delivering,ad,,,,,0,,0,0,,,,,,,,,2026-05-01,2026-05-01
"[24.01.26][ริว] แม้ไม่มีโอกาส (Demons) (Reels)",120243542110310260,2026-05-01,not_delivering,ad,,,,,0,,0,0,,,,,,,,,2026-05-01,2026-05-01
"[04.03.26][ริว] ซึมเศร้า (สัมภาษณ์หมอ) (Trap)",120246075840090260,2026-05-01,not_delivering,ad,,,,,0,,0,0,,,,,,,,,2026-05-01,2026-05-01
"[28.06.25][ริว] รู้สึกดีไม่พอ จนอยากหายไปจากโลก (Embrace)",120231822520030260,2026-05-01,inactive,ad,,,,,0,,0,0,,,,,,,,,2026-05-01,2026-05-01
