ชื่อโฆษณา,"ID โฆษณา",วัน,สถานะการแสดงโฆษณา,ระดับการแสดงโฆษณา,ประเภทผลลัพธ์,ผลลัพธ์,ต้นทุนต่อผลลัพธ์,ค่าคอนเวอร์ชั่นการซื้อ,"จำนวนเงินที่ใช้จ่ายไป (THB)","ROAS (ผลตอบแทนจากค่าใช้จ่ายในการโฆษณา) ของการซื้อ",อิมเพรสชัน,การเข้าถึง,การซื้อ,การสนทนาผ่านการส่งข้อความที่เริ่มขึ้น,ต้นทุนต่อการเริ่มการสนทนาผ่านการส่งข้อความ,คำสั่งซื้อที่สร้างขึ้น,การคลิกลิงก์,"CTR (ทั้งหมด)","CPM (ต้นทุนต่ออิมเพรสชั่น 1,000 ครั้ง)","%CVR (META)",เริ่มการรายงาน,สิ้นสุดการรายงาน
,,,,,mixed,,,19955,19504.68,1.02308779,210814,120579,48,127,153.58015748,56,829,3.45565285,92.52080033,0.37795276,2026-05-01,2026-05-04
"[21.09.24] [มิ้น] คนเราแตกสลายได้กี่ครั้ง",120215811548360260,2026-05-04,not_delivering,ad,,,,,0,,0,0,,,,,,,,,2026-05-04,2026-05-04
"[21.09.24] [มิ้น] คนเราแตกสลายได้กี่ครั้ง",120216713189210260,2026-05-04,not_delivering,ad,,,,,0,,0,0,,,,,,,,,2026-05-04,2026-05-04
"[13.06.25][มิ้น] หนังสือที่น่าซื้อที่สุดในปฐพี (Witches)",120230769406070260,2026-05-04,inactive,ad,,,,,0,,0,0,,,,,,,,,2026-05-04,2026-05-04
"[17.09.25][มิ้น] การมีชีวิตที่โดดเดี่ยว (Ghostly)",120237845256810260,2026-05-04,inactive,ad,,,,,0,,0,0,,,,,,,,,2026-05-04,2026-05-04
"[12.08.25][มิ้น] ควรอ่านเล่มนี้ถ้าคุณ (Witches)",120235148632120260,2026-05-04,not_delivering,ad,,,,,0,,0,0,,,,,,,,,2026-05-04,2026-05-04
"[03.09.25][มิ้น] หนังเล่มใหม่ที่อานแล้วน้ำตาซึม (Demons)",120236324479760260,2026-05-04,not_delivering,ad,,,,,0,,0,0,,,,,,,,,2026-05-04,2026-05-04
"[21.09.24] [มิ้น] คนเราแตกสลายได้กี่ครั้ง",120215723178940260,2026-05-04,inactive,ad,,,,,0,,0,0,,,,,,,,,2026-05-04,2026-05-04
"[23.05.25][มิ้น] Payday May (Promotion_Payday)",120229263233770260,2026-05-04,not_delivering,ad,,,,,0,,0,0,,,,,,,,,2026-05-04,2026-05-04
"[02.06.25][มิ้น] หนังสือที่ดูดวงได้ (Witches)",120229859418130260,2026-05-04,inactive,ad,,,,,0,,0,0,,,,,,,,,2026-05-04,2026-05-04
"[20.08.25][มิ้น] ประโยคที่อ่านแล้วน้ำตาซึม (ปีศาจตัวนั้น)",120235258962660260,2026-05-04,not_delivering,ad,,,,,0,,0,0,,,,,,,,,2026-05-04,2026-05-04
"[02.06.25][มิ้น] รีแอค ขมิ้น (Ghostly)",120232523446420260,2026-05-04,not_delivering,ad,,,,,0,,0,0,,,,,,,,,2026-05-04,2026-05-04
"[25.07.25][มิ้น] ข้อความแรกของวัน (Kiwtum)",120233512263340260,2026-05-04,archived,ad,,,,,0,,0,0,,,,,,,,,2026-05-04,2026-05-04
"[08.07.25][มิ้น] หนังสือทะเล (Embrace)",120234400134080260,2026-05-04,inactive,ad,,,,,0,,0,0,,,,,,,,,2026-05-04,2026-05-04
"[03.09.25][มิ้น] หนังเล่มใหม่ที่อานแล้วน้ำตาซึม (Demons)",120236358963740260,2026-05-04,not_delivering,ad,,,,,0,,0,0,,,,,,,,,2026-05-04,2026-05-04
"[02.09.24] [มิ้น] 5 ข้อคิดลบกับตัวเอง (Helmet_Boxset)",120215258457330260,2026-05-04,inactive,ad,,,,,0,,0,0,,,,,,,,,2026-05-04,2026-05-04
"[12.11.24] [มิ้น] 2 หนังสือเล่มใหม่ที่ถูกเขียนด้วยน้ำตา แพ็กคู่ 529",120216989642050260,2026-05-04,not_delivering,ad,,,,,0,,0,0,,,,,,,,,2026-05-04,2026-05-04
"[17.08.24] [มิ้น] เหนื่อยแค่ไหนก็ฮีลใจตัวเองเป็น",120214814651560260,2026-05-04,inactive,ad,,,,,0,,0,0,,,,,,,,,2026-05-04,2026-05-04
"[21.09.24] [มิ้น] คนเราแตกสลายได้กี่ครั้ง",120217554942560260,2026-05-04,not_delivering,ad,,,,,0,,0,0,,,,,,,,,2026-05-04,2026-05-04
"[22.08.25][มิ้น] 3 เหตุผล ที่ต้องอ่าน (Ghostly)",120235868586480260,2026-05-04,not_delivering,ad,,,,,0,,0,0,,,,,,,,,2026-05-04,2026-05-04
"[10.01.25] [มิ้น] หากคุณกำลังแตกสลาย (Embrace)",120218485516510260,2026-05-04,not_delivering,ad,,,,,0,,0,0,,,,,,,,,2026-05-04,2026-05-04
"[07.08.25][มิ้น] เล่มใหม่ล่าสุด (Tried)",120234506727130260,2026-05-04,not_delivering,ad,,,,,0,,0,0,,,,,,,,,2026-05-04,2026-05-04
"[22.07.25][มิ้น] 5 สัญญาณที่บอกว่าเราเครียด (Tried)",120233222467930260,2026-05-04,not_delivering,ad,,,,,0,,0,0,,,,,,,,,2026-05-04,2026-05-04
"[30.03.25][มิ้น] แกล้งทำเป็นมั่นใจ (Witches)",120223303945480260,2026-05-04,inactive,ad,,,,,0,,0,0,,,,,,,,,2026-05-04,2026-05-04
"[07.10.25][มิ้น] ชอบคนใจดี (Ghostly)",120239036662700260,2026-05-04,not_delivering,ad,,,,,0,,0,0,,,,,,,,,2026-05-04,2026-05-04
"[09.09.25][มิ้น] วันนี้เหนื่อยใช่ไหม (Tried)",120236547035940260,2026-05-04,inactive,ad,,,,,0,,0,0,,,,,,,,,2026-05-04,2026-05-04
"[11.02.25][มิ้น] สัมภาษณ์คุณปั๊ม คิ้วต่ำ (Kiwtum)",120221329463410260,2026-05-04,not_delivering,ad,,,,,0,,0,0,,,,,,,,,2026-05-04,2026-05-04
"[15.10.24] [มิ้น] จุดเปลี่ยนของชีวิต (Life)",120216294310900260,2026-05-04,not_delivering,ad,,,,,0,,0,0,,,,,,,,,2026-05-04,2026-05-04
"[22.05.25][มิ้น] จะเป็นยังไง! เมื่อคนที่หมดแพชชัน  ต้องไปเป็นที่ปรึกษาให้เหล่าดวงวิญญาณ (Ghostly)",120229087924610260,2026-05-04,inactive,ad,,,,,0,,0,0,,,,,,,,,2026-05-04,2026-05-04
"[07.03.25][มิ้น] สัมภาษณ์คุณเม เล่มใหม่ล่าสุด (Witches)",120222165219910260,2026-05-04,not_delivering,ad,,,,,0,,0,0,,,,,,,,,2026-05-04,2026-05-04
"[04.12.24] [มิ้น] 5 เทคนิคเก็บเงินง่ายๆ (Million)",120217524655750260,2026-05-04,inactive,ad,,,,,0,,0,0,,,,,,,,,2026-05-04,2026-05-04
"[02.09.24] [มิ้น] น้ำหยดลงหินทุกวัน",120215197500950260,2026-05-04,inactive,ad,,,,,0,,0,0,,,,,,,,,2026-05-04,2026-05-04
"[17.06.25][มิ้น] คุณเคยเสียดายอะไรมั้ย (Ghostly)",120231111152920260,2026-05-04,inactive,ad,,,,,0,,0,0,,,,,,,,,2026-05-04,2026-05-04
"[23.10.24] [มิ้น] โดนตกจากประโยคหลังปก (Life)",120216499891260260,2026-05-04,not_delivering,ad,,,,,0,,0,0,,,,,,,,,2026-05-04,2026-05-04
"[24.03.25][มิ้น] 5 ข้อคิดที่ได้จากหนังสือ (Gift)",120222717828890260,2026-05-04,inactive,ad,,,,,0,,0,0,,,,,,,,,2026-05-04,2026-05-04
"[13.03.25][มิ้น] Mid Month จับคู่ 2 Boxset 990.- (Promotion_MM)",120222131623830260,2026-05-04,inactive,ad,,,,,0,,0,0,,,,,,,,,2026-05-04,2026-05-04
"[13.08.25][มิ้น] แม้คนในครอบครัวจะจากไป (ปีศาจตัวนั้น)",120234820747350260,2026-05-04,not_delivering,ad,,,,,0,,0,0,,,,,,,,,2026-05-04,2026-05-04
"[30.04.25][มิ้น] จากใจนักเขียน “คิ้วต่ำ” (Kiwtum)",120227299089800260,2026-05-04,inactive,ad,,,,,0,,0,0,,,,,,,,,2026-05-04,2026-05-04
"[22.07.25][มิ้น] เล่มใหม่ออกมาอีกแล้ว (Tried)",120233014563510260,2026-05-04,inactive,ad,,,,,0,,0,0,,,,,,,,,2026-05-04,2026-05-04
"[06.09.24] [มิ้น] โปรโมชั่น 9.9 flow ใหม่",120215379950760260,2026-05-04,inactive,ad,,,,,0,,0,0,,,,,,,,,2026-05-04,2026-05-04
"[13.08.25][มิ้น] โคตรจะชอบประโยคนี้ (Witches)",120234825730700260,2026-05-04,inactive,ad,,,,,0,,0,0,,,,,,,,,2026-05-04,2026-05-04
"[22.05.25][มิ้น] หนังสือใหม่ออกมาอีกละ!!! (Ghostly)",120229079814190260,2026-05-04,inactive,ad,,,,,0,,0,0,,,,,,,,,2026-05-04,2026-05-04
"[23.07.25][มิ้น] อ่านแล้วหายเหนื่อย (Tried)",120234719088420260,2026-05-04,not_delivering,ad,,,,,0,,0,0,,,,,,,,,2026-05-04,2026-05-04
"[29.10.24] [มิ้น] อาจจะเป็นเพราะความรักเป็นสิ่งที่หอมหวาน (ปีศาจความรัก)",120216650233680260,2026-05-04,not_delivering,ad,,,,,0,,0,0,,,,,,,,,2026-05-04,2026-05-04
"[11.02.25][มิ้น] สัมภาษณ์คุณปั๊ม คิ้วต่ำ (Kiwtum)",120221001878400260,2026-05-04,not_delivering,ad,,,,,0,,0,0,,,,,,,,,2026-05-04,2026-05-04
"[11.10.25][มิ้น] ถ้าวันไหนไม่มีใครเข้าใจ (Tried)",120238409069070260,2026-05-04,not_delivering,ad,,,,,0,,0,0,,,,,,,,,2026-05-04,2026-05-04
"[04.12.24] [มิ้น] 5 เทคนิคเก็บเงินง่ายๆ (Million)",120217524670740260,2026-05-04,not_delivering,ad,,,,,0,,0,0,,,,,,,,,2026-05-04,2026-05-04
"[08.09.25][มิ้น] 5 ข้อคิดจากหนังสือ (Demons)",120236832228880260,2026-05-04,inactive,ad,,,,,0,,0,0,,,,,,,,,2026-05-04,2026-05-04
"[24.12.24] [มิ้น] Payday นี้รวมแพ็กฮีลใจเล่มใหม่ (Promotion_Payday)",120218079584100260,2026-05-04,not_delivering,ad,,,,,0,,0,0,,,,,,,,,2026-05-04,2026-05-04
"[04.12.24] [มิ้น] 5 เทคนิคเก็บเงินง่ายๆ (Million)",120217524662290260,2026-05-04,inactive,ad,,,,,0,,0,0,,,,,,,,,2026-05-04,2026-05-04
"[03.09.25][มิ้น] หนังเล่มใหม่ที่อานแล้วน้ำตาซึม (Demons)",120236358963800260,2026-05-04,not_delivering,ad,,,,,0,,0,0,,,,,,,,,2026-05-04,2026-05-04
"[06.08.25][มิ้น] วันไหนไม่ไหว แวะมาอ่าน (Tried)",120234613000220260,2026-05-04,not_delivering,ad,,,,,0,,0,0,,,,,,,,,2026-05-04,2026-05-04
"[11.02.25][มิ้น] สัมภาษณ์คุณปั๊ม คิ้วต่ำ (Kiwtum)",120221825510110260,2026-05-04,inactive,ad,,,,,0,,0,0,,,,,,,,,2026-05-04,2026-05-04
"[17.03.25][มิ้น] การ์ดอยากบอกอะไรคุณ (Witches)",120222333547920260,2026-05-04,not_delivering,ad,,,,,0,,0,0,,,,,,,,,2026-05-04,2026-05-04
"[12.08.25][มิ้น] ประโยคนี้โคตรจริง (Witches)",120234722397390260,2026-05-04,inactive,ad,,,,,0,,0,0,,,,,,,,,2026-05-04,2026-05-04
"[07.10.24] [มิ้น] หมูเด้งดังแล้ว อย่าลืมคาปิบาร่า (คาปิบาร่า_box set)",120216121992430260,2026-05-04,inactive,ad,,,,,0,,0,0,,,,,,,,,2026-05-04,2026-05-04
"[12.08.25][มิ้น] ควรอ่านเล่มนี้ถ้าคุณ (Witches)",120234722299570260,2026-05-04,inactive,ad,,,,,0,,0,0,,,,,,,,,2026-05-04,2026-05-04
"[22.10.25][มิ้น] หนังสือได้ออกทีวี (Demons)",120239112704950260,2026-05-04,inactive,ad,,,,,0,,0,0,,,,,,,,,2026-05-04,2026-05-04
"[12.08.25][มิ้น] ควรอ่านเล่มนี้ถ้าคุณ (Witches)",120235162743250260,2026-05-04,not_delivering,ad,,,,,0,,0,0,,,,,,,,,2026-05-04,2026-05-04
"[29.09.25][มิ้น] ปีศาจใหม่มันกลับมาอีกแล้ว (Demons)",120238434730060260,2026-05-04,not_delivering,ad,,,,,0,,0,0,,,,,,,,,2026-05-04,2026-05-04
"[11.02.25][มิ้น] Unboxing new book (Kiwtum)",120219869227640260,2026-05-04,not_delivering,ad,,,,,0,,0,0,,,,,,,,,2026-05-04,2026-05-04
"[25.03.25][มิ้น] บทที่ 25 ขอบคุณสำหรับทุกอย่างที่ผ่านมา (Embrace)",120222718080890260,2026-05-04,inactive,ad,,,,,0,,0,0,,,,,,,,,2026-05-04,2026-05-04
"[21.01.25] [มิ้น] สถานที่ที่ปลอดภัยที่สุด (Home)",120218669503520260,2026-05-04,not_delivering,ad,,,,,0,,0,0,,,,,,,,,2026-05-04,2026-05-04
"[05.08.25][มิ้น] ไม่เคยให้กำลังใจตัวเอง (Home)",120234400989730260,2026-05-04,not_delivering,ad,,,,,0,,0,0,,,,,,,,,2026-05-04,2026-05-04
"[19.11.24] [มิ้น] เพราะส่วนลึกที่สุดของทะเล (โอบกอด)",120217502402920260,2026-05-04,not_delivering,ad,,,,,0,,0,0,,,,,,,,,2026-05-04,2026-05-04
"[14.07.25][มิ้น] 5 สัญญาณ Toxic (Ghostly)",120232821171750260,2026-05-04,inactive,ad,,,,,0,,0,0,,,,,,,,,2026-05-04,2026-05-04
"[23.10.24] [มิ้น] โดนตกจากประโยคหลังปก (Life)",120216829371800260,2026-05-04,not_delivering,ad,,,,,0,,0,0,,,,,,,,,2026-05-04,2026-05-04
"[01.12.25][มิ้น] 5 ประโยคจุกอก (ปีศาจตัวนั้น)",120241544750870260,2026-05-04,archived,ad,,,,,0,,0,0,,,,,,,,,2026-05-04,2026-05-04
"[04.10.24] [มิ้น] ถ้าวันนี้เป็นวันสุดท้าย คุณจะทำอะไร? (Ghost)",120216040197210260,2026-05-04,not_delivering,ad,,,,,0,,0,0,,,,,,,,,2026-05-04,2026-05-04
"[11.06.25][มิ้น] ชายคนหนึ่งตกหลุมรักสาวใบ้ (Ghostly)",120232158783980260,2026-05-04,not_delivering,ad,,,,,0,,0,0,,,,,,,,,2026-05-04,2026-05-04
"[27.11.25][มิ้น] ตอบคอมเมนต์ อ่านเล่ม 2 เลยได้ไหม (Demons)",120241143672550260,2026-05-04,inactive,ad,,,,,0,,0,0,,,,,,,,,2026-05-04,2026-05-04
"[02.06.25][มิ้น] รีแอค ขมิ้น (Ghostly)",120231946918740260,2026-05-04,inactive,ad,,,,,0,,0,0,,,,,,,,,2026-05-04,2026-05-04
"[03.05.25][มิ้น] 5.5 จัดโปร Boxset ฮีลใจ 555.- (Promotion_DD)",120227797678280260,2026-05-04,inactive,ad,,,,,0,,0,0,,,,,,,,,2026-05-04,2026-05-04
"[13.11.24] [มิ้น] แยกย้ายไปเติบโต (โอบกอด)",120216996665780260,2026-05-04,inactive,ad,,,,,0,,0,0,,,,,,,,,2026-05-04,2026-05-04
"[21.09.24] [มิ้น] คนเราแตกสลายได้กี่ครั้ง",120216668670730260,2026-05-04,not_delivering,ad,,,,,0,,0,0,,,,,,,,,2026-05-04,2026-05-04
"[24.10.24] [มิ้น] Payday นี้ เทโปรแรง จนขนลุก",120216536721530260,2026-05-04,not_delivering,ad,,,,,0,,0,0,,,,,,,,,2026-05-04,2026-05-04
"[10.09.25][มิ้น] เคยไหม แพ้เสียงในหัวตัวเอง (Demons)",120236625806110260,2026-05-04,not_delivering,ad,,,,,0,,0,0,,,,,,,,,2026-05-04,2026-05-04
"[10.12.24] [มิ้น] 12.12 แจกสุขส่งท้ายปี",120217673365280260,2026-05-04,archived,ad,,,,,0,,0,0,,,,,,,,,2026-05-04,2026-05-04
"[03.09.25][มิ้น] อยากให้ทุกคนอ่าน (Ghostly)",120236575412200260,2026-05-04,not_delivering,ad,,,,,0,,0,0,,,,,,,,,2026-05-04,2026-05-04
"[21.09.24] [มิ้น] คนเราแตกสลายได้กี่ครั้ง",120216689813040260,2026-05-04,not_delivering,ad,,,,,0,,0,0,,,,,,,,,2026-05-04,2026-05-04
"[23.10.24] [มิ้น] โดนตกจากประโยคหลังปก (Life)",120216576737330260,2026-05-04,not_delivering,ad,,,,,0,,0,0,,,,,,,,,2026-05-04,2026-05-04
"[13.11.24] [มิ้น] การเป็นตัวเองทำให้รู้สึกไม่มั่นใจ (Helmet_Boxset)",120216996599520260,2026-05-04,not_delivering,ad,,,,,0,,0,0,,,,,,,,,2026-05-04,2026-05-04
"[06.03.26][มิ้น] บทที่ 8 เราต่างกันเกินไป (Embrace)",120245219215280260,2026-05-04,not_delivering,ad,,,,,0,,0,0,,,,,,,,,2026-05-04,2026-05-04
"[21.09.24] [มิ้น] คนเราแตกสลายได้กี่ครั้ง",120217430655790260,2026-05-04,not_delivering,ad,,,,,0,,0,0,,,,,,,,,2026-05-04,2026-05-04
"[21.01.25] [มิ้น] สถานที่ที่ปลอดภัยที่สุด (Home)",120218668178870260,2026-05-04,not_delivering,ad,,,,,0,,0,0,,,,,,,,,2026-05-04,2026-05-04
"[07.06.25][มิ้น] หนังสือใหม่กลิ่นหอมมาก (Ghostly)",120230120421370260,2026-05-04,inactive,ad,,,,,0,,0,0,,,,,,,,,2026-05-04,2026-05-04
"[09.07.25][มิ้น] วันไหนที่ใจแข็งแรงดอกไม้จะผลิบาน (Garden_เล่มเดี่ยว)",120232526677800260,2026-05-04,not_delivering,ad,,,,,0,,0,0,,,,,,,,,2026-05-04,2026-05-04
"[21.03.25][มิ้น] Unboxing newbook (Gift)",120222457757270260,2026-05-04,inactive,ad,,,,,0,,0,0,,,,,,,,,2026-05-04,2026-05-04
"[09.07.25][มิ้น] รีวิวไม่อวย 8/10 (Ghostly)",120233369040150260,2026-05-04,inactive,ad,,,,,0,,0,0,,,,,,,,,2026-05-04,2026-05-04
"[03.03.26][มิ้น] ไม่เคยร้องไห้กับหนังสือจนมาเจอ 2 เล่มนี้ (Ghostly) (Remains)",120247427758590260,2026-05-04,inactive,ad,การสนทนาผ่านการส่งข้อความที่เริ่มขึ้น,,,,0,,0,0,,,,,,,,,2026-05-04,2026-05-04
"[07.03.25][มิ้น] วันนี้คุณเหนื่อยไหม (Embrace)",120221523412410260,2026-05-04,inactive,ad,,,,,0,,0,0,,,,,,,,,2026-05-04,2026-05-04
"[02.04.26][มิ้น] อย่าปล่อยให้อีโก้ (Trap)",120247605233680260,2026-05-04,not_delivering,ad,การสนทนาผ่านการส่งข้อความที่เริ่มขึ้น,,,,0,,0,0,,,,,,,,,2026-05-04,2026-05-04
"[19.11.24] [มิ้น] เพราะส่วนลึกที่สุดของทะเล (โอบกอด)",120217908371210260,2026-05-04,inactive,ad,,,,,0,,0,0,,,,,,,,,2026-05-04,2026-05-04
"[02.04.26][มิ้น] อย่าปล่อยให้อีโก้ (Trap)",120248070542200260,2026-05-04,not_delivering,ad,การสนทนาผ่านการส่งข้อความที่เริ่มขึ้น,,,,0,,0,0,,,,,,,,,2026-05-04,2026-05-04
"[02.05.26][มิ้น] มองปัญหาให้เป็นการเรียนรู้ (Witches)",120248232571620260,2026-05-04,not_delivering,ad,การสนทนาผ่านการส่งข้อความที่เริ่มขึ้น,1,143.61,,143.61,,1116,939,,1,143.61,,12,2.86738351,128.6827957,0,2026-05-04,2026-05-04
"[11.03.26][มิ้น] ฉันจะมีชีวิตที่ดี (Kidmakk)",120245422532230260,2026-05-04,not_delivering,ad,,,,,0,,0,0,,,,,,,,,2026-05-04,2026-05-04
"[11.02.25][มิ้น] สัมภาษณ์คุณปั๊ม คิ้วต่ำ (Kiwtum)",120220060200360260,2026-05-04,inactive,ad,,,,,0,,0,0,,,,,,,,,2026-05-04,2026-05-04
"[03.03.26][มิ้น] ไม่เคยร้องไห้กับหนังสือจนมาเจอ 2 เล่มนี้ (Ghostly) (Remains)",120246033749230260,2026-05-04,not_delivering,ad,,,,,0,,0,0,,,,,,,,,2026-05-04,2026-05-04
"[11.12.24] [มิ้น] Unbox นี่คือหนังสือสรุปการเงินที่เข้าใจง่าย (Million)",120217743316290260,2026-05-04,inactive,ad,,,,,0,,0,0,,,,,,,,,2026-05-04,2026-05-04
"[17.02.26][มิ้น] 20 เล่มลายเซ็น (Trap)",120244506815120260,2026-05-04,not_delivering,ad,,,,,0,,0,0,,,,,,,,,2026-05-04,2026-05-04
"[24.07.25][มิ้น] ฝนตกแบบนี้ยังมีไปรษณีย์มาส่ง (Ghostly)",120233475158630260,2026-05-04,not_delivering,ad,,,,,0,,0,0,,,,,,,,,2026-05-04,2026-05-04
"[29.03.26][มิ้น] เล่มลายเซ็นนักเขียนหมึกซึม (Ghostly) (Remains)",120246468504980260,2026-05-04,not_delivering,ad,,,,,0,,0,0,,,,,,,,,2026-05-04,2026-05-04
"[09.09.25][มิ้น] ประโยคนี้เตือนสติ (Witches)",120236551109280260,2026-05-04,not_delivering,ad,,,,,0,,0,0,,,,,,,,,2026-05-04,2026-05-04
"[21.03.25][มิ้น] Unboxing newbook (Gift)",120222451540920260,2026-05-04,inactive,ad,,,,,0,,0,0,,,,,,,,,2026-05-04,2026-05-04
"[17.03.25][มิ้น] การ์ดอยากบอกอะไรคุณ (Witches)",120222281364600260,2026-05-04,inactive,ad,,,,,0,,0,0,,,,,,,,,2026-05-04,2026-05-04
"[21.01.25] [มิ้น] Unboxing หนังสือฮีลใจเล่มใหม่ 2025 (Home)",120218671600690260,2026-05-04,not_delivering,ad,,,,,0,,0,0,,,,,,,,,2026-05-04,2026-05-04
"[04.02.26][มิ้น] มนุษย์ที่เป็นคนดี (สัมภาษณ์หมอ) (Trap)",120245891795580260,2026-05-04,not_delivering,ad,การสนทนาผ่านการส่งข้อความที่เริ่มขึ้น,,,,0,,0,0,,,,,,,,,2026-05-04,2026-05-04
"[26.11.24] [มิ้น] เงินเดือนก็พอใช้อยู่แล้ว (ปีศาจการเงิน)",120217325231390260,2026-05-04,not_delivering,ad,,,,,0,,0,0,,,,,,,,,2026-05-04,2026-05-04
"[24.03.25][มิ้น] 5 ข้อคิดที่ได้จากหนังสือ (Gift)",120222654403270260,2026-05-04,inactive,ad,,,,,0,,0,0,,,,,,,,,2026-05-04,2026-05-04
"[04.02.26][มิ้น] มนุษย์ที่เป็นคนดี (สัมภาษณ์หมอ) (Trap) (Click)",120244547996470260,2026-05-04,not_delivering,ad,,,,,0,,0,0,,,,,,,,,2026-05-04,2026-05-04
"[23.07.25][มิ้น] อ่านแล้วหายเหนื่อย (Tried)",120245505030860260,2026-05-04,not_delivering,ad,,,,,0,,0,0,,,,,,,,,2026-05-04,2026-05-04
"[21.09.24] [มิ้น] คนเราแตกสลายได้กี่ครั้ง",120216728822800260,2026-05-04,inactive,ad,,,,,0,,0,0,,,,,,,,,2026-05-04,2026-05-04
"[03.12.25][มิ้น] น้ำตาซึมไปหลายวัน (Remains)",120244180969930260,2026-05-04,not_delivering,ad,,,,,0,,0,0,,,,,,,,,2026-05-04,2026-05-04
"[24.12.25][มิ้น] อย่ากลัวที่จะโดดเดี่ยว (Ghostly)",120242967762990260,2026-05-04,archived,ad,,,,,0,,0,0,,,,,,,,,2026-05-04,2026-05-04
"[15.10.24] [มิ้น] จุดเปลี่ยนของชีวิต (Life)",120216340907800260,2026-05-04,inactive,ad,,,,,0,,0,0,,,,,,,,,2026-05-04,2026-05-04
"[08.04.26][มิ้น] อยากเป็นคนแบบไหนให้เป็นคนแบบนั้น (Witches)",120246834617690260,2026-05-04,inactive,ad,การสนทนาผ่านการส่งข้อความที่เริ่มขึ้น,,,,0,,0,0,,,,,,,,,2026-05-04,2026-05-04
"[21.01.25] [มิ้น] บทที่ 4 จดหมายจากพระจันทร์ (Home)",120218669546790260,2026-05-04,not_delivering,ad,,,,,0,,0,0,,,,,,,,,2026-05-04,2026-05-04
"[04.03.26][มิ้น] อยู่ต่อหรือลาออก (Tried)",120245214807230260,2026-05-04,not_delivering,ad,,,,,0,,0,0,,,,,,,,,2026-05-04,2026-05-04
"[19.11.24] [มิ้น] เพราะส่วนลึกที่สุดของทะเล (โอบกอด)",120217324834740260,2026-05-04,inactive,ad,,,,,0,,0,0,,,,,,,,,2026-05-04,2026-05-04
"[24.02.26][มิ้น] แมวที่เก็บมาเลี้ยงหายไป (Ghostly)",120244936014400260,2026-05-04,not_delivering,ad,,,,,0,,0,0,,,,,,,,,2026-05-04,2026-05-04
"[13.04.26][มิ้น] อยู่อย่างโดดเดี่ยว ก็ไม่ได้แย่เสมอไป (Ghostly)",120247192997980260,2026-05-04,not_delivering,ad,,,,,0,,0,0,,,,,,,,,2026-05-04,2026-05-04
"[29.01.26][มิ้น] Unboxing หนังสือเล่มแรกของปี 2026 (Trap)",120245371476710260,2026-05-04,not_delivering,ad,,,,,0,,0,0,,,,,,,,,2026-05-04,2026-05-04
"[21.01.25] [มิ้น] สถานที่ที่ปลอดภัยที่สุด (Home)",120218669476350260,2026-05-04,not_delivering,ad,,,,,0,,0,0,,,,,,,,,2026-05-04,2026-05-04
"[11.02.25][มิ้น] ประโยคหลังปก (Kiwtum)",120219599842250260,2026-05-04,not_delivering,ad,,,,,0,,0,0,,,,,,,,,2026-05-04,2026-05-04
"[11.02.25][มิ้น] สัมภาษณ์คุณปั๊ม คิ้วต่ำ (Kiwtum)",120219600093230260,2026-05-04,inactive,ad,,,,,0,,0,0,,,,,,,,,2026-05-04,2026-05-04
"[20.03.26][มิ้น] คนคิดเยอะมักเจ็บจากความคิดตัวเอง (Trap)",120245846570590260,2026-05-04,not_delivering,ad,,,,,0,,0,0,,,,,,,,,2026-05-04,2026-05-04
"[04.03.26][มิ้น] อยู่ต่อหรือลาออก (Tried)",120245170261570260,2026-05-04,not_delivering,ad,,,,,0,,0,0,,,,,,,,,2026-05-04,2026-05-04
"[02.04.26][มิ้น] คนใจดีมักถูกเอาเปรียบ (Ghostly)",120246835244870260,2026-05-04,inactive,ad,,,,,0,,0,0,,,,,,,,,2026-05-04,2026-05-04
"[28.02.25][มิ้น] 3.3 ชีเสิร์ฟไม่พัก ซื้อ 3 แถม 1 (Promotion_DD)",120221295479100260,2026-05-04,not_delivering,ad,,,,,0,,0,0,,,,,,,,,2026-05-04,2026-05-04
"[22.01.25] [มิ้น] หนังสือเล่มนี้ที่อยากบอกคุณว่า (ปีศาจตัวนั้น)",120219288907750260,2026-05-04,inactive,ad,,,,,0,,0,0,,,,,,,,,2026-05-04,2026-05-04
"[03.03.26][มิ้น] ไม่เคยร้องไห้กับหนังสือจนมาเจอ 2 เล่มนี้ (Ghostly) (Remains)",120246838131460260,2026-05-04,inactive,ad,การสนทนาผ่านการส่งข้อความที่เริ่มขึ้น,,,,0,,0,0,,,,,,,,,2026-05-04,2026-05-04
"[21.04.26][มิ้น] บุฟเฟต์ฮีลใจ (Promotion)",120247438983290260,2026-05-04,not_delivering,ad,การสนทนาผ่านการส่งข้อความที่เริ่มขึ้น,,,,0,,0,0,,,,,,,,,2026-05-04,2026-05-04
"[24.02.25][มิ้น] บทที่ 1 ที่คิ้วต่ำอยากแนะนำ (Kiwtum)",120221442077700260,2026-05-04,inactive,ad,,,,,0,,0,0,,,,,,,,,2026-05-04,2026-05-04
"[03.09.25][มิ้น] เล่มใหม่ให้ 1000/100 (Demons)",120235869179090260,2026-05-04,not_delivering,ad,,,,,0,,0,0,,,,,,,,,2026-05-04,2026-05-04
"[24.01.25] [มิ้น] PAYDAY นี้ จ่าย 1 ได้ถึง 5 (Promotion_Payday)",120219260332190260,2026-05-04,not_delivering,ad,,,,,0,,0,0,,,,,,,,,2026-05-04,2026-05-04
"[25.04.25][มิ้น] หนังสือที่ทำให้อยากใช้ชีวิตเพื่อตัวเอง (Kiwtum)",120226731889470260,2026-05-04,inactive,ad,,,,,0,,0,0,,,,,,,,,2026-05-04,2026-05-04
"[26.04.25][มิ้น] ยอดขาย 10,000 เล่ม (Witches)",120226857753660260,2026-05-04,inactive,ad,,,,,0,,0,0,,,,,,,,,2026-05-04,2026-05-04
"[22.05.25][มิ้น] 5 ข้อคิด (Ghostly)",120229512329500260,2026-05-04,inactive,ad,,,,,0,,0,0,,,,,,,,,2026-05-04,2026-05-04
"[07.04.25][มิ้น] “ทำเต็มที่ที่ดีสุด” ไม่เท่ากัน (Embrace)",120224923030690260,2026-05-04,inactive,ad,,,,,0,,0,0,,,,,,,,,2026-05-04,2026-05-04
"[02.04.26][มิ้น] อย่าปล่อยให้อีโก้ (Trap)",120248276125810260,2026-05-04,not_delivering,ad,การสนทนาผ่านการส่งข้อความที่เริ่มขึ้น,,,,0,,0,0,,,,,,,,,2026-05-04,2026-05-04
"[21.03.25][มิ้น] Unboxing newbook (Gift)",120222451522520260,2026-05-04,inactive,ad,,,,,0,,0,0,,,,,,,,,2026-05-04,2026-05-04
"[22.05.25][มิ้น] 5 ข้อคิด (Ghostly)",120229092583950260,2026-05-04,inactive,ad,,,,,0,,0,0,,,,,,,,,2026-05-04,2026-05-04
"[19.03.25][มิ้น] สัมภาษณ์คุณปั๊มลายเซ็น (Kiwtum)",120222379628490260,2026-05-04,inactive,ad,,,,,0,,0,0,,,,,,,,,2026-05-04,2026-05-04
"[18.04.25][มิ้น] ก่อนนอน อยากให้คุณได้อ่าน (Kiwtum)",120226166146280260,2026-05-04,inactive,ad,,,,,0,,0,0,,,,,,,,,2026-05-04,2026-05-04
"[11.02.25][มิ้น] สัมภาษณ์คุณปั๊ม คิ้วต่ำ (Kiwtum)",120219599771730260,2026-05-04,inactive,ad,,,,,0,,0,0,,,,,,,,,2026-05-04,2026-05-04
"[03.07.24] [มิ้น] ปล่อยให้ตัวเองเศร้าบ้างก็ได้",120214870359540260,2026-05-04,inactive,ad,,,,,0,,0,0,,,,,,,,,2026-05-04,2026-05-04
"[07.05.25][มิ้น] ชีวิตที่ดูแย่ (Witches)",120228324823780260,2026-05-04,inactive,ad,,,,,0,,0,0,,,,,,,,,2026-05-04,2026-05-04
"[11.02.25][มิ้น] Unboxing new book (Kiwtum)",120219598317550260,2026-05-04,inactive,ad,,,,,0,,0,0,,,,,,,,,2026-05-04,2026-05-04
"[07.04.25][มิ้น] สัมภาษณ์คุณพราวงานหนังสือ (Home)",120224924557780260,2026-05-04,inactive,ad,,,,,0,,0,0,,,,,,,,,2026-05-04,2026-05-04
"[22.05.25][มิ้น] 5 ข้อคิด (Ghostly)",120229091502610260,2026-05-04,inactive,ad,,,,,0,,0,0,,,,,,,,,2026-05-04,2026-05-04
"[10.11.25][มิ้น] ป้ายยาหนังสือ 7 เล่ม (E-Book)",120240281961660260,2026-05-04,inactive,ad,,,,,0,,0,0,,,,,,,,,2026-05-04,2026-05-04
"[22.05.25][มิ้น] จะเป็นยังไง! เมื่อคนที่หมดแพชชัน  ต้องไปเป็นที่ปรึกษาให้เหล่าดวงวิญญาณ (Ghostly)",120229092082970260,2026-05-04,inactive,ad,,,,,0,,0,0,,,,,,,,,2026-05-04,2026-05-04
"[21.03.25][มิ้น] สัมภาษณ์คุณบุ๋ม (Gift)",120222451540900260,2026-05-04,inactive,ad,,,,,0,,0,0,,,,,,,,,2026-05-04,2026-05-04
"[11.02.25][มิ้น] สัมภาษณ์คุณปั๊ม คิ้วต่ำ (Kiwtum) คลิปสั้น",120221484529520260,2026-05-04,inactive,ad,,,,,0,,0,0,,,,,,,,,2026-05-04,2026-05-04
"[04.06.25][มิ้น] รีวิวหนังสือเล่มดัง (ปีศาจตัวนั้น)",120234067024150260,2026-05-04,inactive,ad,,,,,0,,0,0,,,,,,,,,2026-05-04,2026-05-04
"[08.04.26][มิ้น] ยังคงชอบประโยคที่ว่า (Kiwtum)",120246834961470260,2026-05-04,inactive,ad,,,,,0,,0,0,,,,,,,,,2026-05-04,2026-05-04
"[11.02.25][มิ้น] 5 ข้อคิด (Kiwtum)",120219733072010260,2026-05-04,inactive,ad,,,,,0,,0,0,,,,,,,,,2026-05-04,2026-05-04
"[19.11.24] [มิ้น] เพราะส่วนลึกที่สุดของทะเล (โอบกอด)",120217898480830260,2026-05-04,not_delivering,ad,,,,,0,,0,0,,,,,,,,,2026-05-04,2026-05-04
"[09.08.24] [มิ้น] อยากมีคาปิบาร่าเป็นของตัวเอง (คาปิบาร่า_box set)",120214628201150260,2026-05-04,inactive,ad,,,,,0,,0,0,,,,,,,,,2026-05-04,2026-05-04
"[01.03.26][มิ้น] รี stock เล่มลายเซ็นหมอทานตะวัน (สัมภาษณ์หมอ) (Trap)",120247171600720260,2026-05-04,not_delivering,ad,การสนทนาผ่านการส่งข้อความที่เริ่มขึ้น,,,,0,,0,0,,,,,,,,,2026-05-04,2026-05-04
"[17.02.26][มิ้น] 20 เล่มลายเซ็น (Trap)",120247120106440260,2026-05-04,not_delivering,ad,,,,,0,,0,0,,,,,,,,,2026-05-04,2026-05-04
"[17.02.26][มิ้น] 20 เล่มลายเซ็น (Trap)",120245605398060260,2026-05-04,not_delivering,ad,,,,,0,,0,0,,,,,,,,,2026-05-04,2026-05-04
"[21.09.24] [มิ้น] คนเราแตกสลายได้กี่ครั้ง",120216015666700260,2026-05-04,inactive,ad,,,,,0,,0,0,,,,,,,,,2026-05-04,2026-05-04
"[04.02.26][มิ้น] มนุษย์ที่เป็นคนดี (สัมภาษณ์หมอ) (Trap)",120247044866530260,2026-05-04,not_delivering,ad,การสนทนาผ่านการส่งข้อความที่เริ่มขึ้น,,,,0,,0,0,,,,,,,,,2026-05-04,2026-05-04
"[27.03.26][มิ้น] BookFair : พาชมบรรยากาศงานหนังสือครั้งที่ 54 (Promotion)",120246411925040260,2026-05-04,not_delivering,ad,,,,,0,,0,0,,,,,,,,,2026-05-04,2026-05-04
"[07.03.25][มิ้น] ASMR Unboxing (Witches) - Copy",120222333463840260,2026-05-04,archived,ad,,,,,0,,0,0,,,,,,,,,2026-05-04,2026-05-04
"[21.01.25] [มิ้น] สถานที่ที่ปลอดภัยที่สุด (Home)",120218669546800260,2026-05-04,not_delivering,ad,,,,,0,,0,0,,,,,,,,,2026-05-04,2026-05-04
"[11.02.25][มิ้น] 5 ข้อคิด (Kiwtum)",120219599842230260,2026-05-04,not_delivering,ad,,,,,0,,0,0,,,,,,,,,2026-05-04,2026-05-04
"[01.03.26][มิ้น] รี stock เล่มลายเซ็นหมอทานตะวัน (สัมภาษณ์หมอ) (Trap) (Cross Page)",120248070358820260,2026-05-04,not_delivering,ad,การสนทนาผ่านการส่งข้อความที่เริ่มขึ้น,1,168.4,,168.4,,1852,1606,,1,168.4,,3,1.07991361,90.9287257,0,2026-05-04,2026-05-04
"[16.01.25][VDO][มิ้น][Garden_เล่มเดี่ยว] ความรักกับดอกไม้",120218618288140260,2026-05-04,inactive,ad,,,,,0,,0,0,,,,,,,,,2026-05-04,2026-05-04
"[22.05.25][มิ้น] หนังสือใหม่ออกมาอีกละ!!! (Ghostly)",120229092082960260,2026-05-04,inactive,ad,,,,,0,,0,0,,,,,,,,,2026-05-04,2026-05-04
"[24.04.26][มิ้น] โดนนอกใจทำยังไงดี? (Trap)",120247710533900260,2026-05-04,not_delivering,ad,,,,,0,,0,0,,,,,,,,,2026-05-04,2026-05-04
"[27.04.26][มิ้น] Love-Hate Relationship (Remains)",120248233646280260,2026-05-04,active,ad,การเข้าถึง,7577,6.69922133,,50.76,,7577,7577,,,,,5,0.63349611,6.69922133,,2026-05-04,2026-05-04
"[22.05.25][มิ้น] 5 ข้อคิด (Ghostly)",120229087924620260,2026-05-04,inactive,ad,,,,,0,,0,0,,,,,,,,,2026-05-04,2026-05-04
"[08.08.25][มิ้น] ร้องไห้บนรถไฟฟ้า (Ghostly)",120236739604820260,2026-05-04,inactive,ad,,,,,0,,0,0,,,,,,,,,2026-05-04,2026-05-04
"[27.08.25][มิ้น] ซื้อ Boxset แถม Magic Planner (Witches)",120235755272030260,2026-05-04,not_delivering,ad,,,,,0,,0,0,,,,,,,,,2026-05-04,2026-05-04
"[01.03.25][มิ้น] ชีวิตที่ดี คือชีวิตที่เราเลือกเอง (Kidmakk)",120221522607390260,2026-05-04,inactive,ad,,,,,0,,0,0,,,,,,,,,2026-05-04,2026-05-04
"[03.03.26][มิ้น] ไม่เคยร้องไห้กับหนังสือจนมาเจอ 2 เล่มนี้ (Ghostly) (Remains)",120245369153160260,2026-05-04,not_delivering,ad,,,,,0,,0,0,,,,,,,,,2026-05-04,2026-05-04
"[21.12.24] [มิ้น] สัมภาษณ์คุณคิดมาก (kidmakk)",120217962291630260,2026-05-04,not_delivering,ad,,,,,0,,0,0,,,,,,,,,2026-05-04,2026-05-04
"[23.07.25][มิ้น] อ่านแล้วหายเหนื่อย (Tried)",120234442609650260,2026-05-04,not_delivering,ad,,,,,0,,0,0,,,,,,,,,2026-05-04,2026-05-04
"[22.01.26][มิ้น] 5 สิ่งที่ทำได้เลย (Trap)",120243468174510260,2026-05-04,not_delivering,ad,,,,,0,,0,0,,,,,,,,,2026-05-04,2026-05-04
"[02.04.26][มิ้น] อย่าปล่อยให้อีโก้ (Trap)",120246565640950260,2026-05-04,not_delivering,ad,การสนทนาผ่านการส่งข้อความที่เริ่มขึ้น,1,169.85,,169.85,,586,503,,1,169.85,,5,4.2662116,289.84641638,0,2026-05-04,2026-05-04
"[17.02.26][มิ้น] 20 เล่มลายเซ็น (Trap)",120245622374040260,2026-05-04,not_delivering,ad,การสนทนาผ่านการส่งข้อความที่เริ่มขึ้น,1,235.4,409,235.4,1.73746814,1895,1677,1,1,235.4,1,11,1.68865435,124.22163588,1,2026-05-04,2026-05-04
"[22.05.25][มิ้น] จะเป็นยังไง! เมื่อคนที่หมดแพชชัน  ต้องไปเป็นที่ปรึกษาให้เหล่าดวงวิญญาณ (Ghostly)",120229370176490260,2026-05-04,not_delivering,ad,,,,,0,,0,0,,,,,,,,,2026-05-04,2026-05-04
"[04.12.24] [มิ้น] 5 เทคนิคเก็บเงินง่ายๆ (Million)",120217557784920260,2026-05-04,inactive,ad,,,,,0,,0,0,,,,,,,,,2026-05-04,2026-05-04
"[04.10.24] [มิ้น] ถ้าวันนี้เป็นวันสุดท้าย คุณจะทำอะไร? (Ghost)",120216612069500260,2026-05-04,inactive,ad,,,,,0,,0,0,,,,,,,,,2026-05-04,2026-05-04
"[13.12.24] [มิ้น] อยากให้ตัวเองในอนาคตได้อ่านประโยคนี้ (Ghost) (Reels)",120243383428580260,2026-05-04,not_delivering,ad,,,,,0,,0,0,,,,,,,,,2026-05-04,2026-05-04
"[03.07.25][มิ้น] 7.7 ซื้อ 2 แถม Me Time (Promotion_DD)",120232210145690260,2026-05-04,inactive,ad,,,,,0,,0,0,,,,,,,,,2026-05-04,2026-05-04
"[04.03.26][มิ้น] แม่อยากให้ลูกมั่นคง (Remains)",120245258500890260,2026-05-04,not_delivering,ad,,,,,0,,0,0,,,,,,,,,2026-05-04,2026-05-04
"[24.04.25][มิ้น] PAYDAY APR 3 แถม 1 (Promotion_Payday)",120227044892800260,2026-05-04,inactive,ad,,,,,0,,0,0,,,,,,,,,2026-05-04,2026-05-04
"[28.03.25][มิ้น] Payday March 900 แลกซื้อ 1 บาท (Promotion_Payday)",120223075301560260,2026-05-04,not_delivering,ad,,,,,0,,0,0,,,,,,,,,2026-05-04,2026-05-04
"[26.08.24] [มิ้น] ทดแทนบุญคุณพ่อแม่ (คาปิบาร่า_box set)",120215031245940260,2026-05-04,inactive,ad,,,,,0,,0,0,,,,,,,,,2026-05-04,2026-05-04
"[21.09.24] [มิ้น] คนเราแตกสลายได้กี่ครั้ง",120216874479840260,2026-05-04,not_delivering,ad,,,,,0,,0,0,,,,,,,,,2026-05-04,2026-05-04
"[16.07.25][มิ้น] แด่ความโดดเดี่ยว (Ghostly)",120233369285300260,2026-05-04,inactive,ad,,,,,0,,0,0,,,,,,,,,2026-05-04,2026-05-04
"[29.01.26][มิ้น] Unboxing หนังสือเล่มแรกของปี 2026 (Trap)",120245621919540260,2026-05-04,not_delivering,ad,,,,,0,,0,0,,,,,,,,,2026-05-04,2026-05-04
"[06.02.25][มิ้น] ต้องเสียใจอีกกี่ครั้งถึงจะเจอความรักที่ดี (ปีศาจตัวนั้น)",120219540088750260,2026-05-04,inactive,ad,,,,,0,,0,0,,,,,,,,,2026-05-04,2026-05-04
"[05.09.25][มิ้น] อะไรเดิมๆ (Witches)",120236327563980260,2026-05-04,not_delivering,ad,,,,,0,,0,0,,,,,,,,,2026-05-04,2026-05-04
"[23.10.24] [มิ้น] โดนตกจากประโยคหลังปก (Life)",120216596523770260,2026-05-04,not_delivering,ad,,,,,0,,0,0,,,,,,,,,2026-05-04,2026-05-04
"[04.02.26][มิ้น] มนุษย์ที่เป็นคนดี (สัมภาษณ์หมอ) (Trap)",120246834940720260,2026-05-04,not_delivering,ad,การสนทนาผ่านการส่งข้อความที่เริ่มขึ้น,,,,0,,0,0,,,,,,,,,2026-05-04,2026-05-04
"[17.02.26][มิ้น] 20 เล่มลายเซ็น (Trap)",120245730357770260,2026-05-04,not_delivering,ad,,,,,0,,0,0,,,,,,,,,2026-05-04,2026-05-04
"[16.10.25][มิ้น] ให้เปิดเล่มนี้เตือนสติ (Remains)",120240664237160260,2026-05-04,inactive,ad,,,,,0,,0,0,,,,,,,,,2026-05-04,2026-05-04
"[06.12.24] [มิ้น] เก็บเงินง่าย ๆ ด้วยกฎ 50 30 20 (Million)",120217605812200260,2026-05-04,inactive,ad,,,,,0,,0,0,,,,,,,,,2026-05-04,2026-05-04
"[07.06.25][มิ้น] หนังสือใหม่กลิ่นหอมมาก (Ghostly)",120230117450910260,2026-05-04,inactive,ad,,,,,0,,0,0,,,,,,,,,2026-05-04,2026-05-04
"[02.09.24] [มิ้น] 5 ข้อคิดลบกับตัวเอง (Helmet_Boxset)",120216013707530260,2026-05-04,inactive,ad,,,,,0,,0,0,,,,,,,,,2026-05-04,2026-05-04
"[12.02.26][มิ้น] 5/5 ยกให้เป็นหนังสือ (Tried)",120244293606540260,2026-05-04,not_delivering,ad,,,,,0,,0,0,,,,,,,,,2026-05-04,2026-05-04
"[17.02.26][มิ้น] 20 เล่มลายเซ็น (Trap)",120245979086530260,2026-05-04,not_delivering,ad,,,,,0,,0,0,,,,,,,,,2026-05-04,2026-05-04
"[21.03.25][มิ้น] สัมภาษณ์คุณบุ๋ม (Gift)",120222457757250260,2026-05-04,inactive,ad,,,,,0,,0,0,,,,,,,,,2026-05-04,2026-05-04
"[09.08.24] [มิ้น] ส่งโปสการ์ดให้แม่กัน",120214628168900260,2026-05-04,inactive,ad,,,,,0,,0,0,,,,,,,,,2026-05-04,2026-05-04
"[12.07.24] [มิ้น] เกินไปป่ะ (คาปิบาร่า_box set)",120214964489200260,2026-05-04,not_delivering,ad,,,,,0,,0,0,,,,,,,,,2026-05-04,2026-05-04
"[17.02.26][มิ้น] 20 เล่มลายเซ็น (Trap)",120244443052700260,2026-05-04,not_delivering,ad,การสนทนาผ่านการส่งข้อความที่เริ่มขึ้น,,,,0,,0,0,,,,,,,,,2026-05-04,2026-05-04
"[02.06.25][มิ้น] รีแอค ขมิ้น (Ghostly)",120232764653290260,2026-05-04,not_delivering,ad,,,,,0,,0,0,,,,,,,,,2026-05-04,2026-05-04
"[02.04.25][มิ้น] สัมภาษณ์คุณเมงานหนังสือ (Witches)",120223945790720260,2026-05-04,inactive,ad,,,,,0,,0,0,,,,,,,,,2026-05-04,2026-05-04
"[06.12.24] [มิ้น] สวัสดีธันวาคมเดือนสิบสอง (เซตสวน)",120217605940660260,2026-05-04,not_delivering,ad,,,,,0,,0,0,,,,,,,,,2026-05-04,2026-05-04
"[23.10.24] [มิ้น] โดนตกจากประโยคหลังปก (Life)",120216500007080260,2026-05-04,not_delivering,ad,,,,,0,,0,0,,,,,,,,,2026-05-04,2026-05-04
"[17.02.26][มิ้น] 20 เล่มลายเซ็น (Trap)",120245622434650260,2026-05-04,not_delivering,ad,,,,,0,,0,0,,,,,,,,,2026-05-04,2026-05-04
"[27.05.25][มิ้น] สัมภาษณ์คุณหมึกซึม (Ghostly)",120229557729660260,2026-05-04,inactive,ad,,,,,0,,0,0,,,,,,,,,2026-05-04,2026-05-04
"[15.10.24] [มิ้น] จุดเปลี่ยนของชีวิต (Life)",120216630691180260,2026-05-04,not_delivering,ad,,,,,0,,0,0,,,,,,,,,2026-05-04,2026-05-04
"[15.10.24] [มิ้น] จุดเปลี่ยนของชีวิต (Life)",120216350337760260,2026-05-04,not_delivering,ad,,,,,0,,0,0,,,,,,,,,2026-05-04,2026-05-04
"[19.11.24] [มิ้น] เพราะส่วนลึกที่สุดของทะเล (โอบกอด)",120217939182420260,2026-05-04,not_delivering,ad,,,,,0,,0,0,,,,,,,,,2026-05-04,2026-05-04
"[29.01.26][มิ้น] Unboxing หนังสือเล่มแรกของปี 2026 (Trap)",120245621970280260,2026-05-04,not_delivering,ad,,,,,0,,0,0,,,,,,,,,2026-05-04,2026-05-04
"[24.12.25][มิ้น] ดวงสมพงษ์กัน (Witches)",120243608441280260,2026-05-04,inactive,ad,,,,,0,,0,0,,,,,,,,,2026-05-04,2026-05-04
"[04.02.26][มิ้น] มนุษย์ที่เป็นคนดี (สัมภาษณ์หมอ) (Trap)",120244058019310260,2026-05-04,not_delivering,ad,,,,,0,,0,0,,,,,,,,,2026-05-04,2026-05-04
"[03.09.25][มิ้น] Unboxing New Books (Demons)",120236626882030260,2026-05-04,not_delivering,ad,,,,,0,,0,0,,,,,,,,,2026-05-04,2026-05-04
"[17.02.26][มิ้น] 20 เล่มลายเซ็น (Trap)",120247192554200260,2026-05-04,not_delivering,ad,,,,,0,,0,0,,,,,,,,,2026-05-04,2026-05-04
"[03.09.25][มิ้น] เล่มใหม่ให้ 1000/100 (Demons)",120236022483610260,2026-05-04,not_delivering,ad,,,,,0,,0,0,,,,,,,,,2026-05-04,2026-05-04
"[04.02.25][มิ้น] ประโยคหลังปก (Home)",120232810653380260,2026-05-04,inactive,ad,,,,,0,,0,0,,,,,,,,,2026-05-04,2026-05-04
"[18.09.25][มิ้น] Unbox The Witches (Witches)",120237709523160260,2026-05-04,not_delivering,ad,,,,,0,,0,0,,,,,,,,,2026-05-04,2026-05-04
"[02.04.26][มิ้น] อย่าปล่อยให้อีโก้ (Trap)",120247605466000260,2026-05-04,not_delivering,ad,การสนทนาผ่านการส่งข้อความที่เริ่มขึ้น,,,,0,,0,0,,,,,,,,,2026-05-04,2026-05-04
"[22.08.25][มิ้น] 3 เหตุผล ที่ต้องอ่าน (Ghostly)",120235434071540260,2026-05-04,archived,ad,,,,,0,,0,0,,,,,,,,,2026-05-04,2026-05-04
"[03.09.25][มิ้น] อยากให้ทุกคนอ่าน (Ghostly)",120241914456070260,2026-05-04,not_delivering,ad,,,,,0,,0,0,,,,,,,,,2026-05-04,2026-05-04
"[10.12.24] [มิ้น] 12.12 แจกสุขส่งท้ายปี",120217673454640260,2026-05-04,not_delivering,ad,,,,,0,,0,0,,,,,,,,,2026-05-04,2026-05-04
"[08.07.25][มิ้น] 5 ข้อห้ามอย่าคิดลบกับตัวเอง (Ghost)",120232414840600260,2026-05-04,not_delivering,ad,,,,,0,,0,0,,,,,,,,,2026-05-04,2026-05-04
"[21.09.24] [มิ้น] คนเราแตกสลายได้กี่ครั้ง",120215723279190260,2026-05-04,inactive,ad,,,,,0,,0,0,,,,,,,,,2026-05-04,2026-05-04
"[15.10.24] [มิ้น] จุดเปลี่ยนของชีวิต (Life)",120216676879450260,2026-05-04,not_delivering,ad,,,,,0,,0,0,,,,,,,,,2026-05-04,2026-05-04
"[29.03.26][มิ้น] กับดักความรู้ผิดของ LGBTQ+ (Trap)",120246309462810260,2026-05-04,not_delivering,ad,,,,,0,,0,0,,,,,,,,,2026-05-04,2026-05-04
"[03.09.25][มิ้น] Unboxing New Books (Demons)",120236022760080260,2026-05-04,not_delivering,ad,,,,,0,,0,0,,,,,,,,,2026-05-04,2026-05-04
"[19.06.25][มิ้น] หลายคนมักกลัวการเปลี่ยนแปลง (Witches)",120231486000000260,2026-05-04,inactive,ad,,,,,0,,0,0,,,,,,,,,2026-05-04,2026-05-04
"[25.09.25][มิ้น] ป้ายยาหนังสือ (Ghostly)",120237506948260260,2026-05-04,inactive,ad,,,,,0,,0,0,,,,,,,,,2026-05-04,2026-05-04
"[04.09.25][มิ้น] เจ็บทุกดอกบอกเพื่อนกัน (ปีศาจตัวนั้น)",120236239272580260,2026-05-04,not_delivering,ad,,,,,0,,0,0,,,,,,,,,2026-05-04,2026-05-04
"[11.02.25][มิ้น] 5 ข้อคิด (Kiwtum)",120219598935860260,2026-05-04,inactive,ad,,,,,0,,0,0,,,,,,,,,2026-05-04,2026-05-04
"[27.04.26][มิ้น] มองตัวเองในแง่ลบจะเป็นเหมือนก้อนทุกข์ (Trap)",120247924510040260,2026-05-04,not_delivering,ad,,,,,0,,0,0,,,,,,,,,2026-05-04,2026-05-04
"[11.02.25][มิ้น] ประโยคหลังปก (Kiwtum)",120219599908720260,2026-05-04,not_delivering,ad,,,,,0,,0,0,,,,,,,,,2026-05-04,2026-05-04
"[12.02.26][มิ้น] ความผิดหวัง (Witches)",120244476434680260,2026-05-04,not_delivering,ad,,,,,0,,0,0,,,,,,,,,2026-05-04,2026-05-04
"[29.10.25][มิ้น] 2 หนังสือเรียกน้ำตา (Remains)",120244260039170260,2026-05-04,not_delivering,ad,,,,,0,,0,0,,,,,,,,,2026-05-04,2026-05-04
"[23.10.24] [มิ้น] โดนตกจากประโยคหลังปก (Life)",120216676879460260,2026-05-04,not_delivering,ad,,,,,0,,0,0,,,,,,,,,2026-05-04,2026-05-04
"[06.12.24] [มิ้น] เก็บเงินง่าย ๆ ด้วยกฎ 50 30 20 (Million)",120217605839270260,2026-05-04,inactive,ad,,,,,0,,0,0,,,,,,,,,2026-05-04,2026-05-04
"[19.11.24] [มิ้น] เพราะส่วนลึกที่สุดของทะเล (โอบกอด)",120217165698480260,2026-05-04,not_delivering,ad,,,,,0,,0,0,,,,,,,,,2026-05-04,2026-05-04
"[22.05.25][มิ้น] หนังสือใหม่ออกมาอีกละ!!! (Ghostly)",120229512100050260,2026-05-04,inactive,ad,,,,,0,,0,0,,,,,,,,,2026-05-04,2026-05-04
"[06.10.25][มิ้น] อ่านเล่มนี้ถ้าคุณ… (ปีศาจตัวนั้น)",120238145996400260,2026-05-04,not_delivering,ad,,,,,0,,0,0,,,,,,,,,2026-05-04,2026-05-04
"[14.08.25][มิ้น] เที่ยวต่างประเทศครั้งแรก (Tried)",120234870549110260,2026-05-04,not_delivering,ad,,,,,0,,0,0,,,,,,,,,2026-05-04,2026-05-04
"[29.01.26][มิ้น] แนะนำหนังสือเล่มใหม่ ฟิล์ม (Trap)",120243699832230260,2026-05-04,not_delivering,ad,,,,,0,,0,0,,,,,,,,,2026-05-04,2026-05-04
"[13.11.24] [มิ้น] แยกย้ายไปเติบโต (โอบกอด)",120217502402930260,2026-05-04,not_delivering,ad,,,,,0,,0,0,,,,,,,,,2026-05-04,2026-05-04
"[04.02.26][มิ้น] มนุษย์ที่เป็นคนดี (สัมภาษณ์หมอ) (Trap)",120245036608540260,2026-05-04,not_delivering,ad,,,,,0,,0,0,,,,,,,,,2026-05-04,2026-05-04
"[24.06.25][มิ้น] สิ่งที่หนังสือเล่มนี้อยากมอบให้ (Ghostly)",120231576826410260,2026-05-04,not_delivering,ad,,,,,0,,0,0,,,,,,,,,2026-05-04,2026-05-04
"[04.02.26][มิ้น] มนุษย์ที่เป็นคนดี (สัมภาษณ์หมอ) (Trap)",120245621849400260,2026-05-04,not_delivering,ad,,,,,0,,0,0,,,,,,,,,2026-05-04,2026-05-04
"[03.12.25][มิ้น] น้ำตาซึมไปหลายวัน (Remains)",120244008052700260,2026-05-04,not_delivering,ad,,,,,0,,0,0,,,,,,,,,2026-05-04,2026-05-04
"[26.11.25][มิ้น] ภาคต่อหนังสือฮีลใจ (Remains)",120241140284870260,2026-05-04,inactive,ad,,,,,0,,0,0,,,,,,,,,2026-05-04,2026-05-04
"[10.01.25] [มิ้น] Challenge เก็บเงิน 50:30:20 (Full) (Million) (Reels)",120243182422440260,2026-05-04,not_delivering,ad,,,,,0,,0,0,,,,,,,,,2026-05-04,2026-05-04
"[21.01.25] [มิ้น] 5 ข้อคิด (Home)",120218671484780260,2026-05-04,inactive,ad,,,,,0,,0,0,,,,,,,,,2026-05-04,2026-05-04
"[11.02.25][มิ้น] สัมภาษณ์คุณปั๊ม คิ้วต่ำ (Kiwtum)",120232770094470260,2026-05-04,not_delivering,ad,,,,,0,,0,0,,,,,,,,,2026-05-04,2026-05-04
"[02.11.24] [มิ้น] ความไม่สมบูรณ์แบบของเรา (โอบกอด)",120216782432490260,2026-05-04,not_delivering,ad,,,,,0,,0,0,,,,,,,,,2026-05-04,2026-05-04
"[29.01.26][มิ้น] Unboxing หนังสือเล่มแรกของปี 2026 (Trap)",120244313381260260,2026-05-04,inactive,ad,,,,,0,,0,0,,,,,,,,,2026-05-04,2026-05-04
"[28.06.25][มิ้น] ชอบประโยคไหนในหนังสือ 2 (Witches)",120231826268920260,2026-05-04,inactive,ad,,,,,0,,0,0,,,,,,,,,2026-05-04,2026-05-04
"[07.05.25][มิ้น] ชีวิตที่ดูแย่ (Witches)",120228325159220260,2026-05-04,inactive,ad,,,,,0,,0,0,,,,,,,,,2026-05-04,2026-05-04
"[07.11.24] [มิ้น] Unbox หนังสือกว่าจะคิดได้ (Ghost)",120216873324890260,2026-05-04,inactive,ad,,,,,0,,0,0,,,,,,,,,2026-05-04,2026-05-04
"[07.03.25][มิ้น] ASMR Unboxing (Witches)",120221597120630260,2026-05-04,inactive,ad,,,,,0,,0,0,,,,,,,,,2026-05-04,2026-05-04
"[11.02.25][มิ้น] สัมภาษณ์คุณปั๊ม คิ้วต่ำ (Kiwtum)",120219599378160260,2026-05-04,inactive,ad,,,,,0,,0,0,,,,,,,,,2026-05-04,2026-05-04
"[22.10.25][มิ้น] หนังสือได้ออกทีวี (Demons)",120239836569620260,2026-05-04,not_delivering,ad,,,,,0,,0,0,,,,,,,,,2026-05-04,2026-05-04
"[06.11.25][มิ้น] เพราะพรุ่งนี้แกอาจ (Ghostly)",120239976717590260,2026-05-04,not_delivering,ad,,,,,0,,0,0,,,,,,,,,2026-05-04,2026-05-04
"[24.02.25][มิ้น] อบอุ่นใจทุกครั้งที่หยิบเล่มนี้ขึ้นมาอ่าน (Home)",120220871913480260,2026-05-04,inactive,ad,,,,,0,,0,0,,,,,,,,,2026-05-04,2026-05-04
"[03.09.25][มิ้น] Unboxing New Books (Demons)",120235869245990260,2026-05-04,not_delivering,ad,,,,,0,,0,0,,,,,,,,,2026-05-04,2026-05-04
"[22.10.25][มิ้น] ประโยคฮีลใจ (Tried)",120239102320650260,2026-05-04,not_delivering,ad,,,,,0,,0,0,,,,,,,,,2026-05-04,2026-05-04
"[06.12.24] [มิ้น] เก็บเงินง่าย ๆ ด้วยกฎ 50 30 20 (Million)",120217605829700260,2026-05-04,not_delivering,ad,,,,,0,,0,0,,,,,,,,,2026-05-04,2026-05-04
"[25.12.24] [มิ้น] unboxing new book (Kidmakk)",120219025611790260,2026-05-04,inactive,ad,,,,,0,,0,0,,,,,,,,,2026-05-04,2026-05-04
"[24.02.25][มิ้น] อบอุ่นใจทุกครั้งที่หยิบเล่มนี้ขึ้นมาอ่าน (Home)",120220871888830260,2026-05-04,inactive,ad,,,,,0,,0,0,,,,,,,,,2026-05-04,2026-05-04
"[03.12.25][มิ้น] เล่มนี้ทำน้ำตาไหลหนักมาก (Ghostly)",120243038047380260,2026-05-04,inactive,ad,,,,,0,,0,0,,,,,,,,,2026-05-04,2026-05-04
"[30.01.26][มิ้น] โดนตกเพราะกล่อง (Witches)",120243741115130260,2026-05-04,inactive,ad,,,,,0,,0,0,,,,,,,,,2026-05-04,2026-05-04
"[01.10.25][มิ้น] แปะพิกัด & หนังสือฮีลใจ (ปีศาจตัวนั้น)",120237853532310260,2026-05-04,not_delivering,ad,,,,,0,,0,0,,,,,,,,,2026-05-04,2026-05-04
"[11.10.25][มิ้น] ถ้าวันไหนไม่มีใครเข้าใจ (Tried)",120239442615640260,2026-05-04,not_delivering,ad,,,,,0,,0,0,,,,,,,,,2026-05-04,2026-05-04
"[25.04.26][มิ้น] คนที่ควรเปิดเล่มนี้อ่าน (Ghostly)",120247947345800260,2026-05-04,not_delivering,ad,"การซื้อบน Meta",,,,0,,0,0,,,,,,,,,2026-05-04,2026-05-04
"[21.01.25] [มิ้น] บทที่ 4 จดหมายจากพระจันทร์ (Home)",120218669503530260,2026-05-04,not_delivering,ad,,,,,0,,0,0,,,,,,,,,2026-05-04,2026-05-04
"[19.10.25][มิ้น] สัมภาษณ์ลูกค้า ปีศาจ 1,2 (ปีศาจตัวนั้น) (Demon)",120238953043910260,2026-05-04,not_delivering,ad,,,,,0,,0,0,,,,,,,,,2026-05-04,2026-05-04
"[04.06.25][มิ้น] 6.6 (Promotion_DD)",120229969349820260,2026-05-04,inactive,ad,,,,,0,,0,0,,,,,,,,,2026-05-04,2026-05-04
"[27.11.24] [มิ้น] 5 คำเตือนสุดท้ายของชีวิต (Ghost)",120222344164270260,2026-05-04,inactive,ad,,,,,0,,0,0,,,,,,,,,2026-05-04,2026-05-04
"[07.03.25][มิ้น] สัมภาษณ์คุณเม เล่มใหม่ล่าสุด (Witches)",120222018612680260,2026-05-04,inactive,ad,,,,,0,,0,0,,,,,,,,,2026-05-04,2026-05-04
"[17.09.25][มิ้น] การมีชีวิตที่โดดเดี่ยว (Ghostly)",120237558753270260,2026-05-04,inactive,ad,,,,,0,,0,0,,,,,,,,,2026-05-04,2026-05-04
"[11.02.25][มิ้น] สัมภาษณ์คุณปั๊ม คิ้วต่ำ (Kiwtum)",120221372933950260,2026-05-04,not_delivering,ad,,,,,0,,0,0,,,,,,,,,2026-05-04,2026-05-04
"[10.05.25][มิ้น] บทที่ 6 (Embrace)",120228491656490260,2026-05-04,inactive,ad,,,,,0,,0,0,,,,,,,,,2026-05-04,2026-05-04
"[03.09.25][มิ้น] Unboxing New Books (Demons)",120236583513610260,2026-05-04,not_delivering,ad,,,,,0,,0,0,,,,,,,,,2026-05-04,2026-05-04
"[19.12.24] [มิ้น] ขอบคุณชีวิตที่มีแมวเป็นเพื่อน (Life)",120217934449770260,2026-05-04,not_delivering,ad,,,,,0,,0,0,,,,,,,,,2026-05-04,2026-05-04
"[03.09.25][มิ้น] จากเล่ม 1 สู่เล่ม 2 (Demons)",120236029751700260,2026-05-04,not_delivering,ad,,,,,0,,0,0,,,,,,,,,2026-05-04,2026-05-04
"[05.08.24] [มิ้น] 8.8 บุฟเฟต์ ฮีลใจจัดให้",120214592652370260,2026-05-04,not_delivering,ad,,,,,0,,0,0,,,,,,,,,2026-05-04,2026-05-04
"[24.03.25][มิ้น] 5 ข้อคิดที่ได้จากหนังสือ (Gift)",120222717863220260,2026-05-04,inactive,ad,,,,,0,,0,0,,,,,,,,,2026-05-04,2026-05-04
"[29.09.25][มิ้น] ปีศาจใหม่มันกลับมาอีกแล้ว (Demons)",120238217979220260,2026-05-04,inactive,ad,,,,,0,,0,0,,,,,,,,,2026-05-04,2026-05-04
"[01.10.25][มิ้น] Unpack (Ghostly)",120238411215050260,2026-05-04,not_delivering,ad,,,,,0,,0,0,,,,,,,,,2026-05-04,2026-05-04
"[01.10.25][มิ้น] Unpack (Ghostly)",120238129893630260,2026-05-04,not_delivering,ad,,,,,0,,0,0,,,,,,,,,2026-05-04,2026-05-04
"[24.07.25][มิ้น] นี่ไม่ใช่แค่ไพ่ดูดวง (Witches)",120234208577770260,2026-05-04,inactive,ad,,,,,0,,0,0,,,,,,,,,2026-05-04,2026-05-04
"[07.08.25][มิ้น] ชอบประโยคไหน (Tried)",120234507579230260,2026-05-04,not_delivering,ad,,,,,0,,0,0,,,,,,,,,2026-05-04,2026-05-04
"[18.11.25][มิ้น] อยู่คนเดียวเป็นเรื่องยาก ? (Ghostly)",120240739043250260,2026-05-04,inactive,ad,,,,,0,,0,0,,,,,,,,,2026-05-04,2026-05-04
"[13.05.25][มิ้น] ปีศาจที่ทำร้ายตัวเรา (ปีศาจตัวนั้น)",120234015174680260,2026-05-04,inactive,ad,,,,,0,,0,0,,,,,,,,,2026-05-04,2026-05-04
"[14.01.25] [มิ้น] หนังสือฮีลใจทุกแพ็กเหมาคู่ 660.- (Promotion_MidMonth)",120218558984030260,2026-05-04,not_delivering,ad,,,,,0,,0,0,,,,,,,,,2026-05-04,2026-05-04
"[06.09.25][มิ้น] แด่ทุกชีวิตที่กำลังต่อสู้ (Ghostly)",120236333213980260,2026-05-04,not_delivering,ad,,,,,0,,0,0,,,,,,,,,2026-05-04,2026-05-04
"[11.02.25][มิ้น] สัมภาษณ์คุณปั๊ม คิ้วต่ำ (Kiwtum)",120220997926720260,2026-05-04,inactive,ad,,,,,0,,0,0,,,,,,,,,2026-05-04,2026-05-04
"[03.09.25][มิ้น] Unboxing New Books (Demons)",120236022922800260,2026-05-04,inactive,ad,,,,,0,,0,0,,,,,,,,,2026-05-04,2026-05-04
"[12.12.24] [มิ้น] Pain Point คุณเคยคิดไหมว่าทำไมถึงล้มเหลวทางการเงิน (Million)",120217760514130260,2026-05-04,inactive,ad,,,,,0,,0,0,,,,,,,,,2026-05-04,2026-05-04
"[19.11.24] [มิ้น] เพราะส่วนลึกที่สุดของทะเล (โอบกอด)",120236629610840260,2026-05-04,not_delivering,ad,,,,,0,,0,0,,,,,,,,,2026-05-04,2026-05-04
"[18.11.25][มิ้น] เจ้าเหมียวเก็บมาเลี้ยง (Ghostly)",120240804369170260,2026-05-04,inactive,ad,,,,,0,,0,0,,,,,,,,,2026-05-04,2026-05-04
"[24.03.25][มิ้น] 5 ข้อคิดที่ได้จากหนังสือ (Gift)",120222717810680260,2026-05-04,inactive,ad,,,,,0,,0,0,,,,,,,,,2026-05-04,2026-05-04
"[22.05.25][มิ้น] 5 ข้อคิด (Ghostly)",120229082327440260,2026-05-04,inactive,ad,,,,,0,,0,0,,,,,,,,,2026-05-04,2026-05-04
"[26.04.25][มิ้น] ยอดขาย 10,000 เล่ม (Witches)",120226856518780260,2026-05-04,inactive,ad,,,,,0,,0,0,,,,,,,,,2026-05-04,2026-05-04
"[28.05.25][มิ้น][Cross Page] จะเป็นยังไง! เมื่อคนที่หมดแพชชัน ต้องไปเป็นที่ปรึกษาให้เหล่าดวงวิญญาณ (Ghostly)",120229602382460260,2026-05-04,not_delivering,ad,,,,,0,,0,0,,,,,,,,,2026-05-04,2026-05-04
"[02.06.25][มิ้น] รีแอค ขมิ้น (Ghostly)",120239036662720260,2026-05-04,not_delivering,ad,,,,,0,,0,0,,,,,,,,,2026-05-04,2026-05-04
"[11.03.26][มิ้น] รีวิวอ่าน Ghostly Remains 50 หน้าแรก (Remains)",120245421936760260,2026-05-04,not_delivering,ad,,,,,0,,0,0,,,,,,,,,2026-05-04,2026-05-04
"[02.06.25][มิ้น] รีแอค ขมิ้น (Ghostly)",120229867666520260,2026-05-04,not_delivering,ad,,,,,0,,0,0,,,,,,,,,2026-05-04,2026-05-04
"[17.09.25][มิ้น] การมีชีวิตที่โดดเดี่ยว (Ghostly)",120237710057460260,2026-05-04,inactive,ad,,,,,0,,0,0,,,,,,,,,2026-05-04,2026-05-04
"[19.03.25][มิ้น] สัมภาษณ์คุณปั๊มลายเซ็น (Kiwtum)",120222378925860260,2026-05-04,inactive,ad,,,,,0,,0,0,,,,,,,,,2026-05-04,2026-05-04
"[04.10.24] [มิ้น] ถ้าวันนี้เป็นวันสุดท้าย คุณจะทำอะไร? (Ghost)",120216515612280260,2026-05-04,not_delivering,ad,,,,,0,,0,0,,,,,,,,,2026-05-04,2026-05-04
"[28.02.25][มิ้น] 3.3 ชีเสิร์ฟไม่พัก ซื้อ 3 แถม 1 (Promotion_DD)",120221370440030260,2026-05-04,not_delivering,ad,,,,,0,,0,0,,,,,,,,,2026-05-04,2026-05-04
"[26.08.24] [มิ้น] ไม่ชอบส่วนไหนในร่างกาย (Helmet_Boxset)",120215030933680260,2026-05-04,inactive,ad,,,,,0,,0,0,,,,,,,,,2026-05-04,2026-05-04
"[25.07.25][มิ้น] ข้อความแรกของวัน (Kiwtum)",120233512631710260,2026-05-04,inactive,ad,,,,,0,,0,0,,,,,,,,,2026-05-04,2026-05-04
"[11.03.26][มิ้น] รี stock เล่มลายเซ็นนักเขียนเมไอ (Witches)",120245424043840260,2026-05-04,not_delivering,ad,,,,,0,,0,0,,,,,,,,,2026-05-04,2026-05-04
"[04.02.26][มิ้น] มนุษย์ที่เป็นคนดี (สัมภาษณ์หมอ) (Trap)",120244081294570260,2026-05-04,not_delivering,ad,,,,,0,,0,0,,,,,,,,,2026-05-04,2026-05-04
"[03.09.25][มิ้น] เล่มใหม่ให้ 1000/100 (Demons)",120235858949870260,2026-05-04,not_delivering,ad,,,,,0,,0,0,,,,,,,,,2026-05-04,2026-05-04
"[08.07.25][มิ้น] หนังสือทะเล (Embrace)",120232414395620260,2026-05-04,inactive,ad,,,,,0,,0,0,,,,,,,,,2026-05-04,2026-05-04
"[11.06.25][มิ้น] หนังสือเวทมนตร์ AF (Witches)",120230530334800260,2026-05-04,inactive,ad,,,,,0,,0,0,,,,,,,,,2026-05-04,2026-05-04
"[03.12.25][มิ้น] น้ำตาซึมไปหลายวัน (Remains)",120241905903180260,2026-05-04,inactive,ad,,,,,0,,0,0,,,,,,,,,2026-05-04,2026-05-04
"[23.10.24] [มิ้น] โดนตกจากประโยคหลังปก (Life)",120216630822350260,2026-05-04,not_delivering,ad,,,,,0,,0,0,,,,,,,,,2026-05-04,2026-05-04
"[28.11.24] [มิ้น] ความสมบูรณ์แบบ (ที่ไม่มีอยู่จริง) (คาปิบาร่า_Boxset)",120217381039620260,2026-05-04,not_delivering,ad,,,,,0,,0,0,,,,,,,,,2026-05-04,2026-05-04
"[21.09.24] [มิ้น] คนเราแตกสลายได้กี่ครั้ง (Embrace)",120232810245600260,2026-05-04,not_delivering,ad,,,,,0,,0,0,,,,,,,,,2026-05-04,2026-05-04
"[06.10.25][มิ้น] อ่านเล่มนี้ถ้าคุณ… (ปีศาจตัวนั้น)",120238524286560260,2026-05-04,archived,ad,,,,,0,,0,0,,,,,,,,,2026-05-04,2026-05-04
"[01.10.25][มิ้น] แปะพิกัด & หนังสือฮีลใจ (ปีศาจตัวนั้น)",120238146280340260,2026-05-04,not_delivering,ad,,,,,0,,0,0,,,,,,,,,2026-05-04,2026-05-04
"[17.03.25][มิ้น] ไม่เป็นไร คือคำปลอบใจที่ดีที่สุด (Home)",120222281102830260,2026-05-04,inactive,ad,,,,,0,,0,0,,,,,,,,,2026-05-04,2026-05-04
"[04.12.24] [มิ้น] 5 เทคนิคเก็บเงินง่ายๆ (Million)",120217524683550260,2026-05-04,not_delivering,ad,,,,,0,,0,0,,,,,,,,,2026-05-04,2026-05-04
"[22.10.25][มิ้น] ประโยคฮีลใจ (Tried)",120239101580120260,2026-05-04,inactive,ad,,,,,0,,0,0,,,,,,,,,2026-05-04,2026-05-04
"[22.10.25][มิ้น] เพราะในทุกความเกลียด (Remains) (Reels)",120243030760370260,2026-05-04,not_delivering,ad,,,,,0,,0,0,,,,,,,,,2026-05-04,2026-05-04
"[11.02.25][มิ้น] 5 ข้อคิด (Kiwtum)",120220255029110260,2026-05-04,not_delivering,ad,,,,,0,,0,0,,,,,,,,,2026-05-04,2026-05-04
"[16.01.25] [มิ้น] รวม 5 ข้อที่ First Jobber มักพลาด (ภาษี) (Million)",120218741503680260,2026-05-04,not_delivering,ad,,,,,0,,0,0,,,,,,,,,2026-05-04,2026-05-04
"[10.05.25][มิ้น] 2 เล่มขายดี จาก May-I (Promotion_Pack)",120228491430410260,2026-05-04,inactive,ad,,,,,0,,0,0,,,,,,,,,2026-05-04,2026-05-04
"[18.11.25][มิ้น] อยู่คนเดียวเป็นเรื่องยาก ? (Ghostly)",120240804520150260,2026-05-04,not_delivering,ad,,,,,0,,0,0,,,,,,,,,2026-05-04,2026-05-04
"[03.09.25][มิ้น] อยากให้ทุกคนอ่าน (Ghostly) - Copy",120240491331670260,2026-05-04,not_delivering,ad,,,,,0,,0,0,,,,,,,,,2026-05-04,2026-05-04
"[19.03.25][มิ้น] สัมภาษณ์คุณปั๊มลายเซ็น (Kiwtum)",120222379819390260,2026-05-04,not_delivering,ad,,,,,0,,0,0,,,,,,,,,2026-05-04,2026-05-04
"[13.11.25][มิ้น] โคตรจะชอบประโยคนี้เลย (Demons) (Reels)",120243183254380260,2026-05-04,not_delivering,ad,,,,,0,,0,0,,,,,,,,,2026-05-04,2026-05-04
"[14.08.25][มิ้น] แด่คนที่แคร์ทุกคน (Witches)",120234870159660260,2026-05-04,not_delivering,ad,,,,,0,,0,0,,,,,,,,,2026-05-04,2026-05-04
"[05.03.26][มิ้น] เพราะพรุ่งนี้ที่รออาจจะมาไม่ถึง (Kiwtum)",120247721024160260,2026-05-04,not_delivering,ad,"การซื้อบน Meta",1,158.91,339,158.91,2.13328299,1112,998,1,1,158.91,2,6,9.17266187,142.90467626,1,2026-05-04,2026-05-04
"[24.03.25][มิ้น] 5 ข้อคิดที่ได้จากหนังสือ (Gift)",120222717893170260,2026-05-04,inactive,ad,,,,,0,,0,0,,,,,,,,,2026-05-04,2026-05-04
"[20.01.25][Garden_Boxset][มิ้น][VDO] 5 ประโยคปลดล็อค",120220348271330260,2026-05-04,inactive,ad,,,,,0,,0,0,,,,,,,,,2026-05-04,2026-05-04
"[21.04.25][มิ้น] เงินมาจากไหน? (Million)",120226407731760260,2026-05-04,inactive,ad,,,,,0,,0,0,,,,,,,,,2026-05-04,2026-05-04
"[23.10.24] [มิ้น] โดนตกจากประโยคหลังปก (Life)",120216630691170260,2026-05-04,not_delivering,ad,,,,,0,,0,0,,,,,,,,,2026-05-04,2026-05-04
"[29.10.25][มิ้น] 2 หนังสือเรียกน้ำตา (Remains)",120240911083260260,2026-05-04,archived,ad,,,,,0,,0,0,,,,,,,,,2026-05-04,2026-05-04
"[28.08.24] [มิ้น] ประโยคดี ๆ ที่ควรอ่าน (ปีศาจ)",120215085473820260,2026-05-04,inactive,ad,,,,,0,,0,0,,,,,,,,,2026-05-04,2026-05-04
"[05.04.26][มิ้น] ก่อนที่คนเราจะตาย (Ghostly)",120246688339870260,2026-05-04,inactive,ad,,,,,0,,0,0,,,,,,,,,2026-05-04,2026-05-04
"[26.11.24] [มิ้น] อาจเป็นเพราะคงแตกสลายไปมากว่านี้ไม่ไหวแล้ว แพ็กคู่โอบกอดดอกไม้ 579",120217324435530260,2026-05-04,not_delivering,ad,,,,,0,,0,0,,,,,,,,,2026-05-04,2026-05-04
"[16.07.25][มิ้น] แด่ความโดดเดี่ยว (Ghostly)",120233369166190260,2026-05-04,inactive,ad,,,,,0,,0,0,,,,,,,,,2026-05-04,2026-05-04
"[07.10.25][มิ้น] ชอบคนใจดี (Ghostly)",120238261632560260,2026-05-04,not_delivering,ad,,,,,0,,0,0,,,,,,,,,2026-05-04,2026-05-04
"[07.03.25][มิ้น] สัมภาษณ์คุณเม เล่มใหม่ล่าสุด (Witches)",120222333547900260,2026-05-04,not_delivering,ad,,,,,0,,0,0,,,,,,,,,2026-05-04,2026-05-04
"[20.01.25][Garden_Boxset][มิ้น][VDO] 5 ประโยคปลดล็อค",120219755274100260,2026-05-04,archived,ad,,,,,0,,0,0,,,,,,,,,2026-05-04,2026-05-04
"[12.11.25][มิ้น] เริ่มต้นปีใหม่ (ปีศาจตัวนั้น)",120240372637970260,2026-05-04,inactive,ad,,,,,0,,0,0,,,,,,,,,2026-05-04,2026-05-04
"[13.08.25][มิ้น] ประโยคที่อ่านแล้วน้ำตาซึม (ปีศาจตัวนั้น)",120234820837200260,2026-05-04,inactive,ad,,,,,0,,0,0,,,,,,,,,2026-05-04,2026-05-04
"[09.04.25][มิ้น] เมษายน เดือนแห่งความทรงจำ (Gift)",120225061936390260,2026-05-04,inactive,ad,,,,,0,,0,0,,,,,,,,,2026-05-04,2026-05-04
"[24.06.25][มิ้น] หนังสือฮีลใจเหมือนเพื่อนสนิท (Witches)",120231574857240260,2026-05-04,inactive,ad,,,,,0,,0,0,,,,,,,,,2026-05-04,2026-05-04
"[22.02.25][มิ้น] PAYDAY ลดครั้งใหญ่จักรวาลฮีลใจ (Promotion_Payday)",120220637832370260,2026-05-04,archived,ad,,,,,0,,0,0,,,,,,,,,2026-05-04,2026-05-04
"[11.02.25][มิ้น] Unboxing new book (Kiwtum)",120219598935830260,2026-05-04,inactive,ad,,,,,0,,0,0,,,,,,,,,2026-05-04,2026-05-04
"[20.01.25][Garden_Boxset][มิ้น][VDO] 5 ประโยคปลดล็อค",120220348271280260,2026-05-04,archived,ad,,,,,0,,0,0,,,,,,,,,2026-05-04,2026-05-04
"[11.02.25][มิ้น] Unboxing new book (Kiwtum)",120220992197250260,2026-05-04,inactive,ad,,,,,0,,0,0,,,,,,,,,2026-05-04,2026-05-04
"[01.10.25][มิ้น] ประโยคที่ชอบจากหนังสือ (ปีศาจตัวนั้น)",120238524070890260,2026-05-04,not_delivering,ad,,,,,0,,0,0,,,,,,,,,2026-05-04,2026-05-04
"[11.02.25][มิ้น] สัมภาษณ์คุณปั๊ม คิ้วต่ำ (Kiwtum)",120219600040510260,2026-05-04,inactive,ad,,,,,0,,0,0,,,,,,,,,2026-05-04,2026-05-04
"[07.03.25][มิ้น] ASMR Unboxing (Witches)",120221516160120260,2026-05-04,inactive,ad,,,,,0,,0,0,,,,,,,,,2026-05-04,2026-05-04
"[19.03.25][มิ้น] สัมภาษณ์คุณปั๊มลายเซ็น (Kiwtum)",120222379922770260,2026-05-04,inactive,ad,,,,,0,,0,0,,,,,,,,,2026-05-04,2026-05-04
"[21.03.25][มิ้น] สัมภาษณ์คุณบุ๋ม (Gift)",120222449447470260,2026-05-04,inactive,ad,,,,,0,,0,0,,,,,,,,,2026-05-04,2026-05-04
"[14.05.25][มิ้น] ผู้คนเกลียดชังความเศร้า (Embrace)",120228625505730260,2026-05-04,inactive,ad,,,,,0,,0,0,,,,,,,,,2026-05-04,2026-05-04
"[01.07.25][มิ้น] สิ่งที่หนังสือเล่มนี้อยากพูดถึง (Ghostly)",120232038080720260,2026-05-04,not_delivering,ad,,,,,0,,0,0,,,,,,,,,2026-05-04,2026-05-04
"[14.05.25][มิ้น] 5 ประโยคเติมไฟให้ชีวิต (Witches)",120228641692950260,2026-05-04,inactive,ad,,,,,0,,0,0,,,,,,,,,2026-05-04,2026-05-04
"[11.02.25][มิ้น] ประโยคหลังปก (Kiwtum)",120220995231580260,2026-05-04,inactive,ad,,,,,0,,0,0,,,,,,,,,2026-05-04,2026-05-04
"[03.09.25][มิ้น] Unboxing New Books (Demons)",120235860525400260,2026-05-04,archived,ad,,,,,0,,0,0,,,,,,,,,2026-05-04,2026-05-04
"[21.04.25][มิ้น] หนังสือเล่มนี้บอกเอาไว้ว่า (Gift)",120226408215550260,2026-05-04,not_delivering,ad,,,,,0,,0,0,,,,,,,,,2026-05-04,2026-05-04
"[24.02.25][มิ้น] บทที่ 1 ที่คิ้วต่ำอยากแนะนำ (Kiwtum)",120220866997870260,2026-05-04,inactive,ad,,,,,0,,0,0,,,,,,,,,2026-05-04,2026-05-04
"[25.03.25][มิ้น] 5 ข้อคิด (Witches)",120222719155900260,2026-05-04,inactive,ad,,,,,0,,0,0,,,,,,,,,2026-05-04,2026-05-04
"[26.01.25][มิ้น] เดือนแรกของปีกำลังจะผ่านไปแล้วนะ (Helmet_Boxset)",120219070170600260,2026-05-04,not_delivering,ad,,,,,0,,0,0,,,,,,,,,2026-05-04,2026-05-04
"[27.11.24] [มิ้น] 5 คำเตือนสุดท้ายของชีวิต (Ghost)",120217392489500260,2026-05-04,not_delivering,ad,,,,,0,,0,0,,,,,,,,,2026-05-04,2026-05-04
"[11.02.25][มิ้น] สัมภาษณ์คุณปั๊ม คิ้วต่ำ (Kiwtum)",120219833068490260,2026-05-04,not_delivering,ad,,,,,0,,0,0,,,,,,,,,2026-05-04,2026-05-04
"[11.02.25][มิ้น] 5 ข้อคิด (Kiwtum)",120219599908700260,2026-05-04,not_delivering,ad,,,,,0,,0,0,,,,,,,,,2026-05-04,2026-05-04
"[25.12.24] [มิ้น] unboxing new book (Kidmakk)",120218127336220260,2026-05-04,inactive,ad,,,,,0,,0,0,,,,,,,,,2026-05-04,2026-05-04
"[28.02.25][มิ้น] 3.3 ชีเสิร์ฟไม่พัก ซื้อ 3 แถม 1 (Promotion_DD)",120221370329240260,2026-05-04,archived,ad,,,,,0,,0,0,,,,,,,,,2026-05-04,2026-05-04
"[07.03.25][มิ้น] ASMR Unboxing (Witches)",120221597207520260,2026-05-04,inactive,ad,,,,,0,,0,0,,,,,,,,,2026-05-04,2026-05-04
"[07.01.25] [มิ้น] ปีใหม่นี้ หนังสือเล่มนี้อยากบอกคุณว่า… (Embrace)",120218567887230260,2026-05-04,inactive,ad,,,,,0,,0,0,,,,,,,,,2026-05-04,2026-05-04
"[11.02.25][มิ้น] Unboxing new book (Kiwtum)",120219733071990260,2026-05-04,inactive,ad,,,,,0,,0,0,,,,,,,,,2026-05-04,2026-05-04
"[24.09.25][มิ้น] รู้ว่า Toxic ทำไมไม่ออกมา (ปีศาจตัวนั้น)",120237441377390260,2026-05-04,not_delivering,ad,,,,,0,,0,0,,,,,,,,,2026-05-04,2026-05-04
"[21.12.24] [มิ้น] สัมภาษณ์คุณคิดมาก (kidmakk)",120217962416540260,2026-05-04,inactive,ad,,,,,0,,0,0,,,,,,,,,2026-05-04,2026-05-04
"[22.05.25][มิ้น] หนังสือใหม่ออกมาอีกละ!!! (Ghostly)",120229091502580260,2026-05-04,inactive,ad,,,,,0,,0,0,,,,,,,,,2026-05-04,2026-05-04
"[17.03.25][มิ้น] การ์ดอยากบอกอะไรคุณ (Witches)",120226205495190260,2026-05-04,inactive,ad,,,,,0,,0,0,,,,,,,,,2026-05-04,2026-05-04
"[21.01.25] [มิ้น] Unboxing หนังสือฮีลใจเล่มใหม่ 2025 (Home)",120218671484760260,2026-05-04,not_delivering,ad,,,,,0,,0,0,,,,,,,,,2026-05-04,2026-05-04
"[07.03.25][มิ้น] สัมภาษณ์คุณเม เล่มใหม่ล่าสุด (Witches)",120221515241920260,2026-05-04,inactive,ad,,,,,0,,0,0,,,,,,,,,2026-05-04,2026-05-04
"[21.03.25][มิ้น] สัมภาษณ์คุณบุ๋ม (Gift)",120222458416000260,2026-05-04,inactive,ad,,,,,0,,0,0,,,,,,,,,2026-05-04,2026-05-04
"[30.04.25][มิ้น] ใครที่ยัง Move On ไม่ได้ (ปีศาจตัวนั้นคือฉันเอง)",120227310642770260,2026-05-04,not_delivering,ad,,,,,0,,0,0,,,,,,,,,2026-05-04,2026-05-04
"[07.03.25][มิ้น] ASMR Unboxing (Witches)",120221597230060260,2026-05-04,inactive,ad,,,,,0,,0,0,,,,,,,,,2026-05-04,2026-05-04
"[06.09.25][มิ้น] แด่ทุกชีวิตที่กำลังต่อสู้ (Ghostly)",120236606361000260,2026-05-04,inactive,ad,,,,,0,,0,0,,,,,,,,,2026-05-04,2026-05-04
"[23.10.24] [มิ้น] โดนตกจากประโยคหลังปก (Life)",120216576813250260,2026-05-04,not_delivering,ad,,,,,0,,0,0,,,,,,,,,2026-05-04,2026-05-04
"[11.06.25][มิ้น] ชอบประโยคไหนในหนังสือ (Witches)",120230768619790260,2026-05-04,inactive,ad,,,,,0,,0,0,,,,,,,,,2026-05-04,2026-05-04
"[25.10.25][มิ้น] ป้ายยา 2 หนังสือ (Remains)",120239272581820260,2026-05-04,inactive,ad,,,,,0,,0,0,,,,,,,,,2026-05-04,2026-05-04
"[27.11.25][มิ้น] ถ้ารอต่อไปอีกหน่อย (Demons)",120241143766190260,2026-05-04,inactive,ad,,,,,0,,0,0,,,,,,,,,2026-05-04,2026-05-04
"[22.09.25][มิ้น] เล่มใหม่ 1000/100 (Remains)",120237922435310260,2026-05-04,inactive,ad,,,,,0,,0,0,,,,,,,,,2026-05-04,2026-05-04
"[04.06.25][มิ้น] รีวิวหนังสือเล่มดัง (ปีศาจตัวนั้น)",120229984504930260,2026-05-04,inactive,ad,,,,,0,,0,0,,,,,,,,,2026-05-04,2026-05-04
"[19.10.25][มิ้น] คำพูดคนที่รักเจ็บที่สุด (Demons)",120239588981800260,2026-05-04,not_delivering,ad,,,,,0,,0,0,,,,,,,,,2026-05-04,2026-05-04
"[04.06.25][มิ้น] รีวิวหนังสือเล่มดัง (ปีศาจตัวนั้น)",120230745176190260,2026-05-04,not_delivering,ad,,,,,0,,0,0,,,,,,,,,2026-05-04,2026-05-04
"[07.06.25][มิ้น][Cross Page] หนังสือใหม่ออกมาอีกละ!!! (Ghostly)",120230113498790260,2026-05-04,inactive,ad,,,,,0,,0,0,,,,,,,,,2026-05-04,2026-05-04
"[16.07.25][มิ้น] แด่ความโดดเดี่ยว (Ghostly)",120235300316590260,2026-05-04,archived,ad,,,,,0,,0,0,,,,,,,,,2026-05-04,2026-05-04
"[18.04.25][มิ้น] ก่อนนอน อยากให้คุณได้อ่าน (Kiwtum)",120227045599500260,2026-05-04,inactive,ad,,,,,0,,0,0,,,,,,,,,2026-05-04,2026-05-04
"[24.07.25][มิ้น] นี่ไม่ใช่แค่ไพ่ดูดวง (Witches)",120233372355760260,2026-05-04,inactive,ad,,,,,0,,0,0,,,,,,,,,2026-05-04,2026-05-04
"[11.06.25][มิ้น] ชอบประโยคไหนในหนังสือ (Witches)",120230543963550260,2026-05-04,inactive,ad,,,,,0,,0,0,,,,,,,,,2026-05-04,2026-05-04
"[08.09.25][มิ้น] 5 ข้อคิดจากหนังสือ (Demons)",120236525260590260,2026-05-04,not_delivering,ad,,,,,0,,0,0,,,,,,,,,2026-05-04,2026-05-04
"[02.06.25][มิ้น] รีแอค ขมิ้น (Ghostly)",120232623740930260,2026-05-04,not_delivering,ad,,,,,0,,0,0,,,,,,,,,2026-05-04,2026-05-04
"[22.05.25][มิ้น] จะเป็นยังไง! เมื่อคนที่หมดแพชชัน  ต้องไปเป็นที่ปรึกษาให้เหล่าดวงวิญญาณ (Ghostly)",120229087528160260,2026-05-04,inactive,ad,,,,,0,,0,0,,,,,,,,,2026-05-04,2026-05-04
"[25.03.35][มิ้น] ประโยคหลังปก (Gift)",120222719726090260,2026-05-04,inactive,ad,,,,,0,,0,0,,,,,,,,,2026-05-04,2026-05-04
"[14.07.25][มิ้น] คำคมคาปิบาร่า (Capybara)",120232767174380260,2026-05-04,inactive,ad,,,,,0,,0,0,,,,,,,,,2026-05-04,2026-05-04
"[03.09.25][มิ้น] หนังเล่มใหม่ที่อานแล้วน้ำตาซึม (Demons)",120235859067900260,2026-05-04,inactive,ad,,,,,0,,0,0,,,,,,,,,2026-05-04,2026-05-04
"[21.05.25][มิ้น] หนังสือที่ว่าฮีลใจแล้ว… (Witches)",120229039443070260,2026-05-04,inactive,ad,,,,,0,,0,0,,,,,,,,,2026-05-04,2026-05-04
"[19.09.25][มิ้น] จากกระแส 1000/100 (Remains)",120238789463260260,2026-05-04,inactive,ad,,,,,0,,0,0,,,,,,,,,2026-05-04,2026-05-04
"[07.08.25][มิ้น] ชอบประโยคไหน (Tried)",120234945219180260,2026-05-04,not_delivering,ad,,,,,0,,0,0,,,,,,,,,2026-05-04,2026-05-04
"[13.05.25][มิ้น] ปีศาจที่ทำร้ายตัวเรา (ปีศาจตัวนั้น)",120228623738060260,2026-05-04,not_delivering,ad,,,,,0,,0,0,,,,,,,,,2026-05-04,2026-05-04
"[22.05.25][มิ้น] จะเป็นยังไง! เมื่อคนที่หมดแพชชัน  ต้องไปเป็นที่ปรึกษาให้เหล่าดวงวิญญาณ (Ghostly)",120229445590540260,2026-05-04,inactive,ad,,,,,0,,0,0,,,,,,,,,2026-05-04,2026-05-04
"[02.06.25][มิ้น] แนะนำหนังสือที่อยากให้อ่านสักครั้ง (ปีศาจตัวนั้น)",120229839125370260,2026-05-04,inactive,ad,,,,,0,,0,0,,,,,,,,,2026-05-04,2026-05-04
"[28.02.25][มิ้น] 3.3 ชีเสิร์ฟไม่พัก ซื้อ 3 แถม 1 (Promotion_DD)",120222074507630260,2026-05-04,inactive,ad,,,,,0,,0,0,,,,,,,,,2026-05-04,2026-05-04
"[19.06.25][มิ้น] อย่าพูดบั่นทอนด้วยคำพูดแย่ ๆ (Witches)",120231262655410260,2026-05-04,inactive,ad,,,,,0,,0,0,,,,,,,,,2026-05-04,2026-05-04
"[27.08.25][มิ้น] ซื้อ Boxset แถม Magic Planner (Witches)",120235754838580260,2026-05-04,not_delivering,ad,,,,,0,,0,0,,,,,,,,,2026-05-04,2026-05-04
"[11.10.25][มิ้น] ถ้าวันไหนไม่มีใครเข้าใจ (Tried)",120238408717990260,2026-05-04,inactive,ad,,,,,0,,0,0,,,,,,,,,2026-05-04,2026-05-04
"[11.02.25][มิ้น] สัมภาษณ์คุณปั๊ม คิ้วต่ำ (Kiwtum)",120221484267570260,2026-05-04,not_delivering,ad,,,,,0,,0,0,,,,,,,,,2026-05-04,2026-05-04
"[03.09.25][มิ้น] Unboxing New Books (Demons)",120236324479790260,2026-05-04,not_delivering,ad,,,,,0,,0,0,,,,,,,,,2026-05-04,2026-05-04
"[20.08.25][มิ้น] ไม่เคยคิดว่าแค่หนังสือเล่มเดียว (Ghostly)",120236003389040260,2026-05-04,not_delivering,ad,,,,,0,,0,0,,,,,,,,,2026-05-04,2026-05-04
"[16.10.25][มิ้น] คุณยังโทษตัวเองอยู่ไหม (Remains)",120238718668130260,2026-05-04,not_delivering,ad,,,,,0,,0,0,,,,,,,,,2026-05-04,2026-05-04
"[01.10.25][มิ้น] ประโยคที่ชอบจากหนังสือ (ปีศาจตัวนั้น)",120237852406030260,2026-05-04,not_delivering,ad,,,,,0,,0,0,,,,,,,,,2026-05-04,2026-05-04
"[25.03.35][มิ้น] ประโยคหลังปก (Gift)",120222719696580260,2026-05-04,inactive,ad,,,,,0,,0,0,,,,,,,,,2026-05-04,2026-05-04
"[07.01.25] [มิ้น] ปีใหม่นี้ หนังสือเล่มนี้อยากบอกคุณว่า… (Embrace)",120218402724890260,2026-05-04,not_delivering,ad,,,,,0,,0,0,,,,,,,,,2026-05-04,2026-05-04
"[14.05.25][มิ้น] ผู้คนเกลียดชังความเศร้า (Embrace)",120228641664520260,2026-05-04,inactive,ad,,,,,0,,0,0,,,,,,,,,2026-05-04,2026-05-04
"[23.05.25][มิ้น] 3 เรื่องลับ (Witches)",120229270560000260,2026-05-04,inactive,ad,,,,,0,,0,0,,,,,,,,,2026-05-04,2026-05-04
"[23.04.25][มิ้น] เติมสต็อกให้แล้วรีบซื้อด่วน! (Witches)",120226536392980260,2026-05-04,inactive,ad,,,,,0,,0,0,,,,,,,,,2026-05-04,2026-05-04
"[27.05.25][มิ้น] สัมภาษณ์คุณหมึกซึม (Ghostly)",120229557316430260,2026-05-04,inactive,ad,,,,,0,,0,0,,,,,,,,,2026-05-04,2026-05-04
"[24.06.25][มิ้น] มีชีวิตอยู่ไปเพื่อ? (Ghostly)",120231575853610260,2026-05-04,inactive,ad,,,,,0,,0,0,,,,,,,,,2026-05-04,2026-05-04
"[08.10.25][มิ้น] แชร์ 10 ประโยค (Demons)",120238217029860260,2026-05-04,not_delivering,ad,,,,,0,,0,0,,,,,,,,,2026-05-04,2026-05-04
"[19.02.25][มิ้น] เล่มใหม่มาแรง (Kiwtum)",120220278342050260,2026-05-04,inactive,ad,,,,,0,,0,0,,,,,,,,,2026-05-04,2026-05-04
"[14.07.25][มิ้น] ประโยคก่อนนอน 2 (Kiwtum)",120232767093360260,2026-05-04,not_delivering,ad,,,,,0,,0,0,,,,,,,,,2026-05-04,2026-05-04
"[16.07.25][มิ้น] แด่ความโดดเดี่ยว (Ghostly)",120232820429290260,2026-05-04,not_delivering,ad,,,,,0,,0,0,,,,,,,,,2026-05-04,2026-05-04
"[15.01.25][มิ้น] มนุษย์เป็ด [Capybara_Boxset]",120218602805120260,2026-05-04,not_delivering,ad,,,,,0,,0,0,,,,,,,,,2026-05-04,2026-05-04
"[11.02.25][มิ้น] สัมภาษณ์คุณปั๊ม คิ้วต่ำ (Kiwtum)",120220683153840260,2026-05-04,not_delivering,ad,,,,,0,,0,0,,,,,,,,,2026-05-04,2026-05-04
"[25.03.35][มิ้น] ประโยคหลังปก (Gift)",120222719741420260,2026-05-04,inactive,ad,,,,,0,,0,0,,,,,,,,,2026-05-04,2026-05-04
"[04.10.24] [มิ้น] ถ้าวันนี้เป็นวันสุดท้าย คุณจะทำอะไร? (Ghost)",120216040050680260,2026-05-04,not_delivering,ad,,,,,0,,0,0,,,,,,,,,2026-05-04,2026-05-04
"[06.12.24] [มิ้น] เก็บเงินง่าย ๆ ด้วยกฎ 50 30 20 (Million)",120217605842440260,2026-05-04,not_delivering,ad,,,,,0,,0,0,,,,,,,,,2026-05-04,2026-05-04
"[17.07.25] [ขมิ้น] Podcast ความสัมพันธ์ Toxic (Ghostly)",120232924399920260,2026-05-04,inactive,ad,,,,,0,,0,0,,,,,,,,,2026-05-04,2026-05-04
"[31.01.25][มิ้น] นี่คือ 3 เล่ม ที่อยากแนะนำ (Engage)",120219325951360260,2026-05-04,not_delivering,ad,,,,,0,,0,0,,,,,,,,,2026-05-04,2026-05-04
"[15.10.24] [มิ้น] จุดเปลี่ยนของชีวิต (Life)",120216576773560260,2026-05-04,not_delivering,ad,,,,,0,,0,0,,,,,,,,,2026-05-04,2026-05-04
"[23.10.24] [มิ้น] โดนตกจากประโยคหลังปก (Life)",120216631300170260,2026-05-04,not_delivering,ad,,,,,0,,0,0,,,,,,,,,2026-05-04,2026-05-04
"[07.10.24] [มิ้น] หมูเด้งดังแล้ว อย่าลืมคาปิบาร่า (คาปิบาร่า_box set)",120216121872880260,2026-05-04,inactive,ad,,,,,0,,0,0,,,,,,,,,2026-05-04,2026-05-04
"[26.08.24] [มิ้น] ไม่ชอบส่วนไหนในร่างกาย (Helmet_Boxset)",120216013707560260,2026-05-04,inactive,ad,,,,,0,,0,0,,,,,,,,,2026-05-04,2026-05-04
"[22.02.25][มิ้น] PAYDAY ลดครั้งใหญ่จักรวาลฮีลใจ (Promotion_Payday)",120220637852670260,2026-05-04,inactive,ad,,,,,0,,0,0,,,,,,,,,2026-05-04,2026-05-04
"[02.01.24] [มิ้น] เวลาที่คุณรู้สึกเศร้า (Embrace)",120218302698680260,2026-05-04,not_delivering,ad,,,,,0,,0,0,,,,,,,,,2026-05-04,2026-05-04
"[11.02.25][มิ้น] ประโยคจากคุณปั๊ม คิ้วต่ำ (Kiwtum)",120219599771690260,2026-05-04,inactive,ad,,,,,0,,0,0,,,,,,,,,2026-05-04,2026-05-04
"[07.03.25][มิ้น] วางแผนการเงิน = ชีวิตมีความสุข (Million)",120221523103950260,2026-05-04,inactive,ad,,,,,0,,0,0,,,,,,,,,2026-05-04,2026-05-04
"[21.01.25] [มิ้น] บทที่ 4 จดหมายจากพระจันทร์ (Home)",120218668096380260,2026-05-04,not_delivering,ad,,,,,0,,0,0,,,,,,,,,2026-05-04,2026-05-04
"[11.02.25][มิ้น] ประโยคจากคุณปั๊ม คิ้วต่ำ (Kiwtum)",120219599077320260,2026-05-04,inactive,ad,,,,,0,,0,0,,,,,,,,,2026-05-04,2026-05-04
"[21.09.24] [มิ้น] คนเราแตกสลายได้กี่ครั้ง",120216689852610260,2026-05-04,inactive,ad,,,,,0,,0,0,,,,,,,,,2026-05-04,2026-05-04
"[10.01.25] [มิ้น] แด่ทุการเริ่มต้นใหม่ (Life)",120218488655620260,2026-05-04,not_delivering,ad,,,,,0,,0,0,,,,,,,,,2026-05-04,2026-05-04
"[22.09.24] [มิ้น] ของขวัญรับปริญญา",120215767639170260,2026-05-04,not_delivering,ad,,,,,0,,0,0,,,,,,,,,2026-05-04,2026-05-04
"[11.02.25][มิ้น] สัมภาษณ์คุณปั๊ม คิ้วต่ำ (Kiwtum)",120219733237050260,2026-05-04,inactive,ad,,,,,0,,0,0,,,,,,,,,2026-05-04,2026-05-04
"[17.03.25][มิ้น] การ์ดอยากบอกอะไรคุณ (Witches)",120222282078900260,2026-05-04,inactive,ad,,,,,0,,0,0,,,,,,,,,2026-05-04,2026-05-04
"[21.01.25] [มิ้น] บทที่ 4 จดหมายจากพระจันทร์ (Home)",120218670185810260,2026-05-04,not_delivering,ad,,,,,0,,0,0,,,,,,,,,2026-05-04,2026-05-04
"[17.02.26][มิ้น] 20 เล่มลายเซ็น (Trap)",120248305688990260,2026-05-04,not_delivering,ad,การสนทนาผ่านการส่งข้อความที่เริ่มขึ้น,2,124.14,339,248.28,1.36539391,2689,2210,1,2,124.14,1,8,1.63629602,92.33172183,0.5,2026-05-04,2026-05-04
"[15.10.24] [มิ้น] จุดเปลี่ยนของชีวิต (Life)",120216576737310260,2026-05-04,not_delivering,ad,,,,,0,,0,0,,,,,,,,,2026-05-04,2026-05-04
"[15.10.24] [มิ้น] จุดเปลี่ยนของชีวิต (Life)",120216380479460260,2026-05-04,not_delivering,ad,,,,,0,,0,0,,,,,,,,,2026-05-04,2026-05-04
"[19.08.24] [มิ้น] แนะนำหนังสือฮีลใจเล่มใหม่ล่าสุด (Helmet_Boxset)",120214962247640260,2026-05-04,not_delivering,ad,,,,,0,,0,0,,,,,,,,,2026-05-04,2026-05-04
"[23.10.24] [มิ้น] โดนตกจากประโยคหลังปก (Life)",120216499517580260,2026-05-04,archived,ad,,,,,0,,0,0,,,,,,,,,2026-05-04,2026-05-04
"[07.11.24] [มิ้น] 11.11 โปรรับหน้าหนาว (1,111)",120216873415410260,2026-05-04,not_delivering,ad,,,,,0,,0,0,,,,,,,,,2026-05-04,2026-05-04
"[02.10.24] [มิ้น] เมื่อที่เรารู้สึกเฟลกับชีวิต (ปีศาจ)",120215995583080260,2026-05-04,inactive,ad,,,,,0,,0,0,,,,,,,,,2026-05-04,2026-05-04
"[23.10.24] [มิ้น] โดนตกจากประโยคหลังปก (Life)",120217230559080260,2026-05-04,not_delivering,ad,,,,,0,,0,0,,,,,,,,,2026-05-04,2026-05-04
"[27.11.24] [มิ้น] 5 คำเตือนสุดท้ายของชีวิต (Ghost)",120217525456020260,2026-05-04,not_delivering,ad,,,,,0,,0,0,,,,,,,,,2026-05-04,2026-05-04
"[16.01.25] [มิ้น] ข่าวด่วนจนต้องบุก“นายอินทร์” (Promotion_Pack)",120218663135930260,2026-05-04,archived,ad,,,,,0,,0,0,,,,,,,,,2026-05-04,2026-05-04
"[14.01.25] [มิ้น] หนังสือฮีลใจทุกแพ็กเหมาคู่ 660.- (Promotion_MidMonth)",120218559411130260,2026-05-04,not_delivering,ad,,,,,0,,0,0,,,,,,,,,2026-05-04,2026-05-04
"[06.02.25][มิ้น] บทที่ 3 คนแปลกหน้าในฐานะคนรู้จัก (Embrace)",120219540052950260,2026-05-04,inactive,ad,,,,,0,,0,0,,,,,,,,,2026-05-04,2026-05-04
"[26.08.24] [มิ้น] ไม่ชอบส่วนไหนในร่างกาย (Helmet_Boxset)",120215258457340260,2026-05-04,inactive,ad,,,,,0,,0,0,,,,,,,,,2026-05-04,2026-05-04
"[22.02.25][มิ้น] PAYDAY ลดครั้งใหญ่จักรวาลฮีลใจ (Promotion_Payday)",120220592143110260,2026-05-04,not_delivering,ad,,,,,0,,0,0,,,,,,,,,2026-05-04,2026-05-04
"[21.09.24] [มิ้น] คนเราแตกสลายได้กี่ครั้ง",120215811542000260,2026-05-04,not_delivering,ad,,,,,0,,0,0,,,,,,,,,2026-05-04,2026-05-04
"[10.01.25] [มิ้น] Challenge เก็บเงิน 50:30:20 (Short) (Million)",120218486318180260,2026-05-04,inactive,ad,,,,,0,,0,0,,,,,,,,,2026-05-04,2026-05-04
"[24.02.25][มิ้น] 5 เหตุผลที่หนังสือเล่มนี้ควรอยู่ข้างกายคุณ (Home)",120220870197100260,2026-05-04,inactive,ad,,,,,0,,0,0,,,,,,,,,2026-05-04,2026-05-04
"[11.02.25][มิ้น] สัมภาษณ์คุณปั๊ม คิ้วต่ำ (Kiwtum) คลิปยาว",120221509565210260,2026-05-04,not_delivering,ad,,,,,0,,0,0,,,,,,,,,2026-05-04,2026-05-04
"[23.10.24] [มิ้น] โดนตกจากประโยคหลังปก (Life)",120216556769990260,2026-05-04,not_delivering,ad,,,,,0,,0,0,,,,,,,,,2026-05-04,2026-05-04
"[12.11.24] [มิ้น] 2 หนังสือเล่มใหม่ที่ถูกเขียนด้วยน้ำตา แพ็กคู่ 529",120216964559130260,2026-05-04,not_delivering,ad,,,,,0,,0,0,,,,,,,,,2026-05-04,2026-05-04
"[11.02.25][มิ้น] ประโยคจากคุณปั๊ม คิ้วต่ำ (Kiwtum)",120219600093190260,2026-05-04,inactive,ad,,,,,0,,0,0,,,,,,,,,2026-05-04,2026-05-04
"[21.01.25] [มิ้น] 5 ข้อคิด (Home)",120218671519880260,2026-05-04,inactive,ad,,,,,0,,0,0,,,,,,,,,2026-05-04,2026-05-04
"[22.05.25][มิ้น] จะเป็นยังไง! เมื่อคนที่หมดแพชชัน ต้องไปเป็นที่ปรึกษาให้เหล่าดวงวิญญาณ (Ghostly)",120230640312900260,2026-05-04,not_delivering,ad,,,,,0,,0,0,,,,,,,,,2026-05-04,2026-05-04
"[25.01.25][มิ้น] 5 ข้อคิดหลังอ่านเล่นนี้จบ (Ghost)",120219025696050260,2026-05-04,not_delivering,ad,,,,,0,,0,0,,,,,,,,,2026-05-04,2026-05-04
"[09.10.14] [มิ้น] แด่รักข้างเดียว (โอบกอด)",120216499793980260,2026-05-04,not_delivering,ad,,,,,0,,0,0,,,,,,,,,2026-05-04,2026-05-04
"[13.11.24] [มิ้น] แยกย้ายไปเติบโต (โอบกอด)",120217392054660260,2026-05-04,not_delivering,ad,,,,,0,,0,0,,,,,,,,,2026-05-04,2026-05-04
"[13.11.24] [มิ้น] แยกย้ายไปเติบโต (โอบกอด)",120217324834700260,2026-05-04,inactive,ad,,,,,0,,0,0,,,,,,,,,2026-05-04,2026-05-04
"[28.02.25][มิ้น] 3.3 ชีเสิร์ฟไม่พัก ซื้อ 3 แถม 1 (Promotion_DD)",120221295871260260,2026-05-04,inactive,ad,,,,,0,,0,0,,,,,,,,,2026-05-04,2026-05-04
"[14.11.24] [มิ้น] 5 เหตุผลทำไมต้องซื้อเล่มนี้ (Life)",120217166767690260,2026-05-04,not_delivering,ad,,,,,0,,0,0,,,,,,,,,2026-05-04,2026-05-04
"[21.01.25] [มิ้น] บทที่ 4 จดหมายจากพระจันทร์ (Home)",120218670228440260,2026-05-04,not_delivering,ad,,,,,0,,0,0,,,,,,,,,2026-05-04,2026-05-04
"[11.02.25][มิ้น] Unboxing new book (Kiwtum)",120219599842260260,2026-05-04,inactive,ad,,,,,0,,0,0,,,,,,,,,2026-05-04,2026-05-04
"[16.01.25][VDO][มิ้น][Garden_เล่มเดี่ยว] ความรักกับดอกไม้",120218618278350260,2026-05-04,inactive,ad,,,,,0,,0,0,,,,,,,,,2026-05-04,2026-05-04
"[20.01.25][Garden_Boxset][มิ้น][VDO] 5 ประโยคปลดล็อค",120218619917750260,2026-05-04,inactive,ad,,,,,0,,0,0,,,,,,,,,2026-05-04,2026-05-04
"[14.05.25][มิ้น] 5 ประโยคเติมไฟให้ชีวิต (Witches)",120228641395810260,2026-05-04,inactive,ad,,,,,0,,0,0,,,,,,,,,2026-05-04,2026-05-04
"[26.11.24] [มิ้น] อาจเป็นเพราะคงแตกสลายไปมากว่านี้ไม่ไหวแล้ว แพ็กคู่โอบกอดดอกไม้ 579",120217324306120260,2026-05-04,not_delivering,ad,,,,,0,,0,0,,,,,,,,,2026-05-04,2026-05-04
"[09.07.25][มิ้น] รีวิวไม่อวย 8/10 (Ghostly)",120232527850730260,2026-05-04,inactive,ad,,,,,0,,0,0,,,,,,,,,2026-05-04,2026-05-04
"[23.10.24] [มิ้น] โดนตกจากประโยคหลังปก (Life)",120216829639520260,2026-05-04,not_delivering,ad,,,,,0,,0,0,,,,,,,,,2026-05-04,2026-05-04
"[21.01.25] [มิ้น] สถานที่ที่ปลอดภัยที่สุด (Home)",120218670185800260,2026-05-04,inactive,ad,,,,,0,,0,0,,,,,,,,,2026-05-04,2026-05-04
"[12.11.25][มิ้น] เริ่มต้นปีใหม่ (ปีศาจตัวนั้น)",120240908309990260,2026-05-04,inactive,ad,,,,,0,,0,0,,,,,,,,,2026-05-04,2026-05-04
"[13.03.25][มิ้น] Mid Month จับคู่ 2 Boxset 990.- (Promotion_MM)",120222909408240260,2026-05-04,not_delivering,ad,,,,,0,,0,0,,,,,,,,,2026-05-04,2026-05-04
"[22.01.25] [มิ้น] หนังสือเล่มนี้ที่อยากบอกคุณว่า (ปีศาจตัวนั้น)",120218867818310260,2026-05-04,inactive,ad,,,,,0,,0,0,,,,,,,,,2026-05-04,2026-05-04
"[21.12.24] [มิ้น] สัมภาษณ์คุณคิดมาก (kidmakk)",120217962465620260,2026-05-04,not_delivering,ad,,,,,0,,0,0,,,,,,,,,2026-05-04,2026-05-04
"[11.02.25][มิ้น] ประโยคหลังปก (Kiwtum)",120219599958150260,2026-05-04,inactive,ad,,,,,0,,0,0,,,,,,,,,2026-05-04,2026-05-04
"[27.11.24] [มิ้น] 5 คำเตือนสุดท้ายของชีวิต (Ghost)",120217381066350260,2026-05-04,inactive,ad,,,,,0,,0,0,,,,,,,,,2026-05-04,2026-05-04
"[15.10.24] [มิ้น] จุดเปลี่ยนของชีวิต (Life)",120216829371810260,2026-05-04,inactive,ad,,,,,0,,0,0,,,,,,,,,2026-05-04,2026-05-04
"[11.02.25][มิ้น] ประโยคจากคุณปั๊ม คิ้วต่ำ (Kiwtum)",120219834447540260,2026-05-04,inactive,ad,,,,,0,,0,0,,,,,,,,,2026-05-04,2026-05-04
"[25.03.35][มิ้น] ประโยคหลังปก (Gift)",120222719710320260,2026-05-04,inactive,ad,,,,,0,,0,0,,,,,,,,,2026-05-04,2026-05-04
"[06.12.24] [มิ้น] เก็บเงินง่าย ๆ ด้วยกฎ 50 30 20 (Million)",120217605820190260,2026-05-04,inactive,ad,,,,,0,,0,0,,,,,,,,,2026-05-04,2026-05-04
"[04.10.24] [มิ้น] ถ้าวันนี้เป็นวันสุดท้าย คุณจะทำอะไร? (Ghost)",120216039941850260,2026-05-04,inactive,ad,,,,,0,,0,0,,,,,,,,,2026-05-04,2026-05-04
"[04.02.25][มิ้น] ประโยคหลังปก (Home)",120219487125800260,2026-05-04,not_delivering,ad,,,,,0,,0,0,,,,,,,,,2026-05-04,2026-05-04
"[21.04.25][มิ้น] ดวงของคุณวันนี้? (Witches)",120226408377070260,2026-05-04,inactive,ad,,,,,0,,0,0,,,,,,,,,2026-05-04,2026-05-04
"[04.10.24] [มิ้น] ถ้าวันนี้เป็นวันสุดท้าย คุณจะทำอะไร? (Ghost)",120216040420430260,2026-05-04,inactive,ad,,,,,0,,0,0,,,,,,,,,2026-05-04,2026-05-04
"[02.11.24] [มิ้น] ความไม่สมบูรณ์แบบของเรา (โอบกอด)",120216749480290260,2026-05-04,not_delivering,ad,,,,,0,,0,0,,,,,,,,,2026-05-04,2026-05-04
"[15.10.24] [มิ้น] จุดเปลี่ยนของชีวิต (Life)",120216556769950260,2026-05-04,inactive,ad,,,,,0,,0,0,,,,,,,,,2026-05-04,2026-05-04
"[11.03.25][มิ้น] 2 หนังสือขายดี (Engage)",120221887591560260,2026-05-04,inactive,ad,,,,,0,,0,0,,,,,,,,,2026-05-04,2026-05-04
"[07.03.25][มิ้น] ASMR Unboxing (Witches)",120222018612670260,2026-05-04,not_delivering,ad,,,,,0,,0,0,,,,,,,,,2026-05-04,2026-05-04
"[24.12.24] [มิ้น] Payday นี้รวมแพ็กฮีลใจเล่มใหม่ (Promotion_Payday)",120218108446980260,2026-05-04,not_delivering,ad,,,,,0,,0,0,,,,,,,,,2026-05-04,2026-05-04
"[21.09.24] [มิ้น] คนเราแตกสลายได้กี่ครั้ง",120215873479390260,2026-05-04,not_delivering,ad,,,,,0,,0,0,,,,,,,,,2026-05-04,2026-05-04
"[12.11.24] [มิ้น] 2 หนังสือเล่มใหม่ที่ถูกเขียนด้วยน้ำตา แพ็กคู่ 529",120217194261860260,2026-05-04,not_delivering,ad,,,,,0,,0,0,,,,,,,,,2026-05-04,2026-05-04
"[02.01.24] [มิ้น] เวลาที่คุณรู้สึกเศร้า (Embrace)",120218567887210260,2026-05-04,inactive,ad,,,,,0,,0,0,,,,,,,,,2026-05-04,2026-05-04
"[09.10.14] [มิ้น] แด่รักข้างเดียว (โอบกอด)",120216610678250260,2026-05-04,inactive,ad,,,,,0,,0,0,,,,,,,,,2026-05-04,2026-05-04
"[09.11.24] [มิ้น] เราทุกคนต่างไม่มีใครสมบูรณ์แบบ (Life)",120216908187940260,2026-05-04,archived,ad,,,,,0,,0,0,,,,,,,,,2026-05-04,2026-05-04
"[22.05.25][มิ้น] จะเป็นยังไง! เมื่อคนที่หมดแพชชัน  ต้องไปเป็นที่ปรึกษาให้เหล่าดวงวิญญาณ (Ghostly)",120229092583960260,2026-05-04,inactive,ad,,,,,0,,0,0,,,,,,,,,2026-05-04,2026-05-04
"[07.11.25][มิ้น] ได้อ่านแล้วเหมือนได้พัก (Tried)",120241248447060260,2026-05-04,inactive,ad,,,,,0,,0,0,,,,,,,,,2026-05-04,2026-05-04
"[19.08.24] [มิ้น] แนะนำหนังสือฮีลใจเล่มใหม่ล่าสุด (Helmet_Boxset)",120215013061070260,2026-05-04,not_delivering,ad,,,,,0,,0,0,,,,,,,,,2026-05-04,2026-05-04
"[07.11.25][มิ้น] ได้อ่านแล้วเหมือนได้พัก (Tried)",120240097691460260,2026-05-04,inactive,ad,,,,,0,,0,0,,,,,,,,,2026-05-04,2026-05-04
"[12.11.25][มิ้น] เริ่มต้นปีใหม่ (ปีศาจตัวนั้น)",120241406601490260,2026-05-04,archived,ad,,,,,0,,0,0,,,,,,,,,2026-05-04,2026-05-04
"[04.02.26][มิ้น] มนุษย์ที่เป็นคนดี (สัมภาษณ์หมอ) (Trap)",120247437076450260,2026-05-04,not_delivering,ad,,,,,0,,0,0,,,,,,,,,2026-05-04,2026-05-04
"[20.11.25][มิ้น] E-Book หนังสือปีศาจ 1 (E-Book)",120240851311130260,2026-05-04,active,ad,การสนทนาผ่านการส่งข้อความที่เริ่มขึ้น,,,,0,,0,0,,,,,,,,,2026-05-04,2026-05-04
"[22.09.25][มิ้น] Boxset เปลี่ยนความทุกข์ (Witches)",120238129750470260,2026-05-04,not_delivering,ad,,,,,0,,0,0,,,,,,,,,2026-05-04,2026-05-04
"[29.10.25][มิ้น] 2 หนังสือเรียกน้ำตา (Remains)",120241140663210260,2026-05-04,inactive,ad,,,,,0,,0,0,,,,,,,,,2026-05-04,2026-05-04
"[07.10.25][มิ้น] ชอบคนใจดี (Ghostly)",120238402630570260,2026-05-04,not_delivering,ad,,,,,0,,0,0,,,,,,,,,2026-05-04,2026-05-04
"[03.03.26][มิ้น] ไม่เคยร้องไห้กับหนังสือจนมาเจอ 2 เล่มนี้ (Ghostly) (Remains)",120245128834100260,2026-05-04,not_delivering,ad,,,,,0,,0,0,,,,,,,,,2026-05-04,2026-05-04
"[23.07.25][มิ้น] อ่านแล้วหายเหนื่อย (Tried)",120239970186850260,2026-05-04,inactive,ad,,,,,0,,0,0,,,,,,,,,2026-05-04,2026-05-04
"[04.02.26][มิ้น] มนุษย์ที่เป็นคนดี (สัมภาษณ์หมอ) (Trap)",120244358046810260,2026-05-04,not_delivering,ad,,,,,0,,0,0,,,,,,,,,2026-05-04,2026-05-04
"[18.11.25][มิ้น] 5 คำพูดมงคล (Witches)",120240735449000260,2026-05-04,inactive,ad,,,,,0,,0,0,,,,,,,,,2026-05-04,2026-05-04
"[24.04.25][มิ้น] PAYDAY APR 3 แถม 1 (Promotion_Payday)",120226795151900260,2026-05-04,inactive,ad,,,,,0,,0,0,,,,,,,,,2026-05-04,2026-05-04
"[15.10.24] [มิ้น] จุดเปลี่ยนของชีวิต (Life)",120216294049970260,2026-05-04,inactive,ad,,,,,0,,0,0,,,,,,,,,2026-05-04,2026-05-04
"[15.10.24] [มิ้น] จุดเปลี่ยนของชีวิต (Life)",120216829639540260,2026-05-04,not_delivering,ad,,,,,0,,0,0,,,,,,,,,2026-05-04,2026-05-04
"[10.11.25][มิ้น] ป้ายยาหนังสือ 7 เล่ม (E-Book)",120241048471100260,2026-05-04,inactive,ad,,,,,0,,0,0,,,,,,,,,2026-05-04,2026-05-04
"[04.02.26][มิ้น] มนุษย์ที่เป็นคนดี (สัมภาษณ์หมอ) (Trap)",120244181438010260,2026-05-04,not_delivering,ad,,,,,0,,0,0,,,,,,,,,2026-05-04,2026-05-04
"[06.11.25][มิ้น] บางครั้งความรัก (Remains)",120240333892680260,2026-05-04,inactive,ad,,,,,0,,0,0,,,,,,,,,2026-05-04,2026-05-04
"[22.02.25][มิ้น] PAYDAY ลดครั้งใหญ่จักรวาลฮีลใจ (Promotion_Payday)",120220592183250260,2026-05-04,inactive,ad,,,,,0,,0,0,,,,,,,,,2026-05-04,2026-05-04
"[28.08.25][มิ้น] ปีศาจอาจไม่ได้เกิดจากข้างนอก (ปีศาจตัวนั้น)",120236201402030260,2026-05-04,not_delivering,ad,,,,,0,,0,0,,,,,,,,,2026-05-04,2026-05-04
"[03.09.25][มิ้น] เล่มใหม่ให้ 1000/100 (Demons)",120236583311870260,2026-05-04,not_delivering,ad,,,,,0,,0,0,,,,,,,,,2026-05-04,2026-05-04
"[16.10.25][มิ้น] ให้เปิดเล่มนี้เตือนสติ (Remains)",120238718339940260,2026-05-04,inactive,ad,,,,,0,,0,0,,,,,,,,,2026-05-04,2026-05-04
"[19.01.26] [มิ้น] Women to Women (Helmet_Boxset) (Reels)",120243383143640260,2026-05-04,not_delivering,ad,,,,,0,,0,0,,,,,,,,,2026-05-04,2026-05-04
"[03.09.25][มิ้น] หนังเล่มใหม่ที่อานแล้วน้ำตาซึม (Demons)",120236022483620260,2026-05-04,inactive,ad,,,,,0,,0,0,,,,,,,,,2026-05-04,2026-05-04
"[20.03.26][มิ้น] คนคิดเยอะมักเจ็บจากความคิดตัวเอง (Trap)",120246310218750260,2026-05-04,not_delivering,ad,,,,,0,,0,0,,,,,,,,,2026-05-04,2026-05-04
"[20.11.25][มิ้น] E-Book หนังสือปีศาจ 1 (E-Book)",120240851255570260,2026-05-04,not_delivering,ad,,,,,0,,0,0,,,,,,,,,2026-05-04,2026-05-04
"[22.10.25][มิ้น] เพราะในทุกความเกลียด (Remains)",120239116399530260,2026-05-04,not_delivering,ad,,,,,0,,0,0,,,,,,,,,2026-05-04,2026-05-04
"[19.08.24] [มิ้น] แนะนำหนังสือฮีลใจเล่มใหม่ล่าสุด (Helmet_Boxset)",120214865684230260,2026-05-04,inactive,ad,,,,,0,,0,0,,,,,,,,,2026-05-04,2026-05-04
"[23.10.24] [มิ้น] โดนตกจากประโยคหลังปก (Life)",120217166433250260,2026-05-04,not_delivering,ad,,,,,0,,0,0,,,,,,,,,2026-05-04,2026-05-04
"[07.11.25][มิ้น] เป็นหนังสือรวมประโยค (Tried) - Copy",120240381476760260,2026-05-04,inactive,ad,,,,,0,,0,0,,,,,,,,,2026-05-04,2026-05-04
"[06.08.25][มิ้น] วันไหนไม่ไหว แวะมาอ่าน (Tried)",120235784906960260,2026-05-04,not_delivering,ad,,,,,0,,0,0,,,,,,,,,2026-05-04,2026-05-04
"[03.09.25][มิ้น] จากเล่ม 1 สู่เล่ม 2 (Demons)",120236029759420260,2026-05-04,inactive,ad,,,,,0,,0,0,,,,,,,,,2026-05-04,2026-05-04
"[22.09.25][มิ้น] เล่มใหม่ 1000/100 (Remains)",120237920752000260,2026-05-04,not_delivering,ad,,,,,0,,0,0,,,,,,,,,2026-05-04,2026-05-04
"[25.03.26][มิ้น] ชวนมางานหนังสือ (สัมภาษณ์คุณหมอทานตะวัน) (Trap)",120246073451160260,2026-05-04,not_delivering,ad,,,,,0,,0,0,,,,,,,,,2026-05-04,2026-05-04
"[12.12.25][มิ้น] ครอบครัวคือที่ที่ปลอดภัยที่สุด (Ghostly)",120242008121450260,2026-05-04,not_delivering,ad,,,,,0,,0,0,,,,,,,,,2026-05-04,2026-05-04
"[10.11.25][มิ้น] นี่คือสภาพ (Remains)",120240271746670260,2026-05-04,inactive,ad,,,,,0,,0,0,,,,,,,,,2026-05-04,2026-05-04
"[18.11.25][มิ้น] เจ้าเหมียวเก็บมาเลี้ยง (Ghostly)",120240739016180260,2026-05-04,inactive,ad,,,,,0,,0,0,,,,,,,,,2026-05-04,2026-05-04
"[07.10.25][มิ้น] ชอบคนใจดี (Ghostly)",120238411166800260,2026-05-04,not_delivering,ad,,,,,0,,0,0,,,,,,,,,2026-05-04,2026-05-04
"[24.02.25][มิ้น] บทที่ 1 ที่คิ้วต่ำอยากแนะนำ (Kiwtum)",120220867845840260,2026-05-04,inactive,ad,,,,,0,,0,0,,,,,,,,,2026-05-04,2026-05-04
"[07.11.25][มิ้น] ได้อ่านแล้วเหมือนได้พัก (Tried)",120241142638270260,2026-05-04,inactive,ad,,,,,0,,0,0,,,,,,,,,2026-05-04,2026-05-04
"[02.06.25][มิ้น] รีแอค ขมิ้น (Ghostly)",120239978908290260,2026-05-04,not_delivering,ad,,,,,0,,0,0,,,,,,,,,2026-05-04,2026-05-04
"[23.07.25][มิ้น] อ่านแล้วหายเหนื่อย (Tried)",120241142580940260,2026-05-04,inactive,ad,,,,,0,,0,0,,,,,,,,,2026-05-04,2026-05-04
"[02.10.24] [มิ้น] เมื่อที่เรารู้สึกเฟลกับชีวิต (ปีศาจ)",120216014219110260,2026-05-04,not_delivering,ad,,,,,0,,0,0,,,,,,,,,2026-05-04,2026-05-04
"[26.11.25][มิ้น] น้ำตาซึม 3000% (Ghostly)",120241100277570260,2026-05-04,inactive,ad,,,,,0,,0,0,,,,,,,,,2026-05-04,2026-05-04
"[30.10.25][มิ้น] เปลี่ยนความทุกข์ (Witches)",120239862405800260,2026-05-04,not_delivering,ad,,,,,0,,0,0,,,,,,,,,2026-05-04,2026-05-04
"[22.05.25][มิ้น] จะเป็นยังไง! เมื่อคนที่หมดแพชชัน  ต้องไปเป็นที่ปรึกษาให้เหล่าดวงวิญญาณ (Ghostly)",120244776315940260,2026-05-04,not_delivering,ad,,,,,0,,0,0,,,,,,,,,2026-05-04,2026-05-04
"[07.10.25][มิ้น] ชอบคนใจดี (Ghostly) (Reels)",120243030362170260,2026-05-04,not_delivering,ad,,,,,0,,0,0,,,,,,,,,2026-05-04,2026-05-04
"[26.01.26][มิ้น] หนังสือที่ได้ไปต่อในปี 2026 (Remains)",120243608695270260,2026-05-04,inactive,ad,,,,,0,,0,0,,,,,,,,,2026-05-04,2026-05-04
"[06.09.24] [มิ้น] โปรโมชั่น 9.9",120215331221340260,2026-05-04,not_delivering,ad,,,,,0,,0,0,,,,,,,,,2026-05-04,2026-05-04
"[25.09.24] [มิ้น] PAYDAY มาดามใจ (เดือนกันยายน)",120215847448680260,2026-05-04,not_delivering,ad,,,,,0,,0,0,,,,,,,,,2026-05-04,2026-05-04
"[02.06.25][มิ้น] ถ้าแกพร้อมที่จะรักตัวเอง (ปีศาจตัวนั้น) (Reels)",120242989116530260,2026-05-04,not_delivering,ad,,,,,0,,0,0,,,,,,,,,2026-05-04,2026-05-04
"[02.09.24] [มิ้น] 5 ข้อคิดลบกับตัวเอง (Helmet_Boxset)",120216632308840260,2026-05-04,not_delivering,ad,,,,,0,,0,0,,,,,,,,,2026-05-04,2026-05-04
"[02.04.26][มิ้น] อย่าปล่อยให้อีโก้ (Trap)",120247605593900260,2026-05-04,not_delivering,ad,,,,,0,,0,0,,,,,,,,,2026-05-04,2026-05-04
"[17.02.26][มิ้น] 20 เล่มลายเซ็น (Trap)",120248305639200260,2026-05-04,active,ad,การสนทนาผ่านการส่งข้อความที่เริ่มขึ้น,3,99.03,409,297.09,1.3766872,1685,1430,1,3,99.03,2,11,3.08605341,176.31454006,0.33333333,2026-05-04,2026-05-04
"[29.10.25][มิ้น] 2 หนังสือเรียกน้ำตา (Remains)",120244055117920260,2026-05-04,not_delivering,ad,,,,,0,,0,0,,,,,,,,,2026-05-04,2026-05-04
"[06.12.24] [มิ้น] เก็บเงินง่าย ๆ ด้วยกฎ 50 30 20 (Million)",120217605846040260,2026-05-04,not_delivering,ad,,,,,0,,0,0,,,,,,,,,2026-05-04,2026-05-04
"[24.01.26][มิ้น] การตัดใจจากใครสักคน (ปีศาจตัวนั้น) (Reels)",120243541653280260,2026-05-04,not_delivering,ad,,,,,0,,0,0,,,,,,,,,2026-05-04,2026-05-04
"[17.02.26][มิ้น] 20 เล่มลายเซ็น (Trap)",120248155653960260,2026-05-04,not_delivering,ad,การสนทนาผ่านการส่งข้อความที่เริ่มขึ้น,,,,0,,0,0,,,,,,,,,2026-05-04,2026-05-04
"[23.10.24] [มิ้น] โดนตกจากประโยคหลังปก (Life)",120216499906030260,2026-05-04,inactive,ad,,,,,0,,0,0,,,,,,,,,2026-05-04,2026-05-04
"[03.03.26][มิ้น] ไม่เคยร้องไห้กับหนังสือจนมาเจอ 2 เล่มนี้ (Ghostly) (Remains)",120245968070440260,2026-05-04,not_delivering,ad,,,,,0,,0,0,,,,,,,,,2026-05-04,2026-05-04
"[21.09.24] [มิ้น] คนเราแตกสลายได้กี่ครั้ง",120216758723130260,2026-05-04,not_delivering,ad,,,,,0,,0,0,,,,,,,,,2026-05-04,2026-05-04
"[25.02.26][มิ้น] ถ้าคุณมีโอกาสได้เจอ (Trap)",120244858567720260,2026-05-04,not_delivering,ad,,,,,0,,0,0,,,,,,,,,2026-05-04,2026-05-04
"[23.07.25][มิ้น] อ่านแล้วหายเหนื่อย (Tried)",120243520795900260,2026-05-04,not_delivering,ad,,,,,0,,0,0,,,,,,,,,2026-05-04,2026-05-04
"[06.10.25][มิ้น] อ่านเล่มนี้ถ้าคุณ… (ปีศาจตัวนั้น) (Reels)",120243296318590260,2026-05-04,not_delivering,ad,,,,,0,,0,0,,,,,,,,,2026-05-04,2026-05-04
"[01.03.26][มิ้น] รี stock เล่มลายเซ็นหมอทานตะวัน (สัมภาษณ์หมอ) (Trap) (Cross Page)",120245624417410260,2026-05-04,not_delivering,ad,,,,,0,,0,0,,,,,,,,,2026-05-04,2026-05-04
"[12.11.24] [มิ้น] 2 หนังสือเล่มใหม่ที่ถูกเขียนด้วยน้ำตา แพ็กคู่ 529",120217324207940260,2026-05-04,not_delivering,ad,,,,,0,,0,0,,,,,,,,,2026-05-04,2026-05-04
"[03.12.25][มิ้น] คะแนนฮีลใจ 1000/100 (Remains)",120241545906130260,2026-05-04,inactive,ad,,,,,0,,0,0,,,,,,,,,2026-05-04,2026-05-04
"[12.12.25][มิ้น] ครอบครัวคือที่ที่ปลอดภัยที่สุด (Ghostly)",120242967763000260,2026-05-04,archived,ad,,,,,0,,0,0,,,,,,,,,2026-05-04,2026-05-04
"[07.11.25][มิ้น] พออ่านแล้วจึงได้เข้าใจ (Tried)",120240097132020260,2026-05-04,inactive,ad,,,,,0,,0,0,,,,,,,,,2026-05-04,2026-05-04
"[11.03.26][มิ้น] รี stock เล่มลายเซ็นนักเขียนเมไอ (Witches)",120245719577670260,2026-05-04,not_delivering,ad,,,,,0,,0,0,,,,,,,,,2026-05-04,2026-05-04
"[12.09.25][มิ้น] หนังสือถูกเขียนขึ้นมา (Ghostly)",120236738815510260,2026-05-04,inactive,ad,,,,,0,,0,0,,,,,,,,,2026-05-04,2026-05-04
"[14.11.24] [มิ้น] 5 เหตุผลทำไมต้องซื้อเล่มนี้ (Life)",120217045690900260,2026-05-04,not_delivering,ad,,,,,0,,0,0,,,,,,,,,2026-05-04,2026-05-04
"[23.10.24] [มิ้น] โดนตกจากประโยคหลังปก (Life)",120216499685380260,2026-05-04,archived,ad,,,,,0,,0,0,,,,,,,,,2026-05-04,2026-05-04
"[29.10.25][มิ้น] 2 หนังสือเรียกน้ำตา (Remains)",120240912005380260,2026-05-04,inactive,ad,,,,,0,,0,0,,,,,,,,,2026-05-04,2026-05-04
"[24.12.25][มิ้น] ดวงสมพงษ์กัน (Witches)",120242559035140260,2026-05-04,not_delivering,ad,,,,,0,,0,0,,,,,,,,,2026-05-04,2026-05-04
"[13.01.26][มิ้น] อย่าให้คนคนเดียว (Embrace) (Reels)",120243131444840260,2026-05-04,not_delivering,ad,,,,,0,,0,0,,,,,,,,,2026-05-04,2026-05-04
"[13.08.25][มิ้น] ชีวิตเหมือนบุฟเฟต์ (ปีศาจตัวนั้น) (Reels)",120243029468640260,2026-05-04,not_delivering,ad,,,,,0,,0,0,,,,,,,,,2026-05-04,2026-05-04
"[04.10.24] [มิ้น] ถ้าวันนี้เป็นวันสุดท้าย คุณจะทำอะไร? (Ghost)",120216040238870260,2026-05-04,inactive,ad,,,,,0,,0,0,,,,,,,,,2026-05-04,2026-05-04
"[06.11.25][มิ้น] เพราะพรุ่งนี้แกอาจ (Ghostly)",120240102388230260,2026-05-04,inactive,ad,,,,,0,,0,0,,,,,,,,,2026-05-04,2026-05-04
"[29.10.25][มิ้น] 2 หนังสือเรียกน้ำตา (Remains)",120243608321580260,2026-05-04,not_delivering,ad,,,,,0,,0,0,,,,,,,,,2026-05-04,2026-05-04
"[10.02.26][มิ้น] ชนแล้วหนี (Remains)",120244295383790260,2026-05-04,not_delivering,ad,,,,,0,,0,0,,,,,,,,,2026-05-04,2026-05-04
"[10.12.25][มิ้น] 12.12 : ซื้อ 3 เล่ม ลด 120.- (Promotion)",120241897811890260,2026-05-04,inactive,ad,,,,,0,,0,0,,,,,,,,,2026-05-04,2026-05-04
"[23.01.26][มิ้น] บางคนตายไป (Ghostly)",120244008225770260,2026-05-04,not_delivering,ad,,,,,0,,0,0,,,,,,,,,2026-05-04,2026-05-04
"[18.11.25][มิ้น] อยู่คนเดียวเป็นเรื่องยาก ? (Ghostly)",120242909135600260,2026-05-04,not_delivering,ad,,,,,0,,0,0,,,,,,,,,2026-05-04,2026-05-04
"[25.03.35][มิ้น] ประโยคหลังปก (Gift)",120222719478900260,2026-05-04,inactive,ad,,,,,0,,0,0,,,,,,,,,2026-05-04,2026-05-04
"[26.01.26][มิ้น] บางเรื่องในชีวิตต่อให้เราพยายามลืมแค่ไหน (Remains)",120243608668410260,2026-05-04,inactive,ad,,,,,0,,0,0,,,,,,,,,2026-05-04,2026-05-04
"[04.02.26][มิ้น] มนุษย์ที่เป็นคนดี (สัมภาษณ์หมอ) (Trap)",120245853450430260,2026-05-04,not_delivering,ad,,,,,0,,0,0,,,,,,,,,2026-05-04,2026-05-04
"[20.11.25][มิ้น] ถ้าเจอคนที่ชอบ “กดคนอื่น” (ปีศาจตัวนั้น)",120240850276600260,2026-05-04,not_delivering,ad,,,,,0,,0,0,,,,,,,,,2026-05-04,2026-05-04
"[03.09.25][มิ้น] อยากให้ทุกคนอ่าน (Ghostly)",120236625942170260,2026-05-04,not_delivering,ad,,,,,0,,0,0,,,,,,,,,2026-05-04,2026-05-04
"[03.09.25][มิ้น] เล่มใหม่ให้ 1000/100 (Demons)",120235859358590260,2026-05-04,not_delivering,ad,,,,,0,,0,0,,,,,,,,,2026-05-04,2026-05-04
"[25.07.25][มิ้น] ถ้าโลกมันแย่ก็แค่คิดแบบคาปิบาร่า (Capybara)",120233511155970260,2026-05-04,inactive,ad,,,,,0,,0,0,,,,,,,,,2026-05-04,2026-05-04
"[25.07.25][ขมิ้น] ชวนฟัง Podcast (Ghostly)",120233556016510260,2026-05-04,inactive,ad,,,,,0,,0,0,,,,,,,,,2026-05-04,2026-05-04
"[06.10.25][มิ้น] อ่านเล่มนี้ถ้าคุณ… (ปีศาจตัวนั้น) (Reels)",120243029435190260,2026-05-04,not_delivering,ad,,,,,0,,0,0,,,,,,,,,2026-05-04,2026-05-04
"[28.05.25][มิ้น] 3 สิ่งที่เล่มนี้อยากบอก (ปีศาจตัวนั้น)",120235812292370260,2026-05-04,inactive,ad,,,,,0,,0,0,,,,,,,,,2026-05-04,2026-05-04
"[22.08.25][มิ้น] รีสต็อกแล้ว รีบสั่งก่อนหมด (Ghostly)",120235575226290260,2026-05-04,inactive,ad,,,,,0,,0,0,,,,,,,,,2026-05-04,2026-05-04
"[01.12.25][มิ้น] 5 ประโยคจุกอก (ปีศาจตัวนั้น)",120241407059180260,2026-05-04,inactive,ad,,,,,0,,0,0,,,,,,,,,2026-05-04,2026-05-04
"[11.12.25][มิ้น] 3 เหตุผลที่ควรอ่าน (Tried)",120241899542550260,2026-05-04,inactive,ad,,,,,0,,0,0,,,,,,,,,2026-05-04,2026-05-04
"[01.03.26][มิ้น] รี stock เล่มลายเซ็นหมอทานตะวัน (สัมภาษณ์หมอ) (Trap)",120245088812960260,2026-05-04,not_delivering,ad,,,,,0,,0,0,,,,,,,,,2026-05-04,2026-05-04
"[25.05.25][มิ้น] เปิดคำทำนายวันนี้ (Witches)",120233484797370260,2026-05-04,inactive,ad,,,,,0,,0,0,,,,,,,,,2026-05-04,2026-05-04
"[23.06.25][มิ้น] พื้นที่ที่แบ่งปันความสุขและความทุกข์ (Embrace)",120231120425560260,2026-05-04,inactive,ad,,,,,0,,0,0,,,,,,,,,2026-05-04,2026-05-04
"[07.08.25][มิ้น] เล่มใหม่ล่าสุด (Tried)",120234945057570260,2026-05-04,not_delivering,ad,,,,,0,,0,0,,,,,,,,,2026-05-04,2026-05-04
"[17.07.25] [ขมิ้น] Podcast ความสัมพันธ์ Toxic (Ghostly)",120233476156910260,2026-05-04,not_delivering,ad,,,,,0,,0,0,,,,,,,,,2026-05-04,2026-05-04
"[22.07.25][มิ้น] เล่มใหม่ออกมาอีกแล้ว (Tried)",120233014563530260,2026-05-04,not_delivering,ad,,,,,0,,0,0,,,,,,,,,2026-05-04,2026-05-04
"[07.08.25][มิ้น] ชอบประโยคไหน (Tried)",120234507205600260,2026-05-04,not_delivering,ad,,,,,0,,0,0,,,,,,,,,2026-05-04,2026-05-04
"[30.10.25][มิ้น] เปลี่ยนความทุกข์ (Witches)",120240098203360260,2026-05-04,not_delivering,ad,,,,,0,,0,0,,,,,,,,,2026-05-04,2026-05-04
"[03.09.25][มิ้น] เล่มใหม่ให้ 1000/100 (Demons)",120238020881320260,2026-05-04,not_delivering,ad,,,,,0,,0,0,,,,,,,,,2026-05-04,2026-05-04
"[24.07.25][มิ้น] เหม็นจริง เหม็นแกล้ง (Ghostly)",120233472591090260,2026-05-04,not_delivering,ad,,,,,0,,0,0,,,,,,,,,2026-05-04,2026-05-04
"[12.08.25][มิ้น] ควรอ่านเล่มนี้ถ้าคุณ (Witches)",120235301848660260,2026-05-04,not_delivering,ad,,,,,0,,0,0,,,,,,,,,2026-05-04,2026-05-04
"[22.07.25][มิ้น] วันนี้เหนื่อยมากเลยใช่ไหม (Tried)",120233223021620260,2026-05-04,not_delivering,ad,,,,,0,,0,0,,,,,,,,,2026-05-04,2026-05-04
"[20.06.25][มิ้น] PAYDAY SALE JUNE (Promotion_Payday)",120231334963540260,2026-05-04,not_delivering,ad,,,,,0,,0,0,,,,,,,,,2026-05-04,2026-05-04
"[29.10.25][มิ้น] 2 หนังสือเรียกน้ำตา (Remains)",120244009263840260,2026-05-04,active,ad,การเข้าถึง,6443,7.50582027,,48.36,,6544,6443,,,,,,0.32090465,7.38997555,,2026-05-04,2026-05-04
"[07.03.25][มิ้น] ASMR Unboxing (Witches)",120234206307590260,2026-05-04,not_delivering,ad,,,,,0,,0,0,,,,,,,,,2026-05-04,2026-05-04
"[02.06.25][มิ้น] ถ้าแกพร้อมที่จะรักตัวเอง (ปีศาจตัวนั้น)",120234134821310260,2026-05-04,inactive,ad,,,,,0,,0,0,,,,,,,,,2026-05-04,2026-05-04
"[06.10.25][มิ้น] อ่านเล่มนี้ถ้าคุณ… (ปีศาจตัวนั้น) (Reels)",120243166537070260,2026-05-04,not_delivering,ad,,,,,0,,0,0,,,,,,,,,2026-05-04,2026-05-04
"[07.11.25][มิ้น] เป็นหนังสือรวมประโยค (Tried)",120240116727770260,2026-05-04,not_delivering,ad,,,,,0,,0,0,,,,,,,,,2026-05-04,2026-05-04
"[25.07.25][มิ้น] Book of the year (Ghostly)",120233575513210260,2026-05-04,inactive,ad,,,,,0,,0,0,,,,,,,,,2026-05-04,2026-05-04
"[22.10.25][มิ้น] หนังสือได้ออกทีวี (Demons)",120239593304130260,2026-05-04,not_delivering,ad,,,,,0,,0,0,,,,,,,,,2026-05-04,2026-05-04
"[23.07.25][มิ้น] อ่านแล้วหายเหนื่อย (Tried)",120234921224800260,2026-05-04,not_delivering,ad,,,,,0,,0,0,,,,,,,,,2026-05-04,2026-05-04
"[02.06.25][มิ้น] หนังสือพลิกชีวิต (Witches)",120229859874970260,2026-05-04,inactive,ad,,,,,0,,0,0,,,,,,,,,2026-05-04,2026-05-04
"[03.12.25][มิ้น] เล่มนี้ทำน้ำตาไหลหนักมาก (Ghostly)",120244054275600260,2026-05-04,not_delivering,ad,,,,,0,,0,0,,,,,,,,,2026-05-04,2026-05-04
"[21.05.25][มิ้น] หนังสือที่ว่าฮีลใจแล้ว… (Witches)",120229053893430260,2026-05-04,inactive,ad,,,,,0,,0,0,,,,,,,,,2026-05-04,2026-05-04
"[03.09.25][มิ้น] อยากให้ทุกคนอ่าน (Ghostly)",120236522214650260,2026-05-04,not_delivering,ad,,,,,0,,0,0,,,,,,,,,2026-05-04,2026-05-04
"[23.04.25][มิ้น] เติมสต็อกให้แล้วรีบซื้อด่วน! (Witches)",120226536614280260,2026-05-04,inactive,ad,,,,,0,,0,0,,,,,,,,,2026-05-04,2026-05-04
"[24.02.25][มิ้น] อบอุ่นใจทุกครั้งที่หยิบเล่มนี้ขึ้นมาอ่าน (Home)",120232810746290260,2026-05-04,inactive,ad,,,,,0,,0,0,,,,,,,,,2026-05-04,2026-05-04
"[07.11.25][มิ้น] เป็นหนังสือรวมประโยค (Tried)",120241142640690260,2026-05-04,inactive,ad,,,,,0,,0,0,,,,,,,,,2026-05-04,2026-05-04
"[19.09.25][มิ้น] จากกระแส 1000/100 (Remains)",120237922021820260,2026-05-04,not_delivering,ad,,,,,0,,0,0,,,,,,,,,2026-05-04,2026-05-04
"[03.07.24] [มิ้น] Unbox คาปิบาร่า โดนหลอก (คาปิบาร่า_box set)",120214964470390260,2026-05-04,not_delivering,ad,,,,,0,,0,0,,,,,,,,,2026-05-04,2026-05-04
"[22.07.25][มิ้น] เล่มใหม่ออกมาอีกแล้ว (Tried)",120233014563480260,2026-05-04,inactive,ad,,,,,0,,0,0,,,,,,,,,2026-05-04,2026-05-04
"[29.10.25][มิ้น] 2 หนังสือเรียกน้ำตา (Remains)",120241249197540260,2026-05-04,inactive,ad,,,,,0,,0,0,,,,,,,,,2026-05-04,2026-05-04
"[03.03.26][มิ้น] ไม่เคยร้องไห้กับหนังสือจนมาเจอ 2 เล่มนี้ (Ghostly) (Remains)",120245558563630260,2026-05-04,not_delivering,ad,,,,,0,,0,0,,,,,,,,,2026-05-04,2026-05-04
"[22.08.25][มิ้น] 3 เหตุผล ที่ต้องอ่าน (Ghostly)",120236627304750260,2026-05-04,not_delivering,ad,,,,,0,,0,0,,,,,,,,,2026-05-04,2026-05-04
"[03.09.25][มิ้น] จากเล่ม 1 สู่เล่ม 2 (Demons)",120236174725120260,2026-05-04,not_delivering,ad,,,,,0,,0,0,,,,,,,,,2026-05-04,2026-05-04
"[22.08.25][มิ้น] 3 เหตุผล ที่ต้องอ่าน (Ghostly)",120236003389060260,2026-05-04,not_delivering,ad,,,,,0,,0,0,,,,,,,,,2026-05-04,2026-05-04
"[23.07.25][มิ้น] อ่านแล้วหายเหนื่อย (Tried)",120239969968630260,2026-05-04,archived,ad,,,,,0,,0,0,,,,,,,,,2026-05-04,2026-05-04
"[03.09.25][มิ้น] อยากให้ทุกคนอ่าน (Ghostly)",120236323137100260,2026-05-04,not_delivering,ad,,,,,0,,0,0,,,,,,,,,2026-05-04,2026-05-04
"[03.09.25][มิ้น] Unboxing New Books (Demons)",120235947662670260,2026-05-04,inactive,ad,,,,,0,,0,0,,,,,,,,,2026-05-04,2026-05-04
"[03.09.25][มิ้น] หนังเล่มใหม่ที่อานแล้วน้ำตาซึม (Demons)",120235947738790260,2026-05-04,inactive,ad,,,,,0,,0,0,,,,,,,,,2026-05-04,2026-05-04
"[16.09.25][มิ้น] หมดไฟ (Demons)",120236914513240260,2026-05-04,inactive,ad,,,,,0,,0,0,,,,,,,,,2026-05-04,2026-05-04
"[19.09.25][มิ้น] จากกระแส 1000/100 (Remains)",120237158187700260,2026-05-04,inactive,ad,,,,,0,,0,0,,,,,,,,,2026-05-04,2026-05-04
"[30.04.25][มิ้น] ใครที่ยัง Move On ไม่ได้ (ปีศาจตัวนั้นคือฉันเอง)",120228513070590260,2026-05-04,not_delivering,ad,,,,,0,,0,0,,,,,,,,,2026-05-04,2026-05-04
"[22.08.25][มิ้น] รีสต็อกแล้ว รีบสั่งก่อนหมด (Ghostly)",120235706638130260,2026-05-04,not_delivering,ad,,,,,0,,0,0,,,,,,,,,2026-05-04,2026-05-04
"[27.03.26][มิ้น] BookFair : พาชมบรรยากาศงานหนังสือครั้งที่ 54 (Promotion)",120246233497060260,2026-05-04,inactive,ad,,,,,0,,0,0,,,,,,,,,2026-05-04,2026-05-04
"[03.09.25][มิ้น] เล่มใหม่ให้ 1000/100 (Demons) (QuickReply)",120237689059870260,2026-05-04,not_delivering,ad,,,,,0,,0,0,,,,,,,,,2026-05-04,2026-05-04
"[03.09.25][มิ้น] Unboxing New Books (Demons)",120236358963780260,2026-05-04,inactive,ad,,,,,0,,0,0,,,,,,,,,2026-05-04,2026-05-04
"[19.09.25][มิ้น] จากกระแส 1000/100 (Remains)",120237919855970260,2026-05-04,not_delivering,ad,,,,,0,,0,0,,,,,,,,,2026-05-04,2026-05-04
"[18.09.25][มิ้น] ประโยคจากเล่มโปรด (Witches)",120237033638640260,2026-05-04,inactive,ad,,,,,0,,0,0,,,,,,,,,2026-05-04,2026-05-04
"[22.10.25][มิ้น] ทำไมซื้อเล่มนี้ (Remains)",120239461693570260,2026-05-04,not_delivering,ad,,,,,0,,0,0,,,,,,,,,2026-05-04,2026-05-04
"[18.09.25][มิ้น] Unbox The Witches (Witches)",120237033300280260,2026-05-04,inactive,ad,,,,,0,,0,0,,,,,,,,,2026-05-04,2026-05-04
"[28.08.25][มิ้น] ปีศาจอาจไม่ได้เกิดจากข้างนอก (ปีศาจตัวนั้น)",120235932331840260,2026-05-04,not_delivering,ad,,,,,0,,0,0,,,,,,,,,2026-05-04,2026-05-04
"[03.09.25][มิ้น] อยากให้ทุกคนอ่าน (Ghostly)",120236105395940260,2026-05-04,not_delivering,ad,,,,,0,,0,0,,,,,,,,,2026-05-04,2026-05-04
"[03.09.25][มิ้น] Unboxing New Books (Demons)",120236021958290260,2026-05-04,archived,ad,,,,,0,,0,0,,,,,,,,,2026-05-04,2026-05-04
"[22.08.25][มิ้น] 3 เหตุผล ที่ต้องอ่าน (Ghostly)",120236543867320260,2026-05-04,not_delivering,ad,,,,,0,,0,0,,,,,,,,,2026-05-04,2026-05-04
"[02.04.26][มิ้น] อย่าปล่อยให้อีโก้ (Trap)",120247171375850260,2026-05-04,not_delivering,ad,การสนทนาผ่านการส่งข้อความที่เริ่มขึ้น,,,,0,,0,0,,,,,,,,,2026-05-04,2026-05-04
"[28.08.25][มิ้น] 5 ข้อคิด (Tried)",120235811354800260,2026-05-04,not_delivering,ad,,,,,0,,0,0,,,,,,,,,2026-05-04,2026-05-04
"[03.09.25][มิ้น] Unboxing New Books (Demons)",120236251943590260,2026-05-04,not_delivering,ad,,,,,0,,0,0,,,,,,,,,2026-05-04,2026-05-04
"[14.10.25][มิ้น][มหกรรมหนังสือ30] เล่มนี้ขายได้กี่เล่ม (Engage)",120238569043990260,2026-05-04,inactive,ad,,,,,0,,0,0,,,,,,,,,2026-05-04,2026-05-04
"[21.09.24] [มิ้น] คนเราแตกสลายได้กี่ครั้ง",120215811563970260,2026-05-04,not_delivering,ad,,,,,0,,0,0,,,,,,,,,2026-05-04,2026-05-04
"[05.09.25][มิ้น] อะไรเดิมๆ (Witches)",120236587143470260,2026-05-04,not_delivering,ad,,,,,0,,0,0,,,,,,,,,2026-05-04,2026-05-04
"[29.09.25][มิ้น] ปีศาจใหม่มันกลับมาอีกแล้ว (Demons)",120237713336940260,2026-05-04,not_delivering,ad,,,,,0,,0,0,,,,,,,,,2026-05-04,2026-05-04
"[03.09.25][มิ้น] จากเล่ม 1 สู่เล่ม 2 (Demons)",120236029737120260,2026-05-04,inactive,ad,,,,,0,,0,0,,,,,,,,,2026-05-04,2026-05-04
"[21.09.24] [มิ้น] คนเราแตกสลายได้กี่ครั้ง",120215842706440260,2026-05-04,not_delivering,ad,,,,,0,,0,0,,,,,,,,,2026-05-04,2026-05-04
"[22.05.25][มิ้น] จะเป็นยังไง! เมื่อคนที่หมดแพชชัน  ต้องไปเป็นที่ปรึกษาให้เหล่าดวงวิญญาณ (Ghostly)",120236604427800260,2026-05-04,inactive,ad,,,,,0,,0,0,,,,,,,,,2026-05-04,2026-05-04
"[08.08.25][มิ้น] ร้องไห้บนรถไฟฟ้า (Ghostly)",120234605445530260,2026-05-04,inactive,ad,,,,,0,,0,0,,,,,,,,,2026-05-04,2026-05-04
"[14.08.25][มิ้น] แด่คนที่แคร์ทุกคน (Witches)",120234870054090260,2026-05-04,not_delivering,ad,,,,,0,,0,0,,,,,,,,,2026-05-04,2026-05-04
"[03.09.25][มิ้น] เล่มใหม่ให้ 1000/100 (Demons)",120236323055910260,2026-05-04,inactive,ad,,,,,0,,0,0,,,,,,,,,2026-05-04,2026-05-04
"[04.02.26][มิ้น] มนุษย์ที่เป็นคนดี (สัมภาษณ์หมอ) (Trap)",120245933645870260,2026-05-04,not_delivering,ad,การสนทนาผ่านการส่งข้อความที่เริ่มขึ้น,,,,0,,0,0,,,,,,,,,2026-05-04,2026-05-04
"[13.08.25][มิ้น] ชีวิตเหมือนบุฟเฟต์ (ปีศาจตัวนั้น)",120234820837190260,2026-05-04,inactive,ad,,,,,0,,0,0,,,,,,,,,2026-05-04,2026-05-04
"[29.09.25][มิ้น] 2 เล่มนี้ต่างกันยังไง ตอบเมนต์ (Demons)",120238217714410260,2026-05-04,inactive,ad,,,,,0,,0,0,,,,,,,,,2026-05-04,2026-05-04
"[12.08.25][มิ้น] ประโยคนี้โคตรจริง (Witches)",120234969693830260,2026-05-04,not_delivering,ad,,,,,0,,0,0,,,,,,,,,2026-05-04,2026-05-04
"[03.09.25][มิ้น] เล่มใหม่ให้ 1000/100 (Demons)",120235859410000260,2026-05-04,not_delivering,ad,,,,,0,,0,0,,,,,,,,,2026-05-04,2026-05-04
"[03.09.25][มิ้น] Unboxing New Books (Demons)",120236323055890260,2026-05-04,inactive,ad,,,,,0,,0,0,,,,,,,,,2026-05-04,2026-05-04
"[07.10.25][มิ้น] ชอบคนใจดี (Ghostly)",120238261773290260,2026-05-04,not_delivering,ad,,,,,0,,0,0,,,,,,,,,2026-05-04,2026-05-04
"[25.09.25][มิ้น] ป้ายยาหนังสือ (Ghostly)",120237558753260260,2026-05-04,not_delivering,ad,,,,,0,,0,0,,,,,,,,,2026-05-04,2026-05-04
"[22.03.26][มิ้น] มีประโยคหนึ่งในหนังสือ (Witches)",120246610439550260,2026-05-04,inactive,ad,,,,,0,,0,0,,,,,,,,,2026-05-04,2026-05-04
"[30.04.26][มิ้น] อยู่คนเดียวเวลาไม่สบายใจ (Ghostly)",120248076117800260,2026-05-04,not_delivering,ad,การสนทนาผ่านการส่งข้อความที่เริ่มขึ้น,1,143.91,409,143.91,2.84205406,1580,1392,1,1,143.91,1,14,6.13924051,91.08227848,1,2026-05-04,2026-05-04
"[17.08.24] [มิ้น] 5 ข้อ Move on",120214814507140260,2026-05-04,inactive,ad,,,,,0,,0,0,,,,,,,,,2026-05-04,2026-05-04
"[26.11.24] [มิ้น] 5 สิ่งที่ควรขอบคุณในชีวิต (Life)",120217325037440260,2026-05-04,inactive,ad,,,,,0,,0,0,,,,,,,,,2026-05-04,2026-05-04
"[03.12.25][มิ้น] เล่มนี้ทำน้ำตาไหลหนักมาก (Ghostly)",120244295236620260,2026-05-04,not_delivering,ad,,,,,0,,0,0,,,,,,,,,2026-05-04,2026-05-04
"[06.11.25][มิ้น] เพราะพรุ่งนี้แกอาจ (Ghostly) (Reels)",120243129728330260,2026-05-04,not_delivering,ad,,,,,0,,0,0,,,,,,,,,2026-05-04,2026-05-04
"[03.03.26][มิ้น] ไม่เคยร้องไห้กับหนังสือจนมาเจอ 2 เล่มนี้ (Ghostly) (Remains)",120245217606240260,2026-05-04,not_delivering,ad,,,,,0,,0,0,,,,,,,,,2026-05-04,2026-05-04
"[03.12.25][มิ้น] น้ำตาซึมไปหลายวัน (Remains)",120241545752140260,2026-05-04,not_delivering,ad,,,,,0,,0,0,,,,,,,,,2026-05-04,2026-05-04
"[24.07.25][มิ้น] นี่ไม่ใช่แค่ไพ่ดูดวง (Witches)",120233478965680260,2026-05-04,not_delivering,ad,,,,,0,,0,0,,,,,,,,,2026-05-04,2026-05-04
"[01.03.26][มิ้น] รี stock เล่มลายเซ็นหมอทานตะวัน (สัมภาษณ์หมอ) (Trap) (Cross Page)",120245623797850260,2026-05-04,not_delivering,ad,,,,,0,,0,0,,,,,,,,,2026-05-04,2026-05-04
"[03.09.25][มิ้น] อยากให้ทุกคนอ่าน (Ghostly)",120236711868700260,2026-05-04,not_delivering,ad,,,,,0,,0,0,,,,,,,,,2026-05-04,2026-05-04
"[25.07.25][มิ้น] ฮีลใจวัยทำงาน (Tried)",120233576766420260,2026-05-04,inactive,ad,,,,,0,,0,0,,,,,,,,,2026-05-04,2026-05-04
"[12.11.24] [มิ้น] 2 หนังสือเล่มใหม่ที่ถูกเขียนด้วยน้ำตา แพ็กคู่ 529",120216878926240260,2026-05-04,inactive,ad,,,,,0,,0,0,,,,,,,,,2026-05-04,2026-05-04
"[02.04.26][มิ้น] อย่าปล่อยให้อีโก้ (Trap)",120247161343400260,2026-05-04,not_delivering,ad,,,,,0,,0,0,,,,,,,,,2026-05-04,2026-05-04
"[30.03.25][มิ้น] แกล้งทำเป็นมั่นใจ (Witches)",120223301774010260,2026-05-04,inactive,ad,,,,,0,,0,0,,,,,,,,,2026-05-04,2026-05-04
"[08.04.26][มิ้น] 5 วิธีปล่อยวางให้ใจสงบ (Remains)",120246834729500260,2026-05-04,inactive,ad,,,,,0,,0,0,,,,,,,,,2026-05-04,2026-05-04
"[03.09.25][มิ้น] Unboxing New Books (Demons)",120236620456520260,2026-05-04,not_delivering,ad,,,,,0,,0,0,,,,,,,,,2026-05-04,2026-05-04
"[03.09.25][มิ้น] จากเล่ม 1 สู่เล่ม 2 (Demons)",120236324479820260,2026-05-04,not_delivering,ad,,,,,0,,0,0,,,,,,,,,2026-05-04,2026-05-04
"[01.10.25][มิ้น] Unpack (Ghostly)",120238530714660260,2026-05-04,not_delivering,ad,,,,,0,,0,0,,,,,,,,,2026-05-04,2026-05-04
"[28.08.25][มิ้น] 5 ข้อคิด (Tried)",120235856501770260,2026-05-04,not_delivering,ad,,,,,0,,0,0,,,,,,,,,2026-05-04,2026-05-04
"[02.04.26][มิ้น] อย่าปล่อยให้อีโก้ (Trap)",120247605151330260,2026-05-04,not_delivering,ad,การสนทนาผ่านการส่งข้อความที่เริ่มขึ้น,,,,0,,0,0,,,,,,,,,2026-05-04,2026-05-04
"[11.04.26][มิ้น] สงกรานต์โจ๊ะโจ๊ะ! โละราคาเดียว (Promotion)",120247115309270260,2026-05-04,not_delivering,ad,,,,,0,,0,0,,,,,,,,,2026-05-04,2026-05-04
"[27.03.26][มิ้น] เลิกเก็บทุกอย่างมาคิด ชีวิตจะง่ายขึ้น (Remains)",120246200053760260,2026-05-04,not_delivering,ad,,,,,0,,0,0,,,,,,,,,2026-05-04,2026-05-04
"[21.09.24] [มิ้น] คนเราแตกสลายได้กี่ครั้ง",120216829324590260,2026-05-04,inactive,ad,,,,,0,,0,0,,,,,,,,,2026-05-04,2026-05-04
"[14.11.24] [มิ้น] 5 เหตุผลทำไมต้องซื้อเล่มนี้ (Life)",120217230559090260,2026-05-04,not_delivering,ad,,,,,0,,0,0,,,,,,,,,2026-05-04,2026-05-04
"[19.11.24] [มิ้น] เพราะส่วนลึกที่สุดของทะเล (โอบกอด)",120231191714460260,2026-05-04,not_delivering,ad,,,,,0,,0,0,,,,,,,,,2026-05-04,2026-05-04
"[07.08.25][มิ้น] ชอบประโยคไหน (Tried)",120234612956820260,2026-05-04,inactive,ad,,,,,0,,0,0,,,,,,,,,2026-05-04,2026-05-04
"[11.02.25][มิ้น] สัมภาษณ์คุณปั๊ม คิ้วต่ำ (Kiwtum)",120245719422300260,2026-05-04,inactive,ad,,,,,0,,0,0,,,,,,,,,2026-05-04,2026-05-04
"[17.02.26][มิ้น] 20 เล่มลายเซ็น (Trap)",120244520828000260,2026-05-04,not_delivering,ad,,,,,0,,0,0,,,,,,,,,2026-05-04,2026-05-04
"[02.06.25][มิ้น] ถ้าแกพร้อมที่จะรักตัวเอง (ปีศาจตัวนั้น) (Reels)",120243296423640260,2026-05-04,not_delivering,ad,,,,,0,,0,0,,,,,,,,,2026-05-04,2026-05-04
"[23.07.25][มิ้น] อ่านแล้วหายเหนื่อย (Tried)",120235785739660260,2026-05-04,not_delivering,ad,,,,,0,,0,0,,,,,,,,,2026-05-04,2026-05-04
"[03.05.25][มิ้น] 5.5 จัดโปร Boxset ฮีลใจ 555.- (Promotion_DD)",120227807456390260,2026-05-04,inactive,ad,,,,,0,,0,0,,,,,,,,,2026-05-04,2026-05-04
"[18.04.25][มิ้น] ก่อนนอน อยากให้คุณได้อ่าน (Kiwtum)",120227045791650260,2026-05-04,inactive,ad,,,,,0,,0,0,,,,,,,,,2026-05-04,2026-05-04
"[17.09.25][มิ้น] การมีชีวิตที่โดดเดี่ยว (Ghostly)",120237028851560260,2026-05-04,inactive,ad,,,,,0,,0,0,,,,,,,,,2026-05-04,2026-05-04
"[24.10.24] [มิ้น] Payday นี้ เทโปรแรง จนขนลุก",120216536932820260,2026-05-04,not_delivering,ad,,,,,0,,0,0,,,,,,,,,2026-05-04,2026-05-04
"[17.07.25] [ขมิ้น] Podcast ความสัมพันธ์ Toxic (Ghostly)",120233473569200260,2026-05-04,not_delivering,ad,,,,,0,,0,0,,,,,,,,,2026-05-04,2026-05-04
"[25.10.25][มิ้น] ป้ายยา 2 หนังสือ (Remains)",120239272074180260,2026-05-04,not_delivering,ad,,,,,0,,0,0,,,,,,,,,2026-05-04,2026-05-04
"[24.07.25][มิ้น] เหม็นจริง เหม็นแกล้ง (Ghostly)",120233476156920260,2026-05-04,not_delivering,ad,,,,,0,,0,0,,,,,,,,,2026-05-04,2026-05-04
"[13.03.25][มิ้น] Mid Month จับคู่ 2 Boxset 990.- (Promotion_MM)",120222073733120260,2026-05-04,inactive,ad,,,,,0,,0,0,,,,,,,,,2026-05-04,2026-05-04
"[06.08.25][มิ้น] ประโยคในหนังสือ (Garden)",120234466304420260,2026-05-04,not_delivering,ad,,,,,0,,0,0,,,,,,,,,2026-05-04,2026-05-04
"[16.07.25][มิ้น] แด่ความโดดเดี่ยว (Ghostly)",120235575715500260,2026-05-04,not_delivering,ad,,,,,0,,0,0,,,,,,,,,2026-05-04,2026-05-04
"[26.11.25][มิ้น] ภาคต่อหนังสือฮีลใจ (Remains)",120241140441250260,2026-05-04,inactive,ad,,,,,0,,0,0,,,,,,,,,2026-05-04,2026-05-04
"[24.06.25][มิ้น] นี่คือเรื่องราวของหญิงสาว (Ghostly)",120231577055750260,2026-05-04,not_delivering,ad,,,,,0,,0,0,,,,,,,,,2026-05-04,2026-05-04
"[12.12.25][มิ้น] ครอบครัวคือที่ที่ปลอดภัยที่สุด (Ghostly)",120243026002450260,2026-05-04,inactive,ad,,,,,0,,0,0,,,,,,,,,2026-05-04,2026-05-04
"[03.12.25][มิ้น] ประโยคที่ยังเตือนสติได้ดีเสมอ (ปีศาจตัวนั้น)",120241544835610260,2026-05-04,not_delivering,ad,,,,,0,,0,0,,,,,,,,,2026-05-04,2026-05-04
"[03.12.25][มิ้น] อ่านจบโคตรรักตัวเองเลย (Ghostly)",120241546566070260,2026-05-04,inactive,ad,,,,,0,,0,0,,,,,,,,,2026-05-04,2026-05-04
"[24.12.25][มิ้น] ดวงสมพงษ์กัน (Witches)",120243923853390260,2026-05-04,not_delivering,ad,,,,,0,,0,0,,,,,,,,,2026-05-04,2026-05-04
"[09.11.24] [มิ้น] เราทุกคนต่างไม่มีใครสมบูรณ์แบบ (โอบกอด)",120216908310540260,2026-05-04,inactive,ad,,,,,0,,0,0,,,,,,,,,2026-05-04,2026-05-04
"[29.01.26][มิ้น] Unboxing หนังสือเล่มแรกของปี 2026 (Trap)",120244542200820260,2026-05-04,not_delivering,ad,,,,,0,,0,0,,,,,,,,,2026-05-04,2026-05-04
"[21.03.25][มิ้น] Unboxing newbook (Gift)",120222458210800260,2026-05-04,inactive,ad,,,,,0,,0,0,,,,,,,,,2026-05-04,2026-05-04
"[13.12.24] [มิ้น] อยากให้ตัวเองในอนาคตได้อ่านประโยคนี้ (Ghost)",120217790504530260,2026-05-04,inactive,ad,,,,,0,,0,0,,,,,,,,,2026-05-04,2026-05-04
"[03.09.25][มิ้น] อยากให้ทุกคนอ่าน (Ghostly)",120236310018620260,2026-05-04,not_delivering,ad,,,,,0,,0,0,,,,,,,,,2026-05-04,2026-05-04
"[29.10.25][มิ้น] 2 หนังสือเรียกน้ำตา (Remains)",120239541057840260,2026-05-04,not_delivering,ad,,,,,0,,0,0,,,,,,,,,2026-05-04,2026-05-04
"[24.12.25][มิ้น] อย่ากลัวที่จะโดดเดี่ยว (Ghostly)",120243177936610260,2026-05-04,inactive,ad,,,,,0,,0,0,,,,,,,,,2026-05-04,2026-05-04
"[05.09.25][มิ้น] อะไรเดิมๆ (Witches)",120236553069070260,2026-05-04,not_delivering,ad,,,,,0,,0,0,,,,,,,,,2026-05-04,2026-05-04
"[13.12.24] [มิ้น] เราต่างกันเกินไป (โอบกอด)",120217799222420260,2026-05-04,inactive,ad,,,,,0,,0,0,,,,,,,,,2026-05-04,2026-05-04
"[05.03.26][มิ้น] เพราะพรุ่งนี้ที่รออาจจะมาไม่ถึง (Kiwtum)",120246518455940260,2026-05-04,active,ad,"การซื้อบน Meta",1,152.6,379,152.6,2.4836173,1306,1191,1,2,76.3,1,6,9.11179173,116.84532925,0.5,2026-05-04,2026-05-04
"[02.04.26][มิ้น] อย่าปล่อยให้อีโก้ (Trap)",120246835016100260,2026-05-04,not_delivering,ad,,,,,0,,0,0,,,,,,,,,2026-05-04,2026-05-04
"[03.07.25][มิ้น] ข้อความสุดท้ายฝากถึงนุด (Ghostly)",120232134899220260,2026-05-04,not_delivering,ad,,,,,0,,0,0,,,,,,,,,2026-05-04,2026-05-04
"[11.06.25][มิ้น] อยากให้ชาตินี้ได้อ่านเล่มนี้ (ปีศาจตัวนั้น)",120234065150800260,2026-05-04,inactive,ad,,,,,0,,0,0,,,,,,,,,2026-05-04,2026-05-04
"[06.02.25][มิ้น] บทที่ 3 คนแปลกหน้าในฐานะคนรู้จัก (Embrace)",120219540042510260,2026-05-04,inactive,ad,,,,,0,,0,0,,,,,,,,,2026-05-04,2026-05-04
"[04.02.26][มิ้น] มนุษย์ที่เป็นคนดี (สัมภาษณ์หมอ) (Trap)",120246310168180260,2026-05-04,not_delivering,ad,,,,,0,,0,0,,,,,,,,,2026-05-04,2026-05-04
"[18.02.26][มิ้น] 2 หนังสือการ์ตูน Comic (Remains)",120244476192420260,2026-05-04,not_delivering,ad,,,,,0,,0,0,,,,,,,,,2026-05-04,2026-05-04
"[24.04.25][มิ้น] PAYDAY APR 3 แถม 1 (Promotion_Payday)",120226631957620260,2026-05-04,inactive,ad,,,,,0,,0,0,,,,,,,,,2026-05-04,2026-05-04
"[25.03.35][มิ้น] ประโยคหลังปก (Gift)",120222719671710260,2026-05-04,inactive,ad,,,,,0,,0,0,,,,,,,,,2026-05-04,2026-05-04
"[29.01.26][มิ้น] Unboxing หนังสือเล่มแรกของปี 2026 (Trap)",120243759076580260,2026-05-04,not_delivering,ad,,,,,0,,0,0,,,,,,,,,2026-05-04,2026-05-04
"[29.10.25][มิ้น] 2 หนังสือเรียกน้ำตา (Remains)",120243129531340260,2026-05-04,not_delivering,ad,,,,,0,,0,0,,,,,,,,,2026-05-04,2026-05-04
"[02.06.25][มิ้น] ถ้าแกพร้อมที่จะรักตัวเอง (ปีศาจตัวนั้น) (Reels)",120242961958670260,2026-05-04,not_delivering,ad,,,,,0,,0,0,,,,,,,,,2026-05-04,2026-05-04
"[09.10.14] [มิ้น] แด่รักข้างเดียว (โอบกอด)",120216147644680260,2026-05-04,inactive,ad,,,,,0,,0,0,,,,,,,,,2026-05-04,2026-05-04
"[12.03.25] [มิ้น] มีบทความจากหนังสือเล่มหนึ่งเขาบอกไว้ว่า (Kiwtum)",120221884542940260,2026-05-04,inactive,ad,,,,,0,,0,0,,,,,,,,,2026-05-04,2026-05-04
"[18.11.25][มิ้น] อยู่คนเดียวเป็นเรื่องยาก ? (Ghostly)",120240738900690260,2026-05-04,not_delivering,ad,,,,,0,,0,0,,,,,,,,,2026-05-04,2026-05-04
"[12.02.26][มิ้น] ความผิดหวัง (Witches)",120244260122820260,2026-05-04,not_delivering,ad,,,,,0,,0,0,,,,,,,,,2026-05-04,2026-05-04
"[20.03.26][มิ้น] คนคิดเยอะมักเจ็บจากความคิดตัวเอง (Trap)",120246309977310260,2026-05-04,not_delivering,ad,,,,,0,,0,0,,,,,,,,,2026-05-04,2026-05-04
"[22.03.26][มิ้น] มีประโยคหนึ่งในหนังสือ (Witches)",120246834483080260,2026-05-04,inactive,ad,,,,,0,,0,0,,,,,,,,,2026-05-04,2026-05-04
"[03.09.25][มิ้น] เล่มใหม่ให้ 1000/100 (Demons)",120240179503790260,2026-05-04,not_delivering,ad,,,,,0,,0,0,,,,,,,,,2026-05-04,2026-05-04
"[23.11.24] [มิ้น] Payday Nov 999.-",120217299345610260,2026-05-04,not_delivering,ad,,,,,0,,0,0,,,,,,,,,2026-05-04,2026-05-04
"[03.09.25][มิ้น] เล่มใหม่ให้ 1000/100 (Demons) (QuickReply)",120238020999880260,2026-05-04,not_delivering,ad,,,,,0,,0,0,,,,,,,,,2026-05-04,2026-05-04
"[22.05.25][มิ้น] หนังสือใหม่ออกมาอีกละ!!! (Ghostly)",120229087528170260,2026-05-04,inactive,ad,,,,,0,,0,0,,,,,,,,,2026-05-04,2026-05-04
"[20.08.25][มิ้น] ไม่เคยคิดว่าแค่หนังสือเล่มเดียว (Ghostly)",120235299781880260,2026-05-04,inactive,ad,,,,,0,,0,0,,,,,,,,,2026-05-04,2026-05-04
"[17.02.26][มิ้น] 20 เล่มลายเซ็น (Trap)",120245730415210260,2026-05-04,not_delivering,ad,,,,,0,,0,0,,,,,,,,,2026-05-04,2026-05-04
"[22.07.25][มิ้น] เล่มใหม่ออกมาอีกแล้ว (Tried)",120233014041520260,2026-05-04,inactive,ad,,,,,0,,0,0,,,,,,,,,2026-05-04,2026-05-04
"[02.06.25][มิ้น] หนังสือที่ดูดวงได้ (Witches)",120229859683740260,2026-05-04,inactive,ad,,,,,0,,0,0,,,,,,,,,2026-05-04,2026-05-04
"[30.10.25][มิ้น] เปลี่ยนความทุกข์ (Witches)",120239971450770260,2026-05-04,not_delivering,ad,,,,,0,,0,0,,,,,,,,,2026-05-04,2026-05-04
"[04.12.24] [มิ้น] 5 เทคนิคเก็บเงินง่ายๆ (Million)",120217602922240260,2026-05-04,inactive,ad,,,,,0,,0,0,,,,,,,,,2026-05-04,2026-05-04
"[01.07.25][มิ้น] บทที่ 24 (Embrace)",120232037535200260,2026-05-04,inactive,ad,,,,,0,,0,0,,,,,,,,,2026-05-04,2026-05-04
"[18.09.25][มิ้น] Unbox The Witches (Witches)",120237333302220260,2026-05-04,inactive,ad,,,,,0,,0,0,,,,,,,,,2026-05-04,2026-05-04
"[22.07.25][มิ้น] เล่มใหม่ออกมาอีกแล้ว (Tried)",120233014225150260,2026-05-04,inactive,ad,,,,,0,,0,0,,,,,,,,,2026-05-04,2026-05-04
"[03.09.25][มิ้น] จากเล่ม 1 สู่เล่ม 2 (Demons)",120236030953940260,2026-05-04,not_delivering,ad,,,,,0,,0,0,,,,,,,,,2026-05-04,2026-05-04
"[02.04.26][มิ้น] อย่าปล่อยให้อีโก้ (Trap)",120247119961170260,2026-05-04,not_delivering,ad,,,,,0,,0,0,,,,,,,,,2026-05-04,2026-05-04
"[13.04.26][มิ้น] อยู่อย่างโดดเดี่ยว ก็ไม่ได้แย่เสมอไป (Ghostly)",120247722034720260,2026-05-04,not_delivering,ad,,,,,0,,0,0,,,,,,,,,2026-05-04,2026-05-04
"[01.08.25][มิ้น] พอถึงจุดหนึ่งของชีวิต (Kiwtum)",120234209015410260,2026-05-04,inactive,ad,,,,,0,,0,0,,,,,,,,,2026-05-04,2026-05-04
"[21.09.24] [มิ้น] คนเราแตกสลายได้กี่ครั้ง",120215723554210260,2026-05-04,inactive,ad,,,,,0,,0,0,,,,,,,,,2026-05-04,2026-05-04
"[22.09.25][มิ้น] Boxset เปลี่ยนความทุกข์ (Witches)",120237333302210260,2026-05-04,not_delivering,ad,,,,,0,,0,0,,,,,,,,,2026-05-04,2026-05-04
"[27.11.24] [มิ้น] 5 คำเตือนสุดท้ายของชีวิต (Ghost) (Reels)",120243183066160260,2026-05-04,not_delivering,ad,,,,,0,,0,0,,,,,,,,,2026-05-04,2026-05-04
"[05.03.26][มิ้น] เพราะพรุ่งนี้ที่รออาจจะมาไม่ถึง (Kiwtum)",120245216252630260,2026-05-04,not_delivering,ad,,,,,0,,0,0,,,,,,,,,2026-05-04,2026-05-04
"[10.07.25][มิ้น] หนังสือที่อยากบอกคุณว่า (ปีศาจตัวนั้น)",120232570296820260,2026-05-04,not_delivering,ad,,,,,0,,0,0,,,,,,,,,2026-05-04,2026-05-04
"[17.02.26][มิ้น] 20 เล่มลายเซ็น (Trap)",120244520814860260,2026-05-04,not_delivering,ad,,,,,0,,0,0,,,,,,,,,2026-05-04,2026-05-04
"[07.11.25][มิ้น] พออ่านแล้วจึงได้เข้าใจ (Tried)",120241142632720260,2026-05-04,inactive,ad,,,,,0,,0,0,,,,,,,,,2026-05-04,2026-05-04
"[15.10.24] [มิ้น] จุดเปลี่ยนของชีวิต (Life)",120216294281050260,2026-05-04,inactive,ad,,,,,0,,0,0,,,,,,,,,2026-05-04,2026-05-04
"[27.11.25][มิ้น] ถ้ารอต่อไปอีกหน่อย (Demons)",120241407826560260,2026-05-04,not_delivering,ad,,,,,0,,0,0,,,,,,,,,2026-05-04,2026-05-04
"[25.02.25][มิ้น] ประโยคหลังปกคุณมุก (Embrace)",120220872947650260,2026-05-04,inactive,ad,,,,,0,,0,0,,,,,,,,,2026-05-04,2026-05-04
"[22.08.25][มิ้น] รีสต็อกแล้ว รีบสั่งก่อนหมด (Ghostly)",120235864651200260,2026-05-04,not_delivering,ad,,,,,0,,0,0,,,,,,,,,2026-05-04,2026-05-04
"[06.11.25][มิ้น] เพราะพรุ่งนี้แกอาจ (Ghostly)",120240331080230260,2026-05-04,inactive,ad,,,,,0,,0,0,,,,,,,,,2026-05-04,2026-05-04
"[11.02.25][มิ้น] สัมภาษณ์คุณปั๊ม คิ้วต่ำ (Kiwtum)",120233358283220260,2026-05-04,inactive,ad,,,,,0,,0,0,,,,,,,,,2026-05-04,2026-05-04
"[13.04.26][มิ้น] อยู่อย่างโดดเดี่ยว ก็ไม่ได้แย่เสมอไป (Ghostly)",120247075441120260,2026-05-04,not_delivering,ad,,,,,0,,0,0,,,,,,,,,2026-05-04,2026-05-04
"[14.11.24] [มิ้น] 5 เหตุผลทำไมต้องซื้อเล่มนี้ (Life)",120217045651520260,2026-05-04,inactive,ad,,,,,0,,0,0,,,,,,,,,2026-05-04,2026-05-04
"[17.08.24] [มิ้น] 5 ข้อ Move on",120214870359520260,2026-05-04,inactive,ad,,,,,0,,0,0,,,,,,,,,2026-05-04,2026-05-04
"[11.02.25][มิ้น] อย่ารอให้คนที่ไม่ใช่กลายเป็นคนที่ใช่ (ปีศาจตัวนั้น)",120219748342150260,2026-05-04,inactive,ad,,,,,0,,0,0,,,,,,,,,2026-05-04,2026-05-04
"[12.08.25][มิ้น] ประโยคนี้โคตรจริง (Witches)",120235302434340260,2026-05-04,not_delivering,ad,,,,,0,,0,0,,,,,,,,,2026-05-04,2026-05-04
"[28.08.25][มิ้น] ปีศาจอาจไม่ได้เกิดจากข้างนอก (ปีศาจตัวนั้น)",120235812189640260,2026-05-04,not_delivering,ad,,,,,0,,0,0,,,,,,,,,2026-05-04,2026-05-04
"[17.02.26][มิ้น] 20 เล่มลายเซ็น (Trap) (Cross Page)",120244538165630260,2026-05-04,not_delivering,ad,,,,,0,,0,0,,,,,,,,,2026-05-04,2026-05-04
"[11.06.25][มิ้น] ชายคนหนึ่งตกหลุมรักสาวใบ้ (Ghostly)",120230769104830260,2026-05-04,inactive,ad,,,,,0,,0,0,,,,,,,,,2026-05-04,2026-05-04
"[23.07.25][มิ้น] อ่านแล้วหายเหนื่อย (Tried)",120236237122600260,2026-05-04,not_delivering,ad,,,,,0,,0,0,,,,,,,,,2026-05-04,2026-05-04
"[29.10.25][มิ้น] 2 หนังสือเรียกน้ำตา (Remains)",120241545057660260,2026-05-04,inactive,ad,,,,,0,,0,0,,,,,,,,,2026-05-04,2026-05-04
"[24.01.26][มิ้น] เป็นเพื่อนที่ดีให้ได้ (ปีศาจตัวนั้น) (Reels)",120243541915720260,2026-05-04,not_delivering,ad,,,,,0,,0,0,,,,,,,,,2026-05-04,2026-05-04
"[02.09.24] [มิ้น] 5 ข้อคิดลบกับตัวเอง (Helmet_Boxset)",120215197282060260,2026-05-04,inactive,ad,,,,,0,,0,0,,,,,,,,,2026-05-04,2026-05-04
"[22.09.25][มิ้น] เล่มใหม่ 1000/100 (Remains)",120237920193550260,2026-05-04,inactive,ad,,,,,0,,0,0,,,,,,,,,2026-05-04,2026-05-04
"[20.01.25][Garden_Boxset][มิ้น][VDO] 5 ประโยคปลดล็อค",120220348272010260,2026-05-04,archived,ad,,,,,0,,0,0,,,,,,,,,2026-05-04,2026-05-04
"[07.10.25][มิ้น] ชอบคนใจดี (Ghostly)",120238261873350260,2026-05-04,not_delivering,ad,,,,,0,,0,0,,,,,,,,,2026-05-04,2026-05-04
"[17.03.25][มิ้น] การ์ดอยากบอกอะไรคุณ (Witches) - Copy",120222333463860260,2026-05-04,archived,ad,,,,,0,,0,0,,,,,,,,,2026-05-04,2026-05-04
"[30.04.25][มิ้น] จากใจนักเขียน “คิ้วต่ำ” (Kiwtum)",120227299606950260,2026-05-04,inactive,ad,,,,,0,,0,0,,,,,,,,,2026-05-04,2026-05-04
"[11.02.25][มิ้น] สัมภาษณ์คุณปั๊ม คิ้วต่ำ (Kiwtum)",120221825585630260,2026-05-04,inactive,ad,,,,,0,,0,0,,,,,,,,,2026-05-04,2026-05-04
"[03.09.25][มิ้น] จากเล่ม 1 สู่เล่ม 2 (Demons)",120236029767140260,2026-05-04,inactive,ad,,,,,0,,0,0,,,,,,,,,2026-05-04,2026-05-04
"[21.05.25][มิ้น] หนังสือที่ว่าฮีลใจแล้ว… (Witches)",120229194871860260,2026-05-04,inactive,ad,,,,,0,,0,0,,,,,,,,,2026-05-04,2026-05-04
"[04.02.26][มิ้น] มนุษย์ที่เป็นคนดี (สัมภาษณ์หมอ) (Trap)",120246310148080260,2026-05-04,not_delivering,ad,,,,,0,,0,0,,,,,,,,,2026-05-04,2026-05-04
"[06.10.25][มิ้น] คนที่ควรหยิบมาอ่าน (Remains)",120237933078650260,2026-05-04,inactive,ad,,,,,0,,0,0,,,,,,,,,2026-05-04,2026-05-04
"[03.09.25][มิ้น] อยากให้ทุกคนอ่าน (Ghostly)",120240491398420260,2026-05-04,inactive,ad,,,,,0,,0,0,,,,,,,,,2026-05-04,2026-05-04
"[22.05.25][มิ้น] หนังสือใหม่ออกมาอีกละ!!! (Ghostly)",120229092583930260,2026-05-04,inactive,ad,,,,,0,,0,0,,,,,,,,,2026-05-04,2026-05-04
"[22.05.25][มิ้น] จะเป็นยังไง! เมื่อคนที่หมดแพชชัน  ต้องไปเป็นที่ปรึกษาให้เหล่าดวงวิญญาณ (Ghostly)",120232601758450260,2026-05-04,inactive,ad,,,,,0,,0,0,,,,,,,,,2026-05-04,2026-05-04
"[25.07.25][มิ้น] หนังสือฮีลใจที่คุ้มที่สุด (Witches)",120233514010920260,2026-05-04,archived,ad,,,,,0,,0,0,,,,,,,,,2026-05-04,2026-05-04
"[07.03.25][มิ้น] ASMR Unboxing (Witches)",120221510525470260,2026-05-04,not_delivering,ad,,,,,0,,0,0,,,,,,,,,2026-05-04,2026-05-04
"[16.10.25][มิ้น] หนังสือฮีลใจฮาโลวีน (Demons)",120238779742340260,2026-05-04,inactive,ad,,,,,0,,0,0,,,,,,,,,2026-05-04,2026-05-04
"[07.03.25][มิ้น] ASMR Unboxing (Witches)",120221521304120260,2026-05-04,inactive,ad,,,,,0,,0,0,,,,,,,,,2026-05-04,2026-05-04
"[21.04.26][มิ้น] บุฟเฟต์ฮีลใจ (Promotion)",120247439156500260,2026-05-04,not_delivering,ad,,,,,0,,0,0,,,,,,,,,2026-05-04,2026-05-04
"[02.04.26][มิ้น] อย่าปล่อยให้อีโก้ (Trap)",120247605201740260,2026-05-04,not_delivering,ad,การสนทนาผ่านการส่งข้อความที่เริ่มขึ้น,,,,0,,0,0,,,,,,,,,2026-05-04,2026-05-04
"[12.09.25][มิ้น] ใครที่กำลังหมดแพชชัน (Ghostly)",120236738556320260,2026-05-04,not_delivering,ad,,,,,0,,0,0,,,,,,,,,2026-05-04,2026-05-04
"[25.12.24] [มิ้น] unboxing new book (Kidmakk)",120218127245030260,2026-05-04,inactive,ad,,,,,0,,0,0,,,,,,,,,2026-05-04,2026-05-04
"[07.11.24] [มิ้น] 11.11 โปรรับหน้าหนาว (1,111)",120216873154980260,2026-05-04,not_delivering,ad,,,,,0,,0,0,,,,,,,,,2026-05-04,2026-05-04
"[13.08.25][มิ้น] ชีวิตเหมือนบุฟเฟต์ (ปีศาจตัวนั้น) (Reels)",120243296122960260,2026-05-04,not_delivering,ad,,,,,0,,0,0,,,,,,,,,2026-05-04,2026-05-04
"[03.09.25][มิ้น] จากเล่ม 1 สู่เล่ม 2 (Demons)",120236620453220260,2026-05-04,inactive,ad,,,,,0,,0,0,,,,,,,,,2026-05-04,2026-05-04
"[13.04.26][มิ้น] ทุกคนมีโกฮังเป็นของตัวเอง (Remains)",120247075369270260,2026-05-04,inactive,ad,,,,,0,,0,0,,,,,,,,,2026-05-04,2026-05-04
"[25.01.25][มิ้น] ทุกคนเคยตั้งคำถามกับตัวเองมั้ย (Kidmakk)",120219025649440260,2026-05-04,inactive,ad,,,,,0,,0,0,,,,,,,,,2026-05-04,2026-05-04
"[04.02.26][มิ้น] มนุษย์ที่เป็นคนดี (สัมภาษณ์หมอ) (Trap)",120244120919070260,2026-05-04,not_delivering,ad,การสนทนาผ่านการส่งข้อความที่เริ่มขึ้น,,,,0,,0,0,,,,,,,,,2026-05-04,2026-05-04
"[01.03.26][มิ้น] รี stock เล่มลายเซ็นหมอทานตะวัน (สัมภาษณ์หมอ) (Trap)",120245054359200260,2026-05-04,not_delivering,ad,,,,,0,,0,0,,,,,,,,,2026-05-04,2026-05-04
"[19.12.24] [มิ้น] สัมภาษณ์คุณตูน (Million)",120217934601720260,2026-05-04,inactive,ad,,,,,0,,0,0,,,,,,,,,2026-05-04,2026-05-04
"[10.05.25][มิ้น] 5 เรื่องจริง (Kiwtum)",120228491751310260,2026-05-04,inactive,ad,,,,,0,,0,0,,,,,,,,,2026-05-04,2026-05-04
"[11.02.25][มิ้น] สัมภาษณ์คุณปั๊ม คิ้วต่ำ (Kiwtum)",120219600417090260,2026-05-04,inactive,ad,,,,,0,,0,0,,,,,,,,,2026-05-04,2026-05-04
"[13.11.24] [มิ้น] การเป็นตัวเองทำให้รู้สึกไม่มั่นใจ (Helmet_Boxset) (Reels)",120243182318950260,2026-05-04,not_delivering,ad,,,,,0,,0,0,,,,,,,,,2026-05-04,2026-05-04
"[13.08.25][มิ้น] แม้คนในครอบครัวจะจากไป (ปีศาจตัวนั้น)",120234926429980260,2026-05-04,not_delivering,ad,,,,,0,,0,0,,,,,,,,,2026-05-04,2026-05-04
"[25.02.26][มิ้น] 5 วิธีรับมือกับ “ความรู้สึกผิด” (Trap)",120244858632970260,2026-05-04,not_delivering,ad,,,,,0,,0,0,,,,,,,,,2026-05-04,2026-05-04
"[11.03.25] [มิ้น] บทที่นักอ่านไม่ควรพลาด (Witches)",120221884243150260,2026-05-04,archived,ad,,,,,0,,0,0,,,,,,,,,2026-05-04,2026-05-04
"[20.11.25][มิ้น] E-Book หนังสือปีศาจ 1 (E-Book)",120244293677040260,2026-05-04,inactive,ad,,,,,0,,0,0,,,,,,,,,2026-05-04,2026-05-04
"[07.10.25][มิ้น] ชอบคนใจดี (Ghostly)",120238530859190260,2026-05-04,not_delivering,ad,,,,,0,,0,0,,,,,,,,,2026-05-04,2026-05-04
"[21.01.25] [มิ้น] 5 ข้อคิด (Home)",120218671105270260,2026-05-04,inactive,ad,,,,,0,,0,0,,,,,,,,,2026-05-04,2026-05-04
"[07.11.25][มิ้น] เป็นหนังสือรวมประโยค (Tried)",120241248447080260,2026-05-04,not_delivering,ad,,,,,0,,0,0,,,,,,,,,2026-05-04,2026-05-04
"[28.02.25][มิ้น] 3.3 ชีเสิร์ฟไม่พัก ซื้อ 3 แถม 1 (Promotion_DD)",120221370927880260,2026-05-04,not_delivering,ad,,,,,0,,0,0,,,,,,,,,2026-05-04,2026-05-04
"[04.02.26][มิ้น] มนุษย์ที่เป็นคนดี (สัมภาษณ์หมอ) (Trap)",120243955483030260,2026-05-04,inactive,ad,,,,,0,,0,0,,,,,,,,,2026-05-04,2026-05-04
"[15.10.24] [มิ้น] จุดเปลี่ยนของชีวิต (Life)",120216294337090260,2026-05-04,inactive,ad,,,,,0,,0,0,,,,,,,,,2026-05-04,2026-05-04
"[02.06.25][มิ้น] รีแอค ขมิ้น (Ghostly)",120236604362370260,2026-05-04,inactive,ad,,,,,0,,0,0,,,,,,,,,2026-05-04,2026-05-04
"[02.06.25][มิ้น] รีแอค ขมิ้น (Ghostly)",120232601677790260,2026-05-04,inactive,ad,,,,,0,,0,0,,,,,,,,,2026-05-04,2026-05-04
"[18.06.25][มิ้น] ประโยคที่ช่วยโอบกอดในวันที่ “ใจพัง” (ปีศาจตัวนั้น)",120231189826060260,2026-05-04,not_delivering,ad,,,,,0,,0,0,,,,,,,,,2026-05-04,2026-05-04
"[11.02.25][มิ้น] สัมภาษณ์คุณปั๊ม คิ้วต่ำ (Kiwtum)",120245847559990260,2026-05-04,inactive,ad,,,,,0,,0,0,,,,,,,,,2026-05-04,2026-05-04
"[11.04.26][มิ้น] สงกรานต์โจ๊ะโจ๊ะ! โละราคาเดียว (Promotion)",120246902085230260,2026-05-04,not_delivering,ad,,,,,0,,0,0,,,,,,,,,2026-05-04,2026-05-04
"[16.10.25][มิ้น] ให้เปิดเล่มนี้เตือนสติ (Remains)",120239254013100260,2026-05-04,not_delivering,ad,,,,,0,,0,0,,,,,,,,,2026-05-04,2026-05-04
"[01.04.26][มิ้น] 5 ข้อคิดที่จะได้รับจากหนังสือ (Trap)",120246512400100260,2026-05-04,not_delivering,ad,การสนทนาผ่านการส่งข้อความที่เริ่มขึ้น,,,,0,,0,0,,,,,,,,,2026-05-04,2026-05-04
"[07.10.25][มิ้น] ชอบคนใจดี (Ghostly) (Reels)",120242989243130260,2026-05-04,not_delivering,ad,,,,,0,,0,0,,,,,,,,,2026-05-04,2026-05-04
"[02.04.26][มิ้น] อย่าปล่อยให้อีโก้ (Trap)",120247605673240260,2026-05-04,not_delivering,ad,,,,,0,,0,0,,,,,,,,,2026-05-04,2026-05-04
"[14.03.26][มิ้น] หยุดด่าตัวเอง (Ghostly)",120245558466620260,2026-05-04,not_delivering,ad,,,,,0,,0,0,,,,,,,,,2026-05-04,2026-05-04
"[11.02.25][มิ้น] สัมภาษณ์คุณปั๊ม คิ้วต่ำ (Kiwtum)",120219869746380260,2026-05-04,not_delivering,ad,,,,,0,,0,0,,,,,,,,,2026-05-04,2026-05-04
"[29.10.25][มิ้น] 2 หนังสือเรียกน้ำตา (Remains)",120243923545710260,2026-05-04,not_delivering,ad,,,,,0,,0,0,,,,,,,,,2026-05-04,2026-05-04
"[28.05.25][มิ้น] ปีศาจอาจไม่ได้เกิดจากข้างนอก (ปีศาจตัวนั้น)",120235808316570260,2026-05-04,inactive,ad,,,,,0,,0,0,,,,,,,,,2026-05-04,2026-05-04
"[09.11.24] [มิ้น] เราทุกคนต่างไม่มีใครสมบูรณ์แบบ (โอบกอด)",120217502402910260,2026-05-04,not_delivering,ad,,,,,0,,0,0,,,,,,,,,2026-05-04,2026-05-04
"[24.01.25] [มิ้น] PAYDAY นี้ จ่าย 1 ได้ถึง 5 (Promotion_Payday)",120218919678810260,2026-05-04,not_delivering,ad,,,,,0,,0,0,,,,,,,,,2026-05-04,2026-05-04
"[13.11.25][มิ้น] การถูกมองข้าม (Demons)",120240436764770260,2026-05-04,inactive,ad,,,,,0,,0,0,,,,,,,,,2026-05-04,2026-05-04
"[22.07.25][มิ้น] เล่มใหม่ออกมาอีกแล้ว (Tried)",120233014563490260,2026-05-04,inactive,ad,,,,,0,,0,0,,,,,,,,,2026-05-04,2026-05-04
"[24.12.25][มิ้น] อย่ากลัวที่จะโดดเดี่ยว (Ghostly)",120242559696270260,2026-05-04,not_delivering,ad,,,,,0,,0,0,,,,,,,,,2026-05-04,2026-05-04
"[04.03.26][มิ้น] แม่อยากให้ลูกมั่นคง (Remains)",120245128912130260,2026-05-04,not_delivering,ad,,,,,0,,0,0,,,,,,,,,2026-05-04,2026-05-04
"[13.10.25][มิ้น] น้ำตาคาเบ้า (ปีศาจตัวนั้น)",120238524286540260,2026-05-04,not_delivering,ad,,,,,0,,0,0,,,,,,,,,2026-05-04,2026-05-04
"[04.02.26][มิ้น] มนุษย์ที่เป็นคนดี (สัมภาษณ์หมอ) (Trap)",120244520939380260,2026-05-04,inactive,ad,,,,,0,,0,0,,,,,,,,,2026-05-04,2026-05-04
"[24.07.24] [มิ้น] ดอกโครคัส",120214265953480260,2026-05-04,inactive,ad,,,,,0,,0,0,,,,,,,,,2026-05-04,2026-05-04
"[03.07.24] [มิ้น] Unbox คาปิบาร่า โดนหลอก (คาปิบาร่า_box set)",120214132683640260,2026-05-04,not_delivering,ad,,,,,0,,0,0,,,,,,,,,2026-05-04,2026-05-04
"[12.07.24] [มิ้น] เกินไปป่ะ (คาปิบาร่า_box set)",120214132683630260,2026-05-04,not_delivering,ad,,,,,0,,0,0,,,,,,,,,2026-05-04,2026-05-04
"[12.07.24] [มิ้น] เกินไปป่ะ (คาปิบาร่า_box set)",120214132751180260,2026-05-04,inactive,ad,,,,,0,,0,0,,,,,,,,,2026-05-04,2026-05-04
"[03.07.24] [มิ้น] Unbox คาปิบาร่า โดนหลอก (คาปิบาร่า_box set)",120214132751190260,2026-05-04,inactive,ad,,,,,0,,0,0,,,,,,,,,2026-05-04,2026-05-04
"[18.07.24] [มิ้น] ความรักกับดอกไม้",120214137282180260,2026-05-04,not_delivering,ad,,,,,0,,0,0,,,,,,,,,2026-05-04,2026-05-04
"[12.07.24] [มิ้น] เกินไปป่ะ (คาปิบาร่า_box set)",120214191579950260,2026-05-04,inactive,ad,,,,,0,,0,0,,,,,,,,,2026-05-04,2026-05-04
"[03.07.24] [มิ้น] Unbox คาปิบาร่า โดนหลอก (คาปิบาร่า_box set)",120214191579940260,2026-05-04,inactive,ad,,,,,0,,0,0,,,,,,,,,2026-05-04,2026-05-04
"[22.07.24] [มิ้น] ทำไมเราถึงชอบเอาตัวเองมาเปรียบเทียบกับคนอื่น (คาปิบาร่า_box set)",120214215023760260,2026-05-04,inactive,ad,,,,,0,,0,0,,,,,,,,,2026-05-04,2026-05-04
"[12.07.24] [มิ้น] เกินไปป่ะ (คาปิบาร่า_box set)",120214277940670260,2026-05-04,not_delivering,ad,,,,,0,,0,0,,,,,,,,,2026-05-04,2026-05-04
"[06.07.24] [มิ้น] 7.7 โอกาสดีห้ามพลาด V.2 (โปรกล่องสุ่ม)",120214070630530260,2026-05-04,archived,ad,,,,,0,,0,0,,,,,,,,,2026-05-04,2026-05-04
"[03.07.24] [มิ้น] Unbox คาปิบาร่า โดนหลอก (คาปิบาร่า_box set)",120214277940650260,2026-05-04,not_delivering,ad,,,,,0,,0,0,,,,,,,,,2026-05-04,2026-05-04
"[25.07.24] [มิ้น] เพื่อนใครชอบเทแบบนี้บ้าง (Payday)",120214292291060260,2026-05-04,not_delivering,ad,,,,,0,,0,0,,,,,,,,,2026-05-04,2026-05-04
"[25.07.24] [มิ้น] เพื่อนใครชอบเทแบบนี้บ้าง (Payday)",120214292374300260,2026-05-04,not_delivering,ad,,,,,0,,0,0,,,,,,,,,2026-05-04,2026-05-04
"[25.07.24] [มิ้น] เพื่อนใครชอบเทแบบนี้บ้าง (Payday)",120214323957810260,2026-05-04,not_delivering,ad,,,,,0,,0,0,,,,,,,,,2026-05-04,2026-05-04
"[25.07.24] [มิ้น] เพื่อนใครชอบเทแบบนี้บ้าง (Payday)",120214346663040260,2026-05-04,not_delivering,ad,,,,,0,,0,0,,,,,,,,,2026-05-04,2026-05-04
"[25.07.24] [มิ้น] เพื่อนใครชอบเทแบบนี้บ้าง (Payday)",120214346895380260,2026-05-04,not_delivering,ad,,,,,0,,0,0,,,,,,,,,2026-05-04,2026-05-04
"[12.07.24] [มิ้น] เกินไปป่ะ (คาปิบาร่า_box set)",120214367376790260,2026-05-04,not_delivering,ad,,,,,0,,0,0,,,,,,,,,2026-05-04,2026-05-04
"[03.07.24] [มิ้น] Unbox คาปิบาร่า โดนหลอก (คาปิบาร่า_box set)",120214367376780260,2026-05-04,not_delivering,ad,,,,,0,,0,0,,,,,,,,,2026-05-04,2026-05-04
"[16.07.24] [มิ้น] Test พวงกุญแจ Pilot คลิป",120214070650930260,2026-05-04,not_delivering,ad,,,,,0,,0,0,,,,,,,,,2026-05-04,2026-05-04
"[12.07.24] [มิ้น] เกินไปป่ะ (คาปิบาร่า_box set)",120214013182080260,2026-05-04,inactive,ad,,,,,0,,0,0,,,,,,,,,2026-05-04,2026-05-04
"[24.06.24] [มิ้น] 5 ประโยคปลดล็อค (ดอกไม้)",120214399480140260,2026-05-04,inactive,ad,,,,,0,,0,0,,,,,,,,,2026-05-04,2026-05-04
"[06.07.24] [มิ้น] 7.7 โอกาสดีห้ามพลาด V.2 (โปรกล่องสุ่ม)",120213845813070260,2026-05-04,inactive,ad,,,,,0,,0,0,,,,,,,,,2026-05-04,2026-05-04
"[25.06.24] [มิ้น] สาวกห้ามพลาด! คาปิบาร่ามีกล่องสุ่มแล้ว (ไม่บอกราคา) (โปรกล่องสุ่ม)",120213580361420260,2026-05-04,not_delivering,ad,,,,,0,,0,0,,,,,,,,,2026-05-04,2026-05-04
"[24.06.24] [มิ้น] 5 ประโยคปลดล็อค (ดอกไม้)",120213594298570260,2026-05-04,inactive,ad,,,,,0,,0,0,,,,,,,,,2026-05-04,2026-05-04
"[26.04.24] [มิ้น] 5 ประโยคฮีลใจ อ่านแล้วเลิกคิดมาก",120213603472720260,2026-05-04,inactive,ad,,,,,0,,0,0,,,,,,,,,2026-05-04,2026-05-04
"[26.04.24] [มิ้น] 5 ประโยคฮีลใจ อ่านแล้วเลิกคิดมาก",120213603573200260,2026-05-04,not_delivering,ad,,,,,0,,0,0,,,,,,,,,2026-05-04,2026-05-04
"[03.07.24] [มิ้น] Unbox คาปิบาร่า โดนหลอก (คาปิบาร่า_box set)",120213765025580260,2026-05-04,not_delivering,ad,,,,,0,,0,0,,,,,,,,,2026-05-04,2026-05-04
"[03.07.24] [มิ้น] Unbox คาปิบาร่า โดนหลอก (คาปิบาร่า_box set)",120213765037580260,2026-05-04,inactive,ad,,,,,0,,0,0,,,,,,,,,2026-05-04,2026-05-04
"[03.07.24] [มิ้น] ปล่อยให้ตัวเองเศร้าบ้างก็ได้",120213765897990260,2026-05-04,inactive,ad,,,,,0,,0,0,,,,,,,,,2026-05-04,2026-05-04
"[03.07.24] [มิ้น] ปล่อยให้ตัวเองเศร้าบ้างก็ได้",120213765907190260,2026-05-04,inactive,ad,,,,,0,,0,0,,,,,,,,,2026-05-04,2026-05-04
"[06.07.24] [มิ้น] 7.7 โอกาสดีห้ามพลาด V.2 (โปรกล่องสุ่ม)",120213845827950260,2026-05-04,inactive,ad,,,,,0,,0,0,,,,,,,,,2026-05-04,2026-05-04
"[12.07.24] [มิ้น] เกินไปป่ะ (คาปิบาร่า_box set)",120213991746770260,2026-05-04,inactive,ad,,,,,0,,0,0,,,,,,,,,2026-05-04,2026-05-04
"[06.07.24] [มิ้น] 7.7 โอกาสดีห้ามพลาด V.2 (โปรกล่องสุ่ม)",120213845838780260,2026-05-04,inactive,ad,,,,,0,,0,0,,,,,,,,,2026-05-04,2026-05-04
"[06.07.24] [มิ้น] 7.7 โอกาสดีห้ามพลาด V.2 (โปรกล่องสุ่ม)",120213845900150260,2026-05-04,inactive,ad,,,,,0,,0,0,,,,,,,,,2026-05-04,2026-05-04
"[06.07.24] [มิ้น] 7.7 โอกาสดีห้ามพลาด V.2 (โปรกล่องสุ่ม)",120213846717150260,2026-05-04,archived,ad,,,,,0,,0,0,,,,,,,,,2026-05-04,2026-05-04
"[08.07.24] [มิ้น] ของขวัญสำหรับคนพิเศษ",120213886281030260,2026-05-04,inactive,ad,,,,,0,,0,0,,,,,,,,,2026-05-04,2026-05-04
"[03.07.24] [มิ้น] ปล่อยให้ตัวเองเศร้าบ้างก็ได้",120213918941180260,2026-05-04,inactive,ad,,,,,0,,0,0,,,,,,,,,2026-05-04,2026-05-04
"[08.07.24] [มิ้น] ของขวัญสำหรับคนพิเศษ",120213920982870260,2026-05-04,inactive,ad,,,,,0,,0,0,,,,,,,,,2026-05-04,2026-05-04
"[08.07.24] [มิ้น] ของขวัญสำหรับคนพิเศษ",120213949048490260,2026-05-04,inactive,ad,,,,,0,,0,0,,,,,,,,,2026-05-04,2026-05-04
"[12.07.24] [มิ้น] หนังสือฮีลใจที่ต้องมีสักเล่ม",120213959666680260,2026-05-04,inactive,ad,,,,,0,,0,0,,,,,,,,,2026-05-04,2026-05-04
"[25.07.24] [มิ้น] เพื่อนใครชอบเทแบบนี้บ้าง (Payday)",120214383289460260,2026-05-04,not_delivering,ad,,,,,0,,0,0,,,,,,,,,2026-05-04,2026-05-04
"[31.07.24] [มิ้น] ฤดูที่ฉันเหงา (ปีศาจความรัก)",120214420705100260,2026-05-04,not_delivering,ad,,,,,0,,0,0,,,,,,,,,2026-05-04,2026-05-04
"[24.06.24] [มิ้น] 5 ประโยคปลดล็อค (ดอกไม้)",120213557153170260,2026-05-04,inactive,ad,,,,,0,,0,0,,,,,,,,,2026-05-04,2026-05-04
"[22.01.26][มิ้น] 5 สิ่งที่ทำได้เลย (Trap)",120244313333920260,2026-05-04,not_delivering,ad,,,,,0,,0,0,,,,,,,,,2026-05-04,2026-05-04
"[16.10.25][มิ้น] หนังสือฮีลใจฮาโลวีน (Demons)",120238788809930260,2026-05-04,not_delivering,ad,,,,,0,,0,0,,,,,,,,,2026-05-04,2026-05-04
"[24.05.25][มิ้น] อ่านแล้วรู้สึกเหมือนได้ยกภูเขาออกจากอก (ปีศาจตัวนั้น)",120233470861380260,2026-05-04,not_delivering,ad,,,,,0,,0,0,,,,,,,,,2026-05-04,2026-05-04
"[13.11.25][มิ้น] โคตรจะชอบประโยคนี้เลย (Demons)",120240436963120260,2026-05-04,not_delivering,ad,,,,,0,,0,0,,,,,,,,,2026-05-04,2026-05-04
"[04.02.26][มิ้น] มนุษย์ที่เป็นคนดี (สัมภาษณ์หมอ) (Trap) (Sale)",120244552668900260,2026-05-04,not_delivering,ad,,,,,0,,0,0,,,,,,,,,2026-05-04,2026-05-04
"[14.03.26][มิ้น] ไม่ต้องอ่านให้จบเล่ม (Remains)",120245559167990260,2026-05-04,not_delivering,ad,,,,,0,,0,0,,,,,,,,,2026-05-04,2026-05-04
"[22.05.25][มิ้น] จะเป็นยังไง! เมื่อคนที่หมดแพชชัน  ต้องไปเป็นที่ปรึกษาให้เหล่าดวงวิญญาณ (Ghostly)",120244773004580260,2026-05-04,not_delivering,ad,,,,,0,,0,0,,,,,,,,,2026-05-04,2026-05-04
"[29.10.25][มิ้น] 2 หนังสือเรียกน้ำตา (Remains)",120240908987250260,2026-05-04,archived,ad,,,,,0,,0,0,,,,,,,,,2026-05-04,2026-05-04
"[29.01.26][มิ้น] Unboxing หนังสือเล่มแรกของปี 2026 (Trap)",120243835535440260,2026-05-04,not_delivering,ad,,,,,0,,0,0,,,,,,,,,2026-05-04,2026-05-04
"[29.03.26][มิ้น] เล่มลายเซ็นนักเขียนหมึกซึม (Ghostly) (Remains)",120246204770990260,2026-05-04,not_delivering,ad,,,,,0,,0,0,,,,,,,,,2026-05-04,2026-05-04
"[03.09.25][มิ้น] หนังเล่มใหม่ที่อานแล้วน้ำตาซึม (Demons)",120236323055900260,2026-05-04,not_delivering,ad,,,,,0,,0,0,,,,,,,,,2026-05-04,2026-05-04
"[03.12.25][มิ้น] เล่มนี้ทำน้ำตาไหลหนักมาก (Ghostly)",120243414093590260,2026-05-04,inactive,ad,,,,,0,,0,0,,,,,,,,,2026-05-04,2026-05-04
"[24.12.25][มิ้น] ดวงสมพงษ์กัน (Witches)",120243923601290260,2026-05-04,not_delivering,ad,,,,,0,,0,0,,,,,,,,,2026-05-04,2026-05-04
"[13.04.26][มิ้น] Thankyou next (Remains)",120247075391790260,2026-05-04,inactive,ad,,,,,0,,0,0,,,,,,,,,2026-05-04,2026-05-04
"[19.11.24] [มิ้น] เพราะส่วนลึกที่สุดของทะเล (โอบกอด)",120217165807550260,2026-05-04,not_delivering,ad,,,,,0,,0,0,,,,,,,,,2026-05-04,2026-05-04
"[07.01.25] [มิ้น] มีประโยคนึงในหนังสือเล่มหนึ่ง (Kidmakk)",120218386112020260,2026-05-04,not_delivering,ad,,,,,0,,0,0,,,,,,,,,2026-05-04,2026-05-04
"[25.08.25][มิ้น] เราเช็กดวง (Witches)",120235633850060260,2026-05-04,inactive,ad,,,,,0,,0,0,,,,,,,,,2026-05-04,2026-05-04
"[22.09.25][มิ้น] Boxset เปลี่ยนความทุกข์ (Witches)",120237917604970260,2026-05-04,not_delivering,ad,,,,,0,,0,0,,,,,,,,,2026-05-04,2026-05-04
"[14.07.25][มิ้น] 5 สัญญาณ Toxic (Ghostly)",120232760583400260,2026-05-04,inactive,ad,,,,,0,,0,0,,,,,,,,,2026-05-04,2026-05-04
"[22.10.25][มิ้น] เพราะในทุกความเกลียด (Remains)",120239461693600260,2026-05-04,not_delivering,ad,,,,,0,,0,0,,,,,,,,,2026-05-04,2026-05-04
"[02.06.25][มิ้น] รีแอค ขมิ้น (Ghostly)",120234317491320260,2026-05-04,not_delivering,ad,,,,,0,,0,0,,,,,,,,,2026-05-04,2026-05-04
"[12.07.24] [มิ้น] เกินไปป่ะ (คาปิบาร่า_box set)",120214445025560260,2026-05-04,not_delivering,ad,,,,,0,,0,0,,,,,,,,,2026-05-04,2026-05-04
"[03.07.24] [มิ้น] Unbox คาปิบาร่า โดนหลอก (คาปิบาร่า_box set)",120214504149520260,2026-05-04,not_delivering,ad,,,,,0,,0,0,,,,,,,,,2026-05-04,2026-05-04
"[03.07.24] [มิ้น] Unbox คาปิบาร่า โดนหลอก (คาปิบาร่า_box set)",120214445216060260,2026-05-04,not_delivering,ad,,,,,0,,0,0,,,,,,,,,2026-05-04,2026-05-04
"[18.07.24] [มิ้น] ความรักกับดอกไม้",120214464520220260,2026-05-04,inactive,ad,,,,,0,,0,0,,,,,,,,,2026-05-04,2026-05-04
"[24.06.24] [มิ้น] 5 ประโยคปลดล็อค (ดอกไม้)",120214491444540260,2026-05-04,inactive,ad,,,,,0,,0,0,,,,,,,,,2026-05-04,2026-05-04
"[03.08.24] [มิ้น] ยกให้เป็นหนังสือในดวงใจ",120214492809050260,2026-05-04,inactive,ad,,,,,0,,0,0,,,,,,,,,2026-05-04,2026-05-04
"[18.07.24] [มิ้น] ความรักกับดอกไม้",120214503495400260,2026-05-04,not_delivering,ad,,,,,0,,0,0,,,,,,,,,2026-05-04,2026-05-04
"[24.07.24] [มิ้น] ดอกโครคัส",120214503500480260,2026-05-04,inactive,ad,,,,,0,,0,0,,,,,,,,,2026-05-04,2026-05-04
"[24.06.24] [มิ้น] 5 ประโยคปลดล็อค (ดอกไม้)",120214503503920260,2026-05-04,inactive,ad,,,,,0,,0,0,,,,,,,,,2026-05-04,2026-05-04
"[12.07.24] [มิ้น] เกินไปป่ะ (คาปิบาร่า_box set)",120214504149530260,2026-05-04,not_delivering,ad,,,,,0,,0,0,,,,,,,,,2026-05-04,2026-05-04
"[05.08.24] [มิ้น] 8.8 บุฟเฟต์ ฮีลใจจัดให้",120214519321290260,2026-05-04,not_delivering,ad,,,,,0,,0,0,,,,,,,,,2026-05-04,2026-05-04
"[28.05.25][มิ้น] 3 สิ่งที่เล่มนี้อยากบอก (ปีศาจตัวนั้น)",120235808316590260,2026-05-04,not_delivering,ad,,,,,0,,0,0,,,,,,,,,2026-05-04,2026-05-04
"[05.08.24] [มิ้น] 8.8 บุฟเฟต์ ฮีลใจจัดให้",120214519375190260,2026-05-04,not_delivering,ad,,,,,0,,0,0,,,,,,,,,2026-05-04,2026-05-04
"[05.08.24] [มิ้น] 8.8 บุฟเฟต์ ฮีลใจจัดให้",120214519474090260,2026-05-04,not_delivering,ad,,,,,0,,0,0,,,,,,,,,2026-05-04,2026-05-04
"[05.08.24] [มิ้น] 8.8 บุฟเฟต์ ฮีลใจจัดให้",120214519485710260,2026-05-04,not_delivering,ad,,,,,0,,0,0,,,,,,,,,2026-05-04,2026-05-04
"[11.02.25][มิ้น] สัมภาษณ์คุณปั๊ม คิ้วต่ำ (Kiwtum)",120221825820790260,2026-05-04,not_delivering,ad,,,,,0,,0,0,,,,,,,,,2026-05-04,2026-05-04
"[22.05.25][มิ้น] จะเป็นยังไง! เมื่อคนที่หมดแพชชัน  ต้องไปเป็นที่ปรึกษาให้เหล่าดวงวิญญาณ (Ghostly)",120232764653310260,2026-05-04,inactive,ad,,,,,0,,0,0,,,,,,,,,2026-05-04,2026-05-04
"[02.06.25][มิ้น] รีแอค ขมิ้น (Ghostly)",120238146231120260,2026-05-04,not_delivering,ad,,,,,0,,0,0,,,,,,,,,2026-05-04,2026-05-04
"[22.07.25][มิ้น] เล่มใหม่ออกมาอีกแล้ว (Tried)",120233014295290260,2026-05-04,inactive,ad,,,,,0,,0,0,,,,,,,,,2026-05-04,2026-05-04
"[07.08.25][มิ้น] เล่มใหม่ล่าสุด (Tried)",120234507579240260,2026-05-04,not_delivering,ad,,,,,0,,0,0,,,,,,,,,2026-05-04,2026-05-04
"[25.06.24] [มิ้น] สาวกห้ามพลาด! คาปิบาร่ามีกล่องสุ่มแล้ว (ไม่บอกราคา) (โปรกล่องสุ่ม)",120213577510910260,2026-05-04,not_delivering,ad,,,,,0,,0,0,,,,,,,,,2026-05-04,2026-05-04
"[24.06.24] [มิ้น] 5 ประโยคปลดล็อค (ดอกไม้)",120213556987210260,2026-05-04,inactive,ad,,,,,0,,0,0,,,,,,,,,2026-05-04,2026-05-04
"[03.03.26][มิ้น] ไม่เคยร้องไห้กับหนังสือจนมาเจอ 2 เล่มนี้ (Ghostly) (Remains)",120246513533230260,2026-05-04,not_delivering,ad,การสนทนาผ่านการส่งข้อความที่เริ่มขึ้น,,,,0,,0,0,,,,,,,,,2026-05-04,2026-05-04
"[21.03.25][มิ้น] Unboxing newbook (Gift)",120222458416020260,2026-05-04,inactive,ad,,,,,0,,0,0,,,,,,,,,2026-05-04,2026-05-04
"[21.09.24] [มิ้น] คนเราแตกสลายได้กี่ครั้ง",120216668872710260,2026-05-04,inactive,ad,,,,,0,,0,0,,,,,,,,,2026-05-04,2026-05-04
"[23.07.25][มิ้น] อ่านแล้วหายเหนื่อย (Tried)",120234550140960260,2026-05-04,archived,ad,,,,,0,,0,0,,,,,,,,,2026-05-04,2026-05-04
"[25.03.25][มิ้น] 5 ข้อคิด (Witches)",120222719344250260,2026-05-04,inactive,ad,,,,,0,,0,0,,,,,,,,,2026-05-04,2026-05-04
"[02.06.25][มิ้น] ฉลอง 100,000 เล่ม ปีศาจ (ปีศาจตัวนั้น)",120229861183850260,2026-05-04,not_delivering,ad,,,,,0,,0,0,,,,,,,,,2026-05-04,2026-05-04
"[11.02.25][มิ้น] ประโยคจากคุณปั๊ม คิ้วต่ำ (Kiwtum)",120219600417070260,2026-05-04,not_delivering,ad,,,,,0,,0,0,,,,,,,,,2026-05-04,2026-05-04
"[05.08.25][มิ้น] หนังสือบ้านหลังที่ 2 (Home)",120234400487010260,2026-05-04,not_delivering,ad,,,,,0,,0,0,,,,,,,,,2026-05-04,2026-05-04
"[03.09.25][มิ้น] เล่มใหม่ให้ 1000/100 (Demons) (QuickReply)",120236827515120260,2026-05-04,not_delivering,ad,,,,,0,,0,0,,,,,,,,,2026-05-04,2026-05-04
"[24.12.24] [มิ้น] Payday นี้รวมแพ็กฮีลใจเล่มใหม่ (Promotion_Payday)",120218077577840260,2026-05-04,not_delivering,ad,,,,,0,,0,0,,,,,,,,,2026-05-04,2026-05-04
"[11.06.25][มิ้น] ชายคนหนึ่งตกหลุมรักสาวใบ้ (Ghostly)",120230768994110260,2026-05-04,archived,ad,,,,,0,,0,0,,,,,,,,,2026-05-04,2026-05-04
"[20.01.25][Garden_Boxset][มิ้น][VDO] 5 ประโยคปลดล็อค",120218619152640260,2026-05-04,inactive,ad,,,,,0,,0,0,,,,,,,,,2026-05-04,2026-05-04
"[22.09.25][มิ้น] เล่มใหม่ 1000/100 (Remains)",120237332588820260,2026-05-04,inactive,ad,,,,,0,,0,0,,,,,,,,,2026-05-04,2026-05-04
"[23.01.26][มิ้น] บางคนตายไป (Ghostly)",120243521808200260,2026-05-04,inactive,ad,,,,,0,,0,0,,,,,,,,,2026-05-04,2026-05-04
"[29.10.25][มิ้น] 2 หนังสือเรียกน้ำตา (Remains)",120240115682460260,2026-05-04,not_delivering,ad,,,,,0,,0,0,,,,,,,,,2026-05-04,2026-05-04
"[10.11.25][มิ้น] นี่คือสภาพ (Remains)",120240740054620260,2026-05-04,inactive,ad,,,,,0,,0,0,,,,,,,,,2026-05-04,2026-05-04
"[14.07.25][มิ้น] ประโยคก่อนนอน 2 (Kiwtum)",120234400405690260,2026-05-04,inactive,ad,,,,,0,,0,0,,,,,,,,,2026-05-04,2026-05-04
"[22.05.25][มิ้น] 5 ข้อคิด (Ghostly)",120236604849130260,2026-05-04,not_delivering,ad,,,,,0,,0,0,,,,,,,,,2026-05-04,2026-05-04
"[03.12.25][มิ้น] เล่มนี้ทำน้ำตาไหลหนักมาก (Ghostly)",120243289614690260,2026-05-04,inactive,ad,,,,,0,,0,0,,,,,,,,,2026-05-04,2026-05-04
"[03.09.25][มิ้น] Unboxing New Books (Demons)",120235860056250260,2026-05-04,inactive,ad,,,,,0,,0,0,,,,,,,,,2026-05-04,2026-05-04
"[22.05.25][มิ้น] จะเป็นยังไง! เมื่อคนที่หมดแพชชัน  ต้องไปเป็นที่ปรึกษาให้เหล่าดวงวิญญาณ (Ghostly)",120232623740920260,2026-05-04,not_delivering,ad,,,,,0,,0,0,,,,,,,,,2026-05-04,2026-05-04
"[05.08.24] [มิ้น] 8.8 บุฟเฟต์ ฮีลใจจัดให้",120214559826080260,2026-05-04,not_delivering,ad,,,,,0,,0,0,,,,,,,,,2026-05-04,2026-05-04
"[19.10.25][มิ้น] คำพูดคนที่รักเจ็บที่สุด (Demons)",120238954845020260,2026-05-04,not_delivering,ad,,,,,0,,0,0,,,,,,,,,2026-05-04,2026-05-04
"[11.02.25][มิ้น] Unboxing new book (Kiwtum)",120219806772650260,2026-05-04,archived,ad,,,,,0,,0,0,,,,,,,,,2026-05-04,2026-05-04
"[29.10.25][มิ้น] 2 หนังสือเรียกน้ำตา (Remains)",120239541619430260,2026-05-04,inactive,ad,,,,,0,,0,0,,,,,,,,,2026-05-04,2026-05-04
"[06.12.24] [มิ้น] สวัสดีธันวาคมเดือนสิบสอง (เซตสวน)",120217605954150260,2026-05-04,inactive,ad,,,,,0,,0,0,,,,,,,,,2026-05-04,2026-05-04
"[02.01.24] [มิ้น] เวลาที่คุณรู้สึกเศร้า (Embrace)",120218296869390260,2026-05-04,not_delivering,ad,,,,,0,,0,0,,,,,,,,,2026-05-04,2026-05-04
"[08.04.26][มิ้น] นี่คือสิ่งที่กำลังเกิดขึ้นกับคุณ (Witches)",120246834550470260,2026-05-04,inactive,ad,,,,,0,,0,0,,,,,,,,,2026-05-04,2026-05-04
"[02.11.24] [มิ้น] ความไม่สมบูรณ์แบบของเรา (โอบกอด)",120216749526710260,2026-05-04,not_delivering,ad,,,,,0,,0,0,,,,,,,,,2026-05-04,2026-05-04
"[22.05.25][มิ้น] หนังสือใหม่ออกมาอีกละ!!! (Ghostly)",120229087924590260,2026-05-04,inactive,ad,,,,,0,,0,0,,,,,,,,,2026-05-04,2026-05-04
"[12.11.25][มิ้น] คนที่แอบชอบ (Remains)",120240333954200260,2026-05-04,inactive,ad,,,,,0,,0,0,,,,,,,,,2026-05-04,2026-05-04
"[11.03.25][มิ้น] แนะนำฮีลใจ 5 เล่ม ตามจาก #Books (Engage)",120221886103830260,2026-05-04,inactive,ad,,,,,0,,0,0,,,,,,,,,2026-05-04,2026-05-04
"[07.08.25][มิ้น] เล่มใหม่ล่าสุด (Tried)",120234612916200260,2026-05-04,inactive,ad,,,,,0,,0,0,,,,,,,,,2026-05-04,2026-05-04
"[22.02.25][มิ้น] 5 เทคนิค Manifest (Million)",120221418779260260,2026-05-04,inactive,ad,,,,,0,,0,0,,,,,,,,,2026-05-04,2026-05-04
"[25.08.25][มิ้น] เราเช็กดวง (Witches)",120235634316360260,2026-05-04,inactive,ad,,,,,0,,0,0,,,,,,,,,2026-05-04,2026-05-04
"[29.10.25][มิ้น] 2 หนังสือเรียกน้ำตา (Remains)",120240333892650260,2026-05-04,inactive,ad,,,,,0,,0,0,,,,,,,,,2026-05-04,2026-05-04
"[21.01.25] [มิ้น] 5 ข้อคิด (Home)",120219261867080260,2026-05-04,not_delivering,ad,,,,,0,,0,0,,,,,,,,,2026-05-04,2026-05-04
"[21.01.25] [มิ้น] สถานที่ที่ปลอดภัยที่สุด (Home)",120218670228450260,2026-05-04,not_delivering,ad,,,,,0,,0,0,,,,,,,,,2026-05-04,2026-05-04
"[21.04.25][มิ้น] ดวงของคุณวันนี้? (Witches)",120226536539180260,2026-05-04,inactive,ad,,,,,0,,0,0,,,,,,,,,2026-05-04,2026-05-04
"[18.11.24] [มิ้น] เมื่อไหร่ที่รู้สึกผิดหวังกับชีวิต (ปีศาจ)",120217129597620260,2026-05-04,not_delivering,ad,,,,,0,,0,0,,,,,,,,,2026-05-04,2026-05-04
"[11.02.25][มิ้น] Unboxing new book (Kiwtum)",120219599958130260,2026-05-04,inactive,ad,,,,,0,,0,0,,,,,,,,,2026-05-04,2026-05-04
"[23.10.24] [มิ้น] โดนตกจากประโยคหลังปก (Life)",120216535120880260,2026-05-04,not_delivering,ad,,,,,0,,0,0,,,,,,,,,2026-05-04,2026-05-04
"[08.10.25][มิ้น] Unpack ปีศาจตัวนั้นคือฉันเอง 2 (Demons)",120240179530980260,2026-05-04,not_delivering,ad,,,,,0,,0,0,,,,,,,,,2026-05-04,2026-05-04
"[17.02.26][มิ้น] 20 เล่มลายเซ็น (Trap)",120247161076180260,2026-05-04,not_delivering,ad,,,,,0,,0,0,,,,,,,,,2026-05-04,2026-05-04
"[18.06.67] [มิ้น] ประโยคฮีลใจดึงสติ 100% (ปีศาจความรัก_เล่มเดี่ยว)",120213472561420260,2026-05-04,not_delivering,ad,,,,,0,,0,0,,,,,,,,,2026-05-04,2026-05-04
"[29.08.25][มิ้น] หนังสือเล่มนี้อยากบอกคุณว่า (Ghost)",120235858364930260,2026-05-04,not_delivering,ad,,,,,0,,0,0,,,,,,,,,2026-05-04,2026-05-04
"[22.02.25][มิ้น] 5 เทคนิค Manifest (Million)",120220584329090260,2026-05-04,inactive,ad,,,,,0,,0,0,,,,,,,,,2026-05-04,2026-05-04
"[11.02.25][มิ้น] สัมภาษณ์คุณปั๊ม คิ้วต่ำ (Kiwtum)",120225138048680260,2026-05-04,inactive,ad,,,,,0,,0,0,,,,,,,,,2026-05-04,2026-05-04
"[23.06.25][มิ้น] พื้นที่ที่แบ่งปันความสุขและความทุกข์ (Embrace)",120231822472990260,2026-05-04,archived,ad,,,,,0,,0,0,,,,,,,,,2026-05-04,2026-05-04
"[01.08.25][มิ้น] ผิดหวังก็สมหวังได้ (Witches)",120234868915480260,2026-05-04,not_delivering,ad,,,,,0,,0,0,,,,,,,,,2026-05-04,2026-05-04
"[11.06.25][มิ้น] นักสู้ที่เก่งที่สุด (ปีศาจตัวนั้น)",120230527723930260,2026-05-04,inactive,ad,,,,,0,,0,0,,,,,,,,,2026-05-04,2026-05-04
"[11.02.25][มิ้น] 5 ข้อคิด (Kiwtum)",120219598753540260,2026-05-04,inactive,ad,,,,,0,,0,0,,,,,,,,,2026-05-04,2026-05-04
"[11.02.25][มิ้น] Unboxing new book (Kiwtum)",120219599908730260,2026-05-04,inactive,ad,,,,,0,,0,0,,,,,,,,,2026-05-04,2026-05-04
"[22.05.25][มิ้น] จะเป็นยังไง! เมื่อคนที่หมดแพชชัน  ต้องไปเป็นที่ปรึกษาให้เหล่าดวงวิญญาณ (Ghostly)",120229091502600260,2026-05-04,inactive,ad,,,,,0,,0,0,,,,,,,,,2026-05-04,2026-05-04
"[04.06.24] เปิดตัวปีศาจความรัก น้องมิ้น",120213010036900260,2026-05-04,not_delivering,ad,,,,,0,,0,0,,,,,,,,,2026-05-04,2026-05-04
"[21.01.25] [มิ้น] Unboxing หนังสือฮีลใจเล่มใหม่ 2025 (Home)",120218671476840260,2026-05-04,inactive,ad,,,,,0,,0,0,,,,,,,,,2026-05-04,2026-05-04
"[03.06.24][มิ้น] บางครั้งความผิดพลาด อาจสอนอะไรเราบางอย่าง (คาปิบาร่า_box set) (เริ่มยิงใหม่ 11 June 24)",120213200732480260,2026-05-04,not_delivering,ad,,,,,0,,0,0,,,,,,,,,2026-05-04,2026-05-04
"[18.06.24] [มิ้น] เปิดตัวปีศาจความรัก (ปีศาจความรัก_เล่มเดี่ยว)",120213393189060260,2026-05-04,inactive,ad,,,,,0,,0,0,,,,,,,,,2026-05-04,2026-05-04
"[18.06.67] [มิ้น] ประโยคฮีลใจดึงสติ 100% (ปีศาจความรัก_เล่มเดี่ยว)",120213397635530260,2026-05-04,inactive,ad,,,,,0,,0,0,,,,,,,,,2026-05-04,2026-05-04
"[19.06.24] [มิ้น] 5 ประโยค เปลี่ยนความคิดในเรื่องความสัมพันธ์",120213423221630260,2026-05-04,inactive,ad,,,,,0,,0,0,,,,,,,,,2026-05-04,2026-05-04
"[21.06.24] [มิ้น] พาบุกร้านหนังสือ",120213471855760260,2026-05-04,inactive,ad,,,,,0,,0,0,,,,,,,,,2026-05-04,2026-05-04
"[21.06.24] [มิ้น] พาบุกร้านหนังสือ",120213472019280260,2026-05-04,not_delivering,ad,,,,,0,,0,0,,,,,,,,,2026-05-04,2026-05-04
"[18.06.24] [มิ้น] เปิดตัวปีศาจความรัก (ปีศาจความรัก_เล่มเดี่ยว)",120213472548450260,2026-05-04,not_delivering,ad,,,,,0,,0,0,,,,,,,,,2026-05-04,2026-05-04
"[18.06.67] [มิ้น] ประโยคฮีลใจดึงสติ 100% (ปีศาจความรัก_เล่มเดี่ยว)",120213472242120260,2026-05-04,inactive,ad,,,,,0,,0,0,,,,,,,,,2026-05-04,2026-05-04
"[25.02.25][มิ้น] ทำไม 2 เล่มนี้ถึงได้รางวัล (Promotion_Pack)",120220872084900260,2026-05-04,not_delivering,ad,,,,,0,,0,0,,,,,,,,,2026-05-04,2026-05-04
"[11.02.25][มิ้น] Unboxing new book (Kiwtum)",120219809847300260,2026-05-04,not_delivering,ad,,,,,0,,0,0,,,,,,,,,2026-05-04,2026-05-04
"[02.04.26][มิ้น] อย่าปล่อยให้อีโก้ (Trap)",120247408900270260,2026-05-04,not_delivering,ad,,,,,0,,0,0,,,,,,,,,2026-05-04,2026-05-04
"[28.11.24] [มิ้น] ความสมบูรณ์แบบ (ที่ไม่มีอยู่จริง) (คาปิบาร่า_Boxset)",120217380972860260,2026-05-04,not_delivering,ad,,,,,0,,0,0,,,,,,,,,2026-05-04,2026-05-04
"[03.09.25][มิ้น] หนังเล่มใหม่ที่อานแล้วน้ำตาซึม (Demons)",120235859358580260,2026-05-04,inactive,ad,,,,,0,,0,0,,,,,,,,,2026-05-04,2026-05-04
"[09.09.25][มิ้น] ประโยคนี้เตือนสติ (Witches)",120236603005580260,2026-05-04,archived,ad,,,,,0,,0,0,,,,,,,,,2026-05-04,2026-05-04
"[03.09.25][มิ้น] อยากให้ทุกคนอ่าน (Ghostly)",120238146231070260,2026-05-04,not_delivering,ad,,,,,0,,0,0,,,,,,,,,2026-05-04,2026-05-04
"[05.03.26][มิ้น] คลิปสัมภาษณ์ MAY-I ปริมาณของเพื่อนไม่สำคัญเท่าคุณภาพ (Witches)",120245170351250260,2026-05-04,not_delivering,ad,,,,,0,,0,0,,,,,,,,,2026-05-04,2026-05-04
"[03.12.25][มิ้น] น้ำตาซึมไปหลายวัน (Remains)",120244259802860260,2026-05-04,not_delivering,ad,,,,,0,,0,0,,,,,,,,,2026-05-04,2026-05-04
"[13.01.26][มิ้น] อย่าให้คนคนเดียว (Embrace) (Reels)",120243131312450260,2026-05-04,not_delivering,ad,,,,,0,,0,0,,,,,,,,,2026-05-04,2026-05-04
"[11.06.25][มิ้น] ชายคนหนึ่งตกหลุมรักสาวใบ้ (Ghostly)",120231947093860260,2026-05-04,not_delivering,ad,,,,,0,,0,0,,,,,,,,,2026-05-04,2026-05-04
"[17.02.26][มิ้น] 20 เล่มลายเซ็น (Trap)",120247408900190260,2026-05-04,not_delivering,ad,,,,,0,,0,0,,,,,,,,,2026-05-04,2026-05-04
"[16.01.25] [มิ้น] ข่าวด่วนจนต้องบุก“นายอินทร์” (Promotion_Pack)",120218663160130260,2026-05-04,not_delivering,ad,,,,,0,,0,0,,,,,,,,,2026-05-04,2026-05-04
"[24.01.25] [มิ้น] PAYDAY นี้ จ่าย 1 ได้ถึง 5 (Promotion_Payday)",120218920155980260,2026-05-04,not_delivering,ad,,,,,0,,0,0,,,,,,,,,2026-05-04,2026-05-04
"[17.12.24] [มิ้น] แนะนำหนังสือสำหรับลูก (Helmet_Boxset)",120217877075060260,2026-05-04,not_delivering,ad,,,,,0,,0,0,,,,,,,,,2026-05-04,2026-05-04
"[28.12.24] [มิ้น] ลดใหญ่ส่งท้ายปี (Capyabara_Boxset)",120218221767120260,2026-05-04,inactive,ad,,,,,0,,0,0,,,,,,,,,2026-05-04,2026-05-04
"[23.05.25][มิ้น] Payday May (Promotion_Payday)",120229513903520260,2026-05-04,inactive,ad,,,,,0,,0,0,,,,,,,,,2026-05-04,2026-05-04
"[09.11.24] [มิ้น] เราทุกคนต่างไม่มีใครสมบูรณ์แบบ (โอบกอด)",120216908629980260,2026-05-04,not_delivering,ad,,,,,0,,0,0,,,,,,,,,2026-05-04,2026-05-04
"[15.10.24] [มิ้น] จุดเปลี่ยนของชีวิต (Life)",120216535120860260,2026-05-04,inactive,ad,,,,,0,,0,0,,,,,,,,,2026-05-04,2026-05-04
"[19.02.25][มิ้น] 5 ประโยค เปลี่ยนชีวิต (Kidmakk)",120220278011100260,2026-05-04,inactive,ad,,,,,0,,0,0,,,,,,,,,2026-05-04,2026-05-04
"[16.01.25][VDO][มิ้น][Garden_เล่มเดี่ยว] ความรักกับดอกไม้",120218617745560260,2026-05-04,inactive,ad,,,,,0,,0,0,,,,,,,,,2026-05-04,2026-05-04
"[11.02.25][มิ้น] ประโยคจากคุณปั๊ม คิ้วต่ำ (Kiwtum)",120219600040490260,2026-05-04,inactive,ad,,,,,0,,0,0,,,,,,,,,2026-05-04,2026-05-04
"[03.09.25][มิ้น] เล่มใหม่ให้ 1000/100 (Demons)",120236324479860260,2026-05-04,not_delivering,ad,,,,,0,,0,0,,,,,,,,,2026-05-04,2026-05-04
"[23.01.26][มิ้น] บางคนตายไป (Ghostly)",120243886890210260,2026-05-04,not_delivering,ad,,,,,0,,0,0,,,,,,,,,2026-05-04,2026-05-04
"[10.05.25][มิ้น] เล่มนี้ทำให้เข้าใจดี (Embrace)",120228491715490260,2026-05-04,inactive,ad,,,,,0,,0,0,,,,,,,,,2026-05-04,2026-05-04
"[02.06.25][มิ้น] รีแอค ขมิ้น (Ghostly)",120232158719460260,2026-05-04,inactive,ad,,,,,0,,0,0,,,,,,,,,2026-05-04,2026-05-04
"[23.01.26][มิ้น] หนังสือที่อยากให้อ่าน 2026 (Ghostly)",120243521687280260,2026-05-04,inactive,ad,,,,,0,,0,0,,,,,,,,,2026-05-04,2026-05-04
"[15.03.26][มิ้น] การรักษาซึมเศร้าไม่ใช่แค่เรื่องยา (Trap)",120245621584290260,2026-05-04,not_delivering,ad,,,,,0,,0,0,,,,,,,,,2026-05-04,2026-05-04
"[18.04.25][มิ้น] ก่อนนอน อยากให้คุณได้อ่าน (Kiwtum)",120226165931670260,2026-05-04,inactive,ad,,,,,0,,0,0,,,,,,,,,2026-05-04,2026-05-04
"[10.11.25][มิ้น] ป้ายยาหนังสือ 7 เล่ม (E-Book)",120244056423010260,2026-05-04,not_delivering,ad,,,,,0,,0,0,,,,,,,,,2026-05-04,2026-05-04
"[11.03.26][มิ้น] รี stock เล่มลายเซ็นนักเขียนเมไอ (Witches)",120245836368320260,2026-05-04,not_delivering,ad,,,,,0,,0,0,,,,,,,,,2026-05-04,2026-05-04
"[03.03.26][มิ้น] ไม่เคยร้องไห้กับหนังสือจนมาเจอ 2 เล่มนี้ (Ghostly) (Remains)",120246510803810260,2026-05-04,not_delivering,ad,,,,,0,,0,0,,,,,,,,,2026-05-04,2026-05-04
"[25.07.25][มิ้น] ฮีลใจวัยทำงาน (Tried) (Reels)",120243521024670260,2026-05-04,not_delivering,ad,,,,,0,,0,0,,,,,,,,,2026-05-04,2026-05-04
"[06.08.25][มิ้น] วันไหนไม่ไหว แวะมาอ่าน (Tried)",120234430079930260,2026-05-04,not_delivering,ad,,,,,0,,0,0,,,,,,,,,2026-05-04,2026-05-04
"[06.02.26][มิ้น] รักกันอยู่ แต่ไม่เห็นอนาคตร่วมกัน (Garden)",120244056248970260,2026-05-04,not_delivering,ad,,,,,0,,0,0,,,,,,,,,2026-05-04,2026-05-04
"[21.09.24] [มิ้น] คนเราแตกสลายได้กี่ครั้ง",120215723624310260,2026-05-04,not_delivering,ad,,,,,0,,0,0,,,,,,,,,2026-05-04,2026-05-04
"[25.07.25][มิ้น] หนังสือฮีลใจที่คุ้มที่สุด (Witches)",120233549905270260,2026-05-04,inactive,ad,,,,,0,,0,0,,,,,,,,,2026-05-04,2026-05-04
"[12.09.25][มิ้น] 5 สัญญาณเหนื่อย (Tried)",120236685205440260,2026-05-04,inactive,ad,,,,,0,,0,0,,,,,,,,,2026-05-04,2026-05-04
"[08.10.25][มิ้น] Unpack ปีศาจตัวนั้นคือฉันเอง 2 (Demons) (Reels)",120243296790840260,2026-05-04,not_delivering,ad,,,,,0,,0,0,,,,,,,,,2026-05-04,2026-05-04
"[19.09.25][มิ้น] จากกระแส 1000/100 (Remains)",120238230841820260,2026-05-04,inactive,ad,,,,,0,,0,0,,,,,,,,,2026-05-04,2026-05-04
"[03.09.25][มิ้น] จากเล่ม 1 สู่เล่ม 2 (Demons)",120236620456560260,2026-05-04,not_delivering,ad,,,,,0,,0,0,,,,,,,,,2026-05-04,2026-05-04
"[01.03.26][มิ้น] รี stock เล่มลายเซ็นหมอทานตะวัน (สัมภาษณ์หมอ) (Trap) (Cross Page)",120245665638770260,2026-05-04,not_delivering,ad,,,,,0,,0,0,,,,,,,,,2026-05-04,2026-05-04
"[04.02.26][มิ้น] มนุษย์ที่เป็นคนดี (สัมภาษณ์หมอ) (Trap)",120244313790350260,2026-05-04,not_delivering,ad,,,,,0,,0,0,,,,,,,,,2026-05-04,2026-05-04
"[29.10.25][มิ้น] 2 หนังสือเรียกน้ำตา (Remains)",120243287811430260,2026-05-04,inactive,ad,,,,,0,,0,0,,,,,,,,,2026-05-04,2026-05-04
"[13.05.25][มิ้น] ปัญหาเหล่านี้จะหายไป (Witches)",120228641592940260,2026-05-04,inactive,ad,,,,,0,,0,0,,,,,,,,,2026-05-04,2026-05-04
"[09.04.25][มิ้น] วันจันทร์ คือวันที่ดีที่สุดของสัปดาห์ (Capybara_Boxset)",120225152499990260,2026-05-04,inactive,ad,,,,,0,,0,0,,,,,,,,,2026-05-04,2026-05-04
"[03.12.25][มิ้น] เล่มนี้ทำน้ำตาไหลหนักมาก (Ghostly)",120242967730660260,2026-05-04,not_delivering,ad,,,,,0,,0,0,,,,,,,,,2026-05-04,2026-05-04
"[25.03.25][มิ้น] ประโยคหลังปก คุณปั๊ม (Kiwtum)",120222716989430260,2026-05-04,inactive,ad,,,,,0,,0,0,,,,,,,,,2026-05-04,2026-05-04
"[07.03.25][มิ้น] สัมภาษณ์คุณเม เล่มใหม่ล่าสุด (Witches)",120221951385840260,2026-05-04,inactive,ad,,,,,0,,0,0,,,,,,,,,2026-05-04,2026-05-04
"[21.03.25][มิ้น] สัมภาษณ์คุณบุ๋ม (Gift)",120222451522500260,2026-05-04,inactive,ad,,,,,0,,0,0,,,,,,,,,2026-05-04,2026-05-04
"[21.12.24] [มิ้น] สัมภาษณ์คุณคิดมาก (kidmakk)",120217962083710260,2026-05-04,inactive,ad,,,,,0,,0,0,,,,,,,,,2026-05-04,2026-05-04
"[16.01.25][VDO][มิ้น][Garden_เล่มเดี่ยว] ความรักกับดอกไม้",120220348271610260,2026-05-04,archived,ad,,,,,0,,0,0,,,,,,,,,2026-05-04,2026-05-04
"[12.03.25] [มิ้น] มีบทความจากหนังสือเล่มหนึ่งเขาบอกไว้ว่า (Kiwtum)",120221885583080260,2026-05-04,inactive,ad,,,,,0,,0,0,,,,,,,,,2026-05-04,2026-05-04
"[02.06.25][มิ้น] ถ้าแกพร้อมที่จะรักตัวเอง (ปีศาจตัวนั้น)",120229839125360260,2026-05-04,not_delivering,ad,,,,,0,,0,0,,,,,,,,,2026-05-04,2026-05-04
"[11.03.26][มิ้น] ฉันจะมีชีวิตที่ดี (Kidmakk)",120245719302350260,2026-05-04,not_delivering,ad,,,,,0,,0,0,,,,,,,,,2026-05-04,2026-05-04
"[29.10.25][มิ้น] 2 หนังสือเรียกน้ำตา (Remains)",120239979952550260,2026-05-04,not_delivering,ad,,,,,0,,0,0,,,,,,,,,2026-05-04,2026-05-04
"[02.01.25] [มิ้น] หนังสือฮีลใจเล่มใหม่ (Kidmakk)",120218298909310260,2026-05-04,not_delivering,ad,,,,,0,,0,0,,,,,,,,,2026-05-04,2026-05-04
"[11.02.25][มิ้น] สัมภาษณ์คุณปั๊ม คิ้วต่ำ (Kiwtum)",120221795858640260,2026-05-04,not_delivering,ad,,,,,0,,0,0,,,,,,,,,2026-05-04,2026-05-04
"[11.06.25][มิ้น] ชายคนหนึ่งตกหลุมรักสาวใบ้ (Ghostly)",120230536395330260,2026-05-04,inactive,ad,,,,,0,,0,0,,,,,,,,,2026-05-04,2026-05-04
"[03.12.25][มิ้น] โลกใจร้ายมามากพอแล้ว (Witches)",120241544545810260,2026-05-04,inactive,ad,,,,,0,,0,0,,,,,,,,,2026-05-04,2026-05-04
"[07.03.25][มิ้น] สัมภาษณ์คุณเม เล่มใหม่ล่าสุด (Witches)",120221521304100260,2026-05-04,inactive,ad,,,,,0,,0,0,,,,,,,,,2026-05-04,2026-05-04
"[22.03.26][มิ้น] มีประโยคหนึ่งในหนังสือ (Witches)",120246834180810260,2026-05-04,inactive,ad,การสนทนาผ่านการส่งข้อความที่เริ่มขึ้น,,,,0,,0,0,,,,,,,,,2026-05-04,2026-05-04
"[07.03.25][มิ้น] สัมภาษณ์คุณเม เล่มใหม่ล่าสุด (Witches)",120221597120640260,2026-05-04,inactive,ad,,,,,0,,0,0,,,,,,,,,2026-05-04,2026-05-04
"[03.09.25][มิ้น] จากเล่ม 1 สู่เล่ม 2 (Demons)",120236323500690260,2026-05-04,inactive,ad,,,,,0,,0,0,,,,,,,,,2026-05-04,2026-05-04
"[24.03.25][มิ้น] 5 ข้อคิดที่ได้จากหนังสือ (Gift)",120222717921410260,2026-05-04,inactive,ad,,,,,0,,0,0,,,,,,,,,2026-05-04,2026-05-04
"[01.08.25][มิ้น] ผิดหวังก็สมหวังได้ (Witches)",120234375496690260,2026-05-04,inactive,ad,,,,,0,,0,0,,,,,,,,,2026-05-04,2026-05-04
"[24.04.26][มิ้น] หนังสือเล่มนี้ทำให้เลิกโทษตัวเองได้จริง (Trap)",120247710400280260,2026-05-04,not_delivering,ad,การสนทนาผ่านการส่งข้อความที่เริ่มขึ้น,,,,0,,0,0,,,,,,,,,2026-05-04,2026-05-04
"[24.02.26][มิ้น] แมวที่เก็บมาเลี้ยงหายไป (Ghostly)",120244781189960260,2026-05-04,not_delivering,ad,,,,,0,,0,0,,,,,,,,,2026-05-04,2026-05-04
"[06.08.25][มิ้น] วันไหนไม่ไหว แวะมาอ่าน (Tried)",120234822459660260,2026-05-04,not_delivering,ad,,,,,0,,0,0,,,,,,,,,2026-05-04,2026-05-04
"[10.04.26][มิ้น] ยิ่งใกล้ ยิ่งห่าง (Ghostly)",120246840895590260,2026-05-04,inactive,ad,,,,,0,,0,0,,,,,,,,,2026-05-04,2026-05-04
"[16.10.25][มิ้น] ให้เปิดเล่มนี้เตือนสติ (Remains)",120239982076470260,2026-05-04,inactive,ad,,,,,0,,0,0,,,,,,,,,2026-05-04,2026-05-04
"[04.10.24] [มิ้น] ถ้าวันนี้เป็นวันสุดท้าย คุณจะทำอะไร? (Ghost)",120216788294810260,2026-05-04,inactive,ad,,,,,0,,0,0,,,,,,,,,2026-05-04,2026-05-04
"[23.01.26][มิ้น] บางคนตายไป (Ghostly)",120243771709320260,2026-05-04,not_delivering,ad,,,,,0,,0,0,,,,,,,,,2026-05-04,2026-05-04
"[05.03.26][มิ้น] เพราะพรุ่งนี้ที่รออาจจะมาไม่ถึง (Kiwtum)",120247248201540260,2026-05-04,not_delivering,ad,"การซื้อบน Meta",,,,155.48,,1424,1288,,1,155.48,,2,8.70786517,109.18539326,0,2026-05-04,2026-05-04
"[12.02.26][มิ้น] คนดีชอบแบกความคาดหวัง (สัมภาษณ์หมอ) (Trap)",120244268248610260,2026-05-04,not_delivering,ad,,,,,0,,0,0,,,,,,,,,2026-05-04,2026-05-04
"[07.03.25][มิ้น] สัมภาษณ์คุณเม เล่มใหม่ล่าสุด (Witches)",120221521353780260,2026-05-04,inactive,ad,,,,,0,,0,0,,,,,,,,,2026-05-04,2026-05-04
"[02.04.26][มิ้น] อย่าปล่อยให้อีโก้ (Trap)",120246783120900260,2026-05-04,not_delivering,ad,การสนทนาผ่านการส่งข้อความที่เริ่มขึ้น,,,,0,,0,0,,,,,,,,,2026-05-04,2026-05-04
"[04.02.26][มิ้น] มนุษย์ที่เป็นคนดี (สัมภาษณ์หมอ) (Trap)",120245970586480260,2026-05-04,not_delivering,ad,,,,,0,,0,0,,,,,,,,,2026-05-04,2026-05-04
"[23.07.25][มิ้น] อ่านแล้วหายเหนื่อย (Tried)",120234552010590260,2026-05-04,not_delivering,ad,,,,,0,,0,0,,,,,,,,,2026-05-04,2026-05-04
"[20.08.25][มิ้น] ไม่เคยคิดว่าแค่หนังสือเล่มเดียว (Ghostly)",120235312593640260,2026-05-04,not_delivering,ad,,,,,0,,0,0,,,,,,,,,2026-05-04,2026-05-04
"[01.03.26][มิ้น] รี stock เล่มลายเซ็นหมอทานตะวัน (สัมภาษณ์หมอ) (Trap) (Cross Page)",120248305790030260,2026-05-04,not_delivering,ad,การสนทนาผ่านการส่งข้อความที่เริ่มขึ้น,,,,155.77,,1743,1400,,,,,5,1.54905336,89.36890419,,2026-05-04,2026-05-04
"[25.04.26][มิ้น] คนที่ควรเปิดเล่มนี้อ่าน (Ghostly)",120247726759070260,2026-05-04,not_delivering,ad,การสนทนาผ่านการส่งข้อความที่เริ่มขึ้น,,,,0,,0,0,,,,,,,,,2026-05-04,2026-05-04
"[04.05.26][มิ้น] ภาวะสิ้นยินดี (Trap)",120248372838920260,2026-05-04,active,ad,การสนทนาผ่านการส่งข้อความที่เริ่มขึ้น,5,75.336,1098,376.68,2.91494106,3313,2728,2,5,75.336,2,29,10.74554784,113.69755509,0.4,2026-05-04,2026-05-04
"[04.02.26][มิ้น] มนุษย์ที่เป็นคนดี (สัมภาษณ์หมอ) (Trap)",120247171027410260,2026-05-04,not_delivering,ad,,,,,0,,0,0,,,,,,,,,2026-05-04,2026-05-04
"[03.03.26][มิ้น] ไม่เคยร้องไห้กับหนังสือจนมาเจอ 2 เล่มนี้ (Ghostly) (Remains)",120245714120340260,2026-05-04,not_delivering,ad,,,,,0,,0,0,,,,,,,,,2026-05-04,2026-05-04
"[14.03.26][มิ้น] หยุดด่าตัวเอง (Ghostly)",120245712887810260,2026-05-04,not_delivering,ad,,,,,0,,0,0,,,,,,,,,2026-05-04,2026-05-04
"[24.07.25][มิ้น] นี่ไม่ใช่แค่ไพ่ดูดวง (Witches)",120234069021910260,2026-05-04,inactive,ad,,,,,0,,0,0,,,,,,,,,2026-05-04,2026-05-04
"[22.08.25][มิ้น] รีสต็อกแล้ว รีบสั่งก่อนหมด (Ghostly)",120235451685710260,2026-05-04,not_delivering,ad,,,,,0,,0,0,,,,,,,,,2026-05-04,2026-05-04
"[04.02.26][มิ้น] มนุษย์ที่เป็นคนดี (สัมภาษณ์หมอ) (Trap)",120245621858730260,2026-05-04,not_delivering,ad,,,,,0,,0,0,,,,,,,,,2026-05-04,2026-05-04
"[22.07.25][มิ้น] วันนี้เหนื่อยมากเลยใช่ไหม (Tried)",120233221430500260,2026-05-04,not_delivering,ad,,,,,0,,0,0,,,,,,,,,2026-05-04,2026-05-04
"[04.02.26][มิ้น] มนุษย์ที่เป็นคนดี (สัมภาษณ์หมอ) (Trap)",120246089872340260,2026-05-04,not_delivering,ad,,,,,0,,0,0,,,,,,,,,2026-05-04,2026-05-04
"[29.01.26][มิ้น] Unboxing หนังสือเล่มแรกของปี 2026 (Trap)",120243468439110260,2026-05-04,not_delivering,ad,,,,,0,,0,0,,,,,,,,,2026-05-04,2026-05-04
"[04.02.26][มิ้น] มนุษย์ที่เป็นคนดี (สัมภาษณ์หมอ) (Trap) (Cross Page)",120244538166870260,2026-05-04,not_delivering,ad,,,,,0,,0,0,,,,,,,,,2026-05-04,2026-05-04
"[03.09.25][มิ้น] เล่มใหม่ให้ 1000/100 (Demons)",120235947738760260,2026-05-04,not_delivering,ad,,,,,0,,0,0,,,,,,,,,2026-05-04,2026-05-04
"[22.05.25][มิ้น] จะเป็นยังไง! เมื่อคนที่หมดแพชชัน  ต้องไปเป็นที่ปรึกษาให้เหล่าดวงวิญญาณ (Ghostly)",120232764159380260,2026-05-04,not_delivering,ad,,,,,0,,0,0,,,,,,,,,2026-05-04,2026-05-04
"[03.12.25][มิ้น] เล่มนี้ทำน้ำตาไหลหนักมาก (Ghostly)",120243955438110260,2026-05-04,not_delivering,ad,,,,,0,,0,0,,,,,,,,,2026-05-04,2026-05-04
"[23.01.26][มิ้น] บางคนตายไป (Ghostly)",120243771741700260,2026-05-04,inactive,ad,,,,,0,,0,0,,,,,,,,,2026-05-04,2026-05-04
"[18.09.25][มิ้น] ประโยคจากเล่มโปรด (Witches)",120237333302230260,2026-05-04,inactive,ad,,,,,0,,0,0,,,,,,,,,2026-05-04,2026-05-04
"[04.09.25][มิ้น] บางวันเราอาจก้าวได้ไกล (Tried)",120236240370690260,2026-05-04,not_delivering,ad,,,,,0,,0,0,,,,,,,,,2026-05-04,2026-05-04
"[22.03.26][มิ้น] มีประโยคหนึ่งในหนังสือ (Witches)",120245846930180260,2026-05-04,not_delivering,ad,,,,,0,,0,0,,,,,,,,,2026-05-04,2026-05-04
"[03.07.25][มิ้น] 7.7 ซื้อ 2 แถม Me Time (Promotion_DD)",120232210029510260,2026-05-04,not_delivering,ad,,,,,0,,0,0,,,,,,,,,2026-05-04,2026-05-04
"[23.02.26][มิ้น] People Pleaser (Trap)",120244755952650260,2026-05-04,not_delivering,ad,,,,,0,,0,0,,,,,,,,,2026-05-04,2026-05-04
"[03.11.25][มิ้น] ครบรอบ 2 ปี (ปีศาจตัวนั้น)",120239856476510260,2026-05-04,not_delivering,ad,,,,,0,,0,0,,,,,,,,,2026-05-04,2026-05-04
"[19.09.25][มิ้น] จากกระแส 1000/100 (Remains)",120237920752030260,2026-05-04,not_delivering,ad,,,,,0,,0,0,,,,,,,,,2026-05-04,2026-05-04
"[17.02.26][มิ้น] 20 เล่มลายเซ็น (Trap)",120244978181340260,2026-05-04,not_delivering,ad,,,,,0,,0,0,,,,,,,,,2026-05-04,2026-05-04
"[08.08.25][มิ้น] ร้องไห้บนรถไฟฟ้า (Ghostly)",120235868504870260,2026-05-04,not_delivering,ad,,,,,0,,0,0,,,,,,,,,2026-05-04,2026-05-04
"[04.02.26][มิ้น] มนุษย์ที่เป็นคนดี (สัมภาษณ์หมอ) (Trap)",120247171195130260,2026-05-04,not_delivering,ad,,,,,0,,0,0,,,,,,,,,2026-05-04,2026-05-04
"[22.09.25][มิ้น] เล่มใหม่ 1000/100 (Remains)",120238127262670260,2026-05-04,not_delivering,ad,,,,,0,,0,0,,,,,,,,,2026-05-04,2026-05-04
"[04.02.26][มิ้น] หมึกซึม รางวัลนายอินทร์ (Ghostly)",120243959898200260,2026-05-04,not_delivering,ad,,,,,0,,0,0,,,,,,,,,2026-05-04,2026-05-04
"[04.02.26][มิ้น] มนุษย์ที่เป็นคนดี (สัมภาษณ์หมอ) (Trap)",120245621873110260,2026-05-04,not_delivering,ad,,,,,0,,0,0,,,,,,,,,2026-05-04,2026-05-04
"[25.11.25][มิ้น] เมื่อไหร่ที่คุณเหนื่อย : Tried (E-Book)",120241049511790260,2026-05-04,inactive,ad,,,,,0,,0,0,,,,,,,,,2026-05-04,2026-05-04
"[28.02.25][มิ้น] 3.3 ชีเสิร์ฟไม่พัก ซื้อ 3 แถม 1 (Promotion_DD)",120221554787740260,2026-05-04,not_delivering,ad,,,,,0,,0,0,,,,,,,,,2026-05-04,2026-05-04
"[13.04.26][มิ้น] ทุกคนมีโกฮังเป็นของตัวเอง (Remains)",120247247757880260,2026-05-04,not_delivering,ad,,,,,0,,0,0,,,,,,,,,2026-05-04,2026-05-04
"[03.09.25][มิ้น] Unboxing New Books (Demons)",120235860525370260,2026-05-04,archived,ad,,,,,0,,0,0,,,,,,,,,2026-05-04,2026-05-04
"[10.10.25][มิ้น] หมึกซึมชวนนักอ่าน (Remains)",120238414937420260,2026-05-04,not_delivering,ad,,,,,0,,0,0,,,,,,,,,2026-05-04,2026-05-04
"[19.02.25][มิ้น] สัมภาษณ์คุณมุก Imminimus 10,000 เล่ม (Embrace)",120220278171480260,2026-05-04,inactive,ad,,,,,0,,0,0,,,,,,,,,2026-05-04,2026-05-04
"[01.10.25][มิ้น] ประโยคที่ชอบจากหนังสือ (ปีศาจตัวนั้น)",120238146195520260,2026-05-04,inactive,ad,,,,,0,,0,0,,,,,,,,,2026-05-04,2026-05-04
"[01.03.25][มิ้น] ชีวิตที่ดี คือชีวิตที่เราเลือกเอง (Kidmakk)",120221328537640260,2026-05-04,inactive,ad,,,,,0,,0,0,,,,,,,,,2026-05-04,2026-05-04
"[06.11.25][มิ้น] บางครั้งความรัก (Remains) (Reels)",120243130056860260,2026-05-04,not_delivering,ad,,,,,0,,0,0,,,,,,,,,2026-05-04,2026-05-04
"[12.11.24] [มิ้น] 2 หนังสือเล่มใหม่ที่ถูกเขียนด้วยน้ำตา แพ็กคู่ 529",120217185554450260,2026-05-04,not_delivering,ad,,,,,0,,0,0,,,,,,,,,2026-05-04,2026-05-04
"[03.12.25][มิ้น] เล่มนี้ทำน้ำตาไหลหนักมาก (Ghostly)",120243413983420260,2026-05-04,inactive,ad,,,,,0,,0,0,,,,,,,,,2026-05-04,2026-05-04
"[06.12.24] [มิ้น] เก็บเงินง่าย ๆ ด้วยกฎ 50 30 20 (Million)",120217605837160260,2026-05-04,inactive,ad,,,,,0,,0,0,,,,,,,,,2026-05-04,2026-05-04
"[05.03.26][มิ้น] เพราะพรุ่งนี้ที่รออาจจะมาไม่ถึง (Kiwtum)",120245847559980260,2026-05-04,inactive,ad,,,,,0,,0,0,,,,,,,,,2026-05-04,2026-05-04
"[27.08.25][มิ้น] คลิปนี้มีสปอย (Demons)",120235766559070260,2026-05-04,inactive,ad,,,,,0,,0,0,,,,,,,,,2026-05-04,2026-05-04
"[22.09.25][มิ้น] เล่มใหม่ 1000/100 (Remains)",120238789463270260,2026-05-04,not_delivering,ad,,,,,0,,0,0,,,,,,,,,2026-05-04,2026-05-04
"[21.01.25] [มิ้น] Unboxing หนังสือฮีลใจเล่มใหม่ 2025 (Home)",120218671574180260,2026-05-04,not_delivering,ad,,,,,0,,0,0,,,,,,,,,2026-05-04,2026-05-04
"[02.06.25][มิ้น] รีแอค ขมิ้น (Ghostly)",120239036623230260,2026-05-04,not_delivering,ad,,,,,0,,0,0,,,,,,,,,2026-05-04,2026-05-04
"[29.09.25][มิ้น] 2 เล่มนี้ต่างกันยังไง ตอบเมนต์ (Demons)",120237713336900260,2026-05-04,not_delivering,ad,,,,,0,,0,0,,,,,,,,,2026-05-04,2026-05-04
"[07.03.25][มิ้น] ASMR Unboxing (Witches)",120222333547880260,2026-05-04,not_delivering,ad,,,,,0,,0,0,,,,,,,,,2026-05-04,2026-05-04
"[03.09.25][มิ้น] จากเล่ม 1 สู่เล่ม 2 (Demons)",120236029615300260,2026-05-04,not_delivering,ad,,,,,0,,0,0,,,,,,,,,2026-05-04,2026-05-04
"[06.08.25][มิ้น] วันไหนไม่ไหว แวะมาอ่าน (Tried)",120239970157420260,2026-05-04,inactive,ad,,,,,0,,0,0,,,,,,,,,2026-05-04,2026-05-04
"[08.10.25][มิ้น] Unpack ปีศาจตัวนั้นคือฉันเอง 2 (Demons)",120238434506500260,2026-05-04,not_delivering,ad,,,,,0,,0,0,,,,,,,,,2026-05-04,2026-05-04
"[07.03.25][มิ้น] ASMR Unboxing (Witches)",120221824873740260,2026-05-04,not_delivering,ad,,,,,0,,0,0,,,,,,,,,2026-05-04,2026-05-04
"[05.03.26][มิ้น] คลิปสัมภาษณ์ MAY-I ปริมาณของเพื่อนไม่สำคัญเท่าคุณภาพ (Witches)",120245258394130260,2026-05-04,not_delivering,ad,,,,,0,,0,0,,,,,,,,,2026-05-04,2026-05-04
"[07.03.25][มิ้น] สัมภาษณ์คุณเม เล่มใหม่ล่าสุด (Witches)",120221516160110260,2026-05-04,inactive,ad,,,,,0,,0,0,,,,,,,,,2026-05-04,2026-05-04
"[24.07.25][มิ้น] นี่ไม่ใช่แค่ไพ่ดูดวง (Witches)",120234068672490260,2026-05-04,inactive,ad,,,,,0,,0,0,,,,,,,,,2026-05-04,2026-05-04
"[11.02.25][มิ้น] Unboxing new book (Kiwtum)",120220255029130260,2026-05-04,inactive,ad,,,,,0,,0,0,,,,,,,,,2026-05-04,2026-05-04
"[17.03.25][มิ้น] การ์ดอยากบอกอะไรคุณ (Witches)",120222719447320260,2026-05-04,inactive,ad,,,,,0,,0,0,,,,,,,,,2026-05-04,2026-05-04
"[20.01.25][Garden_Boxset][มิ้น][VDO] 5 ประโยคปลดล็อค",120219201677710260,2026-05-04,inactive,ad,,,,,0,,0,0,,,,,,,,,2026-05-04,2026-05-04
"[02.06.25][มิ้น] รีแอค ขมิ้น (Ghostly)",120230739977450260,2026-05-04,not_delivering,ad,,,,,0,,0,0,,,,,,,,,2026-05-04,2026-05-04
"[03.09.25][มิ้น] หนังเล่มใหม่ที่อานแล้วน้ำตาซึม (Demons)",120235859410010260,2026-05-04,inactive,ad,,,,,0,,0,0,,,,,,,,,2026-05-04,2026-05-04
"[06.10.25][มิ้น] หนังสือหน้าที่ 48 (Remains)",120237932289560260,2026-05-04,not_delivering,ad,,,,,0,,0,0,,,,,,,,,2026-05-04,2026-05-04
"[27.08.25][มิ้น] หากคุณกำลังเศร้า (Embrace)",120235756036280260,2026-05-04,not_delivering,ad,,,,,0,,0,0,,,,,,,,,2026-05-04,2026-05-04
"[11.02.25][มิ้น] 5 ข้อคิด (Kiwtum)",120219599958120260,2026-05-04,inactive,ad,,,,,0,,0,0,,,,,,,,,2026-05-04,2026-05-04
"[01.08.25][มิ้น] ผิดหวังก็สมหวังได้ (Witches)",120234209163740260,2026-05-04,inactive,ad,,,,,0,,0,0,,,,,,,,,2026-05-04,2026-05-04
"[27.02.25][มิ้น] ความรักที่แท้จริงคือความเข้าใจ (Embrace)",120221238278250260,2026-05-04,inactive,ad,,,,,0,,0,0,,,,,,,,,2026-05-04,2026-05-04
"[15.01.25][มิ้น] มนุษย์เป็ด [Capybara_Boxset] (Reels)",120243384052030260,2026-05-04,not_delivering,ad,,,,,0,,0,0,,,,,,,,,2026-05-04,2026-05-04
"[21.01.25] [มิ้น] 5 ข้อคิด (Home)",120218671600680260,2026-05-04,inactive,ad,,,,,0,,0,0,,,,,,,,,2026-05-04,2026-05-04
"[10.01.25] [มิ้น] Challenge เก็บเงิน 50:30:20 (Full) (Million)",120218485158560260,2026-05-04,inactive,ad,,,,,0,,0,0,,,,,,,,,2026-05-04,2026-05-04
"[28.08.25][มิ้น][Cross Page] ปีศาจอาจไม่ได้เกิดจากข้างนอก (ปีศาจตัวนั้น)",120236241320400260,2026-05-04,not_delivering,ad,,,,,0,,0,0,,,,,,,,,2026-05-04,2026-05-04
"[22.03.26][มิ้น] มีประโยคหนึ่งในหนังสือ (Witches)",120246573533550260,2026-05-04,not_delivering,ad,,,,,0,,0,0,,,,,,,,,2026-05-04,2026-05-04
"[02.04.26][มิ้น] คนใจดีมักถูกเอาเปรียบ (Ghostly)",120246513871500260,2026-05-04,not_delivering,ad,,,,,0,,0,0,,,,,,,,,2026-05-04,2026-05-04
"[03.09.25][มิ้น] อยากให้ทุกคนอ่าน (Ghostly)",120236553839420260,2026-05-04,not_delivering,ad,,,,,0,,0,0,,,,,,,,,2026-05-04,2026-05-04
"[04.12.24] [มิ้น] 5 เทคนิคเก็บเงินง่ายๆ (Million)",120217605591210260,2026-05-04,not_delivering,ad,,,,,0,,0,0,,,,,,,,,2026-05-04,2026-05-04
"[24.02.25][มิ้น] บทที่ 1 ที่คิ้วต่ำอยากแนะนำ (Kiwtum)",120220867411150260,2026-05-04,inactive,ad,,,,,0,,0,0,,,,,,,,,2026-05-04,2026-05-04
"[22.10.25][มิ้น] เพราะในทุกความเกลียด (Remains)",120239982207040260,2026-05-04,inactive,ad,,,,,0,,0,0,,,,,,,,,2026-05-04,2026-05-04
"[11.06.25][มิ้น] อยากให้ชาตินี้ได้อ่านเล่มนี้ (ปีศาจตัวนั้น)",120230527729810260,2026-05-04,not_delivering,ad,,,,,0,,0,0,,,,,,,,,2026-05-04,2026-05-04
"[22.10.25][มิ้น] เพราะในทุกความเกลียด (Remains)",120239272581790260,2026-05-04,inactive,ad,,,,,0,,0,0,,,,,,,,,2026-05-04,2026-05-04
"[25.03.25][มิ้น] ประโยคหลังปก คุณปั๊ม (Kiwtum)",120222717658700260,2026-05-04,inactive,ad,,,,,0,,0,0,,,,,,,,,2026-05-04,2026-05-04
"[20.11.25][มิ้น] E-Book หนังสือปีศาจ 1 (E-Book)",120241048603330260,2026-05-04,inactive,ad,,,,,0,,0,0,,,,,,,,,2026-05-04,2026-05-04
"[02.06.25][มิ้น] รีแอค ขมิ้น (Ghostly)",120229868748230260,2026-05-04,inactive,ad,,,,,0,,0,0,,,,,,,,,2026-05-04,2026-05-04
"[13.10.25][มิ้น] น้ำตาคาเบ้า (ปีศาจตัวนั้น)",120238609803190260,2026-05-04,not_delivering,ad,,,,,0,,0,0,,,,,,,,,2026-05-04,2026-05-04
"[03.09.25][มิ้น] เล่มใหม่ให้ 1000/100 (Demons) (QuickReply)",120237327446740260,2026-05-04,not_delivering,ad,,,,,0,,0,0,,,,,,,,,2026-05-04,2026-05-04
"[15.01.25][มิ้น] มนุษย์เป็ด [Capybara_Boxset]",120232769692270260,2026-05-04,not_delivering,ad,,,,,0,,0,0,,,,,,,,,2026-05-04,2026-05-04
"[18.11.25][มิ้น] เจ้าเหมียวเก็บมาเลี้ยง (Ghostly)",120240738499760260,2026-05-04,inactive,ad,,,,,0,,0,0,,,,,,,,,2026-05-04,2026-05-04
"[07.04.25][มิ้น] ครั้งแรกที่เปิดตัวขายที่งานหนังสือ (Gift)",120224920885680260,2026-05-04,inactive,ad,,,,,0,,0,0,,,,,,,,,2026-05-04,2026-05-04
"[16.10.25][มิ้น] ให้เปิดเล่มนี้เตือนสติ (Remains)",120239050068470260,2026-05-04,not_delivering,ad,,,,,0,,0,0,,,,,,,,,2026-05-04,2026-05-04
"[22.10.25][มิ้น] เพราะในทุกความเกลียด (Remains)",120239115352630260,2026-05-04,inactive,ad,,,,,0,,0,0,,,,,,,,,2026-05-04,2026-05-04
"[23.05.25][มิ้น] Payday May (Promotion_Payday)",120229261671680260,2026-05-04,inactive,ad,,,,,0,,0,0,,,,,,,,,2026-05-04,2026-05-04
"[08.10.25][มิ้น] Unpack ปีศาจตัวนั้นคือฉันเอง 2 (Demons)",120238216572850260,2026-05-04,inactive,ad,,,,,0,,0,0,,,,,,,,,2026-05-04,2026-05-04
"[16.05.25][มิ้น] หนังสือเล่มเดียวทำเอาร้องไห้หนักมาก (ปีศาจตัวนั้น)",120228796865630260,2026-05-04,not_delivering,ad,,,,,0,,0,0,,,,,,,,,2026-05-04,2026-05-04
"[25.04.25][มิ้น] หนังสือที่ทำให้อยากใช้ชีวิตเพื่อตัวเอง (Kiwtum)",120226732180320260,2026-05-04,inactive,ad,,,,,0,,0,0,,,,,,,,,2026-05-04,2026-05-04
"[26.11.24] [มิ้น] เงินเดือนก็พอใช้อยู่แล้ว (ปีศาจการเงิน)",120217325284530260,2026-05-04,not_delivering,ad,,,,,0,,0,0,,,,,,,,,2026-05-04,2026-05-04
"[13.03.25][มิ้น] Mid Month จับคู่ 2 Boxset 990.- (Promotion_MM)",120222074634630260,2026-05-04,inactive,ad,,,,,0,,0,0,,,,,,,,,2026-05-04,2026-05-04
"[19.03.25][มิ้น] สัมภาษณ์คุณปั๊มลายเซ็น (Kiwtum)",120222378663780260,2026-05-04,inactive,ad,,,,,0,,0,0,,,,,,,,,2026-05-04,2026-05-04
"[27.02.25][มิ้น] สัมภาษณ์ความรู้สึกของคุณ เม (ปีศาจตัวนั้น)",120221237169700260,2026-05-04,inactive,ad,,,,,0,,0,0,,,,,,,,,2026-05-04,2026-05-04
"[22.05.25][มิ้น] จะเป็นยังไง! เมื่อคนที่หมดแพชชัน  ต้องไปเป็นที่ปรึกษาให้เหล่าดวงวิญญาณ (Ghostly)",120229512013460260,2026-05-04,inactive,ad,,,,,0,,0,0,,,,,,,,,2026-05-04,2026-05-04
"[07.11.25][มิ้น] เป็นหนังสือรวมประโยค (Tried)",120241248256890260,2026-05-04,not_delivering,ad,,,,,0,,0,0,,,,,,,,,2026-05-04,2026-05-04
"[04.02.26][มิ้น] มนุษย์ที่เป็นคนดี (สัมภาษณ์หมอ) (Trap)",120245055690240260,2026-05-04,not_delivering,ad,,,,,0,,0,0,,,,,,,,,2026-05-04,2026-05-04
"[21.01.25] [มิ้น] Unboxing หนังสือฮีลใจเล่มใหม่ 2025 (Home)",120218670616940260,2026-05-04,not_delivering,ad,,,,,0,,0,0,,,,,,,,,2026-05-04,2026-05-04
"[10.07.25][มิ้น] คำพูดฮีลใจสำหรับคนไม่มั่นใจตัวเอง (ปีศาจตัวนั้น)",120232570690400260,2026-05-04,inactive,ad,,,,,0,,0,0,,,,,,,,,2026-05-04,2026-05-04
"[06.11.25][มิ้น] บางครั้งความรัก (Remains)",120240115682450260,2026-05-04,inactive,ad,,,,,0,,0,0,,,,,,,,,2026-05-04,2026-05-04
"[26.11.24] [มิ้น] 5 สิ่งที่ควรขอบคุณในชีวิต (Life)",120217325180880260,2026-05-04,not_delivering,ad,,,,,0,,0,0,,,,,,,,,2026-05-04,2026-05-04
"[11.02.25][มิ้น] สัมภาษณ์คุณปั๊ม คิ้วต่ำ (Kiwtum)",120220471355880260,2026-05-04,not_delivering,ad,,,,,0,,0,0,,,,,,,,,2026-05-04,2026-05-04
"[27.11.24] [มิ้น] 5 คำเตือนสุดท้ายของชีวิต (Ghost)",120217616555470260,2026-05-04,not_delivering,ad,,,,,0,,0,0,,,,,,,,,2026-05-04,2026-05-04
"[15.10.25][มิ้น] จากใจนักเขียนหมึกซึม  (Remains)",120238717587570260,2026-05-04,inactive,ad,,,,,0,,0,0,,,,,,,,,2026-05-04,2026-05-04
"[24.02.25][มิ้น] 5 เหตุผลที่หนังสือเล่มนี้ควรอยู่ข้างกายคุณ (Home)",120220871823250260,2026-05-04,inactive,ad,,,,,0,,0,0,,,,,,,,,2026-05-04,2026-05-04
"[24.12.25][มิ้น] การ์ดทำนายดวงที่เซอร์ไพรส์ได้ทุกวัน (Witches)",120242558224050260,2026-05-04,not_delivering,ad,,,,,0,,0,0,,,,,,,,,2026-05-04,2026-05-04
"[06.10.25][มิ้น] ฮีลใจแบบ 3000% (Remains)",120237932474290260,2026-05-04,inactive,ad,,,,,0,,0,0,,,,,,,,,2026-05-04,2026-05-04
"[30.10.25][มิ้น] เปลี่ยนความทุกข์ (Witches)",120239655984020260,2026-05-04,not_delivering,ad,,,,,0,,0,0,,,,,,,,,2026-05-04,2026-05-04
"[21.09.24] [มิ้น] คนเราแตกสลายได้กี่ครั้ง",120236629578990260,2026-05-04,not_delivering,ad,,,,,0,,0,0,,,,,,,,,2026-05-04,2026-05-04
"[10.04.26][มิ้น] ยิ่งใกล้ ยิ่งห่าง (Ghostly)",120247314684080260,2026-05-04,not_delivering,ad,,,,,0,,0,0,,,,,,,,,2026-05-04,2026-05-04
"[19.03.25][มิ้น] สัมภาษณ์คุณปั๊มลายเซ็น (Kiwtum)",120222379611820260,2026-05-04,inactive,ad,,,,,0,,0,0,,,,,,,,,2026-05-04,2026-05-04
"[30.10.25][มิ้น] ป้ายยาหนังสือเล่มดัง (ฟิล์ม) (Demons)",120239594515490260,2026-05-04,not_delivering,ad,,,,,0,,0,0,,,,,,,,,2026-05-04,2026-05-04
"[07.03.25][มิ้น] สัมภาษณ์คุณเม เล่มใหม่ล่าสุด (Witches)",120221597207540260,2026-05-04,inactive,ad,,,,,0,,0,0,,,,,,,,,2026-05-04,2026-05-04
"[29.01.26][มิ้น] Unboxing หนังสือเล่มแรกของปี 2026 (Trap)",120243758645700260,2026-05-04,archived,ad,,,,,0,,0,0,,,,,,,,,2026-05-04,2026-05-04
"[29.09.25][มิ้น] เพื่อนที่ดีจะพาก้าวไปข้างหน้า (Demons)",120237713336930260,2026-05-04,not_delivering,ad,,,,,0,,0,0,,,,,,,,,2026-05-04,2026-05-04
"[04.02.26][มิ้น] มนุษย์ที่เป็นคนดี (สัมภาษณ์หมอ) (Trap)",120245068117310260,2026-05-04,not_delivering,ad,,,,,0,,0,0,,,,,,,,,2026-05-04,2026-05-04
"[03.09.25][มิ้น] Unboxing New Books (Demons)",120236203658920260,2026-05-04,archived,ad,,,,,0,,0,0,,,,,,,,,2026-05-04,2026-05-04
"[07.11.25][มิ้น] เป็นหนังสือรวมประโยค (Tried)",120240097800200260,2026-05-04,not_delivering,ad,,,,,0,,0,0,,,,,,,,,2026-05-04,2026-05-04
"[25.08.25][มิ้น] เราเช็กดวง (Witches)",120235664852760260,2026-05-04,not_delivering,ad,,,,,0,,0,0,,,,,,,,,2026-05-04,2026-05-04
"[22.05.25][มิ้น] 5 ข้อคิด (Ghostly)",120229087528180260,2026-05-04,not_delivering,ad,,,,,0,,0,0,,,,,,,,,2026-05-04,2026-05-04
"[17.02.26][มิ้น] 20 เล่มลายเซ็น (Trap)",120245622471320260,2026-05-04,not_delivering,ad,,,,,0,,0,0,,,,,,,,,2026-05-04,2026-05-04
"[02.04.26][มิ้น] อย่าปล่อยให้อีโก้ (Trap)",120247715824820260,2026-05-04,not_delivering,ad,การสนทนาผ่านการส่งข้อความที่เริ่มขึ้น,,,,0,,0,0,,,,,,,,,2026-05-04,2026-05-04
"[11.02.25][มิ้น] สัมภาษณ์คุณปั๊ม คิ้วต่ำ (Kiwtum)",120221293568870260,2026-05-04,inactive,ad,,,,,0,,0,0,,,,,,,,,2026-05-04,2026-05-04
"[27.11.24] [มิ้น] 5 คำเตือนสุดท้ายของชีวิต (Ghost)",120217381104140260,2026-05-04,not_delivering,ad,,,,,0,,0,0,,,,,,,,,2026-05-04,2026-05-04
"[02.04.26][มิ้น] อย่าปล่อยให้อีโก้ (Trap)",120248305952020260,2026-05-04,not_delivering,ad,การสนทนาผ่านการส่งข้อความที่เริ่มขึ้น,1,183.73,,183.73,,947,776,,1,183.73,,8,9.18690602,194.01267159,0,2026-05-04,2026-05-04
"[13.06.25][มิ้น] หนังสือที่น่าซื้อที่สุดในปฐพี (Witches)",120230770781750260,2026-05-04,inactive,ad,,,,,0,,0,0,,,,,,,,,2026-05-04,2026-05-04
"[24.03.25][มิ้น] 5 ข้อคิดที่ได้จากหนังสือ (Gift)",120222717776730260,2026-05-04,inactive,ad,,,,,0,,0,0,,,,,,,,,2026-05-04,2026-05-04
"[02.06.25][มิ้น] หมดไฟ (ปีศาจตัวนั้น)",120229838272210260,2026-05-04,not_delivering,ad,,,,,0,,0,0,,,,,,,,,2026-05-04,2026-05-04
"[07.03.25][มิ้น] สัมภาษณ์คุณเม เล่มใหม่ล่าสุด (Witches)",120221597230070260,2026-05-04,inactive,ad,,,,,0,,0,0,,,,,,,,,2026-05-04,2026-05-04
"[21.01.25] [มิ้น] 5 ข้อคิด (Home)",120218671476860260,2026-05-04,inactive,ad,,,,,0,,0,0,,,,,,,,,2026-05-04,2026-05-04
"[27.02.25][มิ้น] สัมภาษณ์ความรู้สึกของคุณ เม (ปีศาจตัวนั้น)",120221237735790260,2026-05-04,inactive,ad,,,,,0,,0,0,,,,,,,,,2026-05-04,2026-05-04
"[30.04.25][มิ้น] อยากเปลี่ยนงาน อยากลาออก (ปีศาจตัวนั้นคือฉันเอง)",120227278411650260,2026-05-04,not_delivering,ad,,,,,0,,0,0,,,,,,,,,2026-05-04,2026-05-04
"[13.12.25][มิ้น] เคยคิดว่ายังมีเวลามากพอ (Remains)",120242011084290260,2026-05-04,inactive,ad,,,,,0,,0,0,,,,,,,,,2026-05-04,2026-05-04
"[07.03.25][มิ้น] ASMR Unboxing (Witches)",120221521353770260,2026-05-04,not_delivering,ad,,,,,0,,0,0,,,,,,,,,2026-05-04,2026-05-04
"[04.02.26][มิ้น] มนุษย์ที่เป็นคนดี (สัมภาษณ์หมอ) (Trap)",120246310168160260,2026-05-04,not_delivering,ad,,,,,0,,0,0,,,,,,,,,2026-05-04,2026-05-04
"[11.04.26][มิ้น] สงกรานต์โจ๊ะโจ๊ะ! โละราคาเดียว (Promotion)",120247265985080260,2026-05-04,not_delivering,ad,,,,,0,,0,0,,,,,,,,,2026-05-04,2026-05-04
"[23.10.24] [มิ้น] โดนตกจากประโยคหลังปก (Life)",120216907386010260,2026-05-04,inactive,ad,,,,,0,,0,0,,,,,,,,,2026-05-04,2026-05-04
"[16.11.24] [มิ้น] กลัวผิดพลาดจนไม่ลงมือทำอะไรเลย (Ghost)",120217078848640260,2026-05-04,not_delivering,ad,,,,,0,,0,0,,,,,,,,,2026-05-04,2026-05-04
"[21.03.25][มิ้น] สัมภาษณ์คุณบุ๋ม (Gift)",120222458210780260,2026-05-04,inactive,ad,,,,,0,,0,0,,,,,,,,,2026-05-04,2026-05-04
"[11.02.25][มิ้น] ประโยคจากคุณปั๊ม คิ้วต่ำ (Kiwtum)",120219834378450260,2026-05-04,inactive,ad,,,,,0,,0,0,,,,,,,,,2026-05-04,2026-05-04
"[19.06.25][มิ้น] หลายคนมักกลัวการเปลี่ยนแปลง (Witches)",120231261912240260,2026-05-04,inactive,ad,,,,,0,,0,0,,,,,,,,,2026-05-04,2026-05-04
"[16.01.25] [มิ้น] รวม 5 ข้อที่ First Jobber มักพลาด (ภาษี) (Million)",120218635543020260,2026-05-04,not_delivering,ad,,,,,0,,0,0,,,,,,,,,2026-05-04,2026-05-04
"[29.01.26][มิ้น] Unboxing หนังสือเล่มแรกของปี 2026 (Trap)",120243758750890260,2026-05-04,not_delivering,ad,,,,,0,,0,0,,,,,,,,,2026-05-04,2026-05-04
"[17.02.26][มิ้น] 20 เล่มลายเซ็น (Trap)",120244476208200260,2026-05-04,not_delivering,ad,,,,,0,,0,0,,,,,,,,,2026-05-04,2026-05-04
"[05.04.26][มิ้น] ก่อนที่คนเราจะตาย (Ghostly)",120246835244850260,2026-05-04,inactive,ad,,,,,0,,0,0,,,,,,,,,2026-05-04,2026-05-04
"[30.04.26][มิ้น] โรคจิตหลงผิด Delusional Disorder (Trap)",120248154802020260,2026-05-04,not_delivering,ad,การสนทนาผ่านการส่งข้อความที่เริ่มขึ้น,3,59.54,,178.62,,954,860,,3,59.54,,6,8.28092243,187.2327044,0,2026-05-04,2026-05-04
"[26.01.26][มิ้น] หนังสือที่ได้ไปต่อในปี 2026 (Remains)",120243886643320260,2026-05-04,not_delivering,ad,,,,,0,,0,0,,,,,,,,,2026-05-04,2026-05-04
"[11.02.25][มิ้น] ประโยคจากคุณปั๊ม คิ้วต่ำ (Kiwtum)",120219733237070260,2026-05-04,inactive,ad,,,,,0,,0,0,,,,,,,,,2026-05-04,2026-05-04
"[03.09.25][มิ้น] จากเล่ม 1 สู่เล่ม 2 (Demons)",120236358913760260,2026-05-04,not_delivering,ad,,,,,0,,0,0,,,,,,,,,2026-05-04,2026-05-04
"[25.03.35][มิ้น] ประโยคหลังปก (Gift)",120222719754410260,2026-05-04,inactive,ad,,,,,0,,0,0,,,,,,,,,2026-05-04,2026-05-04
"[27.04.26][มิ้น] แค่หนังสือComic ทำไมอ่านแล้วร้องไห้ (Ghostly)",120247726893000260,2026-05-04,not_delivering,ad,การสนทนาผ่านการส่งข้อความที่เริ่มขึ้น,,,,0,,0,0,,,,,,,,,2026-05-04,2026-05-04
"[16.01.25][VDO][มิ้น][Garden_เล่มเดี่ยว] ความรักกับดอกไม้",120220348271840260,2026-05-04,archived,ad,,,,,0,,0,0,,,,,,,,,2026-05-04,2026-05-04
"[24.07.25][มิ้น] ฝนตกแบบนี้ยังมีไปรษณีย์มาส่ง (Ghostly)",120233476156930260,2026-05-04,inactive,ad,,,,,0,,0,0,,,,,,,,,2026-05-04,2026-05-04
"[03.09.25][มิ้น] หนังเล่มใหม่ที่อานแล้วน้ำตาซึม (Demons)",120239587160390260,2026-05-04,not_delivering,ad,,,,,0,,0,0,,,,,,,,,2026-05-04,2026-05-04
"[07.03.25][มิ้น] สัมภาษณ์คุณเม เล่มใหม่ล่าสุด (Witches)",120221824873750260,2026-05-04,not_delivering,ad,,,,,0,,0,0,,,,,,,,,2026-05-04,2026-05-04
"[11.02.25][มิ้น] ประโยคหลังปก (Kiwtum)",120220255029140260,2026-05-04,not_delivering,ad,,,,,0,,0,0,,,,,,,,,2026-05-04,2026-05-04
"[04.02.26][มิ้น] มนุษย์ที่เป็นคนดี (สัมภาษณ์หมอ) (Trap)",120246513144690260,2026-05-04,not_delivering,ad,การสนทนาผ่านการส่งข้อความที่เริ่มขึ้น,,,,0,,0,0,,,,,,,,,2026-05-04,2026-05-04
"[22.05.25][มิ้น] จะเป็นยังไง! เมื่อคนที่หมดแพชชัน  ต้องไปเป็นที่ปรึกษาให้เหล่าดวงวิญญาณ (Ghostly)",120229084387010260,2026-05-04,not_delivering,ad,,,,,0,,0,0,,,,,,,,,2026-05-04,2026-05-04
"[28.02.25][มิ้น] 3.3 ชีเสิร์ฟไม่พัก ซื้อ 3 แถม 1 (Promotion_DD)",120221295539050260,2026-05-04,not_delivering,ad,,,,,0,,0,0,,,,,,,,,2026-05-04,2026-05-04
"[02.04.26][มิ้น] อย่าปล่อยให้อีโก้ (Trap)",120248305843250260,2026-05-04,not_delivering,ad,การสนทนาผ่านการส่งข้อความที่เริ่มขึ้น,2,90.355,,180.71,,1176,966,,2,90.355,,4,6.54761905,153.66496599,0,2026-05-04,2026-05-04
"[21.09.24] [มิ้น] คนเราแตกสลายได้กี่ครั้ง",120215869012010260,2026-05-04,inactive,ad,,,,,0,,0,0,,,,,,,,,2026-05-04,2026-05-04
"[09.11.24] [มิ้น] เราทุกคนต่างไม่มีใครสมบูรณ์แบบ (โอบกอด)",120217324834710260,2026-05-04,inactive,ad,,,,,0,,0,0,,,,,,,,,2026-05-04,2026-05-04
"[03.03.26][มิ้น] ไม่เคยร้องไห้กับหนังสือจนมาเจอ 2 เล่มนี้ (Ghostly) (Remains)",120246203707580260,2026-05-04,not_delivering,ad,,,,,0,,0,0,,,,,,,,,2026-05-04,2026-05-04
"[05.03.26][มิ้น] เพราะพรุ่งนี้ที่รออาจจะมาไม่ถึง (Kiwtum)",120247435175710260,2026-05-04,not_delivering,ad,,,,,0,,0,0,,,,,,,,,2026-05-04,2026-05-04
"[03.03.26][มิ้น] ไม่เคยร้องไห้กับหนังสือจนมาเจอ 2 เล่มนี้ (Ghostly) (Remains)",120245558401800260,2026-05-04,not_delivering,ad,,,,,0,,0,0,,,,,,,,,2026-05-04,2026-05-04
"[03.09.25][มิ้น] Unboxing New Books (Demons)",120236620453230260,2026-05-04,inactive,ad,,,,,0,,0,0,,,,,,,,,2026-05-04,2026-05-04
"[01.03.26][มิ้น] รี stock เล่มลายเซ็นหมอทานตะวัน (สัมภาษณ์หมอ) (Trap) (Cross Page)",120245623701960260,2026-05-04,not_delivering,ad,,,,,0,,0,0,,,,,,,,,2026-05-04,2026-05-04
"[07.01.25] [มิ้น] ปีใหม่นี้ หนังสือเล่มนี้อยากบอกคุณว่า… (Embrace)",120218402706400260,2026-05-04,inactive,ad,,,,,0,,0,0,,,,,,,,,2026-05-04,2026-05-04
"[07.03.25][มิ้น] สัมภาษณ์คุณเม เล่มใหม่ล่าสุด (Witches)",120232771443060260,2026-05-04,not_delivering,ad,,,,,0,,0,0,,,,,,,,,2026-05-04,2026-05-04
"[13.05.25][มิ้น] ปัญหาเหล่านี้จะหายไป (Witches)",120228625207250260,2026-05-04,inactive,ad,,,,,0,,0,0,,,,,,,,,2026-05-04,2026-05-04
"[22.07.25][มิ้น] 5 สัญญาณที่บอกว่าเราเครียด (Tried)",120233223021590260,2026-05-04,inactive,ad,,,,,0,,0,0,,,,,,,,,2026-05-04,2026-05-04
"[10.12.25][มิ้น] 12.12 : ซื้อ 3 เล่ม ลด 120.- (Promotion)",120241897911630260,2026-05-04,inactive,ad,,,,,0,,0,0,,,,,,,,,2026-05-04,2026-05-04
"[21.01.25] [มิ้น] Unboxing หนังสือฮีลใจเล่มใหม่ 2025 (Home)",120218671519900260,2026-05-04,not_delivering,ad,,,,,0,,0,0,,,,,,,,,2026-05-04,2026-05-04
"[11.02.25][มิ้น] สัมภาษณ์คุณปั๊ม คิ้วต่ำ (Kiwtum)",120220181850070260,2026-05-04,not_delivering,ad,,,,,0,,0,0,,,,,,,,,2026-05-04,2026-05-04
"[02.01.25] [มิ้น] หนังสือฮีลใจเล่มใหม่ (Kidmakk)",120218298889840260,2026-05-04,not_delivering,ad,,,,,0,,0,0,,,,,,,,,2026-05-04,2026-05-04
"[11.02.25][มิ้น] ประโยคหลังปก (Kiwtum)",120219733072000260,2026-05-04,not_delivering,ad,,,,,0,,0,0,,,,,,,,,2026-05-04,2026-05-04
"[03.09.25][มิ้น] อยากให้ทุกคนอ่าน (Ghostly)",120236197834750260,2026-05-04,not_delivering,ad,,,,,0,,0,0,,,,,,,,,2026-05-04,2026-05-04
"[21.09.24] [มิ้น] คนเราแตกสลายได้กี่ครั้ง",120215811865840260,2026-05-04,not_delivering,ad,,,,,0,,0,0,,,,,,,,,2026-05-04,2026-05-04
"[01.07.25][มิ้น] คลิปนี้ขอแนะนำตัวละคร (Ghostly)",120232037875440260,2026-05-04,inactive,ad,,,,,0,,0,0,,,,,,,,,2026-05-04,2026-05-04
"[01.10.25][มิ้น] Unpack (Ghostly)",120237862638500260,2026-05-04,not_delivering,ad,,,,,0,,0,0,,,,,,,,,2026-05-04,2026-05-04
"[22.10.25][มิ้น] ประโยคฮีลใจ (Tried) (Reels)",120243124594870260,2026-05-04,not_delivering,ad,,,,,0,,0,0,,,,,,,,,2026-05-04,2026-05-04
"[23.01.26][มิ้น] บางคนตายไป (Ghostly)",120243666637270260,2026-05-04,not_delivering,ad,,,,,0,,0,0,,,,,,,,,2026-05-04,2026-05-04
"[07.03.25][มิ้น] สัมภาษณ์คุณเม เล่มใหม่ล่าสุด (Witches)",120221521450000260,2026-05-04,inactive,ad,,,,,0,,0,0,,,,,,,,,2026-05-04,2026-05-04
"[22.08.25][มิ้น] 3 เหตุผล ที่ต้องอ่าน (Ghostly)",120235434335210260,2026-05-04,inactive,ad,,,,,0,,0,0,,,,,,,,,2026-05-04,2026-05-04
"[02.06.25][มิ้น] รีแอค ขมิ้น (Ghostly)",120231947086230260,2026-05-04,inactive,ad,,,,,0,,0,0,,,,,,,,,2026-05-04,2026-05-04
"[07.03.25][มิ้น] สัมภาษณ์คุณเม เล่มใหม่ล่าสุด (Witches) - Copy",120222333463880260,2026-05-04,archived,ad,,,,,0,,0,0,,,,,,,,,2026-05-04,2026-05-04
"[02.06.25][มิ้น] รีแอค ขมิ้น (Ghostly)",120230942219970260,2026-05-04,archived,ad,,,,,0,,0,0,,,,,,,,,2026-05-04,2026-05-04
"[29.10.25][มิ้น] 2 หนังสือเรียกน้ำตา (Remains)",120240292098370260,2026-05-04,not_delivering,ad,,,,,0,,0,0,,,,,,,,,2026-05-04,2026-05-04
"[03.09.25][มิ้น] หนังเล่มใหม่ที่อานแล้วน้ำตาซึม (Demons)",120240179530950260,2026-05-04,not_delivering,ad,,,,,0,,0,0,,,,,,,,,2026-05-04,2026-05-04
"[24.12.24] [มิ้น] 2 หนังสือฮีลใจเติมพลังงานบวก โอบกอด+ปูปรุง (Promotion_Pack)",120218111536070260,2026-05-04,not_delivering,ad,,,,,0,,0,0,,,,,,,,,2026-05-04,2026-05-04
"[27.11.24] [มิ้น] 5 คำเตือนสุดท้ายของชีวิต (Ghost)",120217406488970260,2026-05-04,inactive,ad,,,,,0,,0,0,,,,,,,,,2026-05-04,2026-05-04
"[03.03.26][มิ้น] ไม่เคยร้องไห้กับหนังสือจนมาเจอ 2 เล่มนี้ (Ghostly) (Remains)",120246033694120260,2026-05-04,not_delivering,ad,,,,,0,,0,0,,,,,,,,,2026-05-04,2026-05-04
"[11.02.25][มิ้น] ประโยคหลังปก (Kiwtum)",120219598806910260,2026-05-04,inactive,ad,,,,,0,,0,0,,,,,,,,,2026-05-04,2026-05-04
"[03.09.25][มิ้น] Unboxing New Books (Demons)",120236022831750260,2026-05-04,inactive,ad,,,,,0,,0,0,,,,,,,,,2026-05-04,2026-05-04
"[16.01.25][VDO][มิ้น][Garden_เล่มเดี่ยว] ความรักกับดอกไม้",120218618073040260,2026-05-04,archived,ad,,,,,0,,0,0,,,,,,,,,2026-05-04,2026-05-04
"[21.09.24] [มิ้น] คนเราแตกสลายได้กี่ครั้ง",120217502579200260,2026-05-04,not_delivering,ad,,,,,0,,0,0,,,,,,,,,2026-05-04,2026-05-04
"[21.01.25] [มิ้น] 5 ข้อคิด (Home)",120218671574160260,2026-05-04,inactive,ad,,,,,0,,0,0,,,,,,,,,2026-05-04,2026-05-04
"[10.12.24] [มิ้น] 12.12 แจกสุขส่งท้ายปี",120217673505020260,2026-05-04,not_delivering,ad,,,,,0,,0,0,,,,,,,,,2026-05-04,2026-05-04
"[21.05.25][มิ้น] หนังสือที่ว่าฮีลใจแล้ว… (Witches)",120229053852360260,2026-05-04,inactive,ad,,,,,0,,0,0,,,,,,,,,2026-05-04,2026-05-04
"[07.10.25][มิ้น] ชอบคนใจดี (Ghostly)",120238157459810260,2026-05-04,not_delivering,ad,,,,,0,,0,0,,,,,,,,,2026-05-04,2026-05-04
"[04.12.24] [มิ้น] 5 เทคนิคเก็บเงินง่ายๆ (Million)",120217524646090260,2026-05-04,inactive,ad,,,,,0,,0,0,,,,,,,,,2026-05-04,2026-05-04
"[23.07.25][มิ้น] อ่านแล้วหายเหนื่อย (Tried)",120234551239630260,2026-05-04,archived,ad,,,,,0,,0,0,,,,,,,,,2026-05-04,2026-05-04
"[23.07.25][มิ้น] อ่านแล้วหายเหนื่อย (Tried)",120233366050410260,2026-05-04,not_delivering,ad,,,,,0,,0,0,,,,,,,,,2026-05-04,2026-05-04
"[02.06.25][มิ้น] แนะนำหนังสือที่อยากให้อ่านสักครั้ง (ปีศาจตัวนั้น)",120231185859070260,2026-05-04,not_delivering,ad,,,,,0,,0,0,,,,,,,,,2026-05-04,2026-05-04
"[10.05.25][มิ้น] Mid Month May (Promotion_MM)",120228505397720260,2026-05-04,inactive,ad,,,,,0,,0,0,,,,,,,,,2026-05-04,2026-05-04
"[04.02.26][มิ้น] มนุษย์ที่เป็นคนดี (สัมภาษณ์หมอ) (Trap)",120244058045800260,2026-05-04,inactive,ad,,,,,0,,0,0,,,,,,,,,2026-05-04,2026-05-04
"[12.03.25] [มิ้น] บทที่นักอ่านไม่ควรพลาด (Witches)",120222661759820260,2026-05-04,inactive,ad,,,,,0,,0,0,,,,,,,,,2026-05-04,2026-05-04
"[24.12.25][มิ้น] การ์ดทำนายดวงที่เซอร์ไพรส์ได้ทุกวัน (Witches)",120243032437580260,2026-05-04,inactive,ad,,,,,0,,0,0,,,,,,,,,2026-05-04,2026-05-04
"[06.11.25][มิ้น] บางครั้งความรัก (Remains)",120239980067690260,2026-05-04,not_delivering,ad,,,,,0,,0,0,,,,,,,,,2026-05-04,2026-05-04
"[16.01.25][VDO][มิ้น][Garden_เล่มเดี่ยว] ความรักกับดอกไม้",120220348271880260,2026-05-04,archived,ad,,,,,0,,0,0,,,,,,,,,2026-05-04,2026-05-04
"[22.10.25][มิ้น] ประโยคฮีลใจ (Tried)",120239442615680260,2026-05-04,not_delivering,ad,,,,,0,,0,0,,,,,,,,,2026-05-04,2026-05-04
"[16.07.25][มิ้น] แด่ความโดดเดี่ยว (Ghostly)",120235359067140260,2026-05-04,archived,ad,,,,,0,,0,0,,,,,,,,,2026-05-04,2026-05-04
"[01.10.25][มิ้น] Unpack (Ghostly)",120238805818410260,2026-05-04,not_delivering,ad,,,,,0,,0,0,,,,,,,,,2026-05-04,2026-05-04
"[25.04.26][มิ้น] ถ้าอยากเสียน้ำตาต้องอ่านเล่มนี้ (Remains)",120247725788100260,2026-05-04,not_delivering,ad,,,,,0,,0,0,,,,,,,,,2026-05-04,2026-05-04
"[03.09.25][มิ้น] หนังเล่มใหม่ที่อานแล้วน้ำตาซึม (Demons)",120235861558080260,2026-05-04,not_delivering,ad,,,,,0,,0,0,,,,,,,,,2026-05-04,2026-05-04
"[01.10.25][มิ้น] Unpack (Ghostly)",120238530673050260,2026-05-04,not_delivering,ad,,,,,0,,0,0,,,,,,,,,2026-05-04,2026-05-04
"[04.09.25][มิ้น] บางวันเราอาจก้าวได้ไกล (Tried)",120236547470310260,2026-05-04,inactive,ad,,,,,0,,0,0,,,,,,,,,2026-05-04,2026-05-04
"[10.12.25][มิ้น] 12.12 : ซื้อ 3 เล่ม ลด 120.- (Promotion)",120241897956440260,2026-05-04,inactive,ad,,,,,0,,0,0,,,,,,,,,2026-05-04,2026-05-04
"[03.12.25][มิ้น] เล่มนี้เหมาะกับใคร (Ghostly)",120241546704510260,2026-05-04,inactive,ad,,,,,0,,0,0,,,,,,,,,2026-05-04,2026-05-04
"[01.05.26][มิ้น] รีสต็อกเล่มลายเซ็นหมอทานตะวัน (Trap)",120248306461020260,2026-05-04,active,ad,การสนทนาผ่านการส่งข้อความที่เริ่มขึ้น,1,147.43,,147.43,,1215,1066,,1,147.43,,8,1.39917695,121.34156379,0,2026-05-04,2026-05-04
"[24.12.25][มิ้น] ดวงสมพงษ์กัน (Witches)",120243129386480260,2026-05-04,inactive,ad,,,,,0,,0,0,,,,,,,,,2026-05-04,2026-05-04
"[22.10.25][มิ้น] ทำไมซื้อเล่มนี้ (Remains)",120239116794170260,2026-05-04,not_delivering,ad,,,,,0,,0,0,,,,,,,,,2026-05-04,2026-05-04
"[24.07.25][มิ้น] นี่ไม่ใช่แค่ไพ่ดูดวง (Witches)",120233469566100260,2026-05-04,inactive,ad,,,,,0,,0,0,,,,,,,,,2026-05-04,2026-05-04
"[21.09.24] [มิ้น] คนเราแตกสลายได้กี่ครั้ง",120215811964180260,2026-05-04,inactive,ad,,,,,0,,0,0,,,,,,,,,2026-05-04,2026-05-04
"[04.03.26][มิ้น] แม่อยากให้ลูกมั่นคง (Remains)",120245371158160260,2026-05-04,not_delivering,ad,,,,,0,,0,0,,,,,,,,,2026-05-04,2026-05-04
"[23.01.26][มิ้น] หนังสือที่อยากให้อ่าน 2026 (Ghostly) (Reels)",120243521619520260,2026-05-04,not_delivering,ad,,,,,0,,0,0,,,,,,,,,2026-05-04,2026-05-04
"[23.10.24] [มิ้น] โดนตกจากประโยคหลังปก (Life)",120216631343170260,2026-05-04,inactive,ad,,,,,0,,0,0,,,,,,,,,2026-05-04,2026-05-04
"[23.01.26][มิ้น] ถ้านี่ไม่ใช่ของแถมที่เยอะที่สุด (Witches)",120243521984830260,2026-05-04,inactive,ad,,,,,0,,0,0,,,,,,,,,2026-05-04,2026-05-04
"[19.02.25][มิ้น] 5 ประโยค เปลี่ยนชีวิต (Kidmakk) (Reels)",120243182503030260,2026-05-04,not_delivering,ad,,,,,0,,0,0,,,,,,,,,2026-05-04,2026-05-04
"[09.10.14] [มิ้น] แด่รักข้างเดียว (โอบกอด)",120216147613940260,2026-05-04,inactive,ad,,,,,0,,0,0,,,,,,,,,2026-05-04,2026-05-04
"[22.02.25][มิ้น] 5 เทคนิค Manifest (Million)",120232767096980260,2026-05-04,not_delivering,ad,,,,,0,,0,0,,,,,,,,,2026-05-04,2026-05-04
"[07.03.25][มิ้น] ASMR Unboxing (Witches)",120221521450010260,2026-05-04,inactive,ad,,,,,0,,0,0,,,,,,,,,2026-05-04,2026-05-04
"[22.10.25][มิ้น] เพราะในทุกความเกลียด (Remains)",120240664237140260,2026-05-04,inactive,ad,,,,,0,,0,0,,,,,,,,,2026-05-04,2026-05-04
"[29.09.25][มิ้น] เพื่อนที่ดีจะพาก้าวไปข้างหน้า (Demons)",120238217979230260,2026-05-04,inactive,ad,,,,,0,,0,0,,,,,,,,,2026-05-04,2026-05-04
"[22.03.26][มิ้น] มีประโยคหนึ่งในหนังสือ (Witches)",120247248528550260,2026-05-04,inactive,ad,การสนทนาผ่านการส่งข้อความที่เริ่มขึ้น,,,,0,,0,0,,,,,,,,,2026-05-04,2026-05-04
"[26.04.25][มิ้น] ยอดขาย 10,000 เล่ม (Witches)",120226857917140260,2026-05-04,inactive,ad,,,,,0,,0,0,,,,,,,,,2026-05-04,2026-05-04
"[19.10.25][มิ้น] สัมภาษณ์ลูกค้า ปีศาจ 1,2 (ปีศาจตัวนั้น) (Demon)",120238953328730260,2026-05-04,not_delivering,ad,,,,,0,,0,0,,,,,,,,,2026-05-04,2026-05-04
"[25.07.25][ขมิ้น] Podcast EP.3 ความฝัน (Ghostly)",120233556176910260,2026-05-04,inactive,ad,,,,,0,,0,0,,,,,,,,,2026-05-04,2026-05-04
"[04.05.26][มิ้น] problem solving skills (มนุษย์ต่างวัย) (Trap)",120248372913720260,2026-05-04,not_delivering,ad,การสนทนาผ่านการส่งข้อความที่เริ่มขึ้น,1,151.32,,151.32,,635,551,,1,151.32,,8,9.76377953,238.2992126,0,2026-05-04,2026-05-04
"[09.07.25][มิ้น] รีวิวไม่อวย 8/10 (Ghostly)",120233369285330260,2026-05-04,inactive,ad,,,,,0,,0,0,,,,,,,,,2026-05-04,2026-05-04
"[16.01.26][มิ้น] แนะนำหนังสือฟีลเพื่อน (Witches)",120243289256620260,2026-05-04,inactive,ad,,,,,0,,0,0,,,,,,,,,2026-05-04,2026-05-04
"[02.04.26][มิ้น] คนใจดีมักถูกเอาเปรียบ (Ghostly)",120246687598080260,2026-05-04,inactive,ad,,,,,0,,0,0,,,,,,,,,2026-05-04,2026-05-04
"[06.12.24] [มิ้น] เก็บเงินง่าย ๆ ด้วยกฎ 50 30 20 (Million)",120217605794000260,2026-05-04,inactive,ad,,,,,0,,0,0,,,,,,,,,2026-05-04,2026-05-04
"[12.08.25][มิ้น] ประโยคนี้โคตรจริง (Witches)",120235691581580260,2026-05-04,not_delivering,ad,,,,,0,,0,0,,,,,,,,,2026-05-04,2026-05-04
"[25.03.26][มิ้น] สัมภาษณ์คุณหมึกซึมเชิญชวนมาบูธ (Ghostly)",120246086802200260,2026-05-04,not_delivering,ad,,,,,0,,0,0,,,,,,,,,2026-05-04,2026-05-04
"[01.05.26][มิ้น] รีสต็อกเล่มลายเซ็นหมอทานตะวัน (Trap)",120248169760600260,2026-05-04,active,ad,การสนทนาผ่านการส่งข้อความที่เริ่มขึ้น,1,160.1,,160.1,,1168,1058,,1,160.1,,5,1.19863014,137.07191781,0,2026-05-04,2026-05-04
"[03.12.25][มิ้น] ประโยคนี้โคตรทัชใจ (Remains)",120241545825520260,2026-05-04,inactive,ad,,,,,0,,0,0,,,,,,,,,2026-05-04,2026-05-04
"[23.07.25][มิ้น] อ่านแล้วหายเหนื่อย (Tried)",120240096578280260,2026-05-04,not_delivering,ad,,,,,0,,0,0,,,,,,,,,2026-05-04,2026-05-04
"[27.04.26][มิ้น] Love-Hate Relationship (Remains)",120247726512400260,2026-05-04,not_delivering,ad,การสนทนาผ่านการส่งข้อความที่เริ่มขึ้น,,,,0,,0,0,,,,,,,,,2026-05-04,2026-05-04
"[03.12.25][มิ้น] การ์ดทำนายดวงรายวัน (Witches)",120241544731310260,2026-05-04,inactive,ad,,,,,0,,0,0,,,,,,,,,2026-05-04,2026-05-04
"[03.09.25][มิ้น] อยากให้ทุกคนอ่าน (Ghostly)",120236576484150260,2026-05-04,not_delivering,ad,,,,,0,,0,0,,,,,,,,,2026-05-04,2026-05-04
"[19.11.24] [มิ้น] เพราะส่วนลึกที่สุดของทะเล (โอบกอด)",120218860247850260,2026-05-04,not_delivering,ad,,,,,0,,0,0,,,,,,,,,2026-05-04,2026-05-04
"[12.01.26][มิ้น] โปรโมท Live 14/1/2569 (Live) (Reels)",120243146458110260,2026-05-04,not_delivering,ad,,,,,0,,0,0,,,,,,,,,2026-05-04,2026-05-04
"[11.02.25][มิ้น] ฮีลใจเลิฟเวอร์ (Promotion_MM)",120219754457840260,2026-05-04,not_delivering,ad,,,,,0,,0,0,,,,,,,,,2026-05-04,2026-05-04
"[02.06.25][มิ้น] ถ้าแกพร้อมที่จะรักตัวเอง (ปีศาจตัวนั้น)",120234316313690260,2026-05-04,inactive,ad,,,,,0,,0,0,,,,,,,,,2026-05-04,2026-05-04
"[22.03.26][มิ้น] มีประโยคหนึ่งในหนังสือ (Witches)",120246034511960260,2026-05-04,not_delivering,ad,,,,,0,,0,0,,,,,,,,,2026-05-04,2026-05-04
"[01.03.26][มิ้น] รี stock เล่มลายเซ็นหมอทานตะวัน (สัมภาษณ์หมอ) (Trap)",120245068180810260,2026-05-04,not_delivering,ad,,,,,0,,0,0,,,,,,,,,2026-05-04,2026-05-04
"[22.05.25][มิ้น] 5 ข้อคิด (Ghostly)",120229092082940260,2026-05-04,inactive,ad,,,,,0,,0,0,,,,,,,,,2026-05-04,2026-05-04
"[17.03.25][มิ้น] การ์ดอยากบอกอะไรคุณ (Witches)",120222421805100260,2026-05-04,not_delivering,ad,,,,,0,,0,0,,,,,,,,,2026-05-04,2026-05-04
"[11.02.25][มิ้น] ประโยคหลังปก (Kiwtum)",120219598935850260,2026-05-04,not_delivering,ad,,,,,0,,0,0,,,,,,,,,2026-05-04,2026-05-04
"[01.03.26][มิ้น] รี stock เล่มลายเซ็นหมอทานตะวัน (สัมภาษณ์หมอ) (Trap) (Cross Page)",120245088945840260,2026-05-04,active,ad,การสนทนาผ่านการส่งข้อความที่เริ่มขึ้น,1,158.14,,158.14,,1667,1470,,1,158.14,,6,2.09958008,94.86502699,0,2026-05-04,2026-05-04
"[30.10.25][มิ้น] ป้ายยาหนังสือเล่มดัง (ฟิล์ม) (Demons)",120239593460920260,2026-05-04,not_delivering,ad,,,,,0,,0,0,,,,,,,,,2026-05-04,2026-05-04
"[11.02.25][มิ้น] ฮีลใจเลิฟเวอร์ (Promotion_MM)",120219754711910260,2026-05-04,not_delivering,ad,,,,,0,,0,0,,,,,,,,,2026-05-04,2026-05-04
"[23.07.25][มิ้น] อ่านแล้วหายเหนื่อย (Tried)",120245837637310260,2026-05-04,not_delivering,ad,,,,,0,,0,0,,,,,,,,,2026-05-04,2026-05-04
"[29.04.26][มิ้น] โรคนอนไม่หลับ Insomnia (Trap)",120248075180200260,2026-05-04,not_delivering,ad,การสนทนาผ่านการส่งข้อความที่เริ่มขึ้น,,,,160.12,,897,746,,,,,3,2.45261984,178.50613155,,2026-05-04,2026-05-04
"[03.12.25][มิ้น] น้ำตาซึมไปหลายวัน (Remains)",120242966265870260,2026-05-04,inactive,ad,,,,,0,,0,0,,,,,,,,,2026-05-04,2026-05-04
"[22.05.25][มิ้น] หนังสือใหม่ออกมาอีกละ!!! (Ghostly)",120229378339080260,2026-05-04,inactive,ad,,,,,0,,0,0,,,,,,,,,2026-05-04,2026-05-04
"[17.07.25] [ขมิ้น] Podcast ความสัมพันธ์ Toxic (Ghostly)",120232924603800260,2026-05-04,not_delivering,ad,,,,,0,,0,0,,,,,,,,,2026-05-04,2026-05-04
"[25.03.35][มิ้น] ประโยคหลังปก (Gift) (Reels)",120243183159020260,2026-05-04,not_delivering,ad,,,,,0,,0,0,,,,,,,,,2026-05-04,2026-05-04
"[13.11.25][มิ้น] การนอกใจไม่ใช่เรื่องปกติ (Demons)",120240436553760260,2026-05-04,inactive,ad,,,,,0,,0,0,,,,,,,,,2026-05-04,2026-05-04
"[30.04.26][มิ้น] สัมภาษณ์คุณหมอทานตะวัน 2 หนังสือที่เป็นเหมือนจิตแพทย์ (Trap)",120248155497490260,2026-05-04,not_delivering,ad,การสนทนาผ่านการส่งข้อความที่เริ่มขึ้น,,,,174.37,,697,567,,,,,2,1.8651363,250.17216643,,2026-05-04,2026-05-04
"[29.10.25][มิ้น] 2 หนังสือเรียกน้ำตา (Remains)",120243923495490260,2026-05-04,not_delivering,ad,,,,,0,,0,0,,,,,,,,,2026-05-04,2026-05-04
"[06.02.25][มิ้น] ต้องเสียใจอีกกี่ครั้งถึงจะเจอความรักที่ดี (ปีศาจตัวนั้น)",120219540143210260,2026-05-04,inactive,ad,,,,,0,,0,0,,,,,,,,,2026-05-04,2026-05-04
"[04.02.26][มิ้น] มนุษย์ที่เป็นคนดี (สัมภาษณ์หมอ) (Trap)",120244225614610260,2026-05-04,inactive,ad,,,,,0,,0,0,,,,,,,,,2026-05-04,2026-05-04
"[02.06.25][มิ้น] รีแอค ขมิ้น (Ghostly)",120232764230770260,2026-05-04,not_delivering,ad,,,,,0,,0,0,,,,,,,,,2026-05-04,2026-05-04
"[21.03.25][มิ้น] Unboxing newbook (Gift)",120222450894000260,2026-05-04,inactive,ad,,,,,0,,0,0,,,,,,,,,2026-05-04,2026-05-04
"[01.03.26][มิ้น] รี stock เล่มลายเซ็นหมอทานตะวัน (สัมภาษณ์หมอ) (Trap)",120245040432670260,2026-05-04,not_delivering,ad,การสนทนาผ่านการส่งข้อความที่เริ่มขึ้น,,,,0,,0,0,,,,,,,,,2026-05-04,2026-05-04
"[03.12.25][มิ้น] เล่มนี้ทำน้ำตาไหลหนักมาก (Ghostly)",120241546902410260,2026-05-04,not_delivering,ad,,,,,0,,0,0,,,,,,,,,2026-05-04,2026-05-04
"[28.11.25][มิ้น] สิ่งที่เป็นอยู่มีความสุขจริงไหม? (Ghostly)",120241209652390260,2026-05-04,inactive,ad,,,,,0,,0,0,,,,,,,,,2026-05-04,2026-05-04
"[10.02.26][มิ้น] ชนแล้วหนี (Remains)",120244223793660260,2026-05-04,not_delivering,ad,,,,,0,,0,0,,,,,,,,,2026-05-04,2026-05-04
"[17.02.26][มิ้น] 20 เล่มลายเซ็น (Trap)",120247120164100260,2026-05-04,not_delivering,ad,การสนทนาผ่านการส่งข้อความที่เริ่มขึ้น,2,75.34,,150.68,,836,770,,2,75.34,,6,2.63157895,180.23923445,0,2026-05-04,2026-05-04
"[23.11.24] [มิ้น] Payday Nov 999.-",120217276702690260,2026-05-04,not_delivering,ad,,,,,0,,0,0,,,,,,,,,2026-05-04,2026-05-04
"[03.12.25][มิ้น] เล่มนี้ทำน้ำตาไหลหนักมาก (Ghostly)",120243607975880260,2026-05-04,inactive,ad,,,,,0,,0,0,,,,,,,,,2026-05-04,2026-05-04
"[18.11.25][มิ้น] อยู่คนเดียวเป็นเรื่องยาก ? (Ghostly)",120241914078040260,2026-05-04,not_delivering,ad,,,,,0,,0,0,,,,,,,,,2026-05-04,2026-05-04
"[07.10.25][มิ้น] ชอบคนใจดี (Ghostly)",120239036605880260,2026-05-04,not_delivering,ad,,,,,0,,0,0,,,,,,,,,2026-05-04,2026-05-04
"[25.03.26][มิ้น] ชวนมางานหนังสือ (สัมภาษณ์คุณหมอทานตะวัน) (Trap)",120246073302200260,2026-05-04,archived,ad,,,,,0,,0,0,,,,,,,,,2026-05-04,2026-05-04
"[11.02.25][มิ้น] สัมภาษณ์คุณปั๊ม คิ้วต่ำ (Kiwtum)",120221441856470260,2026-05-04,not_delivering,ad,"การซื้อบน Meta",,,,129.99,,1340,1258,,2,64.995,,6,6.79104478,97.00746269,0,2026-05-04,2026-05-04
"[21.01.25] [มิ้น] บทที่ 4 จดหมายจากพระจันทร์ (Home)",120218669476360260,2026-05-04,not_delivering,ad,,,,,0,,0,0,,,,,,,,,2026-05-04,2026-05-04
"[26.01.26][มิ้น] หนังสือที่ได้ไปต่อในปี 2026 (Remains)",120243666702940260,2026-05-04,not_delivering,ad,,,,,0,,0,0,,,,,,,,,2026-05-04,2026-05-04
"[03.12.25][มิ้น] เล่มนี้ทำน้ำตาไหลหนักมาก (Ghostly)",120243507704890260,2026-05-04,not_delivering,ad,,,,,0,,0,0,,,,,,,,,2026-05-04,2026-05-04
"[27.01.26][มิ้น] โปรโมท Live 28/1/2569 (Live) (Reels)",120243662416390260,2026-05-04,not_delivering,ad,,,,,0,,0,0,,,,,,,,,2026-05-04,2026-05-04
"[21.12.24] [มิ้น] สัมภาษณ์คุณคิดมาก (kidmakk)",120217962530930260,2026-05-04,not_delivering,ad,,,,,0,,0,0,,,,,,,,,2026-05-04,2026-05-04
"[21.09.24] [มิ้น] คนเราแตกสลายได้กี่ครั้ง",120216713189210260,2026-05-03,not_delivering,ad,,,,,0,,0,0,,,,,,,,,2026-05-03,2026-05-03
"[17.09.25][มิ้น] การมีชีวิตที่โดดเดี่ยว (Ghostly)",120237845256810260,2026-05-03,inactive,ad,,,,,0,,0,0,,,,,,,,,2026-05-03,2026-05-03
"[12.08.25][มิ้น] ควรอ่านเล่มนี้ถ้าคุณ (Witches)",120235148632120260,2026-05-03,not_delivering,ad,,,,,0,,0,0,,,,,,,,,2026-05-03,2026-05-03
"[03.09.25][มิ้น] หนังเล่มใหม่ที่อานแล้วน้ำตาซึม (Demons)",120236324479760260,2026-05-03,not_delivering,ad,,,,,0,,0,0,,,,,,,,,2026-05-03,2026-05-03
"[21.09.24] [มิ้น] คนเราแตกสลายได้กี่ครั้ง",120215723178940260,2026-05-03,inactive,ad,,,,,0,,0,0,,,,,,,,,2026-05-03,2026-05-03
"[13.06.25][มิ้น] หนังสือที่น่าซื้อที่สุดในปฐพี (Witches)",120230769406070260,2026-05-03,inactive,ad,,,,,0,,0,0,,,,,,,,,2026-05-03,2026-05-03
"[23.05.25][มิ้น] Payday May (Promotion_Payday)",120229263233770260,2026-05-03,not_delivering,ad,,,,,0,,0,0,,,,,,,,,2026-05-03,2026-05-03
"[02.06.25][มิ้น] หนังสือที่ดูดวงได้ (Witches)",120229859418130260,2026-05-03,inactive,ad,,,,,0,,0,0,,,,,,,,,2026-05-03,2026-05-03
"[02.09.24] [มิ้น] 5 ข้อคิดลบกับตัวเอง (Helmet_Boxset)",120215258457330260,2026-05-03,inactive,ad,,,,,0,,0,0,,,,,,,,,2026-05-03,2026-05-03
"[20.08.25][มิ้น] ประโยคที่อ่านแล้วน้ำตาซึม (ปีศาจตัวนั้น)",120235258962660260,2026-05-03,not_delivering,ad,,,,,0,,0,0,,,,,,,,,2026-05-03,2026-05-03
"[25.07.25][มิ้น] ข้อความแรกของวัน (Kiwtum)",120233512263340260,2026-05-03,archived,ad,,,,,0,,0,0,,,,,,,,,2026-05-03,2026-05-03
"[08.07.25][มิ้น] หนังสือทะเล (Embrace)",120234400134080260,2026-05-03,inactive,ad,,,,,0,,0,0,,,,,,,,,2026-05-03,2026-05-03
"[03.09.25][มิ้น] หนังเล่มใหม่ที่อานแล้วน้ำตาซึม (Demons)",120236358963740260,2026-05-03,not_delivering,ad,,,,,0,,0,0,,,,,,,,,2026-05-03,2026-05-03
"[12.11.24] [มิ้น] 2 หนังสือเล่มใหม่ที่ถูกเขียนด้วยน้ำตา แพ็กคู่ 529",120216989642050260,2026-05-03,not_delivering,ad,,,,,0,,0,0,,,,,,,,,2026-05-03,2026-05-03
"[17.08.24] [มิ้น] เหนื่อยแค่ไหนก็ฮีลใจตัวเองเป็น",120214814651560260,2026-05-03,inactive,ad,,,,,0,,0,0,,,,,,,,,2026-05-03,2026-05-03
"[21.09.24] [มิ้น] คนเราแตกสลายได้กี่ครั้ง",120217554942560260,2026-05-03,not_delivering,ad,,,,,0,,0,0,,,,,,,,,2026-05-03,2026-05-03
"[22.08.25][มิ้น] 3 เหตุผล ที่ต้องอ่าน (Ghostly)",120235868586480260,2026-05-03,not_delivering,ad,,,,,0,,0,0,,,,,,,,,2026-05-03,2026-05-03
"[02.06.25][มิ้น] รีแอค ขมิ้น (Ghostly)",120232523446420260,2026-05-03,not_delivering,ad,,,,,0,,0,0,,,,,,,,,2026-05-03,2026-05-03
"[10.01.25] [มิ้น] หากคุณกำลังแตกสลาย (Embrace)",120218485516510260,2026-05-03,not_delivering,ad,,,,,0,,0,0,,,,,,,,,2026-05-03,2026-05-03
"[07.10.25][มิ้น] ชอบคนใจดี (Ghostly)",120239036662700260,2026-05-03,not_delivering,ad,,,,,0,,0,0,,,,,,,,,2026-05-03,2026-05-03
"[07.08.25][มิ้น] เล่มใหม่ล่าสุด (Tried)",120234506727130260,2026-05-03,not_delivering,ad,,,,,0,,0,0,,,,,,,,,2026-05-03,2026-05-03
"[30.03.25][มิ้น] แกล้งทำเป็นมั่นใจ (Witches)",120223303945480260,2026-05-03,inactive,ad,,,,,0,,0,0,,,,,,,,,2026-05-03,2026-05-03
"[22.07.25][มิ้น] 5 สัญญาณที่บอกว่าเราเครียด (Tried)",120233222467930260,2026-05-03,not_delivering,ad,,,,,0,,0,0,,,,,,,,,2026-05-03,2026-05-03
"[09.09.25][มิ้น] วันนี้เหนื่อยใช่ไหม (Tried)",120236547035940260,2026-05-03,inactive,ad,,,,,0,,0,0,,,,,,,,,2026-05-03,2026-05-03
"[11.02.25][มิ้น] สัมภาษณ์คุณปั๊ม คิ้วต่ำ (Kiwtum)",120221329463410260,2026-05-03,not_delivering,ad,,,,,0,,0,0,,,,,,,,,2026-05-03,2026-05-03
"[15.10.24] [มิ้น] จุดเปลี่ยนของชีวิต (Life)",120216294310900260,2026-05-03,not_delivering,ad,,,,,0,,0,0,,,,,,,,,2026-05-03,2026-05-03
"[22.05.25][มิ้น] จะเป็นยังไง! เมื่อคนที่หมดแพชชัน  ต้องไปเป็นที่ปรึกษาให้เหล่าดวงวิญญาณ (Ghostly)",120229087924610260,2026-05-03,inactive,ad,,,,,0,,0,0,,,,,,,,,2026-05-03,2026-05-03
"[07.03.25][มิ้น] สัมภาษณ์คุณเม เล่มใหม่ล่าสุด (Witches)",120222165219910260,2026-05-03,not_delivering,ad,,,,,0,,0,0,,,,,,,,,2026-05-03,2026-05-03
"[04.12.24] [มิ้น] 5 เทคนิคเก็บเงินง่ายๆ (Million)",120217524655750260,2026-05-03,inactive,ad,,,,,0,,0,0,,,,,,,,,2026-05-03,2026-05-03
"[02.09.24] [มิ้น] น้ำหยดลงหินทุกวัน",120215197500950260,2026-05-03,inactive,ad,,,,,0,,0,0,,,,,,,,,2026-05-03,2026-05-03
"[17.06.25][มิ้น] คุณเคยเสียดายอะไรมั้ย (Ghostly)",120231111152920260,2026-05-03,inactive,ad,,,,,0,,0,0,,,,,,,,,2026-05-03,2026-05-03
"[23.10.24] [มิ้น] โดนตกจากประโยคหลังปก (Life)",120216499891260260,2026-05-03,not_delivering,ad,,,,,0,,0,0,,,,,,,,,2026-05-03,2026-05-03
"[24.03.25][มิ้น] 5 ข้อคิดที่ได้จากหนังสือ (Gift)",120222717828890260,2026-05-03,inactive,ad,,,,,0,,0,0,,,,,,,,,2026-05-03,2026-05-03
"[13.03.25][มิ้น] Mid Month จับคู่ 2 Boxset 990.- (Promotion_MM)",120222131623830260,2026-05-03,inactive,ad,,,,,0,,0,0,,,,,,,,,2026-05-03,2026-05-03
"[13.08.25][มิ้น] แม้คนในครอบครัวจะจากไป (ปีศาจตัวนั้น)",120234820747350260,2026-05-03,not_delivering,ad,,,,,0,,0,0,,,,,,,,,2026-05-03,2026-05-03
"[30.04.25][มิ้น] จากใจนักเขียน “คิ้วต่ำ” (Kiwtum)",120227299089800260,2026-05-03,inactive,ad,,,,,0,,0,0,,,,,,,,,2026-05-03,2026-05-03
"[22.07.25][มิ้น] เล่มใหม่ออกมาอีกแล้ว (Tried)",120233014563510260,2026-05-03,inactive,ad,,,,,0,,0,0,,,,,,,,,2026-05-03,2026-05-03
"[06.09.24] [มิ้น] โปรโมชั่น 9.9 flow ใหม่",120215379950760260,2026-05-03,inactive,ad,,,,,0,,0,0,,,,,,,,,2026-05-03,2026-05-03
"[13.08.25][มิ้น] โคตรจะชอบประโยคนี้ (Witches)",120234825730700260,2026-05-03,inactive,ad,,,,,0,,0,0,,,,,,,,,2026-05-03,2026-05-03
"[22.05.25][มิ้น] หนังสือใหม่ออกมาอีกละ!!! (Ghostly)",120229079814190260,2026-05-03,inactive,ad,,,,,0,,0,0,,,,,,,,,2026-05-03,2026-05-03
"[23.07.25][มิ้น] อ่านแล้วหายเหนื่อย (Tried)",120234719088420260,2026-05-03,not_delivering,ad,,,,,0,,0,0,,,,,,,,,2026-05-03,2026-05-03
"[05.08.25][มิ้น] ไม่เคยให้กำลังใจตัวเอง (Home)",120234400989730260,2026-05-03,not_delivering,ad,,,,,0,,0,0,,,,,,,,,2026-05-03,2026-05-03
"[29.10.24] [มิ้น] อาจจะเป็นเพราะความรักเป็นสิ่งที่หอมหวาน (ปีศาจความรัก)",120216650233680260,2026-05-03,not_delivering,ad,,,,,0,,0,0,,,,,,,,,2026-05-03,2026-05-03
"[11.10.25][มิ้น] ถ้าวันไหนไม่มีใครเข้าใจ (Tried)",120238409069070260,2026-05-03,not_delivering,ad,,,,,0,,0,0,,,,,,,,,2026-05-03,2026-05-03
"[04.12.24] [มิ้น] 5 เทคนิคเก็บเงินง่ายๆ (Million)",120217524670740260,2026-05-03,not_delivering,ad,,,,,0,,0,0,,,,,,,,,2026-05-03,2026-05-03
"[08.09.25][มิ้น] 5 ข้อคิดจากหนังสือ (Demons)",120236832228880260,2026-05-03,inactive,ad,,,,,0,,0,0,,,,,,,,,2026-05-03,2026-05-03
"[24.12.24] [มิ้น] Payday นี้รวมแพ็กฮีลใจเล่มใหม่ (Promotion_Payday)",120218079584100260,2026-05-03,not_delivering,ad,,,,,0,,0,0,,,,,,,,,2026-05-03,2026-05-03
"[04.12.24] [มิ้น] 5 เทคนิคเก็บเงินง่ายๆ (Million)",120217524662290260,2026-05-03,inactive,ad,,,,,0,,0,0,,,,,,,,,2026-05-03,2026-05-03
"[03.09.25][มิ้น] หนังเล่มใหม่ที่อานแล้วน้ำตาซึม (Demons)",120236358963800260,2026-05-03,not_delivering,ad,,,,,0,,0,0,,,,,,,,,2026-05-03,2026-05-03
"[06.08.25][มิ้น] วันไหนไม่ไหว แวะมาอ่าน (Tried)",120234613000220260,2026-05-03,not_delivering,ad,,,,,0,,0,0,,,,,,,,,2026-05-03,2026-05-03
"[11.02.25][มิ้น] สัมภาษณ์คุณปั๊ม คิ้วต่ำ (Kiwtum)",120221825510110260,2026-05-03,inactive,ad,,,,,0,,0,0,,,,,,,,,2026-05-03,2026-05-03
"[17.03.25][มิ้น] การ์ดอยากบอกอะไรคุณ (Witches)",120222333547920260,2026-05-03,not_delivering,ad,,,,,0,,0,0,,,,,,,,,2026-05-03,2026-05-03
"[12.08.25][มิ้น] ประโยคนี้โคตรจริง (Witches)",120234722397390260,2026-05-03,inactive,ad,,,,,0,,0,0,,,,,,,,,2026-05-03,2026-05-03
"[07.10.24] [มิ้น] หมูเด้งดังแล้ว อย่าลืมคาปิบาร่า (คาปิบาร่า_box set)",120216121992430260,2026-05-03,inactive,ad,,,,,0,,0,0,,,,,,,,,2026-05-03,2026-05-03
"[12.08.25][มิ้น] ควรอ่านเล่มนี้ถ้าคุณ (Witches)",120234722299570260,2026-05-03,inactive,ad,,,,,0,,0,0,,,,,,,,,2026-05-03,2026-05-03
"[22.10.25][มิ้น] หนังสือได้ออกทีวี (Demons)",120239112704950260,2026-05-03,inactive,ad,,,,,0,,0,0,,,,,,,,,2026-05-03,2026-05-03
"[12.08.25][มิ้น] ควรอ่านเล่มนี้ถ้าคุณ (Witches)",120235162743250260,2026-05-03,not_delivering,ad,,,,,0,,0,0,,,,,,,,,2026-05-03,2026-05-03
"[29.09.25][มิ้น] ปีศาจใหม่มันกลับมาอีกแล้ว (Demons)",120238434730060260,2026-05-03,not_delivering,ad,,,,,0,,0,0,,,,,,,,,2026-05-03,2026-05-03
"[11.02.25][มิ้น] Unboxing new book (Kiwtum)",120219869227640260,2026-05-03,not_delivering,ad,,,,,0,,0,0,,,,,,,,,2026-05-03,2026-05-03
"[25.03.25][มิ้น] บทที่ 25 ขอบคุณสำหรับทุกอย่างที่ผ่านมา (Embrace)",120222718080890260,2026-05-03,inactive,ad,,,,,0,,0,0,,,,,,,,,2026-05-03,2026-05-03
"[21.01.25] [มิ้น] สถานที่ที่ปลอดภัยที่สุด (Home)",120218669503520260,2026-05-03,not_delivering,ad,,,,,0,,0,0,,,,,,,,,2026-05-03,2026-05-03
"[08.08.25][มิ้น] ร้องไห้บนรถไฟฟ้า (Ghostly)",120236739604820260,2026-05-03,inactive,ad,,,,,0,,0,0,,,,,,,,,2026-05-03,2026-05-03
"[19.11.24] [มิ้น] เพราะส่วนลึกที่สุดของทะเล (โอบกอด)",120217502402920260,2026-05-03,not_delivering,ad,,,,,0,,0,0,,,,,,,,,2026-05-03,2026-05-03
"[14.07.25][มิ้น] 5 สัญญาณ Toxic (Ghostly)",120232821171750260,2026-05-03,inactive,ad,,,,,0,,0,0,,,,,,,,,2026-05-03,2026-05-03
"[23.10.24] [มิ้น] โดนตกจากประโยคหลังปก (Life)",120216829371800260,2026-05-03,not_delivering,ad,,,,,0,,0,0,,,,,,,,,2026-05-03,2026-05-03
"[01.12.25][มิ้น] 5 ประโยคจุกอก (ปีศาจตัวนั้น)",120241544750870260,2026-05-03,archived,ad,,,,,0,,0,0,,,,,,,,,2026-05-03,2026-05-03
"[04.10.24] [มิ้น] ถ้าวันนี้เป็นวันสุดท้าย คุณจะทำอะไร? (Ghost)",120216040197210260,2026-05-03,not_delivering,ad,,,,,0,,0,0,,,,,,,,,2026-05-03,2026-05-03
"[11.06.25][มิ้น] ชายคนหนึ่งตกหลุมรักสาวใบ้ (Ghostly)",120232158783980260,2026-05-03,not_delivering,ad,,,,,0,,0,0,,,,,,,,,2026-05-03,2026-05-03
"[27.11.25][มิ้น] ตอบคอมเมนต์ อ่านเล่ม 2 เลยได้ไหม (Demons)",120241143672550260,2026-05-03,inactive,ad,,,,,0,,0,0,,,,,,,,,2026-05-03,2026-05-03
"[02.06.25][มิ้น] รีแอค ขมิ้น (Ghostly)",120231946918740260,2026-05-03,inactive,ad,,,,,0,,0,0,,,,,,,,,2026-05-03,2026-05-03
"[03.05.25][มิ้น] 5.5 จัดโปร Boxset ฮีลใจ 555.- (Promotion_DD)",120227797678280260,2026-05-03,inactive,ad,,,,,0,,0,0,,,,,,,,,2026-05-03,2026-05-03
"[13.11.24] [มิ้น] แยกย้ายไปเติบโต (โอบกอด)",120216996665780260,2026-05-03,inactive,ad,,,,,0,,0,0,,,,,,,,,2026-05-03,2026-05-03
"[21.09.24] [มิ้น] คนเราแตกสลายได้กี่ครั้ง",120216668670730260,2026-05-03,not_delivering,ad,,,,,0,,0,0,,,,,,,,,2026-05-03,2026-05-03
"[24.10.24] [มิ้น] Payday นี้ เทโปรแรง จนขนลุก",120216536721530260,2026-05-03,not_delivering,ad,,,,,0,,0,0,,,,,,,,,2026-05-03,2026-05-03
"[10.09.25][มิ้น] เคยไหม แพ้เสียงในหัวตัวเอง (Demons)",120236625806110260,2026-05-03,not_delivering,ad,,,,,0,,0,0,,,,,,,,,2026-05-03,2026-05-03
"[10.12.24] [มิ้น] 12.12 แจกสุขส่งท้ายปี",120217673365280260,2026-05-03,archived,ad,,,,,0,,0,0,,,,,,,,,2026-05-03,2026-05-03
"[03.09.25][มิ้น] อยากให้ทุกคนอ่าน (Ghostly)",120236575412200260,2026-05-03,not_delivering,ad,,,,,0,,0,0,,,,,,,,,2026-05-03,2026-05-03
"[21.09.24] [มิ้น] คนเราแตกสลายได้กี่ครั้ง",120216689813040260,2026-05-03,not_delivering,ad,,,,,0,,0,0,,,,,,,,,2026-05-03,2026-05-03
"[23.10.24] [มิ้น] โดนตกจากประโยคหลังปก (Life)",120216576737330260,2026-05-03,not_delivering,ad,,,,,0,,0,0,,,,,,,,,2026-05-03,2026-05-03
"[13.11.24] [มิ้น] การเป็นตัวเองทำให้รู้สึกไม่มั่นใจ (Helmet_Boxset)",120216996599520260,2026-05-03,not_delivering,ad,,,,,0,,0,0,,,,,,,,,2026-05-03,2026-05-03
"[06.03.26][มิ้น] บทที่ 8 เราต่างกันเกินไป (Embrace)",120245219215280260,2026-05-03,not_delivering,ad,,,,,0,,0,0,,,,,,,,,2026-05-03,2026-05-03
"[21.09.24] [มิ้น] คนเราแตกสลายได้กี่ครั้ง",120217430655790260,2026-05-03,not_delivering,ad,,,,,0,,0,0,,,,,,,,,2026-05-03,2026-05-03
"[21.01.25] [มิ้น] สถานที่ที่ปลอดภัยที่สุด (Home)",120218668178870260,2026-05-03,not_delivering,ad,,,,,0,,0,0,,,,,,,,,2026-05-03,2026-05-03
"[07.06.25][มิ้น] หนังสือใหม่กลิ่นหอมมาก (Ghostly)",120230120421370260,2026-05-03,inactive,ad,,,,,0,,0,0,,,,,,,,,2026-05-03,2026-05-03
"[09.07.25][มิ้น] วันไหนที่ใจแข็งแรงดอกไม้จะผลิบาน (Garden_เล่มเดี่ยว)",120232526677800260,2026-05-03,not_delivering,ad,,,,,0,,0,0,,,,,,,,,2026-05-03,2026-05-03
"[19.11.24] [มิ้น] เพราะส่วนลึกที่สุดของทะเล (โอบกอด)",120217898480830260,2026-05-03,not_delivering,ad,,,,,0,,0,0,,,,,,,,,2026-05-03,2026-05-03
"[11.02.25][มิ้น] สัมภาษณ์คุณปั๊ม คิ้วต่ำ (Kiwtum)",120221001878400260,2026-05-03,not_delivering,ad,,,,,0,,0,0,,,,,,,,,2026-05-03,2026-05-03
"[03.03.26][มิ้น] ไม่เคยร้องไห้กับหนังสือจนมาเจอ 2 เล่มนี้ (Ghostly) (Remains)",120247427758590260,2026-05-03,inactive,ad,การสนทนาผ่านการส่งข้อความที่เริ่มขึ้น,,,,0,,0,0,,,,,,,,,2026-05-03,2026-05-03
"[07.03.25][มิ้น] วันนี้คุณเหนื่อยไหม (Embrace)",120221523412410260,2026-05-03,inactive,ad,,,,,0,,0,0,,,,,,,,,2026-05-03,2026-05-03
"[02.04.26][มิ้น] อย่าปล่อยให้อีโก้ (Trap)",120247605233680260,2026-05-03,not_delivering,ad,การสนทนาผ่านการส่งข้อความที่เริ่มขึ้น,,,,0,,0,0,,,,,,,,,2026-05-03,2026-05-03
"[19.11.24] [มิ้น] เพราะส่วนลึกที่สุดของทะเล (โอบกอด)",120217908371210260,2026-05-03,inactive,ad,,,,,0,,0,0,,,,,,,,,2026-05-03,2026-05-03
"[02.04.26][มิ้น] อย่าปล่อยให้อีโก้ (Trap)",120248070542200260,2026-05-03,not_delivering,ad,การสนทนาผ่านการส่งข้อความที่เริ่มขึ้น,,,,0,,0,0,,,,,,,,,2026-05-03,2026-05-03
"[02.05.26][มิ้น] มองปัญหาให้เป็นการเรียนรู้ (Witches)",120248232571620260,2026-05-03,not_delivering,ad,การสนทนาผ่านการส่งข้อความที่เริ่มขึ้น,,,,311.19,,2605,1914,,,,,17,2.76391555,119.45873321,,2026-05-03,2026-05-03
"[11.03.26][มิ้น] ฉันจะมีชีวิตที่ดี (Kidmakk)",120245422532230260,2026-05-03,not_delivering,ad,,,,,0,,0,0,,,,,,,,,2026-05-03,2026-05-03
"[11.02.25][มิ้น] สัมภาษณ์คุณปั๊ม คิ้วต่ำ (Kiwtum)",120220060200360260,2026-05-03,inactive,ad,,,,,0,,0,0,,,,,,,,,2026-05-03,2026-05-03
"[03.03.26][มิ้น] ไม่เคยร้องไห้กับหนังสือจนมาเจอ 2 เล่มนี้ (Ghostly) (Remains)",120246033749230260,2026-05-03,not_delivering,ad,,,,,0,,0,0,,,,,,,,,2026-05-03,2026-05-03
"[11.12.24] [มิ้น] Unbox นี่คือหนังสือสรุปการเงินที่เข้าใจง่าย (Million)",120217743316290260,2026-05-03,inactive,ad,,,,,0,,0,0,,,,,,,,,2026-05-03,2026-05-03
"[17.02.26][มิ้น] 20 เล่มลายเซ็น (Trap)",120244506815120260,2026-05-03,not_delivering,ad,,,,,0,,0,0,,,,,,,,,2026-05-03,2026-05-03
"[24.07.25][มิ้น] ฝนตกแบบนี้ยังมีไปรษณีย์มาส่ง (Ghostly)",120233475158630260,2026-05-03,not_delivering,ad,,,,,0,,0,0,,,,,,,,,2026-05-03,2026-05-03
"[29.03.26][มิ้น] เล่มลายเซ็นนักเขียนหมึกซึม (Ghostly) (Remains)",120246468504980260,2026-05-03,not_delivering,ad,,,,,0,,0,0,,,,,,,,,2026-05-03,2026-05-03
"[09.09.25][มิ้น] ประโยคนี้เตือนสติ (Witches)",120236551109280260,2026-05-03,not_delivering,ad,,,,,0,,0,0,,,,,,,,,2026-05-03,2026-05-03
"[21.03.25][มิ้น] Unboxing newbook (Gift)",120222451540920260,2026-05-03,inactive,ad,,,,,0,,0,0,,,,,,,,,2026-05-03,2026-05-03
"[17.03.25][มิ้น] การ์ดอยากบอกอะไรคุณ (Witches)",120222281364600260,2026-05-03,inactive,ad,,,,,0,,0,0,,,,,,,,,2026-05-03,2026-05-03
"[21.01.25] [มิ้น] Unboxing หนังสือฮีลใจเล่มใหม่ 2025 (Home)",120218671600690260,2026-05-03,not_delivering,ad,,,,,0,,0,0,,,,,,,,,2026-05-03,2026-05-03
"[04.02.26][มิ้น] มนุษย์ที่เป็นคนดี (สัมภาษณ์หมอ) (Trap)",120245891795580260,2026-05-03,not_delivering,ad,การสนทนาผ่านการส่งข้อความที่เริ่มขึ้น,,,,0,,0,0,,,,,,,,,2026-05-03,2026-05-03
"[26.11.24] [มิ้น] เงินเดือนก็พอใช้อยู่แล้ว (ปีศาจการเงิน)",120217325231390260,2026-05-03,not_delivering,ad,,,,,0,,0,0,,,,,,,,,2026-05-03,2026-05-03
"[24.03.25][มิ้น] 5 ข้อคิดที่ได้จากหนังสือ (Gift)",120222654403270260,2026-05-03,inactive,ad,,,,,0,,0,0,,,,,,,,,2026-05-03,2026-05-03
"[04.02.26][มิ้น] มนุษย์ที่เป็นคนดี (สัมภาษณ์หมอ) (Trap) (Click)",120244547996470260,2026-05-03,not_delivering,ad,,,,,0,,0,0,,,,,,,,,2026-05-03,2026-05-03
"[23.07.25][มิ้น] อ่านแล้วหายเหนื่อย (Tried)",120245505030860260,2026-05-03,not_delivering,ad,,,,,0,,0,0,,,,,,,,,2026-05-03,2026-05-03
"[21.09.24] [มิ้น] คนเราแตกสลายได้กี่ครั้ง",120216728822800260,2026-05-03,inactive,ad,,,,,0,,0,0,,,,,,,,,2026-05-03,2026-05-03
"[27.08.25][มิ้น] ซื้อ Boxset แถม Magic Planner (Witches)",120235755272030260,2026-05-03,not_delivering,ad,,,,,0,,0,0,,,,,,,,,2026-05-03,2026-05-03
"[24.12.25][มิ้น] อย่ากลัวที่จะโดดเดี่ยว (Ghostly)",120242967762990260,2026-05-03,archived,ad,,,,,0,,0,0,,,,,,,,,2026-05-03,2026-05-03
"[15.10.24] [มิ้น] จุดเปลี่ยนของชีวิต (Life)",120216340907800260,2026-05-03,inactive,ad,,,,,0,,0,0,,,,,,,,,2026-05-03,2026-05-03
"[08.04.26][มิ้น] อยากเป็นคนแบบไหนให้เป็นคนแบบนั้น (Witches)",120246834617690260,2026-05-03,inactive,ad,การสนทนาผ่านการส่งข้อความที่เริ่มขึ้น,,,,0,,0,0,,,,,,,,,2026-05-03,2026-05-03
"[21.01.25] [มิ้น] บทที่ 4 จดหมายจากพระจันทร์ (Home)",120218669546790260,2026-05-03,not_delivering,ad,,,,,0,,0,0,,,,,,,,,2026-05-03,2026-05-03
"[04.03.26][มิ้น] อยู่ต่อหรือลาออก (Tried)",120245214807230260,2026-05-03,not_delivering,ad,,,,,0,,0,0,,,,,,,,,2026-05-03,2026-05-03
"[19.11.24] [มิ้น] เพราะส่วนลึกที่สุดของทะเล (โอบกอด)",120217324834740260,2026-05-03,inactive,ad,,,,,0,,0,0,,,,,,,,,2026-05-03,2026-05-03
"[24.02.26][มิ้น] แมวที่เก็บมาเลี้ยงหายไป (Ghostly)",120244936014400260,2026-05-03,not_delivering,ad,,,,,0,,0,0,,,,,,,,,2026-05-03,2026-05-03
"[13.04.26][มิ้น] อยู่อย่างโดดเดี่ยว ก็ไม่ได้แย่เสมอไป (Ghostly)",120247192997980260,2026-05-03,not_delivering,ad,,,,,0,,0,0,,,,,,,,,2026-05-03,2026-05-03
"[29.01.26][มิ้น] Unboxing หนังสือเล่มแรกของปี 2026 (Trap)",120245371476710260,2026-05-03,not_delivering,ad,,,,,0,,0,0,,,,,,,,,2026-05-03,2026-05-03
"[21.01.25] [มิ้น] สถานที่ที่ปลอดภัยที่สุด (Home)",120218669476350260,2026-05-03,not_delivering,ad,,,,,0,,0,0,,,,,,,,,2026-05-03,2026-05-03
"[11.02.25][มิ้น] ประโยคหลังปก (Kiwtum)",120219599842250260,2026-05-03,not_delivering,ad,,,,,0,,0,0,,,,,,,,,2026-05-03,2026-05-03
"[11.02.25][มิ้น] สัมภาษณ์คุณปั๊ม คิ้วต่ำ (Kiwtum)",120219600093230260,2026-05-03,inactive,ad,,,,,0,,0,0,,,,,,,,,2026-05-03,2026-05-03
"[20.03.26][มิ้น] คนคิดเยอะมักเจ็บจากความคิดตัวเอง (Trap)",120245846570590260,2026-05-03,not_delivering,ad,,,,,0,,0,0,,,,,,,,,2026-05-03,2026-05-03
"[04.03.26][มิ้น] อยู่ต่อหรือลาออก (Tried)",120245170261570260,2026-05-03,not_delivering,ad,,,,,0,,0,0,,,,,,,,,2026-05-03,2026-05-03
"[02.04.26][มิ้น] คนใจดีมักถูกเอาเปรียบ (Ghostly)",120246835244870260,2026-05-03,inactive,ad,,,,,0,,0,0,,,,,,,,,2026-05-03,2026-05-03
"[28.02.25][มิ้น] 3.3 ชีเสิร์ฟไม่พัก ซื้อ 3 แถม 1 (Promotion_DD)",120221295479100260,2026-05-03,not_delivering,ad,,,,,0,,0,0,,,,,,,,,2026-05-03,2026-05-03
"[22.01.25] [มิ้น] หนังสือเล่มนี้ที่อยากบอกคุณว่า (ปีศาจตัวนั้น)",120219288907750260,2026-05-03,inactive,ad,,,,,0,,0,0,,,,,,,,,2026-05-03,2026-05-03
"[03.03.26][มิ้น] ไม่เคยร้องไห้กับหนังสือจนมาเจอ 2 เล่มนี้ (Ghostly) (Remains)",120246838131460260,2026-05-03,inactive,ad,การสนทนาผ่านการส่งข้อความที่เริ่มขึ้น,,,,0,,0,0,,,,,,,,,2026-05-03,2026-05-03
"[21.04.26][มิ้น] บุฟเฟต์ฮีลใจ (Promotion)",120247438983290260,2026-05-03,not_delivering,ad,การสนทนาผ่านการส่งข้อความที่เริ่มขึ้น,,,,0,,0,0,,,,,,,,,2026-05-03,2026-05-03
"[21.03.25][มิ้น] Unboxing newbook (Gift)",120222457757270260,2026-05-03,inactive,ad,,,,,0,,0,0,,,,,,,,,2026-05-03,2026-05-03
"[19.03.25][มิ้น] สัมภาษณ์คุณปั๊มลายเซ็น (Kiwtum)",120222379628490260,2026-05-03,inactive,ad,,,,,0,,0,0,,,,,,,,,2026-05-03,2026-05-03
"[25.04.25][มิ้น] หนังสือที่ทำให้อยากใช้ชีวิตเพื่อตัวเอง (Kiwtum)",120226731889470260,2026-05-03,inactive,ad,,,,,0,,0,0,,,,,,,,,2026-05-03,2026-05-03
"[26.04.25][มิ้น] ยอดขาย 10,000 เล่ม (Witches)",120226857753660260,2026-05-03,inactive,ad,,,,,0,,0,0,,,,,,,,,2026-05-03,2026-05-03
"[22.05.25][มิ้น] 5 ข้อคิด (Ghostly)",120229512329500260,2026-05-03,inactive,ad,,,,,0,,0,0,,,,,,,,,2026-05-03,2026-05-03
"[07.04.25][มิ้น] “ทำเต็มที่ที่ดีสุด” ไม่เท่ากัน (Embrace)",120224923030690260,2026-05-03,inactive,ad,,,,,0,,0,0,,,,,,,,,2026-05-03,2026-05-03
"[02.04.26][มิ้น] อย่าปล่อยให้อีโก้ (Trap)",120248276125810260,2026-05-03,not_delivering,ad,การสนทนาผ่านการส่งข้อความที่เริ่มขึ้น,,,,0,,0,0,,,,,,,,,2026-05-03,2026-05-03
"[21.03.25][มิ้น] Unboxing newbook (Gift)",120222451522520260,2026-05-03,inactive,ad,,,,,0,,0,0,,,,,,,,,2026-05-03,2026-05-03
"[22.05.25][มิ้น] 5 ข้อคิด (Ghostly)",120229092583950260,2026-05-03,inactive,ad,,,,,0,,0,0,,,,,,,,,2026-05-03,2026-05-03
"[03.09.25][มิ้น] เล่มใหม่ให้ 1000/100 (Demons)",120235869179090260,2026-05-03,not_delivering,ad,,,,,0,,0,0,,,,,,,,,2026-05-03,2026-05-03
"[11.02.25][มิ้น] สัมภาษณ์คุณปั๊ม คิ้วต่ำ (Kiwtum)",120219599771730260,2026-05-03,inactive,ad,,,,,0,,0,0,,,,,,,,,2026-05-03,2026-05-03
"[21.03.25][มิ้น] สัมภาษณ์คุณบุ๋ม (Gift)",120222451540900260,2026-05-03,inactive,ad,,,,,0,,0,0,,,,,,,,,2026-05-03,2026-05-03
"[03.07.24] [มิ้น] ปล่อยให้ตัวเองเศร้าบ้างก็ได้",120214870359540260,2026-05-03,inactive,ad,,,,,0,,0,0,,,,,,,,,2026-05-03,2026-05-03
"[07.05.25][มิ้น] ชีวิตที่ดูแย่ (Witches)",120228324823780260,2026-05-03,inactive,ad,,,,,0,,0,0,,,,,,,,,2026-05-03,2026-05-03
"[11.02.25][มิ้น] Unboxing new book (Kiwtum)",120219598317550260,2026-05-03,inactive,ad,,,,,0,,0,0,,,,,,,,,2026-05-03,2026-05-03
"[07.04.25][มิ้น] สัมภาษณ์คุณพราวงานหนังสือ (Home)",120224924557780260,2026-05-03,inactive,ad,,,,,0,,0,0,,,,,,,,,2026-05-03,2026-05-03
"[22.05.25][มิ้น] 5 ข้อคิด (Ghostly)",120229091502610260,2026-05-03,inactive,ad,,,,,0,,0,0,,,,,,,,,2026-05-03,2026-05-03
"[10.11.25][มิ้น] ป้ายยาหนังสือ 7 เล่ม (E-Book)",120240281961660260,2026-05-03,inactive,ad,,,,,0,,0,0,,,,,,,,,2026-05-03,2026-05-03
"[22.05.25][มิ้น] จะเป็นยังไง! เมื่อคนที่หมดแพชชัน  ต้องไปเป็นที่ปรึกษาให้เหล่าดวงวิญญาณ (Ghostly)",120229092082970260,2026-05-03,inactive,ad,,,,,0,,0,0,,,,,,,,,2026-05-03,2026-05-03
"[24.02.25][มิ้น] บทที่ 1 ที่คิ้วต่ำอยากแนะนำ (Kiwtum)",120221442077700260,2026-05-03,inactive,ad,,,,,0,,0,0,,,,,,,,,2026-05-03,2026-05-03
"[24.01.25] [มิ้น] PAYDAY นี้ จ่าย 1 ได้ถึง 5 (Promotion_Payday)",120219260332190260,2026-05-03,not_delivering,ad,,,,,0,,0,0,,,,,,,,,2026-05-03,2026-05-03
"[18.04.25][มิ้น] ก่อนนอน อยากให้คุณได้อ่าน (Kiwtum)",120226166146280260,2026-05-03,inactive,ad,,,,,0,,0,0,,,,,,,,,2026-05-03,2026-05-03
"[04.06.25][มิ้น] รีวิวหนังสือเล่มดัง (ปีศาจตัวนั้น)",120234067024150260,2026-05-03,inactive,ad,,,,,0,,0,0,,,,,,,,,2026-05-03,2026-05-03
"[27.03.26][มิ้น] BookFair : พาชมบรรยากาศงานหนังสือครั้งที่ 54 (Promotion)",120246411925040260,2026-05-03,not_delivering,ad,,,,,0,,0,0,,,,,,,,,2026-05-03,2026-05-03
"[11.02.25][มิ้น] 5 ข้อคิด (Kiwtum)",120219733072010260,2026-05-03,inactive,ad,,,,,0,,0,0,,,,,,,,,2026-05-03,2026-05-03
"[09.08.24] [มิ้น] อยากมีคาปิบาร่าเป็นของตัวเอง (คาปิบาร่า_box set)",120214628201150260,2026-05-03,inactive,ad,,,,,0,,0,0,,,,,,,,,2026-05-03,2026-05-03
"[01.03.26][มิ้น] รี stock เล่มลายเซ็นหมอทานตะวัน (สัมภาษณ์หมอ) (Trap)",120247171600720260,2026-05-03,not_delivering,ad,การสนทนาผ่านการส่งข้อความที่เริ่มขึ้น,,,,0,,0,0,,,,,,,,,2026-05-03,2026-05-03
"[17.02.26][มิ้น] 20 เล่มลายเซ็น (Trap)",120247120106440260,2026-05-03,not_delivering,ad,,,,,0,,0,0,,,,,,,,,2026-05-03,2026-05-03
"[17.02.26][มิ้น] 20 เล่มลายเซ็น (Trap)",120245605398060260,2026-05-03,not_delivering,ad,,,,,0,,0,0,,,,,,,,,2026-05-03,2026-05-03
"[21.09.24] [มิ้น] คนเราแตกสลายได้กี่ครั้ง",120216015666700260,2026-05-03,inactive,ad,,,,,0,,0,0,,,,,,,,,2026-05-03,2026-05-03
"[04.02.26][มิ้น] มนุษย์ที่เป็นคนดี (สัมภาษณ์หมอ) (Trap)",120247044866530260,2026-05-03,not_delivering,ad,การสนทนาผ่านการส่งข้อความที่เริ่มขึ้น,,,,0,,0,0,,,,,,,,,2026-05-03,2026-05-03
"[08.04.26][มิ้น] ยังคงชอบประโยคที่ว่า (Kiwtum)",120246834961470260,2026-05-03,inactive,ad,,,,,0,,0,0,,,,,,,,,2026-05-03,2026-05-03
"[21.01.25] [มิ้น] สถานที่ที่ปลอดภัยที่สุด (Home)",120218669546800260,2026-05-03,not_delivering,ad,,,,,0,,0,0,,,,,,,,,2026-05-03,2026-05-03
"[11.02.25][มิ้น] สัมภาษณ์คุณปั๊ม คิ้วต่ำ (Kiwtum) คลิปสั้น",120221484529520260,2026-05-03,inactive,ad,,,,,0,,0,0,,,,,,,,,2026-05-03,2026-05-03
"[11.02.25][มิ้น] 5 ข้อคิด (Kiwtum)",120219599842230260,2026-05-03,not_delivering,ad,,,,,0,,0,0,,,,,,,,,2026-05-03,2026-05-03
"[01.03.26][มิ้น] รี stock เล่มลายเซ็นหมอทานตะวัน (สัมภาษณ์หมอ) (Trap) (Cross Page)",120248070358820260,2026-05-03,not_delivering,ad,การสนทนาผ่านการส่งข้อความที่เริ่มขึ้น,3,78.65,,235.95,,2810,2432,,3,78.65,,8,1.74377224,83.96797153,0,2026-05-03,2026-05-03
"[16.01.25][VDO][มิ้น][Garden_เล่มเดี่ยว] ความรักกับดอกไม้",120218618288140260,2026-05-03,inactive,ad,,,,,0,,0,0,,,,,,,,,2026-05-03,2026-05-03
"[22.05.25][มิ้น] หนังสือใหม่ออกมาอีกละ!!! (Ghostly)",120229092082960260,2026-05-03,inactive,ad,,,,,0,,0,0,,,,,,,,,2026-05-03,2026-05-03
"[24.04.26][มิ้น] โดนนอกใจทำยังไงดี? (Trap)",120247710533900260,2026-05-03,not_delivering,ad,,,,,0,,0,0,,,,,,,,,2026-05-03,2026-05-03
"[27.04.26][มิ้น] Love-Hate Relationship (Remains)",120248233646280260,2026-05-03,active,ad,การเข้าถึง,5578,6.60810326,,36.86,,5655,5578,,,,,3,0.86648983,6.51812555,,2026-05-03,2026-05-03
"[22.05.25][มิ้น] 5 ข้อคิด (Ghostly)",120229087924620260,2026-05-03,inactive,ad,,,,,0,,0,0,,,,,,,,,2026-05-03,2026-05-03
"[07.03.25][มิ้น] ASMR Unboxing (Witches) - Copy",120222333463840260,2026-05-03,archived,ad,,,,,0,,0,0,,,,,,,,,2026-05-03,2026-05-03
"[09.07.25][มิ้น] รีวิวไม่อวย 8/10 (Ghostly)",120233369040150260,2026-05-03,inactive,ad,,,,,0,,0,0,,,,,,,,,2026-05-03,2026-05-03
"[30.04.26][มิ้น] อยู่คนเดียวเวลาไม่สบายใจ (Ghostly)",120248076117800260,2026-05-03,not_delivering,ad,การสนทนาผ่านการส่งข้อความที่เริ่มขึ้น,2,131.025,,262.05,,3741,2912,,2,131.025,,22,4.73135525,70.04811548,0,2026-05-03,2026-05-03
"[07.11.24] [มิ้น] Unbox หนังสือกว่าจะคิดได้ (Ghost)",120216873324890260,2026-05-03,inactive,ad,,,,,0,,0,0,,,,,,,,,2026-05-03,2026-05-03
"[13.12.24] [มิ้น] อยากให้ตัวเองในอนาคตได้อ่านประโยคนี้ (Ghost) (Reels)",120243383428580260,2026-05-03,not_delivering,ad,,,,,0,,0,0,,,,,,,,,2026-05-03,2026-05-03
"[22.01.26][มิ้น] 5 สิ่งที่ทำได้เลย (Trap)",120243468174510260,2026-05-03,not_delivering,ad,,,,,0,,0,0,,,,,,,,,2026-05-03,2026-05-03
"[02.04.26][มิ้น] อย่าปล่อยให้อีโก้ (Trap)",120246565640950260,2026-05-03,not_delivering,ad,การสนทนาผ่านการส่งข้อความที่เริ่มขึ้น,2,289.195,678,578.39,1.17221944,2959,1936,2,2,289.195,2,15,4.12301453,195.46806353,1,2026-05-03,2026-05-03
"[17.02.26][มิ้น] 20 เล่มลายเซ็น (Trap)",120245622374040260,2026-05-03,not_delivering,ad,การสนทนาผ่านการส่งข้อความที่เริ่มขึ้น,,,,0,,0,0,,,,,,,,,2026-05-03,2026-05-03
"[22.05.25][มิ้น] จะเป็นยังไง! เมื่อคนที่หมดแพชชัน  ต้องไปเป็นที่ปรึกษาให้เหล่าดวงวิญญาณ (Ghostly)",120229370176490260,2026-05-03,not_delivering,ad,,,,,0,,0,0,,,,,,,,,2026-05-03,2026-05-03
"[04.12.24] [มิ้น] 5 เทคนิคเก็บเงินง่ายๆ (Million)",120217557784920260,2026-05-03,inactive,ad,,,,,0,,0,0,,,,,,,,,2026-05-03,2026-05-03
"[04.10.24] [มิ้น] ถ้าวันนี้เป็นวันสุดท้าย คุณจะทำอะไร? (Ghost)",120216612069500260,2026-05-03,inactive,ad,,,,,0,,0,0,,,,,,,,,2026-05-03,2026-05-03
"[03.03.26][มิ้น] ไม่เคยร้องไห้กับหนังสือจนมาเจอ 2 เล่มนี้ (Ghostly) (Remains)",120245369153160260,2026-05-03,not_delivering,ad,,,,,0,,0,0,,,,,,,,,2026-05-03,2026-05-03
"[04.03.26][มิ้น] แม่อยากให้ลูกมั่นคง (Remains)",120245258500890260,2026-05-03,not_delivering,ad,,,,,0,,0,0,,,,,,,,,2026-05-03,2026-05-03
"[21.12.24] [มิ้น] สัมภาษณ์คุณคิดมาก (kidmakk)",120217962291630260,2026-05-03,not_delivering,ad,,,,,0,,0,0,,,,,,,,,2026-05-03,2026-05-03
"[24.04.25][มิ้น] PAYDAY APR 3 แถม 1 (Promotion_Payday)",120227044892800260,2026-05-03,inactive,ad,,,,,0,,0,0,,,,,,,,,2026-05-03,2026-05-03
"[28.03.25][มิ้น] Payday March 900 แลกซื้อ 1 บาท (Promotion_Payday)",120223075301560260,2026-05-03,not_delivering,ad,,,,,0,,0,0,,,,,,,,,2026-05-03,2026-05-03
"[26.08.24] [มิ้น] ทดแทนบุญคุณพ่อแม่ (คาปิบาร่า_box set)",120215031245940260,2026-05-03,inactive,ad,,,,,0,,0,0,,,,,,,,,2026-05-03,2026-05-03
"[21.09.24] [มิ้น] คนเราแตกสลายได้กี่ครั้ง",120216874479840260,2026-05-03,not_delivering,ad,,,,,0,,0,0,,,,,,,,,2026-05-03,2026-05-03
"[16.07.25][มิ้น] แด่ความโดดเดี่ยว (Ghostly)",120233369285300260,2026-05-03,inactive,ad,,,,,0,,0,0,,,,,,,,,2026-05-03,2026-05-03
"[29.01.26][มิ้น] Unboxing หนังสือเล่มแรกของปี 2026 (Trap)",120245621919540260,2026-05-03,not_delivering,ad,,,,,0,,0,0,,,,,,,,,2026-05-03,2026-05-03
"[06.02.25][มิ้น] ต้องเสียใจอีกกี่ครั้งถึงจะเจอความรักที่ดี (ปีศาจตัวนั้น)",120219540088750260,2026-05-03,inactive,ad,,,,,0,,0,0,,,,,,,,,2026-05-03,2026-05-03
"[19.11.24] [มิ้น] เพราะส่วนลึกที่สุดของทะเล (โอบกอด)",120217939182420260,2026-05-03,not_delivering,ad,,,,,0,,0,0,,,,,,,,,2026-05-03,2026-05-03
"[23.07.25][มิ้น] อ่านแล้วหายเหนื่อย (Tried)",120234442609650260,2026-05-03,not_delivering,ad,,,,,0,,0,0,,,,,,,,,2026-05-03,2026-05-03
"[05.09.25][มิ้น] อะไรเดิมๆ (Witches)",120236327563980260,2026-05-03,not_delivering,ad,,,,,0,,0,0,,,,,,,,,2026-05-03,2026-05-03
"[29.01.26][มิ้น] Unboxing หนังสือเล่มแรกของปี 2026 (Trap)",120245621970280260,2026-05-03,not_delivering,ad,,,,,0,,0,0,,,,,,,,,2026-05-03,2026-05-03
"[02.06.25][มิ้น] รีแอค ขมิ้น (Ghostly)",120232764653290260,2026-05-03,not_delivering,ad,,,,,0,,0,0,,,,,,,,,2026-05-03,2026-05-03
"[07.06.25][มิ้น] หนังสือใหม่กลิ่นหอมมาก (Ghostly)",120230117450910260,2026-05-03,inactive,ad,,,,,0,,0,0,,,,,,,,,2026-05-03,2026-05-03
"[02.09.24] [มิ้น] 5 ข้อคิดลบกับตัวเอง (Helmet_Boxset)",120216013707530260,2026-05-03,inactive,ad,,,,,0,,0,0,,,,,,,,,2026-05-03,2026-05-03
"[12.02.26][มิ้น] 5/5 ยกให้เป็นหนังสือ (Tried)",120244293606540260,2026-05-03,not_delivering,ad,,,,,0,,0,0,,,,,,,,,2026-05-03,2026-05-03
"[17.02.26][มิ้น] 20 เล่มลายเซ็น (Trap)",120245979086530260,2026-05-03,not_delivering,ad,,,,,0,,0,0,,,,,,,,,2026-05-03,2026-05-03
"[21.03.25][มิ้น] สัมภาษณ์คุณบุ๋ม (Gift)",120222457757250260,2026-05-03,inactive,ad,,,,,0,,0,0,,,,,,,,,2026-05-03,2026-05-03
"[09.08.24] [มิ้น] ส่งโปสการ์ดให้แม่กัน",120214628168900260,2026-05-03,inactive,ad,,,,,0,,0,0,,,,,,,,,2026-05-03,2026-05-03
"[17.02.26][มิ้น] 20 เล่มลายเซ็น (Trap)",120245730357770260,2026-05-03,not_delivering,ad,,,,,0,,0,0,,,,,,,,,2026-05-03,2026-05-03
"[12.07.24] [มิ้น] เกินไปป่ะ (คาปิบาร่า_box set)",120214964489200260,2026-05-03,not_delivering,ad,,,,,0,,0,0,,,,,,,,,2026-05-03,2026-05-03
"[02.04.25][มิ้น] สัมภาษณ์คุณเมงานหนังสือ (Witches)",120223945790720260,2026-05-03,inactive,ad,,,,,0,,0,0,,,,,,,,,2026-05-03,2026-05-03
"[03.07.25][มิ้น] 7.7 ซื้อ 2 แถม Me Time (Promotion_DD)",120232210145690260,2026-05-03,inactive,ad,,,,,0,,0,0,,,,,,,,,2026-05-03,2026-05-03
"[06.12.24] [มิ้น] สวัสดีธันวาคมเดือนสิบสอง (เซตสวน)",120217605940660260,2026-05-03,not_delivering,ad,,,,,0,,0,0,,,,,,,,,2026-05-03,2026-05-03
"[23.10.24] [มิ้น] โดนตกจากประโยคหลังปก (Life)",120216500007080260,2026-05-03,not_delivering,ad,,,,,0,,0,0,,,,,,,,,2026-05-03,2026-05-03
"[17.02.26][มิ้น] 20 เล่มลายเซ็น (Trap)",120245622434650260,2026-05-03,not_delivering,ad,,,,,0,,0,0,,,,,,,,,2026-05-03,2026-05-03
"[27.05.25][มิ้น] สัมภาษณ์คุณหมึกซึม (Ghostly)",120229557729660260,2026-05-03,inactive,ad,,,,,0,,0,0,,,,,,,,,2026-05-03,2026-05-03
"[15.10.24] [มิ้น] จุดเปลี่ยนของชีวิต (Life)",120216630691180260,2026-05-03,not_delivering,ad,,,,,0,,0,0,,,,,,,,,2026-05-03,2026-05-03
"[15.10.24] [มิ้น] จุดเปลี่ยนของชีวิต (Life)",120216350337760260,2026-05-03,not_delivering,ad,,,,,0,,0,0,,,,,,,,,2026-05-03,2026-05-03
"[17.02.26][มิ้น] 20 เล่มลายเซ็น (Trap)",120244443052700260,2026-05-03,not_delivering,ad,การสนทนาผ่านการส่งข้อความที่เริ่มขึ้น,,,,0,,0,0,,,,,,,,,2026-05-03,2026-05-03
"[23.10.24] [มิ้น] โดนตกจากประโยคหลังปก (Life)",120216596523770260,2026-05-03,not_delivering,ad,,,,,0,,0,0,,,,,,,,,2026-05-03,2026-05-03
"[04.02.26][มิ้น] มนุษย์ที่เป็นคนดี (สัมภาษณ์หมอ) (Trap)",120246834940720260,2026-05-03,not_delivering,ad,การสนทนาผ่านการส่งข้อความที่เริ่มขึ้น,,,,0,,0,0,,,,,,,,,2026-05-03,2026-05-03
"[12.02.26][มิ้น] ความผิดหวัง (Witches)",120244476434680260,2026-05-03,not_delivering,ad,,,,,0,,0,0,,,,,,,,,2026-05-03,2026-05-03
"[16.10.25][มิ้น] ให้เปิดเล่มนี้เตือนสติ (Remains)",120240664237160260,2026-05-03,inactive,ad,,,,,0,,0,0,,,,,,,,,2026-05-03,2026-05-03
"[10.12.24] [มิ้น] 12.12 แจกสุขส่งท้ายปี",120217673454640260,2026-05-03,not_delivering,ad,,,,,0,,0,0,,,,,,,,,2026-05-03,2026-05-03
"[17.02.26][มิ้น] 20 เล่มลายเซ็น (Trap)",120247192554200260,2026-05-03,not_delivering,ad,,,,,0,,0,0,,,,,,,,,2026-05-03,2026-05-03
"[03.09.25][มิ้น] เล่มใหม่ให้ 1000/100 (Demons)",120236022483610260,2026-05-03,not_delivering,ad,,,,,0,,0,0,,,,,,,,,2026-05-03,2026-05-03
"[04.02.25][มิ้น] ประโยคหลังปก (Home)",120232810653380260,2026-05-03,inactive,ad,,,,,0,,0,0,,,,,,,,,2026-05-03,2026-05-03
"[18.09.25][มิ้น] Unbox The Witches (Witches)",120237709523160260,2026-05-03,not_delivering,ad,,,,,0,,0,0,,,,,,,,,2026-05-03,2026-05-03
"[02.04.26][มิ้น] อย่าปล่อยให้อีโก้ (Trap)",120247605466000260,2026-05-03,not_delivering,ad,การสนทนาผ่านการส่งข้อความที่เริ่มขึ้น,,,,0,,0,0,,,,,,,,,2026-05-03,2026-05-03
"[22.08.25][มิ้น] 3 เหตุผล ที่ต้องอ่าน (Ghostly)",120235434071540260,2026-05-03,archived,ad,,,,,0,,0,0,,,,,,,,,2026-05-03,2026-05-03
"[03.09.25][มิ้น] อยากให้ทุกคนอ่าน (Ghostly)",120241914456070260,2026-05-03,not_delivering,ad,,,,,0,,0,0,,,,,,,,,2026-05-03,2026-05-03
"[04.02.26][มิ้น] มนุษย์ที่เป็นคนดี (สัมภาษณ์หมอ) (Trap)",120244058019310260,2026-05-03,not_delivering,ad,,,,,0,,0,0,,,,,,,,,2026-05-03,2026-05-03
"[21.09.24] [มิ้น] คนเราแตกสลายได้กี่ครั้ง",120215723279190260,2026-05-03,inactive,ad,,,,,0,,0,0,,,,,,,,,2026-05-03,2026-05-03
"[27.04.26][มิ้น] มองตัวเองในแง่ลบจะเป็นเหมือนก้อนทุกข์ (Trap)",120247924510040260,2026-05-03,not_delivering,ad,,,,,0,,0,0,,,,,,,,,2026-05-03,2026-05-03
"[15.10.24] [มิ้น] จุดเปลี่ยนของชีวิต (Life)",120216676879450260,2026-05-03,not_delivering,ad,,,,,0,,0,0,,,,,,,,,2026-05-03,2026-05-03
"[29.03.26][มิ้น] กับดักความรู้ผิดของ LGBTQ+ (Trap)",120246309462810260,2026-05-03,not_delivering,ad,,,,,0,,0,0,,,,,,,,,2026-05-03,2026-05-03
"[03.09.25][มิ้น] Unboxing New Books (Demons)",120236022760080260,2026-05-03,not_delivering,ad,,,,,0,,0,0,,,,,,,,,2026-05-03,2026-05-03
"[19.06.25][มิ้น] หลายคนมักกลัวการเปลี่ยนแปลง (Witches)",120231486000000260,2026-05-03,inactive,ad,,,,,0,,0,0,,,,,,,,,2026-05-03,2026-05-03
"[25.09.25][มิ้น] ป้ายยาหนังสือ (Ghostly)",120237506948260260,2026-05-03,inactive,ad,,,,,0,,0,0,,,,,,,,,2026-05-03,2026-05-03
"[04.09.25][มิ้น] เจ็บทุกดอกบอกเพื่อนกัน (ปีศาจตัวนั้น)",120236239272580260,2026-05-03,not_delivering,ad,,,,,0,,0,0,,,,,,,,,2026-05-03,2026-05-03
"[11.02.25][มิ้น] 5 ข้อคิด (Kiwtum)",120219598935860260,2026-05-03,inactive,ad,,,,,0,,0,0,,,,,,,,,2026-05-03,2026-05-03
"[03.12.25][มิ้น] น้ำตาซึมไปหลายวัน (Remains)",120244180969930260,2026-05-03,not_delivering,ad,,,,,0,,0,0,,,,,,,,,2026-05-03,2026-05-03
"[03.09.25][มิ้น] Unboxing New Books (Demons)",120236626882030260,2026-05-03,not_delivering,ad,,,,,0,,0,0,,,,,,,,,2026-05-03,2026-05-03
"[08.07.25][มิ้น] 5 ข้อห้ามอย่าคิดลบกับตัวเอง (Ghost)",120232414840600260,2026-05-03,not_delivering,ad,,,,,0,,0,0,,,,,,,,,2026-05-03,2026-05-03
"[23.10.24] [มิ้น] โดนตกจากประโยคหลังปก (Life)",120216676879460260,2026-05-03,not_delivering,ad,,,,,0,,0,0,,,,,,,,,2026-05-03,2026-05-03
"[04.02.26][มิ้น] มนุษย์ที่เป็นคนดี (สัมภาษณ์หมอ) (Trap)",120245036608540260,2026-05-03,not_delivering,ad,,,,,0,,0,0,,,,,,,,,2026-05-03,2026-05-03
"[06.12.24] [มิ้น] เก็บเงินง่าย ๆ ด้วยกฎ 50 30 20 (Million)",120217605839270260,2026-05-03,inactive,ad,,,,,0,,0,0,,,,,,,,,2026-05-03,2026-05-03
"[19.11.24] [มิ้น] เพราะส่วนลึกที่สุดของทะเล (โอบกอด)",120217165698480260,2026-05-03,not_delivering,ad,,,,,0,,0,0,,,,,,,,,2026-05-03,2026-05-03
"[22.05.25][มิ้น] หนังสือใหม่ออกมาอีกละ!!! (Ghostly)",120229512100050260,2026-05-03,inactive,ad,,,,,0,,0,0,,,,,,,,,2026-05-03,2026-05-03
"[06.10.25][มิ้น] อ่านเล่มนี้ถ้าคุณ… (ปีศาจตัวนั้น)",120238145996400260,2026-05-03,not_delivering,ad,,,,,0,,0,0,,,,,,,,,2026-05-03,2026-05-03
"[14.08.25][มิ้น] เที่ยวต่างประเทศครั้งแรก (Tried)",120234870549110260,2026-05-03,not_delivering,ad,,,,,0,,0,0,,,,,,,,,2026-05-03,2026-05-03
"[29.01.26][มิ้น] แนะนำหนังสือเล่มใหม่ ฟิล์ม (Trap)",120243699832230260,2026-05-03,not_delivering,ad,,,,,0,,0,0,,,,,,,,,2026-05-03,2026-05-03
"[13.11.24] [มิ้น] แยกย้ายไปเติบโต (โอบกอด)",120217502402930260,2026-05-03,not_delivering,ad,,,,,0,,0,0,,,,,,,,,2026-05-03,2026-05-03
"[29.10.25][มิ้น] 2 หนังสือเรียกน้ำตา (Remains)",120244260039170260,2026-05-03,not_delivering,ad,,,,,0,,0,0,,,,,,,,,2026-05-03,2026-05-03
"[04.02.26][มิ้น] มนุษย์ที่เป็นคนดี (สัมภาษณ์หมอ) (Trap)",120245621849400260,2026-05-03,not_delivering,ad,,,,,0,,0,0,,,,,,,,,2026-05-03,2026-05-03
"[11.02.25][มิ้น] ประโยคหลังปก (Kiwtum)",120219599908720260,2026-05-03,not_delivering,ad,,,,,0,,0,0,,,,,,,,,2026-05-03,2026-05-03
"[03.12.25][มิ้น] น้ำตาซึมไปหลายวัน (Remains)",120244008052700260,2026-05-03,not_delivering,ad,,,,,0,,0,0,,,,,,,,,2026-05-03,2026-05-03
"[26.11.25][มิ้น] ภาคต่อหนังสือฮีลใจ (Remains)",120241140284870260,2026-05-03,inactive,ad,,,,,0,,0,0,,,,,,,,,2026-05-03,2026-05-03
"[10.01.25] [มิ้น] Challenge เก็บเงิน 50:30:20 (Full) (Million) (Reels)",120243182422440260,2026-05-03,not_delivering,ad,,,,,0,,0,0,,,,,,,,,2026-05-03,2026-05-03
"[21.01.25] [มิ้น] 5 ข้อคิด (Home)",120218671484780260,2026-05-03,inactive,ad,,,,,0,,0,0,,,,,,,,,2026-05-03,2026-05-03
"[11.02.25][มิ้น] สัมภาษณ์คุณปั๊ม คิ้วต่ำ (Kiwtum)",120232770094470260,2026-05-03,not_delivering,ad,,,,,0,,0,0,,,,,,,,,2026-05-03,2026-05-03
"[02.11.24] [มิ้น] ความไม่สมบูรณ์แบบของเรา (โอบกอด)",120216782432490260,2026-05-03,not_delivering,ad,,,,,0,,0,0,,,,,,,,,2026-05-03,2026-05-03
"[29.01.26][มิ้น] Unboxing หนังสือเล่มแรกของปี 2026 (Trap)",120244313381260260,2026-05-03,inactive,ad,,,,,0,,0,0,,,,,,,,,2026-05-03,2026-05-03
"[24.06.25][มิ้น] สิ่งที่หนังสือเล่มนี้อยากมอบให้ (Ghostly)",120231576826410260,2026-05-03,not_delivering,ad,,,,,0,,0,0,,,,,,,,,2026-05-03,2026-05-03
"[06.12.24] [มิ้น] เก็บเงินง่าย ๆ ด้วยกฎ 50 30 20 (Million)",120217605812200260,2026-05-03,inactive,ad,,,,,0,,0,0,,,,,,,,,2026-05-03,2026-05-03
"[24.12.25][มิ้น] ดวงสมพงษ์กัน (Witches)",120243608441280260,2026-05-03,inactive,ad,,,,,0,,0,0,,,,,,,,,2026-05-03,2026-05-03
"[03.09.25][มิ้น] Unboxing New Books (Demons)",120236583513610260,2026-05-03,not_delivering,ad,,,,,0,,0,0,,,,,,,,,2026-05-03,2026-05-03
"[24.02.25][มิ้น] อบอุ่นใจทุกครั้งที่หยิบเล่มนี้ขึ้นมาอ่าน (Home)",120220871888830260,2026-05-03,inactive,ad,,,,,0,,0,0,,,,,,,,,2026-05-03,2026-05-03
"[22.10.25][มิ้น] หนังสือได้ออกทีวี (Demons)",120239836569620260,2026-05-03,not_delivering,ad,,,,,0,,0,0,,,,,,,,,2026-05-03,2026-05-03
"[06.11.25][มิ้น] เพราะพรุ่งนี้แกอาจ (Ghostly)",120239976717590260,2026-05-03,not_delivering,ad,,,,,0,,0,0,,,,,,,,,2026-05-03,2026-05-03
"[24.02.25][มิ้น] อบอุ่นใจทุกครั้งที่หยิบเล่มนี้ขึ้นมาอ่าน (Home)",120220871913480260,2026-05-03,inactive,ad,,,,,0,,0,0,,,,,,,,,2026-05-03,2026-05-03
"[03.09.25][มิ้น] Unboxing New Books (Demons)",120235869245990260,2026-05-03,not_delivering,ad,,,,,0,,0,0,,,,,,,,,2026-05-03,2026-05-03
"[22.10.25][มิ้น] ประโยคฮีลใจ (Tried)",120239102320650260,2026-05-03,not_delivering,ad,,,,,0,,0,0,,,,,,,,,2026-05-03,2026-05-03
"[06.12.24] [มิ้น] เก็บเงินง่าย ๆ ด้วยกฎ 50 30 20 (Million)",120217605829700260,2026-05-03,not_delivering,ad,,,,,0,,0,0,,,,,,,,,2026-05-03,2026-05-03
"[25.12.24] [มิ้น] unboxing new book (Kidmakk)",120219025611790260,2026-05-03,inactive,ad,,,,,0,,0,0,,,,,,,,,2026-05-03,2026-05-03
"[07.03.25][มิ้น] ASMR Unboxing (Witches)",120221597120630260,2026-05-03,inactive,ad,,,,,0,,0,0,,,,,,,,,2026-05-03,2026-05-03
"[30.01.26][มิ้น] โดนตกเพราะกล่อง (Witches)",120243741115130260,2026-05-03,inactive,ad,,,,,0,,0,0,,,,,,,,,2026-05-03,2026-05-03
"[07.03.25][มิ้น] สัมภาษณ์คุณเม เล่มใหม่ล่าสุด (Witches)",120222018612680260,2026-05-03,inactive,ad,,,,,0,,0,0,,,,,,,,,2026-05-03,2026-05-03
"[01.10.25][มิ้น] แปะพิกัด & หนังสือฮีลใจ (ปีศาจตัวนั้น)",120237853532310260,2026-05-03,not_delivering,ad,,,,,0,,0,0,,,,,,,,,2026-05-03,2026-05-03
"[11.10.25][มิ้น] ถ้าวันไหนไม่มีใครเข้าใจ (Tried)",120239442615640260,2026-05-03,not_delivering,ad,,,,,0,,0,0,,,,,,,,,2026-05-03,2026-05-03
"[25.04.26][มิ้น] คนที่ควรเปิดเล่มนี้อ่าน (Ghostly)",120247947345800260,2026-05-03,not_delivering,ad,"การซื้อบน Meta",,,,0,,0,0,,,,,,,,,2026-05-03,2026-05-03
"[21.01.25] [มิ้น] บทที่ 4 จดหมายจากพระจันทร์ (Home)",120218669503530260,2026-05-03,not_delivering,ad,,,,,0,,0,0,,,,,,,,,2026-05-03,2026-05-03
"[19.10.25][มิ้น] สัมภาษณ์ลูกค้า ปีศาจ 1,2 (ปีศาจตัวนั้น) (Demon)",120238953043910260,2026-05-03,not_delivering,ad,,,,,0,,0,0,,,,,,,,,2026-05-03,2026-05-03
"[04.06.25][มิ้น] 6.6 (Promotion_DD)",120229969349820260,2026-05-03,inactive,ad,,,,,0,,0,0,,,,,,,,,2026-05-03,2026-05-03
"[27.11.24] [มิ้น] 5 คำเตือนสุดท้ายของชีวิต (Ghost)",120222344164270260,2026-05-03,inactive,ad,,,,,0,,0,0,,,,,,,,,2026-05-03,2026-05-03
"[18.11.25][มิ้น] เจ้าเหมียวเก็บมาเลี้ยง (Ghostly)",120240804369170260,2026-05-03,inactive,ad,,,,,0,,0,0,,,,,,,,,2026-05-03,2026-05-03
"[11.02.25][มิ้น] สัมภาษณ์คุณปั๊ม คิ้วต่ำ (Kiwtum)",120219599378160260,2026-05-03,inactive,ad,,,,,0,,0,0,,,,,,,,,2026-05-03,2026-05-03
"[03.12.25][มิ้น] เล่มนี้ทำน้ำตาไหลหนักมาก (Ghostly)",120243038047380260,2026-05-03,inactive,ad,,,,,0,,0,0,,,,,,,,,2026-05-03,2026-05-03
"[24.03.25][มิ้น] 5 ข้อคิดที่ได้จากหนังสือ (Gift)",120222717810680260,2026-05-03,inactive,ad,,,,,0,,0,0,,,,,,,,,2026-05-03,2026-05-03
"[24.07.25][มิ้น] นี่ไม่ใช่แค่ไพ่ดูดวง (Witches)",120234208577770260,2026-05-03,inactive,ad,,,,,0,,0,0,,,,,,,,,2026-05-03,2026-05-03
"[19.12.24] [มิ้น] ขอบคุณชีวิตที่มีแมวเป็นเพื่อน (Life)",120217934449770260,2026-05-03,not_delivering,ad,,,,,0,,0,0,,,,,,,,,2026-05-03,2026-05-03
"[03.09.25][มิ้น] จากเล่ม 1 สู่เล่ม 2 (Demons)",120236029751700260,2026-05-03,not_delivering,ad,,,,,0,,0,0,,,,,,,,,2026-05-03,2026-05-03
"[05.08.24] [มิ้น] 8.8 บุฟเฟต์ ฮีลใจจัดให้",120214592652370260,2026-05-03,not_delivering,ad,,,,,0,,0,0,,,,,,,,,2026-05-03,2026-05-03
"[24.03.25][มิ้น] 5 ข้อคิดที่ได้จากหนังสือ (Gift)",120222717863220260,2026-05-03,inactive,ad,,,,,0,,0,0,,,,,,,,,2026-05-03,2026-05-03
"[29.09.25][มิ้น] ปีศาจใหม่มันกลับมาอีกแล้ว (Demons)",120238217979220260,2026-05-03,inactive,ad,,,,,0,,0,0,,,,,,,,,2026-05-03,2026-05-03
"[01.10.25][มิ้น] Unpack (Ghostly)",120238411215050260,2026-05-03,not_delivering,ad,,,,,0,,0,0,,,,,,,,,2026-05-03,2026-05-03
"[01.10.25][มิ้น] Unpack (Ghostly)",120238129893630260,2026-05-03,not_delivering,ad,,,,,0,,0,0,,,,,,,,,2026-05-03,2026-05-03
"[10.05.25][มิ้น] บทที่ 6 (Embrace)",120228491656490260,2026-05-03,inactive,ad,,,,,0,,0,0,,,,,,,,,2026-05-03,2026-05-03
"[18.11.25][มิ้น] อยู่คนเดียวเป็นเรื่องยาก ? (Ghostly)",120240739043250260,2026-05-03,inactive,ad,,,,,0,,0,0,,,,,,,,,2026-05-03,2026-05-03
"[17.09.25][มิ้น] การมีชีวิตที่โดดเดี่ยว (Ghostly)",120237558753270260,2026-05-03,inactive,ad,,,,,0,,0,0,,,,,,,,,2026-05-03,2026-05-03
"[13.05.25][มิ้น] ปีศาจที่ทำร้ายตัวเรา (ปีศาจตัวนั้น)",120234015174680260,2026-05-03,inactive,ad,,,,,0,,0,0,,,,,,,,,2026-05-03,2026-05-03
"[14.01.25] [มิ้น] หนังสือฮีลใจทุกแพ็กเหมาคู่ 660.- (Promotion_MidMonth)",120218558984030260,2026-05-03,not_delivering,ad,,,,,0,,0,0,,,,,,,,,2026-05-03,2026-05-03
"[06.09.25][มิ้น] แด่ทุกชีวิตที่กำลังต่อสู้ (Ghostly)",120236333213980260,2026-05-03,not_delivering,ad,,,,,0,,0,0,,,,,,,,,2026-05-03,2026-05-03
"[11.02.25][มิ้น] สัมภาษณ์คุณปั๊ม คิ้วต่ำ (Kiwtum)",120220997926720260,2026-05-03,inactive,ad,,,,,0,,0,0,,,,,,,,,2026-05-03,2026-05-03
"[03.09.25][มิ้น] Unboxing New Books (Demons)",120236022922800260,2026-05-03,inactive,ad,,,,,0,,0,0,,,,,,,,,2026-05-03,2026-05-03
"[12.12.24] [มิ้น] Pain Point คุณเคยคิดไหมว่าทำไมถึงล้มเหลวทางการเงิน (Million)",120217760514130260,2026-05-03,inactive,ad,,,,,0,,0,0,,,,,,,,,2026-05-03,2026-05-03
"[19.11.24] [มิ้น] เพราะส่วนลึกที่สุดของทะเล (โอบกอด)",120236629610840260,2026-05-03,not_delivering,ad,,,,,0,,0,0,,,,,,,,,2026-05-03,2026-05-03
"[07.08.25][มิ้น] ชอบประโยคไหน (Tried)",120234507579230260,2026-05-03,not_delivering,ad,,,,,0,,0,0,,,,,,,,,2026-05-03,2026-05-03
"[11.02.25][มิ้น] สัมภาษณ์คุณปั๊ม คิ้วต่ำ (Kiwtum)",120221372933950260,2026-05-03,not_delivering,ad,,,,,0,,0,0,,,,,,,,,2026-05-03,2026-05-03
"[01.10.25][มิ้น] แปะพิกัด & หนังสือฮีลใจ (ปีศาจตัวนั้น)",120238146280340260,2026-05-03,not_delivering,ad,,,,,0,,0,0,,,,,,,,,2026-05-03,2026-05-03
"[07.05.25][มิ้น] ชีวิตที่ดูแย่ (Witches)",120228325159220260,2026-05-03,inactive,ad,,,,,0,,0,0,,,,,,,,,2026-05-03,2026-05-03
"[26.08.24] [มิ้น] ไม่ชอบส่วนไหนในร่างกาย (Helmet_Boxset)",120215030933680260,2026-05-03,inactive,ad,,,,,0,,0,0,,,,,,,,,2026-05-03,2026-05-03
"[02.06.25][มิ้น] รีแอค ขมิ้น (Ghostly)",120239036662720260,2026-05-03,not_delivering,ad,,,,,0,,0,0,,,,,,,,,2026-05-03,2026-05-03
"[11.03.26][มิ้น] รีวิวอ่าน Ghostly Remains 50 หน้าแรก (Remains)",120245421936760260,2026-05-03,not_delivering,ad,,,,,0,,0,0,,,,,,,,,2026-05-03,2026-05-03
"[02.06.25][มิ้น] รีแอค ขมิ้น (Ghostly)",120229867666520260,2026-05-03,not_delivering,ad,,,,,0,,0,0,,,,,,,,,2026-05-03,2026-05-03
"[17.09.25][มิ้น] การมีชีวิตที่โดดเดี่ยว (Ghostly)",120237710057460260,2026-05-03,inactive,ad,,,,,0,,0,0,,,,,,,,,2026-05-03,2026-05-03
"[19.03.25][มิ้น] สัมภาษณ์คุณปั๊มลายเซ็น (Kiwtum)",120222378925860260,2026-05-03,inactive,ad,,,,,0,,0,0,,,,,,,,,2026-05-03,2026-05-03
"[04.10.24] [มิ้น] ถ้าวันนี้เป็นวันสุดท้าย คุณจะทำอะไร? (Ghost)",120216515612280260,2026-05-03,not_delivering,ad,,,,,0,,0,0,,,,,,,,,2026-05-03,2026-05-03
"[28.02.25][มิ้น] 3.3 ชีเสิร์ฟไม่พัก ซื้อ 3 แถม 1 (Promotion_DD)",120221370440030260,2026-05-03,not_delivering,ad,,,,,0,,0,0,,,,,,,,,2026-05-03,2026-05-03
"[26.04.25][มิ้น] ยอดขาย 10,000 เล่ม (Witches)",120226856518780260,2026-05-03,inactive,ad,,,,,0,,0,0,,,,,,,,,2026-05-03,2026-05-03
"[11.03.26][มิ้น] รี stock เล่มลายเซ็นนักเขียนเมไอ (Witches)",120245424043840260,2026-05-03,not_delivering,ad,,,,,0,,0,0,,,,,,,,,2026-05-03,2026-05-03
"[21.09.24] [มิ้น] คนเราแตกสลายได้กี่ครั้ง (Embrace)",120232810245600260,2026-05-03,not_delivering,ad,,,,,0,,0,0,,,,,,,,,2026-05-03,2026-05-03
"[04.02.26][มิ้น] มนุษย์ที่เป็นคนดี (สัมภาษณ์หมอ) (Trap)",120244081294570260,2026-05-03,not_delivering,ad,,,,,0,,0,0,,,,,,,,,2026-05-03,2026-05-03
"[03.09.25][มิ้น] เล่มใหม่ให้ 1000/100 (Demons)",120235858949870260,2026-05-03,not_delivering,ad,,,,,0,,0,0,,,,,,,,,2026-05-03,2026-05-03
"[08.07.25][มิ้น] หนังสือทะเล (Embrace)",120232414395620260,2026-05-03,inactive,ad,,,,,0,,0,0,,,,,,,,,2026-05-03,2026-05-03
"[11.06.25][มิ้น] หนังสือเวทมนตร์ AF (Witches)",120230530334800260,2026-05-03,inactive,ad,,,,,0,,0,0,,,,,,,,,2026-05-03,2026-05-03
"[03.12.25][มิ้น] น้ำตาซึมไปหลายวัน (Remains)",120241905903180260,2026-05-03,inactive,ad,,,,,0,,0,0,,,,,,,,,2026-05-03,2026-05-03
"[23.10.24] [มิ้น] โดนตกจากประโยคหลังปก (Life)",120216630822350260,2026-05-03,not_delivering,ad,,,,,0,,0,0,,,,,,,,,2026-05-03,2026-05-03
"[28.11.24] [มิ้น] ความสมบูรณ์แบบ (ที่ไม่มีอยู่จริง) (คาปิบาร่า_Boxset)",120217381039620260,2026-05-03,not_delivering,ad,,,,,0,,0,0,,,,,,,,,2026-05-03,2026-05-03
"[22.05.25][มิ้น] 5 ข้อคิด (Ghostly)",120229082327440260,2026-05-03,inactive,ad,,,,,0,,0,0,,,,,,,,,2026-05-03,2026-05-03
"[28.05.25][มิ้น][Cross Page] จะเป็นยังไง! เมื่อคนที่หมดแพชชัน ต้องไปเป็นที่ปรึกษาให้เหล่าดวงวิญญาณ (Ghostly)",120229602382460260,2026-05-03,not_delivering,ad,,,,,0,,0,0,,,,,,,,,2026-05-03,2026-05-03
"[25.07.25][มิ้น] ข้อความแรกของวัน (Kiwtum)",120233512631710260,2026-05-03,inactive,ad,,,,,0,,0,0,,,,,,,,,2026-05-03,2026-05-03
"[04.12.24] [มิ้น] 5 เทคนิคเก็บเงินง่ายๆ (Million)",120217524683550260,2026-05-03,not_delivering,ad,,,,,0,,0,0,,,,,,,,,2026-05-03,2026-05-03
"[19.03.25][มิ้น] สัมภาษณ์คุณปั๊มลายเซ็น (Kiwtum)",120222379819390260,2026-05-03,not_delivering,ad,,,,,0,,0,0,,,,,,,,,2026-05-03,2026-05-03
"[22.10.25][มิ้น] ประโยคฮีลใจ (Tried)",120239101580120260,2026-05-03,inactive,ad,,,,,0,,0,0,,,,,,,,,2026-05-03,2026-05-03
"[22.10.25][มิ้น] เพราะในทุกความเกลียด (Remains) (Reels)",120243030760370260,2026-05-03,not_delivering,ad,,,,,0,,0,0,,,,,,,,,2026-05-03,2026-05-03
"[11.02.25][มิ้น] 5 ข้อคิด (Kiwtum)",120220255029110260,2026-05-03,not_delivering,ad,,,,,0,,0,0,,,,,,,,,2026-05-03,2026-05-03
"[16.01.25] [มิ้น] รวม 5 ข้อที่ First Jobber มักพลาด (ภาษี) (Million)",120218741503680260,2026-05-03,not_delivering,ad,,,,,0,,0,0,,,,,,,,,2026-05-03,2026-05-03
"[10.05.25][มิ้น] 2 เล่มขายดี จาก May-I (Promotion_Pack)",120228491430410260,2026-05-03,inactive,ad,,,,,0,,0,0,,,,,,,,,2026-05-03,2026-05-03
"[18.11.25][มิ้น] อยู่คนเดียวเป็นเรื่องยาก ? (Ghostly)",120240804520150260,2026-05-03,not_delivering,ad,,,,,0,,0,0,,,,,,,,,2026-05-03,2026-05-03
"[03.09.25][มิ้น] อยากให้ทุกคนอ่าน (Ghostly) - Copy",120240491331670260,2026-05-03,not_delivering,ad,,,,,0,,0,0,,,,,,,,,2026-05-03,2026-05-03
"[17.03.25][มิ้น] ไม่เป็นไร คือคำปลอบใจที่ดีที่สุด (Home)",120222281102830260,2026-05-03,inactive,ad,,,,,0,,0,0,,,,,,,,,2026-05-03,2026-05-03
"[14.08.25][มิ้น] แด่คนที่แคร์ทุกคน (Witches)",120234870159660260,2026-05-03,not_delivering,ad,,,,,0,,0,0,,,,,,,,,2026-05-03,2026-05-03
"[06.10.25][มิ้น] อ่านเล่มนี้ถ้าคุณ… (ปีศาจตัวนั้น)",120238524286560260,2026-05-03,archived,ad,,,,,0,,0,0,,,,,,,,,2026-05-03,2026-05-03
"[05.03.26][มิ้น] เพราะพรุ่งนี้ที่รออาจจะมาไม่ถึง (Kiwtum)",120247721024160260,2026-05-03,not_delivering,ad,"การซื้อบน Meta",2,80.02,818,160.04,5.11122219,1359,1211,2,,,2,3,8.38852097,117.76306107,,2026-05-03,2026-05-03
"[24.03.25][มิ้น] 5 ข้อคิดที่ได้จากหนังสือ (Gift)",120222717893170260,2026-05-03,inactive,ad,,,,,0,,0,0,,,,,,,,,2026-05-03,2026-05-03
"[20.01.25][Garden_Boxset][มิ้น][VDO] 5 ประโยคปลดล็อค",120220348271330260,2026-05-03,inactive,ad,,,,,0,,0,0,,,,,,,,,2026-05-03,2026-05-03
"[21.04.25][มิ้น] เงินมาจากไหน? (Million)",120226407731760260,2026-05-03,inactive,ad,,,,,0,,0,0,,,,,,,,,2026-05-03,2026-05-03
"[23.10.24] [มิ้น] โดนตกจากประโยคหลังปก (Life)",120216630691170260,2026-05-03,not_delivering,ad,,,,,0,,0,0,,,,,,,,,2026-05-03,2026-05-03
"[29.10.25][มิ้น] 2 หนังสือเรียกน้ำตา (Remains)",120240911083260260,2026-05-03,archived,ad,,,,,0,,0,0,,,,,,,,,2026-05-03,2026-05-03
"[28.08.24] [มิ้น] ประโยคดี ๆ ที่ควรอ่าน (ปีศาจ)",120215085473820260,2026-05-03,inactive,ad,,,,,0,,0,0,,,,,,,,,2026-05-03,2026-05-03
"[13.11.25][มิ้น] โคตรจะชอบประโยคนี้เลย (Demons) (Reels)",120243183254380260,2026-05-03,not_delivering,ad,,,,,0,,0,0,,,,,,,,,2026-05-03,2026-05-03
"[28.06.25][มิ้น] ชอบประโยคไหนในหนังสือ 2 (Witches)",120231826268920260,2026-05-03,inactive,ad,,,,,0,,0,0,,,,,,,,,2026-05-03,2026-05-03
"[15.10.24] [มิ้น] จุดเปลี่ยนของชีวิต (Life)",120216380479460260,2026-05-03,not_delivering,ad,,,,,0,,0,0,,,,,,,,,2026-05-03,2026-05-03
"[05.04.26][มิ้น] ก่อนที่คนเราจะตาย (Ghostly)",120246688339870260,2026-05-03,inactive,ad,,,,,0,,0,0,,,,,,,,,2026-05-03,2026-05-03
"[01.10.25][มิ้น] ประโยคที่ชอบจากหนังสือ (ปีศาจตัวนั้น)",120238524070890260,2026-05-03,not_delivering,ad,,,,,0,,0,0,,,,,,,,,2026-05-03,2026-05-03
"[12.11.25][มิ้น] เริ่มต้นปีใหม่ (ปีศาจตัวนั้น)",120240372637970260,2026-05-03,inactive,ad,,,,,0,,0,0,,,,,,,,,2026-05-03,2026-05-03
"[13.08.25][มิ้น] ประโยคที่อ่านแล้วน้ำตาซึม (ปีศาจตัวนั้น)",120234820837200260,2026-05-03,inactive,ad,,,,,0,,0,0,,,,,,,,,2026-05-03,2026-05-03
"[09.04.25][มิ้น] เมษายน เดือนแห่งความทรงจำ (Gift)",120225061936390260,2026-05-03,inactive,ad,,,,,0,,0,0,,,,,,,,,2026-05-03,2026-05-03
"[24.06.25][มิ้น] หนังสือฮีลใจเหมือนเพื่อนสนิท (Witches)",120231574857240260,2026-05-03,inactive,ad,,,,,0,,0,0,,,,,,,,,2026-05-03,2026-05-03
"[22.02.25][มิ้น] PAYDAY ลดครั้งใหญ่จักรวาลฮีลใจ (Promotion_Payday)",120220637832370260,2026-05-03,archived,ad,,,,,0,,0,0,,,,,,,,,2026-05-03,2026-05-03
"[11.02.25][มิ้น] Unboxing new book (Kiwtum)",120219598935830260,2026-05-03,inactive,ad,,,,,0,,0,0,,,,,,,,,2026-05-03,2026-05-03
"[07.10.25][มิ้น] ชอบคนใจดี (Ghostly)",120238261632560260,2026-05-03,not_delivering,ad,,,,,0,,0,0,,,,,,,,,2026-05-03,2026-05-03
"[20.01.25][Garden_Boxset][มิ้น][VDO] 5 ประโยคปลดล็อค",120220348271280260,2026-05-03,archived,ad,,,,,0,,0,0,,,,,,,,,2026-05-03,2026-05-03
"[11.02.25][มิ้น] สัมภาษณ์คุณปั๊ม คิ้วต่ำ (Kiwtum)",120219600040510260,2026-05-03,inactive,ad,,,,,0,,0,0,,,,,,,,,2026-05-03,2026-05-03
"[07.03.25][มิ้น] สัมภาษณ์คุณเม เล่มใหม่ล่าสุด (Witches)",120222333547900260,2026-05-03,not_delivering,ad,,,,,0,,0,0,,,,,,,,,2026-05-03,2026-05-03
"[07.03.25][มิ้น] ASMR Unboxing (Witches)",120221516160120260,2026-05-03,inactive,ad,,,,,0,,0,0,,,,,,,,,2026-05-03,2026-05-03
"[19.03.25][มิ้น] สัมภาษณ์คุณปั๊มลายเซ็น (Kiwtum)",120222379922770260,2026-05-03,inactive,ad,,,,,0,,0,0,,,,,,,,,2026-05-03,2026-05-03
"[21.03.25][มิ้น] สัมภาษณ์คุณบุ๋ม (Gift)",120222449447470260,2026-05-03,inactive,ad,,,,,0,,0,0,,,,,,,,,2026-05-03,2026-05-03
"[14.05.25][มิ้น] ผู้คนเกลียดชังความเศร้า (Embrace)",120228625505730260,2026-05-03,inactive,ad,,,,,0,,0,0,,,,,,,,,2026-05-03,2026-05-03
"[01.07.25][มิ้น] สิ่งที่หนังสือเล่มนี้อยากพูดถึง (Ghostly)",120232038080720260,2026-05-03,not_delivering,ad,,,,,0,,0,0,,,,,,,,,2026-05-03,2026-05-03
"[14.05.25][มิ้น] 5 ประโยคเติมไฟให้ชีวิต (Witches)",120228641692950260,2026-05-03,inactive,ad,,,,,0,,0,0,,,,,,,,,2026-05-03,2026-05-03
"[07.03.25][มิ้น] ASMR Unboxing (Witches)",120221597230060260,2026-05-03,inactive,ad,,,,,0,,0,0,,,,,,,,,2026-05-03,2026-05-03
"[21.04.25][มิ้น] หนังสือเล่มนี้บอกเอาไว้ว่า (Gift)",120226408215550260,2026-05-03,not_delivering,ad,,,,,0,,0,0,,,,,,,,,2026-05-03,2026-05-03
"[20.01.25][Garden_Boxset][มิ้น][VDO] 5 ประโยคปลดล็อค",120219755274100260,2026-05-03,archived,ad,,,,,0,,0,0,,,,,,,,,2026-05-03,2026-05-03
"[11.02.25][มิ้น] ประโยคหลังปก (Kiwtum)",120220995231580260,2026-05-03,inactive,ad,,,,,0,,0,0,,,,,,,,,2026-05-03,2026-05-03
"[13.05.25][มิ้น] ปีศาจที่ทำร้ายตัวเรา (ปีศาจตัวนั้น)",120228623738060260,2026-05-03,not_delivering,ad,,,,,0,,0,0,,,,,,,,,2026-05-03,2026-05-03
"[24.09.25][มิ้น] รู้ว่า Toxic ทำไมไม่ออกมา (ปีศาจตัวนั้น)",120237441377390260,2026-05-03,not_delivering,ad,,,,,0,,0,0,,,,,,,,,2026-05-03,2026-05-03
"[27.11.24] [มิ้น] 5 คำเตือนสุดท้ายของชีวิต (Ghost)",120217392489500260,2026-05-03,not_delivering,ad,,,,,0,,0,0,,,,,,,,,2026-05-03,2026-05-03
"[11.02.25][มิ้น] สัมภาษณ์คุณปั๊ม คิ้วต่ำ (Kiwtum)",120219833068490260,2026-05-03,not_delivering,ad,,,,,0,,0,0,,,,,,,,,2026-05-03,2026-05-03
"[11.02.25][มิ้น] 5 ข้อคิด (Kiwtum)",120219599908700260,2026-05-03,not_delivering,ad,,,,,0,,0,0,,,,,,,,,2026-05-03,2026-05-03
"[25.12.24] [มิ้น] unboxing new book (Kidmakk)",120218127336220260,2026-05-03,inactive,ad,,,,,0,,0,0,,,,,,,,,2026-05-03,2026-05-03
"[28.02.25][มิ้น] 3.3 ชีเสิร์ฟไม่พัก ซื้อ 3 แถม 1 (Promotion_DD)",120221370329240260,2026-05-03,archived,ad,,,,,0,,0,0,,,,,,,,,2026-05-03,2026-05-03
"[07.03.25][มิ้น] ASMR Unboxing (Witches)",120221597207520260,2026-05-03,inactive,ad,,,,,0,,0,0,,,,,,,,,2026-05-03,2026-05-03
"[24.02.25][มิ้น] บทที่ 1 ที่คิ้วต่ำอยากแนะนำ (Kiwtum)",120220866997870260,2026-05-03,inactive,ad,,,,,0,,0,0,,,,,,,,,2026-05-03,2026-05-03
"[07.01.25] [มิ้น] ปีใหม่นี้ หนังสือเล่มนี้อยากบอกคุณว่า… (Embrace)",120218567887230260,2026-05-03,inactive,ad,,,,,0,,0,0,,,,,,,,,2026-05-03,2026-05-03
"[21.12.24] [มิ้น] สัมภาษณ์คุณคิดมาก (kidmakk)",120217962416540260,2026-05-03,inactive,ad,,,,,0,,0,0,,,,,,,,,2026-05-03,2026-05-03
"[11.02.25][มิ้น] Unboxing new book (Kiwtum)",120220992197250260,2026-05-03,inactive,ad,,,,,0,,0,0,,,,,,,,,2026-05-03,2026-05-03
"[22.05.25][มิ้น] หนังสือใหม่ออกมาอีกละ!!! (Ghostly)",120229091502580260,2026-05-03,inactive,ad,,,,,0,,0,0,,,,,,,,,2026-05-03,2026-05-03
"[17.03.25][มิ้น] การ์ดอยากบอกอะไรคุณ (Witches)",120226205495190260,2026-05-03,inactive,ad,,,,,0,,0,0,,,,,,,,,2026-05-03,2026-05-03
"[21.01.25] [มิ้น] Unboxing หนังสือฮีลใจเล่มใหม่ 2025 (Home)",120218671484760260,2026-05-03,not_delivering,ad,,,,,0,,0,0,,,,,,,,,2026-05-03,2026-05-03
"[07.03.25][มิ้น] สัมภาษณ์คุณเม เล่มใหม่ล่าสุด (Witches)",120221515241920260,2026-05-03,inactive,ad,,,,,0,,0,0,,,,,,,,,2026-05-03,2026-05-03
"[21.03.25][มิ้น] สัมภาษณ์คุณบุ๋ม (Gift)",120222458416000260,2026-05-03,inactive,ad,,,,,0,,0,0,,,,,,,,,2026-05-03,2026-05-03
"[30.04.25][มิ้น] ใครที่ยัง Move On ไม่ได้ (ปีศาจตัวนั้นคือฉันเอง)",120227310642770260,2026-05-03,not_delivering,ad,,,,,0,,0,0,,,,,,,,,2026-05-03,2026-05-03
"[11.02.25][มิ้น] Unboxing new book (Kiwtum)",120219733071990260,2026-05-03,inactive,ad,,,,,0,,0,0,,,,,,,,,2026-05-03,2026-05-03
"[03.09.25][มิ้น] Unboxing New Books (Demons)",120235860525400260,2026-05-03,archived,ad,,,,,0,,0,0,,,,,,,,,2026-05-03,2026-05-03
"[06.09.25][มิ้น] แด่ทุกชีวิตที่กำลังต่อสู้ (Ghostly)",120236606361000260,2026-05-03,inactive,ad,,,,,0,,0,0,,,,,,,,,2026-05-03,2026-05-03
"[02.06.25][มิ้น] แนะนำหนังสือที่อยากให้อ่านสักครั้ง (ปีศาจตัวนั้น)",120229839125370260,2026-05-03,inactive,ad,,,,,0,,0,0,,,,,,,,,2026-05-03,2026-05-03
"[25.03.25][มิ้น] 5 ข้อคิด (Witches)",120222719155900260,2026-05-03,inactive,ad,,,,,0,,0,0,,,,,,,,,2026-05-03,2026-05-03
"[11.06.25][มิ้น] ชอบประโยคไหนในหนังสือ (Witches)",120230543963550260,2026-05-03,inactive,ad,,,,,0,,0,0,,,,,,,,,2026-05-03,2026-05-03
"[22.09.25][มิ้น] เล่มใหม่ 1000/100 (Remains)",120237922435310260,2026-05-03,inactive,ad,,,,,0,,0,0,,,,,,,,,2026-05-03,2026-05-03
"[04.06.25][มิ้น] รีวิวหนังสือเล่มดัง (ปีศาจตัวนั้น)",120229984504930260,2026-05-03,inactive,ad,,,,,0,,0,0,,,,,,,,,2026-05-03,2026-05-03
"[19.10.25][มิ้น] คำพูดคนที่รักเจ็บที่สุด (Demons)",120239588981800260,2026-05-03,not_delivering,ad,,,,,0,,0,0,,,,,,,,,2026-05-03,2026-05-03
"[04.06.25][มิ้น] รีวิวหนังสือเล่มดัง (ปีศาจตัวนั้น)",120230745176190260,2026-05-03,not_delivering,ad,,,,,0,,0,0,,,,,,,,,2026-05-03,2026-05-03
"[07.06.25][มิ้น][Cross Page] หนังสือใหม่ออกมาอีกละ!!! (Ghostly)",120230113498790260,2026-05-03,inactive,ad,,,,,0,,0,0,,,,,,,,,2026-05-03,2026-05-03
"[16.07.25][มิ้น] แด่ความโดดเดี่ยว (Ghostly)",120235300316590260,2026-05-03,archived,ad,,,,,0,,0,0,,,,,,,,,2026-05-03,2026-05-03
"[11.06.25][มิ้น] ชอบประโยคไหนในหนังสือ (Witches)",120230768619790260,2026-05-03,inactive,ad,,,,,0,,0,0,,,,,,,,,2026-05-03,2026-05-03
"[18.04.25][มิ้น] ก่อนนอน อยากให้คุณได้อ่าน (Kiwtum)",120227045599500260,2026-05-03,inactive,ad,,,,,0,,0,0,,,,,,,,,2026-05-03,2026-05-03
"[08.09.25][มิ้น] 5 ข้อคิดจากหนังสือ (Demons)",120236525260590260,2026-05-03,not_delivering,ad,,,,,0,,0,0,,,,,,,,,2026-05-03,2026-05-03
"[25.10.25][มิ้น] ป้ายยา 2 หนังสือ (Remains)",120239272581820260,2026-05-03,inactive,ad,,,,,0,,0,0,,,,,,,,,2026-05-03,2026-05-03
"[02.06.25][มิ้น] รีแอค ขมิ้น (Ghostly)",120232623740930260,2026-05-03,not_delivering,ad,,,,,0,,0,0,,,,,,,,,2026-05-03,2026-05-03
"[22.05.25][มิ้น] จะเป็นยังไง! เมื่อคนที่หมดแพชชัน  ต้องไปเป็นที่ปรึกษาให้เหล่าดวงวิญญาณ (Ghostly)",120229087528160260,2026-05-03,inactive,ad,,,,,0,,0,0,,,,,,,,,2026-05-03,2026-05-03
"[25.03.35][มิ้น] ประโยคหลังปก (Gift)",120222719726090260,2026-05-03,inactive,ad,,,,,0,,0,0,,,,,,,,,2026-05-03,2026-05-03
"[14.07.25][มิ้น] คำคมคาปิบาร่า (Capybara)",120232767174380260,2026-05-03,inactive,ad,,,,,0,,0,0,,,,,,,,,2026-05-03,2026-05-03
"[03.09.25][มิ้น] หนังเล่มใหม่ที่อานแล้วน้ำตาซึม (Demons)",120235859067900260,2026-05-03,inactive,ad,,,,,0,,0,0,,,,,,,,,2026-05-03,2026-05-03
"[21.05.25][มิ้น] หนังสือที่ว่าฮีลใจแล้ว… (Witches)",120229039443070260,2026-05-03,inactive,ad,,,,,0,,0,0,,,,,,,,,2026-05-03,2026-05-03
"[22.05.25][มิ้น] จะเป็นยังไง! เมื่อคนที่หมดแพชชัน  ต้องไปเป็นที่ปรึกษาให้เหล่าดวงวิญญาณ (Ghostly)",120229092583960260,2026-05-03,inactive,ad,,,,,0,,0,0,,,,,,,,,2026-05-03,2026-05-03
"[16.07.25][มิ้น] แด่ความโดดเดี่ยว (Ghostly)",120232820429290260,2026-05-03,not_delivering,ad,,,,,0,,0,0,,,,,,,,,2026-05-03,2026-05-03
"[27.11.25][มิ้น] ถ้ารอต่อไปอีกหน่อย (Demons)",120241143766190260,2026-05-03,inactive,ad,,,,,0,,0,0,,,,,,,,,2026-05-03,2026-05-03
"[19.09.25][มิ้น] จากกระแส 1000/100 (Remains)",120238789463260260,2026-05-03,inactive,ad,,,,,0,,0,0,,,,,,,,,2026-05-03,2026-05-03
"[28.02.25][มิ้น] 3.3 ชีเสิร์ฟไม่พัก ซื้อ 3 แถม 1 (Promotion_DD)",120222074507630260,2026-05-03,inactive,ad,,,,,0,,0,0,,,,,,,,,2026-05-03,2026-05-03
"[25.03.35][มิ้น] ประโยคหลังปก (Gift)",120222719696580260,2026-05-03,inactive,ad,,,,,0,,0,0,,,,,,,,,2026-05-03,2026-05-03
"[19.06.25][มิ้น] อย่าพูดบั่นทอนด้วยคำพูดแย่ ๆ (Witches)",120231262655410260,2026-05-03,inactive,ad,,,,,0,,0,0,,,,,,,,,2026-05-03,2026-05-03
"[27.08.25][มิ้น] ซื้อ Boxset แถม Magic Planner (Witches)",120235754838580260,2026-05-03,not_delivering,ad,,,,,0,,0,0,,,,,,,,,2026-05-03,2026-05-03
"[11.10.25][มิ้น] ถ้าวันไหนไม่มีใครเข้าใจ (Tried)",120238408717990260,2026-05-03,inactive,ad,,,,,0,,0,0,,,,,,,,,2026-05-03,2026-05-03
"[11.02.25][มิ้น] สัมภาษณ์คุณปั๊ม คิ้วต่ำ (Kiwtum)",120221484267570260,2026-05-03,not_delivering,ad,,,,,0,,0,0,,,,,,,,,2026-05-03,2026-05-03
"[03.09.25][มิ้น] Unboxing New Books (Demons)",120236324479790260,2026-05-03,not_delivering,ad,,,,,0,,0,0,,,,,,,,,2026-05-03,2026-05-03
"[20.08.25][มิ้น] ไม่เคยคิดว่าแค่หนังสือเล่มเดียว (Ghostly)",120236003389040260,2026-05-03,not_delivering,ad,,,,,0,,0,0,,,,,,,,,2026-05-03,2026-05-03
"[22.05.25][มิ้น] จะเป็นยังไง! เมื่อคนที่หมดแพชชัน  ต้องไปเป็นที่ปรึกษาให้เหล่าดวงวิญญาณ (Ghostly)",120229445590540260,2026-05-03,inactive,ad,,,,,0,,0,0,,,,,,,,,2026-05-03,2026-05-03
"[16.10.25][มิ้น] คุณยังโทษตัวเองอยู่ไหม (Remains)",120238718668130260,2026-05-03,not_delivering,ad,,,,,0,,0,0,,,,,,,,,2026-05-03,2026-05-03
"[07.01.25] [มิ้น] ปีใหม่นี้ หนังสือเล่มนี้อยากบอกคุณว่า… (Embrace)",120218402724890260,2026-05-03,not_delivering,ad,,,,,0,,0,0,,,,,,,,,2026-05-03,2026-05-03
"[24.07.25][มิ้น] นี่ไม่ใช่แค่ไพ่ดูดวง (Witches)",120233372355760260,2026-05-03,inactive,ad,,,,,0,,0,0,,,,,,,,,2026-05-03,2026-05-03
"[14.05.25][มิ้น] ผู้คนเกลียดชังความเศร้า (Embrace)",120228641664520260,2026-05-03,inactive,ad,,,,,0,,0,0,,,,,,,,,2026-05-03,2026-05-03
"[23.05.25][มิ้น] 3 เรื่องลับ (Witches)",120229270560000260,2026-05-03,inactive,ad,,,,,0,,0,0,,,,,,,,,2026-05-03,2026-05-03
"[23.04.25][มิ้น] เติมสต็อกให้แล้วรีบซื้อด่วน! (Witches)",120226536392980260,2026-05-03,inactive,ad,,,,,0,,0,0,,,,,,,,,2026-05-03,2026-05-03
"[27.05.25][มิ้น] สัมภาษณ์คุณหมึกซึม (Ghostly)",120229557316430260,2026-05-03,inactive,ad,,,,,0,,0,0,,,,,,,,,2026-05-03,2026-05-03
"[24.06.25][มิ้น] มีชีวิตอยู่ไปเพื่อ? (Ghostly)",120231575853610260,2026-05-03,inactive,ad,,,,,0,,0,0,,,,,,,,,2026-05-03,2026-05-03
"[08.10.25][มิ้น] แชร์ 10 ประโยค (Demons)",120238217029860260,2026-05-03,not_delivering,ad,,,,,0,,0,0,,,,,,,,,2026-05-03,2026-05-03
"[01.10.25][มิ้น] ประโยคที่ชอบจากหนังสือ (ปีศาจตัวนั้น)",120237852406030260,2026-05-03,not_delivering,ad,,,,,0,,0,0,,,,,,,,,2026-05-03,2026-05-03
"[07.08.25][มิ้น] ชอบประโยคไหน (Tried)",120234945219180260,2026-05-03,not_delivering,ad,,,,,0,,0,0,,,,,,,,,2026-05-03,2026-05-03
"[26.01.25][มิ้น] เดือนแรกของปีกำลังจะผ่านไปแล้วนะ (Helmet_Boxset)",120219070170600260,2026-05-03,not_delivering,ad,,,,,0,,0,0,,,,,,,,,2026-05-03,2026-05-03
"[19.02.25][มิ้น] เล่มใหม่มาแรง (Kiwtum)",120220278342050260,2026-05-03,inactive,ad,,,,,0,,0,0,,,,,,,,,2026-05-03,2026-05-03
"[03.09.25][มิ้น] อยากให้ทุกคนอ่าน (Ghostly)",120236625942170260,2026-05-03,not_delivering,ad,,,,,0,,0,0,,,,,,,,,2026-05-03,2026-05-03
"[22.02.25][มิ้น] PAYDAY ลดครั้งใหญ่จักรวาลฮีลใจ (Promotion_Payday)",120220637852670260,2026-05-03,inactive,ad,,,,,0,,0,0,,,,,,,,,2026-05-03,2026-05-03
"[04.10.24] [มิ้น] ถ้าวันนี้เป็นวันสุดท้าย คุณจะทำอะไร? (Ghost)",120216040050680260,2026-05-03,not_delivering,ad,,,,,0,,0,0,,,,,,,,,2026-05-03,2026-05-03
"[06.12.24] [มิ้น] เก็บเงินง่าย ๆ ด้วยกฎ 50 30 20 (Million)",120217605842440260,2026-05-03,not_delivering,ad,,,,,0,,0,0,,,,,,,,,2026-05-03,2026-05-03
"[17.07.25] [ขมิ้น] Podcast ความสัมพันธ์ Toxic (Ghostly)",120232924399920260,2026-05-03,inactive,ad,,,,,0,,0,0,,,,,,,,,2026-05-03,2026-05-03
"[31.01.25][มิ้น] นี่คือ 3 เล่ม ที่อยากแนะนำ (Engage)",120219325951360260,2026-05-03,not_delivering,ad,,,,,0,,0,0,,,,,,,,,2026-05-03,2026-05-03
"[15.10.24] [มิ้น] จุดเปลี่ยนของชีวิต (Life)",120216576773560260,2026-05-03,not_delivering,ad,,,,,0,,0,0,,,,,,,,,2026-05-03,2026-05-03
"[23.10.24] [มิ้น] โดนตกจากประโยคหลังปก (Life)",120216631300170260,2026-05-03,not_delivering,ad,,,,,0,,0,0,,,,,,,,,2026-05-03,2026-05-03
"[15.01.25][มิ้น] มนุษย์เป็ด [Capybara_Boxset]",120218602805120260,2026-05-03,not_delivering,ad,,,,,0,,0,0,,,,,,,,,2026-05-03,2026-05-03
"[07.10.24] [มิ้น] หมูเด้งดังแล้ว อย่าลืมคาปิบาร่า (คาปิบาร่า_box set)",120216121872880260,2026-05-03,inactive,ad,,,,,0,,0,0,,,,,,,,,2026-05-03,2026-05-03
"[02.01.24] [มิ้น] เวลาที่คุณรู้สึกเศร้า (Embrace)",120218302698680260,2026-05-03,not_delivering,ad,,,,,0,,0,0,,,,,,,,,2026-05-03,2026-05-03
"[11.02.25][มิ้น] สัมภาษณ์คุณปั๊ม คิ้วต่ำ (Kiwtum)",120220683153840260,2026-05-03,not_delivering,ad,,,,,0,,0,0,,,,,,,,,2026-05-03,2026-05-03
"[11.02.25][มิ้น] ประโยคจากคุณปั๊ม คิ้วต่ำ (Kiwtum)",120219599771690260,2026-05-03,inactive,ad,,,,,0,,0,0,,,,,,,,,2026-05-03,2026-05-03
"[07.03.25][มิ้น] วางแผนการเงิน = ชีวิตมีความสุข (Million)",120221523103950260,2026-05-03,inactive,ad,,,,,0,,0,0,,,,,,,,,2026-05-03,2026-05-03
"[21.01.25] [มิ้น] บทที่ 4 จดหมายจากพระจันทร์ (Home)",120218668096380260,2026-05-03,not_delivering,ad,,,,,0,,0,0,,,,,,,,,2026-05-03,2026-05-03
"[11.02.25][มิ้น] ประโยคจากคุณปั๊ม คิ้วต่ำ (Kiwtum)",120219599077320260,2026-05-03,inactive,ad,,,,,0,,0,0,,,,,,,,,2026-05-03,2026-05-03
"[21.09.24] [มิ้น] คนเราแตกสลายได้กี่ครั้ง",120216689852610260,2026-05-03,inactive,ad,,,,,0,,0,0,,,,,,,,,2026-05-03,2026-05-03
"[10.01.25] [มิ้น] แด่ทุการเริ่มต้นใหม่ (Life)",120218488655620260,2026-05-03,not_delivering,ad,,,,,0,,0,0,,,,,,,,,2026-05-03,2026-05-03
"[23.10.24] [มิ้น] โดนตกจากประโยคหลังปก (Life)",120216556769990260,2026-05-03,not_delivering,ad,,,,,0,,0,0,,,,,,,,,2026-05-03,2026-05-03
"[17.03.25][มิ้น] การ์ดอยากบอกอะไรคุณ (Witches)",120222282078900260,2026-05-03,inactive,ad,,,,,0,,0,0,,,,,,,,,2026-05-03,2026-05-03
"[25.03.35][มิ้น] ประโยคหลังปก (Gift)",120222719741420260,2026-05-03,inactive,ad,,,,,0,,0,0,,,,,,,,,2026-05-03,2026-05-03
"[22.09.24] [มิ้น] ของขวัญรับปริญญา",120215767639170260,2026-05-03,not_delivering,ad,,,,,0,,0,0,,,,,,,,,2026-05-03,2026-05-03
"[11.02.25][มิ้น] ประโยคหลังปก (Kiwtum)",120219599958150260,2026-05-03,inactive,ad,,,,,0,,0,0,,,,,,,,,2026-05-03,2026-05-03
"[14.01.25] [มิ้น] หนังสือฮีลใจทุกแพ็กเหมาคู่ 660.- (Promotion_MidMonth)",120218559411130260,2026-05-03,not_delivering,ad,,,,,0,,0,0,,,,,,,,,2026-05-03,2026-05-03
"[26.11.24] [มิ้น] 5 สิ่งที่ควรขอบคุณในชีวิต (Life)",120217325037440260,2026-05-03,inactive,ad,,,,,0,,0,0,,,,,,,,,2026-05-03,2026-05-03
"[19.08.24] [มิ้น] แนะนำหนังสือฮีลใจเล่มใหม่ล่าสุด (Helmet_Boxset)",120214962247640260,2026-05-03,not_delivering,ad,,,,,0,,0,0,,,,,,,,,2026-05-03,2026-05-03
"[23.10.24] [มิ้น] โดนตกจากประโยคหลังปก (Life)",120216499517580260,2026-05-03,archived,ad,,,,,0,,0,0,,,,,,,,,2026-05-03,2026-05-03
"[07.11.24] [มิ้น] 11.11 โปรรับหน้าหนาว (1,111)",120216873415410260,2026-05-03,not_delivering,ad,,,,,0,,0,0,,,,,,,,,2026-05-03,2026-05-03
"[02.10.24] [มิ้น] เมื่อที่เรารู้สึกเฟลกับชีวิต (ปีศาจ)",120215995583080260,2026-05-03,inactive,ad,,,,,0,,0,0,,,,,,,,,2026-05-03,2026-05-03
"[23.10.24] [มิ้น] โดนตกจากประโยคหลังปก (Life)",120217230559080260,2026-05-03,not_delivering,ad,,,,,0,,0,0,,,,,,,,,2026-05-03,2026-05-03
"[21.01.25] [มิ้น] บทที่ 4 จดหมายจากพระจันทร์ (Home)",120218670185810260,2026-05-03,not_delivering,ad,,,,,0,,0,0,,,,,,,,,2026-05-03,2026-05-03
"[27.11.24] [มิ้น] 5 คำเตือนสุดท้ายของชีวิต (Ghost)",120217525456020260,2026-05-03,not_delivering,ad,,,,,0,,0,0,,,,,,,,,2026-05-03,2026-05-03
"[06.02.25][มิ้น] บทที่ 3 คนแปลกหน้าในฐานะคนรู้จัก (Embrace)",120219540052950260,2026-05-03,inactive,ad,,,,,0,,0,0,,,,,,,,,2026-05-03,2026-05-03
"[26.08.24] [มิ้น] ไม่ชอบส่วนไหนในร่างกาย (Helmet_Boxset)",120216013707560260,2026-05-03,inactive,ad,,,,,0,,0,0,,,,,,,,,2026-05-03,2026-05-03
"[26.08.24] [มิ้น] ไม่ชอบส่วนไหนในร่างกาย (Helmet_Boxset)",120215258457340260,2026-05-03,inactive,ad,,,,,0,,0,0,,,,,,,,,2026-05-03,2026-05-03
"[22.02.25][มิ้น] PAYDAY ลดครั้งใหญ่จักรวาลฮีลใจ (Promotion_Payday)",120220592143110260,2026-05-03,not_delivering,ad,,,,,0,,0,0,,,,,,,,,2026-05-03,2026-05-03
"[21.09.24] [มิ้น] คนเราแตกสลายได้กี่ครั้ง",120215811542000260,2026-05-03,not_delivering,ad,,,,,0,,0,0,,,,,,,,,2026-05-03,2026-05-03
"[10.01.25] [มิ้น] Challenge เก็บเงิน 50:30:20 (Short) (Million)",120218486318180260,2026-05-03,inactive,ad,,,,,0,,0,0,,,,,,,,,2026-05-03,2026-05-03
"[24.02.25][มิ้น] 5 เหตุผลที่หนังสือเล่มนี้ควรอยู่ข้างกายคุณ (Home)",120220870197100260,2026-05-03,inactive,ad,,,,,0,,0,0,,,,,,,,,2026-05-03,2026-05-03
"[11.02.25][มิ้น] สัมภาษณ์คุณปั๊ม คิ้วต่ำ (Kiwtum) คลิปยาว",120221509565210260,2026-05-03,not_delivering,ad,,,,,0,,0,0,,,,,,,,,2026-05-03,2026-05-03
"[16.01.25] [มิ้น] ข่าวด่วนจนต้องบุก“นายอินทร์” (Promotion_Pack)",120218663135930260,2026-05-03,archived,ad,,,,,0,,0,0,,,,,,,,,2026-05-03,2026-05-03
"[11.02.25][มิ้น] สัมภาษณ์คุณปั๊ม คิ้วต่ำ (Kiwtum)",120219733237050260,2026-05-03,inactive,ad,,,,,0,,0,0,,,,,,,,,2026-05-03,2026-05-03
"[12.11.24] [มิ้น] 2 หนังสือเล่มใหม่ที่ถูกเขียนด้วยน้ำตา แพ็กคู่ 529",120216964559130260,2026-05-03,not_delivering,ad,,,,,0,,0,0,,,,,,,,,2026-05-03,2026-05-03
"[15.10.24] [มิ้น] จุดเปลี่ยนของชีวิต (Life)",120216829371810260,2026-05-03,inactive,ad,,,,,0,,0,0,,,,,,,,,2026-05-03,2026-05-03
"[23.10.24] [มิ้น] โดนตกจากประโยคหลังปก (Life)",120216576813250260,2026-05-03,not_delivering,ad,,,,,0,,0,0,,,,,,,,,2026-05-03,2026-05-03
"[20.01.25][Garden_Boxset][มิ้น][VDO] 5 ประโยคปลดล็อค",120218619917750260,2026-05-03,inactive,ad,,,,,0,,0,0,,,,,,,,,2026-05-03,2026-05-03
"[09.10.14] [มิ้น] แด่รักข้างเดียว (โอบกอด)",120216499793980260,2026-05-03,not_delivering,ad,,,,,0,,0,0,,,,,,,,,2026-05-03,2026-05-03
"[13.11.24] [มิ้น] แยกย้ายไปเติบโต (โอบกอด)",120217392054660260,2026-05-03,not_delivering,ad,,,,,0,,0,0,,,,,,,,,2026-05-03,2026-05-03
"[13.11.24] [มิ้น] แยกย้ายไปเติบโต (โอบกอด)",120217324834700260,2026-05-03,inactive,ad,,,,,0,,0,0,,,,,,,,,2026-05-03,2026-05-03
"[28.02.25][มิ้น] 3.3 ชีเสิร์ฟไม่พัก ซื้อ 3 แถม 1 (Promotion_DD)",120221295871260260,2026-05-03,inactive,ad,,,,,0,,0,0,,,,,,,,,2026-05-03,2026-05-03
"[14.11.24] [มิ้น] 5 เหตุผลทำไมต้องซื้อเล่มนี้ (Life)",120217166767690260,2026-05-03,not_delivering,ad,,,,,0,,0,0,,,,,,,,,2026-05-03,2026-05-03
"[21.01.25] [มิ้น] บทที่ 4 จดหมายจากพระจันทร์ (Home)",120218670228440260,2026-05-03,not_delivering,ad,,,,,0,,0,0,,,,,,,,,2026-05-03,2026-05-03
"[21.01.25] [มิ้น] 5 ข้อคิด (Home)",120218671519880260,2026-05-03,inactive,ad,,,,,0,,0,0,,,,,,,,,2026-05-03,2026-05-03
"[11.02.25][มิ้น] Unboxing new book (Kiwtum)",120219599842260260,2026-05-03,inactive,ad,,,,,0,,0,0,,,,,,,,,2026-05-03,2026-05-03
"[14.05.25][มิ้น] 5 ประโยคเติมไฟให้ชีวิต (Witches)",120228641395810260,2026-05-03,inactive,ad,,,,,0,,0,0,,,,,,,,,2026-05-03,2026-05-03
"[22.05.25][มิ้น] จะเป็นยังไง! เมื่อคนที่หมดแพชชัน ต้องไปเป็นที่ปรึกษาให้เหล่าดวงวิญญาณ (Ghostly)",120230640312900260,2026-05-03,not_delivering,ad,,,,,0,,0,0,,,,,,,,,2026-05-03,2026-05-03
"[26.11.24] [มิ้น] อาจเป็นเพราะคงแตกสลายไปมากว่านี้ไม่ไหวแล้ว แพ็กคู่โอบกอดดอกไม้ 579",120217324306120260,2026-05-03,not_delivering,ad,,,,,0,,0,0,,,,,,,,,2026-05-03,2026-05-03
"[09.07.25][มิ้น] รีวิวไม่อวย 8/10 (Ghostly)",120232527850730260,2026-05-03,inactive,ad,,,,,0,,0,0,,,,,,,,,2026-05-03,2026-05-03
"[23.10.24] [มิ้น] โดนตกจากประโยคหลังปก (Life)",120216829639520260,2026-05-03,not_delivering,ad,,,,,0,,0,0,,,,,,,,,2026-05-03,2026-05-03
"[21.01.25] [มิ้น] สถานที่ที่ปลอดภัยที่สุด (Home)",120218670185800260,2026-05-03,inactive,ad,,,,,0,,0,0,,,,,,,,,2026-05-03,2026-05-03
"[12.11.25][มิ้น] เริ่มต้นปีใหม่ (ปีศาจตัวนั้น)",120240908309990260,2026-05-03,inactive,ad,,,,,0,,0,0,,,,,,,,,2026-05-03,2026-05-03
"[13.03.25][มิ้น] Mid Month จับคู่ 2 Boxset 990.- (Promotion_MM)",120222909408240260,2026-05-03,not_delivering,ad,,,,,0,,0,0,,,,,,,,,2026-05-03,2026-05-03
"[11.02.25][มิ้น] ประโยคจากคุณปั๊ม คิ้วต่ำ (Kiwtum)",120219600093190260,2026-05-03,inactive,ad,,,,,0,,0,0,,,,,,,,,2026-05-03,2026-05-03
"[14.07.25][มิ้น] ประโยคก่อนนอน 2 (Kiwtum)",120232767093360260,2026-05-03,not_delivering,ad,,,,,0,,0,0,,,,,,,,,2026-05-03,2026-05-03
"[25.01.25][มิ้น] 5 ข้อคิดหลังอ่านเล่นนี้จบ (Ghost)",120219025696050260,2026-05-03,not_delivering,ad,,,,,0,,0,0,,,,,,,,,2026-05-03,2026-05-03
"[22.01.25] [มิ้น] หนังสือเล่มนี้ที่อยากบอกคุณว่า (ปีศาจตัวนั้น)",120218867818310260,2026-05-03,inactive,ad,,,,,0,,0,0,,,,,,,,,2026-05-03,2026-05-03
"[11.02.25][มิ้น] ประโยคจากคุณปั๊ม คิ้วต่ำ (Kiwtum)",120219834447540260,2026-05-03,inactive,ad,,,,,0,,0,0,,,,,,,,,2026-05-03,2026-05-03
"[11.03.25][มิ้น] 2 หนังสือขายดี (Engage)",120221887591560260,2026-05-03,inactive,ad,,,,,0,,0,0,,,,,,,,,2026-05-03,2026-05-03
"[25.03.35][มิ้น] ประโยคหลังปก (Gift)",120222719710320260,2026-05-03,inactive,ad,,,,,0,,0,0,,,,,,,,,2026-05-03,2026-05-03
"[06.12.24] [มิ้น] เก็บเงินง่าย ๆ ด้วยกฎ 50 30 20 (Million)",120217605820190260,2026-05-03,inactive,ad,,,,,0,,0,0,,,,,,,,,2026-05-03,2026-05-03
"[04.10.24] [มิ้น] ถ้าวันนี้เป็นวันสุดท้าย คุณจะทำอะไร? (Ghost)",120216039941850260,2026-05-03,inactive,ad,,,,,0,,0,0,,,,,,,,,2026-05-03,2026-05-03
"[04.02.25][มิ้น] ประโยคหลังปก (Home)",120219487125800260,2026-05-03,not_delivering,ad,,,,,0,,0,0,,,,,,,,,2026-05-03,2026-05-03
"[21.04.25][มิ้น] ดวงของคุณวันนี้? (Witches)",120226408377070260,2026-05-03,inactive,ad,,,,,0,,0,0,,,,,,,,,2026-05-03,2026-05-03
"[04.10.24] [มิ้น] ถ้าวันนี้เป็นวันสุดท้าย คุณจะทำอะไร? (Ghost)",120216040420430260,2026-05-03,inactive,ad,,,,,0,,0,0,,,,,,,,,2026-05-03,2026-05-03
"[27.11.24] [มิ้น] 5 คำเตือนสุดท้ายของชีวิต (Ghost)",120217381066350260,2026-05-03,inactive,ad,,,,,0,,0,0,,,,,,,,,2026-05-03,2026-05-03
"[02.11.24] [มิ้น] ความไม่สมบูรณ์แบบของเรา (โอบกอด)",120216749480290260,2026-05-03,not_delivering,ad,,,,,0,,0,0,,,,,,,,,2026-05-03,2026-05-03
"[07.03.25][มิ้น] ASMR Unboxing (Witches)",120222018612670260,2026-05-03,not_delivering,ad,,,,,0,,0,0,,,,,,,,,2026-05-03,2026-05-03
"[16.01.25][VDO][มิ้น][Garden_เล่มเดี่ยว] ความรักกับดอกไม้",120218618278350260,2026-05-03,inactive,ad,,,,,0,,0,0,,,,,,,,,2026-05-03,2026-05-03
"[24.12.24] [มิ้น] Payday นี้รวมแพ็กฮีลใจเล่มใหม่ (Promotion_Payday)",120218108446980260,2026-05-03,not_delivering,ad,,,,,0,,0,0,,,,,,,,,2026-05-03,2026-05-03
"[21.09.24] [มิ้น] คนเราแตกสลายได้กี่ครั้ง",120215873479390260,2026-05-03,not_delivering,ad,,,,,0,,0,0,,,,,,,,,2026-05-03,2026-05-03
"[12.11.24] [มิ้น] 2 หนังสือเล่มใหม่ที่ถูกเขียนด้วยน้ำตา แพ็กคู่ 529",120217194261860260,2026-05-03,not_delivering,ad,,,,,0,,0,0,,,,,,,,,2026-05-03,2026-05-03
"[02.01.24] [มิ้น] เวลาที่คุณรู้สึกเศร้า (Embrace)",120218567887210260,2026-05-03,inactive,ad,,,,,0,,0,0,,,,,,,,,2026-05-03,2026-05-03
"[09.10.14] [มิ้น] แด่รักข้างเดียว (โอบกอด)",120216610678250260,2026-05-03,inactive,ad,,,,,0,,0,0,,,,,,,,,2026-05-03,2026-05-03
"[09.11.24] [มิ้น] เราทุกคนต่างไม่มีใครสมบูรณ์แบบ (Life)",120216908187940260,2026-05-03,archived,ad,,,,,0,,0,0,,,,,,,,,2026-05-03,2026-05-03
"[15.10.24] [มิ้น] จุดเปลี่ยนของชีวิต (Life)",120216556769950260,2026-05-03,inactive,ad,,,,,0,,0,0,,,,,,,,,2026-05-03,2026-05-03
"[21.12.24] [มิ้น] สัมภาษณ์คุณคิดมาก (kidmakk)",120217962465620260,2026-05-03,not_delivering,ad,,,,,0,,0,0,,,,,,,,,2026-05-03,2026-05-03
"[07.11.25][มิ้น] ได้อ่านแล้วเหมือนได้พัก (Tried)",120241248447060260,2026-05-03,inactive,ad,,,,,0,,0,0,,,,,,,,,2026-05-03,2026-05-03
"[02.06.25][มิ้น] ถ้าแกพร้อมที่จะรักตัวเอง (ปีศาจตัวนั้น)",120234134821310260,2026-05-03,inactive,ad,,,,,0,,0,0,,,,,,,,,2026-05-03,2026-05-03
"[01.03.25][มิ้น] ชีวิตที่ดี คือชีวิตที่เราเลือกเอง (Kidmakk)",120221522607390260,2026-05-03,inactive,ad,,,,,0,,0,0,,,,,,,,,2026-05-03,2026-05-03
"[24.04.25][มิ้น] PAYDAY APR 3 แถม 1 (Promotion_Payday)",120226795151900260,2026-05-03,inactive,ad,,,,,0,,0,0,,,,,,,,,2026-05-03,2026-05-03
"[20.11.25][มิ้น] E-Book หนังสือปีศาจ 1 (E-Book)",120240851311130260,2026-05-03,active,ad,การสนทนาผ่านการส่งข้อความที่เริ่มขึ้น,,,,0.23,,6,6,,,,,,0,38.33333333,,2026-05-03,2026-05-03
"[22.09.25][มิ้น] Boxset เปลี่ยนความทุกข์ (Witches)",120238129750470260,2026-05-03,not_delivering,ad,,,,,0,,0,0,,,,,,,,,2026-05-03,2026-05-03
"[29.10.25][มิ้น] 2 หนังสือเรียกน้ำตา (Remains)",120241140663210260,2026-05-03,inactive,ad,,,,,0,,0,0,,,,,,,,,2026-05-03,2026-05-03
"[07.10.25][มิ้น] ชอบคนใจดี (Ghostly)",120238402630570260,2026-05-03,not_delivering,ad,,,,,0,,0,0,,,,,,,,,2026-05-03,2026-05-03
"[03.03.26][มิ้น] ไม่เคยร้องไห้กับหนังสือจนมาเจอ 2 เล่มนี้ (Ghostly) (Remains)",120245128834100260,2026-05-03,not_delivering,ad,,,,,0,,0,0,,,,,,,,,2026-05-03,2026-05-03
"[23.07.25][มิ้น] อ่านแล้วหายเหนื่อย (Tried)",120239970186850260,2026-05-03,inactive,ad,,,,,0,,0,0,,,,,,,,,2026-05-03,2026-05-03
"[07.11.25][มิ้น] ได้อ่านแล้วเหมือนได้พัก (Tried)",120240097691460260,2026-05-03,inactive,ad,,,,,0,,0,0,,,,,,,,,2026-05-03,2026-05-03
"[04.02.26][มิ้น] มนุษย์ที่เป็นคนดี (สัมภาษณ์หมอ) (Trap)",120244358046810260,2026-05-03,not_delivering,ad,,,,,0,,0,0,,,,,,,,,2026-05-03,2026-05-03
"[15.10.24] [มิ้น] จุดเปลี่ยนของชีวิต (Life)",120216294049970260,2026-05-03,inactive,ad,,,,,0,,0,0,,,,,,,,,2026-05-03,2026-05-03
"[12.11.25][มิ้น] เริ่มต้นปีใหม่ (ปีศาจตัวนั้น)",120241406601490260,2026-05-03,archived,ad,,,,,0,,0,0,,,,,,,,,2026-05-03,2026-05-03
"[15.10.24] [มิ้น] จุดเปลี่ยนของชีวิต (Life)",120216829639540260,2026-05-03,not_delivering,ad,,,,,0,,0,0,,,,,,,,,2026-05-03,2026-05-03
"[10.11.25][มิ้น] ป้ายยาหนังสือ 7 เล่ม (E-Book)",120241048471100260,2026-05-03,inactive,ad,,,,,0,,0,0,,,,,,,,,2026-05-03,2026-05-03
"[04.02.26][มิ้น] มนุษย์ที่เป็นคนดี (สัมภาษณ์หมอ) (Trap)",120244181438010260,2026-05-03,not_delivering,ad,,,,,0,,0,0,,,,,,,,,2026-05-03,2026-05-03
"[06.11.25][มิ้น] บางครั้งความรัก (Remains)",120240333892680260,2026-05-03,inactive,ad,,,,,0,,0,0,,,,,,,,,2026-05-03,2026-05-03
"[22.02.25][มิ้น] PAYDAY ลดครั้งใหญ่จักรวาลฮีลใจ (Promotion_Payday)",120220592183250260,2026-05-03,inactive,ad,,,,,0,,0,0,,,,,,,,,2026-05-03,2026-05-03
"[28.08.25][มิ้น] ปีศาจอาจไม่ได้เกิดจากข้างนอก (ปีศาจตัวนั้น)",120236201402030260,2026-05-03,not_delivering,ad,,,,,0,,0,0,,,,,,,,,2026-05-03,2026-05-03
"[02.10.24] [มิ้น] เมื่อที่เรารู้สึกเฟลกับชีวิต (ปีศาจ)",120216014219110260,2026-05-03,not_delivering,ad,,,,,0,,0,0,,,,,,,,,2026-05-03,2026-05-03
"[19.01.26] [มิ้น] Women to Women (Helmet_Boxset) (Reels)",120243383143640260,2026-05-03,not_delivering,ad,,,,,0,,0,0,,,,,,,,,2026-05-03,2026-05-03
"[04.02.26][มิ้น] มนุษย์ที่เป็นคนดี (สัมภาษณ์หมอ) (Trap)",120247437076450260,2026-05-03,not_delivering,ad,,,,,0,,0,0,,,,,,,,,2026-05-03,2026-05-03
"[03.09.25][มิ้น] เล่มใหม่ให้ 1000/100 (Demons)",120236583311870260,2026-05-03,not_delivering,ad,,,,,0,,0,0,,,,,,,,,2026-05-03,2026-05-03
"[03.12.25][มิ้น] คะแนนฮีลใจ 1000/100 (Remains)",120241545906130260,2026-05-03,inactive,ad,,,,,0,,0,0,,,,,,,,,2026-05-03,2026-05-03
"[12.12.25][มิ้น] ครอบครัวคือที่ที่ปลอดภัยที่สุด (Ghostly)",120242008121450260,2026-05-03,not_delivering,ad,,,,,0,,0,0,,,,,,,,,2026-05-03,2026-05-03
"[22.10.25][มิ้น] เพราะในทุกความเกลียด (Remains)",120239116399530260,2026-05-03,not_delivering,ad,,,,,0,,0,0,,,,,,,,,2026-05-03,2026-05-03
"[19.08.24] [มิ้น] แนะนำหนังสือฮีลใจเล่มใหม่ล่าสุด (Helmet_Boxset)",120214865684230260,2026-05-03,inactive,ad,,,,,0,,0,0,,,,,,,,,2026-05-03,2026-05-03
"[23.10.24] [มิ้น] โดนตกจากประโยคหลังปก (Life)",120217166433250260,2026-05-03,not_delivering,ad,,,,,0,,0,0,,,,,,,,,2026-05-03,2026-05-03
"[07.11.25][มิ้น] เป็นหนังสือรวมประโยค (Tried) - Copy",120240381476760260,2026-05-03,inactive,ad,,,,,0,,0,0,,,,,,,,,2026-05-03,2026-05-03
"[06.08.25][มิ้น] วันไหนไม่ไหว แวะมาอ่าน (Tried)",120235784906960260,2026-05-03,not_delivering,ad,,,,,0,,0,0,,,,,,,,,2026-05-03,2026-05-03
"[03.09.25][มิ้น] จากเล่ม 1 สู่เล่ม 2 (Demons)",120236029759420260,2026-05-03,inactive,ad,,,,,0,,0,0,,,,,,,,,2026-05-03,2026-05-03
"[03.09.25][มิ้น] หนังเล่มใหม่ที่อานแล้วน้ำตาซึม (Demons)",120236022483620260,2026-05-03,inactive,ad,,,,,0,,0,0,,,,,,,,,2026-05-03,2026-05-03
"[22.09.25][มิ้น] เล่มใหม่ 1000/100 (Remains)",120237920752000260,2026-05-03,not_delivering,ad,,,,,0,,0,0,,,,,,,,,2026-05-03,2026-05-03
"[10.11.25][มิ้น] นี่คือสภาพ (Remains)",120240271746670260,2026-05-03,inactive,ad,,,,,0,,0,0,,,,,,,,,2026-05-03,2026-05-03
"[18.11.25][มิ้น] 5 คำพูดมงคล (Witches)",120240735449000260,2026-05-03,inactive,ad,,,,,0,,0,0,,,,,,,,,2026-05-03,2026-05-03
"[18.11.25][มิ้น] เจ้าเหมียวเก็บมาเลี้ยง (Ghostly)",120240739016180260,2026-05-03,inactive,ad,,,,,0,,0,0,,,,,,,,,2026-05-03,2026-05-03
"[07.10.25][มิ้น] ชอบคนใจดี (Ghostly)",120238411166800260,2026-05-03,not_delivering,ad,,,,,0,,0,0,,,,,,,,,2026-05-03,2026-05-03
"[24.02.25][มิ้น] บทที่ 1 ที่คิ้วต่ำอยากแนะนำ (Kiwtum)",120220867845840260,2026-05-03,inactive,ad,,,,,0,,0,0,,,,,,,,,2026-05-03,2026-05-03
"[07.11.25][มิ้น] ได้อ่านแล้วเหมือนได้พัก (Tried)",120241142638270260,2026-05-03,inactive,ad,,,,,0,,0,0,,,,,,,,,2026-05-03,2026-05-03
"[02.06.25][มิ้น] รีแอค ขมิ้น (Ghostly)",120239978908290260,2026-05-03,not_delivering,ad,,,,,0,,0,0,,,,,,,,,2026-05-03,2026-05-03
"[23.07.25][มิ้น] อ่านแล้วหายเหนื่อย (Tried)",120241142580940260,2026-05-03,inactive,ad,,,,,0,,0,0,,,,,,,,,2026-05-03,2026-05-03
"[25.03.26][มิ้น] ชวนมางานหนังสือ (สัมภาษณ์คุณหมอทานตะวัน) (Trap)",120246073451160260,2026-05-03,not_delivering,ad,,,,,0,,0,0,,,,,,,,,2026-05-03,2026-05-03
"[16.10.25][มิ้น] ให้เปิดเล่มนี้เตือนสติ (Remains)",120238718339940260,2026-05-03,inactive,ad,,,,,0,,0,0,,,,,,,,,2026-05-03,2026-05-03
"[26.11.25][มิ้น] น้ำตาซึม 3000% (Ghostly)",120241100277570260,2026-05-03,inactive,ad,,,,,0,,0,0,,,,,,,,,2026-05-03,2026-05-03
"[07.11.25][มิ้น] พออ่านแล้วจึงได้เข้าใจ (Tried)",120240097132020260,2026-05-03,inactive,ad,,,,,0,,0,0,,,,,,,,,2026-05-03,2026-05-03
"[20.03.26][มิ้น] คนคิดเยอะมักเจ็บจากความคิดตัวเอง (Trap)",120246310218750260,2026-05-03,not_delivering,ad,,,,,0,,0,0,,,,,,,,,2026-05-03,2026-05-03
"[24.01.26][มิ้น] การตัดใจจากใครสักคน (ปีศาจตัวนั้น) (Reels)",120243541653280260,2026-05-03,not_delivering,ad,,,,,0,,0,0,,,,,,,,,2026-05-03,2026-05-03
"[06.09.24] [มิ้น] โปรโมชั่น 9.9",120215331221340260,2026-05-03,not_delivering,ad,,,,,0,,0,0,,,,,,,,,2026-05-03,2026-05-03
"[25.09.24] [มิ้น] PAYDAY มาดามใจ (เดือนกันยายน)",120215847448680260,2026-05-03,not_delivering,ad,,,,,0,,0,0,,,,,,,,,2026-05-03,2026-05-03
"[02.06.25][มิ้น] ถ้าแกพร้อมที่จะรักตัวเอง (ปีศาจตัวนั้น) (Reels)",120242989116530260,2026-05-03,not_delivering,ad,,,,,0,,0,0,,,,,,,,,2026-05-03,2026-05-03
"[02.09.24] [มิ้น] 5 ข้อคิดลบกับตัวเอง (Helmet_Boxset)",120216632308840260,2026-05-03,not_delivering,ad,,,,,0,,0,0,,,,,,,,,2026-05-03,2026-05-03
"[02.04.26][มิ้น] อย่าปล่อยให้อีโก้ (Trap)",120247605593900260,2026-05-03,not_delivering,ad,,,,,0,,0,0,,,,,,,,,2026-05-03,2026-05-03
"[17.02.26][มิ้น] 20 เล่มลายเซ็น (Trap)",120248305639200260,2026-05-03,active,ad,การสนทนาผ่านการส่งข้อความที่เริ่มขึ้น,4,53.8625,,215.45,,1373,1110,,4,53.8625,,16,4.15149308,156.91915513,0,2026-05-03,2026-05-03
"[22.05.25][มิ้น] จะเป็นยังไง! เมื่อคนที่หมดแพชชัน  ต้องไปเป็นที่ปรึกษาให้เหล่าดวงวิญญาณ (Ghostly)",120244776315940260,2026-05-03,not_delivering,ad,,,,,0,,0,0,,,,,,,,,2026-05-03,2026-05-03
"[29.10.25][มิ้น] 2 หนังสือเรียกน้ำตา (Remains)",120244055117920260,2026-05-03,not_delivering,ad,,,,,0,,0,0,,,,,,,,,2026-05-03,2026-05-03
"[17.02.26][มิ้น] 20 เล่มลายเซ็น (Trap)",120248155653960260,2026-05-03,not_delivering,ad,การสนทนาผ่านการส่งข้อความที่เริ่มขึ้น,,,,0,,0,0,,,,,,,,,2026-05-03,2026-05-03
"[07.10.25][มิ้น] ชอบคนใจดี (Ghostly) (Reels)",120243030362170260,2026-05-03,not_delivering,ad,,,,,0,,0,0,,,,,,,,,2026-05-03,2026-05-03
"[23.10.24] [มิ้น] โดนตกจากประโยคหลังปก (Life)",120216499906030260,2026-05-03,inactive,ad,,,,,0,,0,0,,,,,,,,,2026-05-03,2026-05-03
"[03.03.26][มิ้น] ไม่เคยร้องไห้กับหนังสือจนมาเจอ 2 เล่มนี้ (Ghostly) (Remains)",120245968070440260,2026-05-03,not_delivering,ad,,,,,0,,0,0,,,,,,,,,2026-05-03,2026-05-03
"[21.09.24] [มิ้น] คนเราแตกสลายได้กี่ครั้ง",120216758723130260,2026-05-03,not_delivering,ad,,,,,0,,0,0,,,,,,,,,2026-05-03,2026-05-03
"[25.02.26][มิ้น] ถ้าคุณมีโอกาสได้เจอ (Trap)",120244858567720260,2026-05-03,not_delivering,ad,,,,,0,,0,0,,,,,,,,,2026-05-03,2026-05-03
"[23.07.25][มิ้น] อ่านแล้วหายเหนื่อย (Tried)",120243520795900260,2026-05-03,not_delivering,ad,,,,,0,,0,0,,,,,,,,,2026-05-03,2026-05-03
"[06.10.25][มิ้น] อ่านเล่มนี้ถ้าคุณ… (ปีศาจตัวนั้น) (Reels)",120243296318590260,2026-05-03,not_delivering,ad,,,,,0,,0,0,,,,,,,,,2026-05-03,2026-05-03
"[19.08.24] [มิ้น] แนะนำหนังสือฮีลใจเล่มใหม่ล่าสุด (Helmet_Boxset)",120215013061070260,2026-05-03,not_delivering,ad,,,,,0,,0,0,,,,,,,,,2026-05-03,2026-05-03
"[26.11.24] [มิ้น] อาจเป็นเพราะคงแตกสลายไปมากว่านี้ไม่ไหวแล้ว แพ็กคู่โอบกอดดอกไม้ 579",120217324435530260,2026-05-03,not_delivering,ad,,,,,0,,0,0,,,,,,,,,2026-05-03,2026-05-03
"[26.01.26][มิ้น] หนังสือที่ได้ไปต่อในปี 2026 (Remains)",120243608695270260,2026-05-03,inactive,ad,,,,,0,,0,0,,,,,,,,,2026-05-03,2026-05-03
"[01.03.26][มิ้น] รี stock เล่มลายเซ็นหมอทานตะวัน (สัมภาษณ์หมอ) (Trap) (Cross Page)",120245624417410260,2026-05-03,not_delivering,ad,,,,,0,,0,0,,,,,,,,,2026-05-03,2026-05-03
"[11.03.26][มิ้น] รี stock เล่มลายเซ็นนักเขียนเมไอ (Witches)",120245719577670260,2026-05-03,not_delivering,ad,,,,,0,,0,0,,,,,,,,,2026-05-03,2026-05-03
"[06.11.25][มิ้น] เพราะพรุ่งนี้แกอาจ (Ghostly)",120240102388230260,2026-05-03,inactive,ad,,,,,0,,0,0,,,,,,,,,2026-05-03,2026-05-03
"[12.09.25][มิ้น] หนังสือถูกเขียนขึ้นมา (Ghostly)",120236738815510260,2026-05-03,inactive,ad,,,,,0,,0,0,,,,,,,,,2026-05-03,2026-05-03
"[14.11.24] [มิ้น] 5 เหตุผลทำไมต้องซื้อเล่มนี้ (Life)",120217045690900260,2026-05-03,not_delivering,ad,,,,,0,,0,0,,,,,,,,,2026-05-03,2026-05-03
"[23.10.24] [มิ้น] โดนตกจากประโยคหลังปก (Life)",120216499685380260,2026-05-03,archived,ad,,,,,0,,0,0,,,,,,,,,2026-05-03,2026-05-03
"[29.10.25][มิ้น] 2 หนังสือเรียกน้ำตา (Remains)",120240912005380260,2026-05-03,inactive,ad,,,,,0,,0,0,,,,,,,,,2026-05-03,2026-05-03
"[24.12.25][มิ้น] ดวงสมพงษ์กัน (Witches)",120242559035140260,2026-05-03,not_delivering,ad,,,,,0,,0,0,,,,,,,,,2026-05-03,2026-05-03
"[13.01.26][มิ้น] อย่าให้คนคนเดียว (Embrace) (Reels)",120243131444840260,2026-05-03,not_delivering,ad,,,,,0,,0,0,,,,,,,,,2026-05-03,2026-05-03
"[12.12.25][มิ้น] ครอบครัวคือที่ที่ปลอดภัยที่สุด (Ghostly)",120242967763000260,2026-05-03,archived,ad,,,,,0,,0,0,,,,,,,,,2026-05-03,2026-05-03
"[13.08.25][มิ้น] ชีวิตเหมือนบุฟเฟต์ (ปีศาจตัวนั้น) (Reels)",120243029468640260,2026-05-03,not_delivering,ad,,,,,0,,0,0,,,,,,,,,2026-05-03,2026-05-03
"[29.10.25][มิ้น] 2 หนังสือเรียกน้ำตา (Remains)",120243608321580260,2026-05-03,not_delivering,ad,,,,,0,,0,0,,,,,,,,,2026-05-03,2026-05-03
"[06.12.24] [มิ้น] เก็บเงินง่าย ๆ ด้วยกฎ 50 30 20 (Million)",120217605846040260,2026-05-03,not_delivering,ad,,,,,0,,0,0,,,,,,,,,2026-05-03,2026-05-03
"[10.02.26][มิ้น] ชนแล้วหนี (Remains)",120244295383790260,2026-05-03,not_delivering,ad,,,,,0,,0,0,,,,,,,,,2026-05-03,2026-05-03
"[10.12.25][มิ้น] 12.12 : ซื้อ 3 เล่ม ลด 120.- (Promotion)",120241897811890260,2026-05-03,inactive,ad,,,,,0,,0,0,,,,,,,,,2026-05-03,2026-05-03
"[23.01.26][มิ้น] บางคนตายไป (Ghostly)",120244008225770260,2026-05-03,not_delivering,ad,,,,,0,,0,0,,,,,,,,,2026-05-03,2026-05-03
"[18.11.25][มิ้น] อยู่คนเดียวเป็นเรื่องยาก ? (Ghostly)",120242909135600260,2026-05-03,not_delivering,ad,,,,,0,,0,0,,,,,,,,,2026-05-03,2026-05-03
"[25.03.35][มิ้น] ประโยคหลังปก (Gift)",120222719478900260,2026-05-03,inactive,ad,,,,,0,,0,0,,,,,,,,,2026-05-03,2026-05-03
"[26.01.26][มิ้น] บางเรื่องในชีวิตต่อให้เราพยายามลืมแค่ไหน (Remains)",120243608668410260,2026-05-03,inactive,ad,,,,,0,,0,0,,,,,,,,,2026-05-03,2026-05-03
"[04.10.24] [มิ้น] ถ้าวันนี้เป็นวันสุดท้าย คุณจะทำอะไร? (Ghost)",120216040238870260,2026-05-03,inactive,ad,,,,,0,,0,0,,,,,,,,,2026-05-03,2026-05-03
"[12.11.24] [มิ้น] 2 หนังสือเล่มใหม่ที่ถูกเขียนด้วยน้ำตา แพ็กคู่ 529",120217324207940260,2026-05-03,not_delivering,ad,,,,,0,,0,0,,,,,,,,,2026-05-03,2026-05-03
"[20.11.25][มิ้น] E-Book หนังสือปีศาจ 1 (E-Book)",120240851255570260,2026-05-03,not_delivering,ad,,,,,0,,0,0,,,,,,,,,2026-05-03,2026-05-03
"[04.02.26][มิ้น] มนุษย์ที่เป็นคนดี (สัมภาษณ์หมอ) (Trap)",120245853450430260,2026-05-03,not_delivering,ad,,,,,0,,0,0,,,,,,,,,2026-05-03,2026-05-03
"[06.10.25][มิ้น] อ่านเล่มนี้ถ้าคุณ… (ปีศาจตัวนั้น) (Reels)",120243166537070260,2026-05-03,not_delivering,ad,,,,,0,,0,0,,,,,,,,,2026-05-03,2026-05-03
"[07.08.25][มิ้น] เล่มใหม่ล่าสุด (Tried)",120234945057570260,2026-05-03,not_delivering,ad,,,,,0,,0,0,,,,,,,,,2026-05-03,2026-05-03
"[06.10.25][มิ้น] อ่านเล่มนี้ถ้าคุณ… (ปีศาจตัวนั้น) (Reels)",120243029435190260,2026-05-03,not_delivering,ad,,,,,0,,0,0,,,,,,,,,2026-05-03,2026-05-03
"[28.05.25][มิ้น] 3 สิ่งที่เล่มนี้อยากบอก (ปีศาจตัวนั้น)",120235812292370260,2026-05-03,inactive,ad,,,,,0,,0,0,,,,,,,,,2026-05-03,2026-05-03
"[22.08.25][มิ้น] รีสต็อกแล้ว รีบสั่งก่อนหมด (Ghostly)",120235575226290260,2026-05-03,inactive,ad,,,,,0,,0,0,,,,,,,,,2026-05-03,2026-05-03
"[01.12.25][มิ้น] 5 ประโยคจุกอก (ปีศาจตัวนั้น)",120241407059180260,2026-05-03,inactive,ad,,,,,0,,0,0,,,,,,,,,2026-05-03,2026-05-03
"[11.12.25][มิ้น] 3 เหตุผลที่ควรอ่าน (Tried)",120241899542550260,2026-05-03,inactive,ad,,,,,0,,0,0,,,,,,,,,2026-05-03,2026-05-03
"[01.03.26][มิ้น] รี stock เล่มลายเซ็นหมอทานตะวัน (สัมภาษณ์หมอ) (Trap)",120245088812960260,2026-05-03,not_delivering,ad,,,,,0,,0,0,,,,,,,,,2026-05-03,2026-05-03
"[03.09.25][มิ้น] เล่มใหม่ให้ 1000/100 (Demons)",120235859358590260,2026-05-03,not_delivering,ad,,,,,0,,0,0,,,,,,,,,2026-05-03,2026-05-03
"[25.05.25][มิ้น] เปิดคำทำนายวันนี้ (Witches)",120233484797370260,2026-05-03,inactive,ad,,,,,0,,0,0,,,,,,,,,2026-05-03,2026-05-03
"[17.07.25] [ขมิ้น] Podcast ความสัมพันธ์ Toxic (Ghostly)",120233476156910260,2026-05-03,not_delivering,ad,,,,,0,,0,0,,,,,,,,,2026-05-03,2026-05-03
"[25.07.25][มิ้น] ถ้าโลกมันแย่ก็แค่คิดแบบคาปิบาร่า (Capybara)",120233511155970260,2026-05-03,inactive,ad,,,,,0,,0,0,,,,,,,,,2026-05-03,2026-05-03
"[22.07.25][มิ้น] เล่มใหม่ออกมาอีกแล้ว (Tried)",120233014563530260,2026-05-03,not_delivering,ad,,,,,0,,0,0,,,,,,,,,2026-05-03,2026-05-03
"[07.08.25][มิ้น] ชอบประโยคไหน (Tried)",120234507205600260,2026-05-03,not_delivering,ad,,,,,0,,0,0,,,,,,,,,2026-05-03,2026-05-03
"[30.10.25][มิ้น] เปลี่ยนความทุกข์ (Witches)",120240098203360260,2026-05-03,not_delivering,ad,,,,,0,,0,0,,,,,,,,,2026-05-03,2026-05-03
"[03.09.25][มิ้น] เล่มใหม่ให้ 1000/100 (Demons)",120238020881320260,2026-05-03,not_delivering,ad,,,,,0,,0,0,,,,,,,,,2026-05-03,2026-05-03
"[24.07.25][มิ้น] เหม็นจริง เหม็นแกล้ง (Ghostly)",120233472591090260,2026-05-03,not_delivering,ad,,,,,0,,0,0,,,,,,,,,2026-05-03,2026-05-03
"[12.08.25][มิ้น] ควรอ่านเล่มนี้ถ้าคุณ (Witches)",120235301848660260,2026-05-03,not_delivering,ad,,,,,0,,0,0,,,,,,,,,2026-05-03,2026-05-03
"[22.08.25][มิ้น] 3 เหตุผล ที่ต้องอ่าน (Ghostly)",120236627304750260,2026-05-03,not_delivering,ad,,,,,0,,0,0,,,,,,,,,2026-05-03,2026-05-03
"[29.10.25][มิ้น] 2 หนังสือเรียกน้ำตา (Remains)",120244009263840260,2026-05-03,active,ad,การเข้าถึง,7294,7.03454894,,51.31,,7294,7294,,,,,2,0.20564848,7.03454894,,2026-05-03,2026-05-03
"[25.07.25][ขมิ้น] ชวนฟัง Podcast (Ghostly)",120233556016510260,2026-05-03,inactive,ad,,,,,0,,0,0,,,,,,,,,2026-05-03,2026-05-03
"[22.07.25][มิ้น] วันนี้เหนื่อยมากเลยใช่ไหม (Tried)",120233223021620260,2026-05-03,not_delivering,ad,,,,,0,,0,0,,,,,,,,,2026-05-03,2026-05-03
"[03.09.25][มิ้น] Unboxing New Books (Demons)",120236251943590260,2026-05-03,not_delivering,ad,,,,,0,,0,0,,,,,,,,,2026-05-03,2026-05-03
"[23.04.25][มิ้น] เติมสต็อกให้แล้วรีบซื้อด่วน! (Witches)",120226536614280260,2026-05-03,inactive,ad,,,,,0,,0,0,,,,,,,,,2026-05-03,2026-05-03
"[07.11.25][มิ้น] เป็นหนังสือรวมประโยค (Tried)",120240116727770260,2026-05-03,not_delivering,ad,,,,,0,,0,0,,,,,,,,,2026-05-03,2026-05-03
"[25.07.25][มิ้น] Book of the year (Ghostly)",120233575513210260,2026-05-03,inactive,ad,,,,,0,,0,0,,,,,,,,,2026-05-03,2026-05-03
"[22.10.25][มิ้น] หนังสือได้ออกทีวี (Demons)",120239593304130260,2026-05-03,not_delivering,ad,,,,,0,,0,0,,,,,,,,,2026-05-03,2026-05-03
"[23.07.25][มิ้น] อ่านแล้วหายเหนื่อย (Tried)",120234921224800260,2026-05-03,not_delivering,ad,,,,,0,,0,0,,,,,,,,,2026-05-03,2026-05-03
"[02.06.25][มิ้น] หนังสือพลิกชีวิต (Witches)",120229859874970260,2026-05-03,inactive,ad,,,,,0,,0,0,,,,,,,,,2026-05-03,2026-05-03
"[03.12.25][มิ้น] เล่มนี้ทำน้ำตาไหลหนักมาก (Ghostly)",120244054275600260,2026-05-03,not_delivering,ad,,,,,0,,0,0,,,,,,,,,2026-05-03,2026-05-03
"[07.03.25][มิ้น] ASMR Unboxing (Witches)",120234206307590260,2026-05-03,not_delivering,ad,,,,,0,,0,0,,,,,,,,,2026-05-03,2026-05-03
"[21.05.25][มิ้น] หนังสือที่ว่าฮีลใจแล้ว… (Witches)",120229053893430260,2026-05-03,inactive,ad,,,,,0,,0,0,,,,,,,,,2026-05-03,2026-05-03
"[24.02.25][มิ้น] อบอุ่นใจทุกครั้งที่หยิบเล่มนี้ขึ้นมาอ่าน (Home)",120232810746290260,2026-05-03,inactive,ad,,,,,0,,0,0,,,,,,,,,2026-05-03,2026-05-03
"[23.06.25][มิ้น] พื้นที่ที่แบ่งปันความสุขและความทุกข์ (Embrace)",120231120425560260,2026-05-03,inactive,ad,,,,,0,,0,0,,,,,,,,,2026-05-03,2026-05-03
"[07.11.25][มิ้น] เป็นหนังสือรวมประโยค (Tried)",120241142640690260,2026-05-03,inactive,ad,,,,,0,,0,0,,,,,,,,,2026-05-03,2026-05-03
"[19.09.25][มิ้น] จากกระแส 1000/100 (Remains)",120237922021820260,2026-05-03,not_delivering,ad,,,,,0,,0,0,,,,,,,,,2026-05-03,2026-05-03
"[03.07.24] [มิ้น] Unbox คาปิบาร่า โดนหลอก (คาปิบาร่า_box set)",120214964470390260,2026-05-03,not_delivering,ad,,,,,0,,0,0,,,,,,,,,2026-05-03,2026-05-03
"[22.07.25][มิ้น] เล่มใหม่ออกมาอีกแล้ว (Tried)",120233014563480260,2026-05-03,inactive,ad,,,,,0,,0,0,,,,,,,,,2026-05-03,2026-05-03
"[29.10.25][มิ้น] 2 หนังสือเรียกน้ำตา (Remains)",120241249197540260,2026-05-03,inactive,ad,,,,,0,,0,0,,,,,,,,,2026-05-03,2026-05-03
"[03.03.26][มิ้น] ไม่เคยร้องไห้กับหนังสือจนมาเจอ 2 เล่มนี้ (Ghostly) (Remains)",120245558563630260,2026-05-03,not_delivering,ad,,,,,0,,0,0,,,,,,,,,2026-05-03,2026-05-03
"[03.09.25][มิ้น] อยากให้ทุกคนอ่าน (Ghostly)",120236522214650260,2026-05-03,not_delivering,ad,,,,,0,,0,0,,,,,,,,,2026-05-03,2026-05-03
"[20.06.25][มิ้น] PAYDAY SALE JUNE (Promotion_Payday)",120231334963540260,2026-05-03,not_delivering,ad,,,,,0,,0,0,,,,,,,,,2026-05-03,2026-05-03
"[03.09.25][มิ้น] จากเล่ม 1 สู่เล่ม 2 (Demons)",120236174725120260,2026-05-03,not_delivering,ad,,,,,0,,0,0,,,,,,,,,2026-05-03,2026-05-03
"[21.09.24] [มิ้น] คนเราแตกสลายได้กี่ครั้ง",120215811563970260,2026-05-03,not_delivering,ad,,,,,0,,0,0,,,,,,,,,2026-05-03,2026-05-03
"[30.10.25][มิ้น] เปลี่ยนความทุกข์ (Witches)",120239862405800260,2026-05-03,not_delivering,ad,,,,,0,,0,0,,,,,,,,,2026-05-03,2026-05-03
"[19.09.25][มิ้น] จากกระแส 1000/100 (Remains)",120237919855970260,2026-05-03,not_delivering,ad,,,,,0,,0,0,,,,,,,,,2026-05-03,2026-05-03
"[03.09.25][มิ้น] หนังเล่มใหม่ที่อานแล้วน้ำตาซึม (Demons)",120235947738790260,2026-05-03,inactive,ad,,,,,0,,0,0,,,,,,,,,2026-05-03,2026-05-03
"[16.09.25][มิ้น] หมดไฟ (Demons)",120236914513240260,2026-05-03,inactive,ad,,,,,0,,0,0,,,,,,,,,2026-05-03,2026-05-03
"[19.09.25][มิ้น] จากกระแส 1000/100 (Remains)",120237158187700260,2026-05-03,inactive,ad,,,,,0,,0,0,,,,,,,,,2026-05-03,2026-05-03
"[30.04.25][มิ้น] ใครที่ยัง Move On ไม่ได้ (ปีศาจตัวนั้นคือฉันเอง)",120228513070590260,2026-05-03,not_delivering,ad,,,,,0,,0,0,,,,,,,,,2026-05-03,2026-05-03
"[22.08.25][มิ้น] รีสต็อกแล้ว รีบสั่งก่อนหมด (Ghostly)",120235706638130260,2026-05-03,not_delivering,ad,,,,,0,,0,0,,,,,,,,,2026-05-03,2026-05-03
"[27.03.26][มิ้น] BookFair : พาชมบรรยากาศงานหนังสือครั้งที่ 54 (Promotion)",120246233497060260,2026-05-03,inactive,ad,,,,,0,,0,0,,,,,,,,,2026-05-03,2026-05-03
"[23.07.25][มิ้น] อ่านแล้วหายเหนื่อย (Tried)",120239969968630260,2026-05-03,archived,ad,,,,,0,,0,0,,,,,,,,,2026-05-03,2026-05-03
"[03.09.25][มิ้น] เล่มใหม่ให้ 1000/100 (Demons) (QuickReply)",120237689059870260,2026-05-03,not_delivering,ad,,,,,0,,0,0,,,,,,,,,2026-05-03,2026-05-03
"[18.09.25][มิ้น] ประโยคจากเล่มโปรด (Witches)",120237033638640260,2026-05-03,inactive,ad,,,,,0,,0,0,,,,,,,,,2026-05-03,2026-05-03
"[03.09.25][มิ้น] อยากให้ทุกคนอ่าน (Ghostly)",120236323137100260,2026-05-03,not_delivering,ad,,,,,0,,0,0,,,,,,,,,2026-05-03,2026-05-03
"[22.10.25][มิ้น] ทำไมซื้อเล่มนี้ (Remains)",120239461693570260,2026-05-03,not_delivering,ad,,,,,0,,0,0,,,,,,,,,2026-05-03,2026-05-03
"[18.09.25][มิ้น] Unbox The Witches (Witches)",120237033300280260,2026-05-03,inactive,ad,,,,,0,,0,0,,,,,,,,,2026-05-03,2026-05-03
"[28.08.25][มิ้น] ปีศาจอาจไม่ได้เกิดจากข้างนอก (ปีศาจตัวนั้น)",120235932331840260,2026-05-03,not_delivering,ad,,,,,0,,0,0,,,,,,,,,2026-05-03,2026-05-03
"[03.09.25][มิ้น] อยากให้ทุกคนอ่าน (Ghostly)",120236105395940260,2026-05-03,not_delivering,ad,,,,,0,,0,0,,,,,,,,,2026-05-03,2026-05-03
"[03.09.25][มิ้น] Unboxing New Books (Demons)",120236021958290260,2026-05-03,archived,ad,,,,,0,,0,0,,,,,,,,,2026-05-03,2026-05-03
"[22.08.25][มิ้น] 3 เหตุผล ที่ต้องอ่าน (Ghostly)",120236543867320260,2026-05-03,not_delivering,ad,,,,,0,,0,0,,,,,,,,,2026-05-03,2026-05-03
"[22.08.25][มิ้น] 3 เหตุผล ที่ต้องอ่าน (Ghostly)",120236003389060260,2026-05-03,not_delivering,ad,,,,,0,,0,0,,,,,,,,,2026-05-03,2026-05-03
"[20.11.25][มิ้น] ถ้าเจอคนที่ชอบ “กดคนอื่น” (ปีศาจตัวนั้น)",120240850276600260,2026-05-03,not_delivering,ad,,,,,0,,0,0,,,,,,,,,2026-05-03,2026-05-03
"[03.09.25][มิ้น] Unboxing New Books (Demons)",120235947662670260,2026-05-03,inactive,ad,,,,,0,,0,0,,,,,,,,,2026-05-03,2026-05-03
"[02.04.26][มิ้น] อย่าปล่อยให้อีโก้ (Trap)",120247171375850260,2026-05-03,not_delivering,ad,การสนทนาผ่านการส่งข้อความที่เริ่มขึ้น,,,,0,,0,0,,,,,,,,,2026-05-03,2026-05-03
"[05.09.25][มิ้น] อะไรเดิมๆ (Witches)",120236587143470260,2026-05-03,not_delivering,ad,,,,,0,,0,0,,,,,,,,,2026-05-03,2026-05-03
"[13.08.25][มิ้น] ชีวิตเหมือนบุฟเฟต์ (ปีศาจตัวนั้น)",120234820837190260,2026-05-03,inactive,ad,,,,,0,,0,0,,,,,,,,,2026-05-03,2026-05-03
"[29.09.25][มิ้น] ปีศาจใหม่มันกลับมาอีกแล้ว (Demons)",120237713336940260,2026-05-03,not_delivering,ad,,,,,0,,0,0,,,,,,,,,2026-05-03,2026-05-03
"[03.09.25][มิ้น] จากเล่ม 1 สู่เล่ม 2 (Demons)",120236029737120260,2026-05-03,inactive,ad,,,,,0,,0,0,,,,,,,,,2026-05-03,2026-05-03
"[21.09.24] [มิ้น] คนเราแตกสลายได้กี่ครั้ง",120215842706440260,2026-05-03,not_delivering,ad,,,,,0,,0,0,,,,,,,,,2026-05-03,2026-05-03
"[22.05.25][มิ้น] จะเป็นยังไง! เมื่อคนที่หมดแพชชัน  ต้องไปเป็นที่ปรึกษาให้เหล่าดวงวิญญาณ (Ghostly)",120236604427800260,2026-05-03,inactive,ad,,,,,0,,0,0,,,,,,,,,2026-05-03,2026-05-03
"[08.08.25][มิ้น] ร้องไห้บนรถไฟฟ้า (Ghostly)",120234605445530260,2026-05-03,inactive,ad,,,,,0,,0,0,,,,,,,,,2026-05-03,2026-05-03
"[14.08.25][มิ้น] แด่คนที่แคร์ทุกคน (Witches)",120234870054090260,2026-05-03,not_delivering,ad,,,,,0,,0,0,,,,,,,,,2026-05-03,2026-05-03
"[14.10.25][มิ้น][มหกรรมหนังสือ30] เล่มนี้ขายได้กี่เล่ม (Engage)",120238569043990260,2026-05-03,inactive,ad,,,,,0,,0,0,,,,,,,,,2026-05-03,2026-05-03
"[03.09.25][มิ้น] เล่มใหม่ให้ 1000/100 (Demons)",120236323055910260,2026-05-03,inactive,ad,,,,,0,,0,0,,,,,,,,,2026-05-03,2026-05-03
"[29.09.25][มิ้น] 2 เล่มนี้ต่างกันยังไง ตอบเมนต์ (Demons)",120238217714410260,2026-05-03,inactive,ad,,,,,0,,0,0,,,,,,,,,2026-05-03,2026-05-03
"[03.09.25][มิ้น] Unboxing New Books (Demons)",120236358963780260,2026-05-03,inactive,ad,,,,,0,,0,0,,,,,,,,,2026-05-03,2026-05-03
"[12.08.25][มิ้น] ประโยคนี้โคตรจริง (Witches)",120234969693830260,2026-05-03,not_delivering,ad,,,,,0,,0,0,,,,,,,,,2026-05-03,2026-05-03
"[03.09.25][มิ้น] เล่มใหม่ให้ 1000/100 (Demons)",120235859410000260,2026-05-03,not_delivering,ad,,,,,0,,0,0,,,,,,,,,2026-05-03,2026-05-03
"[03.09.25][มิ้น] Unboxing New Books (Demons)",120236323055890260,2026-05-03,inactive,ad,,,,,0,,0,0,,,,,,,,,2026-05-03,2026-05-03
"[07.10.25][มิ้น] ชอบคนใจดี (Ghostly)",120238261773290260,2026-05-03,not_delivering,ad,,,,,0,,0,0,,,,,,,,,2026-05-03,2026-05-03
"[25.09.25][มิ้น] ป้ายยาหนังสือ (Ghostly)",120237558753260260,2026-05-03,not_delivering,ad,,,,,0,,0,0,,,,,,,,,2026-05-03,2026-05-03
"[22.03.26][มิ้น] มีประโยคหนึ่งในหนังสือ (Witches)",120246610439550260,2026-05-03,inactive,ad,,,,,0,,0,0,,,,,,,,,2026-05-03,2026-05-03
"[04.02.26][มิ้น] มนุษย์ที่เป็นคนดี (สัมภาษณ์หมอ) (Trap)",120245933645870260,2026-05-03,not_delivering,ad,การสนทนาผ่านการส่งข้อความที่เริ่มขึ้น,,,,0,,0,0,,,,,,,,,2026-05-03,2026-05-03
"[28.08.25][มิ้น] 5 ข้อคิด (Tried)",120235811354800260,2026-05-03,not_delivering,ad,,,,,0,,0,0,,,,,,,,,2026-05-03,2026-05-03
"[16.07.25][มิ้น] แด่ความโดดเดี่ยว (Ghostly)",120233369166190260,2026-05-03,inactive,ad,,,,,0,,0,0,,,,,,,,,2026-05-03,2026-05-03
"[10.05.25][มิ้น] เล่มนี้ทำให้เข้าใจดี (Embrace)",120228491715490260,2026-05-03,inactive,ad,,,,,0,,0,0,,,,,,,,,2026-05-03,2026-05-03
"[14.07.25][มิ้น] 5 สัญญาณ Toxic (Ghostly)",120232760583400260,2026-05-03,inactive,ad,,,,,0,,0,0,,,,,,,,,2026-05-03,2026-05-03
"[30.03.25][มิ้น] แกล้งทำเป็นมั่นใจ (Witches)",120223301774010260,2026-05-03,inactive,ad,,,,,0,,0,0,,,,,,,,,2026-05-03,2026-05-03
"[03.12.25][มิ้น] น้ำตาซึมไปหลายวัน (Remains)",120241545752140260,2026-05-03,not_delivering,ad,,,,,0,,0,0,,,,,,,,,2026-05-03,2026-05-03
"[24.07.25][มิ้น] นี่ไม่ใช่แค่ไพ่ดูดวง (Witches)",120233478965680260,2026-05-03,not_delivering,ad,,,,,0,,0,0,,,,,,,,,2026-05-03,2026-05-03
"[01.03.26][มิ้น] รี stock เล่มลายเซ็นหมอทานตะวัน (สัมภาษณ์หมอ) (Trap) (Cross Page)",120245623797850260,2026-05-03,not_delivering,ad,,,,,0,,0,0,,,,,,,,,2026-05-03,2026-05-03
"[03.09.25][มิ้น] อยากให้ทุกคนอ่าน (Ghostly)",120236711868700260,2026-05-03,not_delivering,ad,,,,,0,,0,0,,,,,,,,,2026-05-03,2026-05-03
"[25.07.25][มิ้น] ฮีลใจวัยทำงาน (Tried)",120233576766420260,2026-05-03,inactive,ad,,,,,0,,0,0,,,,,,,,,2026-05-03,2026-05-03
"[03.12.25][มิ้น] เล่มนี้ทำน้ำตาไหลหนักมาก (Ghostly)",120244295236620260,2026-05-03,not_delivering,ad,,,,,0,,0,0,,,,,,,,,2026-05-03,2026-05-03
"[12.11.24] [มิ้น] 2 หนังสือเล่มใหม่ที่ถูกเขียนด้วยน้ำตา แพ็กคู่ 529",120216878926240260,2026-05-03,inactive,ad,,,,,0,,0,0,,,,,,,,,2026-05-03,2026-05-03
"[08.04.26][มิ้น] 5 วิธีปล่อยวางให้ใจสงบ (Remains)",120246834729500260,2026-05-03,inactive,ad,,,,,0,,0,0,,,,,,,,,2026-05-03,2026-05-03
"[06.11.25][มิ้น] เพราะพรุ่งนี้แกอาจ (Ghostly) (Reels)",120243129728330260,2026-05-03,not_delivering,ad,,,,,0,,0,0,,,,,,,,,2026-05-03,2026-05-03
"[03.09.25][มิ้น] Unboxing New Books (Demons)",120236620456520260,2026-05-03,not_delivering,ad,,,,,0,,0,0,,,,,,,,,2026-05-03,2026-05-03
"[03.09.25][มิ้น] จากเล่ม 1 สู่เล่ม 2 (Demons)",120236324479820260,2026-05-03,not_delivering,ad,,,,,0,,0,0,,,,,,,,,2026-05-03,2026-05-03
"[01.10.25][มิ้น] Unpack (Ghostly)",120238530714660260,2026-05-03,not_delivering,ad,,,,,0,,0,0,,,,,,,,,2026-05-03,2026-05-03
"[28.08.25][มิ้น] 5 ข้อคิด (Tried)",120235856501770260,2026-05-03,not_delivering,ad,,,,,0,,0,0,,,,,,,,,2026-05-03,2026-05-03
"[02.04.26][มิ้น] อย่าปล่อยให้อีโก้ (Trap)",120247605151330260,2026-05-03,not_delivering,ad,การสนทนาผ่านการส่งข้อความที่เริ่มขึ้น,,,,0,,0,0,,,,,,,,,2026-05-03,2026-05-03
"[11.04.26][มิ้น] สงกรานต์โจ๊ะโจ๊ะ! โละราคาเดียว (Promotion)",120247115309270260,2026-05-03,not_delivering,ad,,,,,0,,0,0,,,,,,,,,2026-05-03,2026-05-03
"[03.12.25][มิ้น] ประโยคที่ยังเตือนสติได้ดีเสมอ (ปีศาจตัวนั้น)",120241544835610260,2026-05-03,not_delivering,ad,,,,,0,,0,0,,,,,,,,,2026-05-03,2026-05-03
"[14.11.24] [มิ้น] 5 เหตุผลทำไมต้องซื้อเล่มนี้ (Life)",120217230559090260,2026-05-03,not_delivering,ad,,,,,0,,0,0,,,,,,,,,2026-05-03,2026-05-03
"[03.03.26][มิ้น] ไม่เคยร้องไห้กับหนังสือจนมาเจอ 2 เล่มนี้ (Ghostly) (Remains)",120245217606240260,2026-05-03,not_delivering,ad,,,,,0,,0,0,,,,,,,,,2026-05-03,2026-05-03
"[27.03.26][มิ้น] เลิกเก็บทุกอย่างมาคิด ชีวิตจะง่ายขึ้น (Remains)",120246200053760260,2026-05-03,not_delivering,ad,,,,,0,,0,0,,,,,,,,,2026-05-03,2026-05-03
"[09.10.14] [มิ้น] แด่รักข้างเดียว (โอบกอด)",120216147644680260,2026-05-03,inactive,ad,,,,,0,,0,0,,,,,,,,,2026-05-03,2026-05-03
"[25.10.25][มิ้น] ป้ายยา 2 หนังสือ (Remains)",120239272074180260,2026-05-03,not_delivering,ad,,,,,0,,0,0,,,,,,,,,2026-05-03,2026-05-03
"[17.02.26][มิ้น] 20 เล่มลายเซ็น (Trap)",120244520828000260,2026-05-03,not_delivering,ad,,,,,0,,0,0,,,,,,,,,2026-05-03,2026-05-03
"[02.06.25][มิ้น] ถ้าแกพร้อมที่จะรักตัวเอง (ปีศาจตัวนั้น) (Reels)",120243296423640260,2026-05-03,not_delivering,ad,,,,,0,,0,0,,,,,,,,,2026-05-03,2026-05-03
"[23.07.25][มิ้น] อ่านแล้วหายเหนื่อย (Tried)",120235785739660260,2026-05-03,not_delivering,ad,,,,,0,,0,0,,,,,,,,,2026-05-03,2026-05-03
"[03.05.25][มิ้น] 5.5 จัดโปร Boxset ฮีลใจ 555.- (Promotion_DD)",120227807456390260,2026-05-03,inactive,ad,,,,,0,,0,0,,,,,,,,,2026-05-03,2026-05-03
"[18.04.25][มิ้น] ก่อนนอน อยากให้คุณได้อ่าน (Kiwtum)",120227045791650260,2026-05-03,inactive,ad,,,,,0,,0,0,,,,,,,,,2026-05-03,2026-05-03
"[17.09.25][มิ้น] การมีชีวิตที่โดดเดี่ยว (Ghostly)",120237028851560260,2026-05-03,inactive,ad,,,,,0,,0,0,,,,,,,,,2026-05-03,2026-05-03
"[19.11.24] [มิ้น] เพราะส่วนลึกที่สุดของทะเล (โอบกอด)",120231191714460260,2026-05-03,not_delivering,ad,,,,,0,,0,0,,,,,,,,,2026-05-03,2026-05-03
"[24.10.24] [มิ้น] Payday นี้ เทโปรแรง จนขนลุก",120216536932820260,2026-05-03,not_delivering,ad,,,,,0,,0,0,,,,,,,,,2026-05-03,2026-05-03
"[24.07.25][มิ้น] เหม็นจริง เหม็นแกล้ง (Ghostly)",120233476156920260,2026-05-03,not_delivering,ad,,,,,0,,0,0,,,,,,,,,2026-05-03,2026-05-03
"[02.04.26][มิ้น] อย่าปล่อยให้อีโก้ (Trap)",120247161343400260,2026-05-03,not_delivering,ad,,,,,0,,0,0,,,,,,,,,2026-05-03,2026-05-03
"[13.03.25][มิ้น] Mid Month จับคู่ 2 Boxset 990.- (Promotion_MM)",120222073733120260,2026-05-03,inactive,ad,,,,,0,,0,0,,,,,,,,,2026-05-03,2026-05-03
"[06.08.25][มิ้น] ประโยคในหนังสือ (Garden)",120234466304420260,2026-05-03,not_delivering,ad,,,,,0,,0,0,,,,,,,,,2026-05-03,2026-05-03
"[16.07.25][มิ้น] แด่ความโดดเดี่ยว (Ghostly)",120235575715500260,2026-05-03,not_delivering,ad,,,,,0,,0,0,,,,,,,,,2026-05-03,2026-05-03
"[26.11.25][มิ้น] ภาคต่อหนังสือฮีลใจ (Remains)",120241140441250260,2026-05-03,inactive,ad,,,,,0,,0,0,,,,,,,,,2026-05-03,2026-05-03
"[24.06.25][มิ้น] นี่คือเรื่องราวของหญิงสาว (Ghostly)",120231577055750260,2026-05-03,not_delivering,ad,,,,,0,,0,0,,,,,,,,,2026-05-03,2026-05-03
"[12.12.25][มิ้น] ครอบครัวคือที่ที่ปลอดภัยที่สุด (Ghostly)",120243026002450260,2026-05-03,inactive,ad,,,,,0,,0,0,,,,,,,,,2026-05-03,2026-05-03
"[17.07.25] [ขมิ้น] Podcast ความสัมพันธ์ Toxic (Ghostly)",120233473569200260,2026-05-03,not_delivering,ad,,,,,0,,0,0,,,,,,,,,2026-05-03,2026-05-03
"[21.09.24] [มิ้น] คนเราแตกสลายได้กี่ครั้ง",120216829324590260,2026-05-03,inactive,ad,,,,,0,,0,0,,,,,,,,,2026-05-03,2026-05-03
"[03.12.25][มิ้น] อ่านจบโคตรรักตัวเองเลย (Ghostly)",120241546566070260,2026-05-03,inactive,ad,,,,,0,,0,0,,,,,,,,,2026-05-03,2026-05-03
"[18.11.25][มิ้น] อยู่คนเดียวเป็นเรื่องยาก ? (Ghostly)",120240738900690260,2026-05-03,not_delivering,ad,,,,,0,,0,0,,,,,,,,,2026-05-03,2026-05-03
"[07.08.25][มิ้น] ชอบประโยคไหน (Tried)",120234612956820260,2026-05-03,inactive,ad,,,,,0,,0,0,,,,,,,,,2026-05-03,2026-05-03
"[03.07.25][มิ้น] ข้อความสุดท้ายฝากถึงนุด (Ghostly)",120232134899220260,2026-05-03,not_delivering,ad,,,,,0,,0,0,,,,,,,,,2026-05-03,2026-05-03
"[13.12.24] [มิ้น] อยากให้ตัวเองในอนาคตได้อ่านประโยคนี้ (Ghost)",120217790504530260,2026-05-03,inactive,ad,,,,,0,,0,0,,,,,,,,,2026-05-03,2026-05-03
"[03.09.25][มิ้น] อยากให้ทุกคนอ่าน (Ghostly)",120236310018620260,2026-05-03,not_delivering,ad,,,,,0,,0,0,,,,,,,,,2026-05-03,2026-05-03
"[29.10.25][มิ้น] 2 หนังสือเรียกน้ำตา (Remains)",120239541057840260,2026-05-03,not_delivering,ad,,,,,0,,0,0,,,,,,,,,2026-05-03,2026-05-03
"[24.12.25][มิ้น] อย่ากลัวที่จะโดดเดี่ยว (Ghostly)",120243177936610260,2026-05-03,inactive,ad,,,,,0,,0,0,,,,,,,,,2026-05-03,2026-05-03
"[05.09.25][มิ้น] อะไรเดิมๆ (Witches)",120236553069070260,2026-05-03,not_delivering,ad,,,,,0,,0,0,,,,,,,,,2026-05-03,2026-05-03
"[13.12.24] [มิ้น] เราต่างกันเกินไป (โอบกอด)",120217799222420260,2026-05-03,inactive,ad,,,,,0,,0,0,,,,,,,,,2026-05-03,2026-05-03
"[09.11.24] [มิ้น] เราทุกคนต่างไม่มีใครสมบูรณ์แบบ (โอบกอด)",120216908310540260,2026-05-03,inactive,ad,,,,,0,,0,0,,,,,,,,,2026-05-03,2026-05-03
"[05.03.26][มิ้น] เพราะพรุ่งนี้ที่รออาจจะมาไม่ถึง (Kiwtum)",120246518455940260,2026-05-03,active,ad,"การซื้อบน Meta",3,51.76666667,379,155.3,2.44043786,1450,1301,3,3,51.76666667,2,4,8.89655172,107.10344828,1,2026-05-03,2026-05-03
"[11.06.25][มิ้น] อยากให้ชาตินี้ได้อ่านเล่มนี้ (ปีศาจตัวนั้น)",120234065150800260,2026-05-03,inactive,ad,,,,,0,,0,0,,,,,,,,,2026-05-03,2026-05-03
"[29.01.26][มิ้น] Unboxing หนังสือเล่มแรกของปี 2026 (Trap)",120244542200820260,2026-05-03,not_delivering,ad,,,,,0,,0,0,,,,,,,,,2026-05-03,2026-05-03
"[06.02.25][มิ้น] บทที่ 3 คนแปลกหน้าในฐานะคนรู้จัก (Embrace)",120219540042510260,2026-05-03,inactive,ad,,,,,0,,0,0,,,,,,,,,2026-05-03,2026-05-03
"[04.02.26][มิ้น] มนุษย์ที่เป็นคนดี (สัมภาษณ์หมอ) (Trap)",120246310168180260,2026-05-03,not_delivering,ad,,,,,0,,0,0,,,,,,,,,2026-05-03,2026-05-03
"[18.02.26][มิ้น] 2 หนังสือการ์ตูน Comic (Remains)",120244476192420260,2026-05-03,not_delivering,ad,,,,,0,,0,0,,,,,,,,,2026-05-03,2026-05-03
"[24.04.25][มิ้น] PAYDAY APR 3 แถม 1 (Promotion_Payday)",120226631957620260,2026-05-03,inactive,ad,,,,,0,,0,0,,,,,,,,,2026-05-03,2026-05-03
"[25.03.35][มิ้น] ประโยคหลังปก (Gift)",120222719671710260,2026-05-03,inactive,ad,,,,,0,,0,0,,,,,,,,,2026-05-03,2026-05-03
"[23.01.26][มิ้น] บางคนตายไป (Ghostly)",120243886890210260,2026-05-03,not_delivering,ad,,,,,0,,0,0,,,,,,,,,2026-05-03,2026-05-03
"[29.01.26][มิ้น] Unboxing หนังสือเล่มแรกของปี 2026 (Trap)",120243759076580260,2026-05-03,not_delivering,ad,,,,,0,,0,0,,,,,,,,,2026-05-03,2026-05-03
"[04.03.26][มิ้น] แม่อยากให้ลูกมั่นคง (Remains)",120245128912130260,2026-05-03,not_delivering,ad,,,,,0,,0,0,,,,,,,,,2026-05-03,2026-05-03
"[21.03.25][มิ้น] Unboxing newbook (Gift)",120222458210800260,2026-05-03,inactive,ad,,,,,0,,0,0,,,,,,,,,2026-05-03,2026-05-03
"[29.10.25][มิ้น] 2 หนังสือเรียกน้ำตา (Remains)",120243129531340260,2026-05-03,not_delivering,ad,,,,,0,,0,0,,,,,,,,,2026-05-03,2026-05-03
"[12.02.26][มิ้น] ความผิดหวัง (Witches)",120244260122820260,2026-05-03,not_delivering,ad,,,,,0,,0,0,,,,,,,,,2026-05-03,2026-05-03
"[22.07.25][มิ้น] เล่มใหม่ออกมาอีกแล้ว (Tried)",120233014041520260,2026-05-03,inactive,ad,,,,,0,,0,0,,,,,,,,,2026-05-03,2026-05-03
"[20.03.26][มิ้น] คนคิดเยอะมักเจ็บจากความคิดตัวเอง (Trap)",120246309977310260,2026-05-03,not_delivering,ad,,,,,0,,0,0,,,,,,,,,2026-05-03,2026-05-03
"[22.03.26][มิ้น] มีประโยคหนึ่งในหนังสือ (Witches)",120246834483080260,2026-05-03,inactive,ad,,,,,0,,0,0,,,,,,,,,2026-05-03,2026-05-03
"[03.09.25][มิ้น] เล่มใหม่ให้ 1000/100 (Demons)",120240179503790260,2026-05-03,not_delivering,ad,,,,,0,,0,0,,,,,,,,,2026-05-03,2026-05-03
"[23.11.24] [มิ้น] Payday Nov 999.-",120217299345610260,2026-05-03,not_delivering,ad,,,,,0,,0,0,,,,,,,,,2026-05-03,2026-05-03
"[03.09.25][มิ้น] เล่มใหม่ให้ 1000/100 (Demons) (QuickReply)",120238020999880260,2026-05-03,not_delivering,ad,,,,,0,,0,0,,,,,,,,,2026-05-03,2026-05-03
"[22.05.25][มิ้น] หนังสือใหม่ออกมาอีกละ!!! (Ghostly)",120229087528170260,2026-05-03,inactive,ad,,,,,0,,0,0,,,,,,,,,2026-05-03,2026-05-03
"[12.03.25] [มิ้น] มีบทความจากหนังสือเล่มหนึ่งเขาบอกไว้ว่า (Kiwtum)",120221884542940260,2026-05-03,inactive,ad,,,,,0,,0,0,,,,,,,,,2026-05-03,2026-05-03
"[20.08.25][มิ้น] ไม่เคยคิดว่าแค่หนังสือเล่มเดียว (Ghostly)",120235299781880260,2026-05-03,inactive,ad,,,,,0,,0,0,,,,,,,,,2026-05-03,2026-05-03
"[02.06.25][มิ้น] หนังสือที่ดูดวงได้ (Witches)",120229859683740260,2026-05-03,inactive,ad,,,,,0,,0,0,,,,,,,,,2026-05-03,2026-05-03
"[02.04.26][มิ้น] อย่าปล่อยให้อีโก้ (Trap)",120246835016100260,2026-05-03,not_delivering,ad,,,,,0,,0,0,,,,,,,,,2026-05-03,2026-05-03
"[30.10.25][มิ้น] เปลี่ยนความทุกข์ (Witches)",120239971450770260,2026-05-03,not_delivering,ad,,,,,0,,0,0,,,,,,,,,2026-05-03,2026-05-03
"[04.12.24] [มิ้น] 5 เทคนิคเก็บเงินง่ายๆ (Million)",120217602922240260,2026-05-03,inactive,ad,,,,,0,,0,0,,,,,,,,,2026-05-03,2026-05-03
"[01.07.25][มิ้น] บทที่ 24 (Embrace)",120232037535200260,2026-05-03,inactive,ad,,,,,0,,0,0,,,,,,,,,2026-05-03,2026-05-03
"[18.09.25][มิ้น] Unbox The Witches (Witches)",120237333302220260,2026-05-03,inactive,ad,,,,,0,,0,0,,,,,,,,,2026-05-03,2026-05-03
"[22.07.25][มิ้น] เล่มใหม่ออกมาอีกแล้ว (Tried)",120233014225150260,2026-05-03,inactive,ad,,,,,0,,0,0,,,,,,,,,2026-05-03,2026-05-03
"[03.09.25][มิ้น] จากเล่ม 1 สู่เล่ม 2 (Demons)",120236030953940260,2026-05-03,not_delivering,ad,,,,,0,,0,0,,,,,,,,,2026-05-03,2026-05-03
"[17.02.26][มิ้น] 20 เล่มลายเซ็น (Trap)",120245730415210260,2026-05-03,not_delivering,ad,,,,,0,,0,0,,,,,,,,,2026-05-03,2026-05-03
"[02.06.25][มิ้น] ถ้าแกพร้อมที่จะรักตัวเอง (ปีศาจตัวนั้น) (Reels)",120242961958670260,2026-05-03,not_delivering,ad,,,,,0,,0,0,,,,,,,,,2026-05-03,2026-05-03
"[11.02.25][มิ้น] สัมภาษณ์คุณปั๊ม คิ้วต่ำ (Kiwtum)",120245719422300260,2026-05-03,inactive,ad,,,,,0,,0,0,,,,,,,,,2026-05-03,2026-05-03
"[02.04.26][มิ้น] อย่าปล่อยให้อีโก้ (Trap)",120247119961170260,2026-05-03,not_delivering,ad,,,,,0,,0,0,,,,,,,,,2026-05-03,2026-05-03
"[13.10.25][มิ้น] น้ำตาคาเบ้า (ปีศาจตัวนั้น)",120238524286540260,2026-05-03,not_delivering,ad,,,,,0,,0,0,,,,,,,,,2026-05-03,2026-05-03
"[06.11.25][มิ้น] เพราะพรุ่งนี้แกอาจ (Ghostly)",120240331080230260,2026-05-03,inactive,ad,,,,,0,,0,0,,,,,,,,,2026-05-03,2026-05-03
"[05.03.26][มิ้น] เพราะพรุ่งนี้ที่รออาจจะมาไม่ถึง (Kiwtum)",120245216252630260,2026-05-03,not_delivering,ad,,,,,0,,0,0,,,,,,,,,2026-05-03,2026-05-03
"[10.07.25][มิ้น] หนังสือที่อยากบอกคุณว่า (ปีศาจตัวนั้น)",120232570296820260,2026-05-03,not_delivering,ad,,,,,0,,0,0,,,,,,,,,2026-05-03,2026-05-03
"[17.02.26][มิ้น] 20 เล่มลายเซ็น (Trap)",120244520814860260,2026-05-03,not_delivering,ad,,,,,0,,0,0,,,,,,,,,2026-05-03,2026-05-03
"[07.11.25][มิ้น] พออ่านแล้วจึงได้เข้าใจ (Tried)",120241142632720260,2026-05-03,inactive,ad,,,,,0,,0,0,,,,,,,,,2026-05-03,2026-05-03
"[15.10.24] [มิ้น] จุดเปลี่ยนของชีวิต (Life)",120216294281050260,2026-05-03,inactive,ad,,,,,0,,0,0,,,,,,,,,2026-05-03,2026-05-03
"[27.11.25][มิ้น] ถ้ารอต่อไปอีกหน่อย (Demons)",120241407826560260,2026-05-03,not_delivering,ad,,,,,0,,0,0,,,,,,,,,2026-05-03,2026-05-03
"[21.09.24] [มิ้น] คนเราแตกสลายได้กี่ครั้ง",120215723554210260,2026-05-03,inactive,ad,,,,,0,,0,0,,,,,,,,,2026-05-03,2026-05-03
"[25.02.25][มิ้น] ประโยคหลังปกคุณมุก (Embrace)",120220872947650260,2026-05-03,inactive,ad,,,,,0,,0,0,,,,,,,,,2026-05-03,2026-05-03
"[11.02.25][มิ้น] สัมภาษณ์คุณปั๊ม คิ้วต่ำ (Kiwtum)",120233358283220260,2026-05-03,inactive,ad,,,,,0,,0,0,,,,,,,,,2026-05-03,2026-05-03
"[22.09.25][มิ้น] Boxset เปลี่ยนความทุกข์ (Witches)",120237333302210260,2026-05-03,not_delivering,ad,,,,,0,,0,0,,,,,,,,,2026-05-03,2026-05-03
"[13.04.26][มิ้น] อยู่อย่างโดดเดี่ยว ก็ไม่ได้แย่เสมอไป (Ghostly)",120247075441120260,2026-05-03,not_delivering,ad,,,,,0,,0,0,,,,,,,,,2026-05-03,2026-05-03
"[14.11.24] [มิ้น] 5 เหตุผลทำไมต้องซื้อเล่มนี้ (Life)",120217045651520260,2026-05-03,inactive,ad,,,,,0,,0,0,,,,,,,,,2026-05-03,2026-05-03
"[17.08.24] [มิ้น] 5 ข้อ Move on",120214870359520260,2026-05-03,inactive,ad,,,,,0,,0,0,,,,,,,,,2026-05-03,2026-05-03
"[11.02.25][มิ้น] อย่ารอให้คนที่ไม่ใช่กลายเป็นคนที่ใช่ (ปีศาจตัวนั้น)",120219748342150260,2026-05-03,inactive,ad,,,,,0,,0,0,,,,,,,,,2026-05-03,2026-05-03
"[12.08.25][มิ้น] ประโยคนี้โคตรจริง (Witches)",120235302434340260,2026-05-03,not_delivering,ad,,,,,0,,0,0,,,,,,,,,2026-05-03,2026-05-03
"[28.08.25][มิ้น] ปีศาจอาจไม่ได้เกิดจากข้างนอก (ปีศาจตัวนั้น)",120235812189640260,2026-05-03,not_delivering,ad,,,,,0,,0,0,,,,,,,,,2026-05-03,2026-05-03
"[07.03.25][มิ้น] ASMR Unboxing (Witches)",120221521304120260,2026-05-03,inactive,ad,,,,,0,,0,0,,,,,,,,,2026-05-03,2026-05-03
"[23.07.25][มิ้น] อ่านแล้วหายเหนื่อย (Tried)",120236237122600260,2026-05-03,not_delivering,ad,,,,,0,,0,0,,,,,,,,,2026-05-03,2026-05-03
"[27.11.24] [มิ้น] 5 คำเตือนสุดท้ายของชีวิต (Ghost) (Reels)",120243183066160260,2026-05-03,not_delivering,ad,,,,,0,,0,0,,,,,,,,,2026-05-03,2026-05-03
"[17.02.26][มิ้น] 20 เล่มลายเซ็น (Trap) (Cross Page)",120244538165630260,2026-05-03,not_delivering,ad,,,,,0,,0,0,,,,,,,,,2026-05-03,2026-05-03
"[04.02.26][มิ้น] มนุษย์ที่เป็นคนดี (สัมภาษณ์หมอ) (Trap)",120243955483030260,2026-05-03,inactive,ad,,,,,0,,0,0,,,,,,,,,2026-05-03,2026-05-03
"[04.02.26][มิ้น] มนุษย์ที่เป็นคนดี (สัมภาษณ์หมอ) (Trap)",120246310148080260,2026-05-03,not_delivering,ad,,,,,0,,0,0,,,,,,,,,2026-05-03,2026-05-03
"[22.09.25][มิ้น] เล่มใหม่ 1000/100 (Remains)",120237920193550260,2026-05-03,inactive,ad,,,,,0,,0,0,,,,,,,,,2026-05-03,2026-05-03
"[20.01.25][Garden_Boxset][มิ้น][VDO] 5 ประโยคปลดล็อค",120220348272010260,2026-05-03,archived,ad,,,,,0,,0,0,,,,,,,,,2026-05-03,2026-05-03
"[07.10.25][มิ้น] ชอบคนใจดี (Ghostly)",120238261873350260,2026-05-03,not_delivering,ad,,,,,0,,0,0,,,,,,,,,2026-05-03,2026-05-03
"[17.03.25][มิ้น] การ์ดอยากบอกอะไรคุณ (Witches) - Copy",120222333463860260,2026-05-03,archived,ad,,,,,0,,0,0,,,,,,,,,2026-05-03,2026-05-03
"[30.04.25][มิ้น] จากใจนักเขียน “คิ้วต่ำ” (Kiwtum)",120227299606950260,2026-05-03,inactive,ad,,,,,0,,0,0,,,,,,,,,2026-05-03,2026-05-03
"[11.02.25][มิ้น] สัมภาษณ์คุณปั๊ม คิ้วต่ำ (Kiwtum)",120221825585630260,2026-05-03,inactive,ad,,,,,0,,0,0,,,,,,,,,2026-05-03,2026-05-03
"[29.10.25][มิ้น] 2 หนังสือเรียกน้ำตา (Remains)",120241545057660260,2026-05-03,inactive,ad,,,,,0,,0,0,,,,,,,,,2026-05-03,2026-05-03
"[03.09.25][มิ้น] จากเล่ม 1 สู่เล่ม 2 (Demons)",120236029767140260,2026-05-03,inactive,ad,,,,,0,,0,0,,,,,,,,,2026-05-03,2026-05-03
"[06.10.25][มิ้น] คนที่ควรหยิบมาอ่าน (Remains)",120237933078650260,2026-05-03,inactive,ad,,,,,0,,0,0,,,,,,,,,2026-05-03,2026-05-03
"[22.08.25][มิ้น] รีสต็อกแล้ว รีบสั่งก่อนหมด (Ghostly)",120235864651200260,2026-05-03,not_delivering,ad,,,,,0,,0,0,,,,,,,,,2026-05-03,2026-05-03
"[03.09.25][มิ้น] อยากให้ทุกคนอ่าน (Ghostly)",120240491398420260,2026-05-03,inactive,ad,,,,,0,,0,0,,,,,,,,,2026-05-03,2026-05-03
"[22.05.25][มิ้น] หนังสือใหม่ออกมาอีกละ!!! (Ghostly)",120229092583930260,2026-05-03,inactive,ad,,,,,0,,0,0,,,,,,,,,2026-05-03,2026-05-03
"[22.05.25][มิ้น] จะเป็นยังไง! เมื่อคนที่หมดแพชชัน  ต้องไปเป็นที่ปรึกษาให้เหล่าดวงวิญญาณ (Ghostly)",120232601758450260,2026-05-03,inactive,ad,,,,,0,,0,0,,,,,,,,,2026-05-03,2026-05-03
"[25.07.25][มิ้น] หนังสือฮีลใจที่คุ้มที่สุด (Witches)",120233514010920260,2026-05-03,archived,ad,,,,,0,,0,0,,,,,,,,,2026-05-03,2026-05-03
"[07.03.25][มิ้น] ASMR Unboxing (Witches)",120221510525470260,2026-05-03,not_delivering,ad,,,,,0,,0,0,,,,,,,,,2026-05-03,2026-05-03
"[16.10.25][มิ้น] หนังสือฮีลใจฮาโลวีน (Demons)",120238779742340260,2026-05-03,inactive,ad,,,,,0,,0,0,,,,,,,,,2026-05-03,2026-05-03
"[21.05.25][มิ้น] หนังสือที่ว่าฮีลใจแล้ว… (Witches)",120229194871860260,2026-05-03,inactive,ad,,,,,0,,0,0,,,,,,,,,2026-05-03,2026-05-03
"[11.06.25][มิ้น] ชายคนหนึ่งตกหลุมรักสาวใบ้ (Ghostly)",120230769104830260,2026-05-03,inactive,ad,,,,,0,,0,0,,,,,,,,,2026-05-03,2026-05-03
"[21.04.26][มิ้น] บุฟเฟต์ฮีลใจ (Promotion)",120247439156500260,2026-05-03,not_delivering,ad,,,,,0,,0,0,,,,,,,,,2026-05-03,2026-05-03
"[02.06.25][มิ้น] รีแอค ขมิ้น (Ghostly)",120236604362370260,2026-05-03,inactive,ad,,,,,0,,0,0,,,,,,,,,2026-05-03,2026-05-03
"[24.12.25][มิ้น] ดวงสมพงษ์กัน (Witches)",120243923853390260,2026-05-03,not_delivering,ad,,,,,0,,0,0,,,,,,,,,2026-05-03,2026-05-03
"[11.02.25][มิ้น] สัมภาษณ์คุณปั๊ม คิ้วต่ำ (Kiwtum)",120219600417090260,2026-05-03,inactive,ad,,,,,0,,0,0,,,,,,,,,2026-05-03,2026-05-03
"[13.08.25][มิ้น] ชีวิตเหมือนบุฟเฟต์ (ปีศาจตัวนั้น) (Reels)",120243296122960260,2026-05-03,not_delivering,ad,,,,,0,,0,0,,,,,,,,,2026-05-03,2026-05-03
"[03.09.25][มิ้น] จากเล่ม 1 สู่เล่ม 2 (Demons)",120236620453220260,2026-05-03,inactive,ad,,,,,0,,0,0,,,,,,,,,2026-05-03,2026-05-03
"[13.04.26][มิ้น] ทุกคนมีโกฮังเป็นของตัวเอง (Remains)",120247075369270260,2026-05-03,inactive,ad,,,,,0,,0,0,,,,,,,,,2026-05-03,2026-05-03
"[25.01.25][มิ้น] ทุกคนเคยตั้งคำถามกับตัวเองมั้ย (Kidmakk)",120219025649440260,2026-05-03,inactive,ad,,,,,0,,0,0,,,,,,,,,2026-05-03,2026-05-03
"[04.02.26][มิ้น] มนุษย์ที่เป็นคนดี (สัมภาษณ์หมอ) (Trap)",120244120919070260,2026-05-03,not_delivering,ad,การสนทนาผ่านการส่งข้อความที่เริ่มขึ้น,,,,0,,0,0,,,,,,,,,2026-05-03,2026-05-03
"[01.03.26][มิ้น] รี stock เล่มลายเซ็นหมอทานตะวัน (สัมภาษณ์หมอ) (Trap)",120245054359200260,2026-05-03,not_delivering,ad,,,,,0,,0,0,,,,,,,,,2026-05-03,2026-05-03
"[12.09.25][มิ้น] ใครที่กำลังหมดแพชชัน (Ghostly)",120236738556320260,2026-05-03,not_delivering,ad,,,,,0,,0,0,,,,,,,,,2026-05-03,2026-05-03
"[19.12.24] [มิ้น] สัมภาษณ์คุณตูน (Million)",120217934601720260,2026-05-03,inactive,ad,,,,,0,,0,0,,,,,,,,,2026-05-03,2026-05-03
"[13.11.24] [มิ้น] การเป็นตัวเองทำให้รู้สึกไม่มั่นใจ (Helmet_Boxset) (Reels)",120243182318950260,2026-05-03,not_delivering,ad,,,,,0,,0,0,,,,,,,,,2026-05-03,2026-05-03
"[25.12.24] [มิ้น] unboxing new book (Kidmakk)",120218127245030260,2026-05-03,inactive,ad,,,,,0,,0,0,,,,,,,,,2026-05-03,2026-05-03
"[13.08.25][มิ้น] แม้คนในครอบครัวจะจากไป (ปีศาจตัวนั้น)",120234926429980260,2026-05-03,not_delivering,ad,,,,,0,,0,0,,,,,,,,,2026-05-03,2026-05-03
"[25.02.26][มิ้น] 5 วิธีรับมือกับ “ความรู้สึกผิด” (Trap)",120244858632970260,2026-05-03,not_delivering,ad,,,,,0,,0,0,,,,,,,,,2026-05-03,2026-05-03
"[11.03.25] [มิ้น] บทที่นักอ่านไม่ควรพลาด (Witches)",120221884243150260,2026-05-03,archived,ad,,,,,0,,0,0,,,,,,,,,2026-05-03,2026-05-03
"[20.11.25][มิ้น] E-Book หนังสือปีศาจ 1 (E-Book)",120244293677040260,2026-05-03,inactive,ad,,,,,0,,0,0,,,,,,,,,2026-05-03,2026-05-03
"[07.10.25][มิ้น] ชอบคนใจดี (Ghostly)",120238530859190260,2026-05-03,not_delivering,ad,,,,,0,,0,0,,,,,,,,,2026-05-03,2026-05-03
"[21.01.25] [มิ้น] 5 ข้อคิด (Home)",120218671105270260,2026-05-03,inactive,ad,,,,,0,,0,0,,,,,,,,,2026-05-03,2026-05-03
"[02.04.26][มิ้น] อย่าปล่อยให้อีโก้ (Trap)",120247605201740260,2026-05-03,not_delivering,ad,การสนทนาผ่านการส่งข้อความที่เริ่มขึ้น,,,,0,,0,0,,,,,,,,,2026-05-03,2026-05-03
"[13.04.26][มิ้น] อยู่อย่างโดดเดี่ยว ก็ไม่ได้แย่เสมอไป (Ghostly)",120247722034720260,2026-05-03,not_delivering,ad,,,,,0,,0,0,,,,,,,,,2026-05-03,2026-05-03
"[07.11.24] [มิ้น] 11.11 โปรรับหน้าหนาว (1,111)",120216873154980260,2026-05-03,not_delivering,ad,,,,,0,,0,0,,,,,,,,,2026-05-03,2026-05-03
"[07.11.25][มิ้น] เป็นหนังสือรวมประโยค (Tried)",120241248447080260,2026-05-03,not_delivering,ad,,,,,0,,0,0,,,,,,,,,2026-05-03,2026-05-03
"[02.06.25][มิ้น] รีแอค ขมิ้น (Ghostly)",120232601677790260,2026-05-03,inactive,ad,,,,,0,,0,0,,,,,,,,,2026-05-03,2026-05-03
"[11.02.25][มิ้น] สัมภาษณ์คุณปั๊ม คิ้วต่ำ (Kiwtum)",120219869746380260,2026-05-03,not_delivering,ad,,,,,0,,0,0,,,,,,,,,2026-05-03,2026-05-03
"[18.06.25][มิ้น] ประโยคที่ช่วยโอบกอดในวันที่ “ใจพัง” (ปีศาจตัวนั้น)",120231189826060260,2026-05-03,not_delivering,ad,,,,,0,,0,0,,,,,,,,,2026-05-03,2026-05-03
"[11.02.25][มิ้น] สัมภาษณ์คุณปั๊ม คิ้วต่ำ (Kiwtum)",120245847559990260,2026-05-03,inactive,ad,,,,,0,,0,0,,,,,,,,,2026-05-03,2026-05-03
"[11.04.26][มิ้น] สงกรานต์โจ๊ะโจ๊ะ! โละราคาเดียว (Promotion)",120246902085230260,2026-05-03,not_delivering,ad,,,,,0,,0,0,,,,,,,,,2026-05-03,2026-05-03
"[16.10.25][มิ้น] ให้เปิดเล่มนี้เตือนสติ (Remains)",120239254013100260,2026-05-03,not_delivering,ad,,,,,0,,0,0,,,,,,,,,2026-05-03,2026-05-03
"[01.04.26][มิ้น] 5 ข้อคิดที่จะได้รับจากหนังสือ (Trap)",120246512400100260,2026-05-03,not_delivering,ad,การสนทนาผ่านการส่งข้อความที่เริ่มขึ้น,,,,0,,0,0,,,,,,,,,2026-05-03,2026-05-03
"[07.10.25][มิ้น] ชอบคนใจดี (Ghostly) (Reels)",120242989243130260,2026-05-03,not_delivering,ad,,,,,0,,0,0,,,,,,,,,2026-05-03,2026-05-03
"[15.10.24] [มิ้น] จุดเปลี่ยนของชีวิต (Life)",120216294337090260,2026-05-03,inactive,ad,,,,,0,,0,0,,,,,,,,,2026-05-03,2026-05-03
"[02.04.26][มิ้น] อย่าปล่อยให้อีโก้ (Trap)",120247605673240260,2026-05-03,not_delivering,ad,,,,,0,,0,0,,,,,,,,,2026-05-03,2026-05-03
"[29.10.25][มิ้น] 2 หนังสือเรียกน้ำตา (Remains)",120243923545710260,2026-05-03,not_delivering,ad,,,,,0,,0,0,,,,,,,,,2026-05-03,2026-05-03
"[10.05.25][มิ้น] 5 เรื่องจริง (Kiwtum)",120228491751310260,2026-05-03,inactive,ad,,,,,0,,0,0,,,,,,,,,2026-05-03,2026-05-03
"[28.05.25][มิ้น] ปีศาจอาจไม่ได้เกิดจากข้างนอก (ปีศาจตัวนั้น)",120235808316570260,2026-05-03,inactive,ad,,,,,0,,0,0,,,,,,,,,2026-05-03,2026-05-03
"[09.11.24] [มิ้น] เราทุกคนต่างไม่มีใครสมบูรณ์แบบ (โอบกอด)",120217502402910260,2026-05-03,not_delivering,ad,,,,,0,,0,0,,,,,,,,,2026-05-03,2026-05-03
"[24.01.25] [มิ้น] PAYDAY นี้ จ่าย 1 ได้ถึง 5 (Promotion_Payday)",120218919678810260,2026-05-03,not_delivering,ad,,,,,0,,0,0,,,,,,,,,2026-05-03,2026-05-03
"[13.11.25][มิ้น] การถูกมองข้าม (Demons)",120240436764770260,2026-05-03,inactive,ad,,,,,0,,0,0,,,,,,,,,2026-05-03,2026-05-03
"[22.07.25][มิ้น] เล่มใหม่ออกมาอีกแล้ว (Tried)",120233014563490260,2026-05-03,inactive,ad,,,,,0,,0,0,,,,,,,,,2026-05-03,2026-05-03
"[24.12.25][มิ้น] อย่ากลัวที่จะโดดเดี่ยว (Ghostly)",120242559696270260,2026-05-03,not_delivering,ad,,,,,0,,0,0,,,,,,,,,2026-05-03,2026-05-03
"[14.03.26][มิ้น] หยุดด่าตัวเอง (Ghostly)",120245558466620260,2026-05-03,not_delivering,ad,,,,,0,,0,0,,,,,,,,,2026-05-03,2026-05-03
"[28.02.25][มิ้น] 3.3 ชีเสิร์ฟไม่พัก ซื้อ 3 แถม 1 (Promotion_DD)",120221370927880260,2026-05-03,not_delivering,ad,,,,,0,,0,0,,,,,,,,,2026-05-03,2026-05-03
"[01.08.25][มิ้น] พอถึงจุดหนึ่งของชีวิต (Kiwtum)",120234209015410260,2026-05-03,inactive,ad,,,,,0,,0,0,,,,,,,,,2026-05-03,2026-05-03
"[03.03.26][มิ้น] ไม่เคยร้องไห้กับหนังสือจนมาเจอ 2 เล่มนี้ (Ghostly) (Remains)",120246513533230260,2026-05-03,not_delivering,ad,การสนทนาผ่านการส่งข้อความที่เริ่มขึ้น,,,,0,,0,0,,,,,,,,,2026-05-03,2026-05-03
"[24.01.26][มิ้น] เป็นเพื่อนที่ดีให้ได้ (ปีศาจตัวนั้น) (Reels)",120243541915720260,2026-05-03,not_delivering,ad,,,,,0,,0,0,,,,,,,,,2026-05-03,2026-05-03
"[12.07.24] [มิ้น] เกินไปป่ะ (คาปิบาร่า_box set)",120214277940670260,2026-05-03,not_delivering,ad,,,,,0,,0,0,,,,,,,,,2026-05-03,2026-05-03
"[12.07.24] [มิ้น] เกินไปป่ะ (คาปิบาร่า_box set)",120214132683630260,2026-05-03,not_delivering,ad,,,,,0,,0,0,,,,,,,,,2026-05-03,2026-05-03
"[12.07.24] [มิ้น] เกินไปป่ะ (คาปิบาร่า_box set)",120214132751180260,2026-05-03,inactive,ad,,,,,0,,0,0,,,,,,,,,2026-05-03,2026-05-03
"[03.07.24] [มิ้น] Unbox คาปิบาร่า โดนหลอก (คาปิบาร่า_box set)",120214132751190260,2026-05-03,inactive,ad,,,,,0,,0,0,,,,,,,,,2026-05-03,2026-05-03
"[18.07.24] [มิ้น] ความรักกับดอกไม้",120214137282180260,2026-05-03,not_delivering,ad,,,,,0,,0,0,,,,,,,,,2026-05-03,2026-05-03
"[12.07.24] [มิ้น] เกินไปป่ะ (คาปิบาร่า_box set)",120214191579950260,2026-05-03,inactive,ad,,,,,0,,0,0,,,,,,,,,2026-05-03,2026-05-03
"[03.07.24] [มิ้น] Unbox คาปิบาร่า โดนหลอก (คาปิบาร่า_box set)",120214191579940260,2026-05-03,inactive,ad,,,,,0,,0,0,,,,,,,,,2026-05-03,2026-05-03
"[22.07.24] [มิ้น] ทำไมเราถึงชอบเอาตัวเองมาเปรียบเทียบกับคนอื่น (คาปิบาร่า_box set)",120214215023760260,2026-05-03,inactive,ad,,,,,0,,0,0,,,,,,,,,2026-05-03,2026-05-03
"[24.07.24] [มิ้น] ดอกโครคัส",120214265953480260,2026-05-03,inactive,ad,,,,,0,,0,0,,,,,,,,,2026-05-03,2026-05-03
"[03.07.24] [มิ้น] Unbox คาปิบาร่า โดนหลอก (คาปิบาร่า_box set)",120214277940650260,2026-05-03,not_delivering,ad,,,,,0,,0,0,,,,,,,,,2026-05-03,2026-05-03
"[16.07.24] [มิ้น] Test พวงกุญแจ Pilot คลิป",120214070650930260,2026-05-03,not_delivering,ad,,,,,0,,0,0,,,,,,,,,2026-05-03,2026-05-03
"[25.07.24] [มิ้น] เพื่อนใครชอบเทแบบนี้บ้าง (Payday)",120214292291060260,2026-05-03,not_delivering,ad,,,,,0,,0,0,,,,,,,,,2026-05-03,2026-05-03
"[25.07.24] [มิ้น] เพื่อนใครชอบเทแบบนี้บ้าง (Payday)",120214292374300260,2026-05-03,not_delivering,ad,,,,,0,,0,0,,,,,,,,,2026-05-03,2026-05-03
"[25.07.24] [มิ้น] เพื่อนใครชอบเทแบบนี้บ้าง (Payday)",120214323957810260,2026-05-03,not_delivering,ad,,,,,0,,0,0,,,,,,,,,2026-05-03,2026-05-03
"[25.07.24] [มิ้น] เพื่อนใครชอบเทแบบนี้บ้าง (Payday)",120214346663040260,2026-05-03,not_delivering,ad,,,,,0,,0,0,,,,,,,,,2026-05-03,2026-05-03
"[25.07.24] [มิ้น] เพื่อนใครชอบเทแบบนี้บ้าง (Payday)",120214346895380260,2026-05-03,not_delivering,ad,,,,,0,,0,0,,,,,,,,,2026-05-03,2026-05-03
"[12.07.24] [มิ้น] เกินไปป่ะ (คาปิบาร่า_box set)",120214367376790260,2026-05-03,not_delivering,ad,,,,,0,,0,0,,,,,,,,,2026-05-03,2026-05-03
"[03.07.24] [มิ้น] Unbox คาปิบาร่า โดนหลอก (คาปิบาร่า_box set)",120214367376780260,2026-05-03,not_delivering,ad,,,,,0,,0,0,,,,,,,,,2026-05-03,2026-05-03
"[25.07.24] [มิ้น] เพื่อนใครชอบเทแบบนี้บ้าง (Payday)",120214383289460260,2026-05-03,not_delivering,ad,,,,,0,,0,0,,,,,,,,,2026-05-03,2026-05-03
"[03.07.24] [มิ้น] Unbox คาปิบาร่า โดนหลอก (คาปิบาร่า_box set)",120214132683640260,2026-05-03,not_delivering,ad,,,,,0,,0,0,,,,,,,,,2026-05-03,2026-05-03
"[06.07.24] [มิ้น] 7.7 โอกาสดีห้ามพลาด V.2 (โปรกล่องสุ่ม)",120214070630530260,2026-05-03,archived,ad,,,,,0,,0,0,,,,,,,,,2026-05-03,2026-05-03
"[31.07.24] [มิ้น] ฤดูที่ฉันเหงา (ปีศาจความรัก)",120214420705100260,2026-05-03,not_delivering,ad,,,,,0,,0,0,,,,,,,,,2026-05-03,2026-05-03
"[06.07.24] [มิ้น] 7.7 โอกาสดีห้ามพลาด V.2 (โปรกล่องสุ่ม)",120213845827950260,2026-05-03,inactive,ad,,,,,0,,0,0,,,,,,,,,2026-05-03,2026-05-03
"[24.06.24] [มิ้น] 5 ประโยคปลดล็อค (ดอกไม้)",120213594298570260,2026-05-03,inactive,ad,,,,,0,,0,0,,,,,,,,,2026-05-03,2026-05-03
"[26.04.24] [มิ้น] 5 ประโยคฮีลใจ อ่านแล้วเลิกคิดมาก",120213603472720260,2026-05-03,inactive,ad,,,,,0,,0,0,,,,,,,,,2026-05-03,2026-05-03
"[26.04.24] [มิ้น] 5 ประโยคฮีลใจ อ่านแล้วเลิกคิดมาก",120213603573200260,2026-05-03,not_delivering,ad,,,,,0,,0,0,,,,,,,,,2026-05-03,2026-05-03
"[03.07.24] [มิ้น] Unbox คาปิบาร่า โดนหลอก (คาปิบาร่า_box set)",120213765025580260,2026-05-03,not_delivering,ad,,,,,0,,0,0,,,,,,,,,2026-05-03,2026-05-03
"[03.07.24] [มิ้น] Unbox คาปิบาร่า โดนหลอก (คาปิบาร่า_box set)",120213765037580260,2026-05-03,inactive,ad,,,,,0,,0,0,,,,,,,,,2026-05-03,2026-05-03
"[03.07.24] [มิ้น] ปล่อยให้ตัวเองเศร้าบ้างก็ได้",120213765897990260,2026-05-03,inactive,ad,,,,,0,,0,0,,,,,,,,,2026-05-03,2026-05-03
"[03.07.24] [มิ้น] ปล่อยให้ตัวเองเศร้าบ้างก็ได้",120213765907190260,2026-05-03,inactive,ad,,,,,0,,0,0,,,,,,,,,2026-05-03,2026-05-03
"[06.07.24] [มิ้น] 7.7 โอกาสดีห้ามพลาด V.2 (โปรกล่องสุ่ม)",120213845813070260,2026-05-03,inactive,ad,,,,,0,,0,0,,,,,,,,,2026-05-03,2026-05-03
"[06.07.24] [มิ้น] 7.7 โอกาสดีห้ามพลาด V.2 (โปรกล่องสุ่ม)",120213845838780260,2026-05-03,inactive,ad,,,,,0,,0,0,,,,,,,,,2026-05-03,2026-05-03
"[12.07.24] [มิ้น] เกินไปป่ะ (คาปิบาร่า_box set)",120214013182080260,2026-05-03,inactive,ad,,,,,0,,0,0,,,,,,,,,2026-05-03,2026-05-03
"[06.07.24] [มิ้น] 7.7 โอกาสดีห้ามพลาด V.2 (โปรกล่องสุ่ม)",120213845900150260,2026-05-03,inactive,ad,,,,,0,,0,0,,,,,,,,,2026-05-03,2026-05-03
"[06.07.24] [มิ้น] 7.7 โอกาสดีห้ามพลาด V.2 (โปรกล่องสุ่ม)",120213846717150260,2026-05-03,archived,ad,,,,,0,,0,0,,,,,,,,,2026-05-03,2026-05-03
"[08.07.24] [มิ้น] ของขวัญสำหรับคนพิเศษ",120213886281030260,2026-05-03,inactive,ad,,,,,0,,0,0,,,,,,,,,2026-05-03,2026-05-03
"[03.07.24] [มิ้น] ปล่อยให้ตัวเองเศร้าบ้างก็ได้",120213918941180260,2026-05-03,inactive,ad,,,,,0,,0,0,,,,,,,,,2026-05-03,2026-05-03
"[08.07.24] [มิ้น] ของขวัญสำหรับคนพิเศษ",120213920982870260,2026-05-03,inactive,ad,,,,,0,,0,0,,,,,,,,,2026-05-03,2026-05-03
"[08.07.24] [มิ้น] ของขวัญสำหรับคนพิเศษ",120213949048490260,2026-05-03,inactive,ad,,,,,0,,0,0,,,,,,,,,2026-05-03,2026-05-03
"[12.07.24] [มิ้น] หนังสือฮีลใจที่ต้องมีสักเล่ม",120213959666680260,2026-05-03,inactive,ad,,,,,0,,0,0,,,,,,,,,2026-05-03,2026-05-03
"[12.07.24] [มิ้น] เกินไปป่ะ (คาปิบาร่า_box set)",120213991746770260,2026-05-03,inactive,ad,,,,,0,,0,0,,,,,,,,,2026-05-03,2026-05-03
"[24.06.24] [มิ้น] 5 ประโยคปลดล็อค (ดอกไม้)",120214399480140260,2026-05-03,inactive,ad,,,,,0,,0,0,,,,,,,,,2026-05-03,2026-05-03
"[12.07.24] [มิ้น] เกินไปป่ะ (คาปิบาร่า_box set)",120214445025560260,2026-05-03,not_delivering,ad,,,,,0,,0,0,,,,,,,,,2026-05-03,2026-05-03
"[25.06.24] [มิ้น] สาวกห้ามพลาด! คาปิบาร่ามีกล่องสุ่มแล้ว (ไม่บอกราคา) (โปรกล่องสุ่ม)",120213577510910260,2026-05-03,not_delivering,ad,,,,,0,,0,0,,,,,,,,,2026-05-03,2026-05-03
"[29.03.26][มิ้น] เล่มลายเซ็นนักเขียนหมึกซึม (Ghostly) (Remains)",120246204770990260,2026-05-03,not_delivering,ad,,,,,0,,0,0,,,,,,,,,2026-05-03,2026-05-03
"[24.05.25][มิ้น] อ่านแล้วรู้สึกเหมือนได้ยกภูเขาออกจากอก (ปีศาจตัวนั้น)",120233470861380260,2026-05-03,not_delivering,ad,,,,,0,,0,0,,,,,,,,,2026-05-03,2026-05-03
"[13.11.25][มิ้น] โคตรจะชอบประโยคนี้เลย (Demons)",120240436963120260,2026-05-03,not_delivering,ad,,,,,0,,0,0,,,,,,,,,2026-05-03,2026-05-03
"[04.02.26][มิ้น] มนุษย์ที่เป็นคนดี (สัมภาษณ์หมอ) (Trap) (Sale)",120244552668900260,2026-05-03,not_delivering,ad,,,,,0,,0,0,,,,,,,,,2026-05-03,2026-05-03
"[14.03.26][มิ้น] ไม่ต้องอ่านให้จบเล่ม (Remains)",120245559167990260,2026-05-03,not_delivering,ad,,,,,0,,0,0,,,,,,,,,2026-05-03,2026-05-03
"[22.05.25][มิ้น] จะเป็นยังไง! เมื่อคนที่หมดแพชชัน  ต้องไปเป็นที่ปรึกษาให้เหล่าดวงวิญญาณ (Ghostly)",120244773004580260,2026-05-03,not_delivering,ad,,,,,0,,0,0,,,,,,,,,2026-05-03,2026-05-03
"[29.10.25][มิ้น] 2 หนังสือเรียกน้ำตา (Remains)",120240908987250260,2026-05-03,archived,ad,,,,,0,,0,0,,,,,,,,,2026-05-03,2026-05-03
"[29.01.26][มิ้น] Unboxing หนังสือเล่มแรกของปี 2026 (Trap)",120243835535440260,2026-05-03,not_delivering,ad,,,,,0,,0,0,,,,,,,,,2026-05-03,2026-05-03
"[22.01.26][มิ้น] 5 สิ่งที่ทำได้เลย (Trap)",120244313333920260,2026-05-03,not_delivering,ad,,,,,0,,0,0,,,,,,,,,2026-05-03,2026-05-03
"[03.12.25][มิ้น] เล่มนี้ทำน้ำตาไหลหนักมาก (Ghostly)",120243414093590260,2026-05-03,inactive,ad,,,,,0,,0,0,,,,,,,,,2026-05-03,2026-05-03
"[22.10.25][มิ้น] เพราะในทุกความเกลียด (Remains)",120239461693600260,2026-05-03,not_delivering,ad,,,,,0,,0,0,,,,,,,,,2026-05-03,2026-05-03
"[24.12.25][มิ้น] ดวงสมพงษ์กัน (Witches)",120243923601290260,2026-05-03,not_delivering,ad,,,,,0,,0,0,,,,,,,,,2026-05-03,2026-05-03
"[13.04.26][มิ้น] Thankyou next (Remains)",120247075391790260,2026-05-03,inactive,ad,,,,,0,,0,0,,,,,,,,,2026-05-03,2026-05-03
"[19.11.24] [มิ้น] เพราะส่วนลึกที่สุดของทะเล (โอบกอด)",120217165807550260,2026-05-03,not_delivering,ad,,,,,0,,0,0,,,,,,,,,2026-05-03,2026-05-03
"[07.01.25] [มิ้น] มีประโยคนึงในหนังสือเล่มหนึ่ง (Kidmakk)",120218386112020260,2026-05-03,not_delivering,ad,,,,,0,,0,0,,,,,,,,,2026-05-03,2026-05-03
"[25.08.25][มิ้น] เราเช็กดวง (Witches)",120235633850060260,2026-05-03,inactive,ad,,,,,0,,0,0,,,,,,,,,2026-05-03,2026-05-03
"[22.09.25][มิ้น] Boxset เปลี่ยนความทุกข์ (Witches)",120237917604970260,2026-05-03,not_delivering,ad,,,,,0,,0,0,,,,,,,,,2026-05-03,2026-05-03
"[17.02.26][มิ้น] 20 เล่มลายเซ็น (Trap)",120248305688990260,2026-05-03,not_delivering,ad,การสนทนาผ่านการส่งข้อความที่เริ่มขึ้น,2,75.245,,150.49,,1744,1284,,2,75.245,,5,1.49082569,86.29013761,0,2026-05-03,2026-05-03
"[17.08.24] [มิ้น] 5 ข้อ Move on",120214814507140260,2026-05-03,inactive,ad,,,,,0,,0,0,,,,,,,,,2026-05-03,2026-05-03
"[16.10.25][มิ้น] หนังสือฮีลใจฮาโลวีน (Demons)",120238788809930260,2026-05-03,not_delivering,ad,,,,,0,,0,0,,,,,,,,,2026-05-03,2026-05-03
"[03.09.25][มิ้น] หนังเล่มใหม่ที่อานแล้วน้ำตาซึม (Demons)",120236323055900260,2026-05-03,not_delivering,ad,,,,,0,,0,0,,,,,,,,,2026-05-03,2026-05-03
"[03.07.24] [มิ้น] Unbox คาปิบาร่า โดนหลอก (คาปิบาร่า_box set)",120214445216060260,2026-05-03,not_delivering,ad,,,,,0,,0,0,,,,,,,,,2026-05-03,2026-05-03
"[05.08.24] [มิ้น] 8.8 บุฟเฟต์ ฮีลใจจัดให้",120214519321290260,2026-05-03,not_delivering,ad,,,,,0,,0,0,,,,,,,,,2026-05-03,2026-05-03
"[18.07.24] [มิ้น] ความรักกับดอกไม้",120214464520220260,2026-05-03,inactive,ad,,,,,0,,0,0,,,,,,,,,2026-05-03,2026-05-03
"[24.06.24] [มิ้น] 5 ประโยคปลดล็อค (ดอกไม้)",120214491444540260,2026-05-03,inactive,ad,,,,,0,,0,0,,,,,,,,,2026-05-03,2026-05-03
"[03.08.24] [มิ้น] ยกให้เป็นหนังสือในดวงใจ",120214492809050260,2026-05-03,inactive,ad,,,,,0,,0,0,,,,,,,,,2026-05-03,2026-05-03
"[18.07.24] [มิ้น] ความรักกับดอกไม้",120214503495400260,2026-05-03,not_delivering,ad,,,,,0,,0,0,,,,,,,,,2026-05-03,2026-05-03
"[24.07.24] [มิ้น] ดอกโครคัส",120214503500480260,2026-05-03,inactive,ad,,,,,0,,0,0,,,,,,,,,2026-05-03,2026-05-03
"[24.06.24] [มิ้น] 5 ประโยคปลดล็อค (ดอกไม้)",120214503503920260,2026-05-03,inactive,ad,,,,,0,,0,0,,,,,,,,,2026-05-03,2026-05-03
"[12.07.24] [มิ้น] เกินไปป่ะ (คาปิบาร่า_box set)",120214504149530260,2026-05-03,not_delivering,ad,,,,,0,,0,0,,,,,,,,,2026-05-03,2026-05-03
"[03.07.24] [มิ้น] Unbox คาปิบาร่า โดนหลอก (คาปิบาร่า_box set)",120214504149520260,2026-05-03,not_delivering,ad,,,,,0,,0,0,,,,,,,,,2026-05-03,2026-05-03
"[05.08.24] [มิ้น] 8.8 บุฟเฟต์ ฮีลใจจัดให้",120214519375190260,2026-05-03,not_delivering,ad,,,,,0,,0,0,,,,,,,,,2026-05-03,2026-05-03
"[02.06.25][มิ้น] รีแอค ขมิ้น (Ghostly)",120234317491320260,2026-05-03,not_delivering,ad,,,,,0,,0,0,,,,,,,,,2026-05-03,2026-05-03
"[05.08.24] [มิ้น] 8.8 บุฟเฟต์ ฮีลใจจัดให้",120214519474090260,2026-05-03,not_delivering,ad,,,,,0,,0,0,,,,,,,,,2026-05-03,2026-05-03
"[05.08.24] [มิ้น] 8.8 บุฟเฟต์ ฮีลใจจัดให้",120214519485710260,2026-05-03,not_delivering,ad,,,,,0,,0,0,,,,,,,,,2026-05-03,2026-05-03
"[11.02.25][มิ้น] สัมภาษณ์คุณปั๊ม คิ้วต่ำ (Kiwtum)",120221825820790260,2026-05-03,not_delivering,ad,,,,,0,,0,0,,,,,,,,,2026-05-03,2026-05-03
"[22.05.25][มิ้น] จะเป็นยังไง! เมื่อคนที่หมดแพชชัน  ต้องไปเป็นที่ปรึกษาให้เหล่าดวงวิญญาณ (Ghostly)",120232764653310260,2026-05-03,inactive,ad,,,,,0,,0,0,,,,,,,,,2026-05-03,2026-05-03
"[02.06.25][มิ้น] รีแอค ขมิ้น (Ghostly)",120238146231120260,2026-05-03,not_delivering,ad,,,,,0,,0,0,,,,,,,,,2026-05-03,2026-05-03
"[22.07.25][มิ้น] เล่มใหม่ออกมาอีกแล้ว (Tried)",120233014295290260,2026-05-03,inactive,ad,,,,,0,,0,0,,,,,,,,,2026-05-03,2026-05-03
"[07.08.25][มิ้น] เล่มใหม่ล่าสุด (Tried)",120234507579240260,2026-05-03,not_delivering,ad,,,,,0,,0,0,,,,,,,,,2026-05-03,2026-05-03
"[28.05.25][มิ้น] 3 สิ่งที่เล่มนี้อยากบอก (ปีศาจตัวนั้น)",120235808316590260,2026-05-03,not_delivering,ad,,,,,0,,0,0,,,,,,,,,2026-05-03,2026-05-03
"[25.06.24] [มิ้น] สาวกห้ามพลาด! คาปิบาร่ามีกล่องสุ่มแล้ว (ไม่บอกราคา) (โปรกล่องสุ่ม)",120213580361420260,2026-05-03,not_delivering,ad,,,,,0,,0,0,,,,,,,,,2026-05-03,2026-05-03
"[24.06.24] [มิ้น] 5 ประโยคปลดล็อค (ดอกไม้)",120213557153170260,2026-05-03,inactive,ad,,,,,0,,0,0,,,,,,,,,2026-05-03,2026-05-03
"[29.10.25][มิ้น] 2 หนังสือเรียกน้ำตา (Remains)",120239541619430260,2026-05-03,inactive,ad,,,,,0,,0,0,,,,,,,,,2026-05-03,2026-05-03
"[11.06.25][มิ้น] ชายคนหนึ่งตกหลุมรักสาวใบ้ (Ghostly)",120230768994110260,2026-05-03,archived,ad,,,,,0,,0,0,,,,,,,,,2026-05-03,2026-05-03
"[23.07.25][มิ้น] อ่านแล้วหายเหนื่อย (Tried)",120234550140960260,2026-05-03,archived,ad,,,,,0,,0,0,,,,,,,,,2026-05-03,2026-05-03
"[25.03.25][มิ้น] 5 ข้อคิด (Witches)",120222719344250260,2026-05-03,inactive,ad,,,,,0,,0,0,,,,,,,,,2026-05-03,2026-05-03
"[02.06.25][มิ้น] ฉลอง 100,000 เล่ม ปีศาจ (ปีศาจตัวนั้น)",120229861183850260,2026-05-03,not_delivering,ad,,,,,0,,0,0,,,,,,,,,2026-05-03,2026-05-03
"[11.02.25][มิ้น] ประโยคจากคุณปั๊ม คิ้วต่ำ (Kiwtum)",120219600417070260,2026-05-03,not_delivering,ad,,,,,0,,0,0,,,,,,,,,2026-05-03,2026-05-03
"[05.08.25][มิ้น] หนังสือบ้านหลังที่ 2 (Home)",120234400487010260,2026-05-03,not_delivering,ad,,,,,0,,0,0,,,,,,,,,2026-05-03,2026-05-03
"[03.09.25][มิ้น] เล่มใหม่ให้ 1000/100 (Demons) (QuickReply)",120236827515120260,2026-05-03,not_delivering,ad,,,,,0,,0,0,,,,,,,,,2026-05-03,2026-05-03
"[24.12.24] [มิ้น] Payday นี้รวมแพ็กฮีลใจเล่มใหม่ (Promotion_Payday)",120218077577840260,2026-05-03,not_delivering,ad,,,,,0,,0,0,,,,,,,,,2026-05-03,2026-05-03
"[21.03.25][มิ้น] Unboxing newbook (Gift)",120222458416020260,2026-05-03,inactive,ad,,,,,0,,0,0,,,,,,,,,2026-05-03,2026-05-03
"[22.09.25][มิ้น] เล่มใหม่ 1000/100 (Remains)",120237332588820260,2026-05-03,inactive,ad,,,,,0,,0,0,,,,,,,,,2026-05-03,2026-05-03
"[22.05.25][มิ้น] จะเป็นยังไง! เมื่อคนที่หมดแพชชัน  ต้องไปเป็นที่ปรึกษาให้เหล่าดวงวิญญาณ (Ghostly)",120232623740920260,2026-05-03,not_delivering,ad,,,,,0,,0,0,,,,,,,,,2026-05-03,2026-05-03
"[23.01.26][มิ้น] บางคนตายไป (Ghostly)",120243521808200260,2026-05-03,inactive,ad,,,,,0,,0,0,,,,,,,,,2026-05-03,2026-05-03
"[29.10.25][มิ้น] 2 หนังสือเรียกน้ำตา (Remains)",120240115682460260,2026-05-03,not_delivering,ad,,,,,0,,0,0,,,,,,,,,2026-05-03,2026-05-03
"[10.11.25][มิ้น] นี่คือสภาพ (Remains)",120240740054620260,2026-05-03,inactive,ad,,,,,0,,0,0,,,,,,,,,2026-05-03,2026-05-03
"[14.07.25][มิ้น] ประโยคก่อนนอน 2 (Kiwtum)",120234400405690260,2026-05-03,inactive,ad,,,,,0,,0,0,,,,,,,,,2026-05-03,2026-05-03
"[22.05.25][มิ้น] 5 ข้อคิด (Ghostly)",120236604849130260,2026-05-03,not_delivering,ad,,,,,0,,0,0,,,,,,,,,2026-05-03,2026-05-03
"[03.12.25][มิ้น] เล่มนี้ทำน้ำตาไหลหนักมาก (Ghostly)",120243289614690260,2026-05-03,inactive,ad,,,,,0,,0,0,,,,,,,,,2026-05-03,2026-05-03
"[03.09.25][มิ้น] Unboxing New Books (Demons)",120235860056250260,2026-05-03,inactive,ad,,,,,0,,0,0,,,,,,,,,2026-05-03,2026-05-03
"[08.10.25][มิ้น] Unpack ปีศาจตัวนั้นคือฉันเอง 2 (Demons)",120240179530980260,2026-05-03,not_delivering,ad,,,,,0,,0,0,,,,,,,,,2026-05-03,2026-05-03
"[21.09.24] [มิ้น] คนเราแตกสลายได้กี่ครั้ง",120216668872710260,2026-05-03,inactive,ad,,,,,0,,0,0,,,,,,,,,2026-05-03,2026-05-03
"[20.01.25][Garden_Boxset][มิ้น][VDO] 5 ประโยคปลดล็อค",120218619152640260,2026-05-03,inactive,ad,,,,,0,,0,0,,,,,,,,,2026-05-03,2026-05-03
"[17.02.26][มิ้น] 20 เล่มลายเซ็น (Trap)",120247161076180260,2026-05-03,not_delivering,ad,,,,,0,,0,0,,,,,,,,,2026-05-03,2026-05-03
"[07.08.25][มิ้น] เล่มใหม่ล่าสุด (Tried)",120234612916200260,2026-05-03,inactive,ad,,,,,0,,0,0,,,,,,,,,2026-05-03,2026-05-03
"[06.12.24] [มิ้น] สวัสดีธันวาคมเดือนสิบสอง (เซตสวน)",120217605954150260,2026-05-03,inactive,ad,,,,,0,,0,0,,,,,,,,,2026-05-03,2026-05-03
"[02.01.24] [มิ้น] เวลาที่คุณรู้สึกเศร้า (Embrace)",120218296869390260,2026-05-03,not_delivering,ad,,,,,0,,0,0,,,,,,,,,2026-05-03,2026-05-03
"[08.04.26][มิ้น] นี่คือสิ่งที่กำลังเกิดขึ้นกับคุณ (Witches)",120246834550470260,2026-05-03,inactive,ad,,,,,0,,0,0,,,,,,,,,2026-05-03,2026-05-03
"[02.11.24] [มิ้น] ความไม่สมบูรณ์แบบของเรา (โอบกอด)",120216749526710260,2026-05-03,not_delivering,ad,,,,,0,,0,0,,,,,,,,,2026-05-03,2026-05-03
"[22.05.25][มิ้น] หนังสือใหม่ออกมาอีกละ!!! (Ghostly)",120229087924590260,2026-05-03,inactive,ad,,,,,0,,0,0,,,,,,,,,2026-05-03,2026-05-03
"[12.11.25][มิ้น] คนที่แอบชอบ (Remains)",120240333954200260,2026-05-03,inactive,ad,,,,,0,,0,0,,,,,,,,,2026-05-03,2026-05-03
"[11.03.25][มิ้น] แนะนำฮีลใจ 5 เล่ม ตามจาก #Books (Engage)",120221886103830260,2026-05-03,inactive,ad,,,,,0,,0,0,,,,,,,,,2026-05-03,2026-05-03
"[11.02.25][มิ้น] Unboxing new book (Kiwtum)",120219806772650260,2026-05-03,archived,ad,,,,,0,,0,0,,,,,,,,,2026-05-03,2026-05-03
"[25.08.25][มิ้น] เราเช็กดวง (Witches)",120235634316360260,2026-05-03,inactive,ad,,,,,0,,0,0,,,,,,,,,2026-05-03,2026-05-03
"[05.08.24] [มิ้น] 8.8 บุฟเฟต์ ฮีลใจจัดให้",120214559826080260,2026-05-03,not_delivering,ad,,,,,0,,0,0,,,,,,,,,2026-05-03,2026-05-03
"[29.10.25][มิ้น] 2 หนังสือเรียกน้ำตา (Remains)",120240333892650260,2026-05-03,inactive,ad,,,,,0,,0,0,,,,,,,,,2026-05-03,2026-05-03
"[21.01.25] [มิ้น] 5 ข้อคิด (Home)",120219261867080260,2026-05-03,not_delivering,ad,,,,,0,,0,0,,,,,,,,,2026-05-03,2026-05-03
"[21.01.25] [มิ้น] สถานที่ที่ปลอดภัยที่สุด (Home)",120218670228450260,2026-05-03,not_delivering,ad,,,,,0,,0,0,,,,,,,,,2026-05-03,2026-05-03
"[21.04.25][มิ้น] ดวงของคุณวันนี้? (Witches)",120226536539180260,2026-05-03,inactive,ad,,,,,0,,0,0,,,,,,,,,2026-05-03,2026-05-03
"[18.11.24] [มิ้น] เมื่อไหร่ที่รู้สึกผิดหวังกับชีวิต (ปีศาจ)",120217129597620260,2026-05-03,not_delivering,ad,,,,,0,,0,0,,,,,,,,,2026-05-03,2026-05-03
"[11.02.25][มิ้น] Unboxing new book (Kiwtum)",120219599958130260,2026-05-03,inactive,ad,,,,,0,,0,0,,,,,,,,,2026-05-03,2026-05-03
"[23.10.24] [มิ้น] โดนตกจากประโยคหลังปก (Life)",120216535120880260,2026-05-03,not_delivering,ad,,,,,0,,0,0,,,,,,,,,2026-05-03,2026-05-03
"[22.02.25][มิ้น] 5 เทคนิค Manifest (Million)",120221418779260260,2026-05-03,inactive,ad,,,,,0,,0,0,,,,,,,,,2026-05-03,2026-05-03
"[19.10.25][มิ้น] คำพูดคนที่รักเจ็บที่สุด (Demons)",120238954845020260,2026-05-03,not_delivering,ad,,,,,0,,0,0,,,,,,,,,2026-05-03,2026-05-03
"[02.04.26][มิ้น] อย่าปล่อยให้อีโก้ (Trap)",120247408900270260,2026-05-03,not_delivering,ad,,,,,0,,0,0,,,,,,,,,2026-05-03,2026-05-03
"[24.06.24] [มิ้น] 5 ประโยคปลดล็อค (ดอกไม้)",120213556987210260,2026-05-03,inactive,ad,,,,,0,,0,0,,,,,,,,,2026-05-03,2026-05-03
"[04.06.24] เปิดตัวปีศาจความรัก น้องมิ้น",120213010036900260,2026-05-03,not_delivering,ad,,,,,0,,0,0,,,,,,,,,2026-05-03,2026-05-03
"[11.02.25][มิ้น] สัมภาษณ์คุณปั๊ม คิ้วต่ำ (Kiwtum)",120225138048680260,2026-05-03,inactive,ad,,,,,0,,0,0,,,,,,,,,2026-05-03,2026-05-03
"[23.06.25][มิ้น] พื้นที่ที่แบ่งปันความสุขและความทุกข์ (Embrace)",120231822472990260,2026-05-03,archived,ad,,,,,0,,0,0,,,,,,,,,2026-05-03,2026-05-03
"[01.08.25][มิ้น] ผิดหวังก็สมหวังได้ (Witches)",120234868915480260,2026-05-03,not_delivering,ad,,,,,0,,0,0,,,,,,,,,2026-05-03,2026-05-03
"[11.06.25][มิ้น] นักสู้ที่เก่งที่สุด (ปีศาจตัวนั้น)",120230527723930260,2026-05-03,inactive,ad,,,,,0,,0,0,,,,,,,,,2026-05-03,2026-05-03
"[11.02.25][มิ้น] 5 ข้อคิด (Kiwtum)",120219598753540260,2026-05-03,inactive,ad,,,,,0,,0,0,,,,,,,,,2026-05-03,2026-05-03
"[11.02.25][มิ้น] Unboxing new book (Kiwtum)",120219599908730260,2026-05-03,inactive,ad,,,,,0,,0,0,,,,,,,,,2026-05-03,2026-05-03
"[22.05.25][มิ้น] จะเป็นยังไง! เมื่อคนที่หมดแพชชัน  ต้องไปเป็นที่ปรึกษาให้เหล่าดวงวิญญาณ (Ghostly)",120229091502600260,2026-05-03,inactive,ad,,,,,0,,0,0,,,,,,,,,2026-05-03,2026-05-03
"[29.08.25][มิ้น] หนังสือเล่มนี้อยากบอกคุณว่า (Ghost)",120235858364930260,2026-05-03,not_delivering,ad,,,,,0,,0,0,,,,,,,,,2026-05-03,2026-05-03
"[03.06.24][มิ้น] บางครั้งความผิดพลาด อาจสอนอะไรเราบางอย่าง (คาปิบาร่า_box set) (เริ่มยิงใหม่ 11 June 24)",120213200732480260,2026-05-03,not_delivering,ad,,,,,0,,0,0,,,,,,,,,2026-05-03,2026-05-03
"[25.02.25][มิ้น] ทำไม 2 เล่มนี้ถึงได้รางวัล (Promotion_Pack)",120220872084900260,2026-05-03,not_delivering,ad,,,,,0,,0,0,,,,,,,,,2026-05-03,2026-05-03
"[18.06.24] [มิ้น] เปิดตัวปีศาจความรัก (ปีศาจความรัก_เล่มเดี่ยว)",120213393189060260,2026-05-03,inactive,ad,,,,,0,,0,0,,,,,,,,,2026-05-03,2026-05-03
"[18.06.67] [มิ้น] ประโยคฮีลใจดึงสติ 100% (ปีศาจความรัก_เล่มเดี่ยว)",120213397635530260,2026-05-03,inactive,ad,,,,,0,,0,0,,,,,,,,,2026-05-03,2026-05-03
"[19.06.24] [มิ้น] 5 ประโยค เปลี่ยนความคิดในเรื่องความสัมพันธ์",120213423221630260,2026-05-03,inactive,ad,,,,,0,,0,0,,,,,,,,,2026-05-03,2026-05-03
"[21.06.24] [มิ้น] พาบุกร้านหนังสือ",120213471855760260,2026-05-03,inactive,ad,,,,,0,,0,0,,,,,,,,,2026-05-03,2026-05-03
"[21.06.24] [มิ้น] พาบุกร้านหนังสือ",120213472019280260,2026-05-03,not_delivering,ad,,,,,0,,0,0,,,,,,,,,2026-05-03,2026-05-03
"[18.06.24] [มิ้น] เปิดตัวปีศาจความรัก (ปีศาจความรัก_เล่มเดี่ยว)",120213472548450260,2026-05-03,not_delivering,ad,,,,,0,,0,0,,,,,,,,,2026-05-03,2026-05-03
"[18.06.67] [มิ้น] ประโยคฮีลใจดึงสติ 100% (ปีศาจความรัก_เล่มเดี่ยว)",120213472242120260,2026-05-03,inactive,ad,,,,,0,,0,0,,,,,,,,,2026-05-03,2026-05-03
"[18.06.67] [มิ้น] ประโยคฮีลใจดึงสติ 100% (ปีศาจความรัก_เล่มเดี่ยว)",120213472561420260,2026-05-03,not_delivering,ad,,,,,0,,0,0,,,,,,,,,2026-05-03,2026-05-03
"[22.02.25][มิ้น] 5 เทคนิค Manifest (Million)",120220584329090260,2026-05-03,inactive,ad,,,,,0,,0,0,,,,,,,,,2026-05-03,2026-05-03
"[21.01.25] [มิ้น] Unboxing หนังสือฮีลใจเล่มใหม่ 2025 (Home)",120218671476840260,2026-05-03,inactive,ad,,,,,0,,0,0,,,,,,,,,2026-05-03,2026-05-03
"[03.09.25][มิ้น] หนังเล่มใหม่ที่อานแล้วน้ำตาซึม (Demons)",120235859358580260,2026-05-03,inactive,ad,,,,,0,,0,0,,,,,,,,,2026-05-03,2026-05-03
"[16.01.25] [มิ้น] ข่าวด่วนจนต้องบุก“นายอินทร์” (Promotion_Pack)",120218663160130260,2026-05-03,not_delivering,ad,,,,,0,,0,0,,,,,,,,,2026-05-03,2026-05-03
"[09.09.25][มิ้น] ประโยคนี้เตือนสติ (Witches)",120236603005580260,2026-05-03,archived,ad,,,,,0,,0,0,,,,,,,,,2026-05-03,2026-05-03
"[03.09.25][มิ้น] อยากให้ทุกคนอ่าน (Ghostly)",120238146231070260,2026-05-03,not_delivering,ad,,,,,0,,0,0,,,,,,,,,2026-05-03,2026-05-03
"[05.03.26][มิ้น] คลิปสัมภาษณ์ MAY-I ปริมาณของเพื่อนไม่สำคัญเท่าคุณภาพ (Witches)",120245170351250260,2026-05-03,not_delivering,ad,,,,,0,,0,0,,,,,,,,,2026-05-03,2026-05-03
"[03.12.25][มิ้น] น้ำตาซึมไปหลายวัน (Remains)",120244259802860260,2026-05-03,not_delivering,ad,,,,,0,,0,0,,,,,,,,,2026-05-03,2026-05-03
"[13.01.26][มิ้น] อย่าให้คนคนเดียว (Embrace) (Reels)",120243131312450260,2026-05-03,not_delivering,ad,,,,,0,,0,0,,,,,,,,,2026-05-03,2026-05-03
"[11.06.25][มิ้น] ชายคนหนึ่งตกหลุมรักสาวใบ้ (Ghostly)",120231947093860260,2026-05-03,not_delivering,ad,,,,,0,,0,0,,,,,,,,,2026-05-03,2026-05-03
"[17.02.26][มิ้น] 20 เล่มลายเซ็น (Trap)",120247408900190260,2026-05-03,not_delivering,ad,,,,,0,,0,0,,,,,,,,,2026-05-03,2026-05-03
"[28.11.24] [มิ้น] ความสมบูรณ์แบบ (ที่ไม่มีอยู่จริง) (คาปิบาร่า_Boxset)",120217380972860260,2026-05-03,not_delivering,ad,,,,,0,,0,0,,,,,,,,,2026-05-03,2026-05-03
"[17.12.24] [มิ้น] แนะนำหนังสือสำหรับลูก (Helmet_Boxset)",120217877075060260,2026-05-03,not_delivering,ad,,,,,0,,0,0,,,,,,,,,2026-05-03,2026-05-03
"[11.02.25][มิ้น] Unboxing new book (Kiwtum)",120219809847300260,2026-05-03,not_delivering,ad,,,,,0,,0,0,,,,,,,,,2026-05-03,2026-05-03
"[28.12.24] [มิ้น] ลดใหญ่ส่งท้ายปี (Capyabara_Boxset)",120218221767120260,2026-05-03,inactive,ad,,,,,0,,0,0,,,,,,,,,2026-05-03,2026-05-03
"[23.05.25][มิ้น] Payday May (Promotion_Payday)",120229513903520260,2026-05-03,inactive,ad,,,,,0,,0,0,,,,,,,,,2026-05-03,2026-05-03
"[09.11.24] [มิ้น] เราทุกคนต่างไม่มีใครสมบูรณ์แบบ (โอบกอด)",120216908629980260,2026-05-03,not_delivering,ad,,,,,0,,0,0,,,,,,,,,2026-05-03,2026-05-03
"[15.10.24] [มิ้น] จุดเปลี่ยนของชีวิต (Life)",120216535120860260,2026-05-03,inactive,ad,,,,,0,,0,0,,,,,,,,,2026-05-03,2026-05-03
"[19.02.25][มิ้น] 5 ประโยค เปลี่ยนชีวิต (Kidmakk)",120220278011100260,2026-05-03,inactive,ad,,,,,0,,0,0,,,,,,,,,2026-05-03,2026-05-03
"[16.01.25][VDO][มิ้น][Garden_เล่มเดี่ยว] ความรักกับดอกไม้",120218617745560260,2026-05-03,inactive,ad,,,,,0,,0,0,,,,,,,,,2026-05-03,2026-05-03
"[11.02.25][มิ้น] ประโยคจากคุณปั๊ม คิ้วต่ำ (Kiwtum)",120219600040490260,2026-05-03,inactive,ad,,,,,0,,0,0,,,,,,,,,2026-05-03,2026-05-03
"[24.01.25] [มิ้น] PAYDAY นี้ จ่าย 1 ได้ถึง 5 (Promotion_Payday)",120218920155980260,2026-05-03,not_delivering,ad,,,,,0,,0,0,,,,,,,,,2026-05-03,2026-05-03
"[02.09.24] [มิ้น] 5 ข้อคิดลบกับตัวเอง (Helmet_Boxset)",120215197282060260,2026-05-03,inactive,ad,,,,,0,,0,0,,,,,,,,,2026-05-03,2026-05-03
"[03.09.25][มิ้น] เล่มใหม่ให้ 1000/100 (Demons)",120236324479860260,2026-05-03,not_delivering,ad,,,,,0,,0,0,,,,,,,,,2026-05-03,2026-05-03
"[11.02.25][มิ้น] Unboxing new book (Kiwtum)",120220255029130260,2026-05-03,inactive,ad,,,,,0,,0,0,,,,,,,,,2026-05-03,2026-05-03
"[06.02.26][มิ้น] รักกันอยู่ แต่ไม่เห็นอนาคตร่วมกัน (Garden)",120244056248970260,2026-05-03,not_delivering,ad,,,,,0,,0,0,,,,,,,,,2026-05-03,2026-05-03
"[15.03.26][มิ้น] การรักษาซึมเศร้าไม่ใช่แค่เรื่องยา (Trap)",120245621584290260,2026-05-03,not_delivering,ad,,,,,0,,0,0,,,,,,,,,2026-05-03,2026-05-03
"[18.04.25][มิ้น] ก่อนนอน อยากให้คุณได้อ่าน (Kiwtum)",120226165931670260,2026-05-03,inactive,ad,,,,,0,,0,0,,,,,,,,,2026-05-03,2026-05-03
"[10.11.25][มิ้น] ป้ายยาหนังสือ 7 เล่ม (E-Book)",120244056423010260,2026-05-03,not_delivering,ad,,,,,0,,0,0,,,,,,,,,2026-05-03,2026-05-03
"[11.03.26][มิ้น] รี stock เล่มลายเซ็นนักเขียนเมไอ (Witches)",120245836368320260,2026-05-03,not_delivering,ad,,,,,0,,0,0,,,,,,,,,2026-05-03,2026-05-03
"[03.03.26][มิ้น] ไม่เคยร้องไห้กับหนังสือจนมาเจอ 2 เล่มนี้ (Ghostly) (Remains)",120246510803810260,2026-05-03,not_delivering,ad,,,,,0,,0,0,,,,,,,,,2026-05-03,2026-05-03
"[25.07.25][มิ้น] ฮีลใจวัยทำงาน (Tried) (Reels)",120243521024670260,2026-05-03,not_delivering,ad,,,,,0,,0,0,,,,,,,,,2026-05-03,2026-05-03
"[06.08.25][มิ้น] วันไหนไม่ไหว แวะมาอ่าน (Tried)",120234430079930260,2026-05-03,not_delivering,ad,,,,,0,,0,0,,,,,,,,,2026-05-03,2026-05-03
"[02.06.25][มิ้น] รีแอค ขมิ้น (Ghostly)",120232158719460260,2026-05-03,inactive,ad,,,,,0,,0,0,,,,,,,,,2026-05-03,2026-05-03
"[25.07.25][มิ้น] หนังสือฮีลใจที่คุ้มที่สุด (Witches)",120233549905270260,2026-05-03,inactive,ad,,,,,0,,0,0,,,,,,,,,2026-05-03,2026-05-03
"[13.05.25][มิ้น] ปัญหาเหล่านี้จะหายไป (Witches)",120228641592940260,2026-05-03,inactive,ad,,,,,0,,0,0,,,,,,,,,2026-05-03,2026-05-03
"[12.09.25][มิ้น] 5 สัญญาณเหนื่อย (Tried)",120236685205440260,2026-05-03,inactive,ad,,,,,0,,0,0,,,,,,,,,2026-05-03,2026-05-03
"[08.10.25][มิ้น] Unpack ปีศาจตัวนั้นคือฉันเอง 2 (Demons) (Reels)",120243296790840260,2026-05-03,not_delivering,ad,,,,,0,,0,0,,,,,,,,,2026-05-03,2026-05-03
"[19.09.25][มิ้น] จากกระแส 1000/100 (Remains)",120238230841820260,2026-05-03,inactive,ad,,,,,0,,0,0,,,,,,,,,2026-05-03,2026-05-03
"[03.09.25][มิ้น] จากเล่ม 1 สู่เล่ม 2 (Demons)",120236620456560260,2026-05-03,not_delivering,ad,,,,,0,,0,0,,,,,,,,,2026-05-03,2026-05-03
"[01.03.26][มิ้น] รี stock เล่มลายเซ็นหมอทานตะวัน (สัมภาษณ์หมอ) (Trap) (Cross Page)",120245665638770260,2026-05-03,not_delivering,ad,,,,,0,,0,0,,,,,,,,,2026-05-03,2026-05-03
"[04.02.26][มิ้น] มนุษย์ที่เป็นคนดี (สัมภาษณ์หมอ) (Trap)",120244313790350260,2026-05-03,not_delivering,ad,,,,,0,,0,0,,,,,,,,,2026-05-03,2026-05-03
"[29.10.25][มิ้น] 2 หนังสือเรียกน้ำตา (Remains)",120243287811430260,2026-05-03,inactive,ad,,,,,0,,0,0,,,,,,,,,2026-05-03,2026-05-03
"[24.04.26][มิ้น] หนังสือเล่มนี้ทำให้เลิกโทษตัวเองได้จริง (Trap)",120247710400280260,2026-05-03,not_delivering,ad,การสนทนาผ่านการส่งข้อความที่เริ่มขึ้น,,,,0,,0,0,,,,,,,,,2026-05-03,2026-05-03
"[23.01.26][มิ้น] หนังสือที่อยากให้อ่าน 2026 (Ghostly)",120243521687280260,2026-05-03,inactive,ad,,,,,0,,0,0,,,,,,,,,2026-05-03,2026-05-03
"[21.09.24] [มิ้น] คนเราแตกสลายได้กี่ครั้ง",120215723624310260,2026-05-03,not_delivering,ad,,,,,0,,0,0,,,,,,,,,2026-05-03,2026-05-03
"[24.02.26][มิ้น] แมวที่เก็บมาเลี้ยงหายไป (Ghostly)",120244781189960260,2026-05-03,not_delivering,ad,,,,,0,,0,0,,,,,,,,,2026-05-03,2026-05-03
"[02.01.25] [มิ้น] หนังสือฮีลใจเล่มใหม่ (Kidmakk)",120218298909310260,2026-05-03,not_delivering,ad,,,,,0,,0,0,,,,,,,,,2026-05-03,2026-05-03
"[07.11.25][มิ้น] เป็นหนังสือรวมประโยค (Tried)",120240097800200260,2026-05-03,not_delivering,ad,,,,,0,,0,0,,,,,,,,,2026-05-03,2026-05-03
"[21.12.24] [มิ้น] สัมภาษณ์คุณคิดมาก (kidmakk)",120217962083710260,2026-05-03,inactive,ad,,,,,0,,0,0,,,,,,,,,2026-05-03,2026-05-03
"[16.01.25][VDO][มิ้น][Garden_เล่มเดี่ยว] ความรักกับดอกไม้",120220348271610260,2026-05-03,archived,ad,,,,,0,,0,0,,,,,,,,,2026-05-03,2026-05-03
"[12.03.25] [มิ้น] มีบทความจากหนังสือเล่มหนึ่งเขาบอกไว้ว่า (Kiwtum)",120221885583080260,2026-05-03,inactive,ad,,,,,0,,0,0,,,,,,,,,2026-05-03,2026-05-03
"[02.06.25][มิ้น] ถ้าแกพร้อมที่จะรักตัวเอง (ปีศาจตัวนั้น)",120229839125360260,2026-05-03,not_delivering,ad,,,,,0,,0,0,,,,,,,,,2026-05-03,2026-05-03
"[11.03.26][มิ้น] ฉันจะมีชีวิตที่ดี (Kidmakk)",120245719302350260,2026-05-03,not_delivering,ad,,,,,0,,0,0,,,,,,,,,2026-05-03,2026-05-03
"[29.10.25][มิ้น] 2 หนังสือเรียกน้ำตา (Remains)",120239979952550260,2026-05-03,not_delivering,ad,,,,,0,,0,0,,,,,,,,,2026-05-03,2026-05-03
"[25.03.25][มิ้น] ประโยคหลังปก คุณปั๊ม (Kiwtum)",120222716989430260,2026-05-03,inactive,ad,,,,,0,,0,0,,,,,,,,,2026-05-03,2026-05-03
"[11.06.25][มิ้น] ชายคนหนึ่งตกหลุมรักสาวใบ้ (Ghostly)",120230536395330260,2026-05-03,inactive,ad,,,,,0,,0,0,,,,,,,,,2026-05-03,2026-05-03
"[09.04.25][มิ้น] วันจันทร์ คือวันที่ดีที่สุดของสัปดาห์ (Capybara_Boxset)",120225152499990260,2026-05-03,inactive,ad,,,,,0,,0,0,,,,,,,,,2026-05-03,2026-05-03
"[03.12.25][มิ้น] โลกใจร้ายมามากพอแล้ว (Witches)",120241544545810260,2026-05-03,inactive,ad,,,,,0,,0,0,,,,,,,,,2026-05-03,2026-05-03
"[07.03.25][มิ้น] สัมภาษณ์คุณเม เล่มใหม่ล่าสุด (Witches)",120221521304100260,2026-05-03,inactive,ad,,,,,0,,0,0,,,,,,,,,2026-05-03,2026-05-03
"[22.03.26][มิ้น] มีประโยคหนึ่งในหนังสือ (Witches)",120246834180810260,2026-05-03,inactive,ad,การสนทนาผ่านการส่งข้อความที่เริ่มขึ้น,,,,0,,0,0,,,,,,,,,2026-05-03,2026-05-03
"[07.03.25][มิ้น] สัมภาษณ์คุณเม เล่มใหม่ล่าสุด (Witches)",120221597120640260,2026-05-03,inactive,ad,,,,,0,,0,0,,,,,,,,,2026-05-03,2026-05-03
"[03.09.25][มิ้น] จากเล่ม 1 สู่เล่ม 2 (Demons)",120236323500690260,2026-05-03,inactive,ad,,,,,0,,0,0,,,,,,,,,2026-05-03,2026-05-03
"[24.03.25][มิ้น] 5 ข้อคิดที่ได้จากหนังสือ (Gift)",120222717921410260,2026-05-03,inactive,ad,,,,,0,,0,0,,,,,,,,,2026-05-03,2026-05-03
"[01.08.25][มิ้น] ผิดหวังก็สมหวังได้ (Witches)",120234375496690260,2026-05-03,inactive,ad,,,,,0,,0,0,,,,,,,,,2026-05-03,2026-05-03
"[11.02.25][มิ้น] สัมภาษณ์คุณปั๊ม คิ้วต่ำ (Kiwtum)",120221795858640260,2026-05-03,not_delivering,ad,,,,,0,,0,0,,,,,,,,,2026-05-03,2026-05-03
"[03.12.25][มิ้น] เล่มนี้ทำน้ำตาไหลหนักมาก (Ghostly)",120242967730660260,2026-05-03,not_delivering,ad,,,,,0,,0,0,,,,,,,,,2026-05-03,2026-05-03
"[04.02.26][มิ้น] มนุษย์ที่เป็นคนดี (สัมภาษณ์หมอ) (Trap)",120246089872340260,2026-05-03,not_delivering,ad,,,,,0,,0,0,,,,,,,,,2026-05-03,2026-05-03
"[07.03.25][มิ้น] สัมภาษณ์คุณเม เล่มใหม่ล่าสุด (Witches)",120221951385840260,2026-05-03,inactive,ad,,,,,0,,0,0,,,,,,,,,2026-05-03,2026-05-03
"[23.07.25][มิ้น] อ่านแล้วหายเหนื่อย (Tried)",120234552010590260,2026-05-03,not_delivering,ad,,,,,0,,0,0,,,,,,,,,2026-05-03,2026-05-03
"[04.10.24] [มิ้น] ถ้าวันนี้เป็นวันสุดท้าย คุณจะทำอะไร? (Ghost)",120216788294810260,2026-05-03,inactive,ad,,,,,0,,0,0,,,,,,,,,2026-05-03,2026-05-03
"[23.01.26][มิ้น] บางคนตายไป (Ghostly)",120243771709320260,2026-05-03,not_delivering,ad,,,,,0,,0,0,,,,,,,,,2026-05-03,2026-05-03
"[05.03.26][มิ้น] เพราะพรุ่งนี้ที่รออาจจะมาไม่ถึง (Kiwtum)",120247248201540260,2026-05-03,not_delivering,ad,"การซื้อบน Meta",,,,157.22,,1594,1424,,3,52.40666667,,5,8.53199498,98.63237139,0,2026-05-03,2026-05-03
"[12.02.26][มิ้น] คนดีชอบแบกความคาดหวัง (สัมภาษณ์หมอ) (Trap)",120244268248610260,2026-05-03,not_delivering,ad,,,,,0,,0,0,,,,,,,,,2026-05-03,2026-05-03
"[07.03.25][มิ้น] สัมภาษณ์คุณเม เล่มใหม่ล่าสุด (Witches)",120221521353780260,2026-05-03,inactive,ad,,,,,0,,0,0,,,,,,,,,2026-05-03,2026-05-03
"[02.04.26][มิ้น] อย่าปล่อยให้อีโก้ (Trap)",120246783120900260,2026-05-03,not_delivering,ad,การสนทนาผ่านการส่งข้อความที่เริ่มขึ้น,,,,0,,0,0,,,,,,,,,2026-05-03,2026-05-03
"[04.02.26][มิ้น] มนุษย์ที่เป็นคนดี (สัมภาษณ์หมอ) (Trap)",120245970586480260,2026-05-03,not_delivering,ad,,,,,0,,0,0,,,,,,,,,2026-05-03,2026-05-03
"[10.04.26][มิ้น] ยิ่งใกล้ ยิ่งห่าง (Ghostly)",120246840895590260,2026-05-03,inactive,ad,,,,,0,,0,0,,,,,,,,,2026-05-03,2026-05-03
"[01.03.26][มิ้น] รี stock เล่มลายเซ็นหมอทานตะวัน (สัมภาษณ์หมอ) (Trap) (Cross Page)",120248305790030260,2026-05-03,not_delivering,ad,การสนทนาผ่านการส่งข้อความที่เริ่มขึ้น,,,,177.13,,2633,1967,,,,,12,1.32928219,67.27307254,,2026-05-03,2026-05-03
"[04.02.26][มิ้น] มนุษย์ที่เป็นคนดี (สัมภาษณ์หมอ) (Trap)",120245621858730260,2026-05-03,not_delivering,ad,,,,,0,,0,0,,,,,,,,,2026-05-03,2026-05-03
"[25.04.26][มิ้น] คนที่ควรเปิดเล่มนี้อ่าน (Ghostly)",120247726759070260,2026-05-03,not_delivering,ad,การสนทนาผ่านการส่งข้อความที่เริ่มขึ้น,,,,0,,0,0,,,,,,,,,2026-05-03,2026-05-03
"[04.05.26][มิ้น] ภาวะสิ้นยินดี (Trap)",120248372838920260,2026-05-03,active,ad,การสนทนาผ่านการส่งข้อความที่เริ่มขึ้น,,,,0,,0,0,,,,,,,,,2026-05-03,2026-05-03
"[04.02.26][มิ้น] มนุษย์ที่เป็นคนดี (สัมภาษณ์หมอ) (Trap)",120247171027410260,2026-05-03,not_delivering,ad,,,,,0,,0,0,,,,,,,,,2026-05-03,2026-05-03
"[03.03.26][มิ้น] ไม่เคยร้องไห้กับหนังสือจนมาเจอ 2 เล่มนี้ (Ghostly) (Remains)",120245714120340260,2026-05-03,not_delivering,ad,,,,,0,,0,0,,,,,,,,,2026-05-03,2026-05-03
"[14.03.26][มิ้น] หยุดด่าตัวเอง (Ghostly)",120245712887810260,2026-05-03,not_delivering,ad,,,,,0,,0,0,,,,,,,,,2026-05-03,2026-05-03
"[24.07.25][มิ้น] นี่ไม่ใช่แค่ไพ่ดูดวง (Witches)",120234069021910260,2026-05-03,inactive,ad,,,,,0,,0,0,,,,,,,,,2026-05-03,2026-05-03
"[22.08.25][มิ้น] รีสต็อกแล้ว รีบสั่งก่อนหมด (Ghostly)",120235451685710260,2026-05-03,not_delivering,ad,,,,,0,,0,0,,,,,,,,,2026-05-03,2026-05-03
"[03.09.25][มิ้น] Unboxing New Books (Demons)",120236203658920260,2026-05-03,archived,ad,,,,,0,,0,0,,,,,,,,,2026-05-03,2026-05-03
"[16.10.25][มิ้น] ให้เปิดเล่มนี้เตือนสติ (Remains)",120239982076470260,2026-05-03,inactive,ad,,,,,0,,0,0,,,,,,,,,2026-05-03,2026-05-03
"[20.08.25][มิ้น] ไม่เคยคิดว่าแค่หนังสือเล่มเดียว (Ghostly)",120235312593640260,2026-05-03,not_delivering,ad,,,,,0,,0,0,,,,,,,,,2026-05-03,2026-05-03
"[04.02.26][มิ้น] มนุษย์ที่เป็นคนดี (สัมภาษณ์หมอ) (Trap) (Cross Page)",120244538166870260,2026-05-03,not_delivering,ad,,,,,0,,0,0,,,,,,,,,2026-05-03,2026-05-03
"[03.07.25][มิ้น] 7.7 ซื้อ 2 แถม Me Time (Promotion_DD)",120232210029510260,2026-05-03,not_delivering,ad,,,,,0,,0,0,,,,,,,,,2026-05-03,2026-05-03
"[03.09.25][มิ้น] เล่มใหม่ให้ 1000/100 (Demons)",120235947738760260,2026-05-03,not_delivering,ad,,,,,0,,0,0,,,,,,,,,2026-05-03,2026-05-03
"[22.05.25][มิ้น] จะเป็นยังไง! เมื่อคนที่หมดแพชชัน  ต้องไปเป็นที่ปรึกษาให้เหล่าดวงวิญญาณ (Ghostly)",120232764159380260,2026-05-03,not_delivering,ad,,,,,0,,0,0,,,,,,,,,2026-05-03,2026-05-03
"[03.12.25][มิ้น] เล่มนี้ทำน้ำตาไหลหนักมาก (Ghostly)",120243955438110260,2026-05-03,not_delivering,ad,,,,,0,,0,0,,,,,,,,,2026-05-03,2026-05-03
"[23.01.26][มิ้น] บางคนตายไป (Ghostly)",120243771741700260,2026-05-03,inactive,ad,,,,,0,,0,0,,,,,,,,,2026-05-03,2026-05-03
"[18.09.25][มิ้น] ประโยคจากเล่มโปรด (Witches)",120237333302230260,2026-05-03,inactive,ad,,,,,0,,0,0,,,,,,,,,2026-05-03,2026-05-03
"[04.09.25][มิ้น] บางวันเราอาจก้าวได้ไกล (Tried)",120236240370690260,2026-05-03,not_delivering,ad,,,,,0,,0,0,,,,,,,,,2026-05-03,2026-05-03
"[22.03.26][มิ้น] มีประโยคหนึ่งในหนังสือ (Witches)",120245846930180260,2026-05-03,not_delivering,ad,,,,,0,,0,0,,,,,,,,,2026-05-03,2026-05-03
"[29.01.26][มิ้น] Unboxing หนังสือเล่มแรกของปี 2026 (Trap)",120243468439110260,2026-05-03,not_delivering,ad,,,,,0,,0,0,,,,,,,,,2026-05-03,2026-05-03
"[03.11.25][มิ้น] ครบรอบ 2 ปี (ปีศาจตัวนั้น)",120239856476510260,2026-05-03,not_delivering,ad,,,,,0,,0,0,,,,,,,,,2026-05-03,2026-05-03
"[22.07.25][มิ้น] วันนี้เหนื่อยมากเลยใช่ไหม (Tried)",120233221430500260,2026-05-03,not_delivering,ad,,,,,0,,0,0,,,,,,,,,2026-05-03,2026-05-03
"[19.09.25][มิ้น] จากกระแส 1000/100 (Remains)",120237920752030260,2026-05-03,not_delivering,ad,,,,,0,,0,0,,,,,,,,,2026-05-03,2026-05-03
"[17.02.26][มิ้น] 20 เล่มลายเซ็น (Trap)",120244978181340260,2026-05-03,not_delivering,ad,,,,,0,,0,0,,,,,,,,,2026-05-03,2026-05-03
"[08.08.25][มิ้น] ร้องไห้บนรถไฟฟ้า (Ghostly)",120235868504870260,2026-05-03,not_delivering,ad,,,,,0,,0,0,,,,,,,,,2026-05-03,2026-05-03
"[04.02.26][มิ้น] มนุษย์ที่เป็นคนดี (สัมภาษณ์หมอ) (Trap)",120247171195130260,2026-05-03,not_delivering,ad,,,,,0,,0,0,,,,,,,,,2026-05-03,2026-05-03
"[22.09.25][มิ้น] เล่มใหม่ 1000/100 (Remains)",120238127262670260,2026-05-03,not_delivering,ad,,,,,0,,0,0,,,,,,,,,2026-05-03,2026-05-03
"[04.02.26][มิ้น] หมึกซึม รางวัลนายอินทร์ (Ghostly)",120243959898200260,2026-05-03,not_delivering,ad,,,,,0,,0,0,,,,,,,,,2026-05-03,2026-05-03
"[04.02.26][มิ้น] มนุษย์ที่เป็นคนดี (สัมภาษณ์หมอ) (Trap)",120245621873110260,2026-05-03,not_delivering,ad,,,,,0,,0,0,,,,,,,,,2026-05-03,2026-05-03
"[23.02.26][มิ้น] People Pleaser (Trap)",120244755952650260,2026-05-03,not_delivering,ad,,,,,0,,0,0,,,,,,,,,2026-05-03,2026-05-03
"[21.03.25][มิ้น] สัมภาษณ์คุณบุ๋ม (Gift)",120222451522500260,2026-05-03,inactive,ad,,,,,0,,0,0,,,,,,,,,2026-05-03,2026-05-03
"[25.11.25][มิ้น] เมื่อไหร่ที่คุณเหนื่อย : Tried (E-Book)",120241049511790260,2026-05-03,inactive,ad,,,,,0,,0,0,,,,,,,,,2026-05-03,2026-05-03
"[25.08.25][มิ้น] เราเช็กดวง (Witches)",120235664852760260,2026-05-03,not_delivering,ad,,,,,0,,0,0,,,,,,,,,2026-05-03,2026-05-03
"[22.09.25][มิ้น] เล่มใหม่ 1000/100 (Remains)",120238789463270260,2026-05-03,not_delivering,ad,,,,,0,,0,0,,,,,,,,,2026-05-03,2026-05-03
"[01.10.25][มิ้น] ประโยคที่ชอบจากหนังสือ (ปีศาจตัวนั้น)",120238146195520260,2026-05-03,inactive,ad,,,,,0,,0,0,,,,,,,,,2026-05-03,2026-05-03
"[01.03.25][มิ้น] ชีวิตที่ดี คือชีวิตที่เราเลือกเอง (Kidmakk)",120221328537640260,2026-05-03,inactive,ad,,,,,0,,0,0,,,,,,,,,2026-05-03,2026-05-03
"[06.11.25][มิ้น] บางครั้งความรัก (Remains) (Reels)",120243130056860260,2026-05-03,not_delivering,ad,,,,,0,,0,0,,,,,,,,,2026-05-03,2026-05-03
"[12.11.24] [มิ้น] 2 หนังสือเล่มใหม่ที่ถูกเขียนด้วยน้ำตา แพ็กคู่ 529",120217185554450260,2026-05-03,not_delivering,ad,,,,,0,,0,0,,,,,,,,,2026-05-03,2026-05-03
"[03.12.25][มิ้น] เล่มนี้ทำน้ำตาไหลหนักมาก (Ghostly)",120243413983420260,2026-05-03,inactive,ad,,,,,0,,0,0,,,,,,,,,2026-05-03,2026-05-03
"[06.12.24] [มิ้น] เก็บเงินง่าย ๆ ด้วยกฎ 50 30 20 (Million)",120217605837160260,2026-05-03,inactive,ad,,,,,0,,0,0,,,,,,,,,2026-05-03,2026-05-03
"[03.09.25][มิ้น] Unboxing New Books (Demons)",120235860525370260,2026-05-03,archived,ad,,,,,0,,0,0,,,,,,,,,2026-05-03,2026-05-03
"[05.03.26][มิ้น] เพราะพรุ่งนี้ที่รออาจจะมาไม่ถึง (Kiwtum)",120245847559980260,2026-05-03,inactive,ad,,,,,0,,0,0,,,,,,,,,2026-05-03,2026-05-03
"[21.01.25] [มิ้น] Unboxing หนังสือฮีลใจเล่มใหม่ 2025 (Home)",120218671574180260,2026-05-03,not_delivering,ad,,,,,0,,0,0,,,,,,,,,2026-05-03,2026-05-03
"[10.10.25][มิ้น] หมึกซึมชวนนักอ่าน (Remains)",120238414937420260,2026-05-03,not_delivering,ad,,,,,0,,0,0,,,,,,,,,2026-05-03,2026-05-03
"[02.06.25][มิ้น] รีแอค ขมิ้น (Ghostly)",120239036623230260,2026-05-03,not_delivering,ad,,,,,0,,0,0,,,,,,,,,2026-05-03,2026-05-03
"[29.09.25][มิ้น] 2 เล่มนี้ต่างกันยังไง ตอบเมนต์ (Demons)",120237713336900260,2026-05-03,not_delivering,ad,,,,,0,,0,0,,,,,,,,,2026-05-03,2026-05-03
"[07.03.25][มิ้น] ASMR Unboxing (Witches)",120222333547880260,2026-05-03,not_delivering,ad,,,,,0,,0,0,,,,,,,,,2026-05-03,2026-05-03
"[03.09.25][มิ้น] จากเล่ม 1 สู่เล่ม 2 (Demons)",120236029615300260,2026-05-03,not_delivering,ad,,,,,0,,0,0,,,,,,,,,2026-05-03,2026-05-03
"[06.08.25][มิ้น] วันไหนไม่ไหว แวะมาอ่าน (Tried)",120239970157420260,2026-05-03,inactive,ad,,,,,0,,0,0,,,,,,,,,2026-05-03,2026-05-03
"[08.10.25][มิ้น] Unpack ปีศาจตัวนั้นคือฉันเอง 2 (Demons)",120238434506500260,2026-05-03,not_delivering,ad,,,,,0,,0,0,,,,,,,,,2026-05-03,2026-05-03
"[24.02.25][มิ้น] บทที่ 1 ที่คิ้วต่ำอยากแนะนำ (Kiwtum)",120220867411150260,2026-05-03,inactive,ad,,,,,0,,0,0,,,,,,,,,2026-05-03,2026-05-03
"[07.03.25][มิ้น] สัมภาษณ์คุณเม เล่มใหม่ล่าสุด (Witches)",120221516160110260,2026-05-03,inactive,ad,,,,,0,,0,0,,,,,,,,,2026-05-03,2026-05-03
"[19.02.25][มิ้น] สัมภาษณ์คุณมุก Imminimus 10,000 เล่ม (Embrace)",120220278171480260,2026-05-03,inactive,ad,,,,,0,,0,0,,,,,,,,,2026-05-03,2026-05-03
"[07.03.25][มิ้น] ASMR Unboxing (Witches)",120221824873740260,2026-05-03,not_delivering,ad,,,,,0,,0,0,,,,,,,,,2026-05-03,2026-05-03
"[04.02.26][มิ้น] มนุษย์ที่เป็นคนดี (สัมภาษณ์หมอ) (Trap)",120245055690240260,2026-05-03,not_delivering,ad,,,,,0,,0,0,,,,,,,,,2026-05-03,2026-05-03
"[15.01.25][มิ้น] มนุษย์เป็ด [Capybara_Boxset] (Reels)",120243384052030260,2026-05-03,not_delivering,ad,,,,,0,,0,0,,,,,,,,,2026-05-03,2026-05-03
"[17.03.25][มิ้น] การ์ดอยากบอกอะไรคุณ (Witches)",120222719447320260,2026-05-03,inactive,ad,,,,,0,,0,0,,,,,,,,,2026-05-03,2026-05-03
"[02.06.25][มิ้น] รีแอค ขมิ้น (Ghostly)",120230739977450260,2026-05-03,not_delivering,ad,,,,,0,,0,0,,,,,,,,,2026-05-03,2026-05-03
"[03.09.25][มิ้น] หนังเล่มใหม่ที่อานแล้วน้ำตาซึม (Demons)",120235859410010260,2026-05-03,inactive,ad,,,,,0,,0,0,,,,,,,,,2026-05-03,2026-05-03
"[06.10.25][มิ้น] หนังสือหน้าที่ 48 (Remains)",120237932289560260,2026-05-03,not_delivering,ad,,,,,0,,0,0,,,,,,,,,2026-05-03,2026-05-03
"[27.08.25][มิ้น] หากคุณกำลังเศร้า (Embrace)",120235756036280260,2026-05-03,not_delivering,ad,,,,,0,,0,0,,,,,,,,,2026-05-03,2026-05-03
"[11.02.25][มิ้น] 5 ข้อคิด (Kiwtum)",120219599958120260,2026-05-03,inactive,ad,,,,,0,,0,0,,,,,,,,,2026-05-03,2026-05-03
"[24.07.25][มิ้น] นี่ไม่ใช่แค่ไพ่ดูดวง (Witches)",120234068672490260,2026-05-03,inactive,ad,,,,,0,,0,0,,,,,,,,,2026-05-03,2026-05-03
"[01.08.25][มิ้น] ผิดหวังก็สมหวังได้ (Witches)",120234209163740260,2026-05-03,inactive,ad,,,,,0,,0,0,,,,,,,,,2026-05-03,2026-05-03
"[21.01.25] [มิ้น] 5 ข้อคิด (Home)",120218671600680260,2026-05-03,inactive,ad,,,,,0,,0,0,,,,,,,,,2026-05-03,2026-05-03
"[27.08.25][มิ้น] คลิปนี้มีสปอย (Demons)",120235766559070260,2026-05-03,inactive,ad,,,,,0,,0,0,,,,,,,,,2026-05-03,2026-05-03
"[10.01.25] [มิ้น] Challenge เก็บเงิน 50:30:20 (Full) (Million)",120218485158560260,2026-05-03,inactive,ad,,,,,0,,0,0,,,,,,,,,2026-05-03,2026-05-03
"[28.08.25][มิ้น][Cross Page] ปีศาจอาจไม่ได้เกิดจากข้างนอก (ปีศาจตัวนั้น)",120236241320400260,2026-05-03,not_delivering,ad,,,,,0,,0,0,,,,,,,,,2026-05-03,2026-05-03
"[22.03.26][มิ้น] มีประโยคหนึ่งในหนังสือ (Witches)",120246573533550260,2026-05-03,not_delivering,ad,,,,,0,,0,0,,,,,,,,,2026-05-03,2026-05-03
"[02.04.26][มิ้น] คนใจดีมักถูกเอาเปรียบ (Ghostly)",120246513871500260,2026-05-03,not_delivering,ad,,,,,0,,0,0,,,,,,,,,2026-05-03,2026-05-03
"[03.09.25][มิ้น] อยากให้ทุกคนอ่าน (Ghostly)",120236553839420260,2026-05-03,not_delivering,ad,,,,,0,,0,0,,,,,,,,,2026-05-03,2026-05-03
"[04.12.24] [มิ้น] 5 เทคนิคเก็บเงินง่ายๆ (Million)",120217605591210260,2026-05-03,not_delivering,ad,,,,,0,,0,0,,,,,,,,,2026-05-03,2026-05-03
"[27.02.25][มิ้น] ความรักที่แท้จริงคือความเข้าใจ (Embrace)",120221238278250260,2026-05-03,inactive,ad,,,,,0,,0,0,,,,,,,,,2026-05-03,2026-05-03
"[05.03.26][มิ้น] คลิปสัมภาษณ์ MAY-I ปริมาณของเพื่อนไม่สำคัญเท่าคุณภาพ (Witches)",120245258394130260,2026-05-03,not_delivering,ad,,,,,0,,0,0,,,,,,,,,2026-05-03,2026-05-03
"[22.10.25][มิ้น] เพราะในทุกความเกลียด (Remains)",120239982207040260,2026-05-03,inactive,ad,,,,,0,,0,0,,,,,,,,,2026-05-03,2026-05-03
"[10.07.25][มิ้น] คำพูดฮีลใจสำหรับคนไม่มั่นใจตัวเอง (ปีศาจตัวนั้น)",120232570690400260,2026-05-03,inactive,ad,,,,,0,,0,0,,,,,,,,,2026-05-03,2026-05-03
"[06.08.25][มิ้น] วันไหนไม่ไหว แวะมาอ่าน (Tried)",120234822459660260,2026-05-03,not_delivering,ad,,,,,0,,0,0,,,,,,,,,2026-05-03,2026-05-03
"[23.05.25][มิ้น] Payday May (Promotion_Payday)",120229261671680260,2026-05-03,inactive,ad,,,,,0,,0,0,,,,,,,,,2026-05-03,2026-05-03
"[02.06.25][มิ้น] รีแอค ขมิ้น (Ghostly)",120229868748230260,2026-05-03,inactive,ad,,,,,0,,0,0,,,,,,,,,2026-05-03,2026-05-03
"[13.10.25][มิ้น] น้ำตาคาเบ้า (ปีศาจตัวนั้น)",120238609803190260,2026-05-03,not_delivering,ad,,,,,0,,0,0,,,,,,,,,2026-05-03,2026-05-03
"[03.09.25][มิ้น] เล่มใหม่ให้ 1000/100 (Demons) (QuickReply)",120237327446740260,2026-05-03,not_delivering,ad,,,,,0,,0,0,,,,,,,,,2026-05-03,2026-05-03
"[15.01.25][มิ้น] มนุษย์เป็ด [Capybara_Boxset]",120232769692270260,2026-05-03,not_delivering,ad,,,,,0,,0,0,,,,,,,,,2026-05-03,2026-05-03
"[18.11.25][มิ้น] เจ้าเหมียวเก็บมาเลี้ยง (Ghostly)",120240738499760260,2026-05-03,inactive,ad,,,,,0,,0,0,,,,,,,,,2026-05-03,2026-05-03
"[07.04.25][มิ้น] ครั้งแรกที่เปิดตัวขายที่งานหนังสือ (Gift)",120224920885680260,2026-05-03,inactive,ad,,,,,0,,0,0,,,,,,,,,2026-05-03,2026-05-03
"[22.10.25][มิ้น] เพราะในทุกความเกลียด (Remains)",120239272581790260,2026-05-03,inactive,ad,,,,,0,,0,0,,,,,,,,,2026-05-03,2026-05-03
"[16.10.25][มิ้น] ให้เปิดเล่มนี้เตือนสติ (Remains)",120239050068470260,2026-05-03,not_delivering,ad,,,,,0,,0,0,,,,,,,,,2026-05-03,2026-05-03
"[08.10.25][มิ้น] Unpack ปีศาจตัวนั้นคือฉันเอง 2 (Demons)",120238216572850260,2026-05-03,inactive,ad,,,,,0,,0,0,,,,,,,,,2026-05-03,2026-05-03
"[25.03.25][มิ้น] ประโยคหลังปก คุณปั๊ม (Kiwtum)",120222717658700260,2026-05-03,inactive,ad,,,,,0,,0,0,,,,,,,,,2026-05-03,2026-05-03
"[16.05.25][มิ้น] หนังสือเล่มเดียวทำเอาร้องไห้หนักมาก (ปีศาจตัวนั้น)",120228796865630260,2026-05-03,not_delivering,ad,,,,,0,,0,0,,,,,,,,,2026-05-03,2026-05-03
"[25.04.25][มิ้น] หนังสือที่ทำให้อยากใช้ชีวิตเพื่อตัวเอง (Kiwtum)",120226732180320260,2026-05-03,inactive,ad,,,,,0,,0,0,,,,,,,,,2026-05-03,2026-05-03
"[26.11.24] [มิ้น] เงินเดือนก็พอใช้อยู่แล้ว (ปีศาจการเงิน)",120217325284530260,2026-05-03,not_delivering,ad,,,,,0,,0,0,,,,,,,,,2026-05-03,2026-05-03
"[13.03.25][มิ้น] Mid Month จับคู่ 2 Boxset 990.- (Promotion_MM)",120222074634630260,2026-05-03,inactive,ad,,,,,0,,0,0,,,,,,,,,2026-05-03,2026-05-03
"[19.03.25][มิ้น] สัมภาษณ์คุณปั๊มลายเซ็น (Kiwtum)",120222378663780260,2026-05-03,inactive,ad,,,,,0,,0,0,,,,,,,,,2026-05-03,2026-05-03
"[27.02.25][มิ้น] สัมภาษณ์ความรู้สึกของคุณ เม (ปีศาจตัวนั้น)",120221237169700260,2026-05-03,inactive,ad,,,,,0,,0,0,,,,,,,,,2026-05-03,2026-05-03
"[11.06.25][มิ้น] อยากให้ชาตินี้ได้อ่านเล่มนี้ (ปีศาจตัวนั้น)",120230527729810260,2026-05-03,not_delivering,ad,,,,,0,,0,0,,,,,,,,,2026-05-03,2026-05-03
"[28.02.25][มิ้น] 3.3 ชีเสิร์ฟไม่พัก ซื้อ 3 แถม 1 (Promotion_DD)",120221554787740260,2026-05-03,not_delivering,ad,,,,,0,,0,0,,,,,,,,,2026-05-03,2026-05-03
"[20.11.25][มิ้น] E-Book หนังสือปีศาจ 1 (E-Book)",120241048603330260,2026-05-03,inactive,ad,,,,,0,,0,0,,,,,,,,,2026-05-03,2026-05-03
"[22.05.25][มิ้น] จะเป็นยังไง! เมื่อคนที่หมดแพชชัน  ต้องไปเป็นที่ปรึกษาให้เหล่าดวงวิญญาณ (Ghostly)",120229512013460260,2026-05-03,inactive,ad,,,,,0,,0,0,,,,,,,,,2026-05-03,2026-05-03
"[06.11.25][มิ้น] บางครั้งความรัก (Remains)",120240115682450260,2026-05-03,inactive,ad,,,,,0,,0,0,,,,,,,,,2026-05-03,2026-05-03
"[21.09.24] [มิ้น] คนเราแตกสลายได้กี่ครั้ง",120236629578990260,2026-05-03,not_delivering,ad,,,,,0,,0,0,,,,,,,,,2026-05-03,2026-05-03
"[26.11.24] [มิ้น] 5 สิ่งที่ควรขอบคุณในชีวิต (Life)",120217325180880260,2026-05-03,not_delivering,ad,,,,,0,,0,0,,,,,,,,,2026-05-03,2026-05-03
"[11.02.25][มิ้น] สัมภาษณ์คุณปั๊ม คิ้วต่ำ (Kiwtum)",120220471355880260,2026-05-03,not_delivering,ad,,,,,0,,0,0,,,,,,,,,2026-05-03,2026-05-03
"[27.11.24] [มิ้น] 5 คำเตือนสุดท้ายของชีวิต (Ghost)",120217616555470260,2026-05-03,not_delivering,ad,,,,,0,,0,0,,,,,,,,,2026-05-03,2026-05-03
"[15.10.25][มิ้น] จากใจนักเขียนหมึกซึม  (Remains)",120238717587570260,2026-05-03,inactive,ad,,,,,0,,0,0,,,,,,,,,2026-05-03,2026-05-03
"[24.02.25][มิ้น] 5 เหตุผลที่หนังสือเล่มนี้ควรอยู่ข้างกายคุณ (Home)",120220871823250260,2026-05-03,inactive,ad,,,,,0,,0,0,,,,,,,,,2026-05-03,2026-05-03
"[24.12.25][มิ้น] การ์ดทำนายดวงที่เซอร์ไพรส์ได้ทุกวัน (Witches)",120242558224050260,2026-05-03,not_delivering,ad,,,,,0,,0,0,,,,,,,,,2026-05-03,2026-05-03
"[21.01.25] [มิ้น] Unboxing หนังสือฮีลใจเล่มใหม่ 2025 (Home)",120218670616940260,2026-05-03,not_delivering,ad,,,,,0,,0,0,,,,,,,,,2026-05-03,2026-05-03
"[06.10.25][มิ้น] ฮีลใจแบบ 3000% (Remains)",120237932474290260,2026-05-03,inactive,ad,,,,,0,,0,0,,,,,,,,,2026-05-03,2026-05-03
"[10.04.26][มิ้น] ยิ่งใกล้ ยิ่งห่าง (Ghostly)",120247314684080260,2026-05-03,not_delivering,ad,,,,,0,,0,0,,,,,,,,,2026-05-03,2026-05-03
"[22.10.25][มิ้น] เพราะในทุกความเกลียด (Remains)",120239115352630260,2026-05-03,inactive,ad,,,,,0,,0,0,,,,,,,,,2026-05-03,2026-05-03
"[19.03.25][มิ้น] สัมภาษณ์คุณปั๊มลายเซ็น (Kiwtum)",120222379611820260,2026-05-03,inactive,ad,,,,,0,,0,0,,,,,,,,,2026-05-03,2026-05-03
"[30.10.25][มิ้น] ป้ายยาหนังสือเล่มดัง (ฟิล์ม) (Demons)",120239594515490260,2026-05-03,not_delivering,ad,,,,,0,,0,0,,,,,,,,,2026-05-03,2026-05-03
"[07.03.25][มิ้น] สัมภาษณ์คุณเม เล่มใหม่ล่าสุด (Witches)",120221597207540260,2026-05-03,inactive,ad,,,,,0,,0,0,,,,,,,,,2026-05-03,2026-05-03
"[29.01.26][มิ้น] Unboxing หนังสือเล่มแรกของปี 2026 (Trap)",120243758645700260,2026-05-03,archived,ad,,,,,0,,0,0,,,,,,,,,2026-05-03,2026-05-03
"[29.09.25][มิ้น] เพื่อนที่ดีจะพาก้าวไปข้างหน้า (Demons)",120237713336930260,2026-05-03,not_delivering,ad,,,,,0,,0,0,,,,,,,,,2026-05-03,2026-05-03
"[04.02.26][มิ้น] มนุษย์ที่เป็นคนดี (สัมภาษณ์หมอ) (Trap)",120245068117310260,2026-05-03,not_delivering,ad,,,,,0,,0,0,,,,,,,,,2026-05-03,2026-05-03
"[30.10.25][มิ้น] เปลี่ยนความทุกข์ (Witches)",120239655984020260,2026-05-03,not_delivering,ad,,,,,0,,0,0,,,,,,,,,2026-05-03,2026-05-03
"[07.11.25][มิ้น] เป็นหนังสือรวมประโยค (Tried)",120241248256890260,2026-05-03,not_delivering,ad,,,,,0,,0,0,,,,,,,,,2026-05-03,2026-05-03
"[13.04.26][มิ้น] ทุกคนมีโกฮังเป็นของตัวเอง (Remains)",120247247757880260,2026-05-03,not_delivering,ad,,,,,0,,0,0,,,,,,,,,2026-05-03,2026-05-03
"[01.10.25][มิ้น] Unpack (Ghostly)",120237862638500260,2026-05-03,not_delivering,ad,,,,,0,,0,0,,,,,,,,,2026-05-03,2026-05-03
"[04.02.26][มิ้น] มนุษย์ที่เป็นคนดี (สัมภาษณ์หมอ) (Trap)",120244520939380260,2026-05-03,inactive,ad,,,,,0,,0,0,,,,,,,,,2026-05-03,2026-05-03
"[27.02.25][มิ้น] สัมภาษณ์ความรู้สึกของคุณ เม (ปีศาจตัวนั้น)",120221237735790260,2026-05-03,inactive,ad,,,,,0,,0,0,,,,,,,,,2026-05-03,2026-05-03
"[11.02.25][มิ้น] สัมภาษณ์คุณปั๊ม คิ้วต่ำ (Kiwtum)",120221293568870260,2026-05-03,inactive,ad,,,,,0,,0,0,,,,,,,,,2026-05-03,2026-05-03
"[27.11.24] [มิ้น] 5 คำเตือนสุดท้ายของชีวิต (Ghost)",120217381104140260,2026-05-03,not_delivering,ad,,,,,0,,0,0,,,,,,,,,2026-05-03,2026-05-03
"[02.04.26][มิ้น] อย่าปล่อยให้อีโก้ (Trap)",120248305952020260,2026-05-03,not_delivering,ad,การสนทนาผ่านการส่งข้อความที่เริ่มขึ้น,6,79.98166667,818,479.89,1.70455729,4315,3502,2,6,79.98166667,3,26,10.56778679,111.21436848,0.33333333,2026-05-03,2026-05-03
"[13.06.25][มิ้น] หนังสือที่น่าซื้อที่สุดในปฐพี (Witches)",120230770781750260,2026-05-03,inactive,ad,,,,,0,,0,0,,,,,,,,,2026-05-03,2026-05-03
"[24.03.25][มิ้น] 5 ข้อคิดที่ได้จากหนังสือ (Gift)",120222717776730260,2026-05-03,inactive,ad,,,,,0,,0,0,,,,,,,,,2026-05-03,2026-05-03
"[02.06.25][มิ้น] หมดไฟ (ปีศาจตัวนั้น)",120229838272210260,2026-05-03,not_delivering,ad,,,,,0,,0,0,,,,,,,,,2026-05-03,2026-05-03
"[22.05.25][มิ้น] 5 ข้อคิด (Ghostly)",120229087528180260,2026-05-03,not_delivering,ad,,,,,0,,0,0,,,,,,,,,2026-05-03,2026-05-03
"[07.03.25][มิ้น] สัมภาษณ์คุณเม เล่มใหม่ล่าสุด (Witches)",120221597230070260,2026-05-03,inactive,ad,,,,,0,,0,0,,,,,,,,,2026-05-03,2026-05-03
"[30.04.25][มิ้น] อยากเปลี่ยนงาน อยากลาออก (ปีศาจตัวนั้นคือฉันเอง)",120227278411650260,2026-05-03,not_delivering,ad,,,,,0,,0,0,,,,,,,,,2026-05-03,2026-05-03
"[17.02.26][มิ้น] 20 เล่มลายเซ็น (Trap)",120245622471320260,2026-05-03,not_delivering,ad,,,,,0,,0,0,,,,,,,,,2026-05-03,2026-05-03
"[13.12.25][มิ้น] เคยคิดว่ายังมีเวลามากพอ (Remains)",120242011084290260,2026-05-03,inactive,ad,,,,,0,,0,0,,,,,,,,,2026-05-03,2026-05-03
"[07.03.25][มิ้น] ASMR Unboxing (Witches)",120221521353770260,2026-05-03,not_delivering,ad,,,,,0,,0,0,,,,,,,,,2026-05-03,2026-05-03
"[04.02.26][มิ้น] มนุษย์ที่เป็นคนดี (สัมภาษณ์หมอ) (Trap)",120246310168160260,2026-05-03,not_delivering,ad,,,,,0,,0,0,,,,,,,,,2026-05-03,2026-05-03
"[11.04.26][มิ้น] สงกรานต์โจ๊ะโจ๊ะ! โละราคาเดียว (Promotion)",120247265985080260,2026-05-03,not_delivering,ad,,,,,0,,0,0,,,,,,,,,2026-05-03,2026-05-03
"[23.10.24] [มิ้น] โดนตกจากประโยคหลังปก (Life)",120216907386010260,2026-05-03,inactive,ad,,,,,0,,0,0,,,,,,,,,2026-05-03,2026-05-03
"[16.11.24] [มิ้น] กลัวผิดพลาดจนไม่ลงมือทำอะไรเลย (Ghost)",120217078848640260,2026-05-03,not_delivering,ad,,,,,0,,0,0,,,,,,,,,2026-05-03,2026-05-03
"[21.09.24] [มิ้น] คนเราแตกสลายได้กี่ครั้ง",120215869012010260,2026-05-03,inactive,ad,,,,,0,,0,0,,,,,,,,,2026-05-03,2026-05-03
"[19.06.25][มิ้น] หลายคนมักกลัวการเปลี่ยนแปลง (Witches)",120231261912240260,2026-05-03,inactive,ad,,,,,0,,0,0,,,,,,,,,2026-05-03,2026-05-03
"[02.04.26][มิ้น] อย่าปล่อยให้อีโก้ (Trap)",120247715824820260,2026-05-03,not_delivering,ad,การสนทนาผ่านการส่งข้อความที่เริ่มขึ้น,,,,0,,0,0,,,,,,,,,2026-05-03,2026-05-03
"[21.03.25][มิ้น] สัมภาษณ์คุณบุ๋ม (Gift)",120222458210780260,2026-05-03,inactive,ad,,,,,0,,0,0,,,,,,,,,2026-05-03,2026-05-03
"[02.06.25][มิ้น] รีแอค ขมิ้น (Ghostly)",120231947086230260,2026-05-03,inactive,ad,,,,,0,,0,0,,,,,,,,,2026-05-03,2026-05-03
"[24.07.25][มิ้น] ฝนตกแบบนี้ยังมีไปรษณีย์มาส่ง (Ghostly)",120233476156930260,2026-05-03,inactive,ad,,,,,0,,0,0,,,,,,,,,2026-05-03,2026-05-03
"[05.04.26][มิ้น] ก่อนที่คนเราจะตาย (Ghostly)",120246835244850260,2026-05-03,inactive,ad,,,,,0,,0,0,,,,,,,,,2026-05-03,2026-05-03
"[30.04.26][มิ้น] โรคจิตหลงผิด Delusional Disorder (Trap)",120248154802020260,2026-05-03,not_delivering,ad,การสนทนาผ่านการส่งข้อความที่เริ่มขึ้น,,,,202.62,,1144,1011,,,,,8,8.21678322,177.11538462,,2026-05-03,2026-05-03
"[26.01.26][มิ้น] หนังสือที่ได้ไปต่อในปี 2026 (Remains)",120243886643320260,2026-05-03,not_delivering,ad,,,,,0,,0,0,,,,,,,,,2026-05-03,2026-05-03
"[11.02.25][มิ้น] ประโยคจากคุณปั๊ม คิ้วต่ำ (Kiwtum)",120219733237070260,2026-05-03,inactive,ad,,,,,0,,0,0,,,,,,,,,2026-05-03,2026-05-03
"[03.09.25][มิ้น] จากเล่ม 1 สู่เล่ม 2 (Demons)",120236358913760260,2026-05-03,not_delivering,ad,,,,,0,,0,0,,,,,,,,,2026-05-03,2026-05-03
"[25.03.35][มิ้น] ประโยคหลังปก (Gift)",120222719754410260,2026-05-03,inactive,ad,,,,,0,,0,0,,,,,,,,,2026-05-03,2026-05-03
"[16.01.25] [มิ้น] รวม 5 ข้อที่ First Jobber มักพลาด (ภาษี) (Million)",120218635543020260,2026-05-03,not_delivering,ad,,,,,0,,0,0,,,,,,,,,2026-05-03,2026-05-03
"[27.04.26][มิ้น] แค่หนังสือComic ทำไมอ่านแล้วร้องไห้ (Ghostly)",120247726893000260,2026-05-03,not_delivering,ad,การสนทนาผ่านการส่งข้อความที่เริ่มขึ้น,,,,0,,0,0,,,,,,,,,2026-05-03,2026-05-03
"[03.09.25][มิ้น] หนังเล่มใหม่ที่อานแล้วน้ำตาซึม (Demons)",120239587160390260,2026-05-03,not_delivering,ad,,,,,0,,0,0,,,,,,,,,2026-05-03,2026-05-03
"[21.01.25] [มิ้น] 5 ข้อคิด (Home)",120218671476860260,2026-05-03,inactive,ad,,,,,0,,0,0,,,,,,,,,2026-05-03,2026-05-03
"[07.03.25][มิ้น] สัมภาษณ์คุณเม เล่มใหม่ล่าสุด (Witches)",120221824873750260,2026-05-03,not_delivering,ad,,,,,0,,0,0,,,,,,,,,2026-05-03,2026-05-03
"[11.02.25][มิ้น] ประโยคหลังปก (Kiwtum)",120220255029140260,2026-05-03,not_delivering,ad,,,,,0,,0,0,,,,,,,,,2026-05-03,2026-05-03
"[04.02.26][มิ้น] มนุษย์ที่เป็นคนดี (สัมภาษณ์หมอ) (Trap)",120246513144690260,2026-05-03,not_delivering,ad,การสนทนาผ่านการส่งข้อความที่เริ่มขึ้น,,,,0,,0,0,,,,,,,,,2026-05-03,2026-05-03
"[22.05.25][มิ้น] จะเป็นยังไง! เมื่อคนที่หมดแพชชัน  ต้องไปเป็นที่ปรึกษาให้เหล่าดวงวิญญาณ (Ghostly)",120229084387010260,2026-05-03,not_delivering,ad,,,,,0,,0,0,,,,,,,,,2026-05-03,2026-05-03
"[28.02.25][มิ้น] 3.3 ชีเสิร์ฟไม่พัก ซื้อ 3 แถม 1 (Promotion_DD)",120221295539050260,2026-05-03,not_delivering,ad,,,,,0,,0,0,,,,,,,,,2026-05-03,2026-05-03
"[02.04.26][มิ้น] อย่าปล่อยให้อีโก้ (Trap)",120248305843250260,2026-05-03,not_delivering,ad,การสนทนาผ่านการส่งข้อความที่เริ่มขึ้น,,,,157.11,,1867,1497,,,,,6,6.32029995,84.15104446,,2026-05-03,2026-05-03
"[16.01.25][VDO][มิ้น][Garden_เล่มเดี่ยว] ความรักกับดอกไม้",120220348271840260,2026-05-03,archived,ad,,,,,0,,0,0,,,,,,,,,2026-05-03,2026-05-03
"[11.02.25][มิ้น] ประโยคจากคุณปั๊ม คิ้วต่ำ (Kiwtum)",120219834378450260,2026-05-03,inactive,ad,,,,,0,,0,0,,,,,,,,,2026-05-03,2026-05-03
"[09.11.24] [มิ้น] เราทุกคนต่างไม่มีใครสมบูรณ์แบบ (โอบกอด)",120217324834710260,2026-05-03,inactive,ad,,,,,0,,0,0,,,,,,,,,2026-05-03,2026-05-03
"[02.06.25][มิ้น] รีแอค ขมิ้น (Ghostly)",120230942219970260,2026-05-03,archived,ad,,,,,0,,0,0,,,,,,,,,2026-05-03,2026-05-03
"[29.01.26][มิ้น] Unboxing หนังสือเล่มแรกของปี 2026 (Trap)",120243758750890260,2026-05-03,not_delivering,ad,,,,,0,,0,0,,,,,,,,,2026-05-03,2026-05-03
"[21.01.25] [มิ้น] Unboxing หนังสือฮีลใจเล่มใหม่ 2025 (Home)",120218671519900260,2026-05-03,not_delivering,ad,,,,,0,,0,0,,,,,,,,,2026-05-03,2026-05-03
"[03.09.25][มิ้น] Unboxing New Books (Demons)",120236620453230260,2026-05-03,inactive,ad,,,,,0,,0,0,,,,,,,,,2026-05-03,2026-05-03
"[01.03.26][มิ้น] รี stock เล่มลายเซ็นหมอทานตะวัน (สัมภาษณ์หมอ) (Trap) (Cross Page)",120245623701960260,2026-05-03,not_delivering,ad,,,,,0,,0,0,,,,,,,,,2026-05-03,2026-05-03
"[07.01.25] [มิ้น] ปีใหม่นี้ หนังสือเล่มนี้อยากบอกคุณว่า… (Embrace)",120218402706400260,2026-05-03,inactive,ad,,,,,0,,0,0,,,,,,,,,2026-05-03,2026-05-03
"[07.03.25][มิ้น] สัมภาษณ์คุณเม เล่มใหม่ล่าสุด (Witches)",120232771443060260,2026-05-03,not_delivering,ad,,,,,0,,0,0,,,,,,,,,2026-05-03,2026-05-03
"[13.05.25][มิ้น] ปัญหาเหล่านี้จะหายไป (Witches)",120228625207250260,2026-05-03,inactive,ad,,,,,0,,0,0,,,,,,,,,2026-05-03,2026-05-03
"[22.07.25][มิ้น] 5 สัญญาณที่บอกว่าเราเครียด (Tried)",120233223021590260,2026-05-03,inactive,ad,,,,,0,,0,0,,,,,,,,,2026-05-03,2026-05-03
"[10.12.25][มิ้น] 12.12 : ซื้อ 3 เล่ม ลด 120.- (Promotion)",120241897911630260,2026-05-03,inactive,ad,,,,,0,,0,0,,,,,,,,,2026-05-03,2026-05-03
"[05.03.26][มิ้น] เพราะพรุ่งนี้ที่รออาจจะมาไม่ถึง (Kiwtum)",120247435175710260,2026-05-03,not_delivering,ad,,,,,0,,0,0,,,,,,,,,2026-05-03,2026-05-03
"[02.01.25] [มิ้น] หนังสือฮีลใจเล่มใหม่ (Kidmakk)",120218298889840260,2026-05-03,not_delivering,ad,,,,,0,,0,0,,,,,,,,,2026-05-03,2026-05-03
"[07.03.25][มิ้น] สัมภาษณ์คุณเม เล่มใหม่ล่าสุด (Witches)",120221521450000260,2026-05-03,inactive,ad,,,,,0,,0,0,,,,,,,,,2026-05-03,2026-05-03
"[11.02.25][มิ้น] ประโยคหลังปก (Kiwtum)",120219733072000260,2026-05-03,not_delivering,ad,,,,,0,,0,0,,,,,,,,,2026-05-03,2026-05-03
"[03.09.25][มิ้น] อยากให้ทุกคนอ่าน (Ghostly)",120236197834750260,2026-05-03,not_delivering,ad,,,,,0,,0,0,,,,,,,,,2026-05-03,2026-05-03
"[21.09.24] [มิ้น] คนเราแตกสลายได้กี่ครั้ง",120215811865840260,2026-05-03,not_delivering,ad,,,,,0,,0,0,,,,,,,,,2026-05-03,2026-05-03
"[01.07.25][มิ้น] คลิปนี้ขอแนะนำตัวละคร (Ghostly)",120232037875440260,2026-05-03,inactive,ad,,,,,0,,0,0,,,,,,,,,2026-05-03,2026-05-03
"[12.03.25] [มิ้น] บทที่นักอ่านไม่ควรพลาด (Witches)",120222661759820260,2026-05-03,inactive,ad,,,,,0,,0,0,,,,,,,,,2026-05-03,2026-05-03
"[22.10.25][มิ้น] ประโยคฮีลใจ (Tried) (Reels)",120243124594870260,2026-05-03,not_delivering,ad,,,,,0,,0,0,,,,,,,,,2026-05-03,2026-05-03
"[23.01.26][มิ้น] บางคนตายไป (Ghostly)",120243666637270260,2026-05-03,not_delivering,ad,,,,,0,,0,0,,,,,,,,,2026-05-03,2026-05-03
"[20.01.25][Garden_Boxset][มิ้น][VDO] 5 ประโยคปลดล็อค",120219201677710260,2026-05-03,inactive,ad,,,,,0,,0,0,,,,,,,,,2026-05-03,2026-05-03
"[03.03.26][มิ้น] ไม่เคยร้องไห้กับหนังสือจนมาเจอ 2 เล่มนี้ (Ghostly) (Remains)",120245558401800260,2026-05-03,not_delivering,ad,,,,,0,,0,0,,,,,,,,,2026-05-03,2026-05-03
"[11.02.25][มิ้น] สัมภาษณ์คุณปั๊ม คิ้วต่ำ (Kiwtum)",120220181850070260,2026-05-03,not_delivering,ad,,,,,0,,0,0,,,,,,,,,2026-05-03,2026-05-03
"[29.10.25][มิ้น] 2 หนังสือเรียกน้ำตา (Remains)",120240292098370260,2026-05-03,not_delivering,ad,,,,,0,,0,0,,,,,,,,,2026-05-03,2026-05-03
"[21.01.25] [มิ้น] 5 ข้อคิด (Home)",120218671574160260,2026-05-03,inactive,ad,,,,,0,,0,0,,,,,,,,,2026-05-03,2026-05-03
"[03.09.25][มิ้น] หนังเล่มใหม่ที่อานแล้วน้ำตาซึม (Demons)",120240179530950260,2026-05-03,not_delivering,ad,,,,,0,,0,0,,,,,,,,,2026-05-03,2026-05-03
"[24.12.24] [มิ้น] 2 หนังสือฮีลใจเติมพลังงานบวก โอบกอด+ปูปรุง (Promotion_Pack)",120218111536070260,2026-05-03,not_delivering,ad,,,,,0,,0,0,,,,,,,,,2026-05-03,2026-05-03
"[27.11.24] [มิ้น] 5 คำเตือนสุดท้ายของชีวิต (Ghost)",120217406488970260,2026-05-03,inactive,ad,,,,,0,,0,0,,,,,,,,,2026-05-03,2026-05-03
"[03.03.26][มิ้น] ไม่เคยร้องไห้กับหนังสือจนมาเจอ 2 เล่มนี้ (Ghostly) (Remains)",120246033694120260,2026-05-03,not_delivering,ad,,,,,0,,0,0,,,,,,,,,2026-05-03,2026-05-03
"[11.02.25][มิ้น] ประโยคหลังปก (Kiwtum)",120219598806910260,2026-05-03,inactive,ad,,,,,0,,0,0,,,,,,,,,2026-05-03,2026-05-03
"[03.09.25][มิ้น] Unboxing New Books (Demons)",120236022831750260,2026-05-03,inactive,ad,,,,,0,,0,0,,,,,,,,,2026-05-03,2026-05-03
"[07.03.25][มิ้น] สัมภาษณ์คุณเม เล่มใหม่ล่าสุด (Witches) - Copy",120222333463880260,2026-05-03,archived,ad,,,,,0,,0,0,,,,,,,,,2026-05-03,2026-05-03
"[16.01.25][VDO][มิ้น][Garden_เล่มเดี่ยว] ความรักกับดอกไม้",120218618073040260,2026-05-03,archived,ad,,,,,0,,0,0,,,,,,,,,2026-05-03,2026-05-03
"[10.12.24] [มิ้น] 12.12 แจกสุขส่งท้ายปี",120217673505020260,2026-05-03,not_delivering,ad,,,,,0,,0,0,,,,,,,,,2026-05-03,2026-05-03
"[22.08.25][มิ้น] 3 เหตุผล ที่ต้องอ่าน (Ghostly)",120235434335210260,2026-05-03,inactive,ad,,,,,0,,0,0,,,,,,,,,2026-05-03,2026-05-03
"[21.05.25][มิ้น] หนังสือที่ว่าฮีลใจแล้ว… (Witches)",120229053852360260,2026-05-03,inactive,ad,,,,,0,,0,0,,,,,,,,,2026-05-03,2026-05-03
"[07.10.25][มิ้น] ชอบคนใจดี (Ghostly)",120238157459810260,2026-05-03,not_delivering,ad,,,,,0,,0,0,,,,,,,,,2026-05-03,2026-05-03
"[04.12.24] [มิ้น] 5 เทคนิคเก็บเงินง่ายๆ (Million)",120217524646090260,2026-05-03,inactive,ad,,,,,0,,0,0,,,,,,,,,2026-05-03,2026-05-03
"[23.07.25][มิ้น] อ่านแล้วหายเหนื่อย (Tried)",120234551239630260,2026-05-03,archived,ad,,,,,0,,0,0,,,,,,,,,2026-05-03,2026-05-03
"[23.07.25][มิ้น] อ่านแล้วหายเหนื่อย (Tried)",120233366050410260,2026-05-03,not_delivering,ad,,,,,0,,0,0,,,,,,,,,2026-05-03,2026-05-03
"[02.06.25][มิ้น] แนะนำหนังสือที่อยากให้อ่านสักครั้ง (ปีศาจตัวนั้น)",120231185859070260,2026-05-03,not_delivering,ad,,,,,0,,0,0,,,,,,,,,2026-05-03,2026-05-03
"[10.05.25][มิ้น] Mid Month May (Promotion_MM)",120228505397720260,2026-05-03,inactive,ad,,,,,0,,0,0,,,,,,,,,2026-05-03,2026-05-03
"[21.09.24] [มิ้น] คนเราแตกสลายได้กี่ครั้ง",120217502579200260,2026-05-03,not_delivering,ad,,,,,0,,0,0,,,,,,,,,2026-05-03,2026-05-03
"[17.02.26][มิ้น] 20 เล่มลายเซ็น (Trap)",120244476208200260,2026-05-03,not_delivering,ad,,,,,0,,0,0,,,,,,,,,2026-05-03,2026-05-03
"[04.02.26][มิ้น] มนุษย์ที่เป็นคนดี (สัมภาษณ์หมอ) (Trap)",120244058045800260,2026-05-03,inactive,ad,,,,,0,,0,0,,,,,,,,,2026-05-03,2026-05-03
"[22.10.25][มิ้น] เพราะในทุกความเกลียด (Remains)",120240664237140260,2026-05-03,inactive,ad,,,,,0,,0,0,,,,,,,,,2026-05-03,2026-05-03
"[10.12.25][มิ้น] 12.12 : ซื้อ 3 เล่ม ลด 120.- (Promotion)",120241897956440260,2026-05-03,inactive,ad,,,,,0,,0,0,,,,,,,,,2026-05-03,2026-05-03
"[22.10.25][มิ้น] ประโยคฮีลใจ (Tried)",120239442615680260,2026-05-03,not_delivering,ad,,,,,0,,0,0,,,,,,,,,2026-05-03,2026-05-03
"[16.07.25][มิ้น] แด่ความโดดเดี่ยว (Ghostly)",120235359067140260,2026-05-03,archived,ad,,,,,0,,0,0,,,,,,,,,2026-05-03,2026-05-03
"[01.10.25][มิ้น] Unpack (Ghostly)",120238805818410260,2026-05-03,not_delivering,ad,,,,,0,,0,0,,,,,,,,,2026-05-03,2026-05-03
"[25.04.26][มิ้น] ถ้าอยากเสียน้ำตาต้องอ่านเล่มนี้ (Remains)",120247725788100260,2026-05-03,not_delivering,ad,,,,,0,,0,0,,,,,,,,,2026-05-03,2026-05-03
"[03.09.25][มิ้น] หนังเล่มใหม่ที่อานแล้วน้ำตาซึม (Demons)",120235861558080260,2026-05-03,not_delivering,ad,,,,,0,,0,0,,,,,,,,,2026-05-03,2026-05-03
"[01.10.25][มิ้น] Unpack (Ghostly)",120238530673050260,2026-05-03,not_delivering,ad,,,,,0,,0,0,,,,,,,,,2026-05-03,2026-05-03
"[04.09.25][มิ้น] บางวันเราอาจก้าวได้ไกล (Tried)",120236547470310260,2026-05-03,inactive,ad,,,,,0,,0,0,,,,,,,,,2026-05-03,2026-05-03
"[06.11.25][มิ้น] บางครั้งความรัก (Remains)",120239980067690260,2026-05-03,not_delivering,ad,,,,,0,,0,0,,,,,,,,,2026-05-03,2026-05-03
"[01.05.26][มิ้น] รีสต็อกเล่มลายเซ็นหมอทานตะวัน (Trap)",120248306461020260,2026-05-03,active,ad,การสนทนาผ่านการส่งข้อความที่เริ่มขึ้น,3,152.50333333,928,457.51,2.02837096,3992,3266,2,3,152.50333333,3,28,1.80360721,114.60671343,0.66666667,2026-05-03,2026-05-03
"[16.01.25][VDO][มิ้น][Garden_เล่มเดี่ยว] ความรักกับดอกไม้",120220348271880260,2026-05-03,archived,ad,,,,,0,,0,0,,,,,,,,,2026-05-03,2026-05-03
"[24.12.25][มิ้น] ดวงสมพงษ์กัน (Witches)",120243129386480260,2026-05-03,inactive,ad,,,,,0,,0,0,,,,,,,,,2026-05-03,2026-05-03
"[22.10.25][มิ้น] ทำไมซื้อเล่มนี้ (Remains)",120239116794170260,2026-05-03,not_delivering,ad,,,,,0,,0,0,,,,,,,,,2026-05-03,2026-05-03
"[24.07.25][มิ้น] นี่ไม่ใช่แค่ไพ่ดูดวง (Witches)",120233469566100260,2026-05-03,inactive,ad,,,,,0,,0,0,,,,,,,,,2026-05-03,2026-05-03
"[21.09.24] [มิ้น] คนเราแตกสลายได้กี่ครั้ง",120215811964180260,2026-05-03,inactive,ad,,,,,0,,0,0,,,,,,,,,2026-05-03,2026-05-03
"[04.03.26][มิ้น] แม่อยากให้ลูกมั่นคง (Remains)",120245371158160260,2026-05-03,not_delivering,ad,,,,,0,,0,0,,,,,,,,,2026-05-03,2026-05-03
"[23.01.26][มิ้น] หนังสือที่อยากให้อ่าน 2026 (Ghostly) (Reels)",120243521619520260,2026-05-03,not_delivering,ad,,,,,0,,0,0,,,,,,,,,2026-05-03,2026-05-03
"[23.10.24] [มิ้น] โดนตกจากประโยคหลังปก (Life)",120216631343170260,2026-05-03,inactive,ad,,,,,0,,0,0,,,,,,,,,2026-05-03,2026-05-03
"[03.12.25][มิ้น] การ์ดทำนายดวงรายวัน (Witches)",120241544731310260,2026-05-03,inactive,ad,,,,,0,,0,0,,,,,,,,,2026-05-03,2026-05-03
"[03.09.25][มิ้น] อยากให้ทุกคนอ่าน (Ghostly)",120236576484150260,2026-05-03,not_delivering,ad,,,,,0,,0,0,,,,,,,,,2026-05-03,2026-05-03
"[23.01.26][มิ้น] ถ้านี่ไม่ใช่ของแถมที่เยอะที่สุด (Witches)",120243521984830260,2026-05-03,inactive,ad,,,,,0,,0,0,,,,,,,,,2026-05-03,2026-05-03
"[19.11.24] [มิ้น] เพราะส่วนลึกที่สุดของทะเล (โอบกอด)",120218860247850260,2026-05-03,not_delivering,ad,,,,,0,,0,0,,,,,,,,,2026-05-03,2026-05-03
"[02.04.26][มิ้น] คนใจดีมักถูกเอาเปรียบ (Ghostly)",120246687598080260,2026-05-03,inactive,ad,,,,,0,,0,0,,,,,,,,,2026-05-03,2026-05-03
"[29.09.25][มิ้น] เพื่อนที่ดีจะพาก้าวไปข้างหน้า (Demons)",120238217979230260,2026-05-03,inactive,ad,,,,,0,,0,0,,,,,,,,,2026-05-03,2026-05-03
"[22.03.26][มิ้น] มีประโยคหนึ่งในหนังสือ (Witches)",120247248528550260,2026-05-03,inactive,ad,การสนทนาผ่านการส่งข้อความที่เริ่มขึ้น,,,,0,,0,0,,,,,,,,,2026-05-03,2026-05-03
"[26.04.25][มิ้น] ยอดขาย 10,000 เล่ม (Witches)",120226857917140260,2026-05-03,inactive,ad,,,,,0,,0,0,,,,,,,,,2026-05-03,2026-05-03
"[19.10.25][มิ้น] สัมภาษณ์ลูกค้า ปีศาจ 1,2 (ปีศาจตัวนั้น) (Demon)",120238953328730260,2026-05-03,not_delivering,ad,,,,,0,,0,0,,,,,,,,,2026-05-03,2026-05-03
"[25.07.25][ขมิ้น] Podcast EP.3 ความฝัน (Ghostly)",120233556176910260,2026-05-03,inactive,ad,,,,,0,,0,0,,,,,,,,,2026-05-03,2026-05-03
"[04.05.26][มิ้น] problem solving skills (มนุษย์ต่างวัย) (Trap)",120248372913720260,2026-05-03,not_delivering,ad,การสนทนาผ่านการส่งข้อความที่เริ่มขึ้น,,,,0,,0,0,,,,,,,,,2026-05-03,2026-05-03
"[22.02.25][มิ้น] 5 เทคนิค Manifest (Million)",120232767096980260,2026-05-03,not_delivering,ad,,,,,0,,0,0,,,,,,,,,2026-05-03,2026-05-03
"[09.07.25][มิ้น] รีวิวไม่อวย 8/10 (Ghostly)",120233369285330260,2026-05-03,inactive,ad,,,,,0,,0,0,,,,,,,,,2026-05-03,2026-05-03
"[06.12.24] [มิ้น] เก็บเงินง่าย ๆ ด้วยกฎ 50 30 20 (Million)",120217605794000260,2026-05-03,inactive,ad,,,,,0,,0,0,,,,,,,,,2026-05-03,2026-05-03
"[03.12.25][มิ้น] เล่มนี้เหมาะกับใคร (Ghostly)",120241546704510260,2026-05-03,inactive,ad,,,,,0,,0,0,,,,,,,,,2026-05-03,2026-05-03
"[12.08.25][มิ้น] ประโยคนี้โคตรจริง (Witches)",120235691581580260,2026-05-03,not_delivering,ad,,,,,0,,0,0,,,,,,,,,2026-05-03,2026-05-03
"[25.03.26][มิ้น] สัมภาษณ์คุณหมึกซึมเชิญชวนมาบูธ (Ghostly)",120246086802200260,2026-05-03,not_delivering,ad,,,,,0,,0,0,,,,,,,,,2026-05-03,2026-05-03
"[01.05.26][มิ้น] รีสต็อกเล่มลายเซ็นหมอทานตะวัน (Trap)",120248169760600260,2026-05-03,active,ad,การสนทนาผ่านการส่งข้อความที่เริ่มขึ้น,,,409,212.93,1.92081905,1726,1400,1,,,1,9,1.62224797,123.36616454,,2026-05-03,2026-05-03
"[03.12.25][มิ้น] ประโยคนี้โคตรทัชใจ (Remains)",120241545825520260,2026-05-03,inactive,ad,,,,,0,,0,0,,,,,,,,,2026-05-03,2026-05-03
"[23.07.25][มิ้น] อ่านแล้วหายเหนื่อย (Tried)",120240096578280260,2026-05-03,not_delivering,ad,,,,,0,,0,0,,,,,,,,,2026-05-03,2026-05-03
"[27.04.26][มิ้น] Love-Hate Relationship (Remains)",120247726512400260,2026-05-03,not_delivering,ad,การสนทนาผ่านการส่งข้อความที่เริ่มขึ้น,,,,0,,0,0,,,,,,,,,2026-05-03,2026-05-03
"[16.01.26][มิ้น] แนะนำหนังสือฟีลเพื่อน (Witches)",120243289256620260,2026-05-03,inactive,ad,,,,,0,,0,0,,,,,,,,,2026-05-03,2026-05-03
"[19.02.25][มิ้น] 5 ประโยค เปลี่ยนชีวิต (Kidmakk) (Reels)",120243182503030260,2026-05-03,not_delivering,ad,,,,,0,,0,0,,,,,,,,,2026-05-03,2026-05-03
"[09.10.14] [มิ้น] แด่รักข้างเดียว (โอบกอด)",120216147613940260,2026-05-03,inactive,ad,,,,,0,,0,0,,,,,,,,,2026-05-03,2026-05-03
"[13.11.25][มิ้น] การนอกใจไม่ใช่เรื่องปกติ (Demons)",120240436553760260,2026-05-03,inactive,ad,,,,,0,,0,0,,,,,,,,,2026-05-03,2026-05-03
"[03.03.26][มิ้น] ไม่เคยร้องไห้กับหนังสือจนมาเจอ 2 เล่มนี้ (Ghostly) (Remains)",120246203707580260,2026-05-03,not_delivering,ad,,,,,0,,0,0,,,,,,,,,2026-05-03,2026-05-03
"[11.02.25][มิ้น] ฮีลใจเลิฟเวอร์ (Promotion_MM)",120219754711910260,2026-05-03,not_delivering,ad,,,,,0,,0,0,,,,,,,,,2026-05-03,2026-05-03
"[22.03.26][มิ้น] มีประโยคหนึ่งในหนังสือ (Witches)",120246034511960260,2026-05-03,not_delivering,ad,,,,,0,,0,0,,,,,,,,,2026-05-03,2026-05-03
"[01.03.26][มิ้น] รี stock เล่มลายเซ็นหมอทานตะวัน (สัมภาษณ์หมอ) (Trap)",120245068180810260,2026-05-03,not_delivering,ad,,,,,0,,0,0,,,,,,,,,2026-05-03,2026-05-03
"[22.05.25][มิ้น] 5 ข้อคิด (Ghostly)",120229092082940260,2026-05-03,inactive,ad,,,,,0,,0,0,,,,,,,,,2026-05-03,2026-05-03
"[17.03.25][มิ้น] การ์ดอยากบอกอะไรคุณ (Witches)",120222421805100260,2026-05-03,not_delivering,ad,,,,,0,,0,0,,,,,,,,,2026-05-03,2026-05-03
"[29.10.25][มิ้น] 2 หนังสือเรียกน้ำตา (Remains)",120243923495490260,2026-05-03,not_delivering,ad,,,,,0,,0,0,,,,,,,,,2026-05-03,2026-05-03
"[11.02.25][มิ้น] ประโยคหลังปก (Kiwtum)",120219598935850260,2026-05-03,not_delivering,ad,,,,,0,,0,0,,,,,,,,,2026-05-03,2026-05-03
"[12.01.26][มิ้น] โปรโมท Live 14/1/2569 (Live) (Reels)",120243146458110260,2026-05-03,not_delivering,ad,,,,,0,,0,0,,,,,,,,,2026-05-03,2026-05-03
"[01.03.26][มิ้น] รี stock เล่มลายเซ็นหมอทานตะวัน (สัมภาษณ์หมอ) (Trap) (Cross Page)",120245088945840260,2026-05-03,active,ad,การสนทนาผ่านการส่งข้อความที่เริ่มขึ้น,2,93.17,,186.34,,2336,1875,,2,93.17,,7,1.54109589,79.76883562,0,2026-05-03,2026-05-03
"[23.07.25][มิ้น] อ่านแล้วหายเหนื่อย (Tried)",120245837637310260,2026-05-03,not_delivering,ad,,,,,0,,0,0,,,,,,,,,2026-05-03,2026-05-03
"[11.02.25][มิ้น] ฮีลใจเลิฟเวอร์ (Promotion_MM)",120219754457840260,2026-05-03,not_delivering,ad,,,,,0,,0,0,,,,,,,,,2026-05-03,2026-05-03
"[29.04.26][มิ้น] โรคนอนไม่หลับ Insomnia (Trap)",120248075180200260,2026-05-03,not_delivering,ad,การสนทนาผ่านการส่งข้อความที่เริ่มขึ้น,,,,191.34,,1359,1074,,,,,8,3.23767476,140.79470199,,2026-05-03,2026-05-03
"[03.12.25][มิ้น] น้ำตาซึมไปหลายวัน (Remains)",120242966265870260,2026-05-03,inactive,ad,,,,,0,,0,0,,,,,,,,,2026-05-03,2026-05-03
"[22.05.25][มิ้น] หนังสือใหม่ออกมาอีกละ!!! (Ghostly)",120229378339080260,2026-05-03,inactive,ad,,,,,0,,0,0,,,,,,,,,2026-05-03,2026-05-03
"[17.07.25] [ขมิ้น] Podcast ความสัมพันธ์ Toxic (Ghostly)",120232924603800260,2026-05-03,not_delivering,ad,,,,,0,,0,0,,,,,,,,,2026-05-03,2026-05-03
"[25.03.35][มิ้น] ประโยคหลังปก (Gift) (Reels)",120243183159020260,2026-05-03,not_delivering,ad,,,,,0,,0,0,,,,,,,,,2026-05-03,2026-05-03
"[11.02.25][มิ้น] สัมภาษณ์คุณปั๊ม คิ้วต่ำ (Kiwtum)",120221441856470260,2026-05-03,not_delivering,ad,"การซื้อบน Meta",1,159.73,379,159.73,2.37275402,1818,1677,1,3,53.24333333,1,8,6.71067107,87.86028603,0.33333333,2026-05-03,2026-05-03
"[07.03.25][มิ้น] ASMR Unboxing (Witches)",120221521450010260,2026-05-03,inactive,ad,,,,,0,,0,0,,,,,,,,,2026-05-03,2026-05-03
"[24.12.25][มิ้น] การ์ดทำนายดวงที่เซอร์ไพรส์ได้ทุกวัน (Witches)",120243032437580260,2026-05-03,inactive,ad,,,,,0,,0,0,,,,,,,,,2026-05-03,2026-05-03
"[02.06.25][มิ้น] ถ้าแกพร้อมที่จะรักตัวเอง (ปีศาจตัวนั้น)",120234316313690260,2026-05-03,inactive,ad,,,,,0,,0,0,,,,,,,,,2026-05-03,2026-05-03
"[30.04.26][มิ้น] สัมภาษณ์คุณหมอทานตะวัน 2 หนังสือที่เป็นเหมือนจิตแพทย์ (Trap)",120248155497490260,2026-05-03,not_delivering,ad,การสนทนาผ่านการส่งข้อความที่เริ่มขึ้น,,,,163.19,,511,406,,,,,10,3.71819961,319.35420744,,2026-05-03,2026-05-03
"[02.06.25][มิ้น] รีแอค ขมิ้น (Ghostly)",120232764230770260,2026-05-03,not_delivering,ad,,,,,0,,0,0,,,,,,,,,2026-05-03,2026-05-03
"[18.11.25][มิ้น] อยู่คนเดียวเป็นเรื่องยาก ? (Ghostly)",120241914078040260,2026-05-03,not_delivering,ad,,,,,0,,0,0,,,,,,,,,2026-05-03,2026-05-03
"[03.12.25][มิ้น] เล่มนี้ทำน้ำตาไหลหนักมาก (Ghostly)",120243607975880260,2026-05-03,inactive,ad,,,,,0,,0,0,,,,,,,,,2026-05-03,2026-05-03
"[01.03.26][มิ้น] รี stock เล่มลายเซ็นหมอทานตะวัน (สัมภาษณ์หมอ) (Trap)",120245040432670260,2026-05-03,not_delivering,ad,การสนทนาผ่านการส่งข้อความที่เริ่มขึ้น,,,,0,,0,0,,,,,,,,,2026-05-03,2026-05-03
"[03.12.25][มิ้น] เล่มนี้ทำน้ำตาไหลหนักมาก (Ghostly)",120241546902410260,2026-05-03,not_delivering,ad,,,,,0,,0,0,,,,,,,,,2026-05-03,2026-05-03
"[28.11.25][มิ้น] สิ่งที่เป็นอยู่มีความสุขจริงไหม? (Ghostly)",120241209652390260,2026-05-03,inactive,ad,,,,,0,,0,0,,,,,,,,,2026-05-03,2026-05-03
"[10.02.26][มิ้น] ชนแล้วหนี (Remains)",120244223793660260,2026-05-03,not_delivering,ad,,,,,0,,0,0,,,,,,,,,2026-05-03,2026-05-03
"[17.02.26][มิ้น] 20 เล่มลายเซ็น (Trap)",120247120164100260,2026-05-03,not_delivering,ad,การสนทนาผ่านการส่งข้อความที่เริ่มขึ้น,3,56.82,,170.46,,966,955,,3,56.82,,6,3.41614907,176.45962733,0,2026-05-03,2026-05-03
"[23.11.24] [มิ้น] Payday Nov 999.-",120217276702690260,2026-05-03,not_delivering,ad,,,,,0,,0,0,,,,,,,,,2026-05-03,2026-05-03
"[04.02.26][มิ้น] มนุษย์ที่เป็นคนดี (สัมภาษณ์หมอ) (Trap)",120244225614610260,2026-05-03,inactive,ad,,,,,0,,0,0,,,,,,,,,2026-05-03,2026-05-03
"[25.03.26][มิ้น] ชวนมางานหนังสือ (สัมภาษณ์คุณหมอทานตะวัน) (Trap)",120246073302200260,2026-05-03,archived,ad,,,,,0,,0,0,,,,,,,,,2026-05-03,2026-05-03
"[30.10.25][มิ้น] ป้ายยาหนังสือเล่มดัง (ฟิล์ม) (Demons)",120239593460920260,2026-05-03,not_delivering,ad,,,,,0,,0,0,,,,,,,,,2026-05-03,2026-05-03
"[21.12.24] [มิ้น] สัมภาษณ์คุณคิดมาก (kidmakk)",120217962530930260,2026-05-03,not_delivering,ad,,,,,0,,0,0,,,,,,,,,2026-05-03,2026-05-03
"[27.01.26][มิ้น] โปรโมท Live 28/1/2569 (Live) (Reels)",120243662416390260,2026-05-03,not_delivering,ad,,,,,0,,0,0,,,,,,,,,2026-05-03,2026-05-03
"[03.12.25][มิ้น] เล่มนี้ทำน้ำตาไหลหนักมาก (Ghostly)",120243507704890260,2026-05-03,not_delivering,ad,,,,,0,,0,0,,,,,,,,,2026-05-03,2026-05-03
"[07.10.25][มิ้น] ชอบคนใจดี (Ghostly)",120239036605880260,2026-05-03,not_delivering,ad,,,,,0,,0,0,,,,,,,,,2026-05-03,2026-05-03
"[21.01.25] [มิ้น] บทที่ 4 จดหมายจากพระจันทร์ (Home)",120218669476360260,2026-05-03,not_delivering,ad,,,,,0,,0,0,,,,,,,,,2026-05-03,2026-05-03
"[26.01.26][มิ้น] หนังสือที่ได้ไปต่อในปี 2026 (Remains)",120243666702940260,2026-05-03,not_delivering,ad,,,,,0,,0,0,,,,,,,,,2026-05-03,2026-05-03
"[21.03.25][มิ้น] Unboxing newbook (Gift)",120222450894000260,2026-05-03,inactive,ad,,,,,0,,0,0,,,,,,,,,2026-05-03,2026-05-03
"[06.02.25][มิ้น] ต้องเสียใจอีกกี่ครั้งถึงจะเจอความรักที่ดี (ปีศาจตัวนั้น)",120219540143210260,2026-05-03,inactive,ad,,,,,0,,0,0,,,,,,,,,2026-05-03,2026-05-03
"[15.10.24] [มิ้น] จุดเปลี่ยนของชีวิต (Life)",120216576737310260,2026-05-03,not_delivering,ad,,,,,0,,0,0,,,,,,,,,2026-05-03,2026-05-03
"[21.09.24] [มิ้น] คนเราแตกสลายได้กี่ครั้ง",120215811548360260,2026-05-03,not_delivering,ad,,,,,0,,0,0,,,,,,,,,2026-05-03,2026-05-03
"[26.11.24] [มิ้น] 5 สิ่งที่ควรขอบคุณในชีวิต (Life)",120217325037440260,2026-05-02,inactive,ad,,,,,0,,0,0,,,,,,,,,2026-05-02,2026-05-02
"[21.09.24] [มิ้น] คนเราแตกสลายได้กี่ครั้ง",120216713189210260,2026-05-02,not_delivering,ad,,,,,0,,0,0,,,,,,,,,2026-05-02,2026-05-02
"[13.06.25][มิ้น] หนังสือที่น่าซื้อที่สุดในปฐพี (Witches)",120230769406070260,2026-05-02,inactive,ad,,,,,0,,0,0,,,,,,,,,2026-05-02,2026-05-02
"[17.09.25][มิ้น] การมีชีวิตที่โดดเดี่ยว (Ghostly)",120237845256810260,2026-05-02,inactive,ad,,,,,0,,0,0,,,,,,,,,2026-05-02,2026-05-02
"[12.08.25][มิ้น] ควรอ่านเล่มนี้ถ้าคุณ (Witches)",120235148632120260,2026-05-02,not_delivering,ad,,,,,0,,0,0,,,,,,,,,2026-05-02,2026-05-02
"[03.09.25][มิ้น] หนังเล่มใหม่ที่อานแล้วน้ำตาซึม (Demons)",120236324479760260,2026-05-02,not_delivering,ad,,,,,0,,0,0,,,,,,,,,2026-05-02,2026-05-02
"[21.09.24] [มิ้น] คนเราแตกสลายได้กี่ครั้ง",120215723178940260,2026-05-02,inactive,ad,,,,,0,,0,0,,,,,,,,,2026-05-02,2026-05-02
"[23.05.25][มิ้น] Payday May (Promotion_Payday)",120229263233770260,2026-05-02,not_delivering,ad,,,,,0,,0,0,,,,,,,,,2026-05-02,2026-05-02
"[02.06.25][มิ้น] หนังสือที่ดูดวงได้ (Witches)",120229859418130260,2026-05-02,inactive,ad,,,,,0,,0,0,,,,,,,,,2026-05-02,2026-05-02
"[20.08.25][มิ้น] ประโยคที่อ่านแล้วน้ำตาซึม (ปีศาจตัวนั้น)",120235258962660260,2026-05-02,not_delivering,ad,,,,,0,,0,0,,,,,,,,,2026-05-02,2026-05-02
"[02.06.25][มิ้น] รีแอค ขมิ้น (Ghostly)",120232523446420260,2026-05-02,not_delivering,ad,,,,,0,,0,0,,,,,,,,,2026-05-02,2026-05-02
"[25.07.25][มิ้น] ข้อความแรกของวัน (Kiwtum)",120233512263340260,2026-05-02,archived,ad,,,,,0,,0,0,,,,,,,,,2026-05-02,2026-05-02
"[08.07.25][มิ้น] หนังสือทะเล (Embrace)",120234400134080260,2026-05-02,inactive,ad,,,,,0,,0,0,,,,,,,,,2026-05-02,2026-05-02
"[03.09.25][มิ้น] หนังเล่มใหม่ที่อานแล้วน้ำตาซึม (Demons)",120236358963740260,2026-05-02,not_delivering,ad,,,,,0,,0,0,,,,,,,,,2026-05-02,2026-05-02
"[02.09.24] [มิ้น] 5 ข้อคิดลบกับตัวเอง (Helmet_Boxset)",120215258457330260,2026-05-02,inactive,ad,,,,,0,,0,0,,,,,,,,,2026-05-02,2026-05-02
"[12.11.24] [มิ้น] 2 หนังสือเล่มใหม่ที่ถูกเขียนด้วยน้ำตา แพ็กคู่ 529",120216989642050260,2026-05-02,not_delivering,ad,,,,,0,,0,0,,,,,,,,,2026-05-02,2026-05-02
"[17.08.24] [มิ้น] เหนื่อยแค่ไหนก็ฮีลใจตัวเองเป็น",120214814651560260,2026-05-02,inactive,ad,,,,,0,,0,0,,,,,,,,,2026-05-02,2026-05-02
"[21.09.24] [มิ้น] คนเราแตกสลายได้กี่ครั้ง",120217554942560260,2026-05-02,not_delivering,ad,,,,,0,,0,0,,,,,,,,,2026-05-02,2026-05-02
"[22.08.25][มิ้น] 3 เหตุผล ที่ต้องอ่าน (Ghostly)",120235868586480260,2026-05-02,not_delivering,ad,,,,,0,,0,0,,,,,,,,,2026-05-02,2026-05-02
"[10.01.25] [มิ้น] หากคุณกำลังแตกสลาย (Embrace)",120218485516510260,2026-05-02,not_delivering,ad,,,,,0,,0,0,,,,,,,,,2026-05-02,2026-05-02
"[07.08.25][มิ้น] เล่มใหม่ล่าสุด (Tried)",120234506727130260,2026-05-02,not_delivering,ad,,,,,0,,0,0,,,,,,,,,2026-05-02,2026-05-02
"[22.07.25][มิ้น] 5 สัญญาณที่บอกว่าเราเครียด (Tried)",120233222467930260,2026-05-02,not_delivering,ad,,,,,0,,0,0,,,,,,,,,2026-05-02,2026-05-02
"[30.03.25][มิ้น] แกล้งทำเป็นมั่นใจ (Witches)",120223303945480260,2026-05-02,inactive,ad,,,,,0,,0,0,,,,,,,,,2026-05-02,2026-05-02
"[07.10.25][มิ้น] ชอบคนใจดี (Ghostly)",120239036662700260,2026-05-02,not_delivering,ad,,,,,0,,0,0,,,,,,,,,2026-05-02,2026-05-02
"[09.09.25][มิ้น] วันนี้เหนื่อยใช่ไหม (Tried)",120236547035940260,2026-05-02,inactive,ad,,,,,0,,0,0,,,,,,,,,2026-05-02,2026-05-02
"[11.02.25][มิ้น] สัมภาษณ์คุณปั๊ม คิ้วต่ำ (Kiwtum)",120221329463410260,2026-05-02,not_delivering,ad,,,,,0,,0,0,,,,,,,,,2026-05-02,2026-05-02
"[15.10.24] [มิ้น] จุดเปลี่ยนของชีวิต (Life)",120216294310900260,2026-05-02,not_delivering,ad,,,,,0,,0,0,,,,,,,,,2026-05-02,2026-05-02
"[22.05.25][มิ้น] จะเป็นยังไง! เมื่อคนที่หมดแพชชัน  ต้องไปเป็นที่ปรึกษาให้เหล่าดวงวิญญาณ (Ghostly)",120229087924610260,2026-05-02,inactive,ad,,,,,0,,0,0,,,,,,,,,2026-05-02,2026-05-02
"[07.03.25][มิ้น] สัมภาษณ์คุณเม เล่มใหม่ล่าสุด (Witches)",120222165219910260,2026-05-02,not_delivering,ad,,,,,0,,0,0,,,,,,,,,2026-05-02,2026-05-02
"[04.12.24] [มิ้น] 5 เทคนิคเก็บเงินง่ายๆ (Million)",120217524655750260,2026-05-02,inactive,ad,,,,,0,,0,0,,,,,,,,,2026-05-02,2026-05-02
"[02.09.24] [มิ้น] น้ำหยดลงหินทุกวัน",120215197500950260,2026-05-02,inactive,ad,,,,,0,,0,0,,,,,,,,,2026-05-02,2026-05-02
"[17.06.25][มิ้น] คุณเคยเสียดายอะไรมั้ย (Ghostly)",120231111152920260,2026-05-02,inactive,ad,,,,,0,,0,0,,,,,,,,,2026-05-02,2026-05-02
"[23.10.24] [มิ้น] โดนตกจากประโยคหลังปก (Life)",120216499891260260,2026-05-02,not_delivering,ad,,,,,0,,0,0,,,,,,,,,2026-05-02,2026-05-02
"[24.03.25][มิ้น] 5 ข้อคิดที่ได้จากหนังสือ (Gift)",120222717828890260,2026-05-02,inactive,ad,,,,,0,,0,0,,,,,,,,,2026-05-02,2026-05-02
"[13.03.25][มิ้น] Mid Month จับคู่ 2 Boxset 990.- (Promotion_MM)",120222131623830260,2026-05-02,inactive,ad,,,,,0,,0,0,,,,,,,,,2026-05-02,2026-05-02
"[13.08.25][มิ้น] แม้คนในครอบครัวจะจากไป (ปีศาจตัวนั้น)",120234820747350260,2026-05-02,not_delivering,ad,,,,,0,,0,0,,,,,,,,,2026-05-02,2026-05-02
"[30.04.25][มิ้น] จากใจนักเขียน “คิ้วต่ำ” (Kiwtum)",120227299089800260,2026-05-02,inactive,ad,,,,,0,,0,0,,,,,,,,,2026-05-02,2026-05-02
"[22.07.25][มิ้น] เล่มใหม่ออกมาอีกแล้ว (Tried)",120233014563510260,2026-05-02,inactive,ad,,,,,0,,0,0,,,,,,,,,2026-05-02,2026-05-02
"[06.09.24] [มิ้น] โปรโมชั่น 9.9 flow ใหม่",120215379950760260,2026-05-02,inactive,ad,,,,,0,,0,0,,,,,,,,,2026-05-02,2026-05-02
"[13.08.25][มิ้น] โคตรจะชอบประโยคนี้ (Witches)",120234825730700260,2026-05-02,inactive,ad,,,,,0,,0,0,,,,,,,,,2026-05-02,2026-05-02
"[22.05.25][มิ้น] หนังสือใหม่ออกมาอีกละ!!! (Ghostly)",120229079814190260,2026-05-02,inactive,ad,,,,,0,,0,0,,,,,,,,,2026-05-02,2026-05-02
"[23.07.25][มิ้น] อ่านแล้วหายเหนื่อย (Tried)",120234719088420260,2026-05-02,not_delivering,ad,,,,,0,,0,0,,,,,,,,,2026-05-02,2026-05-02
"[29.10.24] [มิ้น] อาจจะเป็นเพราะความรักเป็นสิ่งที่หอมหวาน (ปีศาจความรัก)",120216650233680260,2026-05-02,not_delivering,ad,,,,,0,,0,0,,,,,,,,,2026-05-02,2026-05-02
"[11.02.25][มิ้น] สัมภาษณ์คุณปั๊ม คิ้วต่ำ (Kiwtum)",120221001878400260,2026-05-02,not_delivering,ad,,,,,0,,0,0,,,,,,,,,2026-05-02,2026-05-02
"[11.10.25][มิ้น] ถ้าวันไหนไม่มีใครเข้าใจ (Tried)",120238409069070260,2026-05-02,not_delivering,ad,,,,,0,,0,0,,,,,,,,,2026-05-02,2026-05-02
"[04.12.24] [มิ้น] 5 เทคนิคเก็บเงินง่ายๆ (Million)",120217524670740260,2026-05-02,not_delivering,ad,,,,,0,,0,0,,,,,,,,,2026-05-02,2026-05-02
"[08.09.25][มิ้น] 5 ข้อคิดจากหนังสือ (Demons)",120236832228880260,2026-05-02,inactive,ad,,,,,0,,0,0,,,,,,,,,2026-05-02,2026-05-02
"[24.12.24] [มิ้น] Payday นี้รวมแพ็กฮีลใจเล่มใหม่ (Promotion_Payday)",120218079584100260,2026-05-02,not_delivering,ad,,,,,0,,0,0,,,,,,,,,2026-05-02,2026-05-02
"[04.12.24] [มิ้น] 5 เทคนิคเก็บเงินง่ายๆ (Million)",120217524662290260,2026-05-02,inactive,ad,,,,,0,,0,0,,,,,,,,,2026-05-02,2026-05-02
"[03.09.25][มิ้น] หนังเล่มใหม่ที่อานแล้วน้ำตาซึม (Demons)",120236358963800260,2026-05-02,not_delivering,ad,,,,,0,,0,0,,,,,,,,,2026-05-02,2026-05-02
"[06.08.25][มิ้น] วันไหนไม่ไหว แวะมาอ่าน (Tried)",120234613000220260,2026-05-02,not_delivering,ad,,,,,0,,0,0,,,,,,,,,2026-05-02,2026-05-02
"[11.02.25][มิ้น] สัมภาษณ์คุณปั๊ม คิ้วต่ำ (Kiwtum)",120221825510110260,2026-05-02,inactive,ad,,,,,0,,0,0,,,,,,,,,2026-05-02,2026-05-02
"[17.03.25][มิ้น] การ์ดอยากบอกอะไรคุณ (Witches)",120222333547920260,2026-05-02,not_delivering,ad,,,,,0,,0,0,,,,,,,,,2026-05-02,2026-05-02
"[12.08.25][มิ้น] ประโยคนี้โคตรจริง (Witches)",120234722397390260,2026-05-02,inactive,ad,,,,,0,,0,0,,,,,,,,,2026-05-02,2026-05-02
"[07.10.24] [มิ้น] หมูเด้งดังแล้ว อย่าลืมคาปิบาร่า (คาปิบาร่า_box set)",120216121992430260,2026-05-02,inactive,ad,,,,,0,,0,0,,,,,,,,,2026-05-02,2026-05-02
"[12.08.25][มิ้น] ควรอ่านเล่มนี้ถ้าคุณ (Witches)",120234722299570260,2026-05-02,inactive,ad,,,,,0,,0,0,,,,,,,,,2026-05-02,2026-05-02
"[22.10.25][มิ้น] หนังสือได้ออกทีวี (Demons)",120239112704950260,2026-05-02,inactive,ad,,,,,0,,0,0,,,,,,,,,2026-05-02,2026-05-02
"[12.08.25][มิ้น] ควรอ่านเล่มนี้ถ้าคุณ (Witches)",120235162743250260,2026-05-02,not_delivering,ad,,,,,0,,0,0,,,,,,,,,2026-05-02,2026-05-02
"[29.09.25][มิ้น] ปีศาจใหม่มันกลับมาอีกแล้ว (Demons)",120238434730060260,2026-05-02,not_delivering,ad,,,,,0,,0,0,,,,,,,,,2026-05-02,2026-05-02
"[11.02.25][มิ้น] Unboxing new book (Kiwtum)",120219869227640260,2026-05-02,not_delivering,ad,,,,,0,,0,0,,,,,,,,,2026-05-02,2026-05-02
"[25.03.25][มิ้น] บทที่ 25 ขอบคุณสำหรับทุกอย่างที่ผ่านมา (Embrace)",120222718080890260,2026-05-02,inactive,ad,,,,,0,,0,0,,,,,,,,,2026-05-02,2026-05-02
"[21.01.25] [มิ้น] สถานที่ที่ปลอดภัยที่สุด (Home)",120218669503520260,2026-05-02,not_delivering,ad,,,,,0,,0,0,,,,,,,,,2026-05-02,2026-05-02
"[05.08.25][มิ้น] ไม่เคยให้กำลังใจตัวเอง (Home)",120234400989730260,2026-05-02,not_delivering,ad,,,,,0,,0,0,,,,,,,,,2026-05-02,2026-05-02
"[19.11.24] [มิ้น] เพราะส่วนลึกที่สุดของทะเล (โอบกอด)",120217502402920260,2026-05-02,not_delivering,ad,,,,,0,,0,0,,,,,,,,,2026-05-02,2026-05-02
"[14.07.25][มิ้น] 5 สัญญาณ Toxic (Ghostly)",120232821171750260,2026-05-02,inactive,ad,,,,,0,,0,0,,,,,,,,,2026-05-02,2026-05-02
"[23.10.24] [มิ้น] โดนตกจากประโยคหลังปก (Life)",120216829371800260,2026-05-02,not_delivering,ad,,,,,0,,0,0,,,,,,,,,2026-05-02,2026-05-02
"[01.12.25][มิ้น] 5 ประโยคจุกอก (ปีศาจตัวนั้น)",120241544750870260,2026-05-02,archived,ad,,,,,0,,0,0,,,,,,,,,2026-05-02,2026-05-02
"[04.10.24] [มิ้น] ถ้าวันนี้เป็นวันสุดท้าย คุณจะทำอะไร? (Ghost)",120216040197210260,2026-05-02,not_delivering,ad,,,,,0,,0,0,,,,,,,,,2026-05-02,2026-05-02
"[11.06.25][มิ้น] ชายคนหนึ่งตกหลุมรักสาวใบ้ (Ghostly)",120232158783980260,2026-05-02,not_delivering,ad,,,,,0,,0,0,,,,,,,,,2026-05-02,2026-05-02
"[27.11.25][มิ้น] ตอบคอมเมนต์ อ่านเล่ม 2 เลยได้ไหม (Demons)",120241143672550260,2026-05-02,inactive,ad,,,,,0,,0,0,,,,,,,,,2026-05-02,2026-05-02
"[02.06.25][มิ้น] รีแอค ขมิ้น (Ghostly)",120231946918740260,2026-05-02,inactive,ad,,,,,0,,0,0,,,,,,,,,2026-05-02,2026-05-02
"[03.05.25][มิ้น] 5.5 จัดโปร Boxset ฮีลใจ 555.- (Promotion_DD)",120227797678280260,2026-05-02,inactive,ad,,,,,0,,0,0,,,,,,,,,2026-05-02,2026-05-02
"[13.11.24] [มิ้น] แยกย้ายไปเติบโต (โอบกอด)",120216996665780260,2026-05-02,inactive,ad,,,,,0,,0,0,,,,,,,,,2026-05-02,2026-05-02
"[21.09.24] [มิ้น] คนเราแตกสลายได้กี่ครั้ง",120216668670730260,2026-05-02,not_delivering,ad,,,,,0,,0,0,,,,,,,,,2026-05-02,2026-05-02
"[24.10.24] [มิ้น] Payday นี้ เทโปรแรง จนขนลุก",120216536721530260,2026-05-02,not_delivering,ad,,,,,0,,0,0,,,,,,,,,2026-05-02,2026-05-02
"[10.09.25][มิ้น] เคยไหม แพ้เสียงในหัวตัวเอง (Demons)",120236625806110260,2026-05-02,not_delivering,ad,,,,,0,,0,0,,,,,,,,,2026-05-02,2026-05-02
"[10.12.24] [มิ้น] 12.12 แจกสุขส่งท้ายปี",120217673365280260,2026-05-02,archived,ad,,,,,0,,0,0,,,,,,,,,2026-05-02,2026-05-02
"[03.09.25][มิ้น] อยากให้ทุกคนอ่าน (Ghostly)",120236575412200260,2026-05-02,not_delivering,ad,,,,,0,,0,0,,,,,,,,,2026-05-02,2026-05-02
"[21.09.24] [มิ้น] คนเราแตกสลายได้กี่ครั้ง",120216689813040260,2026-05-02,not_delivering,ad,,,,,0,,0,0,,,,,,,,,2026-05-02,2026-05-02
"[23.10.24] [มิ้น] โดนตกจากประโยคหลังปก (Life)",120216576737330260,2026-05-02,not_delivering,ad,,,,,0,,0,0,,,,,,,,,2026-05-02,2026-05-02
"[13.11.24] [มิ้น] การเป็นตัวเองทำให้รู้สึกไม่มั่นใจ (Helmet_Boxset)",120216996599520260,2026-05-02,not_delivering,ad,,,,,0,,0,0,,,,,,,,,2026-05-02,2026-05-02
"[06.03.26][มิ้น] บทที่ 8 เราต่างกันเกินไป (Embrace)",120245219215280260,2026-05-02,not_delivering,ad,,,,,0,,0,0,,,,,,,,,2026-05-02,2026-05-02
"[21.09.24] [มิ้น] คนเราแตกสลายได้กี่ครั้ง",120217430655790260,2026-05-02,not_delivering,ad,,,,,0,,0,0,,,,,,,,,2026-05-02,2026-05-02
"[21.01.25] [มิ้น] สถานที่ที่ปลอดภัยที่สุด (Home)",120218668178870260,2026-05-02,not_delivering,ad,,,,,0,,0,0,,,,,,,,,2026-05-02,2026-05-02
"[07.06.25][มิ้น] หนังสือใหม่กลิ่นหอมมาก (Ghostly)",120230120421370260,2026-05-02,inactive,ad,,,,,0,,0,0,,,,,,,,,2026-05-02,2026-05-02
"[09.07.25][มิ้น] วันไหนที่ใจแข็งแรงดอกไม้จะผลิบาน (Garden_เล่มเดี่ยว)",120232526677800260,2026-05-02,not_delivering,ad,,,,,0,,0,0,,,,,,,,,2026-05-02,2026-05-02
"[21.03.25][มิ้น] Unboxing newbook (Gift)",120222457757270260,2026-05-02,inactive,ad,,,,,0,,0,0,,,,,,,,,2026-05-02,2026-05-02
"[09.07.25][มิ้น] รีวิวไม่อวย 8/10 (Ghostly)",120233369040150260,2026-05-02,inactive,ad,,,,,0,,0,0,,,,,,,,,2026-05-02,2026-05-02
"[03.03.26][มิ้น] ไม่เคยร้องไห้กับหนังสือจนมาเจอ 2 เล่มนี้ (Ghostly) (Remains)",120247427758590260,2026-05-02,inactive,ad,การสนทนาผ่านการส่งข้อความที่เริ่มขึ้น,,,,0,,0,0,,,,,,,,,2026-05-02,2026-05-02
"[07.03.25][มิ้น] วันนี้คุณเหนื่อยไหม (Embrace)",120221523412410260,2026-05-02,inactive,ad,,,,,0,,0,0,,,,,,,,,2026-05-02,2026-05-02
"[02.04.26][มิ้น] อย่าปล่อยให้อีโก้ (Trap)",120247605233680260,2026-05-02,not_delivering,ad,การสนทนาผ่านการส่งข้อความที่เริ่มขึ้น,1,0,,0,,0,0,,1,0,,,,,0,2026-05-02,2026-05-02
"[19.11.24] [มิ้น] เพราะส่วนลึกที่สุดของทะเล (โอบกอด)",120217908371210260,2026-05-02,inactive,ad,,,,,0,,0,0,,,,,,,,,2026-05-02,2026-05-02
"[02.04.26][มิ้น] อย่าปล่อยให้อีโก้ (Trap)",120248070542200260,2026-05-02,not_delivering,ad,การสนทนาผ่านการส่งข้อความที่เริ่มขึ้น,,,,240.96,,1021,889,,,,,9,9.89226249,236.00391773,,2026-05-02,2026-05-02
"[02.05.26][มิ้น] มองปัญหาให้เป็นการเรียนรู้ (Witches)",120248232571620260,2026-05-02,not_delivering,ad,การสนทนาผ่านการส่งข้อความที่เริ่มขึ้น,,,,235.17,,2241,1835,,,,,19,2.40963855,104.93975904,,2026-05-02,2026-05-02
"[11.03.26][มิ้น] ฉันจะมีชีวิตที่ดี (Kidmakk)",120245422532230260,2026-05-02,not_delivering,ad,,,,,0,,0,0,,,,,,,,,2026-05-02,2026-05-02
"[11.02.25][มิ้น] สัมภาษณ์คุณปั๊ม คิ้วต่ำ (Kiwtum)",120220060200360260,2026-05-02,inactive,ad,,,,,0,,0,0,,,,,,,,,2026-05-02,2026-05-02
"[03.03.26][มิ้น] ไม่เคยร้องไห้กับหนังสือจนมาเจอ 2 เล่มนี้ (Ghostly) (Remains)",120246033749230260,2026-05-02,not_delivering,ad,,,,,0,,0,0,,,,,,,,,2026-05-02,2026-05-02
"[11.12.24] [มิ้น] Unbox นี่คือหนังสือสรุปการเงินที่เข้าใจง่าย (Million)",120217743316290260,2026-05-02,inactive,ad,,,,,0,,0,0,,,,,,,,,2026-05-02,2026-05-02
"[17.02.26][มิ้น] 20 เล่มลายเซ็น (Trap)",120244506815120260,2026-05-02,not_delivering,ad,,,,,0,,0,0,,,,,,,,,2026-05-02,2026-05-02
"[24.07.25][มิ้น] ฝนตกแบบนี้ยังมีไปรษณีย์มาส่ง (Ghostly)",120233475158630260,2026-05-02,not_delivering,ad,,,,,0,,0,0,,,,,,,,,2026-05-02,2026-05-02
"[29.03.26][มิ้น] เล่มลายเซ็นนักเขียนหมึกซึม (Ghostly) (Remains)",120246468504980260,2026-05-02,not_delivering,ad,,,,,0,,0,0,,,,,,,,,2026-05-02,2026-05-02
"[09.09.25][มิ้น] ประโยคนี้เตือนสติ (Witches)",120236551109280260,2026-05-02,not_delivering,ad,,,,,0,,0,0,,,,,,,,,2026-05-02,2026-05-02
"[21.03.25][มิ้น] Unboxing newbook (Gift)",120222451540920260,2026-05-02,inactive,ad,,,,,0,,0,0,,,,,,,,,2026-05-02,2026-05-02
"[17.03.25][มิ้น] การ์ดอยากบอกอะไรคุณ (Witches)",120222281364600260,2026-05-02,inactive,ad,,,,,0,,0,0,,,,,,,,,2026-05-02,2026-05-02
"[21.01.25] [มิ้น] Unboxing หนังสือฮีลใจเล่มใหม่ 2025 (Home)",120218671600690260,2026-05-02,not_delivering,ad,,,,,0,,0,0,,,,,,,,,2026-05-02,2026-05-02
"[04.02.26][มิ้น] มนุษย์ที่เป็นคนดี (สัมภาษณ์หมอ) (Trap)",120245891795580260,2026-05-02,not_delivering,ad,การสนทนาผ่านการส่งข้อความที่เริ่มขึ้น,,,,0,,0,0,,,,,,,,,2026-05-02,2026-05-02
"[26.11.24] [มิ้น] เงินเดือนก็พอใช้อยู่แล้ว (ปีศาจการเงิน)",120217325231390260,2026-05-02,not_delivering,ad,,,,,0,,0,0,,,,,,,,,2026-05-02,2026-05-02
"[24.03.25][มิ้น] 5 ข้อคิดที่ได้จากหนังสือ (Gift)",120222654403270260,2026-05-02,inactive,ad,,,,,0,,0,0,,,,,,,,,2026-05-02,2026-05-02
"[04.02.26][มิ้น] มนุษย์ที่เป็นคนดี (สัมภาษณ์หมอ) (Trap) (Click)",120244547996470260,2026-05-02,not_delivering,ad,,,,,0,,0,0,,,,,,,,,2026-05-02,2026-05-02
"[23.07.25][มิ้น] อ่านแล้วหายเหนื่อย (Tried)",120245505030860260,2026-05-02,not_delivering,ad,,,,,0,,0,0,,,,,,,,,2026-05-02,2026-05-02
"[21.09.24] [มิ้น] คนเราแตกสลายได้กี่ครั้ง",120216728822800260,2026-05-02,inactive,ad,,,,,0,,0,0,,,,,,,,,2026-05-02,2026-05-02
"[03.12.25][มิ้น] น้ำตาซึมไปหลายวัน (Remains)",120244180969930260,2026-05-02,not_delivering,ad,,,,,0,,0,0,,,,,,,,,2026-05-02,2026-05-02
"[24.12.25][มิ้น] อย่ากลัวที่จะโดดเดี่ยว (Ghostly)",120242967762990260,2026-05-02,archived,ad,,,,,0,,0,0,,,,,,,,,2026-05-02,2026-05-02
"[15.10.24] [มิ้น] จุดเปลี่ยนของชีวิต (Life)",120216340907800260,2026-05-02,inactive,ad,,,,,0,,0,0,,,,,,,,,2026-05-02,2026-05-02
"[08.04.26][มิ้น] อยากเป็นคนแบบไหนให้เป็นคนแบบนั้น (Witches)",120246834617690260,2026-05-02,inactive,ad,การสนทนาผ่านการส่งข้อความที่เริ่มขึ้น,,,,0,,0,0,,,,,,,,,2026-05-02,2026-05-02
"[21.01.25] [มิ้น] บทที่ 4 จดหมายจากพระจันทร์ (Home)",120218669546790260,2026-05-02,not_delivering,ad,,,,,0,,0,0,,,,,,,,,2026-05-02,2026-05-02
"[04.03.26][มิ้น] อยู่ต่อหรือลาออก (Tried)",120245214807230260,2026-05-02,not_delivering,ad,,,,,0,,0,0,,,,,,,,,2026-05-02,2026-05-02
"[19.11.24] [มิ้น] เพราะส่วนลึกที่สุดของทะเล (โอบกอด)",120217324834740260,2026-05-02,inactive,ad,,,,,0,,0,0,,,,,,,,,2026-05-02,2026-05-02
"[24.02.26][มิ้น] แมวที่เก็บมาเลี้ยงหายไป (Ghostly)",120244936014400260,2026-05-02,not_delivering,ad,,,,,0,,0,0,,,,,,,,,2026-05-02,2026-05-02
"[13.04.26][มิ้น] อยู่อย่างโดดเดี่ยว ก็ไม่ได้แย่เสมอไป (Ghostly)",120247192997980260,2026-05-02,not_delivering,ad,,,,,0,,0,0,,,,,,,,,2026-05-02,2026-05-02
"[29.01.26][มิ้น] Unboxing หนังสือเล่มแรกของปี 2026 (Trap)",120245371476710260,2026-05-02,not_delivering,ad,,,,,0,,0,0,,,,,,,,,2026-05-02,2026-05-02
"[21.01.25] [มิ้น] สถานที่ที่ปลอดภัยที่สุด (Home)",120218669476350260,2026-05-02,not_delivering,ad,,,,,0,,0,0,,,,,,,,,2026-05-02,2026-05-02
"[11.02.25][มิ้น] ประโยคหลังปก (Kiwtum)",120219599842250260,2026-05-02,not_delivering,ad,,,,,0,,0,0,,,,,,,,,2026-05-02,2026-05-02
"[11.02.25][มิ้น] สัมภาษณ์คุณปั๊ม คิ้วต่ำ (Kiwtum)",120219600093230260,2026-05-02,inactive,ad,,,,,0,,0,0,,,,,,,,,2026-05-02,2026-05-02
"[20.03.26][มิ้น] คนคิดเยอะมักเจ็บจากความคิดตัวเอง (Trap)",120245846570590260,2026-05-02,not_delivering,ad,,,,,0,,0,0,,,,,,,,,2026-05-02,2026-05-02
"[04.03.26][มิ้น] อยู่ต่อหรือลาออก (Tried)",120245170261570260,2026-05-02,not_delivering,ad,,,,,0,,0,0,,,,,,,,,2026-05-02,2026-05-02
"[02.04.26][มิ้น] คนใจดีมักถูกเอาเปรียบ (Ghostly)",120246835244870260,2026-05-02,inactive,ad,,,,,0,,0,0,,,,,,,,,2026-05-02,2026-05-02
"[28.02.25][มิ้น] 3.3 ชีเสิร์ฟไม่พัก ซื้อ 3 แถม 1 (Promotion_DD)",120221295479100260,2026-05-02,not_delivering,ad,,,,,0,,0,0,,,,,,,,,2026-05-02,2026-05-02
"[22.01.25] [มิ้น] หนังสือเล่มนี้ที่อยากบอกคุณว่า (ปีศาจตัวนั้น)",120219288907750260,2026-05-02,inactive,ad,,,,,0,,0,0,,,,,,,,,2026-05-02,2026-05-02
"[03.03.26][มิ้น] ไม่เคยร้องไห้กับหนังสือจนมาเจอ 2 เล่มนี้ (Ghostly) (Remains)",120246838131460260,2026-05-02,inactive,ad,การสนทนาผ่านการส่งข้อความที่เริ่มขึ้น,,,,0,,0,0,,,,,,,,,2026-05-02,2026-05-02
"[21.04.26][มิ้น] บุฟเฟต์ฮีลใจ (Promotion)",120247438983290260,2026-05-02,not_delivering,ad,การสนทนาผ่านการส่งข้อความที่เริ่มขึ้น,,,,0,,0,0,,,,,,,,,2026-05-02,2026-05-02
"[24.02.25][มิ้น] บทที่ 1 ที่คิ้วต่ำอยากแนะนำ (Kiwtum)",120221442077700260,2026-05-02,inactive,ad,,,,,0,,0,0,,,,,,,,,2026-05-02,2026-05-02
"[03.09.25][มิ้น] เล่มใหม่ให้ 1000/100 (Demons)",120235869179090260,2026-05-02,not_delivering,ad,,,,,0,,0,0,,,,,,,,,2026-05-02,2026-05-02
"[24.01.25] [มิ้น] PAYDAY นี้ จ่าย 1 ได้ถึง 5 (Promotion_Payday)",120219260332190260,2026-05-02,not_delivering,ad,,,,,0,,0,0,,,,,,,,,2026-05-02,2026-05-02
"[25.04.25][มิ้น] หนังสือที่ทำให้อยากใช้ชีวิตเพื่อตัวเอง (Kiwtum)",120226731889470260,2026-05-02,inactive,ad,,,,,0,,0,0,,,,,,,,,2026-05-02,2026-05-02
"[26.04.25][มิ้น] ยอดขาย 10,000 เล่ม (Witches)",120226857753660260,2026-05-02,inactive,ad,,,,,0,,0,0,,,,,,,,,2026-05-02,2026-05-02
"[22.05.25][มิ้น] 5 ข้อคิด (Ghostly)",120229512329500260,2026-05-02,inactive,ad,,,,,0,,0,0,,,,,,,,,2026-05-02,2026-05-02
"[07.04.25][มิ้น] “ทำเต็มที่ที่ดีสุด” ไม่เท่ากัน (Embrace)",120224923030690260,2026-05-02,inactive,ad,,,,,0,,0,0,,,,,,,,,2026-05-02,2026-05-02
"[02.04.26][มิ้น] อย่าปล่อยให้อีโก้ (Trap)",120248276125810260,2026-05-02,not_delivering,ad,การสนทนาผ่านการส่งข้อความที่เริ่มขึ้น,,,,93.2,,1148,1131,,,,,5,5.83623693,81.18466899,,2026-05-02,2026-05-02
"[21.03.25][มิ้น] Unboxing newbook (Gift)",120222451522520260,2026-05-02,inactive,ad,,,,,0,,0,0,,,,,,,,,2026-05-02,2026-05-02
"[22.05.25][มิ้น] 5 ข้อคิด (Ghostly)",120229092583950260,2026-05-02,inactive,ad,,,,,0,,0,0,,,,,,,,,2026-05-02,2026-05-02
"[19.03.25][มิ้น] สัมภาษณ์คุณปั๊มลายเซ็น (Kiwtum)",120222379628490260,2026-05-02,inactive,ad,,,,,0,,0,0,,,,,,,,,2026-05-02,2026-05-02
"[18.04.25][มิ้น] ก่อนนอน อยากให้คุณได้อ่าน (Kiwtum)",120226166146280260,2026-05-02,inactive,ad,,,,,0,,0,0,,,,,,,,,2026-05-02,2026-05-02
"[11.02.25][มิ้น] สัมภาษณ์คุณปั๊ม คิ้วต่ำ (Kiwtum)",120219599771730260,2026-05-02,inactive,ad,,,,,0,,0,0,,,,,,,,,2026-05-02,2026-05-02
"[03.07.24] [มิ้น] ปล่อยให้ตัวเองเศร้าบ้างก็ได้",120214870359540260,2026-05-02,inactive,ad,,,,,0,,0,0,,,,,,,,,2026-05-02,2026-05-02
"[07.05.25][มิ้น] ชีวิตที่ดูแย่ (Witches)",120228324823780260,2026-05-02,inactive,ad,,,,,0,,0,0,,,,,,,,,2026-05-02,2026-05-02
"[11.02.25][มิ้น] Unboxing new book (Kiwtum)",120219598317550260,2026-05-02,inactive,ad,,,,,0,,0,0,,,,,,,,,2026-05-02,2026-05-02
"[07.04.25][มิ้น] สัมภาษณ์คุณพราวงานหนังสือ (Home)",120224924557780260,2026-05-02,inactive,ad,,,,,0,,0,0,,,,,,,,,2026-05-02,2026-05-02
"[22.05.25][มิ้น] 5 ข้อคิด (Ghostly)",120229091502610260,2026-05-02,inactive,ad,,,,,0,,0,0,,,,,,,,,2026-05-02,2026-05-02
"[10.11.25][มิ้น] ป้ายยาหนังสือ 7 เล่ม (E-Book)",120240281961660260,2026-05-02,inactive,ad,,,,,0,,0,0,,,,,,,,,2026-05-02,2026-05-02
"[22.05.25][มิ้น] จะเป็นยังไง! เมื่อคนที่หมดแพชชัน  ต้องไปเป็นที่ปรึกษาให้เหล่าดวงวิญญาณ (Ghostly)",120229092082970260,2026-05-02,inactive,ad,,,,,0,,0,0,,,,,,,,,2026-05-02,2026-05-02
"[21.03.25][มิ้น] สัมภาษณ์คุณบุ๋ม (Gift)",120222451540900260,2026-05-02,inactive,ad,,,,,0,,0,0,,,,,,,,,2026-05-02,2026-05-02
"[11.02.25][มิ้น] สัมภาษณ์คุณปั๊ม คิ้วต่ำ (Kiwtum) คลิปสั้น",120221484529520260,2026-05-02,inactive,ad,,,,,0,,0,0,,,,,,,,,2026-05-02,2026-05-02
"[04.06.25][มิ้น] รีวิวหนังสือเล่มดัง (ปีศาจตัวนั้น)",120234067024150260,2026-05-02,inactive,ad,,,,,0,,0,0,,,,,,,,,2026-05-02,2026-05-02
"[08.04.26][มิ้น] ยังคงชอบประโยคที่ว่า (Kiwtum)",120246834961470260,2026-05-02,inactive,ad,,,,,0,,0,0,,,,,,,,,2026-05-02,2026-05-02
"[11.02.25][มิ้น] 5 ข้อคิด (Kiwtum)",120219733072010260,2026-05-02,inactive,ad,,,,,0,,0,0,,,,,,,,,2026-05-02,2026-05-02
"[19.11.24] [มิ้น] เพราะส่วนลึกที่สุดของทะเล (โอบกอด)",120217898480830260,2026-05-02,not_delivering,ad,,,,,0,,0,0,,,,,,,,,2026-05-02,2026-05-02
"[09.08.24] [มิ้น] อยากมีคาปิบาร่าเป็นของตัวเอง (คาปิบาร่า_box set)",120214628201150260,2026-05-02,inactive,ad,,,,,0,,0,0,,,,,,,,,2026-05-02,2026-05-02
"[01.03.26][มิ้น] รี stock เล่มลายเซ็นหมอทานตะวัน (สัมภาษณ์หมอ) (Trap)",120247171600720260,2026-05-02,not_delivering,ad,การสนทนาผ่านการส่งข้อความที่เริ่มขึ้น,,,,0,,0,0,,,,,,,,,2026-05-02,2026-05-02
"[17.02.26][มิ้น] 20 เล่มลายเซ็น (Trap)",120247120106440260,2026-05-02,not_delivering,ad,,,,,0,,0,0,,,,,,,,,2026-05-02,2026-05-02
"[17.02.26][มิ้น] 20 เล่มลายเซ็น (Trap)",120245605398060260,2026-05-02,not_delivering,ad,,,,,0,,0,0,,,,,,,,,2026-05-02,2026-05-02
"[21.09.24] [มิ้น] คนเราแตกสลายได้กี่ครั้ง",120216015666700260,2026-05-02,inactive,ad,,,,,0,,0,0,,,,,,,,,2026-05-02,2026-05-02
"[04.02.26][มิ้น] มนุษย์ที่เป็นคนดี (สัมภาษณ์หมอ) (Trap)",120247044866530260,2026-05-02,not_delivering,ad,การสนทนาผ่านการส่งข้อความที่เริ่มขึ้น,,,,0,,0,0,,,,,,,,,2026-05-02,2026-05-02
"[27.03.26][มิ้น] BookFair : พาชมบรรยากาศงานหนังสือครั้งที่ 54 (Promotion)",120246411925040260,2026-05-02,not_delivering,ad,,,,,0,,0,0,,,,,,,,,2026-05-02,2026-05-02
"[07.03.25][มิ้น] ASMR Unboxing (Witches) - Copy",120222333463840260,2026-05-02,archived,ad,,,,,0,,0,0,,,,,,,,,2026-05-02,2026-05-02
"[21.01.25] [มิ้น] สถานที่ที่ปลอดภัยที่สุด (Home)",120218669546800260,2026-05-02,not_delivering,ad,,,,,0,,0,0,,,,,,,,,2026-05-02,2026-05-02
"[11.02.25][มิ้น] 5 ข้อคิด (Kiwtum)",120219599842230260,2026-05-02,not_delivering,ad,,,,,0,,0,0,,,,,,,,,2026-05-02,2026-05-02
"[01.03.26][มิ้น] รี stock เล่มลายเซ็นหมอทานตะวัน (สัมภาษณ์หมอ) (Trap) (Cross Page)",120248070358820260,2026-05-02,not_delivering,ad,การสนทนาผ่านการส่งข้อความที่เริ่มขึ้น,2,176.02,659,352.04,1.87194637,4599,3913,1,2,176.02,1,27,1.84822788,76.54707545,0.5,2026-05-02,2026-05-02
"[16.01.25][VDO][มิ้น][Garden_เล่มเดี่ยว] ความรักกับดอกไม้",120218618288140260,2026-05-02,inactive,ad,,,,,0,,0,0,,,,,,,,,2026-05-02,2026-05-02
"[22.05.25][มิ้น] หนังสือใหม่ออกมาอีกละ!!! (Ghostly)",120229092082960260,2026-05-02,inactive,ad,,,,,0,,0,0,,,,,,,,,2026-05-02,2026-05-02
"[24.04.26][มิ้น] โดนนอกใจทำยังไงดี? (Trap)",120247710533900260,2026-05-02,not_delivering,ad,,,,,0,,0,0,,,,,,,,,2026-05-02,2026-05-02
"[27.04.26][มิ้น] Love-Hate Relationship (Remains)",120248233646280260,2026-05-02,active,ad,การเข้าถึง,5563,7.07531907,,39.36,,5708,5563,,,,,4,0.84092502,6.89558514,,2026-05-02,2026-05-02
"[22.05.25][มิ้น] 5 ข้อคิด (Ghostly)",120229087924620260,2026-05-02,inactive,ad,,,,,0,,0,0,,,,,,,,,2026-05-02,2026-05-02
"[08.08.25][มิ้น] ร้องไห้บนรถไฟฟ้า (Ghostly)",120236739604820260,2026-05-02,inactive,ad,,,,,0,,0,0,,,,,,,,,2026-05-02,2026-05-02
"[27.08.25][มิ้น] ซื้อ Boxset แถม Magic Planner (Witches)",120235755272030260,2026-05-02,not_delivering,ad,,,,,0,,0,0,,,,,,,,,2026-05-02,2026-05-02
"[26.11.24] [มิ้น] อาจเป็นเพราะคงแตกสลายไปมากว่านี้ไม่ไหวแล้ว แพ็กคู่โอบกอดดอกไม้ 579",120217324435530260,2026-05-02,not_delivering,ad,,,,,0,,0,0,,,,,,,,,2026-05-02,2026-05-02
"[03.03.26][มิ้น] ไม่เคยร้องไห้กับหนังสือจนมาเจอ 2 เล่มนี้ (Ghostly) (Remains)",120245369153160260,2026-05-02,not_delivering,ad,,,,,0,,0,0,,,,,,,,,2026-05-02,2026-05-02
"[21.12.24] [มิ้น] สัมภาษณ์คุณคิดมาก (kidmakk)",120217962291630260,2026-05-02,not_delivering,ad,,,,,0,,0,0,,,,,,,,,2026-05-02,2026-05-02
"[23.07.25][มิ้น] อ่านแล้วหายเหนื่อย (Tried)",120234442609650260,2026-05-02,not_delivering,ad,,,,,0,,0,0,,,,,,,,,2026-05-02,2026-05-02
"[22.01.26][มิ้น] 5 สิ่งที่ทำได้เลย (Trap)",120243468174510260,2026-05-02,not_delivering,ad,,,,,0,,0,0,,,,,,,,,2026-05-02,2026-05-02
"[02.04.26][มิ้น] อย่าปล่อยให้อีโก้ (Trap)",120246565640950260,2026-05-02,not_delivering,ad,การสนทนาผ่านการส่งข้อความที่เริ่มขึ้น,,,1756,1018.17,1.72466288,7044,5200,4,,,5,27,4.94037479,144.54429302,,2026-05-02,2026-05-02
"[17.02.26][มิ้น] 20 เล่มลายเซ็น (Trap)",120245622374040260,2026-05-02,not_delivering,ad,การสนทนาผ่านการส่งข้อความที่เริ่มขึ้น,,,,0,,0,0,,,,,,,,,2026-05-02,2026-05-02
"[22.05.25][มิ้น] จะเป็นยังไง! เมื่อคนที่หมดแพชชัน  ต้องไปเป็นที่ปรึกษาให้เหล่าดวงวิญญาณ (Ghostly)",120229370176490260,2026-05-02,not_delivering,ad,,,,,0,,0,0,,,,,,,,,2026-05-02,2026-05-02
"[04.12.24] [มิ้น] 5 เทคนิคเก็บเงินง่ายๆ (Million)",120217557784920260,2026-05-02,inactive,ad,,,,,0,,0,0,,,,,,,,,2026-05-02,2026-05-02
"[04.10.24] [มิ้น] ถ้าวันนี้เป็นวันสุดท้าย คุณจะทำอะไร? (Ghost)",120216612069500260,2026-05-02,inactive,ad,,,,,0,,0,0,,,,,,,,,2026-05-02,2026-05-02
"[13.12.24] [มิ้น] อยากให้ตัวเองในอนาคตได้อ่านประโยคนี้ (Ghost) (Reels)",120243383428580260,2026-05-02,not_delivering,ad,,,,,0,,0,0,,,,,,,,,2026-05-02,2026-05-02
"[03.07.25][มิ้น] 7.7 ซื้อ 2 แถม Me Time (Promotion_DD)",120232210145690260,2026-05-02,inactive,ad,,,,,0,,0,0,,,,,,,,,2026-05-02,2026-05-02
"[04.03.26][มิ้น] แม่อยากให้ลูกมั่นคง (Remains)",120245258500890260,2026-05-02,not_delivering,ad,,,,,0,,0,0,,,,,,,,,2026-05-02,2026-05-02
"[24.04.25][มิ้น] PAYDAY APR 3 แถม 1 (Promotion_Payday)",120227044892800260,2026-05-02,inactive,ad,,,,,0,,0,0,,,,,,,,,2026-05-02,2026-05-02
"[28.03.25][มิ้น] Payday March 900 แลกซื้อ 1 บาท (Promotion_Payday)",120223075301560260,2026-05-02,not_delivering,ad,,,,,0,,0,0,,,,,,,,,2026-05-02,2026-05-02
"[26.08.24] [มิ้น] ทดแทนบุญคุณพ่อแม่ (คาปิบาร่า_box set)",120215031245940260,2026-05-02,inactive,ad,,,,,0,,0,0,,,,,,,,,2026-05-02,2026-05-02
"[21.09.24] [มิ้น] คนเราแตกสลายได้กี่ครั้ง",120216874479840260,2026-05-02,not_delivering,ad,,,,,0,,0,0,,,,,,,,,2026-05-02,2026-05-02
"[16.07.25][มิ้น] แด่ความโดดเดี่ยว (Ghostly)",120233369285300260,2026-05-02,inactive,ad,,,,,0,,0,0,,,,,,,,,2026-05-02,2026-05-02
"[29.01.26][มิ้น] Unboxing หนังสือเล่มแรกของปี 2026 (Trap)",120245621919540260,2026-05-02,not_delivering,ad,,,,,0,,0,0,,,,,,,,,2026-05-02,2026-05-02
"[06.02.25][มิ้น] ต้องเสียใจอีกกี่ครั้งถึงจะเจอความรักที่ดี (ปีศาจตัวนั้น)",120219540088750260,2026-05-02,inactive,ad,,,,,0,,0,0,,,,,,,,,2026-05-02,2026-05-02
"[05.09.25][มิ้น] อะไรเดิมๆ (Witches)",120236327563980260,2026-05-02,not_delivering,ad,,,,,0,,0,0,,,,,,,,,2026-05-02,2026-05-02
"[23.10.24] [มิ้น] โดนตกจากประโยคหลังปก (Life)",120216596523770260,2026-05-02,not_delivering,ad,,,,,0,,0,0,,,,,,,,,2026-05-02,2026-05-02
"[04.02.26][มิ้น] มนุษย์ที่เป็นคนดี (สัมภาษณ์หมอ) (Trap)",120246834940720260,2026-05-02,not_delivering,ad,การสนทนาผ่านการส่งข้อความที่เริ่มขึ้น,,,,0,,0,0,,,,,,,,,2026-05-02,2026-05-02
"[17.02.26][มิ้น] 20 เล่มลายเซ็น (Trap)",120245730357770260,2026-05-02,not_delivering,ad,,,,,0,,0,0,,,,,,,,,2026-05-02,2026-05-02
"[16.10.25][มิ้น] ให้เปิดเล่มนี้เตือนสติ (Remains)",120240664237160260,2026-05-02,inactive,ad,,,,,0,,0,0,,,,,,,,,2026-05-02,2026-05-02
"[06.12.24] [มิ้น] เก็บเงินง่าย ๆ ด้วยกฎ 50 30 20 (Million)",120217605812200260,2026-05-02,inactive,ad,,,,,0,,0,0,,,,,,,,,2026-05-02,2026-05-02
"[07.06.25][มิ้น] หนังสือใหม่กลิ่นหอมมาก (Ghostly)",120230117450910260,2026-05-02,inactive,ad,,,,,0,,0,0,,,,,,,,,2026-05-02,2026-05-02
"[02.09.24] [มิ้น] 5 ข้อคิดลบกับตัวเอง (Helmet_Boxset)",120216013707530260,2026-05-02,inactive,ad,,,,,0,,0,0,,,,,,,,,2026-05-02,2026-05-02
"[12.02.26][มิ้น] 5/5 ยกให้เป็นหนังสือ (Tried)",120244293606540260,2026-05-02,not_delivering,ad,,,,,0,,0,0,,,,,,,,,2026-05-02,2026-05-02
"[17.02.26][มิ้น] 20 เล่มลายเซ็น (Trap)",120245979086530260,2026-05-02,not_delivering,ad,,,,,0,,0,0,,,,,,,,,2026-05-02,2026-05-02
"[21.03.25][มิ้น] สัมภาษณ์คุณบุ๋ม (Gift)",120222457757250260,2026-05-02,inactive,ad,,,,,0,,0,0,,,,,,,,,2026-05-02,2026-05-02
"[09.08.24] [มิ้น] ส่งโปสการ์ดให้แม่กัน",120214628168900260,2026-05-02,inactive,ad,,,,,0,,0,0,,,,,,,,,2026-05-02,2026-05-02
"[12.07.24] [มิ้น] เกินไปป่ะ (คาปิบาร่า_box set)",120214964489200260,2026-05-02,not_delivering,ad,,,,,0,,0,0,,,,,,,,,2026-05-02,2026-05-02
"[17.02.26][มิ้น] 20 เล่มลายเซ็น (Trap)",120244443052700260,2026-05-02,not_delivering,ad,การสนทนาผ่านการส่งข้อความที่เริ่มขึ้น,,,,0,,0,0,,,,,,,,,2026-05-02,2026-05-02
"[02.06.25][มิ้น] รีแอค ขมิ้น (Ghostly)",120232764653290260,2026-05-02,not_delivering,ad,,,,,0,,0,0,,,,,,,,,2026-05-02,2026-05-02
"[02.04.25][มิ้น] สัมภาษณ์คุณเมงานหนังสือ (Witches)",120223945790720260,2026-05-02,inactive,ad,,,,,0,,0,0,,,,,,,,,2026-05-02,2026-05-02
"[06.12.24] [มิ้น] สวัสดีธันวาคมเดือนสิบสอง (เซตสวน)",120217605940660260,2026-05-02,not_delivering,ad,,,,,0,,0,0,,,,,,,,,2026-05-02,2026-05-02
"[23.10.24] [มิ้น] โดนตกจากประโยคหลังปก (Life)",120216500007080260,2026-05-02,not_delivering,ad,,,,,0,,0,0,,,,,,,,,2026-05-02,2026-05-02
"[17.02.26][มิ้น] 20 เล่มลายเซ็น (Trap)",120245622434650260,2026-05-02,not_delivering,ad,,,,,0,,0,0,,,,,,,,,2026-05-02,2026-05-02
"[27.05.25][มิ้น] สัมภาษณ์คุณหมึกซึม (Ghostly)",120229557729660260,2026-05-02,inactive,ad,,,,,0,,0,0,,,,,,,,,2026-05-02,2026-05-02
"[15.10.24] [มิ้น] จุดเปลี่ยนของชีวิต (Life)",120216630691180260,2026-05-02,not_delivering,ad,,,,,0,,0,0,,,,,,,,,2026-05-02,2026-05-02
"[15.10.24] [มิ้น] จุดเปลี่ยนของชีวิต (Life)",120216350337760260,2026-05-02,not_delivering,ad,,,,,0,,0,0,,,,,,,,,2026-05-02,2026-05-02
"[19.11.24] [มิ้น] เพราะส่วนลึกที่สุดของทะเล (โอบกอด)",120217939182420260,2026-05-02,not_delivering,ad,,,,,0,,0,0,,,,,,,,,2026-05-02,2026-05-02
"[29.01.26][มิ้น] Unboxing หนังสือเล่มแรกของปี 2026 (Trap)",120245621970280260,2026-05-02,not_delivering,ad,,,,,0,,0,0,,,,,,,,,2026-05-02,2026-05-02
"[24.12.25][มิ้น] ดวงสมพงษ์กัน (Witches)",120243608441280260,2026-05-02,inactive,ad,,,,,0,,0,0,,,,,,,,,2026-05-02,2026-05-02
"[04.02.26][มิ้น] มนุษย์ที่เป็นคนดี (สัมภาษณ์หมอ) (Trap)",120244058019310260,2026-05-02,not_delivering,ad,,,,,0,,0,0,,,,,,,,,2026-05-02,2026-05-02
"[03.09.25][มิ้น] Unboxing New Books (Demons)",120236626882030260,2026-05-02,not_delivering,ad,,,,,0,,0,0,,,,,,,,,2026-05-02,2026-05-02
"[17.02.26][มิ้น] 20 เล่มลายเซ็น (Trap)",120247192554200260,2026-05-02,not_delivering,ad,,,,,0,,0,0,,,,,,,,,2026-05-02,2026-05-02
"[03.09.25][มิ้น] เล่มใหม่ให้ 1000/100 (Demons)",120236022483610260,2026-05-02,not_delivering,ad,,,,,0,,0,0,,,,,,,,,2026-05-02,2026-05-02
"[04.02.25][มิ้น] ประโยคหลังปก (Home)",120232810653380260,2026-05-02,inactive,ad,,,,,0,,0,0,,,,,,,,,2026-05-02,2026-05-02
"[18.09.25][มิ้น] Unbox The Witches (Witches)",120237709523160260,2026-05-02,not_delivering,ad,,,,,0,,0,0,,,,,,,,,2026-05-02,2026-05-02
"[02.04.26][มิ้น] อย่าปล่อยให้อีโก้ (Trap)",120247605466000260,2026-05-02,not_delivering,ad,การสนทนาผ่านการส่งข้อความที่เริ่มขึ้น,,,,165.01,,1115,1051,,,,,7,10.49327354,147.99103139,,2026-05-02,2026-05-02
"[22.08.25][มิ้น] 3 เหตุผล ที่ต้องอ่าน (Ghostly)",120235434071540260,2026-05-02,archived,ad,,,,,0,,0,0,,,,,,,,,2026-05-02,2026-05-02
"[03.09.25][มิ้น] อยากให้ทุกคนอ่าน (Ghostly)",120241914456070260,2026-05-02,not_delivering,ad,,,,,0,,0,0,,,,,,,,,2026-05-02,2026-05-02
"[10.12.24] [มิ้น] 12.12 แจกสุขส่งท้ายปี",120217673454640260,2026-05-02,not_delivering,ad,,,,,0,,0,0,,,,,,,,,2026-05-02,2026-05-02
"[08.07.25][มิ้น] 5 ข้อห้ามอย่าคิดลบกับตัวเอง (Ghost)",120232414840600260,2026-05-02,not_delivering,ad,,,,,0,,0,0,,,,,,,,,2026-05-02,2026-05-02
"[21.09.24] [มิ้น] คนเราแตกสลายได้กี่ครั้ง",120215723279190260,2026-05-02,inactive,ad,,,,,0,,0,0,,,,,,,,,2026-05-02,2026-05-02
"[15.10.24] [มิ้น] จุดเปลี่ยนของชีวิต (Life)",120216676879450260,2026-05-02,not_delivering,ad,,,,,0,,0,0,,,,,,,,,2026-05-02,2026-05-02
"[29.03.26][มิ้น] กับดักความรู้ผิดของ LGBTQ+ (Trap)",120246309462810260,2026-05-02,not_delivering,ad,,,,,0,,0,0,,,,,,,,,2026-05-02,2026-05-02
"[03.09.25][มิ้น] Unboxing New Books (Demons)",120236022760080260,2026-05-02,not_delivering,ad,,,,,0,,0,0,,,,,,,,,2026-05-02,2026-05-02
"[19.06.25][มิ้น] หลายคนมักกลัวการเปลี่ยนแปลง (Witches)",120231486000000260,2026-05-02,inactive,ad,,,,,0,,0,0,,,,,,,,,2026-05-02,2026-05-02
"[25.09.25][มิ้น] ป้ายยาหนังสือ (Ghostly)",120237506948260260,2026-05-02,inactive,ad,,,,,0,,0,0,,,,,,,,,2026-05-02,2026-05-02
"[04.09.25][มิ้น] เจ็บทุกดอกบอกเพื่อนกัน (ปีศาจตัวนั้น)",120236239272580260,2026-05-02,not_delivering,ad,,,,,0,,0,0,,,,,,,,,2026-05-02,2026-05-02
"[11.02.25][มิ้น] 5 ข้อคิด (Kiwtum)",120219598935860260,2026-05-02,inactive,ad,,,,,0,,0,0,,,,,,,,,2026-05-02,2026-05-02
"[27.04.26][มิ้น] มองตัวเองในแง่ลบจะเป็นเหมือนก้อนทุกข์ (Trap)",120247924510040260,2026-05-02,not_delivering,ad,,,,,0,,0,0,,,,,,,,,2026-05-02,2026-05-02
"[11.02.25][มิ้น] ประโยคหลังปก (Kiwtum)",120219599908720260,2026-05-02,not_delivering,ad,,,,,0,,0,0,,,,,,,,,2026-05-02,2026-05-02
"[12.02.26][มิ้น] ความผิดหวัง (Witches)",120244476434680260,2026-05-02,not_delivering,ad,,,,,0,,0,0,,,,,,,,,2026-05-02,2026-05-02
"[29.10.25][มิ้น] 2 หนังสือเรียกน้ำตา (Remains)",120244260039170260,2026-05-02,not_delivering,ad,,,,,0,,0,0,,,,,,,,,2026-05-02,2026-05-02
"[23.10.24] [มิ้น] โดนตกจากประโยคหลังปก (Life)",120216676879460260,2026-05-02,not_delivering,ad,,,,,0,,0,0,,,,,,,,,2026-05-02,2026-05-02
"[06.12.24] [มิ้น] เก็บเงินง่าย ๆ ด้วยกฎ 50 30 20 (Million)",120217605839270260,2026-05-02,inactive,ad,,,,,0,,0,0,,,,,,,,,2026-05-02,2026-05-02
"[19.11.24] [มิ้น] เพราะส่วนลึกที่สุดของทะเล (โอบกอด)",120217165698480260,2026-05-02,not_delivering,ad,,,,,0,,0,0,,,,,,,,,2026-05-02,2026-05-02
"[22.05.25][มิ้น] หนังสือใหม่ออกมาอีกละ!!! (Ghostly)",120229512100050260,2026-05-02,inactive,ad,,,,,0,,0,0,,,,,,,,,2026-05-02,2026-05-02
"[06.10.25][มิ้น] อ่านเล่มนี้ถ้าคุณ… (ปีศาจตัวนั้น)",120238145996400260,2026-05-02,not_delivering,ad,,,,,0,,0,0,,,,,,,,,2026-05-02,2026-05-02
"[14.08.25][มิ้น] เที่ยวต่างประเทศครั้งแรก (Tried)",120234870549110260,2026-05-02,not_delivering,ad,,,,,0,,0,0,,,,,,,,,2026-05-02,2026-05-02
"[29.01.26][มิ้น] แนะนำหนังสือเล่มใหม่ ฟิล์ม (Trap)",120243699832230260,2026-05-02,not_delivering,ad,,,,,0,,0,0,,,,,,,,,2026-05-02,2026-05-02
"[13.11.24] [มิ้น] แยกย้ายไปเติบโต (โอบกอด)",120217502402930260,2026-05-02,not_delivering,ad,,,,,0,,0,0,,,,,,,,,2026-05-02,2026-05-02
"[04.02.26][มิ้น] มนุษย์ที่เป็นคนดี (สัมภาษณ์หมอ) (Trap)",120245036608540260,2026-05-02,not_delivering,ad,,,,,0,,0,0,,,,,,,,,2026-05-02,2026-05-02
"[24.06.25][มิ้น] สิ่งที่หนังสือเล่มนี้อยากมอบให้ (Ghostly)",120231576826410260,2026-05-02,not_delivering,ad,,,,,0,,0,0,,,,,,,,,2026-05-02,2026-05-02
"[04.02.26][มิ้น] มนุษย์ที่เป็นคนดี (สัมภาษณ์หมอ) (Trap)",120245621849400260,2026-05-02,not_delivering,ad,,,,,0,,0,0,,,,,,,,,2026-05-02,2026-05-02
"[03.12.25][มิ้น] น้ำตาซึมไปหลายวัน (Remains)",120244008052700260,2026-05-02,not_delivering,ad,,,,,0,,0,0,,,,,,,,,2026-05-02,2026-05-02
"[26.11.25][มิ้น] ภาคต่อหนังสือฮีลใจ (Remains)",120241140284870260,2026-05-02,inactive,ad,,,,,0,,0,0,,,,,,,,,2026-05-02,2026-05-02
"[10.01.25] [มิ้น] Challenge เก็บเงิน 50:30:20 (Full) (Million) (Reels)",120243182422440260,2026-05-02,not_delivering,ad,,,,,0,,0,0,,,,,,,,,2026-05-02,2026-05-02
"[21.01.25] [มิ้น] 5 ข้อคิด (Home)",120218671484780260,2026-05-02,inactive,ad,,,,,0,,0,0,,,,,,,,,2026-05-02,2026-05-02
"[11.02.25][มิ้น] สัมภาษณ์คุณปั๊ม คิ้วต่ำ (Kiwtum)",120232770094470260,2026-05-02,not_delivering,ad,,,,,0,,0,0,,,,,,,,,2026-05-02,2026-05-02
"[02.11.24] [มิ้น] ความไม่สมบูรณ์แบบของเรา (โอบกอด)",120216782432490260,2026-05-02,not_delivering,ad,,,,,0,,0,0,,,,,,,,,2026-05-02,2026-05-02
"[29.01.26][มิ้น] Unboxing หนังสือเล่มแรกของปี 2026 (Trap)",120244313381260260,2026-05-02,inactive,ad,,,,,0,,0,0,,,,,,,,,2026-05-02,2026-05-02
"[28.06.25][มิ้น] ชอบประโยคไหนในหนังสือ 2 (Witches)",120231826268920260,2026-05-02,inactive,ad,,,,,0,,0,0,,,,,,,,,2026-05-02,2026-05-02
"[07.05.25][มิ้น] ชีวิตที่ดูแย่ (Witches)",120228325159220260,2026-05-02,inactive,ad,,,,,0,,0,0,,,,,,,,,2026-05-02,2026-05-02
"[07.11.24] [มิ้น] Unbox หนังสือกว่าจะคิดได้ (Ghost)",120216873324890260,2026-05-02,inactive,ad,,,,,0,,0,0,,,,,,,,,2026-05-02,2026-05-02
"[07.03.25][มิ้น] ASMR Unboxing (Witches)",120221597120630260,2026-05-02,inactive,ad,,,,,0,,0,0,,,,,,,,,2026-05-02,2026-05-02
"[11.02.25][มิ้น] สัมภาษณ์คุณปั๊ม คิ้วต่ำ (Kiwtum)",120219599378160260,2026-05-02,inactive,ad,,,,,0,,0,0,,,,,,,,,2026-05-02,2026-05-02
"[22.10.25][มิ้น] หนังสือได้ออกทีวี (Demons)",120239836569620260,2026-05-02,not_delivering,ad,,,,,0,,0,0,,,,,,,,,2026-05-02,2026-05-02
"[06.11.25][มิ้น] เพราะพรุ่งนี้แกอาจ (Ghostly)",120239976717590260,2026-05-02,not_delivering,ad,,,,,0,,0,0,,,,,,,,,2026-05-02,2026-05-02
"[24.02.25][มิ้น] อบอุ่นใจทุกครั้งที่หยิบเล่มนี้ขึ้นมาอ่าน (Home)",120220871913480260,2026-05-02,inactive,ad,,,,,0,,0,0,,,,,,,,,2026-05-02,2026-05-02
"[03.09.25][มิ้น] Unboxing New Books (Demons)",120235869245990260,2026-05-02,not_delivering,ad,,,,,0,,0,0,,,,,,,,,2026-05-02,2026-05-02
"[22.10.25][มิ้น] ประโยคฮีลใจ (Tried)",120239102320650260,2026-05-02,not_delivering,ad,,,,,0,,0,0,,,,,,,,,2026-05-02,2026-05-02
"[06.12.24] [มิ้น] เก็บเงินง่าย ๆ ด้วยกฎ 50 30 20 (Million)",120217605829700260,2026-05-02,not_delivering,ad,,,,,0,,0,0,,,,,,,,,2026-05-02,2026-05-02
"[25.12.24] [มิ้น] unboxing new book (Kidmakk)",120219025611790260,2026-05-02,inactive,ad,,,,,0,,0,0,,,,,,,,,2026-05-02,2026-05-02
"[24.02.25][มิ้น] อบอุ่นใจทุกครั้งที่หยิบเล่มนี้ขึ้นมาอ่าน (Home)",120220871888830260,2026-05-02,inactive,ad,,,,,0,,0,0,,,,,,,,,2026-05-02,2026-05-02
"[03.12.25][มิ้น] เล่มนี้ทำน้ำตาไหลหนักมาก (Ghostly)",120243038047380260,2026-05-02,inactive,ad,,,,,0,,0,0,,,,,,,,,2026-05-02,2026-05-02
"[30.01.26][มิ้น] โดนตกเพราะกล่อง (Witches)",120243741115130260,2026-05-02,inactive,ad,,,,,0,,0,0,,,,,,,,,2026-05-02,2026-05-02
"[01.10.25][มิ้น] แปะพิกัด & หนังสือฮีลใจ (ปีศาจตัวนั้น)",120237853532310260,2026-05-02,not_delivering,ad,,,,,0,,0,0,,,,,,,,,2026-05-02,2026-05-02
"[11.10.25][มิ้น] ถ้าวันไหนไม่มีใครเข้าใจ (Tried)",120239442615640260,2026-05-02,not_delivering,ad,,,,,0,,0,0,,,,,,,,,2026-05-02,2026-05-02
"[25.04.26][มิ้น] คนที่ควรเปิดเล่มนี้อ่าน (Ghostly)",120247947345800260,2026-05-02,not_delivering,ad,"การซื้อบน Meta",,,,0,,0,0,,,,,,,,,2026-05-02,2026-05-02
"[21.01.25] [มิ้น] บทที่ 4 จดหมายจากพระจันทร์ (Home)",120218669503530260,2026-05-02,not_delivering,ad,,,,,0,,0,0,,,,,,,,,2026-05-02,2026-05-02
"[19.10.25][มิ้น] สัมภาษณ์ลูกค้า ปีศาจ 1,2 (ปีศาจตัวนั้น) (Demon)",120238953043910260,2026-05-02,not_delivering,ad,,,,,0,,0,0,,,,,,,,,2026-05-02,2026-05-02
"[04.06.25][มิ้น] 6.6 (Promotion_DD)",120229969349820260,2026-05-02,inactive,ad,,,,,0,,0,0,,,,,,,,,2026-05-02,2026-05-02
"[27.11.24] [มิ้น] 5 คำเตือนสุดท้ายของชีวิต (Ghost)",120222344164270260,2026-05-02,inactive,ad,,,,,0,,0,0,,,,,,,,,2026-05-02,2026-05-02
"[07.03.25][มิ้น] สัมภาษณ์คุณเม เล่มใหม่ล่าสุด (Witches)",120222018612680260,2026-05-02,inactive,ad,,,,,0,,0,0,,,,,,,,,2026-05-02,2026-05-02
"[17.09.25][มิ้น] การมีชีวิตที่โดดเดี่ยว (Ghostly)",120237558753270260,2026-05-02,inactive,ad,,,,,0,,0,0,,,,,,,,,2026-05-02,2026-05-02
"[11.02.25][มิ้น] สัมภาษณ์คุณปั๊ม คิ้วต่ำ (Kiwtum)",120221372933950260,2026-05-02,not_delivering,ad,,,,,0,,0,0,,,,,,,,,2026-05-02,2026-05-02
"[10.05.25][มิ้น] บทที่ 6 (Embrace)",120228491656490260,2026-05-02,inactive,ad,,,,,0,,0,0,,,,,,,,,2026-05-02,2026-05-02
"[03.09.25][มิ้น] Unboxing New Books (Demons)",120236583513610260,2026-05-02,not_delivering,ad,,,,,0,,0,0,,,,,,,,,2026-05-02,2026-05-02
"[19.12.24] [มิ้น] ขอบคุณชีวิตที่มีแมวเป็นเพื่อน (Life)",120217934449770260,2026-05-02,not_delivering,ad,,,,,0,,0,0,,,,,,,,,2026-05-02,2026-05-02
"[03.09.25][มิ้น] จากเล่ม 1 สู่เล่ม 2 (Demons)",120236029751700260,2026-05-02,not_delivering,ad,,,,,0,,0,0,,,,,,,,,2026-05-02,2026-05-02
"[05.08.24] [มิ้น] 8.8 บุฟเฟต์ ฮีลใจจัดให้",120214592652370260,2026-05-02,not_delivering,ad,,,,,0,,0,0,,,,,,,,,2026-05-02,2026-05-02
"[24.03.25][มิ้น] 5 ข้อคิดที่ได้จากหนังสือ (Gift)",120222717863220260,2026-05-02,inactive,ad,,,,,0,,0,0,,,,,,,,,2026-05-02,2026-05-02
"[29.09.25][มิ้น] ปีศาจใหม่มันกลับมาอีกแล้ว (Demons)",120238217979220260,2026-05-02,inactive,ad,,,,,0,,0,0,,,,,,,,,2026-05-02,2026-05-02
"[01.10.25][มิ้น] Unpack (Ghostly)",120238411215050260,2026-05-02,not_delivering,ad,,,,,0,,0,0,,,,,,,,,2026-05-02,2026-05-02
"[01.10.25][มิ้น] Unpack (Ghostly)",120238129893630260,2026-05-02,not_delivering,ad,,,,,0,,0,0,,,,,,,,,2026-05-02,2026-05-02
"[24.07.25][มิ้น] นี่ไม่ใช่แค่ไพ่ดูดวง (Witches)",120234208577770260,2026-05-02,inactive,ad,,,,,0,,0,0,,,,,,,,,2026-05-02,2026-05-02
"[07.08.25][มิ้น] ชอบประโยคไหน (Tried)",120234507579230260,2026-05-02,not_delivering,ad,,,,,0,,0,0,,,,,,,,,2026-05-02,2026-05-02
"[18.11.25][มิ้น] อยู่คนเดียวเป็นเรื่องยาก ? (Ghostly)",120240739043250260,2026-05-02,inactive,ad,,,,,0,,0,0,,,,,,,,,2026-05-02,2026-05-02
"[13.05.25][มิ้น] ปีศาจที่ทำร้ายตัวเรา (ปีศาจตัวนั้น)",120234015174680260,2026-05-02,inactive,ad,,,,,0,,0,0,,,,,,,,,2026-05-02,2026-05-02
"[14.01.25] [มิ้น] หนังสือฮีลใจทุกแพ็กเหมาคู่ 660.- (Promotion_MidMonth)",120218558984030260,2026-05-02,not_delivering,ad,,,,,0,,0,0,,,,,,,,,2026-05-02,2026-05-02
"[06.09.25][มิ้น] แด่ทุกชีวิตที่กำลังต่อสู้ (Ghostly)",120236333213980260,2026-05-02,not_delivering,ad,,,,,0,,0,0,,,,,,,,,2026-05-02,2026-05-02
"[11.02.25][มิ้น] สัมภาษณ์คุณปั๊ม คิ้วต่ำ (Kiwtum)",120220997926720260,2026-05-02,inactive,ad,,,,,0,,0,0,,,,,,,,,2026-05-02,2026-05-02
"[03.09.25][มิ้น] Unboxing New Books (Demons)",120236022922800260,2026-05-02,inactive,ad,,,,,0,,0,0,,,,,,,,,2026-05-02,2026-05-02
"[12.12.24] [มิ้น] Pain Point คุณเคยคิดไหมว่าทำไมถึงล้มเหลวทางการเงิน (Million)",120217760514130260,2026-05-02,inactive,ad,,,,,0,,0,0,,,,,,,,,2026-05-02,2026-05-02
"[19.11.24] [มิ้น] เพราะส่วนลึกที่สุดของทะเล (โอบกอด)",120236629610840260,2026-05-02,not_delivering,ad,,,,,0,,0,0,,,,,,,,,2026-05-02,2026-05-02
"[18.11.25][มิ้น] เจ้าเหมียวเก็บมาเลี้ยง (Ghostly)",120240804369170260,2026-05-02,inactive,ad,,,,,0,,0,0,,,,,,,,,2026-05-02,2026-05-02
"[24.03.25][มิ้น] 5 ข้อคิดที่ได้จากหนังสือ (Gift)",120222717810680260,2026-05-02,inactive,ad,,,,,0,,0,0,,,,,,,,,2026-05-02,2026-05-02
"[22.05.25][มิ้น] 5 ข้อคิด (Ghostly)",120229082327440260,2026-05-02,inactive,ad,,,,,0,,0,0,,,,,,,,,2026-05-02,2026-05-02
"[26.04.25][มิ้น] ยอดขาย 10,000 เล่ม (Witches)",120226856518780260,2026-05-02,inactive,ad,,,,,0,,0,0,,,,,,,,,2026-05-02,2026-05-02
"[28.05.25][มิ้น][Cross Page] จะเป็นยังไง! เมื่อคนที่หมดแพชชัน ต้องไปเป็นที่ปรึกษาให้เหล่าดวงวิญญาณ (Ghostly)",120229602382460260,2026-05-02,not_delivering,ad,,,,,0,,0,0,,,,,,,,,2026-05-02,2026-05-02
"[02.06.25][มิ้น] รีแอค ขมิ้น (Ghostly)",120239036662720260,2026-05-02,not_delivering,ad,,,,,0,,0,0,,,,,,,,,2026-05-02,2026-05-02
"[11.03.26][มิ้น] รีวิวอ่าน Ghostly Remains 50 หน้าแรก (Remains)",120245421936760260,2026-05-02,not_delivering,ad,,,,,0,,0,0,,,,,,,,,2026-05-02,2026-05-02
"[02.06.25][มิ้น] รีแอค ขมิ้น (Ghostly)",120229867666520260,2026-05-02,not_delivering,ad,,,,,0,,0,0,,,,,,,,,2026-05-02,2026-05-02
"[17.09.25][มิ้น] การมีชีวิตที่โดดเดี่ยว (Ghostly)",120237710057460260,2026-05-02,inactive,ad,,,,,0,,0,0,,,,,,,,,2026-05-02,2026-05-02
"[19.03.25][มิ้น] สัมภาษณ์คุณปั๊มลายเซ็น (Kiwtum)",120222378925860260,2026-05-02,inactive,ad,,,,,0,,0,0,,,,,,,,,2026-05-02,2026-05-02
"[04.10.24] [มิ้น] ถ้าวันนี้เป็นวันสุดท้าย คุณจะทำอะไร? (Ghost)",120216515612280260,2026-05-02,not_delivering,ad,,,,,0,,0,0,,,,,,,,,2026-05-02,2026-05-02
"[28.02.25][มิ้น] 3.3 ชีเสิร์ฟไม่พัก ซื้อ 3 แถม 1 (Promotion_DD)",120221370440030260,2026-05-02,not_delivering,ad,,,,,0,,0,0,,,,,,,,,2026-05-02,2026-05-02
"[26.08.24] [มิ้น] ไม่ชอบส่วนไหนในร่างกาย (Helmet_Boxset)",120215030933680260,2026-05-02,inactive,ad,,,,,0,,0,0,,,,,,,,,2026-05-02,2026-05-02
"[25.07.25][มิ้น] ข้อความแรกของวัน (Kiwtum)",120233512631710260,2026-05-02,inactive,ad,,,,,0,,0,0,,,,,,,,,2026-05-02,2026-05-02
"[11.03.26][มิ้น] รี stock เล่มลายเซ็นนักเขียนเมไอ (Witches)",120245424043840260,2026-05-02,not_delivering,ad,,,,,0,,0,0,,,,,,,,,2026-05-02,2026-05-02
"[04.02.26][มิ้น] มนุษย์ที่เป็นคนดี (สัมภาษณ์หมอ) (Trap)",120244081294570260,2026-05-02,not_delivering,ad,,,,,0,,0,0,,,,,,,,,2026-05-02,2026-05-02
"[03.09.25][มิ้น] เล่มใหม่ให้ 1000/100 (Demons)",120235858949870260,2026-05-02,not_delivering,ad,,,,,0,,0,0,,,,,,,,,2026-05-02,2026-05-02
"[08.07.25][มิ้น] หนังสือทะเล (Embrace)",120232414395620260,2026-05-02,inactive,ad,,,,,0,,0,0,,,,,,,,,2026-05-02,2026-05-02
"[11.06.25][มิ้น] หนังสือเวทมนตร์ AF (Witches)",120230530334800260,2026-05-02,inactive,ad,,,,,0,,0,0,,,,,,,,,2026-05-02,2026-05-02
"[03.12.25][มิ้น] น้ำตาซึมไปหลายวัน (Remains)",120241905903180260,2026-05-02,inactive,ad,,,,,0,,0,0,,,,,,,,,2026-05-02,2026-05-02
"[23.10.24] [มิ้น] โดนตกจากประโยคหลังปก (Life)",120216630822350260,2026-05-02,not_delivering,ad,,,,,0,,0,0,,,,,,,,,2026-05-02,2026-05-02
"[28.11.24] [มิ้น] ความสมบูรณ์แบบ (ที่ไม่มีอยู่จริง) (คาปิบาร่า_Boxset)",120217381039620260,2026-05-02,not_delivering,ad,,,,,0,,0,0,,,,,,,,,2026-05-02,2026-05-02
"[21.09.24] [มิ้น] คนเราแตกสลายได้กี่ครั้ง (Embrace)",120232810245600260,2026-05-02,not_delivering,ad,,,,,0,,0,0,,,,,,,,,2026-05-02,2026-05-02
"[06.10.25][มิ้น] อ่านเล่มนี้ถ้าคุณ… (ปีศาจตัวนั้น)",120238524286560260,2026-05-02,archived,ad,,,,,0,,0,0,,,,,,,,,2026-05-02,2026-05-02
"[01.10.25][มิ้น] แปะพิกัด & หนังสือฮีลใจ (ปีศาจตัวนั้น)",120238146280340260,2026-05-02,not_delivering,ad,,,,,0,,0,0,,,,,,,,,2026-05-02,2026-05-02
"[17.03.25][มิ้น] ไม่เป็นไร คือคำปลอบใจที่ดีที่สุด (Home)",120222281102830260,2026-05-02,inactive,ad,,,,,0,,0,0,,,,,,,,,2026-05-02,2026-05-02
"[04.12.24] [มิ้น] 5 เทคนิคเก็บเงินง่ายๆ (Million)",120217524683550260,2026-05-02,not_delivering,ad,,,,,0,,0,0,,,,,,,,,2026-05-02,2026-05-02
"[22.10.25][มิ้น] ประโยคฮีลใจ (Tried)",120239101580120260,2026-05-02,inactive,ad,,,,,0,,0,0,,,,,,,,,2026-05-02,2026-05-02
"[22.10.25][มิ้น] เพราะในทุกความเกลียด (Remains) (Reels)",120243030760370260,2026-05-02,not_delivering,ad,,,,,0,,0,0,,,,,,,,,2026-05-02,2026-05-02
"[11.02.25][มิ้น] 5 ข้อคิด (Kiwtum)",120220255029110260,2026-05-02,not_delivering,ad,,,,,0,,0,0,,,,,,,,,2026-05-02,2026-05-02
"[16.01.25] [มิ้น] รวม 5 ข้อที่ First Jobber มักพลาด (ภาษี) (Million)",120218741503680260,2026-05-02,not_delivering,ad,,,,,0,,0,0,,,,,,,,,2026-05-02,2026-05-02
"[10.05.25][มิ้น] 2 เล่มขายดี จาก May-I (Promotion_Pack)",120228491430410260,2026-05-02,inactive,ad,,,,,0,,0,0,,,,,,,,,2026-05-02,2026-05-02
"[18.11.25][มิ้น] อยู่คนเดียวเป็นเรื่องยาก ? (Ghostly)",120240804520150260,2026-05-02,not_delivering,ad,,,,,0,,0,0,,,,,,,,,2026-05-02,2026-05-02
"[03.09.25][มิ้น] อยากให้ทุกคนอ่าน (Ghostly) - Copy",120240491331670260,2026-05-02,not_delivering,ad,,,,,0,,0,0,,,,,,,,,2026-05-02,2026-05-02
"[19.03.25][มิ้น] สัมภาษณ์คุณปั๊มลายเซ็น (Kiwtum)",120222379819390260,2026-05-02,not_delivering,ad,,,,,0,,0,0,,,,,,,,,2026-05-02,2026-05-02
"[13.11.25][มิ้น] โคตรจะชอบประโยคนี้เลย (Demons) (Reels)",120243183254380260,2026-05-02,not_delivering,ad,,,,,0,,0,0,,,,,,,,,2026-05-02,2026-05-02
"[14.08.25][มิ้น] แด่คนที่แคร์ทุกคน (Witches)",120234870159660260,2026-05-02,not_delivering,ad,,,,,0,,0,0,,,,,,,,,2026-05-02,2026-05-02
"[05.03.26][มิ้น] เพราะพรุ่งนี้ที่รออาจจะมาไม่ถึง (Kiwtum)",120247721024160260,2026-05-02,not_delivering,ad,"การซื้อบน Meta",1,179.77,339,179.77,1.88574289,2232,2015,1,5,35.954,1,12,9.63261649,80.5421147,0.2,2026-05-02,2026-05-02
"[24.03.25][มิ้น] 5 ข้อคิดที่ได้จากหนังสือ (Gift)",120222717893170260,2026-05-02,inactive,ad,,,,,0,,0,0,,,,,,,,,2026-05-02,2026-05-02
"[20.01.25][Garden_Boxset][มิ้น][VDO] 5 ประโยคปลดล็อค",120220348271330260,2026-05-02,inactive,ad,,,,,0,,0,0,,,,,,,,,2026-05-02,2026-05-02
"[21.04.25][มิ้น] เงินมาจากไหน? (Million)",120226407731760260,2026-05-02,inactive,ad,,,,,0,,0,0,,,,,,,,,2026-05-02,2026-05-02
"[23.10.24] [มิ้น] โดนตกจากประโยคหลังปก (Life)",120216630691170260,2026-05-02,not_delivering,ad,,,,,0,,0,0,,,,,,,,,2026-05-02,2026-05-02
"[29.10.25][มิ้น] 2 หนังสือเรียกน้ำตา (Remains)",120240911083260260,2026-05-02,archived,ad,,,,,0,,0,0,,,,,,,,,2026-05-02,2026-05-02
"[28.08.24] [มิ้น] ประโยคดี ๆ ที่ควรอ่าน (ปีศาจ)",120215085473820260,2026-05-02,inactive,ad,,,,,0,,0,0,,,,,,,,,2026-05-02,2026-05-02
"[01.03.25][มิ้น] ชีวิตที่ดี คือชีวิตที่เราเลือกเอง (Kidmakk)",120221522607390260,2026-05-02,inactive,ad,,,,,0,,0,0,,,,,,,,,2026-05-02,2026-05-02
"[19.08.24] [มิ้น] แนะนำหนังสือฮีลใจเล่มใหม่ล่าสุด (Helmet_Boxset)",120215013061070260,2026-05-02,not_delivering,ad,,,,,0,,0,0,,,,,,,,,2026-05-02,2026-05-02
"[16.07.25][มิ้น] แด่ความโดดเดี่ยว (Ghostly)",120233369166190260,2026-05-02,inactive,ad,,,,,0,,0,0,,,,,,,,,2026-05-02,2026-05-02
"[11.02.25][มิ้น] Unboxing new book (Kiwtum)",120219598935830260,2026-05-02,inactive,ad,,,,,0,,0,0,,,,,,,,,2026-05-02,2026-05-02
"[11.02.25][มิ้น] ประโยคหลังปก (Kiwtum)",120220995231580260,2026-05-02,inactive,ad,,,,,0,,0,0,,,,,,,,,2026-05-02,2026-05-02
"[07.03.25][มิ้น] สัมภาษณ์คุณเม เล่มใหม่ล่าสุด (Witches)",120222333547900260,2026-05-02,not_delivering,ad,,,,,0,,0,0,,,,,,,,,2026-05-02,2026-05-02
"[20.01.25][Garden_Boxset][มิ้น][VDO] 5 ประโยคปลดล็อค",120219755274100260,2026-05-02,archived,ad,,,,,0,,0,0,,,,,,,,,2026-05-02,2026-05-02
"[12.11.25][มิ้น] เริ่มต้นปีใหม่ (ปีศาจตัวนั้น)",120240372637970260,2026-05-02,inactive,ad,,,,,0,,0,0,,,,,,,,,2026-05-02,2026-05-02
"[13.08.25][มิ้น] ประโยคที่อ่านแล้วน้ำตาซึม (ปีศาจตัวนั้น)",120234820837200260,2026-05-02,inactive,ad,,,,,0,,0,0,,,,,,,,,2026-05-02,2026-05-02
"[09.04.25][มิ้น] เมษายน เดือนแห่งความทรงจำ (Gift)",120225061936390260,2026-05-02,inactive,ad,,,,,0,,0,0,,,,,,,,,2026-05-02,2026-05-02
"[24.06.25][มิ้น] หนังสือฮีลใจเหมือนเพื่อนสนิท (Witches)",120231574857240260,2026-05-02,inactive,ad,,,,,0,,0,0,,,,,,,,,2026-05-02,2026-05-02
"[22.02.25][มิ้น] PAYDAY ลดครั้งใหญ่จักรวาลฮีลใจ (Promotion_Payday)",120220637832370260,2026-05-02,archived,ad,,,,,0,,0,0,,,,,,,,,2026-05-02,2026-05-02
"[07.10.25][มิ้น] ชอบคนใจดี (Ghostly)",120238261632560260,2026-05-02,not_delivering,ad,,,,,0,,0,0,,,,,,,,,2026-05-02,2026-05-02
"[03.09.25][มิ้น] Unboxing New Books (Demons)",120235860525400260,2026-05-02,archived,ad,,,,,0,,0,0,,,,,,,,,2026-05-02,2026-05-02
"[20.01.25][Garden_Boxset][มิ้น][VDO] 5 ประโยคปลดล็อค",120220348271280260,2026-05-02,archived,ad,,,,,0,,0,0,,,,,,,,,2026-05-02,2026-05-02
"[01.10.25][มิ้น] ประโยคที่ชอบจากหนังสือ (ปีศาจตัวนั้น)",120238524070890260,2026-05-02,not_delivering,ad,,,,,0,,0,0,,,,,,,,,2026-05-02,2026-05-02
"[11.02.25][มิ้น] สัมภาษณ์คุณปั๊ม คิ้วต่ำ (Kiwtum)",120219600040510260,2026-05-02,inactive,ad,,,,,0,,0,0,,,,,,,,,2026-05-02,2026-05-02
"[07.03.25][มิ้น] ASMR Unboxing (Witches)",120221516160120260,2026-05-02,inactive,ad,,,,,0,,0,0,,,,,,,,,2026-05-02,2026-05-02
"[19.03.25][มิ้น] สัมภาษณ์คุณปั๊มลายเซ็น (Kiwtum)",120222379922770260,2026-05-02,inactive,ad,,,,,0,,0,0,,,,,,,,,2026-05-02,2026-05-02
"[21.03.25][มิ้น] สัมภาษณ์คุณบุ๋ม (Gift)",120222449447470260,2026-05-02,inactive,ad,,,,,0,,0,0,,,,,,,,,2026-05-02,2026-05-02
"[14.05.25][มิ้น] ผู้คนเกลียดชังความเศร้า (Embrace)",120228625505730260,2026-05-02,inactive,ad,,,,,0,,0,0,,,,,,,,,2026-05-02,2026-05-02
"[01.07.25][มิ้น] สิ่งที่หนังสือเล่มนี้อยากพูดถึง (Ghostly)",120232038080720260,2026-05-02,not_delivering,ad,,,,,0,,0,0,,,,,,,,,2026-05-02,2026-05-02
"[11.02.25][มิ้น] Unboxing new book (Kiwtum)",120220992197250260,2026-05-02,inactive,ad,,,,,0,,0,0,,,,,,,,,2026-05-02,2026-05-02
"[11.02.25][มิ้น] Unboxing new book (Kiwtum)",120219733071990260,2026-05-02,inactive,ad,,,,,0,,0,0,,,,,,,,,2026-05-02,2026-05-02
"[07.03.25][มิ้น] ASMR Unboxing (Witches)",120221597230060260,2026-05-02,inactive,ad,,,,,0,,0,0,,,,,,,,,2026-05-02,2026-05-02
"[07.03.25][มิ้น] ASMR Unboxing (Witches)",120221597207520260,2026-05-02,inactive,ad,,,,,0,,0,0,,,,,,,,,2026-05-02,2026-05-02
"[19.02.25][มิ้น] เล่มใหม่มาแรง (Kiwtum)",120220278342050260,2026-05-02,inactive,ad,,,,,0,,0,0,,,,,,,,,2026-05-02,2026-05-02
"[25.03.25][มิ้น] 5 ข้อคิด (Witches)",120222719155900260,2026-05-02,inactive,ad,,,,,0,,0,0,,,,,,,,,2026-05-02,2026-05-02
"[26.01.25][มิ้น] เดือนแรกของปีกำลังจะผ่านไปแล้วนะ (Helmet_Boxset)",120219070170600260,2026-05-02,not_delivering,ad,,,,,0,,0,0,,,,,,,,,2026-05-02,2026-05-02
"[27.11.24] [มิ้น] 5 คำเตือนสุดท้ายของชีวิต (Ghost)",120217392489500260,2026-05-02,not_delivering,ad,,,,,0,,0,0,,,,,,,,,2026-05-02,2026-05-02
"[11.02.25][มิ้น] สัมภาษณ์คุณปั๊ม คิ้วต่ำ (Kiwtum)",120219833068490260,2026-05-02,not_delivering,ad,,,,,0,,0,0,,,,,,,,,2026-05-02,2026-05-02
"[11.02.25][มิ้น] 5 ข้อคิด (Kiwtum)",120219599908700260,2026-05-02,not_delivering,ad,,,,,0,,0,0,,,,,,,,,2026-05-02,2026-05-02
"[25.12.24] [มิ้น] unboxing new book (Kidmakk)",120218127336220260,2026-05-02,inactive,ad,,,,,0,,0,0,,,,,,,,,2026-05-02,2026-05-02
"[28.02.25][มิ้น] 3.3 ชีเสิร์ฟไม่พัก ซื้อ 3 แถม 1 (Promotion_DD)",120221370329240260,2026-05-02,archived,ad,,,,,0,,0,0,,,,,,,,,2026-05-02,2026-05-02
"[24.02.25][มิ้น] บทที่ 1 ที่คิ้วต่ำอยากแนะนำ (Kiwtum)",120220866997870260,2026-05-02,inactive,ad,,,,,0,,0,0,,,,,,,,,2026-05-02,2026-05-02
"[30.04.25][มิ้น] ใครที่ยัง Move On ไม่ได้ (ปีศาจตัวนั้นคือฉันเอง)",120227310642770260,2026-05-02,not_delivering,ad,,,,,0,,0,0,,,,,,,,,2026-05-02,2026-05-02
"[07.01.25] [มิ้น] ปีใหม่นี้ หนังสือเล่มนี้อยากบอกคุณว่า… (Embrace)",120218567887230260,2026-05-02,inactive,ad,,,,,0,,0,0,,,,,,,,,2026-05-02,2026-05-02
"[24.09.25][มิ้น] รู้ว่า Toxic ทำไมไม่ออกมา (ปีศาจตัวนั้น)",120237441377390260,2026-05-02,not_delivering,ad,,,,,0,,0,0,,,,,,,,,2026-05-02,2026-05-02
"[21.12.24] [มิ้น] สัมภาษณ์คุณคิดมาก (kidmakk)",120217962416540260,2026-05-02,inactive,ad,,,,,0,,0,0,,,,,,,,,2026-05-02,2026-05-02
"[22.05.25][มิ้น] หนังสือใหม่ออกมาอีกละ!!! (Ghostly)",120229091502580260,2026-05-02,inactive,ad,,,,,0,,0,0,,,,,,,,,2026-05-02,2026-05-02
"[17.03.25][มิ้น] การ์ดอยากบอกอะไรคุณ (Witches)",120226205495190260,2026-05-02,inactive,ad,,,,,0,,0,0,,,,,,,,,2026-05-02,2026-05-02
"[21.01.25] [มิ้น] Unboxing หนังสือฮีลใจเล่มใหม่ 2025 (Home)",120218671484760260,2026-05-02,not_delivering,ad,,,,,0,,0,0,,,,,,,,,2026-05-02,2026-05-02
"[07.03.25][มิ้น] สัมภาษณ์คุณเม เล่มใหม่ล่าสุด (Witches)",120221515241920260,2026-05-02,inactive,ad,,,,,0,,0,0,,,,,,,,,2026-05-02,2026-05-02
"[21.03.25][มิ้น] สัมภาษณ์คุณบุ๋ม (Gift)",120222458416000260,2026-05-02,inactive,ad,,,,,0,,0,0,,,,,,,,,2026-05-02,2026-05-02
"[14.05.25][มิ้น] 5 ประโยคเติมไฟให้ชีวิต (Witches)",120228641692950260,2026-05-02,inactive,ad,,,,,0,,0,0,,,,,,,,,2026-05-02,2026-05-02
"[21.04.25][มิ้น] หนังสือเล่มนี้บอกเอาไว้ว่า (Gift)",120226408215550260,2026-05-02,not_delivering,ad,,,,,0,,0,0,,,,,,,,,2026-05-02,2026-05-02
"[14.07.25][มิ้น] ประโยคก่อนนอน 2 (Kiwtum)",120232767093360260,2026-05-02,not_delivering,ad,,,,,0,,0,0,,,,,,,,,2026-05-02,2026-05-02
"[16.07.25][มิ้น] แด่ความโดดเดี่ยว (Ghostly)",120235300316590260,2026-05-02,archived,ad,,,,,0,,0,0,,,,,,,,,2026-05-02,2026-05-02
"[19.09.25][มิ้น] จากกระแส 1000/100 (Remains)",120238789463260260,2026-05-02,inactive,ad,,,,,0,,0,0,,,,,,,,,2026-05-02,2026-05-02
"[25.10.25][มิ้น] ป้ายยา 2 หนังสือ (Remains)",120239272581820260,2026-05-02,inactive,ad,,,,,0,,0,0,,,,,,,,,2026-05-02,2026-05-02
"[27.11.25][มิ้น] ถ้ารอต่อไปอีกหน่อย (Demons)",120241143766190260,2026-05-02,inactive,ad,,,,,0,,0,0,,,,,,,,,2026-05-02,2026-05-02
"[22.09.25][มิ้น] เล่มใหม่ 1000/100 (Remains)",120237922435310260,2026-05-02,inactive,ad,,,,,0,,0,0,,,,,,,,,2026-05-02,2026-05-02
"[04.06.25][มิ้น] รีวิวหนังสือเล่มดัง (ปีศาจตัวนั้น)",120229984504930260,2026-05-02,inactive,ad,,,,,0,,0,0,,,,,,,,,2026-05-02,2026-05-02
"[19.10.25][มิ้น] คำพูดคนที่รักเจ็บที่สุด (Demons)",120239588981800260,2026-05-02,not_delivering,ad,,,,,0,,0,0,,,,,,,,,2026-05-02,2026-05-02
"[04.06.25][มิ้น] รีวิวหนังสือเล่มดัง (ปีศาจตัวนั้น)",120230745176190260,2026-05-02,not_delivering,ad,,,,,0,,0,0,,,,,,,,,2026-05-02,2026-05-02
"[07.06.25][มิ้น][Cross Page] หนังสือใหม่ออกมาอีกละ!!! (Ghostly)",120230113498790260,2026-05-02,inactive,ad,,,,,0,,0,0,,,,,,,,,2026-05-02,2026-05-02
"[11.06.25][มิ้น] ชอบประโยคไหนในหนังสือ (Witches)",120230768619790260,2026-05-02,inactive,ad,,,,,0,,0,0,,,,,,,,,2026-05-02,2026-05-02
"[07.08.25][มิ้น] ชอบประโยคไหน (Tried)",120234945219180260,2026-05-02,not_delivering,ad,,,,,0,,0,0,,,,,,,,,2026-05-02,2026-05-02
"[18.04.25][มิ้น] ก่อนนอน อยากให้คุณได้อ่าน (Kiwtum)",120227045599500260,2026-05-02,inactive,ad,,,,,0,,0,0,,,,,,,,,2026-05-02,2026-05-02
"[11.06.25][มิ้น] ชอบประโยคไหนในหนังสือ (Witches)",120230543963550260,2026-05-02,inactive,ad,,,,,0,,0,0,,,,,,,,,2026-05-02,2026-05-02
"[08.09.25][มิ้น] 5 ข้อคิดจากหนังสือ (Demons)",120236525260590260,2026-05-02,not_delivering,ad,,,,,0,,0,0,,,,,,,,,2026-05-02,2026-05-02
"[02.06.25][มิ้น] รีแอค ขมิ้น (Ghostly)",120232623740930260,2026-05-02,not_delivering,ad,,,,,0,,0,0,,,,,,,,,2026-05-02,2026-05-02
"[22.05.25][มิ้น] จะเป็นยังไง! เมื่อคนที่หมดแพชชัน  ต้องไปเป็นที่ปรึกษาให้เหล่าดวงวิญญาณ (Ghostly)",120229087528160260,2026-05-02,inactive,ad,,,,,0,,0,0,,,,,,,,,2026-05-02,2026-05-02
"[25.03.35][มิ้น] ประโยคหลังปก (Gift)",120222719726090260,2026-05-02,inactive,ad,,,,,0,,0,0,,,,,,,,,2026-05-02,2026-05-02
"[14.07.25][มิ้น] คำคมคาปิบาร่า (Capybara)",120232767174380260,2026-05-02,inactive,ad,,,,,0,,0,0,,,,,,,,,2026-05-02,2026-05-02
"[03.09.25][มิ้น] หนังเล่มใหม่ที่อานแล้วน้ำตาซึม (Demons)",120235859067900260,2026-05-02,inactive,ad,,,,,0,,0,0,,,,,,,,,2026-05-02,2026-05-02
"[24.07.25][มิ้น] นี่ไม่ใช่แค่ไพ่ดูดวง (Witches)",120233372355760260,2026-05-02,inactive,ad,,,,,0,,0,0,,,,,,,,,2026-05-02,2026-05-02
"[01.10.25][มิ้น] ประโยคที่ชอบจากหนังสือ (ปีศาจตัวนั้น)",120237852406030260,2026-05-02,not_delivering,ad,,,,,0,,0,0,,,,,,,,,2026-05-02,2026-05-02
"[06.09.25][มิ้น] แด่ทุกชีวิตที่กำลังต่อสู้ (Ghostly)",120236606361000260,2026-05-02,inactive,ad,,,,,0,,0,0,,,,,,,,,2026-05-02,2026-05-02
"[20.08.25][มิ้น] ไม่เคยคิดว่าแค่หนังสือเล่มเดียว (Ghostly)",120236003389040260,2026-05-02,not_delivering,ad,,,,,0,,0,0,,,,,,,,,2026-05-02,2026-05-02
"[13.05.25][มิ้น] ปีศาจที่ทำร้ายตัวเรา (ปีศาจตัวนั้น)",120228623738060260,2026-05-02,not_delivering,ad,,,,,0,,0,0,,,,,,,,,2026-05-02,2026-05-02
"[02.06.25][มิ้น] แนะนำหนังสือที่อยากให้อ่านสักครั้ง (ปีศาจตัวนั้น)",120229839125370260,2026-05-02,inactive,ad,,,,,0,,0,0,,,,,,,,,2026-05-02,2026-05-02
"[28.02.25][มิ้น] 3.3 ชีเสิร์ฟไม่พัก ซื้อ 3 แถม 1 (Promotion_DD)",120222074507630260,2026-05-02,inactive,ad,,,,,0,,0,0,,,,,,,,,2026-05-02,2026-05-02
"[19.06.25][มิ้น] อย่าพูดบั่นทอนด้วยคำพูดแย่ ๆ (Witches)",120231262655410260,2026-05-02,inactive,ad,,,,,0,,0,0,,,,,,,,,2026-05-02,2026-05-02
"[27.08.25][มิ้น] ซื้อ Boxset แถม Magic Planner (Witches)",120235754838580260,2026-05-02,not_delivering,ad,,,,,0,,0,0,,,,,,,,,2026-05-02,2026-05-02
"[11.10.25][มิ้น] ถ้าวันไหนไม่มีใครเข้าใจ (Tried)",120238408717990260,2026-05-02,inactive,ad,,,,,0,,0,0,,,,,,,,,2026-05-02,2026-05-02
"[11.02.25][มิ้น] สัมภาษณ์คุณปั๊ม คิ้วต่ำ (Kiwtum)",120221484267570260,2026-05-02,not_delivering,ad,,,,,0,,0,0,,,,,,,,,2026-05-02,2026-05-02
"[03.09.25][มิ้น] Unboxing New Books (Demons)",120236324479790260,2026-05-02,not_delivering,ad,,,,,0,,0,0,,,,,,,,,2026-05-02,2026-05-02
"[22.05.25][มิ้น] จะเป็นยังไง! เมื่อคนที่หมดแพชชัน  ต้องไปเป็นที่ปรึกษาให้เหล่าดวงวิญญาณ (Ghostly)",120229445590540260,2026-05-02,inactive,ad,,,,,0,,0,0,,,,,,,,,2026-05-02,2026-05-02
"[08.10.25][มิ้น] แชร์ 10 ประโยค (Demons)",120238217029860260,2026-05-02,not_delivering,ad,,,,,0,,0,0,,,,,,,,,2026-05-02,2026-05-02
"[16.10.25][มิ้น] คุณยังโทษตัวเองอยู่ไหม (Remains)",120238718668130260,2026-05-02,not_delivering,ad,,,,,0,,0,0,,,,,,,,,2026-05-02,2026-05-02
"[25.03.35][มิ้น] ประโยคหลังปก (Gift)",120222719696580260,2026-05-02,inactive,ad,,,,,0,,0,0,,,,,,,,,2026-05-02,2026-05-02
"[07.01.25] [มิ้น] ปีใหม่นี้ หนังสือเล่มนี้อยากบอกคุณว่า… (Embrace)",120218402724890260,2026-05-02,not_delivering,ad,,,,,0,,0,0,,,,,,,,,2026-05-02,2026-05-02
"[14.05.25][มิ้น] ผู้คนเกลียดชังความเศร้า (Embrace)",120228641664520260,2026-05-02,inactive,ad,,,,,0,,0,0,,,,,,,,,2026-05-02,2026-05-02
"[23.05.25][มิ้น] 3 เรื่องลับ (Witches)",120229270560000260,2026-05-02,inactive,ad,,,,,0,,0,0,,,,,,,,,2026-05-02,2026-05-02
"[23.04.25][มิ้น] เติมสต็อกให้แล้วรีบซื้อด่วน! (Witches)",120226536392980260,2026-05-02,inactive,ad,,,,,0,,0,0,,,,,,,,,2026-05-02,2026-05-02
"[27.05.25][มิ้น] สัมภาษณ์คุณหมึกซึม (Ghostly)",120229557316430260,2026-05-02,inactive,ad,,,,,0,,0,0,,,,,,,,,2026-05-02,2026-05-02
"[24.06.25][มิ้น] มีชีวิตอยู่ไปเพื่อ? (Ghostly)",120231575853610260,2026-05-02,inactive,ad,,,,,0,,0,0,,,,,,,,,2026-05-02,2026-05-02
"[23.10.24] [มิ้น] โดนตกจากประโยคหลังปก (Life)",120216576813250260,2026-05-02,not_delivering,ad,,,,,0,,0,0,,,,,,,,,2026-05-02,2026-05-02
"[11.02.25][มิ้น] ประโยคจากคุณปั๊ม คิ้วต่ำ (Kiwtum)",120219600093190260,2026-05-02,inactive,ad,,,,,0,,0,0,,,,,,,,,2026-05-02,2026-05-02
"[22.05.25][มิ้น] จะเป็นยังไง! เมื่อคนที่หมดแพชชัน  ต้องไปเป็นที่ปรึกษาให้เหล่าดวงวิญญาณ (Ghostly)",120229092583960260,2026-05-02,inactive,ad,,,,,0,,0,0,,,,,,,,,2026-05-02,2026-05-02
"[23.10.24] [มิ้น] โดนตกจากประโยคหลังปก (Life)",120216631300170260,2026-05-02,not_delivering,ad,,,,,0,,0,0,,,,,,,,,2026-05-02,2026-05-02
"[22.09.24] [มิ้น] ของขวัญรับปริญญา",120215767639170260,2026-05-02,not_delivering,ad,,,,,0,,0,0,,,,,,,,,2026-05-02,2026-05-02
"[11.02.25][มิ้น] สัมภาษณ์คุณปั๊ม คิ้วต่ำ (Kiwtum)",120220683153840260,2026-05-02,not_delivering,ad,,,,,0,,0,0,,,,,,,,,2026-05-02,2026-05-02
"[25.03.35][มิ้น] ประโยคหลังปก (Gift)",120222719741420260,2026-05-02,inactive,ad,,,,,0,,0,0,,,,,,,,,2026-05-02,2026-05-02
"[04.10.24] [มิ้น] ถ้าวันนี้เป็นวันสุดท้าย คุณจะทำอะไร? (Ghost)",120216040050680260,2026-05-02,not_delivering,ad,,,,,0,,0,0,,,,,,,,,2026-05-02,2026-05-02
"[06.12.24] [มิ้น] เก็บเงินง่าย ๆ ด้วยกฎ 50 30 20 (Million)",120217605842440260,2026-05-02,not_delivering,ad,,,,,0,,0,0,,,,,,,,,2026-05-02,2026-05-02
"[17.07.25] [ขมิ้น] Podcast ความสัมพันธ์ Toxic (Ghostly)",120232924399920260,2026-05-02,inactive,ad,,,,,0,,0,0,,,,,,,,,2026-05-02,2026-05-02
"[31.01.25][มิ้น] นี่คือ 3 เล่ม ที่อยากแนะนำ (Engage)",120219325951360260,2026-05-02,not_delivering,ad,,,,,0,,0,0,,,,,,,,,2026-05-02,2026-05-02
"[15.10.24] [มิ้น] จุดเปลี่ยนของชีวิต (Life)",120216576773560260,2026-05-02,not_delivering,ad,,,,,0,,0,0,,,,,,,,,2026-05-02,2026-05-02
"[15.01.25][มิ้น] มนุษย์เป็ด [Capybara_Boxset]",120218602805120260,2026-05-02,not_delivering,ad,,,,,0,,0,0,,,,,,,,,2026-05-02,2026-05-02
"[11.02.25][มิ้น] สัมภาษณ์คุณปั๊ม คิ้วต่ำ (Kiwtum)",120219733237050260,2026-05-02,inactive,ad,,,,,0,,0,0,,,,,,,,,2026-05-02,2026-05-02
"[07.10.24] [มิ้น] หมูเด้งดังแล้ว อย่าลืมคาปิบาร่า (คาปิบาร่า_box set)",120216121872880260,2026-05-02,inactive,ad,,,,,0,,0,0,,,,,,,,,2026-05-02,2026-05-02
"[22.02.25][มิ้น] PAYDAY ลดครั้งใหญ่จักรวาลฮีลใจ (Promotion_Payday)",120220637852670260,2026-05-02,inactive,ad,,,,,0,,0,0,,,,,,,,,2026-05-02,2026-05-02
"[02.01.24] [มิ้น] เวลาที่คุณรู้สึกเศร้า (Embrace)",120218302698680260,2026-05-02,not_delivering,ad,,,,,0,,0,0,,,,,,,,,2026-05-02,2026-05-02
"[11.02.25][มิ้น] ประโยคจากคุณปั๊ม คิ้วต่ำ (Kiwtum)",120219599771690260,2026-05-02,inactive,ad,,,,,0,,0,0,,,,,,,,,2026-05-02,2026-05-02
"[07.03.25][มิ้น] วางแผนการเงิน = ชีวิตมีความสุข (Million)",120221523103950260,2026-05-02,inactive,ad,,,,,0,,0,0,,,,,,,,,2026-05-02,2026-05-02
"[21.01.25] [มิ้น] บทที่ 4 จดหมายจากพระจันทร์ (Home)",120218668096380260,2026-05-02,not_delivering,ad,,,,,0,,0,0,,,,,,,,,2026-05-02,2026-05-02
"[11.02.25][มิ้น] ประโยคจากคุณปั๊ม คิ้วต่ำ (Kiwtum)",120219599077320260,2026-05-02,inactive,ad,,,,,0,,0,0,,,,,,,,,2026-05-02,2026-05-02
"[21.09.24] [มิ้น] คนเราแตกสลายได้กี่ครั้ง",120216689852610260,2026-05-02,inactive,ad,,,,,0,,0,0,,,,,,,,,2026-05-02,2026-05-02
"[26.08.24] [มิ้น] ไม่ชอบส่วนไหนในร่างกาย (Helmet_Boxset)",120216013707560260,2026-05-02,inactive,ad,,,,,0,,0,0,,,,,,,,,2026-05-02,2026-05-02
"[16.01.25] [มิ้น] ข่าวด่วนจนต้องบุก“นายอินทร์” (Promotion_Pack)",120218663135930260,2026-05-02,archived,ad,,,,,0,,0,0,,,,,,,,,2026-05-02,2026-05-02
"[23.10.24] [มิ้น] โดนตกจากประโยคหลังปก (Life)",120216556769990260,2026-05-02,not_delivering,ad,,,,,0,,0,0,,,,,,,,,2026-05-02,2026-05-02
"[23.10.24] [มิ้น] โดนตกจากประโยคหลังปก (Life)",120217230559080260,2026-05-02,not_delivering,ad,,,,,0,,0,0,,,,,,,,,2026-05-02,2026-05-02
"[17.02.26][มิ้น] 20 เล่มลายเซ็น (Trap)",120248305688990260,2026-05-02,not_delivering,ad,การสนทนาผ่านการส่งข้อความที่เริ่มขึ้น,,,,0,,0,0,,,,,,,,,2026-05-02,2026-05-02
"[17.08.24] [มิ้น] 5 ข้อ Move on",120214814507140260,2026-05-02,inactive,ad,,,,,0,,0,0,,,,,,,,,2026-05-02,2026-05-02
"[15.10.24] [มิ้น] จุดเปลี่ยนของชีวิต (Life)",120216576737310260,2026-05-02,not_delivering,ad,,,,,0,,0,0,,,,,,,,,2026-05-02,2026-05-02
"[15.10.24] [มิ้น] จุดเปลี่ยนของชีวิต (Life)",120216380479460260,2026-05-02,not_delivering,ad,,,,,0,,0,0,,,,,,,,,2026-05-02,2026-05-02
"[19.08.24] [มิ้น] แนะนำหนังสือฮีลใจเล่มใหม่ล่าสุด (Helmet_Boxset)",120214962247640260,2026-05-02,not_delivering,ad,,,,,0,,0,0,,,,,,,,,2026-05-02,2026-05-02
"[23.10.24] [มิ้น] โดนตกจากประโยคหลังปก (Life)",120216499517580260,2026-05-02,archived,ad,,,,,0,,0,0,,,,,,,,,2026-05-02,2026-05-02
"[07.11.24] [มิ้น] 11.11 โปรรับหน้าหนาว (1,111)",120216873415410260,2026-05-02,not_delivering,ad,,,,,0,,0,0,,,,,,,,,2026-05-02,2026-05-02
"[02.10.24] [มิ้น] เมื่อที่เรารู้สึกเฟลกับชีวิต (ปีศาจ)",120215995583080260,2026-05-02,inactive,ad,,,,,0,,0,0,,,,,,,,,2026-05-02,2026-05-02
"[21.01.25] [มิ้น] บทที่ 4 จดหมายจากพระจันทร์ (Home)",120218670185810260,2026-05-02,not_delivering,ad,,,,,0,,0,0,,,,,,,,,2026-05-02,2026-05-02
"[11.02.25][มิ้น] สัมภาษณ์คุณปั๊ม คิ้วต่ำ (Kiwtum) คลิปยาว",120221509565210260,2026-05-02,not_delivering,ad,,,,,0,,0,0,,,,,,,,,2026-05-02,2026-05-02
"[27.11.24] [มิ้น] 5 คำเตือนสุดท้ายของชีวิต (Ghost)",120217525456020260,2026-05-02,not_delivering,ad,,,,,0,,0,0,,,,,,,,,2026-05-02,2026-05-02
"[14.01.25] [มิ้น] หนังสือฮีลใจทุกแพ็กเหมาคู่ 660.- (Promotion_MidMonth)",120218559411130260,2026-05-02,not_delivering,ad,,,,,0,,0,0,,,,,,,,,2026-05-02,2026-05-02
"[06.02.25][มิ้น] บทที่ 3 คนแปลกหน้าในฐานะคนรู้จัก (Embrace)",120219540052950260,2026-05-02,inactive,ad,,,,,0,,0,0,,,,,,,,,2026-05-02,2026-05-02
"[26.08.24] [มิ้น] ไม่ชอบส่วนไหนในร่างกาย (Helmet_Boxset)",120215258457340260,2026-05-02,inactive,ad,,,,,0,,0,0,,,,,,,,,2026-05-02,2026-05-02
"[22.02.25][มิ้น] PAYDAY ลดครั้งใหญ่จักรวาลฮีลใจ (Promotion_Payday)",120220592143110260,2026-05-02,not_delivering,ad,,,,,0,,0,0,,,,,,,,,2026-05-02,2026-05-02
"[21.09.24] [มิ้น] คนเราแตกสลายได้กี่ครั้ง",120215811542000260,2026-05-02,not_delivering,ad,,,,,0,,0,0,,,,,,,,,2026-05-02,2026-05-02
"[10.01.25] [มิ้น] Challenge เก็บเงิน 50:30:20 (Short) (Million)",120218486318180260,2026-05-02,inactive,ad,,,,,0,,0,0,,,,,,,,,2026-05-02,2026-05-02
"[24.02.25][มิ้น] 5 เหตุผลที่หนังสือเล่มนี้ควรอยู่ข้างกายคุณ (Home)",120220870197100260,2026-05-02,inactive,ad,,,,,0,,0,0,,,,,,,,,2026-05-02,2026-05-02
"[10.01.25] [มิ้น] แด่ทุการเริ่มต้นใหม่ (Life)",120218488655620260,2026-05-02,not_delivering,ad,,,,,0,,0,0,,,,,,,,,2026-05-02,2026-05-02
"[17.03.25][มิ้น] การ์ดอยากบอกอะไรคุณ (Witches)",120222282078900260,2026-05-02,inactive,ad,,,,,0,,0,0,,,,,,,,,2026-05-02,2026-05-02
"[13.03.25][มิ้น] Mid Month จับคู่ 2 Boxset 990.- (Promotion_MM)",120222909408240260,2026-05-02,not_delivering,ad,,,,,0,,0,0,,,,,,,,,2026-05-02,2026-05-02
"[21.01.25] [มิ้น] บทที่ 4 จดหมายจากพระจันทร์ (Home)",120218670228440260,2026-05-02,not_delivering,ad,,,,,0,,0,0,,,,,,,,,2026-05-02,2026-05-02
"[22.01.25] [มิ้น] หนังสือเล่มนี้ที่อยากบอกคุณว่า (ปีศาจตัวนั้น)",120218867818310260,2026-05-02,inactive,ad,,,,,0,,0,0,,,,,,,,,2026-05-02,2026-05-02
"[22.05.25][มิ้น] จะเป็นยังไง! เมื่อคนที่หมดแพชชัน ต้องไปเป็นที่ปรึกษาให้เหล่าดวงวิญญาณ (Ghostly)",120230640312900260,2026-05-02,not_delivering,ad,,,,,0,,0,0,,,,,,,,,2026-05-02,2026-05-02
"[25.01.25][มิ้น] 5 ข้อคิดหลังอ่านเล่นนี้จบ (Ghost)",120219025696050260,2026-05-02,not_delivering,ad,,,,,0,,0,0,,,,,,,,,2026-05-02,2026-05-02
"[09.10.14] [มิ้น] แด่รักข้างเดียว (โอบกอด)",120216499793980260,2026-05-02,not_delivering,ad,,,,,0,,0,0,,,,,,,,,2026-05-02,2026-05-02
"[13.11.24] [มิ้น] แยกย้ายไปเติบโต (โอบกอด)",120217392054660260,2026-05-02,not_delivering,ad,,,,,0,,0,0,,,,,,,,,2026-05-02,2026-05-02
"[13.11.24] [มิ้น] แยกย้ายไปเติบโต (โอบกอด)",120217324834700260,2026-05-02,inactive,ad,,,,,0,,0,0,,,,,,,,,2026-05-02,2026-05-02
"[28.02.25][มิ้น] 3.3 ชีเสิร์ฟไม่พัก ซื้อ 3 แถม 1 (Promotion_DD)",120221295871260260,2026-05-02,inactive,ad,,,,,0,,0,0,,,,,,,,,2026-05-02,2026-05-02
"[14.11.24] [มิ้น] 5 เหตุผลทำไมต้องซื้อเล่มนี้ (Life)",120217166767690260,2026-05-02,not_delivering,ad,,,,,0,,0,0,,,,,,,,,2026-05-02,2026-05-02
"[21.01.25] [มิ้น] 5 ข้อคิด (Home)",120218671519880260,2026-05-02,inactive,ad,,,,,0,,0,0,,,,,,,,,2026-05-02,2026-05-02
"[21.12.24] [มิ้น] สัมภาษณ์คุณคิดมาก (kidmakk)",120217962465620260,2026-05-02,not_delivering,ad,,,,,0,,0,0,,,,,,,,,2026-05-02,2026-05-02
"[11.02.25][มิ้น] Unboxing new book (Kiwtum)",120219599842260260,2026-05-02,inactive,ad,,,,,0,,0,0,,,,,,,,,2026-05-02,2026-05-02
"[20.01.25][Garden_Boxset][มิ้น][VDO] 5 ประโยคปลดล็อค",120218619917750260,2026-05-02,inactive,ad,,,,,0,,0,0,,,,,,,,,2026-05-02,2026-05-02
"[14.05.25][มิ้น] 5 ประโยคเติมไฟให้ชีวิต (Witches)",120228641395810260,2026-05-02,inactive,ad,,,,,0,,0,0,,,,,,,,,2026-05-02,2026-05-02
"[26.11.24] [มิ้น] อาจเป็นเพราะคงแตกสลายไปมากว่านี้ไม่ไหวแล้ว แพ็กคู่โอบกอดดอกไม้ 579",120217324306120260,2026-05-02,not_delivering,ad,,,,,0,,0,0,,,,,,,,,2026-05-02,2026-05-02
"[09.07.25][มิ้น] รีวิวไม่อวย 8/10 (Ghostly)",120232527850730260,2026-05-02,inactive,ad,,,,,0,,0,0,,,,,,,,,2026-05-02,2026-05-02
"[23.10.24] [มิ้น] โดนตกจากประโยคหลังปก (Life)",120216829639520260,2026-05-02,not_delivering,ad,,,,,0,,0,0,,,,,,,,,2026-05-02,2026-05-02
"[21.01.25] [มิ้น] สถานที่ที่ปลอดภัยที่สุด (Home)",120218670185800260,2026-05-02,inactive,ad,,,,,0,,0,0,,,,,,,,,2026-05-02,2026-05-02
"[12.11.25][มิ้น] เริ่มต้นปีใหม่ (ปีศาจตัวนั้น)",120240908309990260,2026-05-02,inactive,ad,,,,,0,,0,0,,,,,,,,,2026-05-02,2026-05-02
"[16.01.25][VDO][มิ้น][Garden_เล่มเดี่ยว] ความรักกับดอกไม้",120218618278350260,2026-05-02,inactive,ad,,,,,0,,0,0,,,,,,,,,2026-05-02,2026-05-02
"[15.10.24] [มิ้น] จุดเปลี่ยนของชีวิต (Life)",120216556769950260,2026-05-02,inactive,ad,,,,,0,,0,0,,,,,,,,,2026-05-02,2026-05-02
"[12.11.24] [มิ้น] 2 หนังสือเล่มใหม่ที่ถูกเขียนด้วยน้ำตา แพ็กคู่ 529",120216964559130260,2026-05-02,not_delivering,ad,,,,,0,,0,0,,,,,,,,,2026-05-02,2026-05-02
"[04.10.24] [มิ้น] ถ้าวันนี้เป็นวันสุดท้าย คุณจะทำอะไร? (Ghost)",120216040420430260,2026-05-02,inactive,ad,,,,,0,,0,0,,,,,,,,,2026-05-02,2026-05-02
"[11.02.25][มิ้น] ประโยคหลังปก (Kiwtum)",120219599958150260,2026-05-02,inactive,ad,,,,,0,,0,0,,,,,,,,,2026-05-02,2026-05-02
"[15.10.24] [มิ้น] จุดเปลี่ยนของชีวิต (Life)",120216829371810260,2026-05-02,inactive,ad,,,,,0,,0,0,,,,,,,,,2026-05-02,2026-05-02
"[11.02.25][มิ้น] ประโยคจากคุณปั๊ม คิ้วต่ำ (Kiwtum)",120219834447540260,2026-05-02,inactive,ad,,,,,0,,0,0,,,,,,,,,2026-05-02,2026-05-02
"[25.03.35][มิ้น] ประโยคหลังปก (Gift)",120222719710320260,2026-05-02,inactive,ad,,,,,0,,0,0,,,,,,,,,2026-05-02,2026-05-02
"[06.12.24] [มิ้น] เก็บเงินง่าย ๆ ด้วยกฎ 50 30 20 (Million)",120217605820190260,2026-05-02,inactive,ad,,,,,0,,0,0,,,,,,,,,2026-05-02,2026-05-02
"[04.10.24] [มิ้น] ถ้าวันนี้เป็นวันสุดท้าย คุณจะทำอะไร? (Ghost)",120216039941850260,2026-05-02,inactive,ad,,,,,0,,0,0,,,,,,,,,2026-05-02,2026-05-02
"[04.02.25][มิ้น] ประโยคหลังปก (Home)",120219487125800260,2026-05-02,not_delivering,ad,,,,,0,,0,0,,,,,,,,,2026-05-02,2026-05-02
"[21.04.25][มิ้น] ดวงของคุณวันนี้? (Witches)",120226408377070260,2026-05-02,inactive,ad,,,,,0,,0,0,,,,,,,,,2026-05-02,2026-05-02
"[27.11.24] [มิ้น] 5 คำเตือนสุดท้ายของชีวิต (Ghost)",120217381066350260,2026-05-02,inactive,ad,,,,,0,,0,0,,,,,,,,,2026-05-02,2026-05-02
"[09.11.24] [มิ้น] เราทุกคนต่างไม่มีใครสมบูรณ์แบบ (Life)",120216908187940260,2026-05-02,archived,ad,,,,,0,,0,0,,,,,,,,,2026-05-02,2026-05-02
"[02.11.24] [มิ้น] ความไม่สมบูรณ์แบบของเรา (โอบกอด)",120216749480290260,2026-05-02,not_delivering,ad,,,,,0,,0,0,,,,,,,,,2026-05-02,2026-05-02
"[11.03.25][มิ้น] 2 หนังสือขายดี (Engage)",120221887591560260,2026-05-02,inactive,ad,,,,,0,,0,0,,,,,,,,,2026-05-02,2026-05-02
"[07.03.25][มิ้น] ASMR Unboxing (Witches)",120222018612670260,2026-05-02,not_delivering,ad,,,,,0,,0,0,,,,,,,,,2026-05-02,2026-05-02
"[24.12.24] [มิ้น] Payday นี้รวมแพ็กฮีลใจเล่มใหม่ (Promotion_Payday)",120218108446980260,2026-05-02,not_delivering,ad,,,,,0,,0,0,,,,,,,,,2026-05-02,2026-05-02
"[21.09.24] [มิ้น] คนเราแตกสลายได้กี่ครั้ง",120215873479390260,2026-05-02,not_delivering,ad,,,,,0,,0,0,,,,,,,,,2026-05-02,2026-05-02
"[12.11.24] [มิ้น] 2 หนังสือเล่มใหม่ที่ถูกเขียนด้วยน้ำตา แพ็กคู่ 529",120217194261860260,2026-05-02,not_delivering,ad,,,,,0,,0,0,,,,,,,,,2026-05-02,2026-05-02
"[02.01.24] [มิ้น] เวลาที่คุณรู้สึกเศร้า (Embrace)",120218567887210260,2026-05-02,inactive,ad,,,,,0,,0,0,,,,,,,,,2026-05-02,2026-05-02
"[09.10.14] [มิ้น] แด่รักข้างเดียว (โอบกอด)",120216610678250260,2026-05-02,inactive,ad,,,,,0,,0,0,,,,,,,,,2026-05-02,2026-05-02
"[21.05.25][มิ้น] หนังสือที่ว่าฮีลใจแล้ว… (Witches)",120229039443070260,2026-05-02,inactive,ad,,,,,0,,0,0,,,,,,,,,2026-05-02,2026-05-02
"[16.07.25][มิ้น] แด่ความโดดเดี่ยว (Ghostly)",120232820429290260,2026-05-02,not_delivering,ad,,,,,0,,0,0,,,,,,,,,2026-05-02,2026-05-02
"[06.10.25][มิ้น] อ่านเล่มนี้ถ้าคุณ… (ปีศาจตัวนั้น) (Reels)",120243296318590260,2026-05-02,not_delivering,ad,,,,,0,,0,0,,,,,,,,,2026-05-02,2026-05-02
"[23.07.25][มิ้น] อ่านแล้วหายเหนื่อย (Tried)",120239970186850260,2026-05-02,inactive,ad,,,,,0,,0,0,,,,,,,,,2026-05-02,2026-05-02
"[03.09.25][มิ้น] เล่มใหม่ให้ 1000/100 (Demons)",120236583311870260,2026-05-02,not_delivering,ad,,,,,0,,0,0,,,,,,,,,2026-05-02,2026-05-02
"[12.11.25][มิ้น] เริ่มต้นปีใหม่ (ปีศาจตัวนั้น)",120241406601490260,2026-05-02,archived,ad,,,,,0,,0,0,,,,,,,,,2026-05-02,2026-05-02
"[04.02.26][มิ้น] มนุษย์ที่เป็นคนดี (สัมภาษณ์หมอ) (Trap)",120247437076450260,2026-05-02,not_delivering,ad,,,,,0,,0,0,,,,,,,,,2026-05-02,2026-05-02
"[20.11.25][มิ้น] E-Book หนังสือปีศาจ 1 (E-Book)",120240851311130260,2026-05-02,active,ad,การสนทนาผ่านการส่งข้อความที่เริ่มขึ้น,,,,0,,0,0,,,,,,,,,2026-05-02,2026-05-02
"[22.09.25][มิ้น] Boxset เปลี่ยนความทุกข์ (Witches)",120238129750470260,2026-05-02,not_delivering,ad,,,,,0,,0,0,,,,,,,,,2026-05-02,2026-05-02
"[29.10.25][มิ้น] 2 หนังสือเรียกน้ำตา (Remains)",120241140663210260,2026-05-02,inactive,ad,,,,,0,,0,0,,,,,,,,,2026-05-02,2026-05-02
"[07.10.25][มิ้น] ชอบคนใจดี (Ghostly)",120238402630570260,2026-05-02,not_delivering,ad,,,,,0,,0,0,,,,,,,,,2026-05-02,2026-05-02
"[03.03.26][มิ้น] ไม่เคยร้องไห้กับหนังสือจนมาเจอ 2 เล่มนี้ (Ghostly) (Remains)",120245128834100260,2026-05-02,not_delivering,ad,,,,,0,,0,0,,,,,,,,,2026-05-02,2026-05-02
"[07.11.25][มิ้น] ได้อ่านแล้วเหมือนได้พัก (Tried)",120240097691460260,2026-05-02,inactive,ad,,,,,0,,0,0,,,,,,,,,2026-05-02,2026-05-02
"[16.10.25][มิ้น] ให้เปิดเล่มนี้เตือนสติ (Remains)",120238718339940260,2026-05-02,inactive,ad,,,,,0,,0,0,,,,,,,,,2026-05-02,2026-05-02
"[04.02.26][มิ้น] มนุษย์ที่เป็นคนดี (สัมภาษณ์หมอ) (Trap)",120244358046810260,2026-05-02,not_delivering,ad,,,,,0,,0,0,,,,,,,,,2026-05-02,2026-05-02
"[24.04.25][มิ้น] PAYDAY APR 3 แถม 1 (Promotion_Payday)",120226795151900260,2026-05-02,inactive,ad,,,,,0,,0,0,,,,,,,,,2026-05-02,2026-05-02
"[15.10.24] [มิ้น] จุดเปลี่ยนของชีวิต (Life)",120216294049970260,2026-05-02,inactive,ad,,,,,0,,0,0,,,,,,,,,2026-05-02,2026-05-02
"[15.10.24] [มิ้น] จุดเปลี่ยนของชีวิต (Life)",120216829639540260,2026-05-02,not_delivering,ad,,,,,0,,0,0,,,,,,,,,2026-05-02,2026-05-02
"[10.11.25][มิ้น] ป้ายยาหนังสือ 7 เล่ม (E-Book)",120241048471100260,2026-05-02,inactive,ad,,,,,0,,0,0,,,,,,,,,2026-05-02,2026-05-02
"[04.02.26][มิ้น] มนุษย์ที่เป็นคนดี (สัมภาษณ์หมอ) (Trap)",120244181438010260,2026-05-02,not_delivering,ad,,,,,0,,0,0,,,,,,,,,2026-05-02,2026-05-02
"[06.11.25][มิ้น] บางครั้งความรัก (Remains)",120240333892680260,2026-05-02,inactive,ad,,,,,0,,0,0,,,,,,,,,2026-05-02,2026-05-02
"[22.02.25][มิ้น] PAYDAY ลดครั้งใหญ่จักรวาลฮีลใจ (Promotion_Payday)",120220592183250260,2026-05-02,inactive,ad,,,,,0,,0,0,,,,,,,,,2026-05-02,2026-05-02
"[18.11.25][มิ้น] 5 คำพูดมงคล (Witches)",120240735449000260,2026-05-02,inactive,ad,,,,,0,,0,0,,,,,,,,,2026-05-02,2026-05-02
"[25.03.26][มิ้น] ชวนมางานหนังสือ (สัมภาษณ์คุณหมอทานตะวัน) (Trap)",120246073451160260,2026-05-02,not_delivering,ad,,,,,0,,0,0,,,,,,,,,2026-05-02,2026-05-02
"[02.10.24] [มิ้น] เมื่อที่เรารู้สึกเฟลกับชีวิต (ปีศาจ)",120216014219110260,2026-05-02,not_delivering,ad,,,,,0,,0,0,,,,,,,,,2026-05-02,2026-05-02
"[03.09.25][มิ้น] จากเล่ม 1 สู่เล่ม 2 (Demons)",120236029759420260,2026-05-02,inactive,ad,,,,,0,,0,0,,,,,,,,,2026-05-02,2026-05-02
"[04.02.26][มิ้น] มนุษย์ที่เป็นคนดี (สัมภาษณ์หมอ) (Trap)",120245853450430260,2026-05-02,not_delivering,ad,,,,,0,,0,0,,,,,,,,,2026-05-02,2026-05-02
"[20.03.26][มิ้น] คนคิดเยอะมักเจ็บจากความคิดตัวเอง (Trap)",120246310218750260,2026-05-02,not_delivering,ad,,,,,0,,0,0,,,,,,,,,2026-05-02,2026-05-02
"[20.11.25][มิ้น] E-Book หนังสือปีศาจ 1 (E-Book)",120240851255570260,2026-05-02,not_delivering,ad,,,,,0,,0,0,,,,,,,,,2026-05-02,2026-05-02
"[22.10.25][มิ้น] เพราะในทุกความเกลียด (Remains)",120239116399530260,2026-05-02,not_delivering,ad,,,,,0,,0,0,,,,,,,,,2026-05-02,2026-05-02
"[19.08.24] [มิ้น] แนะนำหนังสือฮีลใจเล่มใหม่ล่าสุด (Helmet_Boxset)",120214865684230260,2026-05-02,inactive,ad,,,,,0,,0,0,,,,,,,,,2026-05-02,2026-05-02
"[23.10.24] [มิ้น] โดนตกจากประโยคหลังปก (Life)",120217166433250260,2026-05-02,not_delivering,ad,,,,,0,,0,0,,,,,,,,,2026-05-02,2026-05-02
"[07.11.25][มิ้น] เป็นหนังสือรวมประโยค (Tried) - Copy",120240381476760260,2026-05-02,inactive,ad,,,,,0,,0,0,,,,,,,,,2026-05-02,2026-05-02
"[06.08.25][มิ้น] วันไหนไม่ไหว แวะมาอ่าน (Tried)",120235784906960260,2026-05-02,not_delivering,ad,,,,,0,,0,0,,,,,,,,,2026-05-02,2026-05-02
"[03.09.25][มิ้น] หนังเล่มใหม่ที่อานแล้วน้ำตาซึม (Demons)",120236022483620260,2026-05-02,inactive,ad,,,,,0,,0,0,,,,,,,,,2026-05-02,2026-05-02
"[23.07.25][มิ้น] อ่านแล้วหายเหนื่อย (Tried)",120241142580940260,2026-05-02,inactive,ad,,,,,0,,0,0,,,,,,,,,2026-05-02,2026-05-02
"[22.09.25][มิ้น] เล่มใหม่ 1000/100 (Remains)",120237920752000260,2026-05-02,not_delivering,ad,,,,,0,,0,0,,,,,,,,,2026-05-02,2026-05-02
"[12.12.25][มิ้น] ครอบครัวคือที่ที่ปลอดภัยที่สุด (Ghostly)",120242008121450260,2026-05-02,not_delivering,ad,,,,,0,,0,0,,,,,,,,,2026-05-02,2026-05-02
"[10.11.25][มิ้น] นี่คือสภาพ (Remains)",120240271746670260,2026-05-02,inactive,ad,,,,,0,,0,0,,,,,,,,,2026-05-02,2026-05-02
"[18.11.25][มิ้น] เจ้าเหมียวเก็บมาเลี้ยง (Ghostly)",120240739016180260,2026-05-02,inactive,ad,,,,,0,,0,0,,,,,,,,,2026-05-02,2026-05-02
"[07.10.25][มิ้น] ชอบคนใจดี (Ghostly)",120238411166800260,2026-05-02,not_delivering,ad,,,,,0,,0,0,,,,,,,,,2026-05-02,2026-05-02
"[24.02.25][มิ้น] บทที่ 1 ที่คิ้วต่ำอยากแนะนำ (Kiwtum)",120220867845840260,2026-05-02,inactive,ad,,,,,0,,0,0,,,,,,,,,2026-05-02,2026-05-02
"[07.11.25][มิ้น] ได้อ่านแล้วเหมือนได้พัก (Tried)",120241142638270260,2026-05-02,inactive,ad,,,,,0,,0,0,,,,,,,,,2026-05-02,2026-05-02
"[02.06.25][มิ้น] รีแอค ขมิ้น (Ghostly)",120239978908290260,2026-05-02,not_delivering,ad,,,,,0,,0,0,,,,,,,,,2026-05-02,2026-05-02
"[28.08.25][มิ้น] ปีศาจอาจไม่ได้เกิดจากข้างนอก (ปีศาจตัวนั้น)",120236201402030260,2026-05-02,not_delivering,ad,,,,,0,,0,0,,,,,,,,,2026-05-02,2026-05-02
"[19.01.26] [มิ้น] Women to Women (Helmet_Boxset) (Reels)",120243383143640260,2026-05-02,not_delivering,ad,,,,,0,,0,0,,,,,,,,,2026-05-02,2026-05-02
"[20.11.25][มิ้น] ถ้าเจอคนที่ชอบ “กดคนอื่น” (ปีศาจตัวนั้น)",120240850276600260,2026-05-02,not_delivering,ad,,,,,0,,0,0,,,,,,,,,2026-05-02,2026-05-02
"[17.02.26][มิ้น] 20 เล่มลายเซ็น (Trap)",120248305639200260,2026-05-02,active,ad,การสนทนาผ่านการส่งข้อความที่เริ่มขึ้น,,,,0,,0,0,,,,,,,,,2026-05-02,2026-05-02
"[01.03.26][มิ้น] รี stock เล่มลายเซ็นหมอทานตะวัน (สัมภาษณ์หมอ) (Trap) (Cross Page)",120245624417410260,2026-05-02,not_delivering,ad,,,,,0,,0,0,,,,,,,,,2026-05-02,2026-05-02
"[07.10.25][มิ้น] ชอบคนใจดี (Ghostly) (Reels)",120243030362170260,2026-05-02,not_delivering,ad,,,,,0,,0,0,,,,,,,,,2026-05-02,2026-05-02
"[26.01.26][มิ้น] หนังสือที่ได้ไปต่อในปี 2026 (Remains)",120243608695270260,2026-05-02,inactive,ad,,,,,0,,0,0,,,,,,,,,2026-05-02,2026-05-02
"[06.09.24] [มิ้น] โปรโมชั่น 9.9",120215331221340260,2026-05-02,not_delivering,ad,,,,,0,,0,0,,,,,,,,,2026-05-02,2026-05-02
"[25.09.24] [มิ้น] PAYDAY มาดามใจ (เดือนกันยายน)",120215847448680260,2026-05-02,not_delivering,ad,,,,,0,,0,0,,,,,,,,,2026-05-02,2026-05-02
"[02.06.25][มิ้น] ถ้าแกพร้อมที่จะรักตัวเอง (ปีศาจตัวนั้น) (Reels)",120242989116530260,2026-05-02,not_delivering,ad,,,,,0,,0,0,,,,,,,,,2026-05-02,2026-05-02
"[02.09.24] [มิ้น] 5 ข้อคิดลบกับตัวเอง (Helmet_Boxset)",120216632308840260,2026-05-02,not_delivering,ad,,,,,0,,0,0,,,,,,,,,2026-05-02,2026-05-02
"[02.04.26][มิ้น] อย่าปล่อยให้อีโก้ (Trap)",120247605593900260,2026-05-02,not_delivering,ad,,,,,0,,0,0,,,,,,,,,2026-05-02,2026-05-02
"[22.05.25][มิ้น] จะเป็นยังไง! เมื่อคนที่หมดแพชชัน  ต้องไปเป็นที่ปรึกษาให้เหล่าดวงวิญญาณ (Ghostly)",120244776315940260,2026-05-02,not_delivering,ad,,,,,0,,0,0,,,,,,,,,2026-05-02,2026-05-02
"[12.11.24] [มิ้น] 2 หนังสือเล่มใหม่ที่ถูกเขียนด้วยน้ำตา แพ็กคู่ 529",120217324207940260,2026-05-02,not_delivering,ad,,,,,0,,0,0,,,,,,,,,2026-05-02,2026-05-02
"[29.10.25][มิ้น] 2 หนังสือเรียกน้ำตา (Remains)",120244055117920260,2026-05-02,not_delivering,ad,,,,,0,,0,0,,,,,,,,,2026-05-02,2026-05-02
"[24.01.26][มิ้น] การตัดใจจากใครสักคน (ปีศาจตัวนั้น) (Reels)",120243541653280260,2026-05-02,not_delivering,ad,,,,,0,,0,0,,,,,,,,,2026-05-02,2026-05-02
"[17.02.26][มิ้น] 20 เล่มลายเซ็น (Trap)",120248155653960260,2026-05-02,not_delivering,ad,การสนทนาผ่านการส่งข้อความที่เริ่มขึ้น,6,49.16166667,659,294.97,2.2341255,2175,1806,1,6,49.16166667,1,14,2.62068966,135.6183908,0.16666667,2026-05-02,2026-05-02
"[23.10.24] [มิ้น] โดนตกจากประโยคหลังปก (Life)",120216499906030260,2026-05-02,inactive,ad,,,,,0,,0,0,,,,,,,,,2026-05-02,2026-05-02
"[03.03.26][มิ้น] ไม่เคยร้องไห้กับหนังสือจนมาเจอ 2 เล่มนี้ (Ghostly) (Remains)",120245968070440260,2026-05-02,not_delivering,ad,,,,,0,,0,0,,,,,,,,,2026-05-02,2026-05-02
"[21.09.24] [มิ้น] คนเราแตกสลายได้กี่ครั้ง",120216758723130260,2026-05-02,not_delivering,ad,,,,,0,,0,0,,,,,,,,,2026-05-02,2026-05-02
"[25.02.26][มิ้น] ถ้าคุณมีโอกาสได้เจอ (Trap)",120244858567720260,2026-05-02,not_delivering,ad,,,,,0,,0,0,,,,,,,,,2026-05-02,2026-05-02
"[23.07.25][มิ้น] อ่านแล้วหายเหนื่อย (Tried)",120243520795900260,2026-05-02,not_delivering,ad,,,,,0,,0,0,,,,,,,,,2026-05-02,2026-05-02
"[06.12.24] [มิ้น] เก็บเงินง่าย ๆ ด้วยกฎ 50 30 20 (Million)",120217605846040260,2026-05-02,not_delivering,ad,,,,,0,,0,0,,,,,,,,,2026-05-02,2026-05-02
"[04.10.24] [มิ้น] ถ้าวันนี้เป็นวันสุดท้าย คุณจะทำอะไร? (Ghost)",120216040238870260,2026-05-02,inactive,ad,,,,,0,,0,0,,,,,,,,,2026-05-02,2026-05-02
"[26.11.25][มิ้น] น้ำตาซึม 3000% (Ghostly)",120241100277570260,2026-05-02,inactive,ad,,,,,0,,0,0,,,,,,,,,2026-05-02,2026-05-02
"[13.01.26][มิ้น] อย่าให้คนคนเดียว (Embrace) (Reels)",120243131444840260,2026-05-02,not_delivering,ad,,,,,0,,0,0,,,,,,,,,2026-05-02,2026-05-02
"[03.12.25][มิ้น] คะแนนฮีลใจ 1000/100 (Remains)",120241545906130260,2026-05-02,inactive,ad,,,,,0,,0,0,,,,,,,,,2026-05-02,2026-05-02
"[07.11.25][มิ้น] พออ่านแล้วจึงได้เข้าใจ (Tried)",120240097132020260,2026-05-02,inactive,ad,,,,,0,,0,0,,,,,,,,,2026-05-02,2026-05-02
"[11.03.26][มิ้น] รี stock เล่มลายเซ็นนักเขียนเมไอ (Witches)",120245719577670260,2026-05-02,not_delivering,ad,,,,,0,,0,0,,,,,,,,,2026-05-02,2026-05-02
"[12.09.25][มิ้น] หนังสือถูกเขียนขึ้นมา (Ghostly)",120236738815510260,2026-05-02,inactive,ad,,,,,0,,0,0,,,,,,,,,2026-05-02,2026-05-02
"[14.11.24] [มิ้น] 5 เหตุผลทำไมต้องซื้อเล่มนี้ (Life)",120217045690900260,2026-05-02,not_delivering,ad,,,,,0,,0,0,,,,,,,,,2026-05-02,2026-05-02
"[23.10.24] [มิ้น] โดนตกจากประโยคหลังปก (Life)",120216499685380260,2026-05-02,archived,ad,,,,,0,,0,0,,,,,,,,,2026-05-02,2026-05-02
"[29.10.25][มิ้น] 2 หนังสือเรียกน้ำตา (Remains)",120240912005380260,2026-05-02,inactive,ad,,,,,0,,0,0,,,,,,,,,2026-05-02,2026-05-02
"[24.12.25][มิ้น] ดวงสมพงษ์กัน (Witches)",120242559035140260,2026-05-02,not_delivering,ad,,,,,0,,0,0,,,,,,,,,2026-05-02,2026-05-02
"[12.12.25][มิ้น] ครอบครัวคือที่ที่ปลอดภัยที่สุด (Ghostly)",120242967763000260,2026-05-02,archived,ad,,,,,0,,0,0,,,,,,,,,2026-05-02,2026-05-02
"[26.01.26][มิ้น] บางเรื่องในชีวิตต่อให้เราพยายามลืมแค่ไหน (Remains)",120243608668410260,2026-05-02,inactive,ad,,,,,0,,0,0,,,,,,,,,2026-05-02,2026-05-02
"[13.08.25][มิ้น] ชีวิตเหมือนบุฟเฟต์ (ปีศาจตัวนั้น) (Reels)",120243029468640260,2026-05-02,not_delivering,ad,,,,,0,,0,0,,,,,,,,,2026-05-02,2026-05-02
"[06.11.25][มิ้น] เพราะพรุ่งนี้แกอาจ (Ghostly)",120240102388230260,2026-05-02,inactive,ad,,,,,0,,0,0,,,,,,,,,2026-05-02,2026-05-02
"[29.10.25][มิ้น] 2 หนังสือเรียกน้ำตา (Remains)",120243608321580260,2026-05-02,not_delivering,ad,,,,,0,,0,0,,,,,,,,,2026-05-02,2026-05-02
"[10.02.26][มิ้น] ชนแล้วหนี (Remains)",120244295383790260,2026-05-02,not_delivering,ad,,,,,0,,0,0,,,,,,,,,2026-05-02,2026-05-02
"[10.12.25][มิ้น] 12.12 : ซื้อ 3 เล่ม ลด 120.- (Promotion)",120241897811890260,2026-05-02,inactive,ad,,,,,0,,0,0,,,,,,,,,2026-05-02,2026-05-02
"[23.01.26][มิ้น] บางคนตายไป (Ghostly)",120244008225770260,2026-05-02,not_delivering,ad,,,,,0,,0,0,,,,,,,,,2026-05-02,2026-05-02
"[18.11.25][มิ้น] อยู่คนเดียวเป็นเรื่องยาก ? (Ghostly)",120242909135600260,2026-05-02,not_delivering,ad,,,,,0,,0,0,,,,,,,,,2026-05-02,2026-05-02
"[25.03.35][มิ้น] ประโยคหลังปก (Gift)",120222719478900260,2026-05-02,inactive,ad,,,,,0,,0,0,,,,,,,,,2026-05-02,2026-05-02
"[30.10.25][มิ้น] เปลี่ยนความทุกข์ (Witches)",120239862405800260,2026-05-02,not_delivering,ad,,,,,0,,0,0,,,,,,,,,2026-05-02,2026-05-02
"[22.08.25][มิ้น] 3 เหตุผล ที่ต้องอ่าน (Ghostly)",120236003389060260,2026-05-02,not_delivering,ad,,,,,0,,0,0,,,,,,,,,2026-05-02,2026-05-02
"[07.11.25][มิ้น] ได้อ่านแล้วเหมือนได้พัก (Tried)",120241248447060260,2026-05-02,inactive,ad,,,,,0,,0,0,,,,,,,,,2026-05-02,2026-05-02
"[01.03.26][มิ้น] รี stock เล่มลายเซ็นหมอทานตะวัน (สัมภาษณ์หมอ) (Trap)",120245088812960260,2026-05-02,not_delivering,ad,,,,,0,,0,0,,,,,,,,,2026-05-02,2026-05-02
"[22.07.25][มิ้น] วันนี้เหนื่อยมากเลยใช่ไหม (Tried)",120233223021620260,2026-05-02,not_delivering,ad,,,,,0,,0,0,,,,,,,,,2026-05-02,2026-05-02
"[25.07.25][มิ้น] ถ้าโลกมันแย่ก็แค่คิดแบบคาปิบาร่า (Capybara)",120233511155970260,2026-05-02,inactive,ad,,,,,0,,0,0,,,,,,,,,2026-05-02,2026-05-02
"[25.07.25][ขมิ้น] ชวนฟัง Podcast (Ghostly)",120233556016510260,2026-05-02,inactive,ad,,,,,0,,0,0,,,,,,,,,2026-05-02,2026-05-02
"[06.10.25][มิ้น] อ่านเล่มนี้ถ้าคุณ… (ปีศาจตัวนั้น) (Reels)",120243029435190260,2026-05-02,not_delivering,ad,,,,,0,,0,0,,,,,,,,,2026-05-02,2026-05-02
"[28.05.25][มิ้น] 3 สิ่งที่เล่มนี้อยากบอก (ปีศาจตัวนั้น)",120235812292370260,2026-05-02,inactive,ad,,,,,0,,0,0,,,,,,,,,2026-05-02,2026-05-02
"[22.08.25][มิ้น] รีสต็อกแล้ว รีบสั่งก่อนหมด (Ghostly)",120235575226290260,2026-05-02,inactive,ad,,,,,0,,0,0,,,,,,,,,2026-05-02,2026-05-02
"[01.12.25][มิ้น] 5 ประโยคจุกอก (ปีศาจตัวนั้น)",120241407059180260,2026-05-02,inactive,ad,,,,,0,,0,0,,,,,,,,,2026-05-02,2026-05-02
"[11.12.25][มิ้น] 3 เหตุผลที่ควรอ่าน (Tried)",120241899542550260,2026-05-02,inactive,ad,,,,,0,,0,0,,,,,,,,,2026-05-02,2026-05-02
"[03.09.25][มิ้น] เล่มใหม่ให้ 1000/100 (Demons)",120235859358590260,2026-05-02,not_delivering,ad,,,,,0,,0,0,,,,,,,,,2026-05-02,2026-05-02
"[20.06.25][มิ้น] PAYDAY SALE JUNE (Promotion_Payday)",120231334963540260,2026-05-02,not_delivering,ad,,,,,0,,0,0,,,,,,,,,2026-05-02,2026-05-02
"[25.05.25][มิ้น] เปิดคำทำนายวันนี้ (Witches)",120233484797370260,2026-05-02,inactive,ad,,,,,0,,0,0,,,,,,,,,2026-05-02,2026-05-02
"[07.08.25][มิ้น] เล่มใหม่ล่าสุด (Tried)",120234945057570260,2026-05-02,not_delivering,ad,,,,,0,,0,0,,,,,,,,,2026-05-02,2026-05-02
"[17.07.25] [ขมิ้น] Podcast ความสัมพันธ์ Toxic (Ghostly)",120233476156910260,2026-05-02,not_delivering,ad,,,,,0,,0,0,,,,,,,,,2026-05-02,2026-05-02
"[22.07.25][มิ้น] เล่มใหม่ออกมาอีกแล้ว (Tried)",120233014563530260,2026-05-02,not_delivering,ad,,,,,0,,0,0,,,,,,,,,2026-05-02,2026-05-02
"[07.08.25][มิ้น] ชอบประโยคไหน (Tried)",120234507205600260,2026-05-02,not_delivering,ad,,,,,0,,0,0,,,,,,,,,2026-05-02,2026-05-02
"[30.10.25][มิ้น] เปลี่ยนความทุกข์ (Witches)",120240098203360260,2026-05-02,not_delivering,ad,,,,,0,,0,0,,,,,,,,,2026-05-02,2026-05-02
"[03.09.25][มิ้น] เล่มใหม่ให้ 1000/100 (Demons)",120238020881320260,2026-05-02,not_delivering,ad,,,,,0,,0,0,,,,,,,,,2026-05-02,2026-05-02
"[24.07.25][มิ้น] เหม็นจริง เหม็นแกล้ง (Ghostly)",120233472591090260,2026-05-02,not_delivering,ad,,,,,0,,0,0,,,,,,,,,2026-05-02,2026-05-02
"[23.06.25][มิ้น] พื้นที่ที่แบ่งปันความสุขและความทุกข์ (Embrace)",120231120425560260,2026-05-02,inactive,ad,,,,,0,,0,0,,,,,,,,,2026-05-02,2026-05-02
"[03.09.25][มิ้น] อยากให้ทุกคนอ่าน (Ghostly)",120236522214650260,2026-05-02,not_delivering,ad,,,,,0,,0,0,,,,,,,,,2026-05-02,2026-05-02
"[22.08.25][มิ้น] 3 เหตุผล ที่ต้องอ่าน (Ghostly)",120236627304750260,2026-05-02,not_delivering,ad,,,,,0,,0,0,,,,,,,,,2026-05-02,2026-05-02
"[03.12.25][มิ้น] เล่มนี้ทำน้ำตาไหลหนักมาก (Ghostly)",120244054275600260,2026-05-02,not_delivering,ad,,,,,0,,0,0,,,,,,,,,2026-05-02,2026-05-02
"[03.09.25][มิ้น] อยากให้ทุกคนอ่าน (Ghostly)",120236625942170260,2026-05-02,not_delivering,ad,,,,,0,,0,0,,,,,,,,,2026-05-02,2026-05-02
"[02.06.25][มิ้น] ถ้าแกพร้อมที่จะรักตัวเอง (ปีศาจตัวนั้น)",120234134821310260,2026-05-02,inactive,ad,,,,,0,,0,0,,,,,,,,,2026-05-02,2026-05-02
"[06.10.25][มิ้น] อ่านเล่มนี้ถ้าคุณ… (ปีศาจตัวนั้น) (Reels)",120243166537070260,2026-05-02,not_delivering,ad,,,,,0,,0,0,,,,,,,,,2026-05-02,2026-05-02
"[07.11.25][มิ้น] เป็นหนังสือรวมประโยค (Tried)",120240116727770260,2026-05-02,not_delivering,ad,,,,,0,,0,0,,,,,,,,,2026-05-02,2026-05-02
"[25.07.25][มิ้น] Book of the year (Ghostly)",120233575513210260,2026-05-02,inactive,ad,,,,,0,,0,0,,,,,,,,,2026-05-02,2026-05-02
"[22.10.25][มิ้น] หนังสือได้ออกทีวี (Demons)",120239593304130260,2026-05-02,not_delivering,ad,,,,,0,,0,0,,,,,,,,,2026-05-02,2026-05-02
"[23.07.25][มิ้น] อ่านแล้วหายเหนื่อย (Tried)",120234921224800260,2026-05-02,not_delivering,ad,,,,,0,,0,0,,,,,,,,,2026-05-02,2026-05-02
"[02.06.25][มิ้น] หนังสือพลิกชีวิต (Witches)",120229859874970260,2026-05-02,inactive,ad,,,,,0,,0,0,,,,,,,,,2026-05-02,2026-05-02
"[07.03.25][มิ้น] ASMR Unboxing (Witches)",120234206307590260,2026-05-02,not_delivering,ad,,,,,0,,0,0,,,,,,,,,2026-05-02,2026-05-02
"[03.03.26][มิ้น] ไม่เคยร้องไห้กับหนังสือจนมาเจอ 2 เล่มนี้ (Ghostly) (Remains)",120245558563630260,2026-05-02,not_delivering,ad,,,,,0,,0,0,,,,,,,,,2026-05-02,2026-05-02
"[21.05.25][มิ้น] หนังสือที่ว่าฮีลใจแล้ว… (Witches)",120229053893430260,2026-05-02,inactive,ad,,,,,0,,0,0,,,,,,,,,2026-05-02,2026-05-02
"[23.04.25][มิ้น] เติมสต็อกให้แล้วรีบซื้อด่วน! (Witches)",120226536614280260,2026-05-02,inactive,ad,,,,,0,,0,0,,,,,,,,,2026-05-02,2026-05-02
"[24.02.25][มิ้น] อบอุ่นใจทุกครั้งที่หยิบเล่มนี้ขึ้นมาอ่าน (Home)",120232810746290260,2026-05-02,inactive,ad,,,,,0,,0,0,,,,,,,,,2026-05-02,2026-05-02
"[07.11.25][มิ้น] เป็นหนังสือรวมประโยค (Tried)",120241142640690260,2026-05-02,inactive,ad,,,,,0,,0,0,,,,,,,,,2026-05-02,2026-05-02
"[19.09.25][มิ้น] จากกระแส 1000/100 (Remains)",120237922021820260,2026-05-02,not_delivering,ad,,,,,0,,0,0,,,,,,,,,2026-05-02,2026-05-02
"[03.07.24] [มิ้น] Unbox คาปิบาร่า โดนหลอก (คาปิบาร่า_box set)",120214964470390260,2026-05-02,not_delivering,ad,,,,,0,,0,0,,,,,,,,,2026-05-02,2026-05-02
"[22.07.25][มิ้น] เล่มใหม่ออกมาอีกแล้ว (Tried)",120233014563480260,2026-05-02,inactive,ad,,,,,0,,0,0,,,,,,,,,2026-05-02,2026-05-02
"[29.10.25][มิ้น] 2 หนังสือเรียกน้ำตา (Remains)",120241249197540260,2026-05-02,inactive,ad,,,,,0,,0,0,,,,,,,,,2026-05-02,2026-05-02
"[12.08.25][มิ้น] ควรอ่านเล่มนี้ถ้าคุณ (Witches)",120235301848660260,2026-05-02,not_delivering,ad,,,,,0,,0,0,,,,,,,,,2026-05-02,2026-05-02
"[29.10.25][มิ้น] 2 หนังสือเรียกน้ำตา (Remains)",120244009263840260,2026-05-02,active,ad,การเข้าถึง,12823,6.68174374,,85.68,,12823,12823,,,,,4,0.25735007,6.68174374,,2026-05-02,2026-05-02
"[22.08.25][มิ้น] 3 เหตุผล ที่ต้องอ่าน (Ghostly)",120236543867320260,2026-05-02,not_delivering,ad,,,,,0,,0,0,,,,,,,,,2026-05-02,2026-05-02
"[27.03.26][มิ้น] BookFair : พาชมบรรยากาศงานหนังสือครั้งที่ 54 (Promotion)",120246233497060260,2026-05-02,inactive,ad,,,,,0,,0,0,,,,,,,,,2026-05-02,2026-05-02
"[02.04.26][มิ้น] อย่าปล่อยให้อีโก้ (Trap)",120247171375850260,2026-05-02,not_delivering,ad,การสนทนาผ่านการส่งข้อความที่เริ่มขึ้น,,,,0,,0,0,,,,,,,,,2026-05-02,2026-05-02
"[03.09.25][มิ้น] อยากให้ทุกคนอ่าน (Ghostly)",120236323137100260,2026-05-02,not_delivering,ad,,,,,0,,0,0,,,,,,,,,2026-05-02,2026-05-02
"[03.09.25][มิ้น] Unboxing New Books (Demons)",120235947662670260,2026-05-02,inactive,ad,,,,,0,,0,0,,,,,,,,,2026-05-02,2026-05-02
"[03.09.25][มิ้น] หนังเล่มใหม่ที่อานแล้วน้ำตาซึม (Demons)",120235947738790260,2026-05-02,inactive,ad,,,,,0,,0,0,,,,,,,,,2026-05-02,2026-05-02
"[16.09.25][มิ้น] หมดไฟ (Demons)",120236914513240260,2026-05-02,inactive,ad,,,,,0,,0,0,,,,,,,,,2026-05-02,2026-05-02
"[19.09.25][มิ้น] จากกระแส 1000/100 (Remains)",120237158187700260,2026-05-02,inactive,ad,,,,,0,,0,0,,,,,,,,,2026-05-02,2026-05-02
"[30.04.25][มิ้น] ใครที่ยัง Move On ไม่ได้ (ปีศาจตัวนั้นคือฉันเอง)",120228513070590260,2026-05-02,not_delivering,ad,,,,,0,,0,0,,,,,,,,,2026-05-02,2026-05-02
"[22.08.25][มิ้น] รีสต็อกแล้ว รีบสั่งก่อนหมด (Ghostly)",120235706638130260,2026-05-02,not_delivering,ad,,,,,0,,0,0,,,,,,,,,2026-05-02,2026-05-02
"[23.07.25][มิ้น] อ่านแล้วหายเหนื่อย (Tried)",120239969968630260,2026-05-02,archived,ad,,,,,0,,0,0,,,,,,,,,2026-05-02,2026-05-02
"[28.08.25][มิ้น] 5 ข้อคิด (Tried)",120235811354800260,2026-05-02,not_delivering,ad,,,,,0,,0,0,,,,,,,,,2026-05-02,2026-05-02
"[03.09.25][มิ้น] เล่มใหม่ให้ 1000/100 (Demons) (QuickReply)",120237689059870260,2026-05-02,not_delivering,ad,,,,,0,,0,0,,,,,,,,,2026-05-02,2026-05-02
"[19.09.25][มิ้น] จากกระแส 1000/100 (Remains)",120237919855970260,2026-05-02,not_delivering,ad,,,,,0,,0,0,,,,,,,,,2026-05-02,2026-05-02
"[18.09.25][มิ้น] ประโยคจากเล่มโปรด (Witches)",120237033638640260,2026-05-02,inactive,ad,,,,,0,,0,0,,,,,,,,,2026-05-02,2026-05-02
"[22.10.25][มิ้น] ทำไมซื้อเล่มนี้ (Remains)",120239461693570260,2026-05-02,not_delivering,ad,,,,,0,,0,0,,,,,,,,,2026-05-02,2026-05-02
"[18.09.25][มิ้น] Unbox The Witches (Witches)",120237033300280260,2026-05-02,inactive,ad,,,,,0,,0,0,,,,,,,,,2026-05-02,2026-05-02
"[28.08.25][มิ้น] ปีศาจอาจไม่ได้เกิดจากข้างนอก (ปีศาจตัวนั้น)",120235932331840260,2026-05-02,not_delivering,ad,,,,,0,,0,0,,,,,,,,,2026-05-02,2026-05-02
"[03.09.25][มิ้น] อยากให้ทุกคนอ่าน (Ghostly)",120236105395940260,2026-05-02,not_delivering,ad,,,,,0,,0,0,,,,,,,,,2026-05-02,2026-05-02
"[03.09.25][มิ้น] Unboxing New Books (Demons)",120236021958290260,2026-05-02,archived,ad,,,,,0,,0,0,,,,,,,,,2026-05-02,2026-05-02
"[03.09.25][มิ้น] Unboxing New Books (Demons)",120236358963780260,2026-05-02,inactive,ad,,,,,0,,0,0,,,,,,,,,2026-05-02,2026-05-02
"[04.02.26][มิ้น] มนุษย์ที่เป็นคนดี (สัมภาษณ์หมอ) (Trap)",120245933645870260,2026-05-02,not_delivering,ad,การสนทนาผ่านการส่งข้อความที่เริ่มขึ้น,,,,0,,0,0,,,,,,,,,2026-05-02,2026-05-02
"[03.09.25][มิ้น] จากเล่ม 1 สู่เล่ม 2 (Demons)",120236174725120260,2026-05-02,not_delivering,ad,,,,,0,,0,0,,,,,,,,,2026-05-02,2026-05-02
"[14.08.25][มิ้น] แด่คนที่แคร์ทุกคน (Witches)",120234870054090260,2026-05-02,not_delivering,ad,,,,,0,,0,0,,,,,,,,,2026-05-02,2026-05-02
"[03.09.25][มิ้น] Unboxing New Books (Demons)",120236251943590260,2026-05-02,not_delivering,ad,,,,,0,,0,0,,,,,,,,,2026-05-02,2026-05-02
"[21.09.24] [มิ้น] คนเราแตกสลายได้กี่ครั้ง",120215811563970260,2026-05-02,not_delivering,ad,,,,,0,,0,0,,,,,,,,,2026-05-02,2026-05-02
"[05.09.25][มิ้น] อะไรเดิมๆ (Witches)",120236587143470260,2026-05-02,not_delivering,ad,,,,,0,,0,0,,,,,,,,,2026-05-02,2026-05-02
"[29.09.25][มิ้น] ปีศาจใหม่มันกลับมาอีกแล้ว (Demons)",120237713336940260,2026-05-02,not_delivering,ad,,,,,0,,0,0,,,,,,,,,2026-05-02,2026-05-02
"[03.09.25][มิ้น] จากเล่ม 1 สู่เล่ม 2 (Demons)",120236029737120260,2026-05-02,inactive,ad,,,,,0,,0,0,,,,,,,,,2026-05-02,2026-05-02
"[21.09.24] [มิ้น] คนเราแตกสลายได้กี่ครั้ง",120215842706440260,2026-05-02,not_delivering,ad,,,,,0,,0,0,,,,,,,,,2026-05-02,2026-05-02
"[22.05.25][มิ้น] จะเป็นยังไง! เมื่อคนที่หมดแพชชัน  ต้องไปเป็นที่ปรึกษาให้เหล่าดวงวิญญาณ (Ghostly)",120236604427800260,2026-05-02,inactive,ad,,,,,0,,0,0,,,,,,,,,2026-05-02,2026-05-02
"[08.08.25][มิ้น] ร้องไห้บนรถไฟฟ้า (Ghostly)",120234605445530260,2026-05-02,inactive,ad,,,,,0,,0,0,,,,,,,,,2026-05-02,2026-05-02
"[14.10.25][มิ้น][มหกรรมหนังสือ30] เล่มนี้ขายได้กี่เล่ม (Engage)",120238569043990260,2026-05-02,inactive,ad,,,,,0,,0,0,,,,,,,,,2026-05-02,2026-05-02
"[22.03.26][มิ้น] มีประโยคหนึ่งในหนังสือ (Witches)",120246610439550260,2026-05-02,inactive,ad,,,,,0,,0,0,,,,,,,,,2026-05-02,2026-05-02
"[03.09.25][มิ้น] เล่มใหม่ให้ 1000/100 (Demons)",120236323055910260,2026-05-02,inactive,ad,,,,,0,,0,0,,,,,,,,,2026-05-02,2026-05-02
"[13.08.25][มิ้น] ชีวิตเหมือนบุฟเฟต์ (ปีศาจตัวนั้น)",120234820837190260,2026-05-02,inactive,ad,,,,,0,,0,0,,,,,,,,,2026-05-02,2026-05-02
"[29.09.25][มิ้น] 2 เล่มนี้ต่างกันยังไง ตอบเมนต์ (Demons)",120238217714410260,2026-05-02,inactive,ad,,,,,0,,0,0,,,,,,,,,2026-05-02,2026-05-02
"[12.08.25][มิ้น] ประโยคนี้โคตรจริง (Witches)",120234969693830260,2026-05-02,not_delivering,ad,,,,,0,,0,0,,,,,,,,,2026-05-02,2026-05-02
"[03.09.25][มิ้น] เล่มใหม่ให้ 1000/100 (Demons)",120235859410000260,2026-05-02,not_delivering,ad,,,,,0,,0,0,,,,,,,,,2026-05-02,2026-05-02
"[03.09.25][มิ้น] Unboxing New Books (Demons)",120236323055890260,2026-05-02,inactive,ad,,,,,0,,0,0,,,,,,,,,2026-05-02,2026-05-02
"[07.10.25][มิ้น] ชอบคนใจดี (Ghostly)",120238261773290260,2026-05-02,not_delivering,ad,,,,,0,,0,0,,,,,,,,,2026-05-02,2026-05-02
"[25.09.25][มิ้น] ป้ายยาหนังสือ (Ghostly)",120237558753260260,2026-05-02,not_delivering,ad,,,,,0,,0,0,,,,,,,,,2026-05-02,2026-05-02
"[30.04.26][มิ้น] อยู่คนเดียวเวลาไม่สบายใจ (Ghostly)",120248076117800260,2026-05-02,not_delivering,ad,การสนทนาผ่านการส่งข้อความที่เริ่มขึ้น,,,,203.22,,2671,2186,,,,,10,4.67989517,76.08386372,,2026-05-02,2026-05-02
"[05.04.26][มิ้น] ก่อนที่คนเราจะตาย (Ghostly)",120246688339870260,2026-05-02,inactive,ad,,,,,0,,0,0,,,,,,,,,2026-05-02,2026-05-02
"[21.09.24] [มิ้น] คนเราแตกสลายได้กี่ครั้ง",120215811548360260,2026-05-02,not_delivering,ad,,,,,0,,0,0,,,,,,,,,2026-05-02,2026-05-02
"[03.12.25][มิ้น] เล่มนี้ทำน้ำตาไหลหนักมาก (Ghostly)",120244295236620260,2026-05-02,not_delivering,ad,,,,,0,,0,0,,,,,,,,,2026-05-02,2026-05-02
"[27.03.26][มิ้น] เลิกเก็บทุกอย่างมาคิด ชีวิตจะง่ายขึ้น (Remains)",120246200053760260,2026-05-02,not_delivering,ad,,,,,0,,0,0,,,,,,,,,2026-05-02,2026-05-02
"[06.11.25][มิ้น] เพราะพรุ่งนี้แกอาจ (Ghostly) (Reels)",120243129728330260,2026-05-02,not_delivering,ad,,,,,0,,0,0,,,,,,,,,2026-05-02,2026-05-02
"[03.03.26][มิ้น] ไม่เคยร้องไห้กับหนังสือจนมาเจอ 2 เล่มนี้ (Ghostly) (Remains)",120245217606240260,2026-05-02,not_delivering,ad,,,,,0,,0,0,,,,,,,,,2026-05-02,2026-05-02
"[03.12.25][มิ้น] น้ำตาซึมไปหลายวัน (Remains)",120241545752140260,2026-05-02,not_delivering,ad,,,,,0,,0,0,,,,,,,,,2026-05-02,2026-05-02
"[24.07.25][มิ้น] นี่ไม่ใช่แค่ไพ่ดูดวง (Witches)",120233478965680260,2026-05-02,not_delivering,ad,,,,,0,,0,0,,,,,,,,,2026-05-02,2026-05-02
"[01.03.26][มิ้น] รี stock เล่มลายเซ็นหมอทานตะวัน (สัมภาษณ์หมอ) (Trap) (Cross Page)",120245623797850260,2026-05-02,not_delivering,ad,,,,,0,,0,0,,,,,,,,,2026-05-02,2026-05-02
"[03.09.25][มิ้น] อยากให้ทุกคนอ่าน (Ghostly)",120236711868700260,2026-05-02,not_delivering,ad,,,,,0,,0,0,,,,,,,,,2026-05-02,2026-05-02
"[25.07.25][มิ้น] ฮีลใจวัยทำงาน (Tried)",120233576766420260,2026-05-02,inactive,ad,,,,,0,,0,0,,,,,,,,,2026-05-02,2026-05-02
"[12.11.24] [มิ้น] 2 หนังสือเล่มใหม่ที่ถูกเขียนด้วยน้ำตา แพ็กคู่ 529",120216878926240260,2026-05-02,inactive,ad,,,,,0,,0,0,,,,,,,,,2026-05-02,2026-05-02
"[21.09.24] [มิ้น] คนเราแตกสลายได้กี่ครั้ง",120216829324590260,2026-05-02,inactive,ad,,,,,0,,0,0,,,,,,,,,2026-05-02,2026-05-02
"[30.03.25][มิ้น] แกล้งทำเป็นมั่นใจ (Witches)",120223301774010260,2026-05-02,inactive,ad,,,,,0,,0,0,,,,,,,,,2026-05-02,2026-05-02
"[08.04.26][มิ้น] 5 วิธีปล่อยวางให้ใจสงบ (Remains)",120246834729500260,2026-05-02,inactive,ad,,,,,0,,0,0,,,,,,,,,2026-05-02,2026-05-02
"[03.09.25][มิ้น] Unboxing New Books (Demons)",120236620456520260,2026-05-02,not_delivering,ad,,,,,0,,0,0,,,,,,,,,2026-05-02,2026-05-02
"[03.09.25][มิ้น] จากเล่ม 1 สู่เล่ม 2 (Demons)",120236324479820260,2026-05-02,not_delivering,ad,,,,,0,,0,0,,,,,,,,,2026-05-02,2026-05-02
"[01.10.25][มิ้น] Unpack (Ghostly)",120238530714660260,2026-05-02,not_delivering,ad,,,,,0,,0,0,,,,,,,,,2026-05-02,2026-05-02
"[28.08.25][มิ้น] 5 ข้อคิด (Tried)",120235856501770260,2026-05-02,not_delivering,ad,,,,,0,,0,0,,,,,,,,,2026-05-02,2026-05-02
"[02.04.26][มิ้น] อย่าปล่อยให้อีโก้ (Trap)",120247605151330260,2026-05-02,not_delivering,ad,การสนทนาผ่านการส่งข้อความที่เริ่มขึ้น,,,,0,,0,0,,,,,,,,,2026-05-02,2026-05-02
"[11.04.26][มิ้น] สงกรานต์โจ๊ะโจ๊ะ! โละราคาเดียว (Promotion)",120247115309270260,2026-05-02,not_delivering,ad,,,,,0,,0,0,,,,,,,,,2026-05-02,2026-05-02
"[02.04.26][มิ้น] อย่าปล่อยให้อีโก้ (Trap)",120247161343400260,2026-05-02,not_delivering,ad,,,,,0,,0,0,,,,,,,,,2026-05-02,2026-05-02
"[17.07.25] [ขมิ้น] Podcast ความสัมพันธ์ Toxic (Ghostly)",120233473569200260,2026-05-02,not_delivering,ad,,,,,0,,0,0,,,,,,,,,2026-05-02,2026-05-02
"[14.11.24] [มิ้น] 5 เหตุผลทำไมต้องซื้อเล่มนี้ (Life)",120217230559090260,2026-05-02,not_delivering,ad,,,,,0,,0,0,,,,,,,,,2026-05-02,2026-05-02
"[17.09.25][มิ้น] การมีชีวิตที่โดดเดี่ยว (Ghostly)",120237028851560260,2026-05-02,inactive,ad,,,,,0,,0,0,,,,,,,,,2026-05-02,2026-05-02
"[02.04.26][มิ้น] อย่าปล่อยให้อีโก้ (Trap)",120247119961170260,2026-05-02,not_delivering,ad,,,,,0,,0,0,,,,,,,,,2026-05-02,2026-05-02
"[07.08.25][มิ้น] ชอบประโยคไหน (Tried)",120234612956820260,2026-05-02,inactive,ad,,,,,0,,0,0,,,,,,,,,2026-05-02,2026-05-02
"[11.02.25][มิ้น] สัมภาษณ์คุณปั๊ม คิ้วต่ำ (Kiwtum)",120245719422300260,2026-05-02,inactive,ad,,,,,0,,0,0,,,,,,,,,2026-05-02,2026-05-02
"[17.02.26][มิ้น] 20 เล่มลายเซ็น (Trap)",120244520828000260,2026-05-02,not_delivering,ad,,,,,0,,0,0,,,,,,,,,2026-05-02,2026-05-02
"[02.06.25][มิ้น] ถ้าแกพร้อมที่จะรักตัวเอง (ปีศาจตัวนั้น) (Reels)",120243296423640260,2026-05-02,not_delivering,ad,,,,,0,,0,0,,,,,,,,,2026-05-02,2026-05-02
"[23.07.25][มิ้น] อ่านแล้วหายเหนื่อย (Tried)",120235785739660260,2026-05-02,not_delivering,ad,,,,,0,,0,0,,,,,,,,,2026-05-02,2026-05-02
"[03.05.25][มิ้น] 5.5 จัดโปร Boxset ฮีลใจ 555.- (Promotion_DD)",120227807456390260,2026-05-02,inactive,ad,,,,,0,,0,0,,,,,,,,,2026-05-02,2026-05-02
"[18.04.25][มิ้น] ก่อนนอน อยากให้คุณได้อ่าน (Kiwtum)",120227045791650260,2026-05-02,inactive,ad,,,,,0,,0,0,,,,,,,,,2026-05-02,2026-05-02
"[19.11.24] [มิ้น] เพราะส่วนลึกที่สุดของทะเล (โอบกอด)",120231191714460260,2026-05-02,not_delivering,ad,,,,,0,,0,0,,,,,,,,,2026-05-02,2026-05-02
"[12.12.25][มิ้น] ครอบครัวคือที่ที่ปลอดภัยที่สุด (Ghostly)",120243026002450260,2026-05-02,inactive,ad,,,,,0,,0,0,,,,,,,,,2026-05-02,2026-05-02
"[24.10.24] [มิ้น] Payday นี้ เทโปรแรง จนขนลุก",120216536932820260,2026-05-02,not_delivering,ad,,,,,0,,0,0,,,,,,,,,2026-05-02,2026-05-02
"[25.10.25][มิ้น] ป้ายยา 2 หนังสือ (Remains)",120239272074180260,2026-05-02,not_delivering,ad,,,,,0,,0,0,,,,,,,,,2026-05-02,2026-05-02
"[24.07.25][มิ้น] เหม็นจริง เหม็นแกล้ง (Ghostly)",120233476156920260,2026-05-02,not_delivering,ad,,,,,0,,0,0,,,,,,,,,2026-05-02,2026-05-02
"[13.03.25][มิ้น] Mid Month จับคู่ 2 Boxset 990.- (Promotion_MM)",120222073733120260,2026-05-02,inactive,ad,,,,,0,,0,0,,,,,,,,,2026-05-02,2026-05-02
"[06.08.25][มิ้น] ประโยคในหนังสือ (Garden)",120234466304420260,2026-05-02,not_delivering,ad,,,,,0,,0,0,,,,,,,,,2026-05-02,2026-05-02
"[16.07.25][มิ้น] แด่ความโดดเดี่ยว (Ghostly)",120235575715500260,2026-05-02,not_delivering,ad,,,,,0,,0,0,,,,,,,,,2026-05-02,2026-05-02
"[26.11.25][มิ้น] ภาคต่อหนังสือฮีลใจ (Remains)",120241140441250260,2026-05-02,inactive,ad,,,,,0,,0,0,,,,,,,,,2026-05-02,2026-05-02
"[24.06.25][มิ้น] นี่คือเรื่องราวของหญิงสาว (Ghostly)",120231577055750260,2026-05-02,not_delivering,ad,,,,,0,,0,0,,,,,,,,,2026-05-02,2026-05-02
"[03.12.25][มิ้น] ประโยคที่ยังเตือนสติได้ดีเสมอ (ปีศาจตัวนั้น)",120241544835610260,2026-05-02,not_delivering,ad,,,,,0,,0,0,,,,,,,,,2026-05-02,2026-05-02
"[03.12.25][มิ้น] อ่านจบโคตรรักตัวเองเลย (Ghostly)",120241546566070260,2026-05-02,inactive,ad,,,,,0,,0,0,,,,,,,,,2026-05-02,2026-05-02
"[13.04.26][มิ้น] อยู่อย่างโดดเดี่ยว ก็ไม่ได้แย่เสมอไป (Ghostly)",120247722034720260,2026-05-02,not_delivering,ad,,,,,0,,0,0,,,,,,,,,2026-05-02,2026-05-02
"[09.11.24] [มิ้น] เราทุกคนต่างไม่มีใครสมบูรณ์แบบ (โอบกอด)",120216908310540260,2026-05-02,inactive,ad,,,,,0,,0,0,,,,,,,,,2026-05-02,2026-05-02
"[29.01.26][มิ้น] Unboxing หนังสือเล่มแรกของปี 2026 (Trap)",120244542200820260,2026-05-02,not_delivering,ad,,,,,0,,0,0,,,,,,,,,2026-05-02,2026-05-02
"[21.03.25][มิ้น] Unboxing newbook (Gift)",120222458210800260,2026-05-02,inactive,ad,,,,,0,,0,0,,,,,,,,,2026-05-02,2026-05-02
"[13.12.24] [มิ้น] อยากให้ตัวเองในอนาคตได้อ่านประโยคนี้ (Ghost)",120217790504530260,2026-05-02,inactive,ad,,,,,0,,0,0,,,,,,,,,2026-05-02,2026-05-02
"[03.09.25][มิ้น] อยากให้ทุกคนอ่าน (Ghostly)",120236310018620260,2026-05-02,not_delivering,ad,,,,,0,,0,0,,,,,,,,,2026-05-02,2026-05-02
"[29.10.25][มิ้น] 2 หนังสือเรียกน้ำตา (Remains)",120239541057840260,2026-05-02,not_delivering,ad,,,,,0,,0,0,,,,,,,,,2026-05-02,2026-05-02
"[24.12.25][มิ้น] อย่ากลัวที่จะโดดเดี่ยว (Ghostly)",120243177936610260,2026-05-02,inactive,ad,,,,,0,,0,0,,,,,,,,,2026-05-02,2026-05-02
"[05.09.25][มิ้น] อะไรเดิมๆ (Witches)",120236553069070260,2026-05-02,not_delivering,ad,,,,,0,,0,0,,,,,,,,,2026-05-02,2026-05-02
"[13.12.24] [มิ้น] เราต่างกันเกินไป (โอบกอด)",120217799222420260,2026-05-02,inactive,ad,,,,,0,,0,0,,,,,,,,,2026-05-02,2026-05-02
"[05.03.26][มิ้น] เพราะพรุ่งนี้ที่รออาจจะมาไม่ถึง (Kiwtum)",120246518455940260,2026-05-02,active,ad,"การซื้อบน Meta",1,181.03,379,181.03,2.09357565,2024,1870,1,4,45.2575,1,9,8.34980237,89.4416996,0.25,2026-05-02,2026-05-02
"[02.04.26][มิ้น] อย่าปล่อยให้อีโก้ (Trap)",120246835016100260,2026-05-02,not_delivering,ad,,,,,0,,0,0,,,,,,,,,2026-05-02,2026-05-02
"[03.07.25][มิ้น] ข้อความสุดท้ายฝากถึงนุด (Ghostly)",120232134899220260,2026-05-02,not_delivering,ad,,,,,0,,0,0,,,,,,,,,2026-05-02,2026-05-02
"[11.06.25][มิ้น] อยากให้ชาตินี้ได้อ่านเล่มนี้ (ปีศาจตัวนั้น)",120234065150800260,2026-05-02,inactive,ad,,,,,0,,0,0,,,,,,,,,2026-05-02,2026-05-02
"[06.02.25][มิ้น] บทที่ 3 คนแปลกหน้าในฐานะคนรู้จัก (Embrace)",120219540042510260,2026-05-02,inactive,ad,,,,,0,,0,0,,,,,,,,,2026-05-02,2026-05-02
"[04.02.26][มิ้น] มนุษย์ที่เป็นคนดี (สัมภาษณ์หมอ) (Trap)",120246310168180260,2026-05-02,not_delivering,ad,,,,,0,,0,0,,,,,,,,,2026-05-02,2026-05-02
"[18.02.26][มิ้น] 2 หนังสือการ์ตูน Comic (Remains)",120244476192420260,2026-05-02,not_delivering,ad,,,,,0,,0,0,,,,,,,,,2026-05-02,2026-05-02
"[24.04.25][มิ้น] PAYDAY APR 3 แถม 1 (Promotion_Payday)",120226631957620260,2026-05-02,inactive,ad,,,,,0,,0,0,,,,,,,,,2026-05-02,2026-05-02
"[25.03.35][มิ้น] ประโยคหลังปก (Gift)",120222719671710260,2026-05-02,inactive,ad,,,,,0,,0,0,,,,,,,,,2026-05-02,2026-05-02
"[23.01.26][มิ้น] บางคนตายไป (Ghostly)",120243886890210260,2026-05-02,not_delivering,ad,,,,,0,,0,0,,,,,,,,,2026-05-02,2026-05-02
"[29.10.25][มิ้น] 2 หนังสือเรียกน้ำตา (Remains)",120243129531340260,2026-05-02,not_delivering,ad,,,,,0,,0,0,,,,,,,,,2026-05-02,2026-05-02
"[02.06.25][มิ้น] ถ้าแกพร้อมที่จะรักตัวเอง (ปีศาจตัวนั้น) (Reels)",120242961958670260,2026-05-02,not_delivering,ad,,,,,0,,0,0,,,,,,,,,2026-05-02,2026-05-02
"[09.10.14] [มิ้น] แด่รักข้างเดียว (โอบกอด)",120216147644680260,2026-05-02,inactive,ad,,,,,0,,0,0,,,,,,,,,2026-05-02,2026-05-02
"[12.03.25] [มิ้น] มีบทความจากหนังสือเล่มหนึ่งเขาบอกไว้ว่า (Kiwtum)",120221884542940260,2026-05-02,inactive,ad,,,,,0,,0,0,,,,,,,,,2026-05-02,2026-05-02
"[18.11.25][มิ้น] อยู่คนเดียวเป็นเรื่องยาก ? (Ghostly)",120240738900690260,2026-05-02,not_delivering,ad,,,,,0,,0,0,,,,,,,,,2026-05-02,2026-05-02
"[12.02.26][มิ้น] ความผิดหวัง (Witches)",120244260122820260,2026-05-02,not_delivering,ad,,,,,0,,0,0,,,,,,,,,2026-05-02,2026-05-02
"[20.03.26][มิ้น] คนคิดเยอะมักเจ็บจากความคิดตัวเอง (Trap)",120246309977310260,2026-05-02,not_delivering,ad,,,,,0,,0,0,,,,,,,,,2026-05-02,2026-05-02
"[22.03.26][มิ้น] มีประโยคหนึ่งในหนังสือ (Witches)",120246834483080260,2026-05-02,inactive,ad,,,,,0,,0,0,,,,,,,,,2026-05-02,2026-05-02
"[03.09.25][มิ้น] เล่มใหม่ให้ 1000/100 (Demons)",120240179503790260,2026-05-02,not_delivering,ad,,,,,0,,0,0,,,,,,,,,2026-05-02,2026-05-02
"[23.11.24] [มิ้น] Payday Nov 999.-",120217299345610260,2026-05-02,not_delivering,ad,,,,,0,,0,0,,,,,,,,,2026-05-02,2026-05-02
"[03.09.25][มิ้น] เล่มใหม่ให้ 1000/100 (Demons) (QuickReply)",120238020999880260,2026-05-02,not_delivering,ad,,,,,0,,0,0,,,,,,,,,2026-05-02,2026-05-02
"[22.05.25][มิ้น] หนังสือใหม่ออกมาอีกละ!!! (Ghostly)",120229087528170260,2026-05-02,inactive,ad,,,,,0,,0,0,,,,,,,,,2026-05-02,2026-05-02
"[20.08.25][มิ้น] ไม่เคยคิดว่าแค่หนังสือเล่มเดียว (Ghostly)",120235299781880260,2026-05-02,inactive,ad,,,,,0,,0,0,,,,,,,,,2026-05-02,2026-05-02
"[17.02.26][มิ้น] 20 เล่มลายเซ็น (Trap)",120245730415210260,2026-05-02,not_delivering,ad,,,,,0,,0,0,,,,,,,,,2026-05-02,2026-05-02
"[22.07.25][มิ้น] เล่มใหม่ออกมาอีกแล้ว (Tried)",120233014041520260,2026-05-02,inactive,ad,,,,,0,,0,0,,,,,,,,,2026-05-02,2026-05-02
"[02.06.25][มิ้น] หนังสือที่ดูดวงได้ (Witches)",120229859683740260,2026-05-02,inactive,ad,,,,,0,,0,0,,,,,,,,,2026-05-02,2026-05-02
"[30.10.25][มิ้น] เปลี่ยนความทุกข์ (Witches)",120239971450770260,2026-05-02,not_delivering,ad,,,,,0,,0,0,,,,,,,,,2026-05-02,2026-05-02
"[04.12.24] [มิ้น] 5 เทคนิคเก็บเงินง่ายๆ (Million)",120217602922240260,2026-05-02,inactive,ad,,,,,0,,0,0,,,,,,,,,2026-05-02,2026-05-02
"[01.07.25][มิ้น] บทที่ 24 (Embrace)",120232037535200260,2026-05-02,inactive,ad,,,,,0,,0,0,,,,,,,,,2026-05-02,2026-05-02
"[18.09.25][มิ้น] Unbox The Witches (Witches)",120237333302220260,2026-05-02,inactive,ad,,,,,0,,0,0,,,,,,,,,2026-05-02,2026-05-02
"[22.07.25][มิ้น] เล่มใหม่ออกมาอีกแล้ว (Tried)",120233014225150260,2026-05-02,inactive,ad,,,,,0,,0,0,,,,,,,,,2026-05-02,2026-05-02
"[03.09.25][มิ้น] จากเล่ม 1 สู่เล่ม 2 (Demons)",120236030953940260,2026-05-02,not_delivering,ad,,,,,0,,0,0,,,,,,,,,2026-05-02,2026-05-02
"[24.12.25][มิ้น] ดวงสมพงษ์กัน (Witches)",120243923853390260,2026-05-02,not_delivering,ad,,,,,0,,0,0,,,,,,,,,2026-05-02,2026-05-02
"[02.04.26][มิ้น] อย่าปล่อยให้อีโก้ (Trap)",120247605201740260,2026-05-02,not_delivering,ad,การสนทนาผ่านการส่งข้อความที่เริ่มขึ้น,,,,0,,0,0,,,,,,,,,2026-05-02,2026-05-02
"[04.03.26][มิ้น] แม่อยากให้ลูกมั่นคง (Remains)",120245128912130260,2026-05-02,not_delivering,ad,,,,,0,,0,0,,,,,,,,,2026-05-02,2026-05-02
"[27.11.25][มิ้น] ถ้ารอต่อไปอีกหน่อย (Demons)",120241407826560260,2026-05-02,not_delivering,ad,,,,,0,,0,0,,,,,,,,,2026-05-02,2026-05-02
"[17.02.26][มิ้น] 20 เล่มลายเซ็น (Trap) (Cross Page)",120244538165630260,2026-05-02,not_delivering,ad,,,,,0,,0,0,,,,,,,,,2026-05-02,2026-05-02
"[22.09.25][มิ้น] Boxset เปลี่ยนความทุกข์ (Witches)",120237333302210260,2026-05-02,not_delivering,ad,,,,,0,,0,0,,,,,,,,,2026-05-02,2026-05-02
"[27.11.24] [มิ้น] 5 คำเตือนสุดท้ายของชีวิต (Ghost) (Reels)",120243183066160260,2026-05-02,not_delivering,ad,,,,,0,,0,0,,,,,,,,,2026-05-02,2026-05-02
"[05.03.26][มิ้น] เพราะพรุ่งนี้ที่รออาจจะมาไม่ถึง (Kiwtum)",120245216252630260,2026-05-02,not_delivering,ad,,,,,0,,0,0,,,,,,,,,2026-05-02,2026-05-02
"[10.07.25][มิ้น] หนังสือที่อยากบอกคุณว่า (ปีศาจตัวนั้น)",120232570296820260,2026-05-02,not_delivering,ad,,,,,0,,0,0,,,,,,,,,2026-05-02,2026-05-02
"[17.02.26][มิ้น] 20 เล่มลายเซ็น (Trap)",120244520814860260,2026-05-02,not_delivering,ad,,,,,0,,0,0,,,,,,,,,2026-05-02,2026-05-02
"[07.11.25][มิ้น] พออ่านแล้วจึงได้เข้าใจ (Tried)",120241142632720260,2026-05-02,inactive,ad,,,,,0,,0,0,,,,,,,,,2026-05-02,2026-05-02
"[15.10.24] [มิ้น] จุดเปลี่ยนของชีวิต (Life)",120216294281050260,2026-05-02,inactive,ad,,,,,0,,0,0,,,,,,,,,2026-05-02,2026-05-02
"[21.09.24] [มิ้น] คนเราแตกสลายได้กี่ครั้ง",120215723554210260,2026-05-02,inactive,ad,,,,,0,,0,0,,,,,,,,,2026-05-02,2026-05-02
"[11.06.25][มิ้น] ชายคนหนึ่งตกหลุมรักสาวใบ้ (Ghostly)",120230769104830260,2026-05-02,inactive,ad,,,,,0,,0,0,,,,,,,,,2026-05-02,2026-05-02
"[25.02.25][มิ้น] ประโยคหลังปกคุณมุก (Embrace)",120220872947650260,2026-05-02,inactive,ad,,,,,0,,0,0,,,,,,,,,2026-05-02,2026-05-02
"[06.11.25][มิ้น] เพราะพรุ่งนี้แกอาจ (Ghostly)",120240331080230260,2026-05-02,inactive,ad,,,,,0,,0,0,,,,,,,,,2026-05-02,2026-05-02
"[11.02.25][มิ้น] สัมภาษณ์คุณปั๊ม คิ้วต่ำ (Kiwtum)",120233358283220260,2026-05-02,inactive,ad,,,,,0,,0,0,,,,,,,,,2026-05-02,2026-05-02
"[13.04.26][มิ้น] อยู่อย่างโดดเดี่ยว ก็ไม่ได้แย่เสมอไป (Ghostly)",120247075441120260,2026-05-02,not_delivering,ad,,,,,0,,0,0,,,,,,,,,2026-05-02,2026-05-02
"[14.11.24] [มิ้น] 5 เหตุผลทำไมต้องซื้อเล่มนี้ (Life)",120217045651520260,2026-05-02,inactive,ad,,,,,0,,0,0,,,,,,,,,2026-05-02,2026-05-02
"[17.08.24] [มิ้น] 5 ข้อ Move on",120214870359520260,2026-05-02,inactive,ad,,,,,0,,0,0,,,,,,,,,2026-05-02,2026-05-02
"[11.02.25][มิ้น] อย่ารอให้คนที่ไม่ใช่กลายเป็นคนที่ใช่ (ปีศาจตัวนั้น)",120219748342150260,2026-05-02,inactive,ad,,,,,0,,0,0,,,,,,,,,2026-05-02,2026-05-02
"[12.08.25][มิ้น] ประโยคนี้โคตรจริง (Witches)",120235302434340260,2026-05-02,not_delivering,ad,,,,,0,,0,0,,,,,,,,,2026-05-02,2026-05-02
"[22.08.25][มิ้น] รีสต็อกแล้ว รีบสั่งก่อนหมด (Ghostly)",120235864651200260,2026-05-02,not_delivering,ad,,,,,0,,0,0,,,,,,,,,2026-05-02,2026-05-02
"[21.05.25][มิ้น] หนังสือที่ว่าฮีลใจแล้ว… (Witches)",120229194871860260,2026-05-02,inactive,ad,,,,,0,,0,0,,,,,,,,,2026-05-02,2026-05-02
"[07.03.25][มิ้น] ASMR Unboxing (Witches)",120221521304120260,2026-05-02,inactive,ad,,,,,0,,0,0,,,,,,,,,2026-05-02,2026-05-02
"[11.02.25][มิ้น] สัมภาษณ์คุณปั๊ม คิ้วต่ำ (Kiwtum)",120221825585630260,2026-05-02,inactive,ad,,,,,0,,0,0,,,,,,,,,2026-05-02,2026-05-02
"[03.09.25][มิ้น] เล่มใหม่ให้ 1000/100 (Demons)",120236324479860260,2026-05-02,not_delivering,ad,,,,,0,,0,0,,,,,,,,,2026-05-02,2026-05-02
"[24.01.26][มิ้น] เป็นเพื่อนที่ดีให้ได้ (ปีศาจตัวนั้น) (Reels)",120243541915720260,2026-05-02,not_delivering,ad,,,,,0,,0,0,,,,,,,,,2026-05-02,2026-05-02
"[02.09.24] [มิ้น] 5 ข้อคิดลบกับตัวเอง (Helmet_Boxset)",120215197282060260,2026-05-02,inactive,ad,,,,,0,,0,0,,,,,,,,,2026-05-02,2026-05-02
"[22.09.25][มิ้น] เล่มใหม่ 1000/100 (Remains)",120237920193550260,2026-05-02,inactive,ad,,,,,0,,0,0,,,,,,,,,2026-05-02,2026-05-02
"[20.01.25][Garden_Boxset][มิ้น][VDO] 5 ประโยคปลดล็อค",120220348272010260,2026-05-02,archived,ad,,,,,0,,0,0,,,,,,,,,2026-05-02,2026-05-02
"[07.10.25][มิ้น] ชอบคนใจดี (Ghostly)",120238261873350260,2026-05-02,not_delivering,ad,,,,,0,,0,0,,,,,,,,,2026-05-02,2026-05-02
"[17.03.25][มิ้น] การ์ดอยากบอกอะไรคุณ (Witches) - Copy",120222333463860260,2026-05-02,archived,ad,,,,,0,,0,0,,,,,,,,,2026-05-02,2026-05-02
"[30.04.25][มิ้น] จากใจนักเขียน “คิ้วต่ำ” (Kiwtum)",120227299606950260,2026-05-02,inactive,ad,,,,,0,,0,0,,,,,,,,,2026-05-02,2026-05-02
"[29.10.25][มิ้น] 2 หนังสือเรียกน้ำตา (Remains)",120241545057660260,2026-05-02,inactive,ad,,,,,0,,0,0,,,,,,,,,2026-05-02,2026-05-02
"[16.10.25][มิ้น] หนังสือฮีลใจฮาโลวีน (Demons)",120238779742340260,2026-05-02,inactive,ad,,,,,0,,0,0,,,,,,,,,2026-05-02,2026-05-02
"[03.09.25][มิ้น] จากเล่ม 1 สู่เล่ม 2 (Demons)",120236029767140260,2026-05-02,inactive,ad,,,,,0,,0,0,,,,,,,,,2026-05-02,2026-05-02
"[04.02.26][มิ้น] มนุษย์ที่เป็นคนดี (สัมภาษณ์หมอ) (Trap)",120246310148080260,2026-05-02,not_delivering,ad,,,,,0,,0,0,,,,,,,,,2026-05-02,2026-05-02
"[06.10.25][มิ้น] คนที่ควรหยิบมาอ่าน (Remains)",120237933078650260,2026-05-02,inactive,ad,,,,,0,,0,0,,,,,,,,,2026-05-02,2026-05-02
"[03.09.25][มิ้น] อยากให้ทุกคนอ่าน (Ghostly)",120240491398420260,2026-05-02,inactive,ad,,,,,0,,0,0,,,,,,,,,2026-05-02,2026-05-02
"[22.05.25][มิ้น] หนังสือใหม่ออกมาอีกละ!!! (Ghostly)",120229092583930260,2026-05-02,inactive,ad,,,,,0,,0,0,,,,,,,,,2026-05-02,2026-05-02
"[22.05.25][มิ้น] จะเป็นยังไง! เมื่อคนที่หมดแพชชัน  ต้องไปเป็นที่ปรึกษาให้เหล่าดวงวิญญาณ (Ghostly)",120232601758450260,2026-05-02,inactive,ad,,,,,0,,0,0,,,,,,,,,2026-05-02,2026-05-02
"[25.07.25][มิ้น] หนังสือฮีลใจที่คุ้มที่สุด (Witches)",120233514010920260,2026-05-02,archived,ad,,,,,0,,0,0,,,,,,,,,2026-05-02,2026-05-02
"[07.03.25][มิ้น] ASMR Unboxing (Witches)",120221510525470260,2026-05-02,not_delivering,ad,,,,,0,,0,0,,,,,,,,,2026-05-02,2026-05-02
"[28.08.25][มิ้น] ปีศาจอาจไม่ได้เกิดจากข้างนอก (ปีศาจตัวนั้น)",120235812189640260,2026-05-02,not_delivering,ad,,,,,0,,0,0,,,,,,,,,2026-05-02,2026-05-02
"[23.07.25][มิ้น] อ่านแล้วหายเหนื่อย (Tried)",120236237122600260,2026-05-02,not_delivering,ad,,,,,0,,0,0,,,,,,,,,2026-05-02,2026-05-02
"[21.01.25] [มิ้น] 5 ข้อคิด (Home)",120218671105270260,2026-05-02,inactive,ad,,,,,0,,0,0,,,,,,,,,2026-05-02,2026-05-02
"[01.03.26][มิ้น] รี stock เล่มลายเซ็นหมอทานตะวัน (สัมภาษณ์หมอ) (Trap)",120245054359200260,2026-05-02,not_delivering,ad,,,,,0,,0,0,,,,,,,,,2026-05-02,2026-05-02
"[07.11.25][มิ้น] เป็นหนังสือรวมประโยค (Tried)",120241248447080260,2026-05-02,not_delivering,ad,,,,,0,,0,0,,,,,,,,,2026-05-02,2026-05-02
"[25.12.24] [มิ้น] unboxing new book (Kidmakk)",120218127245030260,2026-05-02,inactive,ad,,,,,0,,0,0,,,,,,,,,2026-05-02,2026-05-02
"[07.11.24] [มิ้น] 11.11 โปรรับหน้าหนาว (1,111)",120216873154980260,2026-05-02,not_delivering,ad,,,,,0,,0,0,,,,,,,,,2026-05-02,2026-05-02
"[13.08.25][มิ้น] ชีวิตเหมือนบุฟเฟต์ (ปีศาจตัวนั้น) (Reels)",120243296122960260,2026-05-02,not_delivering,ad,,,,,0,,0,0,,,,,,,,,2026-05-02,2026-05-02
"[03.09.25][มิ้น] จากเล่ม 1 สู่เล่ม 2 (Demons)",120236620453220260,2026-05-02,inactive,ad,,,,,0,,0,0,,,,,,,,,2026-05-02,2026-05-02
"[13.04.26][มิ้น] ทุกคนมีโกฮังเป็นของตัวเอง (Remains)",120247075369270260,2026-05-02,inactive,ad,,,,,0,,0,0,,,,,,,,,2026-05-02,2026-05-02
"[25.01.25][มิ้น] ทุกคนเคยตั้งคำถามกับตัวเองมั้ย (Kidmakk)",120219025649440260,2026-05-02,inactive,ad,,,,,0,,0,0,,,,,,,,,2026-05-02,2026-05-02
"[04.02.26][มิ้น] มนุษย์ที่เป็นคนดี (สัมภาษณ์หมอ) (Trap)",120244120919070260,2026-05-02,not_delivering,ad,การสนทนาผ่านการส่งข้อความที่เริ่มขึ้น,,,,0,,0,0,,,,,,,,,2026-05-02,2026-05-02
"[12.09.25][มิ้น] ใครที่กำลังหมดแพชชัน (Ghostly)",120236738556320260,2026-05-02,not_delivering,ad,,,,,0,,0,0,,,,,,,,,2026-05-02,2026-05-02
"[28.02.25][มิ้น] 3.3 ชีเสิร์ฟไม่พัก ซื้อ 3 แถม 1 (Promotion_DD)",120221370927880260,2026-05-02,not_delivering,ad,,,,,0,,0,0,,,,,,,,,2026-05-02,2026-05-02
"[19.12.24] [มิ้น] สัมภาษณ์คุณตูน (Million)",120217934601720260,2026-05-02,inactive,ad,,,,,0,,0,0,,,,,,,,,2026-05-02,2026-05-02
"[11.02.25][มิ้น] สัมภาษณ์คุณปั๊ม คิ้วต่ำ (Kiwtum)",120219600417090260,2026-05-02,inactive,ad,,,,,0,,0,0,,,,,,,,,2026-05-02,2026-05-02
"[13.11.24] [มิ้น] การเป็นตัวเองทำให้รู้สึกไม่มั่นใจ (Helmet_Boxset) (Reels)",120243182318950260,2026-05-02,not_delivering,ad,,,,,0,,0,0,,,,,,,,,2026-05-02,2026-05-02
"[13.08.25][มิ้น] แม้คนในครอบครัวจะจากไป (ปีศาจตัวนั้น)",120234926429980260,2026-05-02,not_delivering,ad,,,,,0,,0,0,,,,,,,,,2026-05-02,2026-05-02
"[25.02.26][มิ้น] 5 วิธีรับมือกับ “ความรู้สึกผิด” (Trap)",120244858632970260,2026-05-02,not_delivering,ad,,,,,0,,0,0,,,,,,,,,2026-05-02,2026-05-02
"[11.03.25] [มิ้น] บทที่นักอ่านไม่ควรพลาด (Witches)",120221884243150260,2026-05-02,archived,ad,,,,,0,,0,0,,,,,,,,,2026-05-02,2026-05-02
"[20.11.25][มิ้น] E-Book หนังสือปีศาจ 1 (E-Book)",120244293677040260,2026-05-02,inactive,ad,,,,,0,,0,0,,,,,,,,,2026-05-02,2026-05-02
"[07.10.25][มิ้น] ชอบคนใจดี (Ghostly)",120238530859190260,2026-05-02,not_delivering,ad,,,,,0,,0,0,,,,,,,,,2026-05-02,2026-05-02
"[10.05.25][มิ้น] 5 เรื่องจริง (Kiwtum)",120228491751310260,2026-05-02,inactive,ad,,,,,0,,0,0,,,,,,,,,2026-05-02,2026-05-02
"[14.03.26][มิ้น] หยุดด่าตัวเอง (Ghostly)",120245558466620260,2026-05-02,not_delivering,ad,,,,,0,,0,0,,,,,,,,,2026-05-02,2026-05-02
"[21.04.26][มิ้น] บุฟเฟต์ฮีลใจ (Promotion)",120247439156500260,2026-05-02,not_delivering,ad,,,,,0,,0,0,,,,,,,,,2026-05-02,2026-05-02
"[07.10.25][มิ้น] ชอบคนใจดี (Ghostly) (Reels)",120242989243130260,2026-05-02,not_delivering,ad,,,,,0,,0,0,,,,,,,,,2026-05-02,2026-05-02
"[04.02.26][มิ้น] มนุษย์ที่เป็นคนดี (สัมภาษณ์หมอ) (Trap)",120243955483030260,2026-05-02,inactive,ad,,,,,0,,0,0,,,,,,,,,2026-05-02,2026-05-02
"[02.06.25][มิ้น] รีแอค ขมิ้น (Ghostly)",120236604362370260,2026-05-02,inactive,ad,,,,,0,,0,0,,,,,,,,,2026-05-02,2026-05-02
"[02.06.25][มิ้น] รีแอค ขมิ้น (Ghostly)",120232601677790260,2026-05-02,inactive,ad,,,,,0,,0,0,,,,,,,,,2026-05-02,2026-05-02
"[18.06.25][มิ้น] ประโยคที่ช่วยโอบกอดในวันที่ “ใจพัง” (ปีศาจตัวนั้น)",120231189826060260,2026-05-02,not_delivering,ad,,,,,0,,0,0,,,,,,,,,2026-05-02,2026-05-02
"[11.02.25][มิ้น] สัมภาษณ์คุณปั๊ม คิ้วต่ำ (Kiwtum)",120245847559990260,2026-05-02,inactive,ad,,,,,0,,0,0,,,,,,,,,2026-05-02,2026-05-02
"[11.04.26][มิ้น] สงกรานต์โจ๊ะโจ๊ะ! โละราคาเดียว (Promotion)",120246902085230260,2026-05-02,not_delivering,ad,,,,,0,,0,0,,,,,,,,,2026-05-02,2026-05-02
"[16.10.25][มิ้น] ให้เปิดเล่มนี้เตือนสติ (Remains)",120239254013100260,2026-05-02,not_delivering,ad,,,,,0,,0,0,,,,,,,,,2026-05-02,2026-05-02
"[01.04.26][มิ้น] 5 ข้อคิดที่จะได้รับจากหนังสือ (Trap)",120246512400100260,2026-05-02,not_delivering,ad,การสนทนาผ่านการส่งข้อความที่เริ่มขึ้น,,,,0,,0,0,,,,,,,,,2026-05-02,2026-05-02
"[15.10.24] [มิ้น] จุดเปลี่ยนของชีวิต (Life)",120216294337090260,2026-05-02,inactive,ad,,,,,0,,0,0,,,,,,,,,2026-05-02,2026-05-02
"[24.12.25][มิ้น] อย่ากลัวที่จะโดดเดี่ยว (Ghostly)",120242559696270260,2026-05-02,not_delivering,ad,,,,,0,,0,0,,,,,,,,,2026-05-02,2026-05-02
"[02.04.26][มิ้น] อย่าปล่อยให้อีโก้ (Trap)",120247605673240260,2026-05-02,not_delivering,ad,,,,,0,,0,0,,,,,,,,,2026-05-02,2026-05-02
"[11.02.25][มิ้น] สัมภาษณ์คุณปั๊ม คิ้วต่ำ (Kiwtum)",120219869746380260,2026-05-02,not_delivering,ad,,,,,0,,0,0,,,,,,,,,2026-05-02,2026-05-02
"[29.10.25][มิ้น] 2 หนังสือเรียกน้ำตา (Remains)",120243923545710260,2026-05-02,not_delivering,ad,,,,,0,,0,0,,,,,,,,,2026-05-02,2026-05-02
"[28.05.25][มิ้น] ปีศาจอาจไม่ได้เกิดจากข้างนอก (ปีศาจตัวนั้น)",120235808316570260,2026-05-02,inactive,ad,,,,,0,,0,0,,,,,,,,,2026-05-02,2026-05-02
"[09.11.24] [มิ้น] เราทุกคนต่างไม่มีใครสมบูรณ์แบบ (โอบกอด)",120217502402910260,2026-05-02,not_delivering,ad,,,,,0,,0,0,,,,,,,,,2026-05-02,2026-05-02
"[24.01.25] [มิ้น] PAYDAY นี้ จ่าย 1 ได้ถึง 5 (Promotion_Payday)",120218919678810260,2026-05-02,not_delivering,ad,,,,,0,,0,0,,,,,,,,,2026-05-02,2026-05-02
"[13.11.25][มิ้น] การถูกมองข้าม (Demons)",120240436764770260,2026-05-02,inactive,ad,,,,,0,,0,0,,,,,,,,,2026-05-02,2026-05-02
"[22.07.25][มิ้น] เล่มใหม่ออกมาอีกแล้ว (Tried)",120233014563490260,2026-05-02,inactive,ad,,,,,0,,0,0,,,,,,,,,2026-05-02,2026-05-02
"[29.01.26][มิ้น] Unboxing หนังสือเล่มแรกของปี 2026 (Trap)",120243759076580260,2026-05-02,not_delivering,ad,,,,,0,,0,0,,,,,,,,,2026-05-02,2026-05-02
"[01.08.25][มิ้น] พอถึงจุดหนึ่งของชีวิต (Kiwtum)",120234209015410260,2026-05-02,inactive,ad,,,,,0,,0,0,,,,,,,,,2026-05-02,2026-05-02
"[10.05.25][มิ้น] เล่มนี้ทำให้เข้าใจดี (Embrace)",120228491715490260,2026-05-02,inactive,ad,,,,,0,,0,0,,,,,,,,,2026-05-02,2026-05-02
"[22.07.24] [มิ้น] ทำไมเราถึงชอบเอาตัวเองมาเปรียบเทียบกับคนอื่น (คาปิบาร่า_box set)",120214215023760260,2026-05-02,inactive,ad,,,,,0,,0,0,,,,,,,,,2026-05-02,2026-05-02
"[16.07.24] [มิ้น] Test พวงกุญแจ Pilot คลิป",120214070650930260,2026-05-02,not_delivering,ad,,,,,0,,0,0,,,,,,,,,2026-05-02,2026-05-02
"[03.07.24] [มิ้น] Unbox คาปิบาร่า โดนหลอก (คาปิบาร่า_box set)",120214132683640260,2026-05-02,not_delivering,ad,,,,,0,,0,0,,,,,,,,,2026-05-02,2026-05-02
"[12.07.24] [มิ้น] เกินไปป่ะ (คาปิบาร่า_box set)",120214132683630260,2026-05-02,not_delivering,ad,,,,,0,,0,0,,,,,,,,,2026-05-02,2026-05-02
"[12.07.24] [มิ้น] เกินไปป่ะ (คาปิบาร่า_box set)",120214132751180260,2026-05-02,inactive,ad,,,,,0,,0,0,,,,,,,,,2026-05-02,2026-05-02
"[03.07.24] [มิ้น] Unbox คาปิบาร่า โดนหลอก (คาปิบาร่า_box set)",120214132751190260,2026-05-02,inactive,ad,,,,,0,,0,0,,,,,,,,,2026-05-02,2026-05-02
"[18.07.24] [มิ้น] ความรักกับดอกไม้",120214137282180260,2026-05-02,not_delivering,ad,,,,,0,,0,0,,,,,,,,,2026-05-02,2026-05-02
"[12.07.24] [มิ้น] เกินไปป่ะ (คาปิบาร่า_box set)",120214191579950260,2026-05-02,inactive,ad,,,,,0,,0,0,,,,,,,,,2026-05-02,2026-05-02
"[03.07.24] [มิ้น] Unbox คาปิบาร่า โดนหลอก (คาปิบาร่า_box set)",120214191579940260,2026-05-02,inactive,ad,,,,,0,,0,0,,,,,,,,,2026-05-02,2026-05-02
"[24.07.24] [มิ้น] ดอกโครคัส",120214265953480260,2026-05-02,inactive,ad,,,,,0,,0,0,,,,,,,,,2026-05-02,2026-05-02
"[12.07.24] [มิ้น] เกินไปป่ะ (คาปิบาร่า_box set)",120214013182080260,2026-05-02,inactive,ad,,,,,0,,0,0,,,,,,,,,2026-05-02,2026-05-02
"[12.07.24] [มิ้น] เกินไปป่ะ (คาปิบาร่า_box set)",120214277940670260,2026-05-02,not_delivering,ad,,,,,0,,0,0,,,,,,,,,2026-05-02,2026-05-02
"[03.07.24] [มิ้น] Unbox คาปิบาร่า โดนหลอก (คาปิบาร่า_box set)",120214277940650260,2026-05-02,not_delivering,ad,,,,,0,,0,0,,,,,,,,,2026-05-02,2026-05-02
"[25.07.24] [มิ้น] เพื่อนใครชอบเทแบบนี้บ้าง (Payday)",120214292291060260,2026-05-02,not_delivering,ad,,,,,0,,0,0,,,,,,,,,2026-05-02,2026-05-02
"[25.07.24] [มิ้น] เพื่อนใครชอบเทแบบนี้บ้าง (Payday)",120214292374300260,2026-05-02,not_delivering,ad,,,,,0,,0,0,,,,,,,,,2026-05-02,2026-05-02
"[25.07.24] [มิ้น] เพื่อนใครชอบเทแบบนี้บ้าง (Payday)",120214323957810260,2026-05-02,not_delivering,ad,,,,,0,,0,0,,,,,,,,,2026-05-02,2026-05-02
"[25.07.24] [มิ้น] เพื่อนใครชอบเทแบบนี้บ้าง (Payday)",120214346663040260,2026-05-02,not_delivering,ad,,,,,0,,0,0,,,,,,,,,2026-05-02,2026-05-02
"[25.07.24] [มิ้น] เพื่อนใครชอบเทแบบนี้บ้าง (Payday)",120214346895380260,2026-05-02,not_delivering,ad,,,,,0,,0,0,,,,,,,,,2026-05-02,2026-05-02
"[12.07.24] [มิ้น] เกินไปป่ะ (คาปิบาร่า_box set)",120214367376790260,2026-05-02,not_delivering,ad,,,,,0,,0,0,,,,,,,,,2026-05-02,2026-05-02
"[06.07.24] [มิ้น] 7.7 โอกาสดีห้ามพลาด V.2 (โปรกล่องสุ่ม)",120214070630530260,2026-05-02,archived,ad,,,,,0,,0,0,,,,,,,,,2026-05-02,2026-05-02
"[12.07.24] [มิ้น] เกินไปป่ะ (คาปิบาร่า_box set)",120213991746770260,2026-05-02,inactive,ad,,,,,0,,0,0,,,,,,,,,2026-05-02,2026-05-02
"[25.07.24] [มิ้น] เพื่อนใครชอบเทแบบนี้บ้าง (Payday)",120214383289460260,2026-05-02,not_delivering,ad,,,,,0,,0,0,,,,,,,,,2026-05-02,2026-05-02
"[03.07.24] [มิ้น] ปล่อยให้ตัวเองเศร้าบ้างก็ได้",120213765907190260,2026-05-02,inactive,ad,,,,,0,,0,0,,,,,,,,,2026-05-02,2026-05-02
"[25.06.24] [มิ้น] สาวกห้ามพลาด! คาปิบาร่ามีกล่องสุ่มแล้ว (ไม่บอกราคา) (โปรกล่องสุ่ม)",120213577510910260,2026-05-02,not_delivering,ad,,,,,0,,0,0,,,,,,,,,2026-05-02,2026-05-02
"[25.06.24] [มิ้น] สาวกห้ามพลาด! คาปิบาร่ามีกล่องสุ่มแล้ว (ไม่บอกราคา) (โปรกล่องสุ่ม)",120213580361420260,2026-05-02,not_delivering,ad,,,,,0,,0,0,,,,,,,,,2026-05-02,2026-05-02
"[24.06.24] [มิ้น] 5 ประโยคปลดล็อค (ดอกไม้)",120213594298570260,2026-05-02,inactive,ad,,,,,0,,0,0,,,,,,,,,2026-05-02,2026-05-02
"[26.04.24] [มิ้น] 5 ประโยคฮีลใจ อ่านแล้วเลิกคิดมาก",120213603472720260,2026-05-02,inactive,ad,,,,,0,,0,0,,,,,,,,,2026-05-02,2026-05-02
"[26.04.24] [มิ้น] 5 ประโยคฮีลใจ อ่านแล้วเลิกคิดมาก",120213603573200260,2026-05-02,not_delivering,ad,,,,,0,,0,0,,,,,,,,,2026-05-02,2026-05-02
"[03.07.24] [มิ้น] Unbox คาปิบาร่า โดนหลอก (คาปิบาร่า_box set)",120213765025580260,2026-05-02,not_delivering,ad,,,,,0,,0,0,,,,,,,,,2026-05-02,2026-05-02
"[03.07.24] [มิ้น] Unbox คาปิบาร่า โดนหลอก (คาปิบาร่า_box set)",120213765037580260,2026-05-02,inactive,ad,,,,,0,,0,0,,,,,,,,,2026-05-02,2026-05-02
"[03.07.24] [มิ้น] ปล่อยให้ตัวเองเศร้าบ้างก็ได้",120213765897990260,2026-05-02,inactive,ad,,,,,0,,0,0,,,,,,,,,2026-05-02,2026-05-02
"[06.07.24] [มิ้น] 7.7 โอกาสดีห้ามพลาด V.2 (โปรกล่องสุ่ม)",120213845813070260,2026-05-02,inactive,ad,,,,,0,,0,0,,,,,,,,,2026-05-02,2026-05-02
"[12.07.24] [มิ้น] หนังสือฮีลใจที่ต้องมีสักเล่ม",120213959666680260,2026-05-02,inactive,ad,,,,,0,,0,0,,,,,,,,,2026-05-02,2026-05-02
"[06.07.24] [มิ้น] 7.7 โอกาสดีห้ามพลาด V.2 (โปรกล่องสุ่ม)",120213845827950260,2026-05-02,inactive,ad,,,,,0,,0,0,,,,,,,,,2026-05-02,2026-05-02
"[06.07.24] [มิ้น] 7.7 โอกาสดีห้ามพลาด V.2 (โปรกล่องสุ่ม)",120213845838780260,2026-05-02,inactive,ad,,,,,0,,0,0,,,,,,,,,2026-05-02,2026-05-02
"[06.07.24] [มิ้น] 7.7 โอกาสดีห้ามพลาด V.2 (โปรกล่องสุ่ม)",120213845900150260,2026-05-02,inactive,ad,,,,,0,,0,0,,,,,,,,,2026-05-02,2026-05-02
"[06.07.24] [มิ้น] 7.7 โอกาสดีห้ามพลาด V.2 (โปรกล่องสุ่ม)",120213846717150260,2026-05-02,archived,ad,,,,,0,,0,0,,,,,,,,,2026-05-02,2026-05-02
"[08.07.24] [มิ้น] ของขวัญสำหรับคนพิเศษ",120213886281030260,2026-05-02,inactive,ad,,,,,0,,0,0,,,,,,,,,2026-05-02,2026-05-02
"[03.07.24] [มิ้น] ปล่อยให้ตัวเองเศร้าบ้างก็ได้",120213918941180260,2026-05-02,inactive,ad,,,,,0,,0,0,,,,,,,,,2026-05-02,2026-05-02
"[08.07.24] [มิ้น] ของขวัญสำหรับคนพิเศษ",120213920982870260,2026-05-02,inactive,ad,,,,,0,,0,0,,,,,,,,,2026-05-02,2026-05-02
"[08.07.24] [มิ้น] ของขวัญสำหรับคนพิเศษ",120213949048490260,2026-05-02,inactive,ad,,,,,0,,0,0,,,,,,,,,2026-05-02,2026-05-02
"[03.07.24] [มิ้น] Unbox คาปิบาร่า โดนหลอก (คาปิบาร่า_box set)",120214367376780260,2026-05-02,not_delivering,ad,,,,,0,,0,0,,,,,,,,,2026-05-02,2026-05-02
"[24.06.24] [มิ้น] 5 ประโยคปลดล็อค (ดอกไม้)",120214399480140260,2026-05-02,inactive,ad,,,,,0,,0,0,,,,,,,,,2026-05-02,2026-05-02
"[24.06.24] [มิ้น] 5 ประโยคปลดล็อค (ดอกไม้)",120213556987210260,2026-05-02,inactive,ad,,,,,0,,0,0,,,,,,,,,2026-05-02,2026-05-02
"[29.01.26][มิ้น] Unboxing หนังสือเล่มแรกของปี 2026 (Trap)",120243835535440260,2026-05-02,not_delivering,ad,,,,,0,,0,0,,,,,,,,,2026-05-02,2026-05-02
"[22.10.25][มิ้น] เพราะในทุกความเกลียด (Remains)",120239461693600260,2026-05-02,not_delivering,ad,,,,,0,,0,0,,,,,,,,,2026-05-02,2026-05-02
"[16.10.25][มิ้น] หนังสือฮีลใจฮาโลวีน (Demons)",120238788809930260,2026-05-02,not_delivering,ad,,,,,0,,0,0,,,,,,,,,2026-05-02,2026-05-02
"[24.05.25][มิ้น] อ่านแล้วรู้สึกเหมือนได้ยกภูเขาออกจากอก (ปีศาจตัวนั้น)",120233470861380260,2026-05-02,not_delivering,ad,,,,,0,,0,0,,,,,,,,,2026-05-02,2026-05-02
"[13.11.25][มิ้น] โคตรจะชอบประโยคนี้เลย (Demons)",120240436963120260,2026-05-02,not_delivering,ad,,,,,0,,0,0,,,,,,,,,2026-05-02,2026-05-02
"[04.02.26][มิ้น] มนุษย์ที่เป็นคนดี (สัมภาษณ์หมอ) (Trap) (Sale)",120244552668900260,2026-05-02,not_delivering,ad,,,,,0,,0,0,,,,,,,,,2026-05-02,2026-05-02
"[14.03.26][มิ้น] ไม่ต้องอ่านให้จบเล่ม (Remains)",120245559167990260,2026-05-02,not_delivering,ad,,,,,0,,0,0,,,,,,,,,2026-05-02,2026-05-02
"[22.05.25][มิ้น] จะเป็นยังไง! เมื่อคนที่หมดแพชชัน  ต้องไปเป็นที่ปรึกษาให้เหล่าดวงวิญญาณ (Ghostly)",120244773004580260,2026-05-02,not_delivering,ad,,,,,0,,0,0,,,,,,,,,2026-05-02,2026-05-02
"[29.10.25][มิ้น] 2 หนังสือเรียกน้ำตา (Remains)",120240908987250260,2026-05-02,archived,ad,,,,,0,,0,0,,,,,,,,,2026-05-02,2026-05-02
"[22.01.26][มิ้น] 5 สิ่งที่ทำได้เลย (Trap)",120244313333920260,2026-05-02,not_delivering,ad,,,,,0,,0,0,,,,,,,,,2026-05-02,2026-05-02
"[02.06.25][มิ้น] รีแอค ขมิ้น (Ghostly)",120234317491320260,2026-05-02,not_delivering,ad,,,,,0,,0,0,,,,,,,,,2026-05-02,2026-05-02
"[29.03.26][มิ้น] เล่มลายเซ็นนักเขียนหมึกซึม (Ghostly) (Remains)",120246204770990260,2026-05-02,not_delivering,ad,,,,,0,,0,0,,,,,,,,,2026-05-02,2026-05-02
"[03.12.25][มิ้น] เล่มนี้ทำน้ำตาไหลหนักมาก (Ghostly)",120243414093590260,2026-05-02,inactive,ad,,,,,0,,0,0,,,,,,,,,2026-05-02,2026-05-02
"[24.12.25][มิ้น] ดวงสมพงษ์กัน (Witches)",120243923601290260,2026-05-02,not_delivering,ad,,,,,0,,0,0,,,,,,,,,2026-05-02,2026-05-02
"[13.04.26][มิ้น] Thankyou next (Remains)",120247075391790260,2026-05-02,inactive,ad,,,,,0,,0,0,,,,,,,,,2026-05-02,2026-05-02
"[19.11.24] [มิ้น] เพราะส่วนลึกที่สุดของทะเล (โอบกอด)",120217165807550260,2026-05-02,not_delivering,ad,,,,,0,,0,0,,,,,,,,,2026-05-02,2026-05-02
"[07.01.25] [มิ้น] มีประโยคนึงในหนังสือเล่มหนึ่ง (Kidmakk)",120218386112020260,2026-05-02,not_delivering,ad,,,,,0,,0,0,,,,,,,,,2026-05-02,2026-05-02
"[25.08.25][มิ้น] เราเช็กดวง (Witches)",120235633850060260,2026-05-02,inactive,ad,,,,,0,,0,0,,,,,,,,,2026-05-02,2026-05-02
"[14.07.25][มิ้น] 5 สัญญาณ Toxic (Ghostly)",120232760583400260,2026-05-02,inactive,ad,,,,,0,,0,0,,,,,,,,,2026-05-02,2026-05-02
"[03.09.25][มิ้น] หนังเล่มใหม่ที่อานแล้วน้ำตาซึม (Demons)",120236323055900260,2026-05-02,not_delivering,ad,,,,,0,,0,0,,,,,,,,,2026-05-02,2026-05-02
"[28.05.25][มิ้น] 3 สิ่งที่เล่มนี้อยากบอก (ปีศาจตัวนั้น)",120235808316590260,2026-05-02,not_delivering,ad,,,,,0,,0,0,,,,,,,,,2026-05-02,2026-05-02
"[31.07.24] [มิ้น] ฤดูที่ฉันเหงา (ปีศาจความรัก)",120214420705100260,2026-05-02,not_delivering,ad,,,,,0,,0,0,,,,,,,,,2026-05-02,2026-05-02
"[12.07.24] [มิ้น] เกินไปป่ะ (คาปิบาร่า_box set)",120214504149530260,2026-05-02,not_delivering,ad,,,,,0,,0,0,,,,,,,,,2026-05-02,2026-05-02
"[12.07.24] [มิ้น] เกินไปป่ะ (คาปิบาร่า_box set)",120214445025560260,2026-05-02,not_delivering,ad,,,,,0,,0,0,,,,,,,,,2026-05-02,2026-05-02
"[03.07.24] [มิ้น] Unbox คาปิบาร่า โดนหลอก (คาปิบาร่า_box set)",120214445216060260,2026-05-02,not_delivering,ad,,,,,0,,0,0,,,,,,,,,2026-05-02,2026-05-02
"[18.07.24] [มิ้น] ความรักกับดอกไม้",120214464520220260,2026-05-02,inactive,ad,,,,,0,,0,0,,,,,,,,,2026-05-02,2026-05-02
"[24.06.24] [มิ้น] 5 ประโยคปลดล็อค (ดอกไม้)",120214491444540260,2026-05-02,inactive,ad,,,,,0,,0,0,,,,,,,,,2026-05-02,2026-05-02
"[03.08.24] [มิ้น] ยกให้เป็นหนังสือในดวงใจ",120214492809050260,2026-05-02,inactive,ad,,,,,0,,0,0,,,,,,,,,2026-05-02,2026-05-02
"[18.07.24] [มิ้น] ความรักกับดอกไม้",120214503495400260,2026-05-02,not_delivering,ad,,,,,0,,0,0,,,,,,,,,2026-05-02,2026-05-02
"[24.07.24] [มิ้น] ดอกโครคัส",120214503500480260,2026-05-02,inactive,ad,,,,,0,,0,0,,,,,,,,,2026-05-02,2026-05-02
"[24.06.24] [มิ้น] 5 ประโยคปลดล็อค (ดอกไม้)",120214503503920260,2026-05-02,inactive,ad,,,,,0,,0,0,,,,,,,,,2026-05-02,2026-05-02
"[03.07.24] [มิ้น] Unbox คาปิบาร่า โดนหลอก (คาปิบาร่า_box set)",120214504149520260,2026-05-02,not_delivering,ad,,,,,0,,0,0,,,,,,,,,2026-05-02,2026-05-02
"[07.08.25][มิ้น] เล่มใหม่ล่าสุด (Tried)",120234507579240260,2026-05-02,not_delivering,ad,,,,,0,,0,0,,,,,,,,,2026-05-02,2026-05-02
"[05.08.24] [มิ้น] 8.8 บุฟเฟต์ ฮีลใจจัดให้",120214519321290260,2026-05-02,not_delivering,ad,,,,,0,,0,0,,,,,,,,,2026-05-02,2026-05-02
"[05.08.24] [มิ้น] 8.8 บุฟเฟต์ ฮีลใจจัดให้",120214519375190260,2026-05-02,not_delivering,ad,,,,,0,,0,0,,,,,,,,,2026-05-02,2026-05-02
"[05.08.24] [มิ้น] 8.8 บุฟเฟต์ ฮีลใจจัดให้",120214519474090260,2026-05-02,not_delivering,ad,,,,,0,,0,0,,,,,,,,,2026-05-02,2026-05-02
"[05.08.24] [มิ้น] 8.8 บุฟเฟต์ ฮีลใจจัดให้",120214519485710260,2026-05-02,not_delivering,ad,,,,,0,,0,0,,,,,,,,,2026-05-02,2026-05-02
"[11.02.25][มิ้น] สัมภาษณ์คุณปั๊ม คิ้วต่ำ (Kiwtum)",120221825820790260,2026-05-02,not_delivering,ad,,,,,0,,0,0,,,,,,,,,2026-05-02,2026-05-02
"[22.05.25][มิ้น] จะเป็นยังไง! เมื่อคนที่หมดแพชชัน  ต้องไปเป็นที่ปรึกษาให้เหล่าดวงวิญญาณ (Ghostly)",120232764653310260,2026-05-02,inactive,ad,,,,,0,,0,0,,,,,,,,,2026-05-02,2026-05-02
"[02.06.25][มิ้น] รีแอค ขมิ้น (Ghostly)",120238146231120260,2026-05-02,not_delivering,ad,,,,,0,,0,0,,,,,,,,,2026-05-02,2026-05-02
"[22.07.25][มิ้น] เล่มใหม่ออกมาอีกแล้ว (Tried)",120233014295290260,2026-05-02,inactive,ad,,,,,0,,0,0,,,,,,,,,2026-05-02,2026-05-02
"[24.06.24] [มิ้น] 5 ประโยคปลดล็อค (ดอกไม้)",120213557153170260,2026-05-02,inactive,ad,,,,,0,,0,0,,,,,,,,,2026-05-02,2026-05-02
"[18.06.67] [มิ้น] ประโยคฮีลใจดึงสติ 100% (ปีศาจความรัก_เล่มเดี่ยว)",120213472561420260,2026-05-02,not_delivering,ad,,,,,0,,0,0,,,,,,,,,2026-05-02,2026-05-02
"[13.10.25][มิ้น] น้ำตาคาเบ้า (ปีศาจตัวนั้น)",120238524286540260,2026-05-02,not_delivering,ad,,,,,0,,0,0,,,,,,,,,2026-05-02,2026-05-02
"[24.12.24] [มิ้น] Payday นี้รวมแพ็กฮีลใจเล่มใหม่ (Promotion_Payday)",120218077577840260,2026-05-02,not_delivering,ad,,,,,0,,0,0,,,,,,,,,2026-05-02,2026-05-02
"[22.05.25][มิ้น] จะเป็นยังไง! เมื่อคนที่หมดแพชชัน  ต้องไปเป็นที่ปรึกษาให้เหล่าดวงวิญญาณ (Ghostly)",120232623740920260,2026-05-02,not_delivering,ad,,,,,0,,0,0,,,,,,,,,2026-05-02,2026-05-02
"[21.09.24] [มิ้น] คนเราแตกสลายได้กี่ครั้ง",120216668872710260,2026-05-02,inactive,ad,,,,,0,,0,0,,,,,,,,,2026-05-02,2026-05-02
"[23.07.25][มิ้น] อ่านแล้วหายเหนื่อย (Tried)",120234550140960260,2026-05-02,archived,ad,,,,,0,,0,0,,,,,,,,,2026-05-02,2026-05-02
"[25.03.25][มิ้น] 5 ข้อคิด (Witches)",120222719344250260,2026-05-02,inactive,ad,,,,,0,,0,0,,,,,,,,,2026-05-02,2026-05-02
"[02.06.25][มิ้น] ฉลอง 100,000 เล่ม ปีศาจ (ปีศาจตัวนั้น)",120229861183850260,2026-05-02,not_delivering,ad,,,,,0,,0,0,,,,,,,,,2026-05-02,2026-05-02
"[11.02.25][มิ้น] ประโยคจากคุณปั๊ม คิ้วต่ำ (Kiwtum)",120219600417070260,2026-05-02,not_delivering,ad,,,,,0,,0,0,,,,,,,,,2026-05-02,2026-05-02
"[05.08.25][มิ้น] หนังสือบ้านหลังที่ 2 (Home)",120234400487010260,2026-05-02,not_delivering,ad,,,,,0,,0,0,,,,,,,,,2026-05-02,2026-05-02
"[03.09.25][มิ้น] เล่มใหม่ให้ 1000/100 (Demons) (QuickReply)",120236827515120260,2026-05-02,not_delivering,ad,,,,,0,,0,0,,,,,,,,,2026-05-02,2026-05-02
"[21.03.25][มิ้น] Unboxing newbook (Gift)",120222458416020260,2026-05-02,inactive,ad,,,,,0,,0,0,,,,,,,,,2026-05-02,2026-05-02
"[05.08.24] [มิ้น] 8.8 บุฟเฟต์ ฮีลใจจัดให้",120214559826080260,2026-05-02,not_delivering,ad,,,,,0,,0,0,,,,,,,,,2026-05-02,2026-05-02
"[11.06.25][มิ้น] ชายคนหนึ่งตกหลุมรักสาวใบ้ (Ghostly)",120230768994110260,2026-05-02,archived,ad,,,,,0,,0,0,,,,,,,,,2026-05-02,2026-05-02
"[22.09.25][มิ้น] เล่มใหม่ 1000/100 (Remains)",120237332588820260,2026-05-02,inactive,ad,,,,,0,,0,0,,,,,,,,,2026-05-02,2026-05-02
"[23.01.26][มิ้น] บางคนตายไป (Ghostly)",120243521808200260,2026-05-02,inactive,ad,,,,,0,,0,0,,,,,,,,,2026-05-02,2026-05-02
"[29.10.25][มิ้น] 2 หนังสือเรียกน้ำตา (Remains)",120240115682460260,2026-05-02,not_delivering,ad,,,,,0,,0,0,,,,,,,,,2026-05-02,2026-05-02
"[10.11.25][มิ้น] นี่คือสภาพ (Remains)",120240740054620260,2026-05-02,inactive,ad,,,,,0,,0,0,,,,,,,,,2026-05-02,2026-05-02
"[14.07.25][มิ้น] ประโยคก่อนนอน 2 (Kiwtum)",120234400405690260,2026-05-02,inactive,ad,,,,,0,,0,0,,,,,,,,,2026-05-02,2026-05-02
"[22.05.25][มิ้น] 5 ข้อคิด (Ghostly)",120236604849130260,2026-05-02,not_delivering,ad,,,,,0,,0,0,,,,,,,,,2026-05-02,2026-05-02
"[03.12.25][มิ้น] เล่มนี้ทำน้ำตาไหลหนักมาก (Ghostly)",120243289614690260,2026-05-02,inactive,ad,,,,,0,,0,0,,,,,,,,,2026-05-02,2026-05-02
"[20.01.25][Garden_Boxset][มิ้น][VDO] 5 ประโยคปลดล็อค",120218619152640260,2026-05-02,inactive,ad,,,,,0,,0,0,,,,,,,,,2026-05-02,2026-05-02
"[22.02.25][มิ้น] 5 เทคนิค Manifest (Million)",120221418779260260,2026-05-02,inactive,ad,,,,,0,,0,0,,,,,,,,,2026-05-02,2026-05-02
"[08.10.25][มิ้น] Unpack ปีศาจตัวนั้นคือฉันเอง 2 (Demons)",120240179530980260,2026-05-02,not_delivering,ad,,,,,0,,0,0,,,,,,,,,2026-05-02,2026-05-02
"[11.03.25][มิ้น] แนะนำฮีลใจ 5 เล่ม ตามจาก #Books (Engage)",120221886103830260,2026-05-02,inactive,ad,,,,,0,,0,0,,,,,,,,,2026-05-02,2026-05-02
"[03.03.26][มิ้น] ไม่เคยร้องไห้กับหนังสือจนมาเจอ 2 เล่มนี้ (Ghostly) (Remains)",120246513533230260,2026-05-02,not_delivering,ad,การสนทนาผ่านการส่งข้อความที่เริ่มขึ้น,,,,0,,0,0,,,,,,,,,2026-05-02,2026-05-02
"[29.10.25][มิ้น] 2 หนังสือเรียกน้ำตา (Remains)",120239541619430260,2026-05-02,inactive,ad,,,,,0,,0,0,,,,,,,,,2026-05-02,2026-05-02
"[06.12.24] [มิ้น] สวัสดีธันวาคมเดือนสิบสอง (เซตสวน)",120217605954150260,2026-05-02,inactive,ad,,,,,0,,0,0,,,,,,,,,2026-05-02,2026-05-02
"[02.01.24] [มิ้น] เวลาที่คุณรู้สึกเศร้า (Embrace)",120218296869390260,2026-05-02,not_delivering,ad,,,,,0,,0,0,,,,,,,,,2026-05-02,2026-05-02
"[08.04.26][มิ้น] นี่คือสิ่งที่กำลังเกิดขึ้นกับคุณ (Witches)",120246834550470260,2026-05-02,inactive,ad,,,,,0,,0,0,,,,,,,,,2026-05-02,2026-05-02
"[02.11.24] [มิ้น] ความไม่สมบูรณ์แบบของเรา (โอบกอด)",120216749526710260,2026-05-02,not_delivering,ad,,,,,0,,0,0,,,,,,,,,2026-05-02,2026-05-02
"[22.05.25][มิ้น] หนังสือใหม่ออกมาอีกละ!!! (Ghostly)",120229087924590260,2026-05-02,inactive,ad,,,,,0,,0,0,,,,,,,,,2026-05-02,2026-05-02
"[12.11.25][มิ้น] คนที่แอบชอบ (Remains)",120240333954200260,2026-05-02,inactive,ad,,,,,0,,0,0,,,,,,,,,2026-05-02,2026-05-02
"[11.02.25][มิ้น] Unboxing new book (Kiwtum)",120219806772650260,2026-05-02,archived,ad,,,,,0,,0,0,,,,,,,,,2026-05-02,2026-05-02
"[23.10.24] [มิ้น] โดนตกจากประโยคหลังปก (Life)",120216535120880260,2026-05-02,not_delivering,ad,,,,,0,,0,0,,,,,,,,,2026-05-02,2026-05-02
"[07.08.25][มิ้น] เล่มใหม่ล่าสุด (Tried)",120234612916200260,2026-05-02,inactive,ad,,,,,0,,0,0,,,,,,,,,2026-05-02,2026-05-02
"[25.08.25][มิ้น] เราเช็กดวง (Witches)",120235634316360260,2026-05-02,inactive,ad,,,,,0,,0,0,,,,,,,,,2026-05-02,2026-05-02
"[29.10.25][มิ้น] 2 หนังสือเรียกน้ำตา (Remains)",120240333892650260,2026-05-02,inactive,ad,,,,,0,,0,0,,,,,,,,,2026-05-02,2026-05-02
"[21.01.25] [มิ้น] 5 ข้อคิด (Home)",120219261867080260,2026-05-02,not_delivering,ad,,,,,0,,0,0,,,,,,,,,2026-05-02,2026-05-02
"[21.01.25] [มิ้น] สถานที่ที่ปลอดภัยที่สุด (Home)",120218670228450260,2026-05-02,not_delivering,ad,,,,,0,,0,0,,,,,,,,,2026-05-02,2026-05-02
"[21.04.25][มิ้น] ดวงของคุณวันนี้? (Witches)",120226536539180260,2026-05-02,inactive,ad,,,,,0,,0,0,,,,,,,,,2026-05-02,2026-05-02
"[18.11.24] [มิ้น] เมื่อไหร่ที่รู้สึกผิดหวังกับชีวิต (ปีศาจ)",120217129597620260,2026-05-02,not_delivering,ad,,,,,0,,0,0,,,,,,,,,2026-05-02,2026-05-02
"[11.02.25][มิ้น] Unboxing new book (Kiwtum)",120219599958130260,2026-05-02,inactive,ad,,,,,0,,0,0,,,,,,,,,2026-05-02,2026-05-02
"[03.09.25][มิ้น] Unboxing New Books (Demons)",120235860056250260,2026-05-02,inactive,ad,,,,,0,,0,0,,,,,,,,,2026-05-02,2026-05-02
"[19.10.25][มิ้น] คำพูดคนที่รักเจ็บที่สุด (Demons)",120238954845020260,2026-05-02,not_delivering,ad,,,,,0,,0,0,,,,,,,,,2026-05-02,2026-05-02
"[18.06.67] [มิ้น] ประโยคฮีลใจดึงสติ 100% (ปีศาจความรัก_เล่มเดี่ยว)",120213472242120260,2026-05-02,inactive,ad,,,,,0,,0,0,,,,,,,,,2026-05-02,2026-05-02
"[22.05.25][มิ้น] จะเป็นยังไง! เมื่อคนที่หมดแพชชัน  ต้องไปเป็นที่ปรึกษาให้เหล่าดวงวิญญาณ (Ghostly)",120229091502600260,2026-05-02,inactive,ad,,,,,0,,0,0,,,,,,,,,2026-05-02,2026-05-02
"[25.02.25][มิ้น] ทำไม 2 เล่มนี้ถึงได้รางวัล (Promotion_Pack)",120220872084900260,2026-05-02,not_delivering,ad,,,,,0,,0,0,,,,,,,,,2026-05-02,2026-05-02
"[22.02.25][มิ้น] 5 เทคนิค Manifest (Million)",120220584329090260,2026-05-02,inactive,ad,,,,,0,,0,0,,,,,,,,,2026-05-02,2026-05-02
"[11.02.25][มิ้น] สัมภาษณ์คุณปั๊ม คิ้วต่ำ (Kiwtum)",120225138048680260,2026-05-02,inactive,ad,,,,,0,,0,0,,,,,,,,,2026-05-02,2026-05-02
"[23.06.25][มิ้น] พื้นที่ที่แบ่งปันความสุขและความทุกข์ (Embrace)",120231822472990260,2026-05-02,archived,ad,,,,,0,,0,0,,,,,,,,,2026-05-02,2026-05-02
"[01.08.25][มิ้น] ผิดหวังก็สมหวังได้ (Witches)",120234868915480260,2026-05-02,not_delivering,ad,,,,,0,,0,0,,,,,,,,,2026-05-02,2026-05-02
"[11.06.25][มิ้น] นักสู้ที่เก่งที่สุด (ปีศาจตัวนั้น)",120230527723930260,2026-05-02,inactive,ad,,,,,0,,0,0,,,,,,,,,2026-05-02,2026-05-02
"[11.02.25][มิ้น] 5 ข้อคิด (Kiwtum)",120219598753540260,2026-05-02,inactive,ad,,,,,0,,0,0,,,,,,,,,2026-05-02,2026-05-02
"[11.02.25][มิ้น] Unboxing new book (Kiwtum)",120219599908730260,2026-05-02,inactive,ad,,,,,0,,0,0,,,,,,,,,2026-05-02,2026-05-02
"[29.08.25][มิ้น] หนังสือเล่มนี้อยากบอกคุณว่า (Ghost)",120235858364930260,2026-05-02,not_delivering,ad,,,,,0,,0,0,,,,,,,,,2026-05-02,2026-05-02
"[11.02.25][มิ้น] Unboxing new book (Kiwtum)",120219809847300260,2026-05-02,not_delivering,ad,,,,,0,,0,0,,,,,,,,,2026-05-02,2026-05-02
"[04.06.24] เปิดตัวปีศาจความรัก น้องมิ้น",120213010036900260,2026-05-02,not_delivering,ad,,,,,0,,0,0,,,,,,,,,2026-05-02,2026-05-02
"[03.06.24][มิ้น] บางครั้งความผิดพลาด อาจสอนอะไรเราบางอย่าง (คาปิบาร่า_box set) (เริ่มยิงใหม่ 11 June 24)",120213200732480260,2026-05-02,not_delivering,ad,,,,,0,,0,0,,,,,,,,,2026-05-02,2026-05-02
"[18.06.24] [มิ้น] เปิดตัวปีศาจความรัก (ปีศาจความรัก_เล่มเดี่ยว)",120213393189060260,2026-05-02,inactive,ad,,,,,0,,0,0,,,,,,,,,2026-05-02,2026-05-02
"[18.06.67] [มิ้น] ประโยคฮีลใจดึงสติ 100% (ปีศาจความรัก_เล่มเดี่ยว)",120213397635530260,2026-05-02,inactive,ad,,,,,0,,0,0,,,,,,,,,2026-05-02,2026-05-02
"[19.06.24] [มิ้น] 5 ประโยค เปลี่ยนความคิดในเรื่องความสัมพันธ์",120213423221630260,2026-05-02,inactive,ad,,,,,0,,0,0,,,,,,,,,2026-05-02,2026-05-02
"[21.06.24] [มิ้น] พาบุกร้านหนังสือ",120213471855760260,2026-05-02,inactive,ad,,,,,0,,0,0,,,,,,,,,2026-05-02,2026-05-02
"[21.06.24] [มิ้น] พาบุกร้านหนังสือ",120213472019280260,2026-05-02,not_delivering,ad,,,,,0,,0,0,,,,,,,,,2026-05-02,2026-05-02
"[18.06.24] [มิ้น] เปิดตัวปีศาจความรัก (ปีศาจความรัก_เล่มเดี่ยว)",120213472548450260,2026-05-02,not_delivering,ad,,,,,0,,0,0,,,,,,,,,2026-05-02,2026-05-02
"[21.01.25] [มิ้น] Unboxing หนังสือฮีลใจเล่มใหม่ 2025 (Home)",120218671476840260,2026-05-02,inactive,ad,,,,,0,,0,0,,,,,,,,,2026-05-02,2026-05-02
"[24.01.25] [มิ้น] PAYDAY นี้ จ่าย 1 ได้ถึง 5 (Promotion_Payday)",120218920155980260,2026-05-02,not_delivering,ad,,,,,0,,0,0,,,,,,,,,2026-05-02,2026-05-02
"[17.02.26][มิ้น] 20 เล่มลายเซ็น (Trap)",120247161076180260,2026-05-02,not_delivering,ad,,,,,0,,0,0,,,,,,,,,2026-05-02,2026-05-02
"[17.02.26][มิ้น] 20 เล่มลายเซ็น (Trap)",120247408900190260,2026-05-02,not_delivering,ad,,,,,0,,0,0,,,,,,,,,2026-05-02,2026-05-02
"[02.04.26][มิ้น] อย่าปล่อยให้อีโก้ (Trap)",120247408900270260,2026-05-02,not_delivering,ad,,,,,0,,0,0,,,,,,,,,2026-05-02,2026-05-02
"[03.09.25][มิ้น] หนังเล่มใหม่ที่อานแล้วน้ำตาซึม (Demons)",120235859358580260,2026-05-02,inactive,ad,,,,,0,,0,0,,,,,,,,,2026-05-02,2026-05-02
"[09.09.25][มิ้น] ประโยคนี้เตือนสติ (Witches)",120236603005580260,2026-05-02,archived,ad,,,,,0,,0,0,,,,,,,,,2026-05-02,2026-05-02
"[03.09.25][มิ้น] อยากให้ทุกคนอ่าน (Ghostly)",120238146231070260,2026-05-02,not_delivering,ad,,,,,0,,0,0,,,,,,,,,2026-05-02,2026-05-02
"[05.03.26][มิ้น] คลิปสัมภาษณ์ MAY-I ปริมาณของเพื่อนไม่สำคัญเท่าคุณภาพ (Witches)",120245170351250260,2026-05-02,not_delivering,ad,,,,,0,,0,0,,,,,,,,,2026-05-02,2026-05-02
"[03.12.25][มิ้น] น้ำตาซึมไปหลายวัน (Remains)",120244259802860260,2026-05-02,not_delivering,ad,,,,,0,,0,0,,,,,,,,,2026-05-02,2026-05-02
"[13.01.26][มิ้น] อย่าให้คนคนเดียว (Embrace) (Reels)",120243131312450260,2026-05-02,not_delivering,ad,,,,,0,,0,0,,,,,,,,,2026-05-02,2026-05-02
"[11.06.25][มิ้น] ชายคนหนึ่งตกหลุมรักสาวใบ้ (Ghostly)",120231947093860260,2026-05-02,not_delivering,ad,,,,,0,,0,0,,,,,,,,,2026-05-02,2026-05-02
"[28.11.24] [มิ้น] ความสมบูรณ์แบบ (ที่ไม่มีอยู่จริง) (คาปิบาร่า_Boxset)",120217380972860260,2026-05-02,not_delivering,ad,,,,,0,,0,0,,,,,,,,,2026-05-02,2026-05-02
"[11.02.25][มิ้น] ประโยคจากคุณปั๊ม คิ้วต่ำ (Kiwtum)",120219600040490260,2026-05-02,inactive,ad,,,,,0,,0,0,,,,,,,,,2026-05-02,2026-05-02
"[16.01.25] [มิ้น] ข่าวด่วนจนต้องบุก“นายอินทร์” (Promotion_Pack)",120218663160130260,2026-05-02,not_delivering,ad,,,,,0,,0,0,,,,,,,,,2026-05-02,2026-05-02
"[17.12.24] [มิ้น] แนะนำหนังสือสำหรับลูก (Helmet_Boxset)",120217877075060260,2026-05-02,not_delivering,ad,,,,,0,,0,0,,,,,,,,,2026-05-02,2026-05-02
"[28.12.24] [มิ้น] ลดใหญ่ส่งท้ายปี (Capyabara_Boxset)",120218221767120260,2026-05-02,inactive,ad,,,,,0,,0,0,,,,,,,,,2026-05-02,2026-05-02
"[23.05.25][มิ้น] Payday May (Promotion_Payday)",120229513903520260,2026-05-02,inactive,ad,,,,,0,,0,0,,,,,,,,,2026-05-02,2026-05-02
"[09.11.24] [มิ้น] เราทุกคนต่างไม่มีใครสมบูรณ์แบบ (โอบกอด)",120216908629980260,2026-05-02,not_delivering,ad,,,,,0,,0,0,,,,,,,,,2026-05-02,2026-05-02
"[15.10.24] [มิ้น] จุดเปลี่ยนของชีวิต (Life)",120216535120860260,2026-05-02,inactive,ad,,,,,0,,0,0,,,,,,,,,2026-05-02,2026-05-02
"[19.02.25][มิ้น] 5 ประโยค เปลี่ยนชีวิต (Kidmakk)",120220278011100260,2026-05-02,inactive,ad,,,,,0,,0,0,,,,,,,,,2026-05-02,2026-05-02
"[16.01.25][VDO][มิ้น][Garden_เล่มเดี่ยว] ความรักกับดอกไม้",120218617745560260,2026-05-02,inactive,ad,,,,,0,,0,0,,,,,,,,,2026-05-02,2026-05-02
"[04.02.26][มิ้น] มนุษย์ที่เป็นคนดี (สัมภาษณ์หมอ) (Trap)",120244520939380260,2026-05-02,inactive,ad,,,,,0,,0,0,,,,,,,,,2026-05-02,2026-05-02
"[22.09.25][มิ้น] Boxset เปลี่ยนความทุกข์ (Witches)",120237917604970260,2026-05-02,not_delivering,ad,,,,,0,,0,0,,,,,,,,,2026-05-02,2026-05-02
"[20.01.25][Garden_Boxset][มิ้น][VDO] 5 ประโยคปลดล็อค",120219201677710260,2026-05-02,inactive,ad,,,,,0,,0,0,,,,,,,,,2026-05-02,2026-05-02
"[02.06.25][มิ้น] รีแอค ขมิ้น (Ghostly)",120232158719460260,2026-05-02,inactive,ad,,,,,0,,0,0,,,,,,,,,2026-05-02,2026-05-02
"[23.01.26][มิ้น] หนังสือที่อยากให้อ่าน 2026 (Ghostly)",120243521687280260,2026-05-02,inactive,ad,,,,,0,,0,0,,,,,,,,,2026-05-02,2026-05-02
"[15.03.26][มิ้น] การรักษาซึมเศร้าไม่ใช่แค่เรื่องยา (Trap)",120245621584290260,2026-05-02,not_delivering,ad,,,,,0,,0,0,,,,,,,,,2026-05-02,2026-05-02
"[18.04.25][มิ้น] ก่อนนอน อยากให้คุณได้อ่าน (Kiwtum)",120226165931670260,2026-05-02,inactive,ad,,,,,0,,0,0,,,,,,,,,2026-05-02,2026-05-02
"[10.11.25][มิ้น] ป้ายยาหนังสือ 7 เล่ม (E-Book)",120244056423010260,2026-05-02,not_delivering,ad,,,,,0,,0,0,,,,,,,,,2026-05-02,2026-05-02
"[11.03.26][มิ้น] รี stock เล่มลายเซ็นนักเขียนเมไอ (Witches)",120245836368320260,2026-05-02,not_delivering,ad,,,,,0,,0,0,,,,,,,,,2026-05-02,2026-05-02
"[03.03.26][มิ้น] ไม่เคยร้องไห้กับหนังสือจนมาเจอ 2 เล่มนี้ (Ghostly) (Remains)",120246510803810260,2026-05-02,not_delivering,ad,,,,,0,,0,0,,,,,,,,,2026-05-02,2026-05-02
"[25.07.25][มิ้น] ฮีลใจวัยทำงาน (Tried) (Reels)",120243521024670260,2026-05-02,not_delivering,ad,,,,,0,,0,0,,,,,,,,,2026-05-02,2026-05-02
"[06.08.25][มิ้น] วันไหนไม่ไหว แวะมาอ่าน (Tried)",120234430079930260,2026-05-02,not_delivering,ad,,,,,0,,0,0,,,,,,,,,2026-05-02,2026-05-02
"[06.02.26][มิ้น] รักกันอยู่ แต่ไม่เห็นอนาคตร่วมกัน (Garden)",120244056248970260,2026-05-02,not_delivering,ad,,,,,0,,0,0,,,,,,,,,2026-05-02,2026-05-02
"[21.09.24] [มิ้น] คนเราแตกสลายได้กี่ครั้ง",120215723624310260,2026-05-02,not_delivering,ad,,,,,0,,0,0,,,,,,,,,2026-05-02,2026-05-02
"[25.07.25][มิ้น] หนังสือฮีลใจที่คุ้มที่สุด (Witches)",120233549905270260,2026-05-02,inactive,ad,,,,,0,,0,0,,,,,,,,,2026-05-02,2026-05-02
"[12.09.25][มิ้น] 5 สัญญาณเหนื่อย (Tried)",120236685205440260,2026-05-02,inactive,ad,,,,,0,,0,0,,,,,,,,,2026-05-02,2026-05-02
"[08.10.25][มิ้น] Unpack ปีศาจตัวนั้นคือฉันเอง 2 (Demons) (Reels)",120243296790840260,2026-05-02,not_delivering,ad,,,,,0,,0,0,,,,,,,,,2026-05-02,2026-05-02
"[19.09.25][มิ้น] จากกระแส 1000/100 (Remains)",120238230841820260,2026-05-02,inactive,ad,,,,,0,,0,0,,,,,,,,,2026-05-02,2026-05-02
"[03.09.25][มิ้น] จากเล่ม 1 สู่เล่ม 2 (Demons)",120236620456560260,2026-05-02,not_delivering,ad,,,,,0,,0,0,,,,,,,,,2026-05-02,2026-05-02
"[01.03.26][มิ้น] รี stock เล่มลายเซ็นหมอทานตะวัน (สัมภาษณ์หมอ) (Trap) (Cross Page)",120245665638770260,2026-05-02,not_delivering,ad,,,,,0,,0,0,,,,,,,,,2026-05-02,2026-05-02
"[04.02.26][มิ้น] มนุษย์ที่เป็นคนดี (สัมภาษณ์หมอ) (Trap)",120244313790350260,2026-05-02,not_delivering,ad,,,,,0,,0,0,,,,,,,,,2026-05-02,2026-05-02
"[29.10.25][มิ้น] 2 หนังสือเรียกน้ำตา (Remains)",120243287811430260,2026-05-02,inactive,ad,,,,,0,,0,0,,,,,,,,,2026-05-02,2026-05-02
"[13.05.25][มิ้น] ปัญหาเหล่านี้จะหายไป (Witches)",120228641592940260,2026-05-02,inactive,ad,,,,,0,,0,0,,,,,,,,,2026-05-02,2026-05-02
"[09.04.25][มิ้น] วันจันทร์ คือวันที่ดีที่สุดของสัปดาห์ (Capybara_Boxset)",120225152499990260,2026-05-02,inactive,ad,,,,,0,,0,0,,,,,,,,,2026-05-02,2026-05-02
"[03.12.25][มิ้น] เล่มนี้ทำน้ำตาไหลหนักมาก (Ghostly)",120242967730660260,2026-05-02,not_delivering,ad,,,,,0,,0,0,,,,,,,,,2026-05-02,2026-05-02
"[25.03.25][มิ้น] ประโยคหลังปก คุณปั๊ม (Kiwtum)",120222716989430260,2026-05-02,inactive,ad,,,,,0,,0,0,,,,,,,,,2026-05-02,2026-05-02
"[21.03.25][มิ้น] สัมภาษณ์คุณบุ๋ม (Gift)",120222451522500260,2026-05-02,inactive,ad,,,,,0,,0,0,,,,,,,,,2026-05-02,2026-05-02
"[07.11.25][มิ้น] เป็นหนังสือรวมประโยค (Tried)",120240097800200260,2026-05-02,not_delivering,ad,,,,,0,,0,0,,,,,,,,,2026-05-02,2026-05-02
"[21.12.24] [มิ้น] สัมภาษณ์คุณคิดมาก (kidmakk)",120217962083710260,2026-05-02,inactive,ad,,,,,0,,0,0,,,,,,,,,2026-05-02,2026-05-02
"[16.01.25][VDO][มิ้น][Garden_เล่มเดี่ยว] ความรักกับดอกไม้",120220348271610260,2026-05-02,archived,ad,,,,,0,,0,0,,,,,,,,,2026-05-02,2026-05-02
"[12.03.25] [มิ้น] มีบทความจากหนังสือเล่มหนึ่งเขาบอกไว้ว่า (Kiwtum)",120221885583080260,2026-05-02,inactive,ad,,,,,0,,0,0,,,,,,,,,2026-05-02,2026-05-02
"[02.06.25][มิ้น] ถ้าแกพร้อมที่จะรักตัวเอง (ปีศาจตัวนั้น)",120229839125360260,2026-05-02,not_delivering,ad,,,,,0,,0,0,,,,,,,,,2026-05-02,2026-05-02
"[11.03.26][มิ้น] ฉันจะมีชีวิตที่ดี (Kidmakk)",120245719302350260,2026-05-02,not_delivering,ad,,,,,0,,0,0,,,,,,,,,2026-05-02,2026-05-02
"[29.10.25][มิ้น] 2 หนังสือเรียกน้ำตา (Remains)",120239979952550260,2026-05-02,not_delivering,ad,,,,,0,,0,0,,,,,,,,,2026-05-02,2026-05-02
"[02.01.25] [มิ้น] หนังสือฮีลใจเล่มใหม่ (Kidmakk)",120218298909310260,2026-05-02,not_delivering,ad,,,,,0,,0,0,,,,,,,,,2026-05-02,2026-05-02
"[11.02.25][มิ้น] สัมภาษณ์คุณปั๊ม คิ้วต่ำ (Kiwtum)",120221795858640260,2026-05-02,not_delivering,ad,,,,,0,,0,0,,,,,,,,,2026-05-02,2026-05-02
"[11.06.25][มิ้น] ชายคนหนึ่งตกหลุมรักสาวใบ้ (Ghostly)",120230536395330260,2026-05-02,inactive,ad,,,,,0,,0,0,,,,,,,,,2026-05-02,2026-05-02
"[03.12.25][มิ้น] โลกใจร้ายมามากพอแล้ว (Witches)",120241544545810260,2026-05-02,inactive,ad,,,,,0,,0,0,,,,,,,,,2026-05-02,2026-05-02
"[07.03.25][มิ้น] สัมภาษณ์คุณเม เล่มใหม่ล่าสุด (Witches)",120221521304100260,2026-05-02,inactive,ad,,,,,0,,0,0,,,,,,,,,2026-05-02,2026-05-02
"[22.03.26][มิ้น] มีประโยคหนึ่งในหนังสือ (Witches)",120246834180810260,2026-05-02,inactive,ad,การสนทนาผ่านการส่งข้อความที่เริ่มขึ้น,,,,0,,0,0,,,,,,,,,2026-05-02,2026-05-02
"[07.03.25][มิ้น] สัมภาษณ์คุณเม เล่มใหม่ล่าสุด (Witches)",120221597120640260,2026-05-02,inactive,ad,,,,,0,,0,0,,,,,,,,,2026-05-02,2026-05-02
"[03.09.25][มิ้น] จากเล่ม 1 สู่เล่ม 2 (Demons)",120236323500690260,2026-05-02,inactive,ad,,,,,0,,0,0,,,,,,,,,2026-05-02,2026-05-02
"[24.03.25][มิ้น] 5 ข้อคิดที่ได้จากหนังสือ (Gift)",120222717921410260,2026-05-02,inactive,ad,,,,,0,,0,0,,,,,,,,,2026-05-02,2026-05-02
"[01.08.25][มิ้น] ผิดหวังก็สมหวังได้ (Witches)",120234375496690260,2026-05-02,inactive,ad,,,,,0,,0,0,,,,,,,,,2026-05-02,2026-05-02
"[24.04.26][มิ้น] หนังสือเล่มนี้ทำให้เลิกโทษตัวเองได้จริง (Trap)",120247710400280260,2026-05-02,not_delivering,ad,การสนทนาผ่านการส่งข้อความที่เริ่มขึ้น,,,,0,,0,0,,,,,,,,,2026-05-02,2026-05-02
"[24.02.26][มิ้น] แมวที่เก็บมาเลี้ยงหายไป (Ghostly)",120244781189960260,2026-05-02,not_delivering,ad,,,,,0,,0,0,,,,,,,,,2026-05-02,2026-05-02
"[25.11.25][มิ้น] เมื่อไหร่ที่คุณเหนื่อย : Tried (E-Book)",120241049511790260,2026-05-02,inactive,ad,,,,,0,,0,0,,,,,,,,,2026-05-02,2026-05-02
"[10.04.26][มิ้น] ยิ่งใกล้ ยิ่งห่าง (Ghostly)",120246840895590260,2026-05-02,inactive,ad,,,,,0,,0,0,,,,,,,,,2026-05-02,2026-05-02
"[16.10.25][มิ้น] ให้เปิดเล่มนี้เตือนสติ (Remains)",120239982076470260,2026-05-02,inactive,ad,,,,,0,,0,0,,,,,,,,,2026-05-02,2026-05-02
"[04.10.24] [มิ้น] ถ้าวันนี้เป็นวันสุดท้าย คุณจะทำอะไร? (Ghost)",120216788294810260,2026-05-02,inactive,ad,,,,,0,,0,0,,,,,,,,,2026-05-02,2026-05-02
"[23.01.26][มิ้น] บางคนตายไป (Ghostly)",120243771709320260,2026-05-02,not_delivering,ad,,,,,0,,0,0,,,,,,,,,2026-05-02,2026-05-02
"[05.03.26][มิ้น] เพราะพรุ่งนี้ที่รออาจจะมาไม่ถึง (Kiwtum)",120247248201540260,2026-05-02,not_delivering,ad,"การซื้อบน Meta",,,,192.2,,2648,2512,,2,96.1,,7,7.74169184,72.58308157,0,2026-05-02,2026-05-02
"[12.02.26][มิ้น] คนดีชอบแบกความคาดหวัง (สัมภาษณ์หมอ) (Trap)",120244268248610260,2026-05-02,not_delivering,ad,,,,,0,,0,0,,,,,,,,,2026-05-02,2026-05-02
"[07.03.25][มิ้น] สัมภาษณ์คุณเม เล่มใหม่ล่าสุด (Witches)",120221521353780260,2026-05-02,inactive,ad,,,,,0,,0,0,,,,,,,,,2026-05-02,2026-05-02
"[02.04.26][มิ้น] อย่าปล่อยให้อีโก้ (Trap)",120246783120900260,2026-05-02,not_delivering,ad,การสนทนาผ่านการส่งข้อความที่เริ่มขึ้น,,,,0,,0,0,,,,,,,,,2026-05-02,2026-05-02
"[04.02.26][มิ้น] มนุษย์ที่เป็นคนดี (สัมภาษณ์หมอ) (Trap)",120245970586480260,2026-05-02,not_delivering,ad,,,,,0,,0,0,,,,,,,,,2026-05-02,2026-05-02
"[23.07.25][มิ้น] อ่านแล้วหายเหนื่อย (Tried)",120234552010590260,2026-05-02,not_delivering,ad,,,,,0,,0,0,,,,,,,,,2026-05-02,2026-05-02
"[20.08.25][มิ้น] ไม่เคยคิดว่าแค่หนังสือเล่มเดียว (Ghostly)",120235312593640260,2026-05-02,not_delivering,ad,,,,,0,,0,0,,,,,,,,,2026-05-02,2026-05-02
"[01.03.26][มิ้น] รี stock เล่มลายเซ็นหมอทานตะวัน (สัมภาษณ์หมอ) (Trap) (Cross Page)",120248305790030260,2026-05-02,not_delivering,ad,การสนทนาผ่านการส่งข้อความที่เริ่มขึ้น,,,,0,,0,0,,,,,,,,,2026-05-02,2026-05-02
"[25.04.26][มิ้น] คนที่ควรเปิดเล่มนี้อ่าน (Ghostly)",120247726759070260,2026-05-02,not_delivering,ad,การสนทนาผ่านการส่งข้อความที่เริ่มขึ้น,,,,0,,0,0,,,,,,,,,2026-05-02,2026-05-02
"[04.05.26][มิ้น] ภาวะสิ้นยินดี (Trap)",120248372838920260,2026-05-02,active,ad,การสนทนาผ่านการส่งข้อความที่เริ่มขึ้น,,,,0,,0,0,,,,,,,,,2026-05-02,2026-05-02
"[04.02.26][มิ้น] มนุษย์ที่เป็นคนดี (สัมภาษณ์หมอ) (Trap)",120247171027410260,2026-05-02,not_delivering,ad,,,,,0,,0,0,,,,,,,,,2026-05-02,2026-05-02
"[03.03.26][มิ้น] ไม่เคยร้องไห้กับหนังสือจนมาเจอ 2 เล่มนี้ (Ghostly) (Remains)",120245714120340260,2026-05-02,not_delivering,ad,,,,,0,,0,0,,,,,,,,,2026-05-02,2026-05-02
"[14.03.26][มิ้น] หยุดด่าตัวเอง (Ghostly)",120245712887810260,2026-05-02,not_delivering,ad,,,,,0,,0,0,,,,,,,,,2026-05-02,2026-05-02
"[24.07.25][มิ้น] นี่ไม่ใช่แค่ไพ่ดูดวง (Witches)",120234069021910260,2026-05-02,inactive,ad,,,,,0,,0,0,,,,,,,,,2026-05-02,2026-05-02
"[22.08.25][มิ้น] รีสต็อกแล้ว รีบสั่งก่อนหมด (Ghostly)",120235451685710260,2026-05-02,not_delivering,ad,,,,,0,,0,0,,,,,,,,,2026-05-02,2026-05-02
"[04.02.26][มิ้น] มนุษย์ที่เป็นคนดี (สัมภาษณ์หมอ) (Trap)",120245621858730260,2026-05-02,not_delivering,ad,,,,,0,,0,0,,,,,,,,,2026-05-02,2026-05-02
"[22.07.25][มิ้น] วันนี้เหนื่อยมากเลยใช่ไหม (Tried)",120233221430500260,2026-05-02,not_delivering,ad,,,,,0,,0,0,,,,,,,,,2026-05-02,2026-05-02
"[04.02.26][มิ้น] มนุษย์ที่เป็นคนดี (สัมภาษณ์หมอ) (Trap)",120246089872340260,2026-05-02,not_delivering,ad,,,,,0,,0,0,,,,,,,,,2026-05-02,2026-05-02
"[29.01.26][มิ้น] Unboxing หนังสือเล่มแรกของปี 2026 (Trap)",120243468439110260,2026-05-02,not_delivering,ad,,,,,0,,0,0,,,,,,,,,2026-05-02,2026-05-02
"[04.02.26][มิ้น] มนุษย์ที่เป็นคนดี (สัมภาษณ์หมอ) (Trap) (Cross Page)",120244538166870260,2026-05-02,not_delivering,ad,,,,,0,,0,0,,,,,,,,,2026-05-02,2026-05-02
"[03.09.25][มิ้น] เล่มใหม่ให้ 1000/100 (Demons)",120235947738760260,2026-05-02,not_delivering,ad,,,,,0,,0,0,,,,,,,,,2026-05-02,2026-05-02
"[22.05.25][มิ้น] จะเป็นยังไง! เมื่อคนที่หมดแพชชัน  ต้องไปเป็นที่ปรึกษาให้เหล่าดวงวิญญาณ (Ghostly)",120232764159380260,2026-05-02,not_delivering,ad,,,,,0,,0,0,,,,,,,,,2026-05-02,2026-05-02
"[03.12.25][มิ้น] เล่มนี้ทำน้ำตาไหลหนักมาก (Ghostly)",120243955438110260,2026-05-02,not_delivering,ad,,,,,0,,0,0,,,,,,,,,2026-05-02,2026-05-02
"[23.01.26][มิ้น] บางคนตายไป (Ghostly)",120243771741700260,2026-05-02,inactive,ad,,,,,0,,0,0,,,,,,,,,2026-05-02,2026-05-02
"[18.09.25][มิ้น] ประโยคจากเล่มโปรด (Witches)",120237333302230260,2026-05-02,inactive,ad,,,,,0,,0,0,,,,,,,,,2026-05-02,2026-05-02
"[04.09.25][มิ้น] บางวันเราอาจก้าวได้ไกล (Tried)",120236240370690260,2026-05-02,not_delivering,ad,,,,,0,,0,0,,,,,,,,,2026-05-02,2026-05-02
"[22.03.26][มิ้น] มีประโยคหนึ่งในหนังสือ (Witches)",120245846930180260,2026-05-02,not_delivering,ad,,,,,0,,0,0,,,,,,,,,2026-05-02,2026-05-02
"[03.07.25][มิ้น] 7.7 ซื้อ 2 แถม Me Time (Promotion_DD)",120232210029510260,2026-05-02,not_delivering,ad,,,,,0,,0,0,,,,,,,,,2026-05-02,2026-05-02
"[23.02.26][มิ้น] People Pleaser (Trap)",120244755952650260,2026-05-02,not_delivering,ad,,,,,0,,0,0,,,,,,,,,2026-05-02,2026-05-02
"[03.11.25][มิ้น] ครบรอบ 2 ปี (ปีศาจตัวนั้น)",120239856476510260,2026-05-02,not_delivering,ad,,,,,0,,0,0,,,,,,,,,2026-05-02,2026-05-02
"[19.09.25][มิ้น] จากกระแส 1000/100 (Remains)",120237920752030260,2026-05-02,not_delivering,ad,,,,,0,,0,0,,,,,,,,,2026-05-02,2026-05-02
"[17.02.26][มิ้น] 20 เล่มลายเซ็น (Trap)",120244978181340260,2026-05-02,not_delivering,ad,,,,,0,,0,0,,,,,,,,,2026-05-02,2026-05-02
"[08.08.25][มิ้น] ร้องไห้บนรถไฟฟ้า (Ghostly)",120235868504870260,2026-05-02,not_delivering,ad,,,,,0,,0,0,,,,,,,,,2026-05-02,2026-05-02
"[04.02.26][มิ้น] มนุษย์ที่เป็นคนดี (สัมภาษณ์หมอ) (Trap)",120247171195130260,2026-05-02,not_delivering,ad,,,,,0,,0,0,,,,,,,,,2026-05-02,2026-05-02
"[22.09.25][มิ้น] เล่มใหม่ 1000/100 (Remains)",120238127262670260,2026-05-02,not_delivering,ad,,,,,0,,0,0,,,,,,,,,2026-05-02,2026-05-02
"[04.02.26][มิ้น] หมึกซึม รางวัลนายอินทร์ (Ghostly)",120243959898200260,2026-05-02,not_delivering,ad,,,,,0,,0,0,,,,,,,,,2026-05-02,2026-05-02
"[04.02.26][มิ้น] มนุษย์ที่เป็นคนดี (สัมภาษณ์หมอ) (Trap)",120245621873110260,2026-05-02,not_delivering,ad,,,,,0,,0,0,,,,,,,,,2026-05-02,2026-05-02
"[07.03.25][มิ้น] สัมภาษณ์คุณเม เล่มใหม่ล่าสุด (Witches)",120221951385840260,2026-05-02,inactive,ad,,,,,0,,0,0,,,,,,,,,2026-05-02,2026-05-02
"[06.08.25][มิ้น] วันไหนไม่ไหว แวะมาอ่าน (Tried)",120234822459660260,2026-05-02,not_delivering,ad,,,,,0,,0,0,,,,,,,,,2026-05-02,2026-05-02
"[13.04.26][มิ้น] ทุกคนมีโกฮังเป็นของตัวเอง (Remains)",120247247757880260,2026-05-02,not_delivering,ad,,,,,0,,0,0,,,,,,,,,2026-05-02,2026-05-02
"[05.03.26][มิ้น] เพราะพรุ่งนี้ที่รออาจจะมาไม่ถึง (Kiwtum)",120245847559980260,2026-05-02,inactive,ad,,,,,0,,0,0,,,,,,,,,2026-05-02,2026-05-02
"[19.02.25][มิ้น] สัมภาษณ์คุณมุก Imminimus 10,000 เล่ม (Embrace)",120220278171480260,2026-05-02,inactive,ad,,,,,0,,0,0,,,,,,,,,2026-05-02,2026-05-02
"[01.10.25][มิ้น] ประโยคที่ชอบจากหนังสือ (ปีศาจตัวนั้น)",120238146195520260,2026-05-02,inactive,ad,,,,,0,,0,0,,,,,,,,,2026-05-02,2026-05-02
"[01.03.25][มิ้น] ชีวิตที่ดี คือชีวิตที่เราเลือกเอง (Kidmakk)",120221328537640260,2026-05-02,inactive,ad,,,,,0,,0,0,,,,,,,,,2026-05-02,2026-05-02
"[06.11.25][มิ้น] บางครั้งความรัก (Remains) (Reels)",120243130056860260,2026-05-02,not_delivering,ad,,,,,0,,0,0,,,,,,,,,2026-05-02,2026-05-02
"[12.11.24] [มิ้น] 2 หนังสือเล่มใหม่ที่ถูกเขียนด้วยน้ำตา แพ็กคู่ 529",120217185554450260,2026-05-02,not_delivering,ad,,,,,0,,0,0,,,,,,,,,2026-05-02,2026-05-02
"[03.12.25][มิ้น] เล่มนี้ทำน้ำตาไหลหนักมาก (Ghostly)",120243413983420260,2026-05-02,inactive,ad,,,,,0,,0,0,,,,,,,,,2026-05-02,2026-05-02
"[06.12.24] [มิ้น] เก็บเงินง่าย ๆ ด้วยกฎ 50 30 20 (Million)",120217605837160260,2026-05-02,inactive,ad,,,,,0,,0,0,,,,,,,,,2026-05-02,2026-05-02
"[03.09.25][มิ้น] Unboxing New Books (Demons)",120235860525370260,2026-05-02,archived,ad,,,,,0,,0,0,,,,,,,,,2026-05-02,2026-05-02
"[22.09.25][มิ้น] เล่มใหม่ 1000/100 (Remains)",120238789463270260,2026-05-02,not_delivering,ad,,,,,0,,0,0,,,,,,,,,2026-05-02,2026-05-02
"[07.03.25][มิ้น] ASMR Unboxing (Witches)",120221824873740260,2026-05-02,not_delivering,ad,,,,,0,,0,0,,,,,,,,,2026-05-02,2026-05-02
"[21.01.25] [มิ้น] Unboxing หนังสือฮีลใจเล่มใหม่ 2025 (Home)",120218671574180260,2026-05-02,not_delivering,ad,,,,,0,,0,0,,,,,,,,,2026-05-02,2026-05-02
"[02.06.25][มิ้น] รีแอค ขมิ้น (Ghostly)",120239036623230260,2026-05-02,not_delivering,ad,,,,,0,,0,0,,,,,,,,,2026-05-02,2026-05-02
"[29.09.25][มิ้น] 2 เล่มนี้ต่างกันยังไง ตอบเมนต์ (Demons)",120237713336900260,2026-05-02,not_delivering,ad,,,,,0,,0,0,,,,,,,,,2026-05-02,2026-05-02
"[07.03.25][มิ้น] ASMR Unboxing (Witches)",120222333547880260,2026-05-02,not_delivering,ad,,,,,0,,0,0,,,,,,,,,2026-05-02,2026-05-02
"[03.09.25][มิ้น] จากเล่ม 1 สู่เล่ม 2 (Demons)",120236029615300260,2026-05-02,not_delivering,ad,,,,,0,,0,0,,,,,,,,,2026-05-02,2026-05-02
"[06.08.25][มิ้น] วันไหนไม่ไหว แวะมาอ่าน (Tried)",120239970157420260,2026-05-02,inactive,ad,,,,,0,,0,0,,,,,,,,,2026-05-02,2026-05-02
"[08.10.25][มิ้น] Unpack ปีศาจตัวนั้นคือฉันเอง 2 (Demons)",120238434506500260,2026-05-02,not_delivering,ad,,,,,0,,0,0,,,,,,,,,2026-05-02,2026-05-02
"[24.02.25][มิ้น] บทที่ 1 ที่คิ้วต่ำอยากแนะนำ (Kiwtum)",120220867411150260,2026-05-02,inactive,ad,,,,,0,,0,0,,,,,,,,,2026-05-02,2026-05-02
"[10.10.25][มิ้น] หมึกซึมชวนนักอ่าน (Remains)",120238414937420260,2026-05-02,not_delivering,ad,,,,,0,,0,0,,,,,,,,,2026-05-02,2026-05-02
"[27.08.25][มิ้น] คลิปนี้มีสปอย (Demons)",120235766559070260,2026-05-02,inactive,ad,,,,,0,,0,0,,,,,,,,,2026-05-02,2026-05-02
"[22.10.25][มิ้น] เพราะในทุกความเกลียด (Remains)",120239982207040260,2026-05-02,inactive,ad,,,,,0,,0,0,,,,,,,,,2026-05-02,2026-05-02
"[01.08.25][มิ้น] ผิดหวังก็สมหวังได้ (Witches)",120234209163740260,2026-05-02,inactive,ad,,,,,0,,0,0,,,,,,,,,2026-05-02,2026-05-02
"[23.01.26][มิ้น] บางคนตายไป (Ghostly)",120243666637270260,2026-05-02,not_delivering,ad,,,,,0,,0,0,,,,,,,,,2026-05-02,2026-05-02
"[17.03.25][มิ้น] การ์ดอยากบอกอะไรคุณ (Witches)",120222719447320260,2026-05-02,inactive,ad,,,,,0,,0,0,,,,,,,,,2026-05-02,2026-05-02
"[02.06.25][มิ้น] รีแอค ขมิ้น (Ghostly)",120230739977450260,2026-05-02,not_delivering,ad,,,,,0,,0,0,,,,,,,,,2026-05-02,2026-05-02
"[03.09.25][มิ้น] หนังเล่มใหม่ที่อานแล้วน้ำตาซึม (Demons)",120235859410010260,2026-05-02,inactive,ad,,,,,0,,0,0,,,,,,,,,2026-05-02,2026-05-02
"[06.10.25][มิ้น] หนังสือหน้าที่ 48 (Remains)",120237932289560260,2026-05-02,not_delivering,ad,,,,,0,,0,0,,,,,,,,,2026-05-02,2026-05-02
"[27.08.25][มิ้น] หากคุณกำลังเศร้า (Embrace)",120235756036280260,2026-05-02,not_delivering,ad,,,,,0,,0,0,,,,,,,,,2026-05-02,2026-05-02
"[11.02.25][มิ้น] 5 ข้อคิด (Kiwtum)",120219599958120260,2026-05-02,inactive,ad,,,,,0,,0,0,,,,,,,,,2026-05-02,2026-05-02
"[24.07.25][มิ้น] นี่ไม่ใช่แค่ไพ่ดูดวง (Witches)",120234068672490260,2026-05-02,inactive,ad,,,,,0,,0,0,,,,,,,,,2026-05-02,2026-05-02
"[15.01.25][มิ้น] มนุษย์เป็ด [Capybara_Boxset] (Reels)",120243384052030260,2026-05-02,not_delivering,ad,,,,,0,,0,0,,,,,,,,,2026-05-02,2026-05-02
"[05.03.26][มิ้น] คลิปสัมภาษณ์ MAY-I ปริมาณของเพื่อนไม่สำคัญเท่าคุณภาพ (Witches)",120245258394130260,2026-05-02,not_delivering,ad,,,,,0,,0,0,,,,,,,,,2026-05-02,2026-05-02
"[21.01.25] [มิ้น] 5 ข้อคิด (Home)",120218671600680260,2026-05-02,inactive,ad,,,,,0,,0,0,,,,,,,,,2026-05-02,2026-05-02
"[10.01.25] [มิ้น] Challenge เก็บเงิน 50:30:20 (Full) (Million)",120218485158560260,2026-05-02,inactive,ad,,,,,0,,0,0,,,,,,,,,2026-05-02,2026-05-02
"[28.08.25][มิ้น][Cross Page] ปีศาจอาจไม่ได้เกิดจากข้างนอก (ปีศาจตัวนั้น)",120236241320400260,2026-05-02,not_delivering,ad,,,,,0,,0,0,,,,,,,,,2026-05-02,2026-05-02
"[22.03.26][มิ้น] มีประโยคหนึ่งในหนังสือ (Witches)",120246573533550260,2026-05-02,not_delivering,ad,,,,,0,,0,0,,,,,,,,,2026-05-02,2026-05-02
"[02.04.26][มิ้น] คนใจดีมักถูกเอาเปรียบ (Ghostly)",120246513871500260,2026-05-02,not_delivering,ad,,,,,0,,0,0,,,,,,,,,2026-05-02,2026-05-02
"[03.09.25][มิ้น] อยากให้ทุกคนอ่าน (Ghostly)",120236553839420260,2026-05-02,not_delivering,ad,,,,,0,,0,0,,,,,,,,,2026-05-02,2026-05-02
"[04.12.24] [มิ้น] 5 เทคนิคเก็บเงินง่ายๆ (Million)",120217605591210260,2026-05-02,not_delivering,ad,,,,,0,,0,0,,,,,,,,,2026-05-02,2026-05-02
"[27.02.25][มิ้น] ความรักที่แท้จริงคือความเข้าใจ (Embrace)",120221238278250260,2026-05-02,inactive,ad,,,,,0,,0,0,,,,,,,,,2026-05-02,2026-05-02
"[07.03.25][มิ้น] สัมภาษณ์คุณเม เล่มใหม่ล่าสุด (Witches)",120221516160110260,2026-05-02,inactive,ad,,,,,0,,0,0,,,,,,,,,2026-05-02,2026-05-02
"[04.02.26][มิ้น] มนุษย์ที่เป็นคนดี (สัมภาษณ์หมอ) (Trap)",120245055690240260,2026-05-02,not_delivering,ad,,,,,0,,0,0,,,,,,,,,2026-05-02,2026-05-02
"[28.02.25][มิ้น] 3.3 ชีเสิร์ฟไม่พัก ซื้อ 3 แถม 1 (Promotion_DD)",120221554787740260,2026-05-02,not_delivering,ad,,,,,0,,0,0,,,,,,,,,2026-05-02,2026-05-02
"[16.10.25][มิ้น] ให้เปิดเล่มนี้เตือนสติ (Remains)",120239050068470260,2026-05-02,not_delivering,ad,,,,,0,,0,0,,,,,,,,,2026-05-02,2026-05-02
"[20.11.25][มิ้น] E-Book หนังสือปีศาจ 1 (E-Book)",120241048603330260,2026-05-02,inactive,ad,,,,,0,,0,0,,,,,,,,,2026-05-02,2026-05-02
"[02.06.25][มิ้น] รีแอค ขมิ้น (Ghostly)",120229868748230260,2026-05-02,inactive,ad,,,,,0,,0,0,,,,,,,,,2026-05-02,2026-05-02
"[13.10.25][มิ้น] น้ำตาคาเบ้า (ปีศาจตัวนั้น)",120238609803190260,2026-05-02,not_delivering,ad,,,,,0,,0,0,,,,,,,,,2026-05-02,2026-05-02
"[03.09.25][มิ้น] เล่มใหม่ให้ 1000/100 (Demons) (QuickReply)",120237327446740260,2026-05-02,not_delivering,ad,,,,,0,,0,0,,,,,,,,,2026-05-02,2026-05-02
"[15.01.25][มิ้น] มนุษย์เป็ด [Capybara_Boxset]",120232769692270260,2026-05-02,not_delivering,ad,,,,,0,,0,0,,,,,,,,,2026-05-02,2026-05-02
"[18.11.25][มิ้น] เจ้าเหมียวเก็บมาเลี้ยง (Ghostly)",120240738499760260,2026-05-02,inactive,ad,,,,,0,,0,0,,,,,,,,,2026-05-02,2026-05-02
"[07.04.25][มิ้น] ครั้งแรกที่เปิดตัวขายที่งานหนังสือ (Gift)",120224920885680260,2026-05-02,inactive,ad,,,,,0,,0,0,,,,,,,,,2026-05-02,2026-05-02
"[22.10.25][มิ้น] เพราะในทุกความเกลียด (Remains)",120239272581790260,2026-05-02,inactive,ad,,,,,0,,0,0,,,,,,,,,2026-05-02,2026-05-02
"[23.05.25][มิ้น] Payday May (Promotion_Payday)",120229261671680260,2026-05-02,inactive,ad,,,,,0,,0,0,,,,,,,,,2026-05-02,2026-05-02
"[22.05.25][มิ้น] จะเป็นยังไง! เมื่อคนที่หมดแพชชัน  ต้องไปเป็นที่ปรึกษาให้เหล่าดวงวิญญาณ (Ghostly)",120229512013460260,2026-05-02,inactive,ad,,,,,0,,0,0,,,,,,,,,2026-05-02,2026-05-02
"[08.10.25][มิ้น] Unpack ปีศาจตัวนั้นคือฉันเอง 2 (Demons)",120238216572850260,2026-05-02,inactive,ad,,,,,0,,0,0,,,,,,,,,2026-05-02,2026-05-02
"[16.05.25][มิ้น] หนังสือเล่มเดียวทำเอาร้องไห้หนักมาก (ปีศาจตัวนั้น)",120228796865630260,2026-05-02,not_delivering,ad,,,,,0,,0,0,,,,,,,,,2026-05-02,2026-05-02
"[25.04.25][มิ้น] หนังสือที่ทำให้อยากใช้ชีวิตเพื่อตัวเอง (Kiwtum)",120226732180320260,2026-05-02,inactive,ad,,,,,0,,0,0,,,,,,,,,2026-05-02,2026-05-02
"[26.11.24] [มิ้น] เงินเดือนก็พอใช้อยู่แล้ว (ปีศาจการเงิน)",120217325284530260,2026-05-02,not_delivering,ad,,,,,0,,0,0,,,,,,,,,2026-05-02,2026-05-02
"[13.03.25][มิ้น] Mid Month จับคู่ 2 Boxset 990.- (Promotion_MM)",120222074634630260,2026-05-02,inactive,ad,,,,,0,,0,0,,,,,,,,,2026-05-02,2026-05-02
"[19.03.25][มิ้น] สัมภาษณ์คุณปั๊มลายเซ็น (Kiwtum)",120222378663780260,2026-05-02,inactive,ad,,,,,0,,0,0,,,,,,,,,2026-05-02,2026-05-02
"[27.02.25][มิ้น] สัมภาษณ์ความรู้สึกของคุณ เม (ปีศาจตัวนั้น)",120221237169700260,2026-05-02,inactive,ad,,,,,0,,0,0,,,,,,,,,2026-05-02,2026-05-02
"[11.06.25][มิ้น] อยากให้ชาตินี้ได้อ่านเล่มนี้ (ปีศาจตัวนั้น)",120230527729810260,2026-05-02,not_delivering,ad,,,,,0,,0,0,,,,,,,,,2026-05-02,2026-05-02
"[25.03.25][มิ้น] ประโยคหลังปก คุณปั๊ม (Kiwtum)",120222717658700260,2026-05-02,inactive,ad,,,,,0,,0,0,,,,,,,,,2026-05-02,2026-05-02
"[22.10.25][มิ้น] เพราะในทุกความเกลียด (Remains)",120239115352630260,2026-05-02,inactive,ad,,,,,0,,0,0,,,,,,,,,2026-05-02,2026-05-02
"[10.07.25][มิ้น] คำพูดฮีลใจสำหรับคนไม่มั่นใจตัวเอง (ปีศาจตัวนั้น)",120232570690400260,2026-05-02,inactive,ad,,,,,0,,0,0,,,,,,,,,2026-05-02,2026-05-02
"[06.10.25][มิ้น] ฮีลใจแบบ 3000% (Remains)",120237932474290260,2026-05-02,inactive,ad,,,,,0,,0,0,,,,,,,,,2026-05-02,2026-05-02
"[06.11.25][มิ้น] บางครั้งความรัก (Remains)",120240115682450260,2026-05-02,inactive,ad,,,,,0,,0,0,,,,,,,,,2026-05-02,2026-05-02
"[26.11.24] [มิ้น] 5 สิ่งที่ควรขอบคุณในชีวิต (Life)",120217325180880260,2026-05-02,not_delivering,ad,,,,,0,,0,0,,,,,,,,,2026-05-02,2026-05-02
"[11.02.25][มิ้น] สัมภาษณ์คุณปั๊ม คิ้วต่ำ (Kiwtum)",120220471355880260,2026-05-02,not_delivering,ad,,,,,0,,0,0,,,,,,,,,2026-05-02,2026-05-02
"[27.11.24] [มิ้น] 5 คำเตือนสุดท้ายของชีวิต (Ghost)",120217616555470260,2026-05-02,not_delivering,ad,,,,,0,,0,0,,,,,,,,,2026-05-02,2026-05-02
"[15.10.25][มิ้น] จากใจนักเขียนหมึกซึม  (Remains)",120238717587570260,2026-05-02,inactive,ad,,,,,0,,0,0,,,,,,,,,2026-05-02,2026-05-02
"[24.02.25][มิ้น] 5 เหตุผลที่หนังสือเล่มนี้ควรอยู่ข้างกายคุณ (Home)",120220871823250260,2026-05-02,inactive,ad,,,,,0,,0,0,,,,,,,,,2026-05-02,2026-05-02
"[24.12.25][มิ้น] การ์ดทำนายดวงที่เซอร์ไพรส์ได้ทุกวัน (Witches)",120242558224050260,2026-05-02,not_delivering,ad,,,,,0,,0,0,,,,,,,,,2026-05-02,2026-05-02
"[21.01.25] [มิ้น] Unboxing หนังสือฮีลใจเล่มใหม่ 2025 (Home)",120218670616940260,2026-05-02,not_delivering,ad,,,,,0,,0,0,,,,,,,,,2026-05-02,2026-05-02
"[21.09.24] [มิ้น] คนเราแตกสลายได้กี่ครั้ง",120236629578990260,2026-05-02,not_delivering,ad,,,,,0,,0,0,,,,,,,,,2026-05-02,2026-05-02
"[07.11.25][มิ้น] เป็นหนังสือรวมประโยค (Tried)",120241248256890260,2026-05-02,not_delivering,ad,,,,,0,,0,0,,,,,,,,,2026-05-02,2026-05-02
"[10.04.26][มิ้น] ยิ่งใกล้ ยิ่งห่าง (Ghostly)",120247314684080260,2026-05-02,not_delivering,ad,,,,,0,,0,0,,,,,,,,,2026-05-02,2026-05-02
"[19.03.25][มิ้น] สัมภาษณ์คุณปั๊มลายเซ็น (Kiwtum)",120222379611820260,2026-05-02,inactive,ad,,,,,0,,0,0,,,,,,,,,2026-05-02,2026-05-02
"[30.10.25][มิ้น] ป้ายยาหนังสือเล่มดัง (ฟิล์ม) (Demons)",120239594515490260,2026-05-02,not_delivering,ad,,,,,0,,0,0,,,,,,,,,2026-05-02,2026-05-02
"[07.03.25][มิ้น] สัมภาษณ์คุณเม เล่มใหม่ล่าสุด (Witches)",120221597207540260,2026-05-02,inactive,ad,,,,,0,,0,0,,,,,,,,,2026-05-02,2026-05-02
"[29.01.26][มิ้น] Unboxing หนังสือเล่มแรกของปี 2026 (Trap)",120243758645700260,2026-05-02,archived,ad,,,,,0,,0,0,,,,,,,,,2026-05-02,2026-05-02
"[29.09.25][มิ้น] เพื่อนที่ดีจะพาก้าวไปข้างหน้า (Demons)",120237713336930260,2026-05-02,not_delivering,ad,,,,,0,,0,0,,,,,,,,,2026-05-02,2026-05-02
"[04.02.26][มิ้น] มนุษย์ที่เป็นคนดี (สัมภาษณ์หมอ) (Trap)",120245068117310260,2026-05-02,not_delivering,ad,,,,,0,,0,0,,,,,,,,,2026-05-02,2026-05-02
"[30.10.25][มิ้น] เปลี่ยนความทุกข์ (Witches)",120239655984020260,2026-05-02,not_delivering,ad,,,,,0,,0,0,,,,,,,,,2026-05-02,2026-05-02
"[03.09.25][มิ้น] Unboxing New Books (Demons)",120236203658920260,2026-05-02,archived,ad,,,,,0,,0,0,,,,,,,,,2026-05-02,2026-05-02
"[11.02.25][มิ้น] Unboxing new book (Kiwtum)",120220255029130260,2026-05-02,inactive,ad,,,,,0,,0,0,,,,,,,,,2026-05-02,2026-05-02
"[25.08.25][มิ้น] เราเช็กดวง (Witches)",120235664852760260,2026-05-02,not_delivering,ad,,,,,0,,0,0,,,,,,,,,2026-05-02,2026-05-02
"[22.05.25][มิ้น] 5 ข้อคิด (Ghostly)",120229087528180260,2026-05-02,not_delivering,ad,,,,,0,,0,0,,,,,,,,,2026-05-02,2026-05-02
"[02.04.26][มิ้น] อย่าปล่อยให้อีโก้ (Trap)",120247715824820260,2026-05-02,not_delivering,ad,การสนทนาผ่านการส่งข้อความที่เริ่มขึ้น,,,,0,,0,0,,,,,,,,,2026-05-02,2026-05-02
"[11.02.25][มิ้น] สัมภาษณ์คุณปั๊ม คิ้วต่ำ (Kiwtum)",120221293568870260,2026-05-02,inactive,ad,,,,,0,,0,0,,,,,,,,,2026-05-02,2026-05-02
"[27.11.24] [มิ้น] 5 คำเตือนสุดท้ายของชีวิต (Ghost)",120217381104140260,2026-05-02,not_delivering,ad,,,,,0,,0,0,,,,,,,,,2026-05-02,2026-05-02
"[02.04.26][มิ้น] อย่าปล่อยให้อีโก้ (Trap)",120248305952020260,2026-05-02,not_delivering,ad,การสนทนาผ่านการส่งข้อความที่เริ่มขึ้น,,,,0,,0,0,,,,,,,,,2026-05-02,2026-05-02
"[13.06.25][มิ้น] หนังสือที่น่าซื้อที่สุดในปฐพี (Witches)",120230770781750260,2026-05-02,inactive,ad,,,,,0,,0,0,,,,,,,,,2026-05-02,2026-05-02
"[24.03.25][มิ้น] 5 ข้อคิดที่ได้จากหนังสือ (Gift)",120222717776730260,2026-05-02,inactive,ad,,,,,0,,0,0,,,,,,,,,2026-05-02,2026-05-02
"[02.06.25][มิ้น] หมดไฟ (ปีศาจตัวนั้น)",120229838272210260,2026-05-02,not_delivering,ad,,,,,0,,0,0,,,,,,,,,2026-05-02,2026-05-02
"[07.03.25][มิ้น] สัมภาษณ์คุณเม เล่มใหม่ล่าสุด (Witches)",120221597230070260,2026-05-02,inactive,ad,,,,,0,,0,0,,,,,,,,,2026-05-02,2026-05-02
"[21.03.25][มิ้น] สัมภาษณ์คุณบุ๋ม (Gift)",120222458210780260,2026-05-02,inactive,ad,,,,,0,,0,0,,,,,,,,,2026-05-02,2026-05-02
"[27.02.25][มิ้น] สัมภาษณ์ความรู้สึกของคุณ เม (ปีศาจตัวนั้น)",120221237735790260,2026-05-02,inactive,ad,,,,,0,,0,0,,,,,,,,,2026-05-02,2026-05-02
"[30.04.25][มิ้น] อยากเปลี่ยนงาน อยากลาออก (ปีศาจตัวนั้นคือฉันเอง)",120227278411650260,2026-05-02,not_delivering,ad,,,,,0,,0,0,,,,,,,,,2026-05-02,2026-05-02
"[13.12.25][มิ้น] เคยคิดว่ายังมีเวลามากพอ (Remains)",120242011084290260,2026-05-02,inactive,ad,,,,,0,,0,0,,,,,,,,,2026-05-02,2026-05-02
"[07.03.25][มิ้น] ASMR Unboxing (Witches)",120221521353770260,2026-05-02,not_delivering,ad,,,,,0,,0,0,,,,,,,,,2026-05-02,2026-05-02
"[04.02.26][มิ้น] มนุษย์ที่เป็นคนดี (สัมภาษณ์หมอ) (Trap)",120246310168160260,2026-05-02,not_delivering,ad,,,,,0,,0,0,,,,,,,,,2026-05-02,2026-05-02
"[11.04.26][มิ้น] สงกรานต์โจ๊ะโจ๊ะ! โละราคาเดียว (Promotion)",120247265985080260,2026-05-02,not_delivering,ad,,,,,0,,0,0,,,,,,,,,2026-05-02,2026-05-02
"[23.10.24] [มิ้น] โดนตกจากประโยคหลังปก (Life)",120216907386010260,2026-05-02,inactive,ad,,,,,0,,0,0,,,,,,,,,2026-05-02,2026-05-02
"[16.11.24] [มิ้น] กลัวผิดพลาดจนไม่ลงมือทำอะไรเลย (Ghost)",120217078848640260,2026-05-02,not_delivering,ad,,,,,0,,0,0,,,,,,,,,2026-05-02,2026-05-02
"[17.02.26][มิ้น] 20 เล่มลายเซ็น (Trap)",120245622471320260,2026-05-02,not_delivering,ad,,,,,0,,0,0,,,,,,,,,2026-05-02,2026-05-02
"[21.01.25] [มิ้น] 5 ข้อคิด (Home)",120218671476860260,2026-05-02,inactive,ad,,,,,0,,0,0,,,,,,,,,2026-05-02,2026-05-02
"[09.11.24] [มิ้น] เราทุกคนต่างไม่มีใครสมบูรณ์แบบ (โอบกอด)",120217324834710260,2026-05-02,inactive,ad,,,,,0,,0,0,,,,,,,,,2026-05-02,2026-05-02
"[27.04.26][มิ้น] แค่หนังสือComic ทำไมอ่านแล้วร้องไห้ (Ghostly)",120247726893000260,2026-05-02,not_delivering,ad,การสนทนาผ่านการส่งข้อความที่เริ่มขึ้น,,,,0,,0,0,,,,,,,,,2026-05-02,2026-05-02
"[17.02.26][มิ้น] 20 เล่มลายเซ็น (Trap)",120244476208200260,2026-05-02,not_delivering,ad,,,,,0,,0,0,,,,,,,,,2026-05-02,2026-05-02
"[05.04.26][มิ้น] ก่อนที่คนเราจะตาย (Ghostly)",120246835244850260,2026-05-02,inactive,ad,,,,,0,,0,0,,,,,,,,,2026-05-02,2026-05-02
"[30.04.26][มิ้น] โรคจิตหลงผิด Delusional Disorder (Trap)",120248154802020260,2026-05-02,not_delivering,ad,การสนทนาผ่านการส่งข้อความที่เริ่มขึ้น,2,80.035,,160.07,,1372,1314,,2,80.035,,12,7.50728863,116.66909621,0,2026-05-02,2026-05-02
"[26.01.26][มิ้น] หนังสือที่ได้ไปต่อในปี 2026 (Remains)",120243886643320260,2026-05-02,not_delivering,ad,,,,,0,,0,0,,,,,,,,,2026-05-02,2026-05-02
"[11.02.25][มิ้น] ประโยคจากคุณปั๊ม คิ้วต่ำ (Kiwtum)",120219733237070260,2026-05-02,inactive,ad,,,,,0,,0,0,,,,,,,,,2026-05-02,2026-05-02
"[03.09.25][มิ้น] จากเล่ม 1 สู่เล่ม 2 (Demons)",120236358913760260,2026-05-02,not_delivering,ad,,,,,0,,0,0,,,,,,,,,2026-05-02,2026-05-02
"[25.03.35][มิ้น] ประโยคหลังปก (Gift)",120222719754410260,2026-05-02,inactive,ad,,,,,0,,0,0,,,,,,,,,2026-05-02,2026-05-02
"[16.01.25] [มิ้น] รวม 5 ข้อที่ First Jobber มักพลาด (ภาษี) (Million)",120218635543020260,2026-05-02,not_delivering,ad,,,,,0,,0,0,,,,,,,,,2026-05-02,2026-05-02
"[24.07.25][มิ้น] ฝนตกแบบนี้ยังมีไปรษณีย์มาส่ง (Ghostly)",120233476156930260,2026-05-02,inactive,ad,,,,,0,,0,0,,,,,,,,,2026-05-02,2026-05-02
"[11.02.25][มิ้น] ประโยคจากคุณปั๊ม คิ้วต่ำ (Kiwtum)",120219834378450260,2026-05-02,inactive,ad,,,,,0,,0,0,,,,,,,,,2026-05-02,2026-05-02
"[03.09.25][มิ้น] หนังเล่มใหม่ที่อานแล้วน้ำตาซึม (Demons)",120239587160390260,2026-05-02,not_delivering,ad,,,,,0,,0,0,,,,,,,,,2026-05-02,2026-05-02
"[07.03.25][มิ้น] สัมภาษณ์คุณเม เล่มใหม่ล่าสุด (Witches)",120221824873750260,2026-05-02,not_delivering,ad,,,,,0,,0,0,,,,,,,,,2026-05-02,2026-05-02
"[11.02.25][มิ้น] ประโยคหลังปก (Kiwtum)",120220255029140260,2026-05-02,not_delivering,ad,,,,,0,,0,0,,,,,,,,,2026-05-02,2026-05-02
"[04.02.26][มิ้น] มนุษย์ที่เป็นคนดี (สัมภาษณ์หมอ) (Trap)",120246513144690260,2026-05-02,not_delivering,ad,การสนทนาผ่านการส่งข้อความที่เริ่มขึ้น,,,,0,,0,0,,,,,,,,,2026-05-02,2026-05-02
"[22.05.25][มิ้น] จะเป็นยังไง! เมื่อคนที่หมดแพชชัน  ต้องไปเป็นที่ปรึกษาให้เหล่าดวงวิญญาณ (Ghostly)",120229084387010260,2026-05-02,not_delivering,ad,,,,,0,,0,0,,,,,,,,,2026-05-02,2026-05-02
"[28.02.25][มิ้น] 3.3 ชีเสิร์ฟไม่พัก ซื้อ 3 แถม 1 (Promotion_DD)",120221295539050260,2026-05-02,not_delivering,ad,,,,,0,,0,0,,,,,,,,,2026-05-02,2026-05-02
"[02.04.26][มิ้น] อย่าปล่อยให้อีโก้ (Trap)",120248305843250260,2026-05-02,not_delivering,ad,การสนทนาผ่านการส่งข้อความที่เริ่มขึ้น,,,,0,,0,0,,,,,,,,,2026-05-02,2026-05-02
"[16.01.25][VDO][มิ้น][Garden_เล่มเดี่ยว] ความรักกับดอกไม้",120220348271840260,2026-05-02,archived,ad,,,,,0,,0,0,,,,,,,,,2026-05-02,2026-05-02
"[19.06.25][มิ้น] หลายคนมักกลัวการเปลี่ยนแปลง (Witches)",120231261912240260,2026-05-02,inactive,ad,,,,,0,,0,0,,,,,,,,,2026-05-02,2026-05-02
"[02.06.25][มิ้น] รีแอค ขมิ้น (Ghostly)",120231947086230260,2026-05-02,inactive,ad,,,,,0,,0,0,,,,,,,,,2026-05-02,2026-05-02
"[04.02.26][มิ้น] มนุษย์ที่เป็นคนดี (สัมภาษณ์หมอ) (Trap)",120244058045800260,2026-05-02,inactive,ad,,,,,0,,0,0,,,,,,,,,2026-05-02,2026-05-02
"[05.03.26][มิ้น] เพราะพรุ่งนี้ที่รออาจจะมาไม่ถึง (Kiwtum)",120247435175710260,2026-05-02,not_delivering,ad,,,,,0,,0,0,,,,,,,,,2026-05-02,2026-05-02
"[03.03.26][มิ้น] ไม่เคยร้องไห้กับหนังสือจนมาเจอ 2 เล่มนี้ (Ghostly) (Remains)",120245558401800260,2026-05-02,not_delivering,ad,,,,,0,,0,0,,,,,,,,,2026-05-02,2026-05-02
"[03.09.25][มิ้น] Unboxing New Books (Demons)",120236620453230260,2026-05-02,inactive,ad,,,,,0,,0,0,,,,,,,,,2026-05-02,2026-05-02
"[01.03.26][มิ้น] รี stock เล่มลายเซ็นหมอทานตะวัน (สัมภาษณ์หมอ) (Trap) (Cross Page)",120245623701960260,2026-05-02,not_delivering,ad,,,,,0,,0,0,,,,,,,,,2026-05-02,2026-05-02
"[07.01.25] [มิ้น] ปีใหม่นี้ หนังสือเล่มนี้อยากบอกคุณว่า… (Embrace)",120218402706400260,2026-05-02,inactive,ad,,,,,0,,0,0,,,,,,,,,2026-05-02,2026-05-02
"[07.03.25][มิ้น] สัมภาษณ์คุณเม เล่มใหม่ล่าสุด (Witches)",120232771443060260,2026-05-02,not_delivering,ad,,,,,0,,0,0,,,,,,,,,2026-05-02,2026-05-02
"[13.05.25][มิ้น] ปัญหาเหล่านี้จะหายไป (Witches)",120228625207250260,2026-05-02,inactive,ad,,,,,0,,0,0,,,,,,,,,2026-05-02,2026-05-02
"[22.07.25][มิ้น] 5 สัญญาณที่บอกว่าเราเครียด (Tried)",120233223021590260,2026-05-02,inactive,ad,,,,,0,,0,0,,,,,,,,,2026-05-02,2026-05-02
"[10.12.25][มิ้น] 12.12 : ซื้อ 3 เล่ม ลด 120.- (Promotion)",120241897911630260,2026-05-02,inactive,ad,,,,,0,,0,0,,,,,,,,,2026-05-02,2026-05-02
"[21.01.25] [มิ้น] Unboxing หนังสือฮีลใจเล่มใหม่ 2025 (Home)",120218671519900260,2026-05-02,not_delivering,ad,,,,,0,,0,0,,,,,,,,,2026-05-02,2026-05-02
"[11.02.25][มิ้น] สัมภาษณ์คุณปั๊ม คิ้วต่ำ (Kiwtum)",120220181850070260,2026-05-02,not_delivering,ad,,,,,0,,0,0,,,,,,,,,2026-05-02,2026-05-02
"[02.01.25] [มิ้น] หนังสือฮีลใจเล่มใหม่ (Kidmakk)",120218298889840260,2026-05-02,not_delivering,ad,,,,,0,,0,0,,,,,,,,,2026-05-02,2026-05-02
"[11.02.25][มิ้น] ประโยคหลังปก (Kiwtum)",120219733072000260,2026-05-02,not_delivering,ad,,,,,0,,0,0,,,,,,,,,2026-05-02,2026-05-02
"[03.09.25][มิ้น] อยากให้ทุกคนอ่าน (Ghostly)",120236197834750260,2026-05-02,not_delivering,ad,,,,,0,,0,0,,,,,,,,,2026-05-02,2026-05-02
"[21.09.24] [มิ้น] คนเราแตกสลายได้กี่ครั้ง",120215811865840260,2026-05-02,not_delivering,ad,,,,,0,,0,0,,,,,,,,,2026-05-02,2026-05-02
"[01.07.25][มิ้น] คลิปนี้ขอแนะนำตัวละคร (Ghostly)",120232037875440260,2026-05-02,inactive,ad,,,,,0,,0,0,,,,,,,,,2026-05-02,2026-05-02
"[12.03.25] [มิ้น] บทที่นักอ่านไม่ควรพลาด (Witches)",120222661759820260,2026-05-02,inactive,ad,,,,,0,,0,0,,,,,,,,,2026-05-02,2026-05-02
"[22.10.25][มิ้น] ประโยคฮีลใจ (Tried) (Reels)",120243124594870260,2026-05-02,not_delivering,ad,,,,,0,,0,0,,,,,,,,,2026-05-02,2026-05-02
"[01.10.25][มิ้น] Unpack (Ghostly)",120237862638500260,2026-05-02,not_delivering,ad,,,,,0,,0,0,,,,,,,,,2026-05-02,2026-05-02
"[07.03.25][มิ้น] สัมภาษณ์คุณเม เล่มใหม่ล่าสุด (Witches)",120221521450000260,2026-05-02,inactive,ad,,,,,0,,0,0,,,,,,,,,2026-05-02,2026-05-02
"[22.08.25][มิ้น] 3 เหตุผล ที่ต้องอ่าน (Ghostly)",120235434335210260,2026-05-02,inactive,ad,,,,,0,,0,0,,,,,,,,,2026-05-02,2026-05-02
"[02.06.25][มิ้น] รีแอค ขมิ้น (Ghostly)",120230942219970260,2026-05-02,archived,ad,,,,,0,,0,0,,,,,,,,,2026-05-02,2026-05-02
"[16.01.25][VDO][มิ้น][Garden_เล่มเดี่ยว] ความรักกับดอกไม้",120218618073040260,2026-05-02,archived,ad,,,,,0,,0,0,,,,,,,,,2026-05-02,2026-05-02
"[29.10.25][มิ้น] 2 หนังสือเรียกน้ำตา (Remains)",120240292098370260,2026-05-02,not_delivering,ad,,,,,0,,0,0,,,,,,,,,2026-05-02,2026-05-02
"[03.09.25][มิ้น] หนังเล่มใหม่ที่อานแล้วน้ำตาซึม (Demons)",120240179530950260,2026-05-02,not_delivering,ad,,,,,0,,0,0,,,,,,,,,2026-05-02,2026-05-02
"[24.12.24] [มิ้น] 2 หนังสือฮีลใจเติมพลังงานบวก โอบกอด+ปูปรุง (Promotion_Pack)",120218111536070260,2026-05-02,not_delivering,ad,,,,,0,,0,0,,,,,,,,,2026-05-02,2026-05-02
"[27.11.24] [มิ้น] 5 คำเตือนสุดท้ายของชีวิต (Ghost)",120217406488970260,2026-05-02,inactive,ad,,,,,0,,0,0,,,,,,,,,2026-05-02,2026-05-02
"[03.03.26][มิ้น] ไม่เคยร้องไห้กับหนังสือจนมาเจอ 2 เล่มนี้ (Ghostly) (Remains)",120246033694120260,2026-05-02,not_delivering,ad,,,,,0,,0,0,,,,,,,,,2026-05-02,2026-05-02
"[11.02.25][มิ้น] ประโยคหลังปก (Kiwtum)",120219598806910260,2026-05-02,inactive,ad,,,,,0,,0,0,,,,,,,,,2026-05-02,2026-05-02
"[03.09.25][มิ้น] Unboxing New Books (Demons)",120236022831750260,2026-05-02,inactive,ad,,,,,0,,0,0,,,,,,,,,2026-05-02,2026-05-02
"[07.03.25][มิ้น] สัมภาษณ์คุณเม เล่มใหม่ล่าสุด (Witches) - Copy",120222333463880260,2026-05-02,archived,ad,,,,,0,,0,0,,,,,,,,,2026-05-02,2026-05-02
"[21.01.25] [มิ้น] 5 ข้อคิด (Home)",120218671574160260,2026-05-02,inactive,ad,,,,,0,,0,0,,,,,,,,,2026-05-02,2026-05-02
"[21.09.24] [มิ้น] คนเราแตกสลายได้กี่ครั้ง",120217502579200260,2026-05-02,not_delivering,ad,,,,,0,,0,0,,,,,,,,,2026-05-02,2026-05-02
"[10.12.24] [มิ้น] 12.12 แจกสุขส่งท้ายปี",120217673505020260,2026-05-02,not_delivering,ad,,,,,0,,0,0,,,,,,,,,2026-05-02,2026-05-02
"[21.05.25][มิ้น] หนังสือที่ว่าฮีลใจแล้ว… (Witches)",120229053852360260,2026-05-02,inactive,ad,,,,,0,,0,0,,,,,,,,,2026-05-02,2026-05-02
"[07.10.25][มิ้น] ชอบคนใจดี (Ghostly)",120238157459810260,2026-05-02,not_delivering,ad,,,,,0,,0,0,,,,,,,,,2026-05-02,2026-05-02
"[04.12.24] [มิ้น] 5 เทคนิคเก็บเงินง่ายๆ (Million)",120217524646090260,2026-05-02,inactive,ad,,,,,0,,0,0,,,,,,,,,2026-05-02,2026-05-02
"[23.07.25][มิ้น] อ่านแล้วหายเหนื่อย (Tried)",120234551239630260,2026-05-02,archived,ad,,,,,0,,0,0,,,,,,,,,2026-05-02,2026-05-02
"[23.07.25][มิ้น] อ่านแล้วหายเหนื่อย (Tried)",120233366050410260,2026-05-02,not_delivering,ad,,,,,0,,0,0,,,,,,,,,2026-05-02,2026-05-02
"[02.06.25][มิ้น] แนะนำหนังสือที่อยากให้อ่านสักครั้ง (ปีศาจตัวนั้น)",120231185859070260,2026-05-02,not_delivering,ad,,,,,0,,0,0,,,,,,,,,2026-05-02,2026-05-02
"[10.05.25][มิ้น] Mid Month May (Promotion_MM)",120228505397720260,2026-05-02,inactive,ad,,,,,0,,0,0,,,,,,,,,2026-05-02,2026-05-02
"[29.01.26][มิ้น] Unboxing หนังสือเล่มแรกของปี 2026 (Trap)",120243758750890260,2026-05-02,not_delivering,ad,,,,,0,,0,0,,,,,,,,,2026-05-02,2026-05-02
"[21.09.24] [มิ้น] คนเราแตกสลายได้กี่ครั้ง",120215869012010260,2026-05-02,inactive,ad,,,,,0,,0,0,,,,,,,,,2026-05-02,2026-05-02
"[03.03.26][มิ้น] ไม่เคยร้องไห้กับหนังสือจนมาเจอ 2 เล่มนี้ (Ghostly) (Remains)",120246203707580260,2026-05-02,not_delivering,ad,,,,,0,,0,0,,,,,,,,,2026-05-02,2026-05-02
"[06.11.25][มิ้น] บางครั้งความรัก (Remains)",120239980067690260,2026-05-02,not_delivering,ad,,,,,0,,0,0,,,,,,,,,2026-05-02,2026-05-02
"[03.09.25][มิ้น] อยากให้ทุกคนอ่าน (Ghostly)",120236576484150260,2026-05-02,not_delivering,ad,,,,,0,,0,0,,,,,,,,,2026-05-02,2026-05-02
"[22.10.25][มิ้น] ประโยคฮีลใจ (Tried)",120239442615680260,2026-05-02,not_delivering,ad,,,,,0,,0,0,,,,,,,,,2026-05-02,2026-05-02
"[16.07.25][มิ้น] แด่ความโดดเดี่ยว (Ghostly)",120235359067140260,2026-05-02,archived,ad,,,,,0,,0,0,,,,,,,,,2026-05-02,2026-05-02
"[01.10.25][มิ้น] Unpack (Ghostly)",120238805818410260,2026-05-02,not_delivering,ad,,,,,0,,0,0,,,,,,,,,2026-05-02,2026-05-02
"[25.04.26][มิ้น] ถ้าอยากเสียน้ำตาต้องอ่านเล่มนี้ (Remains)",120247725788100260,2026-05-02,not_delivering,ad,,,,,0,,0,0,,,,,,,,,2026-05-02,2026-05-02
"[03.09.25][มิ้น] หนังเล่มใหม่ที่อานแล้วน้ำตาซึม (Demons)",120235861558080260,2026-05-02,not_delivering,ad,,,,,0,,0,0,,,,,,,,,2026-05-02,2026-05-02
"[01.10.25][มิ้น] Unpack (Ghostly)",120238530673050260,2026-05-02,not_delivering,ad,,,,,0,,0,0,,,,,,,,,2026-05-02,2026-05-02
"[04.09.25][มิ้น] บางวันเราอาจก้าวได้ไกล (Tried)",120236547470310260,2026-05-02,inactive,ad,,,,,0,,0,0,,,,,,,,,2026-05-02,2026-05-02
"[10.12.25][มิ้น] 12.12 : ซื้อ 3 เล่ม ลด 120.- (Promotion)",120241897956440260,2026-05-02,inactive,ad,,,,,0,,0,0,,,,,,,,,2026-05-02,2026-05-02
"[23.01.26][มิ้น] ถ้านี่ไม่ใช่ของแถมที่เยอะที่สุด (Witches)",120243521984830260,2026-05-02,inactive,ad,,,,,0,,0,0,,,,,,,,,2026-05-02,2026-05-02
"[01.05.26][มิ้น] รีสต็อกเล่มลายเซ็นหมอทานตะวัน (Trap)",120248306461020260,2026-05-02,active,ad,การสนทนาผ่านการส่งข้อความที่เริ่มขึ้น,,,,0,,0,0,,,,,,,,,2026-05-02,2026-05-02
"[24.12.25][มิ้น] ดวงสมพงษ์กัน (Witches)",120243129386480260,2026-05-02,inactive,ad,,,,,0,,0,0,,,,,,,,,2026-05-02,2026-05-02
"[22.10.25][มิ้น] ทำไมซื้อเล่มนี้ (Remains)",120239116794170260,2026-05-02,not_delivering,ad,,,,,0,,0,0,,,,,,,,,2026-05-02,2026-05-02
"[24.07.25][มิ้น] นี่ไม่ใช่แค่ไพ่ดูดวง (Witches)",120233469566100260,2026-05-02,inactive,ad,,,,,0,,0,0,,,,,,,,,2026-05-02,2026-05-02
"[21.09.24] [มิ้น] คนเราแตกสลายได้กี่ครั้ง",120215811964180260,2026-05-02,inactive,ad,,,,,0,,0,0,,,,,,,,,2026-05-02,2026-05-02
"[04.03.26][มิ้น] แม่อยากให้ลูกมั่นคง (Remains)",120245371158160260,2026-05-02,not_delivering,ad,,,,,0,,0,0,,,,,,,,,2026-05-02,2026-05-02
"[23.01.26][มิ้น] หนังสือที่อยากให้อ่าน 2026 (Ghostly) (Reels)",120243521619520260,2026-05-02,not_delivering,ad,,,,,0,,0,0,,,,,,,,,2026-05-02,2026-05-02
"[23.10.24] [มิ้น] โดนตกจากประโยคหลังปก (Life)",120216631343170260,2026-05-02,inactive,ad,,,,,0,,0,0,,,,,,,,,2026-05-02,2026-05-02
"[16.01.25][VDO][มิ้น][Garden_เล่มเดี่ยว] ความรักกับดอกไม้",120220348271880260,2026-05-02,archived,ad,,,,,0,,0,0,,,,,,,,,2026-05-02,2026-05-02
"[03.12.25][มิ้น] เล่มนี้เหมาะกับใคร (Ghostly)",120241546704510260,2026-05-02,inactive,ad,,,,,0,,0,0,,,,,,,,,2026-05-02,2026-05-02
"[09.10.14] [มิ้น] แด่รักข้างเดียว (โอบกอด)",120216147613940260,2026-05-02,inactive,ad,,,,,0,,0,0,,,,,,,,,2026-05-02,2026-05-02
"[09.07.25][มิ้น] รีวิวไม่อวย 8/10 (Ghostly)",120233369285330260,2026-05-02,inactive,ad,,,,,0,,0,0,,,,,,,,,2026-05-02,2026-05-02
"[22.10.25][มิ้น] เพราะในทุกความเกลียด (Remains)",120240664237140260,2026-05-02,inactive,ad,,,,,0,,0,0,,,,,,,,,2026-05-02,2026-05-02
"[24.12.25][มิ้น] การ์ดทำนายดวงที่เซอร์ไพรส์ได้ทุกวัน (Witches)",120243032437580260,2026-05-02,inactive,ad,,,,,0,,0,0,,,,,,,,,2026-05-02,2026-05-02
"[22.03.26][มิ้น] มีประโยคหนึ่งในหนังสือ (Witches)",120247248528550260,2026-05-02,inactive,ad,การสนทนาผ่านการส่งข้อความที่เริ่มขึ้น,,,,0,,0,0,,,,,,,,,2026-05-02,2026-05-02
"[26.04.25][มิ้น] ยอดขาย 10,000 เล่ม (Witches)",120226857917140260,2026-05-02,inactive,ad,,,,,0,,0,0,,,,,,,,,2026-05-02,2026-05-02
"[19.10.25][มิ้น] สัมภาษณ์ลูกค้า ปีศาจ 1,2 (ปีศาจตัวนั้น) (Demon)",120238953328730260,2026-05-02,not_delivering,ad,,,,,0,,0,0,,,,,,,,,2026-05-02,2026-05-02
"[25.07.25][ขมิ้น] Podcast EP.3 ความฝัน (Ghostly)",120233556176910260,2026-05-02,inactive,ad,,,,,0,,0,0,,,,,,,,,2026-05-02,2026-05-02
"[04.05.26][มิ้น] problem solving skills (มนุษย์ต่างวัย) (Trap)",120248372913720260,2026-05-02,not_delivering,ad,การสนทนาผ่านการส่งข้อความที่เริ่มขึ้น,,,,0,,0,0,,,,,,,,,2026-05-02,2026-05-02
"[22.02.25][มิ้น] 5 เทคนิค Manifest (Million)",120232767096980260,2026-05-02,not_delivering,ad,,,,,0,,0,0,,,,,,,,,2026-05-02,2026-05-02
"[02.04.26][มิ้น] คนใจดีมักถูกเอาเปรียบ (Ghostly)",120246687598080260,2026-05-02,inactive,ad,,,,,0,,0,0,,,,,,,,,2026-05-02,2026-05-02
"[19.02.25][มิ้น] 5 ประโยค เปลี่ยนชีวิต (Kidmakk) (Reels)",120243182503030260,2026-05-02,not_delivering,ad,,,,,0,,0,0,,,,,,,,,2026-05-02,2026-05-02
"[06.12.24] [มิ้น] เก็บเงินง่าย ๆ ด้วยกฎ 50 30 20 (Million)",120217605794000260,2026-05-02,inactive,ad,,,,,0,,0,0,,,,,,,,,2026-05-02,2026-05-02
"[12.08.25][มิ้น] ประโยคนี้โคตรจริง (Witches)",120235691581580260,2026-05-02,not_delivering,ad,,,,,0,,0,0,,,,,,,,,2026-05-02,2026-05-02
"[25.03.26][มิ้น] สัมภาษณ์คุณหมึกซึมเชิญชวนมาบูธ (Ghostly)",120246086802200260,2026-05-02,not_delivering,ad,,,,,0,,0,0,,,,,,,,,2026-05-02,2026-05-02
"[01.05.26][มิ้น] รีสต็อกเล่มลายเซ็นหมอทานตะวัน (Trap)",120248169760600260,2026-05-02,active,ad,การสนทนาผ่านการส่งข้อความที่เริ่มขึ้น,6,150.65166667,2436,903.91,2.69495857,8762,6070,4,6,150.65166667,5,27,1.36955033,103.16251997,0.66666667,2026-05-02,2026-05-02
"[03.12.25][มิ้น] ประโยคนี้โคตรทัชใจ (Remains)",120241545825520260,2026-05-02,inactive,ad,,,,,0,,0,0,,,,,,,,,2026-05-02,2026-05-02
"[23.07.25][มิ้น] อ่านแล้วหายเหนื่อย (Tried)",120240096578280260,2026-05-02,not_delivering,ad,,,,,0,,0,0,,,,,,,,,2026-05-02,2026-05-02
"[27.04.26][มิ้น] Love-Hate Relationship (Remains)",120247726512400260,2026-05-02,not_delivering,ad,การสนทนาผ่านการส่งข้อความที่เริ่มขึ้น,,,,0,,0,0,,,,,,,,,2026-05-02,2026-05-02
"[16.01.26][มิ้น] แนะนำหนังสือฟีลเพื่อน (Witches)",120243289256620260,2026-05-02,inactive,ad,,,,,0,,0,0,,,,,,,,,2026-05-02,2026-05-02
"[03.12.25][มิ้น] การ์ดทำนายดวงรายวัน (Witches)",120241544731310260,2026-05-02,inactive,ad,,,,,0,,0,0,,,,,,,,,2026-05-02,2026-05-02
"[29.09.25][มิ้น] เพื่อนที่ดีจะพาก้าวไปข้างหน้า (Demons)",120238217979230260,2026-05-02,inactive,ad,,,,,0,,0,0,,,,,,,,,2026-05-02,2026-05-02
"[19.11.24] [มิ้น] เพราะส่วนลึกที่สุดของทะเล (โอบกอด)",120218860247850260,2026-05-02,not_delivering,ad,,,,,0,,0,0,,,,,,,,,2026-05-02,2026-05-02
"[12.01.26][มิ้น] โปรโมท Live 14/1/2569 (Live) (Reels)",120243146458110260,2026-05-02,not_delivering,ad,,,,,0,,0,0,,,,,,,,,2026-05-02,2026-05-02
"[11.02.25][มิ้น] ฮีลใจเลิฟเวอร์ (Promotion_MM)",120219754457840260,2026-05-02,not_delivering,ad,,,,,0,,0,0,,,,,,,,,2026-05-02,2026-05-02
"[02.06.25][มิ้น] ถ้าแกพร้อมที่จะรักตัวเอง (ปีศาจตัวนั้น)",120234316313690260,2026-05-02,inactive,ad,,,,,0,,0,0,,,,,,,,,2026-05-02,2026-05-02
"[22.03.26][มิ้น] มีประโยคหนึ่งในหนังสือ (Witches)",120246034511960260,2026-05-02,not_delivering,ad,,,,,0,,0,0,,,,,,,,,2026-05-02,2026-05-02
"[01.03.26][มิ้น] รี stock เล่มลายเซ็นหมอทานตะวัน (สัมภาษณ์หมอ) (Trap)",120245068180810260,2026-05-02,not_delivering,ad,,,,,0,,0,0,,,,,,,,,2026-05-02,2026-05-02
"[22.05.25][มิ้น] 5 ข้อคิด (Ghostly)",120229092082940260,2026-05-02,inactive,ad,,,,,0,,0,0,,,,,,,,,2026-05-02,2026-05-02
"[17.03.25][มิ้น] การ์ดอยากบอกอะไรคุณ (Witches)",120222421805100260,2026-05-02,not_delivering,ad,,,,,0,,0,0,,,,,,,,,2026-05-02,2026-05-02
"[29.10.25][มิ้น] 2 หนังสือเรียกน้ำตา (Remains)",120243923495490260,2026-05-02,not_delivering,ad,,,,,0,,0,0,,,,,,,,,2026-05-02,2026-05-02
"[11.02.25][มิ้น] ประโยคหลังปก (Kiwtum)",120219598935850260,2026-05-02,not_delivering,ad,,,,,0,,0,0,,,,,,,,,2026-05-02,2026-05-02
"[01.03.26][มิ้น] รี stock เล่มลายเซ็นหมอทานตะวัน (สัมภาษณ์หมอ) (Trap) (Cross Page)",120245088945840260,2026-05-02,active,ad,การสนทนาผ่านการส่งข้อความที่เริ่มขึ้น,5,128.968,2066,644.84,3.20389554,9679,8360,4,5,128.968,5,38,1.59107346,66.62258498,0.8,2026-05-02,2026-05-02
"[30.10.25][มิ้น] ป้ายยาหนังสือเล่มดัง (ฟิล์ม) (Demons)",120239593460920260,2026-05-02,not_delivering,ad,,,,,0,,0,0,,,,,,,,,2026-05-02,2026-05-02
"[11.02.25][มิ้น] ฮีลใจเลิฟเวอร์ (Promotion_MM)",120219754711910260,2026-05-02,not_delivering,ad,,,,,0,,0,0,,,,,,,,,2026-05-02,2026-05-02
"[23.07.25][มิ้น] อ่านแล้วหายเหนื่อย (Tried)",120245837637310260,2026-05-02,not_delivering,ad,,,,,0,,0,0,,,,,,,,,2026-05-02,2026-05-02
"[29.04.26][มิ้น] โรคนอนไม่หลับ Insomnia (Trap)",120248075180200260,2026-05-02,not_delivering,ad,การสนทนาผ่านการส่งข้อความที่เริ่มขึ้น,1,200.57,339,200.57,1.69018298,1442,1262,1,1,200.57,1,8,2.35783634,139.09153953,1,2026-05-02,2026-05-02
"[03.12.25][มิ้น] น้ำตาซึมไปหลายวัน (Remains)",120242966265870260,2026-05-02,inactive,ad,,,,,0,,0,0,,,,,,,,,2026-05-02,2026-05-02
"[22.05.25][มิ้น] หนังสือใหม่ออกมาอีกละ!!! (Ghostly)",120229378339080260,2026-05-02,inactive,ad,,,,,0,,0,0,,,,,,,,,2026-05-02,2026-05-02
"[17.07.25] [ขมิ้น] Podcast ความสัมพันธ์ Toxic (Ghostly)",120232924603800260,2026-05-02,not_delivering,ad,,,,,0,,0,0,,,,,,,,,2026-05-02,2026-05-02
"[25.03.35][มิ้น] ประโยคหลังปก (Gift) (Reels)",120243183159020260,2026-05-02,not_delivering,ad,,,,,0,,0,0,,,,,,,,,2026-05-02,2026-05-02
"[13.11.25][มิ้น] การนอกใจไม่ใช่เรื่องปกติ (Demons)",120240436553760260,2026-05-02,inactive,ad,,,,,0,,0,0,,,,,,,,,2026-05-02,2026-05-02
"[30.04.26][มิ้น] สัมภาษณ์คุณหมอทานตะวัน 2 หนังสือที่เป็นเหมือนจิตแพทย์ (Trap)",120248155497490260,2026-05-02,not_delivering,ad,การสนทนาผ่านการส่งข้อความที่เริ่มขึ้น,,,,253.26,,1194,906,,,,,10,2.01005025,212.11055276,,2026-05-02,2026-05-02
"[11.02.25][มิ้น] สัมภาษณ์คุณปั๊ม คิ้วต่ำ (Kiwtum)",120221441856470260,2026-05-02,not_delivering,ad,"การซื้อบน Meta",1,199.89,,199.89,,2190,2046,1,4,49.9725,,7,6.07305936,91.2739726,0.25,2026-05-02,2026-05-02
"[06.02.25][มิ้น] ต้องเสียใจอีกกี่ครั้งถึงจะเจอความรักที่ดี (ปีศาจตัวนั้น)",120219540143210260,2026-05-02,inactive,ad,,,,,0,,0,0,,,,,,,,,2026-05-02,2026-05-02
"[23.11.24] [มิ้น] Payday Nov 999.-",120217276702690260,2026-05-02,not_delivering,ad,,,,,0,,0,0,,,,,,,,,2026-05-02,2026-05-02
"[21.03.25][มิ้น] Unboxing newbook (Gift)",120222450894000260,2026-05-02,inactive,ad,,,,,0,,0,0,,,,,,,,,2026-05-02,2026-05-02
"[02.06.25][มิ้น] รีแอค ขมิ้น (Ghostly)",120232764230770260,2026-05-02,not_delivering,ad,,,,,0,,0,0,,,,,,,,,2026-05-02,2026-05-02
"[03.12.25][มิ้น] เล่มนี้ทำน้ำตาไหลหนักมาก (Ghostly)",120243607975880260,2026-05-02,inactive,ad,,,,,0,,0,0,,,,,,,,,2026-05-02,2026-05-02
"[01.03.26][มิ้น] รี stock เล่มลายเซ็นหมอทานตะวัน (สัมภาษณ์หมอ) (Trap)",120245040432670260,2026-05-02,not_delivering,ad,การสนทนาผ่านการส่งข้อความที่เริ่มขึ้น,,,,0,,0,0,,,,,,,,,2026-05-02,2026-05-02
"[03.12.25][มิ้น] เล่มนี้ทำน้ำตาไหลหนักมาก (Ghostly)",120241546902410260,2026-05-02,not_delivering,ad,,,,,0,,0,0,,,,,,,,,2026-05-02,2026-05-02
"[28.11.25][มิ้น] สิ่งที่เป็นอยู่มีความสุขจริงไหม? (Ghostly)",120241209652390260,2026-05-02,inactive,ad,,,,,0,,0,0,,,,,,,,,2026-05-02,2026-05-02
"[10.02.26][มิ้น] ชนแล้วหนี (Remains)",120244223793660260,2026-05-02,not_delivering,ad,,,,,0,,0,0,,,,,,,,,2026-05-02,2026-05-02
"[17.02.26][มิ้น] 20 เล่มลายเซ็น (Trap)",120247120164100260,2026-05-02,not_delivering,ad,การสนทนาผ่านการส่งข้อความที่เริ่มขึ้น,4,143.4225,748,573.69,1.30384005,4787,4128,2,4,143.4225,3,22,1.85920201,119.84332567,0.5,2026-05-02,2026-05-02
"[07.03.25][มิ้น] ASMR Unboxing (Witches)",120221521450010260,2026-05-02,inactive,ad,,,,,0,,0,0,,,,,,,,,2026-05-02,2026-05-02
"[04.02.26][มิ้น] มนุษย์ที่เป็นคนดี (สัมภาษณ์หมอ) (Trap)",120244225614610260,2026-05-02,inactive,ad,,,,,0,,0,0,,,,,,,,,2026-05-02,2026-05-02
"[07.10.25][มิ้น] ชอบคนใจดี (Ghostly)",120239036605880260,2026-05-02,not_delivering,ad,,,,,0,,0,0,,,,,,,,,2026-05-02,2026-05-02
"[18.11.25][มิ้น] อยู่คนเดียวเป็นเรื่องยาก ? (Ghostly)",120241914078040260,2026-05-02,not_delivering,ad,,,,,0,,0,0,,,,,,,,,2026-05-02,2026-05-02
"[21.01.25] [มิ้น] บทที่ 4 จดหมายจากพระจันทร์ (Home)",120218669476360260,2026-05-02,not_delivering,ad,,,,,0,,0,0,,,,,,,,,2026-05-02,2026-05-02
"[26.01.26][มิ้น] หนังสือที่ได้ไปต่อในปี 2026 (Remains)",120243666702940260,2026-05-02,not_delivering,ad,,,,,0,,0,0,,,,,,,,,2026-05-02,2026-05-02
"[03.12.25][มิ้น] เล่มนี้ทำน้ำตาไหลหนักมาก (Ghostly)",120243507704890260,2026-05-02,not_delivering,ad,,,,,0,,0,0,,,,,,,,,2026-05-02,2026-05-02
"[27.01.26][มิ้น] โปรโมท Live 28/1/2569 (Live) (Reels)",120243662416390260,2026-05-02,not_delivering,ad,,,,,0,,0,0,,,,,,,,,2026-05-02,2026-05-02
"[21.12.24] [มิ้น] สัมภาษณ์คุณคิดมาก (kidmakk)",120217962530930260,2026-05-02,not_delivering,ad,,,,,0,,0,0,,,,,,,,,2026-05-02,2026-05-02
"[25.03.26][มิ้น] ชวนมางานหนังสือ (สัมภาษณ์คุณหมอทานตะวัน) (Trap)",120246073302200260,2026-05-02,archived,ad,,,,,0,,0,0,,,,,,,,,2026-05-02,2026-05-02
"[21.09.24] [มิ้น] คนเราแตกสลายได้กี่ครั้ง",120216713189210260,2026-05-01,not_delivering,ad,,,,,0,,0,0,,,,,,,,,2026-05-01,2026-05-01
"[17.09.25][มิ้น] การมีชีวิตที่โดดเดี่ยว (Ghostly)",120237845256810260,2026-05-01,inactive,ad,,,,,0,,0,0,,,,,,,,,2026-05-01,2026-05-01
"[12.08.25][มิ้น] ควรอ่านเล่มนี้ถ้าคุณ (Witches)",120235148632120260,2026-05-01,not_delivering,ad,,,,,0,,0,0,,,,,,,,,2026-05-01,2026-05-01
"[03.09.25][มิ้น] หนังเล่มใหม่ที่อานแล้วน้ำตาซึม (Demons)",120236324479760260,2026-05-01,not_delivering,ad,,,,,0,,0,0,,,,,,,,,2026-05-01,2026-05-01
"[21.09.24] [มิ้น] คนเราแตกสลายได้กี่ครั้ง",120215723178940260,2026-05-01,inactive,ad,,,,,0,,0,0,,,,,,,,,2026-05-01,2026-05-01
"[23.05.25][มิ้น] Payday May (Promotion_Payday)",120229263233770260,2026-05-01,not_delivering,ad,,,,,0,,0,0,,,,,,,,,2026-05-01,2026-05-01
"[02.06.25][มิ้น] หนังสือที่ดูดวงได้ (Witches)",120229859418130260,2026-05-01,inactive,ad,,,,,0,,0,0,,,,,,,,,2026-05-01,2026-05-01
"[13.06.25][มิ้น] หนังสือที่น่าซื้อที่สุดในปฐพี (Witches)",120230769406070260,2026-05-01,inactive,ad,,,,,0,,0,0,,,,,,,,,2026-05-01,2026-05-01
"[03.09.25][มิ้น] หนังเล่มใหม่ที่อานแล้วน้ำตาซึม (Demons)",120236358963740260,2026-05-01,not_delivering,ad,,,,,0,,0,0,,,,,,,,,2026-05-01,2026-05-01
"[20.08.25][มิ้น] ประโยคที่อ่านแล้วน้ำตาซึม (ปีศาจตัวนั้น)",120235258962660260,2026-05-01,not_delivering,ad,,,,,0,,0,0,,,,,,,,,2026-05-01,2026-05-01
"[25.07.25][มิ้น] ข้อความแรกของวัน (Kiwtum)",120233512263340260,2026-05-01,archived,ad,,,,,0,,0,0,,,,,,,,,2026-05-01,2026-05-01
"[08.07.25][มิ้น] หนังสือทะเล (Embrace)",120234400134080260,2026-05-01,inactive,ad,,,,,0,,0,0,,,,,,,,,2026-05-01,2026-05-01
"[02.09.24] [มิ้น] 5 ข้อคิดลบกับตัวเอง (Helmet_Boxset)",120215258457330260,2026-05-01,inactive,ad,,,,,0,,0,0,,,,,,,,,2026-05-01,2026-05-01
"[12.11.24] [มิ้น] 2 หนังสือเล่มใหม่ที่ถูกเขียนด้วยน้ำตา แพ็กคู่ 529",120216989642050260,2026-05-01,not_delivering,ad,,,,,0,,0,0,,,,,,,,,2026-05-01,2026-05-01
"[17.08.24] [มิ้น] เหนื่อยแค่ไหนก็ฮีลใจตัวเองเป็น",120214814651560260,2026-05-01,inactive,ad,,,,,0,,0,0,,,,,,,,,2026-05-01,2026-05-01
"[21.09.24] [มิ้น] คนเราแตกสลายได้กี่ครั้ง",120217554942560260,2026-05-01,not_delivering,ad,,,,,0,,0,0,,,,,,,,,2026-05-01,2026-05-01
"[22.08.25][มิ้น] 3 เหตุผล ที่ต้องอ่าน (Ghostly)",120235868586480260,2026-05-01,not_delivering,ad,,,,,0,,0,0,,,,,,,,,2026-05-01,2026-05-01
"[10.01.25] [มิ้น] หากคุณกำลังแตกสลาย (Embrace)",120218485516510260,2026-05-01,not_delivering,ad,,,,,0,,0,0,,,,,,,,,2026-05-01,2026-05-01
"[23.07.25][มิ้น] อ่านแล้วหายเหนื่อย (Tried)",120234719088420260,2026-05-01,not_delivering,ad,,,,,0,,0,0,,,,,,,,,2026-05-01,2026-05-01
"[13.03.25][มิ้น] Mid Month จับคู่ 2 Boxset 990.- (Promotion_MM)",120222131623830260,2026-05-01,inactive,ad,,,,,0,,0,0,,,,,,,,,2026-05-01,2026-05-01
"[02.06.25][มิ้น] รีแอค ขมิ้น (Ghostly)",120232523446420260,2026-05-01,not_delivering,ad,,,,,0,,0,0,,,,,,,,,2026-05-01,2026-05-01
"[30.03.25][มิ้น] แกล้งทำเป็นมั่นใจ (Witches)",120223303945480260,2026-05-01,inactive,ad,,,,,0,,0,0,,,,,,,,,2026-05-01,2026-05-01
"[29.10.24] [มิ้น] อาจจะเป็นเพราะความรักเป็นสิ่งที่หอมหวาน (ปีศาจความรัก)",120216650233680260,2026-05-01,not_delivering,ad,,,,,0,,0,0,,,,,,,,,2026-05-01,2026-05-01
"[09.09.25][มิ้น] วันนี้เหนื่อยใช่ไหม (Tried)",120236547035940260,2026-05-01,inactive,ad,,,,,0,,0,0,,,,,,,,,2026-05-01,2026-05-01
"[11.02.25][มิ้น] สัมภาษณ์คุณปั๊ม คิ้วต่ำ (Kiwtum)",120221329463410260,2026-05-01,not_delivering,ad,,,,,0,,0,0,,,,,,,,,2026-05-01,2026-05-01
"[15.10.24] [มิ้น] จุดเปลี่ยนของชีวิต (Life)",120216294310900260,2026-05-01,not_delivering,ad,,,,,0,,0,0,,,,,,,,,2026-05-01,2026-05-01
"[22.05.25][มิ้น] จะเป็นยังไง! เมื่อคนที่หมดแพชชัน  ต้องไปเป็นที่ปรึกษาให้เหล่าดวงวิญญาณ (Ghostly)",120229087924610260,2026-05-01,inactive,ad,,,,,0,,0,0,,,,,,,,,2026-05-01,2026-05-01
"[07.03.25][มิ้น] สัมภาษณ์คุณเม เล่มใหม่ล่าสุด (Witches)",120222165219910260,2026-05-01,not_delivering,ad,,,,,0,,0,0,,,,,,,,,2026-05-01,2026-05-01
"[04.12.24] [มิ้น] 5 เทคนิคเก็บเงินง่ายๆ (Million)",120217524655750260,2026-05-01,inactive,ad,,,,,0,,0,0,,,,,,,,,2026-05-01,2026-05-01
"[02.09.24] [มิ้น] น้ำหยดลงหินทุกวัน",120215197500950260,2026-05-01,inactive,ad,,,,,0,,0,0,,,,,,,,,2026-05-01,2026-05-01
"[17.06.25][มิ้น] คุณเคยเสียดายอะไรมั้ย (Ghostly)",120231111152920260,2026-05-01,inactive,ad,,,,,0,,0,0,,,,,,,,,2026-05-01,2026-05-01
"[07.08.25][มิ้น] เล่มใหม่ล่าสุด (Tried)",120234506727130260,2026-05-01,not_delivering,ad,,,,,0,,0,0,,,,,,,,,2026-05-01,2026-05-01
"[24.03.25][มิ้น] 5 ข้อคิดที่ได้จากหนังสือ (Gift)",120222717828890260,2026-05-01,inactive,ad,,,,,0,,0,0,,,,,,,,,2026-05-01,2026-05-01
"[13.08.25][มิ้น] แม้คนในครอบครัวจะจากไป (ปีศาจตัวนั้น)",120234820747350260,2026-05-01,not_delivering,ad,,,,,0,,0,0,,,,,,,,,2026-05-01,2026-05-01
"[30.04.25][มิ้น] จากใจนักเขียน “คิ้วต่ำ” (Kiwtum)",120227299089800260,2026-05-01,inactive,ad,,,,,0,,0,0,,,,,,,,,2026-05-01,2026-05-01
"[22.07.25][มิ้น] เล่มใหม่ออกมาอีกแล้ว (Tried)",120233014563510260,2026-05-01,inactive,ad,,,,,0,,0,0,,,,,,,,,2026-05-01,2026-05-01
"[06.09.24] [มิ้น] โปรโมชั่น 9.9 flow ใหม่",120215379950760260,2026-05-01,inactive,ad,,,,,0,,0,0,,,,,,,,,2026-05-01,2026-05-01
"[13.08.25][มิ้น] โคตรจะชอบประโยคนี้ (Witches)",120234825730700260,2026-05-01,inactive,ad,,,,,0,,0,0,,,,,,,,,2026-05-01,2026-05-01
"[22.05.25][มิ้น] หนังสือใหม่ออกมาอีกละ!!! (Ghostly)",120229079814190260,2026-05-01,inactive,ad,,,,,0,,0,0,,,,,,,,,2026-05-01,2026-05-01
"[23.10.24] [มิ้น] โดนตกจากประโยคหลังปก (Life)",120216499891260260,2026-05-01,not_delivering,ad,,,,,0,,0,0,,,,,,,,,2026-05-01,2026-05-01
"[22.07.25][มิ้น] 5 สัญญาณที่บอกว่าเราเครียด (Tried)",120233222467930260,2026-05-01,not_delivering,ad,,,,,0,,0,0,,,,,,,,,2026-05-01,2026-05-01
"[14.07.25][มิ้น] 5 สัญญาณ Toxic (Ghostly)",120232821171750260,2026-05-01,inactive,ad,,,,,0,,0,0,,,,,,,,,2026-05-01,2026-05-01
"[23.10.24] [มิ้น] โดนตกจากประโยคหลังปก (Life)",120216829371800260,2026-05-01,not_delivering,ad,,,,,0,,0,0,,,,,,,,,2026-05-01,2026-05-01
"[12.08.25][มิ้น] ควรอ่านเล่มนี้ถ้าคุณ (Witches)",120234722299570260,2026-05-01,inactive,ad,,,,,0,,0,0,,,,,,,,,2026-05-01,2026-05-01
"[24.12.24] [มิ้น] Payday นี้รวมแพ็กฮีลใจเล่มใหม่ (Promotion_Payday)",120218079584100260,2026-05-01,not_delivering,ad,,,,,0,,0,0,,,,,,,,,2026-05-01,2026-05-01
"[04.12.24] [มิ้น] 5 เทคนิคเก็บเงินง่ายๆ (Million)",120217524662290260,2026-05-01,inactive,ad,,,,,0,,0,0,,,,,,,,,2026-05-01,2026-05-01
"[03.09.25][มิ้น] หนังเล่มใหม่ที่อานแล้วน้ำตาซึม (Demons)",120236358963800260,2026-05-01,not_delivering,ad,,,,,0,,0,0,,,,,,,,,2026-05-01,2026-05-01
"[06.08.25][มิ้น] วันไหนไม่ไหว แวะมาอ่าน (Tried)",120234613000220260,2026-05-01,not_delivering,ad,,,,,0,,0,0,,,,,,,,,2026-05-01,2026-05-01
"[11.02.25][มิ้น] สัมภาษณ์คุณปั๊ม คิ้วต่ำ (Kiwtum)",120221825510110260,2026-05-01,inactive,ad,,,,,0,,0,0,,,,,,,,,2026-05-01,2026-05-01
"[17.03.25][มิ้น] การ์ดอยากบอกอะไรคุณ (Witches)",120222333547920260,2026-05-01,not_delivering,ad,,,,,0,,0,0,,,,,,,,,2026-05-01,2026-05-01
"[11.10.25][มิ้น] ถ้าวันไหนไม่มีใครเข้าใจ (Tried)",120238409069070260,2026-05-01,not_delivering,ad,,,,,0,,0,0,,,,,,,,,2026-05-01,2026-05-01
"[12.08.25][มิ้น] ประโยคนี้โคตรจริง (Witches)",120234722397390260,2026-05-01,inactive,ad,,,,,0,,0,0,,,,,,,,,2026-05-01,2026-05-01
"[22.10.25][มิ้น] หนังสือได้ออกทีวี (Demons)",120239112704950260,2026-05-01,inactive,ad,,,,,0,,0,0,,,,,,,,,2026-05-01,2026-05-01
"[04.12.24] [มิ้น] 5 เทคนิคเก็บเงินง่ายๆ (Million)",120217524670740260,2026-05-01,not_delivering,ad,,,,,0,,0,0,,,,,,,,,2026-05-01,2026-05-01
"[12.08.25][มิ้น] ควรอ่านเล่มนี้ถ้าคุณ (Witches)",120235162743250260,2026-05-01,not_delivering,ad,,,,,0,,0,0,,,,,,,,,2026-05-01,2026-05-01
"[29.09.25][มิ้น] ปีศาจใหม่มันกลับมาอีกแล้ว (Demons)",120238434730060260,2026-05-01,not_delivering,ad,,,,,0,,0,0,,,,,,,,,2026-05-01,2026-05-01
"[11.02.25][มิ้น] Unboxing new book (Kiwtum)",120219869227640260,2026-05-01,not_delivering,ad,,,,,0,,0,0,,,,,,,,,2026-05-01,2026-05-01
"[25.03.25][มิ้น] บทที่ 25 ขอบคุณสำหรับทุกอย่างที่ผ่านมา (Embrace)",120222718080890260,2026-05-01,inactive,ad,,,,,0,,0,0,,,,,,,,,2026-05-01,2026-05-01
"[21.01.25] [มิ้น] สถานที่ที่ปลอดภัยที่สุด (Home)",120218669503520260,2026-05-01,not_delivering,ad,,,,,0,,0,0,,,,,,,,,2026-05-01,2026-05-01
"[05.08.25][มิ้น] ไม่เคยให้กำลังใจตัวเอง (Home)",120234400989730260,2026-05-01,not_delivering,ad,,,,,0,,0,0,,,,,,,,,2026-05-01,2026-05-01
"[08.08.25][มิ้น] ร้องไห้บนรถไฟฟ้า (Ghostly)",120236739604820260,2026-05-01,inactive,ad,,,,,0,,0,0,,,,,,,,,2026-05-01,2026-05-01
"[09.07.25][มิ้น] วันไหนที่ใจแข็งแรงดอกไม้จะผลิบาน (Garden_เล่มเดี่ยว)",120232526677800260,2026-05-01,not_delivering,ad,,,,,0,,0,0,,,,,,,,,2026-05-01,2026-05-01
"[08.09.25][มิ้น] 5 ข้อคิดจากหนังสือ (Demons)",120236832228880260,2026-05-01,inactive,ad,,,,,0,,0,0,,,,,,,,,2026-05-01,2026-05-01
"[19.11.24] [มิ้น] เพราะส่วนลึกที่สุดของทะเล (โอบกอด)",120217502402920260,2026-05-01,not_delivering,ad,,,,,0,,0,0,,,,,,,,,2026-05-01,2026-05-01
"[04.10.24] [มิ้น] ถ้าวันนี้เป็นวันสุดท้าย คุณจะทำอะไร? (Ghost)",120216040197210260,2026-05-01,not_delivering,ad,,,,,0,,0,0,,,,,,,,,2026-05-01,2026-05-01
"[10.09.25][มิ้น] เคยไหม แพ้เสียงในหัวตัวเอง (Demons)",120236625806110260,2026-05-01,not_delivering,ad,,,,,0,,0,0,,,,,,,,,2026-05-01,2026-05-01
"[11.06.25][มิ้น] ชายคนหนึ่งตกหลุมรักสาวใบ้ (Ghostly)",120232158783980260,2026-05-01,not_delivering,ad,,,,,0,,0,0,,,,,,,,,2026-05-01,2026-05-01
"[27.11.25][มิ้น] ตอบคอมเมนต์ อ่านเล่ม 2 เลยได้ไหม (Demons)",120241143672550260,2026-05-01,inactive,ad,,,,,0,,0,0,,,,,,,,,2026-05-01,2026-05-01
"[02.06.25][มิ้น] รีแอค ขมิ้น (Ghostly)",120231946918740260,2026-05-01,inactive,ad,,,,,0,,0,0,,,,,,,,,2026-05-01,2026-05-01
"[03.05.25][มิ้น] 5.5 จัดโปร Boxset ฮีลใจ 555.- (Promotion_DD)",120227797678280260,2026-05-01,inactive,ad,,,,,0,,0,0,,,,,,,,,2026-05-01,2026-05-01
"[13.11.24] [มิ้น] แยกย้ายไปเติบโต (โอบกอด)",120216996665780260,2026-05-01,inactive,ad,,,,,0,,0,0,,,,,,,,,2026-05-01,2026-05-01
"[21.09.24] [มิ้น] คนเราแตกสลายได้กี่ครั้ง",120216668670730260,2026-05-01,not_delivering,ad,,,,,0,,0,0,,,,,,,,,2026-05-01,2026-05-01
"[24.10.24] [มิ้น] Payday นี้ เทโปรแรง จนขนลุก",120216536721530260,2026-05-01,not_delivering,ad,,,,,0,,0,0,,,,,,,,,2026-05-01,2026-05-01
"[01.12.25][มิ้น] 5 ประโยคจุกอก (ปีศาจตัวนั้น)",120241544750870260,2026-05-01,archived,ad,,,,,0,,0,0,,,,,,,,,2026-05-01,2026-05-01
"[03.09.25][มิ้น] อยากให้ทุกคนอ่าน (Ghostly)",120236575412200260,2026-05-01,not_delivering,ad,,,,,0,,0,0,,,,,,,,,2026-05-01,2026-05-01
"[07.10.24] [มิ้น] หมูเด้งดังแล้ว อย่าลืมคาปิบาร่า (คาปิบาร่า_box set)",120216121992430260,2026-05-01,inactive,ad,,,,,0,,0,0,,,,,,,,,2026-05-01,2026-05-01
"[21.09.24] [มิ้น] คนเราแตกสลายได้กี่ครั้ง",120216689813040260,2026-05-01,not_delivering,ad,,,,,0,,0,0,,,,,,,,,2026-05-01,2026-05-01
"[23.10.24] [มิ้น] โดนตกจากประโยคหลังปก (Life)",120216576737330260,2026-05-01,not_delivering,ad,,,,,0,,0,0,,,,,,,,,2026-05-01,2026-05-01
"[13.11.24] [มิ้น] การเป็นตัวเองทำให้รู้สึกไม่มั่นใจ (Helmet_Boxset)",120216996599520260,2026-05-01,not_delivering,ad,,,,,0,,0,0,,,,,,,,,2026-05-01,2026-05-01
"[06.03.26][มิ้น] บทที่ 8 เราต่างกันเกินไป (Embrace)",120245219215280260,2026-05-01,not_delivering,ad,,,,,0,,0,0,,,,,,,,,2026-05-01,2026-05-01
"[21.09.24] [มิ้น] คนเราแตกสลายได้กี่ครั้ง",120217430655790260,2026-05-01,not_delivering,ad,,,,,0,,0,0,,,,,,,,,2026-05-01,2026-05-01
"[21.01.25] [มิ้น] สถานที่ที่ปลอดภัยที่สุด (Home)",120218668178870260,2026-05-01,not_delivering,ad,,,,,0,,0,0,,,,,,,,,2026-05-01,2026-05-01
"[07.06.25][มิ้น] หนังสือใหม่กลิ่นหอมมาก (Ghostly)",120230120421370260,2026-05-01,inactive,ad,,,,,0,,0,0,,,,,,,,,2026-05-01,2026-05-01
"[10.12.24] [มิ้น] 12.12 แจกสุขส่งท้ายปี",120217673365280260,2026-05-01,archived,ad,,,,,0,,0,0,,,,,,,,,2026-05-01,2026-05-01
"[07.10.25][มิ้น] ชอบคนใจดี (Ghostly)",120239036662700260,2026-05-01,not_delivering,ad,,,,,0,,0,0,,,,,,,,,2026-05-01,2026-05-01
"[24.12.25][มิ้น] อย่ากลัวที่จะโดดเดี่ยว (Ghostly)",120242967762990260,2026-05-01,archived,ad,,,,,0,,0,0,,,,,,,,,2026-05-01,2026-05-01
"[11.02.25][มิ้น] สัมภาษณ์คุณปั๊ม คิ้วต่ำ (Kiwtum)",120221001878400260,2026-05-01,not_delivering,ad,,,,,0,,0,0,,,,,,,,,2026-05-01,2026-05-01
"[11.12.24] [มิ้น] Unbox นี่คือหนังสือสรุปการเงินที่เข้าใจง่าย (Million)",120217743316290260,2026-05-01,inactive,ad,,,,,0,,0,0,,,,,,,,,2026-05-01,2026-05-01
"[02.04.26][มิ้น] อย่าปล่อยให้อีโก้ (Trap)",120247605233680260,2026-05-01,not_delivering,ad,การสนทนาผ่านการส่งข้อความที่เริ่มขึ้น,,,,0,,0,0,,,,,,,,,2026-05-01,2026-05-01
"[19.11.24] [มิ้น] เพราะส่วนลึกที่สุดของทะเล (โอบกอด)",120217908371210260,2026-05-01,inactive,ad,,,,,0,,0,0,,,,,,,,,2026-05-01,2026-05-01
"[02.04.26][มิ้น] อย่าปล่อยให้อีโก้ (Trap)",120248070542200260,2026-05-01,not_delivering,ad,การสนทนาผ่านการส่งข้อความที่เริ่มขึ้น,,,,182.36,,690,620,,,,,2,7.82608696,264.28985507,,2026-05-01,2026-05-01
"[02.05.26][มิ้น] มองปัญหาให้เป็นการเรียนรู้ (Witches)",120248232571620260,2026-05-01,not_delivering,ad,การสนทนาผ่านการส่งข้อความที่เริ่มขึ้น,,,,0,,0,0,,,,,,,,,2026-05-01,2026-05-01
"[11.03.26][มิ้น] ฉันจะมีชีวิตที่ดี (Kidmakk)",120245422532230260,2026-05-01,not_delivering,ad,,,,,0,,0,0,,,,,,,,,2026-05-01,2026-05-01
"[11.02.25][มิ้น] สัมภาษณ์คุณปั๊ม คิ้วต่ำ (Kiwtum)",120220060200360260,2026-05-01,inactive,ad,,,,,0,,0,0,,,,,,,,,2026-05-01,2026-05-01
"[03.03.26][มิ้น] ไม่เคยร้องไห้กับหนังสือจนมาเจอ 2 เล่มนี้ (Ghostly) (Remains)",120246033749230260,2026-05-01,not_delivering,ad,,,,,0,,0,0,,,,,,,,,2026-05-01,2026-05-01
"[03.03.26][มิ้น] ไม่เคยร้องไห้กับหนังสือจนมาเจอ 2 เล่มนี้ (Ghostly) (Remains)",120247427758590260,2026-05-01,inactive,ad,การสนทนาผ่านการส่งข้อความที่เริ่มขึ้น,,,,0,,0,0,,,,,,,,,2026-05-01,2026-05-01
"[24.07.25][มิ้น] ฝนตกแบบนี้ยังมีไปรษณีย์มาส่ง (Ghostly)",120233475158630260,2026-05-01,not_delivering,ad,,,,,0,,0,0,,,,,,,,,2026-05-01,2026-05-01
"[24.03.25][มิ้น] 5 ข้อคิดที่ได้จากหนังสือ (Gift)",120222654403270260,2026-05-01,inactive,ad,,,,,0,,0,0,,,,,,,,,2026-05-01,2026-05-01
"[29.03.26][มิ้น] เล่มลายเซ็นนักเขียนหมึกซึม (Ghostly) (Remains)",120246468504980260,2026-05-01,not_delivering,ad,,,,,0,,0,0,,,,,,,,,2026-05-01,2026-05-01
"[09.09.25][มิ้น] ประโยคนี้เตือนสติ (Witches)",120236551109280260,2026-05-01,not_delivering,ad,,,,,0,,0,0,,,,,,,,,2026-05-01,2026-05-01
"[21.03.25][มิ้น] Unboxing newbook (Gift)",120222451540920260,2026-05-01,inactive,ad,,,,,0,,0,0,,,,,,,,,2026-05-01,2026-05-01
"[17.03.25][มิ้น] การ์ดอยากบอกอะไรคุณ (Witches)",120222281364600260,2026-05-01,inactive,ad,,,,,0,,0,0,,,,,,,,,2026-05-01,2026-05-01
"[21.01.25] [มิ้น] Unboxing หนังสือฮีลใจเล่มใหม่ 2025 (Home)",120218671600690260,2026-05-01,not_delivering,ad,,,,,0,,0,0,,,,,,,,,2026-05-01,2026-05-01
"[04.02.26][มิ้น] มนุษย์ที่เป็นคนดี (สัมภาษณ์หมอ) (Trap)",120245891795580260,2026-05-01,not_delivering,ad,การสนทนาผ่านการส่งข้อความที่เริ่มขึ้น,,,,0,,0,0,,,,,,,,,2026-05-01,2026-05-01
"[26.11.24] [มิ้น] เงินเดือนก็พอใช้อยู่แล้ว (ปีศาจการเงิน)",120217325231390260,2026-05-01,not_delivering,ad,,,,,0,,0,0,,,,,,,,,2026-05-01,2026-05-01
"[03.03.26][มิ้น] ไม่เคยร้องไห้กับหนังสือจนมาเจอ 2 เล่มนี้ (Ghostly) (Remains)",120246838131460260,2026-05-01,inactive,ad,การสนทนาผ่านการส่งข้อความที่เริ่มขึ้น,,,,0,,0,0,,,,,,,,,2026-05-01,2026-05-01
"[07.03.25][มิ้น] วันนี้คุณเหนื่อยไหม (Embrace)",120221523412410260,2026-05-01,inactive,ad,,,,,0,,0,0,,,,,,,,,2026-05-01,2026-05-01
"[17.02.26][มิ้น] 20 เล่มลายเซ็น (Trap)",120244506815120260,2026-05-01,not_delivering,ad,,,,,0,,0,0,,,,,,,,,2026-05-01,2026-05-01
"[21.04.26][มิ้น] บุฟเฟต์ฮีลใจ (Promotion)",120247438983290260,2026-05-01,not_delivering,ad,การสนทนาผ่านการส่งข้อความที่เริ่มขึ้น,,,,0,,0,0,,,,,,,,,2026-05-01,2026-05-01
"[13.04.26][มิ้น] อยู่อย่างโดดเดี่ยว ก็ไม่ได้แย่เสมอไป (Ghostly)",120247192997980260,2026-05-01,not_delivering,ad,,,,,0,,0,0,,,,,,,,,2026-05-01,2026-05-01
"[09.07.25][มิ้น] รีวิวไม่อวย 8/10 (Ghostly)",120233369040150260,2026-05-01,inactive,ad,,,,,0,,0,0,,,,,,,,,2026-05-01,2026-05-01
"[15.10.24] [มิ้น] จุดเปลี่ยนของชีวิต (Life)",120216340907800260,2026-05-01,inactive,ad,,,,,0,,0,0,,,,,,,,,2026-05-01,2026-05-01
"[08.04.26][มิ้น] อยากเป็นคนแบบไหนให้เป็นคนแบบนั้น (Witches)",120246834617690260,2026-05-01,inactive,ad,การสนทนาผ่านการส่งข้อความที่เริ่มขึ้น,,,,0,,0,0,,,,,,,,,2026-05-01,2026-05-01
"[21.01.25] [มิ้น] บทที่ 4 จดหมายจากพระจันทร์ (Home)",120218669546790260,2026-05-01,not_delivering,ad,,,,,0,,0,0,,,,,,,,,2026-05-01,2026-05-01
"[04.03.26][มิ้น] อยู่ต่อหรือลาออก (Tried)",120245214807230260,2026-05-01,not_delivering,ad,,,,,0,,0,0,,,,,,,,,2026-05-01,2026-05-01
"[19.11.24] [มิ้น] เพราะส่วนลึกที่สุดของทะเล (โอบกอด)",120217324834740260,2026-05-01,inactive,ad,,,,,0,,0,0,,,,,,,,,2026-05-01,2026-05-01
"[24.02.26][มิ้น] แมวที่เก็บมาเลี้ยงหายไป (Ghostly)",120244936014400260,2026-05-01,not_delivering,ad,,,,,0,,0,0,,,,,,,,,2026-05-01,2026-05-01
"[21.09.24] [มิ้น] คนเราแตกสลายได้กี่ครั้ง",120216728822800260,2026-05-01,inactive,ad,,,,,0,,0,0,,,,,,,,,2026-05-01,2026-05-01
"[21.01.25] [มิ้น] สถานที่ที่ปลอดภัยที่สุด (Home)",120218669476350260,2026-05-01,not_delivering,ad,,,,,0,,0,0,,,,,,,,,2026-05-01,2026-05-01
"[04.02.26][มิ้น] มนุษย์ที่เป็นคนดี (สัมภาษณ์หมอ) (Trap) (Click)",120244547996470260,2026-05-01,not_delivering,ad,,,,,0,,0,0,,,,,,,,,2026-05-01,2026-05-01
"[11.02.25][มิ้น] ประโยคหลังปก (Kiwtum)",120219599842250260,2026-05-01,not_delivering,ad,,,,,0,,0,0,,,,,,,,,2026-05-01,2026-05-01
"[11.02.25][มิ้น] สัมภาษณ์คุณปั๊ม คิ้วต่ำ (Kiwtum)",120219600093230260,2026-05-01,inactive,ad,,,,,0,,0,0,,,,,,,,,2026-05-01,2026-05-01
"[20.03.26][มิ้น] คนคิดเยอะมักเจ็บจากความคิดตัวเอง (Trap)",120245846570590260,2026-05-01,not_delivering,ad,,,,,0,,0,0,,,,,,,,,2026-05-01,2026-05-01
"[04.03.26][มิ้น] อยู่ต่อหรือลาออก (Tried)",120245170261570260,2026-05-01,not_delivering,ad,,,,,0,,0,0,,,,,,,,,2026-05-01,2026-05-01
"[02.04.26][มิ้น] คนใจดีมักถูกเอาเปรียบ (Ghostly)",120246835244870260,2026-05-01,inactive,ad,,,,,0,,0,0,,,,,,,,,2026-05-01,2026-05-01
"[28.02.25][มิ้น] 3.3 ชีเสิร์ฟไม่พัก ซื้อ 3 แถม 1 (Promotion_DD)",120221295479100260,2026-05-01,not_delivering,ad,,,,,0,,0,0,,,,,,,,,2026-05-01,2026-05-01
"[22.01.25] [มิ้น] หนังสือเล่มนี้ที่อยากบอกคุณว่า (ปีศาจตัวนั้น)",120219288907750260,2026-05-01,inactive,ad,,,,,0,,0,0,,,,,,,,,2026-05-01,2026-05-01
"[29.01.26][มิ้น] Unboxing หนังสือเล่มแรกของปี 2026 (Trap)",120245371476710260,2026-05-01,not_delivering,ad,,,,,0,,0,0,,,,,,,,,2026-05-01,2026-05-01
"[23.07.25][มิ้น] อ่านแล้วหายเหนื่อย (Tried)",120245505030860260,2026-05-01,not_delivering,ad,,,,,0,,0,0,,,,,,,,,2026-05-01,2026-05-01
"[04.06.25][มิ้น] รีวิวหนังสือเล่มดัง (ปีศาจตัวนั้น)",120234067024150260,2026-05-01,inactive,ad,,,,,0,,0,0,,,,,,,,,2026-05-01,2026-05-01
"[21.03.25][มิ้น] Unboxing newbook (Gift)",120222457757270260,2026-05-01,inactive,ad,,,,,0,,0,0,,,,,,,,,2026-05-01,2026-05-01
"[19.03.25][มิ้น] สัมภาษณ์คุณปั๊มลายเซ็น (Kiwtum)",120222379628490260,2026-05-01,inactive,ad,,,,,0,,0,0,,,,,,,,,2026-05-01,2026-05-01
"[25.04.25][มิ้น] หนังสือที่ทำให้อยากใช้ชีวิตเพื่อตัวเอง (Kiwtum)",120226731889470260,2026-05-01,inactive,ad,,,,,0,,0,0,,,,,,,,,2026-05-01,2026-05-01
"[26.04.25][มิ้น] ยอดขาย 10,000 เล่ม (Witches)",120226857753660260,2026-05-01,inactive,ad,,,,,0,,0,0,,,,,,,,,2026-05-01,2026-05-01
"[22.05.25][มิ้น] 5 ข้อคิด (Ghostly)",120229512329500260,2026-05-01,inactive,ad,,,,,0,,0,0,,,,,,,,,2026-05-01,2026-05-01
"[07.04.25][มิ้น] “ทำเต็มที่ที่ดีสุด” ไม่เท่ากัน (Embrace)",120224923030690260,2026-05-01,inactive,ad,,,,,0,,0,0,,,,,,,,,2026-05-01,2026-05-01
"[02.04.26][มิ้น] อย่าปล่อยให้อีโก้ (Trap)",120248276125810260,2026-05-01,not_delivering,ad,การสนทนาผ่านการส่งข้อความที่เริ่มขึ้น,,,,0,,0,0,,,,,,,,,2026-05-01,2026-05-01
"[21.03.25][มิ้น] Unboxing newbook (Gift)",120222451522520260,2026-05-01,inactive,ad,,,,,0,,0,0,,,,,,,,,2026-05-01,2026-05-01
"[22.05.25][มิ้น] 5 ข้อคิด (Ghostly)",120229092583950260,2026-05-01,inactive,ad,,,,,0,,0,0,,,,,,,,,2026-05-01,2026-05-01
"[03.09.25][มิ้น] เล่มใหม่ให้ 1000/100 (Demons)",120235869179090260,2026-05-01,not_delivering,ad,,,,,0,,0,0,,,,,,,,,2026-05-01,2026-05-01
"[11.02.25][มิ้น] สัมภาษณ์คุณปั๊ม คิ้วต่ำ (Kiwtum)",120219599771730260,2026-05-01,inactive,ad,,,,,0,,0,0,,,,,,,,,2026-05-01,2026-05-01
"[21.03.25][มิ้น] สัมภาษณ์คุณบุ๋ม (Gift)",120222451540900260,2026-05-01,inactive,ad,,,,,0,,0,0,,,,,,,,,2026-05-01,2026-05-01
"[03.07.24] [มิ้น] ปล่อยให้ตัวเองเศร้าบ้างก็ได้",120214870359540260,2026-05-01,inactive,ad,,,,,0,,0,0,,,,,,,,,2026-05-01,2026-05-01
"[07.05.25][มิ้น] ชีวิตที่ดูแย่ (Witches)",120228324823780260,2026-05-01,inactive,ad,,,,,0,,0,0,,,,,,,,,2026-05-01,2026-05-01
"[11.02.25][มิ้น] Unboxing new book (Kiwtum)",120219598317550260,2026-05-01,inactive,ad,,,,,0,,0,0,,,,,,,,,2026-05-01,2026-05-01
"[07.04.25][มิ้น] สัมภาษณ์คุณพราวงานหนังสือ (Home)",120224924557780260,2026-05-01,inactive,ad,,,,,0,,0,0,,,,,,,,,2026-05-01,2026-05-01
"[22.05.25][มิ้น] 5 ข้อคิด (Ghostly)",120229091502610260,2026-05-01,inactive,ad,,,,,0,,0,0,,,,,,,,,2026-05-01,2026-05-01
"[10.11.25][มิ้น] ป้ายยาหนังสือ 7 เล่ม (E-Book)",120240281961660260,2026-05-01,inactive,ad,,,,,0,,0,0,,,,,,,,,2026-05-01,2026-05-01
"[22.05.25][มิ้น] จะเป็นยังไง! เมื่อคนที่หมดแพชชัน  ต้องไปเป็นที่ปรึกษาให้เหล่าดวงวิญญาณ (Ghostly)",120229092082970260,2026-05-01,inactive,ad,,,,,0,,0,0,,,,,,,,,2026-05-01,2026-05-01
"[24.02.25][มิ้น] บทที่ 1 ที่คิ้วต่ำอยากแนะนำ (Kiwtum)",120221442077700260,2026-05-01,inactive,ad,,,,,0,,0,0,,,,,,,,,2026-05-01,2026-05-01
"[24.01.25] [มิ้น] PAYDAY นี้ จ่าย 1 ได้ถึง 5 (Promotion_Payday)",120219260332190260,2026-05-01,not_delivering,ad,,,,,0,,0,0,,,,,,,,,2026-05-01,2026-05-01
"[18.04.25][มิ้น] ก่อนนอน อยากให้คุณได้อ่าน (Kiwtum)",120226166146280260,2026-05-01,inactive,ad,,,,,0,,0,0,,,,,,,,,2026-05-01,2026-05-01
"[11.02.25][มิ้น] 5 ข้อคิด (Kiwtum)",120219733072010260,2026-05-01,inactive,ad,,,,,0,,0,0,,,,,,,,,2026-05-01,2026-05-01
"[27.03.26][มิ้น] BookFair : พาชมบรรยากาศงานหนังสือครั้งที่ 54 (Promotion)",120246411925040260,2026-05-01,not_delivering,ad,,,,,0,,0,0,,,,,,,,,2026-05-01,2026-05-01
"[19.11.24] [มิ้น] เพราะส่วนลึกที่สุดของทะเล (โอบกอด)",120217898480830260,2026-05-01,not_delivering,ad,,,,,0,,0,0,,,,,,,,,2026-05-01,2026-05-01
"[09.08.24] [มิ้น] อยากมีคาปิบาร่าเป็นของตัวเอง (คาปิบาร่า_box set)",120214628201150260,2026-05-01,inactive,ad,,,,,0,,0,0,,,,,,,,,2026-05-01,2026-05-01
"[01.03.26][มิ้น] รี stock เล่มลายเซ็นหมอทานตะวัน (สัมภาษณ์หมอ) (Trap)",120247171600720260,2026-05-01,not_delivering,ad,การสนทนาผ่านการส่งข้อความที่เริ่มขึ้น,,,,0,,0,0,,,,,,,,,2026-05-01,2026-05-01
"[17.02.26][มิ้น] 20 เล่มลายเซ็น (Trap)",120247120106440260,2026-05-01,not_delivering,ad,,,,,0,,0,0,,,,,,,,,2026-05-01,2026-05-01
"[17.02.26][มิ้น] 20 เล่มลายเซ็น (Trap)",120245605398060260,2026-05-01,not_delivering,ad,,,,,0,,0,0,,,,,,,,,2026-05-01,2026-05-01
"[21.09.24] [มิ้น] คนเราแตกสลายได้กี่ครั้ง",120216015666700260,2026-05-01,inactive,ad,,,,,0,,0,0,,,,,,,,,2026-05-01,2026-05-01
"[04.02.26][มิ้น] มนุษย์ที่เป็นคนดี (สัมภาษณ์หมอ) (Trap)",120247044866530260,2026-05-01,not_delivering,ad,การสนทนาผ่านการส่งข้อความที่เริ่มขึ้น,,,,0,,0,0,,,,,,,,,2026-05-01,2026-05-01
"[08.04.26][มิ้น] ยังคงชอบประโยคที่ว่า (Kiwtum)",120246834961470260,2026-05-01,inactive,ad,,,,,0,,0,0,,,,,,,,,2026-05-01,2026-05-01
"[21.01.25] [มิ้น] สถานที่ที่ปลอดภัยที่สุด (Home)",120218669546800260,2026-05-01,not_delivering,ad,,,,,0,,0,0,,,,,,,,,2026-05-01,2026-05-01
"[11.02.25][มิ้น] สัมภาษณ์คุณปั๊ม คิ้วต่ำ (Kiwtum) คลิปสั้น",120221484529520260,2026-05-01,inactive,ad,,,,,0,,0,0,,,,,,,,,2026-05-01,2026-05-01
"[11.02.25][มิ้น] 5 ข้อคิด (Kiwtum)",120219599842230260,2026-05-01,not_delivering,ad,,,,,0,,0,0,,,,,,,,,2026-05-01,2026-05-01
"[01.03.26][มิ้น] รี stock เล่มลายเซ็นหมอทานตะวัน (สัมภาษณ์หมอ) (Trap) (Cross Page)",120248070358820260,2026-05-01,not_delivering,ad,การสนทนาผ่านการส่งข้อความที่เริ่มขึ้น,1,178.82,,178.82,,1966,1787,,1,178.82,,15,2.2380468,90.95625636,0,2026-05-01,2026-05-01
"[16.01.25][VDO][มิ้น][Garden_เล่มเดี่ยว] ความรักกับดอกไม้",120218618288140260,2026-05-01,inactive,ad,,,,,0,,0,0,,,,,,,,,2026-05-01,2026-05-01
"[22.05.25][มิ้น] หนังสือใหม่ออกมาอีกละ!!! (Ghostly)",120229092082960260,2026-05-01,inactive,ad,,,,,0,,0,0,,,,,,,,,2026-05-01,2026-05-01
"[24.04.26][มิ้น] โดนนอกใจทำยังไงดี? (Trap)",120247710533900260,2026-05-01,not_delivering,ad,,,,,0,,0,0,,,,,,,,,2026-05-01,2026-05-01
"[27.04.26][มิ้น] Love-Hate Relationship (Remains)",120248233646280260,2026-05-01,active,ad,การเข้าถึง,0,,,0,,0,0,,,,,,,,,2026-05-01,2026-05-01
"[22.05.25][มิ้น] 5 ข้อคิด (Ghostly)",120229087924620260,2026-05-01,inactive,ad,,,,,0,,0,0,,,,,,,,,2026-05-01,2026-05-01
"[07.03.25][มิ้น] ASMR Unboxing (Witches) - Copy",120222333463840260,2026-05-01,archived,ad,,,,,0,,0,0,,,,,,,,,2026-05-01,2026-05-01
"[30.04.26][มิ้น] อยู่คนเดียวเวลาไม่สบายใจ (Ghostly)",120248076117800260,2026-05-01,not_delivering,ad,การสนทนาผ่านการส่งข้อความที่เริ่มขึ้น,,,,242.73,,2655,2174,,,,,9,4.7834275,91.42372881,,2026-05-01,2026-05-01
"[22.05.25][มิ้น] 5 ข้อคิด (Ghostly)",120229082327440260,2026-05-01,inactive,ad,,,,,0,,0,0,,,,,,,,,2026-05-01,2026-05-01
"[27.08.25][มิ้น] ซื้อ Boxset แถม Magic Planner (Witches)",120235755272030260,2026-05-01,not_delivering,ad,,,,,0,,0,0,,,,,,,,,2026-05-01,2026-05-01
"[13.12.24] [มิ้น] อยากให้ตัวเองในอนาคตได้อ่านประโยคนี้ (Ghost) (Reels)",120243383428580260,2026-05-01,not_delivering,ad,,,,,0,,0,0,,,,,,,,,2026-05-01,2026-05-01
"[23.07.25][มิ้น] อ่านแล้วหายเหนื่อย (Tried)",120234442609650260,2026-05-01,not_delivering,ad,,,,,0,,0,0,,,,,,,,,2026-05-01,2026-05-01
"[22.01.26][มิ้น] 5 สิ่งที่ทำได้เลย (Trap)",120243468174510260,2026-05-01,not_delivering,ad,,,,,0,,0,0,,,,,,,,,2026-05-01,2026-05-01
"[02.04.26][มิ้น] อย่าปล่อยให้อีโก้ (Trap)",120246565640950260,2026-05-01,not_delivering,ad,การสนทนาผ่านการส่งข้อความที่เริ่มขึ้น,,,,191.89,,1313,1187,,,,,8,9.67250571,146.14623001,,2026-05-01,2026-05-01
"[17.02.26][มิ้น] 20 เล่มลายเซ็น (Trap)",120245622374040260,2026-05-01,not_delivering,ad,การสนทนาผ่านการส่งข้อความที่เริ่มขึ้น,,,,0,,0,0,,,,,,,,,2026-05-01,2026-05-01
"[22.05.25][มิ้น] จะเป็นยังไง! เมื่อคนที่หมดแพชชัน  ต้องไปเป็นที่ปรึกษาให้เหล่าดวงวิญญาณ (Ghostly)",120229370176490260,2026-05-01,not_delivering,ad,,,,,0,,0,0,,,,,,,,,2026-05-01,2026-05-01
"[04.12.24] [มิ้น] 5 เทคนิคเก็บเงินง่ายๆ (Million)",120217557784920260,2026-05-01,inactive,ad,,,,,0,,0,0,,,,,,,,,2026-05-01,2026-05-01
"[04.10.24] [มิ้น] ถ้าวันนี้เป็นวันสุดท้าย คุณจะทำอะไร? (Ghost)",120216612069500260,2026-05-01,inactive,ad,,,,,0,,0,0,,,,,,,,,2026-05-01,2026-05-01
"[03.03.26][มิ้น] ไม่เคยร้องไห้กับหนังสือจนมาเจอ 2 เล่มนี้ (Ghostly) (Remains)",120245369153160260,2026-05-01,not_delivering,ad,,,,,0,,0,0,,,,,,,,,2026-05-01,2026-05-01
"[04.03.26][มิ้น] แม่อยากให้ลูกมั่นคง (Remains)",120245258500890260,2026-05-01,not_delivering,ad,,,,,0,,0,0,,,,,,,,,2026-05-01,2026-05-01
"[05.09.25][มิ้น] อะไรเดิมๆ (Witches)",120236327563980260,2026-05-01,not_delivering,ad,,,,,0,,0,0,,,,,,,,,2026-05-01,2026-05-01
"[24.04.25][มิ้น] PAYDAY APR 3 แถม 1 (Promotion_Payday)",120227044892800260,2026-05-01,inactive,ad,,,,,0,,0,0,,,,,,,,,2026-05-01,2026-05-01
"[28.03.25][มิ้น] Payday March 900 แลกซื้อ 1 บาท (Promotion_Payday)",120223075301560260,2026-05-01,not_delivering,ad,,,,,0,,0,0,,,,,,,,,2026-05-01,2026-05-01
"[26.08.24] [มิ้น] ทดแทนบุญคุณพ่อแม่ (คาปิบาร่า_box set)",120215031245940260,2026-05-01,inactive,ad,,,,,0,,0,0,,,,,,,,,2026-05-01,2026-05-01
"[21.09.24] [มิ้น] คนเราแตกสลายได้กี่ครั้ง",120216874479840260,2026-05-01,not_delivering,ad,,,,,0,,0,0,,,,,,,,,2026-05-01,2026-05-01
"[16.07.25][มิ้น] แด่ความโดดเดี่ยว (Ghostly)",120233369285300260,2026-05-01,inactive,ad,,,,,0,,0,0,,,,,,,,,2026-05-01,2026-05-01
"[29.01.26][มิ้น] Unboxing หนังสือเล่มแรกของปี 2026 (Trap)",120245621919540260,2026-05-01,not_delivering,ad,,,,,0,,0,0,,,,,,,,,2026-05-01,2026-05-01
"[06.02.25][มิ้น] ต้องเสียใจอีกกี่ครั้งถึงจะเจอความรักที่ดี (ปีศาจตัวนั้น)",120219540088750260,2026-05-01,inactive,ad,,,,,0,,0,0,,,,,,,,,2026-05-01,2026-05-01
"[19.11.24] [มิ้น] เพราะส่วนลึกที่สุดของทะเล (โอบกอด)",120217939182420260,2026-05-01,not_delivering,ad,,,,,0,,0,0,,,,,,,,,2026-05-01,2026-05-01
"[21.12.24] [มิ้น] สัมภาษณ์คุณคิดมาก (kidmakk)",120217962291630260,2026-05-01,not_delivering,ad,,,,,0,,0,0,,,,,,,,,2026-05-01,2026-05-01
"[03.07.25][มิ้น] 7.7 ซื้อ 2 แถม Me Time (Promotion_DD)",120232210145690260,2026-05-01,inactive,ad,,,,,0,,0,0,,,,,,,,,2026-05-01,2026-05-01
"[29.01.26][มิ้น] Unboxing หนังสือเล่มแรกของปี 2026 (Trap)",120245621970280260,2026-05-01,not_delivering,ad,,,,,0,,0,0,,,,,,,,,2026-05-01,2026-05-01
"[12.07.24] [มิ้น] เกินไปป่ะ (คาปิบาร่า_box set)",120214964489200260,2026-05-01,not_delivering,ad,,,,,0,,0,0,,,,,,,,,2026-05-01,2026-05-01
"[06.12.24] [มิ้น] เก็บเงินง่าย ๆ ด้วยกฎ 50 30 20 (Million)",120217605812200260,2026-05-01,inactive,ad,,,,,0,,0,0,,,,,,,,,2026-05-01,2026-05-01
"[07.06.25][มิ้น] หนังสือใหม่กลิ่นหอมมาก (Ghostly)",120230117450910260,2026-05-01,inactive,ad,,,,,0,,0,0,,,,,,,,,2026-05-01,2026-05-01
"[02.09.24] [มิ้น] 5 ข้อคิดลบกับตัวเอง (Helmet_Boxset)",120216013707530260,2026-05-01,inactive,ad,,,,,0,,0,0,,,,,,,,,2026-05-01,2026-05-01
"[12.02.26][มิ้น] 5/5 ยกให้เป็นหนังสือ (Tried)",120244293606540260,2026-05-01,not_delivering,ad,,,,,0,,0,0,,,,,,,,,2026-05-01,2026-05-01
"[17.02.26][มิ้น] 20 เล่มลายเซ็น (Trap)",120245979086530260,2026-05-01,not_delivering,ad,,,,,0,,0,0,,,,,,,,,2026-05-01,2026-05-01
"[21.03.25][มิ้น] สัมภาษณ์คุณบุ๋ม (Gift)",120222457757250260,2026-05-01,inactive,ad,,,,,0,,0,0,,,,,,,,,2026-05-01,2026-05-01
"[09.08.24] [มิ้น] ส่งโปสการ์ดให้แม่กัน",120214628168900260,2026-05-01,inactive,ad,,,,,0,,0,0,,,,,,,,,2026-05-01,2026-05-01
"[17.02.26][มิ้น] 20 เล่มลายเซ็น (Trap)",120245730357770260,2026-05-01,not_delivering,ad,,,,,0,,0,0,,,,,,,,,2026-05-01,2026-05-01
"[02.06.25][มิ้น] รีแอค ขมิ้น (Ghostly)",120232764653290260,2026-05-01,not_delivering,ad,,,,,0,,0,0,,,,,,,,,2026-05-01,2026-05-01
"[23.10.24] [มิ้น] โดนตกจากประโยคหลังปก (Life)",120216596523770260,2026-05-01,not_delivering,ad,,,,,0,,0,0,,,,,,,,,2026-05-01,2026-05-01
"[02.04.25][มิ้น] สัมภาษณ์คุณเมงานหนังสือ (Witches)",120223945790720260,2026-05-01,inactive,ad,,,,,0,,0,0,,,,,,,,,2026-05-01,2026-05-01
"[06.12.24] [มิ้น] สวัสดีธันวาคมเดือนสิบสอง (เซตสวน)",120217605940660260,2026-05-01,not_delivering,ad,,,,,0,,0,0,,,,,,,,,2026-05-01,2026-05-01
"[23.10.24] [มิ้น] โดนตกจากประโยคหลังปก (Life)",120216500007080260,2026-05-01,not_delivering,ad,,,,,0,,0,0,,,,,,,,,2026-05-01,2026-05-01
"[17.02.26][มิ้น] 20 เล่มลายเซ็น (Trap)",120245622434650260,2026-05-01,not_delivering,ad,,,,,0,,0,0,,,,,,,,,2026-05-01,2026-05-01
"[27.05.25][มิ้น] สัมภาษณ์คุณหมึกซึม (Ghostly)",120229557729660260,2026-05-01,inactive,ad,,,,,0,,0,0,,,,,,,,,2026-05-01,2026-05-01
"[15.10.24] [มิ้น] จุดเปลี่ยนของชีวิต (Life)",120216630691180260,2026-05-01,not_delivering,ad,,,,,0,,0,0,,,,,,,,,2026-05-01,2026-05-01
"[15.10.24] [มิ้น] จุดเปลี่ยนของชีวิต (Life)",120216350337760260,2026-05-01,not_delivering,ad,,,,,0,,0,0,,,,,,,,,2026-05-01,2026-05-01
"[17.02.26][มิ้น] 20 เล่มลายเซ็น (Trap)",120244443052700260,2026-05-01,not_delivering,ad,การสนทนาผ่านการส่งข้อความที่เริ่มขึ้น,,,,0,,0,0,,,,,,,,,2026-05-01,2026-05-01
"[04.02.26][มิ้น] มนุษย์ที่เป็นคนดี (สัมภาษณ์หมอ) (Trap)",120246834940720260,2026-05-01,not_delivering,ad,การสนทนาผ่านการส่งข้อความที่เริ่มขึ้น,,,,0,,0,0,,,,,,,,,2026-05-01,2026-05-01
"[12.02.26][มิ้น] ความผิดหวัง (Witches)",120244476434680260,2026-05-01,not_delivering,ad,,,,,0,,0,0,,,,,,,,,2026-05-01,2026-05-01
"[28.06.25][มิ้น] ชอบประโยคไหนในหนังสือ 2 (Witches)",120231826268920260,2026-05-01,inactive,ad,,,,,0,,0,0,,,,,,,,,2026-05-01,2026-05-01
"[10.12.24] [มิ้น] 12.12 แจกสุขส่งท้ายปี",120217673454640260,2026-05-01,not_delivering,ad,,,,,0,,0,0,,,,,,,,,2026-05-01,2026-05-01
"[17.02.26][มิ้น] 20 เล่มลายเซ็น (Trap)",120247192554200260,2026-05-01,not_delivering,ad,,,,,0,,0,0,,,,,,,,,2026-05-01,2026-05-01
"[03.09.25][มิ้น] เล่มใหม่ให้ 1000/100 (Demons)",120236022483610260,2026-05-01,not_delivering,ad,,,,,0,,0,0,,,,,,,,,2026-05-01,2026-05-01
"[04.02.25][มิ้น] ประโยคหลังปก (Home)",120232810653380260,2026-05-01,inactive,ad,,,,,0,,0,0,,,,,,,,,2026-05-01,2026-05-01
"[18.09.25][มิ้น] Unbox The Witches (Witches)",120237709523160260,2026-05-01,not_delivering,ad,,,,,0,,0,0,,,,,,,,,2026-05-01,2026-05-01
"[02.04.26][มิ้น] อย่าปล่อยให้อีโก้ (Trap)",120247605466000260,2026-05-01,not_delivering,ad,การสนทนาผ่านการส่งข้อความที่เริ่มขึ้น,,,,203.43,,991,921,,,,,9,8.67810293,205.27749748,,2026-05-01,2026-05-01
"[22.08.25][มิ้น] 3 เหตุผล ที่ต้องอ่าน (Ghostly)",120235434071540260,2026-05-01,archived,ad,,,,,0,,0,0,,,,,,,,,2026-05-01,2026-05-01
"[03.09.25][มิ้น] อยากให้ทุกคนอ่าน (Ghostly)",120241914456070260,2026-05-01,not_delivering,ad,,,,,0,,0,0,,,,,,,,,2026-05-01,2026-05-01
"[04.02.26][มิ้น] มนุษย์ที่เป็นคนดี (สัมภาษณ์หมอ) (Trap)",120244058019310260,2026-05-01,not_delivering,ad,,,,,0,,0,0,,,,,,,,,2026-05-01,2026-05-01
"[21.09.24] [มิ้น] คนเราแตกสลายได้กี่ครั้ง",120215723279190260,2026-05-01,inactive,ad,,,,,0,,0,0,,,,,,,,,2026-05-01,2026-05-01
"[27.04.26][มิ้น] มองตัวเองในแง่ลบจะเป็นเหมือนก้อนทุกข์ (Trap)",120247924510040260,2026-05-01,not_delivering,ad,,,,,0,,0,0,,,,,,,,,2026-05-01,2026-05-01
"[15.10.24] [มิ้น] จุดเปลี่ยนของชีวิต (Life)",120216676879450260,2026-05-01,not_delivering,ad,,,,,0,,0,0,,,,,,,,,2026-05-01,2026-05-01
"[29.03.26][มิ้น] กับดักความรู้ผิดของ LGBTQ+ (Trap)",120246309462810260,2026-05-01,not_delivering,ad,,,,,0,,0,0,,,,,,,,,2026-05-01,2026-05-01
"[03.09.25][มิ้น] Unboxing New Books (Demons)",120236022760080260,2026-05-01,not_delivering,ad,,,,,0,,0,0,,,,,,,,,2026-05-01,2026-05-01
"[19.06.25][มิ้น] หลายคนมักกลัวการเปลี่ยนแปลง (Witches)",120231486000000260,2026-05-01,inactive,ad,,,,,0,,0,0,,,,,,,,,2026-05-01,2026-05-01
"[25.09.25][มิ้น] ป้ายยาหนังสือ (Ghostly)",120237506948260260,2026-05-01,inactive,ad,,,,,0,,0,0,,,,,,,,,2026-05-01,2026-05-01
"[04.09.25][มิ้น] เจ็บทุกดอกบอกเพื่อนกัน (ปีศาจตัวนั้น)",120236239272580260,2026-05-01,not_delivering,ad,,,,,0,,0,0,,,,,,,,,2026-05-01,2026-05-01
"[11.02.25][มิ้น] 5 ข้อคิด (Kiwtum)",120219598935860260,2026-05-01,inactive,ad,,,,,0,,0,0,,,,,,,,,2026-05-01,2026-05-01
"[05.04.26][มิ้น] ก่อนที่คนเราจะตาย (Ghostly)",120246688339870260,2026-05-01,inactive,ad,,,,,0,,0,0,,,,,,,,,2026-05-01,2026-05-01
"[03.09.25][มิ้น] Unboxing New Books (Demons)",120236626882030260,2026-05-01,not_delivering,ad,,,,,0,,0,0,,,,,,,,,2026-05-01,2026-05-01
"[08.07.25][มิ้น] 5 ข้อห้ามอย่าคิดลบกับตัวเอง (Ghost)",120232414840600260,2026-05-01,not_delivering,ad,,,,,0,,0,0,,,,,,,,,2026-05-01,2026-05-01
"[23.10.24] [มิ้น] โดนตกจากประโยคหลังปก (Life)",120216676879460260,2026-05-01,not_delivering,ad,,,,,0,,0,0,,,,,,,,,2026-05-01,2026-05-01
"[04.02.26][มิ้น] มนุษย์ที่เป็นคนดี (สัมภาษณ์หมอ) (Trap)",120245036608540260,2026-05-01,not_delivering,ad,,,,,0,,0,0,,,,,,,,,2026-05-01,2026-05-01
"[06.12.24] [มิ้น] เก็บเงินง่าย ๆ ด้วยกฎ 50 30 20 (Million)",120217605839270260,2026-05-01,inactive,ad,,,,,0,,0,0,,,,,,,,,2026-05-01,2026-05-01
"[19.11.24] [มิ้น] เพราะส่วนลึกที่สุดของทะเล (โอบกอด)",120217165698480260,2026-05-01,not_delivering,ad,,,,,0,,0,0,,,,,,,,,2026-05-01,2026-05-01
"[22.05.25][มิ้น] หนังสือใหม่ออกมาอีกละ!!! (Ghostly)",120229512100050260,2026-05-01,inactive,ad,,,,,0,,0,0,,,,,,,,,2026-05-01,2026-05-01
"[06.10.25][มิ้น] อ่านเล่มนี้ถ้าคุณ… (ปีศาจตัวนั้น)",120238145996400260,2026-05-01,not_delivering,ad,,,,,0,,0,0,,,,,,,,,2026-05-01,2026-05-01
"[14.08.25][มิ้น] เที่ยวต่างประเทศครั้งแรก (Tried)",120234870549110260,2026-05-01,not_delivering,ad,,,,,0,,0,0,,,,,,,,,2026-05-01,2026-05-01
"[29.01.26][มิ้น] แนะนำหนังสือเล่มใหม่ ฟิล์ม (Trap)",120243699832230260,2026-05-01,not_delivering,ad,,,,,0,,0,0,,,,,,,,,2026-05-01,2026-05-01
"[13.11.24] [มิ้น] แยกย้ายไปเติบโต (โอบกอด)",120217502402930260,2026-05-01,not_delivering,ad,,,,,0,,0,0,,,,,,,,,2026-05-01,2026-05-01
"[29.10.25][มิ้น] 2 หนังสือเรียกน้ำตา (Remains)",120244260039170260,2026-05-01,not_delivering,ad,,,,,0,,0,0,,,,,,,,,2026-05-01,2026-05-01
"[04.02.26][มิ้น] มนุษย์ที่เป็นคนดี (สัมภาษณ์หมอ) (Trap)",120245621849400260,2026-05-01,not_delivering,ad,,,,,0,,0,0,,,,,,,,,2026-05-01,2026-05-01
"[11.02.25][มิ้น] ประโยคหลังปก (Kiwtum)",120219599908720260,2026-05-01,not_delivering,ad,,,,,0,,0,0,,,,,,,,,2026-05-01,2026-05-01
"[03.12.25][มิ้น] น้ำตาซึมไปหลายวัน (Remains)",120244008052700260,2026-05-01,not_delivering,ad,,,,,0,,0,0,,,,,,,,,2026-05-01,2026-05-01
"[26.11.25][มิ้น] ภาคต่อหนังสือฮีลใจ (Remains)",120241140284870260,2026-05-01,inactive,ad,,,,,0,,0,0,,,,,,,,,2026-05-01,2026-05-01
"[10.01.25] [มิ้น] Challenge เก็บเงิน 50:30:20 (Full) (Million) (Reels)",120243182422440260,2026-05-01,not_delivering,ad,,,,,0,,0,0,,,,,,,,,2026-05-01,2026-05-01
"[21.01.25] [มิ้น] 5 ข้อคิด (Home)",120218671484780260,2026-05-01,inactive,ad,,,,,0,,0,0,,,,,,,,,2026-05-01,2026-05-01
"[11.02.25][มิ้น] สัมภาษณ์คุณปั๊ม คิ้วต่ำ (Kiwtum)",120232770094470260,2026-05-01,not_delivering,ad,,,,,0,,0,0,,,,,,,,,2026-05-01,2026-05-01
"[02.11.24] [มิ้น] ความไม่สมบูรณ์แบบของเรา (โอบกอด)",120216782432490260,2026-05-01,not_delivering,ad,,,,,0,,0,0,,,,,,,,,2026-05-01,2026-05-01
"[29.01.26][มิ้น] Unboxing หนังสือเล่มแรกของปี 2026 (Trap)",120244313381260260,2026-05-01,inactive,ad,,,,,0,,0,0,,,,,,,,,2026-05-01,2026-05-01
"[24.06.25][มิ้น] สิ่งที่หนังสือเล่มนี้อยากมอบให้ (Ghostly)",120231576826410260,2026-05-01,not_delivering,ad,,,,,0,,0,0,,,,,,,,,2026-05-01,2026-05-01
"[16.10.25][มิ้น] ให้เปิดเล่มนี้เตือนสติ (Remains)",120240664237160260,2026-05-01,inactive,ad,,,,,0,,0,0,,,,,,,,,2026-05-01,2026-05-01
"[24.12.25][มิ้น] ดวงสมพงษ์กัน (Witches)",120243608441280260,2026-05-01,inactive,ad,,,,,0,,0,0,,,,,,,,,2026-05-01,2026-05-01
"[07.11.24] [มิ้น] Unbox หนังสือกว่าจะคิดได้ (Ghost)",120216873324890260,2026-05-01,inactive,ad,,,,,0,,0,0,,,,,,,,,2026-05-01,2026-05-01
"[07.03.25][มิ้น] ASMR Unboxing (Witches)",120221597120630260,2026-05-01,inactive,ad,,,,,0,,0,0,,,,,,,,,2026-05-01,2026-05-01
"[11.02.25][มิ้น] สัมภาษณ์คุณปั๊ม คิ้วต่ำ (Kiwtum)",120219599378160260,2026-05-01,inactive,ad,,,,,0,,0,0,,,,,,,,,2026-05-01,2026-05-01
"[22.10.25][มิ้น] หนังสือได้ออกทีวี (Demons)",120239836569620260,2026-05-01,not_delivering,ad,,,,,0,,0,0,,,,,,,,,2026-05-01,2026-05-01
"[06.11.25][มิ้น] เพราะพรุ่งนี้แกอาจ (Ghostly)",120239976717590260,2026-05-01,not_delivering,ad,,,,,0,,0,0,,,,,,,,,2026-05-01,2026-05-01
"[24.02.25][มิ้น] อบอุ่นใจทุกครั้งที่หยิบเล่มนี้ขึ้นมาอ่าน (Home)",120220871913480260,2026-05-01,inactive,ad,,,,,0,,0,0,,,,,,,,,2026-05-01,2026-05-01
"[03.09.25][มิ้น] Unboxing New Books (Demons)",120235869245990260,2026-05-01,not_delivering,ad,,,,,0,,0,0,,,,,,,,,2026-05-01,2026-05-01
"[22.10.25][มิ้น] ประโยคฮีลใจ (Tried)",120239102320650260,2026-05-01,not_delivering,ad,,,,,0,,0,0,,,,,,,,,2026-05-01,2026-05-01
"[06.12.24] [มิ้น] เก็บเงินง่าย ๆ ด้วยกฎ 50 30 20 (Million)",120217605829700260,2026-05-01,not_delivering,ad,,,,,0,,0,0,,,,,,,,,2026-05-01,2026-05-01
"[25.12.24] [มิ้น] unboxing new book (Kidmakk)",120219025611790260,2026-05-01,inactive,ad,,,,,0,,0,0,,,,,,,,,2026-05-01,2026-05-01
"[24.02.25][มิ้น] อบอุ่นใจทุกครั้งที่หยิบเล่มนี้ขึ้นมาอ่าน (Home)",120220871888830260,2026-05-01,inactive,ad,,,,,0,,0,0,,,,,,,,,2026-05-01,2026-05-01
"[03.12.25][มิ้น] เล่มนี้ทำน้ำตาไหลหนักมาก (Ghostly)",120243038047380260,2026-05-01,inactive,ad,,,,,0,,0,0,,,,,,,,,2026-05-01,2026-05-01
"[30.01.26][มิ้น] โดนตกเพราะกล่อง (Witches)",120243741115130260,2026-05-01,inactive,ad,,,,,0,,0,0,,,,,,,,,2026-05-01,2026-05-01
"[01.10.25][มิ้น] แปะพิกัด & หนังสือฮีลใจ (ปีศาจตัวนั้น)",120237853532310260,2026-05-01,not_delivering,ad,,,,,0,,0,0,,,,,,,,,2026-05-01,2026-05-01
"[11.10.25][มิ้น] ถ้าวันไหนไม่มีใครเข้าใจ (Tried)",120239442615640260,2026-05-01,not_delivering,ad,,,,,0,,0,0,,,,,,,,,2026-05-01,2026-05-01
"[25.04.26][มิ้น] คนที่ควรเปิดเล่มนี้อ่าน (Ghostly)",120247947345800260,2026-05-01,not_delivering,ad,"การซื้อบน Meta",,,,0,,0,0,,,,,,,,,2026-05-01,2026-05-01
"[21.01.25] [มิ้น] บทที่ 4 จดหมายจากพระจันทร์ (Home)",120218669503530260,2026-05-01,not_delivering,ad,,,,,0,,0,0,,,,,,,,,2026-05-01,2026-05-01
"[19.10.25][มิ้น] สัมภาษณ์ลูกค้า ปีศาจ 1,2 (ปีศาจตัวนั้น) (Demon)",120238953043910260,2026-05-01,not_delivering,ad,,,,,0,,0,0,,,,,,,,,2026-05-01,2026-05-01
"[04.06.25][มิ้น] 6.6 (Promotion_DD)",120229969349820260,2026-05-01,inactive,ad,,,,,0,,0,0,,,,,,,,,2026-05-01,2026-05-01
"[27.11.24] [มิ้น] 5 คำเตือนสุดท้ายของชีวิต (Ghost)",120222344164270260,2026-05-01,inactive,ad,,,,,0,,0,0,,,,,,,,,2026-05-01,2026-05-01
"[07.03.25][มิ้น] สัมภาษณ์คุณเม เล่มใหม่ล่าสุด (Witches)",120222018612680260,2026-05-01,inactive,ad,,,,,0,,0,0,,,,,,,,,2026-05-01,2026-05-01
"[17.09.25][มิ้น] การมีชีวิตที่โดดเดี่ยว (Ghostly)",120237558753270260,2026-05-01,inactive,ad,,,,,0,,0,0,,,,,,,,,2026-05-01,2026-05-01
"[11.02.25][มิ้น] สัมภาษณ์คุณปั๊ม คิ้วต่ำ (Kiwtum)",120221372933950260,2026-05-01,not_delivering,ad,,,,,0,,0,0,,,,,,,,,2026-05-01,2026-05-01
"[10.05.25][มิ้น] บทที่ 6 (Embrace)",120228491656490260,2026-05-01,inactive,ad,,,,,0,,0,0,,,,,,,,,2026-05-01,2026-05-01
"[03.09.25][มิ้น] Unboxing New Books (Demons)",120236583513610260,2026-05-01,not_delivering,ad,,,,,0,,0,0,,,,,,,,,2026-05-01,2026-05-01
"[19.12.24] [มิ้น] ขอบคุณชีวิตที่มีแมวเป็นเพื่อน (Life)",120217934449770260,2026-05-01,not_delivering,ad,,,,,0,,0,0,,,,,,,,,2026-05-01,2026-05-01
"[03.09.25][มิ้น] จากเล่ม 1 สู่เล่ม 2 (Demons)",120236029751700260,2026-05-01,not_delivering,ad,,,,,0,,0,0,,,,,,,,,2026-05-01,2026-05-01
"[05.08.24] [มิ้น] 8.8 บุฟเฟต์ ฮีลใจจัดให้",120214592652370260,2026-05-01,not_delivering,ad,,,,,0,,0,0,,,,,,,,,2026-05-01,2026-05-01
"[24.03.25][มิ้น] 5 ข้อคิดที่ได้จากหนังสือ (Gift)",120222717863220260,2026-05-01,inactive,ad,,,,,0,,0,0,,,,,,,,,2026-05-01,2026-05-01
"[29.09.25][มิ้น] ปีศาจใหม่มันกลับมาอีกแล้ว (Demons)",120238217979220260,2026-05-01,inactive,ad,,,,,0,,0,0,,,,,,,,,2026-05-01,2026-05-01
"[01.10.25][มิ้น] Unpack (Ghostly)",120238411215050260,2026-05-01,not_delivering,ad,,,,,0,,0,0,,,,,,,,,2026-05-01,2026-05-01
"[01.10.25][มิ้น] Unpack (Ghostly)",120238129893630260,2026-05-01,not_delivering,ad,,,,,0,,0,0,,,,,,,,,2026-05-01,2026-05-01
"[24.07.25][มิ้น] นี่ไม่ใช่แค่ไพ่ดูดวง (Witches)",120234208577770260,2026-05-01,inactive,ad,,,,,0,,0,0,,,,,,,,,2026-05-01,2026-05-01
"[07.08.25][มิ้น] ชอบประโยคไหน (Tried)",120234507579230260,2026-05-01,not_delivering,ad,,,,,0,,0,0,,,,,,,,,2026-05-01,2026-05-01
"[18.11.25][มิ้น] อยู่คนเดียวเป็นเรื่องยาก ? (Ghostly)",120240739043250260,2026-05-01,inactive,ad,,,,,0,,0,0,,,,,,,,,2026-05-01,2026-05-01
"[13.05.25][มิ้น] ปีศาจที่ทำร้ายตัวเรา (ปีศาจตัวนั้น)",120234015174680260,2026-05-01,inactive,ad,,,,,0,,0,0,,,,,,,,,2026-05-01,2026-05-01
"[14.01.25] [มิ้น] หนังสือฮีลใจทุกแพ็กเหมาคู่ 660.- (Promotion_MidMonth)",120218558984030260,2026-05-01,not_delivering,ad,,,,,0,,0,0,,,,,,,,,2026-05-01,2026-05-01
"[06.09.25][มิ้น] แด่ทุกชีวิตที่กำลังต่อสู้ (Ghostly)",120236333213980260,2026-05-01,not_delivering,ad,,,,,0,,0,0,,,,,,,,,2026-05-01,2026-05-01
"[11.02.25][มิ้น] สัมภาษณ์คุณปั๊ม คิ้วต่ำ (Kiwtum)",120220997926720260,2026-05-01,inactive,ad,,,,,0,,0,0,,,,,,,,,2026-05-01,2026-05-01
"[03.09.25][มิ้น] Unboxing New Books (Demons)",120236022922800260,2026-05-01,inactive,ad,,,,,0,,0,0,,,,,,,,,2026-05-01,2026-05-01
"[12.12.24] [มิ้น] Pain Point คุณเคยคิดไหมว่าทำไมถึงล้มเหลวทางการเงิน (Million)",120217760514130260,2026-05-01,inactive,ad,,,,,0,,0,0,,,,,,,,,2026-05-01,2026-05-01
"[19.11.24] [มิ้น] เพราะส่วนลึกที่สุดของทะเล (โอบกอด)",120236629610840260,2026-05-01,not_delivering,ad,,,,,0,,0,0,,,,,,,,,2026-05-01,2026-05-01
"[18.11.25][มิ้น] เจ้าเหมียวเก็บมาเลี้ยง (Ghostly)",120240804369170260,2026-05-01,inactive,ad,,,,,0,,0,0,,,,,,,,,2026-05-01,2026-05-01
"[24.03.25][มิ้น] 5 ข้อคิดที่ได้จากหนังสือ (Gift)",120222717810680260,2026-05-01,inactive,ad,,,,,0,,0,0,,,,,,,,,2026-05-01,2026-05-01
"[07.05.25][มิ้น] ชีวิตที่ดูแย่ (Witches)",120228325159220260,2026-05-01,inactive,ad,,,,,0,,0,0,,,,,,,,,2026-05-01,2026-05-01
"[26.04.25][มิ้น] ยอดขาย 10,000 เล่ม (Witches)",120226856518780260,2026-05-01,inactive,ad,,,,,0,,0,0,,,,,,,,,2026-05-01,2026-05-01
"[28.05.25][มิ้น][Cross Page] จะเป็นยังไง! เมื่อคนที่หมดแพชชัน ต้องไปเป็นที่ปรึกษาให้เหล่าดวงวิญญาณ (Ghostly)",120229602382460260,2026-05-01,not_delivering,ad,,,,,0,,0,0,,,,,,,,,2026-05-01,2026-05-01
"[02.06.25][มิ้น] รีแอค ขมิ้น (Ghostly)",120239036662720260,2026-05-01,not_delivering,ad,,,,,0,,0,0,,,,,,,,,2026-05-01,2026-05-01
"[11.03.26][มิ้น] รีวิวอ่าน Ghostly Remains 50 หน้าแรก (Remains)",120245421936760260,2026-05-01,not_delivering,ad,,,,,0,,0,0,,,,,,,,,2026-05-01,2026-05-01
"[02.06.25][มิ้น] รีแอค ขมิ้น (Ghostly)",120229867666520260,2026-05-01,not_delivering,ad,,,,,0,,0,0,,,,,,,,,2026-05-01,2026-05-01
"[17.09.25][มิ้น] การมีชีวิตที่โดดเดี่ยว (Ghostly)",120237710057460260,2026-05-01,inactive,ad,,,,,0,,0,0,,,,,,,,,2026-05-01,2026-05-01
"[19.03.25][มิ้น] สัมภาษณ์คุณปั๊มลายเซ็น (Kiwtum)",120222378925860260,2026-05-01,inactive,ad,,,,,0,,0,0,,,,,,,,,2026-05-01,2026-05-01
"[04.10.24] [มิ้น] ถ้าวันนี้เป็นวันสุดท้าย คุณจะทำอะไร? (Ghost)",120216515612280260,2026-05-01,not_delivering,ad,,,,,0,,0,0,,,,,,,,,2026-05-01,2026-05-01
"[28.02.25][มิ้น] 3.3 ชีเสิร์ฟไม่พัก ซื้อ 3 แถม 1 (Promotion_DD)",120221370440030260,2026-05-01,not_delivering,ad,,,,,0,,0,0,,,,,,,,,2026-05-01,2026-05-01
"[26.08.24] [มิ้น] ไม่ชอบส่วนไหนในร่างกาย (Helmet_Boxset)",120215030933680260,2026-05-01,inactive,ad,,,,,0,,0,0,,,,,,,,,2026-05-01,2026-05-01
"[25.07.25][มิ้น] ข้อความแรกของวัน (Kiwtum)",120233512631710260,2026-05-01,inactive,ad,,,,,0,,0,0,,,,,,,,,2026-05-01,2026-05-01
"[11.03.26][มิ้น] รี stock เล่มลายเซ็นนักเขียนเมไอ (Witches)",120245424043840260,2026-05-01,not_delivering,ad,,,,,0,,0,0,,,,,,,,,2026-05-01,2026-05-01
"[04.02.26][มิ้น] มนุษย์ที่เป็นคนดี (สัมภาษณ์หมอ) (Trap)",120244081294570260,2026-05-01,not_delivering,ad,,,,,0,,0,0,,,,,,,,,2026-05-01,2026-05-01
"[03.09.25][มิ้น] เล่มใหม่ให้ 1000/100 (Demons)",120235858949870260,2026-05-01,not_delivering,ad,,,,,0,,0,0,,,,,,,,,2026-05-01,2026-05-01
"[08.07.25][มิ้น] หนังสือทะเล (Embrace)",120232414395620260,2026-05-01,inactive,ad,,,,,0,,0,0,,,,,,,,,2026-05-01,2026-05-01
"[11.06.25][มิ้น] หนังสือเวทมนตร์ AF (Witches)",120230530334800260,2026-05-01,inactive,ad,,,,,0,,0,0,,,,,,,,,2026-05-01,2026-05-01
"[03.12.25][มิ้น] น้ำตาซึมไปหลายวัน (Remains)",120241905903180260,2026-05-01,inactive,ad,,,,,0,,0,0,,,,,,,,,2026-05-01,2026-05-01
"[23.10.24] [มิ้น] โดนตกจากประโยคหลังปก (Life)",120216630822350260,2026-05-01,not_delivering,ad,,,,,0,,0,0,,,,,,,,,2026-05-01,2026-05-01
"[28.11.24] [มิ้น] ความสมบูรณ์แบบ (ที่ไม่มีอยู่จริง) (คาปิบาร่า_Boxset)",120217381039620260,2026-05-01,not_delivering,ad,,,,,0,,0,0,,,,,,,,,2026-05-01,2026-05-01
"[21.09.24] [มิ้น] คนเราแตกสลายได้กี่ครั้ง (Embrace)",120232810245600260,2026-05-01,not_delivering,ad,,,,,0,,0,0,,,,,,,,,2026-05-01,2026-05-01
"[06.10.25][มิ้น] อ่านเล่มนี้ถ้าคุณ… (ปีศาจตัวนั้น)",120238524286560260,2026-05-01,archived,ad,,,,,0,,0,0,,,,,,,,,2026-05-01,2026-05-01
"[01.10.25][มิ้น] แปะพิกัด & หนังสือฮีลใจ (ปีศาจตัวนั้น)",120238146280340260,2026-05-01,not_delivering,ad,,,,,0,,0,0,,,,,,,,,2026-05-01,2026-05-01
"[17.03.25][มิ้น] ไม่เป็นไร คือคำปลอบใจที่ดีที่สุด (Home)",120222281102830260,2026-05-01,inactive,ad,,,,,0,,0,0,,,,,,,,,2026-05-01,2026-05-01
"[04.12.24] [มิ้น] 5 เทคนิคเก็บเงินง่ายๆ (Million)",120217524683550260,2026-05-01,not_delivering,ad,,,,,0,,0,0,,,,,,,,,2026-05-01,2026-05-01
"[22.10.25][มิ้น] ประโยคฮีลใจ (Tried)",120239101580120260,2026-05-01,inactive,ad,,,,,0,,0,0,,,,,,,,,2026-05-01,2026-05-01
"[22.10.25][มิ้น] เพราะในทุกความเกลียด (Remains) (Reels)",120243030760370260,2026-05-01,not_delivering,ad,,,,,0,,0,0,,,,,,,,,2026-05-01,2026-05-01
"[11.02.25][มิ้น] 5 ข้อคิด (Kiwtum)",120220255029110260,2026-05-01,not_delivering,ad,,,,,0,,0,0,,,,,,,,,2026-05-01,2026-05-01
"[16.01.25] [มิ้น] รวม 5 ข้อที่ First Jobber มักพลาด (ภาษี) (Million)",120218741503680260,2026-05-01,not_delivering,ad,,,,,0,,0,0,,,,,,,,,2026-05-01,2026-05-01
"[10.05.25][มิ้น] 2 เล่มขายดี จาก May-I (Promotion_Pack)",120228491430410260,2026-05-01,inactive,ad,,,,,0,,0,0,,,,,,,,,2026-05-01,2026-05-01
"[18.11.25][มิ้น] อยู่คนเดียวเป็นเรื่องยาก ? (Ghostly)",120240804520150260,2026-05-01,not_delivering,ad,,,,,0,,0,0,,,,,,,,,2026-05-01,2026-05-01
"[03.09.25][มิ้น] อยากให้ทุกคนอ่าน (Ghostly) - Copy",120240491331670260,2026-05-01,not_delivering,ad,,,,,0,,0,0,,,,,,,,,2026-05-01,2026-05-01
"[19.03.25][มิ้น] สัมภาษณ์คุณปั๊มลายเซ็น (Kiwtum)",120222379819390260,2026-05-01,not_delivering,ad,,,,,0,,0,0,,,,,,,,,2026-05-01,2026-05-01
"[13.11.25][มิ้น] โคตรจะชอบประโยคนี้เลย (Demons) (Reels)",120243183254380260,2026-05-01,not_delivering,ad,,,,,0,,0,0,,,,,,,,,2026-05-01,2026-05-01
"[14.08.25][มิ้น] แด่คนที่แคร์ทุกคน (Witches)",120234870159660260,2026-05-01,not_delivering,ad,,,,,0,,0,0,,,,,,,,,2026-05-01,2026-05-01
"[05.03.26][มิ้น] เพราะพรุ่งนี้ที่รออาจจะมาไม่ถึง (Kiwtum)",120247721024160260,2026-05-01,not_delivering,ad,"การซื้อบน Meta",,,,182.63,,1491,1392,,,,,1,6.84104628,122.48826291,,2026-05-01,2026-05-01
"[24.03.25][มิ้น] 5 ข้อคิดที่ได้จากหนังสือ (Gift)",120222717893170260,2026-05-01,inactive,ad,,,,,0,,0,0,,,,,,,,,2026-05-01,2026-05-01
"[20.01.25][Garden_Boxset][มิ้น][VDO] 5 ประโยคปลดล็อค",120220348271330260,2026-05-01,inactive,ad,,,,,0,,0,0,,,,,,,,,2026-05-01,2026-05-01
"[21.04.25][มิ้น] เงินมาจากไหน? (Million)",120226407731760260,2026-05-01,inactive,ad,,,,,0,,0,0,,,,,,,,,2026-05-01,2026-05-01
"[23.10.24] [มิ้น] โดนตกจากประโยคหลังปก (Life)",120216630691170260,2026-05-01,not_delivering,ad,,,,,0,,0,0,,,,,,,,,2026-05-01,2026-05-01
"[29.10.25][มิ้น] 2 หนังสือเรียกน้ำตา (Remains)",120240911083260260,2026-05-01,archived,ad,,,,,0,,0,0,,,,,,,,,2026-05-01,2026-05-01
"[28.08.24] [มิ้น] ประโยคดี ๆ ที่ควรอ่าน (ปีศาจ)",120215085473820260,2026-05-01,inactive,ad,,,,,0,,0,0,,,,,,,,,2026-05-01,2026-05-01
"[03.12.25][มิ้น] น้ำตาซึมไปหลายวัน (Remains)",120244180969930260,2026-05-01,not_delivering,ad,,,,,0,,0,0,,,,,,,,,2026-05-01,2026-05-01
"[02.06.25][มิ้น] ถ้าแกพร้อมที่จะรักตัวเอง (ปีศาจตัวนั้น)",120234134821310260,2026-05-01,inactive,ad,,,,,0,,0,0,,,,,,,,,2026-05-01,2026-05-01
"[01.03.25][มิ้น] ชีวิตที่ดี คือชีวิตที่เราเลือกเอง (Kidmakk)",120221522607390260,2026-05-01,inactive,ad,,,,,0,,0,0,,,,,,,,,2026-05-01,2026-05-01
"[07.10.25][มิ้น] ชอบคนใจดี (Ghostly)",120238261632560260,2026-05-01,not_delivering,ad,,,,,0,,0,0,,,,,,,,,2026-05-01,2026-05-01
"[07.03.25][มิ้น] สัมภาษณ์คุณเม เล่มใหม่ล่าสุด (Witches)",120222333547900260,2026-05-01,not_delivering,ad,,,,,0,,0,0,,,,,,,,,2026-05-01,2026-05-01
"[20.01.25][Garden_Boxset][มิ้น][VDO] 5 ประโยคปลดล็อค",120219755274100260,2026-05-01,archived,ad,,,,,0,,0,0,,,,,,,,,2026-05-01,2026-05-01
"[12.11.25][มิ้น] เริ่มต้นปีใหม่ (ปีศาจตัวนั้น)",120240372637970260,2026-05-01,inactive,ad,,,,,0,,0,0,,,,,,,,,2026-05-01,2026-05-01
"[13.08.25][มิ้น] ประโยคที่อ่านแล้วน้ำตาซึม (ปีศาจตัวนั้น)",120234820837200260,2026-05-01,inactive,ad,,,,,0,,0,0,,,,,,,,,2026-05-01,2026-05-01
"[09.04.25][มิ้น] เมษายน เดือนแห่งความทรงจำ (Gift)",120225061936390260,2026-05-01,inactive,ad,,,,,0,,0,0,,,,,,,,,2026-05-01,2026-05-01
"[24.06.25][มิ้น] หนังสือฮีลใจเหมือนเพื่อนสนิท (Witches)",120231574857240260,2026-05-01,inactive,ad,,,,,0,,0,0,,,,,,,,,2026-05-01,2026-05-01
"[22.02.25][มิ้น] PAYDAY ลดครั้งใหญ่จักรวาลฮีลใจ (Promotion_Payday)",120220637832370260,2026-05-01,archived,ad,,,,,0,,0,0,,,,,,,,,2026-05-01,2026-05-01
"[11.02.25][มิ้น] Unboxing new book (Kiwtum)",120219598935830260,2026-05-01,inactive,ad,,,,,0,,0,0,,,,,,,,,2026-05-01,2026-05-01
"[20.01.25][Garden_Boxset][มิ้น][VDO] 5 ประโยคปลดล็อค",120220348271280260,2026-05-01,archived,ad,,,,,0,,0,0,,,,,,,,,2026-05-01,2026-05-01
"[11.02.25][มิ้น] Unboxing new book (Kiwtum)",120220992197250260,2026-05-01,inactive,ad,,,,,0,,0,0,,,,,,,,,2026-05-01,2026-05-01
"[01.10.25][มิ้น] ประโยคที่ชอบจากหนังสือ (ปีศาจตัวนั้น)",120238524070890260,2026-05-01,not_delivering,ad,,,,,0,,0,0,,,,,,,,,2026-05-01,2026-05-01
"[11.02.25][มิ้น] สัมภาษณ์คุณปั๊ม คิ้วต่ำ (Kiwtum)",120219600040510260,2026-05-01,inactive,ad,,,,,0,,0,0,,,,,,,,,2026-05-01,2026-05-01
"[07.03.25][มิ้น] ASMR Unboxing (Witches)",120221516160120260,2026-05-01,inactive,ad,,,,,0,,0,0,,,,,,,,,2026-05-01,2026-05-01
"[19.03.25][มิ้น] สัมภาษณ์คุณปั๊มลายเซ็น (Kiwtum)",120222379922770260,2026-05-01,inactive,ad,,,,,0,,0,0,,,,,,,,,2026-05-01,2026-05-01
"[21.03.25][มิ้น] สัมภาษณ์คุณบุ๋ม (Gift)",120222449447470260,2026-05-01,inactive,ad,,,,,0,,0,0,,,,,,,,,2026-05-01,2026-05-01
"[14.05.25][มิ้น] ผู้คนเกลียดชังความเศร้า (Embrace)",120228625505730260,2026-05-01,inactive,ad,,,,,0,,0,0,,,,,,,,,2026-05-01,2026-05-01
"[01.07.25][มิ้น] สิ่งที่หนังสือเล่มนี้อยากพูดถึง (Ghostly)",120232038080720260,2026-05-01,not_delivering,ad,,,,,0,,0,0,,,,,,,,,2026-05-01,2026-05-01
"[14.05.25][มิ้น] 5 ประโยคเติมไฟให้ชีวิต (Witches)",120228641692950260,2026-05-01,inactive,ad,,,,,0,,0,0,,,,,,,,,2026-05-01,2026-05-01
"[11.02.25][มิ้น] ประโยคหลังปก (Kiwtum)",120220995231580260,2026-05-01,inactive,ad,,,,,0,,0,0,,,,,,,,,2026-05-01,2026-05-01
"[03.09.25][มิ้น] Unboxing New Books (Demons)",120235860525400260,2026-05-01,archived,ad,,,,,0,,0,0,,,,,,,,,2026-05-01,2026-05-01
"[21.04.25][มิ้น] หนังสือเล่มนี้บอกเอาไว้ว่า (Gift)",120226408215550260,2026-05-01,not_delivering,ad,,,,,0,,0,0,,,,,,,,,2026-05-01,2026-05-01
"[24.02.25][มิ้น] บทที่ 1 ที่คิ้วต่ำอยากแนะนำ (Kiwtum)",120220866997870260,2026-05-01,inactive,ad,,,,,0,,0,0,,,,,,,,,2026-05-01,2026-05-01
"[25.03.25][มิ้น] 5 ข้อคิด (Witches)",120222719155900260,2026-05-01,inactive,ad,,,,,0,,0,0,,,,,,,,,2026-05-01,2026-05-01
"[26.01.25][มิ้น] เดือนแรกของปีกำลังจะผ่านไปแล้วนะ (Helmet_Boxset)",120219070170600260,2026-05-01,not_delivering,ad,,,,,0,,0,0,,,,,,,,,2026-05-01,2026-05-01
"[27.11.24] [มิ้น] 5 คำเตือนสุดท้ายของชีวิต (Ghost)",120217392489500260,2026-05-01,not_delivering,ad,,,,,0,,0,0,,,,,,,,,2026-05-01,2026-05-01
"[11.02.25][มิ้น] สัมภาษณ์คุณปั๊ม คิ้วต่ำ (Kiwtum)",120219833068490260,2026-05-01,not_delivering,ad,,,,,0,,0,0,,,,,,,,,2026-05-01,2026-05-01
"[11.02.25][มิ้น] 5 ข้อคิด (Kiwtum)",120219599908700260,2026-05-01,not_delivering,ad,,,,,0,,0,0,,,,,,,,,2026-05-01,2026-05-01
"[25.12.24] [มิ้น] unboxing new book (Kidmakk)",120218127336220260,2026-05-01,inactive,ad,,,,,0,,0,0,,,,,,,,,2026-05-01,2026-05-01
"[28.02.25][มิ้น] 3.3 ชีเสิร์ฟไม่พัก ซื้อ 3 แถม 1 (Promotion_DD)",120221370329240260,2026-05-01,archived,ad,,,,,0,,0,0,,,,,,,,,2026-05-01,2026-05-01
"[07.03.25][มิ้น] ASMR Unboxing (Witches)",120221597207520260,2026-05-01,inactive,ad,,,,,0,,0,0,,,,,,,,,2026-05-01,2026-05-01
"[07.01.25] [มิ้น] ปีใหม่นี้ หนังสือเล่มนี้อยากบอกคุณว่า… (Embrace)",120218567887230260,2026-05-01,inactive,ad,,,,,0,,0,0,,,,,,,,,2026-05-01,2026-05-01
"[11.02.25][มิ้น] Unboxing new book (Kiwtum)",120219733071990260,2026-05-01,inactive,ad,,,,,0,,0,0,,,,,,,,,2026-05-01,2026-05-01
"[24.09.25][มิ้น] รู้ว่า Toxic ทำไมไม่ออกมา (ปีศาจตัวนั้น)",120237441377390260,2026-05-01,not_delivering,ad,,,,,0,,0,0,,,,,,,,,2026-05-01,2026-05-01
"[21.12.24] [มิ้น] สัมภาษณ์คุณคิดมาก (kidmakk)",120217962416540260,2026-05-01,inactive,ad,,,,,0,,0,0,,,,,,,,,2026-05-01,2026-05-01
"[22.05.25][มิ้น] หนังสือใหม่ออกมาอีกละ!!! (Ghostly)",120229091502580260,2026-05-01,inactive,ad,,,,,0,,0,0,,,,,,,,,2026-05-01,2026-05-01
"[17.03.25][มิ้น] การ์ดอยากบอกอะไรคุณ (Witches)",120226205495190260,2026-05-01,inactive,ad,,,,,0,,0,0,,,,,,,,,2026-05-01,2026-05-01
"[21.01.25] [มิ้น] Unboxing หนังสือฮีลใจเล่มใหม่ 2025 (Home)",120218671484760260,2026-05-01,not_delivering,ad,,,,,0,,0,0,,,,,,,,,2026-05-01,2026-05-01
"[07.03.25][มิ้น] สัมภาษณ์คุณเม เล่มใหม่ล่าสุด (Witches)",120221515241920260,2026-05-01,inactive,ad,,,,,0,,0,0,,,,,,,,,2026-05-01,2026-05-01
"[21.03.25][มิ้น] สัมภาษณ์คุณบุ๋ม (Gift)",120222458416000260,2026-05-01,inactive,ad,,,,,0,,0,0,,,,,,,,,2026-05-01,2026-05-01
"[30.04.25][มิ้น] ใครที่ยัง Move On ไม่ได้ (ปีศาจตัวนั้นคือฉันเอง)",120227310642770260,2026-05-01,not_delivering,ad,,,,,0,,0,0,,,,,,,,,2026-05-01,2026-05-01
"[07.03.25][มิ้น] ASMR Unboxing (Witches)",120221597230060260,2026-05-01,inactive,ad,,,,,0,,0,0,,,,,,,,,2026-05-01,2026-05-01
"[06.09.25][มิ้น] แด่ทุกชีวิตที่กำลังต่อสู้ (Ghostly)",120236606361000260,2026-05-01,inactive,ad,,,,,0,,0,0,,,,,,,,,2026-05-01,2026-05-01
"[23.10.24] [มิ้น] โดนตกจากประโยคหลังปก (Life)",120216576813250260,2026-05-01,not_delivering,ad,,,,,0,,0,0,,,,,,,,,2026-05-01,2026-05-01
"[11.06.25][มิ้น] ชอบประโยคไหนในหนังสือ (Witches)",120230768619790260,2026-05-01,inactive,ad,,,,,0,,0,0,,,,,,,,,2026-05-01,2026-05-01
"[25.10.25][มิ้น] ป้ายยา 2 หนังสือ (Remains)",120239272581820260,2026-05-01,inactive,ad,,,,,0,,0,0,,,,,,,,,2026-05-01,2026-05-01
"[27.11.25][มิ้น] ถ้ารอต่อไปอีกหน่อย (Demons)",120241143766190260,2026-05-01,inactive,ad,,,,,0,,0,0,,,,,,,,,2026-05-01,2026-05-01
"[22.09.25][มิ้น] เล่มใหม่ 1000/100 (Remains)",120237922435310260,2026-05-01,inactive,ad,,,,,0,,0,0,,,,,,,,,2026-05-01,2026-05-01
"[04.06.25][มิ้น] รีวิวหนังสือเล่มดัง (ปีศาจตัวนั้น)",120229984504930260,2026-05-01,inactive,ad,,,,,0,,0,0,,,,,,,,,2026-05-01,2026-05-01
"[19.10.25][มิ้น] คำพูดคนที่รักเจ็บที่สุด (Demons)",120239588981800260,2026-05-01,not_delivering,ad,,,,,0,,0,0,,,,,,,,,2026-05-01,2026-05-01
"[04.06.25][มิ้น] รีวิวหนังสือเล่มดัง (ปีศาจตัวนั้น)",120230745176190260,2026-05-01,not_delivering,ad,,,,,0,,0,0,,,,,,,,,2026-05-01,2026-05-01
"[07.06.25][มิ้น][Cross Page] หนังสือใหม่ออกมาอีกละ!!! (Ghostly)",120230113498790260,2026-05-01,inactive,ad,,,,,0,,0,0,,,,,,,,,2026-05-01,2026-05-01
"[16.07.25][มิ้น] แด่ความโดดเดี่ยว (Ghostly)",120235300316590260,2026-05-01,archived,ad,,,,,0,,0,0,,,,,,,,,2026-05-01,2026-05-01
"[18.04.25][มิ้น] ก่อนนอน อยากให้คุณได้อ่าน (Kiwtum)",120227045599500260,2026-05-01,inactive,ad,,,,,0,,0,0,,,,,,,,,2026-05-01,2026-05-01
"[24.07.25][มิ้น] นี่ไม่ใช่แค่ไพ่ดูดวง (Witches)",120233372355760260,2026-05-01,inactive,ad,,,,,0,,0,0,,,,,,,,,2026-05-01,2026-05-01
"[11.06.25][มิ้น] ชอบประโยคไหนในหนังสือ (Witches)",120230543963550260,2026-05-01,inactive,ad,,,,,0,,0,0,,,,,,,,,2026-05-01,2026-05-01
"[08.09.25][มิ้น] 5 ข้อคิดจากหนังสือ (Demons)",120236525260590260,2026-05-01,not_delivering,ad,,,,,0,,0,0,,,,,,,,,2026-05-01,2026-05-01
"[02.06.25][มิ้น] รีแอค ขมิ้น (Ghostly)",120232623740930260,2026-05-01,not_delivering,ad,,,,,0,,0,0,,,,,,,,,2026-05-01,2026-05-01
"[22.05.25][มิ้น] จะเป็นยังไง! เมื่อคนที่หมดแพชชัน  ต้องไปเป็นที่ปรึกษาให้เหล่าดวงวิญญาณ (Ghostly)",120229087528160260,2026-05-01,inactive,ad,,,,,0,,0,0,,,,,,,,,2026-05-01,2026-05-01
"[25.03.35][มิ้น] ประโยคหลังปก (Gift)",120222719726090260,2026-05-01,inactive,ad,,,,,0,,0,0,,,,,,,,,2026-05-01,2026-05-01
"[14.07.25][มิ้น] คำคมคาปิบาร่า (Capybara)",120232767174380260,2026-05-01,inactive,ad,,,,,0,,0,0,,,,,,,,,2026-05-01,2026-05-01
"[03.09.25][มิ้น] หนังเล่มใหม่ที่อานแล้วน้ำตาซึม (Demons)",120235859067900260,2026-05-01,inactive,ad,,,,,0,,0,0,,,,,,,,,2026-05-01,2026-05-01
"[21.05.25][มิ้น] หนังสือที่ว่าฮีลใจแล้ว… (Witches)",120229039443070260,2026-05-01,inactive,ad,,,,,0,,0,0,,,,,,,,,2026-05-01,2026-05-01
"[19.09.25][มิ้น] จากกระแส 1000/100 (Remains)",120238789463260260,2026-05-01,inactive,ad,,,,,0,,0,0,,,,,,,,,2026-05-01,2026-05-01
"[07.08.25][มิ้น] ชอบประโยคไหน (Tried)",120234945219180260,2026-05-01,not_delivering,ad,,,,,0,,0,0,,,,,,,,,2026-05-01,2026-05-01
"[13.05.25][มิ้น] ปีศาจที่ทำร้ายตัวเรา (ปีศาจตัวนั้น)",120228623738060260,2026-05-01,not_delivering,ad,,,,,0,,0,0,,,,,,,,,2026-05-01,2026-05-01
"[22.05.25][มิ้น] จะเป็นยังไง! เมื่อคนที่หมดแพชชัน  ต้องไปเป็นที่ปรึกษาให้เหล่าดวงวิญญาณ (Ghostly)",120229445590540260,2026-05-01,inactive,ad,,,,,0,,0,0,,,,,,,,,2026-05-01,2026-05-01
"[02.06.25][มิ้น] แนะนำหนังสือที่อยากให้อ่านสักครั้ง (ปีศาจตัวนั้น)",120229839125370260,2026-05-01,inactive,ad,,,,,0,,0,0,,,,,,,,,2026-05-01,2026-05-01
"[28.02.25][มิ้น] 3.3 ชีเสิร์ฟไม่พัก ซื้อ 3 แถม 1 (Promotion_DD)",120222074507630260,2026-05-01,inactive,ad,,,,,0,,0,0,,,,,,,,,2026-05-01,2026-05-01
"[19.06.25][มิ้น] อย่าพูดบั่นทอนด้วยคำพูดแย่ ๆ (Witches)",120231262655410260,2026-05-01,inactive,ad,,,,,0,,0,0,,,,,,,,,2026-05-01,2026-05-01
"[27.08.25][มิ้น] ซื้อ Boxset แถม Magic Planner (Witches)",120235754838580260,2026-05-01,not_delivering,ad,,,,,0,,0,0,,,,,,,,,2026-05-01,2026-05-01
"[11.10.25][มิ้น] ถ้าวันไหนไม่มีใครเข้าใจ (Tried)",120238408717990260,2026-05-01,inactive,ad,,,,,0,,0,0,,,,,,,,,2026-05-01,2026-05-01
"[11.02.25][มิ้น] สัมภาษณ์คุณปั๊ม คิ้วต่ำ (Kiwtum)",120221484267570260,2026-05-01,not_delivering,ad,,,,,0,,0,0,,,,,,,,,2026-05-01,2026-05-01
"[03.09.25][มิ้น] Unboxing New Books (Demons)",120236324479790260,2026-05-01,not_delivering,ad,,,,,0,,0,0,,,,,,,,,2026-05-01,2026-05-01
"[20.08.25][มิ้น] ไม่เคยคิดว่าแค่หนังสือเล่มเดียว (Ghostly)",120236003389040260,2026-05-01,not_delivering,ad,,,,,0,,0,0,,,,,,,,,2026-05-01,2026-05-01
"[16.10.25][มิ้น] คุณยังโทษตัวเองอยู่ไหม (Remains)",120238718668130260,2026-05-01,not_delivering,ad,,,,,0,,0,0,,,,,,,,,2026-05-01,2026-05-01
"[01.10.25][มิ้น] ประโยคที่ชอบจากหนังสือ (ปีศาจตัวนั้น)",120237852406030260,2026-05-01,not_delivering,ad,,,,,0,,0,0,,,,,,,,,2026-05-01,2026-05-01
"[25.03.35][มิ้น] ประโยคหลังปก (Gift)",120222719696580260,2026-05-01,inactive,ad,,,,,0,,0,0,,,,,,,,,2026-05-01,2026-05-01
"[07.01.25] [มิ้น] ปีใหม่นี้ หนังสือเล่มนี้อยากบอกคุณว่า… (Embrace)",120218402724890260,2026-05-01,not_delivering,ad,,,,,0,,0,0,,,,,,,,,2026-05-01,2026-05-01
"[14.05.25][มิ้น] ผู้คนเกลียดชังความเศร้า (Embrace)",120228641664520260,2026-05-01,inactive,ad,,,,,0,,0,0,,,,,,,,,2026-05-01,2026-05-01
"[23.05.25][มิ้น] 3 เรื่องลับ (Witches)",120229270560000260,2026-05-01,inactive,ad,,,,,0,,0,0,,,,,,,,,2026-05-01,2026-05-01
"[23.04.25][มิ้น] เติมสต็อกให้แล้วรีบซื้อด่วน! (Witches)",120226536392980260,2026-05-01,inactive,ad,,,,,0,,0,0,,,,,,,,,2026-05-01,2026-05-01
"[27.05.25][มิ้น] สัมภาษณ์คุณหมึกซึม (Ghostly)",120229557316430260,2026-05-01,inactive,ad,,,,,0,,0,0,,,,,,,,,2026-05-01,2026-05-01
"[24.06.25][มิ้น] มีชีวิตอยู่ไปเพื่อ? (Ghostly)",120231575853610260,2026-05-01,inactive,ad,,,,,0,,0,0,,,,,,,,,2026-05-01,2026-05-01
"[08.10.25][มิ้น] แชร์ 10 ประโยค (Demons)",120238217029860260,2026-05-01,not_delivering,ad,,,,,0,,0,0,,,,,,,,,2026-05-01,2026-05-01
"[19.02.25][มิ้น] เล่มใหม่มาแรง (Kiwtum)",120220278342050260,2026-05-01,inactive,ad,,,,,0,,0,0,,,,,,,,,2026-05-01,2026-05-01
"[14.07.25][มิ้น] ประโยคก่อนนอน 2 (Kiwtum)",120232767093360260,2026-05-01,not_delivering,ad,,,,,0,,0,0,,,,,,,,,2026-05-01,2026-05-01
"[16.07.25][มิ้น] แด่ความโดดเดี่ยว (Ghostly)",120232820429290260,2026-05-01,not_delivering,ad,,,,,0,,0,0,,,,,,,,,2026-05-01,2026-05-01
"[15.01.25][มิ้น] มนุษย์เป็ด [Capybara_Boxset]",120218602805120260,2026-05-01,not_delivering,ad,,,,,0,,0,0,,,,,,,,,2026-05-01,2026-05-01
"[11.02.25][มิ้น] สัมภาษณ์คุณปั๊ม คิ้วต่ำ (Kiwtum)",120220683153840260,2026-05-01,not_delivering,ad,,,,,0,,0,0,,,,,,,,,2026-05-01,2026-05-01
"[25.03.35][มิ้น] ประโยคหลังปก (Gift)",120222719741420260,2026-05-01,inactive,ad,,,,,0,,0,0,,,,,,,,,2026-05-01,2026-05-01
"[04.10.24] [มิ้น] ถ้าวันนี้เป็นวันสุดท้าย คุณจะทำอะไร? (Ghost)",120216040050680260,2026-05-01,not_delivering,ad,,,,,0,,0,0,,,,,,,,,2026-05-01,2026-05-01
"[06.12.24] [มิ้น] เก็บเงินง่าย ๆ ด้วยกฎ 50 30 20 (Million)",120217605842440260,2026-05-01,not_delivering,ad,,,,,0,,0,0,,,,,,,,,2026-05-01,2026-05-01
"[17.07.25] [ขมิ้น] Podcast ความสัมพันธ์ Toxic (Ghostly)",120232924399920260,2026-05-01,inactive,ad,,,,,0,,0,0,,,,,,,,,2026-05-01,2026-05-01
"[31.01.25][มิ้น] นี่คือ 3 เล่ม ที่อยากแนะนำ (Engage)",120219325951360260,2026-05-01,not_delivering,ad,,,,,0,,0,0,,,,,,,,,2026-05-01,2026-05-01
"[15.10.24] [มิ้น] จุดเปลี่ยนของชีวิต (Life)",120216576773560260,2026-05-01,not_delivering,ad,,,,,0,,0,0,,,,,,,,,2026-05-01,2026-05-01
"[23.10.24] [มิ้น] โดนตกจากประโยคหลังปก (Life)",120216631300170260,2026-05-01,not_delivering,ad,,,,,0,,0,0,,,,,,,,,2026-05-01,2026-05-01
"[07.10.24] [มิ้น] หมูเด้งดังแล้ว อย่าลืมคาปิบาร่า (คาปิบาร่า_box set)",120216121872880260,2026-05-01,inactive,ad,,,,,0,,0,0,,,,,,,,,2026-05-01,2026-05-01
"[26.08.24] [มิ้น] ไม่ชอบส่วนไหนในร่างกาย (Helmet_Boxset)",120216013707560260,2026-05-01,inactive,ad,,,,,0,,0,0,,,,,,,,,2026-05-01,2026-05-01
"[22.02.25][มิ้น] PAYDAY ลดครั้งใหญ่จักรวาลฮีลใจ (Promotion_Payday)",120220637852670260,2026-05-01,inactive,ad,,,,,0,,0,0,,,,,,,,,2026-05-01,2026-05-01
"[02.01.24] [มิ้น] เวลาที่คุณรู้สึกเศร้า (Embrace)",120218302698680260,2026-05-01,not_delivering,ad,,,,,0,,0,0,,,,,,,,,2026-05-01,2026-05-01
"[11.02.25][มิ้น] ประโยคจากคุณปั๊ม คิ้วต่ำ (Kiwtum)",120219599771690260,2026-05-01,inactive,ad,,,,,0,,0,0,,,,,,,,,2026-05-01,2026-05-01
"[07.03.25][มิ้น] วางแผนการเงิน = ชีวิตมีความสุข (Million)",120221523103950260,2026-05-01,inactive,ad,,,,,0,,0,0,,,,,,,,,2026-05-01,2026-05-01
"[21.01.25] [มิ้น] บทที่ 4 จดหมายจากพระจันทร์ (Home)",120218668096380260,2026-05-01,not_delivering,ad,,,,,0,,0,0,,,,,,,,,2026-05-01,2026-05-01
"[11.02.25][มิ้น] ประโยคจากคุณปั๊ม คิ้วต่ำ (Kiwtum)",120219599077320260,2026-05-01,inactive,ad,,,,,0,,0,0,,,,,,,,,2026-05-01,2026-05-01
"[21.09.24] [มิ้น] คนเราแตกสลายได้กี่ครั้ง",120216689852610260,2026-05-01,inactive,ad,,,,,0,,0,0,,,,,,,,,2026-05-01,2026-05-01
"[10.01.25] [มิ้น] แด่ทุการเริ่มต้นใหม่ (Life)",120218488655620260,2026-05-01,not_delivering,ad,,,,,0,,0,0,,,,,,,,,2026-05-01,2026-05-01
"[22.09.24] [มิ้น] ของขวัญรับปริญญา",120215767639170260,2026-05-01,not_delivering,ad,,,,,0,,0,0,,,,,,,,,2026-05-01,2026-05-01
"[11.02.25][มิ้น] สัมภาษณ์คุณปั๊ม คิ้วต่ำ (Kiwtum)",120219733237050260,2026-05-01,inactive,ad,,,,,0,,0,0,,,,,,,,,2026-05-01,2026-05-01
"[17.03.25][มิ้น] การ์ดอยากบอกอะไรคุณ (Witches)",120222282078900260,2026-05-01,inactive,ad,,,,,0,,0,0,,,,,,,,,2026-05-01,2026-05-01
"[21.01.25] [มิ้น] บทที่ 4 จดหมายจากพระจันทร์ (Home)",120218670185810260,2026-05-01,not_delivering,ad,,,,,0,,0,0,,,,,,,,,2026-05-01,2026-05-01
"[26.11.24] [มิ้น] 5 สิ่งที่ควรขอบคุณในชีวิต (Life)",120217325037440260,2026-05-01,inactive,ad,,,,,0,,0,0,,,,,,,,,2026-05-01,2026-05-01
"[15.10.24] [มิ้น] จุดเปลี่ยนของชีวิต (Life)",120216576737310260,2026-05-01,not_delivering,ad,,,,,0,,0,0,,,,,,,,,2026-05-01,2026-05-01
"[15.10.24] [มิ้น] จุดเปลี่ยนของชีวิต (Life)",120216380479460260,2026-05-01,not_delivering,ad,,,,,0,,0,0,,,,,,,,,2026-05-01,2026-05-01
"[19.08.24] [มิ้น] แนะนำหนังสือฮีลใจเล่มใหม่ล่าสุด (Helmet_Boxset)",120214962247640260,2026-05-01,not_delivering,ad,,,,,0,,0,0,,,,,,,,,2026-05-01,2026-05-01
"[23.10.24] [มิ้น] โดนตกจากประโยคหลังปก (Life)",120216499517580260,2026-05-01,archived,ad,,,,,0,,0,0,,,,,,,,,2026-05-01,2026-05-01
"[07.11.24] [มิ้น] 11.11 โปรรับหน้าหนาว (1,111)",120216873415410260,2026-05-01,not_delivering,ad,,,,,0,,0,0,,,,,,,,,2026-05-01,2026-05-01
"[02.10.24] [มิ้น] เมื่อที่เรารู้สึกเฟลกับชีวิต (ปีศาจ)",120215995583080260,2026-05-01,inactive,ad,,,,,0,,0,0,,,,,,,,,2026-05-01,2026-05-01
"[23.10.24] [มิ้น] โดนตกจากประโยคหลังปก (Life)",120217230559080260,2026-05-01,not_delivering,ad,,,,,0,,0,0,,,,,,,,,2026-05-01,2026-05-01
"[27.11.24] [มิ้น] 5 คำเตือนสุดท้ายของชีวิต (Ghost)",120217525456020260,2026-05-01,not_delivering,ad,,,,,0,,0,0,,,,,,,,,2026-05-01,2026-05-01
"[16.01.25] [มิ้น] ข่าวด่วนจนต้องบุก“นายอินทร์” (Promotion_Pack)",120218663135930260,2026-05-01,archived,ad,,,,,0,,0,0,,,,,,,,,2026-05-01,2026-05-01
"[14.01.25] [มิ้น] หนังสือฮีลใจทุกแพ็กเหมาคู่ 660.- (Promotion_MidMonth)",120218559411130260,2026-05-01,not_delivering,ad,,,,,0,,0,0,,,,,,,,,2026-05-01,2026-05-01
"[06.02.25][มิ้น] บทที่ 3 คนแปลกหน้าในฐานะคนรู้จัก (Embrace)",120219540052950260,2026-05-01,inactive,ad,,,,,0,,0,0,,,,,,,,,2026-05-01,2026-05-01
"[26.08.24] [มิ้น] ไม่ชอบส่วนไหนในร่างกาย (Helmet_Boxset)",120215258457340260,2026-05-01,inactive,ad,,,,,0,,0,0,,,,,,,,,2026-05-01,2026-05-01
"[22.02.25][มิ้น] PAYDAY ลดครั้งใหญ่จักรวาลฮีลใจ (Promotion_Payday)",120220592143110260,2026-05-01,not_delivering,ad,,,,,0,,0,0,,,,,,,,,2026-05-01,2026-05-01
"[21.09.24] [มิ้น] คนเราแตกสลายได้กี่ครั้ง",120215811542000260,2026-05-01,not_delivering,ad,,,,,0,,0,0,,,,,,,,,2026-05-01,2026-05-01
"[10.01.25] [มิ้น] Challenge เก็บเงิน 50:30:20 (Short) (Million)",120218486318180260,2026-05-01,inactive,ad,,,,,0,,0,0,,,,,,,,,2026-05-01,2026-05-01
"[24.02.25][มิ้น] 5 เหตุผลที่หนังสือเล่มนี้ควรอยู่ข้างกายคุณ (Home)",120220870197100260,2026-05-01,inactive,ad,,,,,0,,0,0,,,,,,,,,2026-05-01,2026-05-01
"[11.02.25][มิ้น] สัมภาษณ์คุณปั๊ม คิ้วต่ำ (Kiwtum) คลิปยาว",120221509565210260,2026-05-01,not_delivering,ad,,,,,0,,0,0,,,,,,,,,2026-05-01,2026-05-01
"[23.10.24] [มิ้น] โดนตกจากประโยคหลังปก (Life)",120216556769990260,2026-05-01,not_delivering,ad,,,,,0,,0,0,,,,,,,,,2026-05-01,2026-05-01
"[12.11.24] [มิ้น] 2 หนังสือเล่มใหม่ที่ถูกเขียนด้วยน้ำตา แพ็กคู่ 529",120216964559130260,2026-05-01,not_delivering,ad,,,,,0,,0,0,,,,,,,,,2026-05-01,2026-05-01
"[11.02.25][มิ้น] ประโยคจากคุณปั๊ม คิ้วต่ำ (Kiwtum)",120219600093190260,2026-05-01,inactive,ad,,,,,0,,0,0,,,,,,,,,2026-05-01,2026-05-01
"[21.01.25] [มิ้น] 5 ข้อคิด (Home)",120218671519880260,2026-05-01,inactive,ad,,,,,0,,0,0,,,,,,,,,2026-05-01,2026-05-01
"[22.05.25][มิ้น] จะเป็นยังไง! เมื่อคนที่หมดแพชชัน ต้องไปเป็นที่ปรึกษาให้เหล่าดวงวิญญาณ (Ghostly)",120230640312900260,2026-05-01,not_delivering,ad,,,,,0,,0,0,,,,,,,,,2026-05-01,2026-05-01
"[25.01.25][มิ้น] 5 ข้อคิดหลังอ่านเล่นนี้จบ (Ghost)",120219025696050260,2026-05-01,not_delivering,ad,,,,,0,,0,0,,,,,,,,,2026-05-01,2026-05-01
"[09.10.14] [มิ้น] แด่รักข้างเดียว (โอบกอด)",120216499793980260,2026-05-01,not_delivering,ad,,,,,0,,0,0,,,,,,,,,2026-05-01,2026-05-01
"[13.11.24] [มิ้น] แยกย้ายไปเติบโต (โอบกอด)",120217392054660260,2026-05-01,not_delivering,ad,,,,,0,,0,0,,,,,,,,,2026-05-01,2026-05-01
"[13.11.24] [มิ้น] แยกย้ายไปเติบโต (โอบกอด)",120217324834700260,2026-05-01,inactive,ad,,,,,0,,0,0,,,,,,,,,2026-05-01,2026-05-01
"[28.02.25][มิ้น] 3.3 ชีเสิร์ฟไม่พัก ซื้อ 3 แถม 1 (Promotion_DD)",120221295871260260,2026-05-01,inactive,ad,,,,,0,,0,0,,,,,,,,,2026-05-01,2026-05-01
"[14.11.24] [มิ้น] 5 เหตุผลทำไมต้องซื้อเล่มนี้ (Life)",120217166767690260,2026-05-01,not_delivering,ad,,,,,0,,0,0,,,,,,,,,2026-05-01,2026-05-01
"[21.01.25] [มิ้น] บทที่ 4 จดหมายจากพระจันทร์ (Home)",120218670228440260,2026-05-01,not_delivering,ad,,,,,0,,0,0,,,,,,,,,2026-05-01,2026-05-01
"[11.02.25][มิ้น] Unboxing new book (Kiwtum)",120219599842260260,2026-05-01,inactive,ad,,,,,0,,0,0,,,,,,,,,2026-05-01,2026-05-01
"[16.01.25][VDO][มิ้น][Garden_เล่มเดี่ยว] ความรักกับดอกไม้",120218618278350260,2026-05-01,inactive,ad,,,,,0,,0,0,,,,,,,,,2026-05-01,2026-05-01
"[20.01.25][Garden_Boxset][มิ้น][VDO] 5 ประโยคปลดล็อค",120218619917750260,2026-05-01,inactive,ad,,,,,0,,0,0,,,,,,,,,2026-05-01,2026-05-01
"[14.05.25][มิ้น] 5 ประโยคเติมไฟให้ชีวิต (Witches)",120228641395810260,2026-05-01,inactive,ad,,,,,0,,0,0,,,,,,,,,2026-05-01,2026-05-01
"[26.11.24] [มิ้น] อาจเป็นเพราะคงแตกสลายไปมากว่านี้ไม่ไหวแล้ว แพ็กคู่โอบกอดดอกไม้ 579",120217324306120260,2026-05-01,not_delivering,ad,,,,,0,,0,0,,,,,,,,,2026-05-01,2026-05-01
"[09.07.25][มิ้น] รีวิวไม่อวย 8/10 (Ghostly)",120232527850730260,2026-05-01,inactive,ad,,,,,0,,0,0,,,,,,,,,2026-05-01,2026-05-01
"[23.10.24] [มิ้น] โดนตกจากประโยคหลังปก (Life)",120216829639520260,2026-05-01,not_delivering,ad,,,,,0,,0,0,,,,,,,,,2026-05-01,2026-05-01
"[21.01.25] [มิ้น] สถานที่ที่ปลอดภัยที่สุด (Home)",120218670185800260,2026-05-01,inactive,ad,,,,,0,,0,0,,,,,,,,,2026-05-01,2026-05-01
"[12.11.25][มิ้น] เริ่มต้นปีใหม่ (ปีศาจตัวนั้น)",120240908309990260,2026-05-01,inactive,ad,,,,,0,,0,0,,,,,,,,,2026-05-01,2026-05-01
"[13.03.25][มิ้น] Mid Month จับคู่ 2 Boxset 990.- (Promotion_MM)",120222909408240260,2026-05-01,not_delivering,ad,,,,,0,,0,0,,,,,,,,,2026-05-01,2026-05-01
"[22.01.25] [มิ้น] หนังสือเล่มนี้ที่อยากบอกคุณว่า (ปีศาจตัวนั้น)",120218867818310260,2026-05-01,inactive,ad,,,,,0,,0,0,,,,,,,,,2026-05-01,2026-05-01
"[21.12.24] [มิ้น] สัมภาษณ์คุณคิดมาก (kidmakk)",120217962465620260,2026-05-01,not_delivering,ad,,,,,0,,0,0,,,,,,,,,2026-05-01,2026-05-01
"[11.02.25][มิ้น] ประโยคหลังปก (Kiwtum)",120219599958150260,2026-05-01,inactive,ad,,,,,0,,0,0,,,,,,,,,2026-05-01,2026-05-01
"[27.11.24] [มิ้น] 5 คำเตือนสุดท้ายของชีวิต (Ghost)",120217381066350260,2026-05-01,inactive,ad,,,,,0,,0,0,,,,,,,,,2026-05-01,2026-05-01
"[15.10.24] [มิ้น] จุดเปลี่ยนของชีวิต (Life)",120216829371810260,2026-05-01,inactive,ad,,,,,0,,0,0,,,,,,,,,2026-05-01,2026-05-01
"[11.02.25][มิ้น] ประโยคจากคุณปั๊ม คิ้วต่ำ (Kiwtum)",120219834447540260,2026-05-01,inactive,ad,,,,,0,,0,0,,,,,,,,,2026-05-01,2026-05-01
"[25.03.35][มิ้น] ประโยคหลังปก (Gift)",120222719710320260,2026-05-01,inactive,ad,,,,,0,,0,0,,,,,,,,,2026-05-01,2026-05-01
"[06.12.24] [มิ้น] เก็บเงินง่าย ๆ ด้วยกฎ 50 30 20 (Million)",120217605820190260,2026-05-01,inactive,ad,,,,,0,,0,0,,,,,,,,,2026-05-01,2026-05-01
"[04.10.24] [มิ้น] ถ้าวันนี้เป็นวันสุดท้าย คุณจะทำอะไร? (Ghost)",120216039941850260,2026-05-01,inactive,ad,,,,,0,,0,0,,,,,,,,,2026-05-01,2026-05-01
"[04.02.25][มิ้น] ประโยคหลังปก (Home)",120219487125800260,2026-05-01,not_delivering,ad,,,,,0,,0,0,,,,,,,,,2026-05-01,2026-05-01
"[21.04.25][มิ้น] ดวงของคุณวันนี้? (Witches)",120226408377070260,2026-05-01,inactive,ad,,,,,0,,0,0,,,,,,,,,2026-05-01,2026-05-01
"[04.10.24] [มิ้น] ถ้าวันนี้เป็นวันสุดท้าย คุณจะทำอะไร? (Ghost)",120216040420430260,2026-05-01,inactive,ad,,,,,0,,0,0,,,,,,,,,2026-05-01,2026-05-01
"[02.11.24] [มิ้น] ความไม่สมบูรณ์แบบของเรา (โอบกอด)",120216749480290260,2026-05-01,not_delivering,ad,,,,,0,,0,0,,,,,,,,,2026-05-01,2026-05-01
"[15.10.24] [มิ้น] จุดเปลี่ยนของชีวิต (Life)",120216556769950260,2026-05-01,inactive,ad,,,,,0,,0,0,,,,,,,,,2026-05-01,2026-05-01
"[11.03.25][มิ้น] 2 หนังสือขายดี (Engage)",120221887591560260,2026-05-01,inactive,ad,,,,,0,,0,0,,,,,,,,,2026-05-01,2026-05-01
"[07.03.25][มิ้น] ASMR Unboxing (Witches)",120222018612670260,2026-05-01,not_delivering,ad,,,,,0,,0,0,,,,,,,,,2026-05-01,2026-05-01
"[24.12.24] [มิ้น] Payday นี้รวมแพ็กฮีลใจเล่มใหม่ (Promotion_Payday)",120218108446980260,2026-05-01,not_delivering,ad,,,,,0,,0,0,,,,,,,,,2026-05-01,2026-05-01
"[21.09.24] [มิ้น] คนเราแตกสลายได้กี่ครั้ง",120215873479390260,2026-05-01,not_delivering,ad,,,,,0,,0,0,,,,,,,,,2026-05-01,2026-05-01
"[12.11.24] [มิ้น] 2 หนังสือเล่มใหม่ที่ถูกเขียนด้วยน้ำตา แพ็กคู่ 529",120217194261860260,2026-05-01,not_delivering,ad,,,,,0,,0,0,,,,,,,,,2026-05-01,2026-05-01
"[02.01.24] [มิ้น] เวลาที่คุณรู้สึกเศร้า (Embrace)",120218567887210260,2026-05-01,inactive,ad,,,,,0,,0,0,,,,,,,,,2026-05-01,2026-05-01
"[09.10.14] [มิ้น] แด่รักข้างเดียว (โอบกอด)",120216610678250260,2026-05-01,inactive,ad,,,,,0,,0,0,,,,,,,,,2026-05-01,2026-05-01
"[09.11.24] [มิ้น] เราทุกคนต่างไม่มีใครสมบูรณ์แบบ (Life)",120216908187940260,2026-05-01,archived,ad,,,,,0,,0,0,,,,,,,,,2026-05-01,2026-05-01
"[22.05.25][มิ้น] จะเป็นยังไง! เมื่อคนที่หมดแพชชัน  ต้องไปเป็นที่ปรึกษาให้เหล่าดวงวิญญาณ (Ghostly)",120229092583960260,2026-05-01,inactive,ad,,,,,0,,0,0,,,,,,,,,2026-05-01,2026-05-01
"[07.11.25][มิ้น] ได้อ่านแล้วเหมือนได้พัก (Tried)",120241248447060260,2026-05-01,inactive,ad,,,,,0,,0,0,,,,,,,,,2026-05-01,2026-05-01
"[26.11.24] [มิ้น] อาจเป็นเพราะคงแตกสลายไปมากว่านี้ไม่ไหวแล้ว แพ็กคู่โอบกอดดอกไม้ 579",120217324435530260,2026-05-01,not_delivering,ad,,,,,0,,0,0,,,,,,,,,2026-05-01,2026-05-01
"[04.02.26][มิ้น] มนุษย์ที่เป็นคนดี (สัมภาษณ์หมอ) (Trap)",120244358046810260,2026-05-01,not_delivering,ad,,,,,0,,0,0,,,,,,,,,2026-05-01,2026-05-01
"[04.02.26][มิ้น] มนุษย์ที่เป็นคนดี (สัมภาษณ์หมอ) (Trap)",120247437076450260,2026-05-01,not_delivering,ad,,,,,0,,0,0,,,,,,,,,2026-05-01,2026-05-01
"[20.11.25][มิ้น] E-Book หนังสือปีศาจ 1 (E-Book)",120240851311130260,2026-05-01,active,ad,การสนทนาผ่านการส่งข้อความที่เริ่มขึ้น,,,,5.15,,23,21,,,,,,0,223.91304348,,2026-05-01,2026-05-01
"[22.09.25][มิ้น] Boxset เปลี่ยนความทุกข์ (Witches)",120238129750470260,2026-05-01,not_delivering,ad,,,,,0,,0,0,,,,,,,,,2026-05-01,2026-05-01
"[29.10.25][มิ้น] 2 หนังสือเรียกน้ำตา (Remains)",120241140663210260,2026-05-01,inactive,ad,,,,,0,,0,0,,,,,,,,,2026-05-01,2026-05-01
"[07.10.25][มิ้น] ชอบคนใจดี (Ghostly)",120238402630570260,2026-05-01,not_delivering,ad,,,,,0,,0,0,,,,,,,,,2026-05-01,2026-05-01
"[03.03.26][มิ้น] ไม่เคยร้องไห้กับหนังสือจนมาเจอ 2 เล่มนี้ (Ghostly) (Remains)",120245128834100260,2026-05-01,not_delivering,ad,,,,,0,,0,0,,,,,,,,,2026-05-01,2026-05-01
"[23.07.25][มิ้น] อ่านแล้วหายเหนื่อย (Tried)",120239970186850260,2026-05-01,inactive,ad,,,,,0,,0,0,,,,,,,,,2026-05-01,2026-05-01
"[07.11.25][มิ้น] ได้อ่านแล้วเหมือนได้พัก (Tried)",120240097691460260,2026-05-01,inactive,ad,,,,,0,,0,0,,,,,,,,,2026-05-01,2026-05-01
"[24.04.25][มิ้น] PAYDAY APR 3 แถม 1 (Promotion_Payday)",120226795151900260,2026-05-01,inactive,ad,,,,,0,,0,0,,,,,,,,,2026-05-01,2026-05-01
"[03.09.25][มิ้น] เล่มใหม่ให้ 1000/100 (Demons)",120236583311870260,2026-05-01,not_delivering,ad,,,,,0,,0,0,,,,,,,,,2026-05-01,2026-05-01
"[15.10.24] [มิ้น] จุดเปลี่ยนของชีวิต (Life)",120216294049970260,2026-05-01,inactive,ad,,,,,0,,0,0,,,,,,,,,2026-05-01,2026-05-01
"[15.10.24] [มิ้น] จุดเปลี่ยนของชีวิต (Life)",120216829639540260,2026-05-01,not_delivering,ad,,,,,0,,0,0,,,,,,,,,2026-05-01,2026-05-01
"[10.11.25][มิ้น] ป้ายยาหนังสือ 7 เล่ม (E-Book)",120241048471100260,2026-05-01,inactive,ad,,,,,0,,0,0,,,,,,,,,2026-05-01,2026-05-01
"[04.02.26][มิ้น] มนุษย์ที่เป็นคนดี (สัมภาษณ์หมอ) (Trap)",120244181438010260,2026-05-01,not_delivering,ad,,,,,0,,0,0,,,,,,,,,2026-05-01,2026-05-01
"[06.11.25][มิ้น] บางครั้งความรัก (Remains)",120240333892680260,2026-05-01,inactive,ad,,,,,0,,0,0,,,,,,,,,2026-05-01,2026-05-01
"[22.02.25][มิ้น] PAYDAY ลดครั้งใหญ่จักรวาลฮีลใจ (Promotion_Payday)",120220592183250260,2026-05-01,inactive,ad,,,,,0,,0,0,,,,,,,,,2026-05-01,2026-05-01
"[28.08.25][มิ้น] ปีศาจอาจไม่ได้เกิดจากข้างนอก (ปีศาจตัวนั้น)",120236201402030260,2026-05-01,not_delivering,ad,,,,,0,,0,0,,,,,,,,,2026-05-01,2026-05-01
"[02.10.24] [มิ้น] เมื่อที่เรารู้สึกเฟลกับชีวิต (ปีศาจ)",120216014219110260,2026-05-01,not_delivering,ad,,,,,0,,0,0,,,,,,,,,2026-05-01,2026-05-01
"[12.11.25][มิ้น] เริ่มต้นปีใหม่ (ปีศาจตัวนั้น)",120241406601490260,2026-05-01,archived,ad,,,,,0,,0,0,,,,,,,,,2026-05-01,2026-05-01
"[18.11.25][มิ้น] 5 คำพูดมงคล (Witches)",120240735449000260,2026-05-01,inactive,ad,,,,,0,,0,0,,,,,,,,,2026-05-01,2026-05-01
"[26.11.25][มิ้น] น้ำตาซึม 3000% (Ghostly)",120241100277570260,2026-05-01,inactive,ad,,,,,0,,0,0,,,,,,,,,2026-05-01,2026-05-01
"[22.09.25][มิ้น] เล่มใหม่ 1000/100 (Remains)",120237920752000260,2026-05-01,not_delivering,ad,,,,,0,,0,0,,,,,,,,,2026-05-01,2026-05-01
"[20.11.25][มิ้น] E-Book หนังสือปีศาจ 1 (E-Book)",120240851255570260,2026-05-01,not_delivering,ad,,,,,0,,0,0,,,,,,,,,2026-05-01,2026-05-01
"[22.10.25][มิ้น] เพราะในทุกความเกลียด (Remains)",120239116399530260,2026-05-01,not_delivering,ad,,,,,0,,0,0,,,,,,,,,2026-05-01,2026-05-01
"[19.08.24] [มิ้น] แนะนำหนังสือฮีลใจเล่มใหม่ล่าสุด (Helmet_Boxset)",120214865684230260,2026-05-01,inactive,ad,,,,,0,,0,0,,,,,,,,,2026-05-01,2026-05-01
"[23.10.24] [มิ้น] โดนตกจากประโยคหลังปก (Life)",120217166433250260,2026-05-01,not_delivering,ad,,,,,0,,0,0,,,,,,,,,2026-05-01,2026-05-01
"[07.11.25][มิ้น] เป็นหนังสือรวมประโยค (Tried) - Copy",120240381476760260,2026-05-01,inactive,ad,,,,,0,,0,0,,,,,,,,,2026-05-01,2026-05-01
"[06.08.25][มิ้น] วันไหนไม่ไหว แวะมาอ่าน (Tried)",120235784906960260,2026-05-01,not_delivering,ad,,,,,0,,0,0,,,,,,,,,2026-05-01,2026-05-01
"[03.09.25][มิ้น] จากเล่ม 1 สู่เล่ม 2 (Demons)",120236029759420260,2026-05-01,inactive,ad,,,,,0,,0,0,,,,,,,,,2026-05-01,2026-05-01
"[03.09.25][มิ้น] หนังเล่มใหม่ที่อานแล้วน้ำตาซึม (Demons)",120236022483620260,2026-05-01,inactive,ad,,,,,0,,0,0,,,,,,,,,2026-05-01,2026-05-01
"[12.12.25][มิ้น] ครอบครัวคือที่ที่ปลอดภัยที่สุด (Ghostly)",120242008121450260,2026-05-01,not_delivering,ad,,,,,0,,0,0,,,,,,,,,2026-05-01,2026-05-01
"[16.10.25][มิ้น] ให้เปิดเล่มนี้เตือนสติ (Remains)",120238718339940260,2026-05-01,inactive,ad,,,,,0,,0,0,,,,,,,,,2026-05-01,2026-05-01
"[10.11.25][มิ้น] นี่คือสภาพ (Remains)",120240271746670260,2026-05-01,inactive,ad,,,,,0,,0,0,,,,,,,,,2026-05-01,2026-05-01
"[18.11.25][มิ้น] เจ้าเหมียวเก็บมาเลี้ยง (Ghostly)",120240739016180260,2026-05-01,inactive,ad,,,,,0,,0,0,,,,,,,,,2026-05-01,2026-05-01
"[07.10.25][มิ้น] ชอบคนใจดี (Ghostly)",120238411166800260,2026-05-01,not_delivering,ad,,,,,0,,0,0,,,,,,,,,2026-05-01,2026-05-01
"[24.02.25][มิ้น] บทที่ 1 ที่คิ้วต่ำอยากแนะนำ (Kiwtum)",120220867845840260,2026-05-01,inactive,ad,,,,,0,,0,0,,,,,,,,,2026-05-01,2026-05-01
"[07.11.25][มิ้น] ได้อ่านแล้วเหมือนได้พัก (Tried)",120241142638270260,2026-05-01,inactive,ad,,,,,0,,0,0,,,,,,,,,2026-05-01,2026-05-01
"[02.06.25][มิ้น] รีแอค ขมิ้น (Ghostly)",120239978908290260,2026-05-01,not_delivering,ad,,,,,0,,0,0,,,,,,,,,2026-05-01,2026-05-01
"[23.07.25][มิ้น] อ่านแล้วหายเหนื่อย (Tried)",120241142580940260,2026-05-01,inactive,ad,,,,,0,,0,0,,,,,,,,,2026-05-01,2026-05-01
"[25.03.26][มิ้น] ชวนมางานหนังสือ (สัมภาษณ์คุณหมอทานตะวัน) (Trap)",120246073451160260,2026-05-01,not_delivering,ad,,,,,0,,0,0,,,,,,,,,2026-05-01,2026-05-01
"[19.01.26] [มิ้น] Women to Women (Helmet_Boxset) (Reels)",120243383143640260,2026-05-01,not_delivering,ad,,,,,0,,0,0,,,,,,,,,2026-05-01,2026-05-01
"[03.12.25][มิ้น] คะแนนฮีลใจ 1000/100 (Remains)",120241545906130260,2026-05-01,inactive,ad,,,,,0,,0,0,,,,,,,,,2026-05-01,2026-05-01
"[04.02.26][มิ้น] มนุษย์ที่เป็นคนดี (สัมภาษณ์หมอ) (Trap)",120245853450430260,2026-05-01,not_delivering,ad,,,,,0,,0,0,,,,,,,,,2026-05-01,2026-05-01
"[29.10.25][มิ้น] 2 หนังสือเรียกน้ำตา (Remains)",120244055117920260,2026-05-01,not_delivering,ad,,,,,0,,0,0,,,,,,,,,2026-05-01,2026-05-01
"[26.01.26][มิ้น] หนังสือที่ได้ไปต่อในปี 2026 (Remains)",120243608695270260,2026-05-01,inactive,ad,,,,,0,,0,0,,,,,,,,,2026-05-01,2026-05-01
"[06.09.24] [มิ้น] โปรโมชั่น 9.9",120215331221340260,2026-05-01,not_delivering,ad,,,,,0,,0,0,,,,,,,,,2026-05-01,2026-05-01
"[25.09.24] [มิ้น] PAYDAY มาดามใจ (เดือนกันยายน)",120215847448680260,2026-05-01,not_delivering,ad,,,,,0,,0,0,,,,,,,,,2026-05-01,2026-05-01
"[02.06.25][มิ้น] ถ้าแกพร้อมที่จะรักตัวเอง (ปีศาจตัวนั้น) (Reels)",120242989116530260,2026-05-01,not_delivering,ad,,,,,0,,0,0,,,,,,,,,2026-05-01,2026-05-01
"[02.09.24] [มิ้น] 5 ข้อคิดลบกับตัวเอง (Helmet_Boxset)",120216632308840260,2026-05-01,not_delivering,ad,,,,,0,,0,0,,,,,,,,,2026-05-01,2026-05-01
"[02.04.26][มิ้น] อย่าปล่อยให้อีโก้ (Trap)",120247605593900260,2026-05-01,not_delivering,ad,,,,,0,,0,0,,,,,,,,,2026-05-01,2026-05-01
"[17.02.26][มิ้น] 20 เล่มลายเซ็น (Trap)",120248305639200260,2026-05-01,active,ad,การสนทนาผ่านการส่งข้อความที่เริ่มขึ้น,,,,0,,0,0,,,,,,,,,2026-05-01,2026-05-01
"[22.05.25][มิ้น] จะเป็นยังไง! เมื่อคนที่หมดแพชชัน  ต้องไปเป็นที่ปรึกษาให้เหล่าดวงวิญญาณ (Ghostly)",120244776315940260,2026-05-01,not_delivering,ad,,,,,0,,0,0,,,,,,,,,2026-05-01,2026-05-01
"[24.01.26][มิ้น] การตัดใจจากใครสักคน (ปีศาจตัวนั้น) (Reels)",120243541653280260,2026-05-01,not_delivering,ad,,,,,0,,0,0,,,,,,,,,2026-05-01,2026-05-01
"[01.03.26][มิ้น] รี stock เล่มลายเซ็นหมอทานตะวัน (สัมภาษณ์หมอ) (Trap) (Cross Page)",120245624417410260,2026-05-01,not_delivering,ad,,,,,0,,0,0,,,,,,,,,2026-05-01,2026-05-01
"[17.02.26][มิ้น] 20 เล่มลายเซ็น (Trap)",120248155653960260,2026-05-01,not_delivering,ad,การสนทนาผ่านการส่งข้อความที่เริ่มขึ้น,,,,189.71,,972,900,,,,,2,1.85185185,195.17489712,,2026-05-01,2026-05-01
"[23.10.24] [มิ้น] โดนตกจากประโยคหลังปก (Life)",120216499906030260,2026-05-01,inactive,ad,,,,,0,,0,0,,,,,,,,,2026-05-01,2026-05-01
"[03.03.26][มิ้น] ไม่เคยร้องไห้กับหนังสือจนมาเจอ 2 เล่มนี้ (Ghostly) (Remains)",120245968070440260,2026-05-01,not_delivering,ad,,,,,0,,0,0,,,,,,,,,2026-05-01,2026-05-01
"[21.09.24] [มิ้น] คนเราแตกสลายได้กี่ครั้ง",120216758723130260,2026-05-01,not_delivering,ad,,,,,0,,0,0,,,,,,,,,2026-05-01,2026-05-01
"[25.02.26][มิ้น] ถ้าคุณมีโอกาสได้เจอ (Trap)",120244858567720260,2026-05-01,not_delivering,ad,,,,,0,,0,0,,,,,,,,,2026-05-01,2026-05-01
"[23.07.25][มิ้น] อ่านแล้วหายเหนื่อย (Tried)",120243520795900260,2026-05-01,not_delivering,ad,,,,,0,,0,0,,,,,,,,,2026-05-01,2026-05-01
"[06.10.25][มิ้น] อ่านเล่มนี้ถ้าคุณ… (ปีศาจตัวนั้น) (Reels)",120243296318590260,2026-05-01,not_delivering,ad,,,,,0,,0,0,,,,,,,,,2026-05-01,2026-05-01
"[19.08.24] [มิ้น] แนะนำหนังสือฮีลใจเล่มใหม่ล่าสุด (Helmet_Boxset)",120215013061070260,2026-05-01,not_delivering,ad,,,,,0,,0,0,,,,,,,,,2026-05-01,2026-05-01
"[07.10.25][มิ้น] ชอบคนใจดี (Ghostly) (Reels)",120243030362170260,2026-05-01,not_delivering,ad,,,,,0,,0,0,,,,,,,,,2026-05-01,2026-05-01
"[06.12.24] [มิ้น] เก็บเงินง่าย ๆ ด้วยกฎ 50 30 20 (Million)",120217605846040260,2026-05-01,not_delivering,ad,,,,,0,,0,0,,,,,,,,,2026-05-01,2026-05-01
"[07.11.25][มิ้น] พออ่านแล้วจึงได้เข้าใจ (Tried)",120240097132020260,2026-05-01,inactive,ad,,,,,0,,0,0,,,,,,,,,2026-05-01,2026-05-01
"[13.08.25][มิ้น] ชีวิตเหมือนบุฟเฟต์ (ปีศาจตัวนั้น) (Reels)",120243029468640260,2026-05-01,not_delivering,ad,,,,,0,,0,0,,,,,,,,,2026-05-01,2026-05-01
"[11.03.26][มิ้น] รี stock เล่มลายเซ็นนักเขียนเมไอ (Witches)",120245719577670260,2026-05-01,not_delivering,ad,,,,,0,,0,0,,,,,,,,,2026-05-01,2026-05-01
"[12.09.25][มิ้น] หนังสือถูกเขียนขึ้นมา (Ghostly)",120236738815510260,2026-05-01,inactive,ad,,,,,0,,0,0,,,,,,,,,2026-05-01,2026-05-01
"[14.11.24] [มิ้น] 5 เหตุผลทำไมต้องซื้อเล่มนี้ (Life)",120217045690900260,2026-05-01,not_delivering,ad,,,,,0,,0,0,,,,,,,,,2026-05-01,2026-05-01
"[23.10.24] [มิ้น] โดนตกจากประโยคหลังปก (Life)",120216499685380260,2026-05-01,archived,ad,,,,,0,,0,0,,,,,,,,,2026-05-01,2026-05-01
"[29.10.25][มิ้น] 2 หนังสือเรียกน้ำตา (Remains)",120240912005380260,2026-05-01,inactive,ad,,,,,0,,0,0,,,,,,,,,2026-05-01,2026-05-01
"[24.12.25][มิ้น] ดวงสมพงษ์กัน (Witches)",120242559035140260,2026-05-01,not_delivering,ad,,,,,0,,0,0,,,,,,,,,2026-05-01,2026-05-01
"[13.01.26][มิ้น] อย่าให้คนคนเดียว (Embrace) (Reels)",120243131444840260,2026-05-01,not_delivering,ad,,,,,0,,0,0,,,,,,,,,2026-05-01,2026-05-01
"[12.12.25][มิ้น] ครอบครัวคือที่ที่ปลอดภัยที่สุด (Ghostly)",120242967763000260,2026-05-01,archived,ad,,,,,0,,0,0,,,,,,,,,2026-05-01,2026-05-01
"[06.11.25][มิ้น] เพราะพรุ่งนี้แกอาจ (Ghostly)",120240102388230260,2026-05-01,inactive,ad,,,,,0,,0,0,,,,,,,,,2026-05-01,2026-05-01
"[12.11.24] [มิ้น] 2 หนังสือเล่มใหม่ที่ถูกเขียนด้วยน้ำตา แพ็กคู่ 529",120217324207940260,2026-05-01,not_delivering,ad,,,,,0,,0,0,,,,,,,,,2026-05-01,2026-05-01
"[29.10.25][มิ้น] 2 หนังสือเรียกน้ำตา (Remains)",120243608321580260,2026-05-01,not_delivering,ad,,,,,0,,0,0,,,,,,,,,2026-05-01,2026-05-01
"[10.02.26][มิ้น] ชนแล้วหนี (Remains)",120244295383790260,2026-05-01,not_delivering,ad,,,,,0,,0,0,,,,,,,,,2026-05-01,2026-05-01
"[10.12.25][มิ้น] 12.12 : ซื้อ 3 เล่ม ลด 120.- (Promotion)",120241897811890260,2026-05-01,inactive,ad,,,,,0,,0,0,,,,,,,,,2026-05-01,2026-05-01
"[23.01.26][มิ้น] บางคนตายไป (Ghostly)",120244008225770260,2026-05-01,not_delivering,ad,,,,,0,,0,0,,,,,,,,,2026-05-01,2026-05-01
"[18.11.25][มิ้น] อยู่คนเดียวเป็นเรื่องยาก ? (Ghostly)",120242909135600260,2026-05-01,not_delivering,ad,,,,,0,,0,0,,,,,,,,,2026-05-01,2026-05-01
"[25.03.35][มิ้น] ประโยคหลังปก (Gift)",120222719478900260,2026-05-01,inactive,ad,,,,,0,,0,0,,,,,,,,,2026-05-01,2026-05-01
"[26.01.26][มิ้น] บางเรื่องในชีวิตต่อให้เราพยายามลืมแค่ไหน (Remains)",120243608668410260,2026-05-01,inactive,ad,,,,,0,,0,0,,,,,,,,,2026-05-01,2026-05-01
"[04.10.24] [มิ้น] ถ้าวันนี้เป็นวันสุดท้าย คุณจะทำอะไร? (Ghost)",120216040238870260,2026-05-01,inactive,ad,,,,,0,,0,0,,,,,,,,,2026-05-01,2026-05-01
"[20.03.26][มิ้น] คนคิดเยอะมักเจ็บจากความคิดตัวเอง (Trap)",120246310218750260,2026-05-01,not_delivering,ad,,,,,0,,0,0,,,,,,,,,2026-05-01,2026-05-01
"[30.10.25][มิ้น] เปลี่ยนความทุกข์ (Witches)",120239862405800260,2026-05-01,not_delivering,ad,,,,,0,,0,0,,,,,,,,,2026-05-01,2026-05-01
"[03.09.25][มิ้น] อยากให้ทุกคนอ่าน (Ghostly)",120236625942170260,2026-05-01,not_delivering,ad,,,,,0,,0,0,,,,,,,,,2026-05-01,2026-05-01
"[25.05.25][มิ้น] เปิดคำทำนายวันนี้ (Witches)",120233484797370260,2026-05-01,inactive,ad,,,,,0,,0,0,,,,,,,,,2026-05-01,2026-05-01
"[25.07.25][ขมิ้น] ชวนฟัง Podcast (Ghostly)",120233556016510260,2026-05-01,inactive,ad,,,,,0,,0,0,,,,,,,,,2026-05-01,2026-05-01
"[06.10.25][มิ้น] อ่านเล่มนี้ถ้าคุณ… (ปีศาจตัวนั้น) (Reels)",120243029435190260,2026-05-01,not_delivering,ad,,,,,0,,0,0,,,,,,,,,2026-05-01,2026-05-01
"[28.05.25][มิ้น] 3 สิ่งที่เล่มนี้อยากบอก (ปีศาจตัวนั้น)",120235812292370260,2026-05-01,inactive,ad,,,,,0,,0,0,,,,,,,,,2026-05-01,2026-05-01
"[22.08.25][มิ้น] รีสต็อกแล้ว รีบสั่งก่อนหมด (Ghostly)",120235575226290260,2026-05-01,inactive,ad,,,,,0,,0,0,,,,,,,,,2026-05-01,2026-05-01
"[01.12.25][มิ้น] 5 ประโยคจุกอก (ปีศาจตัวนั้น)",120241407059180260,2026-05-01,inactive,ad,,,,,0,,0,0,,,,,,,,,2026-05-01,2026-05-01
"[11.12.25][มิ้น] 3 เหตุผลที่ควรอ่าน (Tried)",120241899542550260,2026-05-01,inactive,ad,,,,,0,,0,0,,,,,,,,,2026-05-01,2026-05-01
"[01.03.26][มิ้น] รี stock เล่มลายเซ็นหมอทานตะวัน (สัมภาษณ์หมอ) (Trap)",120245088812960260,2026-05-01,not_delivering,ad,,,,,0,,0,0,,,,,,,,,2026-05-01,2026-05-01
"[03.09.25][มิ้น] เล่มใหม่ให้ 1000/100 (Demons)",120235859358590260,2026-05-01,not_delivering,ad,,,,,0,,0,0,,,,,,,,,2026-05-01,2026-05-01
"[07.08.25][มิ้น] เล่มใหม่ล่าสุด (Tried)",120234945057570260,2026-05-01,not_delivering,ad,,,,,0,,0,0,,,,,,,,,2026-05-01,2026-05-01
"[22.07.25][มิ้น] วันนี้เหนื่อยมากเลยใช่ไหม (Tried)",120233223021620260,2026-05-01,not_delivering,ad,,,,,0,,0,0,,,,,,,,,2026-05-01,2026-05-01
"[17.07.25] [ขมิ้น] Podcast ความสัมพันธ์ Toxic (Ghostly)",120233476156910260,2026-05-01,not_delivering,ad,,,,,0,,0,0,,,,,,,,,2026-05-01,2026-05-01
"[22.07.25][มิ้น] เล่มใหม่ออกมาอีกแล้ว (Tried)",120233014563530260,2026-05-01,not_delivering,ad,,,,,0,,0,0,,,,,,,,,2026-05-01,2026-05-01
"[07.08.25][มิ้น] ชอบประโยคไหน (Tried)",120234507205600260,2026-05-01,not_delivering,ad,,,,,0,,0,0,,,,,,,,,2026-05-01,2026-05-01
"[30.10.25][มิ้น] เปลี่ยนความทุกข์ (Witches)",120240098203360260,2026-05-01,not_delivering,ad,,,,,0,,0,0,,,,,,,,,2026-05-01,2026-05-01
"[03.09.25][มิ้น] เล่มใหม่ให้ 1000/100 (Demons)",120238020881320260,2026-05-01,not_delivering,ad,,,,,0,,0,0,,,,,,,,,2026-05-01,2026-05-01
"[24.07.25][มิ้น] เหม็นจริง เหม็นแกล้ง (Ghostly)",120233472591090260,2026-05-01,not_delivering,ad,,,,,0,,0,0,,,,,,,,,2026-05-01,2026-05-01
"[12.08.25][มิ้น] ควรอ่านเล่มนี้ถ้าคุณ (Witches)",120235301848660260,2026-05-01,not_delivering,ad,,,,,0,,0,0,,,,,,,,,2026-05-01,2026-05-01
"[22.08.25][มิ้น] 3 เหตุผล ที่ต้องอ่าน (Ghostly)",120236627304750260,2026-05-01,not_delivering,ad,,,,,0,,0,0,,,,,,,,,2026-05-01,2026-05-01
"[25.07.25][มิ้น] ถ้าโลกมันแย่ก็แค่คิดแบบคาปิบาร่า (Capybara)",120233511155970260,2026-05-01,inactive,ad,,,,,0,,0,0,,,,,,,,,2026-05-01,2026-05-01
"[23.06.25][มิ้น] พื้นที่ที่แบ่งปันความสุขและความทุกข์ (Embrace)",120231120425560260,2026-05-01,inactive,ad,,,,,0,,0,0,,,,,,,,,2026-05-01,2026-05-01
"[03.09.25][มิ้น] จากเล่ม 1 สู่เล่ม 2 (Demons)",120236174725120260,2026-05-01,not_delivering,ad,,,,,0,,0,0,,,,,,,,,2026-05-01,2026-05-01
"[21.05.25][มิ้น] หนังสือที่ว่าฮีลใจแล้ว… (Witches)",120229053893430260,2026-05-01,inactive,ad,,,,,0,,0,0,,,,,,,,,2026-05-01,2026-05-01
"[06.10.25][มิ้น] อ่านเล่มนี้ถ้าคุณ… (ปีศาจตัวนั้น) (Reels)",120243166537070260,2026-05-01,not_delivering,ad,,,,,0,,0,0,,,,,,,,,2026-05-01,2026-05-01
"[07.11.25][มิ้น] เป็นหนังสือรวมประโยค (Tried)",120240116727770260,2026-05-01,not_delivering,ad,,,,,0,,0,0,,,,,,,,,2026-05-01,2026-05-01
"[25.07.25][มิ้น] Book of the year (Ghostly)",120233575513210260,2026-05-01,inactive,ad,,,,,0,,0,0,,,,,,,,,2026-05-01,2026-05-01
"[22.10.25][มิ้น] หนังสือได้ออกทีวี (Demons)",120239593304130260,2026-05-01,not_delivering,ad,,,,,0,,0,0,,,,,,,,,2026-05-01,2026-05-01
"[23.07.25][มิ้น] อ่านแล้วหายเหนื่อย (Tried)",120234921224800260,2026-05-01,not_delivering,ad,,,,,0,,0,0,,,,,,,,,2026-05-01,2026-05-01
"[02.06.25][มิ้น] หนังสือพลิกชีวิต (Witches)",120229859874970260,2026-05-01,inactive,ad,,,,,0,,0,0,,,,,,,,,2026-05-01,2026-05-01
"[03.12.25][มิ้น] เล่มนี้ทำน้ำตาไหลหนักมาก (Ghostly)",120244054275600260,2026-05-01,not_delivering,ad,,,,,0,,0,0,,,,,,,,,2026-05-01,2026-05-01
"[07.03.25][มิ้น] ASMR Unboxing (Witches)",120234206307590260,2026-05-01,not_delivering,ad,,,,,0,,0,0,,,,,,,,,2026-05-01,2026-05-01
"[23.04.25][มิ้น] เติมสต็อกให้แล้วรีบซื้อด่วน! (Witches)",120226536614280260,2026-05-01,inactive,ad,,,,,0,,0,0,,,,,,,,,2026-05-01,2026-05-01
"[20.06.25][มิ้น] PAYDAY SALE JUNE (Promotion_Payday)",120231334963540260,2026-05-01,not_delivering,ad,,,,,0,,0,0,,,,,,,,,2026-05-01,2026-05-01
"[24.02.25][มิ้น] อบอุ่นใจทุกครั้งที่หยิบเล่มนี้ขึ้นมาอ่าน (Home)",120232810746290260,2026-05-01,inactive,ad,,,,,0,,0,0,,,,,,,,,2026-05-01,2026-05-01
"[07.11.25][มิ้น] เป็นหนังสือรวมประโยค (Tried)",120241142640690260,2026-05-01,inactive,ad,,,,,0,,0,0,,,,,,,,,2026-05-01,2026-05-01
"[19.09.25][มิ้น] จากกระแส 1000/100 (Remains)",120237922021820260,2026-05-01,not_delivering,ad,,,,,0,,0,0,,,,,,,,,2026-05-01,2026-05-01
"[03.07.24] [มิ้น] Unbox คาปิบาร่า โดนหลอก (คาปิบาร่า_box set)",120214964470390260,2026-05-01,not_delivering,ad,,,,,0,,0,0,,,,,,,,,2026-05-01,2026-05-01
"[22.07.25][มิ้น] เล่มใหม่ออกมาอีกแล้ว (Tried)",120233014563480260,2026-05-01,inactive,ad,,,,,0,,0,0,,,,,,,,,2026-05-01,2026-05-01
"[29.10.25][มิ้น] 2 หนังสือเรียกน้ำตา (Remains)",120241249197540260,2026-05-01,inactive,ad,,,,,0,,0,0,,,,,,,,,2026-05-01,2026-05-01
"[03.03.26][มิ้น] ไม่เคยร้องไห้กับหนังสือจนมาเจอ 2 เล่มนี้ (Ghostly) (Remains)",120245558563630260,2026-05-01,not_delivering,ad,,,,,0,,0,0,,,,,,,,,2026-05-01,2026-05-01
"[03.09.25][มิ้น] อยากให้ทุกคนอ่าน (Ghostly)",120236522214650260,2026-05-01,not_delivering,ad,,,,,0,,0,0,,,,,,,,,2026-05-01,2026-05-01
"[29.10.25][มิ้น] 2 หนังสือเรียกน้ำตา (Remains)",120244009263840260,2026-05-01,active,ad,การเข้าถึง,468,9.74358974,,4.56,,469,468,,,,,,0.21321962,9.7228145,,2026-05-01,2026-05-01
"[03.09.25][มิ้น] Unboxing New Books (Demons)",120236251943590260,2026-05-01,not_delivering,ad,,,,,0,,0,0,,,,,,,,,2026-05-01,2026-05-01
"[20.11.25][มิ้น] ถ้าเจอคนที่ชอบ “กดคนอื่น” (ปีศาจตัวนั้น)",120240850276600260,2026-05-01,not_delivering,ad,,,,,0,,0,0,,,,,,,,,2026-05-01,2026-05-01
"[03.09.25][มิ้น] เล่มใหม่ให้ 1000/100 (Demons) (QuickReply)",120237689059870260,2026-05-01,not_delivering,ad,,,,,0,,0,0,,,,,,,,,2026-05-01,2026-05-01
"[03.09.25][มิ้น] Unboxing New Books (Demons)",120235947662670260,2026-05-01,inactive,ad,,,,,0,,0,0,,,,,,,,,2026-05-01,2026-05-01
"[03.09.25][มิ้น] หนังเล่มใหม่ที่อานแล้วน้ำตาซึม (Demons)",120235947738790260,2026-05-01,inactive,ad,,,,,0,,0,0,,,,,,,,,2026-05-01,2026-05-01
"[16.09.25][มิ้น] หมดไฟ (Demons)",120236914513240260,2026-05-01,inactive,ad,,,,,0,,0,0,,,,,,,,,2026-05-01,2026-05-01
"[19.09.25][มิ้น] จากกระแส 1000/100 (Remains)",120237158187700260,2026-05-01,inactive,ad,,,,,0,,0,0,,,,,,,,,2026-05-01,2026-05-01
"[30.04.25][มิ้น] ใครที่ยัง Move On ไม่ได้ (ปีศาจตัวนั้นคือฉันเอง)",120228513070590260,2026-05-01,not_delivering,ad,,,,,0,,0,0,,,,,,,,,2026-05-01,2026-05-01
"[22.08.25][มิ้น] รีสต็อกแล้ว รีบสั่งก่อนหมด (Ghostly)",120235706638130260,2026-05-01,not_delivering,ad,,,,,0,,0,0,,,,,,,,,2026-05-01,2026-05-01
"[27.03.26][มิ้น] BookFair : พาชมบรรยากาศงานหนังสือครั้งที่ 54 (Promotion)",120246233497060260,2026-05-01,inactive,ad,,,,,0,,0,0,,,,,,,,,2026-05-01,2026-05-01
"[23.07.25][มิ้น] อ่านแล้วหายเหนื่อย (Tried)",120239969968630260,2026-05-01,archived,ad,,,,,0,,0,0,,,,,,,,,2026-05-01,2026-05-01
"[19.09.25][มิ้น] จากกระแส 1000/100 (Remains)",120237919855970260,2026-05-01,not_delivering,ad,,,,,0,,0,0,,,,,,,,,2026-05-01,2026-05-01
"[02.04.26][มิ้น] อย่าปล่อยให้อีโก้ (Trap)",120247171375850260,2026-05-01,not_delivering,ad,การสนทนาผ่านการส่งข้อความที่เริ่มขึ้น,,,,0,,0,0,,,,,,,,,2026-05-01,2026-05-01
"[18.09.25][มิ้น] ประโยคจากเล่มโปรด (Witches)",120237033638640260,2026-05-01,inactive,ad,,,,,0,,0,0,,,,,,,,,2026-05-01,2026-05-01
"[22.10.25][มิ้น] ทำไมซื้อเล่มนี้ (Remains)",120239461693570260,2026-05-01,not_delivering,ad,,,,,0,,0,0,,,,,,,,,2026-05-01,2026-05-01
"[18.09.25][มิ้น] Unbox The Witches (Witches)",120237033300280260,2026-05-01,inactive,ad,,,,,0,,0,0,,,,,,,,,2026-05-01,2026-05-01
"[28.08.25][มิ้น] ปีศาจอาจไม่ได้เกิดจากข้างนอก (ปีศาจตัวนั้น)",120235932331840260,2026-05-01,not_delivering,ad,,,,,0,,0,0,,,,,,,,,2026-05-01,2026-05-01
"[03.09.25][มิ้น] อยากให้ทุกคนอ่าน (Ghostly)",120236105395940260,2026-05-01,not_delivering,ad,,,,,0,,0,0,,,,,,,,,2026-05-01,2026-05-01
"[03.09.25][มิ้น] Unboxing New Books (Demons)",120236021958290260,2026-05-01,archived,ad,,,,,0,,0,0,,,,,,,,,2026-05-01,2026-05-01
"[22.08.25][มิ้น] 3 เหตุผล ที่ต้องอ่าน (Ghostly)",120236543867320260,2026-05-01,not_delivering,ad,,,,,0,,0,0,,,,,,,,,2026-05-01,2026-05-01
"[22.08.25][มิ้น] 3 เหตุผล ที่ต้องอ่าน (Ghostly)",120236003389060260,2026-05-01,not_delivering,ad,,,,,0,,0,0,,,,,,,,,2026-05-01,2026-05-01
"[03.09.25][มิ้น] อยากให้ทุกคนอ่าน (Ghostly)",120236323137100260,2026-05-01,not_delivering,ad,,,,,0,,0,0,,,,,,,,,2026-05-01,2026-05-01
"[03.09.25][มิ้น] Unboxing New Books (Demons)",120236358963780260,2026-05-01,inactive,ad,,,,,0,,0,0,,,,,,,,,2026-05-01,2026-05-01
"[21.09.24] [มิ้น] คนเราแตกสลายได้กี่ครั้ง",120215811563970260,2026-05-01,not_delivering,ad,,,,,0,,0,0,,,,,,,,,2026-05-01,2026-05-01
"[03.09.25][มิ้น] เล่มใหม่ให้ 1000/100 (Demons)",120236323055910260,2026-05-01,inactive,ad,,,,,0,,0,0,,,,,,,,,2026-05-01,2026-05-01
"[05.09.25][มิ้น] อะไรเดิมๆ (Witches)",120236587143470260,2026-05-01,not_delivering,ad,,,,,0,,0,0,,,,,,,,,2026-05-01,2026-05-01
"[29.09.25][มิ้น] ปีศาจใหม่มันกลับมาอีกแล้ว (Demons)",120237713336940260,2026-05-01,not_delivering,ad,,,,,0,,0,0,,,,,,,,,2026-05-01,2026-05-01
"[03.09.25][มิ้น] จากเล่ม 1 สู่เล่ม 2 (Demons)",120236029737120260,2026-05-01,inactive,ad,,,,,0,,0,0,,,,,,,,,2026-05-01,2026-05-01
"[21.09.24] [มิ้น] คนเราแตกสลายได้กี่ครั้ง",120215842706440260,2026-05-01,not_delivering,ad,,,,,0,,0,0,,,,,,,,,2026-05-01,2026-05-01
"[22.05.25][มิ้น] จะเป็นยังไง! เมื่อคนที่หมดแพชชัน  ต้องไปเป็นที่ปรึกษาให้เหล่าดวงวิญญาณ (Ghostly)",120236604427800260,2026-05-01,inactive,ad,,,,,0,,0,0,,,,,,,,,2026-05-01,2026-05-01
"[08.08.25][มิ้น] ร้องไห้บนรถไฟฟ้า (Ghostly)",120234605445530260,2026-05-01,inactive,ad,,,,,0,,0,0,,,,,,,,,2026-05-01,2026-05-01
"[14.08.25][มิ้น] แด่คนที่แคร์ทุกคน (Witches)",120234870054090260,2026-05-01,not_delivering,ad,,,,,0,,0,0,,,,,,,,,2026-05-01,2026-05-01
"[14.10.25][มิ้น][มหกรรมหนังสือ30] เล่มนี้ขายได้กี่เล่ม (Engage)",120238569043990260,2026-05-01,inactive,ad,,,,,0,,0,0,,,,,,,,,2026-05-01,2026-05-01
"[13.08.25][มิ้น] ชีวิตเหมือนบุฟเฟต์ (ปีศาจตัวนั้น)",120234820837190260,2026-05-01,inactive,ad,,,,,0,,0,0,,,,,,,,,2026-05-01,2026-05-01
"[28.08.25][มิ้น] 5 ข้อคิด (Tried)",120235811354800260,2026-05-01,not_delivering,ad,,,,,0,,0,0,,,,,,,,,2026-05-01,2026-05-01
"[29.09.25][มิ้น] 2 เล่มนี้ต่างกันยังไง ตอบเมนต์ (Demons)",120238217714410260,2026-05-01,inactive,ad,,,,,0,,0,0,,,,,,,,,2026-05-01,2026-05-01
"[12.08.25][มิ้น] ประโยคนี้โคตรจริง (Witches)",120234969693830260,2026-05-01,not_delivering,ad,,,,,0,,0,0,,,,,,,,,2026-05-01,2026-05-01
"[03.09.25][มิ้น] เล่มใหม่ให้ 1000/100 (Demons)",120235859410000260,2026-05-01,not_delivering,ad,,,,,0,,0,0,,,,,,,,,2026-05-01,2026-05-01
"[03.09.25][มิ้น] Unboxing New Books (Demons)",120236323055890260,2026-05-01,inactive,ad,,,,,0,,0,0,,,,,,,,,2026-05-01,2026-05-01
"[07.10.25][มิ้น] ชอบคนใจดี (Ghostly)",120238261773290260,2026-05-01,not_delivering,ad,,,,,0,,0,0,,,,,,,,,2026-05-01,2026-05-01
"[25.09.25][มิ้น] ป้ายยาหนังสือ (Ghostly)",120237558753260260,2026-05-01,not_delivering,ad,,,,,0,,0,0,,,,,,,,,2026-05-01,2026-05-01
"[22.03.26][มิ้น] มีประโยคหนึ่งในหนังสือ (Witches)",120246610439550260,2026-05-01,inactive,ad,,,,,0,,0,0,,,,,,,,,2026-05-01,2026-05-01
"[04.02.26][มิ้น] มนุษย์ที่เป็นคนดี (สัมภาษณ์หมอ) (Trap)",120245933645870260,2026-05-01,not_delivering,ad,การสนทนาผ่านการส่งข้อความที่เริ่มขึ้น,,,,0,,0,0,,,,,,,,,2026-05-01,2026-05-01
"[16.07.25][มิ้น] แด่ความโดดเดี่ยว (Ghostly)",120233369166190260,2026-05-01,inactive,ad,,,,,0,,0,0,,,,,,,,,2026-05-01,2026-05-01
"[17.08.24] [มิ้น] 5 ข้อ Move on",120214814507140260,2026-05-01,inactive,ad,,,,,0,,0,0,,,,,,,,,2026-05-01,2026-05-01
"[14.07.25][มิ้น] 5 สัญญาณ Toxic (Ghostly)",120232760583400260,2026-05-01,inactive,ad,,,,,0,,0,0,,,,,,,,,2026-05-01,2026-05-01
"[12.11.24] [มิ้น] 2 หนังสือเล่มใหม่ที่ถูกเขียนด้วยน้ำตา แพ็กคู่ 529",120216878926240260,2026-05-01,inactive,ad,,,,,0,,0,0,,,,,,,,,2026-05-01,2026-05-01
"[03.03.26][มิ้น] ไม่เคยร้องไห้กับหนังสือจนมาเจอ 2 เล่มนี้ (Ghostly) (Remains)",120245217606240260,2026-05-01,not_delivering,ad,,,,,0,,0,0,,,,,,,,,2026-05-01,2026-05-01
"[03.12.25][มิ้น] น้ำตาซึมไปหลายวัน (Remains)",120241545752140260,2026-05-01,not_delivering,ad,,,,,0,,0,0,,,,,,,,,2026-05-01,2026-05-01
"[24.07.25][มิ้น] นี่ไม่ใช่แค่ไพ่ดูดวง (Witches)",120233478965680260,2026-05-01,not_delivering,ad,,,,,0,,0,0,,,,,,,,,2026-05-01,2026-05-01
"[01.03.26][มิ้น] รี stock เล่มลายเซ็นหมอทานตะวัน (สัมภาษณ์หมอ) (Trap) (Cross Page)",120245623797850260,2026-05-01,not_delivering,ad,,,,,0,,0,0,,,,,,,,,2026-05-01,2026-05-01
"[03.09.25][มิ้น] อยากให้ทุกคนอ่าน (Ghostly)",120236711868700260,2026-05-01,not_delivering,ad,,,,,0,,0,0,,,,,,,,,2026-05-01,2026-05-01
"[25.07.25][มิ้น] ฮีลใจวัยทำงาน (Tried)",120233576766420260,2026-05-01,inactive,ad,,,,,0,,0,0,,,,,,,,,2026-05-01,2026-05-01
"[03.12.25][มิ้น] เล่มนี้ทำน้ำตาไหลหนักมาก (Ghostly)",120244295236620260,2026-05-01,not_delivering,ad,,,,,0,,0,0,,,,,,,,,2026-05-01,2026-05-01
"[30.03.25][มิ้น] แกล้งทำเป็นมั่นใจ (Witches)",120223301774010260,2026-05-01,inactive,ad,,,,,0,,0,0,,,,,,,,,2026-05-01,2026-05-01
"[27.03.26][มิ้น] เลิกเก็บทุกอย่างมาคิด ชีวิตจะง่ายขึ้น (Remains)",120246200053760260,2026-05-01,not_delivering,ad,,,,,0,,0,0,,,,,,,,,2026-05-01,2026-05-01
"[08.04.26][มิ้น] 5 วิธีปล่อยวางให้ใจสงบ (Remains)",120246834729500260,2026-05-01,inactive,ad,,,,,0,,0,0,,,,,,,,,2026-05-01,2026-05-01
"[03.09.25][มิ้น] Unboxing New Books (Demons)",120236620456520260,2026-05-01,not_delivering,ad,,,,,0,,0,0,,,,,,,,,2026-05-01,2026-05-01
"[03.09.25][มิ้น] จากเล่ม 1 สู่เล่ม 2 (Demons)",120236324479820260,2026-05-01,not_delivering,ad,,,,,0,,0,0,,,,,,,,,2026-05-01,2026-05-01
"[01.10.25][มิ้น] Unpack (Ghostly)",120238530714660260,2026-05-01,not_delivering,ad,,,,,0,,0,0,,,,,,,,,2026-05-01,2026-05-01
"[28.08.25][มิ้น] 5 ข้อคิด (Tried)",120235856501770260,2026-05-01,not_delivering,ad,,,,,0,,0,0,,,,,,,,,2026-05-01,2026-05-01
"[02.04.26][มิ้น] อย่าปล่อยให้อีโก้ (Trap)",120247605151330260,2026-05-01,not_delivering,ad,การสนทนาผ่านการส่งข้อความที่เริ่มขึ้น,,,,0,,0,0,,,,,,,,,2026-05-01,2026-05-01
"[11.04.26][มิ้น] สงกรานต์โจ๊ะโจ๊ะ! โละราคาเดียว (Promotion)",120247115309270260,2026-05-01,not_delivering,ad,,,,,0,,0,0,,,,,,,,,2026-05-01,2026-05-01
"[03.12.25][มิ้น] ประโยคที่ยังเตือนสติได้ดีเสมอ (ปีศาจตัวนั้น)",120241544835610260,2026-05-01,not_delivering,ad,,,,,0,,0,0,,,,,,,,,2026-05-01,2026-05-01
"[06.11.25][มิ้น] เพราะพรุ่งนี้แกอาจ (Ghostly) (Reels)",120243129728330260,2026-05-01,not_delivering,ad,,,,,0,,0,0,,,,,,,,,2026-05-01,2026-05-01
"[02.04.26][มิ้น] อย่าปล่อยให้อีโก้ (Trap)",120247161343400260,2026-05-01,not_delivering,ad,,,,,0,,0,0,,,,,,,,,2026-05-01,2026-05-01
"[03.12.25][มิ้น] อ่านจบโคตรรักตัวเองเลย (Ghostly)",120241546566070260,2026-05-01,inactive,ad,,,,,0,,0,0,,,,,,,,,2026-05-01,2026-05-01
"[24.10.24] [มิ้น] Payday นี้ เทโปรแรง จนขนลุก",120216536932820260,2026-05-01,not_delivering,ad,,,,,0,,0,0,,,,,,,,,2026-05-01,2026-05-01
"[11.02.25][มิ้น] สัมภาษณ์คุณปั๊ม คิ้วต่ำ (Kiwtum)",120245719422300260,2026-05-01,inactive,ad,,,,,0,,0,0,,,,,,,,,2026-05-01,2026-05-01
"[17.02.26][มิ้น] 20 เล่มลายเซ็น (Trap)",120244520828000260,2026-05-01,not_delivering,ad,,,,,0,,0,0,,,,,,,,,2026-05-01,2026-05-01
"[02.06.25][มิ้น] ถ้าแกพร้อมที่จะรักตัวเอง (ปีศาจตัวนั้น) (Reels)",120243296423640260,2026-05-01,not_delivering,ad,,,,,0,,0,0,,,,,,,,,2026-05-01,2026-05-01
"[23.07.25][มิ้น] อ่านแล้วหายเหนื่อย (Tried)",120235785739660260,2026-05-01,not_delivering,ad,,,,,0,,0,0,,,,,,,,,2026-05-01,2026-05-01
"[03.05.25][มิ้น] 5.5 จัดโปร Boxset ฮีลใจ 555.- (Promotion_DD)",120227807456390260,2026-05-01,inactive,ad,,,,,0,,0,0,,,,,,,,,2026-05-01,2026-05-01
"[18.04.25][มิ้น] ก่อนนอน อยากให้คุณได้อ่าน (Kiwtum)",120227045791650260,2026-05-01,inactive,ad,,,,,0,,0,0,,,,,,,,,2026-05-01,2026-05-01
"[17.09.25][มิ้น] การมีชีวิตที่โดดเดี่ยว (Ghostly)",120237028851560260,2026-05-01,inactive,ad,,,,,0,,0,0,,,,,,,,,2026-05-01,2026-05-01
"[19.11.24] [มิ้น] เพราะส่วนลึกที่สุดของทะเล (โอบกอด)",120231191714460260,2026-05-01,not_delivering,ad,,,,,0,,0,0,,,,,,,,,2026-05-01,2026-05-01
"[25.10.25][มิ้น] ป้ายยา 2 หนังสือ (Remains)",120239272074180260,2026-05-01,not_delivering,ad,,,,,0,,0,0,,,,,,,,,2026-05-01,2026-05-01
"[21.09.24] [มิ้น] คนเราแตกสลายได้กี่ครั้ง",120216829324590260,2026-05-01,inactive,ad,,,,,0,,0,0,,,,,,,,,2026-05-01,2026-05-01
"[24.07.25][มิ้น] เหม็นจริง เหม็นแกล้ง (Ghostly)",120233476156920260,2026-05-01,not_delivering,ad,,,,,0,,0,0,,,,,,,,,2026-05-01,2026-05-01
"[13.03.25][มิ้น] Mid Month จับคู่ 2 Boxset 990.- (Promotion_MM)",120222073733120260,2026-05-01,inactive,ad,,,,,0,,0,0,,,,,,,,,2026-05-01,2026-05-01
"[06.08.25][มิ้น] ประโยคในหนังสือ (Garden)",120234466304420260,2026-05-01,not_delivering,ad,,,,,0,,0,0,,,,,,,,,2026-05-01,2026-05-01
"[16.07.25][มิ้น] แด่ความโดดเดี่ยว (Ghostly)",120235575715500260,2026-05-01,not_delivering,ad,,,,,0,,0,0,,,,,,,,,2026-05-01,2026-05-01
"[26.11.25][มิ้น] ภาคต่อหนังสือฮีลใจ (Remains)",120241140441250260,2026-05-01,inactive,ad,,,,,0,,0,0,,,,,,,,,2026-05-01,2026-05-01
"[24.06.25][มิ้น] นี่คือเรื่องราวของหญิงสาว (Ghostly)",120231577055750260,2026-05-01,not_delivering,ad,,,,,0,,0,0,,,,,,,,,2026-05-01,2026-05-01
"[12.12.25][มิ้น] ครอบครัวคือที่ที่ปลอดภัยที่สุด (Ghostly)",120243026002450260,2026-05-01,inactive,ad,,,,,0,,0,0,,,,,,,,,2026-05-01,2026-05-01
"[17.07.25] [ขมิ้น] Podcast ความสัมพันธ์ Toxic (Ghostly)",120233473569200260,2026-05-01,not_delivering,ad,,,,,0,,0,0,,,,,,,,,2026-05-01,2026-05-01
"[14.11.24] [มิ้น] 5 เหตุผลทำไมต้องซื้อเล่มนี้ (Life)",120217230559090260,2026-05-01,not_delivering,ad,,,,,0,,0,0,,,,,,,,,2026-05-01,2026-05-01
"[09.10.14] [มิ้น] แด่รักข้างเดียว (โอบกอด)",120216147644680260,2026-05-01,inactive,ad,,,,,0,,0,0,,,,,,,,,2026-05-01,2026-05-01
"[02.04.26][มิ้น] อย่าปล่อยให้อีโก้ (Trap)",120247119961170260,2026-05-01,not_delivering,ad,,,,,0,,0,0,,,,,,,,,2026-05-01,2026-05-01
"[05.03.26][มิ้น] เพราะพรุ่งนี้ที่รออาจจะมาไม่ถึง (Kiwtum)",120246518455940260,2026-05-01,active,ad,"การซื้อบน Meta",,,,186.04,,1980,1808,,1,186.04,,3,9.94949495,93.95959596,0,2026-05-01,2026-05-01
"[21.03.25][มิ้น] Unboxing newbook (Gift)",120222458210800260,2026-05-01,inactive,ad,,,,,0,,0,0,,,,,,,,,2026-05-01,2026-05-01
"[13.12.24] [มิ้น] อยากให้ตัวเองในอนาคตได้อ่านประโยคนี้ (Ghost)",120217790504530260,2026-05-01,inactive,ad,,,,,0,,0,0,,,,,,,,,2026-05-01,2026-05-01
"[03.09.25][มิ้น] อยากให้ทุกคนอ่าน (Ghostly)",120236310018620260,2026-05-01,not_delivering,ad,,,,,0,,0,0,,,,,,,,,2026-05-01,2026-05-01
"[29.10.25][มิ้น] 2 หนังสือเรียกน้ำตา (Remains)",120239541057840260,2026-05-01,not_delivering,ad,,,,,0,,0,0,,,,,,,,,2026-05-01,2026-05-01
"[24.12.25][มิ้น] อย่ากลัวที่จะโดดเดี่ยว (Ghostly)",120243177936610260,2026-05-01,inactive,ad,,,,,0,,0,0,,,,,,,,,2026-05-01,2026-05-01
"[05.09.25][มิ้น] อะไรเดิมๆ (Witches)",120236553069070260,2026-05-01,not_delivering,ad,,,,,0,,0,0,,,,,,,,,2026-05-01,2026-05-01
"[13.12.24] [มิ้น] เราต่างกันเกินไป (โอบกอด)",120217799222420260,2026-05-01,inactive,ad,,,,,0,,0,0,,,,,,,,,2026-05-01,2026-05-01
"[09.11.24] [มิ้น] เราทุกคนต่างไม่มีใครสมบูรณ์แบบ (โอบกอด)",120216908310540260,2026-05-01,inactive,ad,,,,,0,,0,0,,,,,,,,,2026-05-01,2026-05-01
"[03.07.25][มิ้น] ข้อความสุดท้ายฝากถึงนุด (Ghostly)",120232134899220260,2026-05-01,not_delivering,ad,,,,,0,,0,0,,,,,,,,,2026-05-01,2026-05-01
"[29.10.25][มิ้น] 2 หนังสือเรียกน้ำตา (Remains)",120243129531340260,2026-05-01,not_delivering,ad,,,,,0,,0,0,,,,,,,,,2026-05-01,2026-05-01
"[11.06.25][มิ้น] อยากให้ชาตินี้ได้อ่านเล่มนี้ (ปีศาจตัวนั้น)",120234065150800260,2026-05-01,inactive,ad,,,,,0,,0,0,,,,,,,,,2026-05-01,2026-05-01
"[06.02.25][มิ้น] บทที่ 3 คนแปลกหน้าในฐานะคนรู้จัก (Embrace)",120219540042510260,2026-05-01,inactive,ad,,,,,0,,0,0,,,,,,,,,2026-05-01,2026-05-01
"[04.02.26][มิ้น] มนุษย์ที่เป็นคนดี (สัมภาษณ์หมอ) (Trap)",120246310168180260,2026-05-01,not_delivering,ad,,,,,0,,0,0,,,,,,,,,2026-05-01,2026-05-01
"[18.02.26][มิ้น] 2 หนังสือการ์ตูน Comic (Remains)",120244476192420260,2026-05-01,not_delivering,ad,,,,,0,,0,0,,,,,,,,,2026-05-01,2026-05-01
"[24.04.25][มิ้น] PAYDAY APR 3 แถม 1 (Promotion_Payday)",120226631957620260,2026-05-01,inactive,ad,,,,,0,,0,0,,,,,,,,,2026-05-01,2026-05-01
"[25.03.35][มิ้น] ประโยคหลังปก (Gift)",120222719671710260,2026-05-01,inactive,ad,,,,,0,,0,0,,,,,,,,,2026-05-01,2026-05-01
"[23.01.26][มิ้น] บางคนตายไป (Ghostly)",120243886890210260,2026-05-01,not_delivering,ad,,,,,0,,0,0,,,,,,,,,2026-05-01,2026-05-01
"[29.01.26][มิ้น] Unboxing หนังสือเล่มแรกของปี 2026 (Trap)",120243759076580260,2026-05-01,not_delivering,ad,,,,,0,,0,0,,,,,,,,,2026-05-01,2026-05-01
"[29.01.26][มิ้น] Unboxing หนังสือเล่มแรกของปี 2026 (Trap)",120244542200820260,2026-05-01,not_delivering,ad,,,,,0,,0,0,,,,,,,,,2026-05-01,2026-05-01
"[02.04.26][มิ้น] อย่าปล่อยให้อีโก้ (Trap)",120246835016100260,2026-05-01,not_delivering,ad,,,,,0,,0,0,,,,,,,,,2026-05-01,2026-05-01
"[18.11.25][มิ้น] อยู่คนเดียวเป็นเรื่องยาก ? (Ghostly)",120240738900690260,2026-05-01,not_delivering,ad,,,,,0,,0,0,,,,,,,,,2026-05-01,2026-05-01
"[20.08.25][มิ้น] ไม่เคยคิดว่าแค่หนังสือเล่มเดียว (Ghostly)",120235299781880260,2026-05-01,inactive,ad,,,,,0,,0,0,,,,,,,,,2026-05-01,2026-05-01
"[12.02.26][มิ้น] ความผิดหวัง (Witches)",120244260122820260,2026-05-01,not_delivering,ad,,,,,0,,0,0,,,,,,,,,2026-05-01,2026-05-01
"[20.03.26][มิ้น] คนคิดเยอะมักเจ็บจากความคิดตัวเอง (Trap)",120246309977310260,2026-05-01,not_delivering,ad,,,,,0,,0,0,,,,,,,,,2026-05-01,2026-05-01
"[22.03.26][มิ้น] มีประโยคหนึ่งในหนังสือ (Witches)",120246834483080260,2026-05-01,inactive,ad,,,,,0,,0,0,,,,,,,,,2026-05-01,2026-05-01
"[03.09.25][มิ้น] เล่มใหม่ให้ 1000/100 (Demons)",120240179503790260,2026-05-01,not_delivering,ad,,,,,0,,0,0,,,,,,,,,2026-05-01,2026-05-01
"[23.11.24] [มิ้น] Payday Nov 999.-",120217299345610260,2026-05-01,not_delivering,ad,,,,,0,,0,0,,,,,,,,,2026-05-01,2026-05-01
"[03.09.25][มิ้น] เล่มใหม่ให้ 1000/100 (Demons) (QuickReply)",120238020999880260,2026-05-01,not_delivering,ad,,,,,0,,0,0,,,,,,,,,2026-05-01,2026-05-01
"[22.05.25][มิ้น] หนังสือใหม่ออกมาอีกละ!!! (Ghostly)",120229087528170260,2026-05-01,inactive,ad,,,,,0,,0,0,,,,,,,,,2026-05-01,2026-05-01
"[12.03.25] [มิ้น] มีบทความจากหนังสือเล่มหนึ่งเขาบอกไว้ว่า (Kiwtum)",120221884542940260,2026-05-01,inactive,ad,,,,,0,,0,0,,,,,,,,,2026-05-01,2026-05-01
"[22.07.25][มิ้น] เล่มใหม่ออกมาอีกแล้ว (Tried)",120233014041520260,2026-05-01,inactive,ad,,,,,0,,0,0,,,,,,,,,2026-05-01,2026-05-01
"[02.06.25][มิ้น] ถ้าแกพร้อมที่จะรักตัวเอง (ปีศาจตัวนั้น) (Reels)",120242961958670260,2026-05-01,not_delivering,ad,,,,,0,,0,0,,,,,,,,,2026-05-01,2026-05-01
"[02.06.25][มิ้น] หนังสือที่ดูดวงได้ (Witches)",120229859683740260,2026-05-01,inactive,ad,,,,,0,,0,0,,,,,,,,,2026-05-01,2026-05-01
"[30.10.25][มิ้น] เปลี่ยนความทุกข์ (Witches)",120239971450770260,2026-05-01,not_delivering,ad,,,,,0,,0,0,,,,,,,,,2026-05-01,2026-05-01
"[04.12.24] [มิ้น] 5 เทคนิคเก็บเงินง่ายๆ (Million)",120217602922240260,2026-05-01,inactive,ad,,,,,0,,0,0,,,,,,,,,2026-05-01,2026-05-01
"[01.07.25][มิ้น] บทที่ 24 (Embrace)",120232037535200260,2026-05-01,inactive,ad,,,,,0,,0,0,,,,,,,,,2026-05-01,2026-05-01
"[18.09.25][มิ้น] Unbox The Witches (Witches)",120237333302220260,2026-05-01,inactive,ad,,,,,0,,0,0,,,,,,,,,2026-05-01,2026-05-01
"[22.07.25][มิ้น] เล่มใหม่ออกมาอีกแล้ว (Tried)",120233014225150260,2026-05-01,inactive,ad,,,,,0,,0,0,,,,,,,,,2026-05-01,2026-05-01
"[03.09.25][มิ้น] จากเล่ม 1 สู่เล่ม 2 (Demons)",120236030953940260,2026-05-01,not_delivering,ad,,,,,0,,0,0,,,,,,,,,2026-05-01,2026-05-01
"[17.02.26][มิ้น] 20 เล่มลายเซ็น (Trap)",120245730415210260,2026-05-01,not_delivering,ad,,,,,0,,0,0,,,,,,,,,2026-05-01,2026-05-01
"[07.08.25][มิ้น] ชอบประโยคไหน (Tried)",120234612956820260,2026-05-01,inactive,ad,,,,,0,,0,0,,,,,,,,,2026-05-01,2026-05-01
"[24.12.25][มิ้น] ดวงสมพงษ์กัน (Witches)",120243923853390260,2026-05-01,not_delivering,ad,,,,,0,,0,0,,,,,,,,,2026-05-01,2026-05-01
"[01.08.25][มิ้น] พอถึงจุดหนึ่งของชีวิต (Kiwtum)",120234209015410260,2026-05-01,inactive,ad,,,,,0,,0,0,,,,,,,,,2026-05-01,2026-05-01
"[25.02.25][มิ้น] ประโยคหลังปกคุณมุก (Embrace)",120220872947650260,2026-05-01,inactive,ad,,,,,0,,0,0,,,,,,,,,2026-05-01,2026-05-01
"[27.11.24] [มิ้น] 5 คำเตือนสุดท้ายของชีวิต (Ghost) (Reels)",120243183066160260,2026-05-01,not_delivering,ad,,,,,0,,0,0,,,,,,,,,2026-05-01,2026-05-01
"[05.03.26][มิ้น] เพราะพรุ่งนี้ที่รออาจจะมาไม่ถึง (Kiwtum)",120245216252630260,2026-05-01,not_delivering,ad,,,,,0,,0,0,,,,,,,,,2026-05-01,2026-05-01
"[10.07.25][มิ้น] หนังสือที่อยากบอกคุณว่า (ปีศาจตัวนั้น)",120232570296820260,2026-05-01,not_delivering,ad,,,,,0,,0,0,,,,,,,,,2026-05-01,2026-05-01
"[17.02.26][มิ้น] 20 เล่มลายเซ็น (Trap)",120244520814860260,2026-05-01,not_delivering,ad,,,,,0,,0,0,,,,,,,,,2026-05-01,2026-05-01
"[07.11.25][มิ้น] พออ่านแล้วจึงได้เข้าใจ (Tried)",120241142632720260,2026-05-01,inactive,ad,,,,,0,,0,0,,,,,,,,,2026-05-01,2026-05-01
"[15.10.24] [มิ้น] จุดเปลี่ยนของชีวิต (Life)",120216294281050260,2026-05-01,inactive,ad,,,,,0,,0,0,,,,,,,,,2026-05-01,2026-05-01
"[27.11.25][มิ้น] ถ้ารอต่อไปอีกหน่อย (Demons)",120241407826560260,2026-05-01,not_delivering,ad,,,,,0,,0,0,,,,,,,,,2026-05-01,2026-05-01
"[21.09.24] [มิ้น] คนเราแตกสลายได้กี่ครั้ง",120215723554210260,2026-05-01,inactive,ad,,,,,0,,0,0,,,,,,,,,2026-05-01,2026-05-01
"[06.11.25][มิ้น] เพราะพรุ่งนี้แกอาจ (Ghostly)",120240331080230260,2026-05-01,inactive,ad,,,,,0,,0,0,,,,,,,,,2026-05-01,2026-05-01
"[17.02.26][มิ้น] 20 เล่มลายเซ็น (Trap) (Cross Page)",120244538165630260,2026-05-01,not_delivering,ad,,,,,0,,0,0,,,,,,,,,2026-05-01,2026-05-01
"[11.02.25][มิ้น] สัมภาษณ์คุณปั๊ม คิ้วต่ำ (Kiwtum)",120233358283220260,2026-05-01,inactive,ad,,,,,0,,0,0,,,,,,,,,2026-05-01,2026-05-01
"[13.04.26][มิ้น] อยู่อย่างโดดเดี่ยว ก็ไม่ได้แย่เสมอไป (Ghostly)",120247075441120260,2026-05-01,not_delivering,ad,,,,,0,,0,0,,,,,,,,,2026-05-01,2026-05-01
"[14.11.24] [มิ้น] 5 เหตุผลทำไมต้องซื้อเล่มนี้ (Life)",120217045651520260,2026-05-01,inactive,ad,,,,,0,,0,0,,,,,,,,,2026-05-01,2026-05-01
"[17.08.24] [มิ้น] 5 ข้อ Move on",120214870359520260,2026-05-01,inactive,ad,,,,,0,,0,0,,,,,,,,,2026-05-01,2026-05-01
"[11.02.25][มิ้น] อย่ารอให้คนที่ไม่ใช่กลายเป็นคนที่ใช่ (ปีศาจตัวนั้น)",120219748342150260,2026-05-01,inactive,ad,,,,,0,,0,0,,,,,,,,,2026-05-01,2026-05-01
"[12.08.25][มิ้น] ประโยคนี้โคตรจริง (Witches)",120235302434340260,2026-05-01,not_delivering,ad,,,,,0,,0,0,,,,,,,,,2026-05-01,2026-05-01
"[28.08.25][มิ้น] ปีศาจอาจไม่ได้เกิดจากข้างนอก (ปีศาจตัวนั้น)",120235812189640260,2026-05-01,not_delivering,ad,,,,,0,,0,0,,,,,,,,,2026-05-01,2026-05-01
"[07.03.25][มิ้น] ASMR Unboxing (Witches)",120221521304120260,2026-05-01,inactive,ad,,,,,0,,0,0,,,,,,,,,2026-05-01,2026-05-01
"[22.09.25][มิ้น] Boxset เปลี่ยนความทุกข์ (Witches)",120237333302210260,2026-05-01,not_delivering,ad,,,,,0,,0,0,,,,,,,,,2026-05-01,2026-05-01
"[22.08.25][มิ้น] รีสต็อกแล้ว รีบสั่งก่อนหมด (Ghostly)",120235864651200260,2026-05-01,not_delivering,ad,,,,,0,,0,0,,,,,,,,,2026-05-01,2026-05-01
"[21.04.26][มิ้น] บุฟเฟต์ฮีลใจ (Promotion)",120247439156500260,2026-05-01,not_delivering,ad,,,,,0,,0,0,,,,,,,,,2026-05-01,2026-05-01
"[03.09.25][มิ้น] จากเล่ม 1 สู่เล่ม 2 (Demons)",120236029767140260,2026-05-01,inactive,ad,,,,,0,,0,0,,,,,,,,,2026-05-01,2026-05-01
"[02.09.24] [มิ้น] 5 ข้อคิดลบกับตัวเอง (Helmet_Boxset)",120215197282060260,2026-05-01,inactive,ad,,,,,0,,0,0,,,,,,,,,2026-05-01,2026-05-01
"[22.09.25][มิ้น] เล่มใหม่ 1000/100 (Remains)",120237920193550260,2026-05-01,inactive,ad,,,,,0,,0,0,,,,,,,,,2026-05-01,2026-05-01
"[20.01.25][Garden_Boxset][มิ้น][VDO] 5 ประโยคปลดล็อค",120220348272010260,2026-05-01,archived,ad,,,,,0,,0,0,,,,,,,,,2026-05-01,2026-05-01
"[07.10.25][มิ้น] ชอบคนใจดี (Ghostly)",120238261873350260,2026-05-01,not_delivering,ad,,,,,0,,0,0,,,,,,,,,2026-05-01,2026-05-01
"[17.03.25][มิ้น] การ์ดอยากบอกอะไรคุณ (Witches) - Copy",120222333463860260,2026-05-01,archived,ad,,,,,0,,0,0,,,,,,,,,2026-05-01,2026-05-01
"[30.04.25][มิ้น] จากใจนักเขียน “คิ้วต่ำ” (Kiwtum)",120227299606950260,2026-05-01,inactive,ad,,,,,0,,0,0,,,,,,,,,2026-05-01,2026-05-01
"[11.02.25][มิ้น] สัมภาษณ์คุณปั๊ม คิ้วต่ำ (Kiwtum)",120221825585630260,2026-05-01,inactive,ad,,,,,0,,0,0,,,,,,,,,2026-05-01,2026-05-01
"[29.10.25][มิ้น] 2 หนังสือเรียกน้ำตา (Remains)",120241545057660260,2026-05-01,inactive,ad,,,,,0,,0,0,,,,,,,,,2026-05-01,2026-05-01
"[04.02.26][มิ้น] มนุษย์ที่เป็นคนดี (สัมภาษณ์หมอ) (Trap)",120246310148080260,2026-05-01,not_delivering,ad,,,,,0,,0,0,,,,,,,,,2026-05-01,2026-05-01
"[11.06.25][มิ้น] ชายคนหนึ่งตกหลุมรักสาวใบ้ (Ghostly)",120230769104830260,2026-05-01,inactive,ad,,,,,0,,0,0,,,,,,,,,2026-05-01,2026-05-01
"[06.10.25][มิ้น] คนที่ควรหยิบมาอ่าน (Remains)",120237933078650260,2026-05-01,inactive,ad,,,,,0,,0,0,,,,,,,,,2026-05-01,2026-05-01
"[03.09.25][มิ้น] อยากให้ทุกคนอ่าน (Ghostly)",120240491398420260,2026-05-01,inactive,ad,,,,,0,,0,0,,,,,,,,,2026-05-01,2026-05-01
"[22.05.25][มิ้น] หนังสือใหม่ออกมาอีกละ!!! (Ghostly)",120229092583930260,2026-05-01,inactive,ad,,,,,0,,0,0,,,,,,,,,2026-05-01,2026-05-01
"[22.05.25][มิ้น] จะเป็นยังไง! เมื่อคนที่หมดแพชชัน  ต้องไปเป็นที่ปรึกษาให้เหล่าดวงวิญญาณ (Ghostly)",120232601758450260,2026-05-01,inactive,ad,,,,,0,,0,0,,,,,,,,,2026-05-01,2026-05-01
"[25.07.25][มิ้น] หนังสือฮีลใจที่คุ้มที่สุด (Witches)",120233514010920260,2026-05-01,archived,ad,,,,,0,,0,0,,,,,,,,,2026-05-01,2026-05-01
"[07.03.25][มิ้น] ASMR Unboxing (Witches)",120221510525470260,2026-05-01,not_delivering,ad,,,,,0,,0,0,,,,,,,,,2026-05-01,2026-05-01
"[16.10.25][มิ้น] หนังสือฮีลใจฮาโลวีน (Demons)",120238779742340260,2026-05-01,inactive,ad,,,,,0,,0,0,,,,,,,,,2026-05-01,2026-05-01
"[21.05.25][มิ้น] หนังสือที่ว่าฮีลใจแล้ว… (Witches)",120229194871860260,2026-05-01,inactive,ad,,,,,0,,0,0,,,,,,,,,2026-05-01,2026-05-01
"[23.07.25][มิ้น] อ่านแล้วหายเหนื่อย (Tried)",120236237122600260,2026-05-01,not_delivering,ad,,,,,0,,0,0,,,,,,,,,2026-05-01,2026-05-01
"[04.02.26][มิ้น] มนุษย์ที่เป็นคนดี (สัมภาษณ์หมอ) (Trap)",120243955483030260,2026-05-01,inactive,ad,,,,,0,,0,0,,,,,,,,,2026-05-01,2026-05-01
"[13.04.26][มิ้น] อยู่อย่างโดดเดี่ยว ก็ไม่ได้แย่เสมอไป (Ghostly)",120247722034720260,2026-05-01,not_delivering,ad,,,,,0,,0,0,,,,,,,,,2026-05-01,2026-05-01
"[19.12.24] [มิ้น] สัมภาษณ์คุณตูน (Million)",120217934601720260,2026-05-01,inactive,ad,,,,,0,,0,0,,,,,,,,,2026-05-01,2026-05-01
"[07.11.24] [มิ้น] 11.11 โปรรับหน้าหนาว (1,111)",120216873154980260,2026-05-01,not_delivering,ad,,,,,0,,0,0,,,,,,,,,2026-05-01,2026-05-01
"[13.08.25][มิ้น] ชีวิตเหมือนบุฟเฟต์ (ปีศาจตัวนั้น) (Reels)",120243296122960260,2026-05-01,not_delivering,ad,,,,,0,,0,0,,,,,,,,,2026-05-01,2026-05-01
"[03.09.25][มิ้น] จากเล่ม 1 สู่เล่ม 2 (Demons)",120236620453220260,2026-05-01,inactive,ad,,,,,0,,0,0,,,,,,,,,2026-05-01,2026-05-01
"[13.04.26][มิ้น] ทุกคนมีโกฮังเป็นของตัวเอง (Remains)",120247075369270260,2026-05-01,inactive,ad,,,,,0,,0,0,,,,,,,,,2026-05-01,2026-05-01
"[25.01.25][มิ้น] ทุกคนเคยตั้งคำถามกับตัวเองมั้ย (Kidmakk)",120219025649440260,2026-05-01,inactive,ad,,,,,0,,0,0,,,,,,,,,2026-05-01,2026-05-01
"[04.02.26][มิ้น] มนุษย์ที่เป็นคนดี (สัมภาษณ์หมอ) (Trap)",120244120919070260,2026-05-01,not_delivering,ad,การสนทนาผ่านการส่งข้อความที่เริ่มขึ้น,,,,0,,0,0,,,,,,,,,2026-05-01,2026-05-01
"[01.03.26][มิ้น] รี stock เล่มลายเซ็นหมอทานตะวัน (สัมภาษณ์หมอ) (Trap)",120245054359200260,2026-05-01,not_delivering,ad,,,,,0,,0,0,,,,,,,,,2026-05-01,2026-05-01
"[12.09.25][มิ้น] ใครที่กำลังหมดแพชชัน (Ghostly)",120236738556320260,2026-05-01,not_delivering,ad,,,,,0,,0,0,,,,,,,,,2026-05-01,2026-05-01
"[11.02.25][มิ้น] สัมภาษณ์คุณปั๊ม คิ้วต่ำ (Kiwtum)",120219600417090260,2026-05-01,inactive,ad,,,,,0,,0,0,,,,,,,,,2026-05-01,2026-05-01
"[07.11.25][มิ้น] เป็นหนังสือรวมประโยค (Tried)",120241248447080260,2026-05-01,not_delivering,ad,,,,,0,,0,0,,,,,,,,,2026-05-01,2026-05-01
"[13.11.24] [มิ้น] การเป็นตัวเองทำให้รู้สึกไม่มั่นใจ (Helmet_Boxset) (Reels)",120243182318950260,2026-05-01,not_delivering,ad,,,,,0,,0,0,,,,,,,,,2026-05-01,2026-05-01
"[13.08.25][มิ้น] แม้คนในครอบครัวจะจากไป (ปีศาจตัวนั้น)",120234926429980260,2026-05-01,not_delivering,ad,,,,,0,,0,0,,,,,,,,,2026-05-01,2026-05-01
"[25.02.26][มิ้น] 5 วิธีรับมือกับ “ความรู้สึกผิด” (Trap)",120244858632970260,2026-05-01,not_delivering,ad,,,,,0,,0,0,,,,,,,,,2026-05-01,2026-05-01
"[11.03.25] [มิ้น] บทที่นักอ่านไม่ควรพลาด (Witches)",120221884243150260,2026-05-01,archived,ad,,,,,0,,0,0,,,,,,,,,2026-05-01,2026-05-01
"[20.11.25][มิ้น] E-Book หนังสือปีศาจ 1 (E-Book)",120244293677040260,2026-05-01,inactive,ad,,,,,0,,0,0,,,,,,,,,2026-05-01,2026-05-01
"[07.10.25][มิ้น] ชอบคนใจดี (Ghostly)",120238530859190260,2026-05-01,not_delivering,ad,,,,,0,,0,0,,,,,,,,,2026-05-01,2026-05-01
"[21.01.25] [มิ้น] 5 ข้อคิด (Home)",120218671105270260,2026-05-01,inactive,ad,,,,,0,,0,0,,,,,,,,,2026-05-01,2026-05-01
"[02.04.26][มิ้น] อย่าปล่อยให้อีโก้ (Trap)",120247605201740260,2026-05-01,not_delivering,ad,การสนทนาผ่านการส่งข้อความที่เริ่มขึ้น,,,,0,,0,0,,,,,,,,,2026-05-01,2026-05-01
"[25.12.24] [มิ้น] unboxing new book (Kidmakk)",120218127245030260,2026-05-01,inactive,ad,,,,,0,,0,0,,,,,,,,,2026-05-01,2026-05-01
"[10.05.25][มิ้น] 5 เรื่องจริง (Kiwtum)",120228491751310260,2026-05-01,inactive,ad,,,,,0,,0,0,,,,,,,,,2026-05-01,2026-05-01
"[02.06.25][มิ้น] รีแอค ขมิ้น (Ghostly)",120236604362370260,2026-05-01,inactive,ad,,,,,0,,0,0,,,,,,,,,2026-05-01,2026-05-01
"[02.04.26][มิ้น] อย่าปล่อยให้อีโก้ (Trap)",120247605673240260,2026-05-01,not_delivering,ad,,,,,0,,0,0,,,,,,,,,2026-05-01,2026-05-01
"[02.06.25][มิ้น] รีแอค ขมิ้น (Ghostly)",120232601677790260,2026-05-01,inactive,ad,,,,,0,,0,0,,,,,,,,,2026-05-01,2026-05-01
"[18.06.25][มิ้น] ประโยคที่ช่วยโอบกอดในวันที่ “ใจพัง” (ปีศาจตัวนั้น)",120231189826060260,2026-05-01,not_delivering,ad,,,,,0,,0,0,,,,,,,,,2026-05-01,2026-05-01
"[11.02.25][มิ้น] สัมภาษณ์คุณปั๊ม คิ้วต่ำ (Kiwtum)",120245847559990260,2026-05-01,inactive,ad,,,,,0,,0,0,,,,,,,,,2026-05-01,2026-05-01
"[11.04.26][มิ้น] สงกรานต์โจ๊ะโจ๊ะ! โละราคาเดียว (Promotion)",120246902085230260,2026-05-01,not_delivering,ad,,,,,0,,0,0,,,,,,,,,2026-05-01,2026-05-01
"[16.10.25][มิ้น] ให้เปิดเล่มนี้เตือนสติ (Remains)",120239254013100260,2026-05-01,not_delivering,ad,,,,,0,,0,0,,,,,,,,,2026-05-01,2026-05-01
"[01.04.26][มิ้น] 5 ข้อคิดที่จะได้รับจากหนังสือ (Trap)",120246512400100260,2026-05-01,not_delivering,ad,การสนทนาผ่านการส่งข้อความที่เริ่มขึ้น,,,,0,,0,0,,,,,,,,,2026-05-01,2026-05-01
"[07.10.25][มิ้น] ชอบคนใจดี (Ghostly) (Reels)",120242989243130260,2026-05-01,not_delivering,ad,,,,,0,,0,0,,,,,,,,,2026-05-01,2026-05-01
"[15.10.24] [มิ้น] จุดเปลี่ยนของชีวิต (Life)",120216294337090260,2026-05-01,inactive,ad,,,,,0,,0,0,,,,,,,,,2026-05-01,2026-05-01
"[11.02.25][มิ้น] สัมภาษณ์คุณปั๊ม คิ้วต่ำ (Kiwtum)",120219869746380260,2026-05-01,not_delivering,ad,,,,,0,,0,0,,,,,,,,,2026-05-01,2026-05-01
"[28.02.25][มิ้น] 3.3 ชีเสิร์ฟไม่พัก ซื้อ 3 แถม 1 (Promotion_DD)",120221370927880260,2026-05-01,not_delivering,ad,,,,,0,,0,0,,,,,,,,,2026-05-01,2026-05-01
"[29.10.25][มิ้น] 2 หนังสือเรียกน้ำตา (Remains)",120243923545710260,2026-05-01,not_delivering,ad,,,,,0,,0,0,,,,,,,,,2026-05-01,2026-05-01
"[28.05.25][มิ้น] ปีศาจอาจไม่ได้เกิดจากข้างนอก (ปีศาจตัวนั้น)",120235808316570260,2026-05-01,inactive,ad,,,,,0,,0,0,,,,,,,,,2026-05-01,2026-05-01
"[09.11.24] [มิ้น] เราทุกคนต่างไม่มีใครสมบูรณ์แบบ (โอบกอด)",120217502402910260,2026-05-01,not_delivering,ad,,,,,0,,0,0,,,,,,,,,2026-05-01,2026-05-01
"[24.01.25] [มิ้น] PAYDAY นี้ จ่าย 1 ได้ถึง 5 (Promotion_Payday)",120218919678810260,2026-05-01,not_delivering,ad,,,,,0,,0,0,,,,,,,,,2026-05-01,2026-05-01
"[13.11.25][มิ้น] การถูกมองข้าม (Demons)",120240436764770260,2026-05-01,inactive,ad,,,,,0,,0,0,,,,,,,,,2026-05-01,2026-05-01
"[22.07.25][มิ้น] เล่มใหม่ออกมาอีกแล้ว (Tried)",120233014563490260,2026-05-01,inactive,ad,,,,,0,,0,0,,,,,,,,,2026-05-01,2026-05-01
"[24.12.25][มิ้น] อย่ากลัวที่จะโดดเดี่ยว (Ghostly)",120242559696270260,2026-05-01,not_delivering,ad,,,,,0,,0,0,,,,,,,,,2026-05-01,2026-05-01
"[14.03.26][มิ้น] หยุดด่าตัวเอง (Ghostly)",120245558466620260,2026-05-01,not_delivering,ad,,,,,0,,0,0,,,,,,,,,2026-05-01,2026-05-01
"[04.03.26][มิ้น] แม่อยากให้ลูกมั่นคง (Remains)",120245128912130260,2026-05-01,not_delivering,ad,,,,,0,,0,0,,,,,,,,,2026-05-01,2026-05-01
"[13.10.25][มิ้น] น้ำตาคาเบ้า (ปีศาจตัวนั้น)",120238524286540260,2026-05-01,not_delivering,ad,,,,,0,,0,0,,,,,,,,,2026-05-01,2026-05-01
"[03.09.25][มิ้น] เล่มใหม่ให้ 1000/100 (Demons)",120236324479860260,2026-05-01,not_delivering,ad,,,,,0,,0,0,,,,,,,,,2026-05-01,2026-05-01
"[24.07.24] [มิ้น] ดอกโครคัส",120214265953480260,2026-05-01,inactive,ad,,,,,0,,0,0,,,,,,,,,2026-05-01,2026-05-01
"[03.07.24] [มิ้น] Unbox คาปิบาร่า โดนหลอก (คาปิบาร่า_box set)",120214132683640260,2026-05-01,not_delivering,ad,,,,,0,,0,0,,,,,,,,,2026-05-01,2026-05-01
"[12.07.24] [มิ้น] เกินไปป่ะ (คาปิบาร่า_box set)",120214132683630260,2026-05-01,not_delivering,ad,,,,,0,,0,0,,,,,,,,,2026-05-01,2026-05-01
"[12.07.24] [มิ้น] เกินไปป่ะ (คาปิบาร่า_box set)",120214132751180260,2026-05-01,inactive,ad,,,,,0,,0,0,,,,,,,,,2026-05-01,2026-05-01
"[03.07.24] [มิ้น] Unbox คาปิบาร่า โดนหลอก (คาปิบาร่า_box set)",120214132751190260,2026-05-01,inactive,ad,,,,,0,,0,0,,,,,,,,,2026-05-01,2026-05-01
"[18.07.24] [มิ้น] ความรักกับดอกไม้",120214137282180260,2026-05-01,not_delivering,ad,,,,,0,,0,0,,,,,,,,,2026-05-01,2026-05-01
"[12.07.24] [มิ้น] เกินไปป่ะ (คาปิบาร่า_box set)",120214191579950260,2026-05-01,inactive,ad,,,,,0,,0,0,,,,,,,,,2026-05-01,2026-05-01
"[03.07.24] [มิ้น] Unbox คาปิบาร่า โดนหลอก (คาปิบาร่า_box set)",120214191579940260,2026-05-01,inactive,ad,,,,,0,,0,0,,,,,,,,,2026-05-01,2026-05-01
"[22.07.24] [มิ้น] ทำไมเราถึงชอบเอาตัวเองมาเปรียบเทียบกับคนอื่น (คาปิบาร่า_box set)",120214215023760260,2026-05-01,inactive,ad,,,,,0,,0,0,,,,,,,,,2026-05-01,2026-05-01
"[12.07.24] [มิ้น] เกินไปป่ะ (คาปิบาร่า_box set)",120214277940670260,2026-05-01,not_delivering,ad,,,,,0,,0,0,,,,,,,,,2026-05-01,2026-05-01
"[06.07.24] [มิ้น] 7.7 โอกาสดีห้ามพลาด V.2 (โปรกล่องสุ่ม)",120214070630530260,2026-05-01,archived,ad,,,,,0,,0,0,,,,,,,,,2026-05-01,2026-05-01
"[03.07.24] [มิ้น] Unbox คาปิบาร่า โดนหลอก (คาปิบาร่า_box set)",120214277940650260,2026-05-01,not_delivering,ad,,,,,0,,0,0,,,,,,,,,2026-05-01,2026-05-01
"[25.07.24] [มิ้น] เพื่อนใครชอบเทแบบนี้บ้าง (Payday)",120214292291060260,2026-05-01,not_delivering,ad,,,,,0,,0,0,,,,,,,,,2026-05-01,2026-05-01
"[25.07.24] [มิ้น] เพื่อนใครชอบเทแบบนี้บ้าง (Payday)",120214292374300260,2026-05-01,not_delivering,ad,,,,,0,,0,0,,,,,,,,,2026-05-01,2026-05-01
"[25.07.24] [มิ้น] เพื่อนใครชอบเทแบบนี้บ้าง (Payday)",120214323957810260,2026-05-01,not_delivering,ad,,,,,0,,0,0,,,,,,,,,2026-05-01,2026-05-01
"[25.07.24] [มิ้น] เพื่อนใครชอบเทแบบนี้บ้าง (Payday)",120214346663040260,2026-05-01,not_delivering,ad,,,,,0,,0,0,,,,,,,,,2026-05-01,2026-05-01
"[25.07.24] [มิ้น] เพื่อนใครชอบเทแบบนี้บ้าง (Payday)",120214346895380260,2026-05-01,not_delivering,ad,,,,,0,,0,0,,,,,,,,,2026-05-01,2026-05-01
"[12.07.24] [มิ้น] เกินไปป่ะ (คาปิบาร่า_box set)",120214367376790260,2026-05-01,not_delivering,ad,,,,,0,,0,0,,,,,,,,,2026-05-01,2026-05-01
"[03.07.24] [มิ้น] Unbox คาปิบาร่า โดนหลอก (คาปิบาร่า_box set)",120214367376780260,2026-05-01,not_delivering,ad,,,,,0,,0,0,,,,,,,,,2026-05-01,2026-05-01
"[16.07.24] [มิ้น] Test พวงกุญแจ Pilot คลิป",120214070650930260,2026-05-01,not_delivering,ad,,,,,0,,0,0,,,,,,,,,2026-05-01,2026-05-01
"[12.07.24] [มิ้น] เกินไปป่ะ (คาปิบาร่า_box set)",120214013182080260,2026-05-01,inactive,ad,,,,,0,,0,0,,,,,,,,,2026-05-01,2026-05-01
"[24.06.24] [มิ้น] 5 ประโยคปลดล็อค (ดอกไม้)",120214399480140260,2026-05-01,inactive,ad,,,,,0,,0,0,,,,,,,,,2026-05-01,2026-05-01
"[06.07.24] [มิ้น] 7.7 โอกาสดีห้ามพลาด V.2 (โปรกล่องสุ่ม)",120213845813070260,2026-05-01,inactive,ad,,,,,0,,0,0,,,,,,,,,2026-05-01,2026-05-01
"[25.06.24] [มิ้น] สาวกห้ามพลาด! คาปิบาร่ามีกล่องสุ่มแล้ว (ไม่บอกราคา) (โปรกล่องสุ่ม)",120213580361420260,2026-05-01,not_delivering,ad,,,,,0,,0,0,,,,,,,,,2026-05-01,2026-05-01
"[24.06.24] [มิ้น] 5 ประโยคปลดล็อค (ดอกไม้)",120213594298570260,2026-05-01,inactive,ad,,,,,0,,0,0,,,,,,,,,2026-05-01,2026-05-01
"[26.04.24] [มิ้น] 5 ประโยคฮีลใจ อ่านแล้วเลิกคิดมาก",120213603472720260,2026-05-01,inactive,ad,,,,,0,,0,0,,,,,,,,,2026-05-01,2026-05-01
"[26.04.24] [มิ้น] 5 ประโยคฮีลใจ อ่านแล้วเลิกคิดมาก",120213603573200260,2026-05-01,not_delivering,ad,,,,,0,,0,0,,,,,,,,,2026-05-01,2026-05-01
"[03.07.24] [มิ้น] Unbox คาปิบาร่า โดนหลอก (คาปิบาร่า_box set)",120213765025580260,2026-05-01,not_delivering,ad,,,,,0,,0,0,,,,,,,,,2026-05-01,2026-05-01
"[03.07.24] [มิ้น] Unbox คาปิบาร่า โดนหลอก (คาปิบาร่า_box set)",120213765037580260,2026-05-01,inactive,ad,,,,,0,,0,0,,,,,,,,,2026-05-01,2026-05-01
"[03.07.24] [มิ้น] ปล่อยให้ตัวเองเศร้าบ้างก็ได้",120213765897990260,2026-05-01,inactive,ad,,,,,0,,0,0,,,,,,,,,2026-05-01,2026-05-01
"[03.07.24] [มิ้น] ปล่อยให้ตัวเองเศร้าบ้างก็ได้",120213765907190260,2026-05-01,inactive,ad,,,,,0,,0,0,,,,,,,,,2026-05-01,2026-05-01
"[06.07.24] [มิ้น] 7.7 โอกาสดีห้ามพลาด V.2 (โปรกล่องสุ่ม)",120213845827950260,2026-05-01,inactive,ad,,,,,0,,0,0,,,,,,,,,2026-05-01,2026-05-01
"[12.07.24] [มิ้น] เกินไปป่ะ (คาปิบาร่า_box set)",120213991746770260,2026-05-01,inactive,ad,,,,,0,,0,0,,,,,,,,,2026-05-01,2026-05-01
"[06.07.24] [มิ้น] 7.7 โอกาสดีห้ามพลาด V.2 (โปรกล่องสุ่ม)",120213845838780260,2026-05-01,inactive,ad,,,,,0,,0,0,,,,,,,,,2026-05-01,2026-05-01
"[06.07.24] [มิ้น] 7.7 โอกาสดีห้ามพลาด V.2 (โปรกล่องสุ่ม)",120213845900150260,2026-05-01,inactive,ad,,,,,0,,0,0,,,,,,,,,2026-05-01,2026-05-01
"[06.07.24] [มิ้น] 7.7 โอกาสดีห้ามพลาด V.2 (โปรกล่องสุ่ม)",120213846717150260,2026-05-01,archived,ad,,,,,0,,0,0,,,,,,,,,2026-05-01,2026-05-01
"[08.07.24] [มิ้น] ของขวัญสำหรับคนพิเศษ",120213886281030260,2026-05-01,inactive,ad,,,,,0,,0,0,,,,,,,,,2026-05-01,2026-05-01
"[03.07.24] [มิ้น] ปล่อยให้ตัวเองเศร้าบ้างก็ได้",120213918941180260,2026-05-01,inactive,ad,,,,,0,,0,0,,,,,,,,,2026-05-01,2026-05-01
"[08.07.24] [มิ้น] ของขวัญสำหรับคนพิเศษ",120213920982870260,2026-05-01,inactive,ad,,,,,0,,0,0,,,,,,,,,2026-05-01,2026-05-01
"[08.07.24] [มิ้น] ของขวัญสำหรับคนพิเศษ",120213949048490260,2026-05-01,inactive,ad,,,,,0,,0,0,,,,,,,,,2026-05-01,2026-05-01
"[12.07.24] [มิ้น] หนังสือฮีลใจที่ต้องมีสักเล่ม",120213959666680260,2026-05-01,inactive,ad,,,,,0,,0,0,,,,,,,,,2026-05-01,2026-05-01
"[25.07.24] [มิ้น] เพื่อนใครชอบเทแบบนี้บ้าง (Payday)",120214383289460260,2026-05-01,not_delivering,ad,,,,,0,,0,0,,,,,,,,,2026-05-01,2026-05-01
"[31.07.24] [มิ้น] ฤดูที่ฉันเหงา (ปีศาจความรัก)",120214420705100260,2026-05-01,not_delivering,ad,,,,,0,,0,0,,,,,,,,,2026-05-01,2026-05-01
"[24.06.24] [มิ้น] 5 ประโยคปลดล็อค (ดอกไม้)",120213557153170260,2026-05-01,inactive,ad,,,,,0,,0,0,,,,,,,,,2026-05-01,2026-05-01
"[22.01.26][มิ้น] 5 สิ่งที่ทำได้เลย (Trap)",120244313333920260,2026-05-01,not_delivering,ad,,,,,0,,0,0,,,,,,,,,2026-05-01,2026-05-01
"[16.10.25][มิ้น] หนังสือฮีลใจฮาโลวีน (Demons)",120238788809930260,2026-05-01,not_delivering,ad,,,,,0,,0,0,,,,,,,,,2026-05-01,2026-05-01
"[24.05.25][มิ้น] อ่านแล้วรู้สึกเหมือนได้ยกภูเขาออกจากอก (ปีศาจตัวนั้น)",120233470861380260,2026-05-01,not_delivering,ad,,,,,0,,0,0,,,,,,,,,2026-05-01,2026-05-01
"[13.11.25][มิ้น] โคตรจะชอบประโยคนี้เลย (Demons)",120240436963120260,2026-05-01,not_delivering,ad,,,,,0,,0,0,,,,,,,,,2026-05-01,2026-05-01
"[04.02.26][มิ้น] มนุษย์ที่เป็นคนดี (สัมภาษณ์หมอ) (Trap) (Sale)",120244552668900260,2026-05-01,not_delivering,ad,,,,,0,,0,0,,,,,,,,,2026-05-01,2026-05-01
"[14.03.26][มิ้น] ไม่ต้องอ่านให้จบเล่ม (Remains)",120245559167990260,2026-05-01,not_delivering,ad,,,,,0,,0,0,,,,,,,,,2026-05-01,2026-05-01
"[22.05.25][มิ้น] จะเป็นยังไง! เมื่อคนที่หมดแพชชัน  ต้องไปเป็นที่ปรึกษาให้เหล่าดวงวิญญาณ (Ghostly)",120244773004580260,2026-05-01,not_delivering,ad,,,,,0,,0,0,,,,,,,,,2026-05-01,2026-05-01
"[29.10.25][มิ้น] 2 หนังสือเรียกน้ำตา (Remains)",120240908987250260,2026-05-01,archived,ad,,,,,0,,0,0,,,,,,,,,2026-05-01,2026-05-01
"[29.01.26][มิ้น] Unboxing หนังสือเล่มแรกของปี 2026 (Trap)",120243835535440260,2026-05-01,not_delivering,ad,,,,,0,,0,0,,,,,,,,,2026-05-01,2026-05-01
"[29.03.26][มิ้น] เล่มลายเซ็นนักเขียนหมึกซึม (Ghostly) (Remains)",120246204770990260,2026-05-01,not_delivering,ad,,,,,0,,0,0,,,,,,,,,2026-05-01,2026-05-01
"[03.09.25][มิ้น] หนังเล่มใหม่ที่อานแล้วน้ำตาซึม (Demons)",120236323055900260,2026-05-01,not_delivering,ad,,,,,0,,0,0,,,,,,,,,2026-05-01,2026-05-01
"[03.12.25][มิ้น] เล่มนี้ทำน้ำตาไหลหนักมาก (Ghostly)",120243414093590260,2026-05-01,inactive,ad,,,,,0,,0,0,,,,,,,,,2026-05-01,2026-05-01
"[24.12.25][มิ้น] ดวงสมพงษ์กัน (Witches)",120243923601290260,2026-05-01,not_delivering,ad,,,,,0,,0,0,,,,,,,,,2026-05-01,2026-05-01
"[13.04.26][มิ้น] Thankyou next (Remains)",120247075391790260,2026-05-01,inactive,ad,,,,,0,,0,0,,,,,,,,,2026-05-01,2026-05-01
"[19.11.24] [มิ้น] เพราะส่วนลึกที่สุดของทะเล (โอบกอด)",120217165807550260,2026-05-01,not_delivering,ad,,,,,0,,0,0,,,,,,,,,2026-05-01,2026-05-01
"[07.01.25] [มิ้น] มีประโยคนึงในหนังสือเล่มหนึ่ง (Kidmakk)",120218386112020260,2026-05-01,not_delivering,ad,,,,,0,,0,0,,,,,,,,,2026-05-01,2026-05-01
"[25.08.25][มิ้น] เราเช็กดวง (Witches)",120235633850060260,2026-05-01,inactive,ad,,,,,0,,0,0,,,,,,,,,2026-05-01,2026-05-01
"[22.09.25][มิ้น] Boxset เปลี่ยนความทุกข์ (Witches)",120237917604970260,2026-05-01,not_delivering,ad,,,,,0,,0,0,,,,,,,,,2026-05-01,2026-05-01
"[17.02.26][มิ้น] 20 เล่มลายเซ็น (Trap)",120248305688990260,2026-05-01,not_delivering,ad,การสนทนาผ่านการส่งข้อความที่เริ่มขึ้น,,,,0,,0,0,,,,,,,,,2026-05-01,2026-05-01
"[22.10.25][มิ้น] เพราะในทุกความเกลียด (Remains)",120239461693600260,2026-05-01,not_delivering,ad,,,,,0,,0,0,,,,,,,,,2026-05-01,2026-05-01
"[02.06.25][มิ้น] รีแอค ขมิ้น (Ghostly)",120234317491320260,2026-05-01,not_delivering,ad,,,,,0,,0,0,,,,,,,,,2026-05-01,2026-05-01
"[12.07.24] [มิ้น] เกินไปป่ะ (คาปิบาร่า_box set)",120214445025560260,2026-05-01,not_delivering,ad,,,,,0,,0,0,,,,,,,,,2026-05-01,2026-05-01
"[03.07.24] [มิ้น] Unbox คาปิบาร่า โดนหลอก (คาปิบาร่า_box set)",120214504149520260,2026-05-01,not_delivering,ad,,,,,0,,0,0,,,,,,,,,2026-05-01,2026-05-01
"[03.07.24] [มิ้น] Unbox คาปิบาร่า โดนหลอก (คาปิบาร่า_box set)",120214445216060260,2026-05-01,not_delivering,ad,,,,,0,,0,0,,,,,,,,,2026-05-01,2026-05-01
"[18.07.24] [มิ้น] ความรักกับดอกไม้",120214464520220260,2026-05-01,inactive,ad,,,,,0,,0,0,,,,,,,,,2026-05-01,2026-05-01
"[24.06.24] [มิ้น] 5 ประโยคปลดล็อค (ดอกไม้)",120214491444540260,2026-05-01,inactive,ad,,,,,0,,0,0,,,,,,,,,2026-05-01,2026-05-01
"[03.08.24] [มิ้น] ยกให้เป็นหนังสือในดวงใจ",120214492809050260,2026-05-01,inactive,ad,,,,,0,,0,0,,,,,,,,,2026-05-01,2026-05-01
"[18.07.24] [มิ้น] ความรักกับดอกไม้",120214503495400260,2026-05-01,not_delivering,ad,,,,,0,,0,0,,,,,,,,,2026-05-01,2026-05-01
"[24.07.24] [มิ้น] ดอกโครคัส",120214503500480260,2026-05-01,inactive,ad,,,,,0,,0,0,,,,,,,,,2026-05-01,2026-05-01
"[24.06.24] [มิ้น] 5 ประโยคปลดล็อค (ดอกไม้)",120214503503920260,2026-05-01,inactive,ad,,,,,0,,0,0,,,,,,,,,2026-05-01,2026-05-01
"[12.07.24] [มิ้น] เกินไปป่ะ (คาปิบาร่า_box set)",120214504149530260,2026-05-01,not_delivering,ad,,,,,0,,0,0,,,,,,,,,2026-05-01,2026-05-01
"[05.08.24] [มิ้น] 8.8 บุฟเฟต์ ฮีลใจจัดให้",120214519321290260,2026-05-01,not_delivering,ad,,,,,0,,0,0,,,,,,,,,2026-05-01,2026-05-01
"[28.05.25][มิ้น] 3 สิ่งที่เล่มนี้อยากบอก (ปีศาจตัวนั้น)",120235808316590260,2026-05-01,not_delivering,ad,,,,,0,,0,0,,,,,,,,,2026-05-01,2026-05-01
"[05.08.24] [มิ้น] 8.8 บุฟเฟต์ ฮีลใจจัดให้",120214519375190260,2026-05-01,not_delivering,ad,,,,,0,,0,0,,,,,,,,,2026-05-01,2026-05-01
"[05.08.24] [มิ้น] 8.8 บุฟเฟต์ ฮีลใจจัดให้",120214519474090260,2026-05-01,not_delivering,ad,,,,,0,,0,0,,,,,,,,,2026-05-01,2026-05-01
"[05.08.24] [มิ้น] 8.8 บุฟเฟต์ ฮีลใจจัดให้",120214519485710260,2026-05-01,not_delivering,ad,,,,,0,,0,0,,,,,,,,,2026-05-01,2026-05-01
"[11.02.25][มิ้น] สัมภาษณ์คุณปั๊ม คิ้วต่ำ (Kiwtum)",120221825820790260,2026-05-01,not_delivering,ad,,,,,0,,0,0,,,,,,,,,2026-05-01,2026-05-01
"[22.05.25][มิ้น] จะเป็นยังไง! เมื่อคนที่หมดแพชชัน  ต้องไปเป็นที่ปรึกษาให้เหล่าดวงวิญญาณ (Ghostly)",120232764653310260,2026-05-01,inactive,ad,,,,,0,,0,0,,,,,,,,,2026-05-01,2026-05-01
"[02.06.25][มิ้น] รีแอค ขมิ้น (Ghostly)",120238146231120260,2026-05-01,not_delivering,ad,,,,,0,,0,0,,,,,,,,,2026-05-01,2026-05-01
"[22.07.25][มิ้น] เล่มใหม่ออกมาอีกแล้ว (Tried)",120233014295290260,2026-05-01,inactive,ad,,,,,0,,0,0,,,,,,,,,2026-05-01,2026-05-01
"[07.08.25][มิ้น] เล่มใหม่ล่าสุด (Tried)",120234507579240260,2026-05-01,not_delivering,ad,,,,,0,,0,0,,,,,,,,,2026-05-01,2026-05-01
"[25.06.24] [มิ้น] สาวกห้ามพลาด! คาปิบาร่ามีกล่องสุ่มแล้ว (ไม่บอกราคา) (โปรกล่องสุ่ม)",120213577510910260,2026-05-01,not_delivering,ad,,,,,0,,0,0,,,,,,,,,2026-05-01,2026-05-01
"[24.06.24] [มิ้น] 5 ประโยคปลดล็อค (ดอกไม้)",120213556987210260,2026-05-01,inactive,ad,,,,,0,,0,0,,,,,,,,,2026-05-01,2026-05-01
"[03.03.26][มิ้น] ไม่เคยร้องไห้กับหนังสือจนมาเจอ 2 เล่มนี้ (Ghostly) (Remains)",120246513533230260,2026-05-01,not_delivering,ad,การสนทนาผ่านการส่งข้อความที่เริ่มขึ้น,,,,0,,0,0,,,,,,,,,2026-05-01,2026-05-01
"[21.03.25][มิ้น] Unboxing newbook (Gift)",120222458416020260,2026-05-01,inactive,ad,,,,,0,,0,0,,,,,,,,,2026-05-01,2026-05-01
"[21.09.24] [มิ้น] คนเราแตกสลายได้กี่ครั้ง",120216668872710260,2026-05-01,inactive,ad,,,,,0,,0,0,,,,,,,,,2026-05-01,2026-05-01
"[23.07.25][มิ้น] อ่านแล้วหายเหนื่อย (Tried)",120234550140960260,2026-05-01,archived,ad,,,,,0,,0,0,,,,,,,,,2026-05-01,2026-05-01
"[25.03.25][มิ้น] 5 ข้อคิด (Witches)",120222719344250260,2026-05-01,inactive,ad,,,,,0,,0,0,,,,,,,,,2026-05-01,2026-05-01
"[02.06.25][มิ้น] ฉลอง 100,000 เล่ม ปีศาจ (ปีศาจตัวนั้น)",120229861183850260,2026-05-01,not_delivering,ad,,,,,0,,0,0,,,,,,,,,2026-05-01,2026-05-01
"[11.02.25][มิ้น] ประโยคจากคุณปั๊ม คิ้วต่ำ (Kiwtum)",120219600417070260,2026-05-01,not_delivering,ad,,,,,0,,0,0,,,,,,,,,2026-05-01,2026-05-01
"[05.08.25][มิ้น] หนังสือบ้านหลังที่ 2 (Home)",120234400487010260,2026-05-01,not_delivering,ad,,,,,0,,0,0,,,,,,,,,2026-05-01,2026-05-01
"[03.09.25][มิ้น] เล่มใหม่ให้ 1000/100 (Demons) (QuickReply)",120236827515120260,2026-05-01,not_delivering,ad,,,,,0,,0,0,,,,,,,,,2026-05-01,2026-05-01
"[24.12.24] [มิ้น] Payday นี้รวมแพ็กฮีลใจเล่มใหม่ (Promotion_Payday)",120218077577840260,2026-05-01,not_delivering,ad,,,,,0,,0,0,,,,,,,,,2026-05-01,2026-05-01
"[11.06.25][มิ้น] ชายคนหนึ่งตกหลุมรักสาวใบ้ (Ghostly)",120230768994110260,2026-05-01,archived,ad,,,,,0,,0,0,,,,,,,,,2026-05-01,2026-05-01
"[20.01.25][Garden_Boxset][มิ้น][VDO] 5 ประโยคปลดล็อค",120218619152640260,2026-05-01,inactive,ad,,,,,0,,0,0,,,,,,,,,2026-05-01,2026-05-01
"[22.09.25][มิ้น] เล่มใหม่ 1000/100 (Remains)",120237332588820260,2026-05-01,inactive,ad,,,,,0,,0,0,,,,,,,,,2026-05-01,2026-05-01
"[23.01.26][มิ้น] บางคนตายไป (Ghostly)",120243521808200260,2026-05-01,inactive,ad,,,,,0,,0,0,,,,,,,,,2026-05-01,2026-05-01
"[29.10.25][มิ้น] 2 หนังสือเรียกน้ำตา (Remains)",120240115682460260,2026-05-01,not_delivering,ad,,,,,0,,0,0,,,,,,,,,2026-05-01,2026-05-01
"[10.11.25][มิ้น] นี่คือสภาพ (Remains)",120240740054620260,2026-05-01,inactive,ad,,,,,0,,0,0,,,,,,,,,2026-05-01,2026-05-01
"[14.07.25][มิ้น] ประโยคก่อนนอน 2 (Kiwtum)",120234400405690260,2026-05-01,inactive,ad,,,,,0,,0,0,,,,,,,,,2026-05-01,2026-05-01
"[22.05.25][มิ้น] 5 ข้อคิด (Ghostly)",120236604849130260,2026-05-01,not_delivering,ad,,,,,0,,0,0,,,,,,,,,2026-05-01,2026-05-01
"[03.12.25][มิ้น] เล่มนี้ทำน้ำตาไหลหนักมาก (Ghostly)",120243289614690260,2026-05-01,inactive,ad,,,,,0,,0,0,,,,,,,,,2026-05-01,2026-05-01
"[03.09.25][มิ้น] Unboxing New Books (Demons)",120235860056250260,2026-05-01,inactive,ad,,,,,0,,0,0,,,,,,,,,2026-05-01,2026-05-01
"[22.05.25][มิ้น] จะเป็นยังไง! เมื่อคนที่หมดแพชชัน  ต้องไปเป็นที่ปรึกษาให้เหล่าดวงวิญญาณ (Ghostly)",120232623740920260,2026-05-01,not_delivering,ad,,,,,0,,0,0,,,,,,,,,2026-05-01,2026-05-01
"[05.08.24] [มิ้น] 8.8 บุฟเฟต์ ฮีลใจจัดให้",120214559826080260,2026-05-01,not_delivering,ad,,,,,0,,0,0,,,,,,,,,2026-05-01,2026-05-01
"[19.10.25][มิ้น] คำพูดคนที่รักเจ็บที่สุด (Demons)",120238954845020260,2026-05-01,not_delivering,ad,,,,,0,,0,0,,,,,,,,,2026-05-01,2026-05-01
"[11.02.25][มิ้น] Unboxing new book (Kiwtum)",120219806772650260,2026-05-01,archived,ad,,,,,0,,0,0,,,,,,,,,2026-05-01,2026-05-01
"[29.10.25][มิ้น] 2 หนังสือเรียกน้ำตา (Remains)",120239541619430260,2026-05-01,inactive,ad,,,,,0,,0,0,,,,,,,,,2026-05-01,2026-05-01
"[06.12.24] [มิ้น] สวัสดีธันวาคมเดือนสิบสอง (เซตสวน)",120217605954150260,2026-05-01,inactive,ad,,,,,0,,0,0,,,,,,,,,2026-05-01,2026-05-01
"[02.01.24] [มิ้น] เวลาที่คุณรู้สึกเศร้า (Embrace)",120218296869390260,2026-05-01,not_delivering,ad,,,,,0,,0,0,,,,,,,,,2026-05-01,2026-05-01
"[08.04.26][มิ้น] นี่คือสิ่งที่กำลังเกิดขึ้นกับคุณ (Witches)",120246834550470260,2026-05-01,inactive,ad,,,,,0,,0,0,,,,,,,,,2026-05-01,2026-05-01
"[02.11.24] [มิ้น] ความไม่สมบูรณ์แบบของเรา (โอบกอด)",120216749526710260,2026-05-01,not_delivering,ad,,,,,0,,0,0,,,,,,,,,2026-05-01,2026-05-01
"[22.05.25][มิ้น] หนังสือใหม่ออกมาอีกละ!!! (Ghostly)",120229087924590260,2026-05-01,inactive,ad,,,,,0,,0,0,,,,,,,,,2026-05-01,2026-05-01
"[12.11.25][มิ้น] คนที่แอบชอบ (Remains)",120240333954200260,2026-05-01,inactive,ad,,,,,0,,0,0,,,,,,,,,2026-05-01,2026-05-01
"[11.03.25][มิ้น] แนะนำฮีลใจ 5 เล่ม ตามจาก #Books (Engage)",120221886103830260,2026-05-01,inactive,ad,,,,,0,,0,0,,,,,,,,,2026-05-01,2026-05-01
"[07.08.25][มิ้น] เล่มใหม่ล่าสุด (Tried)",120234612916200260,2026-05-01,inactive,ad,,,,,0,,0,0,,,,,,,,,2026-05-01,2026-05-01
"[22.02.25][มิ้น] 5 เทคนิค Manifest (Million)",120221418779260260,2026-05-01,inactive,ad,,,,,0,,0,0,,,,,,,,,2026-05-01,2026-05-01
"[25.08.25][มิ้น] เราเช็กดวง (Witches)",120235634316360260,2026-05-01,inactive,ad,,,,,0,,0,0,,,,,,,,,2026-05-01,2026-05-01
"[29.10.25][มิ้น] 2 หนังสือเรียกน้ำตา (Remains)",120240333892650260,2026-05-01,inactive,ad,,,,,0,,0,0,,,,,,,,,2026-05-01,2026-05-01
"[21.01.25] [มิ้น] 5 ข้อคิด (Home)",120219261867080260,2026-05-01,not_delivering,ad,,,,,0,,0,0,,,,,,,,,2026-05-01,2026-05-01
"[21.01.25] [มิ้น] สถานที่ที่ปลอดภัยที่สุด (Home)",120218670228450260,2026-05-01,not_delivering,ad,,,,,0,,0,0,,,,,,,,,2026-05-01,2026-05-01
"[21.04.25][มิ้น] ดวงของคุณวันนี้? (Witches)",120226536539180260,2026-05-01,inactive,ad,,,,,0,,0,0,,,,,,,,,2026-05-01,2026-05-01
"[18.11.24] [มิ้น] เมื่อไหร่ที่รู้สึกผิดหวังกับชีวิต (ปีศาจ)",120217129597620260,2026-05-01,not_delivering,ad,,,,,0,,0,0,,,,,,,,,2026-05-01,2026-05-01
"[11.02.25][มิ้น] Unboxing new book (Kiwtum)",120219599958130260,2026-05-01,inactive,ad,,,,,0,,0,0,,,,,,,,,2026-05-01,2026-05-01
"[23.10.24] [มิ้น] โดนตกจากประโยคหลังปก (Life)",120216535120880260,2026-05-01,not_delivering,ad,,,,,0,,0,0,,,,,,,,,2026-05-01,2026-05-01
"[08.10.25][มิ้น] Unpack ปีศาจตัวนั้นคือฉันเอง 2 (Demons)",120240179530980260,2026-05-01,not_delivering,ad,,,,,0,,0,0,,,,,,,,,2026-05-01,2026-05-01
"[17.02.26][มิ้น] 20 เล่มลายเซ็น (Trap)",120247161076180260,2026-05-01,not_delivering,ad,,,,,0,,0,0,,,,,,,,,2026-05-01,2026-05-01
"[18.06.67] [มิ้น] ประโยคฮีลใจดึงสติ 100% (ปีศาจความรัก_เล่มเดี่ยว)",120213472561420260,2026-05-01,not_delivering,ad,,,,,0,,0,0,,,,,,,,,2026-05-01,2026-05-01
"[29.08.25][มิ้น] หนังสือเล่มนี้อยากบอกคุณว่า (Ghost)",120235858364930260,2026-05-01,not_delivering,ad,,,,,0,,0,0,,,,,,,,,2026-05-01,2026-05-01
"[22.02.25][มิ้น] 5 เทคนิค Manifest (Million)",120220584329090260,2026-05-01,inactive,ad,,,,,0,,0,0,,,,,,,,,2026-05-01,2026-05-01
"[11.02.25][มิ้น] สัมภาษณ์คุณปั๊ม คิ้วต่ำ (Kiwtum)",120225138048680260,2026-05-01,inactive,ad,,,,,0,,0,0,,,,,,,,,2026-05-01,2026-05-01
"[23.06.25][มิ้น] พื้นที่ที่แบ่งปันความสุขและความทุกข์ (Embrace)",120231822472990260,2026-05-01,archived,ad,,,,,0,,0,0,,,,,,,,,2026-05-01,2026-05-01
"[01.08.25][มิ้น] ผิดหวังก็สมหวังได้ (Witches)",120234868915480260,2026-05-01,not_delivering,ad,,,,,0,,0,0,,,,,,,,,2026-05-01,2026-05-01
"[11.06.25][มิ้น] นักสู้ที่เก่งที่สุด (ปีศาจตัวนั้น)",120230527723930260,2026-05-01,inactive,ad,,,,,0,,0,0,,,,,,,,,2026-05-01,2026-05-01
"[11.02.25][มิ้น] 5 ข้อคิด (Kiwtum)",120219598753540260,2026-05-01,inactive,ad,,,,,0,,0,0,,,,,,,,,2026-05-01,2026-05-01
"[11.02.25][มิ้น] Unboxing new book (Kiwtum)",120219599908730260,2026-05-01,inactive,ad,,,,,0,,0,0,,,,,,,,,2026-05-01,2026-05-01
"[22.05.25][มิ้น] จะเป็นยังไง! เมื่อคนที่หมดแพชชัน  ต้องไปเป็นที่ปรึกษาให้เหล่าดวงวิญญาณ (Ghostly)",120229091502600260,2026-05-01,inactive,ad,,,,,0,,0,0,,,,,,,,,2026-05-01,2026-05-01
"[04.06.24] เปิดตัวปีศาจความรัก น้องมิ้น",120213010036900260,2026-05-01,not_delivering,ad,,,,,0,,0,0,,,,,,,,,2026-05-01,2026-05-01
"[21.01.25] [มิ้น] Unboxing หนังสือฮีลใจเล่มใหม่ 2025 (Home)",120218671476840260,2026-05-01,inactive,ad,,,,,0,,0,0,,,,,,,,,2026-05-01,2026-05-01
"[03.06.24][มิ้น] บางครั้งความผิดพลาด อาจสอนอะไรเราบางอย่าง (คาปิบาร่า_box set) (เริ่มยิงใหม่ 11 June 24)",120213200732480260,2026-05-01,not_delivering,ad,,,,,0,,0,0,,,,,,,,,2026-05-01,2026-05-01
"[18.06.24] [มิ้น] เปิดตัวปีศาจความรัก (ปีศาจความรัก_เล่มเดี่ยว)",120213393189060260,2026-05-01,inactive,ad,,,,,0,,0,0,,,,,,,,,2026-05-01,2026-05-01
"[18.06.67] [มิ้น] ประโยคฮีลใจดึงสติ 100% (ปีศาจความรัก_เล่มเดี่ยว)",120213397635530260,2026-05-01,inactive,ad,,,,,0,,0,0,,,,,,,,,2026-05-01,2026-05-01
"[19.06.24] [มิ้น] 5 ประโยค เปลี่ยนความคิดในเรื่องความสัมพันธ์",120213423221630260,2026-05-01,inactive,ad,,,,,0,,0,0,,,,,,,,,2026-05-01,2026-05-01
"[21.06.24] [มิ้น] พาบุกร้านหนังสือ",120213471855760260,2026-05-01,inactive,ad,,,,,0,,0,0,,,,,,,,,2026-05-01,2026-05-01
"[21.06.24] [มิ้น] พาบุกร้านหนังสือ",120213472019280260,2026-05-01,not_delivering,ad,,,,,0,,0,0,,,,,,,,,2026-05-01,2026-05-01
"[18.06.24] [มิ้น] เปิดตัวปีศาจความรัก (ปีศาจความรัก_เล่มเดี่ยว)",120213472548450260,2026-05-01,not_delivering,ad,,,,,0,,0,0,,,,,,,,,2026-05-01,2026-05-01
"[18.06.67] [มิ้น] ประโยคฮีลใจดึงสติ 100% (ปีศาจความรัก_เล่มเดี่ยว)",120213472242120260,2026-05-01,inactive,ad,,,,,0,,0,0,,,,,,,,,2026-05-01,2026-05-01
"[25.02.25][มิ้น] ทำไม 2 เล่มนี้ถึงได้รางวัล (Promotion_Pack)",120220872084900260,2026-05-01,not_delivering,ad,,,,,0,,0,0,,,,,,,,,2026-05-01,2026-05-01
"[11.02.25][มิ้น] Unboxing new book (Kiwtum)",120219809847300260,2026-05-01,not_delivering,ad,,,,,0,,0,0,,,,,,,,,2026-05-01,2026-05-01
"[02.04.26][มิ้น] อย่าปล่อยให้อีโก้ (Trap)",120247408900270260,2026-05-01,not_delivering,ad,,,,,0,,0,0,,,,,,,,,2026-05-01,2026-05-01
"[28.11.24] [มิ้น] ความสมบูรณ์แบบ (ที่ไม่มีอยู่จริง) (คาปิบาร่า_Boxset)",120217380972860260,2026-05-01,not_delivering,ad,,,,,0,,0,0,,,,,,,,,2026-05-01,2026-05-01
"[03.09.25][มิ้น] หนังเล่มใหม่ที่อานแล้วน้ำตาซึม (Demons)",120235859358580260,2026-05-01,inactive,ad,,,,,0,,0,0,,,,,,,,,2026-05-01,2026-05-01
"[09.09.25][มิ้น] ประโยคนี้เตือนสติ (Witches)",120236603005580260,2026-05-01,archived,ad,,,,,0,,0,0,,,,,,,,,2026-05-01,2026-05-01
"[03.09.25][มิ้น] อยากให้ทุกคนอ่าน (Ghostly)",120238146231070260,2026-05-01,not_delivering,ad,,,,,0,,0,0,,,,,,,,,2026-05-01,2026-05-01
"[05.03.26][มิ้น] คลิปสัมภาษณ์ MAY-I ปริมาณของเพื่อนไม่สำคัญเท่าคุณภาพ (Witches)",120245170351250260,2026-05-01,not_delivering,ad,,,,,0,,0,0,,,,,,,,,2026-05-01,2026-05-01
"[03.12.25][มิ้น] น้ำตาซึมไปหลายวัน (Remains)",120244259802860260,2026-05-01,not_delivering,ad,,,,,0,,0,0,,,,,,,,,2026-05-01,2026-05-01
"[13.01.26][มิ้น] อย่าให้คนคนเดียว (Embrace) (Reels)",120243131312450260,2026-05-01,not_delivering,ad,,,,,0,,0,0,,,,,,,,,2026-05-01,2026-05-01
"[11.06.25][มิ้น] ชายคนหนึ่งตกหลุมรักสาวใบ้ (Ghostly)",120231947093860260,2026-05-01,not_delivering,ad,,,,,0,,0,0,,,,,,,,,2026-05-01,2026-05-01
"[17.02.26][มิ้น] 20 เล่มลายเซ็น (Trap)",120247408900190260,2026-05-01,not_delivering,ad,,,,,0,,0,0,,,,,,,,,2026-05-01,2026-05-01
"[16.01.25] [มิ้น] ข่าวด่วนจนต้องบุก“นายอินทร์” (Promotion_Pack)",120218663160130260,2026-05-01,not_delivering,ad,,,,,0,,0,0,,,,,,,,,2026-05-01,2026-05-01
"[24.01.25] [มิ้น] PAYDAY นี้ จ่าย 1 ได้ถึง 5 (Promotion_Payday)",120218920155980260,2026-05-01,not_delivering,ad,,,,,0,,0,0,,,,,,,,,2026-05-01,2026-05-01
"[17.12.24] [มิ้น] แนะนำหนังสือสำหรับลูก (Helmet_Boxset)",120217877075060260,2026-05-01,not_delivering,ad,,,,,0,,0,0,,,,,,,,,2026-05-01,2026-05-01
"[28.12.24] [มิ้น] ลดใหญ่ส่งท้ายปี (Capyabara_Boxset)",120218221767120260,2026-05-01,inactive,ad,,,,,0,,0,0,,,,,,,,,2026-05-01,2026-05-01
"[23.05.25][มิ้น] Payday May (Promotion_Payday)",120229513903520260,2026-05-01,inactive,ad,,,,,0,,0,0,,,,,,,,,2026-05-01,2026-05-01
"[09.11.24] [มิ้น] เราทุกคนต่างไม่มีใครสมบูรณ์แบบ (โอบกอด)",120216908629980260,2026-05-01,not_delivering,ad,,,,,0,,0,0,,,,,,,,,2026-05-01,2026-05-01
"[15.10.24] [มิ้น] จุดเปลี่ยนของชีวิต (Life)",120216535120860260,2026-05-01,inactive,ad,,,,,0,,0,0,,,,,,,,,2026-05-01,2026-05-01
"[19.02.25][มิ้น] 5 ประโยค เปลี่ยนชีวิต (Kidmakk)",120220278011100260,2026-05-01,inactive,ad,,,,,0,,0,0,,,,,,,,,2026-05-01,2026-05-01
"[16.01.25][VDO][มิ้น][Garden_เล่มเดี่ยว] ความรักกับดอกไม้",120218617745560260,2026-05-01,inactive,ad,,,,,0,,0,0,,,,,,,,,2026-05-01,2026-05-01
"[11.02.25][มิ้น] ประโยคจากคุณปั๊ม คิ้วต่ำ (Kiwtum)",120219600040490260,2026-05-01,inactive,ad,,,,,0,,0,0,,,,,,,,,2026-05-01,2026-05-01
"[24.01.26][มิ้น] เป็นเพื่อนที่ดีให้ได้ (ปีศาจตัวนั้น) (Reels)",120243541915720260,2026-05-01,not_delivering,ad,,,,,0,,0,0,,,,,,,,,2026-05-01,2026-05-01
"[04.02.26][มิ้น] มนุษย์ที่เป็นคนดี (สัมภาษณ์หมอ) (Trap)",120244520939380260,2026-05-01,inactive,ad,,,,,0,,0,0,,,,,,,,,2026-05-01,2026-05-01
"[11.02.25][มิ้น] Unboxing new book (Kiwtum)",120220255029130260,2026-05-01,inactive,ad,,,,,0,,0,0,,,,,,,,,2026-05-01,2026-05-01
"[06.02.26][มิ้น] รักกันอยู่ แต่ไม่เห็นอนาคตร่วมกัน (Garden)",120244056248970260,2026-05-01,not_delivering,ad,,,,,0,,0,0,,,,,,,,,2026-05-01,2026-05-01
"[15.03.26][มิ้น] การรักษาซึมเศร้าไม่ใช่แค่เรื่องยา (Trap)",120245621584290260,2026-05-01,not_delivering,ad,,,,,0,,0,0,,,,,,,,,2026-05-01,2026-05-01
"[18.04.25][มิ้น] ก่อนนอน อยากให้คุณได้อ่าน (Kiwtum)",120226165931670260,2026-05-01,inactive,ad,,,,,0,,0,0,,,,,,,,,2026-05-01,2026-05-01
"[10.11.25][มิ้น] ป้ายยาหนังสือ 7 เล่ม (E-Book)",120244056423010260,2026-05-01,not_delivering,ad,,,,,0,,0,0,,,,,,,,,2026-05-01,2026-05-01
"[11.03.26][มิ้น] รี stock เล่มลายเซ็นนักเขียนเมไอ (Witches)",120245836368320260,2026-05-01,not_delivering,ad,,,,,0,,0,0,,,,,,,,,2026-05-01,2026-05-01
"[03.03.26][มิ้น] ไม่เคยร้องไห้กับหนังสือจนมาเจอ 2 เล่มนี้ (Ghostly) (Remains)",120246510803810260,2026-05-01,not_delivering,ad,,,,,0,,0,0,,,,,,,,,2026-05-01,2026-05-01
"[25.07.25][มิ้น] ฮีลใจวัยทำงาน (Tried) (Reels)",120243521024670260,2026-05-01,not_delivering,ad,,,,,0,,0,0,,,,,,,,,2026-05-01,2026-05-01
"[06.08.25][มิ้น] วันไหนไม่ไหว แวะมาอ่าน (Tried)",120234430079930260,2026-05-01,not_delivering,ad,,,,,0,,0,0,,,,,,,,,2026-05-01,2026-05-01
"[02.06.25][มิ้น] รีแอค ขมิ้น (Ghostly)",120232158719460260,2026-05-01,inactive,ad,,,,,0,,0,0,,,,,,,,,2026-05-01,2026-05-01
"[25.07.25][มิ้น] หนังสือฮีลใจที่คุ้มที่สุด (Witches)",120233549905270260,2026-05-01,inactive,ad,,,,,0,,0,0,,,,,,,,,2026-05-01,2026-05-01
"[13.05.25][มิ้น] ปัญหาเหล่านี้จะหายไป (Witches)",120228641592940260,2026-05-01,inactive,ad,,,,,0,,0,0,,,,,,,,,2026-05-01,2026-05-01
"[12.09.25][มิ้น] 5 สัญญาณเหนื่อย (Tried)",120236685205440260,2026-05-01,inactive,ad,,,,,0,,0,0,,,,,,,,,2026-05-01,2026-05-01
"[08.10.25][มิ้น] Unpack ปีศาจตัวนั้นคือฉันเอง 2 (Demons) (Reels)",120243296790840260,2026-05-01,not_delivering,ad,,,,,0,,0,0,,,,,,,,,2026-05-01,2026-05-01
"[19.09.25][มิ้น] จากกระแส 1000/100 (Remains)",120238230841820260,2026-05-01,inactive,ad,,,,,0,,0,0,,,,,,,,,2026-05-01,2026-05-01
"[03.09.25][มิ้น] จากเล่ม 1 สู่เล่ม 2 (Demons)",120236620456560260,2026-05-01,not_delivering,ad,,,,,0,,0,0,,,,,,,,,2026-05-01,2026-05-01
"[01.03.26][มิ้น] รี stock เล่มลายเซ็นหมอทานตะวัน (สัมภาษณ์หมอ) (Trap) (Cross Page)",120245665638770260,2026-05-01,not_delivering,ad,,,,,0,,0,0,,,,,,,,,2026-05-01,2026-05-01
"[04.02.26][มิ้น] มนุษย์ที่เป็นคนดี (สัมภาษณ์หมอ) (Trap)",120244313790350260,2026-05-01,not_delivering,ad,,,,,0,,0,0,,,,,,,,,2026-05-01,2026-05-01
"[29.10.25][มิ้น] 2 หนังสือเรียกน้ำตา (Remains)",120243287811430260,2026-05-01,inactive,ad,,,,,0,,0,0,,,,,,,,,2026-05-01,2026-05-01
"[24.04.26][มิ้น] หนังสือเล่มนี้ทำให้เลิกโทษตัวเองได้จริง (Trap)",120247710400280260,2026-05-01,not_delivering,ad,การสนทนาผ่านการส่งข้อความที่เริ่มขึ้น,,,,0,,0,0,,,,,,,,,2026-05-01,2026-05-01
"[23.01.26][มิ้น] หนังสือที่อยากให้อ่าน 2026 (Ghostly)",120243521687280260,2026-05-01,inactive,ad,,,,,0,,0,0,,,,,,,,,2026-05-01,2026-05-01
"[21.09.24] [มิ้น] คนเราแตกสลายได้กี่ครั้ง",120215723624310260,2026-05-01,not_delivering,ad,,,,,0,,0,0,,,,,,,,,2026-05-01,2026-05-01
"[24.02.26][มิ้น] แมวที่เก็บมาเลี้ยงหายไป (Ghostly)",120244781189960260,2026-05-01,not_delivering,ad,,,,,0,,0,0,,,,,,,,,2026-05-01,2026-05-01
"[02.01.25] [มิ้น] หนังสือฮีลใจเล่มใหม่ (Kidmakk)",120218298909310260,2026-05-01,not_delivering,ad,,,,,0,,0,0,,,,,,,,,2026-05-01,2026-05-01
"[07.11.25][มิ้น] เป็นหนังสือรวมประโยค (Tried)",120240097800200260,2026-05-01,not_delivering,ad,,,,,0,,0,0,,,,,,,,,2026-05-01,2026-05-01
"[21.12.24] [มิ้น] สัมภาษณ์คุณคิดมาก (kidmakk)",120217962083710260,2026-05-01,inactive,ad,,,,,0,,0,0,,,,,,,,,2026-05-01,2026-05-01
"[16.01.25][VDO][มิ้น][Garden_เล่มเดี่ยว] ความรักกับดอกไม้",120220348271610260,2026-05-01,archived,ad,,,,,0,,0,0,,,,,,,,,2026-05-01,2026-05-01
"[12.03.25] [มิ้น] มีบทความจากหนังสือเล่มหนึ่งเขาบอกไว้ว่า (Kiwtum)",120221885583080260,2026-05-01,inactive,ad,,,,,0,,0,0,,,,,,,,,2026-05-01,2026-05-01
"[02.06.25][มิ้น] ถ้าแกพร้อมที่จะรักตัวเอง (ปีศาจตัวนั้น)",120229839125360260,2026-05-01,not_delivering,ad,,,,,0,,0,0,,,,,,,,,2026-05-01,2026-05-01
"[11.03.26][มิ้น] ฉันจะมีชีวิตที่ดี (Kidmakk)",120245719302350260,2026-05-01,not_delivering,ad,,,,,0,,0,0,,,,,,,,,2026-05-01,2026-05-01
"[29.10.25][มิ้น] 2 หนังสือเรียกน้ำตา (Remains)",120239979952550260,2026-05-01,not_delivering,ad,,,,,0,,0,0,,,,,,,,,2026-05-01,2026-05-01
"[25.03.25][มิ้น] ประโยคหลังปก คุณปั๊ม (Kiwtum)",120222716989430260,2026-05-01,inactive,ad,,,,,0,,0,0,,,,,,,,,2026-05-01,2026-05-01
"[11.06.25][มิ้น] ชายคนหนึ่งตกหลุมรักสาวใบ้ (Ghostly)",120230536395330260,2026-05-01,inactive,ad,,,,,0,,0,0,,,,,,,,,2026-05-01,2026-05-01
"[09.04.25][มิ้น] วันจันทร์ คือวันที่ดีที่สุดของสัปดาห์ (Capybara_Boxset)",120225152499990260,2026-05-01,inactive,ad,,,,,0,,0,0,,,,,,,,,2026-05-01,2026-05-01
"[03.12.25][มิ้น] โลกใจร้ายมามากพอแล้ว (Witches)",120241544545810260,2026-05-01,inactive,ad,,,,,0,,0,0,,,,,,,,,2026-05-01,2026-05-01
"[07.03.25][มิ้น] สัมภาษณ์คุณเม เล่มใหม่ล่าสุด (Witches)",120221521304100260,2026-05-01,inactive,ad,,,,,0,,0,0,,,,,,,,,2026-05-01,2026-05-01
"[22.03.26][มิ้น] มีประโยคหนึ่งในหนังสือ (Witches)",120246834180810260,2026-05-01,inactive,ad,การสนทนาผ่านการส่งข้อความที่เริ่มขึ้น,,,,0,,0,0,,,,,,,,,2026-05-01,2026-05-01
"[07.03.25][มิ้น] สัมภาษณ์คุณเม เล่มใหม่ล่าสุด (Witches)",120221597120640260,2026-05-01,inactive,ad,,,,,0,,0,0,,,,,,,,,2026-05-01,2026-05-01
"[03.09.25][มิ้น] จากเล่ม 1 สู่เล่ม 2 (Demons)",120236323500690260,2026-05-01,inactive,ad,,,,,0,,0,0,,,,,,,,,2026-05-01,2026-05-01
"[24.03.25][มิ้น] 5 ข้อคิดที่ได้จากหนังสือ (Gift)",120222717921410260,2026-05-01,inactive,ad,,,,,0,,0,0,,,,,,,,,2026-05-01,2026-05-01
"[01.08.25][มิ้น] ผิดหวังก็สมหวังได้ (Witches)",120234375496690260,2026-05-01,inactive,ad,,,,,0,,0,0,,,,,,,,,2026-05-01,2026-05-01
"[11.02.25][มิ้น] สัมภาษณ์คุณปั๊ม คิ้วต่ำ (Kiwtum)",120221795858640260,2026-05-01,not_delivering,ad,,,,,0,,0,0,,,,,,,,,2026-05-01,2026-05-01
"[03.12.25][มิ้น] เล่มนี้ทำน้ำตาไหลหนักมาก (Ghostly)",120242967730660260,2026-05-01,not_delivering,ad,,,,,0,,0,0,,,,,,,,,2026-05-01,2026-05-01
"[04.02.26][มิ้น] มนุษย์ที่เป็นคนดี (สัมภาษณ์หมอ) (Trap)",120246089872340260,2026-05-01,not_delivering,ad,,,,,0,,0,0,,,,,,,,,2026-05-01,2026-05-01
"[07.03.25][มิ้น] สัมภาษณ์คุณเม เล่มใหม่ล่าสุด (Witches)",120221951385840260,2026-05-01,inactive,ad,,,,,0,,0,0,,,,,,,,,2026-05-01,2026-05-01
"[23.07.25][มิ้น] อ่านแล้วหายเหนื่อย (Tried)",120234552010590260,2026-05-01,not_delivering,ad,,,,,0,,0,0,,,,,,,,,2026-05-01,2026-05-01
"[04.10.24] [มิ้น] ถ้าวันนี้เป็นวันสุดท้าย คุณจะทำอะไร? (Ghost)",120216788294810260,2026-05-01,inactive,ad,,,,,0,,0,0,,,,,,,,,2026-05-01,2026-05-01
"[23.01.26][มิ้น] บางคนตายไป (Ghostly)",120243771709320260,2026-05-01,not_delivering,ad,,,,,0,,0,0,,,,,,,,,2026-05-01,2026-05-01
"[05.03.26][มิ้น] เพราะพรุ่งนี้ที่รออาจจะมาไม่ถึง (Kiwtum)",120247248201540260,2026-05-01,not_delivering,ad,"การซื้อบน Meta",,,,174.58,,2031,1825,,2,87.29,,4,7.04086657,85.95765633,0,2026-05-01,2026-05-01
"[12.02.26][มิ้น] คนดีชอบแบกความคาดหวัง (สัมภาษณ์หมอ) (Trap)",120244268248610260,2026-05-01,not_delivering,ad,,,,,0,,0,0,,,,,,,,,2026-05-01,2026-05-01
"[07.03.25][มิ้น] สัมภาษณ์คุณเม เล่มใหม่ล่าสุด (Witches)",120221521353780260,2026-05-01,inactive,ad,,,,,0,,0,0,,,,,,,,,2026-05-01,2026-05-01
"[02.04.26][มิ้น] อย่าปล่อยให้อีโก้ (Trap)",120246783120900260,2026-05-01,not_delivering,ad,การสนทนาผ่านการส่งข้อความที่เริ่มขึ้น,,,,0,,0,0,,,,,,,,,2026-05-01,2026-05-01
"[04.02.26][มิ้น] มนุษย์ที่เป็นคนดี (สัมภาษณ์หมอ) (Trap)",120245970586480260,2026-05-01,not_delivering,ad,,,,,0,,0,0,,,,,,,,,2026-05-01,2026-05-01
"[10.04.26][มิ้น] ยิ่งใกล้ ยิ่งห่าง (Ghostly)",120246840895590260,2026-05-01,inactive,ad,,,,,0,,0,0,,,,,,,,,2026-05-01,2026-05-01
"[01.03.26][มิ้น] รี stock เล่มลายเซ็นหมอทานตะวัน (สัมภาษณ์หมอ) (Trap) (Cross Page)",120248305790030260,2026-05-01,not_delivering,ad,การสนทนาผ่านการส่งข้อความที่เริ่มขึ้น,,,,0,,0,0,,,,,,,,,2026-05-01,2026-05-01
"[04.02.26][มิ้น] มนุษย์ที่เป็นคนดี (สัมภาษณ์หมอ) (Trap)",120245621858730260,2026-05-01,not_delivering,ad,,,,,0,,0,0,,,,,,,,,2026-05-01,2026-05-01
"[25.04.26][มิ้น] คนที่ควรเปิดเล่มนี้อ่าน (Ghostly)",120247726759070260,2026-05-01,not_delivering,ad,การสนทนาผ่านการส่งข้อความที่เริ่มขึ้น,,,,0,,0,0,,,,,,,,,2026-05-01,2026-05-01
"[04.05.26][มิ้น] ภาวะสิ้นยินดี (Trap)",120248372838920260,2026-05-01,active,ad,การสนทนาผ่านการส่งข้อความที่เริ่มขึ้น,,,,0,,0,0,,,,,,,,,2026-05-01,2026-05-01
"[04.02.26][มิ้น] มนุษย์ที่เป็นคนดี (สัมภาษณ์หมอ) (Trap)",120247171027410260,2026-05-01,not_delivering,ad,,,,,0,,0,0,,,,,,,,,2026-05-01,2026-05-01
"[03.03.26][มิ้น] ไม่เคยร้องไห้กับหนังสือจนมาเจอ 2 เล่มนี้ (Ghostly) (Remains)",120245714120340260,2026-05-01,not_delivering,ad,,,,,0,,0,0,,,,,,,,,2026-05-01,2026-05-01
"[14.03.26][มิ้น] หยุดด่าตัวเอง (Ghostly)",120245712887810260,2026-05-01,not_delivering,ad,,,,,0,,0,0,,,,,,,,,2026-05-01,2026-05-01
"[24.07.25][มิ้น] นี่ไม่ใช่แค่ไพ่ดูดวง (Witches)",120234069021910260,2026-05-01,inactive,ad,,,,,0,,0,0,,,,,,,,,2026-05-01,2026-05-01
"[22.08.25][มิ้น] รีสต็อกแล้ว รีบสั่งก่อนหมด (Ghostly)",120235451685710260,2026-05-01,not_delivering,ad,,,,,0,,0,0,,,,,,,,,2026-05-01,2026-05-01
"[03.09.25][มิ้น] Unboxing New Books (Demons)",120236203658920260,2026-05-01,archived,ad,,,,,0,,0,0,,,,,,,,,2026-05-01,2026-05-01
"[16.10.25][มิ้น] ให้เปิดเล่มนี้เตือนสติ (Remains)",120239982076470260,2026-05-01,inactive,ad,,,,,0,,0,0,,,,,,,,,2026-05-01,2026-05-01
"[20.08.25][มิ้น] ไม่เคยคิดว่าแค่หนังสือเล่มเดียว (Ghostly)",120235312593640260,2026-05-01,not_delivering,ad,,,,,0,,0,0,,,,,,,,,2026-05-01,2026-05-01
"[04.02.26][มิ้น] มนุษย์ที่เป็นคนดี (สัมภาษณ์หมอ) (Trap) (Cross Page)",120244538166870260,2026-05-01,not_delivering,ad,,,,,0,,0,0,,,,,,,,,2026-05-01,2026-05-01
"[03.07.25][มิ้น] 7.7 ซื้อ 2 แถม Me Time (Promotion_DD)",120232210029510260,2026-05-01,not_delivering,ad,,,,,0,,0,0,,,,,,,,,2026-05-01,2026-05-01
"[03.09.25][มิ้น] เล่มใหม่ให้ 1000/100 (Demons)",120235947738760260,2026-05-01,not_delivering,ad,,,,,0,,0,0,,,,,,,,,2026-05-01,2026-05-01
"[22.05.25][มิ้น] จะเป็นยังไง! เมื่อคนที่หมดแพชชัน  ต้องไปเป็นที่ปรึกษาให้เหล่าดวงวิญญาณ (Ghostly)",120232764159380260,2026-05-01,not_delivering,ad,,,,,0,,0,0,,,,,,,,,2026-05-01,2026-05-01
"[03.12.25][มิ้น] เล่มนี้ทำน้ำตาไหลหนักมาก (Ghostly)",120243955438110260,2026-05-01,not_delivering,ad,,,,,0,,0,0,,,,,,,,,2026-05-01,2026-05-01
"[23.01.26][มิ้น] บางคนตายไป (Ghostly)",120243771741700260,2026-05-01,inactive,ad,,,,,0,,0,0,,,,,,,,,2026-05-01,2026-05-01
"[18.09.25][มิ้น] ประโยคจากเล่มโปรด (Witches)",120237333302230260,2026-05-01,inactive,ad,,,,,0,,0,0,,,,,,,,,2026-05-01,2026-05-01
"[04.09.25][มิ้น] บางวันเราอาจก้าวได้ไกล (Tried)",120236240370690260,2026-05-01,not_delivering,ad,,,,,0,,0,0,,,,,,,,,2026-05-01,2026-05-01
"[22.03.26][มิ้น] มีประโยคหนึ่งในหนังสือ (Witches)",120245846930180260,2026-05-01,not_delivering,ad,,,,,0,,0,0,,,,,,,,,2026-05-01,2026-05-01
"[29.01.26][มิ้น] Unboxing หนังสือเล่มแรกของปี 2026 (Trap)",120243468439110260,2026-05-01,not_delivering,ad,,,,,0,,0,0,,,,,,,,,2026-05-01,2026-05-01
"[03.11.25][มิ้น] ครบรอบ 2 ปี (ปีศาจตัวนั้น)",120239856476510260,2026-05-01,not_delivering,ad,,,,,0,,0,0,,,,,,,,,2026-05-01,2026-05-01
"[22.07.25][มิ้น] วันนี้เหนื่อยมากเลยใช่ไหม (Tried)",120233221430500260,2026-05-01,not_delivering,ad,,,,,0,,0,0,,,,,,,,,2026-05-01,2026-05-01
"[19.09.25][มิ้น] จากกระแส 1000/100 (Remains)",120237920752030260,2026-05-01,not_delivering,ad,,,,,0,,0,0,,,,,,,,,2026-05-01,2026-05-01
"[17.02.26][มิ้น] 20 เล่มลายเซ็น (Trap)",120244978181340260,2026-05-01,not_delivering,ad,,,,,0,,0,0,,,,,,,,,2026-05-01,2026-05-01
"[08.08.25][มิ้น] ร้องไห้บนรถไฟฟ้า (Ghostly)",120235868504870260,2026-05-01,not_delivering,ad,,,,,0,,0,0,,,,,,,,,2026-05-01,2026-05-01
"[04.02.26][มิ้น] มนุษย์ที่เป็นคนดี (สัมภาษณ์หมอ) (Trap)",120247171195130260,2026-05-01,not_delivering,ad,,,,,0,,0,0,,,,,,,,,2026-05-01,2026-05-01
"[22.09.25][มิ้น] เล่มใหม่ 1000/100 (Remains)",120238127262670260,2026-05-01,not_delivering,ad,,,,,0,,0,0,,,,,,,,,2026-05-01,2026-05-01
"[04.02.26][มิ้น] หมึกซึม รางวัลนายอินทร์ (Ghostly)",120243959898200260,2026-05-01,not_delivering,ad,,,,,0,,0,0,,,,,,,,,2026-05-01,2026-05-01
"[04.02.26][มิ้น] มนุษย์ที่เป็นคนดี (สัมภาษณ์หมอ) (Trap)",120245621873110260,2026-05-01,not_delivering,ad,,,,,0,,0,0,,,,,,,,,2026-05-01,2026-05-01
"[23.02.26][มิ้น] People Pleaser (Trap)",120244755952650260,2026-05-01,not_delivering,ad,,,,,0,,0,0,,,,,,,,,2026-05-01,2026-05-01
"[21.03.25][มิ้น] สัมภาษณ์คุณบุ๋ม (Gift)",120222451522500260,2026-05-01,inactive,ad,,,,,0,,0,0,,,,,,,,,2026-05-01,2026-05-01
"[25.11.25][มิ้น] เมื่อไหร่ที่คุณเหนื่อย : Tried (E-Book)",120241049511790260,2026-05-01,inactive,ad,,,,,0,,0,0,,,,,,,,,2026-05-01,2026-05-01
"[25.08.25][มิ้น] เราเช็กดวง (Witches)",120235664852760260,2026-05-01,not_delivering,ad,,,,,0,,0,0,,,,,,,,,2026-05-01,2026-05-01
"[22.09.25][มิ้น] เล่มใหม่ 1000/100 (Remains)",120238789463270260,2026-05-01,not_delivering,ad,,,,,0,,0,0,,,,,,,,,2026-05-01,2026-05-01
"[01.10.25][มิ้น] ประโยคที่ชอบจากหนังสือ (ปีศาจตัวนั้น)",120238146195520260,2026-05-01,inactive,ad,,,,,0,,0,0,,,,,,,,,2026-05-01,2026-05-01
"[01.03.25][มิ้น] ชีวิตที่ดี คือชีวิตที่เราเลือกเอง (Kidmakk)",120221328537640260,2026-05-01,inactive,ad,,,,,0,,0,0,,,,,,,,,2026-05-01,2026-05-01
"[06.11.25][มิ้น] บางครั้งความรัก (Remains) (Reels)",120243130056860260,2026-05-01,not_delivering,ad,,,,,0,,0,0,,,,,,,,,2026-05-01,2026-05-01
"[12.11.24] [มิ้น] 2 หนังสือเล่มใหม่ที่ถูกเขียนด้วยน้ำตา แพ็กคู่ 529",120217185554450260,2026-05-01,not_delivering,ad,,,,,0,,0,0,,,,,,,,,2026-05-01,2026-05-01
"[03.12.25][มิ้น] เล่มนี้ทำน้ำตาไหลหนักมาก (Ghostly)",120243413983420260,2026-05-01,inactive,ad,,,,,0,,0,0,,,,,,,,,2026-05-01,2026-05-01
"[06.12.24] [มิ้น] เก็บเงินง่าย ๆ ด้วยกฎ 50 30 20 (Million)",120217605837160260,2026-05-01,inactive,ad,,,,,0,,0,0,,,,,,,,,2026-05-01,2026-05-01
"[03.09.25][มิ้น] Unboxing New Books (Demons)",120235860525370260,2026-05-01,archived,ad,,,,,0,,0,0,,,,,,,,,2026-05-01,2026-05-01
"[05.03.26][มิ้น] เพราะพรุ่งนี้ที่รออาจจะมาไม่ถึง (Kiwtum)",120245847559980260,2026-05-01,inactive,ad,,,,,0,,0,0,,,,,,,,,2026-05-01,2026-05-01
"[21.01.25] [มิ้น] Unboxing หนังสือฮีลใจเล่มใหม่ 2025 (Home)",120218671574180260,2026-05-01,not_delivering,ad,,,,,0,,0,0,,,,,,,,,2026-05-01,2026-05-01
"[10.10.25][มิ้น] หมึกซึมชวนนักอ่าน (Remains)",120238414937420260,2026-05-01,not_delivering,ad,,,,,0,,0,0,,,,,,,,,2026-05-01,2026-05-01
"[02.06.25][มิ้น] รีแอค ขมิ้น (Ghostly)",120239036623230260,2026-05-01,not_delivering,ad,,,,,0,,0,0,,,,,,,,,2026-05-01,2026-05-01
"[29.09.25][มิ้น] 2 เล่มนี้ต่างกันยังไง ตอบเมนต์ (Demons)",120237713336900260,2026-05-01,not_delivering,ad,,,,,0,,0,0,,,,,,,,,2026-05-01,2026-05-01
"[07.03.25][มิ้น] ASMR Unboxing (Witches)",120222333547880260,2026-05-01,not_delivering,ad,,,,,0,,0,0,,,,,,,,,2026-05-01,2026-05-01
"[03.09.25][มิ้น] จากเล่ม 1 สู่เล่ม 2 (Demons)",120236029615300260,2026-05-01,not_delivering,ad,,,,,0,,0,0,,,,,,,,,2026-05-01,2026-05-01
"[06.08.25][มิ้น] วันไหนไม่ไหว แวะมาอ่าน (Tried)",120239970157420260,2026-05-01,inactive,ad,,,,,0,,0,0,,,,,,,,,2026-05-01,2026-05-01
"[08.10.25][มิ้น] Unpack ปีศาจตัวนั้นคือฉันเอง 2 (Demons)",120238434506500260,2026-05-01,not_delivering,ad,,,,,0,,0,0,,,,,,,,,2026-05-01,2026-05-01
"[24.02.25][มิ้น] บทที่ 1 ที่คิ้วต่ำอยากแนะนำ (Kiwtum)",120220867411150260,2026-05-01,inactive,ad,,,,,0,,0,0,,,,,,,,,2026-05-01,2026-05-01
"[07.03.25][มิ้น] สัมภาษณ์คุณเม เล่มใหม่ล่าสุด (Witches)",120221516160110260,2026-05-01,inactive,ad,,,,,0,,0,0,,,,,,,,,2026-05-01,2026-05-01
"[19.02.25][มิ้น] สัมภาษณ์คุณมุก Imminimus 10,000 เล่ม (Embrace)",120220278171480260,2026-05-01,inactive,ad,,,,,0,,0,0,,,,,,,,,2026-05-01,2026-05-01
"[07.03.25][มิ้น] ASMR Unboxing (Witches)",120221824873740260,2026-05-01,not_delivering,ad,,,,,0,,0,0,,,,,,,,,2026-05-01,2026-05-01
"[04.02.26][มิ้น] มนุษย์ที่เป็นคนดี (สัมภาษณ์หมอ) (Trap)",120245055690240260,2026-05-01,not_delivering,ad,,,,,0,,0,0,,,,,,,,,2026-05-01,2026-05-01
"[15.01.25][มิ้น] มนุษย์เป็ด [Capybara_Boxset] (Reels)",120243384052030260,2026-05-01,not_delivering,ad,,,,,0,,0,0,,,,,,,,,2026-05-01,2026-05-01
"[17.03.25][มิ้น] การ์ดอยากบอกอะไรคุณ (Witches)",120222719447320260,2026-05-01,inactive,ad,,,,,0,,0,0,,,,,,,,,2026-05-01,2026-05-01
"[02.06.25][มิ้น] รีแอค ขมิ้น (Ghostly)",120230739977450260,2026-05-01,not_delivering,ad,,,,,0,,0,0,,,,,,,,,2026-05-01,2026-05-01
"[03.09.25][มิ้น] หนังเล่มใหม่ที่อานแล้วน้ำตาซึม (Demons)",120235859410010260,2026-05-01,inactive,ad,,,,,0,,0,0,,,,,,,,,2026-05-01,2026-05-01
"[06.10.25][มิ้น] หนังสือหน้าที่ 48 (Remains)",120237932289560260,2026-05-01,not_delivering,ad,,,,,0,,0,0,,,,,,,,,2026-05-01,2026-05-01
"[27.08.25][มิ้น] หากคุณกำลังเศร้า (Embrace)",120235756036280260,2026-05-01,not_delivering,ad,,,,,0,,0,0,,,,,,,,,2026-05-01,2026-05-01
"[11.02.25][มิ้น] 5 ข้อคิด (Kiwtum)",120219599958120260,2026-05-01,inactive,ad,,,,,0,,0,0,,,,,,,,,2026-05-01,2026-05-01
"[24.07.25][มิ้น] นี่ไม่ใช่แค่ไพ่ดูดวง (Witches)",120234068672490260,2026-05-01,inactive,ad,,,,,0,,0,0,,,,,,,,,2026-05-01,2026-05-01
"[01.08.25][มิ้น] ผิดหวังก็สมหวังได้ (Witches)",120234209163740260,2026-05-01,inactive,ad,,,,,0,,0,0,,,,,,,,,2026-05-01,2026-05-01
"[21.01.25] [มิ้น] 5 ข้อคิด (Home)",120218671600680260,2026-05-01,inactive,ad,,,,,0,,0,0,,,,,,,,,2026-05-01,2026-05-01
"[27.08.25][มิ้น] คลิปนี้มีสปอย (Demons)",120235766559070260,2026-05-01,inactive,ad,,,,,0,,0,0,,,,,,,,,2026-05-01,2026-05-01
"[10.01.25] [มิ้น] Challenge เก็บเงิน 50:30:20 (Full) (Million)",120218485158560260,2026-05-01,inactive,ad,,,,,0,,0,0,,,,,,,,,2026-05-01,2026-05-01
"[28.08.25][มิ้น][Cross Page] ปีศาจอาจไม่ได้เกิดจากข้างนอก (ปีศาจตัวนั้น)",120236241320400260,2026-05-01,not_delivering,ad,,,,,0,,0,0,,,,,,,,,2026-05-01,2026-05-01
"[22.03.26][มิ้น] มีประโยคหนึ่งในหนังสือ (Witches)",120246573533550260,2026-05-01,not_delivering,ad,,,,,0,,0,0,,,,,,,,,2026-05-01,2026-05-01
"[02.04.26][มิ้น] คนใจดีมักถูกเอาเปรียบ (Ghostly)",120246513871500260,2026-05-01,not_delivering,ad,,,,,0,,0,0,,,,,,,,,2026-05-01,2026-05-01
"[03.09.25][มิ้น] อยากให้ทุกคนอ่าน (Ghostly)",120236553839420260,2026-05-01,not_delivering,ad,,,,,0,,0,0,,,,,,,,,2026-05-01,2026-05-01
"[04.12.24] [มิ้น] 5 เทคนิคเก็บเงินง่ายๆ (Million)",120217605591210260,2026-05-01,not_delivering,ad,,,,,0,,0,0,,,,,,,,,2026-05-01,2026-05-01
"[27.02.25][มิ้น] ความรักที่แท้จริงคือความเข้าใจ (Embrace)",120221238278250260,2026-05-01,inactive,ad,,,,,0,,0,0,,,,,,,,,2026-05-01,2026-05-01
"[05.03.26][มิ้น] คลิปสัมภาษณ์ MAY-I ปริมาณของเพื่อนไม่สำคัญเท่าคุณภาพ (Witches)",120245258394130260,2026-05-01,not_delivering,ad,,,,,0,,0,0,,,,,,,,,2026-05-01,2026-05-01
"[22.10.25][มิ้น] เพราะในทุกความเกลียด (Remains)",120239982207040260,2026-05-01,inactive,ad,,,,,0,,0,0,,,,,,,,,2026-05-01,2026-05-01
"[10.07.25][มิ้น] คำพูดฮีลใจสำหรับคนไม่มั่นใจตัวเอง (ปีศาจตัวนั้น)",120232570690400260,2026-05-01,inactive,ad,,,,,0,,0,0,,,,,,,,,2026-05-01,2026-05-01
"[06.08.25][มิ้น] วันไหนไม่ไหว แวะมาอ่าน (Tried)",120234822459660260,2026-05-01,not_delivering,ad,,,,,0,,0,0,,,,,,,,,2026-05-01,2026-05-01
"[23.05.25][มิ้น] Payday May (Promotion_Payday)",120229261671680260,2026-05-01,inactive,ad,,,,,0,,0,0,,,,,,,,,2026-05-01,2026-05-01
"[02.06.25][มิ้น] รีแอค ขมิ้น (Ghostly)",120229868748230260,2026-05-01,inactive,ad,,,,,0,,0,0,,,,,,,,,2026-05-01,2026-05-01
"[13.10.25][มิ้น] น้ำตาคาเบ้า (ปีศาจตัวนั้น)",120238609803190260,2026-05-01,not_delivering,ad,,,,,0,,0,0,,,,,,,,,2026-05-01,2026-05-01
"[03.09.25][มิ้น] เล่มใหม่ให้ 1000/100 (Demons) (QuickReply)",120237327446740260,2026-05-01,not_delivering,ad,,,,,0,,0,0,,,,,,,,,2026-05-01,2026-05-01
"[15.01.25][มิ้น] มนุษย์เป็ด [Capybara_Boxset]",120232769692270260,2026-05-01,not_delivering,ad,,,,,0,,0,0,,,,,,,,,2026-05-01,2026-05-01
"[18.11.25][มิ้น] เจ้าเหมียวเก็บมาเลี้ยง (Ghostly)",120240738499760260,2026-05-01,inactive,ad,,,,,0,,0,0,,,,,,,,,2026-05-01,2026-05-01
"[07.04.25][มิ้น] ครั้งแรกที่เปิดตัวขายที่งานหนังสือ (Gift)",120224920885680260,2026-05-01,inactive,ad,,,,,0,,0,0,,,,,,,,,2026-05-01,2026-05-01
"[22.10.25][มิ้น] เพราะในทุกความเกลียด (Remains)",120239272581790260,2026-05-01,inactive,ad,,,,,0,,0,0,,,,,,,,,2026-05-01,2026-05-01
"[16.10.25][มิ้น] ให้เปิดเล่มนี้เตือนสติ (Remains)",120239050068470260,2026-05-01,not_delivering,ad,,,,,0,,0,0,,,,,,,,,2026-05-01,2026-05-01
"[08.10.25][มิ้น] Unpack ปีศาจตัวนั้นคือฉันเอง 2 (Demons)",120238216572850260,2026-05-01,inactive,ad,,,,,0,,0,0,,,,,,,,,2026-05-01,2026-05-01
"[25.03.25][มิ้น] ประโยคหลังปก คุณปั๊ม (Kiwtum)",120222717658700260,2026-05-01,inactive,ad,,,,,0,,0,0,,,,,,,,,2026-05-01,2026-05-01
"[16.05.25][มิ้น] หนังสือเล่มเดียวทำเอาร้องไห้หนักมาก (ปีศาจตัวนั้น)",120228796865630260,2026-05-01,not_delivering,ad,,,,,0,,0,0,,,,,,,,,2026-05-01,2026-05-01
"[25.04.25][มิ้น] หนังสือที่ทำให้อยากใช้ชีวิตเพื่อตัวเอง (Kiwtum)",120226732180320260,2026-05-01,inactive,ad,,,,,0,,0,0,,,,,,,,,2026-05-01,2026-05-01
"[26.11.24] [มิ้น] เงินเดือนก็พอใช้อยู่แล้ว (ปีศาจการเงิน)",120217325284530260,2026-05-01,not_delivering,ad,,,,,0,,0,0,,,,,,,,,2026-05-01,2026-05-01
"[13.03.25][มิ้น] Mid Month จับคู่ 2 Boxset 990.- (Promotion_MM)",120222074634630260,2026-05-01,inactive,ad,,,,,0,,0,0,,,,,,,,,2026-05-01,2026-05-01
"[19.03.25][มิ้น] สัมภาษณ์คุณปั๊มลายเซ็น (Kiwtum)",120222378663780260,2026-05-01,inactive,ad,,,,,0,,0,0,,,,,,,,,2026-05-01,2026-05-01
"[27.02.25][มิ้น] สัมภาษณ์ความรู้สึกของคุณ เม (ปีศาจตัวนั้น)",120221237169700260,2026-05-01,inactive,ad,,,,,0,,0,0,,,,,,,,,2026-05-01,2026-05-01
"[11.06.25][มิ้น] อยากให้ชาตินี้ได้อ่านเล่มนี้ (ปีศาจตัวนั้น)",120230527729810260,2026-05-01,not_delivering,ad,,,,,0,,0,0,,,,,,,,,2026-05-01,2026-05-01
"[28.02.25][มิ้น] 3.3 ชีเสิร์ฟไม่พัก ซื้อ 3 แถม 1 (Promotion_DD)",120221554787740260,2026-05-01,not_delivering,ad,,,,,0,,0,0,,,,,,,,,2026-05-01,2026-05-01
"[20.11.25][มิ้น] E-Book หนังสือปีศาจ 1 (E-Book)",120241048603330260,2026-05-01,inactive,ad,,,,,0,,0,0,,,,,,,,,2026-05-01,2026-05-01
"[22.05.25][มิ้น] จะเป็นยังไง! เมื่อคนที่หมดแพชชัน  ต้องไปเป็นที่ปรึกษาให้เหล่าดวงวิญญาณ (Ghostly)",120229512013460260,2026-05-01,inactive,ad,,,,,0,,0,0,,,,,,,,,2026-05-01,2026-05-01
"[06.11.25][มิ้น] บางครั้งความรัก (Remains)",120240115682450260,2026-05-01,inactive,ad,,,,,0,,0,0,,,,,,,,,2026-05-01,2026-05-01
"[21.09.24] [มิ้น] คนเราแตกสลายได้กี่ครั้ง",120236629578990260,2026-05-01,not_delivering,ad,,,,,0,,0,0,,,,,,,,,2026-05-01,2026-05-01
"[26.11.24] [มิ้น] 5 สิ่งที่ควรขอบคุณในชีวิต (Life)",120217325180880260,2026-05-01,not_delivering,ad,,,,,0,,0,0,,,,,,,,,2026-05-01,2026-05-01
"[11.02.25][มิ้น] สัมภาษณ์คุณปั๊ม คิ้วต่ำ (Kiwtum)",120220471355880260,2026-05-01,not_delivering,ad,,,,,0,,0,0,,,,,,,,,2026-05-01,2026-05-01
"[27.11.24] [มิ้น] 5 คำเตือนสุดท้ายของชีวิต (Ghost)",120217616555470260,2026-05-01,not_delivering,ad,,,,,0,,0,0,,,,,,,,,2026-05-01,2026-05-01
"[15.10.25][มิ้น] จากใจนักเขียนหมึกซึม  (Remains)",120238717587570260,2026-05-01,inactive,ad,,,,,0,,0,0,,,,,,,,,2026-05-01,2026-05-01
"[24.02.25][มิ้น] 5 เหตุผลที่หนังสือเล่มนี้ควรอยู่ข้างกายคุณ (Home)",120220871823250260,2026-05-01,inactive,ad,,,,,0,,0,0,,,,,,,,,2026-05-01,2026-05-01
"[24.12.25][มิ้น] การ์ดทำนายดวงที่เซอร์ไพรส์ได้ทุกวัน (Witches)",120242558224050260,2026-05-01,not_delivering,ad,,,,,0,,0,0,,,,,,,,,2026-05-01,2026-05-01
"[21.01.25] [มิ้น] Unboxing หนังสือฮีลใจเล่มใหม่ 2025 (Home)",120218670616940260,2026-05-01,not_delivering,ad,,,,,0,,0,0,,,,,,,,,2026-05-01,2026-05-01
"[06.10.25][มิ้น] ฮีลใจแบบ 3000% (Remains)",120237932474290260,2026-05-01,inactive,ad,,,,,0,,0,0,,,,,,,,,2026-05-01,2026-05-01
"[10.04.26][มิ้น] ยิ่งใกล้ ยิ่งห่าง (Ghostly)",120247314684080260,2026-05-01,not_delivering,ad,,,,,0,,0,0,,,,,,,,,2026-05-01,2026-05-01
"[22.10.25][มิ้น] เพราะในทุกความเกลียด (Remains)",120239115352630260,2026-05-01,inactive,ad,,,,,0,,0,0,,,,,,,,,2026-05-01,2026-05-01
"[19.03.25][มิ้น] สัมภาษณ์คุณปั๊มลายเซ็น (Kiwtum)",120222379611820260,2026-05-01,inactive,ad,,,,,0,,0,0,,,,,,,,,2026-05-01,2026-05-01
"[30.10.25][มิ้น] ป้ายยาหนังสือเล่มดัง (ฟิล์ม) (Demons)",120239594515490260,2026-05-01,not_delivering,ad,,,,,0,,0,0,,,,,,,,,2026-05-01,2026-05-01
"[07.03.25][มิ้น] สัมภาษณ์คุณเม เล่มใหม่ล่าสุด (Witches)",120221597207540260,2026-05-01,inactive,ad,,,,,0,,0,0,,,,,,,,,2026-05-01,2026-05-01
"[29.01.26][มิ้น] Unboxing หนังสือเล่มแรกของปี 2026 (Trap)",120243758645700260,2026-05-01,archived,ad,,,,,0,,0,0,,,,,,,,,2026-05-01,2026-05-01
"[29.09.25][มิ้น] เพื่อนที่ดีจะพาก้าวไปข้างหน้า (Demons)",120237713336930260,2026-05-01,not_delivering,ad,,,,,0,,0,0,,,,,,,,,2026-05-01,2026-05-01
"[04.02.26][มิ้น] มนุษย์ที่เป็นคนดี (สัมภาษณ์หมอ) (Trap)",120245068117310260,2026-05-01,not_delivering,ad,,,,,0,,0,0,,,,,,,,,2026-05-01,2026-05-01
"[30.10.25][มิ้น] เปลี่ยนความทุกข์ (Witches)",120239655984020260,2026-05-01,not_delivering,ad,,,,,0,,0,0,,,,,,,,,2026-05-01,2026-05-01
"[07.11.25][มิ้น] เป็นหนังสือรวมประโยค (Tried)",120241248256890260,2026-05-01,not_delivering,ad,,,,,0,,0,0,,,,,,,,,2026-05-01,2026-05-01
"[13.04.26][มิ้น] ทุกคนมีโกฮังเป็นของตัวเอง (Remains)",120247247757880260,2026-05-01,not_delivering,ad,,,,,0,,0,0,,,,,,,,,2026-05-01,2026-05-01
"[01.10.25][มิ้น] Unpack (Ghostly)",120237862638500260,2026-05-01,not_delivering,ad,,,,,0,,0,0,,,,,,,,,2026-05-01,2026-05-01
"[10.05.25][มิ้น] เล่มนี้ทำให้เข้าใจดี (Embrace)",120228491715490260,2026-05-01,inactive,ad,,,,,0,,0,0,,,,,,,,,2026-05-01,2026-05-01
"[27.02.25][มิ้น] สัมภาษณ์ความรู้สึกของคุณ เม (ปีศาจตัวนั้น)",120221237735790260,2026-05-01,inactive,ad,,,,,0,,0,0,,,,,,,,,2026-05-01,2026-05-01
"[11.02.25][มิ้น] สัมภาษณ์คุณปั๊ม คิ้วต่ำ (Kiwtum)",120221293568870260,2026-05-01,inactive,ad,,,,,0,,0,0,,,,,,,,,2026-05-01,2026-05-01
"[27.11.24] [มิ้น] 5 คำเตือนสุดท้ายของชีวิต (Ghost)",120217381104140260,2026-05-01,not_delivering,ad,,,,,0,,0,0,,,,,,,,,2026-05-01,2026-05-01
"[02.04.26][มิ้น] อย่าปล่อยให้อีโก้ (Trap)",120248305952020260,2026-05-01,not_delivering,ad,การสนทนาผ่านการส่งข้อความที่เริ่มขึ้น,,,,0,,0,0,,,,,,,,,2026-05-01,2026-05-01
"[13.06.25][มิ้น] หนังสือที่น่าซื้อที่สุดในปฐพี (Witches)",120230770781750260,2026-05-01,inactive,ad,,,,,0,,0,0,,,,,,,,,2026-05-01,2026-05-01
"[24.03.25][มิ้น] 5 ข้อคิดที่ได้จากหนังสือ (Gift)",120222717776730260,2026-05-01,inactive,ad,,,,,0,,0,0,,,,,,,,,2026-05-01,2026-05-01
"[02.06.25][มิ้น] หมดไฟ (ปีศาจตัวนั้น)",120229838272210260,2026-05-01,not_delivering,ad,,,,,0,,0,0,,,,,,,,,2026-05-01,2026-05-01
"[22.05.25][มิ้น] 5 ข้อคิด (Ghostly)",120229087528180260,2026-05-01,not_delivering,ad,,,,,0,,0,0,,,,,,,,,2026-05-01,2026-05-01
"[07.03.25][มิ้น] สัมภาษณ์คุณเม เล่มใหม่ล่าสุด (Witches)",120221597230070260,2026-05-01,inactive,ad,,,,,0,,0,0,,,,,,,,,2026-05-01,2026-05-01
"[30.04.25][มิ้น] อยากเปลี่ยนงาน อยากลาออก (ปีศาจตัวนั้นคือฉันเอง)",120227278411650260,2026-05-01,not_delivering,ad,,,,,0,,0,0,,,,,,,,,2026-05-01,2026-05-01
"[17.02.26][มิ้น] 20 เล่มลายเซ็น (Trap)",120245622471320260,2026-05-01,not_delivering,ad,,,,,0,,0,0,,,,,,,,,2026-05-01,2026-05-01
"[13.12.25][มิ้น] เคยคิดว่ายังมีเวลามากพอ (Remains)",120242011084290260,2026-05-01,inactive,ad,,,,,0,,0,0,,,,,,,,,2026-05-01,2026-05-01
"[07.03.25][มิ้น] ASMR Unboxing (Witches)",120221521353770260,2026-05-01,not_delivering,ad,,,,,0,,0,0,,,,,,,,,2026-05-01,2026-05-01
"[04.02.26][มิ้น] มนุษย์ที่เป็นคนดี (สัมภาษณ์หมอ) (Trap)",120246310168160260,2026-05-01,not_delivering,ad,,,,,0,,0,0,,,,,,,,,2026-05-01,2026-05-01
"[11.04.26][มิ้น] สงกรานต์โจ๊ะโจ๊ะ! โละราคาเดียว (Promotion)",120247265985080260,2026-05-01,not_delivering,ad,,,,,0,,0,0,,,,,,,,,2026-05-01,2026-05-01
"[23.10.24] [มิ้น] โดนตกจากประโยคหลังปก (Life)",120216907386010260,2026-05-01,inactive,ad,,,,,0,,0,0,,,,,,,,,2026-05-01,2026-05-01
"[16.11.24] [มิ้น] กลัวผิดพลาดจนไม่ลงมือทำอะไรเลย (Ghost)",120217078848640260,2026-05-01,not_delivering,ad,,,,,0,,0,0,,,,,,,,,2026-05-01,2026-05-01
"[21.09.24] [มิ้น] คนเราแตกสลายได้กี่ครั้ง",120215869012010260,2026-05-01,inactive,ad,,,,,0,,0,0,,,,,,,,,2026-05-01,2026-05-01
"[19.06.25][มิ้น] หลายคนมักกลัวการเปลี่ยนแปลง (Witches)",120231261912240260,2026-05-01,inactive,ad,,,,,0,,0,0,,,,,,,,,2026-05-01,2026-05-01
"[02.04.26][มิ้น] อย่าปล่อยให้อีโก้ (Trap)",120247715824820260,2026-05-01,not_delivering,ad,การสนทนาผ่านการส่งข้อความที่เริ่มขึ้น,,,,0,,0,0,,,,,,,,,2026-05-01,2026-05-01
"[21.03.25][มิ้น] สัมภาษณ์คุณบุ๋ม (Gift)",120222458210780260,2026-05-01,inactive,ad,,,,,0,,0,0,,,,,,,,,2026-05-01,2026-05-01
"[02.06.25][มิ้น] รีแอค ขมิ้น (Ghostly)",120231947086230260,2026-05-01,inactive,ad,,,,,0,,0,0,,,,,,,,,2026-05-01,2026-05-01
"[24.07.25][มิ้น] ฝนตกแบบนี้ยังมีไปรษณีย์มาส่ง (Ghostly)",120233476156930260,2026-05-01,inactive,ad,,,,,0,,0,0,,,,,,,,,2026-05-01,2026-05-01
"[05.04.26][มิ้น] ก่อนที่คนเราจะตาย (Ghostly)",120246835244850260,2026-05-01,inactive,ad,,,,,0,,0,0,,,,,,,,,2026-05-01,2026-05-01
"[30.04.26][มิ้น] โรคจิตหลงผิด Delusional Disorder (Trap)",120248154802020260,2026-05-01,not_delivering,ad,การสนทนาผ่านการส่งข้อความที่เริ่มขึ้น,1,224.77,339,224.77,1.50820839,1373,1173,1,1,224.77,2,8,8.30298616,163.70721049,1,2026-05-01,2026-05-01
"[26.01.26][มิ้น] หนังสือที่ได้ไปต่อในปี 2026 (Remains)",120243886643320260,2026-05-01,not_delivering,ad,,,,,0,,0,0,,,,,,,,,2026-05-01,2026-05-01
"[11.02.25][มิ้น] ประโยคจากคุณปั๊ม คิ้วต่ำ (Kiwtum)",120219733237070260,2026-05-01,inactive,ad,,,,,0,,0,0,,,,,,,,,2026-05-01,2026-05-01
"[03.09.25][มิ้น] จากเล่ม 1 สู่เล่ม 2 (Demons)",120236358913760260,2026-05-01,not_delivering,ad,,,,,0,,0,0,,,,,,,,,2026-05-01,2026-05-01
"[25.03.35][มิ้น] ประโยคหลังปก (Gift)",120222719754410260,2026-05-01,inactive,ad,,,,,0,,0,0,,,,,,,,,2026-05-01,2026-05-01
"[16.01.25] [มิ้น] รวม 5 ข้อที่ First Jobber มักพลาด (ภาษี) (Million)",120218635543020260,2026-05-01,not_delivering,ad,,,,,0,,0,0,,,,,,,,,2026-05-01,2026-05-01
"[27.04.26][มิ้น] แค่หนังสือComic ทำไมอ่านแล้วร้องไห้ (Ghostly)",120247726893000260,2026-05-01,not_delivering,ad,การสนทนาผ่านการส่งข้อความที่เริ่มขึ้น,,,,0,,0,0,,,,,,,,,2026-05-01,2026-05-01
"[03.09.25][มิ้น] หนังเล่มใหม่ที่อานแล้วน้ำตาซึม (Demons)",120239587160390260,2026-05-01,not_delivering,ad,,,,,0,,0,0,,,,,,,,,2026-05-01,2026-05-01
"[21.01.25] [มิ้น] 5 ข้อคิด (Home)",120218671476860260,2026-05-01,inactive,ad,,,,,0,,0,0,,,,,,,,,2026-05-01,2026-05-01
"[07.03.25][มิ้น] สัมภาษณ์คุณเม เล่มใหม่ล่าสุด (Witches)",120221824873750260,2026-05-01,not_delivering,ad,,,,,0,,0,0,,,,,,,,,2026-05-01,2026-05-01
"[11.02.25][มิ้น] ประโยคหลังปก (Kiwtum)",120220255029140260,2026-05-01,not_delivering,ad,,,,,0,,0,0,,,,,,,,,2026-05-01,2026-05-01
"[04.02.26][มิ้น] มนุษย์ที่เป็นคนดี (สัมภาษณ์หมอ) (Trap)",120246513144690260,2026-05-01,not_delivering,ad,การสนทนาผ่านการส่งข้อความที่เริ่มขึ้น,,,,0,,0,0,,,,,,,,,2026-05-01,2026-05-01
"[22.05.25][มิ้น] จะเป็นยังไง! เมื่อคนที่หมดแพชชัน  ต้องไปเป็นที่ปรึกษาให้เหล่าดวงวิญญาณ (Ghostly)",120229084387010260,2026-05-01,not_delivering,ad,,,,,0,,0,0,,,,,,,,,2026-05-01,2026-05-01
"[28.02.25][มิ้น] 3.3 ชีเสิร์ฟไม่พัก ซื้อ 3 แถม 1 (Promotion_DD)",120221295539050260,2026-05-01,not_delivering,ad,,,,,0,,0,0,,,,,,,,,2026-05-01,2026-05-01
"[02.04.26][มิ้น] อย่าปล่อยให้อีโก้ (Trap)",120248305843250260,2026-05-01,not_delivering,ad,การสนทนาผ่านการส่งข้อความที่เริ่มขึ้น,,,,0,,0,0,,,,,,,,,2026-05-01,2026-05-01
"[16.01.25][VDO][มิ้น][Garden_เล่มเดี่ยว] ความรักกับดอกไม้",120220348271840260,2026-05-01,archived,ad,,,,,0,,0,0,,,,,,,,,2026-05-01,2026-05-01
"[11.02.25][มิ้น] ประโยคจากคุณปั๊ม คิ้วต่ำ (Kiwtum)",120219834378450260,2026-05-01,inactive,ad,,,,,0,,0,0,,,,,,,,,2026-05-01,2026-05-01
"[09.11.24] [มิ้น] เราทุกคนต่างไม่มีใครสมบูรณ์แบบ (โอบกอด)",120217324834710260,2026-05-01,inactive,ad,,,,,0,,0,0,,,,,,,,,2026-05-01,2026-05-01
"[02.06.25][มิ้น] รีแอค ขมิ้น (Ghostly)",120230942219970260,2026-05-01,archived,ad,,,,,0,,0,0,,,,,,,,,2026-05-01,2026-05-01
"[29.01.26][มิ้น] Unboxing หนังสือเล่มแรกของปี 2026 (Trap)",120243758750890260,2026-05-01,not_delivering,ad,,,,,0,,0,0,,,,,,,,,2026-05-01,2026-05-01
"[21.01.25] [มิ้น] Unboxing หนังสือฮีลใจเล่มใหม่ 2025 (Home)",120218671519900260,2026-05-01,not_delivering,ad,,,,,0,,0,0,,,,,,,,,2026-05-01,2026-05-01
"[03.09.25][มิ้น] Unboxing New Books (Demons)",120236620453230260,2026-05-01,inactive,ad,,,,,0,,0,0,,,,,,,,,2026-05-01,2026-05-01
"[01.03.26][มิ้น] รี stock เล่มลายเซ็นหมอทานตะวัน (สัมภาษณ์หมอ) (Trap) (Cross Page)",120245623701960260,2026-05-01,not_delivering,ad,,,,,0,,0,0,,,,,,,,,2026-05-01,2026-05-01
"[07.01.25] [มิ้น] ปีใหม่นี้ หนังสือเล่มนี้อยากบอกคุณว่า… (Embrace)",120218402706400260,2026-05-01,inactive,ad,,,,,0,,0,0,,,,,,,,,2026-05-01,2026-05-01
"[07.03.25][มิ้น] สัมภาษณ์คุณเม เล่มใหม่ล่าสุด (Witches)",120232771443060260,2026-05-01,not_delivering,ad,,,,,0,,0,0,,,,,,,,,2026-05-01,2026-05-01
"[13.05.25][มิ้น] ปัญหาเหล่านี้จะหายไป (Witches)",120228625207250260,2026-05-01,inactive,ad,,,,,0,,0,0,,,,,,,,,2026-05-01,2026-05-01
"[22.07.25][มิ้น] 5 สัญญาณที่บอกว่าเราเครียด (Tried)",120233223021590260,2026-05-01,inactive,ad,,,,,0,,0,0,,,,,,,,,2026-05-01,2026-05-01
"[10.12.25][มิ้น] 12.12 : ซื้อ 3 เล่ม ลด 120.- (Promotion)",120241897911630260,2026-05-01,inactive,ad,,,,,0,,0,0,,,,,,,,,2026-05-01,2026-05-01
"[05.03.26][มิ้น] เพราะพรุ่งนี้ที่รออาจจะมาไม่ถึง (Kiwtum)",120247435175710260,2026-05-01,not_delivering,ad,,,,,0,,0,0,,,,,,,,,2026-05-01,2026-05-01
"[02.01.25] [มิ้น] หนังสือฮีลใจเล่มใหม่ (Kidmakk)",120218298889840260,2026-05-01,not_delivering,ad,,,,,0,,0,0,,,,,,,,,2026-05-01,2026-05-01
"[07.03.25][มิ้น] สัมภาษณ์คุณเม เล่มใหม่ล่าสุด (Witches)",120221521450000260,2026-05-01,inactive,ad,,,,,0,,0,0,,,,,,,,,2026-05-01,2026-05-01
"[11.02.25][มิ้น] ประโยคหลังปก (Kiwtum)",120219733072000260,2026-05-01,not_delivering,ad,,,,,0,,0,0,,,,,,,,,2026-05-01,2026-05-01
"[03.09.25][มิ้น] อยากให้ทุกคนอ่าน (Ghostly)",120236197834750260,2026-05-01,not_delivering,ad,,,,,0,,0,0,,,,,,,,,2026-05-01,2026-05-01
"[21.09.24] [มิ้น] คนเราแตกสลายได้กี่ครั้ง",120215811865840260,2026-05-01,not_delivering,ad,,,,,0,,0,0,,,,,,,,,2026-05-01,2026-05-01
"[01.07.25][มิ้น] คลิปนี้ขอแนะนำตัวละคร (Ghostly)",120232037875440260,2026-05-01,inactive,ad,,,,,0,,0,0,,,,,,,,,2026-05-01,2026-05-01
"[12.03.25] [มิ้น] บทที่นักอ่านไม่ควรพลาด (Witches)",120222661759820260,2026-05-01,inactive,ad,,,,,0,,0,0,,,,,,,,,2026-05-01,2026-05-01
"[22.10.25][มิ้น] ประโยคฮีลใจ (Tried) (Reels)",120243124594870260,2026-05-01,not_delivering,ad,,,,,0,,0,0,,,,,,,,,2026-05-01,2026-05-01
"[23.01.26][มิ้น] บางคนตายไป (Ghostly)",120243666637270260,2026-05-01,not_delivering,ad,,,,,0,,0,0,,,,,,,,,2026-05-01,2026-05-01
"[20.01.25][Garden_Boxset][มิ้น][VDO] 5 ประโยคปลดล็อค",120219201677710260,2026-05-01,inactive,ad,,,,,0,,0,0,,,,,,,,,2026-05-01,2026-05-01
"[03.03.26][มิ้น] ไม่เคยร้องไห้กับหนังสือจนมาเจอ 2 เล่มนี้ (Ghostly) (Remains)",120245558401800260,2026-05-01,not_delivering,ad,,,,,0,,0,0,,,,,,,,,2026-05-01,2026-05-01
"[11.02.25][มิ้น] สัมภาษณ์คุณปั๊ม คิ้วต่ำ (Kiwtum)",120220181850070260,2026-05-01,not_delivering,ad,,,,,0,,0,0,,,,,,,,,2026-05-01,2026-05-01
"[29.10.25][มิ้น] 2 หนังสือเรียกน้ำตา (Remains)",120240292098370260,2026-05-01,not_delivering,ad,,,,,0,,0,0,,,,,,,,,2026-05-01,2026-05-01
"[21.01.25] [มิ้น] 5 ข้อคิด (Home)",120218671574160260,2026-05-01,inactive,ad,,,,,0,,0,0,,,,,,,,,2026-05-01,2026-05-01
"[03.09.25][มิ้น] หนังเล่มใหม่ที่อานแล้วน้ำตาซึม (Demons)",120240179530950260,2026-05-01,not_delivering,ad,,,,,0,,0,0,,,,,,,,,2026-05-01,2026-05-01
"[24.12.24] [มิ้น] 2 หนังสือฮีลใจเติมพลังงานบวก โอบกอด+ปูปรุง (Promotion_Pack)",120218111536070260,2026-05-01,not_delivering,ad,,,,,0,,0,0,,,,,,,,,2026-05-01,2026-05-01
"[27.11.24] [มิ้น] 5 คำเตือนสุดท้ายของชีวิต (Ghost)",120217406488970260,2026-05-01,inactive,ad,,,,,0,,0,0,,,,,,,,,2026-05-01,2026-05-01
"[03.03.26][มิ้น] ไม่เคยร้องไห้กับหนังสือจนมาเจอ 2 เล่มนี้ (Ghostly) (Remains)",120246033694120260,2026-05-01,not_delivering,ad,,,,,0,,0,0,,,,,,,,,2026-05-01,2026-05-01
"[11.02.25][มิ้น] ประโยคหลังปก (Kiwtum)",120219598806910260,2026-05-01,inactive,ad,,,,,0,,0,0,,,,,,,,,2026-05-01,2026-05-01
"[03.09.25][มิ้น] Unboxing New Books (Demons)",120236022831750260,2026-05-01,inactive,ad,,,,,0,,0,0,,,,,,,,,2026-05-01,2026-05-01
"[07.03.25][มิ้น] สัมภาษณ์คุณเม เล่มใหม่ล่าสุด (Witches) - Copy",120222333463880260,2026-05-01,archived,ad,,,,,0,,0,0,,,,,,,,,2026-05-01,2026-05-01
"[16.01.25][VDO][มิ้น][Garden_เล่มเดี่ยว] ความรักกับดอกไม้",120218618073040260,2026-05-01,archived,ad,,,,,0,,0,0,,,,,,,,,2026-05-01,2026-05-01
"[10.12.24] [มิ้น] 12.12 แจกสุขส่งท้ายปี",120217673505020260,2026-05-01,not_delivering,ad,,,,,0,,0,0,,,,,,,,,2026-05-01,2026-05-01
"[22.08.25][มิ้น] 3 เหตุผล ที่ต้องอ่าน (Ghostly)",120235434335210260,2026-05-01,inactive,ad,,,,,0,,0,0,,,,,,,,,2026-05-01,2026-05-01
"[21.05.25][มิ้น] หนังสือที่ว่าฮีลใจแล้ว… (Witches)",120229053852360260,2026-05-01,inactive,ad,,,,,0,,0,0,,,,,,,,,2026-05-01,2026-05-01
"[07.10.25][มิ้น] ชอบคนใจดี (Ghostly)",120238157459810260,2026-05-01,not_delivering,ad,,,,,0,,0,0,,,,,,,,,2026-05-01,2026-05-01
"[04.12.24] [มิ้น] 5 เทคนิคเก็บเงินง่ายๆ (Million)",120217524646090260,2026-05-01,inactive,ad,,,,,0,,0,0,,,,,,,,,2026-05-01,2026-05-01
"[23.07.25][มิ้น] อ่านแล้วหายเหนื่อย (Tried)",120234551239630260,2026-05-01,archived,ad,,,,,0,,0,0,,,,,,,,,2026-05-01,2026-05-01
"[23.07.25][มิ้น] อ่านแล้วหายเหนื่อย (Tried)",120233366050410260,2026-05-01,not_delivering,ad,,,,,0,,0,0,,,,,,,,,2026-05-01,2026-05-01
"[02.06.25][มิ้น] แนะนำหนังสือที่อยากให้อ่านสักครั้ง (ปีศาจตัวนั้น)",120231185859070260,2026-05-01,not_delivering,ad,,,,,0,,0,0,,,,,,,,,2026-05-01,2026-05-01
"[10.05.25][มิ้น] Mid Month May (Promotion_MM)",120228505397720260,2026-05-01,inactive,ad,,,,,0,,0,0,,,,,,,,,2026-05-01,2026-05-01
"[21.09.24] [มิ้น] คนเราแตกสลายได้กี่ครั้ง",120217502579200260,2026-05-01,not_delivering,ad,,,,,0,,0,0,,,,,,,,,2026-05-01,2026-05-01
"[17.02.26][มิ้น] 20 เล่มลายเซ็น (Trap)",120244476208200260,2026-05-01,not_delivering,ad,,,,,0,,0,0,,,,,,,,,2026-05-01,2026-05-01
"[04.02.26][มิ้น] มนุษย์ที่เป็นคนดี (สัมภาษณ์หมอ) (Trap)",120244058045800260,2026-05-01,inactive,ad,,,,,0,,0,0,,,,,,,,,2026-05-01,2026-05-01
"[22.10.25][มิ้น] เพราะในทุกความเกลียด (Remains)",120240664237140260,2026-05-01,inactive,ad,,,,,0,,0,0,,,,,,,,,2026-05-01,2026-05-01
"[10.12.25][มิ้น] 12.12 : ซื้อ 3 เล่ม ลด 120.- (Promotion)",120241897956440260,2026-05-01,inactive,ad,,,,,0,,0,0,,,,,,,,,2026-05-01,2026-05-01
"[22.10.25][มิ้น] ประโยคฮีลใจ (Tried)",120239442615680260,2026-05-01,not_delivering,ad,,,,,0,,0,0,,,,,,,,,2026-05-01,2026-05-01
"[16.07.25][มิ้น] แด่ความโดดเดี่ยว (Ghostly)",120235359067140260,2026-05-01,archived,ad,,,,,0,,0,0,,,,,,,,,2026-05-01,2026-05-01
"[01.10.25][มิ้น] Unpack (Ghostly)",120238805818410260,2026-05-01,not_delivering,ad,,,,,0,,0,0,,,,,,,,,2026-05-01,2026-05-01
"[25.04.26][มิ้น] ถ้าอยากเสียน้ำตาต้องอ่านเล่มนี้ (Remains)",120247725788100260,2026-05-01,not_delivering,ad,,,,,0,,0,0,,,,,,,,,2026-05-01,2026-05-01
"[03.09.25][มิ้น] หนังเล่มใหม่ที่อานแล้วน้ำตาซึม (Demons)",120235861558080260,2026-05-01,not_delivering,ad,,,,,0,,0,0,,,,,,,,,2026-05-01,2026-05-01
"[01.10.25][มิ้น] Unpack (Ghostly)",120238530673050260,2026-05-01,not_delivering,ad,,,,,0,,0,0,,,,,,,,,2026-05-01,2026-05-01
"[04.09.25][มิ้น] บางวันเราอาจก้าวได้ไกล (Tried)",120236547470310260,2026-05-01,inactive,ad,,,,,0,,0,0,,,,,,,,,2026-05-01,2026-05-01
"[06.11.25][มิ้น] บางครั้งความรัก (Remains)",120239980067690260,2026-05-01,not_delivering,ad,,,,,0,,0,0,,,,,,,,,2026-05-01,2026-05-01
"[01.05.26][มิ้น] รีสต็อกเล่มลายเซ็นหมอทานตะวัน (Trap)",120248306461020260,2026-05-01,active,ad,การสนทนาผ่านการส่งข้อความที่เริ่มขึ้น,,,,0,,0,0,,,,,,,,,2026-05-01,2026-05-01
"[16.01.25][VDO][มิ้น][Garden_เล่มเดี่ยว] ความรักกับดอกไม้",120220348271880260,2026-05-01,archived,ad,,,,,0,,0,0,,,,,,,,,2026-05-01,2026-05-01
"[24.12.25][มิ้น] ดวงสมพงษ์กัน (Witches)",120243129386480260,2026-05-01,inactive,ad,,,,,0,,0,0,,,,,,,,,2026-05-01,2026-05-01
"[22.10.25][มิ้น] ทำไมซื้อเล่มนี้ (Remains)",120239116794170260,2026-05-01,not_delivering,ad,,,,,0,,0,0,,,,,,,,,2026-05-01,2026-05-01
"[24.07.25][มิ้น] นี่ไม่ใช่แค่ไพ่ดูดวง (Witches)",120233469566100260,2026-05-01,inactive,ad,,,,,0,,0,0,,,,,,,,,2026-05-01,2026-05-01
"[21.09.24] [มิ้น] คนเราแตกสลายได้กี่ครั้ง",120215811964180260,2026-05-01,inactive,ad,,,,,0,,0,0,,,,,,,,,2026-05-01,2026-05-01
"[04.03.26][มิ้น] แม่อยากให้ลูกมั่นคง (Remains)",120245371158160260,2026-05-01,not_delivering,ad,,,,,0,,0,0,,,,,,,,,2026-05-01,2026-05-01
"[23.01.26][มิ้น] หนังสือที่อยากให้อ่าน 2026 (Ghostly) (Reels)",120243521619520260,2026-05-01,not_delivering,ad,,,,,0,,0,0,,,,,,,,,2026-05-01,2026-05-01
"[23.10.24] [มิ้น] โดนตกจากประโยคหลังปก (Life)",120216631343170260,2026-05-01,inactive,ad,,,,,0,,0,0,,,,,,,,,2026-05-01,2026-05-01
"[03.12.25][มิ้น] การ์ดทำนายดวงรายวัน (Witches)",120241544731310260,2026-05-01,inactive,ad,,,,,0,,0,0,,,,,,,,,2026-05-01,2026-05-01
"[03.09.25][มิ้น] อยากให้ทุกคนอ่าน (Ghostly)",120236576484150260,2026-05-01,not_delivering,ad,,,,,0,,0,0,,,,,,,,,2026-05-01,2026-05-01
"[23.01.26][มิ้น] ถ้านี่ไม่ใช่ของแถมที่เยอะที่สุด (Witches)",120243521984830260,2026-05-01,inactive,ad,,,,,0,,0,0,,,,,,,,,2026-05-01,2026-05-01
"[19.11.24] [มิ้น] เพราะส่วนลึกที่สุดของทะเล (โอบกอด)",120218860247850260,2026-05-01,not_delivering,ad,,,,,0,,0,0,,,,,,,,,2026-05-01,2026-05-01
"[02.04.26][มิ้น] คนใจดีมักถูกเอาเปรียบ (Ghostly)",120246687598080260,2026-05-01,inactive,ad,,,,,0,,0,0,,,,,,,,,2026-05-01,2026-05-01
"[29.09.25][มิ้น] เพื่อนที่ดีจะพาก้าวไปข้างหน้า (Demons)",120238217979230260,2026-05-01,inactive,ad,,,,,0,,0,0,,,,,,,,,2026-05-01,2026-05-01
"[22.03.26][มิ้น] มีประโยคหนึ่งในหนังสือ (Witches)",120247248528550260,2026-05-01,inactive,ad,การสนทนาผ่านการส่งข้อความที่เริ่มขึ้น,,,,0,,0,0,,,,,,,,,2026-05-01,2026-05-01
"[26.04.25][มิ้น] ยอดขาย 10,000 เล่ม (Witches)",120226857917140260,2026-05-01,inactive,ad,,,,,0,,0,0,,,,,,,,,2026-05-01,2026-05-01
"[19.10.25][มิ้น] สัมภาษณ์ลูกค้า ปีศาจ 1,2 (ปีศาจตัวนั้น) (Demon)",120238953328730260,2026-05-01,not_delivering,ad,,,,,0,,0,0,,,,,,,,,2026-05-01,2026-05-01
"[25.07.25][ขมิ้น] Podcast EP.3 ความฝัน (Ghostly)",120233556176910260,2026-05-01,inactive,ad,,,,,0,,0,0,,,,,,,,,2026-05-01,2026-05-01
"[04.05.26][มิ้น] problem solving skills (มนุษย์ต่างวัย) (Trap)",120248372913720260,2026-05-01,not_delivering,ad,การสนทนาผ่านการส่งข้อความที่เริ่มขึ้น,,,,0,,0,0,,,,,,,,,2026-05-01,2026-05-01
"[22.02.25][มิ้น] 5 เทคนิค Manifest (Million)",120232767096980260,2026-05-01,not_delivering,ad,,,,,0,,0,0,,,,,,,,,2026-05-01,2026-05-01
"[09.07.25][มิ้น] รีวิวไม่อวย 8/10 (Ghostly)",120233369285330260,2026-05-01,inactive,ad,,,,,0,,0,0,,,,,,,,,2026-05-01,2026-05-01
"[06.12.24] [มิ้น] เก็บเงินง่าย ๆ ด้วยกฎ 50 30 20 (Million)",120217605794000260,2026-05-01,inactive,ad,,,,,0,,0,0,,,,,,,,,2026-05-01,2026-05-01
"[03.12.25][มิ้น] เล่มนี้เหมาะกับใคร (Ghostly)",120241546704510260,2026-05-01,inactive,ad,,,,,0,,0,0,,,,,,,,,2026-05-01,2026-05-01
"[12.08.25][มิ้น] ประโยคนี้โคตรจริง (Witches)",120235691581580260,2026-05-01,not_delivering,ad,,,,,0,,0,0,,,,,,,,,2026-05-01,2026-05-01
"[25.03.26][มิ้น] สัมภาษณ์คุณหมึกซึมเชิญชวนมาบูธ (Ghostly)",120246086802200260,2026-05-01,not_delivering,ad,,,,,0,,0,0,,,,,,,,,2026-05-01,2026-05-01
"[01.05.26][มิ้น] รีสต็อกเล่มลายเซ็นหมอทานตะวัน (Trap)",120248169760600260,2026-05-01,active,ad,การสนทนาผ่านการส่งข้อความที่เริ่มขึ้น,,,,148.29,,1137,925,,,,,1,1.75901495,130.42216359,,2026-05-01,2026-05-01
"[03.12.25][มิ้น] ประโยคนี้โคตรทัชใจ (Remains)",120241545825520260,2026-05-01,inactive,ad,,,,,0,,0,0,,,,,,,,,2026-05-01,2026-05-01
"[23.07.25][มิ้น] อ่านแล้วหายเหนื่อย (Tried)",120240096578280260,2026-05-01,not_delivering,ad,,,,,0,,0,0,,,,,,,,,2026-05-01,2026-05-01
"[27.04.26][มิ้น] Love-Hate Relationship (Remains)",120247726512400260,2026-05-01,not_delivering,ad,การสนทนาผ่านการส่งข้อความที่เริ่มขึ้น,,,,0,,0,0,,,,,,,,,2026-05-01,2026-05-01
"[16.01.26][มิ้น] แนะนำหนังสือฟีลเพื่อน (Witches)",120243289256620260,2026-05-01,inactive,ad,,,,,0,,0,0,,,,,,,,,2026-05-01,2026-05-01
"[19.02.25][มิ้น] 5 ประโยค เปลี่ยนชีวิต (Kidmakk) (Reels)",120243182503030260,2026-05-01,not_delivering,ad,,,,,0,,0,0,,,,,,,,,2026-05-01,2026-05-01
"[09.10.14] [มิ้น] แด่รักข้างเดียว (โอบกอด)",120216147613940260,2026-05-01,inactive,ad,,,,,0,,0,0,,,,,,,,,2026-05-01,2026-05-01
"[13.11.25][มิ้น] การนอกใจไม่ใช่เรื่องปกติ (Demons)",120240436553760260,2026-05-01,inactive,ad,,,,,0,,0,0,,,,,,,,,2026-05-01,2026-05-01
"[03.03.26][มิ้น] ไม่เคยร้องไห้กับหนังสือจนมาเจอ 2 เล่มนี้ (Ghostly) (Remains)",120246203707580260,2026-05-01,not_delivering,ad,,,,,0,,0,0,,,,,,,,,2026-05-01,2026-05-01
"[11.02.25][มิ้น] ฮีลใจเลิฟเวอร์ (Promotion_MM)",120219754711910260,2026-05-01,not_delivering,ad,,,,,0,,0,0,,,,,,,,,2026-05-01,2026-05-01
"[22.03.26][มิ้น] มีประโยคหนึ่งในหนังสือ (Witches)",120246034511960260,2026-05-01,not_delivering,ad,,,,,0,,0,0,,,,,,,,,2026-05-01,2026-05-01
"[01.03.26][มิ้น] รี stock เล่มลายเซ็นหมอทานตะวัน (สัมภาษณ์หมอ) (Trap)",120245068180810260,2026-05-01,not_delivering,ad,,,,,0,,0,0,,,,,,,,,2026-05-01,2026-05-01
"[22.05.25][มิ้น] 5 ข้อคิด (Ghostly)",120229092082940260,2026-05-01,inactive,ad,,,,,0,,0,0,,,,,,,,,2026-05-01,2026-05-01
"[17.03.25][มิ้น] การ์ดอยากบอกอะไรคุณ (Witches)",120222421805100260,2026-05-01,not_delivering,ad,,,,,0,,0,0,,,,,,,,,2026-05-01,2026-05-01
"[29.10.25][มิ้น] 2 หนังสือเรียกน้ำตา (Remains)",120243923495490260,2026-05-01,not_delivering,ad,,,,,0,,0,0,,,,,,,,,2026-05-01,2026-05-01
"[11.02.25][มิ้น] ประโยคหลังปก (Kiwtum)",120219598935850260,2026-05-01,not_delivering,ad,,,,,0,,0,0,,,,,,,,,2026-05-01,2026-05-01
"[12.01.26][มิ้น] โปรโมท Live 14/1/2569 (Live) (Reels)",120243146458110260,2026-05-01,not_delivering,ad,,,,,0,,0,0,,,,,,,,,2026-05-01,2026-05-01
"[01.03.26][มิ้น] รี stock เล่มลายเซ็นหมอทานตะวัน (สัมภาษณ์หมอ) (Trap) (Cross Page)",120245088945840260,2026-05-01,active,ad,การสนทนาผ่านการส่งข้อความที่เริ่มขึ้น,1,186.28,,186.28,,2312,2016,,1,186.28,,10,1.73010381,80.57093426,0,2026-05-01,2026-05-01
"[23.07.25][มิ้น] อ่านแล้วหายเหนื่อย (Tried)",120245837637310260,2026-05-01,not_delivering,ad,,,,,0,,0,0,,,,,,,,,2026-05-01,2026-05-01
"[11.02.25][มิ้น] ฮีลใจเลิฟเวอร์ (Promotion_MM)",120219754457840260,2026-05-01,not_delivering,ad,,,,,0,,0,0,,,,,,,,,2026-05-01,2026-05-01
"[29.04.26][มิ้น] โรคนอนไม่หลับ Insomnia (Trap)",120248075180200260,2026-05-01,not_delivering,ad,การสนทนาผ่านการส่งข้อความที่เริ่มขึ้น,,,,221.67,,1371,1236,,,,,6,2.40700219,161.68490153,,2026-05-01,2026-05-01
"[03.12.25][มิ้น] น้ำตาซึมไปหลายวัน (Remains)",120242966265870260,2026-05-01,inactive,ad,,,,,0,,0,0,,,,,,,,,2026-05-01,2026-05-01
"[22.05.25][มิ้น] หนังสือใหม่ออกมาอีกละ!!! (Ghostly)",120229378339080260,2026-05-01,inactive,ad,,,,,0,,0,0,,,,,,,,,2026-05-01,2026-05-01
"[17.07.25] [ขมิ้น] Podcast ความสัมพันธ์ Toxic (Ghostly)",120232924603800260,2026-05-01,not_delivering,ad,,,,,0,,0,0,,,,,,,,,2026-05-01,2026-05-01
"[25.03.35][มิ้น] ประโยคหลังปก (Gift) (Reels)",120243183159020260,2026-05-01,not_delivering,ad,,,,,0,,0,0,,,,,,,,,2026-05-01,2026-05-01
"[11.02.25][มิ้น] สัมภาษณ์คุณปั๊ม คิ้วต่ำ (Kiwtum)",120221441856470260,2026-05-01,not_delivering,ad,"การซื้อบน Meta",,,,168.83,,1524,1388,,,,,6,5.70866142,110.7808399,,2026-05-01,2026-05-01
"[07.03.25][มิ้น] ASMR Unboxing (Witches)",120221521450010260,2026-05-01,inactive,ad,,,,,0,,0,0,,,,,,,,,2026-05-01,2026-05-01
"[24.12.25][มิ้น] การ์ดทำนายดวงที่เซอร์ไพรส์ได้ทุกวัน (Witches)",120243032437580260,2026-05-01,inactive,ad,,,,,0,,0,0,,,,,,,,,2026-05-01,2026-05-01
"[02.06.25][มิ้น] ถ้าแกพร้อมที่จะรักตัวเอง (ปีศาจตัวนั้น)",120234316313690260,2026-05-01,inactive,ad,,,,,0,,0,0,,,,,,,,,2026-05-01,2026-05-01
"[30.04.26][มิ้น] สัมภาษณ์คุณหมอทานตะวัน 2 หนังสือที่เป็นเหมือนจิตแพทย์ (Trap)",120248155497490260,2026-05-01,not_delivering,ad,การสนทนาผ่านการส่งข้อความที่เริ่มขึ้น,,,,172.23,,853,696,,,,,4,1.05509965,201.9109027,,2026-05-01,2026-05-01
"[02.06.25][มิ้น] รีแอค ขมิ้น (Ghostly)",120232764230770260,2026-05-01,not_delivering,ad,,,,,0,,0,0,,,,,,,,,2026-05-01,2026-05-01
"[18.11.25][มิ้น] อยู่คนเดียวเป็นเรื่องยาก ? (Ghostly)",120241914078040260,2026-05-01,not_delivering,ad,,,,,0,,0,0,,,,,,,,,2026-05-01,2026-05-01
"[03.12.25][มิ้น] เล่มนี้ทำน้ำตาไหลหนักมาก (Ghostly)",120243607975880260,2026-05-01,inactive,ad,,,,,0,,0,0,,,,,,,,,2026-05-01,2026-05-01
"[01.03.26][มิ้น] รี stock เล่มลายเซ็นหมอทานตะวัน (สัมภาษณ์หมอ) (Trap)",120245040432670260,2026-05-01,not_delivering,ad,การสนทนาผ่านการส่งข้อความที่เริ่มขึ้น,,,,0,,0,0,,,,,,,,,2026-05-01,2026-05-01
"[03.12.25][มิ้น] เล่มนี้ทำน้ำตาไหลหนักมาก (Ghostly)",120241546902410260,2026-05-01,not_delivering,ad,,,,,0,,0,0,,,,,,,,,2026-05-01,2026-05-01
"[28.11.25][มิ้น] สิ่งที่เป็นอยู่มีความสุขจริงไหม? (Ghostly)",120241209652390260,2026-05-01,inactive,ad,,,,,0,,0,0,,,,,,,,,2026-05-01,2026-05-01
"[10.02.26][มิ้น] ชนแล้วหนี (Remains)",120244223793660260,2026-05-01,not_delivering,ad,,,,,0,,0,0,,,,,,,,,2026-05-01,2026-05-01
"[17.02.26][มิ้น] 20 เล่มลายเซ็น (Trap)",120247120164100260,2026-05-01,not_delivering,ad,การสนทนาผ่านการส่งข้อความที่เริ่มขึ้น,10,127.066,2444,1270.66,1.92340988,9577,8368,6,10,127.066,7,56,1.88994466,132.67829174,0.6,2026-05-01,2026-05-01
"[23.11.24] [มิ้น] Payday Nov 999.-",120217276702690260,2026-05-01,not_delivering,ad,,,,,0,,0,0,,,,,,,,,2026-05-01,2026-05-01
"[04.02.26][มิ้น] มนุษย์ที่เป็นคนดี (สัมภาษณ์หมอ) (Trap)",120244225614610260,2026-05-01,inactive,ad,,,,,0,,0,0,,,,,,,,,2026-05-01,2026-05-01
"[25.03.26][มิ้น] ชวนมางานหนังสือ (สัมภาษณ์คุณหมอทานตะวัน) (Trap)",120246073302200260,2026-05-01,archived,ad,,,,,0,,0,0,,,,,,,,,2026-05-01,2026-05-01
"[30.10.25][มิ้น] ป้ายยาหนังสือเล่มดัง (ฟิล์ม) (Demons)",120239593460920260,2026-05-01,not_delivering,ad,,,,,0,,0,0,,,,,,,,,2026-05-01,2026-05-01
"[21.12.24] [มิ้น] สัมภาษณ์คุณคิดมาก (kidmakk)",120217962530930260,2026-05-01,not_delivering,ad,,,,,0,,0,0,,,,,,,,,2026-05-01,2026-05-01
"[27.01.26][มิ้น] โปรโมท Live 28/1/2569 (Live) (Reels)",120243662416390260,2026-05-01,not_delivering,ad,,,,,0,,0,0,,,,,,,,,2026-05-01,2026-05-01
"[03.12.25][มิ้น] เล่มนี้ทำน้ำตาไหลหนักมาก (Ghostly)",120243507704890260,2026-05-01,not_delivering,ad,,,,,0,,0,0,,,,,,,,,2026-05-01,2026-05-01
"[07.10.25][มิ้น] ชอบคนใจดี (Ghostly)",120239036605880260,2026-05-01,not_delivering,ad,,,,,0,,0,0,,,,,,,,,2026-05-01,2026-05-01
"[21.01.25] [มิ้น] บทที่ 4 จดหมายจากพระจันทร์ (Home)",120218669476360260,2026-05-01,not_delivering,ad,,,,,0,,0,0,,,,,,,,,2026-05-01,2026-05-01
"[26.01.26][มิ้น] หนังสือที่ได้ไปต่อในปี 2026 (Remains)",120243666702940260,2026-05-01,not_delivering,ad,,,,,0,,0,0,,,,,,,,,2026-05-01,2026-05-01
"[21.03.25][มิ้น] Unboxing newbook (Gift)",120222450894000260,2026-05-01,inactive,ad,,,,,0,,0,0,,,,,,,,,2026-05-01,2026-05-01
"[06.02.25][มิ้น] ต้องเสียใจอีกกี่ครั้งถึงจะเจอความรักที่ดี (ปีศาจตัวนั้น)",120219540143210260,2026-05-01,inactive,ad,,,,,0,,0,0,,,,,,,,,2026-05-01,2026-05-01
"[21.09.24] [มิ้น] คนเราแตกสลายได้กี่ครั้ง",120215811548360260,2026-05-01,not_delivering,ad,,,,,0,,0,0,,,,,,,,,2026-05-01,2026-05-01
