month,creator,ad_date,content_name,content_format,product,platform,reach,impressions,spend_thb,purchases,revenue_thb,roas,roas_target,cpm_thb,cpa_thb,clicks,ctr,messages,v2s,v6s,ad_variants,hit_roas,is_new,launch_date
Apr26,หมิว,2026-04-08,[08.04.26][หมิว] ปีศาจที่หนีความมืดในใจ (Demons),IMG,Demons,Meta,42,43,1.48,0,0.0,0.0,1.8,34.42,0.0,4,9.3023,0,0,0,1,ไม่มียอดขาย,False,
Apr26,หมิว,2026-04-08,[08.04.26][หมิว] พยายามแทบตาย (Demons),IMG,Demons,Meta,847,955,20.18,0,0.0,0.0,1.8,21.13,0.0,78,8.1675,0,0,0,1,ไม่มียอดขาย,False,
Apr26,หมิว,2026-04-08,[08.04.26][หมิว] ในอดีตเราอาจเคยล้มมาก่อน (Demons),IMG,Demons,Meta,428,467,13.89,0,0.0,0.0,1.8,29.74,0.0,27,5.7816,0,0,0,1,ไม่มียอดขาย,False,
Apr26,หมิว,2026-04-09,[08.04.26][หมิว] ปีศาจที่หนีความมืดในใจ (Demons),IMG,Demons,Meta,21,22,0.6,0,0.0,0.0,1.8,27.27,0.0,1,4.5455,0,0,0,1,ไม่มียอดขาย,False,
Apr26,หมิว,2026-04-09,[08.04.26][หมิว] พยายามแทบตาย (Demons),IMG,Demons,Meta,2149,2309,39.9,0,0.0,0.0,1.8,17.28,0.0,300,12.9926,0,0,0,1,ไม่มียอดขาย,False,
Apr26,หมิว,2026-04-09,[08.04.26][หมิว] ในอดีตเราอาจเคยล้มมาก่อน (Demons),IMG,Demons,Meta,262,272,5.75,0,0.0,0.0,1.8,21.14,0.0,23,8.4559,0,0,0,1,ไม่มียอดขาย,False,
Apr26,หมิว,2026-04-10,[08.04.26][หมิว] ปีศาจที่หนีความมืดในใจ (Demons),IMG,Demons,Meta,34,35,1.67,0,0.0,0.0,1.8,47.71,0.0,4,11.4286,0,0,0,1,ไม่มียอดขาย,False,
Apr26,หมิว,2026-04-10,[08.04.26][หมิว] ในอดีตเราอาจเคยล้มมาก่อน (Demons),IMG,Demons,Meta,866,1025,30.1,0,0.0,0.0,1.8,29.37,0.0,83,8.0976,0,0,0,1,ไม่มียอดขาย,False,
Apr26,หมิว,2026-04-11,[08.04.26][หมิว] พยายามแทบตาย (Demons),IMG,Demons,Meta,415,418,12.12,0,0.0,0.0,1.8,29.0,0.0,55,13.1579,0,0,0,1,ไม่มียอดขาย,False,
Apr26,หมิว,2026-04-11,[08.04.26][หมิว] ในอดีตเราอาจเคยล้มมาก่อน (Demons),IMG,Demons,Meta,1582,1773,49.17,0,0.0,0.0,1.8,27.73,0.0,106,5.9786,0,0,0,1,ไม่มียอดขาย,False,
Apr26,หมิว,2026-04-12,[08.04.26][หมิว] พยายามแทบตาย (Demons),IMG,Demons,Meta,4400,4950,75.83,0,0.0,0.0,1.8,15.32,0.0,638,12.8889,0,0,0,1,ไม่มียอดขาย,False,
Apr26,หมิว,2026-04-12,[08.04.26][หมิว] ในอดีตเราอาจเคยล้มมาก่อน (Demons),IMG,Demons,Meta,0,0,0.0,0,0.0,0.0,1.8,0.0,0.0,0,0.0,0,0,0,1,ไม่มียอดขาย,False,
Apr26,หมิว,2026-04-13,[08.04.26][หมิว] ปีศาจที่หนีความมืดในใจ (Demons),IMG,Demons,Meta,1,1,0.01,0,0.0,0.0,1.8,10.0,0.0,0,0.0,0,0,0,1,ไม่มียอดขาย,False,
Apr26,หมิว,2026-04-13,[08.04.26][หมิว] พยายามแทบตาย (Demons),IMG,Demons,Meta,3522,4162,46.93,0,0.0,0.0,1.8,11.28,0.0,534,12.8304,1,0,0,1,ไม่มียอดขาย,False,
Apr26,หมิว,2026-04-14,[08.04.26][หมิว] พยายามแทบตาย (Demons),IMG,Demons,Meta,4242,4699,45.74,0,0.0,0.0,1.8,9.73,0.0,542,11.5344,0,0,0,1,ไม่มียอดขาย,False,
Apr26,หมิว,2026-04-15,[08.04.26][หมิว] พยายามแทบตาย (Demons),IMG,Demons,Meta,6757,7312,47.04,0,0.0,0.0,1.8,6.43,0.0,754,10.3118,0,0,0,1,ไม่มียอดขาย,False,
Apr26,หมิว,2026-04-16,[08.04.26][หมิว] พยายามแทบตาย (Demons),IMG,Demons,Meta,1522,1554,11.19,0,0.0,0.0,1.8,7.2,0.0,175,11.2613,0,0,0,1,ไม่มียอดขาย,False,
Apr26,หมิว,2026-04-08,[08.04.26][หมิว] ปีศาจที่หนีความมืดในใจ (Demons),IMG,Demons,Meta,79,82,2.72,0,0.0,0.0,1.8,33.17,0.0,7,8.5366,0,0,0,1,ไม่มียอดขาย,False,
Apr26,หมิว,2026-04-08,[08.04.26][หมิว] พยายามแทบตาย (Demons),IMG,Demons,Meta,1266,1389,28.51,0,0.0,0.0,1.8,20.53,0.0,113,8.1353,0,0,0,1,ไม่มียอดขาย,False,
Apr26,หมิว,2026-04-08,[08.04.26][หมิว] ในอดีตเราอาจเคยล้มมาก่อน (Demons),IMG,Demons,Meta,194,203,4.48,0,0.0,0.0,1.8,22.07,0.0,20,9.8522,0,0,0,1,ไม่มียอดขาย,False,
Apr26,หมิว,2026-04-09,[08.04.26][หมิว] ปีศาจที่หนีความมืดในใจ (Demons),IMG,Demons,Meta,31,35,0.63,0,0.0,0.0,1.8,18.0,0.0,5,14.2857,0,0,0,1,ไม่มียอดขาย,False,
Apr26,หมิว,2026-04-09,[08.04.26][หมิว] พยายามแทบตาย (Demons),IMG,Demons,Meta,3314,3530,45.54,0,0.0,0.0,1.8,12.9,0.0,350,9.915,0,0,0,1,ไม่มียอดขาย,False,
Apr26,หมิว,2026-04-09,[08.04.26][หมิว] ในอดีตเราอาจเคยล้มมาก่อน (Demons),IMG,Demons,Meta,234,250,3.83,0,0.0,0.0,1.8,15.32,0.0,14,5.6,0,0,0,1,ไม่มียอดขาย,False,
Apr26,หมิว,2026-04-10,[08.04.26][หมิว] ปีศาจที่หนีความมืดในใจ (Demons),IMG,Demons,Meta,12,14,0.25,0,0.0,0.0,1.8,17.86,0.0,1,7.1429,0,0,0,1,ไม่มียอดขาย,False,
Apr26,หมิว,2026-04-10,[08.04.26][หมิว] พยายามแทบตาย (Demons),IMG,Demons,Meta,0,0,0.0,0,0.0,0.0,1.8,0.0,0.0,0,0.0,0,0,0,1,ไม่มียอดขาย,False,
Apr26,หมิว,2026-04-10,[08.04.26][หมิว] ในอดีตเราอาจเคยล้มมาก่อน (Demons),IMG,Demons,Meta,947,1056,28.39,0,0.0,0.0,1.8,26.88,0.0,74,7.0076,0,0,0,1,ไม่มียอดขาย,False,
Apr26,หมิว,2026-04-11,[08.04.26][หมิว] ปีศาจที่หนีความมืดในใจ (Demons),IMG,Demons,Meta,25,26,1.15,0,0.0,0.0,1.8,44.23,0.0,1,3.8462,0,0,0,1,ไม่มียอดขาย,False,
Apr26,หมิว,2026-04-11,[08.04.26][หมิว] พยายามแทบตาย (Demons),IMG,Demons,Meta,508,515,14.45,0,0.0,0.0,1.8,28.06,0.0,49,9.5146,0,0,0,1,ไม่มียอดขาย,False,
Apr26,หมิว,2026-04-11,[08.04.26][หมิว] ในอดีตเราอาจเคยล้มมาก่อน (Demons),IMG,Demons,Meta,1294,1440,45.18,0,0.0,0.0,1.8,31.38,0.0,86,5.9722,0,0,0,1,ไม่มียอดขาย,False,
Apr26,หมิว,2026-04-12,[08.04.26][หมิว] พยายามแทบตาย (Demons),IMG,Demons,Meta,6662,7144,81.44,0,0.0,0.0,1.8,11.4,0.0,753,10.5403,1,0,0,1,ไม่มียอดขาย,False,
Apr26,หมิว,2026-04-12,[08.04.26][หมิว] ในอดีตเราอาจเคยล้มมาก่อน (Demons),IMG,Demons,Meta,0,0,0.0,0,0.0,0.0,1.8,0.0,0.0,0,0.0,0,0,0,1,ไม่มียอดขาย,False,
Apr26,หมิว,2026-04-13,[08.04.26][หมิว] พยายามแทบตาย (Demons),IMG,Demons,Meta,5551,5778,47.41,0,0.0,0.0,1.8,8.21,0.0,608,10.5227,0,0,0,1,ไม่มียอดขาย,False,
Apr26,หมิว,2026-04-14,[08.04.26][หมิว] พยายามแทบตาย (Demons),IMG,Demons,Meta,5616,6072,44.92,0,0.0,0.0,1.8,7.4,0.0,717,11.8083,0,0,0,1,ไม่มียอดขาย,False,
Apr26,หมิว,2026-04-14,[08.04.26][หมิว] ในอดีตเราอาจเคยล้มมาก่อน (Demons),IMG,Demons,Meta,0,0,0.0,0,0.0,0.0,1.8,0.0,0.0,0,0.0,0,0,0,1,ไม่มียอดขาย,False,
Apr26,หมิว,2026-04-15,[08.04.26][หมิว] ปีศาจที่หนีความมืดในใจ (Demons),IMG,Demons,Meta,1,1,0.0,0,0.0,0.0,1.8,0.0,0.0,0,0.0,0,0,0,1,ไม่มียอดขาย,False,
Apr26,หมิว,2026-04-15,[08.04.26][หมิว] พยายามแทบตาย (Demons),IMG,Demons,Meta,8427,8782,46.56,0,0.0,0.0,1.8,5.3,0.0,844,9.6106,1,0,0,1,ไม่มียอดขาย,False,
Apr26,หมิว,2026-04-16,[08.04.26][หมิว] พยายามแทบตาย (Demons),IMG,Demons,Meta,1971,2046,11.48,0,0.0,0.0,1.8,5.61,0.0,203,9.9218,1,0,0,1,ไม่มียอดขาย,False,
Apr26,หมิว,2026-04-17,[08.04.26][หมิว] ในอดีตเราอาจเคยล้มมาก่อน (Demons),IMG,Demons,Meta,0,0,0.0,0,0.0,0.0,1.8,0.0,0.0,0,0.0,0,0,0,1,ไม่มียอดขาย,False,
Apr26,Unknown,2026-04-06,[01.04.26][pearpmk] Review Influ (Trap) (Shopify),IMG,Trap,Meta,1105,1209,64.51,0,0.0,0.0,1.8,53.36,0.0,78,6.4516,0,0,0,1,ไม่มียอดขาย,False,
Apr26,Unknown,2026-04-07,[01.04.26][pearpmk] Review Influ (Trap) (Shopify),IMG,Trap,Meta,2007,2174,120.19,1,348.0,2.8954,1.8,55.29,120.19,104,4.7838,0,0,0,1,ผ่าน,False,
Apr26,Unknown,2026-04-08,[01.04.26][pearpmk] Review Influ (Trap) (Shopify),IMG,Trap,Meta,1777,1922,90.35,2,1204.0,13.326,1.8,47.01,45.17,68,3.538,0,0,0,1,ผ่าน,False,
Apr26,Unknown,2026-04-09,[01.04.26][pearpmk] Review Influ (Trap) (Shopify),IMG,Trap,Meta,1707,1817,98.4,0,0.0,0.0,1.8,54.16,0.0,86,4.7331,0,0,0,1,ไม่มียอดขาย,False,
Apr26,Unknown,2026-04-10,[01.04.26][pearpmk] Review Influ (Trap) (Shopify),IMG,Trap,Meta,1537,1620,84.31,1,348.0,4.1276,1.8,52.04,84.31,52,3.2099,0,0,0,1,ผ่าน,False,
Apr26,Unknown,2026-04-11,[01.04.26][pearpmk] Review Influ (Trap) (Shopify),IMG,Trap,Meta,1537,1600,75.15,1,348.0,4.6307,1.8,46.97,75.15,49,3.0625,0,0,0,1,ผ่าน,False,
Apr26,Unknown,2026-04-12,[01.04.26][pearpmk] Review Influ (Trap) (Shopify),IMG,Trap,Meta,2381,2394,111.53,0,0.0,0.0,1.8,46.59,0.0,76,3.1746,0,0,0,1,ไม่มียอดขาย,False,
Apr26,Unknown,2026-04-13,[01.04.26][pearpmk] Review Influ (Trap) (Shopify),IMG,Trap,Meta,1988,2092,104.32,1,348.0,3.3359,1.8,49.87,104.32,74,3.5373,0,0,0,1,ผ่าน,False,
Apr26,Unknown,2026-04-14,[01.04.26][pearpmk] Review Influ (Trap) (Shopify),IMG,Trap,Meta,2241,2426,104.5,1,348.0,3.3301,1.8,43.08,104.5,63,2.5969,0,0,0,1,ผ่าน,False,
Apr26,Unknown,2026-04-15,[01.04.26][pearpmk] Review Influ (Trap) (Shopify),IMG,Trap,Meta,5028,5302,234.6,2,938.0,3.9983,1.8,44.25,117.3,161,3.0366,1,0,0,1,ผ่าน,False,
Apr26,Unknown,2026-04-16,[01.04.26][pearpmk] Review Influ (Trap) (Shopify),IMG,Trap,Meta,4828,5262,210.4,3,1683.0,7.999,1.8,39.98,70.13,135,2.5656,0,0,0,1,ผ่าน,False,
Apr26,Unknown,2026-04-17,[01.04.26][pearpmk] Review Influ (Trap) (Shopify),IMG,Trap,Meta,4210,4485,195.76,1,348.0,1.7777,1.8,43.65,195.76,134,2.9877,0,0,0,1,ไม่ผ่าน,False,
Apr26,Unknown,2026-04-18,[01.04.26][pearpmk] Review Influ (Trap) (Shopify),IMG,Trap,Meta,1010,1040,48.31,0,0.0,0.0,1.8,46.45,0.0,40,3.8462,0,0,0,1,ไม่มียอดขาย,False,
Apr26,Unknown,2026-04-01,[18.02.2026][Course] พ่อแม่เสียชีวิต ลูกจัดการไม่ถูก (เปิดด้วยเหตุการณ์),IMG,MyLastBook,Meta,8363,9484,682.49,3,987.0,1.4462,1.8,71.96,227.5,364,3.838,9,0,0,1,ไม่ผ่าน,False,
Apr26,Unknown,2026-04-01,[11.02.2026][Course] ทำเอง VS จ้างทนาย,IMG,MyLastBook,Meta,222,236,28.0,0,0.0,0.0,1.8,118.64,0.0,5,2.1186,0,0,0,1,ไม่มียอดขาย,False,
Apr26,Unknown,2026-04-01,[20.11.2025][Course] ทำไมผู้สูงวัยต้องใช้ My Last Book,IMG,MyLastBook,Meta,290,320,48.95,0,0.0,0.0,1.8,152.97,0.0,9,2.8125,0,0,0,1,ไม่มียอดขาย,False,
Apr26,Unknown,2026-04-01,[24.03.2026][PILOT][GD] ดูแลครอบครัวยังไง? ให้ไร้ภาระในวันที่คุณจากไป,IMG,MyLastBook,Meta,11,13,2.15,0,0.0,0.0,1.8,165.38,0.0,0,0.0,0,0,0,1,ไม่มียอดขาย,False,
Apr26,Unknown,2026-04-01,[17.03.2026][PILOT][GD] เจาะลึกคู่มือทำพินัยกรรมที่ครบถ้วนที่สุดปี 2026,IMG,MyLastBook,Meta,9599,11648,898.67,5,2455.0,2.7318,1.8,77.15,179.73,369,3.1679,8,0,0,1,ผ่าน,False,
Apr26,Unknown,2026-04-01,[27.06.2026][Course] เขียนพินัยกรรมด้วยตัวเองได้ง่าย ๆ ในราคา 399 บาท,IMG,MyLastBook,Meta,979,989,253.17,0,0.0,0.0,1.8,255.99,0.0,31,3.1345,1,0,0,1,ไม่มียอดขาย,False,
Apr26,Unknown,2026-04-01,[27.03.2026][Course] ลูกลำบากเมื่อเสาหลักจากไป เพราะไม่รู้สิทธิที่ควรได้ (CourseMSG),IMG,MyLastBook,Meta,1351,1399,193.27,0,0.0,0.0,1.8,138.15,0.0,101,7.2194,0,0,0,1,ไม่มียอดขาย,False,
Apr26,Unknown,2026-04-01,[1.04.2026][Course] หนี้ท่วมหัวทำไมต้องทำพินัยกรรม,IMG,MyLastBook,Meta,1940,2100,223.55,0,0.0,0.0,1.8,106.45,0.0,66,3.1429,0,0,0,1,ไม่มียอดขาย,False,
Apr26,Unknown,2026-04-02,[18.02.2026][Course] พ่อแม่เสียชีวิต ลูกจัดการไม่ถูก (เปิดด้วยเหตุการณ์),IMG,MyLastBook,Meta,0,0,0.0,0,0.0,0.0,1.8,0.0,0.0,0,0.0,0,0,0,1,ไม่มียอดขาย,False,
Apr26,Unknown,2026-04-02,[17.03.2026][PILOT][GD] เจาะลึกคู่มือทำพินัยกรรมที่ครบถ้วนที่สุดปี 2026,IMG,MyLastBook,Meta,10122,12679,928.76,8,2632.0,2.8339,1.8,73.25,116.09,430,3.3914,10,0,0,1,ผ่าน,False,
Apr26,Unknown,2026-04-03,[18.02.2026][Course] พ่อแม่เสียชีวิต ลูกจัดการไม่ถูก (เปิดด้วยเหตุการณ์),IMG,MyLastBook,Meta,0,0,0.0,2,658.0,0.0,1.8,0.0,0.0,0,0.0,0,0,0,1,ไม่ผ่าน,False,
Apr26,Unknown,2026-04-03,[24.03.2026][PILOT][GD] ดูแลครอบครัวยังไง? ให้ไร้ภาระในวันที่คุณจากไป,IMG,MyLastBook,Meta,23,25,2.25,0,0.0,0.0,1.8,90.0,0.0,0,0.0,0,0,0,1,ไม่มียอดขาย,False,
Apr26,Unknown,2026-04-03,[17.03.2026][PILOT][GD] เจาะลึกคู่มือทำพินัยกรรมที่ครบถ้วนที่สุดปี 2026,IMG,MyLastBook,Meta,13682,15296,1045.76,2,658.0,0.6292,1.8,68.37,522.88,498,3.2558,8,0,0,1,ไม่ผ่าน,False,
Apr26,Unknown,2026-04-03,[27.03.2026][Course] ลูกลำบากเมื่อเสาหลักจากไป เพราะไม่รู้สิทธิที่ควรได้ (CourseMSG),IMG,MyLastBook,Meta,0,0,0.0,0,0.0,0.0,1.8,0.0,0.0,0,0.0,0,0,0,1,ไม่มียอดขาย,False,
Apr26,Unknown,2026-04-04,[17.03.2026][PILOT][GD] เจาะลึกคู่มือทำพินัยกรรมที่ครบถ้วนที่สุดปี 2026,IMG,MyLastBook,Meta,11485,13270,986.75,5,1645.0,1.6671,1.8,74.36,197.35,460,3.4665,10,0,0,1,ไม่ผ่าน,False,
Apr26,Unknown,2026-04-04,[27.06.2026][Course] เขียนพินัยกรรมด้วยตัวเองได้ง่าย ๆ ในราคา 399 บาท,IMG,MyLastBook,Meta,0,0,0.0,0,0.0,0.0,1.8,0.0,0.0,0,0.0,0,0,0,1,ไม่มียอดขาย,False,
Apr26,Unknown,2026-04-05,[24.03.2026][PILOT][GD] ดูแลครอบครัวยังไง? ให้ไร้ภาระในวันที่คุณจากไป,IMG,MyLastBook,Meta,3,3,0.5,0,0.0,0.0,1.8,166.67,0.0,0,0.0,0,0,0,1,ไม่มียอดขาย,False,
Apr26,Unknown,2026-04-05,[17.03.2026][PILOT][GD] เจาะลึกคู่มือทำพินัยกรรมที่ครบถ้วนที่สุดปี 2026,IMG,MyLastBook,Meta,5075,5828,636.15,1,329.0,0.5172,1.8,109.15,636.15,237,4.0666,7,0,0,1,ไม่ผ่าน,False,
Apr26,Unknown,2026-04-06,[17.03.2026][PILOT][GD] เจาะลึกคู่มือทำพินัยกรรมที่ครบถ้วนที่สุดปี 2026,IMG,MyLastBook,Meta,0,0,0.0,1,329.0,0.0,1.8,0.0,0.0,0,0.0,1,0,0,1,ไม่ผ่าน,False,
Apr26,Unknown,2026-04-07,[17.03.2026][PILOT][GD] เจาะลึกคู่มือทำพินัยกรรมที่ครบถ้วนที่สุดปี 2026,IMG,MyLastBook,Meta,0,0,0.0,0,0.0,0.0,1.8,0.0,0.0,0,0.0,0,0,0,1,ไม่มียอดขาย,False,
Apr26,Unknown,2026-04-08,[17.03.2026][PILOT][GD] เจาะลึกคู่มือทำพินัยกรรมที่ครบถ้วนที่สุดปี 2026,IMG,MyLastBook,Meta,0,0,0.0,0,0.0,0.0,1.8,0.0,0.0,0,0.0,0,0,0,1,ไม่มียอดขาย,False,
Apr26,Unknown,2026-04-09,[17.03.2026][PILOT][GD] เจาะลึกคู่มือทำพินัยกรรมที่ครบถ้วนที่สุดปี 2026,IMG,MyLastBook,Meta,0,0,0.0,1,329.0,0.0,1.8,0.0,0.0,0,0.0,0,0,0,1,ไม่ผ่าน,False,
Apr26,ริว,2026-04-01,[10.03.26][ริว] ซึมเศร้า animation (Trap) (Shopify),IMG,Trap,Meta,2639,2898,219.95,2,757.0,3.4417,1.8,75.9,109.97,148,5.107,0,0,0,1,ผ่าน,False,
Apr26,ริว,2026-04-02,[10.03.26][ริว] ซึมเศร้า animation (Trap) (Shopify),IMG,Trap,Meta,2731,2908,170.3,1,348.0,2.0435,1.8,58.56,170.3,107,3.6795,0,0,0,1,ผ่าน,False,
Apr26,ริว,2026-04-03,[10.03.26][ริว] ซึมเศร้า animation (Trap) (Shopify),IMG,Trap,Meta,1953,2038,193.08,0,0.0,0.0,1.8,94.74,0.0,92,4.5142,0,0,0,1,ไม่มียอดขาย,False,
Apr26,ริว,2026-04-04,[10.03.26][ริว] ซึมเศร้า animation (Trap) (Shopify),IMG,Trap,Meta,2164,2246,155.32,2,696.0,4.4811,1.8,69.15,77.66,96,4.2743,0,0,0,1,ผ่าน,False,
Apr26,ริว,2026-04-05,[10.03.26][ริว] ซึมเศร้า animation (Trap) (Shopify),IMG,Trap,Meta,3611,3907,251.24,2,757.0,3.0131,1.8,64.31,125.62,207,5.2982,1,0,0,1,ผ่าน,False,
Apr26,ริว,2026-04-06,[10.03.26][ริว] ซึมเศร้า animation (Trap) (Shopify),IMG,Trap,Meta,1765,1801,131.67,1,348.0,2.643,1.8,73.11,131.67,80,4.442,2,0,0,1,ผ่าน,False,
Apr26,ริว,2026-04-01,[04.03.26][ริว] ซึมเศร้า (สัมภาษณ์หมอ) (Trap) (Sale),IMG,Trap,Meta,2896,3190,225.03,2,1007.0,4.475,1.8,70.54,112.52,122,3.8245,1,0,0,1,ผ่าน,False,
Apr26,ริว,2026-04-02,[04.03.26][ริว] ซึมเศร้า (สัมภาษณ์หมอ) (Trap) (Sale),IMG,Trap,Meta,2573,2838,183.53,2,696.0,3.7923,1.8,64.67,91.77,96,3.3827,1,0,0,1,ผ่าน,False,
Apr26,ริว,2026-04-03,[04.03.26][ริว] ซึมเศร้า (สัมภาษณ์หมอ) (Trap) (Sale),IMG,Trap,Meta,1994,2282,196.99,0,0.0,0.0,1.8,86.32,0.0,87,3.8124,0,0,0,1,ไม่มียอดขาย,False,
Apr26,ริว,2026-04-04,[04.03.26][ริว] ซึมเศร้า (สัมภาษณ์หมอ) (Trap) (Sale),IMG,Trap,Meta,1893,2055,125.74,0,0.0,0.0,1.8,61.19,0.0,84,4.0876,0,0,0,1,ไม่มียอดขาย,False,
Apr26,ริว,2026-04-05,[04.03.26][ริว] ซึมเศร้า (สัมภาษณ์หมอ) (Trap) (Sale),IMG,Trap,Meta,3557,3909,245.8,0,0.0,0.0,1.8,62.88,0.0,141,3.6071,1,0,0,1,ไม่มียอดขาย,False,
Apr26,ริว,2026-04-06,[04.03.26][ริว] ซึมเศร้า (สัมภาษณ์หมอ) (Trap) (Sale),IMG,Trap,Meta,3203,3639,209.27,0,0.0,0.0,1.8,57.51,0.0,135,3.7098,0,0,0,1,ไม่มียอดขาย,False,
Apr26,ริว,2026-04-07,[04.03.26][ริว] ซึมเศร้า (สัมภาษณ์หมอ) (Trap) (Sale),IMG,Trap,Meta,2851,3238,199.22,0,0.0,0.0,1.8,61.53,0.0,138,4.2619,0,0,0,1,ไม่มียอดขาย,False,
Apr26,ริว,2026-04-08,[04.03.26][ริว] ซึมเศร้า (สัมภาษณ์หมอ) (Trap) (Sale),IMG,Trap,Meta,2823,3072,203.13,3,1044.0,5.1396,1.8,66.12,67.71,135,4.3945,0,0,0,1,ผ่าน,False,
Apr26,ริว,2026-04-09,[04.03.26][ริว] ซึมเศร้า (สัมภาษณ์หมอ) (Trap) (Sale),IMG,Trap,Meta,2870,3193,197.41,2,757.0,3.8347,1.8,61.83,98.7,136,4.2593,1,0,0,1,ผ่าน,False,
Apr26,ริว,2026-04-10,[04.03.26][ริว] ซึมเศร้า (สัมภาษณ์หมอ) (Trap) (Sale),IMG,Trap,Meta,2681,2996,175.94,6,2430.0,13.8115,1.8,58.72,29.32,121,4.0387,2,0,0,1,ผ่าน,False,
Apr26,ริว,2026-04-11,[04.03.26][ริว] ซึมเศร้า (สัมภาษณ์หมอ) (Trap) (Sale),IMG,Trap,Meta,2638,2837,168.77,1,1149.0,6.8081,1.8,59.49,168.77,87,3.0666,1,0,0,1,ผ่าน,False,
Apr26,ริว,2026-04-12,[04.03.26][ริว] ซึมเศร้า (สัมภาษณ์หมอ) (Trap) (Sale),IMG,Trap,Meta,3204,3472,216.54,0,0.0,0.0,1.8,62.37,0.0,121,3.485,1,0,0,1,ไม่มียอดขาย,False,
Apr26,ริว,2026-04-13,[04.03.26][ริว] ซึมเศร้า (สัมภาษณ์หมอ) (Trap) (Sale),IMG,Trap,Meta,3069,3365,201.42,0,0.0,0.0,1.8,59.86,0.0,99,2.9421,0,0,0,1,ไม่มียอดขาย,False,
Apr26,ริว,2026-04-14,[04.03.26][ริว] ซึมเศร้า (สัมภาษณ์หมอ) (Trap) (Sale),IMG,Trap,Meta,3188,3662,208.68,0,0.0,0.0,1.8,56.99,0.0,107,2.9219,0,0,0,1,ไม่มียอดขาย,False,
Apr26,ริว,2026-04-15,[04.03.26][ริว] ซึมเศร้า (สัมภาษณ์หมอ) (Trap) (Sale),IMG,Trap,Meta,3630,4046,223.24,0,0.0,0.0,1.8,55.18,0.0,117,2.8917,0,0,0,1,ไม่มียอดขาย,False,
Apr26,ริว,2026-04-16,[04.03.26][ริว] ซึมเศร้า (สัมภาษณ์หมอ) (Trap) (Sale),IMG,Trap,Meta,3156,3436,187.36,1,348.0,1.8574,1.8,54.53,187.36,91,2.6484,0,0,0,1,ผ่าน,False,
Apr26,ริว,2026-04-17,[04.03.26][ริว] ซึมเศร้า (สัมภาษณ์หมอ) (Trap) (Sale),IMG,Trap,Meta,2892,3198,199.09,2,1007.0,5.058,1.8,62.25,99.55,78,2.439,1,0,0,1,ผ่าน,False,
Apr26,ริว,2026-04-18,[04.03.26][ริว] ซึมเศร้า (สัมภาษณ์หมอ) (Trap) (Sale),IMG,Trap,Meta,860,953,54.25,0,0.0,0.0,1.8,56.93,0.0,21,2.2036,0,0,0,1,ไม่มียอดขาย,False,
Apr26,Unknown,2026-04-01,[14.10.2025][Course] Unpack เน้นเขียน (VDO),IMG,MyLastBook,Meta,1384,1419,11.87,0,0.0,0.0,1.8,8.37,0.0,2,0.1409,0,0,0,1,ไม่มียอดขาย,False,
Apr26,Unknown,2026-04-01,[20.11.2025][Course] ทำไมผู้สูงวัยต้องใช้ My Last Book,IMG,MyLastBook,Meta,6,6,0.05,0,0.0,0.0,1.8,8.33,0.0,0,0.0,0,0,0,1,ไม่มียอดขาย,False,
Apr26,Unknown,2026-04-01,[13.11.2025][Course] ทำพินัยกรรม ทำไมต้อง My Last Book,IMG,MyLastBook,Meta,21199,21839,153.99,0,0.0,0.0,1.8,7.05,0.0,145,0.664,0,0,0,1,ไม่มียอดขาย,False,
Apr26,Unknown,2026-04-01,[22.09.2025][Course] Unpack My Last Book (VDO),IMG,MyLastBook,Meta,132,135,1.14,0,0.0,0.0,1.8,8.44,0.0,0,0.0,0,0,0,1,ไม่มียอดขาย,False,
Apr26,Unknown,2026-04-02,[14.10.2025][Course] Unpack เน้นเขียน (VDO),IMG,MyLastBook,Meta,565,565,9.68,0,0.0,0.0,1.8,17.13,0.0,4,0.708,0,0,0,1,ไม่มียอดขาย,False,
Apr26,Unknown,2026-04-02,[20.11.2025][Course] ทำไมผู้สูงวัยต้องใช้ My Last Book,IMG,MyLastBook,Meta,76,77,0.47,0,0.0,0.0,1.8,6.1,0.0,0,0.0,0,0,0,1,ไม่มียอดขาย,False,
Apr26,Unknown,2026-04-02,[13.11.2025][Course] ทำพินัยกรรม ทำไมต้อง My Last Book,IMG,MyLastBook,Meta,14623,15184,160.45,1,329.0,2.0505,1.8,10.57,160.45,101,0.6652,1,0,0,1,ผ่าน,False,
Apr26,Unknown,2026-04-02,[22.09.2025][Course] Unpack My Last Book (VDO),IMG,MyLastBook,Meta,52,52,0.37,0,0.0,0.0,1.8,7.12,0.0,0,0.0,0,0,0,1,ไม่มียอดขาย,False,
Apr26,Unknown,2026-04-03,[14.10.2025][Course] Unpack เน้นเขียน (VDO),IMG,MyLastBook,Meta,1528,1556,44.64,0,0.0,0.0,1.8,28.69,0.0,3,0.1928,0,0,0,1,ไม่มียอดขาย,False,
Apr26,Unknown,2026-04-03,[13.11.2025][Course] ทำพินัยกรรม ทำไมต้อง My Last Book,IMG,MyLastBook,Meta,9083,9289,94.19,0,0.0,0.0,1.8,10.14,0.0,69,0.7428,0,0,0,1,ไม่มียอดขาย,False,
Apr26,Unknown,2026-04-04,[14.10.2025][Course] Unpack เน้นเขียน (VDO),IMG,MyLastBook,Meta,1709,1728,15.15,0,0.0,0.0,1.8,8.77,0.0,4,0.2315,0,0,0,1,ไม่มียอดขาย,False,
Apr26,Unknown,2026-04-04,[20.11.2025][Course] ทำไมผู้สูงวัยต้องใช้ My Last Book,IMG,MyLastBook,Meta,93,94,0.76,0,0.0,0.0,1.8,8.09,0.0,0,0.0,0,0,0,1,ไม่มียอดขาย,False,
Apr26,Unknown,2026-04-04,[13.11.2025][Course] ทำพินัยกรรม ทำไมต้อง My Last Book,IMG,MyLastBook,Meta,11551,12110,94.04,0,0.0,0.0,1.8,7.77,0.0,68,0.5615,0,0,0,1,ไม่มียอดขาย,False,
Apr26,Unknown,2026-04-04,[22.09.2025][Course] Unpack My Last Book (VDO),IMG,MyLastBook,Meta,212,214,1.5,0,0.0,0.0,1.8,7.01,0.0,0,0.0,0,0,0,1,ไม่มียอดขาย,False,
Apr26,Unknown,2026-04-05,[14.10.2025][Course] Unpack เน้นเขียน (VDO),IMG,MyLastBook,Meta,1586,1603,13.3,0,0.0,0.0,1.8,8.3,0.0,2,0.1248,0,0,0,1,ไม่มียอดขาย,False,
Apr26,Unknown,2026-04-05,[13.11.2025][Course] ทำพินัยกรรม ทำไมต้อง My Last Book,IMG,MyLastBook,Meta,16887,17143,144.96,0,0.0,0.0,1.8,8.46,0.0,93,0.5425,0,0,0,1,ไม่มียอดขาย,False,
Apr26,Unknown,2026-04-06,[14.10.2025][Course] Unpack เน้นเขียน (VDO),IMG,MyLastBook,Meta,5178,5230,40.11,0,0.0,0.0,1.8,7.67,0.0,16,0.3059,0,0,0,1,ไม่มียอดขาย,False,
Apr26,Unknown,2026-04-06,[20.11.2025][Course] ทำไมผู้สูงวัยต้องใช้ My Last Book,IMG,MyLastBook,Meta,226,228,1.72,0,0.0,0.0,1.8,7.54,0.0,1,0.4386,0,0,0,1,ไม่มียอดขาย,False,
Apr26,Unknown,2026-04-06,[13.11.2025][Course] ทำพินัยกรรม ทำไมต้อง My Last Book,IMG,MyLastBook,Meta,15015,15368,115.84,0,0.0,0.0,1.8,7.54,0.0,120,0.7808,0,0,0,1,ไม่มียอดขาย,False,
Apr26,Unknown,2026-04-06,[22.09.2025][Course] Unpack My Last Book (VDO),IMG,MyLastBook,Meta,24,26,0.15,0,0.0,0.0,1.8,5.77,0.0,0,0.0,0,0,0,1,ไม่มียอดขาย,False,
Apr26,Unknown,2026-04-07,[14.10.2025][Course] Unpack เน้นเขียน (VDO),IMG,MyLastBook,Meta,4045,4074,29.86,0,0.0,0.0,1.8,7.33,0.0,9,0.2209,0,0,0,1,ไม่มียอดขาย,False,
Apr26,Unknown,2026-04-07,[20.11.2025][Course] ทำไมผู้สูงวัยต้องใช้ My Last Book,IMG,MyLastBook,Meta,34,35,0.25,0,0.0,0.0,1.8,7.14,0.0,1,2.8571,0,0,0,1,ไม่มียอดขาย,False,
Apr26,Unknown,2026-04-07,[13.11.2025][Course] ทำพินัยกรรม ทำไมต้อง My Last Book,IMG,MyLastBook,Meta,15919,15919,116.78,0,0.0,0.0,1.8,7.34,0.0,77,0.4837,0,0,0,1,ไม่มียอดขาย,False,
Apr26,Unknown,2026-04-07,[22.09.2025][Course] Unpack My Last Book (VDO),IMG,MyLastBook,Meta,206,212,1.51,0,0.0,0.0,1.8,7.12,0.0,3,1.4151,0,0,0,1,ไม่มียอดขาย,False,
Apr26,Unknown,2026-04-08,[14.10.2025][Course] Unpack เน้นเขียน (VDO),IMG,MyLastBook,Meta,4650,4650,33.32,0,0.0,0.0,1.8,7.17,0.0,15,0.3226,0,0,0,1,ไม่มียอดขาย,False,
Apr26,Unknown,2026-04-08,[20.11.2025][Course] ทำไมผู้สูงวัยต้องใช้ My Last Book,IMG,MyLastBook,Meta,2,2,0.02,0,0.0,0.0,1.8,10.0,0.0,0,0.0,0,0,0,1,ไม่มียอดขาย,False,
Apr26,Unknown,2026-04-08,[13.11.2025][Course] ทำพินัยกรรม ทำไมต้อง My Last Book,IMG,MyLastBook,Meta,14618,14953,110.13,0,0.0,0.0,1.8,7.37,0.0,97,0.6487,0,0,0,1,ไม่มียอดขาย,False,
Apr26,Unknown,2026-04-09,[14.10.2025][Course] Unpack เน้นเขียน (VDO),IMG,MyLastBook,Meta,4925,4938,38.25,0,0.0,0.0,1.8,7.75,0.0,10,0.2025,0,0,0,1,ไม่มียอดขาย,False,
Apr26,Unknown,2026-04-09,[20.11.2025][Course] ทำไมผู้สูงวัยต้องใช้ My Last Book,IMG,MyLastBook,Meta,129,136,1.02,0,0.0,0.0,1.8,7.5,0.0,0,0.0,0,0,0,1,ไม่มียอดขาย,False,
Apr26,Unknown,2026-04-09,[13.11.2025][Course] ทำพินัยกรรม ทำไมต้อง My Last Book,IMG,MyLastBook,Meta,12620,12742,98.52,0,0.0,0.0,1.8,7.73,0.0,55,0.4316,0,0,0,1,ไม่มียอดขาย,False,
Apr26,Unknown,2026-04-09,[22.09.2025][Course] Unpack My Last Book (VDO),IMG,MyLastBook,Meta,506,544,3.83,0,0.0,0.0,1.8,7.04,0.0,2,0.3676,0,0,0,1,ไม่มียอดขาย,False,
Apr26,Unknown,2026-04-10,[14.10.2025][Course] Unpack เน้นเขียน (VDO),IMG,MyLastBook,Meta,2690,2788,20.86,0,0.0,0.0,1.8,7.48,0.0,6,0.2152,0,0,0,1,ไม่มียอดขาย,False,
Apr26,Unknown,2026-04-10,[20.11.2025][Course] ทำไมผู้สูงวัยต้องใช้ My Last Book,IMG,MyLastBook,Meta,1,1,0.01,0,0.0,0.0,1.8,10.0,0.0,0,0.0,0,0,0,1,ไม่มียอดขาย,False,
Apr26,Unknown,2026-04-10,[13.11.2025][Course] ทำพินัยกรรม ทำไมต้อง My Last Book,IMG,MyLastBook,Meta,17467,17685,137.41,0,0.0,0.0,1.8,7.77,0.0,123,0.6955,0,0,0,1,ไม่มียอดขาย,False,
Apr26,Unknown,2026-04-11,[14.10.2025][Course] Unpack เน้นเขียน (VDO),IMG,MyLastBook,Meta,1124,1145,8.67,0,0.0,0.0,1.8,7.57,0.0,2,0.1747,0,0,0,1,ไม่มียอดขาย,False,
Apr26,Unknown,2026-04-11,[20.11.2025][Course] ทำไมผู้สูงวัยต้องใช้ My Last Book,IMG,MyLastBook,Meta,4,4,0.03,0,0.0,0.0,1.8,7.5,0.0,0,0.0,0,0,0,1,ไม่มียอดขาย,False,
Apr26,Unknown,2026-04-11,[13.11.2025][Course] ทำพินัยกรรม ทำไมต้อง My Last Book,IMG,MyLastBook,Meta,17961,17961,132.46,0,0.0,0.0,1.8,7.37,0.0,98,0.5456,0,0,0,1,ไม่มียอดขาย,False,
Apr26,Unknown,2026-04-11,[22.09.2025][Course] Unpack My Last Book (VDO),IMG,MyLastBook,Meta,132,136,0.95,0,0.0,0.0,1.8,6.99,0.0,0,0.0,0,0,0,1,ไม่มียอดขาย,False,
Apr26,Unknown,2026-04-12,[14.10.2025][Course] Unpack เน้นเขียน (VDO),IMG,MyLastBook,Meta,91,91,0.66,0,0.0,0.0,1.8,7.25,0.0,0,0.0,0,0,0,1,ไม่มียอดขาย,False,
Apr26,Unknown,2026-04-12,[20.11.2025][Course] ทำไมผู้สูงวัยต้องใช้ My Last Book,IMG,MyLastBook,Meta,14,14,0.09,0,0.0,0.0,1.8,6.43,0.0,0,0.0,0,0,0,1,ไม่มียอดขาย,False,
Apr26,Unknown,2026-04-12,[13.11.2025][Course] ทำพินัยกรรม ทำไมต้อง My Last Book,IMG,MyLastBook,Meta,20484,20484,151.23,0,0.0,0.0,1.8,7.38,0.0,112,0.5468,0,0,0,1,ไม่มียอดขาย,False,
Apr26,Unknown,2026-04-12,[22.09.2025][Course] Unpack My Last Book (VDO),IMG,MyLastBook,Meta,1659,1681,12.7,0,0.0,0.0,1.8,7.56,0.0,7,0.4164,0,0,0,1,ไม่มียอดขาย,False,
Apr26,Unknown,2026-04-13,[14.10.2025][Course] Unpack เน้นเขียน (VDO),IMG,MyLastBook,Meta,1380,1405,9.87,0,0.0,0.0,1.8,7.02,0.0,3,0.2135,0,0,0,1,ไม่มียอดขาย,False,
Apr26,Unknown,2026-04-13,[13.11.2025][Course] ทำพินัยกรรม ทำไมต้อง My Last Book,IMG,MyLastBook,Meta,20234,20234,138.84,0,0.0,0.0,1.8,6.86,0.0,104,0.514,2,0,0,1,ไม่มียอดขาย,False,
Apr26,Unknown,2026-04-13,[22.09.2025][Course] Unpack My Last Book (VDO),IMG,MyLastBook,Meta,423,443,3.02,0,0.0,0.0,1.8,6.82,0.0,0,0.0,0,0,0,1,ไม่มียอดขาย,False,
Apr26,Unknown,2026-04-14,[14.10.2025][Course] Unpack เน้นเขียน (VDO),IMG,MyLastBook,Meta,3402,3425,20.77,0,0.0,0.0,1.8,6.06,0.0,21,0.6131,0,0,0,1,ไม่มียอดขาย,False,
Apr26,Unknown,2026-04-14,[20.11.2025][Course] ทำไมผู้สูงวัยต้องใช้ My Last Book,IMG,MyLastBook,Meta,23,23,0.15,0,0.0,0.0,1.8,6.52,0.0,0,0.0,0,0,0,1,ไม่มียอดขาย,False,
Apr26,Unknown,2026-04-14,[13.11.2025][Course] ทำพินัยกรรม ทำไมต้อง My Last Book,IMG,MyLastBook,Meta,19060,19060,121.39,0,0.0,0.0,1.8,6.37,0.0,119,0.6243,0,0,0,1,ไม่มียอดขาย,False,
Apr26,Unknown,2026-04-14,[22.09.2025][Course] Unpack My Last Book (VDO),IMG,MyLastBook,Meta,811,827,5.3,0,0.0,0.0,1.8,6.41,0.0,1,0.1209,0,0,0,1,ไม่มียอดขาย,False,
Apr26,Unknown,2026-04-15,[14.10.2025][Course] Unpack เน้นเขียน (VDO),IMG,MyLastBook,Meta,2538,2576,15.79,0,0.0,0.0,1.8,6.13,0.0,6,0.2329,0,0,0,1,ไม่มียอดขาย,False,
Apr26,Unknown,2026-04-15,[13.11.2025][Course] ทำพินัยกรรม ทำไมต้อง My Last Book,IMG,MyLastBook,Meta,21219,21854,134.0,0,0.0,0.0,1.8,6.13,0.0,120,0.5491,0,0,0,1,ไม่มียอดขาย,False,
Apr26,Unknown,2026-04-16,[14.10.2025][Course] Unpack เน้นเขียน (VDO),IMG,MyLastBook,Meta,3208,3208,19.5,0,0.0,0.0,1.8,6.08,0.0,5,0.1559,0,0,0,1,ไม่มียอดขาย,False,
Apr26,Unknown,2026-04-16,[20.11.2025][Course] ทำไมผู้สูงวัยต้องใช้ My Last Book,IMG,MyLastBook,Meta,5,5,0.03,0,0.0,0.0,1.8,6.0,0.0,0,0.0,0,0,0,1,ไม่มียอดขาย,False,
Apr26,Unknown,2026-04-16,[13.11.2025][Course] ทำพินัยกรรม ทำไมต้อง My Last Book,IMG,MyLastBook,Meta,19889,19889,121.95,0,0.0,0.0,1.8,6.13,0.0,105,0.5279,0,0,0,1,ไม่มียอดขาย,False,
Apr26,Unknown,2026-04-16,[22.09.2025][Course] Unpack My Last Book (VDO),IMG,MyLastBook,Meta,380,395,2.18,0,0.0,0.0,1.8,5.52,0.0,1,0.2532,0,0,0,1,ไม่มียอดขาย,False,
Apr26,Unknown,2026-04-17,[14.10.2025][Course] Unpack เน้นเขียน (VDO),IMG,MyLastBook,Meta,2016,2073,13.87,0,0.0,0.0,1.8,6.69,0.0,5,0.2412,0,0,0,1,ไม่มียอดขาย,False,
Apr26,Unknown,2026-04-17,[20.11.2025][Course] ทำไมผู้สูงวัยต้องใช้ My Last Book,IMG,MyLastBook,Meta,1424,1424,11.01,0,0.0,0.0,1.8,7.73,0.0,3,0.2107,0,0,0,1,ไม่มียอดขาย,False,
Apr26,Unknown,2026-04-17,[13.11.2025][Course] ทำพินัยกรรม ทำไมต้อง My Last Book,IMG,MyLastBook,Meta,17035,17486,121.66,0,0.0,0.0,1.8,6.96,0.0,81,0.4632,0,0,0,1,ไม่มียอดขาย,False,
Apr26,Unknown,2026-04-17,[22.09.2025][Course] Unpack My Last Book (VDO),IMG,MyLastBook,Meta,645,656,4.03,0,0.0,0.0,1.8,6.14,0.0,1,0.1524,0,0,0,1,ไม่มียอดขาย,False,
Apr26,Unknown,2026-04-18,[14.10.2025][Course] Unpack เน้นเขียน (VDO),IMG,MyLastBook,Meta,82,82,0.61,0,0.0,0.0,1.8,7.44,0.0,0,0.0,0,0,0,1,ไม่มียอดขาย,False,
Apr26,Unknown,2026-04-18,[13.11.2025][Course] ทำพินัยกรรม ทำไมต้อง My Last Book,IMG,MyLastBook,Meta,1448,1972,15.41,0,0.0,0.0,1.8,7.81,0.0,8,0.4057,0,0,0,1,ไม่มียอดขาย,False,
Apr26,Unknown,2026-04-01,[26.02.2026][Course] การทำพินัยกรรมไม่ใช่ลางร้าย,IMG,MyLastBook,Meta,3954,4908,360.64,3,1387.0,3.8459,1.8,73.48,120.21,115,2.3431,2,0,0,1,ผ่าน,False,
Apr26,Unknown,2026-04-01,[27.02.2026][Course] สิ่งที่ทำแล้วพินัยกรรมอาจเป็นโมฆะ (CourseMSG),IMG,MyLastBook,Meta,7680,9845,777.75,4,1626.0,2.0906,1.8,79.0,194.44,384,3.9005,11,0,0,1,ผ่าน,False,
Apr26,Unknown,2026-04-01,[11.02.2026][Course] ทำเอง VS จ้างทนาย,IMG,MyLastBook,Meta,441,478,79.03,1,639.0,8.0855,1.8,165.33,79.03,17,3.5565,1,0,0,1,ผ่าน,False,
Apr26,Unknown,2026-04-01,[11.03.2026][Course] ไม่อยากเป็นภาระเมื่อจากไป ต้องวางแผนให้ครอบคลุม,IMG,MyLastBook,Meta,9125,10847,1017.92,4,1626.0,1.5974,1.8,93.84,254.48,507,4.6741,19,0,0,1,ไม่ผ่าน,False,
Apr26,Unknown,2026-04-01,[25.03.2026][Course] เรื่องที่พูดยากที่สุดในบ้าน,IMG,MyLastBook,Meta,11117,12822,912.13,10,3860.0,4.2319,1.8,71.14,91.21,460,3.5876,25,0,0,1,ผ่าน,False,
Apr26,Unknown,2026-04-01,[26.03.26][PILOT][GD] โปรงานหนังสือ 329 (26 Mar - 6 Apr),IMG,MyLastBook,Meta,2491,2954,421.62,0,0.0,0.0,1.8,142.73,0.0,78,2.6405,1,0,0,1,ไม่มียอดขาย,False,
Apr26,Unknown,2026-04-02,[26.02.2026][Course] การทำพินัยกรรมไม่ใช่ลางร้าย,IMG,MyLastBook,Meta,1343,1498,141.38,1,639.0,4.5197,1.8,94.38,141.38,33,2.2029,3,0,0,1,ผ่าน,False,
Apr26,Unknown,2026-04-02,[27.02.2026][Course] สิ่งที่ทำแล้วพินัยกรรมอาจเป็นโมฆะ (CourseMSG),IMG,MyLastBook,Meta,6071,7918,758.59,7,2763.0,3.6423,1.8,95.81,108.37,340,4.294,10,0,0,1,ผ่าน,False,
Apr26,Unknown,2026-04-02,[11.02.2026][Course] ทำเอง VS จ้างทนาย,IMG,MyLastBook,Meta,183,196,25.33,0,0.0,0.0,1.8,129.23,0.0,8,4.0816,0,0,0,1,ไม่มียอดขาย,False,
Apr26,Unknown,2026-04-02,[11.03.2026][Course] ไม่อยากเป็นภาระเมื่อจากไป ต้องวางแผนให้ครอบคลุม,IMG,MyLastBook,Meta,4961,5675,545.32,2,658.0,1.2066,1.8,96.09,272.66,261,4.5991,10,0,0,1,ไม่ผ่าน,False,
Apr26,Unknown,2026-04-02,[25.03.2026][Course] เรื่องที่พูดยากที่สุดในบ้าน,IMG,MyLastBook,Meta,10926,12473,920.43,3,987.0,1.0723,1.8,73.79,306.81,435,3.4875,15,0,0,1,ไม่ผ่าน,False,
Apr26,Unknown,2026-04-02,[26.03.26][PILOT][GD] โปรงานหนังสือ 329 (26 Mar - 6 Apr),IMG,MyLastBook,Meta,0,0,0.0,0,0.0,0.0,1.8,0.0,0.0,0,0.0,1,0,0,1,ไม่มียอดขาย,False,
Apr26,Unknown,2026-04-03,[26.02.2026][Course] การทำพินัยกรรมไม่ใช่ลางร้าย,IMG,MyLastBook,Meta,1029,1099,98.97,0,0.0,0.0,1.8,90.05,0.0,34,3.0937,2,0,0,1,ไม่มียอดขาย,False,
Apr26,Unknown,2026-04-03,[27.02.2026][Course] สิ่งที่ทำแล้วพินัยกรรมอาจเป็นโมฆะ (CourseMSG),IMG,MyLastBook,Meta,7886,9432,783.74,5,1645.0,2.0989,1.8,83.09,156.75,468,4.9618,8,0,0,1,ผ่าน,False,
Apr26,Unknown,2026-04-03,[11.02.2026][Course] ทำเอง VS จ้างทนาย,IMG,MyLastBook,Meta,420,435,54.35,3,987.0,18.1601,1.8,124.94,18.12,25,5.7471,3,0,0,1,ผ่าน,False,
Apr26,Unknown,2026-04-03,[11.03.2026][Course] ไม่อยากเป็นภาระเมื่อจากไป ต้องวางแผนให้ครอบคลุม,IMG,MyLastBook,Meta,9478,10045,816.88,7,2613.0,3.1988,1.8,81.32,116.7,522,5.1966,27,0,0,1,ผ่าน,False,
Apr26,Unknown,2026-04-03,[25.03.2026][Course] เรื่องที่พูดยากที่สุดในบ้าน,IMG,MyLastBook,Meta,10825,11844,1000.32,7,2613.0,2.6122,1.8,84.46,142.9,439,3.7065,29,0,0,1,ผ่าน,False,
Apr26,Unknown,2026-04-03,[26.03.26][PILOT][GD] โปรงานหนังสือ 329 (26 Mar - 6 Apr),IMG,MyLastBook,Meta,0,0,0.0,1,329.0,0.0,1.8,0.0,0.0,0,0.0,1,0,0,1,ไม่ผ่าน,False,
Apr26,Unknown,2026-04-04,[26.02.2026][Course] การทำพินัยกรรมไม่ใช่ลางร้าย,IMG,MyLastBook,Meta,1462,1574,192.61,2,658.0,3.4162,1.8,122.37,96.31,59,3.7484,4,0,0,1,ผ่าน,False,
Apr26,Unknown,2026-04-04,[27.02.2026][Course] สิ่งที่ทำแล้วพินัยกรรมอาจเป็นโมฆะ (CourseMSG),IMG,MyLastBook,Meta,7254,8198,637.28,6,2954.0,4.6353,1.8,77.74,106.21,416,5.0744,17,0,0,1,ผ่าน,False,
Apr26,Unknown,2026-04-04,[11.02.2026][Course] ทำเอง VS จ้างทนาย,IMG,MyLastBook,Meta,764,784,98.03,0,0.0,0.0,1.8,125.04,0.0,35,4.4643,1,0,0,1,ไม่มียอดขาย,False,
Apr26,Unknown,2026-04-04,[11.03.2026][Course] ไม่อยากเป็นภาระเมื่อจากไป ต้องวางแผนให้ครอบคลุม,IMG,MyLastBook,Meta,10235,11458,944.23,6,1974.0,2.0906,1.8,82.41,157.37,536,4.678,17,0,0,1,ผ่าน,False,
Apr26,Unknown,2026-04-04,[25.03.2026][Course] เรื่องที่พูดยากที่สุดในบ้าน,IMG,MyLastBook,Meta,11075,12221,928.89,3,1607.0,1.73,1.8,76.01,309.63,468,3.8295,20,0,0,1,ไม่ผ่าน,False,
Apr26,Unknown,2026-04-05,[26.02.2026][Course] การทำพินัยกรรมไม่ใช่ลางร้าย,IMG,MyLastBook,Meta,992,1096,113.96,2,658.0,5.774,1.8,103.98,56.98,36,3.2847,1,0,0,1,ผ่าน,False,
Apr26,Unknown,2026-04-05,[27.02.2026][Course] สิ่งที่ทำแล้วพินัยกรรมอาจเป็นโมฆะ (CourseMSG),IMG,MyLastBook,Meta,8061,9797,1087.97,7,2373.0,2.1811,1.8,111.05,155.42,487,4.9709,13,0,0,1,ผ่าน,False,
Apr26,Unknown,2026-04-05,[11.02.2026][Course] ทำเอง VS จ้างทนาย,IMG,MyLastBook,Meta,183,197,25.73,0,0.0,0.0,1.8,130.61,0.0,4,2.0305,0,0,0,1,ไม่มียอดขาย,False,
Apr26,Unknown,2026-04-05,[11.03.2026][Course] ไม่อยากเป็นภาระเมื่อจากไป ต้องวางแผนให้ครอบคลุม,IMG,MyLastBook,Meta,2093,2236,196.97,1,329.0,1.6703,1.8,88.09,196.97,115,5.1431,2,0,0,1,ไม่ผ่าน,False,
Apr26,Unknown,2026-04-05,[25.03.2026][Course] เรื่องที่พูดยากที่สุดในบ้าน,IMG,MyLastBook,Meta,6116,6402,643.54,2,658.0,1.0225,1.8,100.52,321.77,275,4.2955,18,0,0,1,ไม่ผ่าน,False,
Apr26,Unknown,2026-04-06,[27.02.2026][Course] สิ่งที่ทำแล้วพินัยกรรมอาจเป็นโมฆะ (CourseMSG),IMG,MyLastBook,Meta,0,0,0.0,0,0.0,0.0,1.8,0.0,0.0,0,0.0,2,0,0,1,ไม่มียอดขาย,False,
Apr26,Unknown,2026-04-06,[11.03.2026][Course] ไม่อยากเป็นภาระเมื่อจากไป ต้องวางแผนให้ครอบคลุม,IMG,MyLastBook,Meta,0,0,0.0,0,0.0,0.0,1.8,0.0,0.0,0,0.0,1,0,0,1,ไม่มียอดขาย,False,
Apr26,Unknown,2026-04-06,[25.03.2026][Course] เรื่องที่พูดยากที่สุดในบ้าน,IMG,MyLastBook,Meta,0,0,0.0,1,399.0,0.0,1.8,0.0,0.0,0,0.0,0,0,0,1,ไม่ผ่าน,False,
Apr26,Unknown,2026-04-07,[27.02.2026][Course] สิ่งที่ทำแล้วพินัยกรรมอาจเป็นโมฆะ (CourseMSG),IMG,MyLastBook,Meta,0,0,0.0,0,0.0,0.0,1.8,0.0,0.0,0,0.0,0,0,0,1,ไม่มียอดขาย,False,
Apr26,Unknown,2026-04-07,[11.03.2026][Course] ไม่อยากเป็นภาระเมื่อจากไป ต้องวางแผนให้ครอบคลุม,IMG,MyLastBook,Meta,0,0,0.0,0,0.0,0.0,1.8,0.0,0.0,0,0.0,0,0,0,1,ไม่มียอดขาย,False,
Apr26,Unknown,2026-04-07,[25.03.2026][Course] เรื่องที่พูดยากที่สุดในบ้าน,IMG,MyLastBook,Meta,0,0,0.0,0,0.0,0.0,1.8,0.0,0.0,0,0.0,0,0,0,1,ไม่มียอดขาย,False,
Apr26,Unknown,2026-04-07,[26.03.26][PILOT][GD] โปรงานหนังสือ 329 (26 Mar - 6 Apr),IMG,MyLastBook,Meta,0,0,0.0,0,0.0,0.0,1.8,0.0,0.0,0,0.0,0,0,0,1,ไม่มียอดขาย,False,
Apr26,Unknown,2026-04-07,[25.03.2026][Course] เรื่องที่พูดยากที่สุดในบ้าน,IMG,MyLastBook,Meta,12372,13047,966.85,3,1247.0,1.2898,1.8,74.11,322.28,552,4.2309,25,0,0,1,ไม่ผ่าน,False,
Apr26,Unknown,2026-04-07,[11.02.2026][Course] ทำเอง VS จ้างทนาย,IMG,MyLastBook,Meta,14101,15502,1399.74,2,778.0,0.5558,1.8,90.29,699.87,509,3.2834,10,0,0,1,ไม่ผ่าน,False,
Apr26,Unknown,2026-04-07,[27.02.2026][Course] สิ่งที่ทำแล้วพินัยกรรมอาจเป็นโมฆะ (CourseMSG) - Copy,IMG,MyLastBook,Meta,1442,1515,149.66,0,0.0,0.0,1.8,98.79,0.0,81,5.3465,0,0,0,1,ไม่มียอดขาย,False,
Apr26,Unknown,2026-04-07,[26.02.2026][Course] การทำพินัยกรรมไม่ใช่ลางร้าย,IMG,MyLastBook,Meta,4877,5282,407.66,2,848.0,2.0802,1.8,77.18,203.83,181,3.4267,3,0,0,1,ผ่าน,False,
Apr26,Unknown,2026-04-08,[27.02.2026][Course] สิ่งที่ทำแล้วพินัยกรรมอาจเป็นโมฆะ (CourseMSG),IMG,MyLastBook,Meta,0,0,0.0,0,0.0,0.0,1.8,0.0,0.0,0,0.0,0,0,0,1,ไม่มียอดขาย,False,
Apr26,Unknown,2026-04-08,[11.03.2026][Course] ไม่อยากเป็นภาระเมื่อจากไป ต้องวางแผนให้ครอบคลุม,IMG,MyLastBook,Meta,0,0,0.0,0,0.0,0.0,1.8,0.0,0.0,0,0.0,0,0,0,1,ไม่มียอดขาย,False,
Apr26,Unknown,2026-04-08,[25.03.2026][Course] เรื่องที่พูดยากที่สุดในบ้าน,IMG,MyLastBook,Meta,0,0,0.0,0,0.0,0.0,1.8,0.0,0.0,0,0.0,0,0,0,1,ไม่มียอดขาย,False,
Apr26,Unknown,2026-04-08,[25.03.2026][Course] เรื่องที่พูดยากที่สุดในบ้าน,IMG,MyLastBook,Meta,11456,12485,1390.34,6,2694.0,1.9377,1.8,111.36,231.72,538,4.3092,28,0,0,1,ผ่าน,False,
Apr26,Unknown,2026-04-08,[11.02.2026][Course] ทำเอง VS จ้างทนาย,IMG,MyLastBook,Meta,904,922,155.98,0,0.0,0.0,1.8,169.18,0.0,31,3.3623,0,0,0,1,ไม่มียอดขาย,False,
Apr26,Unknown,2026-04-08,[27.02.2026][Course] สิ่งที่ทำแล้วพินัยกรรมอาจเป็นโมฆะ (CourseMSG) - Copy,IMG,MyLastBook,Meta,544,583,113.2,0,0.0,0.0,1.8,194.17,0.0,22,3.7736,1,0,0,1,ไม่มียอดขาย,False,
Apr26,Unknown,2026-04-08,[26.02.2026][Course] การทำพินัยกรรมไม่ใช่ลางร้าย,IMG,MyLastBook,Meta,907,975,124.84,0,0.0,0.0,1.8,128.04,0.0,35,3.5897,1,0,0,1,ไม่มียอดขาย,False,
Apr26,Unknown,2026-04-08,[8.04.2026][Course] เจาะลึกคู่มือทำพินัยกรรมที่ครอบคลุมที่สุดในปี 2026,IMG,MyLastBook,Meta,94,97,10.94,0,0.0,0.0,1.8,112.78,0.0,4,4.1237,0,0,0,1,ไม่มียอดขาย,False,
Apr26,Unknown,2026-04-08,[6.04.2026][Course] ไม่ทำพินัยกรรมไว้ ลูกหลานเสี่ยงโดนฮุบสมบัติได้,IMG,MyLastBook,Meta,73,79,6.46,1,329.0,50.9288,1.8,81.77,6.46,2,2.5316,0,0,0,1,ผ่าน,False,
Apr26,Unknown,2026-04-09,[27.02.2026][Course] สิ่งที่ทำแล้วพินัยกรรมอาจเป็นโมฆะ (CourseMSG),IMG,MyLastBook,Meta,0,0,0.0,0,0.0,0.0,1.8,0.0,0.0,0,0.0,0,0,0,1,ไม่มียอดขาย,False,
Apr26,Unknown,2026-04-09,[11.03.2026][Course] ไม่อยากเป็นภาระเมื่อจากไป ต้องวางแผนให้ครอบคลุม,IMG,MyLastBook,Meta,0,0,0.0,0,0.0,0.0,1.8,0.0,0.0,0,0.0,0,0,0,1,ไม่มียอดขาย,False,
Apr26,Unknown,2026-04-09,[25.03.2026][Course] เรื่องที่พูดยากที่สุดในบ้าน,IMG,MyLastBook,Meta,0,0,0.0,0,0.0,0.0,1.8,0.0,0.0,0,0.0,1,0,0,1,ไม่มียอดขาย,False,
Apr26,Unknown,2026-04-09,[25.03.2026][Course] เรื่องที่พูดยากที่สุดในบ้าน,IMG,MyLastBook,Meta,8068,9190,927.63,5,2995.0,3.2287,1.8,100.94,185.53,400,4.3526,15,0,0,1,ผ่าน,False,
Apr26,Unknown,2026-04-09,[6.04.2026][Course] ไม่ทำพินัยกรรมไว้ ลูกหลานเสี่ยงโดนฮุบสมบัติได้,IMG,MyLastBook,Meta,1497,2234,198.0,0,0.0,0.0,1.8,88.63,0.0,49,2.1934,2,0,0,1,ไม่มียอดขาย,False,
Apr26,Unknown,2026-04-10,[27.02.2026][Course] สิ่งที่ทำแล้วพินัยกรรมอาจเป็นโมฆะ (CourseMSG),IMG,MyLastBook,Meta,0,0,0.0,0,0.0,0.0,1.8,0.0,0.0,0,0.0,0,0,0,1,ไม่มียอดขาย,False,
Apr26,Unknown,2026-04-10,[25.03.2026][Course] เรื่องที่พูดยากที่สุดในบ้าน,IMG,MyLastBook,Meta,0,0,0.0,0,0.0,0.0,1.8,0.0,0.0,0,0.0,0,0,0,1,ไม่มียอดขาย,False,
Apr26,Unknown,2026-04-10,[25.03.2026][Course] เรื่องที่พูดยากที่สุดในบ้าน,IMG,MyLastBook,Meta,12377,13112,967.23,4,1996.0,2.0636,1.8,73.77,241.81,501,3.8209,18,0,0,1,ผ่าน,False,
Apr26,Unknown,2026-04-10,[6.04.2026][Course] ไม่ทำพินัยกรรมไว้ ลูกหลานเสี่ยงโดนฮุบสมบัติได้,IMG,MyLastBook,Meta,1392,1843,153.67,1,329.0,2.141,1.8,83.38,153.67,38,2.0619,0,0,0,1,ผ่าน,False,
Apr26,Unknown,2026-04-10,[10.04.2026][PILOT][GD] โปรโมชัน คูปอง 100.- (10-20 Apr),IMG,MyLastBook,Meta,2710,4276,441.79,3,1047.0,2.3699,1.8,103.32,147.26,147,3.4378,14,0,0,1,ผ่าน,False,
Apr26,Unknown,2026-04-10,[8.04.2026][Course] เจาะลึกคู่มือทำพินัยกรรมที่ครอบคลุมที่สุดในปี 2026,IMG,MyLastBook,Meta,43,50,9.93,0,0.0,0.0,1.8,198.6,0.0,2,4.0,0,0,0,1,ไม่มียอดขาย,False,
Apr26,Unknown,2026-04-11,[25.03.2026][Course] เรื่องที่พูดยากที่สุดในบ้าน,IMG,MyLastBook,Meta,5549,5871,526.94,4,1396.0,2.6493,1.8,89.75,131.74,226,3.8494,12,0,0,1,ผ่าน,False,
Apr26,Unknown,2026-04-11,[6.04.2026][Course] ไม่ทำพินัยกรรมไว้ ลูกหลานเสี่ยงโดนฮุบสมบัติได้,IMG,MyLastBook,Meta,683,831,64.83,0,0.0,0.0,1.8,78.01,0.0,16,1.9254,0,0,0,1,ไม่มียอดขาย,False,
Apr26,Unknown,2026-04-11,[10.04.2026][PILOT][GD] โปรโมชัน คูปอง 100.- (10-20 Apr),IMG,MyLastBook,Meta,3205,4844,572.91,3,1047.0,1.8275,1.8,118.27,190.97,143,2.9521,13,0,0,1,ผ่าน,False,
Apr26,Unknown,2026-04-11,[11.04.2026][PILOT][GD] โปรโมชันซื้อ 1 แถม 1 (11-15 Apr),IMG,MyLastBook,Meta,5478,8702,677.99,12,5268.0,7.77,1.8,77.91,56.5,457,5.2517,29,0,0,1,ผ่าน,False,
Apr26,Unknown,2026-04-11,[8.04.2026][Course] เจาะลึกคู่มือทำพินัยกรรมที่ครอบคลุมที่สุดในปี 2026,IMG,MyLastBook,Meta,2891,3632,457.71,0,0.0,0.0,1.8,126.02,0.0,88,2.4229,3,0,0,1,ไม่มียอดขาย,False,
Apr26,Unknown,2026-04-12,[27.02.2026][Course] สิ่งที่ทำแล้วพินัยกรรมอาจเป็นโมฆะ (CourseMSG),IMG,MyLastBook,Meta,0,0,0.0,0,0.0,0.0,1.8,0.0,0.0,0,0.0,0,0,0,1,ไม่มียอดขาย,False,
Apr26,Unknown,2026-04-12,[25.03.2026][Course] เรื่องที่พูดยากที่สุดในบ้าน,IMG,MyLastBook,Meta,7222,8185,772.0,3,1047.0,1.3562,1.8,94.32,257.33,344,4.2028,15,0,0,1,ไม่ผ่าน,False,
Apr26,Unknown,2026-04-12,[6.04.2026][Course] ไม่ทำพินัยกรรมไว้ ลูกหลานเสี่ยงโดนฮุบสมบัติได้,IMG,MyLastBook,Meta,4217,4937,257.66,0,0.0,0.0,1.8,52.19,0.0,128,2.5927,1,0,0,1,ไม่มียอดขาย,False,
Apr26,Unknown,2026-04-12,[10.04.2026][PILOT][GD] โปรโมชัน คูปอง 100.- (10-20 Apr),IMG,MyLastBook,Meta,3078,4789,542.87,2,678.0,1.2489,1.8,113.36,271.44,140,2.9234,12,0,0,1,ไม่ผ่าน,False,
Apr26,Unknown,2026-04-12,[11.04.2026][PILOT][GD] โปรโมชันซื้อ 1 แถม 1 (11-15 Apr),IMG,MyLastBook,Meta,9188,15164,1274.44,19,8531.0,6.6939,1.8,84.04,67.08,561,3.6996,59,0,0,1,ผ่าน,False,
Apr26,Unknown,2026-04-12,[8.04.2026][Course] เจาะลึกคู่มือทำพินัยกรรมที่ครอบคลุมที่สุดในปี 2026,IMG,MyLastBook,Meta,2445,3138,286.92,3,1127.0,3.9279,1.8,91.43,95.64,73,2.3263,8,0,0,1,ผ่าน,False,
Apr26,Unknown,2026-04-12,[26.06.2026][Course] ลูกเสียเวลาในศาลเป็นปี เพราะไม่มีพินัยกรรม,IMG,MyLastBook,Meta,992,1026,67.68,0,0.0,0.0,1.8,65.96,0.0,47,4.5809,1,0,0,1,ไม่มียอดขาย,False,
Apr26,Unknown,2026-04-13,[25.03.2026][Course] เรื่องที่พูดยากที่สุดในบ้าน,IMG,MyLastBook,Meta,4626,5044,440.76,5,1995.0,4.5263,1.8,87.38,88.15,211,4.1832,10,0,0,1,ผ่าน,False,
Apr26,Unknown,2026-04-13,[11.02.2026][Course] ทำเอง VS จ้างทนาย,IMG,MyLastBook,Meta,0,0,0.0,0,0.0,0.0,1.8,0.0,0.0,0,0.0,0,0,0,1,ไม่มียอดขาย,False,
Apr26,Unknown,2026-04-13,[26.02.2026][Course] การทำพินัยกรรมไม่ใช่ลางร้าย,IMG,MyLastBook,Meta,0,0,0.0,0,0.0,0.0,1.8,0.0,0.0,0,0.0,0,0,0,1,ไม่มียอดขาย,False,
Apr26,Unknown,2026-04-13,[10.04.2026][PILOT][GD] โปรโมชัน คูปอง 100.- (10-20 Apr),IMG,MyLastBook,Meta,2593,4151,544.1,2,698.0,1.2829,1.8,131.08,272.05,116,2.7945,8,0,0,1,ไม่ผ่าน,False,
Apr26,Unknown,2026-04-13,[11.04.2026][PILOT][GD] โปรโมชันซื้อ 1 แถม 1 (11-15 Apr),IMG,MyLastBook,Meta,11172,17921,1296.28,15,6635.0,5.1185,1.8,72.33,86.42,430,2.3994,26,0,0,1,ผ่าน,False,
Apr26,Unknown,2026-04-13,[8.04.2026][Course] เจาะลึกคู่มือทำพินัยกรรมที่ครอบคลุมที่สุดในปี 2026,IMG,MyLastBook,Meta,1643,2069,144.84,1,899.0,6.2068,1.8,70.0,144.84,39,1.885,1,0,0,1,ผ่าน,False,
Apr26,Unknown,2026-04-13,[26.06.2026][Course] ลูกเสียเวลาในศาลเป็นปี เพราะไม่มีพินัยกรรม,IMG,MyLastBook,Meta,8938,10292,822.47,3,1047.0,1.273,1.8,79.91,274.16,443,4.3043,16,0,0,1,ไม่ผ่าน,False,
Apr26,Unknown,2026-04-14,[25.03.2026][Course] เรื่องที่พูดยากที่สุดในบ้าน,IMG,MyLastBook,Meta,5913,6507,606.76,3,1147.0,1.8904,1.8,93.25,202.25,222,3.4117,9,0,0,1,ผ่าน,False,
Apr26,Unknown,2026-04-14,[6.04.2026][Course] ไม่ทำพินัยกรรมไว้ ลูกหลานเสี่ยงโดนฮุบสมบัติได้,IMG,MyLastBook,Meta,0,0,0.0,0,0.0,0.0,1.8,0.0,0.0,0,0.0,0,0,0,1,ไม่มียอดขาย,False,
Apr26,Unknown,2026-04-14,[10.04.2026][PILOT][GD] โปรโมชัน คูปอง 100.- (10-20 Apr),IMG,MyLastBook,Meta,0,0,0.0,0,0.0,0.0,1.8,0.0,0.0,0,0.0,0,0,0,1,ไม่มียอดขาย,False,
Apr26,Unknown,2026-04-14,[11.04.2026][PILOT][GD] โปรโมชันซื้อ 1 แถม 1 (11-15 Apr),IMG,MyLastBook,Meta,10749,16881,1168.24,6,2594.0,2.2204,1.8,69.2,194.71,382,2.2629,19,0,0,1,ผ่าน,False,
Apr26,Unknown,2026-04-14,[8.04.2026][Course] เจาะลึกคู่มือทำพินัยกรรมที่ครอบคลุมที่สุดในปี 2026,IMG,MyLastBook,Meta,3296,4553,378.45,5,1755.0,4.6373,1.8,83.12,75.69,95,2.0865,5,0,0,1,ผ่าน,False,
Apr26,Unknown,2026-04-14,[26.06.2026][Course] ลูกเสียเวลาในศาลเป็นปี เพราะไม่มีพินัยกรรม,IMG,MyLastBook,Meta,0,0,0.0,0,0.0,0.0,1.8,0.0,0.0,0,0.0,0,0,0,1,ไม่มียอดขาย,False,
Apr26,Unknown,2026-04-15,[25.03.2026][Course] เรื่องที่พูดยากที่สุดในบ้าน,IMG,MyLastBook,Meta,3294,3492,316.74,2,748.0,2.3616,1.8,90.7,158.37,136,3.8946,8,0,0,1,ผ่าน,False,
Apr26,Unknown,2026-04-15,[11.02.2026][Course] ทำเอง VS จ้างทนาย,IMG,MyLastBook,Meta,0,0,0.0,0,0.0,0.0,1.8,0.0,0.0,0,0.0,0,0,0,1,ไม่มียอดขาย,False,
Apr26,Unknown,2026-04-15,[10.04.2026][PILOT][GD] โปรโมชัน คูปอง 100.- (10-20 Apr),IMG,MyLastBook,Meta,0,0,0.0,0,0.0,0.0,1.8,0.0,0.0,0,0.0,0,0,0,1,ไม่มียอดขาย,False,
Apr26,Unknown,2026-04-15,[11.04.2026][PILOT][GD] โปรโมชันซื้อ 1 แถม 1 (11-15 Apr),IMG,MyLastBook,Meta,11851,18111,1165.62,15,6515.0,5.5893,1.8,64.36,77.71,337,1.8607,30,0,0,1,ผ่าน,False,
Apr26,Unknown,2026-04-15,[8.04.2026][Course] เจาะลึกคู่มือทำพินัยกรรมที่ครอบคลุมที่สุดในปี 2026,IMG,MyLastBook,Meta,1324,1722,166.96,0,0.0,0.0,1.8,96.96,0.0,40,2.3229,1,0,0,1,ไม่มียอดขาย,False,
Apr26,Unknown,2026-04-16,[25.03.2026][Course] เรื่องที่พูดยากที่สุดในบ้าน,IMG,MyLastBook,Meta,3842,4240,486.47,1,349.0,0.7174,1.8,114.73,486.47,151,3.5613,10,0,0,1,ไม่ผ่าน,False,
Apr26,Unknown,2026-04-16,[10.04.2026][PILOT][GD] โปรโมชัน คูปอง 100.- (10-20 Apr),IMG,MyLastBook,Meta,0,0,0.0,0,0.0,0.0,1.8,0.0,0.0,0,0.0,0,0,0,1,ไม่มียอดขาย,False,
Apr26,Unknown,2026-04-16,[11.04.2026][PILOT][GD] โปรโมชันซื้อ 1 แถม 1 (11-15 Apr),IMG,MyLastBook,Meta,7373,11662,991.47,7,3023.0,3.049,1.8,85.02,141.64,200,1.715,16,0,0,1,ผ่าน,False,
Apr26,Unknown,2026-04-16,[8.04.2026][Course] เจาะลึกคู่มือทำพินัยกรรมที่ครอบคลุมที่สุดในปี 2026,IMG,MyLastBook,Meta,535,654,78.65,1,629.0,7.9975,1.8,120.26,78.65,12,1.8349,1,0,0,1,ผ่าน,False,
Apr26,Unknown,2026-04-17,[25.03.2026][Course] เรื่องที่พูดยากที่สุดในบ้าน,IMG,MyLastBook,Meta,2845,3098,474.22,2,678.0,1.4297,1.8,153.07,237.11,116,3.7444,5,0,0,1,ไม่ผ่าน,False,
Apr26,Unknown,2026-04-17,[11.04.2026][PILOT][GD] โปรโมชันซื้อ 1 แถม 1 (11-15 Apr),IMG,MyLastBook,Meta,7811,12871,1183.38,6,2594.0,2.192,1.8,91.94,197.23,217,1.686,15,0,0,1,ผ่าน,False,
Apr26,Unknown,2026-04-17,[8.04.2026][Course] เจาะลึกคู่มือทำพินัยกรรมที่ครอบคลุมที่สุดในปี 2026,IMG,MyLastBook,Meta,1406,1848,259.93,2,698.0,2.6853,1.8,140.65,129.97,38,2.0563,2,0,0,1,ผ่าน,False,
Apr26,Unknown,2026-04-17,[26.06.2026][Course] ลูกเสียเวลาในศาลเป็นปี เพราะไม่มีพินัยกรรม,IMG,MyLastBook,Meta,2553,2902,369.5,0,0.0,0.0,1.8,127.33,0.0,114,3.9283,6,0,0,1,ไม่มียอดขาย,False,
Apr26,Unknown,2026-04-18,[25.03.2026][Course] เรื่องที่พูดยากที่สุดในบ้าน,IMG,MyLastBook,Meta,750,854,143.04,1,329.0,2.3001,1.8,167.49,143.04,30,3.5129,0,0,0,1,ผ่าน,False,
Apr26,Unknown,2026-04-18,[11.04.2026][PILOT][GD] โปรโมชันซื้อ 1 แถม 1 (11-15 Apr),IMG,MyLastBook,Meta,2327,3028,305.97,0,0.0,0.0,1.8,101.05,0.0,63,2.0806,7,0,0,1,ไม่มียอดขาย,False,
Apr26,Unknown,2026-04-18,[8.04.2026][Course] เจาะลึกคู่มือทำพินัยกรรมที่ครอบคลุมที่สุดในปี 2026,IMG,MyLastBook,Meta,560,751,104.44,0,0.0,0.0,1.8,139.07,0.0,15,1.9973,0,0,0,1,ไม่มียอดขาย,False,
Apr26,Unknown,2026-04-18,[26.06.2026][Course] ลูกเสียเวลาในศาลเป็นปี เพราะไม่มีพินัยกรรม,IMG,MyLastBook,Meta,0,0,0.0,1,349.0,0.0,1.8,0.0,0.0,0,0.0,1,0,0,1,ไม่ผ่าน,False,
Apr26,มิ้น,2026-04-01,[04.02.26][มิ้น] มนุษย์ที่เป็นคนดี (สัมภาษณ์หมอ) (Trap),IMG,Trap,Meta,1877,2245,229.63,0,0.0,0.0,1.8,102.29,0.0,74,3.2962,1,0,0,1,ไม่มียอดขาย,False,
Apr26,มิ้น,2026-04-01,[04.02.26][มิ้น] มนุษย์ที่เป็นคนดี (สัมภาษณ์หมอ) (Trap),IMG,Trap,Meta,1295,1326,228.08,0,0.0,0.0,1.8,172.01,0.0,59,4.4495,1,0,0,1,ไม่มียอดขาย,False,
Apr26,ริว,2026-04-01,[04.03.26][ริว] ซึมเศร้า (สัมภาษณ์หมอ) (Trap),IMG,Trap,Meta,3746,4253,353.85,2,818.0,2.3117,1.8,83.2,176.93,126,2.9626,5,0,0,1,ผ่าน,False,
Apr26,มิ้น,2026-04-02,[04.02.26][มิ้น] มนุษย์ที่เป็นคนดี (สัมภาษณ์หมอ) (Trap),IMG,Trap,Meta,1438,1637,170.59,0,0.0,0.0,1.8,104.21,0.0,73,4.4594,2,0,0,1,ไม่มียอดขาย,False,
Apr26,มิ้น,2026-04-02,[04.02.26][มิ้น] มนุษย์ที่เป็นคนดี (สัมภาษณ์หมอ) (Trap),IMG,Trap,Meta,2017,2155,345.12,0,0.0,0.0,1.8,160.15,0.0,126,5.8469,2,0,0,1,ไม่มียอดขาย,False,
Apr26,ริว,2026-04-02,[04.03.26][ริว] ซึมเศร้า (สัมภาษณ์หมอ) (Trap),IMG,Trap,Meta,2160,2456,247.6,0,0.0,0.0,1.8,100.81,0.0,104,4.2345,5,0,0,1,ไม่มียอดขาย,False,
Apr26,มิ้น,2026-04-03,[04.02.26][มิ้น] มนุษย์ที่เป็นคนดี (สัมภาษณ์หมอ) (Trap),IMG,Trap,Meta,1643,1919,235.05,0,0.0,0.0,1.8,122.49,0.0,56,2.9182,1,0,0,1,ไม่มียอดขาย,False,
Apr26,มิ้น,2026-04-03,[04.02.26][มิ้น] มนุษย์ที่เป็นคนดี (สัมภาษณ์หมอ) (Trap),IMG,Trap,Meta,1299,1421,205.31,0,0.0,0.0,1.8,144.48,0.0,66,4.6446,3,0,0,1,ไม่มียอดขาย,False,
Apr26,ริว,2026-04-03,[04.03.26][ริว] ซึมเศร้า (สัมภาษณ์หมอ) (Trap),IMG,Trap,Meta,9742,11962,1300.94,4,1886.0,1.4497,1.8,108.76,325.24,391,3.2687,10,0,0,1,ไม่ผ่าน,False,
Apr26,มิ้น,2026-04-04,[04.02.26][มิ้น] มนุษย์ที่เป็นคนดี (สัมภาษณ์หมอ) (Trap),IMG,Trap,Meta,1402,1654,242.44,0,0.0,0.0,1.8,146.58,0.0,68,4.1112,1,0,0,1,ไม่มียอดขาย,False,
Apr26,มิ้น,2026-04-04,[04.02.26][มิ้น] มนุษย์ที่เป็นคนดี (สัมภาษณ์หมอ) (Trap),IMG,Trap,Meta,1599,1739,265.79,1,409.0,1.5388,1.8,152.84,265.79,88,5.0604,2,0,0,1,ไม่ผ่าน,False,
Apr26,ริว,2026-04-04,[04.03.26][ริว] ซึมเศร้า (สัมภาษณ์หมอ) (Trap),IMG,Trap,Meta,1591,1720,210.11,1,339.0,1.6134,1.8,122.16,210.11,68,3.9535,3,0,0,1,ไม่ผ่าน,False,
Apr26,มิ้น,2026-04-05,[04.02.26][มิ้น] มนุษย์ที่เป็นคนดี (สัมภาษณ์หมอ) (Trap),IMG,Trap,Meta,1716,2045,196.21,0,0.0,0.0,1.8,95.95,0.0,54,2.6406,2,0,0,1,ไม่มียอดขาย,False,
Apr26,มิ้น,2026-04-05,[04.02.26][มิ้น] มนุษย์ที่เป็นคนดี (สัมภาษณ์หมอ) (Trap),IMG,Trap,Meta,2819,3323,351.89,1,409.0,1.1623,1.8,105.9,351.89,140,4.2131,5,0,0,1,ไม่ผ่าน,False,
Apr26,ริว,2026-04-05,[04.03.26][ริว] ซึมเศร้า (สัมภาษณ์หมอ) (Trap),IMG,Trap,Meta,2328,2645,229.99,1,409.0,1.7783,1.8,86.95,229.99,99,3.7429,5,0,0,1,ไม่ผ่าน,False,
Apr26,มิ้น,2026-04-06,[04.02.26][มิ้น] มนุษย์ที่เป็นคนดี (สัมภาษณ์หมอ) (Trap),IMG,Trap,Meta,1412,1707,195.53,0,0.0,0.0,1.8,114.55,0.0,71,4.1593,2,0,0,1,ไม่มียอดขาย,False,
Apr26,มิ้น,2026-04-06,[04.02.26][มิ้น] มนุษย์ที่เป็นคนดี (สัมภาษณ์หมอ) (Trap),IMG,Trap,Meta,1420,1535,203.73,1,409.0,2.0076,1.8,132.72,203.73,69,4.4951,2,0,0,1,ผ่าน,False,
Apr26,ริว,2026-04-06,[04.03.26][ริว] ซึมเศร้า (สัมภาษณ์หมอ) (Trap),IMG,Trap,Meta,2198,2477,240.94,0,0.0,0.0,1.8,97.27,0.0,95,3.8353,1,0,0,1,ไม่มียอดขาย,False,
Apr26,มิ้น,2026-04-07,[04.02.26][มิ้น] มนุษย์ที่เป็นคนดี (สัมภาษณ์หมอ) (Trap),IMG,Trap,Meta,1961,2339,253.97,0,0.0,0.0,1.8,108.58,0.0,86,3.6768,4,0,0,1,ไม่มียอดขาย,False,
Apr26,ริว,2026-04-07,[04.03.26][ริว] ซึมเศร้า (สัมภาษณ์หมอ) (Trap),IMG,Trap,Meta,9438,12247,1029.35,5,2195.0,2.1324,1.8,84.05,205.87,399,3.2579,18,0,0,1,ผ่าน,False,
Apr26,ริว,2026-04-07,[01.04.26][ริว] เลิกควบคุมสิ่งที่ควมคุมไม่ได้ (AI) (Trap),IMG,Trap,Meta,1295,1709,115.3,0,0.0,0.0,1.8,67.47,0.0,89,5.2077,0,0,0,1,ไม่มียอดขาย,False,
Apr26,Unknown,2026-04-07,[01.04.26][pearpmk] Review Influ (Trap),IMG,Trap,Meta,1739,2160,199.65,0,0.0,0.0,1.8,92.43,0.0,79,3.6574,2,0,0,1,ไม่มียอดขาย,False,
Apr26,ริว,2026-04-07,[29.03.26][ริว] วิธีรับมือโรคแพนิค (AI) (Trap),IMG,Trap,Meta,987,1122,80.43,0,0.0,0.0,1.8,71.68,0.0,67,5.9715,0,0,0,1,ไม่มียอดขาย,False,
Apr26,ริว,2026-04-07,[01.04.26][ริว] เลิกควบคุมสิ่งที่ควมคุมไม่ได้ (AI) (Trap),IMG,Trap,Meta,797,938,78.14,0,0.0,0.0,1.8,83.3,0.0,45,4.7974,0,0,0,1,ไม่มียอดขาย,False,
Apr26,ริว,2026-04-07,[01.04.26][ริว] เลิกควบคุมสิ่งที่ควมคุมไม่ได้ (AI) (Trap),IMG,Trap,Meta,759,855,110.6,1,449.0,4.0597,1.8,129.36,110.6,59,6.9006,2,0,0,1,ผ่าน,False,
Apr26,มิ้น,2026-04-08,[04.02.26][มิ้น] มนุษย์ที่เป็นคนดี (สัมภาษณ์หมอ) (Trap),IMG,Trap,Meta,0,0,0.0,0,0.0,0.0,1.8,0.0,0.0,0,0.0,0,0,0,1,ไม่มียอดขาย,False,
Apr26,ริว,2026-04-08,[04.03.26][ริว] ซึมเศร้า (สัมภาษณ์หมอ) (Trap),IMG,Trap,Meta,6325,7894,782.33,3,1227.0,1.5684,1.8,99.1,260.78,241,3.053,10,0,0,1,ไม่ผ่าน,False,
Apr26,ริว,2026-04-08,[01.04.26][ริว] เลิกควบคุมสิ่งที่ควมคุมไม่ได้ (AI) (Trap),IMG,Trap,Meta,1641,1947,193.14,0,0.0,0.0,1.8,99.2,0.0,101,5.1875,0,0,0,1,ไม่มียอดขาย,False,
Apr26,Unknown,2026-04-08,[01.04.26][pearpmk] Review Influ (Trap),IMG,Trap,Meta,1378,1601,255.58,0,0.0,0.0,1.8,159.64,0.0,82,5.1218,2,0,0,1,ไม่มียอดขาย,False,
Apr26,ริว,2026-04-08,[29.03.26][ริว] วิธีรับมือโรคแพนิค (AI) (Trap),IMG,Trap,Meta,1554,1757,152.83,0,0.0,0.0,1.8,86.98,0.0,102,5.8053,1,0,0,1,ไม่มียอดขาย,False,
Apr26,ริว,2026-04-08,[01.04.26][ริว] เลิกควบคุมสิ่งที่ควมคุมไม่ได้ (AI) (Trap),IMG,Trap,Meta,1693,1839,183.86,0,0.0,0.0,1.8,99.98,0.0,122,6.634,1,0,0,1,ไม่มียอดขาย,False,
Apr26,ริว,2026-04-08,[01.04.26][ริว] เลิกควบคุมสิ่งที่ควมคุมไม่ได้ (AI) (Trap),IMG,Trap,Meta,11524,14887,1684.08,6,2594.0,1.5403,1.8,113.12,280.68,875,5.8776,10,0,0,1,ไม่ผ่าน,False,
Apr26,ริว,2026-04-08,[01.04.26][ริว] เลิกควบคุมสิ่งที่ควมคุมไม่ได้ (AI) (Trap),IMG,Trap,Meta,1269,1376,153.04,0,0.0,0.0,1.8,111.22,0.0,72,5.2326,2,0,0,1,ไม่มียอดขาย,False,
Apr26,ริว,2026-04-08,[04.03.26][ริว] ซึมเศร้า (สัมภาษณ์หมอ) (Trap),IMG,Trap,Meta,1626,1780,198.88,0,0.0,0.0,1.8,111.73,0.0,70,3.9326,2,0,0,1,ไม่มียอดขาย,False,
Apr26,ริว,2026-04-09,[04.03.26][ริว] ซึมเศร้า (สัมภาษณ์หมอ) (Trap),IMG,Trap,Meta,1962,2114,216.36,0,0.0,0.0,1.8,102.35,0.0,65,3.0747,2,0,0,1,ไม่มียอดขาย,False,
Apr26,ริว,2026-04-09,[01.04.26][ริว] เลิกควบคุมสิ่งที่ควมคุมไม่ได้ (AI) (Trap),IMG,Trap,Meta,1448,1636,204.52,0,0.0,0.0,1.8,125.01,0.0,79,4.8289,2,0,0,1,ไม่มียอดขาย,False,
Apr26,Unknown,2026-04-09,[01.04.26][pearpmk] Review Influ (Trap),IMG,Trap,Meta,1725,2006,262.23,1,429.0,1.636,1.8,130.72,262.23,77,3.8385,1,0,0,1,ไม่ผ่าน,False,
Apr26,ริว,2026-04-09,[29.03.26][ริว] วิธีรับมือโรคแพนิค (AI) (Trap),IMG,Trap,Meta,2019,2307,247.66,0,0.0,0.0,1.8,107.35,0.0,153,6.632,1,0,0,1,ไม่มียอดขาย,False,
Apr26,ริว,2026-04-09,[01.04.26][ริว] เลิกควบคุมสิ่งที่ควมคุมไม่ได้ (AI) (Trap),IMG,Trap,Meta,1071,1190,195.61,0,0.0,0.0,1.8,164.38,0.0,46,3.8655,1,0,0,1,ไม่มียอดขาย,False,
Apr26,ริว,2026-04-09,[01.04.26][ริว] เลิกควบคุมสิ่งที่ควมคุมไม่ได้ (AI) (Trap),IMG,Trap,Meta,3133,3542,526.43,2,678.0,1.2879,1.8,148.63,263.21,225,6.3523,4,0,0,1,ไม่ผ่าน,False,
Apr26,ริว,2026-04-09,[01.04.26][ริว] เลิกควบคุมสิ่งที่ควมคุมไม่ได้ (AI) (Trap),IMG,Trap,Meta,1518,1606,217.98,0,0.0,0.0,1.8,135.73,0.0,106,6.6002,1,0,0,1,ไม่มียอดขาย,False,
Apr26,ริว,2026-04-09,[04.03.26][ริว] ซึมเศร้า (สัมภาษณ์หมอ) (Trap),IMG,Trap,Meta,1632,1841,193.99,0,0.0,0.0,1.8,105.37,0.0,70,3.8023,3,0,0,1,ไม่มียอดขาย,False,
Apr26,มิ้น,2026-04-10,[04.02.26][มิ้น] มนุษย์ที่เป็นคนดี (สัมภาษณ์หมอ) (Trap),IMG,Trap,Meta,0,0,0.0,0,0.0,0.0,1.8,0.0,0.0,0,0.0,0,0,0,1,ไม่มียอดขาย,False,
Apr26,ริว,2026-04-10,[04.03.26][ริว] ซึมเศร้า (สัมภาษณ์หมอ) (Trap),IMG,Trap,Meta,2229,2488,211.71,0,0.0,0.0,1.8,85.09,0.0,74,2.9743,1,0,0,1,ไม่มียอดขาย,False,
Apr26,ริว,2026-04-10,[01.04.26][ริว] เลิกควบคุมสิ่งที่ควมคุมไม่ได้ (AI) (Trap),IMG,Trap,Meta,1422,1645,219.05,0,0.0,0.0,1.8,133.16,0.0,96,5.8359,1,0,0,1,ไม่มียอดขาย,False,
Apr26,Unknown,2026-04-10,[01.04.26][pearpmk] Review Influ (Trap),IMG,Trap,Meta,1535,1791,200.1,1,339.0,1.6942,1.8,111.73,200.1,70,3.9084,4,0,0,1,ไม่ผ่าน,False,
Apr26,ริว,2026-04-10,[29.03.26][ริว] วิธีรับมือโรคแพนิค (AI) (Trap),IMG,Trap,Meta,1307,1446,200.44,0,0.0,0.0,1.8,138.62,0.0,81,5.6017,1,0,0,1,ไม่มียอดขาย,False,
Apr26,ริว,2026-04-10,[01.04.26][ริว] เลิกควบคุมสิ่งที่ควมคุมไม่ได้ (AI) (Trap),IMG,Trap,Meta,2011,2339,315.44,1,659.0,2.0891,1.8,134.86,315.44,129,5.5152,2,0,0,1,ผ่าน,False,
Apr26,ริว,2026-04-10,[01.04.26][ริว] เลิกควบคุมสิ่งที่ควมคุมไม่ได้ (AI) (Trap),IMG,Trap,Meta,15570,23145,2740.06,8,3452.0,1.2598,1.8,118.39,342.51,1103,4.7656,14,0,0,1,ไม่ผ่าน,False,
Apr26,ริว,2026-04-10,[01.04.26][ริว] เลิกควบคุมสิ่งที่ควมคุมไม่ได้ (AI) (Trap),IMG,Trap,Meta,2101,2427,437.65,2,678.0,1.5492,1.8,180.33,218.82,140,5.7684,2,0,0,1,ไม่ผ่าน,False,
Apr26,ริว,2026-04-10,[04.03.26][ริว] ซึมเศร้า (สัมภาษณ์หมอ) (Trap),IMG,Trap,Meta,2603,3182,282.74,1,409.0,1.4466,1.8,88.86,282.74,105,3.2998,5,0,0,1,ไม่ผ่าน,False,
Apr26,ริว,2026-04-11,[04.03.26][ริว] ซึมเศร้า (สัมภาษณ์หมอ) (Trap),IMG,Trap,Meta,1632,1756,168.08,0,0.0,0.0,1.8,95.72,0.0,62,3.5308,2,0,0,1,ไม่มียอดขาย,False,
Apr26,ริว,2026-04-11,[29.03.26][ริว] วิธีรับมือโรคแพนิค (AI) (Trap),IMG,Trap,Meta,1360,1572,157.09,0,0.0,0.0,1.8,99.93,0.0,104,6.6158,0,0,0,1,ไม่มียอดขาย,False,
Apr26,ริว,2026-04-11,[01.04.26][ริว] เลิกควบคุมสิ่งที่ควมคุมไม่ได้ (AI) (Trap),IMG,Trap,Meta,1318,1518,149.25,0,0.0,0.0,1.8,98.32,0.0,65,4.282,0,0,0,1,ไม่มียอดขาย,False,
Apr26,ริว,2026-04-11,[01.04.26][ริว] เลิกควบคุมสิ่งที่ควมคุมไม่ได้ (AI) (Trap),IMG,Trap,Meta,2785,3273,277.55,0,0.0,0.0,1.8,84.8,0.0,147,4.4913,3,0,0,1,ไม่มียอดขาย,False,
Apr26,ริว,2026-04-11,[01.04.26][ริว] เลิกควบคุมสิ่งที่ควมคุมไม่ได้ (AI) (Trap),IMG,Trap,Meta,2743,3868,291.62,0,0.0,0.0,1.8,75.39,0.0,164,4.2399,2,0,0,1,ไม่มียอดขาย,False,
Apr26,Unknown,2026-04-11,[01.04.26][pearpmk] Review Influ (Trap),IMG,Trap,Meta,2814,3568,291.94,0,0.0,0.0,1.8,81.82,0.0,149,4.176,1,0,0,1,ไม่มียอดขาย,False,
Apr26,ริว,2026-04-11,[29.03.26][ริว] วิธีรับมือโรคแพนิค (AI) (Trap),IMG,Trap,Meta,0,0,0.0,0,0.0,0.0,1.8,0.0,0.0,0,0.0,1,0,0,1,ไม่มียอดขาย,False,
Apr26,ริว,2026-04-11,[01.04.26][ริว] เลิกควบคุมสิ่งที่ควมคุมไม่ได้ (AI) (Trap),IMG,Trap,Meta,0,0,0.0,1,339.0,0.0,1.8,0.0,0.0,0,0.0,1,0,0,1,ไม่ผ่าน,False,
Apr26,ริว,2026-04-11,[01.04.26][ริว] เลิกควบคุมสิ่งที่ควมคุมไม่ได้ (AI) (Trap),IMG,Trap,Meta,1136,1174,174.4,1,349.0,2.0011,1.8,148.55,174.4,62,5.2811,0,0,0,1,ผ่าน,False,
Apr26,ริว,2026-04-11,[04.03.26][ริว] ซึมเศร้า (สัมภาษณ์หมอ) (Trap),IMG,Trap,Meta,2058,2360,239.06,1,409.0,1.7109,1.8,101.3,239.06,75,3.178,2,0,0,1,ไม่ผ่าน,False,
Apr26,ริว,2026-04-12,[04.03.26][ริว] ซึมเศร้า (สัมภาษณ์หมอ) (Trap),IMG,Trap,Meta,2210,2602,193.02,0,0.0,0.0,1.8,74.18,0.0,91,3.4973,1,0,0,1,ไม่มียอดขาย,False,
Apr26,ริว,2026-04-12,[01.04.26][ริว] เลิกควบคุมสิ่งที่ควมคุมไม่ได้ (AI) (Trap),IMG,Trap,Meta,0,0,0.0,0,0.0,0.0,1.8,0.0,0.0,0,0.0,0,0,0,1,ไม่มียอดขาย,False,
Apr26,ริว,2026-04-12,[01.04.26][ริว] เลิกควบคุมสิ่งที่ควมคุมไม่ได้ (AI) (Trap),IMG,Trap,Meta,837,950,181.52,0,0.0,0.0,1.8,191.07,0.0,42,4.4211,0,0,0,1,ไม่มียอดขาย,False,
Apr26,ริว,2026-04-12,[01.04.26][ริว] เลิกควบคุมสิ่งที่ควมคุมไม่ได้ (AI) (Trap),IMG,Trap,Meta,2734,3918,289.71,1,409.0,1.4118,1.8,73.94,289.71,153,3.9051,2,0,0,1,ไม่ผ่าน,False,
Apr26,Unknown,2026-04-12,[01.04.26][pearpmk] Review Influ (Trap),IMG,Trap,Meta,3327,4537,335.51,1,409.0,1.219,1.8,73.95,335.51,182,4.0115,3,0,0,1,ไม่ผ่าน,False,
Apr26,ริว,2026-04-12,[29.03.26][ริว] วิธีรับมือโรคแพนิค (AI) (Trap),IMG,Trap,Meta,0,0,0.0,0,0.0,0.0,1.8,0.0,0.0,0,0.0,0,0,0,1,ไม่มียอดขาย,False,
Apr26,ริว,2026-04-12,[01.04.26][ริว] เลิกควบคุมสิ่งที่ควมคุมไม่ได้ (AI) (Trap),IMG,Trap,Meta,0,0,0.0,0,0.0,0.0,1.8,0.0,0.0,0,0.0,0,0,0,1,ไม่มียอดขาย,False,
Apr26,ริว,2026-04-12,[01.04.26][ริว] เลิกควบคุมสิ่งที่ควมคุมไม่ได้ (AI) (Trap),IMG,Trap,Meta,0,0,0.0,0,0.0,0.0,1.8,0.0,0.0,0,0.0,0,0,0,1,ไม่มียอดขาย,False,
Apr26,ริว,2026-04-12,[01.04.26][ริว] เลิกควบคุมสิ่งที่ควมคุมไม่ได้ (AI) (Trap),IMG,Trap,Meta,2350,2504,190.09,0,0.0,0.0,1.8,75.91,0.0,142,5.6709,1,0,0,1,ไม่มียอดขาย,False,
Apr26,ริว,2026-04-12,[01.04.26][ริว] เลิกควบคุมสิ่งที่ควมคุมไม่ได้ (AI) (Trap),IMG,Trap,Meta,1416,1820,166.84,0,0.0,0.0,1.8,91.67,0.0,68,3.7363,2,0,0,1,ไม่มียอดขาย,False,
Apr26,ริว,2026-04-12,[01.04.26][ริว] เลิกควบคุมสิ่งที่ควมคุมไม่ได้ (AI) (Trap),IMG,Trap,Meta,2049,2775,244.49,1,409.0,1.6729,1.8,88.1,244.49,113,4.0721,1,0,0,1,ไม่ผ่าน,False,
Apr26,ริว,2026-04-13,[04.03.26][ริว] ซึมเศร้า (สัมภาษณ์หมอ) (Trap),IMG,Trap,Meta,2031,2355,203.16,0,0.0,0.0,1.8,86.27,0.0,81,3.4395,3,0,0,1,ไม่มียอดขาย,False,
Apr26,ริว,2026-04-13,[01.04.26][ริว] เลิกควบคุมสิ่งที่ควมคุมไม่ได้ (AI) (Trap),IMG,Trap,Meta,1051,1198,263.52,1,409.0,1.5521,1.8,219.97,263.52,68,5.6761,0,0,0,1,ไม่ผ่าน,False,
Apr26,ริว,2026-04-13,[01.04.26][ริว] เลิกควบคุมสิ่งที่ควมคุมไม่ได้ (AI) (Trap),IMG,Trap,Meta,2657,3675,296.06,1,339.0,1.145,1.8,80.56,296.06,123,3.3469,3,0,0,1,ไม่ผ่าน,False,
Apr26,Unknown,2026-04-13,[01.04.26][pearpmk] Review Influ (Trap),IMG,Trap,Meta,3287,4322,309.32,1,409.0,1.3223,1.8,71.57,309.32,133,3.0773,3,0,0,1,ไม่ผ่าน,False,
Apr26,ริว,2026-04-13,[01.04.26][ริว] เลิกควบคุมสิ่งที่ควมคุมไม่ได้ (AI) (Trap),IMG,Trap,Meta,0,0,0.0,1,359.0,0.0,1.8,0.0,0.0,0,0.0,0,0,0,1,ไม่ผ่าน,False,
Apr26,ริว,2026-04-13,[01.04.26][ริว] เลิกควบคุมสิ่งที่ควมคุมไม่ได้ (AI) (Trap),IMG,Trap,Meta,0,0,0.0,0,0.0,0.0,1.8,0.0,0.0,0,0.0,1,0,0,1,ไม่มียอดขาย,False,
Apr26,ริว,2026-04-13,[01.04.26][ริว] เลิกควบคุมสิ่งที่ควมคุมไม่ได้ (AI) (Trap),IMG,Trap,Meta,0,0,0.0,0,0.0,0.0,1.8,0.0,0.0,0,0.0,0,0,0,1,ไม่มียอดขาย,False,
Apr26,ริว,2026-04-13,[01.04.26][ริว] เลิกควบคุมสิ่งที่ควมคุมไม่ได้ (AI) (Trap),IMG,Trap,Meta,1860,2054,196.85,0,0.0,0.0,1.8,95.84,0.0,143,6.962,1,0,0,1,ไม่มียอดขาย,False,
Apr26,ริว,2026-04-13,[01.04.26][ริว] เลิกควบคุมสิ่งที่ควมคุมไม่ได้ (AI) (Trap),IMG,Trap,Meta,1744,2033,208.44,0,0.0,0.0,1.8,102.53,0.0,95,4.6729,1,0,0,1,ไม่มียอดขาย,False,
Apr26,ริว,2026-04-13,[01.04.26][ริว] เลิกควบคุมสิ่งที่ควมคุมไม่ได้ (AI) (Trap),IMG,Trap,Meta,1571,1837,198.59,0,0.0,0.0,1.8,108.11,0.0,89,4.8449,1,0,0,1,ไม่มียอดขาย,False,
Apr26,ริว,2026-04-14,[04.03.26][ริว] ซึมเศร้า (สัมภาษณ์หมอ) (Trap),IMG,Trap,Meta,2682,3096,264.69,0,0.0,0.0,1.8,85.49,0.0,81,2.6163,1,0,0,1,ไม่มียอดขาย,False,
Apr26,ริว,2026-04-14,[01.04.26][ริว] เลิกควบคุมสิ่งที่ควมคุมไม่ได้ (AI) (Trap),IMG,Trap,Meta,2071,3156,294.13,0,0.0,0.0,1.8,93.2,0.0,94,2.9785,2,0,0,1,ไม่มียอดขาย,False,
Apr26,Unknown,2026-04-14,[01.04.26][pearpmk] Review Influ (Trap),IMG,Trap,Meta,2960,3823,271.12,1,409.0,1.5086,1.8,70.92,271.12,96,2.5111,2,0,0,1,ไม่ผ่าน,False,
Apr26,ริว,2026-04-14,[01.04.26][ริว] เลิกควบคุมสิ่งที่ควมคุมไม่ได้ (AI) (Trap),IMG,Trap,Meta,983,1134,266.6,1,409.0,1.5341,1.8,235.1,266.6,66,5.8201,3,0,0,1,ไม่ผ่าน,False,
Apr26,ริว,2026-04-14,[04.03.26][ริว] ซึมเศร้า (สัมภาษณ์หมอ) (Trap),IMG,Trap,Meta,0,0,0.0,0,0.0,0.0,1.8,0.0,0.0,0,0.0,0,0,0,1,ไม่มียอดขาย,False,
Apr26,ริว,2026-04-14,[01.04.26][ริว] เลิกควบคุมสิ่งที่ควมคุมไม่ได้ (AI) (Trap),IMG,Trap,Meta,2133,2381,261.73,1,659.0,2.5179,1.8,109.92,261.73,154,6.4679,2,0,0,1,ผ่าน,False,
Apr26,ริว,2026-04-14,[01.04.26][ริว] เลิกควบคุมสิ่งที่ควมคุมไม่ได้ (AI) (Trap),IMG,Trap,Meta,1648,1977,271.63,0,0.0,0.0,1.8,137.4,0.0,67,3.389,1,0,0,1,ไม่มียอดขาย,False,
Apr26,ริว,2026-04-14,[01.04.26][ริว] เลิกควบคุมสิ่งที่ควมคุมไม่ได้ (AI) (Trap),IMG,Trap,Meta,4293,5941,771.06,2,818.0,1.0609,1.8,129.79,385.53,261,4.3932,4,0,0,1,ไม่ผ่าน,False,
Apr26,ริว,2026-04-15,[04.03.26][ริว] ซึมเศร้า (สัมภาษณ์หมอ) (Trap),IMG,Trap,Meta,0,0,0.0,1,339.0,0.0,1.8,0.0,0.0,0,0.0,0,0,0,1,ไม่ผ่าน,False,
Apr26,ริว,2026-04-15,[01.04.26][ริว] เลิกควบคุมสิ่งที่ควมคุมไม่ได้ (AI) (Trap),IMG,Trap,Meta,1175,1346,269.13,1,409.0,1.5197,1.8,199.95,269.13,101,7.5037,1,0,0,1,ไม่ผ่าน,False,
Apr26,ริว,2026-04-15,[01.04.26][ริว] เลิกควบคุมสิ่งที่ควมคุมไม่ได้ (AI) (Trap),IMG,Trap,Meta,0,0,0.0,0,0.0,0.0,1.8,0.0,0.0,0,0.0,0,0,0,1,ไม่มียอดขาย,False,
Apr26,ริว,2026-04-15,[01.04.26][ริว] เลิกควบคุมสิ่งที่ควมคุมไม่ได้ (AI) (Trap),IMG,Trap,Meta,1721,2104,278.59,0,0.0,0.0,1.8,132.41,0.0,103,4.8954,1,0,0,1,ไม่มียอดขาย,False,
Apr26,Unknown,2026-04-15,[01.04.26][pearpmk] Review Influ (Trap),IMG,Trap,Meta,3036,3378,220.61,1,339.0,1.5366,1.8,65.31,220.61,144,4.2629,3,0,0,1,ไม่ผ่าน,False,
Apr26,ริว,2026-04-15,[04.03.26][ริว] ซึมเศร้า (สัมภาษณ์หมอ) (Trap),IMG,Trap,Meta,1254,1570,158.99,0,0.0,0.0,1.8,101.27,0.0,64,4.0764,0,0,0,1,ไม่มียอดขาย,False,
Apr26,มิ้น,2026-04-15,[04.02.26][มิ้น] มนุษย์ที่เป็นคนดี (สัมภาษณ์หมอ) (Trap),IMG,Trap,Meta,2056,2717,208.1,0,0.0,0.0,1.8,76.59,0.0,109,4.0118,3,0,0,1,ไม่มียอดขาย,False,
Apr26,ริว,2026-04-16,[29.03.26][ริว] วิธีรับมือโรคแพนิค (AI) (Trap),IMG,Trap,Meta,0,0,0.0,0,0.0,0.0,1.8,0.0,0.0,0,0.0,0,0,0,1,ไม่มียอดขาย,False,
Apr26,ริว,2026-04-16,[01.04.26][ริว] เลิกควบคุมสิ่งที่ควมคุมไม่ได้ (AI) (Trap),IMG,Trap,Meta,1119,1222,176.91,0,0.0,0.0,1.8,144.77,0.0,82,6.7103,3,0,0,1,ไม่มียอดขาย,False,
Apr26,ริว,2026-04-16,[01.04.26][ริว] เลิกควบคุมสิ่งที่ควมคุมไม่ได้ (AI) (Trap),IMG,Trap,Meta,1264,1420,160.31,0,0.0,0.0,1.8,112.89,0.0,86,6.0563,1,0,0,1,ไม่มียอดขาย,False,
Apr26,Unknown,2026-04-16,[01.04.26][pearpmk] Review Influ (Trap),IMG,Trap,Meta,2163,2524,257.16,1,409.0,1.5904,1.8,101.89,257.16,99,3.9223,4,0,0,1,ไม่ผ่าน,False,
Apr26,ริว,2026-04-16,[04.03.26][ริว] ซึมเศร้า (สัมภาษณ์หมอ) (Trap),IMG,Trap,Meta,3065,4330,443.27,2,818.0,1.8454,1.8,102.37,221.63,131,3.0254,2,0,0,1,ผ่าน,False,
Apr26,มิ้น,2026-04-16,[04.02.26][มิ้น] มนุษย์ที่เป็นคนดี (สัมภาษณ์หมอ) (Trap),IMG,Trap,Meta,1803,2110,167.97,0,0.0,0.0,1.8,79.61,0.0,71,3.3649,2,0,0,1,ไม่มียอดขาย,False,
Apr26,ริว,2026-04-17,[01.04.26][ริว] เลิกควบคุมสิ่งที่ควมคุมไม่ได้ (AI) (Trap),IMG,Trap,Meta,1107,1328,176.3,0,0.0,0.0,1.8,132.76,0.0,72,5.4217,0,0,0,1,ไม่มียอดขาย,False,
Apr26,ริว,2026-04-17,[01.04.26][ริว] เลิกควบคุมสิ่งที่ควมคุมไม่ได้ (AI) (Trap),IMG,Trap,Meta,208,225,23.81,0,0.0,0.0,1.8,105.82,0.0,20,8.8889,0,0,0,1,ไม่มียอดขาย,False,
Apr26,ริว,2026-04-17,[01.04.26][ริว] เลิกควบคุมสิ่งที่ควมคุมไม่ได้ (AI) (Trap),IMG,Trap,Meta,1288,1484,319.12,1,629.0,1.971,1.8,215.04,319.12,108,7.2776,1,0,0,1,ผ่าน,False,
Apr26,ริว,2026-04-17,[01.04.26][ริว] เลิกควบคุมสิ่งที่ควมคุมไม่ได้ (AI) (Trap),IMG,Trap,Meta,2470,2895,581.0,2,898.0,1.5456,1.8,200.69,290.5,200,6.9085,1,0,0,1,ไม่ผ่าน,False,
Apr26,ริว,2026-04-17,[04.03.26][ริว] ซึมเศร้า (สัมภาษณ์หมอ) (Trap),IMG,Trap,Meta,2475,2640,190.42,0,0.0,0.0,1.8,72.13,0.0,113,4.2803,3,0,0,1,ไม่มียอดขาย,False,
Apr26,Unknown,2026-04-17,[01.04.26][pearpmk] Review Influ (Trap),IMG,Trap,Meta,2011,2224,279.75,1,409.0,1.462,1.8,125.79,279.75,90,4.0468,5,0,0,1,ไม่ผ่าน,False,
Apr26,ริว,2026-04-17,[04.03.26][ริว] ซึมเศร้า (สัมภาษณ์หมอ) (Trap),IMG,Trap,Meta,3338,4207,540.85,1,409.0,0.7562,1.8,128.56,540.85,140,3.3278,1,0,0,1,ไม่ผ่าน,False,
Apr26,มิ้น,2026-04-17,[04.02.26][มิ้น] มนุษย์ที่เป็นคนดี (สัมภาษณ์หมอ) (Trap),IMG,Trap,Meta,0,0,0.0,0,0.0,0.0,1.8,0.0,0.0,0,0.0,0,0,0,1,ไม่มียอดขาย,False,
Apr26,ริว,2026-04-18,[01.04.26][ริว] เลิกควบคุมสิ่งที่ควมคุมไม่ได้ (AI) (Trap),IMG,Trap,Meta,1249,1512,161.69,0,0.0,0.0,1.8,106.94,0.0,63,4.1667,0,0,0,1,ไม่มียอดขาย,False,
Apr26,ริว,2026-04-18,[01.04.26][ริว] เลิกควบคุมสิ่งที่ควมคุมไม่ได้ (AI) (Trap),IMG,Trap,Meta,490,538,75.79,0,0.0,0.0,1.8,140.87,0.0,35,6.5056,0,0,0,1,ไม่มียอดขาย,False,
Apr26,ริว,2026-04-18,[01.04.26][ริว] เลิกควบคุมสิ่งที่ควมคุมไม่ได้ (AI) (Trap),IMG,Trap,Meta,443,494,84.19,0,0.0,0.0,1.8,170.43,0.0,31,6.2753,0,0,0,1,ไม่มียอดขาย,False,
Apr26,ริว,2026-04-18,[04.03.26][ริว] ซึมเศร้า (สัมภาษณ์หมอ) (Trap),IMG,Trap,Meta,1309,1512,145.24,0,0.0,0.0,1.8,96.06,0.0,48,3.1746,2,0,0,1,ไม่มียอดขาย,False,
Apr26,Unknown,2026-04-18,[01.04.26][pearpmk] Review Influ (Trap),IMG,Trap,Meta,685,749,99.84,0,0.0,0.0,1.8,133.3,0.0,29,3.8718,0,0,0,1,ไม่มียอดขาย,False,
Apr26,ริว,2026-04-18,[04.03.26][ริว] ซึมเศร้า (สัมภาษณ์หมอ) (Trap),IMG,Trap,Meta,756,838,107.55,0,0.0,0.0,1.8,128.34,0.0,22,2.6253,1,0,0,1,ไม่มียอดขาย,False,
Apr26,หมิว,2026-04-01,[19.01.26][หมิว] เปิดตัวเล่มใหม่กับดัก (Trap) (Cross Page),IMG,Trap,Meta,52863,63430,3086.49,4,1786.0,0.5787,1.8,48.66,771.62,1508,2.3774,16,0,0,1,ไม่ผ่าน,False,
Apr26,ริว,2026-04-01,[04.03.26][ริว] ซึมเศร้า (สัมภาษณ์หมอ) (Trap) (Cross Page),IMG,Trap,Meta,3011,3177,352.82,0,0.0,0.0,1.8,111.05,0.0,99,3.1161,1,0,0,1,ไม่มียอดขาย,False,
Apr26,ริว,2026-04-01,[04.03.26][ริว] ซึมเศร้า (สัมภาษณ์หมอ) (Trap) (Cross Page),IMG,Trap,Meta,3359,3607,198.22,0,0.0,0.0,1.8,54.95,0.0,118,3.2714,2,0,0,1,ไม่มียอดขาย,False,
Apr26,หมิว,2026-04-02,[19.01.26][หมิว] เปิดตัวเล่มใหม่กับดัก (Trap) (Cross Page),IMG,Trap,Meta,3165,3706,189.03,0,0.0,0.0,1.8,51.01,0.0,140,3.7777,3,0,0,1,ไม่มียอดขาย,False,
Apr26,หมิว,2026-04-03,[19.01.26][หมิว] เปิดตัวเล่มใหม่กับดัก (Trap) (Cross Page),IMG,Trap,Meta,4273,5247,239.6,1,359.0,1.4983,1.8,45.66,239.6,179,3.4115,2,0,0,1,ไม่ผ่าน,False,
Apr26,หมิว,2026-04-04,[19.01.26][หมิว] เปิดตัวเล่มใหม่กับดัก (Trap) (Cross Page),IMG,Trap,Meta,3809,4354,217.5,1,359.0,1.6506,1.8,49.95,217.5,140,3.2154,2,0,0,1,ไม่ผ่าน,False,
Apr26,หมิว,2026-04-05,[19.01.26][หมิว] เปิดตัวเล่มใหม่กับดัก (Trap) (Cross Page),IMG,Trap,Meta,3777,4651,243.4,0,0.0,0.0,1.8,52.33,0.0,205,4.4077,9,0,0,1,ไม่มียอดขาย,False,
Apr26,หมิว,2026-04-06,[19.01.26][หมิว] เปิดตัวเล่มใหม่กับดัก (Trap) (Cross Page),IMG,Trap,Meta,34455,48466,1932.25,6,2404.0,1.2441,1.8,39.87,322.04,1505,3.1053,35,0,0,1,ไม่ผ่าน,False,
Apr26,หมิว,2026-04-07,[19.01.26][หมิว] เปิดตัวเล่มใหม่กับดัก (Trap) (Cross Page),IMG,Trap,Meta,25422,29433,1260.15,4,1496.0,1.1872,1.8,42.81,315.04,829,2.8166,21,0,0,1,ไม่ผ่าน,False,
Apr26,ริว,2026-04-07,[04.03.26][ริว] ซึมเศร้า (สัมภาษณ์หมอ) (Trap) (Cross Page),IMG,Trap,Meta,3251,3605,214.65,0,0.0,0.0,1.8,59.54,0.0,155,4.2996,1,0,0,1,ไม่มียอดขาย,False,
Apr26,หมิว,2026-04-08,[19.01.26][หมิว] เปิดตัวเล่มใหม่กับดัก (Trap) (Cross Page),IMG,Trap,Meta,0,0,0.0,1,339.0,0.0,1.8,0.0,0.0,0,0.0,0,0,0,1,ไม่ผ่าน,False,
Apr26,ริว,2026-04-08,[04.03.26][ริว] ซึมเศร้า (สัมภาษณ์หมอ) (Trap) (Cross Page),IMG,Trap,Meta,2117,2376,168.63,0,0.0,0.0,1.8,70.97,0.0,123,5.1768,2,0,0,1,ไม่มียอดขาย,False,
Apr26,หมิว,2026-04-08,[19.01.26][หมิว] เปิดตัวเล่มใหม่กับดัก (Trap) (Cross Page),IMG,Trap,Meta,9852,12794,382.05,1,409.0,1.0705,1.8,29.86,382.05,441,3.4469,5,0,0,1,ไม่ผ่าน,False,
Apr26,หมิว,2026-04-09,[19.01.26][หมิว] เปิดตัวเล่มใหม่กับดัก (Trap) (Cross Page),IMG,Trap,Meta,12894,14959,643.34,2,748.0,1.1627,1.8,43.01,321.67,495,3.309,12,0,0,1,ไม่ผ่าน,False,
Apr26,ริว,2026-04-09,[04.03.26][ริว] ซึมเศร้า (สัมภาษณ์หมอ) (Trap) (Cross Page),IMG,Trap,Meta,7733,9389,625.46,2,818.0,1.3078,1.8,66.62,312.73,422,4.4946,7,0,0,1,ไม่ผ่าน,False,
Apr26,หมิว,2026-04-09,[19.01.26][หมิว] เปิดตัวเล่มใหม่กับดัก (Trap) (Cross Page),IMG,Trap,Meta,10358,11794,532.1,3,1087.0,2.0428,1.8,45.12,177.37,394,3.3407,12,0,0,1,ผ่าน,False,
Apr26,หมิว,2026-04-10,[19.01.26][หมิว] เปิดตัวเล่มใหม่กับดัก (Trap) (Cross Page),IMG,Trap,Meta,3184,3313,175.62,1,659.0,3.7524,1.8,53.01,175.62,136,4.105,4,0,0,1,ผ่าน,False,
Apr26,มิ้น,2026-04-10,[01.03.26][มิ้น] รี stock เล่มลายเซ็นหมอทานตะวัน (สัมภาษณ์หมอ) (Trap) (Cross Page),IMG,Trap,Meta,4459,4905,183.21,1,409.0,2.2324,1.8,37.35,183.21,89,1.8145,4,0,0,1,ผ่าน,False,
Apr26,ริว,2026-04-10,[04.03.26][ริว] ซึมเศร้า (สัมภาษณ์หมอ) (Trap) (Cross Page),IMG,Trap,Meta,1996,2324,201.74,0,0.0,0.0,1.8,86.81,0.0,109,4.6902,2,0,0,1,ไม่มียอดขาย,False,
Apr26,หมิว,2026-04-10,[19.01.26][หมิว] เปิดตัวเล่มใหม่กับดัก (Trap) (Cross Page),IMG,Trap,Meta,2999,3299,177.56,0,0.0,0.0,1.8,53.82,0.0,163,4.9409,3,0,0,1,ไม่มียอดขาย,False,
Apr26,หมิว,2026-04-11,[19.01.26][หมิว] เปิดตัวเล่มใหม่กับดัก (Trap) (Cross Page),IMG,Trap,Meta,5520,6843,291.36,0,0.0,0.0,1.8,42.58,0.0,275,4.0187,6,0,0,1,ไม่มียอดขาย,False,
Apr26,มิ้น,2026-04-11,[01.03.26][มิ้น] รี stock เล่มลายเซ็นหมอทานตะวัน (สัมภาษณ์หมอ) (Trap) (Cross Page),IMG,Trap,Meta,2913,3568,288.08,1,350.0,1.2149,1.8,80.74,288.08,109,3.0549,2,0,0,1,ไม่ผ่าน,False,
Apr26,ริว,2026-04-11,[04.03.26][ริว] ซึมเศร้า (สัมภาษณ์หมอ) (Trap) (Cross Page),IMG,Trap,Meta,2113,2641,207.61,1,409.0,1.97,1.8,78.61,207.61,143,5.4146,4,0,0,1,ผ่าน,False,
Apr26,หมิว,2026-04-11,[19.01.26][หมิว] เปิดตัวเล่มใหม่กับดัก (Trap) (Cross Page),IMG,Trap,Meta,2807,3168,160.62,1,409.0,2.5464,1.8,50.7,160.62,109,3.4407,2,0,0,1,ผ่าน,False,
Apr26,หมิว,2026-04-12,[19.01.26][หมิว] เปิดตัวเล่มใหม่กับดัก (Trap) (Cross Page),IMG,Trap,Meta,5675,7495,328.63,2,698.0,2.124,1.8,43.85,164.31,324,4.3229,8,0,0,1,ผ่าน,False,
Apr26,มิ้น,2026-04-12,[01.03.26][มิ้น] รี stock เล่มลายเซ็นหมอทานตะวัน (สัมภาษณ์หมอ) (Trap) (Cross Page),IMG,Trap,Meta,2313,2627,207.99,1,339.0,1.6299,1.8,79.17,207.99,58,2.2078,1,0,0,1,ไม่ผ่าน,False,
Apr26,ริว,2026-04-12,[04.03.26][ริว] ซึมเศร้า (สัมภาษณ์หมอ) (Trap) (Cross Page),IMG,Trap,Meta,0,0,0.0,0,0.0,0.0,1.8,0.0,0.0,0,0.0,0,0,0,1,ไม่มียอดขาย,False,
Apr26,หมิว,2026-04-12,[19.01.26][หมิว] เปิดตัวเล่มใหม่กับดัก (Trap) (Cross Page),IMG,Trap,Meta,3441,3979,168.1,0,0.0,0.0,1.8,42.25,0.0,136,3.4179,4,0,0,1,ไม่มียอดขาย,False,
Apr26,หมิว,2026-04-13,[19.01.26][หมิว] เปิดตัวเล่มใหม่กับดัก (Trap) (Cross Page),IMG,Trap,Meta,5864,7558,296.01,3,1777.0,6.0032,1.8,39.17,98.67,273,3.6121,12,0,0,1,ผ่าน,False,
Apr26,มิ้น,2026-04-13,[01.03.26][มิ้น] รี stock เล่มลายเซ็นหมอทานตะวัน (สัมภาษณ์หมอ) (Trap) (Cross Page),IMG,Trap,Meta,11366,13401,850.53,4,2316.0,2.723,1.8,63.47,212.63,232,1.7312,8,0,0,1,ผ่าน,False,
Apr26,ริว,2026-04-13,[04.03.26][ริว] ซึมเศร้า (สัมภาษณ์หมอ) (Trap) (Cross Page),IMG,Trap,Meta,0,0,0.0,0,0.0,0.0,1.8,0.0,0.0,0,0.0,2,0,0,1,ไม่มียอดขาย,False,
Apr26,หมิว,2026-04-13,[19.01.26][หมิว] เปิดตัวเล่มใหม่กับดัก (Trap) (Cross Page),IMG,Trap,Meta,5455,6344,266.8,1,339.0,1.2706,1.8,42.06,266.8,190,2.995,5,0,0,1,ไม่ผ่าน,False,
Apr26,หมิว,2026-04-14,[19.01.26][หมิว] เปิดตัวเล่มใหม่กับดัก (Trap) (Cross Page),IMG,Trap,Meta,8386,11060,392.79,4,2556.0,6.5073,1.8,35.51,98.2,368,3.3273,8,0,0,1,ผ่าน,False,
Apr26,มิ้น,2026-04-14,[01.03.26][มิ้น] รี stock เล่มลายเซ็นหมอทานตะวัน (สัมภาษณ์หมอ) (Trap) (Cross Page),IMG,Trap,Meta,2337,2625,237.18,0,0.0,0.0,1.8,90.35,0.0,77,2.9333,0,0,0,1,ไม่มียอดขาย,False,
Apr26,ริว,2026-04-14,[04.03.26][ริว] ซึมเศร้า (สัมภาษณ์หมอ) (Trap) (Cross Page),IMG,Trap,Meta,0,0,0.0,0,0.0,0.0,1.8,0.0,0.0,0,0.0,0,0,0,1,ไม่มียอดขาย,False,
Apr26,หมิว,2026-04-14,[19.01.26][หมิว] เปิดตัวเล่มใหม่กับดัก (Trap) (Cross Page),IMG,Trap,Meta,5194,5853,238.78,1,659.0,2.7599,1.8,40.8,238.78,170,2.9045,5,0,0,1,ผ่าน,False,
Apr26,หมิว,2026-04-15,[19.01.26][หมิว] เปิดตัวเล่มใหม่กับดัก (Trap) (Cross Page),IMG,Trap,Meta,9564,11625,404.17,3,1197.0,2.9616,1.8,34.77,134.72,376,3.2344,8,0,0,1,ผ่าน,False,
Apr26,มิ้น,2026-04-15,[01.03.26][มิ้น] รี stock เล่มลายเซ็นหมอทานตะวัน (สัมภาษณ์หมอ) (Trap) (Cross Page),IMG,Trap,Meta,3135,3889,314.77,1,409.0,1.2994,1.8,80.94,314.77,99,2.5456,4,0,0,1,ไม่ผ่าน,False,
Apr26,ริว,2026-04-15,[04.03.26][ริว] ซึมเศร้า (สัมภาษณ์หมอ) (Trap) (Cross Page),IMG,Trap,Meta,0,0,0.0,0,0.0,0.0,1.8,0.0,0.0,0,0.0,0,0,0,1,ไม่มียอดขาย,False,
Apr26,หมิว,2026-04-15,[19.01.26][หมิว] เปิดตัวเล่มใหม่กับดัก (Trap) (Cross Page),IMG,Trap,Meta,3348,3692,211.98,1,0.0,0.0,1.8,57.42,211.98,142,3.8462,6,0,0,1,ไม่ผ่าน,False,
Apr26,หมิว,2026-04-16,[19.01.26][หมิว] เปิดตัวเล่มใหม่กับดัก (Trap) (Cross Page),IMG,Trap,Meta,4135,4479,172.21,0,0.0,0.0,1.8,38.45,0.0,160,3.5722,3,0,0,1,ไม่มียอดขาย,False,
Apr26,มิ้น,2026-04-16,[01.03.26][มิ้น] รี stock เล่มลายเซ็นหมอทานตะวัน (สัมภาษณ์หมอ) (Trap) (Cross Page),IMG,Trap,Meta,2173,2380,193.06,0,0.0,0.0,1.8,81.12,0.0,54,2.2689,1,0,0,1,ไม่มียอดขาย,False,
Apr26,หมิว,2026-04-16,[19.01.26][หมิว] เปิดตัวเล่มใหม่กับดัก (Trap) (Cross Page),IMG,Trap,Meta,4475,5134,205.88,0,0.0,0.0,1.8,40.1,0.0,179,3.4866,2,0,0,1,ไม่มียอดขาย,False,
Apr26,หมิว,2026-04-17,[19.01.26][หมิว] เปิดตัวเล่มใหม่กับดัก (Trap) (Cross Page),IMG,Trap,Meta,5552,6645,279.84,1,409.0,1.4615,1.8,42.11,279.84,245,3.687,7,0,0,1,ไม่ผ่าน,False,
Apr26,มิ้น,2026-04-17,[01.03.26][มิ้น] รี stock เล่มลายเซ็นหมอทานตะวัน (สัมภาษณ์หมอ) (Trap) (Cross Page),IMG,Trap,Meta,1976,2313,175.02,0,0.0,0.0,1.8,75.67,0.0,51,2.2049,1,0,0,1,ไม่มียอดขาย,False,
Apr26,หมิว,2026-04-17,[19.01.26][หมิว] เปิดตัวเล่มใหม่กับดัก (Trap) (Cross Page),IMG,Trap,Meta,0,0,0.0,0,0.0,0.0,1.8,0.0,0.0,0,0.0,0,0,0,1,ไม่มียอดขาย,False,
Apr26,หมิว,2026-04-18,[19.01.26][หมิว] เปิดตัวเล่มใหม่กับดัก (Trap) (Cross Page),IMG,Trap,Meta,1539,1786,85.87,0,0.0,0.0,1.8,48.08,0.0,55,3.0795,2,0,0,1,ไม่มียอดขาย,False,
Apr26,มิ้น,2026-04-18,[01.03.26][มิ้น] รี stock เล่มลายเซ็นหมอทานตะวัน (สัมภาษณ์หมอ) (Trap) (Cross Page),IMG,Trap,Meta,1402,1635,107.01,0,0.0,0.0,1.8,65.45,0.0,33,2.0183,1,0,0,1,ไม่มียอดขาย,False,
Apr26,หมิว,2026-04-03,[03.04.26][หมิว] Shopee 4.4 (Trap),IMG,Trap,Meta,609,626,20.54,0,0.0,0.0,1.8,32.81,0.0,15,2.3962,0,0,0,1,ไม่มียอดขาย,False,
Apr26,หมิว,2026-04-04,[03.04.26][หมิว] Shopee 4.4 (Trap),IMG,Trap,Meta,3736,5513,126.82,0,0.0,0.0,1.8,23.0,0.0,83,1.5055,0,0,0,1,ไม่มียอดขาย,False,
Apr26,หมิว,2026-04-05,[03.04.26][หมิว] Shopee 4.4 (Trap),IMG,Trap,Meta,3776,6527,105.77,0,0.0,0.0,1.8,16.2,0.0,88,1.3482,0,0,0,1,ไม่มียอดขาย,False,
Apr26,หมิว,2026-04-06,[03.04.26][หมิว] Shopee 4.4 (Trap),IMG,Trap,Meta,3783,5718,96.57,0,0.0,0.0,1.8,16.89,0.0,82,1.4341,0,0,0,1,ไม่มียอดขาย,False,
Apr26,หมิว,2026-04-15,[14.04.26][หมิว] April MidMonth Sale (Trap),IMG,Trap,Meta,3696,4077,126.2,0,0.0,0.0,1.8,30.95,0.0,82,2.0113,0,0,0,1,ไม่มียอดขาย,False,
Apr26,หมิว,2026-04-16,[14.04.26][หมิว] April MidMonth Sale (Trap),IMG,Trap,Meta,3981,4562,123.72,0,0.0,0.0,1.8,27.12,0.0,55,1.2056,0,0,0,1,ไม่มียอดขาย,False,
Apr26,หมิว,2026-04-15,[29.01.26][หมิว] โทษตัวเองเก่ง (Trap),IMG,Trap,Meta,1632,2100,165.2,0,0.0,0.0,1.8,78.67,0.0,48,2.2857,1,0,0,1,ไม่มียอดขาย,False,
Apr26,หมิว,2026-04-15,[29.01.26][หมิว] โทษตัวเองเก่ง (Trap),IMG,Trap,Meta,1021,1442,187.29,0,0.0,0.0,1.8,129.88,0.0,58,4.0222,1,0,0,1,ไม่มียอดขาย,False,
Apr26,หมิว,2026-04-16,[29.01.26][หมิว] โทษตัวเองเก่ง (Trap),IMG,Trap,Meta,3057,4127,190.56,0,0.0,0.0,1.8,46.17,0.0,79,1.9142,1,0,0,1,ไม่มียอดขาย,False,
Apr26,หมิว,2026-04-16,[29.01.26][หมิว] โทษตัวเองเก่ง (Trap),IMG,Trap,Meta,1968,2721,204.96,0,0.0,0.0,1.8,75.33,0.0,62,2.2786,0,0,0,1,ไม่มียอดขาย,False,
Apr26,มิ้น,2026-04-01,[04.02.26][มิ้น] มนุษย์ที่เป็นคนดี (สัมภาษณ์หมอ) (Trap),IMG,Trap,Meta,1630,1706,147.8,0,0.0,0.0,1.8,86.64,0.0,73,4.279,2,0,0,1,ไม่มียอดขาย,False,
Apr26,มิ้น,2026-04-01,[01.03.26][มิ้น] รี stock เล่มลายเซ็นหมอทานตะวัน (สัมภาษณ์หมอ) (Trap),IMG,Trap,Meta,10246,13272,1021.4,4,1556.0,1.5234,1.8,76.96,255.35,248,1.8686,10,0,0,1,ไม่ผ่าน,False,
Apr26,ริว,2026-04-01,[04.03.26][ริว] ซึมเศร้า (สัมภาษณ์หมอ) (Trap),IMG,Trap,Meta,3160,3552,268.74,1,409.0,1.5219,1.8,75.66,268.74,138,3.8851,6,0,0,1,ไม่ผ่าน,False,
Apr26,ริว,2026-04-01,[04.03.26][ริว] ซึมเศร้า (สัมภาษณ์หมอ) (Trap),IMG,Trap,Meta,0,0,0.0,0,0.0,0.0,1.8,0.0,0.0,0,0.0,0,0,0,1,ไม่มียอดขาย,False,
Apr26,มิ้น,2026-04-01,[20.03.26][มิ้น] คนคิดเยอะมักเจ็บจากความคิดตัวเอง (Trap),IMG,Trap,Meta,795,873,188.03,0,0.0,0.0,1.8,215.38,0.0,36,4.1237,0,0,0,1,ไม่มียอดขาย,False,
Apr26,มิ้น,2026-04-01,[04.02.26][มิ้น] มนุษย์ที่เป็นคนดี (สัมภาษณ์หมอ) (Trap),IMG,Trap,Meta,6314,7484,576.7,2,968.0,1.6785,1.8,77.06,288.35,360,4.8103,8,0,0,1,ไม่ผ่าน,False,
Apr26,มิ้น,2026-04-01,[04.02.26][มิ้น] มนุษย์ที่เป็นคนดี (สัมภาษณ์หมอ) (Trap),IMG,Trap,Meta,1758,1884,188.07,0,0.0,0.0,1.8,99.82,0.0,92,4.8832,1,0,0,1,ไม่มียอดขาย,False,
Apr26,ริว,2026-04-01,[10.03.26][ริว] ซึมเศร้า animation (Trap),IMG,Trap,Meta,2759,3179,309.72,1,409.0,1.3205,1.8,97.43,309.72,224,7.0462,5,0,0,1,ไม่ผ่าน,False,
Apr26,ริว,2026-04-01,[04.03.26][ริว] ซึมเศร้า (สัมภาษณ์หมอ) (Trap),IMG,Trap,Meta,1997,2241,187.28,0,0.0,0.0,1.8,83.57,0.0,61,2.722,2,0,0,1,ไม่มียอดขาย,False,
Apr26,มิ้น,2026-04-01,[04.02.26][มิ้น] มนุษย์ที่เป็นคนดี (สัมภาษณ์หมอ) (Trap),IMG,Trap,Meta,0,0,0.0,0,0.0,0.0,1.8,0.0,0.0,0,0.0,0,0,0,1,ไม่มียอดขาย,False,
Apr26,ริว,2026-04-01,[29.03.26][ริว] วิธีรับมือโรคแพนิค (AI) (Trap),IMG,Trap,Meta,2535,2757,219.1,1,409.0,1.8667,1.8,79.47,219.1,171,6.2024,1,0,0,1,ผ่าน,False,
Apr26,มิ้น,2026-04-01,[29.03.26][มิ้น] กับดักความรู้ผิดของ LGBTQ+ (Trap),IMG,Trap,Meta,1910,2363,236.07,1,409.0,1.7325,1.8,99.9,236.07,117,4.9513,2,0,0,1,ไม่ผ่าน,False,
Apr26,มิ้น,2026-04-01,[20.03.26][มิ้น] คนคิดเยอะมักเจ็บจากความคิดตัวเอง (Trap),IMG,Trap,Meta,817,957,216.24,0,0.0,0.0,1.8,225.96,0.0,43,4.4932,0,0,0,1,ไม่มียอดขาย,False,
Apr26,ริว,2026-04-01,[04.03.26][ริว] ซึมเศร้า (สัมภาษณ์หมอ) (Trap),IMG,Trap,Meta,4090,4700,238.09,1,409.0,1.7178,1.8,50.66,238.09,134,2.8511,3,0,0,1,ไม่ผ่าน,False,
Apr26,ริว,2026-04-01,[04.03.26][ริว] ซึมเศร้า (สัมภาษณ์หมอ) (Trap),IMG,Trap,Meta,2622,2948,213.56,0,0.0,0.0,1.8,72.44,0.0,98,3.3243,3,0,0,1,ไม่มียอดขาย,False,
Apr26,ริว,2026-04-01,[04.03.26][ริว] ซึมเศร้า (สัมภาษณ์หมอ) (Trap),IMG,Trap,Meta,2885,3073,228.79,1,409.0,1.7877,1.8,74.45,228.79,80,2.6033,1,0,0,1,ไม่ผ่าน,False,
Apr26,มิ้น,2026-04-01,[04.02.26][มิ้น] มนุษย์ที่เป็นคนดี (สัมภาษณ์หมอ) (Trap),IMG,Trap,Meta,1483,1609,229.93,0,0.0,0.0,1.8,142.9,0.0,103,6.4015,0,0,0,1,ไม่มียอดขาย,False,
Apr26,มิ้น,2026-04-01,[04.02.26][มิ้น] มนุษย์ที่เป็นคนดี (สัมภาษณ์หมอ) (Trap),IMG,Trap,Meta,1612,1803,212.74,0,0.0,0.0,1.8,117.99,0.0,92,5.1026,1,0,0,1,ไม่มียอดขาย,False,
Apr26,มิ้น,2026-04-01,[04.02.26][มิ้น] มนุษย์ที่เป็นคนดี (สัมภาษณ์หมอ) (Trap),IMG,Trap,Meta,3960,4556,233.33,1,409.0,1.7529,1.8,51.21,233.33,169,3.7094,4,0,0,1,ไม่ผ่าน,False,
Apr26,มิ้น,2026-04-01,[20.03.26][มิ้น] คนคิดเยอะมักเจ็บจากความคิดตัวเอง (Trap),IMG,Trap,Meta,872,1085,254.0,0,0.0,0.0,1.8,234.1,0.0,48,4.424,0,0,0,1,ไม่มียอดขาย,False,
Apr26,ริว,2026-04-01,[29.03.26][ริว] วิธีรับมือโรคแพนิค (AI) (Trap),IMG,Trap,Meta,5280,5853,350.73,1,590.0,1.6822,1.8,59.92,350.73,350,5.9798,8,0,0,1,ไม่ผ่าน,False,
Apr26,Unknown,2026-04-01,[01.04.26][pearpmk] Review Influ (Trap),IMG,Trap,Meta,2241,2578,248.46,1,409.0,1.6461,1.8,96.38,248.46,164,6.3615,5,0,0,1,ไม่ผ่าน,False,
Apr26,Unknown,2026-04-01,[01.04.26][purrfectlytashasha] Review Influ (Trap),IMG,Trap,Meta,5015,6971,584.5,3,1227.0,2.0992,1.8,83.85,194.83,228,3.2707,5,0,0,1,ผ่าน,False,
Apr26,ริว,2026-04-01,[01.04.26][ริว] เลิกควบคุมสิ่งที่ควมคุมไม่ได้ (AI) (Trap),IMG,Trap,Meta,1673,1861,202.37,0,0.0,0.0,1.8,108.74,0.0,136,7.3079,0,0,0,1,ไม่มียอดขาย,False,
Apr26,มิ้น,2026-04-01,[01.04.26][มิ้น] 5 ข้อคิดที่จะได้รับจากหนังสือ (Trap),IMG,Trap,Meta,744,940,194.84,2,988.0,5.0708,1.8,207.28,97.42,27,2.8723,1,0,0,1,ผ่าน,False,
Apr26,ริว,2026-04-01,[04.03.26][ริว] ซึมเศร้า (สัมภาษณ์หมอ) (Trap),IMG,Trap,Meta,3179,3508,202.43,0,0.0,0.0,1.8,57.71,0.0,120,3.4208,3,0,0,1,ไม่มียอดขาย,False,
Apr26,มิ้น,2026-04-01,[04.02.26][มิ้น] มนุษย์ที่เป็นคนดี (สัมภาษณ์หมอ) (Trap),IMG,Trap,Meta,2497,2807,184.6,0,0.0,0.0,1.8,65.76,0.0,120,4.275,3,0,0,1,ไม่มียอดขาย,False,
Apr26,มิ้น,2026-04-02,[04.02.26][มิ้น] มนุษย์ที่เป็นคนดี (สัมภาษณ์หมอ) (Trap),IMG,Trap,Meta,1472,1526,179.53,0,0.0,0.0,1.8,117.65,0.0,78,5.1114,2,0,0,1,ไม่มียอดขาย,False,
Apr26,มิ้น,2026-04-02,[01.03.26][มิ้น] รี stock เล่มลายเซ็นหมอทานตะวัน (สัมภาษณ์หมอ) (Trap),IMG,Trap,Meta,0,0,0.0,0,0.0,0.0,1.8,0.0,0.0,0,0.0,0,0,0,1,ไม่มียอดขาย,False,
Apr26,มิ้น,2026-04-02,[04.02.26][มิ้น] มนุษย์ที่เป็นคนดี (สัมภาษณ์หมอ) (Trap),IMG,Trap,Meta,2519,2609,232.85,0,0.0,0.0,1.8,89.25,0.0,136,5.2127,3,0,0,1,ไม่มียอดขาย,False,
Apr26,มิ้น,2026-04-02,[04.02.26][มิ้น] มนุษย์ที่เป็นคนดี (สัมภาษณ์หมอ) (Trap),IMG,Trap,Meta,2369,2444,220.98,0,0.0,0.0,1.8,90.42,0.0,115,4.7054,2,0,0,1,ไม่มียอดขาย,False,
Apr26,ริว,2026-04-02,[10.03.26][ริว] ซึมเศร้า animation (Trap),IMG,Trap,Meta,2636,2770,234.39,1,409.0,1.745,1.8,84.62,234.39,162,5.8484,5,0,0,1,ไม่ผ่าน,False,
Apr26,ริว,2026-04-02,[04.03.26][ริว] ซึมเศร้า (สัมภาษณ์หมอ) (Trap),IMG,Trap,Meta,8643,9502,825.83,3,1227.0,1.4858,1.8,86.91,275.28,298,3.1362,7,0,0,1,ไม่ผ่าน,False,
Apr26,ริว,2026-04-02,[23.02.26][ริว] แม่คือคนรับผิดชอบ (Trap),IMG,Trap,Meta,0,0,0.0,0,0.0,0.0,1.8,0.0,0.0,0,0.0,1,0,0,1,ไม่มียอดขาย,False,
Apr26,ริว,2026-04-02,[04.03.26][ริว] ซึมเศร้า (สัมภาษณ์หมอ) (Trap),IMG,Trap,Meta,0,0,0.0,0,0.0,0.0,1.8,0.0,0.0,0,0.0,0,0,0,1,ไม่มียอดขาย,False,
Apr26,มิ้น,2026-04-02,[04.02.26][มิ้น] มนุษย์ที่เป็นคนดี (สัมภาษณ์หมอ) (Trap),IMG,Trap,Meta,0,0,0.0,0,0.0,0.0,1.8,0.0,0.0,0,0.0,0,0,0,1,ไม่มียอดขาย,False,
Apr26,มิ้น,2026-04-02,[04.02.26][มิ้น] มนุษย์ที่เป็นคนดี (สัมภาษณ์หมอ) (Trap),IMG,Trap,Meta,0,0,0.0,0,0.0,0.0,1.8,0.0,0.0,0,0.0,0,0,0,1,ไม่มียอดขาย,False,
Apr26,ริว,2026-04-02,[29.03.26][ริว] วิธีรับมือโรคแพนิค (AI) (Trap),IMG,Trap,Meta,17065,18863,1256.27,5,2275.0,1.8109,1.8,66.6,251.25,1012,5.365,8,0,0,1,ผ่าน,False,
Apr26,Unknown,2026-04-02,[01.04.26][pearpmk] Review Influ (Trap),IMG,Trap,Meta,2926,3132,320.13,1,409.0,1.2776,1.8,102.21,320.13,160,5.1086,6,0,0,1,ไม่ผ่าน,False,
Apr26,Unknown,2026-04-02,[01.04.26][purrfectlytashasha] Review Influ (Trap),IMG,Trap,Meta,11523,12998,938.58,3,1147.0,1.2221,1.8,72.21,312.86,416,3.2005,3,0,0,1,ไม่ผ่าน,False,
Apr26,ริว,2026-04-02,[01.04.26][ริว] เลิกควบคุมสิ่งที่ควมคุมไม่ได้ (AI) (Trap),IMG,Trap,Meta,53816,72631,5047.26,21,9279.0,1.8384,1.8,69.49,240.35,4220,5.8102,58,0,0,1,ผ่าน,False,
Apr26,มิ้น,2026-04-02,[01.04.26][มิ้น] 5 ข้อคิดที่จะได้รับจากหนังสือ (Trap),IMG,Trap,Meta,993,1088,223.09,0,0.0,0.0,1.8,205.05,0.0,22,2.0221,0,0,0,1,ไม่มียอดขาย,False,
Apr26,ริว,2026-04-02,[04.03.26][ริว] ซึมเศร้า (สัมภาษณ์หมอ) (Trap),IMG,Trap,Meta,4796,4998,271.98,0,0.0,0.0,1.8,54.42,0.0,184,3.6815,2,0,0,1,ไม่มียอดขาย,False,
Apr26,มิ้น,2026-04-02,[04.02.26][มิ้น] มนุษย์ที่เป็นคนดี (สัมภาษณ์หมอ) (Trap),IMG,Trap,Meta,2296,2378,214.24,0,0.0,0.0,1.8,90.09,0.0,159,6.6863,1,0,0,1,ไม่มียอดขาย,False,
Apr26,มิ้น,2026-04-02,[02.04.26][มิ้น] อย่าปล่อยให้อีโก้ (Trap),IMG,Trap,Meta,1049,1239,158.48,0,0.0,0.0,1.8,127.91,0.0,100,8.071,1,0,0,1,ไม่มียอดขาย,False,
Apr26,มิ้น,2026-04-03,[04.02.26][มิ้น] มนุษย์ที่เป็นคนดี (สัมภาษณ์หมอ) (Trap),IMG,Trap,Meta,10807,12121,1202.82,3,1227.0,1.0201,1.8,99.23,400.94,521,4.2983,10,0,0,1,ไม่ผ่าน,False,
Apr26,ริว,2026-04-03,[04.03.26][ริว] ซึมเศร้า (สัมภาษณ์หมอ) (Trap),IMG,Trap,Meta,0,0,0.0,0,0.0,0.0,1.8,0.0,0.0,0,0.0,0,0,0,1,ไม่มียอดขาย,False,
Apr26,มิ้น,2026-04-03,[04.02.26][มิ้น] มนุษย์ที่เป็นคนดี (สัมภาษณ์หมอ) (Trap),IMG,Trap,Meta,2176,2253,187.62,0,0.0,0.0,1.8,83.28,0.0,139,6.1696,1,0,0,1,ไม่มียอดขาย,False,
Apr26,มิ้น,2026-04-03,[04.02.26][มิ้น] มนุษย์ที่เป็นคนดี (สัมภาษณ์หมอ) (Trap),IMG,Trap,Meta,2002,2002,202.03,0,0.0,0.0,1.8,100.91,0.0,92,4.5954,0,0,0,1,ไม่มียอดขาย,False,
Apr26,ริว,2026-04-03,[10.03.26][ริว] ซึมเศร้า animation (Trap),IMG,Trap,Meta,2877,2955,213.5,0,0.0,0.0,1.8,72.25,0.0,177,5.9898,5,0,0,1,ไม่มียอดขาย,False,
Apr26,ริว,2026-04-03,[04.03.26][ริว] ซึมเศร้า (สัมภาษณ์หมอ) (Trap),IMG,Trap,Meta,3218,3272,234.27,1,409.0,1.7458,1.8,71.6,234.27,127,3.8814,5,0,0,1,ไม่ผ่าน,False,
Apr26,มิ้น,2026-04-03,[04.02.26][มิ้น] มนุษย์ที่เป็นคนดี (สัมภาษณ์หมอ) (Trap),IMG,Trap,Meta,0,0,0.0,0,0.0,0.0,1.8,0.0,0.0,0,0.0,0,0,0,1,ไม่มียอดขาย,False,
Apr26,ริว,2026-04-03,[29.03.26][ริว] วิธีรับมือโรคแพนิค (AI) (Trap),IMG,Trap,Meta,0,0,0.0,0,0.0,0.0,1.8,0.0,0.0,0,0.0,0,0,0,1,ไม่มียอดขาย,False,
Apr26,มิ้น,2026-04-03,[04.02.26][มิ้น] มนุษย์ที่เป็นคนดี (สัมภาษณ์หมอ) (Trap),IMG,Trap,Meta,0,0,0.0,0,0.0,0.0,1.8,0.0,0.0,0,0.0,1,0,0,1,ไม่มียอดขาย,False,
Apr26,ริว,2026-04-03,[29.03.26][ริว] วิธีรับมือโรคแพนิค (AI) (Trap),IMG,Trap,Meta,4074,4243,207.84,0,0.0,0.0,1.8,48.98,0.0,293,6.9055,4,0,0,1,ไม่มียอดขาย,False,
Apr26,Unknown,2026-04-03,[01.04.26][pearpmk] Review Influ (Trap),IMG,Trap,Meta,1485,1648,194.83,0,0.0,0.0,1.8,118.22,0.0,81,4.915,2,0,0,1,ไม่มียอดขาย,False,
Apr26,Unknown,2026-04-03,[01.04.26][purrfectlytashasha] Review Influ (Trap),IMG,Trap,Meta,2373,2485,193.6,0,0.0,0.0,1.8,77.91,0.0,102,4.1046,0,0,0,1,ไม่มียอดขาย,False,
Apr26,ริว,2026-04-03,[01.04.26][ริว] เลิกควบคุมสิ่งที่ควมคุมไม่ได้ (AI) (Trap),IMG,Trap,Meta,3126,3309,235.22,1,759.0,3.2268,1.8,71.08,235.22,266,8.0387,9,0,0,1,ผ่าน,False,
Apr26,มิ้น,2026-04-03,[01.04.26][มิ้น] 5 ข้อคิดที่จะได้รับจากหนังสือ (Trap),IMG,Trap,Meta,717,810,238.34,1,329.0,1.3804,1.8,294.25,238.34,18,2.2222,0,0,0,1,ไม่ผ่าน,False,
Apr26,ริว,2026-04-03,[04.03.26][ริว] ซึมเศร้า (สัมภาษณ์หมอ) (Trap),IMG,Trap,Meta,2971,3076,178.27,0,0.0,0.0,1.8,57.96,0.0,108,3.5111,1,0,0,1,ไม่มียอดขาย,False,
Apr26,มิ้น,2026-04-03,[04.02.26][มิ้น] มนุษย์ที่เป็นคนดี (สัมภาษณ์หมอ) (Trap),IMG,Trap,Meta,2448,2542,172.45,0,0.0,0.0,1.8,67.84,0.0,152,5.9795,3,0,0,1,ไม่มียอดขาย,False,
Apr26,มิ้น,2026-04-03,[02.04.26][มิ้น] อย่าปล่อยให้อีโก้ (Trap),IMG,Trap,Meta,943,1242,156.29,0,0.0,0.0,1.8,125.84,0.0,79,6.3607,0,0,0,1,ไม่มียอดขาย,False,
Apr26,มิ้น,2026-04-04,[04.02.26][มิ้น] มนุษย์ที่เป็นคนดี (สัมภาษณ์หมอ) (Trap),IMG,Trap,Meta,1799,1892,271.04,1,409.0,1.509,1.8,143.26,271.04,97,5.1269,1,0,0,1,ไม่ผ่าน,False,
Apr26,มิ้น,2026-04-04,[01.03.26][มิ้น] รี stock เล่มลายเซ็นหมอทานตะวัน (สัมภาษณ์หมอ) (Trap),IMG,Trap,Meta,0,0,0.0,0,0.0,0.0,1.8,0.0,0.0,0,0.0,0,0,0,1,ไม่มียอดขาย,False,
Apr26,ริว,2026-04-04,[04.03.26][ริว] ซึมเศร้า (สัมภาษณ์หมอ) (Trap),IMG,Trap,Meta,0,0,0.0,0,0.0,0.0,1.8,0.0,0.0,0,0.0,0,0,0,1,ไม่มียอดขาย,False,
Apr26,มิ้น,2026-04-04,[04.02.26][มิ้น] มนุษย์ที่เป็นคนดี (สัมภาษณ์หมอ) (Trap),IMG,Trap,Meta,1670,1776,216.57,0,0.0,0.0,1.8,121.94,0.0,117,6.5878,3,0,0,1,ไม่มียอดขาย,False,
Apr26,มิ้น,2026-04-04,[04.02.26][มิ้น] มนุษย์ที่เป็นคนดี (สัมภาษณ์หมอ) (Trap),IMG,Trap,Meta,1840,1955,196.84,0,0.0,0.0,1.8,100.69,0.0,130,6.6496,2,0,0,1,ไม่มียอดขาย,False,
Apr26,ริว,2026-04-04,[10.03.26][ริว] ซึมเศร้า animation (Trap),IMG,Trap,Meta,2989,3169,245.2,0,0.0,0.0,1.8,77.37,0.0,158,4.9858,2,0,0,1,ไม่มียอดขาย,False,
Apr26,ริว,2026-04-04,[04.03.26][ริว] ซึมเศร้า (สัมภาษณ์หมอ) (Trap),IMG,Trap,Meta,15382,15792,1352.71,5,2295.0,1.6966,1.8,85.66,270.54,464,2.9382,19,0,0,1,ไม่ผ่าน,False,
Apr26,มิ้น,2026-04-04,[04.02.26][มิ้น] มนุษย์ที่เป็นคนดี (สัมภาษณ์หมอ) (Trap),IMG,Trap,Meta,0,0,0.0,0,0.0,0.0,1.8,0.0,0.0,0,0.0,0,0,0,1,ไม่มียอดขาย,False,
Apr26,มิ้น,2026-04-04,[04.02.26][มิ้น] มนุษย์ที่เป็นคนดี (สัมภาษณ์หมอ) (Trap),IMG,Trap,Meta,0,0,0.0,0,0.0,0.0,1.8,0.0,0.0,0,0.0,0,0,0,1,ไม่มียอดขาย,False,
Apr26,ริว,2026-04-04,[29.03.26][ริว] วิธีรับมือโรคแพนิค (AI) (Trap),IMG,Trap,Meta,3464,3689,234.19,0,0.0,0.0,1.8,63.48,0.0,257,6.9667,3,0,0,1,ไม่มียอดขาย,False,
Apr26,Unknown,2026-04-04,[01.04.26][pearpmk] Review Influ (Trap),IMG,Trap,Meta,1845,2175,314.02,1,409.0,1.3025,1.8,144.38,314.02,126,5.7931,2,0,0,1,ไม่ผ่าน,False,
Apr26,Unknown,2026-04-04,[01.04.26][purrfectlytashasha] Review Influ (Trap),IMG,Trap,Meta,2108,2396,233.02,0,0.0,0.0,1.8,97.25,0.0,100,4.1736,0,0,0,1,ไม่มียอดขาย,False,
Apr26,ริว,2026-04-04,[01.04.26][ริว] เลิกควบคุมสิ่งที่ควมคุมไม่ได้ (AI) (Trap),IMG,Trap,Meta,2707,2824,246.19,1,329.0,1.3364,1.8,87.18,246.19,219,7.755,1,0,0,1,ไม่ผ่าน,False,
Apr26,มิ้น,2026-04-04,[01.04.26][มิ้น] 5 ข้อคิดที่จะได้รับจากหนังสือ (Trap),IMG,Trap,Meta,737,832,233.53,0,0.0,0.0,1.8,280.69,0.0,20,2.4038,0,0,0,1,ไม่มียอดขาย,False,
Apr26,ริว,2026-04-04,[04.03.26][ริว] ซึมเศร้า (สัมภาษณ์หมอ) (Trap),IMG,Trap,Meta,28699,32235,1675.82,7,3933.0,2.3469,1.8,51.99,239.4,980,3.0402,23,0,0,1,ผ่าน,False,
Apr26,มิ้น,2026-04-04,[04.02.26][มิ้น] มนุษย์ที่เป็นคนดี (สัมภาษณ์หมอ) (Trap),IMG,Trap,Meta,1903,1943,189.59,0,0.0,0.0,1.8,97.58,0.0,99,5.0952,5,0,0,1,ไม่มียอดขาย,False,
Apr26,มิ้น,2026-04-04,[02.04.26][มิ้น] อย่าปล่อยให้อีโก้ (Trap),IMG,Trap,Meta,1485,1910,278.46,0,0.0,0.0,1.8,145.79,0.0,149,7.801,0,0,0,1,ไม่มียอดขาย,False,
Apr26,มิ้น,2026-04-05,[04.02.26][มิ้น] มนุษย์ที่เป็นคนดี (สัมภาษณ์หมอ) (Trap),IMG,Trap,Meta,1779,1856,204.19,0,0.0,0.0,1.8,110.02,0.0,111,5.9806,3,0,0,1,ไม่มียอดขาย,False,
Apr26,มิ้น,2026-04-05,[01.03.26][มิ้น] รี stock เล่มลายเซ็นหมอทานตะวัน (สัมภาษณ์หมอ) (Trap),IMG,Trap,Meta,0,0,0.0,0,0.0,0.0,1.8,0.0,0.0,0,0.0,1,0,0,1,ไม่มียอดขาย,False,
Apr26,ริว,2026-04-05,[04.03.26][ริว] ซึมเศร้า (สัมภาษณ์หมอ) (Trap),IMG,Trap,Meta,14716,16466,917.18,4,1636.0,1.7837,1.8,55.7,229.29,502,3.0487,11,0,0,1,ไม่ผ่าน,False,
Apr26,ริว,2026-04-05,[04.03.26][ริว] ซึมเศร้า (สัมภาษณ์หมอ) (Trap),IMG,Trap,Meta,6518,7058,272.59,1,409.0,1.5004,1.8,38.62,272.59,140,1.9836,9,0,0,1,ไม่ผ่าน,False,
Apr26,มิ้น,2026-04-05,[04.02.26][มิ้น] มนุษย์ที่เป็นคนดี (สัมภาษณ์หมอ) (Trap),IMG,Trap,Meta,19574,22333,1609.3,5,2645.0,1.6436,1.8,72.06,321.86,1007,4.509,28,0,0,1,ไม่ผ่าน,False,
Apr26,มิ้น,2026-04-05,[04.02.26][มิ้น] มนุษย์ที่เป็นคนดี (สัมภาษณ์หมอ) (Trap),IMG,Trap,Meta,1818,1895,182.77,0,0.0,0.0,1.8,96.45,0.0,84,4.4327,3,0,0,1,ไม่มียอดขาย,False,
Apr26,ริว,2026-04-05,[10.03.26][ริว] ซึมเศร้า animation (Trap),IMG,Trap,Meta,2441,2594,212.57,0,0.0,0.0,1.8,81.95,0.0,150,5.7826,2,0,0,1,ไม่มียอดขาย,False,
Apr26,ริว,2026-04-05,[04.03.26][ริว] ซึมเศร้า (สัมภาษณ์หมอ) (Trap),IMG,Trap,Meta,7984,8752,667.54,2,818.0,1.2254,1.8,76.27,333.77,300,3.4278,8,0,0,1,ไม่ผ่าน,False,
Apr26,มิ้น,2026-04-05,[04.02.26][มิ้น] มนุษย์ที่เป็นคนดี (สัมภาษณ์หมอ) (Trap),IMG,Trap,Meta,0,0,0.0,0,0.0,0.0,1.8,0.0,0.0,0,0.0,0,0,0,1,ไม่มียอดขาย,False,
Apr26,ริว,2026-04-05,[29.03.26][ริว] วิธีรับมือโรคแพนิค (AI) (Trap),IMG,Trap,Meta,3847,4058,297.39,1,409.0,1.3753,1.8,73.28,297.39,254,6.2592,3,0,0,1,ไม่ผ่าน,False,
Apr26,Unknown,2026-04-05,[01.04.26][pearpmk] Review Influ (Trap),IMG,Trap,Meta,24155,34532,2733.8,15,6285.0,2.299,1.8,79.17,182.25,1638,4.7434,48,0,0,1,ผ่าน,False,
Apr26,Unknown,2026-04-05,[01.04.26][purrfectlytashasha] Review Influ (Trap),IMG,Trap,Meta,1418,1636,174.65,0,0.0,0.0,1.8,106.75,0.0,70,4.2787,1,0,0,1,ไม่มียอดขาย,False,
Apr26,ริว,2026-04-05,[01.04.26][ริว] เลิกควบคุมสิ่งที่ควมคุมไม่ได้ (AI) (Trap),IMG,Trap,Meta,1707,2008,253.66,1,409.0,1.6124,1.8,126.32,253.66,133,6.6235,4,0,0,1,ไม่ผ่าน,False,
Apr26,มิ้น,2026-04-05,[01.04.26][มิ้น] 5 ข้อคิดที่จะได้รับจากหนังสือ (Trap),IMG,Trap,Meta,1503,1852,377.08,1,409.0,1.0846,1.8,203.61,377.08,44,2.3758,0,0,0,1,ไม่ผ่าน,False,
Apr26,ริว,2026-04-05,[04.03.26][ริว] ซึมเศร้า (สัมภาษณ์หมอ) (Trap),IMG,Trap,Meta,5424,5842,353.18,1,409.0,1.1581,1.8,60.46,353.18,199,3.4064,7,0,0,1,ไม่ผ่าน,False,
Apr26,มิ้น,2026-04-05,[04.02.26][มิ้น] มนุษย์ที่เป็นคนดี (สัมภาษณ์หมอ) (Trap),IMG,Trap,Meta,1615,1676,161.19,0,0.0,0.0,1.8,96.18,0.0,81,4.8329,1,0,0,1,ไม่มียอดขาย,False,
Apr26,มิ้น,2026-04-05,[02.04.26][มิ้น] อย่าปล่อยให้อีโก้ (Trap),IMG,Trap,Meta,967,1464,233.76,0,0.0,0.0,1.8,159.67,0.0,115,7.8552,0,0,0,1,ไม่มียอดขาย,False,
Apr26,มิ้น,2026-04-06,[04.02.26][มิ้น] มนุษย์ที่เป็นคนดี (สัมภาษณ์หมอ) (Trap),IMG,Trap,Meta,1491,1575,215.93,1,639.0,2.9593,1.8,137.1,215.93,86,5.4603,2,0,0,1,ผ่าน,False,
Apr26,ริว,2026-04-06,[04.03.26][ริว] ซึมเศร้า (สัมภาษณ์หมอ) (Trap),IMG,Trap,Meta,0,0,0.0,0,0.0,0.0,1.8,0.0,0.0,0,0.0,0,0,0,1,ไม่มียอดขาย,False,
Apr26,ริว,2026-04-06,[04.03.26][ริว] ซึมเศร้า (สัมภาษณ์หมอ) (Trap),IMG,Trap,Meta,0,0,0.0,0,0.0,0.0,1.8,0.0,0.0,0,0.0,0,0,0,1,ไม่มียอดขาย,False,
Apr26,มิ้น,2026-04-06,[04.02.26][มิ้น] มนุษย์ที่เป็นคนดี (สัมภาษณ์หมอ) (Trap),IMG,Trap,Meta,2942,3097,266.45,1,409.0,1.535,1.8,86.03,266.45,171,5.5215,7,0,0,1,ไม่ผ่าน,False,
Apr26,มิ้น,2026-04-06,[04.02.26][มิ้น] มนุษย์ที่เป็นคนดี (สัมภาษณ์หมอ) (Trap),IMG,Trap,Meta,2226,2369,231.2,1,409.0,1.769,1.8,97.59,231.2,98,4.1368,3,0,0,1,ไม่ผ่าน,False,
Apr26,ริว,2026-04-06,[10.03.26][ริว] ซึมเศร้า animation (Trap),IMG,Trap,Meta,48054,56056,3183.83,10,4520.0,1.4197,1.8,56.8,318.38,1865,3.327,53,0,0,1,ไม่ผ่าน,False,
Apr26,ริว,2026-04-06,[04.03.26][ริว] ซึมเศร้า (สัมภาษณ์หมอ) (Trap),IMG,Trap,Meta,7379,7745,541.51,2,968.0,1.7876,1.8,69.92,270.75,242,3.1246,8,0,0,1,ไม่ผ่าน,False,
Apr26,ริว,2026-04-06,[29.03.26][ริว] วิธีรับมือโรคแพนิค (AI) (Trap),IMG,Trap,Meta,2091,2164,177.59,0,0.0,0.0,1.8,82.07,0.0,149,6.8854,0,0,0,1,ไม่มียอดขาย,False,
Apr26,Unknown,2026-04-06,[01.04.26][pearpmk] Review Influ (Trap),IMG,Trap,Meta,1906,2035,194.52,0,0.0,0.0,1.8,95.59,0.0,96,4.7174,1,0,0,1,ไม่มียอดขาย,False,
Apr26,Unknown,2026-04-06,[01.04.26][purrfectlytashasha] Review Influ (Trap),IMG,Trap,Meta,1558,1759,196.78,0,0.0,0.0,1.8,111.87,0.0,93,5.2871,1,0,0,1,ไม่มียอดขาย,False,
Apr26,ริว,2026-04-06,[01.04.26][ริว] เลิกควบคุมสิ่งที่ควมคุมไม่ได้ (AI) (Trap),IMG,Trap,Meta,19629,24212,2473.52,9,3771.0,1.5245,1.8,102.16,274.84,1476,6.0962,33,0,0,1,ไม่ผ่าน,False,
Apr26,มิ้น,2026-04-06,[01.04.26][มิ้น] 5 ข้อคิดที่จะได้รับจากหนังสือ (Trap),IMG,Trap,Meta,972,1103,216.51,0,0.0,0.0,1.8,196.29,0.0,24,2.1759,0,0,0,1,ไม่มียอดขาย,False,
Apr26,ริว,2026-04-06,[04.03.26][ริว] ซึมเศร้า (สัมภาษณ์หมอ) (Trap),IMG,Trap,Meta,15917,17787,931.57,4,1986.0,2.1319,1.8,52.37,232.89,473,2.6592,16,0,0,1,ผ่าน,False,
Apr26,มิ้น,2026-04-06,[04.02.26][มิ้น] มนุษย์ที่เป็นคนดี (สัมภาษณ์หมอ) (Trap),IMG,Trap,Meta,1677,1752,176.66,0,0.0,0.0,1.8,100.83,0.0,106,6.0502,3,0,0,1,ไม่มียอดขาย,False,
Apr26,มิ้น,2026-04-06,[02.04.26][มิ้น] อย่าปล่อยให้อีโก้ (Trap),IMG,Trap,Meta,767,910,186.49,1,329.0,1.7642,1.8,204.93,186.49,83,9.1209,1,0,0,1,ไม่ผ่าน,False,
Apr26,มิ้น,2026-04-07,[04.02.26][มิ้น] มนุษย์ที่เป็นคนดี (สัมภาษณ์หมอ) (Trap),IMG,Trap,Meta,1166,1216,169.38,0,0.0,0.0,1.8,139.29,0.0,64,5.2632,3,0,0,1,ไม่มียอดขาย,False,
Apr26,มิ้น,2026-04-07,[04.02.26][มิ้น] มนุษย์ที่เป็นคนดี (สัมภาษณ์หมอ) (Trap),IMG,Trap,Meta,7,7,0.76,0,0.0,0.0,1.8,108.57,0.0,0,0.0,0,0,0,1,ไม่มียอดขาย,False,
Apr26,ริว,2026-04-07,[12.02.26][ริว] รักคนอื่น (สัมภาษณ์หมอ) (Trap),IMG,Trap,Meta,1541,1695,194.24,0,0.0,0.0,1.8,114.6,0.0,108,6.3717,1,0,0,1,ไม่มียอดขาย,False,
Apr26,ริว,2026-04-07,[23.02.26][ริว] แม่คือคนรับผิดชอบ (Trap),IMG,Trap,Meta,2307,2417,243.31,0,0.0,0.0,1.8,100.67,0.0,157,6.4957,1,0,0,1,ไม่มียอดขาย,False,
Apr26,ริว,2026-04-07,[04.03.26][ริว] ซึมเศร้า (สัมภาษณ์หมอ) (Trap),IMG,Trap,Meta,6701,6910,227.89,1,409.0,1.7947,1.8,32.98,227.89,135,1.9537,7,0,0,1,ไม่ผ่าน,False,
Apr26,มิ้น,2026-04-07,[04.02.26][มิ้น] มนุษย์ที่เป็นคนดี (สัมภาษณ์หมอ) (Trap),IMG,Trap,Meta,65479,69591,3930.28,10,4520.0,1.15,1.8,56.48,393.03,2926,4.2046,53,0,0,1,ไม่ผ่าน,False,
Apr26,มิ้น,2026-04-07,[04.02.26][มิ้น] มนุษย์ที่เป็นคนดี (สัมภาษณ์หมอ) (Trap),IMG,Trap,Meta,18856,20386,1353.4,5,2345.0,1.7327,1.8,66.39,270.68,869,4.2627,29,0,0,1,ไม่ผ่าน,False,
Apr26,ริว,2026-04-07,[10.03.26][ริว] ซึมเศร้า animation (Trap),IMG,Trap,Meta,3314,3561,224.31,1,339.0,1.5113,1.8,62.99,224.31,175,4.9143,6,0,0,1,ไม่ผ่าน,False,
Apr26,ริว,2026-04-07,[04.03.26][ริว] ซึมเศร้า (สัมภาษณ์หมอ) (Trap),IMG,Trap,Meta,9126,9789,766.32,3,1177.0,1.5359,1.8,78.28,255.44,285,2.9114,10,0,0,1,ไม่ผ่าน,False,
Apr26,ริว,2026-04-07,[29.03.26][ริว] วิธีรับมือโรคแพนิค (AI) (Trap),IMG,Trap,Meta,2631,2861,211.06,0,0.0,0.0,1.8,73.77,0.0,178,6.2216,3,0,0,1,ไม่มียอดขาย,False,
Apr26,Unknown,2026-04-07,[01.04.26][pearpmk] Review Influ (Trap),IMG,Trap,Meta,20051,24136,1985.0,11,4289.0,2.1607,1.8,82.24,180.45,980,4.0603,39,0,0,1,ผ่าน,False,
Apr26,Unknown,2026-04-07,[01.04.26][purrfectlytashasha] Review Influ (Trap),IMG,Trap,Meta,4106,5220,558.46,2,768.0,1.3752,1.8,106.98,279.23,170,3.2567,2,0,0,1,ไม่ผ่าน,False,
Apr26,ริว,2026-04-07,[01.04.26][ริว] เลิกควบคุมสิ่งที่ควมคุมไม่ได้ (AI) (Trap),IMG,Trap,Meta,3315,3465,358.62,1,559.0,1.5588,1.8,103.5,358.62,273,7.8788,5,0,0,1,ไม่ผ่าน,False,
Apr26,มิ้น,2026-04-07,[01.04.26][มิ้น] 5 ข้อคิดที่จะได้รับจากหนังสือ (Trap),IMG,Trap,Meta,1107,1285,266.37,0,0.0,0.0,1.8,207.29,0.0,26,2.0233,1,0,0,1,ไม่มียอดขาย,False,
Apr26,ริว,2026-04-07,[04.03.26][ริว] ซึมเศร้า (สัมภาษณ์หมอ) (Trap),IMG,Trap,Meta,2988,3276,195.23,0,0.0,0.0,1.8,59.59,0.0,125,3.8156,7,0,0,1,ไม่มียอดขาย,False,
Apr26,มิ้น,2026-04-07,[04.02.26][มิ้น] มนุษย์ที่เป็นคนดี (สัมภาษณ์หมอ) (Trap),IMG,Trap,Meta,1777,1796,167.65,0,0.0,0.0,1.8,93.35,0.0,118,6.5702,4,0,0,1,ไม่มียอดขาย,False,
Apr26,มิ้น,2026-04-07,[02.04.26][มิ้น] อย่าปล่อยให้อีโก้ (Trap),IMG,Trap,Meta,8800,11596,1330.06,5,2175.0,1.6353,1.8,114.7,266.01,729,6.2867,6,0,0,1,ไม่ผ่าน,False,
Apr26,ริว,2026-04-07,[03.04.26][ริว] โรคซึมเศร้า AI (Trap),IMG,Trap,Meta,1855,2098,118.35,0,0.0,0.0,1.8,56.41,0.0,112,5.3384,4,0,0,1,ไม่มียอดขาย,False,
Apr26,Unknown,2026-04-07,[01.04.26][pearpmk] Review Influ (Trap),IMG,Trap,Meta,20299,22216,1719.83,8,3192.0,1.856,1.8,77.41,214.98,724,3.2589,21,0,0,1,ผ่าน,False,
Apr26,ริว,2026-04-07,[01.04.26][ริว] เลิกควบคุมสิ่งที่ควมคุมไม่ได้ (AI) (Trap),IMG,Trap,Meta,1711,1828,167.34,2,748.0,4.4699,1.8,91.54,83.67,144,7.8775,1,0,0,1,ผ่าน,False,
Apr26,ริว,2026-04-07,[01.04.26][ริว] เลิกควบคุมสิ่งที่ควมคุมไม่ได้ (AI) (Trap),IMG,Trap,Meta,3079,3234,187.14,0,0.0,0.0,1.8,57.87,0.0,189,5.8442,2,0,0,1,ไม่มียอดขาย,False,
Apr26,Unknown,2026-04-07,[01.04.26][purrfectlytashasha] Review Influ (Trap),IMG,Trap,Meta,2304,2358,158.34,0,0.0,0.0,1.8,67.15,0.0,63,2.6718,0,0,0,1,ไม่มียอดขาย,False,
Apr26,มิ้น,2026-04-07,[02.04.26][มิ้น] อย่าปล่อยให้อีโก้ (Trap),IMG,Trap,Meta,1742,1797,154.23,0,0.0,0.0,1.8,85.83,0.0,72,4.0067,1,0,0,1,ไม่มียอดขาย,False,
Apr26,ริว,2026-04-07,[03.04.26][ริว] โรคซึมเศร้า AI (Trap),IMG,Trap,Meta,3617,3813,283.9,0,0.0,0.0,1.8,74.46,0.0,152,3.9864,3,0,0,1,ไม่มียอดขาย,False,
Apr26,ริว,2026-04-07,[01.04.26][ริว] เลิกควบคุมสิ่งที่ควมคุมไม่ได้ (AI) (Trap),IMG,Trap,Meta,1565,1659,153.94,0,0.0,0.0,1.8,92.79,0.0,83,5.003,2,0,0,1,ไม่มียอดขาย,False,
Apr26,ริว,2026-04-07,[01.04.26][ริว] เลิกควบคุมสิ่งที่ควมคุมไม่ได้ (AI) (Trap),IMG,Trap,Meta,1522,1635,138.33,0,0.0,0.0,1.8,84.61,0.0,113,6.9113,3,0,0,1,ไม่มียอดขาย,False,
Apr26,ริว,2026-04-07,[29.03.26][ริว] วิธีรับมือโรคแพนิค (AI) (Trap),IMG,Trap,Meta,3383,3415,181.04,0,0.0,0.0,1.8,53.01,0.0,152,4.451,1,0,0,1,ไม่มียอดขาย,False,
Apr26,ริว,2026-04-07,[29.03.26][ริว] วิธีรับมือโรคแพนิค (AI) (Trap),IMG,Trap,Meta,3692,3950,178.56,1,409.0,2.2905,1.8,45.21,178.56,207,5.2405,2,0,0,1,ผ่าน,False,
Apr26,Unknown,2026-04-07,[01.04.26][purrfectlytashasha] Review Influ (Trap),IMG,Trap,Meta,1400,1507,122.58,0,0.0,0.0,1.8,81.34,0.0,56,3.716,0,0,0,1,ไม่มียอดขาย,False,
Apr26,Unknown,2026-04-07,[01.04.26][pearpmk] Review Influ (Trap),IMG,Trap,Meta,2228,2330,185.57,1,339.0,1.8268,1.8,79.64,185.57,82,3.5193,3,0,0,1,ผ่าน,False,
Apr26,Unknown,2026-04-07,[06.02.26][tsunut_] Review Influ (Trap),IMG,Trap,Meta,843,967,98.15,0,0.0,0.0,1.8,101.5,0.0,33,3.4126,1,0,0,1,ไม่มียอดขาย,False,
Apr26,Unknown,2026-04-07,[09.02.26][nornanstyle] Review Influ (Trap),IMG,Trap,Meta,2761,3438,261.97,0,0.0,0.0,1.8,76.2,0.0,96,2.7923,4,0,0,1,ไม่มียอดขาย,False,
Apr26,Unknown,2026-04-07,[09.02.26][threerukkub] Review Influ (Trap),IMG,Trap,Meta,1466,1851,220.7,0,0.0,0.0,1.8,119.23,0.0,85,4.5921,0,0,0,1,ไม่มียอดขาย,False,
Apr26,มิ้น,2026-04-08,[04.02.26][มิ้น] มนุษย์ที่เป็นคนดี (สัมภาษณ์หมอ) (Trap),IMG,Trap,Meta,1547,1608,203.82,1,339.0,1.6632,1.8,126.75,203.82,73,4.5398,2,0,0,1,ไม่ผ่าน,False,
Apr26,ริว,2026-04-08,[12.02.26][ริว] รักคนอื่น (สัมภาษณ์หมอ) (Trap),IMG,Trap,Meta,1394,1545,323.4,2,818.0,2.5294,1.8,209.32,161.7,88,5.6958,4,0,0,1,ผ่าน,False,
Apr26,ริว,2026-04-08,[23.02.26][ริว] แม่คือคนรับผิดชอบ (Trap),IMG,Trap,Meta,2448,2640,419.28,1,409.0,0.9755,1.8,158.82,419.28,172,6.5152,3,0,0,1,ไม่ผ่าน,False,
Apr26,ริว,2026-04-08,[04.03.26][ริว] ซึมเศร้า (สัมภาษณ์หมอ) (Trap),IMG,Trap,Meta,3401,3493,215.38,0,0.0,0.0,1.8,61.66,0.0,106,3.0346,3,0,0,1,ไม่มียอดขาย,False,
Apr26,ริว,2026-04-08,[04.03.26][ริว] ซึมเศร้า (สัมภาษณ์หมอ) (Trap),IMG,Trap,Meta,2054,2130,155.48,0,0.0,0.0,1.8,73.0,0.0,67,3.1455,2,0,0,1,ไม่มียอดขาย,False,
Apr26,มิ้น,2026-04-08,[04.02.26][มิ้น] มนุษย์ที่เป็นคนดี (สัมภาษณ์หมอ) (Trap),IMG,Trap,Meta,9347,10119,632.21,2,678.0,1.0724,1.8,62.48,316.11,541,5.3464,6,0,0,1,ไม่ผ่าน,False,
Apr26,มิ้น,2026-04-08,[04.02.26][มิ้น] มนุษย์ที่เป็นคนดี (สัมภาษณ์หมอ) (Trap),IMG,Trap,Meta,24447,27186,1099.36,4,1716.0,1.5609,1.8,40.44,274.84,1084,3.9873,15,0,0,1,ไม่ผ่าน,False,
Apr26,ริว,2026-04-08,[10.03.26][ริว] ซึมเศร้า animation (Trap),IMG,Trap,Meta,0,0,0.0,0,0.0,0.0,1.8,0.0,0.0,0,0.0,0,0,0,1,ไม่มียอดขาย,False,
Apr26,ริว,2026-04-08,[04.03.26][ริว] ซึมเศร้า (สัมภาษณ์หมอ) (Trap),IMG,Trap,Meta,3255,3365,210.87,0,0.0,0.0,1.8,62.67,0.0,90,2.6746,2,0,0,1,ไม่มียอดขาย,False,
Apr26,ริว,2026-04-08,[29.03.26][ริว] วิธีรับมือโรคแพนิค (AI) (Trap),IMG,Trap,Meta,0,0,0.0,0,0.0,0.0,1.8,0.0,0.0,0,0.0,0,0,0,1,ไม่มียอดขาย,False,
Apr26,Unknown,2026-04-08,[01.04.26][pearpmk] Review Influ (Trap),IMG,Trap,Meta,3389,3504,226.15,0,0.0,0.0,1.8,64.54,0.0,147,4.1952,5,0,0,1,ไม่มียอดขาย,False,
Apr26,Unknown,2026-04-08,[01.04.26][purrfectlytashasha] Review Influ (Trap),IMG,Trap,Meta,0,0,0.0,1,409.0,0.0,1.8,0.0,0.0,0,0.0,0,0,0,1,ไม่ผ่าน,False,
Apr26,ริว,2026-04-08,[01.04.26][ริว] เลิกควบคุมสิ่งที่ควมคุมไม่ได้ (AI) (Trap),IMG,Trap,Meta,2961,3187,289.03,1,532.0,1.8406,1.8,90.69,289.03,205,6.4324,1,0,0,1,ผ่าน,False,
Apr26,ริว,2026-04-08,[04.03.26][ริว] ซึมเศร้า (สัมภาษณ์หมอ) (Trap),IMG,Trap,Meta,4411,4613,226.39,1,339.0,1.4974,1.8,49.08,226.39,120,2.6013,6,0,0,1,ไม่ผ่าน,False,
Apr26,มิ้น,2026-04-08,[04.02.26][มิ้น] มนุษย์ที่เป็นคนดี (สัมภาษณ์หมอ) (Trap),IMG,Trap,Meta,0,0,0.0,0,0.0,0.0,1.8,0.0,0.0,0,0.0,0,0,0,1,ไม่มียอดขาย,False,
Apr26,มิ้น,2026-04-08,[02.04.26][มิ้น] อย่าปล่อยให้อีโก้ (Trap),IMG,Trap,Meta,0,0,0.0,1,329.0,0.0,1.8,0.0,0.0,0,0.0,0,0,0,1,ไม่ผ่าน,False,
Apr26,ริว,2026-04-08,[03.04.26][ริว] โรคซึมเศร้า AI (Trap),IMG,Trap,Meta,1742,1894,146.55,0,0.0,0.0,1.8,77.38,0.0,102,5.3854,1,0,0,1,ไม่มียอดขาย,False,
Apr26,Unknown,2026-04-08,[01.04.26][pearpmk] Review Influ (Trap),IMG,Trap,Meta,11848,12759,1287.6,3,1377.0,1.0694,1.8,100.92,429.2,561,4.3969,21,0,0,1,ไม่ผ่าน,False,
Apr26,ริว,2026-04-08,[01.04.26][ริว] เลิกควบคุมสิ่งที่ควมคุมไม่ได้ (AI) (Trap),IMG,Trap,Meta,9860,10752,990.5,5,2625.0,2.6502,1.8,92.12,198.1,617,5.7385,10,0,0,1,ผ่าน,False,
Apr26,ริว,2026-04-08,[01.04.26][ริว] เลิกควบคุมสิ่งที่ควมคุมไม่ได้ (AI) (Trap),IMG,Trap,Meta,1818,1938,242.1,0,0.0,0.0,1.8,124.92,0.0,155,7.9979,1,0,0,1,ไม่มียอดขาย,False,
Apr26,Unknown,2026-04-08,[01.04.26][purrfectlytashasha] Review Influ (Trap),IMG,Trap,Meta,1358,1471,254.0,1,409.0,1.6102,1.8,172.67,254.0,41,2.7872,1,0,0,1,ไม่ผ่าน,False,
Apr26,มิ้น,2026-04-08,[02.04.26][มิ้น] อย่าปล่อยให้อีโก้ (Trap),IMG,Trap,Meta,2327,2425,216.58,0,0.0,0.0,1.8,89.31,0.0,139,5.732,0,0,0,1,ไม่มียอดขาย,False,
Apr26,ริว,2026-04-08,[03.04.26][ริว] โรคซึมเศร้า AI (Trap),IMG,Trap,Meta,1765,1862,198.32,0,0.0,0.0,1.8,106.51,0.0,74,3.9742,2,0,0,1,ไม่มียอดขาย,False,
Apr26,ริว,2026-04-08,[01.04.26][ริว] เลิกควบคุมสิ่งที่ควมคุมไม่ได้ (AI) (Trap),IMG,Trap,Meta,3132,3230,292.03,0,0.0,0.0,1.8,90.41,0.0,249,7.709,1,0,0,1,ไม่มียอดขาย,False,
Apr26,ริว,2026-04-08,[01.04.26][ริว] เลิกควบคุมสิ่งที่ควมคุมไม่ได้ (AI) (Trap),IMG,Trap,Meta,8989,9740,668.93,2,818.0,1.2228,1.8,68.68,334.46,634,6.5092,7,0,0,1,ไม่ผ่าน,False,
Apr26,ริว,2026-04-08,[29.03.26][ริว] วิธีรับมือโรคแพนิค (AI) (Trap),IMG,Trap,Meta,3460,3562,225.95,0,0.0,0.0,1.8,63.43,0.0,186,5.2218,3,0,0,1,ไม่มียอดขาย,False,
Apr26,ริว,2026-04-08,[29.03.26][ริว] วิธีรับมือโรคแพนิค (AI) (Trap),IMG,Trap,Meta,3764,4029,237.96,0,0.0,0.0,1.8,59.06,0.0,246,6.1057,3,0,0,1,ไม่มียอดขาย,False,
Apr26,Unknown,2026-04-08,[01.04.26][purrfectlytashasha] Review Influ (Trap),IMG,Trap,Meta,12725,17105,1614.96,7,2573.0,1.5932,1.8,94.41,230.71,577,3.3733,7,0,0,1,ไม่ผ่าน,False,
Apr26,Unknown,2026-04-08,[01.04.26][pearpmk] Review Influ (Trap),IMG,Trap,Meta,27079,31209,1848.93,8,3492.0,1.8887,1.8,59.24,231.12,1227,3.9316,35,0,0,1,ผ่าน,False,
Apr26,Unknown,2026-04-08,[06.02.26][tsunut_] Review Influ (Trap),IMG,Trap,Meta,1464,1612,217.19,0,0.0,0.0,1.8,134.73,0.0,89,5.5211,1,0,0,1,ไม่มียอดขาย,False,
Apr26,Unknown,2026-04-08,[09.02.26][nornanstyle] Review Influ (Trap),IMG,Trap,Meta,1234,1421,143.99,0,0.0,0.0,1.8,101.33,0.0,45,3.1668,0,0,0,1,ไม่มียอดขาย,False,
Apr26,Unknown,2026-04-08,[09.02.26][threerukkub] Review Influ (Trap),IMG,Trap,Meta,553,650,113.6,0,0.0,0.0,1.8,174.77,0.0,29,4.4615,1,0,0,1,ไม่มียอดขาย,False,
Apr26,ริว,2026-04-08,[03.04.26][ริว] โรคซึมเศร้า AI (Trap),IMG,Trap,Meta,102,109,8.12,0,0.0,0.0,1.8,74.5,0.0,3,2.7523,0,0,0,1,ไม่มียอดขาย,False,
Apr26,Unknown,2026-04-08,[01.04.26][pearpmk] Review Influ (Trap),IMG,Trap,Meta,2789,2870,178.49,0,0.0,0.0,1.8,62.19,0.0,90,3.1359,2,0,0,1,ไม่มียอดขาย,False,
Apr26,Unknown,2026-04-08,[01.04.26][pearpmk] Review Influ (Trap),IMG,Trap,Meta,5233,5531,320.63,2,818.0,2.5512,1.8,57.97,160.31,197,3.5617,4,0,0,1,ผ่าน,False,
Apr26,มิ้น,2026-04-08,[04.02.26][มิ้น] มนุษย์ที่เป็นคนดี (สัมภาษณ์หมอ) (Trap),IMG,Trap,Meta,1937,1988,170.12,0,0.0,0.0,1.8,85.57,0.0,87,4.3763,0,0,0,1,ไม่มียอดขาย,False,
Apr26,มิ้น,2026-04-08,[02.04.26][มิ้น] อย่าปล่อยให้อีโก้ (Trap),IMG,Trap,Meta,828,935,149.04,0,0.0,0.0,1.8,159.4,0.0,46,4.9198,0,0,0,1,ไม่มียอดขาย,False,
Apr26,มิ้น,2026-04-09,[04.02.26][มิ้น] มนุษย์ที่เป็นคนดี (สัมภาษณ์หมอ) (Trap),IMG,Trap,Meta,1787,1870,171.96,0,0.0,0.0,1.8,91.96,0.0,106,5.6684,3,0,0,1,ไม่มียอดขาย,False,
Apr26,ริว,2026-04-09,[12.02.26][ริว] รักคนอื่น (สัมภาษณ์หมอ) (Trap),IMG,Trap,Meta,1074,1161,269.32,0,0.0,0.0,1.8,231.97,0.0,54,4.6512,2,0,0,1,ไม่มียอดขาย,False,
Apr26,ริว,2026-04-09,[23.02.26][ริว] แม่คือคนรับผิดชอบ (Trap),IMG,Trap,Meta,1360,1478,276.87,1,339.0,1.2244,1.8,187.33,276.87,81,5.4804,0,0,0,1,ไม่ผ่าน,False,
Apr26,ริว,2026-04-09,[04.03.26][ริว] ซึมเศร้า (สัมภาษณ์หมอ) (Trap),IMG,Trap,Meta,3376,3502,193.32,1,409.0,2.1157,1.8,55.2,193.32,103,2.9412,2,0,0,1,ผ่าน,False,
Apr26,ริว,2026-04-09,[04.03.26][ริว] ซึมเศร้า (สัมภาษณ์หมอ) (Trap),IMG,Trap,Meta,31768,34324,1351.26,6,2454.0,1.8161,1.8,39.37,225.21,819,2.3861,23,0,0,1,ผ่าน,False,
Apr26,มิ้น,2026-04-09,[04.02.26][มิ้น] มนุษย์ที่เป็นคนดี (สัมภาษณ์หมอ) (Trap),IMG,Trap,Meta,42995,46804,3063.2,13,5817.0,1.899,1.8,65.45,235.63,1783,3.8095,36,0,0,1,ผ่าน,False,
Apr26,มิ้น,2026-04-09,[04.02.26][มิ้น] มนุษย์ที่เป็นคนดี (สัมภาษณ์หมอ) (Trap),IMG,Trap,Meta,20115,21503,1179.04,4,1566.0,1.3282,1.8,54.83,294.76,769,3.5762,14,0,0,1,ไม่ผ่าน,False,
Apr26,ริว,2026-04-09,[10.03.26][ริว] ซึมเศร้า animation (Trap),IMG,Trap,Meta,0,0,0.0,0,0.0,0.0,1.8,0.0,0.0,0,0.0,0,0,0,1,ไม่มียอดขาย,False,
Apr26,ริว,2026-04-09,[04.03.26][ริว] ซึมเศร้า (สัมภาษณ์หมอ) (Trap),IMG,Trap,Meta,3620,3762,216.36,0,0.0,0.0,1.8,57.51,0.0,122,3.243,1,0,0,1,ไม่มียอดขาย,False,
Apr26,ริว,2026-04-09,[29.03.26][ริว] วิธีรับมือโรคแพนิค (AI) (Trap),IMG,Trap,Meta,0,0,0.0,0,0.0,0.0,1.8,0.0,0.0,0,0.0,0,0,0,1,ไม่มียอดขาย,False,
Apr26,Unknown,2026-04-09,[01.04.26][pearpmk] Review Influ (Trap),IMG,Trap,Meta,13938,15143,938.11,4,1786.0,1.9038,1.8,61.95,234.53,473,3.1236,11,0,0,1,ผ่าน,False,
Apr26,ริว,2026-04-09,[01.04.26][ริว] เลิกควบคุมสิ่งที่ควมคุมไม่ได้ (AI) (Trap),IMG,Trap,Meta,2072,2117,186.85,1,329.0,1.7608,1.8,88.26,186.85,138,6.5187,2,0,0,1,ไม่ผ่าน,False,
Apr26,มิ้น,2026-04-09,[01.04.26][มิ้น] 5 ข้อคิดที่จะได้รับจากหนังสือ (Trap),IMG,Trap,Meta,0,0,0.0,0,0.0,0.0,1.8,0.0,0.0,0,0.0,0,0,0,1,ไม่มียอดขาย,False,
Apr26,ริว,2026-04-09,[04.03.26][ริว] ซึมเศร้า (สัมภาษณ์หมอ) (Trap),IMG,Trap,Meta,3493,3647,161.66,0,0.0,0.0,1.8,44.33,0.0,117,3.2081,2,0,0,1,ไม่มียอดขาย,False,
Apr26,มิ้น,2026-04-09,[02.04.26][มิ้น] อย่าปล่อยให้อีโก้ (Trap),IMG,Trap,Meta,0,0,0.0,1,359.0,0.0,1.8,0.0,0.0,0,0.0,0,0,0,1,ไม่ผ่าน,False,
Apr26,ริว,2026-04-09,[03.04.26][ริว] โรคซึมเศร้า AI (Trap),IMG,Trap,Meta,3807,4040,183.36,0,0.0,0.0,1.8,45.39,0.0,149,3.6881,4,0,0,1,ไม่มียอดขาย,False,
Apr26,Unknown,2026-04-09,[01.04.26][pearpmk] Review Influ (Trap),IMG,Trap,Meta,2739,2822,214.58,0,0.0,0.0,1.8,76.04,0.0,116,4.1106,3,0,0,1,ไม่มียอดขาย,False,
Apr26,ริว,2026-04-09,[01.04.26][ริว] เลิกควบคุมสิ่งที่ควมคุมไม่ได้ (AI) (Trap),IMG,Trap,Meta,2633,2680,251.23,1,339.0,1.3494,1.8,93.74,251.23,177,6.6045,3,0,0,1,ไม่ผ่าน,False,
Apr26,ริว,2026-04-09,[01.04.26][ริว] เลิกควบคุมสิ่งที่ควมคุมไม่ได้ (AI) (Trap),IMG,Trap,Meta,3631,3723,334.96,1,409.0,1.221,1.8,89.97,334.96,228,6.1241,5,0,0,1,ไม่ผ่าน,False,
Apr26,Unknown,2026-04-09,[01.04.26][purrfectlytashasha] Review Influ (Trap),IMG,Trap,Meta,1601,1667,249.41,0,0.0,0.0,1.8,149.62,0.0,65,3.8992,4,0,0,1,ไม่มียอดขาย,False,
Apr26,มิ้น,2026-04-09,[02.04.26][มิ้น] อย่าปล่อยให้อีโก้ (Trap),IMG,Trap,Meta,1584,1675,172.7,0,0.0,0.0,1.8,103.1,0.0,90,5.3731,1,0,0,1,ไม่มียอดขาย,False,
Apr26,ริว,2026-04-09,[03.04.26][ริว] โรคซึมเศร้า AI (Trap),IMG,Trap,Meta,8091,8638,422.12,1,409.0,0.9689,1.8,48.87,422.12,306,3.5425,8,0,0,1,ไม่ผ่าน,False,
Apr26,ริว,2026-04-09,[01.04.26][ริว] เลิกควบคุมสิ่งที่ควมคุมไม่ได้ (AI) (Trap),IMG,Trap,Meta,2458,2522,299.61,0,0.0,0.0,1.8,118.8,0.0,162,6.4235,2,0,0,1,ไม่มียอดขาย,False,
Apr26,ริว,2026-04-09,[01.04.26][ริว] เลิกควบคุมสิ่งที่ควมคุมไม่ได้ (AI) (Trap),IMG,Trap,Meta,19610,21575,1682.65,5,2445.0,1.4531,1.8,77.99,336.53,1032,4.7833,12,0,0,1,ไม่ผ่าน,False,
Apr26,ริว,2026-04-09,[29.03.26][ริว] วิธีรับมือโรคแพนิค (AI) (Trap),IMG,Trap,Meta,4116,4155,232.47,0,0.0,0.0,1.8,55.95,0.0,221,5.3189,3,0,0,1,ไม่มียอดขาย,False,
Apr26,ริว,2026-04-09,[29.03.26][ริว] วิธีรับมือโรคแพนิค (AI) (Trap),IMG,Trap,Meta,3488,3714,226.61,1,339.0,1.496,1.8,61.02,226.61,178,4.7927,2,0,0,1,ไม่ผ่าน,False,
Apr26,Unknown,2026-04-09,[01.04.26][purrfectlytashasha] Review Influ (Trap),IMG,Trap,Meta,1813,2017,263.12,0,0.0,0.0,1.8,130.45,0.0,69,3.4209,2,0,0,1,ไม่มียอดขาย,False,
Apr26,Unknown,2026-04-09,[01.04.26][pearpmk] Review Influ (Trap),IMG,Trap,Meta,2677,2894,225.65,0,0.0,0.0,1.8,77.97,0.0,119,4.112,6,0,0,1,ไม่มียอดขาย,False,
Apr26,Unknown,2026-04-09,[06.02.26][tsunut_] Review Influ (Trap),IMG,Trap,Meta,1444,1544,285.78,1,449.0,1.5711,1.8,185.09,285.78,87,5.6347,0,0,0,1,ไม่ผ่าน,False,
Apr26,Unknown,2026-04-09,[09.02.26][nornanstyle] Review Influ (Trap),IMG,Trap,Meta,1709,1922,250.48,1,440.0,1.7566,1.8,130.32,250.48,57,2.9657,1,0,0,1,ไม่ผ่าน,False,
Apr26,Unknown,2026-04-09,[09.02.26][threerukkub] Review Influ (Trap),IMG,Trap,Meta,1337,1565,337.04,1,559.0,1.6586,1.8,215.36,337.04,56,3.5783,0,0,0,1,ไม่ผ่าน,False,
Apr26,Unknown,2026-04-09,[01.04.26][pearpmk] Review Influ (Trap),IMG,Trap,Meta,3108,3233,185.44,0,0.0,0.0,1.8,57.36,0.0,165,5.1036,4,0,0,1,ไม่มียอดขาย,False,
Apr26,Unknown,2026-04-09,[01.04.26][pearpmk] Review Influ (Trap),IMG,Trap,Meta,47167,51665,2601.55,13,5738.0,2.2056,1.8,50.35,200.12,2112,4.0879,60,0,0,1,ผ่าน,False,
Apr26,มิ้น,2026-04-09,[04.02.26][มิ้น] มนุษย์ที่เป็นคนดี (สัมภาษณ์หมอ) (Trap),IMG,Trap,Meta,21911,23843,1356.16,3,1777.0,1.3103,1.8,56.88,452.05,1093,4.5842,13,0,0,1,ไม่ผ่าน,False,
Apr26,มิ้น,2026-04-09,[02.04.26][มิ้น] อย่าปล่อยให้อีโก้ (Trap),IMG,Trap,Meta,0,0,0.0,1,339.0,0.0,1.8,0.0,0.0,0,0.0,0,0,0,1,ไม่ผ่าน,False,
Apr26,ริว,2026-04-09,[09.04.26][ริว] คำถามวัดใจไซโคพาธ Psychopath AI (Trap),IMG,Trap,Meta,1899,2152,200.57,0,0.0,0.0,1.8,93.2,0.0,184,8.5502,0,0,0,1,ไม่มียอดขาย,False,
Apr26,ริว,2026-04-09,[09.04.26][ริว] perfectionism ความสมบูรณ์แบบที่ทำร้ายเรา AI (Trap),IMG,Trap,Meta,936,1118,158.15,0,0.0,0.0,1.8,141.46,0.0,37,3.3095,0,0,0,1,ไม่มียอดขาย,False,
Apr26,มิ้น,2026-04-10,[04.02.26][มิ้น] มนุษย์ที่เป็นคนดี (สัมภาษณ์หมอ) (Trap),IMG,Trap,Meta,1770,1816,187.63,0,0.0,0.0,1.8,103.32,0.0,82,4.5154,2,0,0,1,ไม่มียอดขาย,False,
Apr26,ริว,2026-04-10,[12.02.26][ริว] รักคนอื่น (สัมภาษณ์หมอ) (Trap),IMG,Trap,Meta,996,1099,268.99,1,409.0,1.5205,1.8,244.76,268.99,76,6.9154,3,0,0,1,ไม่ผ่าน,False,
Apr26,ริว,2026-04-10,[23.02.26][ริว] แม่คือคนรับผิดชอบ (Trap),IMG,Trap,Meta,2660,2913,501.2,2,788.0,1.5722,1.8,172.06,250.6,187,6.4195,7,0,0,1,ไม่ผ่าน,False,
Apr26,มิ้น,2026-04-10,[01.03.26][มิ้น] รี stock เล่มลายเซ็นหมอทานตะวัน (สัมภาษณ์หมอ) (Trap),IMG,Trap,Meta,1366,1468,123.84,1,559.0,4.5139,1.8,84.36,123.84,30,2.0436,3,0,0,1,ผ่าน,False,
Apr26,ริว,2026-04-10,[04.03.26][ริว] ซึมเศร้า (สัมภาษณ์หมอ) (Trap),IMG,Trap,Meta,2909,2955,179.14,0,0.0,0.0,1.8,60.62,0.0,92,3.1134,2,0,0,1,ไม่มียอดขาย,False,
Apr26,ริว,2026-04-10,[04.03.26][ริว] ซึมเศร้า (สัมภาษณ์หมอ) (Trap),IMG,Trap,Meta,11815,12992,609.65,2,818.0,1.3418,1.8,46.93,304.82,346,2.6632,7,0,0,1,ไม่ผ่าน,False,
Apr26,มิ้น,2026-04-10,[04.02.26][มิ้น] มนุษย์ที่เป็นคนดี (สัมภาษณ์หมอ) (Trap),IMG,Trap,Meta,3061,3162,235.93,2,748.0,3.1704,1.8,74.61,117.97,117,3.7002,3,0,0,1,ผ่าน,False,
Apr26,มิ้น,2026-04-10,[04.02.26][มิ้น] มนุษย์ที่เป็นคนดี (สัมภาษณ์หมอ) (Trap),IMG,Trap,Meta,10224,10678,590.62,2,1168.0,1.9776,1.8,55.31,295.31,405,3.7928,6,0,0,1,ผ่าน,False,
Apr26,ริว,2026-04-10,[10.03.26][ริว] ซึมเศร้า animation (Trap),IMG,Trap,Meta,0,0,0.0,0,0.0,0.0,1.8,0.0,0.0,0,0.0,2,0,0,1,ไม่มียอดขาย,False,
Apr26,ริว,2026-04-10,[04.03.26][ริว] ซึมเศร้า (สัมภาษณ์หมอ) (Trap),IMG,Trap,Meta,3166,3217,185.35,0,0.0,0.0,1.8,57.62,0.0,92,2.8598,1,0,0,1,ไม่มียอดขาย,False,
Apr26,Unknown,2026-04-10,[01.04.26][pearpmk] Review Influ (Trap),IMG,Trap,Meta,2426,2587,156.36,0,0.0,0.0,1.8,60.44,0.0,67,2.5899,1,0,0,1,ไม่มียอดขาย,False,
Apr26,ริว,2026-04-10,[01.04.26][ริว] เลิกควบคุมสิ่งที่ควมคุมไม่ได้ (AI) (Trap),IMG,Trap,Meta,2020,2091,223.1,0,0.0,0.0,1.8,106.7,0.0,145,6.9345,0,0,0,1,ไม่มียอดขาย,False,
Apr26,ริว,2026-04-10,[04.03.26][ริว] ซึมเศร้า (สัมภาษณ์หมอ) (Trap),IMG,Trap,Meta,4173,4296,208.5,0,0.0,0.0,1.8,48.53,0.0,93,2.1648,0,0,0,1,ไม่มียอดขาย,False,
Apr26,มิ้น,2026-04-10,[02.04.26][มิ้น] อย่าปล่อยให้อีโก้ (Trap),IMG,Trap,Meta,0,0,0.0,0,0.0,0.0,1.8,0.0,0.0,0,0.0,0,0,0,1,ไม่มียอดขาย,False,
Apr26,ริว,2026-04-10,[03.04.26][ริว] โรคซึมเศร้า AI (Trap),IMG,Trap,Meta,3353,3631,164.32,0,0.0,0.0,1.8,45.25,0.0,117,3.2223,4,0,0,1,ไม่มียอดขาย,False,
Apr26,Unknown,2026-04-10,[01.04.26][pearpmk] Review Influ (Trap),IMG,Trap,Meta,2795,2860,184.44,0,0.0,0.0,1.8,64.49,0.0,98,3.4266,4,0,0,1,ไม่มียอดขาย,False,
Apr26,ริว,2026-04-10,[01.04.26][ริว] เลิกควบคุมสิ่งที่ควมคุมไม่ได้ (AI) (Trap),IMG,Trap,Meta,1763,1814,198.26,0,0.0,0.0,1.8,109.29,0.0,107,5.8986,2,0,0,1,ไม่มียอดขาย,False,
Apr26,ริว,2026-04-10,[01.04.26][ริว] เลิกควบคุมสิ่งที่ควมคุมไม่ได้ (AI) (Trap),IMG,Trap,Meta,2517,2602,244.07,0,0.0,0.0,1.8,93.8,0.0,142,5.4573,1,0,0,1,ไม่มียอดขาย,False,
Apr26,Unknown,2026-04-10,[01.04.26][purrfectlytashasha] Review Influ (Trap),IMG,Trap,Meta,1444,1548,204.88,0,0.0,0.0,1.8,132.35,0.0,54,3.4884,0,0,0,1,ไม่มียอดขาย,False,
Apr26,มิ้น,2026-04-10,[02.04.26][มิ้น] อย่าปล่อยให้อีโก้ (Trap),IMG,Trap,Meta,1716,1860,205.59,0,0.0,0.0,1.8,110.53,0.0,128,6.8817,1,0,0,1,ไม่มียอดขาย,False,
Apr26,ริว,2026-04-10,[03.04.26][ริว] โรคซึมเศร้า AI (Trap),IMG,Trap,Meta,4921,5085,228.9,1,329.0,1.4373,1.8,45.01,228.9,226,4.4444,5,0,0,1,ไม่ผ่าน,False,
Apr26,ริว,2026-04-10,[01.04.26][ริว] เลิกควบคุมสิ่งที่ควมคุมไม่ได้ (AI) (Trap),IMG,Trap,Meta,2023,2129,227.08,0,0.0,0.0,1.8,106.66,0.0,166,7.7971,5,0,0,1,ไม่มียอดขาย,False,
Apr26,ริว,2026-04-10,[01.04.26][ริว] เลิกควบคุมสิ่งที่ควมคุมไม่ได้ (AI) (Trap),IMG,Trap,Meta,3009,3198,287.41,1,409.0,1.4231,1.8,89.87,287.41,153,4.7842,6,0,0,1,ไม่ผ่าน,False,
Apr26,ริว,2026-04-10,[29.03.26][ริว] วิธีรับมือโรคแพนิค (AI) (Trap),IMG,Trap,Meta,2531,2646,228.7,1,339.0,1.4823,1.8,86.43,228.7,148,5.5933,2,0,0,1,ไม่ผ่าน,False,
Apr26,ริว,2026-04-10,[29.03.26][ริว] วิธีรับมือโรคแพนิค (AI) (Trap),IMG,Trap,Meta,2645,2914,263.38,1,339.0,1.2871,1.8,90.38,263.38,178,6.1084,2,0,0,1,ไม่ผ่าน,False,
Apr26,Unknown,2026-04-10,[01.04.26][purrfectlytashasha] Review Influ (Trap),IMG,Trap,Meta,1917,2133,288.23,1,409.0,1.419,1.8,135.13,288.23,61,2.8598,2,0,0,1,ไม่ผ่าน,False,
Apr26,Unknown,2026-04-10,[01.04.26][pearpmk] Review Influ (Trap),IMG,Trap,Meta,2513,2616,174.22,0,0.0,0.0,1.8,66.6,0.0,93,3.555,3,0,0,1,ไม่มียอดขาย,False,
Apr26,Unknown,2026-04-10,[06.02.26][tsunut_] Review Influ (Trap),IMG,Trap,Meta,2901,3326,511.9,3,1157.0,2.2602,1.8,153.91,170.63,130,3.9086,0,0,0,1,ผ่าน,False,
Apr26,Unknown,2026-04-10,[09.02.26][nornanstyle] Review Influ (Trap),IMG,Trap,Meta,1341,1447,176.56,0,0.0,0.0,1.8,122.02,0.0,39,2.6952,0,0,0,1,ไม่มียอดขาย,False,
Apr26,Unknown,2026-04-10,[09.02.26][threerukkub] Review Influ (Trap),IMG,Trap,Meta,791,873,205.0,0,0.0,0.0,1.8,234.82,0.0,34,3.8946,1,0,0,1,ไม่มียอดขาย,False,
Apr26,Unknown,2026-04-10,[01.04.26][pearpmk] Review Influ (Trap),IMG,Trap,Meta,4283,4601,314.59,1,659.0,2.0948,1.8,68.37,314.59,155,3.3688,7,0,0,1,ผ่าน,False,
Apr26,Unknown,2026-04-10,[01.04.26][pearpmk] Review Influ (Trap),IMG,Trap,Meta,19589,20959,1220.74,5,2214.0,1.8137,1.8,58.24,244.15,724,3.4544,30,0,0,1,ผ่าน,False,
Apr26,มิ้น,2026-04-10,[04.02.26][มิ้น] มนุษย์ที่เป็นคนดี (สัมภาษณ์หมอ) (Trap),IMG,Trap,Meta,1898,1978,172.69,0,0.0,0.0,1.8,87.31,0.0,99,5.0051,4,0,0,1,ไม่มียอดขาย,False,
Apr26,ริว,2026-04-10,[09.04.26][ริว] คำถามวัดใจไซโคพาธ Psychopath AI (Trap),IMG,Trap,Meta,7682,9615,753.45,2,1138.0,1.5104,1.8,78.36,376.73,701,7.2907,1,0,0,1,ไม่ผ่าน,False,
Apr26,ริว,2026-04-10,[09.04.26][ริว] perfectionism ความสมบูรณ์แบบที่ทำร้ายเรา AI (Trap),IMG,Trap,Meta,631,789,152.3,0,0.0,0.0,1.8,193.03,0.0,47,5.9569,0,0,0,1,ไม่มียอดขาย,False,
Apr26,มิ้น,2026-04-11,[04.02.26][มิ้น] มนุษย์ที่เป็นคนดี (สัมภาษณ์หมอ) (Trap),IMG,Trap,Meta,2321,2356,202.82,1,409.0,2.0166,1.8,86.09,202.82,84,3.5654,2,0,0,1,ผ่าน,False,
Apr26,ริว,2026-04-11,[12.02.26][ริว] รักคนอื่น (สัมภาษณ์หมอ) (Trap),IMG,Trap,Meta,857,930,206.5,1,409.0,1.9806,1.8,222.04,206.5,59,6.3441,1,0,0,1,ผ่าน,False,
Apr26,ริว,2026-04-11,[23.02.26][ริว] แม่คือคนรับผิดชอบ (Trap),IMG,Trap,Meta,1043,1109,178.7,0,0.0,0.0,1.8,161.14,0.0,61,5.5005,1,0,0,1,ไม่มียอดขาย,False,
Apr26,มิ้น,2026-04-11,[01.03.26][มิ้น] รี stock เล่มลายเซ็นหมอทานตะวัน (สัมภาษณ์หมอ) (Trap),IMG,Trap,Meta,1950,2314,230.71,1,409.0,1.7728,1.8,99.7,230.71,56,2.4201,4,0,0,1,ไม่ผ่าน,False,
Apr26,ริว,2026-04-11,[04.03.26][ริว] ซึมเศร้า (สัมภาษณ์หมอ) (Trap),IMG,Trap,Meta,3916,4081,201.54,1,409.0,2.0294,1.8,49.38,201.54,105,2.5729,4,0,0,1,ผ่าน,False,
Apr26,ริว,2026-04-11,[04.03.26][ริว] ซึมเศร้า (สัมภาษณ์หมอ) (Trap),IMG,Trap,Meta,9054,9337,291.94,1,600.0,2.0552,1.8,31.27,291.94,227,2.4312,6,0,0,1,ผ่าน,False,
Apr26,มิ้น,2026-04-11,[04.02.26][มิ้น] มนุษย์ที่เป็นคนดี (สัมภาษณ์หมอ) (Trap),IMG,Trap,Meta,3160,3227,217.6,1,409.0,1.8796,1.8,67.43,217.6,127,3.9355,4,0,0,1,ผ่าน,False,
Apr26,มิ้น,2026-04-11,[04.02.26][มิ้น] มนุษย์ที่เป็นคนดี (สัมภาษณ์หมอ) (Trap),IMG,Trap,Meta,7333,7702,291.91,0,0.0,0.0,1.8,37.9,0.0,287,3.7263,6,0,0,1,ไม่มียอดขาย,False,
Apr26,ริว,2026-04-11,[04.03.26][ริว] ซึมเศร้า (สัมภาษณ์หมอ) (Trap),IMG,Trap,Meta,3802,3945,251.16,1,409.0,1.6284,1.8,63.67,251.16,123,3.1179,4,0,0,1,ไม่ผ่าน,False,
Apr26,Unknown,2026-04-11,[01.04.26][pearpmk] Review Influ (Trap),IMG,Trap,Meta,2807,2880,160.42,0,0.0,0.0,1.8,55.7,0.0,96,3.3333,7,0,0,1,ไม่มียอดขาย,False,
Apr26,ริว,2026-04-11,[01.04.26][ริว] เลิกควบคุมสิ่งที่ควมคุมไม่ได้ (AI) (Trap),IMG,Trap,Meta,1964,2070,234.83,1,409.0,1.7417,1.8,113.44,234.83,125,6.0386,3,0,0,1,ไม่ผ่าน,False,
Apr26,ริว,2026-04-11,[04.03.26][ริว] ซึมเศร้า (สัมภาษณ์หมอ) (Trap),IMG,Trap,Meta,52162,54608,1491.61,6,2604.0,1.7458,1.8,27.31,248.6,1220,2.2341,37,0,0,1,ไม่ผ่าน,False,
Apr26,ริว,2026-04-11,[01.04.26][ริว] เลิกควบคุมสิ่งที่ควมคุมไม่ได้ (AI) (Trap),IMG,Trap,Meta,2672,2796,239.2,1,659.0,2.755,1.8,85.55,239.2,144,5.1502,1,0,0,1,ผ่าน,False,
Apr26,ริว,2026-04-11,[01.04.26][ริว] เลิกควบคุมสิ่งที่ควมคุมไม่ได้ (AI) (Trap),IMG,Trap,Meta,5235,5792,356.5,2,748.0,2.0982,1.8,61.55,178.25,289,4.9896,4,0,0,1,ผ่าน,False,
Apr26,ริว,2026-04-11,[29.03.26][ริว] วิธีรับมือโรคแพนิค (AI) (Trap),IMG,Trap,Meta,2551,2665,180.41,0,0.0,0.0,1.8,67.7,0.0,160,6.0038,1,0,0,1,ไม่มียอดขาย,False,
Apr26,ริว,2026-04-11,[29.03.26][ริว] วิธีรับมือโรคแพนิค (AI) (Trap),IMG,Trap,Meta,2000,2130,156.96,0,0.0,0.0,1.8,73.69,0.0,140,6.5728,1,0,0,1,ไม่มียอดขาย,False,
Apr26,Unknown,2026-04-11,[01.04.26][purrfectlytashasha] Review Influ (Trap),IMG,Trap,Meta,998,1119,159.24,0,0.0,0.0,1.8,142.31,0.0,40,3.5746,0,0,0,1,ไม่มียอดขาย,False,
Apr26,Unknown,2026-04-11,[01.04.26][pearpmk] Review Influ (Trap),IMG,Trap,Meta,4041,4146,207.66,1,409.0,1.9696,1.8,50.09,207.66,169,4.0762,5,0,0,1,ผ่าน,False,
Apr26,Unknown,2026-04-11,[06.02.26][tsunut_] Review Influ (Trap),IMG,Trap,Meta,10149,12136,1286.18,7,2923.0,2.2726,1.8,105.98,183.74,417,3.4361,6,0,0,1,ผ่าน,False,
Apr26,Unknown,2026-04-11,[09.02.26][nornanstyle] Review Influ (Trap),IMG,Trap,Meta,1428,1776,217.94,1,659.0,3.0238,1.8,122.71,217.94,47,2.6464,0,0,0,1,ผ่าน,False,
Apr26,Unknown,2026-04-11,[09.02.26][threerukkub] Review Influ (Trap),IMG,Trap,Meta,11083,12377,905.64,4,2326.0,2.5683,1.8,73.17,226.41,376,3.0379,3,0,0,1,ผ่าน,False,
Apr26,ริว,2026-04-11,[03.04.26][ริว] โรคซึมเศร้า AI (Trap),IMG,Trap,Meta,5107,5443,211.83,0,0.0,0.0,1.8,38.92,0.0,154,2.8293,0,0,0,1,ไม่มียอดขาย,False,
Apr26,Unknown,2026-04-11,[01.04.26][pearpmk] Review Influ (Trap),IMG,Trap,Meta,3492,3756,199.59,1,409.0,2.0492,1.8,53.14,199.59,127,3.3813,4,0,0,1,ผ่าน,False,
Apr26,ริว,2026-04-11,[01.04.26][ริว] เลิกควบคุมสิ่งที่ควมคุมไม่ได้ (AI) (Trap),IMG,Trap,Meta,0,0,0.0,0,0.0,0.0,1.8,0.0,0.0,0,0.0,0,0,0,1,ไม่มียอดขาย,False,
Apr26,ริว,2026-04-11,[01.04.26][ริว] เลิกควบคุมสิ่งที่ควมคุมไม่ได้ (AI) (Trap),IMG,Trap,Meta,3370,3510,291.61,0,0.0,0.0,1.8,83.08,0.0,174,4.9573,1,0,0,1,ไม่มียอดขาย,False,
Apr26,Unknown,2026-04-11,[01.04.26][purrfectlytashasha] Review Influ (Trap),IMG,Trap,Meta,3804,4199,291.73,0,0.0,0.0,1.8,69.48,0.0,114,2.7149,1,0,0,1,ไม่มียอดขาย,False,
Apr26,มิ้น,2026-04-11,[02.04.26][มิ้น] อย่าปล่อยให้อีโก้ (Trap),IMG,Trap,Meta,4077,4829,291.81,0,0.0,0.0,1.8,60.43,0.0,231,4.7836,1,0,0,1,ไม่มียอดขาย,False,
Apr26,ริว,2026-04-11,[03.04.26][ริว] โรคซึมเศร้า AI (Trap),IMG,Trap,Meta,3521,3810,217.41,1,409.0,1.8812,1.8,57.06,217.41,136,3.5696,6,0,0,1,ผ่าน,False,
Apr26,ริว,2026-04-11,[01.04.26][ริว] เลิกควบคุมสิ่งที่ควมคุมไม่ได้ (AI) (Trap),IMG,Trap,Meta,0,0,0.0,0,0.0,0.0,1.8,0.0,0.0,0,0.0,0,0,0,1,ไม่มียอดขาย,False,
Apr26,ริว,2026-04-11,[29.03.26][ริว] วิธีรับมือโรคแพนิค (AI) (Trap),IMG,Trap,Meta,0,0,0.0,0,0.0,0.0,1.8,0.0,0.0,0,0.0,0,0,0,1,ไม่มียอดขาย,False,
Apr26,Unknown,2026-04-11,[01.04.26][purrfectlytashasha] Review Influ (Trap),IMG,Trap,Meta,0,0,0.0,0,0.0,0.0,1.8,0.0,0.0,0,0.0,1,0,0,1,ไม่มียอดขาย,False,
Apr26,Unknown,2026-04-11,[01.04.26][pearpmk] Review Influ (Trap),IMG,Trap,Meta,0,0,0.0,0,0.0,0.0,1.8,0.0,0.0,0,0.0,0,0,0,1,ไม่มียอดขาย,False,
Apr26,Unknown,2026-04-11,[06.02.26][tsunut_] Review Influ (Trap),IMG,Trap,Meta,0,0,0.0,0,0.0,0.0,1.8,0.0,0.0,0,0.0,0,0,0,1,ไม่มียอดขาย,False,
Apr26,Unknown,2026-04-11,[09.02.26][threerukkub] Review Influ (Trap),IMG,Trap,Meta,0,0,0.0,0,0.0,0.0,1.8,0.0,0.0,0,0.0,0,0,0,1,ไม่มียอดขาย,False,
Apr26,ริว,2026-04-11,[03.04.26][ริว] โรคซึมเศร้า AI (Trap),IMG,Trap,Meta,881,920,58.89,1,339.0,5.7565,1.8,64.01,58.89,39,4.2391,1,0,0,1,ผ่าน,False,
Apr26,Unknown,2026-04-11,[01.04.26][pearpmk] Review Influ (Trap),IMG,Trap,Meta,2449,2535,160.52,0,0.0,0.0,1.8,63.32,0.0,77,3.0375,3,0,0,1,ไม่มียอดขาย,False,
Apr26,Unknown,2026-04-11,[01.04.26][pearpmk] Review Influ (Trap),IMG,Trap,Meta,3090,3331,200.55,1,409.0,2.0394,1.8,60.21,200.55,125,3.7526,8,0,0,1,ผ่าน,False,
Apr26,มิ้น,2026-04-11,[04.02.26][มิ้น] มนุษย์ที่เป็นคนดี (สัมภาษณ์หมอ) (Trap),IMG,Trap,Meta,2231,2329,204.89,1,409.0,1.9962,1.8,87.97,204.89,142,6.097,2,0,0,1,ผ่าน,False,
Apr26,ริว,2026-04-11,[09.04.26][ริว] คำถามวัดใจไซโคพาธ Psychopath AI (Trap),IMG,Trap,Meta,6177,7030,578.8,2,818.0,1.4133,1.8,82.33,289.4,451,6.4154,4,0,0,1,ไม่ผ่าน,False,
Apr26,ริว,2026-04-11,[09.04.26][ริว] perfectionism ความสมบูรณ์แบบที่ทำร้ายเรา AI (Trap),IMG,Trap,Meta,690,782,165.82,0,0.0,0.0,1.8,212.05,0.0,36,4.6036,1,0,0,1,ไม่มียอดขาย,False,
Apr26,มิ้น,2026-04-12,[04.02.26][มิ้น] มนุษย์ที่เป็นคนดี (สัมภาษณ์หมอ) (Trap),IMG,Trap,Meta,0,0,0.0,0,0.0,0.0,1.8,0.0,0.0,0,0.0,0,0,0,1,ไม่มียอดขาย,False,
Apr26,ริว,2026-04-12,[12.02.26][ริว] รักคนอื่น (สัมภาษณ์หมอ) (Trap),IMG,Trap,Meta,0,0,0.0,1,409.0,0.0,1.8,0.0,0.0,0,0.0,0,0,0,1,ไม่ผ่าน,False,
Apr26,ริว,2026-04-12,[23.02.26][ริว] แม่คือคนรับผิดชอบ (Trap),IMG,Trap,Meta,0,0,0.0,0,0.0,0.0,1.8,0.0,0.0,0,0.0,0,0,0,1,ไม่มียอดขาย,False,
Apr26,มิ้น,2026-04-12,[01.03.26][มิ้น] รี stock เล่มลายเซ็นหมอทานตะวัน (สัมภาษณ์หมอ) (Trap),IMG,Trap,Meta,11169,14543,1042.14,5,3536.0,3.393,1.8,71.66,208.43,248,1.7053,9,0,0,1,ผ่าน,False,
Apr26,ริว,2026-04-12,[04.03.26][ริว] ซึมเศร้า (สัมภาษณ์หมอ) (Trap),IMG,Trap,Meta,0,0,0.0,0,0.0,0.0,1.8,0.0,0.0,0,0.0,0,0,0,1,ไม่มียอดขาย,False,
Apr26,ริว,2026-04-12,[04.03.26][ริว] ซึมเศร้า (สัมภาษณ์หมอ) (Trap),IMG,Trap,Meta,7394,7744,362.18,2,1117.0,3.0841,1.8,46.77,181.09,184,2.376,5,0,0,1,ผ่าน,False,
Apr26,มิ้น,2026-04-12,[04.02.26][มิ้น] มนุษย์ที่เป็นคนดี (สัมภาษณ์หมอ) (Trap),IMG,Trap,Meta,3233,3437,240.89,1,339.0,1.4073,1.8,70.09,240.89,116,3.375,3,0,0,1,ไม่ผ่าน,False,
Apr26,มิ้น,2026-04-12,[04.02.26][มิ้น] มนุษย์ที่เป็นคนดี (สัมภาษณ์หมอ) (Trap),IMG,Trap,Meta,4507,4627,227.36,1,339.0,1.491,1.8,49.14,227.36,188,4.0631,2,0,0,1,ไม่ผ่าน,False,
Apr26,ริว,2026-04-12,[10.03.26][ริว] ซึมเศร้า animation (Trap),IMG,Trap,Meta,0,0,0.0,0,0.0,0.0,1.8,0.0,0.0,0,0.0,0,0,0,1,ไม่มียอดขาย,False,
Apr26,ริว,2026-04-12,[29.03.26][ริว] วิธีรับมือโรคแพนิค (AI) (Trap),IMG,Trap,Meta,0,0,0.0,0,0.0,0.0,1.8,0.0,0.0,0,0.0,0,0,0,1,ไม่มียอดขาย,False,
Apr26,Unknown,2026-04-12,[01.04.26][pearpmk] Review Influ (Trap),IMG,Trap,Meta,3456,3626,201.76,0,0.0,0.0,1.8,55.64,0.0,111,3.0612,2,0,0,1,ไม่มียอดขาย,False,
Apr26,ริว,2026-04-12,[01.04.26][ริว] เลิกควบคุมสิ่งที่ควมคุมไม่ได้ (AI) (Trap),IMG,Trap,Meta,0,0,0.0,0,0.0,0.0,1.8,0.0,0.0,0,0.0,0,0,0,1,ไม่มียอดขาย,False,
Apr26,ริว,2026-04-12,[04.03.26][ริว] ซึมเศร้า (สัมภาษณ์หมอ) (Trap),IMG,Trap,Meta,25975,28181,897.73,4,1636.0,1.8224,1.8,31.86,224.43,640,2.271,24,0,0,1,ผ่าน,False,
Apr26,มิ้น,2026-04-12,[02.04.26][มิ้น] อย่าปล่อยให้อีโก้ (Trap),IMG,Trap,Meta,3347,3743,424.38,1,449.0,1.058,1.8,113.38,424.38,177,4.7288,1,0,0,1,ไม่ผ่าน,False,
Apr26,ริว,2026-04-12,[01.04.26][ริว] เลิกควบคุมสิ่งที่ควมคุมไม่ได้ (AI) (Trap),IMG,Trap,Meta,2437,2786,359.26,2,678.0,1.8872,1.8,128.95,179.63,212,7.6095,3,0,0,1,ผ่าน,False,
Apr26,ริว,2026-04-12,[29.03.26][ริว] วิธีรับมือโรคแพนิค (AI) (Trap),IMG,Trap,Meta,0,0,0.0,0,0.0,0.0,1.8,0.0,0.0,0,0.0,0,0,0,1,ไม่มียอดขาย,False,
Apr26,Unknown,2026-04-12,[01.04.26][purrfectlytashasha] Review Influ (Trap),IMG,Trap,Meta,870,1205,213.36,1,339.0,1.5889,1.8,177.06,213.36,35,2.9046,0,0,0,1,ไม่ผ่าน,False,
Apr26,Unknown,2026-04-12,[01.04.26][pearpmk] Review Influ (Trap),IMG,Trap,Meta,2230,2349,177.52,0,0.0,0.0,1.8,75.57,0.0,76,3.2354,5,0,0,1,ไม่มียอดขาย,False,
Apr26,Unknown,2026-04-12,[06.02.26][tsunut_] Review Influ (Trap),IMG,Trap,Meta,974,1130,244.86,1,339.0,1.3845,1.8,216.69,244.86,54,4.7788,1,0,0,1,ไม่ผ่าน,False,
Apr26,Unknown,2026-04-12,[09.02.26][threerukkub] Review Influ (Trap),IMG,Trap,Meta,2399,3197,481.27,2,998.0,2.0737,1.8,150.54,240.63,115,3.5971,3,0,0,1,ผ่าน,False,
Apr26,ริว,2026-04-12,[03.04.26][ริว] โรคซึมเศร้า AI (Trap),IMG,Trap,Meta,0,0,0.0,0,0.0,0.0,1.8,0.0,0.0,0,0.0,1,0,0,1,ไม่มียอดขาย,False,
Apr26,Unknown,2026-04-12,[01.04.26][pearpmk] Review Influ (Trap),IMG,Trap,Meta,3926,4107,231.73,1,339.0,1.4629,1.8,56.42,231.73,157,3.8227,4,0,0,1,ไม่ผ่าน,False,
Apr26,ริว,2026-04-12,[01.04.26][ริว] เลิกควบคุมสิ่งที่ควมคุมไม่ได้ (AI) (Trap),IMG,Trap,Meta,3882,4241,335.62,2,758.0,2.2585,1.8,79.14,167.81,241,5.6826,3,0,0,1,ผ่าน,False,
Apr26,Unknown,2026-04-12,[01.04.26][purrfectlytashasha] Review Influ (Trap),IMG,Trap,Meta,4167,4852,307.63,0,0.0,0.0,1.8,63.4,0.0,144,2.9678,4,0,0,1,ไม่มียอดขาย,False,
Apr26,มิ้น,2026-04-12,[02.04.26][มิ้น] อย่าปล่อยให้อีโก้ (Trap),IMG,Trap,Meta,5023,6093,315.79,0,0.0,0.0,1.8,51.83,0.0,313,5.137,1,0,0,1,ไม่มียอดขาย,False,
Apr26,ริว,2026-04-12,[01.04.26][ริว] เลิกควบคุมสิ่งที่ควมคุมไม่ได้ (AI) (Trap),IMG,Trap,Meta,0,0,0.0,0,0.0,0.0,1.8,0.0,0.0,0,0.0,1,0,0,1,ไม่มียอดขาย,False,
Apr26,ริว,2026-04-12,[01.04.26][ริว] เลิกควบคุมสิ่งที่ควมคุมไม่ได้ (AI) (Trap),IMG,Trap,Meta,0,0,0.0,0,0.0,0.0,1.8,0.0,0.0,0,0.0,0,0,0,1,ไม่มียอดขาย,False,
Apr26,ริว,2026-04-12,[29.03.26][ริว] วิธีรับมือโรคแพนิค (AI) (Trap),IMG,Trap,Meta,0,0,0.0,0,0.0,0.0,1.8,0.0,0.0,0,0.0,0,0,0,1,ไม่มียอดขาย,False,
Apr26,Unknown,2026-04-12,[01.04.26][purrfectlytashasha] Review Influ (Trap),IMG,Trap,Meta,0,0,0.0,0,0.0,0.0,1.8,0.0,0.0,0,0.0,0,0,0,1,ไม่มียอดขาย,False,
Apr26,Unknown,2026-04-12,[06.02.26][tsunut_] Review Influ (Trap),IMG,Trap,Meta,0,0,0.0,0,0.0,0.0,1.8,0.0,0.0,0,0.0,0,0,0,1,ไม่มียอดขาย,False,
Apr26,Unknown,2026-04-12,[01.04.26][pearpmk] Review Influ (Trap),IMG,Trap,Meta,47849,54443,2401.12,14,6906.0,2.8762,1.8,44.1,171.51,1805,3.3154,69,0,0,1,ผ่าน,False,
Apr26,มิ้น,2026-04-12,[04.02.26][มิ้น] มนุษย์ที่เป็นคนดี (สัมภาษณ์หมอ) (Trap),IMG,Trap,Meta,0,0,0.0,0,0.0,0.0,1.8,0.0,0.0,0,0.0,0,0,0,1,ไม่มียอดขาย,False,
Apr26,ริว,2026-04-12,[09.04.26][ริว] คำถามวัดใจไซโคพาธ Psychopath AI (Trap),IMG,Trap,Meta,1110,1177,173.24,0,0.0,0.0,1.8,147.19,0.0,95,8.0714,1,0,0,1,ไม่มียอดขาย,False,
Apr26,มิ้น,2026-04-12,[04.02.26][มิ้น] มนุษย์ที่เป็นคนดี (สัมภาษณ์หมอ) (Trap),IMG,Trap,Meta,13197,14294,605.68,2,1127.0,1.8607,1.8,42.37,302.84,769,5.3799,13,0,0,1,ผ่าน,False,
Apr26,Unknown,2026-04-12,[01.04.26][pearpmk] Review Influ (Trap),IMG,Trap,Meta,3510,3639,169.4,0,0.0,0.0,1.8,46.55,0.0,159,4.3693,2,0,0,1,ไม่มียอดขาย,False,
Apr26,Unknown,2026-04-12,[01.04.26][pearpmk] Review Influ (Trap),IMG,Trap,Meta,2751,3012,217.43,1,339.0,1.5591,1.8,72.19,217.43,143,4.7477,1,0,0,1,ไม่ผ่าน,False,
Apr26,Unknown,2026-04-12,[06.02.26][tsunut_] Review Influ (Trap),IMG,Trap,Meta,8215,10706,1087.18,5,2115.0,1.9454,1.8,101.55,217.44,356,3.3252,6,0,0,1,ผ่าน,False,
Apr26,มิ้น,2026-04-13,[01.03.26][มิ้น] รี stock เล่มลายเซ็นหมอทานตะวัน (สัมภาษณ์หมอ) (Trap),IMG,Trap,Meta,16752,19840,1095.55,4,1886.0,1.7215,1.8,55.22,273.89,225,1.1341,11,0,0,1,ไม่ผ่าน,False,
Apr26,ริว,2026-04-13,[04.03.26][ริว] ซึมเศร้า (สัมภาษณ์หมอ) (Trap),IMG,Trap,Meta,3769,3937,188.05,0,0.0,0.0,1.8,47.76,0.0,74,1.8796,2,0,0,1,ไม่มียอดขาย,False,
Apr26,มิ้น,2026-04-13,[04.02.26][มิ้น] มนุษย์ที่เป็นคนดี (สัมภาษณ์หมอ) (Trap),IMG,Trap,Meta,1842,1902,166.01,0,0.0,0.0,1.8,87.28,0.0,90,4.7319,5,0,0,1,ไม่มียอดขาย,False,
Apr26,มิ้น,2026-04-13,[04.02.26][มิ้น] มนุษย์ที่เป็นคนดี (สัมภาษณ์หมอ) (Trap),IMG,Trap,Meta,6802,7028,469.27,2,818.0,1.7431,1.8,66.77,234.63,314,4.4678,7,0,0,1,ไม่ผ่าน,False,
Apr26,ริว,2026-04-13,[10.03.26][ริว] ซึมเศร้า animation (Trap),IMG,Trap,Meta,0,0,0.0,0,0.0,0.0,1.8,0.0,0.0,0,0.0,0,0,0,1,ไม่มียอดขาย,False,
Apr26,ริว,2026-04-13,[04.03.26][ริว] ซึมเศร้า (สัมภาษณ์หมอ) (Trap),IMG,Trap,Meta,0,0,0.0,0,0.0,0.0,1.8,0.0,0.0,0,0.0,0,0,0,1,ไม่มียอดขาย,False,
Apr26,Unknown,2026-04-13,[01.04.26][pearpmk] Review Influ (Trap),IMG,Trap,Meta,12645,13103,688.92,3,1227.0,1.781,1.8,52.58,229.64,379,2.8925,14,0,0,1,ไม่ผ่าน,False,
Apr26,Unknown,2026-04-13,[01.04.26][purrfectlytashasha] Review Influ (Trap),IMG,Trap,Meta,0,0,0.0,0,0.0,0.0,1.8,0.0,0.0,0,0.0,0,0,0,1,ไม่มียอดขาย,False,
Apr26,ริว,2026-04-13,[04.03.26][ริว] ซึมเศร้า (สัมภาษณ์หมอ) (Trap),IMG,Trap,Meta,64186,70401,1787.09,10,4030.0,2.2551,1.8,25.38,178.71,1380,1.9602,57,0,0,1,ผ่าน,False,
Apr26,มิ้น,2026-04-13,[02.04.26][มิ้น] อย่าปล่อยให้อีโก้ (Trap),IMG,Trap,Meta,15016,19648,1955.84,10,4290.0,2.1934,1.8,99.54,195.58,1034,5.2626,8,0,0,1,ผ่าน,False,
Apr26,ริว,2026-04-13,[01.04.26][ริว] เลิกควบคุมสิ่งที่ควมคุมไม่ได้ (AI) (Trap),IMG,Trap,Meta,0,0,0.0,0,0.0,0.0,1.8,0.0,0.0,0,0.0,0,0,0,1,ไม่มียอดขาย,False,
Apr26,ริว,2026-04-13,[01.04.26][ริว] เลิกควบคุมสิ่งที่ควมคุมไม่ได้ (AI) (Trap),IMG,Trap,Meta,1374,1497,195.98,0,0.0,0.0,1.8,130.92,0.0,122,8.1496,0,0,0,1,ไม่มียอดขาย,False,
Apr26,ริว,2026-04-13,[29.03.26][ริว] วิธีรับมือโรคแพนิค (AI) (Trap),IMG,Trap,Meta,0,0,0.0,0,0.0,0.0,1.8,0.0,0.0,0,0.0,0,0,0,1,ไม่มียอดขาย,False,
Apr26,Unknown,2026-04-13,[01.04.26][purrfectlytashasha] Review Influ (Trap),IMG,Trap,Meta,884,1055,195.67,0,0.0,0.0,1.8,185.47,0.0,42,3.981,0,0,0,1,ไม่มียอดขาย,False,
Apr26,Unknown,2026-04-13,[01.04.26][pearpmk] Review Influ (Trap),IMG,Trap,Meta,2654,2732,155.86,1,659.0,4.2282,1.8,57.05,155.86,89,3.2577,8,0,0,1,ผ่าน,False,
Apr26,Unknown,2026-04-13,[06.02.26][tsunut_] Review Influ (Trap),IMG,Trap,Meta,807,884,243.25,0,0.0,0.0,1.8,275.17,0.0,31,3.5068,1,0,0,1,ไม่มียอดขาย,False,
Apr26,Unknown,2026-04-13,[09.02.26][threerukkub] Review Influ (Trap),IMG,Trap,Meta,917,1171,269.91,2,1238.0,4.5867,1.8,230.5,134.96,57,4.8676,1,0,0,1,ผ่าน,False,
Apr26,Unknown,2026-04-13,[01.04.26][pearpmk] Review Influ (Trap),IMG,Trap,Meta,17492,18874,1048.14,4,1566.0,1.4941,1.8,55.53,262.04,527,2.7922,24,0,0,1,ไม่ผ่าน,False,
Apr26,ริว,2026-04-13,[01.04.26][ริว] เลิกควบคุมสิ่งที่ควมคุมไม่ได้ (AI) (Trap),IMG,Trap,Meta,3450,3838,306.53,0,0.0,0.0,1.8,79.87,0.0,262,6.8265,5,0,0,1,ไม่มียอดขาย,False,
Apr26,Unknown,2026-04-13,[01.04.26][purrfectlytashasha] Review Influ (Trap),IMG,Trap,Meta,4415,5152,320.71,1,339.0,1.057,1.8,62.25,320.71,188,3.6491,2,0,0,1,ไม่ผ่าน,False,
Apr26,มิ้น,2026-04-13,[02.04.26][มิ้น] อย่าปล่อยให้อีโก้ (Trap),IMG,Trap,Meta,5783,6670,344.08,1,409.0,1.1887,1.8,51.59,344.08,367,5.5022,4,0,0,1,ไม่ผ่าน,False,
Apr26,ริว,2026-04-13,[29.03.26][ริว] วิธีรับมือโรคแพนิค (AI) (Trap),IMG,Trap,Meta,0,0,0.0,0,0.0,0.0,1.8,0.0,0.0,0,0.0,0,0,0,1,ไม่มียอดขาย,False,
Apr26,Unknown,2026-04-13,[01.04.26][pearpmk] Review Influ (Trap),IMG,Trap,Meta,0,0,0.0,0,0.0,0.0,1.8,0.0,0.0,0,0.0,1,0,0,1,ไม่มียอดขาย,False,
Apr26,Unknown,2026-04-13,[09.02.26][nornanstyle] Review Influ (Trap),IMG,Trap,Meta,0,0,0.0,0,0.0,0.0,1.8,0.0,0.0,0,0.0,0,0,0,1,ไม่มียอดขาย,False,
Apr26,Unknown,2026-04-13,[09.02.26][threerukkub] Review Influ (Trap),IMG,Trap,Meta,4007,5138,640.5,1,409.0,0.6386,1.8,124.66,640.5,200,3.8926,1,0,0,1,ไม่ผ่าน,False,
Apr26,Unknown,2026-04-13,[01.04.26][pearpmk] Review Influ (Trap),IMG,Trap,Meta,0,0,0.0,0,0.0,0.0,1.8,0.0,0.0,0,0.0,0,0,0,1,ไม่มียอดขาย,False,
Apr26,Unknown,2026-04-13,[01.04.26][pearpmk] Review Influ (Trap),IMG,Trap,Meta,3852,4172,178.85,1,339.0,1.8954,1.8,42.87,178.85,107,2.5647,9,0,0,1,ผ่าน,False,
Apr26,ริว,2026-04-13,[09.04.26][ริว] คำถามวัดใจไซโคพาธ Psychopath AI (Trap),IMG,Trap,Meta,939,1049,209.49,0,0.0,0.0,1.8,199.7,0.0,96,9.1516,0,0,0,1,ไม่มียอดขาย,False,
Apr26,มิ้น,2026-04-13,[04.02.26][มิ้น] มนุษย์ที่เป็นคนดี (สัมภาษณ์หมอ) (Trap),IMG,Trap,Meta,4476,4601,230.97,1,409.0,1.7708,1.8,50.2,230.97,275,5.977,5,0,0,1,ไม่ผ่าน,False,
Apr26,Unknown,2026-04-13,[01.04.26][pearpmk] Review Influ (Trap),IMG,Trap,Meta,10837,11114,420.32,1,409.0,0.9731,1.8,37.82,420.32,398,3.5811,8,0,0,1,ไม่ผ่าน,False,
Apr26,Unknown,2026-04-13,[01.04.26][pearpmk] Review Influ (Trap),IMG,Trap,Meta,5520,5815,297.26,1,409.0,1.3759,1.8,51.12,297.26,217,3.7317,2,0,0,1,ไม่ผ่าน,False,
Apr26,Unknown,2026-04-13,[06.02.26][tsunut_] Review Influ (Trap),IMG,Trap,Meta,2277,2417,323.92,2,1068.0,3.2971,1.8,134.02,161.96,126,5.2131,1,0,0,1,ผ่าน,False,
Apr26,มิ้น,2026-04-13,[02.04.26][มิ้น] อย่าปล่อยให้อีโก้ (Trap),IMG,Trap,Meta,3068,3255,161.94,0,0.0,0.0,1.8,49.75,0.0,154,4.7312,0,0,0,1,ไม่มียอดขาย,False,
Apr26,ริว,2026-04-13,[04.03.26][ริว] ซึมเศร้า (สัมภาษณ์หมอ) (Trap),IMG,Trap,Meta,4625,4625,244.33,2,818.0,3.3479,1.8,52.83,122.17,128,2.7676,6,0,0,1,ผ่าน,False,
Apr26,มิ้น,2026-04-14,[01.03.26][มิ้น] รี stock เล่มลายเซ็นหมอทานตะวัน (สัมภาษณ์หมอ) (Trap),IMG,Trap,Meta,2173,2497,209.74,0,0.0,0.0,1.8,84.0,0.0,35,1.4017,4,0,0,1,ไม่มียอดขาย,False,
Apr26,ริว,2026-04-14,[04.03.26][ริว] ซึมเศร้า (สัมภาษณ์หมอ) (Trap),IMG,Trap,Meta,4232,4530,235.71,0,0.0,0.0,1.8,52.03,0.0,110,2.4283,4,0,0,1,ไม่มียอดขาย,False,
Apr26,มิ้น,2026-04-14,[04.02.26][มิ้น] มนุษย์ที่เป็นคนดี (สัมภาษณ์หมอ) (Trap),IMG,Trap,Meta,3690,3811,338.25,2,758.0,2.2409,1.8,88.76,169.12,145,3.8048,4,0,0,1,ผ่าน,False,
Apr26,มิ้น,2026-04-14,[04.02.26][มิ้น] มนุษย์ที่เป็นคนดี (สัมภาษณ์หมอ) (Trap),IMG,Trap,Meta,3098,3188,233.11,1,559.0,2.398,1.8,73.12,233.11,157,4.9247,4,0,0,1,ผ่าน,False,
Apr26,Unknown,2026-04-14,[01.04.26][pearpmk] Review Influ (Trap),IMG,Trap,Meta,3466,3558,215.32,0,0.0,0.0,1.8,60.52,0.0,104,2.923,1,0,0,1,ไม่มียอดขาย,False,
Apr26,ริว,2026-04-14,[04.03.26][ริว] ซึมเศร้า (สัมภาษณ์หมอ) (Trap),IMG,Trap,Meta,8707,9570,217.58,1,409.0,1.8798,1.8,22.74,217.58,194,2.0272,8,0,0,1,ผ่าน,False,
Apr26,มิ้น,2026-04-14,[02.04.26][มิ้น] อย่าปล่อยให้อีโก้ (Trap),IMG,Trap,Meta,49516,54837,3072.86,6,2634.0,0.8572,1.8,56.04,512.14,1614,2.9433,13,0,0,1,ไม่ผ่าน,False,
Apr26,ริว,2026-04-14,[03.04.26][ริว] โรคซึมเศร้า AI (Trap),IMG,Trap,Meta,0,0,0.0,0,0.0,0.0,1.8,0.0,0.0,0,0.0,0,0,0,1,ไม่มียอดขาย,False,
Apr26,Unknown,2026-04-14,[01.04.26][pearpmk] Review Influ (Trap),IMG,Trap,Meta,2856,3086,171.12,1,339.0,1.9811,1.8,55.45,171.12,90,2.9164,1,0,0,1,ผ่าน,False,
Apr26,ริว,2026-04-14,[01.04.26][ริว] เลิกควบคุมสิ่งที่ควมคุมไม่ได้ (AI) (Trap),IMG,Trap,Meta,3294,3777,267.31,1,409.0,1.5301,1.8,70.77,267.31,256,6.7779,7,0,0,1,ไม่ผ่าน,False,
Apr26,Unknown,2026-04-14,[01.04.26][purrfectlytashasha] Review Influ (Trap),IMG,Trap,Meta,3722,4576,273.83,0,0.0,0.0,1.8,59.84,0.0,136,2.972,3,0,0,1,ไม่มียอดขาย,False,
Apr26,มิ้น,2026-04-14,[02.04.26][มิ้น] อย่าปล่อยให้อีโก้ (Trap),IMG,Trap,Meta,3990,4870,291.04,0,0.0,0.0,1.8,59.76,0.0,225,4.6201,1,0,0,1,ไม่มียอดขาย,False,
Apr26,ริว,2026-04-14,[01.04.26][ริว] เลิกควบคุมสิ่งที่ควมคุมไม่ได้ (AI) (Trap),IMG,Trap,Meta,1503,1605,238.97,1,339.0,1.4186,1.8,148.89,238.97,123,7.6636,1,0,0,1,ไม่ผ่าน,False,
Apr26,Unknown,2026-04-14,[01.04.26][purrfectlytashasha] Review Influ (Trap),IMG,Trap,Meta,6009,7289,643.92,3,1157.0,1.7968,1.8,88.34,214.64,149,2.0442,0,0,0,1,ไม่ผ่าน,False,
Apr26,Unknown,2026-04-14,[01.04.26][pearpmk] Review Influ (Trap),IMG,Trap,Meta,2688,2909,196.28,0,0.0,0.0,1.8,67.47,0.0,102,3.5064,9,0,0,1,ไม่มียอดขาย,False,
Apr26,Unknown,2026-04-14,[06.02.26][tsunut_] Review Influ (Trap),IMG,Trap,Meta,1088,1193,278.8,1,529.0,1.8974,1.8,233.7,278.8,60,5.0293,0,0,0,1,ผ่าน,False,
Apr26,Unknown,2026-04-14,[09.02.26][threerukkub] Review Influ (Trap),IMG,Trap,Meta,1091,1243,244.86,0,0.0,0.0,1.8,196.99,0.0,54,4.3443,1,0,0,1,ไม่มียอดขาย,False,
Apr26,Unknown,2026-04-14,[01.04.26][pearpmk] Review Influ (Trap),IMG,Trap,Meta,3609,3882,175.13,0,0.0,0.0,1.8,45.11,0.0,138,3.5549,7,0,0,1,ไม่มียอดขาย,False,
Apr26,ริว,2026-04-14,[09.04.26][ริว] คำถามวัดใจไซโคพาธ Psychopath AI (Trap),IMG,Trap,Meta,834,942,211.47,0,0.0,0.0,1.8,224.49,0.0,84,8.9172,0,0,0,1,ไม่มียอดขาย,False,
Apr26,มิ้น,2026-04-14,[04.02.26][มิ้น] มนุษย์ที่เป็นคนดี (สัมภาษณ์หมอ) (Trap),IMG,Trap,Meta,2441,2595,212.51,1,409.0,1.9246,1.8,81.89,212.51,139,5.3565,1,0,0,1,ผ่าน,False,
Apr26,Unknown,2026-04-14,[01.04.26][pearpmk] Review Influ (Trap),IMG,Trap,Meta,4960,5502,252.27,1,349.0,1.3834,1.8,45.85,252.27,193,3.5078,4,0,0,1,ไม่ผ่าน,False,
Apr26,Unknown,2026-04-14,[01.04.26][pearpmk] Review Influ (Trap),IMG,Trap,Meta,3958,3986,229.97,0,0.0,0.0,1.8,57.69,0.0,135,3.3869,1,0,0,1,ไม่มียอดขาย,False,
Apr26,Unknown,2026-04-14,[06.02.26][tsunut_] Review Influ (Trap),IMG,Trap,Meta,5312,5775,777.85,2,689.0,0.8858,1.8,134.69,388.93,207,3.5844,0,0,0,1,ไม่ผ่าน,False,
Apr26,มิ้น,2026-04-14,[02.04.26][มิ้น] อย่าปล่อยให้อีโก้ (Trap),IMG,Trap,Meta,2785,3033,204.22,0,0.0,0.0,1.8,67.33,0.0,198,6.5282,0,0,0,1,ไม่มียอดขาย,False,
Apr26,ริว,2026-04-14,[04.03.26][ริว] ซึมเศร้า (สัมภาษณ์หมอ) (Trap),IMG,Trap,Meta,3738,3943,240.69,1,339.0,1.4085,1.8,61.04,240.69,149,3.7788,2,0,0,1,ไม่ผ่าน,False,
Apr26,มิ้น,2026-04-14,[02.04.26][มิ้น] อย่าปล่อยให้อีโก้ (Trap),IMG,Trap,Meta,2199,2435,172.76,0,0.0,0.0,1.8,70.95,0.0,122,5.0103,0,0,0,1,ไม่มียอดขาย,False,
Apr26,ริว,2026-04-15,[12.02.26][ริว] รักคนอื่น (สัมภาษณ์หมอ) (Trap),IMG,Trap,Meta,728,880,213.87,0,0.0,0.0,1.8,243.03,0.0,64,7.2727,0,0,0,1,ไม่มียอดขาย,False,
Apr26,มิ้น,2026-04-15,[01.03.26][มิ้น] รี stock เล่มลายเซ็นหมอทานตะวัน (สัมภาษณ์หมอ) (Trap),IMG,Trap,Meta,3139,3613,290.39,1,500.0,1.7218,1.8,80.37,290.39,61,1.6883,2,0,0,1,ไม่ผ่าน,False,
Apr26,ริว,2026-04-15,[04.03.26][ริว] ซึมเศร้า (สัมภาษณ์หมอ) (Trap),IMG,Trap,Meta,24086,27620,1016.92,3,1397.0,1.3738,1.8,36.82,338.97,651,2.357,30,0,0,1,ไม่ผ่าน,False,
Apr26,มิ้น,2026-04-15,[04.02.26][มิ้น] มนุษย์ที่เป็นคนดี (สัมภาษณ์หมอ) (Trap),IMG,Trap,Meta,2493,2532,198.55,1,339.0,1.7074,1.8,78.42,198.55,127,5.0158,2,0,0,1,ไม่ผ่าน,False,
Apr26,มิ้น,2026-04-15,[04.02.26][มิ้น] มนุษย์ที่เป็นคนดี (สัมภาษณ์หมอ) (Trap),IMG,Trap,Meta,2576,2626,214.37,0,0.0,0.0,1.8,81.63,0.0,111,4.227,1,0,0,1,ไม่มียอดขาย,False,
Apr26,Unknown,2026-04-15,[01.04.26][pearpmk] Review Influ (Trap),IMG,Trap,Meta,3380,3519,190.82,0,0.0,0.0,1.8,54.23,0.0,143,4.0637,6,0,0,1,ไม่มียอดขาย,False,
Apr26,ริว,2026-04-15,[04.03.26][ริว] ซึมเศร้า (สัมภาษณ์หมอ) (Trap),IMG,Trap,Meta,11167,12144,246.94,1,409.0,1.6563,1.8,20.33,246.94,242,1.9928,7,0,0,1,ไม่ผ่าน,False,
Apr26,มิ้น,2026-04-15,[02.04.26][มิ้น] อย่าปล่อยให้อีโก้ (Trap),IMG,Trap,Meta,1205,1302,187.06,1,399.0,2.133,1.8,143.67,187.06,83,6.3748,0,0,0,1,ผ่าน,False,
Apr26,ริว,2026-04-15,[01.04.26][ริว] เลิกควบคุมสิ่งที่ควมคุมไม่ได้ (AI) (Trap),IMG,Trap,Meta,0,0,0.0,0,0.0,0.0,1.8,0.0,0.0,0,0.0,0,0,0,1,ไม่มียอดขาย,False,
Apr26,Unknown,2026-04-15,[01.04.26][pearpmk] Review Influ (Trap),IMG,Trap,Meta,21782,22108,1025.81,5,2045.0,1.9935,1.8,46.4,205.16,750,3.3924,33,0,0,1,ผ่าน,False,
Apr26,Unknown,2026-04-15,[09.02.26][threerukkub] Review Influ (Trap),IMG,Trap,Meta,0,0,0.0,0,0.0,0.0,1.8,0.0,0.0,0,0.0,0,0,0,1,ไม่มียอดขาย,False,
Apr26,ริว,2026-04-15,[03.04.26][ริว] โรคซึมเศร้า AI (Trap),IMG,Trap,Meta,0,0,0.0,0,0.0,0.0,1.8,0.0,0.0,0,0.0,0,0,0,1,ไม่มียอดขาย,False,
Apr26,Unknown,2026-04-15,[01.04.26][pearpmk] Review Influ (Trap),IMG,Trap,Meta,3657,3986,189.7,1,409.0,2.156,1.8,47.59,189.7,146,3.6628,6,0,0,1,ผ่าน,False,
Apr26,ริว,2026-04-15,[01.04.26][ริว] เลิกควบคุมสิ่งที่ควมคุมไม่ได้ (AI) (Trap),IMG,Trap,Meta,0,0,0.0,0,0.0,0.0,1.8,0.0,0.0,0,0.0,0,0,0,1,ไม่มียอดขาย,False,
Apr26,มิ้น,2026-04-15,[02.04.26][มิ้น] อย่าปล่อยให้อีโก้ (Trap),IMG,Trap,Meta,0,0,0.0,1,339.0,0.0,1.8,0.0,0.0,0,0.0,0,0,0,1,ไม่ผ่าน,False,
Apr26,ริว,2026-04-15,[01.04.26][ริว] เลิกควบคุมสิ่งที่ควมคุมไม่ได้ (AI) (Trap),IMG,Trap,Meta,1044,1106,172.38,0,0.0,0.0,1.8,155.86,0.0,89,8.047,1,0,0,1,ไม่มียอดขาย,False,
Apr26,Unknown,2026-04-15,[01.04.26][purrfectlytashasha] Review Influ (Trap),IMG,Trap,Meta,1253,1494,271.94,1,409.0,1.504,1.8,182.02,271.94,68,4.5515,2,0,0,1,ไม่ผ่าน,False,
Apr26,Unknown,2026-04-15,[01.04.26][pearpmk] Review Influ (Trap),IMG,Trap,Meta,2742,2899,158.05,2,748.0,4.7327,1.8,54.52,79.03,97,3.346,6,0,0,1,ผ่าน,False,
Apr26,Unknown,2026-04-15,[06.02.26][tsunut_] Review Influ (Trap),IMG,Trap,Meta,983,1079,247.26,1,409.0,1.6541,1.8,229.16,247.26,69,6.3948,0,0,0,1,ไม่ผ่าน,False,
Apr26,Unknown,2026-04-15,[09.02.26][threerukkub] Review Influ (Trap),IMG,Trap,Meta,3624,5178,807.45,6,3023.0,3.7439,1.8,155.94,134.58,172,3.3217,0,0,0,1,ผ่าน,False,
Apr26,Unknown,2026-04-15,[01.04.26][pearpmk] Review Influ (Trap),IMG,Trap,Meta,3778,3894,167.42,1,399.0,2.3832,1.8,42.99,167.42,121,3.1073,5,0,0,1,ผ่าน,False,
Apr26,ริว,2026-04-15,[09.04.26][ริว] คำถามวัดใจไซโคพาธ Psychopath AI (Trap),IMG,Trap,Meta,0,0,0.0,0,0.0,0.0,1.8,0.0,0.0,0,0.0,0,0,0,1,ไม่มียอดขาย,False,
Apr26,ริว,2026-04-15,[09.04.26][ริว] perfectionism ความสมบูรณ์แบบที่ทำร้ายเรา AI (Trap),IMG,Trap,Meta,0,0,0.0,0,0.0,0.0,1.8,0.0,0.0,0,0.0,0,0,0,1,ไม่มียอดขาย,False,
Apr26,มิ้น,2026-04-15,[04.02.26][มิ้น] มนุษย์ที่เป็นคนดี (สัมภาษณ์หมอ) (Trap),IMG,Trap,Meta,25870,28196,1338.64,6,2454.0,1.8332,1.8,47.48,223.11,1115,3.9545,22,0,0,1,ผ่าน,False,
Apr26,Unknown,2026-04-15,[01.04.26][pearpmk] Review Influ (Trap),IMG,Trap,Meta,0,0,0.0,0,0.0,0.0,1.8,0.0,0.0,0,0.0,0,0,0,1,ไม่มียอดขาย,False,
Apr26,Unknown,2026-04-15,[06.02.26][tsunut_] Review Influ (Trap),IMG,Trap,Meta,1271,1414,303.98,0,0.0,0.0,1.8,214.98,0.0,67,4.7383,2,0,0,1,ไม่มียอดขาย,False,
Apr26,มิ้น,2026-04-15,[02.04.26][มิ้น] อย่าปล่อยให้อีโก้ (Trap),IMG,Trap,Meta,1643,1916,183.35,0,0.0,0.0,1.8,95.69,0.0,121,6.3152,0,0,0,1,ไม่มียอดขาย,False,
Apr26,ริว,2026-04-15,[04.03.26][ริว] ซึมเศร้า (สัมภาษณ์หมอ) (Trap),IMG,Trap,Meta,9543,11153,778.89,4,1566.0,2.0106,1.8,69.84,194.72,372,3.3354,10,0,0,1,ผ่าน,False,
Apr26,มิ้น,2026-04-15,[02.04.26][มิ้น] อย่าปล่อยให้อีโก้ (Trap),IMG,Trap,Meta,2063,2322,207.36,1,349.0,1.6831,1.8,89.3,207.36,144,6.2016,0,0,0,1,ไม่ผ่าน,False,
Apr26,Unknown,2026-04-15,[01.04.26][pearpmk] Review Influ (Trap),IMG,Trap,Meta,4092,4462,193.27,0,0.0,0.0,1.8,43.31,0.0,199,4.4599,3,0,0,1,ไม่มียอดขาย,False,
Apr26,Unknown,2026-04-15,[01.04.26][pearpmk] Review Influ (Trap),IMG,Trap,Meta,2053,2241,70.93,0,0.0,0.0,1.8,31.65,0.0,69,3.079,1,0,0,1,ไม่มียอดขาย,False,
Apr26,ริว,2026-04-15,[04.03.26][ริว] ซึมเศร้า (สัมภาษณ์หมอ) (Trap),IMG,Trap,Meta,3761,4104,198.32,0,0.0,0.0,1.8,48.32,0.0,197,4.8002,2,0,0,1,ไม่มียอดขาย,False,
Apr26,มิ้น,2026-04-15,[04.02.26][มิ้น] มนุษย์ที่เป็นคนดี (สัมภาษณ์หมอ) (Trap),IMG,Trap,Meta,6004,6364,418.92,3,1227.0,2.929,1.8,65.83,139.64,357,5.6097,5,0,0,1,ผ่าน,False,
Apr26,ริว,2026-04-15,[01.04.26][ริว] เลิกควบคุมสิ่งที่ควมคุมไม่ได้ (AI) (Trap),IMG,Trap,Meta,1949,2097,225.39,1,349.0,1.5484,1.8,107.48,225.39,134,6.3901,3,0,0,1,ไม่ผ่าน,False,
Apr26,ริว,2026-04-15,[01.04.26][ริว] เลิกควบคุมสิ่งที่ควมคุมไม่ได้ (AI) (Trap),IMG,Trap,Meta,1520,1704,144.47,0,0.0,0.0,1.8,84.78,0.0,105,6.162,2,0,0,1,ไม่มียอดขาย,False,
Apr26,มิ้น,2026-04-15,[02.04.26][มิ้น] อย่าปล่อยให้อีโก้ (Trap),IMG,Trap,Meta,26214,32779,1704.85,6,3124.0,1.8324,1.8,52.01,284.14,1539,4.6951,3,0,0,1,ผ่าน,False,
Apr26,มิ้น,2026-04-15,[01.03.26][มิ้น] รี stock เล่มลายเซ็นหมอทานตะวัน (สัมภาษณ์หมอ) (Trap),IMG,Trap,Meta,2099,2459,197.26,1,409.0,2.0734,1.8,80.22,197.26,44,1.7893,1,0,0,1,ผ่าน,False,
Apr26,ริว,2026-04-15,[15.04.26][ริว] โรคไบโพล่าร์/โรคอารมณ์สองขั้ว AI (Trap),IMG,Trap,Meta,1811,2158,148.33,0,0.0,0.0,1.8,68.73,0.0,174,8.063,0,0,0,1,ไม่มียอดขาย,False,
Apr26,ริว,2026-04-15,[04.03.26][ริว] ซึมเศร้า (สัมภาษณ์หมอ) (Trap),IMG,Trap,Meta,3708,3865,124.75,0,0.0,0.0,1.8,32.28,0.0,128,3.3118,1,0,0,1,ไม่มียอดขาย,False,
Apr26,ริว,2026-04-16,[12.02.26][ริว] รักคนอื่น (สัมภาษณ์หมอ) (Trap),IMG,Trap,Meta,864,938,194.56,0,0.0,0.0,1.8,207.42,0.0,48,5.1173,0,0,0,1,ไม่มียอดขาย,False,
Apr26,มิ้น,2026-04-16,[01.03.26][มิ้น] รี stock เล่มลายเซ็นหมอทานตะวัน (สัมภาษณ์หมอ) (Trap),IMG,Trap,Meta,2977,3341,246.39,1,409.0,1.66,1.8,73.75,246.39,57,1.7061,5,0,0,1,ไม่ผ่าน,False,
Apr26,ริว,2026-04-16,[04.03.26][ริว] ซึมเศร้า (สัมภาษณ์หมอ) (Trap),IMG,Trap,Meta,3388,3403,262.36,1,339.0,1.2921,1.8,77.1,262.36,97,2.8504,0,0,0,1,ไม่ผ่าน,False,
Apr26,มิ้น,2026-04-16,[04.02.26][มิ้น] มนุษย์ที่เป็นคนดี (สัมภาษณ์หมอ) (Trap),IMG,Trap,Meta,2576,2698,245.35,1,409.0,1.667,1.8,90.94,245.35,121,4.4848,2,0,0,1,ไม่ผ่าน,False,
Apr26,มิ้น,2026-04-16,[04.02.26][มิ้น] มนุษย์ที่เป็นคนดี (สัมภาษณ์หมอ) (Trap),IMG,Trap,Meta,2337,2431,155.9,0,0.0,0.0,1.8,64.13,0.0,95,3.9079,0,0,0,1,ไม่มียอดขาย,False,
Apr26,Unknown,2026-04-16,[01.04.26][pearpmk] Review Influ (Trap),IMG,Trap,Meta,2586,2691,158.14,0,0.0,0.0,1.8,58.77,0.0,95,3.5303,5,0,0,1,ไม่มียอดขาย,False,
Apr26,ริว,2026-04-16,[04.03.26][ริว] ซึมเศร้า (สัมภาษณ์หมอ) (Trap),IMG,Trap,Meta,5847,6507,232.9,1,409.0,1.7561,1.8,35.79,232.9,131,2.0132,2,0,0,1,ไม่ผ่าน,False,
Apr26,มิ้น,2026-04-16,[02.04.26][มิ้น] อย่าปล่อยให้อีโก้ (Trap),IMG,Trap,Meta,1279,1458,186.24,0,0.0,0.0,1.8,127.74,0.0,101,6.9273,1,0,0,1,ไม่มียอดขาย,False,
Apr26,ริว,2026-04-16,[01.04.26][ริว] เลิกควบคุมสิ่งที่ควมคุมไม่ได้ (AI) (Trap),IMG,Trap,Meta,1122,1199,184.38,0,0.0,0.0,1.8,153.78,0.0,76,6.3386,1,0,0,1,ไม่มียอดขาย,False,
Apr26,Unknown,2026-04-16,[01.04.26][pearpmk] Review Influ (Trap),IMG,Trap,Meta,4485,4742,254.2,1,409.0,1.609,1.8,53.61,254.2,129,2.7204,4,0,0,1,ไม่ผ่าน,False,
Apr26,Unknown,2026-04-16,[06.02.26][tsunut_] Review Influ (Trap),IMG,Trap,Meta,912,1008,268.78,1,409.0,1.5217,1.8,266.65,268.78,59,5.8532,1,0,0,1,ไม่ผ่าน,False,
Apr26,Unknown,2026-04-16,[01.04.26][pearpmk] Review Influ (Trap),IMG,Trap,Meta,3924,4237,232.84,1,409.0,1.7566,1.8,54.95,232.84,145,3.4222,4,0,0,1,ไม่ผ่าน,False,
Apr26,Unknown,2026-04-16,[01.04.26][purrfectlytashasha] Review Influ (Trap),IMG,Trap,Meta,0,0,0.0,0,0.0,0.0,1.8,0.0,0.0,0,0.0,0,0,0,1,ไม่มียอดขาย,False,
Apr26,มิ้น,2026-04-16,[02.04.26][มิ้น] อย่าปล่อยให้อีโก้ (Trap),IMG,Trap,Meta,0,0,0.0,0,0.0,0.0,1.8,0.0,0.0,0,0.0,0,0,0,1,ไม่มียอดขาย,False,
Apr26,Unknown,2026-04-16,[01.04.26][purrfectlytashasha] Review Influ (Trap),IMG,Trap,Meta,928,1067,197.82,1,339.0,1.7137,1.8,185.4,197.82,45,4.2174,2,0,0,1,ไม่ผ่าน,False,
Apr26,Unknown,2026-04-16,[09.02.26][threerukkub] Review Influ (Trap),IMG,Trap,Meta,2147,2177,278.75,1,339.0,1.2161,1.8,128.04,278.75,66,3.0317,2,0,0,1,ไม่ผ่าน,False,
Apr26,Unknown,2026-04-16,[01.04.26][pearpmk] Review Influ (Trap),IMG,Trap,Meta,21454,24482,1293.2,6,2174.0,1.6811,1.8,52.82,215.53,796,3.2514,20,0,0,1,ไม่ผ่าน,False,
Apr26,มิ้น,2026-04-16,[04.02.26][มิ้น] มนุษย์ที่เป็นคนดี (สัมภาษณ์หมอ) (Trap),IMG,Trap,Meta,1677,1719,172.27,0,0.0,0.0,1.8,100.22,0.0,69,4.014,0,0,0,1,ไม่มียอดขาย,False,
Apr26,Unknown,2026-04-16,[01.04.26][pearpmk] Review Influ (Trap),IMG,Trap,Meta,0,0,0.0,0,0.0,0.0,1.8,0.0,0.0,0,0.0,0,0,0,1,ไม่มียอดขาย,False,
Apr26,Unknown,2026-04-16,[06.02.26][tsunut_] Review Influ (Trap),IMG,Trap,Meta,861,929,229.69,0,0.0,0.0,1.8,247.24,0.0,51,5.4898,0,0,0,1,ไม่มียอดขาย,False,
Apr26,มิ้น,2026-04-16,[02.04.26][มิ้น] อย่าปล่อยให้อีโก้ (Trap),IMG,Trap,Meta,1372,1522,178.74,0,0.0,0.0,1.8,117.44,0.0,93,6.1104,0,0,0,1,ไม่มียอดขาย,False,
Apr26,ริว,2026-04-16,[04.03.26][ริว] ซึมเศร้า (สัมภาษณ์หมอ) (Trap),IMG,Trap,Meta,2401,2401,258.98,1,559.0,2.1585,1.8,107.86,258.98,71,2.9571,2,0,0,1,ผ่าน,False,
Apr26,มิ้น,2026-04-16,[02.04.26][มิ้น] อย่าปล่อยให้อีโก้ (Trap),IMG,Trap,Meta,692,891,207.71,1,409.0,1.9691,1.8,233.12,207.71,42,4.7138,1,0,0,1,ผ่าน,False,
Apr26,Unknown,2026-04-16,[01.04.26][pearpmk] Review Influ (Trap),IMG,Trap,Meta,3325,3547,228.73,0,0.0,0.0,1.8,64.49,0.0,129,3.6369,1,0,0,1,ไม่มียอดขาย,False,
Apr26,Unknown,2026-04-16,[01.04.26][pearpmk] Review Influ (Trap),IMG,Trap,Meta,3046,3292,154.03,0,0.0,0.0,1.8,46.79,0.0,122,3.706,5,0,0,1,ไม่มียอดขาย,False,
Apr26,ริว,2026-04-16,[04.03.26][ริว] ซึมเศร้า (สัมภาษณ์หมอ) (Trap),IMG,Trap,Meta,1599,1846,140.23,0,0.0,0.0,1.8,75.96,0.0,59,3.1961,1,0,0,1,ไม่มียอดขาย,False,
Apr26,มิ้น,2026-04-16,[04.02.26][มิ้น] มนุษย์ที่เป็นคนดี (สัมภาษณ์หมอ) (Trap),IMG,Trap,Meta,1567,1626,201.52,0,0.0,0.0,1.8,123.94,0.0,104,6.3961,1,0,0,1,ไม่มียอดขาย,False,
Apr26,ริว,2026-04-16,[01.04.26][ริว] เลิกควบคุมสิ่งที่ควมคุมไม่ได้ (AI) (Trap),IMG,Trap,Meta,657,742,152.16,0,0.0,0.0,1.8,205.07,0.0,50,6.7385,1,0,0,1,ไม่มียอดขาย,False,
Apr26,ริว,2026-04-16,[01.04.26][ริว] เลิกควบคุมสิ่งที่ควมคุมไม่ได้ (AI) (Trap),IMG,Trap,Meta,990,1111,162.88,0,0.0,0.0,1.8,146.61,0.0,61,5.4905,0,0,0,1,ไม่มียอดขาย,False,
Apr26,มิ้น,2026-04-16,[02.04.26][มิ้น] อย่าปล่อยให้อีโก้ (Trap),IMG,Trap,Meta,1353,1444,171.47,0,0.0,0.0,1.8,118.75,0.0,97,6.7175,1,0,0,1,ไม่มียอดขาย,False,
Apr26,มิ้น,2026-04-16,[01.03.26][มิ้น] รี stock เล่มลายเซ็นหมอทานตะวัน (สัมภาษณ์หมอ) (Trap),IMG,Trap,Meta,1949,2191,174.61,1,339.0,1.9415,1.8,79.69,174.61,39,1.78,2,0,0,1,ผ่าน,False,
Apr26,ริว,2026-04-16,[15.04.26][ริว] โรคไบโพล่าร์/โรคอารมณ์สองขั้ว AI (Trap),IMG,Trap,Meta,1185,1451,166.88,0,0.0,0.0,1.8,115.01,0.0,116,7.9945,0,0,0,1,ไม่มียอดขาย,False,
Apr26,ริว,2026-04-16,[04.03.26][ริว] ซึมเศร้า (สัมภาษณ์หมอ) (Trap),IMG,Trap,Meta,3570,3830,223.37,1,409.0,1.831,1.8,58.32,223.37,114,2.9765,4,0,0,1,ผ่าน,False,
Apr26,มิ้น,2026-04-17,[01.03.26][มิ้น] รี stock เล่มลายเซ็นหมอทานตะวัน (สัมภาษณ์หมอ) (Trap),IMG,Trap,Meta,1840,2088,172.28,0,0.0,0.0,1.8,82.51,0.0,29,1.3889,2,0,0,1,ไม่มียอดขาย,False,
Apr26,ริว,2026-04-17,[04.03.26][ริว] ซึมเศร้า (สัมภาษณ์หมอ) (Trap),IMG,Trap,Meta,2544,2592,172.2,1,339.0,1.9686,1.8,66.44,172.2,76,2.9321,0,0,0,1,ผ่าน,False,
Apr26,มิ้น,2026-04-17,[04.02.26][มิ้น] มนุษย์ที่เป็นคนดี (สัมภาษณ์หมอ) (Trap),IMG,Trap,Meta,1408,1479,168.44,0,0.0,0.0,1.8,113.89,0.0,65,4.3949,1,0,0,1,ไม่มียอดขาย,False,
Apr26,ริว,2026-04-17,[04.03.26][ริว] ซึมเศร้า (สัมภาษณ์หมอ) (Trap),IMG,Trap,Meta,3326,3514,166.56,0,0.0,0.0,1.8,47.4,0.0,96,2.7319,4,0,0,1,ไม่มียอดขาย,False,
Apr26,มิ้น,2026-04-17,[02.04.26][มิ้น] อย่าปล่อยให้อีโก้ (Trap),IMG,Trap,Meta,963,1054,205.45,0,0.0,0.0,1.8,194.92,0.0,62,5.8824,1,0,0,1,ไม่มียอดขาย,False,
Apr26,Unknown,2026-04-17,[01.04.26][pearpmk] Review Influ (Trap),IMG,Trap,Meta,5571,5791,327.63,1,359.0,1.0957,1.8,56.58,327.63,173,2.9874,6,0,0,1,ไม่ผ่าน,False,
Apr26,Unknown,2026-04-17,[06.02.26][tsunut_] Review Influ (Trap),IMG,Trap,Meta,543,616,210.23,1,409.0,1.9455,1.8,341.28,210.23,42,6.8182,1,0,0,1,ผ่าน,False,
Apr26,Unknown,2026-04-17,[09.02.26][nornanstyle] Review Influ (Trap),IMG,Trap,Meta,667,758,140.25,0,0.0,0.0,1.8,185.03,0.0,23,3.0343,2,0,0,1,ไม่มียอดขาย,False,
Apr26,Unknown,2026-04-17,[09.02.26][threerukkub] Review Influ (Trap),IMG,Trap,Meta,535,605,169.19,0,0.0,0.0,1.8,279.65,0.0,33,5.4545,1,0,0,1,ไม่มียอดขาย,False,
Apr26,Unknown,2026-04-17,[01.04.26][pearpmk] Review Influ (Trap),IMG,Trap,Meta,3418,3497,197.6,1,409.0,2.0698,1.8,56.51,197.6,89,2.545,2,0,0,1,ผ่าน,False,
Apr26,ริว,2026-04-17,[03.04.26][ริว] โรคซึมเศร้า AI (Trap),IMG,Trap,Meta,1601,1784,171.68,0,0.0,0.0,1.8,96.23,0.0,120,6.7265,3,0,0,1,ไม่มียอดขาย,False,
Apr26,Unknown,2026-04-17,[01.04.26][purrfectlytashasha] Review Influ (Trap),IMG,Trap,Meta,762,896,165.85,0,0.0,0.0,1.8,185.1,0.0,32,3.5714,0,0,0,1,ไม่มียอดขาย,False,
Apr26,Unknown,2026-04-17,[01.04.26][pearpmk] Review Influ (Trap),IMG,Trap,Meta,0,0,0.0,1,759.0,0.0,1.8,0.0,0.0,0,0.0,1,0,0,1,ไม่ผ่าน,False,
Apr26,Unknown,2026-04-17,[09.02.26][nornanstyle] Review Influ (Trap),IMG,Trap,Meta,214,233,48.73,0,0.0,0.0,1.8,209.14,0.0,5,2.1459,0,0,0,1,ไม่มียอดขาย,False,
Apr26,Unknown,2026-04-17,[01.04.26][pearpmk] Review Influ (Trap),IMG,Trap,Meta,10813,11660,542.92,3,1157.0,2.1311,1.8,46.56,180.97,335,2.8731,11,0,0,1,ผ่าน,False,
Apr26,มิ้น,2026-04-17,[04.02.26][มิ้น] มนุษย์ที่เป็นคนดี (สัมภาษณ์หมอ) (Trap),IMG,Trap,Meta,2104,2170,158.17,0,0.0,0.0,1.8,72.89,0.0,122,5.6221,8,0,0,1,ไม่มียอดขาย,False,
Apr26,Unknown,2026-04-17,[01.04.26][pearpmk] Review Influ (Trap),IMG,Trap,Meta,0,0,0.0,0,0.0,0.0,1.8,0.0,0.0,0,0.0,0,0,0,1,ไม่มียอดขาย,False,
Apr26,Unknown,2026-04-17,[06.02.26][tsunut_] Review Influ (Trap),IMG,Trap,Meta,2938,3948,836.97,4,1566.0,1.871,1.8,212.0,209.24,153,3.8754,3,0,0,1,ผ่าน,False,
Apr26,มิ้น,2026-04-17,[02.04.26][มิ้น] อย่าปล่อยให้อีโก้ (Trap),IMG,Trap,Meta,0,0,0.0,0,0.0,0.0,1.8,0.0,0.0,0,0.0,0,0,0,1,ไม่มียอดขาย,False,
Apr26,ริว,2026-04-17,[04.03.26][ริว] ซึมเศร้า (สัมภาษณ์หมอ) (Trap),IMG,Trap,Meta,1779,1950,175.56,0,0.0,0.0,1.8,90.03,0.0,59,3.0256,1,0,0,1,ไม่มียอดขาย,False,
Apr26,มิ้น,2026-04-17,[02.04.26][มิ้น] อย่าปล่อยให้อีโก้ (Trap),IMG,Trap,Meta,0,0,0.0,0,0.0,0.0,1.8,0.0,0.0,0,0.0,0,0,0,1,ไม่มียอดขาย,False,
Apr26,Unknown,2026-04-17,[01.04.26][pearpmk] Review Influ (Trap),IMG,Trap,Meta,21987,24452,1392.54,7,2873.0,2.0631,1.8,56.95,198.93,732,2.9936,32,0,0,1,ผ่าน,False,
Apr26,มิ้น,2026-04-17,[04.02.26][มิ้น] มนุษย์ที่เป็นคนดี (สัมภาษณ์หมอ) (Trap),IMG,Trap,Meta,1347,1430,181.14,0,0.0,0.0,1.8,126.67,0.0,96,6.7133,3,0,0,1,ไม่มียอดขาย,False,
Apr26,ริว,2026-04-17,[01.04.26][ริว] เลิกควบคุมสิ่งที่ควมคุมไม่ได้ (AI) (Trap),IMG,Trap,Meta,0,0,0.0,0,0.0,0.0,1.8,0.0,0.0,0,0.0,0,0,0,1,ไม่มียอดขาย,False,
Apr26,มิ้น,2026-04-17,[02.04.26][มิ้น] อย่าปล่อยให้อีโก้ (Trap),IMG,Trap,Meta,866,947,170.97,0,0.0,0.0,1.8,180.54,0.0,73,7.7086,1,0,0,1,ไม่มียอดขาย,False,
Apr26,มิ้น,2026-04-17,[01.03.26][มิ้น] รี stock เล่มลายเซ็นหมอทานตะวัน (สัมภาษณ์หมอ) (Trap),IMG,Trap,Meta,3587,4457,431.52,2,748.0,1.7334,1.8,96.82,215.76,94,2.109,5,0,0,1,ไม่ผ่าน,False,
Apr26,ริว,2026-04-17,[04.03.26][ริว] ซึมเศร้า (สัมภาษณ์หมอ) (Trap),IMG,Trap,Meta,0,0,0.0,0,0.0,0.0,1.8,0.0,0.0,0,0.0,0,0,0,1,ไม่มียอดขาย,False,
Apr26,มิ้น,2026-04-18,[01.03.26][มิ้น] รี stock เล่มลายเซ็นหมอทานตะวัน (สัมภาษณ์หมอ) (Trap),IMG,Trap,Meta,1114,1257,108.09,1,339.0,3.1363,1.8,85.99,108.09,22,1.7502,0,0,0,1,ผ่าน,False,
Apr26,ริว,2026-04-18,[04.03.26][ริว] ซึมเศร้า (สัมภาษณ์หมอ) (Trap),IMG,Trap,Meta,1392,1511,121.09,0,0.0,0.0,1.8,80.14,0.0,46,3.0443,3,0,0,1,ไม่มียอดขาย,False,
Apr26,มิ้น,2026-04-18,[04.02.26][มิ้น] มนุษย์ที่เป็นคนดี (สัมภาษณ์หมอ) (Trap),IMG,Trap,Meta,759,833,106.2,0,0.0,0.0,1.8,127.49,0.0,30,3.6014,0,0,0,1,ไม่มียอดขาย,False,
Apr26,ริว,2026-04-18,[04.03.26][ริว] ซึมเศร้า (สัมภาษณ์หมอ) (Trap),IMG,Trap,Meta,1901,2019,125.85,2,748.0,5.9436,1.8,62.33,62.92,52,2.5755,4,0,0,1,ผ่าน,False,
Apr26,มิ้น,2026-04-18,[02.04.26][มิ้น] อย่าปล่อยให้อีโก้ (Trap),IMG,Trap,Meta,656,725,126.1,0,0.0,0.0,1.8,173.93,0.0,48,6.6207,0,0,0,1,ไม่มียอดขาย,False,
Apr26,Unknown,2026-04-18,[01.04.26][pearpmk] Review Influ (Trap),IMG,Trap,Meta,1209,1277,73.03,0,0.0,0.0,1.8,57.19,0.0,37,2.8974,0,0,0,1,ไม่มียอดขาย,False,
Apr26,Unknown,2026-04-18,[01.04.26][pearpmk] Review Influ (Trap),IMG,Trap,Meta,1046,1124,66.62,0,0.0,0.0,1.8,59.27,0.0,31,2.758,0,0,0,1,ไม่มียอดขาย,False,
Apr26,ริว,2026-04-18,[03.04.26][ริว] โรคซึมเศร้า AI (Trap),IMG,Trap,Meta,870,1018,80.13,0,0.0,0.0,1.8,78.71,0.0,52,5.1081,1,0,0,1,ไม่มียอดขาย,False,
Apr26,Unknown,2026-04-18,[01.04.26][purrfectlytashasha] Review Influ (Trap),IMG,Trap,Meta,604,717,122.77,0,0.0,0.0,1.8,171.23,0.0,27,3.7657,0,0,0,1,ไม่มียอดขาย,False,
Apr26,Unknown,2026-04-18,[06.02.26][tsunut_] Review Influ (Trap),IMG,Trap,Meta,423,449,129.13,0,0.0,0.0,1.8,287.59,0.0,25,5.5679,0,0,0,1,ไม่มียอดขาย,False,
Apr26,Unknown,2026-04-18,[09.02.26][nornanstyle] Review Influ (Trap),IMG,Trap,Meta,785,935,136.48,0,0.0,0.0,1.8,145.97,0.0,22,2.3529,1,0,0,1,ไม่มียอดขาย,False,
Apr26,มิ้น,2026-04-01,[17.02.26][มิ้น] 20 เล่มลายเซ็น (Trap),IMG,Trap,Meta,1203,1362,246.83,0,0.0,0.0,1.8,181.23,0.0,46,3.3774,3,0,0,1,ไม่มียอดขาย,False,
Apr26,มิ้น,2026-04-01,[17.02.26][มิ้น] 20 เล่มลายเซ็น (Trap),IMG,Trap,Meta,1209,1312,209.49,1,409.0,1.9524,1.8,159.67,209.49,39,2.9726,1,0,0,1,ผ่าน,False,
Apr26,หมิว,2026-04-01,[25.03.26][หมิว] วันนี้คุณรู้สึกอย่างไร (Trap),IMG,Trap,Meta,2799,3436,253.09,0,0.0,0.0,1.8,73.66,0.0,103,2.9977,0,0,0,1,ไม่มียอดขาย,False,
Apr26,หมิว,2026-04-01,[29.03.26][หมิว] ภาพบรรยากาศ นักเขียน ‘คุณหมอทานตะวัน’ (Trap),IMG,Trap,Meta,1098,1504,233.66,1,329.0,1.408,1.8,155.36,233.66,78,5.1862,0,0,0,1,ไม่ผ่าน,False,
Apr26,หมิว,2026-04-01,[29.01.26][หมิว] โทษตัวเองเก่ง (Trap),IMG,Trap,Meta,1850,2210,261.69,1,339.0,1.2954,1.8,118.41,261.69,39,1.7647,1,0,0,1,ไม่ผ่าน,False,
Apr26,หมิว,2026-04-01,[10.03.26][หมิว] หนังสือสำหรับคนเป็นซึมเศร้า (Trap),IMG,Trap,Meta,18592,20086,1237.93,4,1514.0,1.223,1.8,61.63,309.48,405,2.0163,9,0,0,1,ไม่ผ่าน,False,
Apr26,หมิว,2026-04-01,[29.01.26][หมิว] โทษตัวเองเก่ง (Trap),IMG,Trap,Meta,2234,3011,297.05,0,0.0,0.0,1.8,98.65,0.0,87,2.8894,1,0,0,1,ไม่มียอดขาย,False,
Apr26,หมิว,2026-04-01,[29.01.26][หมิว] โทษตัวเองเก่ง (Trap),IMG,Trap,Meta,12174,16565,983.69,3,1147.0,1.166,1.8,59.38,327.9,275,1.6601,5,0,0,1,ไม่ผ่าน,False,
Apr26,หมิว,2026-04-01,[10.03.26][หมิว] หนังสือสำหรับคนเป็นซึมเศร้า (Trap),IMG,Trap,Meta,2685,3452,263.62,1,409.0,1.5515,1.8,76.37,263.62,81,2.3465,1,0,0,1,ไม่ผ่าน,False,
Apr26,หมิว,2026-04-01,[10.03.26][หมิว] หนังสือสำหรับคนเป็นซึมเศร้า (Trap),IMG,Trap,Meta,2863,3596,248.42,0,0.0,0.0,1.8,69.08,0.0,94,2.614,0,0,0,1,ไม่มียอดขาย,False,
Apr26,หมิว,2026-04-01,[01.04.26][หมิว] ความสมบูรณ์แบบ ไม่มีอยู่จริง (Trap),IMG,Trap,Meta,2525,2944,235.93,0,0.0,0.0,1.8,80.14,0.0,75,2.5476,2,0,0,1,ไม่มียอดขาย,False,
Apr26,หมิว,2026-04-01,[10.03.26][หมิว] หนังสือสำหรับคนเป็นซึมเศร้า (Trap),IMG,Trap,Meta,2770,3182,221.16,0,0.0,0.0,1.8,69.5,0.0,63,1.9799,2,0,0,1,ไม่มียอดขาย,False,
Apr26,มิ้น,2026-04-02,[17.02.26][มิ้น] 20 เล่มลายเซ็น (Trap),IMG,Trap,Meta,0,0,0.0,0,0.0,0.0,1.8,0.0,0.0,0,0.0,0,0,0,1,ไม่มียอดขาย,False,
Apr26,มิ้น,2026-04-02,[17.02.26][มิ้น] 20 เล่มลายเซ็น (Trap),IMG,Trap,Meta,0,0,0.0,0,0.0,0.0,1.8,0.0,0.0,0,0.0,0,0,0,1,ไม่มียอดขาย,False,
Apr26,หมิว,2026-04-02,[29.03.26][หมิว] ภาพบรรยากาศ นักเขียน ‘คุณหมอทานตะวัน’ (Trap),IMG,Trap,Meta,0,0,0.0,0,0.0,0.0,1.8,0.0,0.0,0,0.0,1,0,0,1,ไม่มียอดขาย,False,
Apr26,หมิว,2026-04-02,[29.01.26][หมิว] โทษตัวเองเก่ง (Trap),IMG,Trap,Meta,2551,2989,276.47,0,0.0,0.0,1.8,92.5,0.0,92,3.078,2,0,0,1,ไม่มียอดขาย,False,
Apr26,หมิว,2026-04-02,[10.03.26][หมิว] หนังสือสำหรับคนเป็นซึมเศร้า (Trap),IMG,Trap,Meta,3066,3485,263.84,1,348.0,1.319,1.8,75.71,263.84,79,2.2669,1,0,0,1,ไม่ผ่าน,False,
Apr26,หมิว,2026-04-02,[29.01.26][หมิว] โทษตัวเองเก่ง (Trap),IMG,Trap,Meta,0,0,0.0,1,409.0,0.0,1.8,0.0,0.0,0,0.0,0,0,0,1,ไม่ผ่าน,False,
Apr26,หมิว,2026-04-02,[29.01.26][หมิว] โทษตัวเองเก่ง (Trap),IMG,Trap,Meta,3092,3495,273.87,0,0.0,0.0,1.8,78.36,0.0,65,1.8598,0,0,0,1,ไม่มียอดขาย,False,
Apr26,หมิว,2026-04-02,[01.04.26][หมิว] ความสมบูรณ์แบบ ไม่มีอยู่จริง (Trap),IMG,Trap,Meta,2685,3070,347.84,0,0.0,0.0,1.8,113.3,0.0,125,4.0717,0,0,0,1,ไม่มียอดขาย,False,
Apr26,หมิว,2026-04-02,[10.03.26][หมิว] หนังสือสำหรับคนเป็นซึมเศร้า (Trap),IMG,Trap,Meta,2231,2591,226.83,0,0.0,0.0,1.8,87.55,0.0,69,2.6631,0,0,0,1,ไม่มียอดขาย,False,
Apr26,หมิว,2026-04-03,[29.01.26][หมิว] โทษตัวเองเก่ง (Trap),IMG,Trap,Meta,0,0,0.0,0,0.0,0.0,1.8,0.0,0.0,0,0.0,0,0,0,1,ไม่มียอดขาย,False,
Apr26,หมิว,2026-04-03,[25.03.26][หมิว] วันนี้คุณรู้สึกอย่างไร (Trap),IMG,Trap,Meta,0,0,0.0,0,0.0,0.0,1.8,0.0,0.0,0,0.0,0,0,0,1,ไม่มียอดขาย,False,
Apr26,หมิว,2026-04-03,[29.03.26][หมิว] ภาพบรรยากาศ นักเขียน ‘คุณหมอทานตะวัน’ (Trap),IMG,Trap,Meta,0,0,0.0,0,0.0,0.0,1.8,0.0,0.0,0,0.0,0,0,0,1,ไม่มียอดขาย,False,
Apr26,หมิว,2026-04-03,[29.01.26][หมิว] โทษตัวเองเก่ง (Trap),IMG,Trap,Meta,2639,3068,326.09,1,409.0,1.2543,1.8,106.29,326.09,80,2.6076,1,0,0,1,ไม่ผ่าน,False,
Apr26,หมิว,2026-04-03,[10.03.26][หมิว] หนังสือสำหรับคนเป็นซึมเศร้า (Trap),IMG,Trap,Meta,2216,2505,224.05,2,1195.0,5.3336,1.8,89.44,112.03,72,2.8743,2,0,0,1,ผ่าน,False,
Apr26,หมิว,2026-04-03,[29.01.26][หมิว] โทษตัวเองเก่ง (Trap),IMG,Trap,Meta,0,0,0.0,0,0.0,0.0,1.8,0.0,0.0,0,0.0,0,0,0,1,ไม่มียอดขาย,False,
Apr26,หมิว,2026-04-03,[29.01.26][หมิว] โทษตัวเองเก่ง (Trap),IMG,Trap,Meta,8421,9741,788.46,3,1227.0,1.5562,1.8,80.94,262.82,155,1.5912,2,0,0,1,ไม่ผ่าน,False,
Apr26,หมิว,2026-04-03,[01.04.26][หมิว] ความสมบูรณ์แบบ ไม่มีอยู่จริง (Trap),IMG,Trap,Meta,3248,4219,493.68,2,888.0,1.7987,1.8,117.01,246.84,157,3.7213,1,0,0,1,ไม่ผ่าน,False,
Apr26,หมิว,2026-04-03,[10.03.26][หมิว] หนังสือสำหรับคนเป็นซึมเศร้า (Trap),IMG,Trap,Meta,2423,2799,232.16,1,409.0,1.7617,1.8,82.94,232.16,74,2.6438,3,0,0,1,ไม่ผ่าน,False,
Apr26,หมิว,2026-04-04,[29.01.26][หมิว] โทษตัวเองเก่ง (Trap),IMG,Trap,Meta,1353,1500,203.99,0,0.0,0.0,1.8,135.99,0.0,53,3.5333,2,0,0,1,ไม่มียอดขาย,False,
Apr26,หมิว,2026-04-04,[10.03.26][หมิว] หนังสือสำหรับคนเป็นซึมเศร้า (Trap),IMG,Trap,Meta,1944,2141,249.85,0,0.0,0.0,1.8,116.7,0.0,58,2.709,1,0,0,1,ไม่มียอดขาย,False,
Apr26,หมิว,2026-04-04,[29.01.26][หมิว] โทษตัวเองเก่ง (Trap),IMG,Trap,Meta,1161,1327,184.1,0,0.0,0.0,1.8,138.73,0.0,33,2.4868,1,0,0,1,ไม่มียอดขาย,False,
Apr26,หมิว,2026-04-04,[10.03.26][หมิว] หนังสือสำหรับคนเป็นซึมเศร้า (Trap),IMG,Trap,Meta,0,0,0.0,0,0.0,0.0,1.8,0.0,0.0,0,0.0,1,0,0,1,ไม่มียอดขาย,False,
Apr26,หมิว,2026-04-04,[01.04.26][หมิว] ความสมบูรณ์แบบ ไม่มีอยู่จริง (Trap),IMG,Trap,Meta,1659,1811,221.47,0,0.0,0.0,1.8,122.29,0.0,78,4.307,1,0,0,1,ไม่มียอดขาย,False,
Apr26,หมิว,2026-04-04,[10.03.26][หมิว] หนังสือสำหรับคนเป็นซึมเศร้า (Trap),IMG,Trap,Meta,12844,22504,1754.92,6,2604.0,1.4838,1.8,77.98,292.49,465,2.0663,17,0,0,1,ไม่ผ่าน,False,
Apr26,หมิว,2026-04-05,[29.01.26][หมิว] โทษตัวเองเก่ง (Trap),IMG,Trap,Meta,6229,7481,553.6,2,738.0,1.3331,1.8,74.0,276.8,133,1.7778,2,0,0,1,ไม่ผ่าน,False,
Apr26,หมิว,2026-04-05,[29.01.26][หมิว] โทษตัวเองเก่ง (Trap),IMG,Trap,Meta,3578,4029,270.35,1,659.0,2.4376,1.8,67.1,270.35,78,1.936,2,0,0,1,ผ่าน,False,
Apr26,หมิว,2026-04-05,[29.03.26][หมิว] ภาพบรรยากาศ นักเขียน ‘คุณหมอทานตะวัน’ (Trap),IMG,Trap,Meta,0,0,0.0,0,0.0,0.0,1.8,0.0,0.0,0,0.0,0,0,0,1,ไม่มียอดขาย,False,
Apr26,หมิว,2026-04-05,[29.01.26][หมิว] โทษตัวเองเก่ง (Trap),IMG,Trap,Meta,2013,2491,303.75,0,0.0,0.0,1.8,121.94,0.0,98,3.9342,4,0,0,1,ไม่มียอดขาย,False,
Apr26,หมิว,2026-04-05,[10.03.26][หมิว] หนังสือสำหรับคนเป็นซึมเศร้า (Trap),IMG,Trap,Meta,2715,3128,232.97,0,0.0,0.0,1.8,74.48,0.0,87,2.7813,1,0,0,1,ไม่มียอดขาย,False,
Apr26,หมิว,2026-04-05,[29.01.26][หมิว] โทษตัวเองเก่ง (Trap),IMG,Trap,Meta,3718,4866,499.13,1,409.0,0.8194,1.8,102.58,499.13,130,2.6716,0,0,0,1,ไม่ผ่าน,False,
Apr26,หมิว,2026-04-05,[10.03.26][หมิว] หนังสือสำหรับคนเป็นซึมเศร้า (Trap),IMG,Trap,Meta,0,0,0.0,0,0.0,0.0,1.8,0.0,0.0,0,0.0,1,0,0,1,ไม่มียอดขาย,False,
Apr26,หมิว,2026-04-05,[01.04.26][หมิว] ความสมบูรณ์แบบ ไม่มีอยู่จริง (Trap),IMG,Trap,Meta,9881,12820,1086.0,3,1367.0,1.2587,1.8,84.71,362.0,364,2.8393,3,0,0,1,ไม่ผ่าน,False,
Apr26,หมิว,2026-04-05,[10.03.26][หมิว] หนังสือสำหรับคนเป็นซึมเศร้า (Trap),IMG,Trap,Meta,7589,9057,480.71,1,759.0,1.5789,1.8,53.08,480.71,170,1.877,3,0,0,1,ไม่ผ่าน,False,
Apr26,หมิว,2026-04-06,[29.01.26][หมิว] โทษตัวเองเก่ง (Trap),IMG,Trap,Meta,0,0,0.0,0,0.0,0.0,1.8,0.0,0.0,0,0.0,0,0,0,1,ไม่มียอดขาย,False,
Apr26,หมิว,2026-04-06,[29.01.26][หมิว] โทษตัวเองเก่ง (Trap),IMG,Trap,Meta,2557,2976,321.03,1,409.0,1.274,1.8,107.87,321.03,110,3.6962,2,0,0,1,ไม่ผ่าน,False,
Apr26,หมิว,2026-04-06,[10.03.26][หมิว] หนังสือสำหรับคนเป็นซึมเศร้า (Trap),IMG,Trap,Meta,16644,22894,1578.98,6,3143.0,1.9905,1.8,68.97,263.16,463,2.0224,8,0,0,1,ผ่าน,False,
Apr26,หมิว,2026-04-06,[29.01.26][หมิว] โทษตัวเองเก่ง (Trap),IMG,Trap,Meta,3803,4603,452.35,1,409.0,0.9042,1.8,98.27,452.35,126,2.7373,5,0,0,1,ไม่ผ่าน,False,
Apr26,หมิว,2026-04-06,[10.03.26][หมิว] หนังสือสำหรับคนเป็นซึมเศร้า (Trap),IMG,Trap,Meta,0,0,0.0,0,0.0,0.0,1.8,0.0,0.0,0,0.0,0,0,0,1,ไม่มียอดขาย,False,
Apr26,หมิว,2026-04-06,[01.04.26][หมิว] ความสมบูรณ์แบบ ไม่มีอยู่จริง (Trap),IMG,Trap,Meta,3604,4800,665.6,2,1048.0,1.5745,1.8,138.67,332.8,178,3.7083,2,0,0,1,ไม่ผ่าน,False,
Apr26,หมิว,2026-04-06,[10.03.26][หมิว] หนังสือสำหรับคนเป็นซึมเศร้า (Trap),IMG,Trap,Meta,5312,7464,534.73,2,748.0,1.3988,1.8,71.64,267.37,176,2.358,2,0,0,1,ไม่ผ่าน,False,
Apr26,หมิว,2026-04-07,[29.01.26][หมิว] โทษตัวเองเก่ง (Trap),IMG,Trap,Meta,4381,5280,346.81,1,559.0,1.6118,1.8,65.68,346.81,135,2.5568,2,0,0,1,ไม่ผ่าน,False,
Apr26,หมิว,2026-04-07,[10.03.26][หมิว] หนังสือสำหรับคนเป็นซึมเศร้า (Trap),IMG,Trap,Meta,5753,6703,411.66,1,759.0,1.8438,1.8,61.41,411.66,121,1.8052,3,0,0,1,ผ่าน,False,
Apr26,หมิว,2026-04-07,[29.01.26][หมิว] โทษตัวเองเก่ง (Trap),IMG,Trap,Meta,2626,3121,286.32,1,409.0,1.4285,1.8,91.74,286.32,119,3.8129,1,0,0,1,ไม่ผ่าน,False,
Apr26,หมิว,2026-04-07,[10.03.26][หมิว] หนังสือสำหรับคนเป็นซึมเศร้า (Trap),IMG,Trap,Meta,3102,3401,226.32,1,339.0,1.4979,1.8,66.55,226.32,83,2.4405,4,0,0,1,ไม่ผ่าน,False,
Apr26,หมิว,2026-04-07,[29.01.26][หมิว] โทษตัวเองเก่ง (Trap),IMG,Trap,Meta,2577,3101,241.44,0,0.0,0.0,1.8,77.86,0.0,91,2.9345,1,0,0,1,ไม่มียอดขาย,False,
Apr26,หมิว,2026-04-07,[01.04.26][หมิว] ความสมบูรณ์แบบ ไม่มีอยู่จริง (Trap),IMG,Trap,Meta,2677,3112,379.9,1,409.0,1.0766,1.8,122.08,379.9,141,4.5308,0,0,0,1,ไม่ผ่าน,False,
Apr26,หมิว,2026-04-07,[10.03.26][หมิว] หนังสือสำหรับคนเป็นซึมเศร้า (Trap),IMG,Trap,Meta,2928,3645,314.56,2,757.0,2.4065,1.8,86.3,157.28,102,2.7984,2,0,0,1,ผ่าน,False,
Apr26,Unknown,2026-04-07,[01.04.26][pearpmk] Review Influ (Trap),IMG,Trap,Meta,2203,2380,180.48,1,339.0,1.8783,1.8,75.83,180.48,98,4.1176,4,0,0,1,ผ่าน,False,
Apr26,หมิว,2026-04-07,[29.01.26][หมิว] โทษตัวเองเก่ง (Trap),IMG,Trap,Meta,969,1132,85.11,0,0.0,0.0,1.8,75.19,0.0,35,3.0919,1,0,0,1,ไม่มียอดขาย,False,
Apr26,หมิว,2026-04-08,[29.01.26][หมิว] โทษตัวเองเก่ง (Trap),IMG,Trap,Meta,2618,3159,246.02,1,339.0,1.3779,1.8,77.88,246.02,104,3.2922,3,0,0,1,ไม่ผ่าน,False,
Apr26,หมิว,2026-04-08,[10.03.26][หมิว] หนังสือสำหรับคนเป็นซึมเศร้า (Trap),IMG,Trap,Meta,3610,4098,251.38,0,0.0,0.0,1.8,61.34,0.0,115,2.8062,3,0,0,1,ไม่มียอดขาย,False,
Apr26,หมิว,2026-04-08,[10.03.26][หมิว] หนังสือสำหรับคนเป็นซึมเศร้า (Trap),IMG,Trap,Meta,0,0,0.0,0,0.0,0.0,1.8,0.0,0.0,0,0.0,0,0,0,1,ไม่มียอดขาย,False,
Apr26,หมิว,2026-04-08,[01.04.26][หมิว] ความสมบูรณ์แบบ ไม่มีอยู่จริง (Trap),IMG,Trap,Meta,0,0,0.0,1,329.0,0.0,1.8,0.0,0.0,0,0.0,0,0,0,1,ไม่ผ่าน,False,
Apr26,หมิว,2026-04-08,[10.03.26][หมิว] หนังสือสำหรับคนเป็นซึมเศร้า (Trap),IMG,Trap,Meta,0,0,0.0,0,0.0,0.0,1.8,0.0,0.0,0,0.0,0,0,0,1,ไม่มียอดขาย,False,
Apr26,Unknown,2026-04-08,[01.04.26][pearpmk] Review Influ (Trap),IMG,Trap,Meta,2496,2572,239.83,0,0.0,0.0,1.8,93.25,0.0,114,4.4323,4,0,0,1,ไม่มียอดขาย,False,
Apr26,หมิว,2026-04-08,[29.01.26][หมิว] โทษตัวเองเก่ง (Trap),IMG,Trap,Meta,2474,2908,291.43,2,687.0,2.3573,1.8,100.22,145.72,119,4.0922,1,0,0,1,ผ่าน,False,
Apr26,หมิว,2026-04-09,[29.01.26][หมิว] โทษตัวเองเก่ง (Trap),IMG,Trap,Meta,20045,24703,1247.9,3,1177.0,0.9432,1.8,50.52,415.97,436,1.765,10,0,0,1,ไม่ผ่าน,False,
Apr26,หมิว,2026-04-09,[10.03.26][หมิว] หนังสือสำหรับคนเป็นซึมเศร้า (Trap),IMG,Trap,Meta,2916,3173,187.67,0,0.0,0.0,1.8,59.15,0.0,77,2.4267,1,0,0,1,ไม่มียอดขาย,False,
Apr26,หมิว,2026-04-09,[29.01.26][หมิว] โทษตัวเองเก่ง (Trap),IMG,Trap,Meta,0,0,0.0,0,0.0,0.0,1.8,0.0,0.0,0,0.0,0,0,0,1,ไม่มียอดขาย,False,
Apr26,หมิว,2026-04-09,[29.01.26][หมิว] โทษตัวเองเก่ง (Trap),IMG,Trap,Meta,0,0,0.0,0,0.0,0.0,1.8,0.0,0.0,0,0.0,0,0,0,1,ไม่มียอดขาย,False,
Apr26,หมิว,2026-04-09,[01.04.26][หมิว] ความสมบูรณ์แบบ ไม่มีอยู่จริง (Trap),IMG,Trap,Meta,0,0,0.0,1,409.0,0.0,1.8,0.0,0.0,0,0.0,0,0,0,1,ไม่ผ่าน,False,
Apr26,หมิว,2026-04-09,[10.03.26][หมิว] หนังสือสำหรับคนเป็นซึมเศร้า (Trap),IMG,Trap,Meta,0,0,0.0,1,409.0,0.0,1.8,0.0,0.0,0,0.0,0,0,0,1,ไม่ผ่าน,False,
Apr26,Unknown,2026-04-09,[01.04.26][pearpmk] Review Influ (Trap),IMG,Trap,Meta,9687,10561,716.86,2,818.0,1.1411,1.8,67.88,358.43,362,3.4277,11,0,0,1,ไม่ผ่าน,False,
Apr26,หมิว,2026-04-09,[29.01.26][หมิว] โทษตัวเองเก่ง (Trap),IMG,Trap,Meta,2318,2557,281.56,0,0.0,0.0,1.8,110.11,0.0,77,3.0113,2,0,0,1,ไม่มียอดขาย,False,
Apr26,หมิว,2026-04-10,[06.02.26][หมิว] ห้ามพลาดหนังสือฉบับลายเซ็น (Trap),IMG,Trap,Meta,1908,2300,167.89,0,0.0,0.0,1.8,73.0,0.0,33,1.4348,0,0,0,1,ไม่มียอดขาย,False,
Apr26,มิ้น,2026-04-10,[17.02.26][มิ้น] 20 เล่มลายเซ็น (Trap),IMG,Trap,Meta,1758,1995,196.75,0,0.0,0.0,1.8,98.62,0.0,41,2.0551,2,0,0,1,ไม่มียอดขาย,False,
Apr26,หมิว,2026-04-10,[29.01.26][หมิว] โทษตัวเองเก่ง (Trap),IMG,Trap,Meta,11588,16473,1292.6,7,2443.0,1.89,1.8,78.47,184.66,431,2.6164,5,0,0,1,ผ่าน,False,
Apr26,หมิว,2026-04-10,[10.03.26][หมิว] หนังสือสำหรับคนเป็นซึมเศร้า (Trap),IMG,Trap,Meta,35768,41485,1890.08,5,1725.0,0.9127,1.8,45.56,378.02,708,1.7066,5,0,0,1,ไม่ผ่าน,False,
Apr26,มิ้น,2026-04-10,[17.02.26][มิ้น] 20 เล่มลายเซ็น (Trap),IMG,Trap,Meta,4346,4945,484.83,2,1337.0,2.7577,1.8,98.04,242.41,87,1.7594,5,0,0,1,ผ่าน,False,
Apr26,มิ้น,2026-04-10,[17.02.26][มิ้น] 20 เล่มลายเซ็น (Trap),IMG,Trap,Meta,1376,1551,185.5,0,0.0,0.0,1.8,119.6,0.0,26,1.6763,1,0,0,1,ไม่มียอดขาย,False,
Apr26,มิ้น,2026-04-10,[17.02.26][มิ้น] 20 เล่มลายเซ็น (Trap),IMG,Trap,Meta,3934,4198,322.3,1,409.0,1.269,1.8,76.77,322.3,63,1.5007,3,0,0,1,ไม่ผ่าน,False,
Apr26,หมิว,2026-04-10,[29.01.26][หมิว] โทษตัวเองเก่ง (Trap),IMG,Trap,Meta,0,0,0.0,0,0.0,0.0,1.8,0.0,0.0,0,0.0,0,0,0,1,ไม่มียอดขาย,False,
Apr26,หมิว,2026-04-10,[10.03.26][หมิว] หนังสือสำหรับคนเป็นซึมเศร้า (Trap),IMG,Trap,Meta,0,0,0.0,0,0.0,0.0,1.8,0.0,0.0,0,0.0,0,0,0,1,ไม่มียอดขาย,False,
Apr26,หมิว,2026-04-10,[10.03.26][หมิว] หนังสือสำหรับคนเป็นซึมเศร้า (Trap),IMG,Trap,Meta,0,0,0.0,0,0.0,0.0,1.8,0.0,0.0,0,0.0,0,0,0,1,ไม่มียอดขาย,False,
Apr26,Unknown,2026-04-10,[01.04.26][pearpmk] Review Influ (Trap),IMG,Trap,Meta,7688,7932,428.11,2,818.0,1.9107,1.8,53.97,214.06,263,3.3157,12,0,0,1,ผ่าน,False,
Apr26,หมิว,2026-04-10,[29.01.26][หมิว] โทษตัวเองเก่ง (Trap),IMG,Trap,Meta,1971,2240,282.99,0,0.0,0.0,1.8,126.33,0.0,98,4.375,1,0,0,1,ไม่มียอดขาย,False,
Apr26,หมิว,2026-04-10,[29.01.26][หมิว] โทษตัวเองเก่ง (Trap),IMG,Trap,Meta,2295,2608,94.79,0,0.0,0.0,1.8,36.35,0.0,20,0.7669,1,0,0,1,ไม่มียอดขาย,False,
Apr26,มิ้น,2026-04-11,[17.02.26][มิ้น] 20 เล่มลายเซ็น (Trap),IMG,Trap,Meta,4649,5367,618.12,3,1157.0,1.8718,1.8,115.17,206.04,109,2.0309,6,0,0,1,ผ่าน,False,
Apr26,หมิว,2026-04-11,[29.01.26][หมิว] โทษตัวเองเก่ง (Trap),IMG,Trap,Meta,2703,3419,291.08,0,0.0,0.0,1.8,85.14,0.0,124,3.6268,3,0,0,1,ไม่มียอดขาย,False,
Apr26,หมิว,2026-04-11,[10.03.26][หมิว] หนังสือสำหรับคนเป็นซึมเศร้า (Trap),IMG,Trap,Meta,9236,10412,484.17,3,1307.0,2.6995,1.8,46.5,161.39,239,2.2954,5,0,0,1,ผ่าน,False,
Apr26,มิ้น,2026-04-11,[17.02.26][มิ้น] 20 เล่มลายเซ็น (Trap),IMG,Trap,Meta,1664,1872,274.21,1,409.0,1.4916,1.8,146.48,274.21,51,2.7244,2,0,0,1,ไม่ผ่าน,False,
Apr26,มิ้น,2026-04-11,[17.02.26][มิ้น] 20 เล่มลายเซ็น (Trap),IMG,Trap,Meta,869,917,169.33,0,0.0,0.0,1.8,184.66,0.0,29,3.1625,2,0,0,1,ไม่มียอดขาย,False,
Apr26,มิ้น,2026-04-11,[17.02.26][มิ้น] 20 เล่มลายเซ็น (Trap),IMG,Trap,Meta,2252,2619,287.64,0,0.0,0.0,1.8,109.83,0.0,64,2.4437,2,0,0,1,ไม่มียอดขาย,False,
Apr26,หมิว,2026-04-11,[10.03.26][หมิว] หนังสือสำหรับคนเป็นซึมเศร้า (Trap),IMG,Trap,Meta,0,0,0.0,0,0.0,0.0,1.8,0.0,0.0,0,0.0,0,0,0,1,ไม่มียอดขาย,False,
Apr26,หมิว,2026-04-11,[29.01.26][หมิว] โทษตัวเองเก่ง (Trap),IMG,Trap,Meta,0,0,0.0,0,0.0,0.0,1.8,0.0,0.0,0,0.0,1,0,0,1,ไม่มียอดขาย,False,
Apr26,Unknown,2026-04-11,[01.04.26][pearpmk] Review Influ (Trap),IMG,Trap,Meta,2802,2973,151.64,0,0.0,0.0,1.8,51.01,0.0,115,3.8681,7,0,0,1,ไม่มียอดขาย,False,
Apr26,หมิว,2026-04-11,[29.01.26][หมิว] โทษตัวเองเก่ง (Trap),IMG,Trap,Meta,1134,1311,163.0,0,0.0,0.0,1.8,124.33,0.0,51,3.8902,1,0,0,1,ไม่มียอดขาย,False,
Apr26,หมิว,2026-04-11,[29.01.26][หมิว] โทษตัวเองเก่ง (Trap),IMG,Trap,Meta,1835,2101,147.36,0,0.0,0.0,1.8,70.14,0.0,69,3.2841,0,0,0,1,ไม่มียอดขาย,False,
Apr26,มิ้น,2026-04-12,[17.02.26][มิ้น] 20 เล่มลายเซ็น (Trap),IMG,Trap,Meta,1098,1206,202.4,1,339.0,1.6749,1.8,167.83,202.4,24,1.9901,1,0,0,1,ไม่ผ่าน,False,
Apr26,หมิว,2026-04-12,[29.01.26][หมิว] โทษตัวเองเก่ง (Trap),IMG,Trap,Meta,13716,17756,892.05,3,1407.0,1.5773,1.8,50.24,297.35,327,1.8416,7,0,0,1,ไม่ผ่าน,False,
Apr26,หมิว,2026-04-12,[10.03.26][หมิว] หนังสือสำหรับคนเป็นซึมเศร้า (Trap),IMG,Trap,Meta,0,0,0.0,0,0.0,0.0,1.8,0.0,0.0,0,0.0,0,0,0,1,ไม่มียอดขาย,False,
Apr26,มิ้น,2026-04-12,[17.02.26][มิ้น] 20 เล่มลายเซ็น (Trap),IMG,Trap,Meta,5060,5550,642.74,3,1157.0,1.8001,1.8,115.81,214.25,114,2.0541,5,0,0,1,ผ่าน,False,
Apr26,มิ้น,2026-04-12,[17.02.26][มิ้น] 20 เล่มลายเซ็น (Trap),IMG,Trap,Meta,2408,3012,305.94,1,409.0,1.3369,1.8,101.57,305.94,98,3.2537,4,0,0,1,ไม่ผ่าน,False,
Apr26,Unknown,2026-04-12,[01.04.26][pearpmk] Review Influ (Trap),IMG,Trap,Meta,0,0,0.0,0,0.0,0.0,1.8,0.0,0.0,0,0.0,1,0,0,1,ไม่มียอดขาย,False,
Apr26,หมิว,2026-04-12,[29.01.26][หมิว] โทษตัวเองเก่ง (Trap),IMG,Trap,Meta,0,0,0.0,0,0.0,0.0,1.8,0.0,0.0,0,0.0,0,0,0,1,ไม่มียอดขาย,False,
Apr26,มิ้น,2026-04-13,[17.02.26][มิ้น] 20 เล่มลายเซ็น (Trap),IMG,Trap,Meta,7403,9236,1023.51,4,1726.0,1.6864,1.8,110.82,255.88,147,1.5916,7,0,0,1,ไม่ผ่าน,False,
Apr26,หมิว,2026-04-13,[29.01.26][หมิว] โทษตัวเองเก่ง (Trap),IMG,Trap,Meta,15777,17482,974.26,3,1027.0,1.0541,1.8,55.73,324.75,267,1.5273,0,0,0,1,ไม่ผ่าน,False,
Apr26,หมิว,2026-04-13,[10.03.26][หมิว] หนังสือสำหรับคนเป็นซึมเศร้า (Trap),IMG,Trap,Meta,0,0,0.0,0,0.0,0.0,1.8,0.0,0.0,0,0.0,1,0,0,1,ไม่มียอดขาย,False,
Apr26,มิ้น,2026-04-13,[17.02.26][มิ้น] 20 เล่มลายเซ็น (Trap),IMG,Trap,Meta,13848,17521,1923.59,13,6047.0,3.1436,1.8,109.79,147.97,352,2.009,26,0,0,1,ผ่าน,False,
Apr26,มิ้น,2026-04-13,[17.02.26][มิ้น] 20 เล่มลายเซ็น (Trap),IMG,Trap,Meta,3059,3663,309.12,2,818.0,2.6462,1.8,84.39,154.56,84,2.2932,7,0,0,1,ผ่าน,False,
Apr26,หมิว,2026-04-13,[29.01.26][หมิว] โทษตัวเองเก่ง (Trap),IMG,Trap,Meta,0,0,0.0,0,0.0,0.0,1.8,0.0,0.0,0,0.0,0,0,0,1,ไม่มียอดขาย,False,
Apr26,มิ้น,2026-04-13,[17.02.26][มิ้น] 20 เล่มลายเซ็น (Trap),IMG,Trap,Meta,1249,1265,187.13,2,748.0,3.9972,1.8,147.93,93.56,47,3.7154,1,0,0,1,ผ่าน,False,
Apr26,มิ้น,2026-04-13,[17.02.26][มิ้น] 20 เล่มลายเซ็น (Trap),IMG,Trap,Meta,1487,1502,155.06,0,0.0,0.0,1.8,103.24,0.0,23,1.5313,0,0,0,1,ไม่มียอดขาย,False,
Apr26,มิ้น,2026-04-14,[17.02.26][มิ้น] 20 เล่มลายเซ็น (Trap),IMG,Trap,Meta,2391,2686,345.43,2,678.0,1.9628,1.8,128.6,172.72,60,2.2338,6,0,0,1,ผ่าน,False,
Apr26,หมิว,2026-04-14,[29.01.26][หมิว] โทษตัวเองเก่ง (Trap),IMG,Trap,Meta,13445,14844,798.44,2,898.0,1.1247,1.8,53.79,399.22,239,1.6101,6,0,0,1,ไม่ผ่าน,False,
Apr26,มิ้น,2026-04-14,[17.02.26][มิ้น] 20 เล่มลายเซ็น (Trap),IMG,Trap,Meta,13885,18195,1650.77,10,4080.0,2.4716,1.8,90.73,165.08,343,1.8851,16,0,0,1,ผ่าน,False,
Apr26,มิ้น,2026-04-14,[17.02.26][มิ้น] 20 เล่มลายเซ็น (Trap),IMG,Trap,Meta,2237,2780,269.46,0,0.0,0.0,1.8,96.93,0.0,54,1.9424,1,0,0,1,ไม่มียอดขาย,False,
Apr26,มิ้น,2026-04-14,[17.02.26][มิ้น] 20 เล่มลายเซ็น (Trap),IMG,Trap,Meta,1554,1796,265.87,0,0.0,0.0,1.8,148.03,0.0,55,3.0624,2,0,0,1,ไม่มียอดขาย,False,
Apr26,มิ้น,2026-04-14,[17.02.26][มิ้น] 20 เล่มลายเซ็น (Trap),IMG,Trap,Meta,11398,11997,1206.57,5,2125.0,1.7612,1.8,100.57,241.31,169,1.4087,7,0,0,1,ไม่ผ่าน,False,
Apr26,มิ้น,2026-04-14,[17.02.26][มิ้น] 20 เล่มลายเซ็น (Trap),IMG,Trap,Meta,1249,1325,201.03,0,0.0,0.0,1.8,151.72,0.0,27,2.0377,0,0,0,1,ไม่มียอดขาย,False,
Apr26,มิ้น,2026-04-15,[17.02.26][มิ้น] 20 เล่มลายเซ็น (Trap),IMG,Trap,Meta,1476,1547,257.35,0,0.0,0.0,1.8,166.35,0.0,41,2.6503,1,0,0,1,ไม่มียอดขาย,False,
Apr26,หมิว,2026-04-15,[29.01.26][หมิว] โทษตัวเองเก่ง (Trap),IMG,Trap,Meta,3159,3616,515.68,2,748.0,1.4505,1.8,142.61,257.84,120,3.3186,2,0,0,1,ไม่ผ่าน,False,
Apr26,หมิว,2026-04-15,[10.03.26][หมิว] หนังสือสำหรับคนเป็นซึมเศร้า (Trap),IMG,Trap,Meta,1666,1895,169.83,0,0.0,0.0,1.8,89.62,0.0,60,3.1662,0,0,0,1,ไม่มียอดขาย,False,
Apr26,มิ้น,2026-04-15,[17.02.26][มิ้น] 20 เล่มลายเซ็น (Trap),IMG,Trap,Meta,16121,20908,2083.57,12,4918.0,2.3604,1.8,99.65,173.63,379,1.8127,21,0,0,1,ผ่าน,False,
Apr26,มิ้น,2026-04-15,[17.02.26][มิ้น] 20 เล่มลายเซ็น (Trap),IMG,Trap,Meta,1345,1508,173.54,0,0.0,0.0,1.8,115.08,0.0,32,2.122,3,0,0,1,ไม่มียอดขาย,False,
Apr26,มิ้น,2026-04-15,[17.02.26][มิ้น] 20 เล่มลายเซ็น (Trap),IMG,Trap,Meta,1145,1261,259.02,0,0.0,0.0,1.8,205.41,0.0,33,2.617,2,0,0,1,ไม่มียอดขาย,False,
Apr26,มิ้น,2026-04-15,[17.02.26][มิ้น] 20 เล่มลายเซ็น (Trap),IMG,Trap,Meta,950,1060,164.71,0,0.0,0.0,1.8,155.39,0.0,22,2.0755,1,0,0,1,ไม่มียอดขาย,False,
Apr26,มิ้น,2026-04-15,[17.02.26][มิ้น] 20 เล่มลายเซ็น (Trap),IMG,Trap,Meta,0,0,0.0,0,0.0,0.0,1.8,0.0,0.0,0,0.0,0,0,0,1,ไม่มียอดขาย,False,
Apr26,หมิว,2026-04-15,[15.04.26][หมิว] 7 แนวทางให้อภัยตัวเอง (Trap),IMG,Trap,Meta,1018,1418,216.08,0,0.0,0.0,1.8,152.38,0.0,108,7.6164,1,0,0,1,ไม่มียอดขาย,False,
Apr26,หมิว,2026-04-15,[15.04.25][หมิว] คุณเคยโทษตัวเองซ้ำ ๆ (Trap),IMG,Trap,Meta,1110,1660,176.98,0,0.0,0.0,1.8,106.61,0.0,36,2.1687,0,0,0,1,ไม่มียอดขาย,False,
Apr26,มิ้น,2026-04-15,[17.02.26][มิ้น] 20 เล่มลายเซ็น (Trap),IMG,Trap,Meta,1102,1194,145.63,0,0.0,0.0,1.8,121.97,0.0,22,1.8425,0,0,0,1,ไม่มียอดขาย,False,
Apr26,มิ้น,2026-04-16,[17.02.26][มิ้น] 20 เล่มลายเซ็น (Trap),IMG,Trap,Meta,12851,14827,1356.01,3,1727.0,1.2736,1.8,91.46,452.0,208,1.4028,7,0,0,1,ไม่ผ่าน,False,
Apr26,หมิว,2026-04-16,[29.01.26][หมิว] โทษตัวเองเก่ง (Trap),IMG,Trap,Meta,1378,1661,200.47,2,708.0,3.5317,1.8,120.69,100.23,40,2.4082,2,0,0,1,ผ่าน,False,
Apr26,หมิว,2026-04-16,[10.03.26][หมิว] หนังสือสำหรับคนเป็นซึมเศร้า (Trap),IMG,Trap,Meta,5555,7177,521.96,2,1318.0,2.5251,1.8,72.73,260.98,163,2.2711,2,0,0,1,ผ่าน,False,
Apr26,มิ้น,2026-04-16,[17.02.26][มิ้น] 20 เล่มลายเซ็น (Trap),IMG,Trap,Meta,27791,37131,3800.18,15,7686.0,2.0225,1.8,102.35,253.35,580,1.562,24,0,0,1,ผ่าน,False,
Apr26,มิ้น,2026-04-16,[17.02.26][มิ้น] 20 เล่มลายเซ็น (Trap),IMG,Trap,Meta,1309,1386,168.78,0,0.0,0.0,1.8,121.77,0.0,40,2.886,3,0,0,1,ไม่มียอดขาย,False,
Apr26,มิ้น,2026-04-16,[17.02.26][มิ้น] 20 เล่มลายเซ็น (Trap),IMG,Trap,Meta,910,950,209.37,0,0.0,0.0,1.8,220.39,0.0,24,2.5263,1,0,0,1,ไม่มียอดขาย,False,
Apr26,มิ้น,2026-04-16,[17.02.26][มิ้น] 20 เล่มลายเซ็น (Trap),IMG,Trap,Meta,1085,1181,192.79,0,0.0,0.0,1.8,163.24,0.0,31,2.6249,0,0,0,1,ไม่มียอดขาย,False,
Apr26,หมิว,2026-04-16,[15.04.26][หมิว] 7 แนวทางให้อภัยตัวเอง (Trap),IMG,Trap,Meta,6964,8643,510.2,3,1557.0,3.0517,1.8,59.03,170.07,603,6.9767,3,0,0,1,ผ่าน,False,
Apr26,หมิว,2026-04-16,[15.04.25][หมิว] คุณเคยโทษตัวเองซ้ำ ๆ (Trap),IMG,Trap,Meta,2950,4882,453.53,2,838.0,1.8477,1.8,92.9,226.76,81,1.6592,0,0,0,1,ผ่าน,False,
Apr26,มิ้น,2026-04-16,[17.02.26][มิ้น] 20 เล่มลายเซ็น (Trap),IMG,Trap,Meta,746,827,141.46,0,0.0,0.0,1.8,171.05,0.0,14,1.6929,1,0,0,1,ไม่มียอดขาย,False,
Apr26,มิ้น,2026-04-17,[17.02.26][มิ้น] 20 เล่มลายเซ็น (Trap),IMG,Trap,Meta,1286,1347,169.71,0,0.0,0.0,1.8,125.99,0.0,25,1.856,0,0,0,1,ไม่มียอดขาย,False,
Apr26,หมิว,2026-04-17,[29.01.26][หมิว] โทษตัวเองเก่ง (Trap),IMG,Trap,Meta,4944,6980,778.42,3,1908.0,2.4511,1.8,111.52,259.47,211,3.0229,3,0,0,1,ผ่าน,False,
Apr26,หมิว,2026-04-17,[10.03.26][หมิว] หนังสือสำหรับคนเป็นซึมเศร้า (Trap),IMG,Trap,Meta,5604,7400,532.41,2,968.0,1.8181,1.8,71.95,266.2,208,2.8108,6,0,0,1,ผ่าน,False,
Apr26,มิ้น,2026-04-17,[17.02.26][มิ้น] 20 เล่มลายเซ็น (Trap),IMG,Trap,Meta,9536,11100,1342.9,5,1905.0,1.4186,1.8,120.98,268.58,192,1.7297,10,0,0,1,ไม่ผ่าน,False,
Apr26,มิ้น,2026-04-17,[17.02.26][มิ้น] 20 เล่มลายเซ็น (Trap),IMG,Trap,Meta,0,0,0.0,1,339.0,0.0,1.8,0.0,0.0,0,0.0,0,0,0,1,ไม่ผ่าน,False,
Apr26,มิ้น,2026-04-17,[17.02.26][มิ้น] 20 เล่มลายเซ็น (Trap),IMG,Trap,Meta,1560,1850,312.82,1,659.0,2.1066,1.8,169.09,312.82,47,2.5405,1,0,0,1,ผ่าน,False,
Apr26,หมิว,2026-04-17,[15.04.26][หมิว] 7 แนวทางให้อภัยตัวเอง (Trap),IMG,Trap,Meta,3024,3376,198.55,0,0.0,0.0,1.8,58.81,0.0,281,8.3235,1,0,0,1,ไม่มียอดขาย,False,
Apr26,หมิว,2026-04-17,[15.04.25][หมิว] คุณเคยโทษตัวเองซ้ำ ๆ (Trap),IMG,Trap,Meta,12383,21395,1604.67,7,2854.0,1.7786,1.8,75.0,229.24,367,1.7154,5,0,0,1,ไม่ผ่าน,False,
Apr26,มิ้น,2026-04-18,[17.02.26][มิ้น] 20 เล่มลายเซ็น (Trap),IMG,Trap,Meta,992,1088,142.77,2,748.0,5.2392,1.8,131.22,71.39,36,3.3088,2,0,0,1,ผ่าน,False,
Apr26,หมิว,2026-04-18,[29.01.26][หมิว] โทษตัวเองเก่ง (Trap),IMG,Trap,Meta,838,965,105.52,0,0.0,0.0,1.8,109.35,0.0,37,3.8342,1,0,0,1,ไม่มียอดขาย,False,
Apr26,หมิว,2026-04-18,[10.03.26][หมิว] หนังสือสำหรับคนเป็นซึมเศร้า (Trap),IMG,Trap,Meta,1333,1553,102.89,0,0.0,0.0,1.8,66.25,0.0,39,2.5113,1,0,0,1,ไม่มียอดขาย,False,
Apr26,มิ้น,2026-04-18,[17.02.26][มิ้น] 20 เล่มลายเซ็น (Trap),IMG,Trap,Meta,917,996,118.99,0,0.0,0.0,1.8,119.47,0.0,15,1.506,0,0,0,1,ไม่มียอดขาย,False,
Apr26,มิ้น,2026-04-18,[17.02.26][มิ้น] 20 เล่มลายเซ็น (Trap),IMG,Trap,Meta,515,554,95.36,0,0.0,0.0,1.8,172.13,0.0,9,1.6245,0,0,0,1,ไม่มียอดขาย,False,
Apr26,หมิว,2026-04-18,[15.04.26][หมิว] 7 แนวทางให้อภัยตัวเอง (Trap),IMG,Trap,Meta,2243,2496,153.24,0,0.0,0.0,1.8,61.39,0.0,166,6.6506,0,0,0,1,ไม่มียอดขาย,False,
Apr26,หมิว,2026-04-18,[15.04.25][หมิว] คุณเคยโทษตัวเองซ้ำ ๆ (Trap),IMG,Trap,Meta,1081,1200,129.5,0,0.0,0.0,1.8,107.92,0.0,28,2.3333,0,0,0,1,ไม่มียอดขาย,False,
Apr26,หมิว,2026-04-01,[19.03.26][หมิว] อย่ารอให้วันหนึ่งต้องพูดว่า (Ghostly),IMG,Ghostly,Meta,444,520,66.91,0,0.0,0.0,1.8,128.67,0.0,57,10.9615,0,0,0,1,ไม่มียอดขาย,False,
Apr26,ริว,2026-04-01,[23.03.26][ริว] ถ้าคืนนี้เป็นคืนสุดท้าย (AI) (Ghostly),IMG,Ghostly,Meta,8,9,0.61,0,0.0,0.0,1.8,67.78,0.0,0,0.0,0,0,0,1,ไม่มียอดขาย,False,
Apr26,มิ้น,2026-04-01,[03.03.26][มิ้น] ไม่เคยร้องไห้กับหนังสือจนมาเจอ 2 เล่มนี้ (Ghostly) (Remains),IMG,Ghostly,Meta,1846,2022,152.55,0,0.0,0.0,1.8,75.45,0.0,32,1.5826,0,0,0,1,ไม่มียอดขาย,False,
Apr26,ริว,2026-04-01,[23.03.26][ริว] ถ้าคืนนี้เป็นคืนสุดท้าย (AI) (Ghostly),IMG,Ghostly,Meta,0,0,0.0,0,0.0,0.0,1.8,0.0,0.0,0,0.0,0,0,0,1,ไม่มียอดขาย,False,
Apr26,หมิว,2026-04-01,[19.03.26][หมิว] อย่ารอให้วันหนึ่งต้องพูดว่า (Ghostly),IMG,Ghostly,Meta,1150,1576,178.35,0,0.0,0.0,1.8,113.17,0.0,106,6.7259,2,0,0,1,ไม่มียอดขาย,False,
Apr26,หมิว,2026-04-01,[21.03.26][หมิว] หนังสือที่จะทำให้คุณเลิกเป็น (Ghostly),IMG,Ghostly,Meta,0,0,0.0,0,0.0,0.0,1.8,0.0,0.0,0,0.0,1,0,0,1,ไม่มียอดขาย,False,
Apr26,ริว,2026-04-01,[31.03.26][ริว] อย่าปล่อยให้พ่อแม่รอ กลับไปเยี่ยมในวันที่ยังมีโอกาส (Ghostly),IMG,Ghostly,Meta,1090,1282,116.25,0,0.0,0.0,1.8,90.68,0.0,30,2.3401,0,0,0,1,ไม่มียอดขาย,False,
Apr26,มิ้น,2026-04-01,[29.03.26][มิ้น] เล่มลายเซ็นนักเขียนหมึกซึม (Ghostly) (Remains),IMG,Ghostly,Meta,1601,2409,165.4,0,0.0,0.0,1.8,68.66,0.0,35,1.4529,0,0,0,1,ไม่มียอดขาย,False,
Apr26,มิ้น,2026-04-01,[03.03.26][มิ้น] ไม่เคยร้องไห้กับหนังสือจนมาเจอ 2 เล่มนี้ (Ghostly) (Remains),IMG,Ghostly,Meta,2051,2215,122.15,0,0.0,0.0,1.8,55.15,0.0,44,1.9865,2,0,0,1,ไม่มียอดขาย,False,
Apr26,Unknown,2026-04-01,[01.04.26][_yamnarak] Review Influ (Ghostly),IMG,Ghostly,Meta,39,44,4.31,0,0.0,0.0,1.8,97.95,0.0,0,0.0,0,0,0,1,ไม่มียอดขาย,False,
Apr26,Unknown,2026-04-01,[01.04.26][tiltilsun] Review Influ (Ghostly),IMG,Ghostly,Meta,1297,1489,94.2,0,0.0,0.0,1.8,63.26,0.0,24,1.6118,0,0,0,1,ไม่มียอดขาย,False,
Apr26,Unknown,2026-04-01,[01.04.26][b.babe.ee.eee] Review Influ (Ghostly),IMG,Ghostly,Meta,369,418,35.78,0,0.0,0.0,1.8,85.6,0.0,9,2.1531,0,0,0,1,ไม่มียอดขาย,False,
Apr26,หมิว,2026-04-02,[19.03.26][หมิว] อย่ารอให้วันหนึ่งต้องพูดว่า (Ghostly),IMG,Ghostly,Meta,0,0,0.0,0,0.0,0.0,1.8,0.0,0.0,0,0.0,0,0,0,1,ไม่มียอดขาย,False,
Apr26,หมิว,2026-04-02,[21.03.26][หมิว] หนังสือที่จะทำให้คุณเลิกเป็น (Ghostly),IMG,Ghostly,Meta,3634,3978,278.48,0,0.0,0.0,1.8,70.01,0.0,104,2.6144,2,0,0,1,ไม่มียอดขาย,False,
Apr26,มิ้น,2026-04-02,[03.03.26][มิ้น] ไม่เคยร้องไห้กับหนังสือจนมาเจอ 2 เล่มนี้ (Ghostly) (Remains),IMG,Ghostly,Meta,2410,2497,203.83,0,0.0,0.0,1.8,81.63,0.0,47,1.8823,0,0,0,1,ไม่มียอดขาย,False,
Apr26,หมิว,2026-04-02,[19.03.26][หมิว] อย่ารอให้วันหนึ่งต้องพูดว่า (Ghostly),IMG,Ghostly,Meta,1169,1382,169.09,0,0.0,0.0,1.8,122.35,0.0,116,8.3936,1,0,0,1,ไม่มียอดขาย,False,
Apr26,มิ้น,2026-04-02,[29.03.26][มิ้น] เล่มลายเซ็นนักเขียนหมึกซึม (Ghostly) (Remains),IMG,Ghostly,Meta,1279,1665,130.21,0,0.0,0.0,1.8,78.2,0.0,26,1.5616,0,0,0,1,ไม่มียอดขาย,False,
Apr26,มิ้น,2026-04-02,[03.03.26][มิ้น] ไม่เคยร้องไห้กับหนังสือจนมาเจอ 2 เล่มนี้ (Ghostly) (Remains),IMG,Ghostly,Meta,5277,6073,346.18,0,0.0,0.0,1.8,57.0,0.0,136,2.2394,5,0,0,1,ไม่มียอดขาย,False,
Apr26,Unknown,2026-04-02,[01.04.26][_yamnarak] Review Influ (Ghostly),IMG,Ghostly,Meta,56,62,9.83,0,0.0,0.0,1.8,158.55,0.0,3,4.8387,0,0,0,1,ไม่มียอดขาย,False,
Apr26,Unknown,2026-04-02,[01.04.26][tiltilsun] Review Influ (Ghostly),IMG,Ghostly,Meta,1138,1248,91.59,0,0.0,0.0,1.8,73.39,0.0,19,1.5224,0,0,0,1,ไม่มียอดขาย,False,
Apr26,Unknown,2026-04-02,[01.04.26][b.babe.ee.eee] Review Influ (Ghostly),IMG,Ghostly,Meta,500,525,40.04,0,0.0,0.0,1.8,76.27,0.0,10,1.9048,0,0,0,1,ไม่มียอดขาย,False,
Apr26,มิ้น,2026-04-02,[03.03.26][มิ้น] ไม่เคยร้องไห้กับหนังสือจนมาเจอ 2 เล่มนี้ (Ghostly) (Remains),IMG,Ghostly,Meta,1686,1988,127.6,0,0.0,0.0,1.8,64.19,0.0,44,2.2133,1,0,0,1,ไม่มียอดขาย,False,
Apr26,มิ้น,2026-04-02,[02.04.26][มิ้น] คนใจดีมักถูกเอาเปรียบ (Ghostly),IMG,Ghostly,Meta,1691,2267,151.6,0,0.0,0.0,1.8,66.87,0.0,144,6.352,0,0,0,1,ไม่มียอดขาย,False,
Apr26,ริว,2026-04-02,[31.03.26][ริว] อย่าปล่อยให้พ่อแม่รอ กลับไปเยี่ยมในวันที่ยังมีโอกาส (Ghostly),IMG,Ghostly,Meta,1510,1804,126.93,0,0.0,0.0,1.8,70.36,0.0,23,1.2749,1,0,0,1,ไม่มียอดขาย,False,
Apr26,หมิว,2026-04-03,[19.03.26][หมิว] อย่ารอให้วันหนึ่งต้องพูดว่า (Ghostly),IMG,Ghostly,Meta,0,0,0.0,0,0.0,0.0,1.8,0.0,0.0,0,0.0,0,0,0,1,ไม่มียอดขาย,False,
Apr26,หมิว,2026-04-03,[21.03.26][หมิว] หนังสือที่จะทำให้คุณเลิกเป็น (Ghostly),IMG,Ghostly,Meta,0,0,0.0,0,0.0,0.0,1.8,0.0,0.0,0,0.0,0,0,0,1,ไม่มียอดขาย,False,
Apr26,มิ้น,2026-04-03,[03.03.26][มิ้น] ไม่เคยร้องไห้กับหนังสือจนมาเจอ 2 เล่มนี้ (Ghostly) (Remains),IMG,Ghostly,Meta,2152,2282,227.16,2,1011.0,4.4506,1.8,99.54,113.58,50,2.1911,3,0,0,1,ผ่าน,False,
Apr26,มิ้น,2026-04-03,[29.03.26][มิ้น] เล่มลายเซ็นนักเขียนหมึกซึม (Ghostly) (Remains),IMG,Ghostly,Meta,0,0,0.0,0,0.0,0.0,1.8,0.0,0.0,0,0.0,0,0,0,1,ไม่มียอดขาย,False,
Apr26,มิ้น,2026-04-03,[03.03.26][มิ้น] ไม่เคยร้องไห้กับหนังสือจนมาเจอ 2 เล่มนี้ (Ghostly) (Remains),IMG,Ghostly,Meta,583,606,33.23,0,0.0,0.0,1.8,54.83,0.0,17,2.8053,2,0,0,1,ไม่มียอดขาย,False,
Apr26,Unknown,2026-04-03,[01.04.26][_yamnarak] Review Influ (Ghostly),IMG,Ghostly,Meta,250,303,27.38,0,0.0,0.0,1.8,90.36,0.0,3,0.9901,0,0,0,1,ไม่มียอดขาย,False,
Apr26,Unknown,2026-04-03,[01.04.26][tiltilsun] Review Influ (Ghostly),IMG,Ghostly,Meta,837,896,61.32,0,0.0,0.0,1.8,68.44,0.0,11,1.2277,0,0,0,1,ไม่มียอดขาย,False,
Apr26,Unknown,2026-04-03,[01.04.26][b.babe.ee.eee] Review Influ (Ghostly),IMG,Ghostly,Meta,1203,1362,103.35,0,0.0,0.0,1.8,75.88,0.0,30,2.2026,0,0,0,1,ไม่มียอดขาย,False,
Apr26,มิ้น,2026-04-03,[03.03.26][มิ้น] ไม่เคยร้องไห้กับหนังสือจนมาเจอ 2 เล่มนี้ (Ghostly) (Remains),IMG,Ghostly,Meta,2212,2467,170.59,0,0.0,0.0,1.8,69.15,0.0,87,3.5265,5,0,0,1,ไม่มียอดขาย,False,
Apr26,มิ้น,2026-04-03,[02.04.26][มิ้น] คนใจดีมักถูกเอาเปรียบ (Ghostly),IMG,Ghostly,Meta,1476,1600,121.02,0,0.0,0.0,1.8,75.64,0.0,108,6.75,0,0,0,1,ไม่มียอดขาย,False,
Apr26,ริว,2026-04-03,[31.03.26][ริว] อย่าปล่อยให้พ่อแม่รอ กลับไปเยี่ยมในวันที่ยังมีโอกาส (Ghostly),IMG,Ghostly,Meta,1885,2228,162.28,0,0.0,0.0,1.8,72.84,0.0,45,2.0197,0,0,0,1,ไม่มียอดขาย,False,
Apr26,มิ้น,2026-04-04,[03.03.26][มิ้น] ไม่เคยร้องไห้กับหนังสือจนมาเจอ 2 เล่มนี้ (Ghostly) (Remains),IMG,Ghostly,Meta,2025,2194,254.39,0,0.0,0.0,1.8,115.95,0.0,74,3.3728,1,0,0,1,ไม่มียอดขาย,False,
Apr26,หมิว,2026-04-04,[19.03.26][หมิว] อย่ารอให้วันหนึ่งต้องพูดว่า (Ghostly),IMG,Ghostly,Meta,0,0,0.0,0,0.0,0.0,1.8,0.0,0.0,0,0.0,0,0,0,1,ไม่มียอดขาย,False,
Apr26,Unknown,2026-04-04,[01.04.26][_yamnarak] Review Influ (Ghostly),IMG,Ghostly,Meta,39,44,2.98,0,0.0,0.0,1.8,67.73,0.0,0,0.0,0,0,0,1,ไม่มียอดขาย,False,
Apr26,Unknown,2026-04-04,[01.04.26][b.babe.ee.eee] Review Influ (Ghostly),IMG,Ghostly,Meta,2246,2553,241.2,1,629.0,2.6078,1.8,94.48,241.2,64,2.5069,2,0,0,1,ผ่าน,False,
Apr26,มิ้น,2026-04-04,[03.03.26][มิ้น] ไม่เคยร้องไห้กับหนังสือจนมาเจอ 2 เล่มนี้ (Ghostly) (Remains),IMG,Ghostly,Meta,2313,2509,219.66,3,1677.0,7.6345,1.8,87.55,73.22,79,3.1487,4,0,0,1,ผ่าน,False,
Apr26,มิ้น,2026-04-04,[02.04.26][มิ้น] คนใจดีมักถูกเอาเปรียบ (Ghostly),IMG,Ghostly,Meta,2660,3020,212.41,0,0.0,0.0,1.8,70.33,0.0,206,6.8212,2,0,0,1,ไม่มียอดขาย,False,
Apr26,ริว,2026-04-04,[31.03.26][ริว] อย่าปล่อยให้พ่อแม่รอ กลับไปเยี่ยมในวันที่ยังมีโอกาส (Ghostly),IMG,Ghostly,Meta,2487,2685,239.97,0,0.0,0.0,1.8,89.37,0.0,60,2.2346,1,0,0,1,ไม่มียอดขาย,False,
Apr26,ริว,2026-04-05,[23.03.26][ริว] ถ้าคืนนี้เป็นคืนสุดท้าย (AI) (Ghostly),IMG,Ghostly,Meta,0,0,0.0,0,0.0,0.0,1.8,0.0,0.0,0,0.0,0,0,0,1,ไม่มียอดขาย,False,
Apr26,มิ้น,2026-04-05,[03.03.26][มิ้น] ไม่เคยร้องไห้กับหนังสือจนมาเจอ 2 เล่มนี้ (Ghostly) (Remains),IMG,Ghostly,Meta,1470,1590,176.97,0,0.0,0.0,1.8,111.3,0.0,54,3.3962,1,0,0,1,ไม่มียอดขาย,False,
Apr26,Unknown,2026-04-05,[01.04.26][_yamnarak] Review Influ (Ghostly),IMG,Ghostly,Meta,30,32,3.94,0,0.0,0.0,1.8,123.12,0.0,2,6.25,0,0,0,1,ไม่มียอดขาย,False,
Apr26,Unknown,2026-04-05,[01.04.26][b.babe.ee.eee] Review Influ (Ghostly),IMG,Ghostly,Meta,849,906,116.34,0,0.0,0.0,1.8,128.41,0.0,20,2.2075,1,0,0,1,ไม่มียอดขาย,False,
Apr26,มิ้น,2026-04-05,[03.03.26][มิ้น] ไม่เคยร้องไห้กับหนังสือจนมาเจอ 2 เล่มนี้ (Ghostly) (Remains),IMG,Ghostly,Meta,2069,2364,202.16,0,0.0,0.0,1.8,85.52,0.0,73,3.088,0,0,0,1,ไม่มียอดขาย,False,
Apr26,มิ้น,2026-04-05,[02.04.26][มิ้น] คนใจดีมักถูกเอาเปรียบ (Ghostly),IMG,Ghostly,Meta,0,0,0.0,1,639.0,0.0,1.8,0.0,0.0,0,0.0,0,0,0,1,ไม่ผ่าน,False,
Apr26,มิ้น,2026-04-06,[03.03.26][มิ้น] ไม่เคยร้องไห้กับหนังสือจนมาเจอ 2 เล่มนี้ (Ghostly) (Remains),IMG,Ghostly,Meta,1932,2131,212.42,0,0.0,0.0,1.8,99.68,0.0,69,3.2379,0,0,0,1,ไม่มียอดขาย,False,
Apr26,หมิว,2026-04-06,[19.03.26][หมิว] อย่ารอให้วันหนึ่งต้องพูดว่า (Ghostly),IMG,Ghostly,Meta,0,0,0.0,0,0.0,0.0,1.8,0.0,0.0,0,0.0,0,0,0,1,ไม่มียอดขาย,False,
Apr26,มิ้น,2026-04-06,[03.03.26][มิ้น] ไม่เคยร้องไห้กับหนังสือจนมาเจอ 2 เล่มนี้ (Ghostly) (Remains),IMG,Ghostly,Meta,0,0,0.0,0,0.0,0.0,1.8,0.0,0.0,0,0.0,1,0,0,1,ไม่มียอดขาย,False,
Apr26,Unknown,2026-04-06,[01.04.26][_yamnarak] Review Influ (Ghostly),IMG,Ghostly,Meta,1242,1674,157.68,1,329.0,2.0865,1.8,94.19,157.68,34,2.0311,2,0,0,1,ผ่าน,False,
Apr26,มิ้น,2026-04-06,[03.03.26][มิ้น] ไม่เคยร้องไห้กับหนังสือจนมาเจอ 2 เล่มนี้ (Ghostly) (Remains),IMG,Ghostly,Meta,1677,1951,146.14,0,0.0,0.0,1.8,74.91,0.0,55,2.8191,5,0,0,1,ไม่มียอดขาย,False,
Apr26,มิ้น,2026-04-07,[03.03.26][มิ้น] ไม่เคยร้องไห้กับหนังสือจนมาเจอ 2 เล่มนี้ (Ghostly) (Remains),IMG,Ghostly,Meta,653,693,70.28,0,0.0,0.0,1.8,101.41,0.0,21,3.0303,1,0,0,1,ไม่มียอดขาย,False,
Apr26,Unknown,2026-04-07,[01.04.26][_yamnarak] Review Influ (Ghostly),IMG,Ghostly,Meta,3473,4571,350.57,0,0.0,0.0,1.8,76.69,0.0,82,1.7939,0,0,0,1,ไม่มียอดขาย,False,
Apr26,มิ้น,2026-04-07,[03.03.26][มิ้น] ไม่เคยร้องไห้กับหนังสือจนมาเจอ 2 เล่มนี้ (Ghostly) (Remains),IMG,Ghostly,Meta,4963,5667,316.62,0,0.0,0.0,1.8,55.87,0.0,124,2.1881,1,0,0,1,ไม่มียอดขาย,False,
Apr26,มิ้น,2026-04-08,[03.03.26][มิ้น] ไม่เคยร้องไห้กับหนังสือจนมาเจอ 2 เล่มนี้ (Ghostly) (Remains),IMG,Ghostly,Meta,0,0,0.0,0,0.0,0.0,1.8,0.0,0.0,0,0.0,0,0,0,1,ไม่มียอดขาย,False,
Apr26,Unknown,2026-04-08,[01.04.26][_yamnarak] Review Influ (Ghostly),IMG,Ghostly,Meta,1211,1440,141.3,0,0.0,0.0,1.8,98.12,0.0,29,2.0139,0,0,0,1,ไม่มียอดขาย,False,
Apr26,Unknown,2026-04-08,[01.04.26][tiltilsun] Review Influ (Ghostly),IMG,Ghostly,Meta,245,247,10.59,0,0.0,0.0,1.8,42.87,0.0,1,0.4049,0,0,0,1,ไม่มียอดขาย,False,
Apr26,มิ้น,2026-04-08,[03.03.26][มิ้น] ไม่เคยร้องไห้กับหนังสือจนมาเจอ 2 เล่มนี้ (Ghostly) (Remains),IMG,Ghostly,Meta,2367,2534,147.53,0,0.0,0.0,1.8,58.22,0.0,52,2.0521,0,0,0,1,ไม่มียอดขาย,False,
Apr26,ริว,2026-04-08,[31.03.26][ริว] อย่าปล่อยให้พ่อแม่รอ กลับไปเยี่ยมในวันที่ยังมีโอกาส (Ghostly),IMG,Ghostly,Meta,363,393,32.54,0,0.0,0.0,1.8,82.8,0.0,11,2.799,0,0,0,1,ไม่มียอดขาย,False,
Apr26,มิ้น,2026-04-08,[05.04.26][มิ้น] ก่อนที่คนเราจะตาย (Ghostly),IMG,Ghostly,Meta,366,370,23.02,0,0.0,0.0,1.8,62.22,0.0,15,4.0541,0,0,0,1,ไม่มียอดขาย,False,
Apr26,ริว,2026-04-08,[05.04.26][ริว] แด่มนุษย์ที่โดดเดี่ยว AI (Ghostly),IMG,Ghostly,Meta,164,171,19.99,0,0.0,0.0,1.8,116.9,0.0,9,5.2632,0,0,0,1,ไม่มียอดขาย,False,
Apr26,มิ้น,2026-04-08,[02.04.26][มิ้น] คนใจดีมักถูกเอาเปรียบ (Ghostly),IMG,Ghostly,Meta,164,180,12.79,0,0.0,0.0,1.8,71.06,0.0,11,6.1111,0,0,0,1,ไม่มียอดขาย,False,
Apr26,ริว,2026-04-08,[05.04.26][ริว] Chronic Loneliness ภาวะเหงาเรื้อรังที่รู้สึกโดดเดี่ยวอ้างว้างตลอดเวลา AI (Ghostly),IMG,Ghostly,Meta,7333,8646,406.58,1,959.0,2.3587,1.8,47.03,406.58,458,5.2972,2,0,0,1,ผ่าน,False,
Apr26,หมิว,2026-04-09,[19.03.26][หมิว] อย่ารอให้วันหนึ่งต้องพูดว่า (Ghostly),IMG,Ghostly,Meta,0,0,0.0,0,0.0,0.0,1.8,0.0,0.0,0,0.0,0,0,0,1,ไม่มียอดขาย,False,
Apr26,Unknown,2026-04-09,[01.04.26][tiltilsun] Review Influ (Ghostly),IMG,Ghostly,Meta,1891,2078,142.13,0,0.0,0.0,1.8,68.4,0.0,23,1.1068,0,0,0,1,ไม่มียอดขาย,False,
Apr26,มิ้น,2026-04-09,[03.03.26][มิ้น] ไม่เคยร้องไห้กับหนังสือจนมาเจอ 2 เล่มนี้ (Ghostly) (Remains),IMG,Ghostly,Meta,2686,2932,161.83,0,0.0,0.0,1.8,55.19,0.0,62,2.1146,4,0,0,1,ไม่มียอดขาย,False,
Apr26,ริว,2026-04-09,[31.03.26][ริว] อย่าปล่อยให้พ่อแม่รอ กลับไปเยี่ยมในวันที่ยังมีโอกาส (Ghostly),IMG,Ghostly,Meta,4,4,0.17,0,0.0,0.0,1.8,42.5,0.0,0,0.0,0,0,0,1,ไม่มียอดขาย,False,
Apr26,มิ้น,2026-04-09,[05.04.26][มิ้น] ก่อนที่คนเราจะตาย (Ghostly),IMG,Ghostly,Meta,469,487,32.03,0,0.0,0.0,1.8,65.77,0.0,30,6.1602,0,0,0,1,ไม่มียอดขาย,False,
Apr26,ริว,2026-04-09,[05.04.26][ริว] แด่มนุษย์ที่โดดเดี่ยว AI (Ghostly),IMG,Ghostly,Meta,2,2,0.1,0,0.0,0.0,1.8,50.0,0.0,0,0.0,0,0,0,1,ไม่มียอดขาย,False,
Apr26,มิ้น,2026-04-09,[02.04.26][มิ้น] คนใจดีมักถูกเอาเปรียบ (Ghostly),IMG,Ghostly,Meta,108,114,5.46,0,0.0,0.0,1.8,47.89,0.0,4,3.5088,0,0,0,1,ไม่มียอดขาย,False,
Apr26,ริว,2026-04-09,[05.04.26][ริว] Chronic Loneliness ภาวะเหงาเรื้อรังที่รู้สึกโดดเดี่ยวอ้างว้างตลอดเวลา AI (Ghostly),IMG,Ghostly,Meta,4055,4376,201.74,0,0.0,0.0,1.8,46.1,0.0,252,5.7587,1,0,0,1,ไม่มียอดขาย,False,
Apr26,หมิว,2026-04-09,[08.04.26][หมิว] แพ็กคู่ลายเซ็น 30 เซ็ตสุดท้าย (Ghostly) (Remains),IMG,Ghostly,Meta,310,407,34.24,1,659.0,19.2465,1.8,84.13,34.24,4,0.9828,1,0,0,1,ผ่าน,False,
Apr26,หมิว,2026-04-09,[08.04.26][หมิว] แพ็กคู่ลายเซ็น 30 เซ็ตสุดท้าย (Ghostly) (Remains),IMG,Ghostly,Meta,249,309,18.53,0,0.0,0.0,1.8,59.97,0.0,4,1.2945,0,0,0,1,ไม่มียอดขาย,False,
Apr26,มิ้น,2026-04-09,[03.03.26][มิ้น] ไม่เคยร้องไห้กับหนังสือจนมาเจอ 2 เล่มนี้ (Ghostly) (Remains),IMG,Ghostly,Meta,1881,2060,120.23,0,0.0,0.0,1.8,58.36,0.0,61,2.9612,1,0,0,1,ไม่มียอดขาย,False,
Apr26,Unknown,2026-04-09,[01.04.26][b.babe.ee.eee] Review Influ (Ghostly),IMG,Ghostly,Meta,209,234,29.27,0,0.0,0.0,1.8,125.09,0.0,5,2.1368,0,0,0,1,ไม่มียอดขาย,False,
Apr26,Unknown,2026-04-09,[01.04.26][tiltilsun] Review Influ (Ghostly),IMG,Ghostly,Meta,1058,1194,107.76,0,0.0,0.0,1.8,90.25,0.0,33,2.7638,1,0,0,1,ไม่มียอดขาย,False,
Apr26,Unknown,2026-04-09,[01.04.26][_yamnarak] Review Influ (Ghostly),IMG,Ghostly,Meta,99,111,11.35,0,0.0,0.0,1.8,102.25,0.0,4,3.6036,0,0,0,1,ไม่มียอดขาย,False,
Apr26,มิ้น,2026-04-10,[03.03.26][มิ้น] ไม่เคยร้องไห้กับหนังสือจนมาเจอ 2 เล่มนี้ (Ghostly) (Remains),IMG,Ghostly,Meta,2556,2771,156.67,0,0.0,0.0,1.8,56.54,0.0,45,1.624,0,0,0,1,ไม่มียอดขาย,False,
Apr26,ริว,2026-04-10,[31.03.26][ริว] อย่าปล่อยให้พ่อแม่รอ กลับไปเยี่ยมในวันที่ยังมีโอกาส (Ghostly),IMG,Ghostly,Meta,121,127,8.1,0,0.0,0.0,1.8,63.78,0.0,1,0.7874,0,0,0,1,ไม่มียอดขาย,False,
Apr26,มิ้น,2026-04-10,[05.04.26][มิ้น] ก่อนที่คนเราจะตาย (Ghostly),IMG,Ghostly,Meta,678,769,54.6,0,0.0,0.0,1.8,71.0,0.0,31,4.0312,0,0,0,1,ไม่มียอดขาย,False,
Apr26,มิ้น,2026-04-10,[02.04.26][มิ้น] คนใจดีมักถูกเอาเปรียบ (Ghostly),IMG,Ghostly,Meta,338,377,27.54,0,0.0,0.0,1.8,73.05,0.0,28,7.4271,1,0,0,1,ไม่มียอดขาย,False,
Apr26,ริว,2026-04-10,[05.04.26][ริว] Chronic Loneliness ภาวะเหงาเรื้อรังที่รู้สึกโดดเดี่ยวอ้างว้างตลอดเวลา AI (Ghostly),IMG,Ghostly,Meta,3994,4582,272.88,0,0.0,0.0,1.8,59.55,0.0,250,5.4561,4,0,0,1,ไม่มียอดขาย,False,
Apr26,หมิว,2026-04-10,[08.04.26][หมิว] แพ็กคู่ลายเซ็น 30 เซ็ตสุดท้าย (Ghostly) (Remains),IMG,Ghostly,Meta,2,2,0.04,0,0.0,0.0,1.8,20.0,0.0,0,0.0,0,0,0,1,ไม่มียอดขาย,False,
Apr26,หมิว,2026-04-10,[08.04.26][หมิว] แพ็กคู่ลายเซ็น 30 เซ็ตสุดท้าย (Ghostly) (Remains),IMG,Ghostly,Meta,3,3,0.12,0,0.0,0.0,1.8,40.0,0.0,0,0.0,0,0,0,1,ไม่มียอดขาย,False,
Apr26,มิ้น,2026-04-10,[03.03.26][มิ้น] ไม่เคยร้องไห้กับหนังสือจนมาเจอ 2 เล่มนี้ (Ghostly) (Remains),IMG,Ghostly,Meta,2601,2815,182.32,0,0.0,0.0,1.8,64.77,0.0,72,2.5577,1,0,0,1,ไม่มียอดขาย,False,
Apr26,ริว,2026-04-10,[10.04.26][ริว] เสียดายคนตายไม่ได้อ่านเล่มนี้ (Ghostly),IMG,Ghostly,Meta,689,775,62.12,0,0.0,0.0,1.8,80.15,0.0,10,1.2903,0,0,0,1,ไม่มียอดขาย,False,
Apr26,หมิว,2026-04-10,[10.04.26][หมิว] Quote นี้ดี ระวังมีน้ำตา (Ghostly),IMG,Ghostly,Meta,1328,1626,109.12,0,0.0,0.0,1.8,67.11,0.0,59,3.6285,0,0,0,1,ไม่มียอดขาย,False,
Apr26,มิ้น,2026-04-10,[10.04.26][มิ้น] ยิ่งใกล้ ยิ่งห่าง (Ghostly),IMG,Ghostly,Meta,350,382,23.0,0,0.0,0.0,1.8,60.21,0.0,12,3.1414,0,0,0,1,ไม่มียอดขาย,False,
Apr26,Unknown,2026-04-10,[01.04.26][b.babe.ee.eee] Review Influ (Ghostly),IMG,Ghostly,Meta,319,376,37.59,0,0.0,0.0,1.8,99.97,0.0,6,1.5957,0,0,0,1,ไม่มียอดขาย,False,
Apr26,Unknown,2026-04-10,[01.04.26][tiltilsun] Review Influ (Ghostly),IMG,Ghostly,Meta,1593,2028,142.75,0,0.0,0.0,1.8,70.39,0.0,28,1.3807,0,0,0,1,ไม่มียอดขาย,False,
Apr26,Unknown,2026-04-10,[01.04.26][_yamnarak] Review Influ (Ghostly),IMG,Ghostly,Meta,341,428,34.83,0,0.0,0.0,1.8,81.38,0.0,9,2.1028,0,0,0,1,ไม่มียอดขาย,False,
Apr26,มิ้น,2026-04-11,[03.03.26][มิ้น] ไม่เคยร้องไห้กับหนังสือจนมาเจอ 2 เล่มนี้ (Ghostly) (Remains),IMG,Ghostly,Meta,2182,2329,129.24,0,0.0,0.0,1.8,55.49,0.0,61,2.6191,0,0,0,1,ไม่มียอดขาย,False,
Apr26,มิ้น,2026-04-11,[05.04.26][มิ้น] ก่อนที่คนเราจะตาย (Ghostly),IMG,Ghostly,Meta,4550,5511,268.88,0,0.0,0.0,1.8,48.79,0.0,253,4.5908,1,0,0,1,ไม่มียอดขาย,False,
Apr26,ริว,2026-04-11,[05.04.26][ริว] แด่มนุษย์ที่โดดเดี่ยว AI (Ghostly),IMG,Ghostly,Meta,1294,1494,98.58,1,659.0,6.6849,1.8,65.98,98.58,61,4.083,1,0,0,1,ผ่าน,False,
Apr26,มิ้น,2026-04-11,[02.04.26][มิ้น] คนใจดีมักถูกเอาเปรียบ (Ghostly),IMG,Ghostly,Meta,719,884,37.66,1,859.0,22.8093,1.8,42.6,37.66,40,4.5249,0,0,0,1,ผ่าน,False,
Apr26,ริว,2026-04-11,[05.04.26][ริว] Chronic Loneliness ภาวะเหงาเรื้อรังที่รู้สึกโดดเดี่ยวอ้างว้างตลอดเวลา AI (Ghostly),IMG,Ghostly,Meta,1096,1184,82.61,0,0.0,0.0,1.8,69.77,0.0,63,5.3209,0,0,0,1,ไม่มียอดขาย,False,
Apr26,มิ้น,2026-04-11,[03.03.26][มิ้น] ไม่เคยร้องไห้กับหนังสือจนมาเจอ 2 เล่มนี้ (Ghostly) (Remains),IMG,Ghostly,Meta,1735,1827,175.45,0,0.0,0.0,1.8,96.03,0.0,53,2.9009,1,0,0,1,ไม่มียอดขาย,False,
Apr26,ริว,2026-04-11,[10.04.26][ริว] เสียดายคนตายไม่ได้อ่านเล่มนี้ (Ghostly),IMG,Ghostly,Meta,697,746,55.81,1,409.0,7.3284,1.8,74.81,55.81,14,1.8767,1,0,0,1,ผ่าน,False,
Apr26,มิ้น,2026-04-11,[10.04.26][มิ้น] ยิ่งใกล้ ยิ่งห่าง (Ghostly),IMG,Ghostly,Meta,738,842,59.68,0,0.0,0.0,1.8,70.88,0.0,33,3.9192,0,0,0,1,ไม่มียอดขาย,False,
Apr26,Unknown,2026-04-11,[01.04.26][b.babe.ee.eee] Review Influ (Ghostly),IMG,Ghostly,Meta,199,216,31.91,0,0.0,0.0,1.8,147.73,0.0,4,1.8519,0,0,0,1,ไม่มียอดขาย,False,
Apr26,Unknown,2026-04-11,[01.04.26][tiltilsun] Review Influ (Ghostly),IMG,Ghostly,Meta,682,777,78.97,0,0.0,0.0,1.8,101.63,0.0,19,2.4453,0,0,0,1,ไม่มียอดขาย,False,
Apr26,Unknown,2026-04-11,[01.04.26][_yamnarak] Review Influ (Ghostly),IMG,Ghostly,Meta,201,221,26.44,0,0.0,0.0,1.8,119.64,0.0,1,0.4525,0,0,0,1,ไม่มียอดขาย,False,
Apr26,Unknown,2026-04-12,[01.04.26][_yamnarak] Review Influ (Ghostly),IMG,Ghostly,Meta,0,0,0.0,0,0.0,0.0,1.8,0.0,0.0,0,0.0,0,0,0,1,ไม่มียอดขาย,False,
Apr26,Unknown,2026-04-12,[01.04.26][tiltilsun] Review Influ (Ghostly),IMG,Ghostly,Meta,0,0,0.0,0,0.0,0.0,1.8,0.0,0.0,0,0.0,0,0,0,1,ไม่มียอดขาย,False,
Apr26,มิ้น,2026-04-12,[03.03.26][มิ้น] ไม่เคยร้องไห้กับหนังสือจนมาเจอ 2 เล่มนี้ (Ghostly) (Remains),IMG,Ghostly,Meta,0,0,0.0,1,659.0,0.0,1.8,0.0,0.0,0,0.0,2,0,0,1,ไม่ผ่าน,False,
Apr26,มิ้น,2026-04-12,[05.04.26][มิ้น] ก่อนที่คนเราจะตาย (Ghostly),IMG,Ghostly,Meta,1243,1403,55.68,0,0.0,0.0,1.8,39.69,0.0,52,3.7063,0,0,0,1,ไม่มียอดขาย,False,
Apr26,ริว,2026-04-12,[05.04.26][ริว] แด่มนุษย์ที่โดดเดี่ยว AI (Ghostly),IMG,Ghostly,Meta,5468,6523,326.37,2,1958.0,5.9993,1.8,50.03,163.19,213,3.2654,4,0,0,1,ผ่าน,False,
Apr26,มิ้น,2026-04-12,[02.04.26][มิ้น] คนใจดีมักถูกเอาเปรียบ (Ghostly),IMG,Ghostly,Meta,1711,2028,75.16,0,0.0,0.0,1.8,37.06,0.0,78,3.8462,0,0,0,1,ไม่มียอดขาย,False,
Apr26,ริว,2026-04-12,[05.04.26][ริว] Chronic Loneliness ภาวะเหงาเรื้อรังที่รู้สึกโดดเดี่ยวอ้างว้างตลอดเวลา AI (Ghostly),IMG,Ghostly,Meta,0,0,0.0,0,0.0,0.0,1.8,0.0,0.0,0,0.0,0,0,0,1,ไม่มียอดขาย,False,
Apr26,หมิว,2026-04-12,[08.04.26][หมิว] แพ็กคู่ลายเซ็น 30 เซ็ตสุดท้าย (Ghostly) (Remains),IMG,Ghostly,Meta,5686,8381,178.06,0,0.0,0.0,1.8,21.25,0.0,48,0.5727,0,0,0,1,ไม่มียอดขาย,False,
Apr26,หมิว,2026-04-12,[08.04.26][หมิว] แพ็กคู่ลายเซ็น 30 เซ็ตสุดท้าย (Ghostly) (Remains),IMG,Ghostly,Meta,4110,5908,185.43,0,0.0,0.0,1.8,31.39,0.0,34,0.5755,0,0,0,1,ไม่มียอดขาย,False,
Apr26,ริว,2026-04-12,[10.04.26][ริว] เสียดายคนตายไม่ได้อ่านเล่มนี้ (Ghostly),IMG,Ghostly,Meta,1288,1395,91.6,0,0.0,0.0,1.8,65.66,0.0,18,1.2903,0,0,0,1,ไม่มียอดขาย,False,
Apr26,มิ้น,2026-04-12,[10.04.26][มิ้น] ยิ่งใกล้ ยิ่งห่าง (Ghostly),IMG,Ghostly,Meta,841,963,54.9,0,0.0,0.0,1.8,57.01,0.0,23,2.3884,0,0,0,1,ไม่มียอดขาย,False,
Apr26,Unknown,2026-04-12,[01.04.26][b.babe.ee.eee] Review Influ (Ghostly),IMG,Ghostly,Meta,726,841,111.53,1,359.0,3.2189,1.8,132.62,111.53,15,1.7836,1,0,0,1,ผ่าน,False,
Apr26,Unknown,2026-04-12,[01.04.26][_yamnarak] Review Influ (Ghostly),IMG,Ghostly,Meta,184,199,17.56,0,0.0,0.0,1.8,88.24,0.0,3,1.5075,0,0,0,1,ไม่มียอดขาย,False,
Apr26,ริว,2026-04-13,[31.03.26][ริว] อย่าปล่อยให้พ่อแม่รอ กลับไปเยี่ยมในวันที่ยังมีโอกาส (Ghostly),IMG,Ghostly,Meta,26,26,2.19,0,0.0,0.0,1.8,84.23,0.0,1,3.8462,0,0,0,1,ไม่มียอดขาย,False,
Apr26,มิ้น,2026-04-13,[05.04.26][มิ้น] ก่อนที่คนเราจะตาย (Ghostly),IMG,Ghostly,Meta,584,638,30.19,0,0.0,0.0,1.8,47.32,0.0,35,5.4859,0,0,0,1,ไม่มียอดขาย,False,
Apr26,ริว,2026-04-13,[05.04.26][ริว] แด่มนุษย์ที่โดดเดี่ยว AI (Ghostly),IMG,Ghostly,Meta,4800,5231,297.36,1,659.0,2.2162,1.8,56.85,297.36,268,5.1233,3,0,0,1,ผ่าน,False,
Apr26,มิ้น,2026-04-13,[02.04.26][มิ้น] คนใจดีมักถูกเอาเปรียบ (Ghostly),IMG,Ghostly,Meta,683,762,39.05,0,0.0,0.0,1.8,51.25,0.0,41,5.3806,1,0,0,1,ไม่มียอดขาย,False,
Apr26,หมิว,2026-04-13,[08.04.26][หมิว] แพ็กคู่ลายเซ็น 30 เซ็ตสุดท้าย (Ghostly) (Remains),IMG,Ghostly,Meta,3372,4952,187.38,0,0.0,0.0,1.8,37.84,0.0,34,0.6866,2,0,0,1,ไม่มียอดขาย,False,
Apr26,หมิว,2026-04-13,[08.04.26][หมิว] แพ็กคู่ลายเซ็น 30 เซ็ตสุดท้าย (Ghostly) (Remains),IMG,Ghostly,Meta,0,0,0.0,0,0.0,0.0,1.8,0.0,0.0,0,0.0,0,0,0,1,ไม่มียอดขาย,False,
Apr26,ริว,2026-04-13,[10.04.26][ริว] เสียดายคนตายไม่ได้อ่านเล่มนี้ (Ghostly),IMG,Ghostly,Meta,3052,3388,180.61,0,0.0,0.0,1.8,53.31,0.0,58,1.7119,1,0,0,1,ไม่มียอดขาย,False,
Apr26,หมิว,2026-04-13,[10.04.26][หมิว] Quote นี้ดี ระวังมีน้ำตา (Ghostly),IMG,Ghostly,Meta,61,71,4.54,0,0.0,0.0,1.8,63.94,0.0,5,7.0423,0,0,0,1,ไม่มียอดขาย,False,
Apr26,มิ้น,2026-04-13,[10.04.26][มิ้น] ยิ่งใกล้ ยิ่งห่าง (Ghostly),IMG,Ghostly,Meta,1753,2025,137.93,0,0.0,0.0,1.8,68.11,0.0,87,4.2963,2,0,0,1,ไม่มียอดขาย,False,
Apr26,Unknown,2026-04-13,[01.04.26][b.babe.ee.eee] Review Influ (Ghostly),IMG,Ghostly,Meta,822,905,134.57,0,0.0,0.0,1.8,148.7,0.0,21,2.3204,0,0,0,1,ไม่มียอดขาย,False,
Apr26,Unknown,2026-04-13,[01.04.26][_yamnarak] Review Influ (Ghostly),IMG,Ghostly,Meta,86,94,15.1,0,0.0,0.0,1.8,160.64,0.0,2,2.1277,0,0,0,1,ไม่มียอดขาย,False,
Apr26,มิ้น,2026-04-13,[13.04.26][มิ้น] อยู่อย่างโดดเดี่ยว ก็ไม่ได้แย่เสมอไป (Ghostly),IMG,Ghostly,Meta,2272,2681,169.22,0,0.0,0.0,1.8,63.12,0.0,72,2.6856,0,0,0,1,ไม่มียอดขาย,False,
Apr26,มิ้น,2026-04-14,[03.03.26][มิ้น] ไม่เคยร้องไห้กับหนังสือจนมาเจอ 2 เล่มนี้ (Ghostly) (Remains),IMG,Ghostly,Meta,0,0,0.0,0,0.0,0.0,1.8,0.0,0.0,0,0.0,0,0,0,1,ไม่มียอดขาย,False,
Apr26,มิ้น,2026-04-14,[05.04.26][มิ้น] ก่อนที่คนเราจะตาย (Ghostly),IMG,Ghostly,Meta,67,76,1.5,0,0.0,0.0,1.8,19.74,0.0,3,3.9474,0,0,0,1,ไม่มียอดขาย,False,
Apr26,ริว,2026-04-14,[05.04.26][ริว] แด่มนุษย์ที่โดดเดี่ยว AI (Ghostly),IMG,Ghostly,Meta,2442,2648,173.03,0,0.0,0.0,1.8,65.34,0.0,166,6.2689,1,0,0,1,ไม่มียอดขาย,False,
Apr26,มิ้น,2026-04-14,[02.04.26][มิ้น] คนใจดีมักถูกเอาเปรียบ (Ghostly),IMG,Ghostly,Meta,151,161,7.41,0,0.0,0.0,1.8,46.02,0.0,7,4.3478,0,0,0,1,ไม่มียอดขาย,False,
Apr26,หมิว,2026-04-14,[08.04.26][หมิว] แพ็กคู่ลายเซ็น 30 เซ็ตสุดท้าย (Ghostly) (Remains),IMG,Ghostly,Meta,2564,3397,151.98,0,0.0,0.0,1.8,44.74,0.0,23,0.6771,1,0,0,1,ไม่มียอดขาย,False,
Apr26,ริว,2026-04-14,[10.04.26][ริว] เสียดายคนตายไม่ได้อ่านเล่มนี้ (Ghostly),IMG,Ghostly,Meta,1569,1707,94.42,0,0.0,0.0,1.8,55.31,0.0,16,0.9373,0,0,0,1,ไม่มียอดขาย,False,
Apr26,หมิว,2026-04-14,[10.04.26][หมิว] Quote นี้ดี ระวังมีน้ำตา (Ghostly),IMG,Ghostly,Meta,2,2,0.03,0,0.0,0.0,1.8,15.0,0.0,0,0.0,0,0,0,1,ไม่มียอดขาย,False,
Apr26,มิ้น,2026-04-14,[10.04.26][มิ้น] ยิ่งใกล้ ยิ่งห่าง (Ghostly),IMG,Ghostly,Meta,850,951,69.73,0,0.0,0.0,1.8,73.32,0.0,40,4.2061,0,0,0,1,ไม่มียอดขาย,False,
Apr26,มิ้น,2026-04-14,[13.04.26][มิ้น] อยู่อย่างโดดเดี่ยว ก็ไม่ได้แย่เสมอไป (Ghostly),IMG,Ghostly,Meta,1543,1723,141.72,0,0.0,0.0,1.8,82.25,0.0,47,2.7278,0,0,0,1,ไม่มียอดขาย,False,
Apr26,มิ้น,2026-04-15,[03.03.26][มิ้น] ไม่เคยร้องไห้กับหนังสือจนมาเจอ 2 เล่มนี้ (Ghostly) (Remains),IMG,Ghostly,Meta,3186,3417,224.36,1,659.0,2.9372,1.8,65.66,224.36,91,2.6632,2,0,0,1,ผ่าน,False,
Apr26,ริว,2026-04-15,[31.03.26][ริว] อย่าปล่อยให้พ่อแม่รอ กลับไปเยี่ยมในวันที่ยังมีโอกาส (Ghostly),IMG,Ghostly,Meta,36,44,4.43,0,0.0,0.0,1.8,100.68,0.0,1,2.2727,0,0,0,1,ไม่มียอดขาย,False,
Apr26,มิ้น,2026-04-15,[05.04.26][มิ้น] ก่อนที่คนเราจะตาย (Ghostly),IMG,Ghostly,Meta,82,86,2.4,0,0.0,0.0,1.8,27.91,0.0,4,4.6512,0,0,0,1,ไม่มียอดขาย,False,
Apr26,ริว,2026-04-15,[05.04.26][ริว] แด่มนุษย์ที่โดดเดี่ยว AI (Ghostly),IMG,Ghostly,Meta,2395,2806,167.72,0,0.0,0.0,1.8,59.77,0.0,143,5.0962,0,0,0,1,ไม่มียอดขาย,False,
Apr26,มิ้น,2026-04-15,[02.04.26][มิ้น] คนใจดีมักถูกเอาเปรียบ (Ghostly),IMG,Ghostly,Meta,559,685,33.35,0,0.0,0.0,1.8,48.69,0.0,33,4.8175,0,0,0,1,ไม่มียอดขาย,False,
Apr26,หมิว,2026-04-15,[08.04.26][หมิว] แพ็กคู่ลายเซ็น 30 เซ็ตสุดท้าย (Ghostly) (Remains),IMG,Ghostly,Meta,2706,3946,218.41,0,0.0,0.0,1.8,55.35,0.0,27,0.6842,2,0,0,1,ไม่มียอดขาย,False,
Apr26,ริว,2026-04-15,[10.04.26][ริว] เสียดายคนตายไม่ได้อ่านเล่มนี้ (Ghostly),IMG,Ghostly,Meta,1039,1110,62.74,0,0.0,0.0,1.8,56.52,0.0,18,1.6216,0,0,0,1,ไม่มียอดขาย,False,
Apr26,มิ้น,2026-04-15,[10.04.26][มิ้น] ยิ่งใกล้ ยิ่งห่าง (Ghostly),IMG,Ghostly,Meta,1016,1157,63.08,0,0.0,0.0,1.8,54.52,0.0,45,3.8894,1,0,0,1,ไม่มียอดขาย,False,
Apr26,มิ้น,2026-04-15,[13.04.26][มิ้น] อยู่อย่างโดดเดี่ยว ก็ไม่ได้แย่เสมอไป (Ghostly),IMG,Ghostly,Meta,1626,1827,137.48,0,0.0,0.0,1.8,75.25,0.0,41,2.2441,0,0,0,1,ไม่มียอดขาย,False,
Apr26,มิ้น,2026-04-16,[03.03.26][มิ้น] ไม่เคยร้องไห้กับหนังสือจนมาเจอ 2 เล่มนี้ (Ghostly) (Remains),IMG,Ghostly,Meta,2750,3011,224.34,0,0.0,0.0,1.8,74.51,0.0,79,2.6237,0,0,0,1,ไม่มียอดขาย,False,
Apr26,มิ้น,2026-04-16,[05.04.26][มิ้น] ก่อนที่คนเราจะตาย (Ghostly),IMG,Ghostly,Meta,0,0,0.0,0,0.0,0.0,1.8,0.0,0.0,0,0.0,0,0,0,1,ไม่มียอดขาย,False,
Apr26,ริว,2026-04-16,[05.04.26][ริว] แด่มนุษย์ที่โดดเดี่ยว AI (Ghostly),IMG,Ghostly,Meta,1420,1685,134.13,0,0.0,0.0,1.8,79.6,0.0,77,4.5697,1,0,0,1,ไม่มียอดขาย,False,
Apr26,มิ้น,2026-04-16,[02.04.26][มิ้น] คนใจดีมักถูกเอาเปรียบ (Ghostly),IMG,Ghostly,Meta,335,431,38.97,0,0.0,0.0,1.8,90.42,0.0,13,3.0162,0,0,0,1,ไม่มียอดขาย,False,
Apr26,หมิว,2026-04-16,[08.04.26][หมิว] แพ็กคู่ลายเซ็น 30 เซ็ตสุดท้าย (Ghostly) (Remains),IMG,Ghostly,Meta,43,50,2.71,0,0.0,0.0,1.8,54.2,0.0,0,0.0,0,0,0,1,ไม่มียอดขาย,False,
Apr26,มิ้น,2026-04-16,[10.04.26][มิ้น] ยิ่งใกล้ ยิ่งห่าง (Ghostly),IMG,Ghostly,Meta,1567,1731,132.45,0,0.0,0.0,1.8,76.52,0.0,52,3.004,0,0,0,1,ไม่มียอดขาย,False,
Apr26,มิ้น,2026-04-16,[13.04.26][มิ้น] อยู่อย่างโดดเดี่ยว ก็ไม่ได้แย่เสมอไป (Ghostly),IMG,Ghostly,Meta,906,1119,140.21,0,0.0,0.0,1.8,125.3,0.0,39,3.4853,1,0,0,1,ไม่มียอดขาย,False,
Apr26,ริว,2026-04-16,[05.04.26][ริว] แด่มนุษย์ที่โดดเดี่ยว AI (Ghostly),IMG,Ghostly,Meta,11,11,2.0,0,0.0,0.0,1.8,181.82,0.0,1,9.0909,0,0,0,1,ไม่มียอดขาย,False,
Apr26,มิ้น,2026-04-17,[03.03.26][มิ้น] ไม่เคยร้องไห้กับหนังสือจนมาเจอ 2 เล่มนี้ (Ghostly) (Remains),IMG,Ghostly,Meta,2031,2248,132.95,0,0.0,0.0,1.8,59.14,0.0,39,1.7349,0,0,0,1,ไม่มียอดขาย,False,
Apr26,ริว,2026-04-17,[05.04.26][ริว] แด่มนุษย์ที่โดดเดี่ยว AI (Ghostly),IMG,Ghostly,Meta,1171,1293,111.21,0,0.0,0.0,1.8,86.01,0.0,48,3.7123,0,0,0,1,ไม่มียอดขาย,False,
Apr26,มิ้น,2026-04-17,[02.04.26][มิ้น] คนใจดีมักถูกเอาเปรียบ (Ghostly),IMG,Ghostly,Meta,478,543,32.82,0,0.0,0.0,1.8,60.44,0.0,29,5.3407,1,0,0,1,ไม่มียอดขาย,False,
Apr26,ริว,2026-04-17,[05.04.26][ริว] Chronic Loneliness ภาวะเหงาเรื้อรังที่รู้สึกโดดเดี่ยวอ้างว้างตลอดเวลา AI (Ghostly),IMG,Ghostly,Meta,0,0,0.0,0,0.0,0.0,1.8,0.0,0.0,0,0.0,1,0,0,1,ไม่มียอดขาย,False,
Apr26,หมิว,2026-04-17,[08.04.26][หมิว] แพ็กคู่ลายเซ็น 30 เซ็ตสุดท้าย (Ghostly) (Remains),IMG,Ghostly,Meta,36,39,1.08,0,0.0,0.0,1.8,27.69,0.0,0,0.0,0,0,0,1,ไม่มียอดขาย,False,
Apr26,หมิว,2026-04-17,[10.04.26][หมิว] Quote นี้ดี ระวังมีน้ำตา (Ghostly),IMG,Ghostly,Meta,1412,1884,147.61,0,0.0,0.0,1.8,78.35,0.0,56,2.9724,0,0,0,1,ไม่มียอดขาย,False,
Apr26,Unknown,2026-04-17,[01.04.26][b.babe.ee.eee] Review Influ (Ghostly),IMG,Ghostly,Meta,0,0,0.0,0,0.0,0.0,1.8,0.0,0.0,0,0.0,0,0,0,1,ไม่มียอดขาย,False,
Apr26,มิ้น,2026-04-17,[13.04.26][มิ้น] อยู่อย่างโดดเดี่ยว ก็ไม่ได้แย่เสมอไป (Ghostly),IMG,Ghostly,Meta,70,76,13.43,0,0.0,0.0,1.8,176.71,0.0,6,7.8947,1,0,0,1,ไม่มียอดขาย,False,
Apr26,ริว,2026-04-17,[05.04.26][ริว] แด่มนุษย์ที่โดดเดี่ยว AI (Ghostly),IMG,Ghostly,Meta,1267,1331,132.63,0,0.0,0.0,1.8,99.65,0.0,95,7.1375,0,0,0,1,ไม่มียอดขาย,False,
Apr26,มิ้น,2026-04-18,[03.03.26][มิ้น] ไม่เคยร้องไห้กับหนังสือจนมาเจอ 2 เล่มนี้ (Ghostly) (Remains),IMG,Ghostly,Meta,990,1114,102.11,0,0.0,0.0,1.8,91.66,0.0,25,2.2442,0,0,0,1,ไม่มียอดขาย,False,
Apr26,ริว,2026-04-18,[05.04.26][ริว] แด่มนุษย์ที่โดดเดี่ยว AI (Ghostly),IMG,Ghostly,Meta,764,915,96.18,0,0.0,0.0,1.8,105.11,0.0,51,5.5738,0,0,0,1,ไม่มียอดขาย,False,
Apr26,มิ้น,2026-04-18,[02.04.26][มิ้น] คนใจดีมักถูกเอาเปรียบ (Ghostly),IMG,Ghostly,Meta,134,174,10.05,0,0.0,0.0,1.8,57.76,0.0,11,6.3218,0,0,0,1,ไม่มียอดขาย,False,
Apr26,มิ้น,2026-04-18,[13.04.26][มิ้น] อยู่อย่างโดดเดี่ยว ก็ไม่ได้แย่เสมอไป (Ghostly),IMG,Ghostly,Meta,0,0,0.0,0,0.0,0.0,1.8,0.0,0.0,0,0.0,0,0,0,1,ไม่มียอดขาย,False,
Apr26,มิ้น,2026-04-18,[13.04.26][มิ้น] อยู่อย่างโดดเดี่ยว ก็ไม่ได้แย่เสมอไป (Ghostly),IMG,Ghostly,Meta,19,24,6.23,0,0.0,0.0,1.8,259.58,0.0,1,4.1667,0,0,0,1,ไม่มียอดขาย,False,
Apr26,ริว,2026-04-18,[05.04.26][ริว] แด่มนุษย์ที่โดดเดี่ยว AI (Ghostly),IMG,Ghostly,Meta,639,703,88.32,0,0.0,0.0,1.8,125.63,0.0,58,8.2504,2,0,0,1,ไม่มียอดขาย,False,
Apr26,ริว,2026-04-18,[10.04.26][ริว] เสียดายคนตายไม่ได้อ่านเล่มนี้ (Ghostly),IMG,Ghostly,Meta,11,11,0.72,0,0.0,0.0,1.8,65.45,0.0,0,0.0,0,0,0,1,ไม่มียอดขาย,False,
Apr26,หมิว,2026-04-18,[10.04.26][หมิว] Quote นี้ดี ระวังมีน้ำตา (Ghostly),IMG,Ghostly,Meta,583,746,55.91,0,0.0,0.0,1.8,74.95,0.0,26,3.4853,0,0,0,1,ไม่มียอดขาย,False,
Apr26,มิ้น,2026-04-18,[10.04.26][มิ้น] ยิ่งใกล้ ยิ่งห่าง (Ghostly),IMG,Ghostly,Meta,1,1,0.01,0,0.0,0.0,1.8,10.0,0.0,0,0.0,0,0,0,1,ไม่มียอดขาย,False,
Apr26,หมิว,2026-04-18,[18.04.26][หมิว] ข้อคิดฮีลใจในวันที่ล้า (Ghostly),IMG,Ghostly,Meta,2,2,0.1,0,0.0,0.0,1.8,50.0,0.0,0,0.0,0,0,0,1,ไม่มียอดขาย,False,
Apr26,หมิว,2026-04-18,[18.04.26][หมิว] เราเกิดมาพร้อมถูกคาดหวัง (Ghostly),IMG,Ghostly,Meta,3,5,0.08,0,0.0,0.0,1.8,16.0,0.0,0,0.0,0,0,0,1,ไม่มียอดขาย,False,
Apr26,มิ้น,2026-04-01,[27.03.26][มิ้น] เลิกเก็บทุกอย่างมาคิด ชีวิตจะง่ายขึ้น (Remains),IMG,Remains,Meta,1267,1515,130.13,0,0.0,0.0,1.8,85.89,0.0,43,2.8383,0,0,0,1,ไม่มียอดขาย,False,
Apr26,มิ้น,2026-04-02,[27.03.26][มิ้น] เลิกเก็บทุกอย่างมาคิด ชีวิตจะง่ายขึ้น (Remains),IMG,Remains,Meta,402,427,37.44,0,0.0,0.0,1.8,87.68,0.0,13,3.0445,0,0,0,1,ไม่มียอดขาย,False,
Apr26,หมิว,2026-04-02,[27.03.26][หมิว] Toxic Relationship (Remains),IMG,Remains,Meta,1316,1632,125.25,1,329.0,2.6267,1.8,76.75,125.25,44,2.6961,1,0,0,1,ผ่าน,False,
Apr26,หมิว,2026-04-03,[27.03.26][หมิว] Toxic Relationship (Remains),IMG,Remains,Meta,1311,1577,139.48,0,0.0,0.0,1.8,88.45,0.0,46,2.9169,1,0,0,1,ไม่มียอดขาย,False,
Apr26,หมิว,2026-04-04,[22.03.26][หมิว] เรื่องราวจะจบลงเมื่อปล่อยวาง (Remains),IMG,Remains,Meta,0,0,0.0,0,0.0,0.0,1.8,0.0,0.0,0,0.0,0,0,0,1,ไม่มียอดขาย,False,
Apr26,หมิว,2026-04-04,[27.03.26][หมิว] Toxic Relationship (Remains),IMG,Remains,Meta,1772,2183,198.5,0,0.0,0.0,1.8,90.93,0.0,83,3.8021,1,0,0,1,ไม่มียอดขาย,False,
Apr26,หมิว,2026-04-05,[27.03.26][หมิว] Toxic Relationship (Remains),IMG,Remains,Meta,1256,1533,134.91,2,698.0,5.1738,1.8,88.0,67.45,63,4.1096,2,0,0,1,ผ่าน,False,
Apr26,หมิว,2026-04-06,[27.03.26][หมิว] Toxic Relationship (Remains),IMG,Remains,Meta,2131,2645,185.9,0,0.0,0.0,1.8,70.28,0.0,120,4.5369,0,0,0,1,ไม่มียอดขาย,False,
Apr26,หมิว,2026-04-07,[27.03.26][หมิว] Toxic Relationship (Remains),IMG,Remains,Meta,3527,4469,229.55,1,359.0,1.5639,1.8,51.36,229.55,183,4.0949,5,0,0,1,ไม่ผ่าน,False,
Apr26,หมิว,2026-04-08,[27.03.26][หมิว] Toxic Relationship (Remains),IMG,Remains,Meta,1110,1243,86.31,0,0.0,0.0,1.8,69.44,0.0,35,2.8158,0,0,0,1,ไม่มียอดขาย,False,
Apr26,มิ้น,2026-04-08,[08.04.26][มิ้น] 5 วิธีปล่อยวางให้ใจสงบ (Remains),IMG,Remains,Meta,1867,2205,133.76,0,0.0,0.0,1.8,60.66,0.0,51,2.3129,0,0,0,1,ไม่มียอดขาย,False,
Apr26,หมิว,2026-04-09,[27.03.26][หมิว] Toxic Relationship (Remains),IMG,Remains,Meta,0,0,0.0,0,0.0,0.0,1.8,0.0,0.0,0,0.0,0,0,0,1,ไม่มียอดขาย,False,
Apr26,มิ้น,2026-04-09,[08.04.26][มิ้น] 5 วิธีปล่อยวางให้ใจสงบ (Remains),IMG,Remains,Meta,1558,1910,128.33,0,0.0,0.0,1.8,67.19,0.0,56,2.9319,0,0,0,1,ไม่มียอดขาย,False,
Apr26,หมิว,2026-04-10,[27.03.26][หมิว] Toxic Relationship (Remains),IMG,Remains,Meta,0,0,0.0,0,0.0,0.0,1.8,0.0,0.0,0,0.0,0,0,0,1,ไม่มียอดขาย,False,
Apr26,มิ้น,2026-04-10,[08.04.26][มิ้น] 5 วิธีปล่อยวางให้ใจสงบ (Remains),IMG,Remains,Meta,3070,3719,228.83,0,0.0,0.0,1.8,61.53,0.0,136,3.6569,3,0,0,1,ไม่มียอดขาย,False,
Apr26,มิ้น,2026-04-11,[27.03.26][มิ้น] เลิกเก็บทุกอย่างมาคิด ชีวิตจะง่ายขึ้น (Remains),IMG,Remains,Meta,190,203,11.07,0,0.0,0.0,1.8,54.53,0.0,9,4.4335,0,0,0,1,ไม่มียอดขาย,False,
Apr26,หมิว,2026-04-11,[27.03.26][หมิว] Toxic Relationship (Remains),IMG,Remains,Meta,0,0,0.0,0,0.0,0.0,1.8,0.0,0.0,0,0.0,0,0,0,1,ไม่มียอดขาย,False,
Apr26,มิ้น,2026-04-11,[08.04.26][มิ้น] 5 วิธีปล่อยวางให้ใจสงบ (Remains),IMG,Remains,Meta,1048,1182,125.15,0,0.0,0.0,1.8,105.88,0.0,50,4.2301,0,0,0,1,ไม่มียอดขาย,False,
Apr26,มิ้น,2026-04-12,[27.03.26][มิ้น] เลิกเก็บทุกอย่างมาคิด ชีวิตจะง่ายขึ้น (Remains),IMG,Remains,Meta,500,564,30.38,0,0.0,0.0,1.8,53.87,0.0,12,2.1277,0,0,0,1,ไม่มียอดขาย,False,
Apr26,มิ้น,2026-04-12,[08.04.26][มิ้น] 5 วิธีปล่อยวางให้ใจสงบ (Remains),IMG,Remains,Meta,1404,1734,147.8,1,799.0,5.406,1.8,85.24,147.8,53,3.0565,0,0,0,1,ผ่าน,False,
Apr26,มิ้น,2026-04-12,[13.04.26][มิ้น] ทุกคนมีโกฮังเป็นของตัวเอง (Remains),IMG,Remains,Meta,16,16,0.82,0,0.0,0.0,1.8,51.25,0.0,1,6.25,0,0,0,1,ไม่มียอดขาย,False,
Apr26,มิ้น,2026-04-12,[13.04.26][มิ้น] Thankyou next (Remains),IMG,Remains,Meta,41,41,2.69,0,0.0,0.0,1.8,65.61,0.0,3,7.3171,0,0,0,1,ไม่มียอดขาย,False,
Apr26,มิ้น,2026-04-13,[27.03.26][มิ้น] เลิกเก็บทุกอย่างมาคิด ชีวิตจะง่ายขึ้น (Remains),IMG,Remains,Meta,32,34,1.2,0,0.0,0.0,1.8,35.29,0.0,0,0.0,0,0,0,1,ไม่มียอดขาย,False,
Apr26,ริว,2026-04-13,[05.04.26][ริว] แด่ทุกสิ่งมีชีวิตมหัศจรรย์ที่แสนซื่อสัตย์ AI (Remains),IMG,Remains,Meta,8,8,0.07,0,0.0,0.0,1.8,8.75,0.0,0,0.0,0,0,0,1,ไม่มียอดขาย,False,
Apr26,มิ้น,2026-04-13,[13.04.26][มิ้น] ทุกคนมีโกฮังเป็นของตัวเอง (Remains),IMG,Remains,Meta,1406,1710,143.34,0,0.0,0.0,1.8,83.82,0.0,119,6.9591,0,0,0,1,ไม่มียอดขาย,False,
Apr26,มิ้น,2026-04-13,[13.04.26][มิ้น] Thankyou next (Remains),IMG,Remains,Meta,1150,1346,83.59,0,0.0,0.0,1.8,62.1,0.0,51,3.789,1,0,0,1,ไม่มียอดขาย,False,
Apr26,มิ้น,2026-04-14,[27.03.26][มิ้น] เลิกเก็บทุกอย่างมาคิด ชีวิตจะง่ายขึ้น (Remains),IMG,Remains,Meta,25,27,1.06,0,0.0,0.0,1.8,39.26,0.0,0,0.0,0,0,0,1,ไม่มียอดขาย,False,
Apr26,ริว,2026-04-14,[05.04.26][ริว] แด่ทุกสิ่งมีชีวิตมหัศจรรย์ที่แสนซื่อสัตย์ AI (Remains),IMG,Remains,Meta,270,298,12.3,0,0.0,0.0,1.8,41.28,0.0,19,6.3758,0,0,0,1,ไม่มียอดขาย,False,
Apr26,มิ้น,2026-04-14,[13.04.26][มิ้น] ทุกคนมีโกฮังเป็นของตัวเอง (Remains),IMG,Remains,Meta,1364,1669,146.67,0,0.0,0.0,1.8,87.88,0.0,128,7.6693,0,0,0,1,ไม่มียอดขาย,False,
Apr26,มิ้น,2026-04-14,[13.04.26][มิ้น] Thankyou next (Remains),IMG,Remains,Meta,288,362,19.17,0,0.0,0.0,1.8,52.96,0.0,12,3.3149,0,0,0,1,ไม่มียอดขาย,False,
Apr26,ริว,2026-04-15,[05.04.26][ริว] แด่ทุกสิ่งมีชีวิตมหัศจรรย์ที่แสนซื่อสัตย์ AI (Remains),IMG,Remains,Meta,21,21,0.47,0,0.0,0.0,1.8,22.38,0.0,1,4.7619,0,0,0,1,ไม่มียอดขาย,False,
Apr26,มิ้น,2026-04-15,[13.04.26][มิ้น] ทุกคนมีโกฮังเป็นของตัวเอง (Remains),IMG,Remains,Meta,1949,2395,205.17,0,0.0,0.0,1.8,85.67,0.0,182,7.5992,0,0,0,1,ไม่มียอดขาย,False,
Apr26,มิ้น,2026-04-15,[13.04.26][มิ้น] Thankyou next (Remains),IMG,Remains,Meta,155,175,12.93,0,0.0,0.0,1.8,73.89,0.0,5,2.8571,0,0,0,1,ไม่มียอดขาย,False,
Apr26,มิ้น,2026-04-16,[27.03.26][มิ้น] เลิกเก็บทุกอย่างมาคิด ชีวิตจะง่ายขึ้น (Remains),IMG,Remains,Meta,23,24,1.01,0,0.0,0.0,1.8,42.08,0.0,0,0.0,0,0,0,1,ไม่มียอดขาย,False,
Apr26,ริว,2026-04-16,[05.04.26][ริว] แด่ทุกสิ่งมีชีวิตมหัศจรรย์ที่แสนซื่อสัตย์ AI (Remains),IMG,Remains,Meta,584,691,61.15,0,0.0,0.0,1.8,88.49,0.0,31,4.4863,0,0,0,1,ไม่มียอดขาย,False,
Apr26,มิ้น,2026-04-16,[13.04.26][มิ้น] ทุกคนมีโกฮังเป็นของตัวเอง (Remains),IMG,Remains,Meta,734,854,81.11,1,359.0,4.4261,1.8,94.98,81.11,55,6.4403,0,0,0,1,ผ่าน,False,
Apr26,มิ้น,2026-04-16,[13.04.26][มิ้น] Thankyou next (Remains),IMG,Remains,Meta,50,57,5.56,0,0.0,0.0,1.8,97.54,0.0,0,0.0,0,0,0,1,ไม่มียอดขาย,False,
Apr26,มิ้น,2026-04-16,[13.04.26][มิ้น] ทุกคนมีโกฮังเป็นของตัวเอง (Remains),IMG,Remains,Meta,1314,1569,72.09,0,0.0,0.0,1.8,45.95,0.0,88,5.6087,0,0,0,1,ไม่มียอดขาย,False,
Apr26,หมิว,2026-04-16,[27.03.26][หมิว] Toxic Relationship (Remains),IMG,Remains,Meta,1173,1648,69.55,0,0.0,0.0,1.8,42.2,0.0,58,3.5194,1,0,0,1,ไม่มียอดขาย,False,
Apr26,ริว,2026-04-17,[05.04.26][ริว] แด่ทุกสิ่งมีชีวิตมหัศจรรย์ที่แสนซื่อสัตย์ AI (Remains),IMG,Remains,Meta,1031,1265,132.35,0,0.0,0.0,1.8,104.62,0.0,79,6.2451,1,0,0,1,ไม่มียอดขาย,False,
Apr26,มิ้น,2026-04-17,[13.04.26][มิ้น] ทุกคนมีโกฮังเป็นของตัวเอง (Remains),IMG,Remains,Meta,879,1077,84.76,0,0.0,0.0,1.8,78.7,0.0,65,6.0353,0,0,0,1,ไม่มียอดขาย,False,
Apr26,หมิว,2026-04-17,[27.03.26][หมิว] Toxic Relationship (Remains),IMG,Remains,Meta,1253,1949,85.17,0,0.0,0.0,1.8,43.7,0.0,43,2.2063,0,0,0,1,ไม่มียอดขาย,False,
Apr26,ริว,2026-04-18,[05.04.26][ริว] แด่ทุกสิ่งมีชีวิตมหัศจรรย์ที่แสนซื่อสัตย์ AI (Remains),IMG,Remains,Meta,489,575,58.72,0,0.0,0.0,1.8,102.12,0.0,26,4.5217,0,0,0,1,ไม่มียอดขาย,False,
Apr26,มิ้น,2026-04-18,[13.04.26][มิ้น] ทุกคนมีโกฮังเป็นของตัวเอง (Remains),IMG,Remains,Meta,190,214,14.82,0,0.0,0.0,1.8,69.25,0.0,13,6.0748,0,0,0,1,ไม่มียอดขาย,False,
Apr26,หมิว,2026-04-18,[27.03.26][หมิว] Toxic Relationship (Remains),IMG,Remains,Meta,299,363,21.19,0,0.0,0.0,1.8,58.37,0.0,5,1.3774,0,0,0,1,ไม่มียอดขาย,False,
Apr26,ริว,2026-04-01,[25.03.26][ริว] จิตวิทยาของการสูญเสีย เขาบอกไว้ว่า (AI) (Witches),IMG,Witches,Meta,0,0,0.0,0,0.0,0.0,1.8,0.0,0.0,0,0.0,0,0,0,1,ไม่มียอดขาย,False,
Apr26,หมิว,2026-04-04,[25.03.26][หมิว] 50 กฎลับที่ช่วยให้ค้นพบความสุข (Witches),IMG,Witches,Meta,0,0,0.0,0,0.0,0.0,1.8,0.0,0.0,0,0.0,1,0,0,1,ไม่มียอดขาย,False,
Apr26,หมิว,2026-04-08,[02.04.26][หมิว] เวทมนตร์ที่ทรงพลังที่สุด (Witches),IMG,Witches,Meta,488,560,30.99,0,0.0,0.0,1.8,55.34,0.0,11,1.9643,0,0,0,1,ไม่มียอดขาย,False,
Apr26,มิ้น,2026-04-08,[22.03.26][มิ้น] มีประโยคหนึ่งในหนังสือ (Witches),IMG,Witches,Meta,1430,1554,109.34,0,0.0,0.0,1.8,70.36,0.0,53,3.4106,0,0,0,1,ไม่มียอดขาย,False,
Apr26,ริว,2026-04-08,[25.03.26][ริว] จิตวิทยาของการสูญเสีย เขาบอกไว้ว่า (AI) (Witches),IMG,Witches,Meta,48,48,2.38,0,0.0,0.0,1.8,49.58,0.0,0,0.0,0,0,0,1,ไม่มียอดขาย,False,
Apr26,หมิว,2026-04-08,[08.04.26][หมิว] 5 ประโยควิเศษ (Witches),IMG,Witches,Meta,56,57,2.56,0,0.0,0.0,1.8,44.91,0.0,0,0.0,0,0,0,1,ไม่มียอดขาย,False,
Apr26,มิ้น,2026-04-08,[08.04.26][มิ้น] นี่คือสิ่งที่กำลังเกิดขึ้นกับคุณ (Witches),IMG,Witches,Meta,1110,1309,107.24,0,0.0,0.0,1.8,81.93,0.0,20,1.5279,0,0,0,1,ไม่มียอดขาย,False,
Apr26,มิ้น,2026-04-08,[08.04.26][มิ้น] อยากเป็นคนแบบไหนให้เป็นคนแบบนั้น (Witches),IMG,Witches,Meta,42,44,6.06,0,0.0,0.0,1.8,137.73,0.0,0,0.0,0,0,0,1,ไม่มียอดขาย,False,
Apr26,หมิว,2026-04-09,[02.04.26][หมิว] เวทมนตร์ที่ทรงพลังที่สุด (Witches),IMG,Witches,Meta,64,70,3.51,0,0.0,0.0,1.8,50.14,0.0,3,4.2857,0,0,0,1,ไม่มียอดขาย,False,
Apr26,มิ้น,2026-04-09,[22.03.26][มิ้น] มีประโยคหนึ่งในหนังสือ (Witches),IMG,Witches,Meta,1659,1899,137.6,0,0.0,0.0,1.8,72.46,0.0,61,3.2122,0,0,0,1,ไม่มียอดขาย,False,
Apr26,ริว,2026-04-09,[25.03.26][ริว] จิตวิทยาของการสูญเสีย เขาบอกไว้ว่า (AI) (Witches),IMG,Witches,Meta,200,219,17.43,0,0.0,0.0,1.8,79.59,0.0,14,6.3927,0,0,0,1,ไม่มียอดขาย,False,
Apr26,มิ้น,2026-04-09,[08.04.26][มิ้น] นี่คือสิ่งที่กำลังเกิดขึ้นกับคุณ (Witches),IMG,Witches,Meta,90,96,11.68,0,0.0,0.0,1.8,121.67,0.0,4,4.1667,0,0,0,1,ไม่มียอดขาย,False,
Apr26,มิ้น,2026-04-10,[22.03.26][มิ้น] มีประโยคหนึ่งในหนังสือ (Witches),IMG,Witches,Meta,955,1073,98.51,0,0.0,0.0,1.8,91.81,0.0,45,4.1938,0,0,0,1,ไม่มียอดขาย,False,
Apr26,ริว,2026-04-10,[25.03.26][ริว] จิตวิทยาของการสูญเสีย เขาบอกไว้ว่า (AI) (Witches),IMG,Witches,Meta,1,1,0.07,0,0.0,0.0,1.8,70.0,0.0,0,0.0,0,0,0,1,ไม่มียอดขาย,False,
Apr26,มิ้น,2026-04-10,[08.04.26][มิ้น] นี่คือสิ่งที่กำลังเกิดขึ้นกับคุณ (Witches),IMG,Witches,Meta,205,224,18.1,0,0.0,0.0,1.8,80.8,0.0,7,3.125,0,0,0,1,ไม่มียอดขาย,False,
Apr26,มิ้น,2026-04-11,[22.03.26][มิ้น] มีประโยคหนึ่งในหนังสือ (Witches),IMG,Witches,Meta,237,248,32.99,0,0.0,0.0,1.8,133.02,0.0,3,1.2097,0,0,0,1,ไม่มียอดขาย,False,
Apr26,หมิว,2026-04-11,[08.04.26][หมิว] 5 ประโยควิเศษ (Witches),IMG,Witches,Meta,340,352,38.03,0,0.0,0.0,1.8,108.04,0.0,21,5.9659,0,0,0,1,ไม่มียอดขาย,False,
Apr26,มิ้น,2026-04-11,[08.04.26][มิ้น] นี่คือสิ่งที่กำลังเกิดขึ้นกับคุณ (Witches),IMG,Witches,Meta,100,105,8.05,0,0.0,0.0,1.8,76.67,0.0,1,0.9524,0,0,0,1,ไม่มียอดขาย,False,
Apr26,มิ้น,2026-04-11,[08.04.26][มิ้น] อยากเป็นคนแบบไหนให้เป็นคนแบบนั้น (Witches),IMG,Witches,Meta,81,86,6.24,0,0.0,0.0,1.8,72.56,0.0,2,2.3256,0,0,0,1,ไม่มียอดขาย,False,
Apr26,หมิว,2026-04-12,[02.04.26][หมิว] เวทมนตร์ที่ทรงพลังที่สุด (Witches),IMG,Witches,Meta,78,80,5.55,0,0.0,0.0,1.8,69.38,0.0,3,3.75,0,0,0,1,ไม่มียอดขาย,False,
Apr26,มิ้น,2026-04-12,[22.03.26][มิ้น] มีประโยคหนึ่งในหนังสือ (Witches),IMG,Witches,Meta,1018,1076,110.38,0,0.0,0.0,1.8,102.58,0.0,30,2.7881,0,0,0,1,ไม่มียอดขาย,False,
Apr26,ริว,2026-04-12,[25.03.26][ริว] จิตวิทยาของการสูญเสีย เขาบอกไว้ว่า (AI) (Witches),IMG,Witches,Meta,306,330,19.48,0,0.0,0.0,1.8,59.03,0.0,14,4.2424,0,0,0,1,ไม่มียอดขาย,False,
Apr26,มิ้น,2026-04-13,[22.03.26][มิ้น] มีประโยคหนึ่งในหนังสือ (Witches),IMG,Witches,Meta,1126,1275,118.87,0,0.0,0.0,1.8,93.23,0.0,43,3.3725,3,0,0,1,ไม่มียอดขาย,False,
Apr26,ริว,2026-04-13,[25.03.26][ริว] จิตวิทยาของการสูญเสีย เขาบอกไว้ว่า (AI) (Witches),IMG,Witches,Meta,526,590,32.0,0,0.0,0.0,1.8,54.24,0.0,36,6.1017,0,0,0,1,ไม่มียอดขาย,False,
Apr26,มิ้น,2026-04-13,[08.04.26][มิ้น] นี่คือสิ่งที่กำลังเกิดขึ้นกับคุณ (Witches),IMG,Witches,Meta,182,191,15.68,0,0.0,0.0,1.8,82.09,0.0,4,2.0942,1,0,0,1,ไม่มียอดขาย,False,
Apr26,มิ้น,2026-04-13,[08.04.26][มิ้น] อยากเป็นคนแบบไหนให้เป็นคนแบบนั้น (Witches),IMG,Witches,Meta,11,11,0.8,0,0.0,0.0,1.8,72.73,0.0,0,0.0,0,0,0,1,ไม่มียอดขาย,False,
Apr26,มิ้น,2026-04-14,[22.03.26][มิ้น] มีประโยคหนึ่งในหนังสือ (Witches),IMG,Witches,Meta,1253,1449,145.82,0,0.0,0.0,1.8,100.63,0.0,53,3.6577,0,0,0,1,ไม่มียอดขาย,False,
Apr26,ริว,2026-04-14,[25.03.26][ริว] จิตวิทยาของการสูญเสีย เขาบอกไว้ว่า (AI) (Witches),IMG,Witches,Meta,326,396,21.4,0,0.0,0.0,1.8,54.04,0.0,29,7.3232,0,0,0,1,ไม่มียอดขาย,False,
Apr26,มิ้น,2026-04-14,[08.04.26][มิ้น] นี่คือสิ่งที่กำลังเกิดขึ้นกับคุณ (Witches),IMG,Witches,Meta,396,460,29.04,0,0.0,0.0,1.8,63.13,0.0,19,4.1304,0,0,0,1,ไม่มียอดขาย,False,
Apr26,มิ้น,2026-04-14,[08.04.26][มิ้น] อยากเป็นคนแบบไหนให้เป็นคนแบบนั้น (Witches),IMG,Witches,Meta,8,9,0.33,0,0.0,0.0,1.8,36.67,0.0,0,0.0,0,0,0,1,ไม่มียอดขาย,False,
Apr26,หมิว,2026-04-15,[02.04.26][หมิว] เวทมนตร์ที่ทรงพลังที่สุด (Witches),IMG,Witches,Meta,151,186,15.6,1,500.0,32.0513,1.8,83.87,15.6,7,3.7634,1,0,0,1,ผ่าน,False,
Apr26,มิ้น,2026-04-15,[22.03.26][มิ้น] มีประโยคหนึ่งในหนังสือ (Witches),IMG,Witches,Meta,538,568,67.8,1,759.0,11.1947,1.8,119.37,67.8,20,3.5211,2,0,0,1,ผ่าน,False,
Apr26,ริว,2026-04-15,[25.03.26][ริว] จิตวิทยาของการสูญเสีย เขาบอกไว้ว่า (AI) (Witches),IMG,Witches,Meta,727,894,49.4,0,0.0,0.0,1.8,55.26,0.0,53,5.9284,1,0,0,1,ไม่มียอดขาย,False,
Apr26,หมิว,2026-04-15,[08.04.26][หมิว] 5 ประโยควิเศษ (Witches),IMG,Witches,Meta,0,0,0.0,0,0.0,0.0,1.8,0.0,0.0,0,0.0,0,0,0,1,ไม่มียอดขาย,False,
Apr26,มิ้น,2026-04-15,[08.04.26][มิ้น] นี่คือสิ่งที่กำลังเกิดขึ้นกับคุณ (Witches),IMG,Witches,Meta,1238,1425,89.93,0,0.0,0.0,1.8,63.11,0.0,36,2.5263,1,0,0,1,ไม่มียอดขาย,False,
Apr26,ริว,2026-04-16,[25.03.26][ริว] จิตวิทยาของการสูญเสีย เขาบอกไว้ว่า (AI) (Witches),IMG,Witches,Meta,208,229,16.68,0,0.0,0.0,1.8,72.84,0.0,11,4.8035,0,0,0,1,ไม่มียอดขาย,False,
Apr26,หมิว,2026-04-16,[08.04.26][หมิว] 5 ประโยควิเศษ (Witches),IMG,Witches,Meta,552,687,67.61,0,0.0,0.0,1.8,98.41,0.0,31,4.5124,0,0,0,1,ไม่มียอดขาย,False,
Apr26,มิ้น,2026-04-16,[08.04.26][มิ้น] นี่คือสิ่งที่กำลังเกิดขึ้นกับคุณ (Witches),IMG,Witches,Meta,368,421,26.72,0,0.0,0.0,1.8,63.47,0.0,9,2.1378,0,0,0,1,ไม่มียอดขาย,False,
Apr26,มิ้น,2026-04-16,[08.04.26][มิ้น] อยากเป็นคนแบบไหนให้เป็นคนแบบนั้น (Witches),IMG,Witches,Meta,29,30,2.72,0,0.0,0.0,1.8,90.67,0.0,0,0.0,0,0,0,1,ไม่มียอดขาย,False,
Apr26,หมิว,2026-04-17,[02.04.26][หมิว] เวทมนตร์ที่ทรงพลังที่สุด (Witches),IMG,Witches,Meta,180,197,11.95,0,0.0,0.0,1.8,60.66,0.0,5,2.5381,0,0,0,1,ไม่มียอดขาย,False,
Apr26,ริว,2026-04-17,[25.03.26][ริว] จิตวิทยาของการสูญเสีย เขาบอกไว้ว่า (AI) (Witches),IMG,Witches,Meta,1756,2047,125.11,0,0.0,0.0,1.8,61.12,0.0,134,6.5462,0,0,0,1,ไม่มียอดขาย,False,
Apr26,มิ้น,2026-04-17,[08.04.26][มิ้น] นี่คือสิ่งที่กำลังเกิดขึ้นกับคุณ (Witches),IMG,Witches,Meta,138,151,12.38,0,0.0,0.0,1.8,81.99,0.0,4,2.649,0,0,0,1,ไม่มียอดขาย,False,
Apr26,ริว,2026-04-18,[25.03.26][ริว] จิตวิทยาของการสูญเสีย เขาบอกไว้ว่า (AI) (Witches),IMG,Witches,Meta,1236,1413,96.95,0,0.0,0.0,1.8,68.61,0.0,89,6.2987,1,0,0,1,ไม่มียอดขาย,False,
Apr26,มิ้น,2026-04-01,[23.07.25][มิ้น] อ่านแล้วหายเหนื่อย (Tried),IMG,Tried,Meta,931,960,64.37,0,0.0,0.0,1.8,67.05,0.0,22,2.2917,0,0,0,1,ไม่มียอดขาย,False,
Apr26,หมิว,2026-04-01,[03.11.25][หมิว] อ่านแล้วหายเหนื่อย (Tried),IMG,Tried,Meta,664,906,75.37,0,0.0,0.0,1.8,83.19,0.0,77,8.4989,0,0,0,1,ไม่มียอดขาย,False,
Apr26,หมิว,2026-04-01,[03.11.25][หมิว] อ่านแล้วหายเหนื่อย (Tried),IMG,Tried,Meta,822,1034,97.06,0,0.0,0.0,1.8,93.87,0.0,70,6.7698,0,0,0,1,ไม่มียอดขาย,False,
Apr26,มิ้น,2026-04-01,[23.07.25][มิ้น] อ่านแล้วหายเหนื่อย (Tried),IMG,Tried,Meta,1100,1148,109.82,0,0.0,0.0,1.8,95.66,0.0,21,1.8293,0,0,0,1,ไม่มียอดขาย,False,
Apr26,มิ้น,2026-04-02,[23.07.25][มิ้น] อ่านแล้วหายเหนื่อย (Tried),IMG,Tried,Meta,336,354,19.5,0,0.0,0.0,1.8,55.08,0.0,7,1.9774,0,0,0,1,ไม่มียอดขาย,False,
Apr26,หมิว,2026-04-02,[03.11.25][หมิว] อ่านแล้วหายเหนื่อย (Tried),IMG,Tried,Meta,1610,1998,143.16,0,0.0,0.0,1.8,71.65,0.0,157,7.8579,0,0,0,1,ไม่มียอดขาย,False,
Apr26,หมิว,2026-04-02,[03.11.25][หมิว] อ่านแล้วหายเหนื่อย (Tried),IMG,Tried,Meta,591,651,66.14,0,0.0,0.0,1.8,101.6,0.0,75,11.5207,0,0,0,1,ไม่มียอดขาย,False,
Apr26,มิ้น,2026-04-02,[23.07.25][มิ้น] อ่านแล้วหายเหนื่อย (Tried),IMG,Tried,Meta,1493,1499,110.2,0,0.0,0.0,1.8,73.52,0.0,45,3.002,1,0,0,1,ไม่มียอดขาย,False,
Apr26,มิ้น,2026-04-03,[23.07.25][มิ้น] อ่านแล้วหายเหนื่อย (Tried),IMG,Tried,Meta,2216,2257,140.21,0,0.0,0.0,1.8,62.12,0.0,102,4.5193,1,0,0,1,ไม่มียอดขาย,False,
Apr26,หมิว,2026-04-03,[03.11.25][หมิว] อ่านแล้วหายเหนื่อย (Tried),IMG,Tried,Meta,0,0,0.0,0,0.0,0.0,1.8,0.0,0.0,0,0.0,0,0,0,1,ไม่มียอดขาย,False,
Apr26,มิ้น,2026-04-03,[23.07.25][มิ้น] อ่านแล้วหายเหนื่อย (Tried),IMG,Tried,Meta,1688,1744,160.67,0,0.0,0.0,1.8,92.13,0.0,103,5.906,2,0,0,1,ไม่มียอดขาย,False,
Apr26,มิ้น,2026-04-04,[23.07.25][มิ้น] อ่านแล้วหายเหนื่อย (Tried),IMG,Tried,Meta,1995,2202,142.71,0,0.0,0.0,1.8,64.81,0.0,111,5.0409,2,0,0,1,ไม่มียอดขาย,False,
Apr26,หมิว,2026-04-04,[03.11.25][หมิว] อ่านแล้วหายเหนื่อย (Tried),IMG,Tried,Meta,22,23,0.89,0,0.0,0.0,1.8,38.7,0.0,2,8.6957,0,0,0,1,ไม่มียอดขาย,False,
Apr26,หมิว,2026-04-04,[03.11.25][หมิว] อ่านแล้วหายเหนื่อย (Tried),IMG,Tried,Meta,0,0,0.0,0,0.0,0.0,1.8,0.0,0.0,0,0.0,0,0,0,1,ไม่มียอดขาย,False,
Apr26,มิ้น,2026-04-05,[23.07.25][มิ้น] อ่านแล้วหายเหนื่อย (Tried),IMG,Tried,Meta,2662,3206,162.4,0,0.0,0.0,1.8,50.66,0.0,168,5.2402,2,0,0,1,ไม่มียอดขาย,False,
Apr26,มิ้น,2026-04-09,[23.07.25][มิ้น] อ่านแล้วหายเหนื่อย (Tried),IMG,Tried,Meta,0,0,0.0,0,0.0,0.0,1.8,0.0,0.0,0,0.0,0,0,0,1,ไม่มียอดขาย,False,
Apr26,ริว,2026-04-13,[13.04.26][ริว] ทำเหมือนไม่เป็นไร ทั้งที่ข้างในไม่โอเค (BOXSET) AI (Tried),IMG,Tried,Meta,1808,2061,105.83,0,0.0,0.0,1.8,51.35,0.0,109,5.2887,0,0,0,1,ไม่มียอดขาย,False,
Apr26,ริว,2026-04-13,[13.04.26][ริว] ถ้าวันนี้คุณเหนื่อย…ลองอ่านประโยคนี้ดูนะ (Tried),IMG,Tried,Meta,711,770,64.79,0,0.0,0.0,1.8,84.14,0.0,24,3.1169,1,0,0,1,ไม่มียอดขาย,False,
Apr26,หมิว,2026-04-14,[11.12.25][หมิว] อย่าลืมว่าเสาหลัก (Tried),IMG,Tried,Meta,1775,2054,118.41,0,0.0,0.0,1.8,57.65,0.0,105,5.112,0,0,0,1,ไม่มียอดขาย,False,
Apr26,ริว,2026-04-14,[13.04.26][ริว] ทำเหมือนไม่เป็นไร ทั้งที่ข้างในไม่โอเค (BOXSET) AI (Tried),IMG,Tried,Meta,526,596,44.77,0,0.0,0.0,1.8,75.12,0.0,32,5.3691,0,0,0,1,ไม่มียอดขาย,False,
Apr26,ริว,2026-04-14,[13.04.26][ริว] ถ้าวันนี้คุณเหนื่อย…ลองอ่านประโยคนี้ดูนะ (Tried),IMG,Tried,Meta,277,306,24.0,0,0.0,0.0,1.8,78.43,0.0,11,3.5948,0,0,0,1,ไม่มียอดขาย,False,
Apr26,ริว,2026-04-15,[13.04.26][ริว] ทำเหมือนไม่เป็นไร ทั้งที่ข้างในไม่โอเค (BOXSET) AI (Tried),IMG,Tried,Meta,721,989,104.08,0,0.0,0.0,1.8,105.24,0.0,56,5.6623,1,0,0,1,ไม่มียอดขาย,False,
Apr26,ริว,2026-04-15,[13.04.26][ริว] ถ้าวันนี้คุณเหนื่อย…ลองอ่านประโยคนี้ดูนะ (Tried),IMG,Tried,Meta,453,560,61.35,0,0.0,0.0,1.8,109.55,0.0,11,1.9643,0,0,0,1,ไม่มียอดขาย,False,
Apr26,หมิว,2026-04-16,[11.12.25][หมิว] อย่าลืมว่าเสาหลัก (Tried),IMG,Tried,Meta,1069,1277,115.04,0,0.0,0.0,1.8,90.09,0.0,62,4.8551,0,0,0,1,ไม่มียอดขาย,False,
Apr26,ริว,2026-04-16,[13.04.26][ริว] ทำเหมือนไม่เป็นไร ทั้งที่ข้างในไม่โอเค (BOXSET) AI (Tried),IMG,Tried,Meta,346,418,35.49,0,0.0,0.0,1.8,84.9,0.0,16,3.8278,0,0,0,1,ไม่มียอดขาย,False,
Apr26,ริว,2026-04-16,[13.04.26][ริว] ถ้าวันนี้คุณเหนื่อย…ลองอ่านประโยคนี้ดูนะ (Tried),IMG,Tried,Meta,224,248,17.63,0,0.0,0.0,1.8,71.09,0.0,13,5.2419,0,0,0,1,ไม่มียอดขาย,False,
Apr26,หมิว,2026-04-17,[16.12.25][หมิว] สิ่งที่ได้ไปต่อในปี 2026 (Tried),IMG,Tried,Meta,1756,2055,116.41,0,0.0,0.0,1.8,56.65,0.0,34,1.6545,1,0,0,1,ไม่มียอดขาย,False,
Apr26,ริว,2026-04-17,[13.04.26][ริว] ทำเหมือนไม่เป็นไร ทั้งที่ข้างในไม่โอเค (BOXSET) AI (Tried),IMG,Tried,Meta,352,370,43.0,0,0.0,0.0,1.8,116.22,0.0,27,7.2973,1,0,0,1,ไม่มียอดขาย,False,
Apr26,ริว,2026-04-17,[13.04.26][ริว] ถ้าวันนี้คุณเหนื่อย…ลองอ่านประโยคนี้ดูนะ (Tried),IMG,Tried,Meta,0,0,0.0,0,0.0,0.0,1.8,0.0,0.0,0,0.0,1,0,0,1,ไม่มียอดขาย,False,
Apr26,หมิว,2026-04-18,[16.12.25][หมิว] สิ่งที่ได้ไปต่อในปี 2026 (Tried),IMG,Tried,Meta,273,291,17.58,0,0.0,0.0,1.8,60.41,0.0,3,1.0309,0,0,0,1,ไม่มียอดขาย,False,
Apr26,ริว,2026-04-18,[13.04.26][ริว] ทำเหมือนไม่เป็นไร ทั้งที่ข้างในไม่โอเค (BOXSET) AI (Tried),IMG,Tried,Meta,253,288,44.09,0,0.0,0.0,1.8,153.09,0.0,17,5.9028,0,0,0,1,ไม่มียอดขาย,False,
Apr26,ริว,2026-04-18,[13.04.26][ริว] ถ้าวันนี้คุณเหนื่อย…ลองอ่านประโยคนี้ดูนะ (Tried),IMG,Tried,Meta,479,551,58.4,0,0.0,0.0,1.8,105.99,0.0,11,1.9964,1,0,0,1,ไม่มียอดขาย,False,
Apr26,หมิว,2026-04-01,[19.11.25][หมิว] E-Book เปลี่ยนความทุกข์ : Witches (E-Book),IMG,Unknown,Meta,92,107,5.05,0,0.0,0.0,1.8,47.2,0.0,2,1.8692,0,0,0,1,ไม่มียอดขาย,False,
Apr26,มิ้น,2026-04-01,[20.11.25][มิ้น] E-Book หนังสือปีศาจ 1 (E-Book),IMG,Unknown,Meta,13,13,0.93,0,0.0,0.0,1.8,71.54,0.0,0,0.0,0,0,0,1,ไม่มียอดขาย,False,
Apr26,หมิว,2026-04-01,[12.12.25][หมิว] เปิดตัว E-Book เล่มใหม่ : Remains (E-Book),IMG,Unknown,Meta,3,3,0.01,0,0.0,0.0,1.8,3.33,0.0,0,0.0,0,0,0,1,ไม่มียอดขาย,False,
Apr26,หมิว,2026-04-01,[03.02.26][หมิว] คำนี้เขียนว่าอะไร (E-Book),IMG,Unknown,Meta,1412,1811,69.66,1,359.0,5.1536,1.8,38.46,69.66,57,3.1474,1,0,0,1,ผ่าน,False,
Apr26,ริว,2026-04-02,[29.09.25][ริว] E-Book (Ghostly),IMG,Unknown,Meta,3,3,0.27,0,0.0,0.0,1.8,90.0,0.0,0,0.0,0,0,0,1,ไม่มียอดขาย,False,
Apr26,หมิว,2026-04-02,[19.11.25][หมิว] ฮีลใจ 1 แถม 1 : Ghostly (E-Book),IMG,Unknown,Meta,1,1,0.0,0,0.0,0.0,1.8,0.0,0.0,0,0.0,0,0,0,1,ไม่มียอดขาย,False,
Apr26,หมิว,2026-04-02,[19.11.25][หมิว] E-Book เปลี่ยนความทุกข์ : Witches (E-Book),IMG,Unknown,Meta,14,14,0.9,0,0.0,0.0,1.8,64.29,0.0,2,14.2857,0,0,0,1,ไม่มียอดขาย,False,
Apr26,หมิว,2026-04-02,[27.11.25][หมิว] พกไว้อ่าน ในวันที่ไม่ไหว : Tried (E-Book),IMG,Unknown,Meta,14,14,0.78,0,0.0,0.0,1.8,55.71,0.0,0,0.0,0,0,0,1,ไม่มียอดขาย,False,
Apr26,หมิว,2026-04-02,[03.02.26][หมิว] คำนี้เขียนว่าอะไร (E-Book),IMG,Unknown,Meta,2277,2817,109.55,0,0.0,0.0,1.8,38.89,0.0,93,3.3014,4,0,0,1,ไม่มียอดขาย,False,
Apr26,หมิว,2026-04-03,[19.11.25][หมิว] E-Book เปลี่ยนความทุกข์ : Witches (E-Book),IMG,Unknown,Meta,279,329,18.98,0,0.0,0.0,1.8,57.69,0.0,16,4.8632,0,0,0,1,ไม่มียอดขาย,False,
Apr26,มิ้น,2026-04-03,[20.11.25][มิ้น] E-Book หนังสือปีศาจ 1 (E-Book),IMG,Unknown,Meta,13,13,2.09,0,0.0,0.0,1.8,160.77,0.0,1,7.6923,0,0,0,1,ไม่มียอดขาย,False,
Apr26,หมิว,2026-04-03,[27.11.25][หมิว] พกไว้อ่าน ในวันที่ไม่ไหว : Tried (E-Book),IMG,Unknown,Meta,630,727,39.93,1,359.0,8.9907,1.8,54.92,39.93,33,4.5392,2,0,0,1,ผ่าน,False,
Apr26,หมิว,2026-04-03,[03.02.26][หมิว] คำนี้เขียนว่าอะไร (E-Book),IMG,Unknown,Meta,1273,1435,64.32,0,0.0,0.0,1.8,44.82,0.0,42,2.9268,2,0,0,1,ไม่มียอดขาย,False,
Apr26,หมิว,2026-04-04,[12.11.25][หมิว] อะไรที่ขัดขวางเรา (E-Book),IMG,Unknown,Meta,1,1,0.13,0,0.0,0.0,1.8,130.0,0.0,0,0.0,0,0,0,1,ไม่มียอดขาย,False,
Apr26,หมิว,2026-04-04,[19.11.25][หมิว] ฮีลใจ 1 แถม 1 : Ghostly (E-Book),IMG,Unknown,Meta,13,14,1.04,0,0.0,0.0,1.8,74.29,0.0,0,0.0,0,0,0,1,ไม่มียอดขาย,False,
Apr26,หมิว,2026-04-04,[27.11.25][หมิว] พกไว้อ่าน ในวันที่ไม่ไหว : Tried (E-Book),IMG,Unknown,Meta,122,144,12.16,0,0.0,0.0,1.8,84.44,0.0,9,6.25,0,0,0,1,ไม่มียอดขาย,False,
Apr26,หมิว,2026-04-04,[12.12.25][หมิว] เปิดตัว E-Book เล่มใหม่ : Remains (E-Book),IMG,Unknown,Meta,3,3,0.06,0,0.0,0.0,1.8,20.0,0.0,0,0.0,0,0,0,1,ไม่มียอดขาย,False,
Apr26,หมิว,2026-04-04,[03.02.26][หมิว] คำนี้เขียนว่าอะไร (E-Book),IMG,Unknown,Meta,1402,1629,71.68,0,0.0,0.0,1.8,44.0,0.0,39,2.3941,4,0,0,1,ไม่มียอดขาย,False,
Apr26,หมิว,2026-04-05,[19.11.25][หมิว] E-Book เปลี่ยนความทุกข์ : Witches (E-Book),IMG,Unknown,Meta,32,38,1.59,0,0.0,0.0,1.8,41.84,0.0,4,10.5263,0,0,0,1,ไม่มียอดขาย,False,
Apr26,หมิว,2026-04-05,[27.11.25][หมิว] พกไว้อ่าน ในวันที่ไม่ไหว : Tried (E-Book),IMG,Unknown,Meta,185,204,13.86,0,0.0,0.0,1.8,67.94,0.0,11,5.3922,0,0,0,1,ไม่มียอดขาย,False,
Apr26,หมิว,2026-04-05,[03.02.26][หมิว] คำนี้เขียนว่าอะไร (E-Book),IMG,Unknown,Meta,2424,2799,108.37,0,0.0,0.0,1.8,38.72,0.0,72,2.5723,5,0,0,1,ไม่มียอดขาย,False,
Apr26,มิ้น,2026-04-06,[20.11.25][มิ้น] E-Book หนังสือปีศาจ 1 (E-Book),IMG,Unknown,Meta,3,3,0.11,0,0.0,0.0,1.8,36.67,0.0,0,0.0,0,0,0,1,ไม่มียอดขาย,False,
Apr26,หมิว,2026-04-06,[03.02.26][หมิว] คำนี้เขียนว่าอะไร (E-Book),IMG,Unknown,Meta,2670,3078,112.07,0,0.0,0.0,1.8,36.41,0.0,96,3.1189,3,0,0,1,ไม่มียอดขาย,False,
Apr26,ริว,2026-04-07,[29.09.25][ริว] E-Book (Ghostly),IMG,Unknown,Meta,1,1,0.09,0,0.0,0.0,1.8,90.0,0.0,0,0.0,0,0,0,1,ไม่มียอดขาย,False,
Apr26,หมิว,2026-04-07,[19.11.25][หมิว] ฮีลใจ 1 แถม 1 : Ghostly (E-Book),IMG,Unknown,Meta,18,20,1.27,0,0.0,0.0,1.8,63.5,0.0,0,0.0,0,0,0,1,ไม่มียอดขาย,False,
Apr26,หมิว,2026-04-07,[27.11.25][หมิว] พกไว้อ่าน ในวันที่ไม่ไหว : Tried (E-Book),IMG,Unknown,Meta,3,3,0.04,0,0.0,0.0,1.8,13.33,0.0,0,0.0,0,0,0,1,ไม่มียอดขาย,False,
Apr26,หมิว,2026-04-07,[03.02.26][หมิว] คำนี้เขียนว่าอะไร (E-Book),IMG,Unknown,Meta,2031,2317,85.56,0,0.0,0.0,1.8,36.93,0.0,71,3.0643,5,0,0,1,ไม่มียอดขาย,False,
Apr26,หมิว,2026-04-08,[19.11.25][หมิว] E-Book เปลี่ยนความทุกข์ : Witches (E-Book),IMG,Unknown,Meta,10,11,0.42,0,0.0,0.0,1.8,38.18,0.0,0,0.0,0,0,0,1,ไม่มียอดขาย,False,
Apr26,มิ้น,2026-04-08,[20.11.25][มิ้น] E-Book หนังสือปีศาจ 1 (E-Book),IMG,Unknown,Meta,1,1,0.03,0,0.0,0.0,1.8,30.0,0.0,0,0.0,0,0,0,1,ไม่มียอดขาย,False,
Apr26,หมิว,2026-04-08,[27.11.25][หมิว] พกไว้อ่าน ในวันที่ไม่ไหว : Tried (E-Book),IMG,Unknown,Meta,783,921,35.29,0,0.0,0.0,1.8,38.32,0.0,48,5.2117,3,0,0,1,ไม่มียอดขาย,False,
Apr26,หมิว,2026-04-08,[03.02.26][หมิว] คำนี้เขียนว่าอะไร (E-Book),IMG,Unknown,Meta,1000,1059,43.35,0,0.0,0.0,1.8,40.93,0.0,29,2.7384,1,0,0,1,ไม่มียอดขาย,False,
Apr26,หมิว,2026-04-09,[19.11.25][หมิว] ฮีลใจ 1 แถม 1 : Ghostly (E-Book),IMG,Unknown,Meta,3,3,0.08,0,0.0,0.0,1.8,26.67,0.0,0,0.0,0,0,0,1,ไม่มียอดขาย,False,
Apr26,หมิว,2026-04-09,[27.11.25][หมิว] พกไว้อ่าน ในวันที่ไม่ไหว : Tried (E-Book),IMG,Unknown,Meta,1711,2209,87.38,0,0.0,0.0,1.8,39.56,0.0,92,4.1648,3,0,0,1,ไม่มียอดขาย,False,
Apr26,หมิว,2026-04-09,[12.12.25][หมิว] เปิดตัว E-Book เล่มใหม่ : Remains (E-Book),IMG,Unknown,Meta,2,2,0.03,0,0.0,0.0,1.8,15.0,0.0,0,0.0,0,0,0,1,ไม่มียอดขาย,False,
Apr26,หมิว,2026-04-09,[03.02.26][หมิว] คำนี้เขียนว่าอะไร (E-Book),IMG,Unknown,Meta,0,0,0.0,0,0.0,0.0,1.8,0.0,0.0,0,0.0,0,0,0,1,ไม่มียอดขาย,False,
Apr26,หมิว,2026-04-10,[12.11.25][หมิว] อะไรที่ขัดขวางเรา (E-Book),IMG,Unknown,Meta,17,19,0.64,0,0.0,0.0,1.8,33.68,0.0,0,0.0,0,0,0,1,ไม่มียอดขาย,False,
Apr26,หมิว,2026-04-10,[19.11.25][หมิว] E-Book เปลี่ยนความทุกข์ : Witches (E-Book),IMG,Unknown,Meta,24,26,2.44,0,0.0,0.0,1.8,93.85,0.0,0,0.0,0,0,0,1,ไม่มียอดขาย,False,
Apr26,หมิว,2026-04-10,[27.11.25][หมิว] พกไว้อ่าน ในวันที่ไม่ไหว : Tried (E-Book),IMG,Unknown,Meta,2302,2741,89.57,0,0.0,0.0,1.8,32.68,0.0,121,4.4144,4,0,0,1,ไม่มียอดขาย,False,
Apr26,หมิว,2026-04-10,[03.02.26][หมิว] คำนี้เขียนว่าอะไร (E-Book),IMG,Unknown,Meta,0,0,0.0,0,0.0,0.0,1.8,0.0,0.0,0,0.0,0,0,0,1,ไม่มียอดขาย,False,
Apr26,หมิว,2026-04-11,[12.11.25][หมิว] อะไรที่ขัดขวางเรา (E-Book),IMG,Unknown,Meta,7,9,0.34,0,0.0,0.0,1.8,37.78,0.0,0,0.0,0,0,0,1,ไม่มียอดขาย,False,
Apr26,ริว,2026-04-11,[29.09.25][ริว] E-Book (Ghostly),IMG,Unknown,Meta,22,24,1.28,0,0.0,0.0,1.8,53.33,0.0,0,0.0,0,0,0,1,ไม่มียอดขาย,False,
Apr26,หมิว,2026-04-11,[19.11.25][หมิว] ฮีลใจ 1 แถม 1 : Ghostly (E-Book),IMG,Unknown,Meta,58,68,5.38,0,0.0,0.0,1.8,79.12,0.0,3,4.4118,0,0,0,1,ไม่มียอดขาย,False,
Apr26,มิ้น,2026-04-11,[20.11.25][มิ้น] E-Book หนังสือปีศาจ 1 (E-Book),IMG,Unknown,Meta,4,4,0.12,0,0.0,0.0,1.8,30.0,0.0,0,0.0,0,0,0,1,ไม่มียอดขาย,False,
Apr26,หมิว,2026-04-11,[27.11.25][หมิว] พกไว้อ่าน ในวันที่ไม่ไหว : Tried (E-Book),IMG,Unknown,Meta,2593,2838,101.44,0,0.0,0.0,1.8,35.74,0.0,87,3.0655,4,0,0,1,ไม่มียอดขาย,False,
Apr26,หมิว,2026-04-11,[12.12.25][หมิว] เปิดตัว E-Book เล่มใหม่ : Remains (E-Book),IMG,Unknown,Meta,64,73,4.11,0,0.0,0.0,1.8,56.3,0.0,0,0.0,0,0,0,1,ไม่มียอดขาย,False,
Apr26,หมิว,2026-04-12,[12.11.25][หมิว] อะไรที่ขัดขวางเรา (E-Book),IMG,Unknown,Meta,12,14,0.69,0,0.0,0.0,1.8,49.29,0.0,0,0.0,0,0,0,1,ไม่มียอดขาย,False,
Apr26,ริว,2026-04-12,[29.09.25][ริว] E-Book (Ghostly),IMG,Unknown,Meta,12,12,0.51,0,0.0,0.0,1.8,42.5,0.0,0,0.0,0,0,0,1,ไม่มียอดขาย,False,
Apr26,หมิว,2026-04-12,[19.11.25][หมิว] ฮีลใจ 1 แถม 1 : Ghostly (E-Book),IMG,Unknown,Meta,424,492,32.79,0,0.0,0.0,1.8,66.65,0.0,11,2.2358,3,0,0,1,ไม่มียอดขาย,False,
Apr26,หมิว,2026-04-12,[27.11.25][หมิว] พกไว้อ่าน ในวันที่ไม่ไหว : Tried (E-Book),IMG,Unknown,Meta,785,883,50.55,0,0.0,0.0,1.8,57.25,0.0,41,4.6433,3,0,0,1,ไม่มียอดขาย,False,
Apr26,ริว,2026-04-13,[29.09.25][ริว] E-Book (Ghostly),IMG,Unknown,Meta,1,1,0.73,0,0.0,0.0,1.8,730.0,0.0,0,0.0,0,0,0,1,ไม่มียอดขาย,False,
Apr26,หมิว,2026-04-13,[19.11.25][หมิว] ฮีลใจ 1 แถม 1 : Ghostly (E-Book),IMG,Unknown,Meta,1024,1341,82.51,0,0.0,0.0,1.8,61.53,0.0,47,3.5048,8,0,0,1,ไม่มียอดขาย,False,
Apr26,หมิว,2026-04-13,[19.11.25][หมิว] E-Book เปลี่ยนความทุกข์ : Witches (E-Book),IMG,Unknown,Meta,418,493,23.49,0,0.0,0.0,1.8,47.65,0.0,20,4.0568,1,0,0,1,ไม่มียอดขาย,False,
Apr26,หมิว,2026-04-13,[27.11.25][หมิว] พกไว้อ่าน ในวันที่ไม่ไหว : Tried (E-Book),IMG,Unknown,Meta,113,127,8.27,0,0.0,0.0,1.8,65.12,0.0,4,3.1496,2,0,0,1,ไม่มียอดขาย,False,
Apr26,หมิว,2026-04-14,[12.11.25][หมิว] อะไรที่ขัดขวางเรา (E-Book),IMG,Unknown,Meta,1,1,0.0,0,0.0,0.0,1.8,0.0,0.0,0,0.0,0,0,0,1,ไม่มียอดขาย,False,
Apr26,หมิว,2026-04-14,[19.11.25][หมิว] ฮีลใจ 1 แถม 1 : Ghostly (E-Book),IMG,Unknown,Meta,1173,1505,84.15,1,359.0,4.2662,1.8,55.91,84.15,31,2.0598,5,0,0,1,ผ่าน,False,
Apr26,หมิว,2026-04-14,[19.11.25][หมิว] E-Book เปลี่ยนความทุกข์ : Witches (E-Book),IMG,Unknown,Meta,369,460,30.45,0,0.0,0.0,1.8,66.2,0.0,14,3.0435,0,0,0,1,ไม่มียอดขาย,False,
Apr26,หมิว,2026-04-14,[12.12.25][หมิว] เปิดตัว E-Book เล่มใหม่ : Remains (E-Book),IMG,Unknown,Meta,3,3,0.01,0,0.0,0.0,1.8,3.33,0.0,0,0.0,0,0,0,1,ไม่มียอดขาย,False,
Apr26,หมิว,2026-04-15,[12.11.25][หมิว] อะไรที่ขัดขวางเรา (E-Book),IMG,Unknown,Meta,1,1,0.01,0,0.0,0.0,1.8,10.0,0.0,0,0.0,0,0,0,1,ไม่มียอดขาย,False,
Apr26,หมิว,2026-04-15,[19.11.25][หมิว] ฮีลใจ 1 แถม 1 : Ghostly (E-Book),IMG,Unknown,Meta,1718,2332,111.47,0,0.0,0.0,1.8,47.8,0.0,57,2.4443,2,0,0,1,ไม่มียอดขาย,False,
Apr26,หมิว,2026-04-15,[27.11.25][หมิว] พกไว้อ่าน ในวันที่ไม่ไหว : Tried (E-Book),IMG,Unknown,Meta,0,0,0.0,0,0.0,0.0,1.8,0.0,0.0,0,0.0,0,0,0,1,ไม่มียอดขาย,False,
Apr26,ริว,2026-04-16,[29.09.25][ริว] E-Book (Ghostly),IMG,Unknown,Meta,3,3,0.2,0,0.0,0.0,1.8,66.67,0.0,0,0.0,0,0,0,1,ไม่มียอดขาย,False,
Apr26,หมิว,2026-04-16,[19.11.25][หมิว] ฮีลใจ 1 แถม 1 : Ghostly (E-Book),IMG,Unknown,Meta,985,1155,59.14,0,0.0,0.0,1.8,51.2,0.0,27,2.3377,3,0,0,1,ไม่มียอดขาย,False,
Apr26,หมิว,2026-04-16,[19.11.25][หมิว] E-Book เปลี่ยนความทุกข์ : Witches (E-Book),IMG,Unknown,Meta,288,332,15.77,0,0.0,0.0,1.8,47.5,0.0,12,3.6145,1,0,0,1,ไม่มียอดขาย,False,
Apr26,มิ้น,2026-04-16,[20.11.25][มิ้น] E-Book หนังสือปีศาจ 1 (E-Book),IMG,Unknown,Meta,51,55,4.57,0,0.0,0.0,1.8,83.09,0.0,1,1.8182,0,0,0,1,ไม่มียอดขาย,False,
Apr26,หมิว,2026-04-16,[12.12.25][หมิว] เปิดตัว E-Book เล่มใหม่ : Remains (E-Book),IMG,Unknown,Meta,4,4,0.15,0,0.0,0.0,1.8,37.5,0.0,0,0.0,0,0,0,1,ไม่มียอดขาย,False,
Apr26,หมิว,2026-04-17,[12.11.25][หมิว] อะไรที่ขัดขวางเรา (E-Book),IMG,Unknown,Meta,3,3,0.06,0,0.0,0.0,1.8,20.0,0.0,0,0.0,0,0,0,1,ไม่มียอดขาย,False,
Apr26,ริว,2026-04-17,[29.09.25][ริว] E-Book (Ghostly),IMG,Unknown,Meta,11,11,0.61,0,0.0,0.0,1.8,55.45,0.0,0,0.0,0,0,0,1,ไม่มียอดขาย,False,
Apr26,หมิว,2026-04-17,[19.11.25][หมิว] ฮีลใจ 1 แถม 1 : Ghostly (E-Book),IMG,Unknown,Meta,1320,1726,93.34,0,0.0,0.0,1.8,54.08,0.0,54,3.1286,2,0,0,1,ไม่มียอดขาย,False,
Apr26,หมิว,2026-04-17,[19.11.25][หมิว] E-Book เปลี่ยนความทุกข์ : Witches (E-Book),IMG,Unknown,Meta,14,14,0.71,0,0.0,0.0,1.8,50.71,0.0,0,0.0,1,0,0,1,ไม่มียอดขาย,False,
Apr26,หมิว,2026-04-17,[27.11.25][หมิว] พกไว้อ่าน ในวันที่ไม่ไหว : Tried (E-Book),IMG,Unknown,Meta,83,86,6.99,0,0.0,0.0,1.8,81.28,0.0,2,2.3256,0,0,0,1,ไม่มียอดขาย,False,
Apr26,หมิว,2026-04-18,[19.11.25][หมิว] ฮีลใจ 1 แถม 1 : Ghostly (E-Book),IMG,Unknown,Meta,383,407,22.18,0,0.0,0.0,1.8,54.5,0.0,12,2.9484,3,0,0,1,ไม่มียอดขาย,False,
Apr26,มิ้น,2026-04-18,[20.11.25][มิ้น] E-Book หนังสือปีศาจ 1 (E-Book),IMG,Unknown,Meta,1,1,0.0,0,0.0,0.0,1.8,0.0,0.0,0,0.0,0,0,0,1,ไม่มียอดขาย,False,
Apr26,Unknown,2026-04-01,[10.10.2025][Course] อย่ารอทำพินัยกรรมตอนแก่ - งานศพ (VDO),IMG,MyLastBook,Meta,19230,22644,1605.05,13,5157.0,3.213,1.8,70.88,123.47,670,2.9588,31,0,0,1,ผ่าน,False,
Apr26,Unknown,2026-04-01,[14.10.2025][Course] Unpack เน้นเขียน (VDO),IMG,MyLastBook,Meta,11711,13962,1105.03,9,3031.0,2.7429,1.8,79.15,122.78,299,2.1415,32,0,0,1,ผ่าน,False,
Apr26,Unknown,2026-04-01,[11.02.2026][Course] ทำเอง VS จ้างทนาย,IMG,MyLastBook,Meta,506,570,107.03,0,0.0,0.0,1.8,187.77,0.0,31,5.4386,0,0,0,1,ไม่มียอดขาย,False,
Apr26,Unknown,2026-04-01,[13.02.2026][Course] ชีวิตลูกจะง่าย ถ้าพ่อแม่เตรียมพินัยกรรม,IMG,MyLastBook,Meta,583,707,115.21,0,0.0,0.0,1.8,162.96,0.0,21,2.9703,1,0,0,1,ไม่มียอดขาย,False,
Apr26,Unknown,2026-04-01,[11.02.2026][Course] ทำเอง VS จ้างทนาย,IMG,MyLastBook,Meta,776,886,101.19,0,0.0,0.0,1.8,114.21,0.0,19,2.1445,0,0,0,1,ไม่มียอดขาย,False,
Apr26,Unknown,2026-04-01,[11.02.2026][Course] อยากทำพินัยกรรม แต่ไม่มีเงินจ้างทนาย,IMG,MyLastBook,Meta,2056,2313,151.85,1,329.0,2.1666,1.8,65.65,151.85,63,2.7237,4,0,0,1,ผ่าน,False,
Apr26,Unknown,2026-04-01,[13.02.2026][Course] ชีวิตลูกจะง่าย ถ้าพ่อแม่เตรียมพินัยกรรม,IMG,MyLastBook,Meta,199,234,25.85,1,329.0,12.7273,1.8,110.47,25.85,17,7.265,1,0,0,1,ผ่าน,False,
Apr26,Unknown,2026-04-01,[18.02.2026][Course] พ่อแม่เสียชีวิต ลูกจัดการไม่ถูก (เปิดด้วยเหตุการณ์),IMG,MyLastBook,Meta,1879,1894,153.36,0,0.0,0.0,1.8,80.97,0.0,50,2.6399,1,0,0,1,ไม่มียอดขาย,False,
Apr26,Unknown,2026-04-01,[18.02.2026][Course] พ่อแม่เสียชีวิต ลูกจัดการไม่ถูก (เปิดด้วยเหตุการณ์),IMG,MyLastBook,Meta,7726,8588,589.8,3,987.0,1.6734,1.8,68.68,196.6,284,3.3069,20,0,0,1,ไม่ผ่าน,False,
Apr26,Unknown,2026-04-01,[18.02.2026][Course] พ่อแม่เสียชีวิต ลูกจัดการไม่ถูก (เปิดด้วยเหตุการณ์),IMG,MyLastBook,Meta,16919,18997,1150.6,5,2045.0,1.7773,1.8,60.57,230.12,593,3.1215,39,0,0,1,ไม่ผ่าน,False,
Apr26,Unknown,2026-04-01,[27.06.2026][Course] เขียนพินัยกรรมด้วยตัวเองได้ง่าย ๆ ในราคา 399 บาท,IMG,MyLastBook,Meta,1337,1566,204.46,1,329.0,1.6091,1.8,130.56,204.46,47,3.0013,1,0,0,1,ไม่ผ่าน,False,
Apr26,Unknown,2026-04-01,[26.06.2026][Course] ลูกเสียเวลาในศาลเป็นปี เพราะไม่มีพินัยกรรม,IMG,MyLastBook,Meta,401,463,85.96,0,0.0,0.0,1.8,185.66,0.0,24,5.1836,0,0,0,1,ไม่มียอดขาย,False,
Apr26,Unknown,2026-04-01,[27.03.2026][Course] ลูกลำบากเมื่อเสาหลักจากไป เพราะไม่รู้สิทธิที่ควรได้ (CourseMSG),IMG,MyLastBook,Meta,1677,1953,198.09,3,987.0,4.9826,1.8,101.43,66.03,157,8.0389,2,0,0,1,ผ่าน,False,
Apr26,Unknown,2026-04-01,[1.04.2026][Course] หนี้ท่วมหัวทำไมต้องทำพินัยกรรม,IMG,MyLastBook,Meta,66,71,11.99,0,0.0,0.0,1.8,168.87,0.0,0,0.0,0,0,0,1,ไม่มียอดขาย,False,
Apr26,Unknown,2026-04-02,[10.10.2025][Course] อย่ารอทำพินัยกรรมตอนแก่ - งานศพ (VDO),IMG,MyLastBook,Meta,18268,21743,1857.37,12,4098.0,2.2063,1.8,85.42,154.78,697,3.2056,34,0,0,1,ผ่าน,False,
Apr26,Unknown,2026-04-02,[14.10.2025][Course] Unpack เน้นเขียน (VDO),IMG,MyLastBook,Meta,5462,6227,712.78,1,329.0,0.4616,1.8,114.47,712.78,128,2.0556,12,0,0,1,ไม่ผ่าน,False,
Apr26,Unknown,2026-04-02,[11.02.2026][Course] ทำเอง VS จ้างทนาย,IMG,MyLastBook,Meta,260,282,40.55,0,0.0,0.0,1.8,143.79,0.0,8,2.8369,0,0,0,1,ไม่มียอดขาย,False,
Apr26,Unknown,2026-04-02,[13.02.2026][Course] ชีวิตลูกจะง่าย ถ้าพ่อแม่เตรียมพินัยกรรม,IMG,MyLastBook,Meta,464,518,66.29,1,329.0,4.963,1.8,127.97,66.29,16,3.0888,1,0,0,1,ผ่าน,False,
Apr26,Unknown,2026-04-02,[11.02.2026][Course] ทำเอง VS จ้างทนาย,IMG,MyLastBook,Meta,615,675,108.53,1,329.0,3.0314,1.8,160.79,108.53,21,3.1111,1,0,0,1,ผ่าน,False,
Apr26,Unknown,2026-04-02,[11.02.2026][Course] อยากทำพินัยกรรม แต่ไม่มีเงินจ้างทนาย,IMG,MyLastBook,Meta,4672,5659,512.45,2,728.0,1.4206,1.8,90.55,256.23,119,2.1028,8,0,0,1,ไม่ผ่าน,False,
Apr26,Unknown,2026-04-02,[13.02.2026][Course] ชีวิตลูกจะง่าย ถ้าพ่อแม่เตรียมพินัยกรรม,IMG,MyLastBook,Meta,279,319,48.57,1,329.0,6.7737,1.8,152.26,48.57,13,4.0752,0,0,0,1,ผ่าน,False,
Apr26,Unknown,2026-04-02,[18.02.2026][Course] พ่อแม่เสียชีวิต ลูกจัดการไม่ถูก (เปิดด้วยเหตุการณ์),IMG,MyLastBook,Meta,0,0,0.0,0,0.0,0.0,1.8,0.0,0.0,0,0.0,0,0,0,1,ไม่มียอดขาย,False,
Apr26,Unknown,2026-04-02,[18.02.2026][Course] พ่อแม่เสียชีวิต ลูกจัดการไม่ถูก (เปิดด้วยเหตุการณ์),IMG,MyLastBook,Meta,3175,3534,306.59,2,658.0,2.1462,1.8,86.75,153.29,137,3.8766,9,0,0,1,ผ่าน,False,
Apr26,Unknown,2026-04-02,[18.02.2026][Course] พ่อแม่เสียชีวิต ลูกจัดการไม่ถูก (เปิดด้วยเหตุการณ์),IMG,MyLastBook,Meta,15301,17725,1076.15,7,2353.0,2.1865,1.8,60.71,153.74,672,3.7913,48,0,0,1,ผ่าน,False,
Apr26,Unknown,2026-04-02,[3.03.2026][PILOT][GD] พินัยกรรมที่ดินเขียนยังไง ให้รัดกุมและใช้ได้จริงด้วย My Last Book,IMG,MyLastBook,Meta,2874,3005,373.68,0,0.0,0.0,1.8,124.35,0.0,58,1.9301,0,0,0,1,ไม่มียอดขาย,False,
Apr26,Unknown,2026-04-02,[3.03.2026][PILOT][GD] คนที่คุณคอยดูแลอาจถูกทอดทิ้ง เพราะไม่มีพินัยกรรม!!,IMG,MyLastBook,Meta,22,22,0.7,0,0.0,0.0,1.8,31.82,0.0,0,0.0,0,0,0,1,ไม่มียอดขาย,False,
Apr26,Unknown,2026-04-02,[3.03.2026][PILOT][GD] ลูกหลานไม่เคยมาเหลียวแล ทำไมยังต้องทำพินัยกรรม?,IMG,MyLastBook,Meta,8704,8938,896.41,2,658.0,0.734,1.8,100.29,448.2,279,3.1215,6,0,0,1,ไม่ผ่าน,False,
Apr26,Unknown,2026-04-02,[27.06.2026][Course] เขียนพินัยกรรมด้วยตัวเองได้ง่าย ๆ ในราคา 399 บาท,IMG,MyLastBook,Meta,985,1163,235.55,1,329.0,1.3967,1.8,202.54,235.55,38,3.2674,3,0,0,1,ไม่ผ่าน,False,
Apr26,Unknown,2026-04-02,[26.06.2026][Course] ลูกเสียเวลาในศาลเป็นปี เพราะไม่มีพินัยกรรม,IMG,MyLastBook,Meta,1157,1405,251.2,3,1297.0,5.1632,1.8,178.79,83.73,78,5.5516,2,0,0,1,ผ่าน,False,
Apr26,Unknown,2026-04-02,[27.03.2026][Course] ลูกลำบากเมื่อเสาหลักจากไป เพราะไม่รู้สิทธิที่ควรได้ (CourseMSG),IMG,MyLastBook,Meta,3016,3611,515.56,3,987.0,1.9144,1.8,142.77,171.85,266,7.3664,3,0,0,1,ผ่าน,False,
Apr26,Unknown,2026-04-02,[1.04.2026][Course] หนี้ท่วมหัวทำไมต้องทำพินัยกรรม,IMG,MyLastBook,Meta,90,101,20.23,1,329.0,16.263,1.8,200.3,20.23,6,5.9406,0,0,0,1,ผ่าน,False,
Apr26,Unknown,2026-04-03,[10.10.2025][Course] อย่ารอทำพินัยกรรมตอนแก่ - งานศพ (VDO),IMG,MyLastBook,Meta,20813,23194,1799.89,11,3709.0,2.0607,1.8,77.6,163.63,767,3.3069,45,0,0,1,ผ่าน,False,
Apr26,Unknown,2026-04-03,[14.10.2025][Course] Unpack เน้นเขียน (VDO),IMG,MyLastBook,Meta,0,0,0.0,1,899.0,0.0,1.8,0.0,0.0,0,0.0,0,0,0,1,ไม่ผ่าน,False,
Apr26,Unknown,2026-04-03,[11.02.2026][Course] ทำเอง VS จ้างทนาย,IMG,MyLastBook,Meta,336,369,46.21,0,0.0,0.0,1.8,125.23,0.0,19,5.1491,0,0,0,1,ไม่มียอดขาย,False,
Apr26,Unknown,2026-04-03,[13.02.2026][Course] ชีวิตลูกจะง่าย ถ้าพ่อแม่เตรียมพินัยกรรม,IMG,MyLastBook,Meta,469,540,66.18,0,0.0,0.0,1.8,122.56,0.0,19,3.5185,0,0,0,1,ไม่มียอดขาย,False,
Apr26,Unknown,2026-04-03,[11.02.2026][Course] ทำเอง VS จ้างทนาย,IMG,MyLastBook,Meta,601,667,84.66,0,0.0,0.0,1.8,126.93,0.0,30,4.4978,2,0,0,1,ไม่มียอดขาย,False,
Apr26,Unknown,2026-04-03,[11.02.2026][Course] อยากทำพินัยกรรม แต่ไม่มีเงินจ้างทนาย,IMG,MyLastBook,Meta,10005,11488,1052.31,8,2632.0,2.5012,1.8,91.6,131.54,339,2.9509,22,0,0,1,ผ่าน,False,
Apr26,Unknown,2026-04-03,[13.02.2026][Course] ชีวิตลูกจะง่าย ถ้าพ่อแม่เตรียมพินัยกรรม,IMG,MyLastBook,Meta,2584,3220,532.93,2,658.0,1.2347,1.8,165.51,266.46,118,3.6646,4,0,0,1,ไม่ผ่าน,False,
Apr26,Unknown,2026-04-03,[18.02.2026][Course] พ่อแม่เสียชีวิต ลูกจัดการไม่ถูก (เปิดด้วยเหตุการณ์),IMG,MyLastBook,Meta,0,0,0.0,0,0.0,0.0,1.8,0.0,0.0,0,0.0,0,0,0,1,ไม่มียอดขาย,False,
Apr26,Unknown,2026-04-03,[18.02.2026][Course] พ่อแม่เสียชีวิต ลูกจัดการไม่ถูก (เปิดด้วยเหตุการณ์),IMG,MyLastBook,Meta,2382,2464,245.68,1,329.0,1.3391,1.8,99.71,245.68,110,4.4643,4,0,0,1,ไม่ผ่าน,False,
Apr26,Unknown,2026-04-03,[18.02.2026][Course] พ่อแม่เสียชีวิต ลูกจัดการไม่ถูก (เปิดด้วยเหตุการณ์),IMG,MyLastBook,Meta,11457,12376,988.82,5,1955.0,1.9771,1.8,79.9,197.76,555,4.4845,51,0,0,1,ผ่าน,False,
Apr26,Unknown,2026-04-03,[3.03.2026][PILOT][GD] ลูกหลานไม่เคยมาเหลียวแล ทำไมยังต้องทำพินัยกรรม?,IMG,MyLastBook,Meta,0,0,0.0,0,0.0,0.0,1.8,0.0,0.0,0,0.0,0,0,0,1,ไม่มียอดขาย,False,
Apr26,Unknown,2026-04-03,[26.06.2026][Course] ลูกเสียเวลาในศาลเป็นปี เพราะไม่มีพินัยกรรม,IMG,MyLastBook,Meta,5304,6210,812.09,6,1974.0,2.4308,1.8,130.77,135.35,346,5.5717,16,0,0,1,ผ่าน,False,
Apr26,Unknown,2026-04-03,[1.04.2026][Course] หนี้ท่วมหัวทำไมต้องทำพินัยกรรม,IMG,MyLastBook,Meta,568,617,113.8,0,0.0,0.0,1.8,184.44,0.0,23,3.7277,0,0,0,1,ไม่มียอดขาย,False,
Apr26,Unknown,2026-04-04,[10.10.2025][Course] อย่ารอทำพินัยกรรมตอนแก่ - งานศพ (VDO),IMG,MyLastBook,Meta,22626,25483,1904.55,13,4667.0,2.4504,1.8,74.74,146.5,872,3.4219,44,0,0,1,ผ่าน,False,
Apr26,Unknown,2026-04-04,[11.02.2026][Course] ทำเอง VS จ้างทนาย,IMG,MyLastBook,Meta,100,102,12.83,1,329.0,25.643,1.8,125.78,12.83,2,1.9608,0,0,0,1,ผ่าน,False,
Apr26,Unknown,2026-04-04,[13.02.2026][Course] ชีวิตลูกจะง่าย ถ้าพ่อแม่เตรียมพินัยกรรม,IMG,MyLastBook,Meta,299,331,40.15,0,0.0,0.0,1.8,121.3,0.0,2,0.6042,1,0,0,1,ไม่มียอดขาย,False,
Apr26,Unknown,2026-04-04,[11.02.2026][Course] ทำเอง VS จ้างทนาย,IMG,MyLastBook,Meta,457,501,62.11,1,639.0,10.2882,1.8,123.97,62.11,18,3.5928,2,0,0,1,ผ่าน,False,
Apr26,Unknown,2026-04-04,[11.02.2026][Course] อยากทำพินัยกรรม แต่ไม่มีเงินจ้างทนาย,IMG,MyLastBook,Meta,15773,17998,1311.99,11,3929.0,2.9947,1.8,72.9,119.27,559,3.1059,44,0,0,1,ผ่าน,False,
Apr26,Unknown,2026-04-04,[13.02.2026][Course] ชีวิตลูกจะง่าย ถ้าพ่อแม่เตรียมพินัยกรรม,IMG,MyLastBook,Meta,2881,3450,432.09,3,1297.0,3.0017,1.8,125.24,144.03,128,3.7101,9,0,0,1,ผ่าน,False,
Apr26,Unknown,2026-04-04,[18.02.2026][Course] พ่อแม่เสียชีวิต ลูกจัดการไม่ถูก (เปิดด้วยเหตุการณ์),IMG,MyLastBook,Meta,0,0,0.0,0,0.0,0.0,1.8,0.0,0.0,0,0.0,0,0,0,1,ไม่มียอดขาย,False,
Apr26,Unknown,2026-04-04,[18.02.2026][Course] พ่อแม่เสียชีวิต ลูกจัดการไม่ถูก (เปิดด้วยเหตุการณ์),IMG,MyLastBook,Meta,1641,1696,93.53,0,0.0,0.0,1.8,55.15,0.0,64,3.7736,6,0,0,1,ไม่มียอดขาย,False,
Apr26,Unknown,2026-04-04,[18.02.2026][Course] พ่อแม่เสียชีวิต ลูกจัดการไม่ถูก (เปิดด้วยเหตุการณ์),IMG,MyLastBook,Meta,15944,16820,965.69,6,2044.0,2.1166,1.8,57.41,160.95,654,3.8882,52,0,0,1,ผ่าน,False,
Apr26,Unknown,2026-04-04,[26.06.2026][Course] ลูกเสียเวลาในศาลเป็นปี เพราะไม่มีพินัยกรรม,IMG,MyLastBook,Meta,6278,7290,873.72,7,2303.0,2.6359,1.8,119.85,124.82,350,4.8011,20,0,0,1,ผ่าน,False,
Apr26,Unknown,2026-04-04,[1.04.2026][Course] หนี้ท่วมหัวทำไมต้องทำพินัยกรรม,IMG,MyLastBook,Meta,348,376,62.6,0,0.0,0.0,1.8,166.49,0.0,22,5.8511,0,0,0,1,ไม่มียอดขาย,False,
Apr26,Unknown,2026-04-05,[10.10.2025][Course] อย่ารอทำพินัยกรรมตอนแก่ - งานศพ (VDO),IMG,MyLastBook,Meta,15275,18994,2086.31,11,4239.0,2.0318,1.8,109.84,189.66,547,2.8799,31,0,0,1,ผ่าน,False,
Apr26,Unknown,2026-04-05,[14.10.2025][Course] Unpack เน้นเขียน (VDO),IMG,MyLastBook,Meta,0,0,0.0,0,0.0,0.0,1.8,0.0,0.0,0,0.0,1,0,0,1,ไม่มียอดขาย,False,
Apr26,Unknown,2026-04-05,[11.02.2026][Course] ทำเอง VS จ้างทนาย,IMG,MyLastBook,Meta,102,106,18.6,0,0.0,0.0,1.8,175.47,0.0,3,2.8302,0,0,0,1,ไม่มียอดขาย,False,
Apr26,Unknown,2026-04-05,[13.02.2026][Course] ชีวิตลูกจะง่าย ถ้าพ่อแม่เตรียมพินัยกรรม,IMG,MyLastBook,Meta,103,110,12.18,0,0.0,0.0,1.8,110.73,0.0,2,1.8182,1,0,0,1,ไม่มียอดขาย,False,
Apr26,Unknown,2026-04-05,[11.02.2026][Course] ทำเอง VS จ้างทนาย,IMG,MyLastBook,Meta,141,152,39.2,0,0.0,0.0,1.8,257.89,0.0,8,5.2632,1,0,0,1,ไม่มียอดขาย,False,
Apr26,Unknown,2026-04-05,[11.02.2026][Course] อยากทำพินัยกรรม แต่ไม่มีเงินจ้างทนาย,IMG,MyLastBook,Meta,10078,10860,887.16,6,2284.0,2.5745,1.8,81.69,147.86,328,3.0203,19,0,0,1,ผ่าน,False,
Apr26,Unknown,2026-04-05,[13.02.2026][Course] ชีวิตลูกจะง่าย ถ้าพ่อแม่เตรียมพินัยกรรม,IMG,MyLastBook,Meta,903,1026,107.13,1,639.0,5.9647,1.8,104.42,107.13,35,3.4113,1,0,0,1,ผ่าน,False,
Apr26,Unknown,2026-04-05,[18.02.2026][Course] พ่อแม่เสียชีวิต ลูกจัดการไม่ถูก (เปิดด้วยเหตุการณ์),IMG,MyLastBook,Meta,0,0,0.0,0,0.0,0.0,1.8,0.0,0.0,0,0.0,0,0,0,1,ไม่มียอดขาย,False,
Apr26,Unknown,2026-04-05,[18.02.2026][Course] พ่อแม่เสียชีวิต ลูกจัดการไม่ถูก (เปิดด้วยเหตุการณ์),IMG,MyLastBook,Meta,1495,1520,109.26,1,688.0,6.2969,1.8,71.88,109.26,62,4.0789,5,0,0,1,ผ่าน,False,
Apr26,Unknown,2026-04-05,[18.02.2026][Course] พ่อแม่เสียชีวิต ลูกจัดการไม่ถูก (เปิดด้วยเหตุการณ์),IMG,MyLastBook,Meta,26800,29329,1711.87,12,3948.0,2.3062,1.8,58.37,142.66,1061,3.6176,108,0,0,1,ผ่าน,False,
Apr26,Unknown,2026-04-05,[26.06.2026][Course] ลูกเสียเวลาในศาลเป็นปี เพราะไม่มีพินัยกรรม,IMG,MyLastBook,Meta,8159,9503,1279.36,8,2632.0,2.0573,1.8,134.63,159.92,457,4.809,34,0,0,1,ผ่าน,False,
Apr26,Unknown,2026-04-05,[1.04.2026][Course] หนี้ท่วมหัวทำไมต้องทำพินัยกรรม,IMG,MyLastBook,Meta,822,954,149.35,1,329.0,2.2029,1.8,156.55,149.35,31,3.2495,0,0,0,1,ผ่าน,False,
Apr26,Unknown,2026-04-06,[10.10.2025][Course] อย่ารอทำพินัยกรรมตอนแก่ - งานศพ (VDO),IMG,MyLastBook,Meta,18585,24896,2808.6,20,6890.0,2.4532,1.8,112.81,140.43,792,3.1812,43,0,0,1,ผ่าน,False,
Apr26,Unknown,2026-04-06,[11.02.2026][Course] อยากทำพินัยกรรม แต่ไม่มีเงินจ้างทนาย,IMG,MyLastBook,Meta,0,0,0.0,0,0.0,0.0,1.8,0.0,0.0,0,0.0,1,0,0,1,ไม่มียอดขาย,False,
Apr26,Unknown,2026-04-06,[18.02.2026][Course] พ่อแม่เสียชีวิต ลูกจัดการไม่ถูก (เปิดด้วยเหตุการณ์),IMG,MyLastBook,Meta,0,0,0.0,0,0.0,0.0,1.8,0.0,0.0,0,0.0,0,0,0,1,ไม่มียอดขาย,False,
Apr26,Unknown,2026-04-06,[18.02.2026][Course] พ่อแม่เสียชีวิต ลูกจัดการไม่ถูก (เปิดด้วยเหตุการณ์),IMG,MyLastBook,Meta,32982,34968,2010.26,5,1645.0,0.8183,1.8,57.49,402.05,1196,3.4203,96,0,0,1,ไม่ผ่าน,False,
Apr26,Unknown,2026-04-06,[3.03.2026][PILOT][GD] ลูกหลานไม่เคยมาเหลียวแล ทำไมยังต้องทำพินัยกรรม?,IMG,MyLastBook,Meta,0,0,0.0,0,0.0,0.0,1.8,0.0,0.0,0,0.0,0,0,0,1,ไม่มียอดขาย,False,
Apr26,Unknown,2026-04-06,[26.06.2026][Course] ลูกเสียเวลาในศาลเป็นปี เพราะไม่มีพินัยกรรม,IMG,MyLastBook,Meta,9502,10569,1285.78,8,2702.0,2.1014,1.8,121.66,160.72,509,4.816,38,0,0,1,ผ่าน,False,
Apr26,Unknown,2026-04-06,[1.04.2026][Course] หนี้ท่วมหัวทำไมต้องทำพินัยกรรม,IMG,MyLastBook,Meta,2240,2803,403.28,2,678.0,1.6812,1.8,143.87,201.64,114,4.0671,3,0,0,1,ไม่ผ่าน,False,
Apr26,Unknown,2026-04-07,[10.10.2025][Course] อย่ารอทำพินัยกรรมตอนแก่ - งานศพ (VDO),IMG,MyLastBook,Meta,23890,28217,2895.92,11,5428.0,1.8744,1.8,102.63,263.27,894,3.1683,51,0,0,1,ผ่าน,False,
Apr26,Unknown,2026-04-07,[11.02.2026][Course] อยากทำพินัยกรรม แต่ไม่มีเงินจ้างทนาย,IMG,MyLastBook,Meta,0,0,0.0,1,449.0,0.0,1.8,0.0,0.0,0,0.0,0,0,0,1,ไม่ผ่าน,False,
Apr26,Unknown,2026-04-07,[13.02.2026][Course] ชีวิตลูกจะง่าย ถ้าพ่อแม่เตรียมพินัยกรรม,IMG,MyLastBook,Meta,0,0,0.0,0,0.0,0.0,1.8,0.0,0.0,0,0.0,0,0,0,1,ไม่มียอดขาย,False,
Apr26,Unknown,2026-04-07,[18.02.2026][Course] พ่อแม่เสียชีวิต ลูกจัดการไม่ถูก (เปิดด้วยเหตุการณ์),IMG,MyLastBook,Meta,0,0,0.0,0,0.0,0.0,1.8,0.0,0.0,0,0.0,0,0,0,1,ไม่มียอดขาย,False,
Apr26,Unknown,2026-04-07,[18.02.2026][Course] พ่อแม่เสียชีวิต ลูกจัดการไม่ถูก (เปิดด้วยเหตุการณ์),IMG,MyLastBook,Meta,29031,30505,1608.32,10,4320.0,2.686,1.8,52.72,160.83,1124,3.6846,84,0,0,1,ผ่าน,False,
Apr26,Unknown,2026-04-07,[17.03.2026][PILOT][GD] เจาะลึกคู่มือทำพินัยกรรมที่ครบถ้วนที่สุดปี 2026,IMG,MyLastBook,Meta,8997,9720,708.09,5,2145.0,3.0293,1.8,72.85,141.62,382,3.93,7,0,0,1,ผ่าน,False,
Apr26,Unknown,2026-04-07,[26.06.2026][Course] ลูกเสียเวลาในศาลเป็นปี เพราะไม่มีพินัยกรรม,IMG,MyLastBook,Meta,11341,12183,1410.83,9,3581.0,2.5382,1.8,115.8,156.76,530,4.3503,31,0,0,1,ผ่าน,False,
Apr26,Unknown,2026-04-07,[1.04.2026][Course] หนี้ท่วมหัวทำไมต้องทำพินัยกรรม,IMG,MyLastBook,Meta,1162,1272,221.33,2,1298.0,5.8645,1.8,174.0,110.67,52,4.088,1,0,0,1,ผ่าน,False,
Apr26,Unknown,2026-04-07,[13.02.2026][Course] ชีวิตลูกจะง่าย ถ้าพ่อแม่เตรียมพินัยกรรม,IMG,MyLastBook,Meta,4018,4232,385.49,3,1487.0,3.8574,1.8,91.09,128.5,172,4.0643,8,0,0,1,ผ่าน,False,
Apr26,Unknown,2026-04-07,[14.10.2025][Course] Unpack เน้นเขียน (VDO),IMG,MyLastBook,Meta,9262,9979,854.67,5,2895.0,3.3873,1.8,85.65,170.93,237,2.375,21,0,0,1,ผ่าน,False,
Apr26,Unknown,2026-04-07,[11.02.2026][Course] อยากทำพินัยกรรม แต่ไม่มีเงินจ้างทนาย,IMG,MyLastBook,Meta,947,994,78.49,0,0.0,0.0,1.8,78.96,0.0,36,3.6217,1,0,0,1,ไม่มียอดขาย,False,
Apr26,Unknown,2026-04-07,[18.02.2026][Course] พ่อแม่เสียชีวิต ลูกจัดการไม่ถูก (เปิดด้วยเหตุการณ์),IMG,MyLastBook,Meta,361,365,23.47,0,0.0,0.0,1.8,64.3,0.0,21,5.7534,3,0,0,1,ไม่มียอดขาย,False,
Apr26,Unknown,2026-04-07,[11.02.2026][Course] ทำเอง VS จ้างทนาย,IMG,MyLastBook,Meta,27,32,2.16,0,0.0,0.0,1.8,67.5,0.0,0,0.0,0,0,0,1,ไม่มียอดขาย,False,
Apr26,Unknown,2026-04-08,[10.10.2025][Course] อย่ารอทำพินัยกรรมตอนแก่ - งานศพ (VDO),IMG,MyLastBook,Meta,33099,39139,2882.4,20,9640.0,3.3444,1.8,73.65,144.12,1017,2.5984,56,0,0,1,ผ่าน,False,
Apr26,Unknown,2026-04-08,[14.10.2025][Course] Unpack เน้นเขียน (VDO),IMG,MyLastBook,Meta,0,0,0.0,0,0.0,0.0,1.8,0.0,0.0,0,0.0,0,0,0,1,ไม่มียอดขาย,False,
Apr26,Unknown,2026-04-08,[11.02.2026][Course] อยากทำพินัยกรรม แต่ไม่มีเงินจ้างทนาย,IMG,MyLastBook,Meta,0,0,0.0,1,329.0,0.0,1.8,0.0,0.0,0,0.0,0,0,0,1,ไม่ผ่าน,False,
Apr26,Unknown,2026-04-08,[18.02.2026][Course] พ่อแม่เสียชีวิต ลูกจัดการไม่ถูก (เปิดด้วยเหตุการณ์),IMG,MyLastBook,Meta,106,108,9.95,0,0.0,0.0,1.8,92.13,0.0,4,3.7037,1,0,0,1,ไม่มียอดขาย,False,
Apr26,Unknown,2026-04-08,[3.03.2026][PILOT][GD] พินัยกรรมที่ดินเขียนยังไง ให้รัดกุมและใช้ได้จริงด้วย My Last Book,IMG,MyLastBook,Meta,0,0,0.0,0,0.0,0.0,1.8,0.0,0.0,0,0.0,0,0,0,1,ไม่มียอดขาย,False,
Apr26,Unknown,2026-04-08,[17.03.2026][PILOT][GD] เจาะลึกคู่มือทำพินัยกรรมที่ครบถ้วนที่สุดปี 2026,IMG,MyLastBook,Meta,4358,4918,426.19,2,798.0,1.8724,1.8,86.66,213.09,237,4.819,5,0,0,1,ผ่าน,False,
Apr26,Unknown,2026-04-08,[26.06.2026][Course] ลูกเสียเวลาในศาลเป็นปี เพราะไม่มีพินัยกรรม,IMG,MyLastBook,Meta,5889,6591,671.33,1,449.0,0.6688,1.8,101.86,671.33,272,4.1268,9,0,0,1,ไม่ผ่าน,False,
Apr26,Unknown,2026-04-08,[1.04.2026][Course] หนี้ท่วมหัวทำไมต้องทำพินัยกรรม,IMG,MyLastBook,Meta,1794,1946,218.43,1,329.0,1.5062,1.8,112.25,218.43,70,3.5971,1,0,0,1,ไม่ผ่าน,False,
Apr26,Unknown,2026-04-08,[13.02.2026][Course] ชีวิตลูกจะง่าย ถ้าพ่อแม่เตรียมพินัยกรรม,IMG,MyLastBook,Meta,450,502,107.07,0,0.0,0.0,1.8,213.29,0.0,26,5.1793,1,0,0,1,ไม่มียอดขาย,False,
Apr26,Unknown,2026-04-08,[14.10.2025][Course] Unpack เน้นเขียน (VDO),IMG,MyLastBook,Meta,2567,2824,322.84,0,0.0,0.0,1.8,114.32,0.0,71,2.5142,1,0,0,1,ไม่มียอดขาย,False,
Apr26,Unknown,2026-04-08,[11.02.2026][Course] อยากทำพินัยกรรม แต่ไม่มีเงินจ้างทนาย,IMG,MyLastBook,Meta,789,861,122.39,0,0.0,0.0,1.8,142.15,0.0,48,5.5749,1,0,0,1,ไม่มียอดขาย,False,
Apr26,Unknown,2026-04-08,[18.02.2026][Course] พ่อแม่เสียชีวิต ลูกจัดการไม่ถูก (เปิดด้วยเหตุการณ์),IMG,MyLastBook,Meta,18437,19092,1572.83,4,2316.0,1.4725,1.8,82.38,393.21,962,5.0388,57,0,0,1,ไม่ผ่าน,False,
Apr26,Unknown,2026-04-08,[11.02.2026][Course] ทำเอง VS จ้างทนาย,IMG,MyLastBook,Meta,271,301,66.29,1,449.0,6.7733,1.8,220.23,66.29,24,7.9734,1,0,0,1,ผ่าน,False,
Apr26,Unknown,2026-04-08,[18.02.2026][Course] พ่อแม่เสียชีวิต ลูกจัดการไม่ถูก (เปิดด้วยเหตุการณ์),IMG,MyLastBook,Meta,7445,7445,531.72,0,0.0,0.0,1.8,71.42,0.0,396,5.319,17,0,0,1,ไม่มียอดขาย,False,
Apr26,Unknown,2026-04-08,[17.03.2026][PILOT][GD] เจาะลึกคู่มือทำพินัยกรรมที่ครบถ้วนที่สุดปี 2026,IMG,MyLastBook,Meta,7226,8426,537.2,2,728.0,1.3552,1.8,63.76,268.6,360,4.2725,7,0,0,1,ไม่ผ่าน,False,
Apr26,Unknown,2026-04-08,[6.04.2026][Course] ไม่ทำพินัยกรรมไว้ ลูกหลานเสี่ยงโดนฮุบสมบัติได้,IMG,MyLastBook,Meta,72,78,9.53,0,0.0,0.0,1.8,122.18,0.0,1,1.2821,0,0,0,1,ไม่มียอดขาย,False,
Apr26,Unknown,2026-04-08,[8.04.2026][Course] เจาะลึกคู่มือทำพินัยกรรมที่ครอบคลุมที่สุดในปี 2026,IMG,MyLastBook,Meta,11,11,2.3,0,0.0,0.0,1.8,209.09,0.0,0,0.0,0,0,0,1,ไม่มียอดขาย,False,
Apr26,Unknown,2026-04-09,[10.10.2025][Course] อย่ารอทำพินัยกรรมตอนแก่ - งานศพ (VDO),IMG,MyLastBook,Meta,37507,43595,2825.03,15,6295.0,2.2283,1.8,64.8,188.34,994,2.2801,59,0,0,1,ผ่าน,False,
Apr26,Unknown,2026-04-09,[18.02.2026][Course] พ่อแม่เสียชีวิต ลูกจัดการไม่ถูก (เปิดด้วยเหตุการณ์),IMG,MyLastBook,Meta,0,0,0.0,0,0.0,0.0,1.8,0.0,0.0,0,0.0,0,0,0,1,ไม่มียอดขาย,False,
Apr26,Unknown,2026-04-09,[17.03.2026][PILOT][GD] เจาะลึกคู่มือทำพินัยกรรมที่ครบถ้วนที่สุดปี 2026,IMG,MyLastBook,Meta,0,0,0.0,0,0.0,0.0,1.8,0.0,0.0,0,0.0,0,0,0,1,ไม่มียอดขาย,False,
Apr26,Unknown,2026-04-09,[26.06.2026][Course] ลูกเสียเวลาในศาลเป็นปี เพราะไม่มีพินัยกรรม,IMG,MyLastBook,Meta,0,0,0.0,1,329.0,0.0,1.8,0.0,0.0,0,0.0,0,0,0,1,ไม่ผ่าน,False,
Apr26,Unknown,2026-04-09,[1.04.2026][Course] หนี้ท่วมหัวทำไมต้องทำพินัยกรรม,IMG,MyLastBook,Meta,0,0,0.0,0,0.0,0.0,1.8,0.0,0.0,0,0.0,0,0,0,1,ไม่มียอดขาย,False,
Apr26,Unknown,2026-04-09,[13.02.2026][Course] ชีวิตลูกจะง่าย ถ้าพ่อแม่เตรียมพินัยกรรม,IMG,MyLastBook,Meta,0,0,0.0,0,0.0,0.0,1.8,0.0,0.0,0,0.0,0,0,0,1,ไม่มียอดขาย,False,
Apr26,Unknown,2026-04-09,[14.10.2025][Course] Unpack เน้นเขียน (VDO),IMG,MyLastBook,Meta,0,0,0.0,0,0.0,0.0,1.8,0.0,0.0,0,0.0,0,0,0,1,ไม่มียอดขาย,False,
Apr26,Unknown,2026-04-09,[11.02.2026][Course] อยากทำพินัยกรรม แต่ไม่มีเงินจ้างทนาย,IMG,MyLastBook,Meta,3951,4706,469.41,5,2145.0,4.5696,1.8,99.75,93.88,169,3.5912,7,0,0,1,ผ่าน,False,
Apr26,Unknown,2026-04-09,[18.02.2026][Course] พ่อแม่เสียชีวิต ลูกจัดการไม่ถูก (เปิดด้วยเหตุการณ์),IMG,MyLastBook,Meta,10630,10910,968.94,2,898.0,0.9268,1.8,88.81,484.47,549,5.0321,43,0,0,1,ไม่ผ่าน,False,
Apr26,Unknown,2026-04-09,[11.02.2026][Course] ทำเอง VS จ้างทนาย,IMG,MyLastBook,Meta,1852,2206,405.24,4,1456.0,3.5929,1.8,183.7,101.31,96,4.3518,4,0,0,1,ผ่าน,False,
Apr26,Unknown,2026-04-09,[18.02.2026][Course] พ่อแม่เสียชีวิต ลูกจัดการไม่ถูก (เปิดด้วยเหตุการณ์),IMG,MyLastBook,Meta,6920,6920,475.6,1,729.0,1.5328,1.8,68.73,475.6,307,4.4364,23,0,0,1,ไม่ผ่าน,False,
Apr26,Unknown,2026-04-09,[17.03.2026][PILOT][GD] เจาะลึกคู่มือทำพินัยกรรมที่ครบถ้วนที่สุดปี 2026,IMG,MyLastBook,Meta,5342,7119,774.58,10,3960.0,5.1124,1.8,108.8,77.46,284,3.9893,9,0,0,1,ผ่าน,False,
Apr26,Unknown,2026-04-09,[8.04.2026][Course] เจาะลึกคู่มือทำพินัยกรรมที่ครอบคลุมที่สุดในปี 2026,IMG,MyLastBook,Meta,599,809,148.56,0,0.0,0.0,1.8,183.63,0.0,17,2.1014,1,0,0,1,ไม่มียอดขาย,False,
Apr26,Unknown,2026-04-10,[10.10.2025][Course] อย่ารอทำพินัยกรรมตอนแก่ - งานศพ (VDO),IMG,MyLastBook,Meta,30941,37038,2594.11,12,4268.0,1.6453,1.8,70.04,216.18,861,2.3246,51,0,0,1,ไม่ผ่าน,False,
Apr26,Unknown,2026-04-10,[11.02.2026][Course] อยากทำพินัยกรรม แต่ไม่มีเงินจ้างทนาย,IMG,MyLastBook,Meta,0,0,0.0,0,0.0,0.0,1.8,0.0,0.0,0,0.0,0,0,0,1,ไม่มียอดขาย,False,
Apr26,Unknown,2026-04-10,[18.02.2026][Course] พ่อแม่เสียชีวิต ลูกจัดการไม่ถูก (เปิดด้วยเหตุการณ์),IMG,MyLastBook,Meta,0,0,0.0,0,0.0,0.0,1.8,0.0,0.0,0,0.0,0,0,0,1,ไม่มียอดขาย,False,
Apr26,Unknown,2026-04-10,[18.02.2026][Course] พ่อแม่เสียชีวิต ลูกจัดการไม่ถูก (เปิดด้วยเหตุการณ์),IMG,MyLastBook,Meta,0,0,0.0,0,0.0,0.0,1.8,0.0,0.0,0,0.0,0,0,0,1,ไม่มียอดขาย,False,
Apr26,Unknown,2026-04-10,[26.06.2026][Course] ลูกเสียเวลาในศาลเป็นปี เพราะไม่มีพินัยกรรม,IMG,MyLastBook,Meta,0,0,0.0,0,0.0,0.0,1.8,0.0,0.0,0,0.0,0,0,0,1,ไม่มียอดขาย,False,
Apr26,Unknown,2026-04-10,[14.10.2025][Course] Unpack เน้นเขียน (VDO),IMG,MyLastBook,Meta,0,0,0.0,1,409.0,0.0,1.8,0.0,0.0,0,0.0,0,0,0,1,ไม่ผ่าน,False,
Apr26,Unknown,2026-04-10,[11.02.2026][Course] อยากทำพินัยกรรม แต่ไม่มีเงินจ้างทนาย,IMG,MyLastBook,Meta,7616,8686,666.38,3,1707.0,2.5616,1.8,76.72,222.13,215,2.4752,17,0,0,1,ผ่าน,False,
Apr26,Unknown,2026-04-10,[18.02.2026][Course] พ่อแม่เสียชีวิต ลูกจัดการไม่ถูก (เปิดด้วยเหตุการณ์),IMG,MyLastBook,Meta,16016,17076,944.14,2,698.0,0.7393,1.8,55.29,472.07,584,3.42,44,0,0,1,ไม่ผ่าน,False,
Apr26,Unknown,2026-04-10,[11.02.2026][Course] ทำเอง VS จ้างทนาย,IMG,MyLastBook,Meta,2498,2776,361.74,2,678.0,1.8743,1.8,130.31,180.87,99,3.5663,2,0,0,1,ผ่าน,False,
Apr26,Unknown,2026-04-10,[18.02.2026][Course] พ่อแม่เสียชีวิต ลูกจัดการไม่ถูก (เปิดด้วยเหตุการณ์),IMG,MyLastBook,Meta,15246,16258,902.11,4,2336.0,2.5895,1.8,55.49,225.53,566,3.4814,44,0,0,1,ผ่าน,False,
Apr26,Unknown,2026-04-10,[17.03.2026][PILOT][GD] เจาะลึกคู่มือทำพินัยกรรมที่ครบถ้วนที่สุดปี 2026,IMG,MyLastBook,Meta,2460,2947,412.82,1,329.0,0.797,1.8,140.08,412.82,118,4.0041,2,0,0,1,ไม่ผ่าน,False,
Apr26,Unknown,2026-04-10,[6.04.2026][Course] ไม่ทำพินัยกรรมไว้ ลูกหลานเสี่ยงโดนฮุบสมบัติได้,IMG,MyLastBook,Meta,12,12,0.52,1,349.0,671.1538,1.8,43.33,0.52,2,16.6667,1,0,0,1,ผ่าน,False,
Apr26,Unknown,2026-04-10,[8.04.2026][Course] เจาะลึกคู่มือทำพินัยกรรมที่ครอบคลุมที่สุดในปี 2026,IMG,MyLastBook,Meta,225,275,36.15,0,0.0,0.0,1.8,131.45,0.0,2,0.7273,0,0,0,1,ไม่มียอดขาย,False,
Apr26,Unknown,2026-04-10,[6.04.2026][Course] ไม่ทำพินัยกรรมไว้ ลูกหลานเสี่ยงโดนฮุบสมบัติได้,IMG,MyLastBook,Meta,123,135,14.46,0,0.0,0.0,1.8,107.11,0.0,3,2.2222,0,0,0,1,ไม่มียอดขาย,False,
Apr26,Unknown,2026-04-10,[6.04.2026][Course] ไม่ทำพินัยกรรมไว้ ลูกหลานเสี่ยงโดนฮุบสมบัติได้,IMG,MyLastBook,Meta,15,15,3.34,0,0.0,0.0,1.8,222.67,0.0,1,6.6667,0,0,0,1,ไม่มียอดขาย,False,
Apr26,Unknown,2026-04-10,[8.04.2026][Course] เจาะลึกคู่มือทำพินัยกรรมที่ครอบคลุมที่สุดในปี 2026,IMG,MyLastBook,Meta,1396,1622,170.78,0,0.0,0.0,1.8,105.29,0.0,31,1.9112,3,0,0,1,ไม่มียอดขาย,False,
Apr26,Unknown,2026-04-11,[10.10.2025][Course] อย่ารอทำพินัยกรรมตอนแก่ - งานศพ (VDO),IMG,MyLastBook,Meta,6195,6980,440.35,8,2742.0,6.2269,1.8,63.09,55.04,217,3.1089,17,0,0,1,ผ่าน,False,
Apr26,Unknown,2026-04-11,[18.02.2026][Course] พ่อแม่เสียชีวิต ลูกจัดการไม่ถูก (เปิดด้วยเหตุการณ์),IMG,MyLastBook,Meta,29823,31495,1717.19,11,3819.0,2.224,1.8,54.52,156.11,1458,4.6293,78,0,0,1,ผ่าน,False,
Apr26,Unknown,2026-04-11,[18.02.2026][Course] พ่อแม่เสียชีวิต ลูกจัดการไม่ถูก (เปิดด้วยเหตุการณ์),IMG,MyLastBook,Meta,0,0,0.0,0,0.0,0.0,1.8,0.0,0.0,0,0.0,0,0,0,1,ไม่มียอดขาย,False,
Apr26,Unknown,2026-04-11,[17.03.2026][PILOT][GD] เจาะลึกคู่มือทำพินัยกรรมที่ครบถ้วนที่สุดปี 2026,IMG,MyLastBook,Meta,0,0,0.0,0,0.0,0.0,1.8,0.0,0.0,0,0.0,0,0,0,1,ไม่มียอดขาย,False,
Apr26,Unknown,2026-04-11,[26.06.2026][Course] ลูกเสียเวลาในศาลเป็นปี เพราะไม่มีพินัยกรรม,IMG,MyLastBook,Meta,0,0,0.0,0,0.0,0.0,1.8,0.0,0.0,0,0.0,0,0,0,1,ไม่มียอดขาย,False,
Apr26,Unknown,2026-04-11,[14.10.2025][Course] Unpack เน้นเขียน (VDO),IMG,MyLastBook,Meta,0,0,0.0,0,0.0,0.0,1.8,0.0,0.0,0,0.0,0,0,0,1,ไม่มียอดขาย,False,
Apr26,Unknown,2026-04-11,[11.02.2026][Course] อยากทำพินัยกรรม แต่ไม่มีเงินจ้างทนาย,IMG,MyLastBook,Meta,4531,5063,342.73,1,349.0,1.0183,1.8,67.69,342.73,151,2.9824,8,0,0,1,ไม่ผ่าน,False,
Apr26,Unknown,2026-04-11,[18.02.2026][Course] พ่อแม่เสียชีวิต ลูกจัดการไม่ถูก (เปิดด้วยเหตุการณ์),IMG,MyLastBook,Meta,5715,5870,311.71,2,698.0,2.2393,1.8,53.1,155.85,219,3.7308,18,0,0,1,ผ่าน,False,
Apr26,Unknown,2026-04-11,[11.02.2026][Course] ทำเอง VS จ้างทนาย,IMG,MyLastBook,Meta,1526,1738,177.33,0,0.0,0.0,1.8,102.03,0.0,72,4.1427,0,0,0,1,ไม่มียอดขาย,False,
Apr26,Unknown,2026-04-11,[18.02.2026][Course] พ่อแม่เสียชีวิต ลูกจัดการไม่ถูก (เปิดด้วยเหตุการณ์),IMG,MyLastBook,Meta,12139,13440,558.3,1,349.0,0.6251,1.8,41.54,558.3,420,3.125,30,0,0,1,ไม่ผ่าน,False,
Apr26,Unknown,2026-04-11,[17.03.2026][PILOT][GD] เจาะลึกคู่มือทำพินัยกรรมที่ครบถ้วนที่สุดปี 2026,IMG,MyLastBook,Meta,0,0,0.0,0,0.0,0.0,1.8,0.0,0.0,0,0.0,0,0,0,1,ไม่มียอดขาย,False,
Apr26,Unknown,2026-04-11,[8.04.2026][Course] เจาะลึกคู่มือทำพินัยกรรมที่ครอบคลุมที่สุดในปี 2026,IMG,MyLastBook,Meta,121,136,17.51,0,0.0,0.0,1.8,128.75,0.0,3,2.2059,0,0,0,1,ไม่มียอดขาย,False,
Apr26,Unknown,2026-04-11,[6.04.2026][Course] ไม่ทำพินัยกรรมไว้ ลูกหลานเสี่ยงโดนฮุบสมบัติได้,IMG,MyLastBook,Meta,395,454,70.41,1,349.0,4.9567,1.8,155.09,70.41,17,3.7445,1,0,0,1,ผ่าน,False,
Apr26,Unknown,2026-04-11,[6.04.2026][Course] ไม่ทำพินัยกรรมไว้ ลูกหลานเสี่ยงโดนฮุบสมบัติได้,IMG,MyLastBook,Meta,8051,10001,792.77,5,1735.0,2.1885,1.8,79.27,158.55,293,2.9297,8,0,0,1,ผ่าน,False,
Apr26,Unknown,2026-04-11,[8.04.2026][Course] เจาะลึกคู่มือทำพินัยกรรมที่ครอบคลุมที่สุดในปี 2026,IMG,MyLastBook,Meta,2577,3065,292.64,5,1725.0,5.8946,1.8,95.48,58.53,76,2.4796,1,0,0,1,ผ่าน,False,
Apr26,Unknown,2026-04-12,[10.10.2025][Course] อย่ารอทำพินัยกรรมตอนแก่ - งานศพ (VDO),IMG,MyLastBook,Meta,10407,11807,938.33,8,2792.0,2.9755,1.8,79.47,117.29,338,2.8627,18,0,0,1,ผ่าน,False,
Apr26,Unknown,2026-04-12,[11.02.2026][Course] ทำเอง VS จ้างทนาย,IMG,MyLastBook,Meta,308,336,42.52,0,0.0,0.0,1.8,126.55,0.0,13,3.869,0,0,0,1,ไม่มียอดขาย,False,
Apr26,Unknown,2026-04-12,[13.02.2026][Course] ชีวิตลูกจะง่าย ถ้าพ่อแม่เตรียมพินัยกรรม,IMG,MyLastBook,Meta,369,427,67.21,0,0.0,0.0,1.8,157.4,0.0,13,3.0445,0,0,0,1,ไม่มียอดขาย,False,
Apr26,Unknown,2026-04-12,[18.02.2026][Course] พ่อแม่เสียชีวิต ลูกจัดการไม่ถูก (เปิดด้วยเหตุการณ์),IMG,MyLastBook,Meta,18842,19901,1242.27,3,1147.0,0.9233,1.8,62.42,414.09,817,4.1053,47,0,0,1,ไม่ผ่าน,False,
Apr26,Unknown,2026-04-12,[18.02.2026][Course] พ่อแม่เสียชีวิต ลูกจัดการไม่ถูก (เปิดด้วยเหตุการณ์),IMG,MyLastBook,Meta,0,0,0.0,0,0.0,0.0,1.8,0.0,0.0,0,0.0,0,0,0,1,ไม่มียอดขาย,False,
Apr26,Unknown,2026-04-12,[26.06.2026][Course] ลูกเสียเวลาในศาลเป็นปี เพราะไม่มีพินัยกรรม,IMG,MyLastBook,Meta,0,0,0.0,0,0.0,0.0,1.8,0.0,0.0,0,0.0,0,0,0,1,ไม่มียอดขาย,False,
Apr26,Unknown,2026-04-12,[14.10.2025][Course] Unpack เน้นเขียน (VDO),IMG,MyLastBook,Meta,0,0,0.0,0,0.0,0.0,1.8,0.0,0.0,0,0.0,1,0,0,1,ไม่มียอดขาย,False,
Apr26,Unknown,2026-04-12,[11.02.2026][Course] อยากทำพินัยกรรม แต่ไม่มีเงินจ้างทนาย,IMG,MyLastBook,Meta,8375,9356,548.18,5,1795.0,3.2745,1.8,58.59,109.64,285,3.0462,17,0,0,1,ผ่าน,False,
Apr26,Unknown,2026-04-12,[18.02.2026][Course] พ่อแม่เสียชีวิต ลูกจัดการไม่ถูก (เปิดด้วยเหตุการณ์),IMG,MyLastBook,Meta,6315,6682,317.9,2,698.0,2.1957,1.8,47.58,158.95,283,4.2353,27,0,0,1,ผ่าน,False,
Apr26,Unknown,2026-04-12,[11.02.2026][Course] ทำเอง VS จ้างทนาย,IMG,MyLastBook,Meta,1184,1301,137.93,1,449.0,3.2553,1.8,106.02,137.93,41,3.1514,1,0,0,1,ผ่าน,False,
Apr26,Unknown,2026-04-12,[18.02.2026][Course] พ่อแม่เสียชีวิต ลูกจัดการไม่ถูก (เปิดด้วยเหตุการณ์),IMG,MyLastBook,Meta,16933,17435,900.91,4,1776.0,1.9713,1.8,51.67,225.23,674,3.8658,51,0,0,1,ผ่าน,False,
Apr26,Unknown,2026-04-12,[17.03.2026][PILOT][GD] เจาะลึกคู่มือทำพินัยกรรมที่ครบถ้วนที่สุดปี 2026,IMG,MyLastBook,Meta,0,0,0.0,0,0.0,0.0,1.8,0.0,0.0,0,0.0,0,0,0,1,ไม่มียอดขาย,False,
Apr26,Unknown,2026-04-12,[8.04.2026][Course] เจาะลึกคู่มือทำพินัยกรรมที่ครอบคลุมที่สุดในปี 2026,IMG,MyLastBook,Meta,135,151,13.24,0,0.0,0.0,1.8,87.68,0.0,9,5.9603,0,0,0,1,ไม่มียอดขาย,False,
Apr26,Unknown,2026-04-12,[6.04.2026][Course] ไม่ทำพินัยกรรมไว้ ลูกหลานเสี่ยงโดนฮุบสมบัติได้,IMG,MyLastBook,Meta,3570,4123,328.06,1,349.0,1.0638,1.8,79.57,328.06,112,2.7165,3,0,0,1,ไม่ผ่าน,False,
Apr26,Unknown,2026-04-12,[6.04.2026][Course] ไม่ทำพินัยกรรมไว้ ลูกหลานเสี่ยงโดนฮุบสมบัติได้,IMG,MyLastBook,Meta,8255,9928,882.25,7,2873.0,3.2564,1.8,88.86,126.04,311,3.1326,15,0,0,1,ผ่าน,False,
Apr26,Unknown,2026-04-12,[8.04.2026][Course] เจาะลึกคู่มือทำพินัยกรรมที่ครอบคลุมที่สุดในปี 2026,IMG,MyLastBook,Meta,1019,1408,259.14,3,1147.0,4.4262,1.8,184.05,86.38,41,2.9119,0,0,0,1,ผ่าน,False,
Apr26,Unknown,2026-04-13,[10.10.2025][Course] อย่ารอทำพินัยกรรมตอนแก่ - งานศพ (VDO),IMG,MyLastBook,Meta,13621,15647,1184.94,8,2842.0,2.3984,1.8,75.73,148.12,455,2.9079,37,0,0,1,ผ่าน,False,
Apr26,Unknown,2026-04-13,[11.02.2026][Course] ทำเอง VS จ้างทนาย,IMG,MyLastBook,Meta,1090,1153,129.85,0,0.0,0.0,1.8,112.62,0.0,45,3.9029,0,0,0,1,ไม่มียอดขาย,False,
Apr26,Unknown,2026-04-13,[13.02.2026][Course] ชีวิตลูกจะง่าย ถ้าพ่อแม่เตรียมพินัยกรรม,IMG,MyLastBook,Meta,1537,1747,181.68,1,349.0,1.921,1.8,104.0,181.68,64,3.6634,3,0,0,1,ผ่าน,False,
Apr26,Unknown,2026-04-13,[18.02.2026][Course] พ่อแม่เสียชีวิต ลูกจัดการไม่ถูก (เปิดด้วยเหตุการณ์),IMG,MyLastBook,Meta,25455,27161,1485.13,1,349.0,0.235,1.8,54.68,1485.13,1075,3.9579,70,0,0,1,ไม่ผ่าน,False,
Apr26,Unknown,2026-04-13,[13.02.2026][Course] ชีวิตลูกจะง่าย ถ้าพ่อแม่เตรียมพินัยกรรม,IMG,MyLastBook,Meta,25,25,4.59,0,0.0,0.0,1.8,183.6,0.0,2,8.0,0,0,0,1,ไม่มียอดขาย,False,
Apr26,Unknown,2026-04-13,[14.10.2025][Course] Unpack เน้นเขียน (VDO),IMG,MyLastBook,Meta,123,128,6.98,0,0.0,0.0,1.8,54.53,0.0,5,3.9062,0,0,0,1,ไม่มียอดขาย,False,
Apr26,Unknown,2026-04-13,[11.02.2026][Course] อยากทำพินัยกรรม แต่ไม่มีเงินจ้างทนาย,IMG,MyLastBook,Meta,16655,18686,952.31,6,2184.0,2.2934,1.8,50.96,158.72,505,2.7026,24,0,0,1,ผ่าน,False,
Apr26,Unknown,2026-04-13,[18.02.2026][Course] พ่อแม่เสียชีวิต ลูกจัดการไม่ถูก (เปิดด้วยเหตุการณ์),IMG,MyLastBook,Meta,5368,5368,254.07,2,758.0,2.9834,1.8,47.33,127.03,232,4.3219,19,0,0,1,ผ่าน,False,
Apr26,Unknown,2026-04-13,[11.02.2026][Course] ทำเอง VS จ้างทนาย,IMG,MyLastBook,Meta,795,854,122.48,2,698.0,5.6989,1.8,143.42,61.24,32,3.7471,0,0,0,1,ผ่าน,False,
Apr26,Unknown,2026-04-13,[18.02.2026][Course] พ่อแม่เสียชีวิต ลูกจัดการไม่ถูก (เปิดด้วยเหตุการณ์),IMG,MyLastBook,Meta,7113,7356,453.8,2,698.0,1.5381,1.8,61.69,226.9,317,4.3094,29,0,0,1,ไม่ผ่าน,False,
Apr26,Unknown,2026-04-13,[17.03.2026][PILOT][GD] เจาะลึกคู่มือทำพินัยกรรมที่ครบถ้วนที่สุดปี 2026,IMG,MyLastBook,Meta,0,0,0.0,0,0.0,0.0,1.8,0.0,0.0,0,0.0,0,0,0,1,ไม่มียอดขาย,False,
Apr26,Unknown,2026-04-13,[6.04.2026][Course] ไม่ทำพินัยกรรมไว้ ลูกหลานเสี่ยงโดนฮุบสมบัติได้,IMG,MyLastBook,Meta,2656,2733,174.05,0,0.0,0.0,1.8,63.68,0.0,82,3.0004,1,0,0,1,ไม่มียอดขาย,False,
Apr26,Unknown,2026-04-13,[8.04.2026][Course] เจาะลึกคู่มือทำพินัยกรรมที่ครอบคลุมที่สุดในปี 2026,IMG,MyLastBook,Meta,180,203,27.5,1,349.0,12.6909,1.8,135.47,27.5,7,3.4483,0,0,0,1,ผ่าน,False,
Apr26,Unknown,2026-04-13,[6.04.2026][Course] ไม่ทำพินัยกรรมไว้ ลูกหลานเสี่ยงโดนฮุบสมบัติได้,IMG,MyLastBook,Meta,0,0,0.0,0,0.0,0.0,1.8,0.0,0.0,0,0.0,0,0,0,1,ไม่มียอดขาย,False,
Apr26,Unknown,2026-04-13,[6.04.2026][Course] ไม่ทำพินัยกรรมไว้ ลูกหลานเสี่ยงโดนฮุบสมบัติได้,IMG,MyLastBook,Meta,9353,11089,777.49,4,1486.0,1.9113,1.8,70.11,194.37,272,2.4529,6,0,0,1,ผ่าน,False,
Apr26,Unknown,2026-04-13,[8.04.2026][Course] เจาะลึกคู่มือทำพินัยกรรมที่ครอบคลุมที่สุดในปี 2026,IMG,MyLastBook,Meta,950,1250,172.75,3,1147.0,6.6397,1.8,138.2,57.58,37,2.96,4,0,0,1,ผ่าน,False,
Apr26,Unknown,2026-04-13,[13.04.2026][PILOT][GD] ไม่มีลูก ไม่มีแฟน! ทำไมถึงควรทำพินัยกรรม?,IMG,MyLastBook,Meta,617,676,86.51,0,0.0,0.0,1.8,127.97,0.0,28,4.142,0,0,0,1,ไม่มียอดขาย,False,
Apr26,Unknown,2026-04-13,[11.04.2026][PILOT][GD] ไม่มีตังค์จ้างทนาย ก็เขียนพินัยกรรมเองได้,IMG,MyLastBook,Meta,4010,5049,477.78,3,1387.0,2.903,1.8,94.63,159.26,268,5.308,3,0,0,1,ผ่าน,False,
Apr26,Unknown,2026-04-13,[11.04.2026][PILOT][GD] โปรโมชันซื้อ 1 แถม 1 (11-15 Apr),IMG,MyLastBook,Meta,11139,14207,1111.35,8,3492.0,3.1421,1.8,78.23,138.92,409,2.8789,23,0,0,1,ผ่าน,False,
Apr26,Unknown,2026-04-14,[10.10.2025][Course] อย่ารอทำพินัยกรรมตอนแก่ - งานศพ (VDO),IMG,MyLastBook,Meta,26587,31556,1771.2,12,5108.0,2.8839,1.8,56.13,147.6,802,2.5415,44,0,0,1,ผ่าน,False,
Apr26,Unknown,2026-04-14,[11.02.2026][Course] ทำเอง VS จ้างทนาย,IMG,MyLastBook,Meta,0,0,0.0,0,0.0,0.0,1.8,0.0,0.0,0,0.0,0,0,0,1,ไม่มียอดขาย,False,
Apr26,Unknown,2026-04-14,[13.02.2026][Course] ชีวิตลูกจะง่าย ถ้าพ่อแม่เตรียมพินัยกรรม,IMG,MyLastBook,Meta,1474,1709,187.35,0,0.0,0.0,1.8,109.63,0.0,62,3.6279,1,0,0,1,ไม่มียอดขาย,False,
Apr26,Unknown,2026-04-14,[18.02.2026][Course] พ่อแม่เสียชีวิต ลูกจัดการไม่ถูก (เปิดด้วยเหตุการณ์),IMG,MyLastBook,Meta,0,0,0.0,0,0.0,0.0,1.8,0.0,0.0,0,0.0,0,0,0,1,ไม่มียอดขาย,False,
Apr26,Unknown,2026-04-14,[18.02.2026][Course] พ่อแม่เสียชีวิต ลูกจัดการไม่ถูก (เปิดด้วยเหตุการณ์),IMG,MyLastBook,Meta,0,0,0.0,0,0.0,0.0,1.8,0.0,0.0,0,0.0,0,0,0,1,ไม่มียอดขาย,False,
Apr26,Unknown,2026-04-14,[13.02.2026][Course] ชีวิตลูกจะง่าย ถ้าพ่อแม่เตรียมพินัยกรรม,IMG,MyLastBook,Meta,1885,2144,182.63,0,0.0,0.0,1.8,85.18,0.0,69,3.2183,1,0,0,1,ไม่มียอดขาย,False,
Apr26,Unknown,2026-04-14,[14.10.2025][Course] Unpack เน้นเขียน (VDO),IMG,MyLastBook,Meta,1063,1256,101.98,0,0.0,0.0,1.8,81.19,0.0,28,2.2293,0,0,0,1,ไม่มียอดขาย,False,
Apr26,Unknown,2026-04-14,[11.02.2026][Course] อยากทำพินัยกรรม แต่ไม่มีเงินจ้างทนาย,IMG,MyLastBook,Meta,19571,21933,846.79,7,2493.0,2.9441,1.8,38.61,120.97,485,2.2113,23,0,0,1,ผ่าน,False,
Apr26,Unknown,2026-04-14,[18.02.2026][Course] พ่อแม่เสียชีวิต ลูกจัดการไม่ถูก (เปิดด้วยเหตุการณ์),IMG,MyLastBook,Meta,11717,11914,616.58,6,2454.0,3.98,1.8,51.75,102.76,485,4.0708,36,0,0,1,ผ่าน,False,
Apr26,Unknown,2026-04-14,[11.02.2026][Course] ทำเอง VS จ้างทนาย,IMG,MyLastBook,Meta,918,1106,160.31,2,1008.0,6.2878,1.8,144.95,80.16,36,3.255,1,0,0,1,ผ่าน,False,
Apr26,Unknown,2026-04-14,[18.02.2026][Course] พ่อแม่เสียชีวิต ลูกจัดการไม่ถูก (เปิดด้วยเหตุการณ์),IMG,MyLastBook,Meta,0,0,0.0,0,0.0,0.0,1.8,0.0,0.0,0,0.0,0,0,0,1,ไม่มียอดขาย,False,
Apr26,Unknown,2026-04-14,[8.04.2026][Course] เจาะลึกคู่มือทำพินัยกรรมที่ครอบคลุมที่สุดในปี 2026,IMG,MyLastBook,Meta,301,352,40.44,0,0.0,0.0,1.8,114.89,0.0,13,3.6932,0,0,0,1,ไม่มียอดขาย,False,
Apr26,Unknown,2026-04-14,[6.04.2026][Course] ไม่ทำพินัยกรรมไว้ ลูกหลานเสี่ยงโดนฮุบสมบัติได้,IMG,MyLastBook,Meta,0,0,0.0,0,0.0,0.0,1.8,0.0,0.0,0,0.0,2,0,0,1,ไม่มียอดขาย,False,
Apr26,Unknown,2026-04-14,[8.04.2026][Course] เจาะลึกคู่มือทำพินัยกรรมที่ครอบคลุมที่สุดในปี 2026,IMG,MyLastBook,Meta,1860,2620,265.86,2,798.0,3.0016,1.8,101.47,132.93,61,2.3282,2,0,0,1,ผ่าน,False,
Apr26,Unknown,2026-04-14,[11.04.2026][PILOT][GD] ไม่มีตังค์จ้างทนาย ก็เขียนพินัยกรรมเองได้,IMG,MyLastBook,Meta,0,0,0.0,0,0.0,0.0,1.8,0.0,0.0,0,0.0,0,0,0,1,ไม่มียอดขาย,False,
Apr26,Unknown,2026-04-14,[11.04.2026][PILOT][GD] โปรโมชันซื้อ 1 แถม 1 (11-15 Apr),IMG,MyLastBook,Meta,7856,9508,794.37,3,1347.0,1.6957,1.8,83.55,264.79,255,2.682,12,0,0,1,ไม่ผ่าน,False,
Apr26,Unknown,2026-04-15,[10.10.2025][Course] อย่ารอทำพินัยกรรมตอนแก่ - งานศพ (VDO),IMG,MyLastBook,Meta,40694,47458,2283.98,15,5795.0,2.5372,1.8,48.13,152.27,1086,2.2883,73,0,0,1,ผ่าน,False,
Apr26,Unknown,2026-04-15,[18.02.2026][Course] พ่อแม่เสียชีวิต ลูกจัดการไม่ถูก (เปิดด้วยเหตุการณ์),IMG,MyLastBook,Meta,0,0,0.0,0,0.0,0.0,1.8,0.0,0.0,0,0.0,0,0,0,1,ไม่มียอดขาย,False,
Apr26,Unknown,2026-04-15,[11.02.2026][Course] อยากทำพินัยกรรม แต่ไม่มีเงินจ้างทนาย,IMG,MyLastBook,Meta,30047,34140,1117.74,8,2892.0,2.5874,1.8,32.74,139.72,788,2.3081,44,0,0,1,ผ่าน,False,
Apr26,Unknown,2026-04-15,[18.02.2026][Course] พ่อแม่เสียชีวิต ลูกจัดการไม่ถูก (เปิดด้วยเหตุการณ์),IMG,MyLastBook,Meta,26501,28147,1296.97,9,3141.0,2.4218,1.8,46.08,144.11,1076,3.8228,77,0,0,1,ผ่าน,False,
Apr26,Unknown,2026-04-15,[11.02.2026][Course] ทำเอง VS จ้างทนาย,IMG,MyLastBook,Meta,904,1028,142.06,0,0.0,0.0,1.8,138.19,0.0,22,2.1401,1,0,0,1,ไม่มียอดขาย,False,
Apr26,Unknown,2026-04-15,[18.02.2026][Course] พ่อแม่เสียชีวิต ลูกจัดการไม่ถูก (เปิดด้วยเหตุการณ์),IMG,MyLastBook,Meta,0,0,0.0,0,0.0,0.0,1.8,0.0,0.0,0,0.0,0,0,0,1,ไม่มียอดขาย,False,
Apr26,Unknown,2026-04-15,[8.04.2026][Course] เจาะลึกคู่มือทำพินัยกรรมที่ครอบคลุมที่สุดในปี 2026,IMG,MyLastBook,Meta,85,94,13.59,1,349.0,25.6806,1.8,144.57,13.59,6,6.383,0,0,0,1,ผ่าน,False,
Apr26,Unknown,2026-04-15,[6.04.2026][Course] ไม่ทำพินัยกรรมไว้ ลูกหลานเสี่ยงโดนฮุบสมบัติได้,IMG,MyLastBook,Meta,0,0,0.0,1,349.0,0.0,1.8,0.0,0.0,0,0.0,0,0,0,1,ไม่ผ่าน,False,
Apr26,Unknown,2026-04-15,[8.04.2026][Course] เจาะลึกคู่มือทำพินัยกรรมที่ครอบคลุมที่สุดในปี 2026,IMG,MyLastBook,Meta,921,1219,133.8,0,0.0,0.0,1.8,109.76,0.0,27,2.2149,0,0,0,1,ไม่มียอดขาย,False,
Apr26,Unknown,2026-04-15,[11.04.2026][PILOT][GD] โปรโมชันซื้อ 1 แถม 1 (11-15 Apr),IMG,MyLastBook,Meta,10102,13126,829.7,5,2245.0,2.7058,1.8,63.21,165.94,272,2.0722,12,0,0,1,ผ่าน,False,
Apr26,Unknown,2026-04-16,[10.10.2025][Course] อย่ารอทำพินัยกรรมตอนแก่ - งานศพ (VDO),IMG,MyLastBook,Meta,19078,23273,1562.56,15,5715.0,3.6575,1.8,67.14,104.17,553,2.3761,38,0,0,1,ผ่าน,False,
Apr26,Unknown,2026-04-16,[11.02.2026][Course] อยากทำพินัยกรรม แต่ไม่มีเงินจ้างทนาย,IMG,MyLastBook,Meta,7409,8451,660.71,4,1396.0,2.1129,1.8,78.18,165.18,228,2.6979,8,0,0,1,ผ่าน,False,
Apr26,Unknown,2026-04-16,[18.02.2026][Course] พ่อแม่เสียชีวิต ลูกจัดการไม่ถูก (เปิดด้วยเหตุการณ์),IMG,MyLastBook,Meta,14322,15913,1133.41,8,2762.0,2.4369,1.8,71.23,141.68,583,3.6637,51,0,0,1,ผ่าน,False,
Apr26,Unknown,2026-04-16,[11.02.2026][Course] ทำเอง VS จ้างทนาย,IMG,MyLastBook,Meta,898,1081,181.5,1,349.0,1.9229,1.8,167.9,181.5,41,3.7928,1,0,0,1,ผ่าน,False,
Apr26,Unknown,2026-04-16,[18.02.2026][Course] พ่อแม่เสียชีวิต ลูกจัดการไม่ถูก (เปิดด้วยเหตุการณ์),IMG,MyLastBook,Meta,0,0,0.0,0,0.0,0.0,1.8,0.0,0.0,0,0.0,0,0,0,1,ไม่มียอดขาย,False,
Apr26,Unknown,2026-04-16,[8.04.2026][Course] เจาะลึกคู่มือทำพินัยกรรมที่ครอบคลุมที่สุดในปี 2026,IMG,MyLastBook,Meta,73,88,25.84,0,0.0,0.0,1.8,293.64,0.0,2,2.2727,0,0,0,1,ไม่มียอดขาย,False,
Apr26,Unknown,2026-04-16,[8.04.2026][Course] เจาะลึกคู่มือทำพินัยกรรมที่ครอบคลุมที่สุดในปี 2026,IMG,MyLastBook,Meta,686,953,180.21,0,0.0,0.0,1.8,189.1,0.0,38,3.9874,0,0,0,1,ไม่มียอดขาย,False,
Apr26,Unknown,2026-04-16,[11.04.2026][PILOT][GD] โปรโมชันซื้อ 1 แถม 1 (11-15 Apr),IMG,MyLastBook,Meta,7338,9684,903.68,5,2245.0,2.4843,1.8,93.32,180.74,217,2.2408,14,0,0,1,ผ่าน,False,
Apr26,Unknown,2026-04-17,[20.11.2025][Course] ทำไมผู้สูงวัยต้องใช้ My Last Book,IMG,MyLastBook,Meta,645,728,123.2,0,0.0,0.0,1.8,169.23,0.0,19,2.6099,0,0,0,1,ไม่มียอดขาย,False,
Apr26,Unknown,2026-04-17,[10.10.2025][Course] อย่ารอทำพินัยกรรมตอนแก่ - งานศพ (VDO),IMG,MyLastBook,Meta,3990,4823,495.92,2,798.0,1.6091,1.8,102.82,247.96,114,2.3637,5,0,0,1,ไม่ผ่าน,False,
Apr26,Unknown,2026-04-17,[13.02.2026][Course] ชีวิตลูกจะง่าย ถ้าพ่อแม่เตรียมพินัยกรรม,IMG,MyLastBook,Meta,0,0,0.0,0,0.0,0.0,1.8,0.0,0.0,0,0.0,0,0,0,1,ไม่มียอดขาย,False,
Apr26,Unknown,2026-04-17,[11.02.2026][Course] อยากทำพินัยกรรม แต่ไม่มีเงินจ้างทนาย,IMG,MyLastBook,Meta,0,0,0.0,0,0.0,0.0,1.8,0.0,0.0,0,0.0,1,0,0,1,ไม่มียอดขาย,False,
Apr26,Unknown,2026-04-17,[18.02.2026][Course] พ่อแม่เสียชีวิต ลูกจัดการไม่ถูก (เปิดด้วยเหตุการณ์),IMG,MyLastBook,Meta,6327,6404,560.36,2,1248.0,2.2271,1.8,87.5,280.18,216,3.3729,11,0,0,1,ผ่าน,False,
Apr26,Unknown,2026-04-17,[11.02.2026][Course] ทำเอง VS จ้างทนาย,IMG,MyLastBook,Meta,420,478,96.62,0,0.0,0.0,1.8,202.13,0.0,16,3.3473,0,0,0,1,ไม่มียอดขาย,False,
Apr26,Unknown,2026-04-17,[18.02.2026][Course] พ่อแม่เสียชีวิต ลูกจัดการไม่ถูก (เปิดด้วยเหตุการณ์),IMG,MyLastBook,Meta,0,0,0.0,0,0.0,0.0,1.8,0.0,0.0,0,0.0,0,0,0,1,ไม่มียอดขาย,False,
Apr26,Unknown,2026-04-17,[6.04.2026][Course] ไม่ทำพินัยกรรมไว้ ลูกหลานเสี่ยงโดนฮุบสมบัติได้,IMG,MyLastBook,Meta,807,966,103.85,0,0.0,0.0,1.8,107.51,0.0,38,3.9337,0,0,0,1,ไม่มียอดขาย,False,
Apr26,Unknown,2026-04-17,[8.04.2026][Course] เจาะลึกคู่มือทำพินัยกรรมที่ครอบคลุมที่สุดในปี 2026,IMG,MyLastBook,Meta,243,299,76.25,0,0.0,0.0,1.8,255.02,0.0,12,4.0134,0,0,0,1,ไม่มียอดขาย,False,
Apr26,Unknown,2026-04-17,[11.04.2026][PILOT][GD] ไม่มีตังค์จ้างทนาย ก็เขียนพินัยกรรมเองได้,IMG,MyLastBook,Meta,2364,2498,393.1,0,0.0,0.0,1.8,157.37,0.0,144,5.7646,1,0,0,1,ไม่มียอดขาย,False,
Apr26,Unknown,2026-04-17,[11.04.2026][PILOT][GD] โปรโมชันซื้อ 1 แถม 1 (11-15 Apr),IMG,MyLastBook,Meta,7889,10846,1100.85,7,3143.0,2.8551,1.8,101.5,157.26,237,2.1851,28,0,0,1,ผ่าน,False,
Apr26,Unknown,2026-04-18,[14.10.2025][Course] Unpack เน้นเขียน (VDO),IMG,MyLastBook,Meta,57,65,7.72,0,0.0,0.0,1.8,118.77,0.0,1,1.5385,0,0,0,1,ไม่มียอดขาย,False,
Apr26,Unknown,2026-04-18,[11.02.2026][Course] อยากทำพินัยกรรม แต่ไม่มีเงินจ้างทนาย,IMG,MyLastBook,Meta,1882,2095,256.98,1,349.0,1.3581,1.8,122.66,256.98,79,3.7709,2,0,0,1,ไม่ผ่าน,False,
Apr26,Unknown,2026-04-18,[18.02.2026][Course] พ่อแม่เสียชีวิต ลูกจัดการไม่ถูก (เปิดด้วยเหตุการณ์),IMG,MyLastBook,Meta,2425,2728,281.23,2,798.0,2.8375,1.8,103.09,140.62,86,3.1525,5,0,0,1,ผ่าน,False,
Apr26,Unknown,2026-04-18,[11.04.2026][PILOT][GD] โปรโมชันซื้อ 1 แถม 1 (11-15 Apr),IMG,MyLastBook,Meta,2413,2959,304.74,4,1796.0,5.8935,1.8,102.99,76.19,65,2.1967,4,0,0,1,ผ่าน,False,
Apr26,ริว,2026-04-17,[11.10.25][ริว] ปุณณ์วัฒน์ (Ghostly),IMG,Ghostly,Meta,1414,1659,143.96,0,0.0,0.0,1.8,86.78,0.0,185,11.1513,0,0,0,1,ไม่มียอดขาย,False,
Apr26,หมิว,2026-04-18,[03.07.25][หมิว][Cross Page] เมื่อคนที่หมดแพชชัน (Ghostly),IMG,Ghostly,Meta,106,112,4.68,0,0.0,0.0,1.8,41.79,0.0,3,2.6786,0,0,0,1,ไม่มียอดขาย,False,
Apr26,ริว,2026-04-18,[11.10.25][ริว] ปุณณ์วัฒน์ (Ghostly),IMG,Ghostly,Meta,1064,1246,132.57,0,0.0,0.0,1.8,106.4,0.0,149,11.9583,0,0,0,1,ไม่มียอดขาย,False,
Apr26,Unknown,2026-04-01,[21.04.25][mena.forest] (Witches),IMG,Witches,Meta,2222,2659,311.68,3,1407.0,4.5142,1.8,117.22,103.89,83,3.1215,3,0,0,1,ผ่าน,False,
Apr26,Unknown,2026-04-02,[21.04.25][mena.forest] (Witches),IMG,Witches,Meta,1218,1310,193.29,0,0.0,0.0,1.8,147.55,0.0,49,3.7405,2,0,0,1,ไม่มียอดขาย,False,
Apr26,Unknown,2026-04-03,[21.04.25][mena.forest] (Witches),IMG,Witches,Meta,1019,1090,141.83,0,0.0,0.0,1.8,130.12,0.0,21,1.9266,0,0,0,1,ไม่มียอดขาย,False,
Apr26,Unknown,2026-04-04,[21.04.25][mena.forest] (Witches),IMG,Witches,Meta,1343,1496,249.68,0,0.0,0.0,1.8,166.9,0.0,43,2.8743,0,0,0,1,ไม่มียอดขาย,False,
Apr26,Unknown,2026-04-05,[21.04.25][mena.forest] (Witches),IMG,Witches,Meta,1114,1261,169.08,0,0.0,0.0,1.8,134.08,0.0,51,4.0444,0,0,0,1,ไม่มียอดขาย,False,
Apr26,Unknown,2026-04-06,[21.04.25][mena.forest] (Witches),IMG,Witches,Meta,2274,2713,302.49,2,908.0,3.0018,1.8,111.5,151.25,81,2.9856,1,0,0,1,ผ่าน,False,
Apr26,Unknown,2026-04-07,[21.04.25][mena.forest] (Witches),IMG,Witches,Meta,3023,3620,328.35,0,0.0,0.0,1.8,90.7,0.0,109,3.0111,4,0,0,1,ไม่มียอดขาย,False,
Apr26,Unknown,2026-04-08,[21.04.25][mena.forest] (Witches),IMG,Witches,Meta,1121,1212,133.4,0,0.0,0.0,1.8,110.07,0.0,32,2.6403,0,0,0,1,ไม่มียอดขาย,False,
Apr26,Unknown,2026-04-09,[21.04.25][mena.forest] (Witches),IMG,Witches,Meta,1023,1100,138.75,0,0.0,0.0,1.8,126.14,0.0,32,2.9091,2,0,0,1,ไม่มียอดขาย,False,
Apr26,Unknown,2026-04-10,[21.04.25][mena.forest] (Witches),IMG,Witches,Meta,961,1054,141.78,2,858.0,6.0516,1.8,134.52,70.89,40,3.7951,1,0,0,1,ผ่าน,False,
Apr26,หมิว,2026-04-10,[10.04.26][หมิว] พลาดงานหนังสือก็ได้ลายเซ็น (Witches),IMG,Witches,Meta,62,66,3.98,0,0.0,0.0,1.8,60.3,0.0,0,0.0,0,0,0,1,ไม่มียอดขาย,False,
Apr26,Unknown,2026-04-11,[21.04.25][mena.forest] (Witches),IMG,Witches,Meta,0,0,0.0,0,0.0,0.0,1.8,0.0,0.0,0,0.0,0,0,0,1,ไม่มียอดขาย,False,
Apr26,หมิว,2026-04-11,[10.04.26][หมิว] พลาดงานหนังสือก็ได้ลายเซ็น (Witches),IMG,Witches,Meta,1216,1463,123.39,1,629.0,5.0977,1.8,84.34,123.39,18,1.2303,0,0,0,1,ผ่าน,False,
Apr26,Unknown,2026-04-12,[21.04.25][mena.forest] (Witches),IMG,Witches,Meta,0,0,0.0,1,219.0,0.0,1.8,0.0,0.0,0,0.0,0,0,0,1,ไม่ผ่าน,False,
Apr26,หมิว,2026-04-12,[10.04.26][หมิว] พลาดงานหนังสือก็ได้ลายเซ็น (Witches),IMG,Witches,Meta,1543,1944,168.59,1,1699.0,10.0777,1.8,86.72,168.59,37,1.9033,0,0,0,1,ผ่าน,False,
Apr26,Unknown,2026-04-13,[21.04.25][mena.forest] (Witches),IMG,Witches,Meta,0,0,0.0,1,449.0,0.0,1.8,0.0,0.0,0,0.0,1,0,0,1,ไม่ผ่าน,False,
Apr26,หมิว,2026-04-13,[10.04.26][หมิว] พลาดงานหนังสือก็ได้ลายเซ็น (Witches),IMG,Witches,Meta,1655,2606,251.53,1,499.0,1.9839,1.8,96.52,251.53,35,1.3431,2,0,0,1,ผ่าน,False,
Apr26,Unknown,2026-04-14,[21.04.25][mena.forest] (Witches),IMG,Witches,Meta,303,391,119.96,0,0.0,0.0,1.8,306.8,0.0,24,6.1381,0,0,0,1,ไม่มียอดขาย,False,
Apr26,หมิว,2026-04-14,[10.04.26][หมิว] พลาดงานหนังสือก็ได้ลายเซ็น (Witches),IMG,Witches,Meta,250,323,24.18,0,0.0,0.0,1.8,74.86,0.0,7,2.1672,0,0,0,1,ไม่มียอดขาย,False,
Apr26,Unknown,2026-04-15,[21.04.25][mena.forest] (Witches),IMG,Witches,Meta,917,1190,180.05,1,759.0,4.2155,1.8,151.3,180.05,34,2.8571,1,0,0,1,ผ่าน,False,
Apr26,หมิว,2026-04-15,[10.04.26][หมิว] พลาดงานหนังสือก็ได้ลายเซ็น (Witches),IMG,Witches,Meta,53,58,4.71,0,0.0,0.0,1.8,81.21,0.0,1,1.7241,0,0,0,1,ไม่มียอดขาย,False,
Apr26,Unknown,2026-04-16,[21.04.25][mena.forest] (Witches),IMG,Witches,Meta,1161,1396,156.36,0,0.0,0.0,1.8,112.01,0.0,50,3.5817,1,0,0,1,ไม่มียอดขาย,False,
Apr26,Unknown,2026-04-17,[21.04.25][mena.forest] (Witches),IMG,Witches,Meta,961,1171,177.6,2,1200.0,6.7568,1.8,151.67,88.8,35,2.9889,1,0,0,1,ผ่าน,False,
Apr26,Unknown,2026-04-18,[21.04.25][mena.forest] (Witches),IMG,Witches,Meta,964,1096,179.1,1,499.0,2.7862,1.8,163.41,179.1,25,2.281,1,0,0,1,ผ่าน,False,
Apr26,ริว,2026-04-18,[18.04.26][ริว] ของมันต้องมี! Boxset ที่จะเสกทุกปัญหาให้หายไป (Witches),IMG,Witches,Meta,1026,1234,135.75,0,0.0,0.0,1.8,110.01,0.0,15,1.2156,2,0,0,1,ไม่มียอดขาย,False,
Apr26,มิ้น,2026-04-09,[22.03.26][มิ้น] มีประโยคหนึ่งในหนังสือ (Witches),IMG,Witches,Meta,2546,2703,259.21,0,0.0,0.0,1.8,95.9,0.0,79,2.9227,4,0,0,1,ไม่มียอดขาย,False,
Apr26,ริว,2026-04-09,[25.03.26][ริว] จิตวิทยาของการสูญเสีย เขาบอกไว้ว่า (AI) (Witches),IMG,Witches,Meta,631,679,48.93,0,0.0,0.0,1.8,72.06,0.0,37,5.4492,0,0,0,1,ไม่มียอดขาย,False,
Apr26,มิ้น,2026-04-10,[22.03.26][มิ้น] มีประโยคหนึ่งในหนังสือ (Witches),IMG,Witches,Meta,1526,1684,153.16,0,0.0,0.0,1.8,90.95,0.0,57,3.3848,1,0,0,1,ไม่มียอดขาย,False,
Apr26,ริว,2026-04-10,[25.03.26][ริว] จิตวิทยาของการสูญเสีย เขาบอกไว้ว่า (AI) (Witches),IMG,Witches,Meta,6,6,0.24,0,0.0,0.0,1.8,40.0,0.0,0,0.0,0,0,0,1,ไม่มียอดขาย,False,
Apr26,หมิว,2026-04-11,[02.04.26][หมิว] เวทมนตร์ที่ทรงพลังที่สุด (Witches),IMG,Witches,Meta,165,172,12.18,0,0.0,0.0,1.8,70.81,0.0,2,1.1628,0,0,0,1,ไม่มียอดขาย,False,
Apr26,มิ้น,2026-04-11,[22.03.26][มิ้น] มีประโยคหนึ่งในหนังสือ (Witches),IMG,Witches,Meta,2856,3205,246.61,1,738.0,2.9926,1.8,76.95,246.61,92,2.8705,0,0,0,1,ผ่าน,False,
Apr26,หมิว,2026-04-11,[08.04.26][หมิว] 5 ประโยควิเศษ (Witches),IMG,Witches,Meta,936,1091,53.71,0,0.0,0.0,1.8,49.23,0.0,42,3.8497,0,0,0,1,ไม่มียอดขาย,False,
Apr26,หมิว,2026-04-12,[02.04.26][หมิว] เวทมนตร์ที่ทรงพลังที่สุด (Witches),IMG,Witches,Meta,64,68,2.25,0,0.0,0.0,1.8,33.09,0.0,0,0.0,0,0,0,1,ไม่มียอดขาย,False,
Apr26,มิ้น,2026-04-12,[22.03.26][มิ้น] มีประโยคหนึ่งในหนังสือ (Witches),IMG,Witches,Meta,1565,1768,128.95,1,499.0,3.8697,1.8,72.94,128.95,51,2.8846,1,0,0,1,ผ่าน,False,
Apr26,ริว,2026-04-12,[25.03.26][ริว] จิตวิทยาของการสูญเสีย เขาบอกไว้ว่า (AI) (Witches),IMG,Witches,Meta,142,157,7.48,0,0.0,0.0,1.8,47.64,0.0,12,7.6433,0,0,0,1,ไม่มียอดขาย,False,
Apr26,หมิว,2026-04-12,[08.04.26][หมิว] 5 ประโยควิเศษ (Witches),IMG,Witches,Meta,750,858,46.09,0,0.0,0.0,1.8,53.72,0.0,32,3.7296,0,0,0,1,ไม่มียอดขาย,False,
Apr26,มิ้น,2026-04-13,[22.03.26][มิ้น] มีประโยคหนึ่งในหนังสือ (Witches),IMG,Witches,Meta,2492,2753,198.05,1,499.0,2.5196,1.8,71.94,198.05,82,2.9786,2,0,0,1,ผ่าน,False,
Apr26,ริว,2026-04-13,[25.03.26][ริว] จิตวิทยาของการสูญเสีย เขาบอกไว้ว่า (AI) (Witches),IMG,Witches,Meta,349,388,22.46,0,0.0,0.0,1.8,57.89,0.0,29,7.4742,1,0,0,1,ไม่มียอดขาย,False,
Apr26,หมิว,2026-04-13,[08.04.26][หมิว] 5 ประโยควิเศษ (Witches),IMG,Witches,Meta,321,342,31.3,1,339.0,10.8307,1.8,91.52,31.3,17,4.9708,1,0,0,1,ผ่าน,False,
Apr26,หมิว,2026-04-14,[02.04.26][หมิว] เวทมนตร์ที่ทรงพลังที่สุด (Witches),IMG,Witches,Meta,322,384,21.43,0,0.0,0.0,1.8,55.81,0.0,8,2.0833,0,0,0,1,ไม่มียอดขาย,False,
Apr26,มิ้น,2026-04-14,[22.03.26][มิ้น] มีประโยคหนึ่งในหนังสือ (Witches),IMG,Witches,Meta,1522,1722,108.99,1,1199.0,11.001,1.8,63.29,108.99,53,3.0778,2,0,0,1,ผ่าน,False,
Apr26,หมิว,2026-04-14,[08.04.26][หมิว] 5 ประโยควิเศษ (Witches),IMG,Witches,Meta,373,440,45.97,0,0.0,0.0,1.8,104.48,0.0,19,4.3182,0,0,0,1,ไม่มียอดขาย,False,
Apr26,มิ้น,2026-04-15,[22.03.26][มิ้น] มีประโยคหนึ่งในหนังสือ (Witches),IMG,Witches,Meta,2260,2660,179.35,0,0.0,0.0,1.8,67.42,0.0,61,2.2932,3,0,0,1,ไม่มียอดขาย,False,
Apr26,ริว,2026-04-15,[25.03.26][ริว] จิตวิทยาของการสูญเสีย เขาบอกไว้ว่า (AI) (Witches),IMG,Witches,Meta,1,1,0.02,0,0.0,0.0,1.8,20.0,0.0,0,0.0,0,0,0,1,ไม่มียอดขาย,False,
Apr26,หมิว,2026-04-15,[08.04.26][หมิว] 5 ประโยควิเศษ (Witches),IMG,Witches,Meta,19,19,0.81,0,0.0,0.0,1.8,42.63,0.0,1,5.2632,0,0,0,1,ไม่มียอดขาย,False,
Apr26,หมิว,2026-04-16,[02.04.26][หมิว] เวทมนตร์ที่ทรงพลังที่สุด (Witches),IMG,Witches,Meta,41,45,3.52,0,0.0,0.0,1.8,78.22,0.0,0,0.0,0,0,0,1,ไม่มียอดขาย,False,
Apr26,มิ้น,2026-04-16,[22.03.26][มิ้น] มีประโยคหนึ่งในหนังสือ (Witches),IMG,Witches,Meta,1247,1399,115.23,0,0.0,0.0,1.8,82.37,0.0,33,2.3588,0,0,0,1,ไม่มียอดขาย,False,
Apr26,มิ้น,2026-04-16,[22.03.26][มิ้น] มีประโยคหนึ่งในหนังสือ (Witches),IMG,Witches,Meta,1341,1419,126.3,0,0.0,0.0,1.8,89.01,0.0,38,2.6779,1,0,0,1,ไม่มียอดขาย,False,
Apr26,หมิว,2026-04-16,[10.04.26][หมิว] พลาดงานหนังสือก็ได้ลายเซ็น (Witches),IMG,Witches,Meta,206,223,12.44,0,0.0,0.0,1.8,55.78,0.0,2,0.8969,0,0,0,1,ไม่มียอดขาย,False,
Apr26,มิ้น,2026-04-17,[22.03.26][มิ้น] มีประโยคหนึ่งในหนังสือ (Witches),IMG,Witches,Meta,1136,1315,137.37,0,0.0,0.0,1.8,104.46,0.0,30,2.2814,1,0,0,1,ไม่มียอดขาย,False,
Apr26,มิ้น,2026-04-17,[22.03.26][มิ้น] มีประโยคหนึ่งในหนังสือ (Witches),IMG,Witches,Meta,1140,1314,117.62,0,0.0,0.0,1.8,89.51,0.0,41,3.1202,1,0,0,1,ไม่มียอดขาย,False,
Apr26,หมิว,2026-04-17,[10.04.26][หมิว] พลาดงานหนังสือก็ได้ลายเซ็น (Witches),IMG,Witches,Meta,683,911,56.92,0,0.0,0.0,1.8,62.48,0.0,9,0.9879,1,0,0,1,ไม่มียอดขาย,False,
Apr26,มิ้น,2026-04-18,[22.03.26][มิ้น] มีประโยคหนึ่งในหนังสือ (Witches),IMG,Witches,Meta,1307,1347,177.03,1,899.0,5.0782,1.8,131.43,177.03,40,2.9696,1,0,0,1,ผ่าน,False,
Apr26,หมิว,2026-04-18,[08.04.26][หมิว] 5 ประโยควิเศษ (Witches),IMG,Witches,Meta,122,134,20.01,0,0.0,0.0,1.8,149.33,0.0,10,7.4627,0,0,0,1,ไม่มียอดขาย,False,
Apr26,มิ้น,2026-04-18,[22.03.26][มิ้น] มีประโยคหนึ่งในหนังสือ (Witches),IMG,Witches,Meta,476,545,70.66,0,0.0,0.0,1.8,129.65,0.0,30,5.5046,0,0,0,1,ไม่มียอดขาย,False,
Apr26,หมิว,2026-04-18,[10.04.26][หมิว] พลาดงานหนังสือก็ได้ลายเซ็น (Witches),IMG,Witches,Meta,2,3,0.03,0,0.0,0.0,1.8,10.0,0.0,0,0.0,0,0,0,1,ไม่มียอดขาย,False,
Apr26,มิ้น,2026-04-01,[11.02.25][มิ้น] สัมภาษณ์คุณปั๊ม คิ้วต่ำ (Kiwtum),IMG,Kiwtum,Meta,1772,2164,139.98,1,379.0,2.7075,1.8,64.69,139.98,120,5.5453,6,0,0,1,ผ่าน,False,
Apr26,มิ้น,2026-04-01,[11.02.25][มิ้น] สัมภาษณ์คุณปั๊ม คิ้วต่ำ (Kiwtum),IMG,Kiwtum,Meta,2191,2573,143.37,0,0.0,0.0,1.8,55.72,0.0,107,4.1586,5,0,0,1,ไม่มียอดขาย,False,
Apr26,ริว,2026-04-01,[30.03.26][ริว] 3 ประโยค เพิ่มรอยยิ้มให้ตัวเอง เพราะมันน่ารักที่สุดแล้ว (Kiwtum),IMG,Kiwtum,Meta,1908,2282,134.03,0,0.0,0.0,1.8,58.73,0.0,94,4.1192,1,0,0,1,ไม่มียอดขาย,False,
Apr26,มิ้น,2026-04-01,[05.03.26][มิ้น] เพราะพรุ่งนี้ที่รออาจจะมาไม่ถึง (Kiwtum),IMG,Kiwtum,Meta,11,11,1.91,0,0.0,0.0,1.8,173.64,0.0,2,18.1818,1,0,0,1,ไม่มียอดขาย,False,
Apr26,มิ้น,2026-04-02,[11.02.25][มิ้น] สัมภาษณ์คุณปั๊ม คิ้วต่ำ (Kiwtum),IMG,Kiwtum,Meta,1528,1813,148.5,0,0.0,0.0,1.8,81.91,0.0,109,6.0121,0,0,0,1,ไม่มียอดขาย,False,
Apr26,มิ้น,2026-04-02,[11.02.25][มิ้น] สัมภาษณ์คุณปั๊ม คิ้วต่ำ (Kiwtum),IMG,Kiwtum,Meta,1510,1615,102.94,0,0.0,0.0,1.8,63.74,0.0,87,5.387,4,0,0,1,ไม่มียอดขาย,False,
Apr26,ริว,2026-04-02,[30.03.26][ริว] 3 ประโยค เพิ่มรอยยิ้มให้ตัวเอง เพราะมันน่ารักที่สุดแล้ว (Kiwtum),IMG,Kiwtum,Meta,2353,3021,169.07,0,0.0,0.0,1.8,55.96,0.0,136,4.5018,4,0,0,1,ไม่มียอดขาย,False,
Apr26,มิ้น,2026-04-02,[05.03.26][มิ้น] เพราะพรุ่งนี้ที่รออาจจะมาไม่ถึง (Kiwtum),IMG,Kiwtum,Meta,907,1022,66.56,1,0.0,0.0,1.8,65.13,66.56,109,10.6654,1,0,0,1,ไม่ผ่าน,False,
Apr26,มิ้น,2026-04-03,[11.02.25][มิ้น] สัมภาษณ์คุณปั๊ม คิ้วต่ำ (Kiwtum),IMG,Kiwtum,Meta,1531,1589,145.09,1,379.0,2.6122,1.8,91.31,145.09,125,7.8666,5,0,0,1,ผ่าน,False,
Apr26,มิ้น,2026-04-03,[11.02.25][มิ้น] สัมภาษณ์คุณปั๊ม คิ้วต่ำ (Kiwtum),IMG,Kiwtum,Meta,892,903,57.08,0,0.0,0.0,1.8,63.21,0.0,60,6.6445,0,0,0,1,ไม่มียอดขาย,False,
Apr26,ริว,2026-04-03,[30.03.26][ริว] 3 ประโยค เพิ่มรอยยิ้มให้ตัวเอง เพราะมันน่ารักที่สุดแล้ว (Kiwtum),IMG,Kiwtum,Meta,1936,2250,137.13,0,0.0,0.0,1.8,60.95,0.0,111,4.9333,5,0,0,1,ไม่มียอดขาย,False,
Apr26,มิ้น,2026-04-03,[05.03.26][มิ้น] เพราะพรุ่งนี้ที่รออาจจะมาไม่ถึง (Kiwtum),IMG,Kiwtum,Meta,1043,1302,103.36,3,1267.0,12.2581,1.8,79.39,34.45,150,11.5207,1,0,0,1,ผ่าน,False,
Apr26,มิ้น,2026-04-04,[11.02.25][มิ้น] สัมภาษณ์คุณปั๊ม คิ้วต่ำ (Kiwtum),IMG,Kiwtum,Meta,2181,2417,199.93,1,759.0,3.7963,1.8,82.72,199.93,149,6.1647,4,0,0,1,ผ่าน,False,
Apr26,ริว,2026-04-04,[30.03.26][ริว] 3 ประโยค เพิ่มรอยยิ้มให้ตัวเอง เพราะมันน่ารักที่สุดแล้ว (Kiwtum),IMG,Kiwtum,Meta,1686,2069,141.68,0,0.0,0.0,1.8,68.48,0.0,100,4.8333,3,0,0,1,ไม่มียอดขาย,False,
Apr26,มิ้น,2026-04-04,[05.03.26][มิ้น] เพราะพรุ่งนี้ที่รออาจจะมาไม่ถึง (Kiwtum),IMG,Kiwtum,Meta,1684,2102,184.94,2,329.0,1.779,1.8,87.98,92.47,199,9.4672,7,0,0,1,ไม่ผ่าน,False,
Apr26,มิ้น,2026-04-05,[11.02.25][มิ้น] สัมภาษณ์คุณปั๊ม คิ้วต่ำ (Kiwtum),IMG,Kiwtum,Meta,1974,2308,172.62,0,0.0,0.0,1.8,74.79,0.0,140,6.0659,7,0,0,1,ไม่มียอดขาย,False,
Apr26,มิ้น,2026-04-05,[05.03.26][มิ้น] เพราะพรุ่งนี้ที่รออาจจะมาไม่ถึง (Kiwtum),IMG,Kiwtum,Meta,1063,1471,161.74,1,529.0,3.2707,1.8,109.95,161.74,140,9.5173,2,0,0,1,ผ่าน,False,
Apr26,มิ้น,2026-04-06,[11.02.25][มิ้น] สัมภาษณ์คุณปั๊ม คิ้วต่ำ (Kiwtum),IMG,Kiwtum,Meta,1725,2140,169.88,1,629.0,3.7026,1.8,79.38,169.88,109,5.0935,3,0,0,1,ผ่าน,False,
Apr26,มิ้น,2026-04-06,[05.03.26][มิ้น] เพราะพรุ่งนี้ที่รออาจจะมาไม่ถึง (Kiwtum),IMG,Kiwtum,Meta,762,966,107.67,0,0.0,0.0,1.8,111.46,0.0,86,8.9027,3,0,0,1,ไม่มียอดขาย,False,
Apr26,มิ้น,2026-04-07,[11.02.25][มิ้น] สัมภาษณ์คุณปั๊ม คิ้วต่ำ (Kiwtum),IMG,Kiwtum,Meta,1870,2218,164.14,1,379.0,2.309,1.8,74.0,164.14,117,5.275,4,0,0,1,ผ่าน,False,
Apr26,มิ้น,2026-04-07,[05.03.26][มิ้น] เพราะพรุ่งนี้ที่รออาจจะมาไม่ถึง (Kiwtum),IMG,Kiwtum,Meta,1343,1763,159.79,1,339.0,2.1215,1.8,90.64,159.79,134,7.6007,2,0,0,1,ผ่าน,False,
Apr26,มิ้น,2026-04-08,[11.02.25][มิ้น] สัมภาษณ์คุณปั๊ม คิ้วต่ำ (Kiwtum),IMG,Kiwtum,Meta,1019,1154,91.86,0,0.0,0.0,1.8,79.6,0.0,61,5.286,1,0,0,1,ไม่มียอดขาย,False,
Apr26,มิ้น,2026-04-08,[05.03.26][มิ้น] เพราะพรุ่งนี้ที่รออาจจะมาไม่ถึง (Kiwtum),IMG,Kiwtum,Meta,639,793,95.96,3,1077.0,11.2234,1.8,121.01,31.99,69,8.7011,0,0,0,1,ผ่าน,False,
Apr26,มิ้น,2026-04-08,[08.04.26][มิ้น] ยังคงชอบประโยคที่ว่า (Kiwtum),IMG,Kiwtum,Meta,13,13,0.9,0,0.0,0.0,1.8,69.23,0.0,0,0.0,0,0,0,1,ไม่มียอดขาย,False,
Apr26,มิ้น,2026-04-09,[11.02.25][มิ้น] สัมภาษณ์คุณปั๊ม คิ้วต่ำ (Kiwtum),IMG,Kiwtum,Meta,1311,1393,130.27,0,0.0,0.0,1.8,93.52,0.0,57,4.0919,1,0,0,1,ไม่มียอดขาย,False,
Apr26,มิ้น,2026-04-09,[05.03.26][มิ้น] เพราะพรุ่งนี้ที่รออาจจะมาไม่ถึง (Kiwtum),IMG,Kiwtum,Meta,1161,1395,159.22,3,1277.0,8.0203,1.8,114.14,53.07,126,9.0323,2,0,0,1,ผ่าน,False,
Apr26,มิ้น,2026-04-10,[11.02.25][มิ้น] สัมภาษณ์คุณปั๊ม คิ้วต่ำ (Kiwtum),IMG,Kiwtum,Meta,1984,2261,180.96,1,559.0,3.0891,1.8,80.04,180.96,122,5.3958,6,0,0,1,ผ่าน,False,
Apr26,มิ้น,2026-04-10,[05.03.26][มิ้น] เพราะพรุ่งนี้ที่รออาจจะมาไม่ถึง (Kiwtum),IMG,Kiwtum,Meta,730,822,75.56,2,409.0,5.4129,1.8,91.92,37.78,81,9.854,3,0,0,1,ผ่าน,False,
Apr26,มิ้น,2026-04-10,[08.04.26][มิ้น] ยังคงชอบประโยคที่ว่า (Kiwtum),IMG,Kiwtum,Meta,1260,1398,104.99,0,0.0,0.0,1.8,75.1,0.0,100,7.1531,1,0,0,1,ไม่มียอดขาย,False,
Apr26,มิ้น,2026-04-11,[11.02.25][มิ้น] สัมภาษณ์คุณปั๊ม คิ้วต่ำ (Kiwtum),IMG,Kiwtum,Meta,1903,2020,173.22,2,409.0,2.3612,1.8,85.75,86.61,107,5.297,3,0,0,1,ผ่าน,False,
Apr26,มิ้น,2026-04-11,[05.03.26][มิ้น] เพราะพรุ่งนี้ที่รออาจจะมาไม่ถึง (Kiwtum),IMG,Kiwtum,Meta,1162,1260,125.31,0,0.0,0.0,1.8,99.45,0.0,110,8.7302,3,0,0,1,ไม่มียอดขาย,False,
Apr26,มิ้น,2026-04-11,[08.04.26][มิ้น] ยังคงชอบประโยคที่ว่า (Kiwtum),IMG,Kiwtum,Meta,587,611,66.15,0,0.0,0.0,1.8,108.27,0.0,49,8.0196,0,0,0,1,ไม่มียอดขาย,False,
Apr26,มิ้น,2026-04-12,[11.02.25][มิ้น] สัมภาษณ์คุณปั๊ม คิ้วต่ำ (Kiwtum),IMG,Kiwtum,Meta,1867,2049,167.63,3,1417.0,8.4531,1.8,81.81,55.88,106,5.1733,5,0,0,1,ผ่าน,False,
Apr26,มิ้น,2026-04-12,[05.03.26][มิ้น] เพราะพรุ่งนี้ที่รออาจจะมาไม่ถึง (Kiwtum),IMG,Kiwtum,Meta,308,359,37.32,1,379.0,10.1554,1.8,103.96,37.32,32,8.9136,2,0,0,1,ผ่าน,False,
Apr26,มิ้น,2026-04-12,[08.04.26][มิ้น] ยังคงชอบประโยคที่ว่า (Kiwtum),IMG,Kiwtum,Meta,1318,1467,134.02,0,0.0,0.0,1.8,91.36,0.0,102,6.953,4,0,0,1,ไม่มียอดขาย,False,
Apr26,มิ้น,2026-04-13,[11.02.25][มิ้น] สัมภาษณ์คุณปั๊ม คิ้วต่ำ (Kiwtum),IMG,Kiwtum,Meta,1661,2027,152.98,2,1068.0,6.9813,1.8,75.47,76.49,107,5.2787,5,0,0,1,ผ่าน,False,
Apr26,มิ้น,2026-04-13,[05.03.26][มิ้น] เพราะพรุ่งนี้ที่รออาจจะมาไม่ถึง (Kiwtum),IMG,Kiwtum,Meta,498,618,68.12,2,968.0,14.2102,1.8,110.23,34.06,76,12.2977,2,0,0,1,ผ่าน,False,
Apr26,มิ้น,2026-04-13,[08.04.26][มิ้น] ยังคงชอบประโยคที่ว่า (Kiwtum),IMG,Kiwtum,Meta,858,1030,85.22,0,0.0,0.0,1.8,82.74,0.0,83,8.0583,3,0,0,1,ไม่มียอดขาย,False,
Apr26,มิ้น,2026-04-14,[11.02.25][มิ้น] สัมภาษณ์คุณปั๊ม คิ้วต่ำ (Kiwtum),IMG,Kiwtum,Meta,2436,2838,162.25,2,409.0,2.5208,1.8,57.17,81.12,138,4.8626,6,0,0,1,ผ่าน,False,
Apr26,มิ้น,2026-04-14,[05.03.26][มิ้น] เพราะพรุ่งนี้ที่รออาจจะมาไม่ถึง (Kiwtum),IMG,Kiwtum,Meta,323,380,49.21,1,658.0,13.3713,1.8,129.5,49.21,39,10.2632,3,0,0,1,ผ่าน,False,
Apr26,มิ้น,2026-04-14,[08.04.26][มิ้น] ยังคงชอบประโยคที่ว่า (Kiwtum),IMG,Kiwtum,Meta,1626,1890,111.77,1,0.0,0.0,1.8,59.14,111.77,139,7.3545,5,0,0,1,ไม่ผ่าน,False,
Apr26,มิ้น,2026-04-15,[11.02.25][มิ้น] สัมภาษณ์คุณปั๊ม คิ้วต่ำ (Kiwtum),IMG,Kiwtum,Meta,2540,2852,163.83,2,759.0,4.6329,1.8,57.44,81.92,137,4.8036,3,0,0,1,ผ่าน,False,
Apr26,มิ้น,2026-04-15,[05.03.26][มิ้น] เพราะพรุ่งนี้ที่รออาจจะมาไม่ถึง (Kiwtum),IMG,Kiwtum,Meta,459,546,44.94,1,379.0,8.4335,1.8,82.31,44.94,64,11.7216,1,0,0,1,ผ่าน,False,
Apr26,มิ้น,2026-04-15,[08.04.26][มิ้น] ยังคงชอบประโยคที่ว่า (Kiwtum),IMG,Kiwtum,Meta,1737,2112,107.62,0,0.0,0.0,1.8,50.96,0.0,151,7.1496,3,0,0,1,ไม่มียอดขาย,False,
Apr26,มิ้น,2026-04-16,[11.02.25][มิ้น] สัมภาษณ์คุณปั๊ม คิ้วต่ำ (Kiwtum),IMG,Kiwtum,Meta,1231,1425,154.36,1,759.0,4.9171,1.8,108.32,154.36,99,6.9474,2,0,0,1,ผ่าน,False,
Apr26,มิ้น,2026-04-16,[05.03.26][มิ้น] เพราะพรุ่งนี้ที่รออาจจะมาไม่ถึง (Kiwtum),IMG,Kiwtum,Meta,456,588,78.56,1,409.0,5.2062,1.8,133.61,78.56,56,9.5238,3,0,0,1,ผ่าน,False,
Apr26,มิ้น,2026-04-16,[08.04.26][มิ้น] ยังคงชอบประโยคที่ว่า (Kiwtum),IMG,Kiwtum,Meta,471,549,48.1,0,0.0,0.0,1.8,87.61,0.0,40,7.286,0,0,0,1,ไม่มียอดขาย,False,
Apr26,มิ้น,2026-04-16,[05.03.26][มิ้น] เพราะพรุ่งนี้ที่รออาจจะมาไม่ถึง (Kiwtum),IMG,Kiwtum,Meta,1938,2325,132.42,0,0.0,0.0,1.8,56.95,0.0,140,6.0215,6,0,0,1,ไม่มียอดขาย,False,
Apr26,มิ้น,2026-04-17,[11.02.25][มิ้น] สัมภาษณ์คุณปั๊ม คิ้วต่ำ (Kiwtum),IMG,Kiwtum,Meta,1394,1634,158.08,2,868.0,5.4909,1.8,96.74,79.04,122,7.4663,7,0,0,1,ผ่าน,False,
Apr26,มิ้น,2026-04-17,[05.03.26][มิ้น] เพราะพรุ่งนี้ที่รออาจจะมาไม่ถึง (Kiwtum),IMG,Kiwtum,Meta,1253,1545,159.93,3,878.0,5.4899,1.8,103.51,53.31,126,8.1553,3,0,0,1,ผ่าน,False,
Apr26,มิ้น,2026-04-17,[05.03.26][มิ้น] เพราะพรุ่งนี้ที่รออาจจะมาไม่ถึง (Kiwtum),IMG,Kiwtum,Meta,1041,1318,127.09,0,0.0,0.0,1.8,96.43,0.0,111,8.4219,4,0,0,1,ไม่มียอดขาย,False,
Apr26,มิ้น,2026-04-18,[11.02.25][มิ้น] สัมภาษณ์คุณปั๊ม คิ้วต่ำ (Kiwtum),IMG,Kiwtum,Meta,1083,1265,155.42,1,659.0,4.2401,1.8,122.86,155.42,70,5.5336,5,0,0,1,ผ่าน,False,
Apr26,มิ้น,2026-04-18,[05.03.26][มิ้น] เพราะพรุ่งนี้ที่รออาจจะมาไม่ถึง (Kiwtum),IMG,Kiwtum,Meta,798,927,117.51,2,788.0,6.7058,1.8,126.76,58.76,97,10.4639,0,0,0,1,ผ่าน,False,
Apr26,มิ้น,2026-04-18,[05.03.26][มิ้น] เพราะพรุ่งนี้ที่รออาจจะมาไม่ถึง (Kiwtum),IMG,Kiwtum,Meta,552,710,80.78,0,0.0,0.0,1.8,113.77,0.0,58,8.169,3,0,0,1,ไม่มียอดขาย,False,
Apr26,หมิว,2026-04-01,[27.03.26][หมิว] BookFair : ฮีลใจออนไลน์ ได้ราคาเท่าหน้างาน (Promotion),IMG,Promotion,Meta,706,1129,84.14,0,0.0,0.0,1.8,74.53,0.0,55,4.8716,0,0,0,1,ไม่มียอดขาย,False,
Apr26,มิ้น,2026-04-01,[27.03.26][มิ้น] BookFair : พาชมบรรยากาศงานหนังสือครั้งที่ 54 (Promotion),IMG,Promotion,Meta,278,340,26.31,0,0.0,0.0,1.8,77.38,0.0,12,3.5294,0,0,0,1,ไม่มียอดขาย,False,
Apr26,หมิว,2026-04-01,[27.03.26][หมิว] BookFair : ฮีลใจออนไลน์ ได้ราคาเท่าหน้างาน (Promotion),IMG,Promotion,Meta,723,945,48.24,0,0.0,0.0,1.8,51.05,0.0,35,3.7037,0,0,0,1,ไม่มียอดขาย,False,
Apr26,หมิว,2026-04-02,[27.03.26][หมิว] BookFair : ฮีลใจออนไลน์ ได้ราคาเท่าหน้างาน (Promotion),IMG,Promotion,Meta,763,1164,100.95,0,0.0,0.0,1.8,86.73,0.0,52,4.4674,0,0,0,1,ไม่มียอดขาย,False,
Apr26,มิ้น,2026-04-02,[27.03.26][มิ้น] BookFair : พาชมบรรยากาศงานหนังสือครั้งที่ 54 (Promotion),IMG,Promotion,Meta,190,217,20.57,0,0.0,0.0,1.8,94.79,0.0,14,6.4516,1,0,0,1,ไม่มียอดขาย,False,
Apr26,หมิว,2026-04-02,[27.03.26][หมิว] BookFair : ฮีลใจออนไลน์ ได้ราคาเท่าหน้างาน (Promotion),IMG,Promotion,Meta,1166,1545,83.58,0,0.0,0.0,1.8,54.1,0.0,68,4.4013,0,0,0,1,ไม่มียอดขาย,False,
Apr26,หมิว,2026-04-03,[27.03.26][หมิว] BookFair : ฮีลใจออนไลน์ ได้ราคาเท่าหน้างาน (Promotion),IMG,Promotion,Meta,1043,1501,117.23,0,0.0,0.0,1.8,78.1,0.0,67,4.4637,0,0,0,1,ไม่มียอดขาย,False,
Apr26,มิ้น,2026-04-03,[27.03.26][มิ้น] BookFair : พาชมบรรยากาศงานหนังสือครั้งที่ 54 (Promotion),IMG,Promotion,Meta,921,1225,92.08,0,0.0,0.0,1.8,75.17,0.0,57,4.6531,0,0,0,1,ไม่มียอดขาย,False,
Apr26,หมิว,2026-04-03,[27.03.26][หมิว] BookFair : ฮีลใจออนไลน์ ได้ราคาเท่าหน้างาน (Promotion),IMG,Promotion,Meta,194,211,12.38,0,0.0,0.0,1.8,58.67,0.0,3,1.4218,0,0,0,1,ไม่มียอดขาย,False,
Apr26,หมิว,2026-04-04,[27.03.26][หมิว] BookFair : ฮีลใจออนไลน์ ได้ราคาเท่าหน้างาน (Promotion),IMG,Promotion,Meta,521,668,56.76,0,0.0,0.0,1.8,84.97,0.0,20,2.994,1,0,0,1,ไม่มียอดขาย,False,
Apr26,มิ้น,2026-04-04,[27.03.26][มิ้น] BookFair : พาชมบรรยากาศงานหนังสือครั้งที่ 54 (Promotion),IMG,Promotion,Meta,575,700,54.12,0,0.0,0.0,1.8,77.31,0.0,28,4.0,0,0,0,1,ไม่มียอดขาย,False,
Apr26,หมิว,2026-04-05,[27.03.26][หมิว] BookFair : ฮีลใจออนไลน์ ได้ราคาเท่าหน้างาน (Promotion),IMG,Promotion,Meta,0,0,0.0,0,0.0,0.0,1.8,0.0,0.0,0,0.0,0,0,0,1,ไม่มียอดขาย,False,
Apr26,มิ้น,2026-04-09,[27.03.26][มิ้น] BookFair : พาชมบรรยากาศงานหนังสือครั้งที่ 54 (Promotion),IMG,Promotion,Meta,0,0,0.0,0,0.0,0.0,1.8,0.0,0.0,0,0.0,0,0,0,1,ไม่มียอดขาย,False,
Apr26,หมิว,2026-04-11,[11.04.26][หมิว] สงกรานต์โจ๊ะโจ๊ะ! โละราคาเดียว (Promotion),IMG,Promotion,Meta,1164,1638,73.79,0,0.0,0.0,1.8,45.05,0.0,41,2.5031,2,0,0,1,ไม่มียอดขาย,False,
Apr26,มิ้น,2026-04-11,[11.04.26]มิ้น] สงกรานต์โจ๊ะโจ๊ะ! โละราคาเดียว (Promotion),IMG,Promotion,Meta,151,176,14.24,0,0.0,0.0,1.8,80.91,0.0,4,2.2727,1,0,0,1,ไม่มียอดขาย,False,
Apr26,หมิว,2026-04-12,[11.04.26][หมิว] สงกรานต์โจ๊ะโจ๊ะ! โละราคาเดียว (Promotion),IMG,Promotion,Meta,2586,4248,225.25,3,1909.0,8.475,1.8,53.02,75.08,105,2.4718,13,0,0,1,ผ่าน,False,
Apr26,หมิว,2026-04-13,[11.04.26][หมิว] สงกรานต์โจ๊ะโจ๊ะ! โละราคาเดียว (Promotion),IMG,Promotion,Meta,3825,6034,259.05,4,2400.0,9.2646,1.8,42.93,64.76,128,2.1213,10,0,0,1,ผ่าน,False,
Apr26,มิ้น,2026-04-13,[11.04.26]มิ้น] สงกรานต์โจ๊ะโจ๊ะ! โละราคาเดียว (Promotion),IMG,Promotion,Meta,2,2,0.53,0,0.0,0.0,1.8,265.0,0.0,0,0.0,0,0,0,1,ไม่มียอดขาย,False,
Apr26,หมิว,2026-04-13,[11.04.26][หมิว] สงกรานต์โจ๊ะโจ๊ะ! โละราคาเดียว (Promotion),IMG,Promotion,Meta,2398,2570,105.2,0,0.0,0.0,1.8,40.93,0.0,14,0.5447,1,0,0,1,ไม่มียอดขาย,False,
Apr26,มิ้น,2026-04-13,[11.04.26]มิ้น] สงกรานต์โจ๊ะโจ๊ะ! โละราคาเดียว (Promotion),IMG,Promotion,Meta,12,12,1.63,0,0.0,0.0,1.8,135.83,0.0,0,0.0,0,0,0,1,ไม่มียอดขาย,False,
Apr26,หมิว,2026-04-14,[11.04.26][หมิว] สงกรานต์โจ๊ะโจ๊ะ! โละราคาเดียว (Promotion),IMG,Promotion,Meta,3171,4636,204.02,0,0.0,0.0,1.8,44.01,0.0,86,1.855,4,0,0,1,ไม่มียอดขาย,False,
Apr26,มิ้น,2026-04-14,[11.04.26]มิ้น] สงกรานต์โจ๊ะโจ๊ะ! โละราคาเดียว (Promotion),IMG,Promotion,Meta,1,1,0.07,0,0.0,0.0,1.8,70.0,0.0,0,0.0,0,0,0,1,ไม่มียอดขาย,False,
Apr26,หมิว,2026-04-14,[11.04.26][หมิว] สงกรานต์โจ๊ะโจ๊ะ! โละราคาเดียว (Promotion),IMG,Promotion,Meta,4913,7002,283.64,3,1550.0,5.4647,1.8,40.51,94.55,100,1.4282,7,0,0,1,ผ่าน,False,
Apr26,มิ้น,2026-04-14,[11.04.26]มิ้น] สงกรานต์โจ๊ะโจ๊ะ! โละราคาเดียว (Promotion),IMG,Promotion,Meta,162,203,14.76,0,0.0,0.0,1.8,72.71,0.0,3,1.4778,0,0,0,1,ไม่มียอดขาย,False,
Apr26,หมิว,2026-04-15,[11.04.26][หมิว] สงกรานต์โจ๊ะโจ๊ะ! โละราคาเดียว (Promotion),IMG,Promotion,Meta,2679,3800,185.45,0,0.0,0.0,1.8,48.8,0.0,72,1.8947,4,0,0,1,ไม่มียอดขาย,False,
Apr26,หมิว,2026-04-15,[11.04.26][หมิว] สงกรานต์โจ๊ะโจ๊ะ! โละราคาเดียว (Promotion),IMG,Promotion,Meta,2992,4106,168.9,1,350.0,2.0722,1.8,41.13,168.9,60,1.4613,3,0,0,1,ผ่าน,False,
Apr26,มิ้น,2026-04-15,[11.04.26]มิ้น] สงกรานต์โจ๊ะโจ๊ะ! โละราคาเดียว (Promotion),IMG,Promotion,Meta,16,18,1.07,0,0.0,0.0,1.8,59.44,0.0,0,0.0,0,0,0,1,ไม่มียอดขาย,False,
Apr26,หมิว,2026-04-16,[11.04.26][หมิว] สงกรานต์โจ๊ะโจ๊ะ! โละราคาเดียว (Promotion),IMG,Promotion,Meta,3514,4752,176.91,2,1600.0,9.0441,1.8,37.23,88.45,59,1.2416,5,0,0,1,ผ่าน,False,
Apr26,มิ้น,2026-04-16,[11.04.26]มิ้น] สงกรานต์โจ๊ะโจ๊ะ! โละราคาเดียว (Promotion),IMG,Promotion,Meta,41,45,2.13,0,0.0,0.0,1.8,47.33,0.0,0,0.0,0,0,0,1,ไม่มียอดขาย,False,
Apr26,หมิว,2026-04-16,[11.04.26][หมิว] สงกรานต์โจ๊ะโจ๊ะ! โละราคาเดียว (Promotion),IMG,Promotion,Meta,3308,4607,152.79,1,600.0,3.927,1.8,33.16,152.79,66,1.4326,8,0,0,1,ผ่าน,False,
Apr26,หมิว,2026-04-16,[11.04.26][หมิว] สงกรานต์โจ๊ะโจ๊ะ! โละราคาเดียว (Promotion),IMG,Promotion,Meta,2457,2681,119.47,0,0.0,0.0,1.8,44.56,0.0,21,0.7833,2,0,0,1,ไม่มียอดขาย,False,
Apr26,มิ้น,2026-04-16,[11.04.26]มิ้น] สงกรานต์โจ๊ะโจ๊ะ! โละราคาเดียว (Promotion),IMG,Promotion,Meta,11,11,0.66,0,0.0,0.0,1.8,60.0,0.0,0,0.0,0,0,0,1,ไม่มียอดขาย,False,
Apr26,หมิว,2026-04-17,[11.04.26][หมิว] สงกรานต์โจ๊ะโจ๊ะ! โละราคาเดียว (Promotion),IMG,Promotion,Meta,2337,2872,150.55,0,0.0,0.0,1.8,52.42,0.0,56,1.9499,1,0,0,1,ไม่มียอดขาย,False,
Apr26,หมิว,2026-04-17,[11.04.26][หมิว] สงกรานต์โจ๊ะโจ๊ะ! โละราคาเดียว (Promotion),IMG,Promotion,Meta,3625,4749,176.08,0,0.0,0.0,1.8,37.08,0.0,87,1.832,5,0,0,1,ไม่มียอดขาย,False,
Apr26,หมิว,2026-04-17,[11.04.26][หมิว] สงกรานต์โจ๊ะโจ๊ะ! โละราคาเดียว (Promotion),IMG,Promotion,Meta,2959,3439,146.39,0,0.0,0.0,1.8,42.57,0.0,30,0.8723,0,0,0,1,ไม่มียอดขาย,False,
Apr26,มิ้น,2026-04-17,[11.04.26]มิ้น] สงกรานต์โจ๊ะโจ๊ะ! โละราคาเดียว (Promotion),IMG,Promotion,Meta,122,133,8.01,0,0.0,0.0,1.8,60.23,0.0,2,1.5038,0,0,0,1,ไม่มียอดขาย,False,
Apr26,หมิว,2026-04-18,[11.04.26][หมิว] สงกรานต์โจ๊ะโจ๊ะ! โละราคาเดียว (Promotion),IMG,Promotion,Meta,1664,2076,117.04,0,0.0,0.0,1.8,56.38,0.0,49,2.3603,3,0,0,1,ไม่มียอดขาย,False,
Apr26,หมิว,2026-04-18,[11.04.26][หมิว] สงกรานต์โจ๊ะโจ๊ะ! โละราคาเดียว (Promotion),IMG,Promotion,Meta,1307,1538,60.09,0,0.0,0.0,1.8,39.07,0.0,18,1.1704,2,0,0,1,ไม่มียอดขาย,False,
Apr26,หมิว,2026-04-18,[11.04.26][หมิว] สงกรานต์โจ๊ะโจ๊ะ! โละราคาเดียว (Promotion),IMG,Promotion,Meta,1675,2020,97.35,0,0.0,0.0,1.8,48.19,0.0,20,0.9901,1,0,0,1,ไม่มียอดขาย,False,
Apr26,หมิว,2026-04-02,[05.03.26][หมิว] Top 10 February (Engage),IMG,Unknown,Meta,0,0,0.0,0,0.0,0.0,1.8,0.0,0.0,0,0.0,0,0,0,1,ไม่มียอดขาย,False,
Apr26,หมิว,2026-04-05,[04.04.26][หมิว] Top 10 มีนาคม 2026 (Engage),IMG,Unknown,Meta,664,800,48.88,0,0.0,0.0,1.8,61.1,0.0,9,1.125,0,0,0,1,ไม่มียอดขาย,False,
Apr26,หมิว,2026-04-06,[04.04.26][หมิว] Top 10 มีนาคม 2026 (Engage),IMG,Unknown,Meta,987,1094,55.14,0,0.0,0.0,1.8,50.4,0.0,18,1.6453,0,0,0,1,ไม่มียอดขาย,False,
Apr26,หมิว,2026-04-07,[04.04.26][หมิว] Top 10 มีนาคม 2026 (Engage),IMG,Unknown,Meta,1049,1130,49.9,0,0.0,0.0,1.8,44.16,0.0,15,1.3274,0,0,0,1,ไม่มียอดขาย,False,
Apr26,หมิว,2026-04-08,[04.04.26][หมิว] Top 10 มีนาคม 2026 (Engage),IMG,Unknown,Meta,1187,1259,48.72,0,0.0,0.0,1.8,38.7,0.0,13,1.0326,0,0,0,1,ไม่มียอดขาย,False,
Apr26,หมิว,2026-04-09,[04.04.26][หมิว] Top 10 มีนาคม 2026 (Engage),IMG,Unknown,Meta,906,950,47.27,0,0.0,0.0,1.8,49.76,0.0,6,0.6316,0,0,0,1,ไม่มียอดขาย,False,
Apr26,หมิว,2026-04-10,[04.04.26][หมิว] Top 10 มีนาคม 2026 (Engage),IMG,Unknown,Meta,953,978,48.97,0,0.0,0.0,1.8,50.07,0.0,9,0.9202,0,0,0,1,ไม่มียอดขาย,False,
Apr26,หมิว,2026-04-11,[04.04.26][หมิว] Top 10 มีนาคม 2026 (Engage),IMG,Unknown,Meta,1014,1094,50.19,0,0.0,0.0,1.8,45.88,0.0,10,0.9141,0,0,0,1,ไม่มียอดขาย,False,
Apr26,หมิว,2026-04-12,[04.04.26][หมิว] Top 10 มีนาคม 2026 (Engage),IMG,Unknown,Meta,977,1037,55.29,0,0.0,0.0,1.8,53.32,0.0,11,1.0608,0,0,0,1,ไม่มียอดขาย,False,
Apr26,หมิว,2026-04-13,[04.04.26][หมิว] Top 10 มีนาคม 2026 (Engage),IMG,Unknown,Meta,1134,1193,51.89,0,0.0,0.0,1.8,43.5,0.0,12,1.0059,0,0,0,1,ไม่มียอดขาย,False,
Apr26,หมิว,2026-04-14,[04.04.26][หมิว] Top 10 มีนาคม 2026 (Engage),IMG,Unknown,Meta,1171,1255,51.02,0,0.0,0.0,1.8,40.65,0.0,6,0.4781,0,0,0,1,ไม่มียอดขาย,False,
Apr26,หมิว,2026-04-15,[04.04.26][หมิว] Top 10 มีนาคม 2026 (Engage),IMG,Unknown,Meta,900,932,49.34,0,0.0,0.0,1.8,52.94,0.0,11,1.1803,0,0,0,1,ไม่มียอดขาย,False,
Apr26,หมิว,2026-04-16,[04.04.26][หมิว] Top 10 มีนาคม 2026 (Engage),IMG,Unknown,Meta,929,963,47.76,0,0.0,0.0,1.8,49.6,0.0,6,0.6231,0,0,0,1,ไม่มียอดขาย,False,
Apr26,หมิว,2026-04-17,[04.04.26][หมิว] Top 10 มีนาคม 2026 (Engage),IMG,Unknown,Meta,577,600,27.17,0,0.0,0.0,1.8,45.28,0.0,4,0.6667,0,0,0,1,ไม่มียอดขาย,False,
Apr26,หมิว,2026-04-17,[17.04.26][หมิว] 5 หนังสือน่าอ่าน (Engage),IMG,Unknown,Meta,206,222,14.02,0,0.0,0.0,1.8,63.15,0.0,5,2.2523,0,0,0,1,ไม่มียอดขาย,False,
Apr26,หมิว,2026-04-18,[17.04.26][หมิว] 5 หนังสือน่าอ่าน (Engage),IMG,Unknown,Meta,411,462,27.81,0,0.0,0.0,1.8,60.19,0.0,2,0.4329,0,0,0,1,ไม่มียอดขาย,False,
